,ncm_ind,ncm_cordi,pore,pore_ind
0,0,"[[[171, 1175]], [[170, 1176]], [[170, 1177]], [[170, 1178]], [[170, 1179]], [[171, 1180]], [[171, 1181]], [[171, 1182]], [[172, 1183]], [[172, 1184]], [[172, 1185]], [[172, 1186]], [[172, 1187]], [[172, 1188]], [[173, 1189]], [[173, 1190]], [[174, 1191]], [[175, 1192]], [[176, 1191]], [[177, 1190]], [[178, 1189]], [[179, 1189]], [[179, 1188]], [[180, 1187]], [[180, 1186]], [[180, 1185]], [[180, 1184]], [[180, 1183]], [[180, 1182]], [[180, 1181]], [[179, 1180]], [[179, 1179]], [[178, 1178]], [[177, 1177]], [[177, 1176]], [[176, 1176]], [[175, 1176]], [[174, 1175]], [[173, 1175]], [[172, 1175]]]","[[], [[[163, 1190], [163, 1191], [163, 1192], [163, 1193], [163, 1194], [163, 1195], [164, 1196], [165, 1197], [166, 1198], [167, 1199], [168, 1198], [169, 1197], [170, 1197], [171, 1198], [171, 1199], [172, 1198], [173, 1198], [174, 1198], [175, 1198], [175, 1197], [174, 1197], [173, 1197], [172, 1197], [171, 1197], [170, 1197], [169, 1197], [168, 1198], [167, 1198], [166, 1197], [166, 1196], [166, 1195], [166, 1194], [166, 1193], [166, 1192], [165, 1191], [164, 1190]]]]","[[], 0]"
1,1,"[[[443, 1170]], [[442, 1171]], [[441, 1171]], [[440, 1172]], [[439, 1173]], [[438, 1174]], [[437, 1174]], [[436, 1174]], [[435, 1174]], [[434, 1174]], [[434, 1175]], [[433, 1176]], [[432, 1176]], [[431, 1177]], [[430, 1177]], [[430, 1178]], [[429, 1179]], [[428, 1179]], [[427, 1180]], [[428, 1181]], [[429, 1181]], [[430, 1182]], [[431, 1183]], [[431, 1184]], [[431, 1185]], [[432, 1186]], [[432, 1187]], [[432, 1188]], [[433, 1189]], [[433, 1190]], [[434, 1191]], [[434, 1192]], [[435, 1193]], [[436, 1194]], [[436, 1195]], [[437, 1195]], [[438, 1195]], [[439, 1195]], [[440, 1194]], [[441, 1194]], [[442, 1194]], [[443, 1193]], [[444, 1192]], [[445, 1191]], [[446, 1190]], [[447, 1189]], [[448, 1188]], [[448, 1187]], [[448, 1186]], [[449, 1185]], [[450, 1184]], [[451, 1184]], [[452, 1185]], [[452, 1186]], [[451, 1187]], [[451, 1188]], [[452, 1189]], [[452, 1190]], [[452, 1191]], [[452, 1192]], [[452, 1193]], [[453, 1193]], [[454, 1194]], [[455, 1195]], [[456, 1196]], [[457, 1197]], [[458, 1197]], [[459, 1197]], [[460, 1197]], [[461, 1197]], [[461, 1196]], [[462, 1195]], [[462, 1194]], [[462, 1193]], [[462, 1192]], [[462, 1191]], [[462, 1190]], [[462, 1189]], [[462, 1188]], [[463, 1187]], [[464, 1186]], [[465, 1186]], [[465, 1185]], [[465, 1184]], [[464, 1183]], [[464, 1182]], [[463, 1181]], [[463, 1180]], [[463, 1179]], [[462, 1178]], [[462, 1177]], [[461, 1176]], [[460, 1176]], [[459, 1175]], [[458, 1175]], [[457, 1175]], [[456, 1175]], [[455, 1174]], [[454, 1174]], [[454, 1175]], [[454, 1176]], [[454, 1177]], [[453, 1178]], [[452, 1177]], [[452, 1176]], [[452, 1175]], [[452, 1174]], [[451, 1173]], [[450, 1172]], [[449, 1171]], [[448, 1170]], [[447, 1170]], [[446, 1170]], [[445, 1170]], [[444, 1170]]]","[[], [[[476, 1177], [475, 1178], [474, 1179], [473, 1179], [472, 1179], [472, 1180], [471, 1181], [471, 1182], [470, 1183], [469, 1183], [468, 1184], [467, 1184], [466, 1185], [467, 1186], [468, 1187], [469, 1187], [470, 1187], [471, 1187], [472, 1187], [473, 1187], [474, 1187], [475, 1187], [476, 1187], [476, 1186], [476, 1185], [476, 1184], [476, 1183], [475, 1182], [475, 1181], [476, 1180], [477, 1180], [478, 1181], [479, 1181], [480, 1181], [480, 1180], [479, 1180], [478, 1179], [478, 1178], [477, 1177]]]]","[[], 1]"
2,2,"[[[245, 1164]], [[244, 1165]], [[243, 1165]], [[242, 1166]], [[241, 1166]], [[240, 1166]], [[239, 1166]], [[238, 1167]], [[237, 1167]], [[236, 1168]], [[235, 1169]], [[234, 1169]], [[233, 1170]], [[232, 1170]], [[231, 1170]], [[231, 1171]], [[231, 1172]], [[232, 1173]], [[233, 1173]], [[234, 1173]], [[235, 1174]], [[236, 1175]], [[237, 1176]], [[238, 1176]], [[239, 1177]], [[240, 1178]], [[241, 1178]], [[242, 1178]], [[243, 1178]], [[244, 1178]], [[245, 1178]], [[246, 1178]], [[247, 1179]], [[248, 1179]], [[249, 1178]], [[250, 1178]], [[251, 1178]], [[252, 1178]], [[253, 1177]], [[253, 1176]], [[253, 1175]], [[253, 1174]], [[253, 1173]], [[252, 1172]], [[252, 1171]], [[251, 1170]], [[251, 1169]], [[251, 1168]], [[250, 1167]], [[249, 1166]], [[248, 1165]], [[247, 1165]], [[246, 1164]]]","[[[[245, 1162], [244, 1163], [245, 1163], [246, 1163], [247, 1164], [248, 1164], [249, 1165], [250, 1166], [251, 1167], [252, 1168], [252, 1169], [252, 1170], [253, 1171], [253, 1172], [254, 1172], [255, 1171], [255, 1170], [255, 1169], [254, 1168], [253, 1167], [253, 1166], [252, 1165], [251, 1164], [251, 1163], [250, 1163], [249, 1163], [248, 1163], [247, 1162], [246, 1162]]], [[[231, 1161], [230, 1162], [229, 1163], [229, 1164], [230, 1165], [231, 1164], [232, 1165], [232, 1166], [232, 1167], [232, 1168], [232, 1169], [233, 1169], [234, 1168], [235, 1168], [236, 1167], [237, 1166], [238, 1166], [239, 1165], [240, 1165], [241, 1165], [240, 1164], [239, 1165], [238, 1165], [237, 1165], [236, 1164], [236, 1163], [235, 1164], [235, 1165], [234, 1166], [233, 1166], [232, 1165], [232, 1164], [232, 1163], [232, 1162]]]]","[2, 3]"
3,3,"[[[662, 1163]], [[661, 1164]], [[660, 1164]], [[659, 1165]], [[658, 1166]], [[658, 1167]], [[657, 1168]], [[657, 1169]], [[656, 1170]], [[656, 1171]], [[656, 1172]], [[655, 1173]], [[655, 1174]], [[656, 1175]], [[656, 1176]], [[656, 1177]], [[656, 1178]], [[657, 1179]], [[657, 1180]], [[658, 1181]], [[658, 1182]], [[657, 1183]], [[657, 1184]], [[658, 1184]], [[659, 1185]], [[660, 1186]], [[661, 1186]], [[662, 1187]], [[662, 1188]], [[662, 1189]], [[662, 1190]], [[662, 1191]], [[663, 1192]], [[663, 1193]], [[664, 1194]], [[665, 1194]], [[666, 1194]], [[667, 1194]], [[668, 1194]], [[669, 1193]], [[670, 1193]], [[671, 1192]], [[672, 1191]], [[673, 1191]], [[674, 1190]], [[675, 1189]], [[676, 1188]], [[677, 1187]], [[678, 1186]], [[679, 1186]], [[680, 1185]], [[681, 1185]], [[682, 1185]], [[683, 1185]], [[684, 1185]], [[685, 1185]], [[686, 1184]], [[687, 1184]], [[688, 1184]], [[689, 1184]], [[690, 1183]], [[691, 1182]], [[691, 1181]], [[692, 1180]], [[692, 1179]], [[692, 1178]], [[692, 1177]], [[692, 1176]], [[693, 1175]], [[693, 1174]], [[693, 1173]], [[693, 1172]], [[694, 1171]], [[693, 1170]], [[693, 1169]], [[692, 1168]], [[692, 1167]], [[691, 1166]], [[690, 1165]], [[689, 1164]], [[688, 1164]], [[687, 1164]], [[686, 1164]], [[685, 1163]], [[684, 1163]], [[683, 1163]], [[682, 1163]], [[681, 1163]], [[680, 1163]], [[679, 1163]], [[678, 1163]], [[677, 1163]], [[676, 1163]], [[675, 1163]], [[674, 1163]], [[673, 1163]], [[672, 1163]], [[671, 1163]], [[670, 1163]], [[669, 1163]], [[668, 1163]], [[667, 1163]], [[666, 1163]], [[665, 1163]], [[664, 1163]], [[663, 1163]]]","[[[[653, 1171], [652, 1172], [652, 1173], [651, 1174], [650, 1175], [649, 1175], [650, 1176], [651, 1177], [651, 1178], [652, 1178], [653, 1177], [654, 1176], [655, 1177], [655, 1178], [656, 1179], [655, 1180], [654, 1181], [653, 1181], [652, 1181], [651, 1181], [651, 1182], [652, 1183], [652, 1184], [653, 1184], [654, 1184], [655, 1184], [656, 1185], [656, 1184], [656, 1183], [657, 1182], [657, 1181], [656, 1180], [656, 1179], [655, 1178], [655, 1177], [655, 1176], [655, 1175], [654, 1174], [654, 1173], [655, 1172], [655, 1171], [654, 1171]]], []]","[4, []]"
4,4,"[[[718, 1122]], [[717, 1123]], [[716, 1124]], [[715, 1124]], [[714, 1124]], [[713, 1125]], [[712, 1126]], [[711, 1127]], [[710, 1127]], [[709, 1127]], [[708, 1127]], [[707, 1127]], [[706, 1127]], [[705, 1128]], [[704, 1128]], [[703, 1128]], [[702, 1128]], [[701, 1128]], [[700, 1128]], [[699, 1128]], [[698, 1128]], [[697, 1129]], [[696, 1129]], [[695, 1130]], [[694, 1130]], [[693, 1131]], [[692, 1132]], [[692, 1133]], [[692, 1134]], [[691, 1135]], [[690, 1135]], [[690, 1136]], [[689, 1137]], [[689, 1138]], [[689, 1139]], [[689, 1140]], [[689, 1141]], [[690, 1142]], [[690, 1143]], [[690, 1144]], [[690, 1145]], [[691, 1146]], [[691, 1147]], [[690, 1148]], [[690, 1149]], [[691, 1149]], [[692, 1150]], [[693, 1151]], [[693, 1152]], [[694, 1153]], [[695, 1154]], [[696, 1154]], [[697, 1154]], [[698, 1155]], [[699, 1155]], [[700, 1155]], [[701, 1155]], [[702, 1155]], [[703, 1155]], [[704, 1155]], [[705, 1154]], [[706, 1154]], [[707, 1154]], [[708, 1154]], [[709, 1154]], [[710, 1153]], [[711, 1153]], [[712, 1153]], [[713, 1153]], [[714, 1153]], [[715, 1153]], [[716, 1153]], [[717, 1154]], [[717, 1155]], [[718, 1156]], [[718, 1157]], [[719, 1158]], [[720, 1159]], [[720, 1160]], [[720, 1161]], [[721, 1162]], [[722, 1163]], [[721, 1164]], [[720, 1165]], [[720, 1166]], [[721, 1166]], [[722, 1167]], [[723, 1168]], [[723, 1169]], [[724, 1170]], [[725, 1170]], [[726, 1170]], [[727, 1171]], [[728, 1171]], [[729, 1171]], [[730, 1170]], [[731, 1170]], [[732, 1170]], [[733, 1169]], [[734, 1169]], [[735, 1169]], [[735, 1168]], [[736, 1167]], [[736, 1166]], [[737, 1165]], [[737, 1164]], [[737, 1163]], [[737, 1162]], [[737, 1161]], [[737, 1160]], [[738, 1159]], [[738, 1158]], [[738, 1157]], [[739, 1156]], [[740, 1155]], [[741, 1154]], [[741, 1153]], [[741, 1152]], [[741, 1151]], [[742, 1150]], [[742, 1149]], [[743, 1148]], [[743, 1147]], [[743, 1146]], [[743, 1145]], [[744, 1144]], [[743, 1143]], [[742, 1142]], [[742, 1141]], [[741, 1140]], [[741, 1139]], [[741, 1138]], [[742, 1137]], [[743, 1136]], [[744, 1135]], [[743, 1136]], [[742, 1136]], [[741, 1135]], [[741, 1134]], [[741, 1133]], [[742, 1132]], [[742, 1131]], [[742, 1130]], [[741, 1129]], [[740, 1129]], [[739, 1128]], [[738, 1128]], [[737, 1128]], [[736, 1128]], [[735, 1128]], [[734, 1128]], [[733, 1129]], [[732, 1129]], [[731, 1128]], [[730, 1128]], [[729, 1127]], [[728, 1127]], [[727, 1126]], [[726, 1125]], [[725, 1124]], [[724, 1124]], [[723, 1124]], [[722, 1123]], [[721, 1123]], [[720, 1123]], [[719, 1123]]]",[[]],[]
5,5,"[[[649, 1114]], [[648, 1115]], [[647, 1116]], [[646, 1117]], [[645, 1116]], [[644, 1116]], [[643, 1116]], [[642, 1116]], [[641, 1117]], [[640, 1117]], [[639, 1118]], [[639, 1119]], [[639, 1120]], [[638, 1121]], [[638, 1122]], [[638, 1123]], [[638, 1124]], [[638, 1125]], [[638, 1126]], [[638, 1127]], [[639, 1127]], [[640, 1128]], [[641, 1128]], [[642, 1129]], [[643, 1130]], [[644, 1130]], [[645, 1130]], [[646, 1130]], [[647, 1131]], [[648, 1130]], [[649, 1130]], [[650, 1130]], [[651, 1129]], [[651, 1128]], [[652, 1127]], [[652, 1126]], [[652, 1125]], [[652, 1124]], [[652, 1123]], [[653, 1122]], [[654, 1122]], [[655, 1123]], [[656, 1123]], [[657, 1123]], [[658, 1123]], [[659, 1123]], [[659, 1122]], [[658, 1122]], [[657, 1121]], [[656, 1121]], [[655, 1121]], [[654, 1121]], [[653, 1121]], [[652, 1120]], [[653, 1119]], [[653, 1118]], [[653, 1117]], [[653, 1116]], [[653, 1115]], [[652, 1114]], [[651, 1114]], [[650, 1114]]]",[[]],[]
6,6,"[[[366, 1110]], [[365, 1111]], [[365, 1112]], [[364, 1113]], [[363, 1114]], [[362, 1115]], [[362, 1116]], [[362, 1117]], [[361, 1118]], [[360, 1119]], [[359, 1120]], [[358, 1121]], [[357, 1122]], [[357, 1123]], [[356, 1124]], [[356, 1125]], [[355, 1126]], [[354, 1127]], [[354, 1128]], [[354, 1129]], [[355, 1130]], [[356, 1131]], [[357, 1132]], [[357, 1133]], [[358, 1134]], [[359, 1135]], [[360, 1136]], [[361, 1137]], [[361, 1138]], [[361, 1139]], [[362, 1140]], [[362, 1141]], [[362, 1142]], [[362, 1143]], [[363, 1143]], [[364, 1143]], [[365, 1143]], [[366, 1143]], [[367, 1142]], [[368, 1142]], [[369, 1142]], [[370, 1142]], [[370, 1141]], [[371, 1140]], [[372, 1139]], [[373, 1138]], [[374, 1137]], [[374, 1136]], [[374, 1135]], [[375, 1134]], [[374, 1133]], [[374, 1132]], [[374, 1131]], [[374, 1130]], [[373, 1129]], [[374, 1128]], [[373, 1127]], [[372, 1127]], [[371, 1127]], [[370, 1127]], [[369, 1128]], [[368, 1128]], [[367, 1127]], [[366, 1126]], [[367, 1125]], [[367, 1124]], [[368, 1123]], [[369, 1123]], [[370, 1122]], [[370, 1121]], [[370, 1120]], [[370, 1119]], [[370, 1118]], [[371, 1117]], [[371, 1116]], [[371, 1115]], [[371, 1114]], [[371, 1113]], [[371, 1112]], [[371, 1111]], [[371, 1110]], [[370, 1110]], [[369, 1110]], [[368, 1110]], [[367, 1110]]]","[[], [[[380, 1120], [380, 1121], [381, 1121], [382, 1121], [383, 1122], [384, 1123], [383, 1124], [382, 1125], [381, 1126], [381, 1127], [380, 1128], [379, 1127], [378, 1127], [377, 1127], [376, 1128], [375, 1129], [375, 1130], [376, 1131], [376, 1132], [376, 1133], [376, 1134], [375, 1135], [375, 1136], [375, 1137], [374, 1138], [373, 1139], [373, 1140], [373, 1141], [373, 1142], [374, 1142], [375, 1143], [375, 1142], [375, 1141], [375, 1140], [376, 1139], [377, 1138], [378, 1137], [378, 1136], [377, 1135], [377, 1134], [376, 1133], [376, 1132], [376, 1131], [377, 1130], [378, 1130], [379, 1131], [380, 1131], [381, 1131], [381, 1130], [382, 1129], [383, 1129], [384, 1129], [385, 1129], [385, 1128], [384, 1127], [384, 1126], [384, 1125], [384, 1124], [384, 1123], [384, 1122], [384, 1121], [383, 1122], [382, 1121], [381, 1120]]]]","[[], 5]"
7,7,"[[[318, 1100]], [[317, 1101]], [[316, 1101]], [[315, 1101]], [[314, 1101]], [[313, 1101]], [[312, 1101]], [[311, 1101]], [[310, 1102]], [[309, 1103]], [[308, 1103]], [[307, 1104]], [[306, 1104]], [[305, 1105]], [[304, 1105]], [[303, 1104]], [[302, 1103]], [[301, 1103]], [[300, 1103]], [[299, 1103]], [[298, 1103]], [[298, 1104]], [[298, 1105]], [[298, 1106]], [[297, 1107]], [[297, 1108]], [[297, 1109]], [[297, 1110]], [[298, 1111]], [[299, 1112]], [[299, 1113]], [[299, 1114]], [[300, 1115]], [[301, 1115]], [[302, 1115]], [[303, 1116]], [[303, 1117]], [[302, 1118]], [[303, 1118]], [[304, 1117]], [[305, 1118]], [[306, 1118]], [[307, 1119]], [[308, 1120]], [[308, 1121]], [[307, 1122]], [[307, 1123]], [[306, 1124]], [[305, 1125]], [[304, 1124]], [[304, 1123]], [[304, 1122]], [[304, 1123]], [[303, 1124]], [[303, 1125]], [[302, 1126]], [[302, 1127]], [[301, 1128]], [[300, 1129]], [[299, 1130]], [[298, 1131]], [[297, 1132]], [[296, 1133]], [[295, 1134]], [[295, 1135]], [[294, 1136]], [[294, 1137]], [[294, 1138]], [[294, 1139]], [[293, 1140]], [[293, 1141]], [[293, 1142]], [[293, 1143]], [[293, 1144]], [[294, 1145]], [[294, 1146]], [[294, 1147]], [[294, 1148]], [[295, 1149]], [[295, 1150]], [[296, 1150]], [[297, 1150]], [[298, 1150]], [[299, 1150]], [[300, 1150]], [[301, 1150]], [[302, 1150]], [[303, 1150]], [[304, 1151]], [[305, 1151]], [[306, 1151]], [[307, 1151]], [[308, 1150]], [[309, 1150]], [[310, 1150]], [[311, 1149]], [[312, 1149]], [[313, 1149]], [[314, 1149]], [[315, 1150]], [[316, 1150]], [[317, 1149]], [[318, 1148]], [[319, 1147]], [[320, 1147]], [[320, 1146]], [[320, 1145]], [[320, 1144]], [[320, 1143]], [[319, 1142]], [[318, 1142]], [[317, 1141]], [[316, 1140]], [[316, 1139]], [[315, 1138]], [[315, 1137]], [[315, 1136]], [[316, 1135]], [[317, 1134]], [[317, 1133]], [[318, 1132]], [[319, 1131]], [[320, 1130]], [[320, 1129]], [[321, 1128]], [[322, 1127]], [[323, 1126]], [[324, 1126]], [[325, 1126]], [[326, 1127]], [[327, 1127]], [[328, 1127]], [[329, 1127]], [[330, 1128]], [[331, 1128]], [[332, 1128]], [[333, 1128]], [[334, 1128]], [[335, 1127]], [[336, 1127]], [[337, 1127]], [[338, 1127]], [[339, 1127]], [[340, 1126]], [[341, 1126]], [[342, 1126]], [[343, 1125]], [[344, 1125]], [[345, 1125]], [[346, 1124]], [[347, 1123]], [[348, 1123]], [[349, 1122]], [[349, 1121]], [[350, 1120]], [[351, 1119]], [[352, 1118]], [[353, 1117]], [[353, 1116]], [[353, 1115]], [[353, 1114]], [[353, 1113]], [[353, 1112]], [[352, 1112]], [[351, 1112]], [[350, 1112]], [[349, 1112]], [[348, 1112]], [[347, 1111]], [[346, 1110]], [[346, 1109]], [[345, 1108]], [[344, 1107]], [[343, 1107]], [[342, 1106]], [[341, 1105]], [[340, 1105]], [[339, 1105]], [[338, 1105]], [[337, 1106]], [[336, 1106]], [[335, 1106]], [[334, 1105]], [[333, 1105]], [[332, 1105]], [[331, 1104]], [[330, 1103]], [[329, 1102]], [[328, 1102]], [[327, 1101]], [[326, 1101]], [[325, 1100]], [[324, 1100]], [[323, 1100]], [[322, 1100]], [[321, 1100]], [[320, 1100]], [[319, 1100]]]","[[], [[[321, 1145], [322, 1146], [322, 1147], [322, 1148], [323, 1149], [324, 1149], [325, 1149], [326, 1149], [327, 1148], [328, 1147], [329, 1147], [330, 1148], [330, 1149], [330, 1150], [331, 1150], [332, 1150], [333, 1150], [334, 1150], [335, 1150], [336, 1150], [337, 1151], [338, 1151], [339, 1152], [339, 1153], [339, 1154], [339, 1155], [340, 1155], [341, 1154], [341, 1153], [340, 1153], [339, 1152], [339, 1151], [339, 1150], [338, 1150], [337, 1150], [336, 1150], [335, 1149], [334, 1149], [333, 1149], [332, 1149], [331, 1148], [330, 1148], [329, 1147], [328, 1146], [327, 1146], [326, 1146], [325, 1145], [324, 1145], [323, 1145], [322, 1145]]]]","[[], 6]"
8,8,"[[[236, 1093]], [[235, 1094]], [[234, 1094]], [[233, 1094]], [[232, 1094]], [[231, 1095]], [[230, 1095]], [[231, 1096]], [[231, 1097]], [[231, 1098]], [[230, 1099]], [[229, 1100]], [[228, 1101]], [[227, 1101]], [[226, 1101]], [[225, 1100]], [[224, 1100]], [[223, 1100]], [[223, 1101]], [[223, 1102]], [[222, 1103]], [[221, 1104]], [[221, 1105]], [[220, 1106]], [[219, 1107]], [[219, 1108]], [[219, 1109]], [[219, 1110]], [[220, 1111]], [[220, 1112]], [[221, 1113]], [[222, 1114]], [[222, 1115]], [[222, 1116]], [[222, 1117]], [[222, 1118]], [[223, 1119]], [[224, 1120]], [[225, 1121]], [[226, 1120]], [[227, 1120]], [[228, 1119]], [[229, 1120]], [[230, 1121]], [[231, 1122]], [[231, 1123]], [[231, 1124]], [[231, 1125]], [[231, 1126]], [[232, 1127]], [[233, 1128]], [[234, 1129]], [[235, 1130]], [[236, 1130]], [[237, 1130]], [[238, 1131]], [[239, 1131]], [[240, 1131]], [[241, 1131]], [[241, 1130]], [[242, 1129]], [[243, 1128]], [[243, 1127]], [[244, 1126]], [[245, 1126]], [[246, 1125]], [[247, 1125]], [[248, 1125]], [[249, 1124]], [[250, 1124]], [[251, 1124]], [[252, 1124]], [[252, 1123]], [[253, 1122]], [[254, 1121]], [[255, 1121]], [[256, 1120]], [[256, 1119]], [[257, 1118]], [[257, 1117]], [[258, 1116]], [[258, 1115]], [[258, 1114]], [[259, 1113]], [[259, 1112]], [[259, 1111]], [[259, 1110]], [[260, 1109]], [[260, 1108]], [[260, 1107]], [[259, 1106]], [[258, 1105]], [[257, 1104]], [[256, 1103]], [[255, 1102]], [[254, 1101]], [[253, 1101]], [[252, 1100]], [[251, 1100]], [[250, 1099]], [[249, 1099]], [[248, 1098]], [[247, 1098]], [[246, 1097]], [[245, 1097]], [[244, 1097]], [[243, 1097]], [[242, 1096]], [[241, 1096]], [[240, 1095]], [[239, 1094]], [[238, 1093]], [[237, 1093]]]","[[], [[[217, 1099], [216, 1100], [215, 1100], [214, 1101], [213, 1101], [212, 1101], [212, 1102], [213, 1103], [214, 1104], [213, 1105], [212, 1105], [212, 1106], [212, 1107], [212, 1108], [212, 1109], [213, 1110], [214, 1109], [214, 1108], [214, 1107], [215, 1106], [215, 1105], [215, 1104], [215, 1103], [215, 1102], [216, 1101], [217, 1101], [218, 1101], [219, 1100], [219, 1099], [218, 1099]]], [[[238, 1083], [237, 1084], [238, 1085], [238, 1086], [239, 1087], [239, 1088], [239, 1089], [240, 1089], [241, 1089], [242, 1090], [241, 1091], [240, 1091], [239, 1091], [238, 1091], [238, 1092], [239, 1092], [240, 1093], [240, 1094], [241, 1095], [242, 1095], [243, 1096], [244, 1096], [245, 1096], [246, 1096], [247, 1097], [248, 1097], [249, 1098], [250, 1098], [251, 1099], [252, 1099], [253, 1100], [254, 1100], [255, 1101], [256, 1102], [257, 1103], [258, 1104], [259, 1105], [260, 1105], [261, 1105], [260, 1104], [259, 1104], [258, 1103], [258, 1102], [258, 1101], [258, 1100], [257, 1100], [256, 1100], [255, 1100], [254, 1100], [253, 1100], [252, 1099], [252, 1098], [251, 1097], [250, 1096], [250, 1095], [249, 1095], [248, 1095], [247, 1095], [246, 1095], [245, 1094], [244, 1094], [243, 1093], [242, 1092], [242, 1091], [242, 1090], [242, 1089], [242, 1088], [241, 1088], [240, 1087], [240, 1086], [241, 1085], [242, 1085], [243, 1086], [244, 1085], [245, 1085], [246, 1085], [247, 1085], [248, 1084], [249, 1084], [248, 1084], [247, 1084], [246, 1085], [245, 1085], [244, 1085], [243, 1085], [242, 1085], [241, 1084], [240, 1084], [239, 1083]]]]","[[], 7, 8]"
9,9,"[[[56, 1093]], [[55, 1094]], [[54, 1095]], [[53, 1095]], [[52, 1095]], [[51, 1095]], [[50, 1096]], [[49, 1096]], [[48, 1097]], [[47, 1098]], [[46, 1098]], [[45, 1099]], [[44, 1100]], [[43, 1101]], [[42, 1101]], [[41, 1102]], [[40, 1102]], [[39, 1103]], [[38, 1104]], [[38, 1105]], [[38, 1106]], [[38, 1107]], [[37, 1108]], [[36, 1109]], [[35, 1110]], [[35, 1111]], [[34, 1112]], [[33, 1113]], [[33, 1114]], [[32, 1115]], [[31, 1116]], [[30, 1116]], [[29, 1117]], [[28, 1118]], [[27, 1119]], [[26, 1120]], [[25, 1120]], [[24, 1120]], [[23, 1120]], [[22, 1119]], [[21, 1118]], [[20, 1118]], [[19, 1118]], [[18, 1118]], [[17, 1118]], [[16, 1119]], [[15, 1120]], [[14, 1121]], [[14, 1122]], [[13, 1123]], [[12, 1124]], [[12, 1125]], [[11, 1126]], [[10, 1127]], [[10, 1128]], [[10, 1129]], [[10, 1130]], [[11, 1131]], [[12, 1132]], [[12, 1133]], [[11, 1134]], [[11, 1135]], [[12, 1136]], [[12, 1137]], [[13, 1138]], [[14, 1139]], [[15, 1140]], [[15, 1141]], [[15, 1142]], [[15, 1143]], [[16, 1144]], [[16, 1145]], [[16, 1146]], [[17, 1147]], [[18, 1148]], [[19, 1149]], [[19, 1150]], [[20, 1151]], [[21, 1152]], [[22, 1153]], [[23, 1154]], [[24, 1153]], [[25, 1153]], [[26, 1154]], [[26, 1155]], [[27, 1156]], [[27, 1157]], [[27, 1158]], [[27, 1159]], [[28, 1160]], [[28, 1161]], [[28, 1162]], [[29, 1163]], [[29, 1164]], [[30, 1165]], [[31, 1166]], [[32, 1166]], [[33, 1166]], [[34, 1166]], [[35, 1165]], [[36, 1165]], [[37, 1164]], [[38, 1163]], [[38, 1162]], [[39, 1161]], [[40, 1160]], [[41, 1160]], [[42, 1160]], [[43, 1160]], [[44, 1161]], [[45, 1162]], [[45, 1163]], [[46, 1164]], [[47, 1165]], [[47, 1166]], [[48, 1167]], [[48, 1168]], [[49, 1169]], [[50, 1169]], [[51, 1170]], [[51, 1171]], [[51, 1172]], [[52, 1173]], [[53, 1174]], [[53, 1175]], [[53, 1176]], [[54, 1177]], [[55, 1178]], [[56, 1178]], [[57, 1179]], [[58, 1179]], [[59, 1180]], [[60, 1180]], [[61, 1180]], [[62, 1179]], [[62, 1178]], [[62, 1177]], [[61, 1176]], [[61, 1175]], [[62, 1174]], [[63, 1174]], [[63, 1173]], [[63, 1172]], [[62, 1171]], [[61, 1170]], [[61, 1169]], [[61, 1168]], [[61, 1167]], [[61, 1166]], [[61, 1165]], [[61, 1164]], [[61, 1163]], [[61, 1162]], [[61, 1161]], [[62, 1160]], [[63, 1160]], [[64, 1159]], [[65, 1159]], [[66, 1160]], [[67, 1160]], [[68, 1161]], [[69, 1162]], [[70, 1162]], [[71, 1161]], [[72, 1160]], [[73, 1160]], [[74, 1159]], [[75, 1159]], [[75, 1158]], [[76, 1157]], [[75, 1156]], [[75, 1155]], [[76, 1154]], [[76, 1153]], [[76, 1152]], [[76, 1151]], [[76, 1150]], [[77, 1149]], [[77, 1148]], [[77, 1147]], [[77, 1146]], [[77, 1145]], [[76, 1144]], [[76, 1143]], [[76, 1142]], [[76, 1141]], [[76, 1140]], [[76, 1139]], [[75, 1138]], [[76, 1137]], [[75, 1136]], [[75, 1135]], [[74, 1134]], [[74, 1133]], [[74, 1132]], [[74, 1131]], [[73, 1130]], [[73, 1129]], [[73, 1128]], [[73, 1127]], [[72, 1126]], [[71, 1126]], [[70, 1125]], [[70, 1124]], [[70, 1123]], [[70, 1122]], [[70, 1121]], [[70, 1120]], [[70, 1119]], [[70, 1118]], [[70, 1117]], [[71, 1116]], [[71, 1115]], [[71, 1114]], [[71, 1113]], [[71, 1112]], [[71, 1111]], [[71, 1110]], [[71, 1109]], [[71, 1108]], [[71, 1107]], [[71, 1106]], [[70, 1105]], [[70, 1104]], [[69, 1103]], [[68, 1103]], [[67, 1102]], [[66, 1102]], [[65, 1102]], [[64, 1102]], [[63, 1101]], [[62, 1100]], [[61, 1099]], [[60, 1098]], [[59, 1097]], [[59, 1096]], [[59, 1095]], [[58, 1094]], [[58, 1093]], [[57, 1093]]]",[[]],[]
10,10,"[[[399, 1092]], [[398, 1093]], [[397, 1093]], [[396, 1093]], [[395, 1093]], [[394, 1094]], [[394, 1095]], [[393, 1096]], [[393, 1097]], [[392, 1098]], [[391, 1099]], [[391, 1100]], [[391, 1101]], [[390, 1102]], [[390, 1103]], [[390, 1104]], [[390, 1105]], [[389, 1106]], [[389, 1107]], [[389, 1108]], [[389, 1109]], [[388, 1110]], [[388, 1111]], [[388, 1112]], [[388, 1113]], [[388, 1114]], [[388, 1115]], [[387, 1116]], [[387, 1117]], [[387, 1118]], [[386, 1119]], [[386, 1120]], [[386, 1121]], [[387, 1122]], [[388, 1123]], [[388, 1124]], [[389, 1125]], [[389, 1126]], [[389, 1127]], [[389, 1128]], [[389, 1129]], [[389, 1130]], [[389, 1131]], [[389, 1132]], [[388, 1133]], [[389, 1134]], [[388, 1135]], [[387, 1135]], [[388, 1136]], [[389, 1136]], [[390, 1137]], [[391, 1137]], [[392, 1138]], [[392, 1139]], [[393, 1140]], [[393, 1141]], [[394, 1142]], [[395, 1143]], [[395, 1144]], [[396, 1145]], [[397, 1145]], [[398, 1146]], [[399, 1147]], [[400, 1147]], [[401, 1148]], [[402, 1148]], [[403, 1148]], [[404, 1148]], [[405, 1149]], [[406, 1149]], [[407, 1149]], [[408, 1149]], [[409, 1149]], [[410, 1148]], [[411, 1148]], [[412, 1148]], [[413, 1148]], [[414, 1147]], [[415, 1147]], [[416, 1147]], [[417, 1147]], [[418, 1146]], [[419, 1146]], [[420, 1145]], [[421, 1145]], [[422, 1144]], [[423, 1144]], [[424, 1143]], [[425, 1143]], [[426, 1142]], [[426, 1141]], [[427, 1140]], [[428, 1139]], [[428, 1138]], [[429, 1137]], [[430, 1136]], [[431, 1135]], [[431, 1134]], [[431, 1133]], [[431, 1132]], [[432, 1131]], [[433, 1130]], [[432, 1129]], [[432, 1128]], [[432, 1127]], [[432, 1126]], [[432, 1125]], [[433, 1124]], [[433, 1123]], [[433, 1122]], [[434, 1121]], [[434, 1120]], [[435, 1119]], [[436, 1119]], [[437, 1119]], [[438, 1119]], [[438, 1118]], [[437, 1117]], [[436, 1117]], [[435, 1116]], [[434, 1115]], [[434, 1114]], [[434, 1113]], [[434, 1112]], [[435, 1111]], [[435, 1110]], [[435, 1109]], [[435, 1108]], [[435, 1107]], [[435, 1106]], [[435, 1105]], [[434, 1104]], [[434, 1103]], [[435, 1102]], [[434, 1101]], [[434, 1100]], [[433, 1099]], [[433, 1098]], [[433, 1097]], [[432, 1096]], [[431, 1095]], [[431, 1094]], [[430, 1093]], [[429, 1093]], [[428, 1093]], [[427, 1093]], [[426, 1094]], [[425, 1095]], [[424, 1096]], [[423, 1096]], [[422, 1096]], [[421, 1095]], [[420, 1095]], [[419, 1096]], [[418, 1095]], [[417, 1095]], [[416, 1095]], [[415, 1094]], [[414, 1094]], [[413, 1093]], [[412, 1093]], [[411, 1093]], [[410, 1093]], [[409, 1093]], [[408, 1094]], [[407, 1093]], [[406, 1093]], [[405, 1093]], [[404, 1093]], [[403, 1093]], [[402, 1093]], [[401, 1092]], [[400, 1092]]]","[[], [[[435, 1121], [434, 1122], [434, 1123], [434, 1124], [433, 1125], [433, 1126], [433, 1127], [433, 1128], [433, 1129], [434, 1129], [435, 1129], [436, 1129], [437, 1129], [436, 1128], [435, 1127], [434, 1126], [434, 1125], [434, 1124], [435, 1123], [436, 1123], [437, 1123], [438, 1123], [439, 1123], [440, 1122], [440, 1121], [439, 1121], [438, 1121], [437, 1121], [436, 1121]]], [[[428, 1085], [427, 1086], [426, 1086], [425, 1086], [424, 1086], [425, 1087], [426, 1087], [427, 1088], [427, 1089], [426, 1090], [425, 1090], [424, 1090], [423, 1090], [422, 1090], [421, 1091], [422, 1092], [423, 1093], [424, 1093], [425, 1093], [425, 1092], [425, 1091], [426, 1090], [427, 1091], [428, 1091], [429, 1090], [430, 1090], [431, 1090], [432, 1091], [433, 1091], [434, 1091], [435, 1091], [436, 1091], [437, 1091], [438, 1092], [439, 1093], [439, 1094], [440, 1095], [441, 1096], [442, 1097], [442, 1098], [443, 1099], [444, 1100], [445, 1100], [445, 1099], [445, 1098], [444, 1097], [445, 1096], [446, 1096], [447, 1096], [448, 1096], [449, 1097], [450, 1097], [451, 1098], [452, 1097], [452, 1096], [451, 1096], [450, 1097], [449, 1097], [448, 1096], [447, 1096], [446, 1096], [445, 1095], [445, 1094], [444, 1094], [443, 1093], [442, 1092], [441, 1092], [440, 1091], [439, 1090], [439, 1089], [438, 1088], [437, 1088], [437, 1089], [436, 1090], [435, 1090], [434, 1090], [433, 1090], [432, 1090], [431, 1089], [430, 1088], [430, 1087], [430, 1086], [429, 1086]]]]","[[], 9, 10]"
11,11,"[[[383, 1080]], [[382, 1081]], [[381, 1082]], [[380, 1082]], [[379, 1083]], [[380, 1084]], [[379, 1085]], [[378, 1086]], [[377, 1087]], [[376, 1088]], [[375, 1088]], [[374, 1088]], [[373, 1088]], [[372, 1089]], [[372, 1090]], [[372, 1091]], [[372, 1092]], [[372, 1093]], [[372, 1094]], [[372, 1095]], [[373, 1096]], [[374, 1097]], [[375, 1097]], [[376, 1097]], [[377, 1097]], [[378, 1098]], [[379, 1098]], [[380, 1098]], [[381, 1098]], [[382, 1098]], [[383, 1097]], [[384, 1096]], [[385, 1096]], [[386, 1095]], [[387, 1095]], [[388, 1094]], [[388, 1093]], [[389, 1092]], [[390, 1092]], [[391, 1091]], [[392, 1090]], [[392, 1089]], [[392, 1088]], [[392, 1087]], [[392, 1086]], [[392, 1085]], [[391, 1084]], [[391, 1083]], [[390, 1082]], [[389, 1081]], [[388, 1080]], [[387, 1080]], [[386, 1080]], [[385, 1080]], [[384, 1080]]]","[[], [[[371, 1092], [370, 1093], [370, 1094], [370, 1095], [370, 1096], [370, 1097], [370, 1098], [371, 1099], [371, 1100], [372, 1099], [373, 1099], [374, 1099], [375, 1100], [376, 1101], [377, 1101], [378, 1101], [379, 1102], [380, 1102], [381, 1101], [381, 1100], [380, 1100], [379, 1100], [378, 1100], [377, 1099], [376, 1099], [375, 1098], [374, 1098], [373, 1097], [372, 1096], [371, 1095], [371, 1094], [371, 1093]]]]","[[], 11]"
12,12,"[[[489, 1076]], [[488, 1077]], [[487, 1077]], [[486, 1078]], [[485, 1079]], [[485, 1080]], [[484, 1081]], [[484, 1082]], [[483, 1083]], [[482, 1083]], [[481, 1084]], [[481, 1085]], [[480, 1086]], [[480, 1087]], [[480, 1088]], [[480, 1089]], [[480, 1090]], [[480, 1091]], [[480, 1092]], [[480, 1093]], [[481, 1094]], [[481, 1095]], [[482, 1096]], [[483, 1096]], [[484, 1096]], [[485, 1096]], [[486, 1095]], [[487, 1095]], [[488, 1094]], [[489, 1094]], [[490, 1094]], [[491, 1094]], [[492, 1095]], [[493, 1095]], [[494, 1095]], [[495, 1096]], [[496, 1096]], [[497, 1096]], [[498, 1095]], [[499, 1094]], [[500, 1094]], [[501, 1094]], [[502, 1094]], [[503, 1094]], [[504, 1094]], [[505, 1094]], [[506, 1093]], [[506, 1092]], [[507, 1091]], [[507, 1090]], [[507, 1089]], [[508, 1088]], [[508, 1087]], [[508, 1086]], [[508, 1085]], [[507, 1084]], [[507, 1083]], [[506, 1082]], [[505, 1081]], [[505, 1080]], [[504, 1079]], [[503, 1079]], [[502, 1078]], [[501, 1078]], [[500, 1077]], [[499, 1077]], [[498, 1077]], [[497, 1077]], [[496, 1076]], [[495, 1076]], [[494, 1076]], [[493, 1076]], [[492, 1076]], [[491, 1076]], [[490, 1076]]]","[[[[495, 1071], [494, 1072], [493, 1072], [492, 1072], [491, 1072], [490, 1073], [489, 1074], [488, 1075], [487, 1075], [486, 1076], [485, 1076], [484, 1075], [483, 1074], [483, 1073], [482, 1072], [481, 1072], [480, 1072], [479, 1072], [480, 1073], [480, 1074], [480, 1075], [481, 1075], [482, 1075], [483, 1075], [484, 1075], [485, 1076], [484, 1077], [484, 1078], [485, 1078], [486, 1077], [487, 1076], [488, 1076], [489, 1075], [490, 1075], [491, 1075], [492, 1075], [493, 1075], [494, 1075], [495, 1075], [496, 1075], [497, 1076], [498, 1076], [499, 1076], [500, 1076], [501, 1077], [502, 1077], [503, 1078], [504, 1077], [504, 1076], [504, 1075], [503, 1075], [502, 1075], [501, 1075], [500, 1074], [499, 1074], [498, 1073], [497, 1072], [496, 1071]]], []]","[12, []]"
13,13,"[[[789, 1069]], [[788, 1070]], [[787, 1070]], [[786, 1071]], [[785, 1071]], [[784, 1072]], [[783, 1073]], [[782, 1073]], [[781, 1074]], [[780, 1074]], [[779, 1074]], [[778, 1074]], [[777, 1074]], [[776, 1075]], [[775, 1075]], [[774, 1075]], [[773, 1075]], [[772, 1075]], [[771, 1076]], [[770, 1076]], [[769, 1076]], [[768, 1077]], [[768, 1078]], [[768, 1079]], [[768, 1080]], [[768, 1081]], [[768, 1082]], [[768, 1083]], [[768, 1084]], [[768, 1085]], [[768, 1086]], [[768, 1087]], [[769, 1088]], [[769, 1089]], [[770, 1089]], [[771, 1089]], [[772, 1089]], [[773, 1090]], [[774, 1089]], [[775, 1089]], [[776, 1089]], [[777, 1089]], [[778, 1089]], [[779, 1088]], [[780, 1088]], [[781, 1088]], [[782, 1087]], [[783, 1087]], [[784, 1087]], [[785, 1087]], [[786, 1086]], [[787, 1085]], [[787, 1084]], [[788, 1083]], [[789, 1083]], [[790, 1082]], [[791, 1082]], [[792, 1083]], [[793, 1083]], [[794, 1083]], [[795, 1082]], [[796, 1081]], [[797, 1080]], [[798, 1080]], [[799, 1080]], [[800, 1079]], [[801, 1079]], [[802, 1079]], [[803, 1079]], [[803, 1078]], [[803, 1077]], [[803, 1076]], [[804, 1075]], [[804, 1074]], [[804, 1073]], [[804, 1072]], [[803, 1072]], [[802, 1072]], [[801, 1071]], [[800, 1071]], [[799, 1071]], [[798, 1072]], [[797, 1072]], [[796, 1072]], [[795, 1073]], [[794, 1072]], [[794, 1071]], [[794, 1070]], [[793, 1070]], [[792, 1069]], [[791, 1069]], [[790, 1069]]]","[[[[792, 1066], [791, 1067], [790, 1067], [789, 1068], [788, 1068], [787, 1068], [786, 1069], [785, 1070], [784, 1070], [783, 1070], [782, 1069], [782, 1068], [783, 1067], [782, 1067], [781, 1067], [780, 1067], [780, 1068], [780, 1069], [780, 1070], [781, 1071], [780, 1072], [779, 1072], [778, 1072], [777, 1072], [776, 1072], [775, 1072], [774, 1073], [773, 1073], [772, 1073], [771, 1073], [770, 1073], [769, 1074], [769, 1075], [770, 1075], [771, 1075], [772, 1074], [773, 1074], [774, 1074], [775, 1074], [776, 1074], [777, 1073], [778, 1073], [779, 1073], [780, 1073], [781, 1073], [782, 1072], [783, 1072], [784, 1071], [785, 1070], [786, 1070], [787, 1069], [788, 1069], [789, 1068], [790, 1068], [791, 1067], [792, 1067]]], [[[792, 1066], [791, 1067], [790, 1067], [789, 1068], [788, 1068], [787, 1068], [786, 1069], [785, 1070], [784, 1070], [783, 1070], [782, 1069], [782, 1068], [783, 1067], [782, 1067], [781, 1067], [780, 1067], [780, 1068], [780, 1069], [780, 1070], [781, 1071], [780, 1072], [779, 1072], [778, 1072], [777, 1072], [776, 1072], [775, 1072], [774, 1073], [773, 1073], [772, 1073], [771, 1073], [770, 1073], [769, 1074], [769, 1075], [770, 1075], [771, 1075], [772, 1074], [773, 1074], [774, 1074], [775, 1074], [776, 1074], [777, 1073], [778, 1073], [779, 1073], [780, 1073], [781, 1073], [782, 1072], [783, 1072], [784, 1071], [785, 1070], [786, 1070], [787, 1069], [788, 1069], [789, 1068], [790, 1068], [791, 1067], [792, 1067]], [[777, 1054], [777, 1055], [777, 1056], [777, 1057], [776, 1058], [775, 1059], [774, 1060], [773, 1061], [772, 1061], [771, 1062], [770, 1063], [769, 1063], [768, 1063], [768, 1064], [769, 1064], [770, 1064], [771, 1065], [771, 1066], [771, 1067], [770, 1068], [769, 1067], [768, 1067], [767, 1068], [766, 1068], [765, 1068], [765, 1069], [765, 1070], [765, 1071], [765, 1072], [765, 1073], [766, 1073], [766, 1072], [766, 1071], [767, 1070], [768, 1069], [769, 1069], [770, 1068], [771, 1067], [772, 1068], [773, 1067], [773, 1066], [773, 1065], [774, 1064], [775, 1063], [776, 1062], [777, 1062], [778, 1062], [778, 1061], [779, 1060], [779, 1059], [779, 1058], [779, 1057], [780, 1056], [781, 1055], [781, 1054], [780, 1054], [779, 1054], [778, 1054]]], [], [[[797, 1081], [796, 1082], [795, 1083], [794, 1084], [793, 1085], [792, 1084], [791, 1083], [790, 1083], [789, 1084], [788, 1084], [788, 1085], [788, 1086], [788, 1087], [788, 1088], [788, 1089], [787, 1090], [786, 1090], [785, 1091], [784, 1091], [783, 1091], [782, 1091], [782, 1092], [783, 1093], [784, 1093], [785, 1092], [786, 1092], [787, 1091], [788, 1090], [788, 1089], [789, 1088], [790, 1088], [791, 1087], [792, 1088], [793, 1087], [794, 1087], [795, 1086], [796, 1086], [797, 1086], [798, 1086], [799, 1085], [798, 1084], [798, 1083], [798, 1082], [798, 1081]]]]","[13, 14, [], 15]"
14,14,"[[[353, 1069]], [[352, 1070]], [[351, 1071]], [[351, 1072]], [[350, 1073]], [[349, 1074]], [[348, 1075]], [[347, 1076]], [[346, 1077]], [[345, 1078]], [[344, 1079]], [[344, 1080]], [[345, 1081]], [[345, 1082]], [[345, 1083]], [[345, 1084]], [[345, 1085]], [[345, 1086]], [[346, 1087]], [[346, 1088]], [[347, 1088]], [[348, 1088]], [[349, 1088]], [[350, 1088]], [[351, 1088]], [[352, 1088]], [[353, 1088]], [[354, 1088]], [[355, 1088]], [[356, 1088]], [[357, 1088]], [[358, 1088]], [[359, 1087]], [[360, 1087]], [[360, 1086]], [[361, 1085]], [[361, 1084]], [[362, 1083]], [[363, 1082]], [[363, 1081]], [[363, 1080]], [[363, 1079]], [[362, 1078]], [[362, 1077]], [[361, 1076]], [[360, 1075]], [[360, 1074]], [[360, 1073]], [[359, 1072]], [[359, 1071]], [[358, 1071]], [[357, 1070]], [[356, 1070]], [[355, 1069]], [[354, 1069]]]","[[[[349, 1072], [348, 1073], [347, 1073], [347, 1074], [346, 1075], [345, 1076], [344, 1076], [343, 1077], [342, 1078], [342, 1079], [342, 1080], [342, 1081], [343, 1082], [343, 1083], [343, 1084], [343, 1085], [344, 1085], [344, 1084], [344, 1083], [344, 1082], [344, 1081], [343, 1080], [343, 1079], [344, 1078], [345, 1077], [346, 1076], [347, 1075], [348, 1074], [349, 1073], [350, 1072]]], []]","[16, []]"
15,15,"[[[318, 1060]], [[317, 1061]], [[317, 1062]], [[317, 1063]], [[316, 1064]], [[316, 1065]], [[315, 1066]], [[315, 1067]], [[314, 1068]], [[313, 1068]], [[313, 1069]], [[313, 1070]], [[312, 1071]], [[313, 1071]], [[314, 1071]], [[315, 1071]], [[315, 1070]], [[316, 1069]], [[317, 1069]], [[318, 1069]], [[319, 1068]], [[320, 1067]], [[321, 1066]], [[321, 1065]], [[321, 1064]], [[322, 1063]], [[322, 1062]], [[322, 1061]], [[322, 1060]], [[321, 1060]], [[320, 1060]], [[319, 1060]]]","[[[[316, 1058], [315, 1059], [314, 1059], [313, 1060], [312, 1060], [311, 1061], [310, 1061], [309, 1061], [308, 1060], [307, 1060], [306, 1059], [305, 1059], [304, 1059], [303, 1060], [303, 1061], [303, 1062], [303, 1063], [304, 1063], [305, 1063], [306, 1064], [307, 1065], [308, 1065], [309, 1065], [310, 1065], [311, 1066], [312, 1067], [313, 1067], [314, 1067], [314, 1066], [315, 1065], [315, 1064], [316, 1063], [316, 1062], [316, 1061], [317, 1060], [318, 1059], [319, 1058], [318, 1058], [317, 1058]]]]",[17]
16,16,"[[[122, 1048]], [[121, 1049]], [[120, 1049]], [[119, 1050]], [[119, 1051]], [[118, 1052]], [[117, 1053]], [[117, 1054]], [[116, 1055]], [[116, 1056]], [[116, 1057]], [[116, 1058]], [[115, 1059]], [[114, 1059]], [[113, 1058]], [[112, 1058]], [[111, 1057]], [[110, 1057]], [[109, 1056]], [[108, 1056]], [[107, 1055]], [[106, 1054]], [[105, 1053]], [[104, 1053]], [[103, 1053]], [[102, 1052]], [[101, 1053]], [[100, 1053]], [[99, 1053]], [[98, 1053]], [[97, 1054]], [[96, 1054]], [[96, 1055]], [[95, 1056]], [[94, 1056]], [[93, 1056]], [[92, 1056]], [[92, 1057]], [[92, 1058]], [[91, 1059]], [[92, 1060]], [[92, 1061]], [[91, 1062]], [[91, 1063]], [[91, 1064]], [[90, 1065]], [[90, 1066]], [[90, 1067]], [[89, 1068]], [[89, 1069]], [[89, 1070]], [[89, 1071]], [[89, 1072]], [[89, 1073]], [[90, 1074]], [[91, 1075]], [[91, 1076]], [[91, 1077]], [[91, 1078]], [[91, 1079]], [[91, 1080]], [[91, 1081]], [[91, 1082]], [[91, 1083]], [[92, 1084]], [[93, 1085]], [[93, 1086]], [[94, 1087]], [[95, 1087]], [[96, 1088]], [[95, 1089]], [[94, 1090]], [[94, 1091]], [[94, 1092]], [[94, 1093]], [[94, 1094]], [[94, 1095]], [[94, 1096]], [[95, 1097]], [[95, 1098]], [[95, 1099]], [[96, 1099]], [[97, 1100]], [[98, 1101]], [[98, 1102]], [[98, 1103]], [[99, 1103]], [[100, 1103]], [[101, 1104]], [[102, 1104]], [[103, 1104]], [[104, 1105]], [[105, 1105]], [[106, 1105]], [[107, 1105]], [[108, 1105]], [[109, 1104]], [[110, 1103]], [[111, 1103]], [[112, 1102]], [[113, 1102]], [[114, 1102]], [[115, 1101]], [[116, 1100]], [[117, 1099]], [[118, 1098]], [[119, 1098]], [[120, 1098]], [[121, 1098]], [[122, 1098]], [[123, 1098]], [[124, 1098]], [[125, 1099]], [[126, 1099]], [[127, 1099]], [[128, 1099]], [[129, 1099]], [[130, 1099]], [[131, 1098]], [[132, 1098]], [[133, 1098]], [[134, 1098]], [[135, 1097]], [[136, 1097]], [[137, 1096]], [[138, 1096]], [[139, 1096]], [[139, 1095]], [[140, 1094]], [[141, 1094]], [[142, 1093]], [[143, 1092]], [[143, 1091]], [[144, 1090]], [[144, 1089]], [[144, 1088]], [[144, 1087]], [[144, 1086]], [[144, 1085]], [[143, 1084]], [[143, 1083]], [[143, 1082]], [[142, 1081]], [[141, 1080]], [[141, 1079]], [[141, 1078]], [[141, 1077]], [[141, 1076]], [[142, 1075]], [[141, 1074]], [[140, 1073]], [[139, 1072]], [[139, 1071]], [[138, 1070]], [[138, 1069]], [[137, 1068]], [[137, 1067]], [[137, 1066]], [[138, 1065]], [[138, 1064]], [[138, 1063]], [[138, 1062]], [[138, 1061]], [[138, 1060]], [[138, 1059]], [[137, 1058]], [[137, 1057]], [[136, 1057]], [[135, 1056]], [[134, 1055]], [[133, 1054]], [[132, 1053]], [[132, 1052]], [[131, 1051]], [[131, 1050]], [[130, 1049]], [[129, 1049]], [[128, 1048]], [[127, 1048]], [[126, 1048]], [[125, 1048]], [[124, 1048]], [[123, 1048]]]","[[], [[[90, 1089], [89, 1090], [88, 1090], [87, 1090], [86, 1090], [87, 1090], [88, 1091], [89, 1091], [90, 1091], [91, 1092], [92, 1093], [92, 1094], [92, 1095], [92, 1096], [93, 1097], [94, 1098], [94, 1097], [93, 1096], [93, 1095], [93, 1094], [93, 1093], [93, 1092], [93, 1091], [93, 1090], [94, 1089], [93, 1089], [92, 1089], [91, 1089]]], [[[145, 1090], [144, 1091], [144, 1092], [143, 1093], [142, 1094], [141, 1095], [140, 1096], [139, 1097], [138, 1097], [137, 1098], [136, 1098], [135, 1099], [134, 1099], [133, 1099], [132, 1099], [131, 1099], [130, 1100], [129, 1100], [128, 1100], [127, 1100], [126, 1100], [125, 1100], [124, 1099], [123, 1099], [122, 1099], [121, 1099], [120, 1099], [119, 1099], [118, 1099], [117, 1100], [117, 1101], [117, 1102], [116, 1103], [115, 1103], [114, 1103], [113, 1103], [112, 1104], [111, 1104], [110, 1105], [109, 1106], [108, 1106], [107, 1106], [106, 1106], [105, 1107], [106, 1108], [106, 1109], [106, 1108], [107, 1107], [108, 1107], [109, 1107], [110, 1107], [111, 1107], [112, 1107], [113, 1106], [114, 1105], [115, 1105], [115, 1104], [116, 1103], [117, 1103], [118, 1103], [118, 1102], [119, 1101], [120, 1100], [121, 1100], [122, 1101], [123, 1102], [124, 1102], [125, 1103], [126, 1102], [127, 1102], [128, 1103], [129, 1103], [130, 1102], [131, 1102], [132, 1101], [133, 1101], [134, 1102], [135, 1102], [136, 1102], [136, 1101], [136, 1100], [137, 1099], [138, 1098], [139, 1098], [140, 1098], [141, 1099], [142, 1100], [143, 1100], [144, 1101], [145, 1101], [146, 1101], [147, 1102], [148, 1103], [149, 1103], [148, 1102], [148, 1101], [148, 1100], [147, 1100], [146, 1100], [145, 1100], [144, 1099], [143, 1099], [142, 1099], [141, 1099], [140, 1098], [140, 1097], [140, 1096], [141, 1095], [142, 1095], [143, 1095], [144, 1095], [145, 1095], [146, 1096], [147, 1096], [146, 1095], [146, 1094], [146, 1093], [146, 1092], [147, 1091], [147, 1090], [146, 1090]]]]","[[], 18, 19]"
17,17,"[[[453, 1045]], [[452, 1046]], [[451, 1046]], [[450, 1047]], [[450, 1048]], [[449, 1049]], [[449, 1050]], [[448, 1051]], [[447, 1052]], [[447, 1053]], [[447, 1054]], [[447, 1055]], [[447, 1056]], [[447, 1057]], [[447, 1058]], [[448, 1059]], [[449, 1060]], [[450, 1061]], [[449, 1062]], [[448, 1063]], [[448, 1064]], [[447, 1065]], [[446, 1066]], [[445, 1067]], [[445, 1068]], [[444, 1069]], [[444, 1070]], [[443, 1071]], [[442, 1072]], [[441, 1073]], [[441, 1074]], [[440, 1075]], [[439, 1076]], [[438, 1077]], [[437, 1077]], [[436, 1077]], [[435, 1077]], [[435, 1078]], [[435, 1079]], [[434, 1080]], [[434, 1081]], [[434, 1082]], [[435, 1083]], [[436, 1083]], [[437, 1083]], [[438, 1083]], [[439, 1084]], [[440, 1085]], [[440, 1086]], [[440, 1087]], [[439, 1088]], [[440, 1089]], [[440, 1090]], [[441, 1091]], [[442, 1091]], [[443, 1092]], [[444, 1093]], [[445, 1093]], [[446, 1094]], [[446, 1095]], [[447, 1095]], [[448, 1095]], [[449, 1095]], [[450, 1095]], [[451, 1095]], [[452, 1095]], [[453, 1096]], [[454, 1096]], [[455, 1096]], [[456, 1095]], [[457, 1095]], [[458, 1094]], [[459, 1094]], [[460, 1093]], [[461, 1093]], [[462, 1093]], [[463, 1092]], [[464, 1091]], [[465, 1090]], [[466, 1089]], [[467, 1088]], [[468, 1088]], [[468, 1087]], [[469, 1086]], [[469, 1085]], [[470, 1084]], [[471, 1083]], [[472, 1083]], [[472, 1082]], [[473, 1081]], [[473, 1080]], [[474, 1079]], [[474, 1078]], [[475, 1077]], [[475, 1076]], [[475, 1075]], [[475, 1074]], [[475, 1073]], [[476, 1072]], [[477, 1071]], [[478, 1071]], [[479, 1071]], [[480, 1071]], [[481, 1071]], [[482, 1071]], [[483, 1071]], [[484, 1071]], [[485, 1071]], [[486, 1071]], [[487, 1070]], [[488, 1069]], [[489, 1069]], [[490, 1069]], [[491, 1070]], [[492, 1070]], [[493, 1070]], [[494, 1070]], [[495, 1069]], [[496, 1068]], [[497, 1067]], [[498, 1067]], [[497, 1066]], [[497, 1065]], [[498, 1064]], [[499, 1063]], [[500, 1062]], [[500, 1061]], [[500, 1060]], [[499, 1060]], [[498, 1059]], [[497, 1060]], [[496, 1060]], [[495, 1060]], [[494, 1060]], [[493, 1059]], [[492, 1059]], [[491, 1059]], [[490, 1059]], [[489, 1059]], [[488, 1059]], [[487, 1059]], [[486, 1060]], [[485, 1060]], [[484, 1060]], [[483, 1061]], [[482, 1061]], [[481, 1061]], [[480, 1061]], [[479, 1061]], [[478, 1061]], [[477, 1061]], [[476, 1061]], [[475, 1062]], [[474, 1063]], [[473, 1062]], [[472, 1061]], [[472, 1060]], [[471, 1059]], [[471, 1058]], [[471, 1057]], [[470, 1056]], [[470, 1055]], [[469, 1054]], [[469, 1053]], [[469, 1052]], [[468, 1051]], [[467, 1051]], [[466, 1050]], [[466, 1049]], [[465, 1048]], [[464, 1047]], [[463, 1046]], [[462, 1046]], [[461, 1045]], [[460, 1045]], [[459, 1045]], [[458, 1045]], [[457, 1045]], [[456, 1045]], [[455, 1045]], [[454, 1045]]]","[[], [[[428, 1085], [427, 1086], [426, 1086], [425, 1086], [424, 1086], [425, 1087], [426, 1087], [427, 1088], [427, 1089], [426, 1090], [425, 1090], [424, 1090], [423, 1090], [422, 1090], [421, 1091], [422, 1092], [423, 1093], [424, 1093], [425, 1093], [425, 1092], [425, 1091], [426, 1090], [427, 1091], [428, 1091], [429, 1090], [430, 1090], [431, 1090], [432, 1091], [433, 1091], [434, 1091], [435, 1091], [436, 1091], [437, 1091], [438, 1092], [439, 1093], [439, 1094], [440, 1095], [441, 1096], [442, 1097], [442, 1098], [443, 1099], [444, 1100], [445, 1100], [445, 1099], [445, 1098], [444, 1097], [445, 1096], [446, 1096], [447, 1096], [448, 1096], [449, 1097], [450, 1097], [451, 1098], [452, 1097], [452, 1096], [451, 1096], [450, 1097], [449, 1097], [448, 1096], [447, 1096], [446, 1096], [445, 1095], [445, 1094], [444, 1094], [443, 1093], [442, 1092], [441, 1092], [440, 1091], [439, 1090], [439, 1089], [438, 1088], [437, 1088], [437, 1089], [436, 1090], [435, 1090], [434, 1090], [433, 1090], [432, 1090], [431, 1089], [430, 1088], [430, 1087], [430, 1086], [429, 1086]]], [[[471, 1085], [470, 1086], [470, 1087], [470, 1088], [469, 1089], [468, 1090], [467, 1090], [466, 1090], [465, 1091], [464, 1092], [464, 1093], [463, 1094], [462, 1094], [461, 1094], [460, 1094], [460, 1095], [459, 1096], [458, 1096], [457, 1096], [456, 1097], [455, 1098], [456, 1099], [457, 1099], [458, 1098], [459, 1098], [460, 1097], [461, 1097], [461, 1096], [462, 1095], [463, 1095], [464, 1094], [465, 1094], [466, 1094], [467, 1094], [468, 1093], [468, 1092], [469, 1091], [470, 1091], [470, 1090], [469, 1089], [470, 1088], [471, 1088], [472, 1088], [473, 1087], [473, 1086], [472, 1086]]], [[[495, 1071], [494, 1072], [493, 1072], [492, 1072], [491, 1072], [490, 1073], [489, 1074], [488, 1075], [487, 1075], [486, 1076], [485, 1076], [484, 1075], [483, 1074], [483, 1073], [482, 1072], [481, 1072], [480, 1072], [479, 1072], [480, 1073], [480, 1074], [480, 1075], [481, 1075], [482, 1075], [483, 1075], [484, 1075], [485, 1076], [484, 1077], [484, 1078], [485, 1078], [486, 1077], [487, 1076], [488, 1076], [489, 1075], [490, 1075], [491, 1075], [492, 1075], [493, 1075], [494, 1075], [495, 1075], [496, 1075], [497, 1076], [498, 1076], [499, 1076], [500, 1076], [501, 1077], [502, 1077], [503, 1078], [504, 1077], [504, 1076], [504, 1075], [503, 1075], [502, 1075], [501, 1075], [500, 1074], [499, 1074], [498, 1073], [497, 1072], [496, 1071]]]]","[[], 10, 21, 12]"
18,18,"[[[201, 1044]], [[200, 1045]], [[199, 1045]], [[198, 1046]], [[197, 1046]], [[196, 1047]], [[195, 1047]], [[194, 1047]], [[193, 1048]], [[192, 1048]], [[191, 1049]], [[190, 1049]], [[189, 1049]], [[188, 1049]], [[187, 1050]], [[186, 1050]], [[185, 1050]], [[184, 1050]], [[183, 1051]], [[182, 1051]], [[181, 1051]], [[180, 1052]], [[179, 1052]], [[178, 1053]], [[177, 1053]], [[176, 1053]], [[175, 1054]], [[174, 1055]], [[173, 1056]], [[172, 1057]], [[172, 1058]], [[171, 1059]], [[171, 1060]], [[171, 1061]], [[170, 1062]], [[170, 1063]], [[170, 1064]], [[170, 1065]], [[169, 1066]], [[169, 1067]], [[169, 1068]], [[169, 1069]], [[169, 1070]], [[169, 1071]], [[169, 1072]], [[169, 1073]], [[169, 1074]], [[169, 1075]], [[169, 1076]], [[168, 1077]], [[167, 1078]], [[167, 1079]], [[166, 1080]], [[166, 1081]], [[165, 1082]], [[164, 1083]], [[164, 1084]], [[164, 1085]], [[164, 1086]], [[164, 1087]], [[164, 1088]], [[163, 1089]], [[163, 1090]], [[163, 1091]], [[163, 1092]], [[164, 1093]], [[164, 1094]], [[163, 1095]], [[164, 1096]], [[164, 1097]], [[165, 1098]], [[166, 1099]], [[167, 1100]], [[168, 1101]], [[168, 1102]], [[169, 1103]], [[169, 1104]], [[170, 1105]], [[170, 1106]], [[171, 1107]], [[172, 1108]], [[173, 1109]], [[173, 1110]], [[174, 1111]], [[175, 1111]], [[176, 1111]], [[177, 1111]], [[178, 1112]], [[179, 1112]], [[180, 1112]], [[181, 1112]], [[182, 1113]], [[183, 1114]], [[184, 1114]], [[185, 1114]], [[186, 1114]], [[187, 1114]], [[188, 1114]], [[189, 1114]], [[190, 1115]], [[191, 1115]], [[192, 1115]], [[193, 1114]], [[194, 1114]], [[195, 1114]], [[196, 1113]], [[197, 1113]], [[198, 1112]], [[199, 1112]], [[199, 1111]], [[200, 1110]], [[201, 1109]], [[202, 1108]], [[202, 1107]], [[203, 1106]], [[204, 1106]], [[204, 1105]], [[205, 1104]], [[206, 1103]], [[206, 1102]], [[206, 1101]], [[207, 1100]], [[206, 1099]], [[206, 1098]], [[206, 1097]], [[206, 1096]], [[206, 1095]], [[206, 1094]], [[205, 1093]], [[205, 1092]], [[205, 1091]], [[205, 1090]], [[205, 1089]], [[205, 1088]], [[204, 1087]], [[204, 1086]], [[204, 1085]], [[204, 1084]], [[204, 1083]], [[204, 1082]], [[205, 1081]], [[206, 1080]], [[206, 1079]], [[207, 1078]], [[208, 1077]], [[208, 1076]], [[209, 1075]], [[210, 1074]], [[211, 1073]], [[212, 1073]], [[213, 1072]], [[213, 1071]], [[214, 1070]], [[214, 1069]], [[215, 1068]], [[216, 1067]], [[216, 1066]], [[217, 1065]], [[217, 1064]], [[217, 1063]], [[218, 1062]], [[219, 1061]], [[219, 1060]], [[219, 1059]], [[220, 1058]], [[220, 1057]], [[219, 1056]], [[220, 1055]], [[219, 1054]], [[219, 1053]], [[220, 1052]], [[220, 1051]], [[220, 1050]], [[219, 1049]], [[218, 1048]], [[217, 1047]], [[216, 1047]], [[215, 1047]], [[214, 1046]], [[213, 1046]], [[212, 1046]], [[211, 1046]], [[210, 1046]], [[209, 1045]], [[208, 1045]], [[207, 1044]], [[206, 1044]], [[205, 1044]], [[204, 1044]], [[203, 1044]], [[202, 1044]]]","[[], [[[164, 1106], [163, 1107], [163, 1108], [162, 1109], [163, 1108], [164, 1109], [164, 1110], [164, 1111], [165, 1110], [166, 1111], [167, 1111], [168, 1111], [169, 1112], [170, 1112], [171, 1112], [172, 1113], [173, 1113], [174, 1113], [173, 1112], [172, 1112], [171, 1111], [170, 1111], [169, 1110], [168, 1109], [167, 1108], [166, 1107], [165, 1106]]], [[[203, 1108], [202, 1109], [201, 1110], [200, 1111], [200, 1112], [199, 1113], [198, 1114], [197, 1115], [196, 1115], [195, 1116], [194, 1116], [193, 1116], [192, 1116], [191, 1116], [190, 1116], [189, 1115], [188, 1115], [187, 1115], [186, 1115], [185, 1115], [184, 1115], [183, 1115], [182, 1114], [181, 1113], [180, 1113], [179, 1113], [178, 1113], [177, 1113], [177, 1114], [178, 1114], [179, 1114], [180, 1114], [181, 1115], [182, 1116], [183, 1116], [184, 1117], [185, 1118], [186, 1118], [187, 1118], [188, 1118], [189, 1118], [190, 1119], [190, 1120], [191, 1120], [192, 1121], [193, 1121], [193, 1120], [194, 1119], [195, 1119], [196, 1119], [197, 1118], [198, 1118], [199, 1118], [199, 1117], [199, 1116], [199, 1115], [200, 1114], [201, 1113], [202, 1113], [202, 1112], [203, 1111], [204, 1111], [205, 1111], [205, 1110], [205, 1109], [205, 1108], [204, 1108]]], [[[224, 1047], [224, 1048], [224, 1049], [225, 1050], [225, 1051], [224, 1052], [223, 1053], [222, 1053], [221, 1052], [220, 1053], [220, 1054], [221, 1054], [222, 1053], [223, 1054], [224, 1055], [225, 1056], [225, 1057], [225, 1058], [224, 1059], [223, 1059], [222, 1059], [221, 1059], [220, 1060], [220, 1061], [219, 1062], [218, 1063], [218, 1064], [218, 1065], [217, 1066], [217, 1067], [216, 1068], [216, 1069], [217, 1068], [217, 1067], [218, 1066], [219, 1066], [220, 1065], [221, 1066], [221, 1067], [221, 1068], [221, 1069], [221, 1070], [222, 1071], [222, 1070], [222, 1069], [222, 1068], [223, 1067], [223, 1066], [223, 1065], [222, 1064], [222, 1063], [222, 1062], [222, 1061], [223, 1060], [224, 1059], [225, 1059], [226, 1059], [227, 1059], [227, 1058], [228, 1057], [228, 1056], [229, 1055], [230, 1055], [231, 1056], [232, 1057], [232, 1058], [233, 1059], [234, 1059], [233, 1058], [233, 1057], [233, 1056], [233, 1055], [232, 1054], [232, 1053], [233, 1052], [234, 1051], [233, 1051], [232, 1050], [231, 1050], [231, 1051], [230, 1052], [229, 1052], [228, 1052], [227, 1051], [227, 1050], [227, 1049], [227, 1048], [226, 1047], [225, 1047]]]]","[[], 23, 24, 25]"
19,19,"[[[301, 1042]], [[300, 1043]], [[299, 1044]], [[299, 1045]], [[298, 1046]], [[299, 1047]], [[299, 1048]], [[299, 1049]], [[300, 1050]], [[300, 1051]], [[300, 1052]], [[300, 1053]], [[300, 1054]], [[300, 1055]], [[301, 1055]], [[302, 1056]], [[303, 1056]], [[304, 1056]], [[305, 1057]], [[306, 1057]], [[307, 1058]], [[308, 1058]], [[309, 1059]], [[310, 1059]], [[311, 1058]], [[311, 1057]], [[312, 1056]], [[312, 1055]], [[313, 1054]], [[314, 1054]], [[313, 1053]], [[313, 1052]], [[313, 1051]], [[313, 1050]], [[313, 1049]], [[313, 1048]], [[313, 1047]], [[312, 1046]], [[311, 1046]], [[310, 1045]], [[309, 1045]], [[308, 1046]], [[307, 1046]], [[306, 1046]], [[305, 1045]], [[304, 1044]], [[304, 1043]], [[304, 1042]], [[303, 1042]], [[302, 1042]]]","[[[[316, 1058], [315, 1059], [314, 1059], [313, 1060], [312, 1060], [311, 1061], [310, 1061], [309, 1061], [308, 1060], [307, 1060], [306, 1059], [305, 1059], [304, 1059], [303, 1060], [303, 1061], [303, 1062], [303, 1063], [304, 1063], [305, 1063], [306, 1064], [307, 1065], [308, 1065], [309, 1065], [310, 1065], [311, 1066], [312, 1067], [313, 1067], [314, 1067], [314, 1066], [315, 1065], [315, 1064], [316, 1063], [316, 1062], [316, 1061], [317, 1060], [318, 1059], [319, 1058], [318, 1058], [317, 1058]]], []]","[17, []]"
20,20,"[[[585, 1039]], [[585, 1040]], [[584, 1041]], [[584, 1042]], [[584, 1043]], [[584, 1044]], [[584, 1045]], [[583, 1046]], [[583, 1047]], [[582, 1048]], [[582, 1049]], [[582, 1050]], [[582, 1051]], [[581, 1052]], [[581, 1053]], [[582, 1054]], [[582, 1055]], [[582, 1056]], [[583, 1056]], [[584, 1057]], [[584, 1058]], [[585, 1059]], [[585, 1060]], [[586, 1061]], [[587, 1062]], [[587, 1063]], [[587, 1064]], [[588, 1065]], [[589, 1065]], [[590, 1066]], [[590, 1067]], [[591, 1068]], [[590, 1069]], [[591, 1069]], [[592, 1070]], [[593, 1071]], [[594, 1071]], [[595, 1071]], [[596, 1072]], [[597, 1073]], [[597, 1074]], [[597, 1075]], [[598, 1076]], [[599, 1076]], [[600, 1077]], [[601, 1078]], [[600, 1079]], [[599, 1079]], [[598, 1079]], [[598, 1080]], [[598, 1081]], [[597, 1082]], [[596, 1083]], [[596, 1084]], [[596, 1085]], [[596, 1086]], [[596, 1087]], [[596, 1088]], [[596, 1089]], [[597, 1090]], [[597, 1091]], [[597, 1092]], [[597, 1093]], [[597, 1094]], [[598, 1095]], [[598, 1096]], [[598, 1097]], [[598, 1098]], [[598, 1099]], [[598, 1100]], [[598, 1101]], [[598, 1102]], [[599, 1103]], [[599, 1104]], [[600, 1105]], [[599, 1106]], [[600, 1107]], [[600, 1108]], [[601, 1109]], [[601, 1110]], [[601, 1111]], [[602, 1112]], [[602, 1113]], [[603, 1114]], [[604, 1115]], [[605, 1115]], [[606, 1115]], [[607, 1115]], [[608, 1115]], [[609, 1115]], [[610, 1116]], [[611, 1115]], [[612, 1114]], [[613, 1113]], [[614, 1112]], [[615, 1112]], [[615, 1111]], [[615, 1110]], [[616, 1109]], [[617, 1108]], [[617, 1107]], [[617, 1106]], [[617, 1105]], [[617, 1104]], [[618, 1103]], [[618, 1102]], [[617, 1101]], [[617, 1100]], [[617, 1099]], [[617, 1098]], [[616, 1097]], [[616, 1096]], [[616, 1095]], [[616, 1094]], [[616, 1093]], [[615, 1092]], [[615, 1091]], [[614, 1090]], [[614, 1089]], [[614, 1088]], [[614, 1087]], [[614, 1086]], [[614, 1085]], [[614, 1084]], [[613, 1083]], [[613, 1082]], [[612, 1082]], [[611, 1081]], [[610, 1081]], [[609, 1081]], [[608, 1080]], [[607, 1080]], [[606, 1080]], [[605, 1080]], [[604, 1079]], [[603, 1079]], [[602, 1078]], [[603, 1077]], [[604, 1076]], [[605, 1076]], [[606, 1075]], [[607, 1075]], [[608, 1075]], [[609, 1074]], [[610, 1073]], [[611, 1072]], [[612, 1072]], [[612, 1071]], [[613, 1070]], [[613, 1069]], [[612, 1069]], [[611, 1068]], [[611, 1067]], [[611, 1066]], [[611, 1065]], [[611, 1064]], [[610, 1063]], [[610, 1062]], [[610, 1061]], [[610, 1060]], [[610, 1059]], [[609, 1059]], [[608, 1058]], [[608, 1057]], [[608, 1056]], [[608, 1055]], [[608, 1054]], [[607, 1053]], [[606, 1053]], [[605, 1052]], [[604, 1051]], [[603, 1051]], [[602, 1050]], [[601, 1050]], [[600, 1050]], [[599, 1049]], [[599, 1048]], [[598, 1047]], [[597, 1046]], [[596, 1045]], [[595, 1045]], [[594, 1044]], [[593, 1044]], [[592, 1043]], [[591, 1043]], [[590, 1043]], [[589, 1042]], [[588, 1041]], [[588, 1040]], [[587, 1039]], [[586, 1039]]]","[[], [[[593, 1093], [592, 1094], [592, 1095], [593, 1095], [594, 1096], [594, 1097], [593, 1098], [592, 1098], [591, 1099], [590, 1099], [590, 1100], [591, 1100], [592, 1100], [593, 1100], [594, 1099], [595, 1099], [596, 1098], [597, 1099], [597, 1100], [597, 1101], [596, 1102], [597, 1103], [597, 1104], [597, 1105], [598, 1105], [599, 1105], [598, 1104], [598, 1103], [597, 1102], [597, 1101], [597, 1100], [597, 1099], [597, 1098], [597, 1097], [597, 1096], [597, 1095], [596, 1094], [596, 1093], [595, 1093], [594, 1093]]], [[[603, 1042], [603, 1043], [603, 1044], [603, 1045], [604, 1046], [605, 1046], [606, 1046], [607, 1047], [606, 1048], [605, 1048], [604, 1048], [603, 1049], [602, 1049], [601, 1049], [600, 1049], [601, 1049], [602, 1049], [603, 1050], [604, 1050], [605, 1050], [606, 1051], [606, 1052], [607, 1051], [608, 1051], [609, 1052], [608, 1053], [609, 1054], [609, 1055], [609, 1056], [609, 1057], [609, 1058], [610, 1058], [611, 1059], [611, 1060], [611, 1061], [611, 1062], [611, 1063], [612, 1064], [612, 1065], [612, 1066], [612, 1067], [612, 1068], [613, 1068], [614, 1069], [614, 1070], [615, 1070], [615, 1069], [615, 1068], [615, 1067], [614, 1066], [613, 1065], [613, 1064], [613, 1063], [613, 1062], [613, 1061], [612, 1060], [611, 1059], [611, 1058], [611, 1057], [612, 1056], [612, 1055], [612, 1054], [611, 1054], [610, 1053], [609, 1052], [609, 1051], [608, 1050], [608, 1049], [608, 1048], [607, 1047], [607, 1046], [606, 1045], [605, 1044], [604, 1043]]]]","[[], 27, 28]"
21,21,"[[[244, 1029]], [[243, 1030]], [[242, 1030]], [[241, 1031]], [[241, 1032]], [[240, 1033]], [[239, 1034]], [[238, 1035]], [[238, 1036]], [[237, 1037]], [[237, 1038]], [[237, 1039]], [[237, 1040]], [[237, 1041]], [[237, 1042]], [[238, 1043]], [[238, 1044]], [[238, 1045]], [[238, 1046]], [[239, 1047]], [[239, 1048]], [[239, 1049]], [[239, 1050]], [[239, 1051]], [[240, 1052]], [[241, 1053]], [[242, 1053]], [[243, 1054]], [[244, 1054]], [[245, 1054]], [[246, 1055]], [[247, 1055]], [[248, 1055]], [[249, 1055]], [[250, 1055]], [[251, 1054]], [[252, 1053]], [[252, 1052]], [[251, 1051]], [[251, 1050]], [[251, 1049]], [[251, 1048]], [[251, 1047]], [[251, 1046]], [[251, 1045]], [[251, 1044]], [[251, 1043]], [[251, 1042]], [[251, 1041]], [[251, 1040]], [[250, 1039]], [[250, 1038]], [[250, 1037]], [[250, 1036]], [[250, 1035]], [[249, 1034]], [[249, 1033]], [[249, 1032]], [[248, 1031]], [[247, 1030]], [[246, 1029]], [[245, 1029]]]","[[[[227, 1011], [227, 1012], [227, 1013], [228, 1014], [229, 1015], [228, 1016], [228, 1017], [227, 1018], [226, 1018], [225, 1017], [224, 1017], [224, 1018], [224, 1019], [224, 1020], [225, 1020], [226, 1019], [227, 1018], [228, 1018], [229, 1019], [229, 1020], [230, 1021], [230, 1022], [231, 1023], [232, 1024], [232, 1025], [233, 1026], [233, 1027], [233, 1028], [233, 1029], [233, 1030], [233, 1031], [234, 1032], [234, 1033], [234, 1034], [234, 1035], [233, 1036], [232, 1037], [232, 1038], [232, 1039], [233, 1040], [233, 1041], [233, 1042], [233, 1043], [232, 1044], [231, 1044], [232, 1045], [232, 1046], [231, 1047], [230, 1047], [230, 1048], [231, 1048], [231, 1047], [232, 1046], [233, 1046], [234, 1045], [235, 1044], [236, 1044], [237, 1043], [236, 1042], [236, 1041], [236, 1040], [236, 1039], [236, 1038], [236, 1037], [237, 1036], [237, 1035], [238, 1034], [239, 1033], [240, 1032], [240, 1031], [241, 1030], [242, 1029], [243, 1029], [244, 1028], [244, 1027], [243, 1026], [242, 1027], [241, 1028], [240, 1029], [240, 1030], [239, 1031], [238, 1032], [237, 1033], [236, 1032], [235, 1031], [234, 1030], [234, 1029], [234, 1028], [233, 1027], [233, 1026], [233, 1025], [233, 1024], [232, 1023], [232, 1022], [231, 1021], [231, 1020], [230, 1019], [230, 1018], [230, 1017], [229, 1016], [229, 1015], [230, 1014], [231, 1014], [230, 1013], [229, 1012], [228, 1011]]], []]","[29, []]"
22,22,"[[[346, 1014]], [[346, 1015]], [[346, 1016]], [[346, 1017]], [[345, 1018]], [[344, 1019]], [[344, 1020]], [[344, 1021]], [[344, 1022]], [[344, 1023]], [[344, 1024]], [[344, 1025]], [[343, 1026]], [[343, 1027]], [[343, 1028]], [[342, 1029]], [[342, 1030]], [[342, 1031]], [[342, 1032]], [[342, 1033]], [[342, 1034]], [[342, 1035]], [[342, 1036]], [[343, 1037]], [[344, 1037]], [[345, 1037]], [[346, 1037]], [[347, 1036]], [[347, 1035]], [[348, 1034]], [[349, 1033]], [[349, 1032]], [[350, 1031]], [[351, 1030]], [[351, 1029]], [[352, 1028]], [[352, 1027]], [[352, 1026]], [[351, 1025]], [[351, 1024]], [[351, 1023]], [[350, 1022]], [[350, 1021]], [[350, 1020]], [[349, 1020]], [[348, 1019]], [[347, 1018]], [[348, 1017]], [[349, 1016]], [[349, 1015]], [[348, 1015]], [[347, 1016]], [[346, 1015]]]","[[[[345, 1005], [344, 1006], [344, 1007], [344, 1008], [344, 1009], [343, 1010], [342, 1011], [342, 1012], [342, 1013], [342, 1014], [342, 1015], [343, 1016], [343, 1017], [344, 1018], [345, 1017], [345, 1016], [345, 1015], [345, 1014], [346, 1013], [347, 1013], [348, 1012], [349, 1013], [349, 1014], [350, 1015], [350, 1016], [349, 1017], [348, 1018], [349, 1019], [350, 1019], [351, 1020], [351, 1021], [351, 1022], [352, 1023], [352, 1024], [352, 1025], [353, 1026], [353, 1027], [353, 1028], [352, 1029], [353, 1029], [354, 1029], [355, 1029], [355, 1028], [355, 1027], [355, 1026], [354, 1025], [354, 1024], [354, 1023], [354, 1022], [354, 1021], [354, 1020], [354, 1019], [353, 1018], [352, 1018], [351, 1017], [350, 1016], [350, 1015], [351, 1014], [350, 1013], [349, 1013], [348, 1012], [348, 1011], [349, 1010], [349, 1009], [348, 1008], [347, 1007], [347, 1006], [346, 1005]]], [[[340, 1021], [339, 1022], [338, 1023], [338, 1024], [338, 1025], [338, 1026], [338, 1027], [338, 1028], [338, 1029], [337, 1030], [338, 1030], [339, 1030], [340, 1031], [340, 1032], [340, 1033], [340, 1034], [341, 1034], [341, 1033], [341, 1032], [340, 1031], [340, 1030], [339, 1029], [340, 1028], [340, 1027], [340, 1026], [341, 1025], [342, 1025], [343, 1025], [343, 1024], [343, 1023], [343, 1022], [343, 1021], [342, 1021], [341, 1021]], [[345, 1005], [344, 1006], [344, 1007], [344, 1008], [344, 1009], [343, 1010], [342, 1011], [342, 1012], [342, 1013], [342, 1014], [342, 1015], [343, 1016], [343, 1017], [344, 1018], [345, 1017], [345, 1016], [345, 1015], [345, 1014], [346, 1013], [347, 1013], [348, 1012], [349, 1013], [349, 1014], [350, 1015], [350, 1016], [349, 1017], [348, 1018], [349, 1019], [350, 1019], [351, 1020], [351, 1021], [351, 1022], [352, 1023], [352, 1024], [352, 1025], [353, 1026], [353, 1027], [353, 1028], [352, 1029], [353, 1029], [354, 1029], [355, 1029], [355, 1028], [355, 1027], [355, 1026], [354, 1025], [354, 1024], [354, 1023], [354, 1022], [354, 1021], [354, 1020], [354, 1019], [353, 1018], [352, 1018], [351, 1017], [350, 1016], [350, 1015], [351, 1014], [350, 1013], [349, 1013], [348, 1012], [348, 1011], [349, 1010], [349, 1009], [348, 1008], [347, 1007], [347, 1006], [346, 1005]]], [[[340, 1021], [339, 1022], [338, 1023], [338, 1024], [338, 1025], [338, 1026], [338, 1027], [338, 1028], [338, 1029], [337, 1030], [338, 1030], [339, 1030], [340, 1031], [340, 1032], [340, 1033], [340, 1034], [341, 1034], [341, 1033], [341, 1032], [340, 1031], [340, 1030], [339, 1029], [340, 1028], [340, 1027], [340, 1026], [341, 1025], [342, 1025], [343, 1025], [343, 1024], [343, 1023], [343, 1022], [343, 1021], [342, 1021], [341, 1021]]], []]","[30, 31, 32, []]"
23,23,"[[[590, 1013]], [[591, 1014]], [[591, 1015]], [[591, 1016]], [[590, 1017]], [[590, 1018]], [[590, 1019]], [[589, 1020]], [[589, 1021]], [[589, 1022]], [[589, 1023]], [[588, 1024]], [[588, 1025]], [[587, 1026]], [[588, 1026]], [[589, 1027]], [[590, 1028]], [[590, 1029]], [[591, 1029]], [[592, 1029]], [[593, 1028]], [[594, 1028]], [[595, 1027]], [[594, 1026]], [[595, 1025]], [[596, 1024]], [[596, 1023]], [[597, 1022]], [[598, 1021]], [[598, 1020]], [[598, 1019]], [[597, 1018]], [[597, 1017]], [[596, 1016]], [[595, 1015]], [[594, 1014]], [[593, 1014]], [[592, 1014]], [[591, 1013]]]",[],[]
24,24,"[[[272, 1002]], [[271, 1003]], [[270, 1003]], [[270, 1004]], [[269, 1005]], [[268, 1006]], [[267, 1007]], [[266, 1008]], [[265, 1009]], [[265, 1010]], [[264, 1011]], [[263, 1012]], [[262, 1012]], [[261, 1013]], [[260, 1014]], [[259, 1015]], [[258, 1015]], [[257, 1015]], [[256, 1015]], [[255, 1016]], [[254, 1017]], [[253, 1017]], [[252, 1016]], [[251, 1016]], [[251, 1017]], [[251, 1018]], [[251, 1019]], [[251, 1020]], [[252, 1021]], [[253, 1021]], [[254, 1022]], [[255, 1023]], [[255, 1024]], [[256, 1024]], [[257, 1025]], [[258, 1025]], [[259, 1025]], [[260, 1025]], [[261, 1026]], [[262, 1027]], [[263, 1027]], [[264, 1027]], [[265, 1027]], [[266, 1027]], [[267, 1027]], [[268, 1027]], [[269, 1026]], [[270, 1025]], [[271, 1025]], [[271, 1024]], [[272, 1023]], [[272, 1022]], [[273, 1021]], [[274, 1020]], [[274, 1019]], [[275, 1018]], [[276, 1017]], [[277, 1016]], [[277, 1015]], [[278, 1014]], [[279, 1013]], [[280, 1012]], [[280, 1011]], [[281, 1010]], [[282, 1009]], [[282, 1008]], [[282, 1007]], [[281, 1007]], [[280, 1006]], [[280, 1005]], [[279, 1004]], [[278, 1004]], [[277, 1003]], [[276, 1003]], [[275, 1002]], [[274, 1002]], [[273, 1002]]]",[[]],[]
25,25,"[[[409, 990]], [[408, 991]], [[407, 991]], [[406, 991]], [[405, 991]], [[405, 992]], [[405, 993]], [[405, 994]], [[405, 995]], [[405, 996]], [[406, 997]], [[406, 998]], [[406, 999]], [[405, 1000]], [[404, 1000]], [[403, 1001]], [[402, 1001]], [[401, 1001]], [[400, 1001]], [[399, 1002]], [[398, 1003]], [[397, 1003]], [[396, 1003]], [[396, 1004]], [[395, 1005]], [[395, 1006]], [[395, 1007]], [[394, 1008]], [[394, 1009]], [[394, 1010]], [[394, 1011]], [[395, 1012]], [[395, 1013]], [[395, 1014]], [[394, 1015]], [[393, 1016]], [[393, 1017]], [[392, 1018]], [[391, 1019]], [[392, 1020]], [[393, 1021]], [[393, 1022]], [[394, 1022]], [[395, 1023]], [[396, 1023]], [[397, 1024]], [[398, 1025]], [[398, 1026]], [[399, 1026]], [[400, 1027]], [[401, 1028]], [[402, 1028]], [[403, 1029]], [[404, 1029]], [[405, 1030]], [[406, 1030]], [[407, 1031]], [[408, 1031]], [[409, 1030]], [[410, 1031]], [[411, 1030]], [[412, 1030]], [[413, 1029]], [[414, 1029]], [[415, 1030]], [[416, 1031]], [[417, 1031]], [[418, 1031]], [[419, 1031]], [[420, 1031]], [[421, 1031]], [[422, 1031]], [[423, 1031]], [[424, 1030]], [[425, 1030]], [[426, 1030]], [[427, 1030]], [[428, 1030]], [[429, 1030]], [[430, 1030]], [[431, 1030]], [[432, 1030]], [[433, 1030]], [[434, 1029]], [[435, 1028]], [[436, 1028]], [[437, 1027]], [[438, 1026]], [[439, 1025]], [[439, 1024]], [[440, 1023]], [[441, 1022]], [[442, 1021]], [[443, 1020]], [[444, 1019]], [[445, 1018]], [[446, 1018]], [[447, 1018]], [[448, 1017]], [[448, 1016]], [[449, 1015]], [[449, 1014]], [[449, 1013]], [[450, 1012]], [[450, 1011]], [[450, 1010]], [[449, 1009]], [[450, 1008]], [[450, 1007]], [[450, 1006]], [[450, 1005]], [[449, 1004]], [[449, 1003]], [[449, 1002]], [[449, 1001]], [[448, 1000]], [[447, 999]], [[447, 998]], [[446, 997]], [[445, 996]], [[444, 995]], [[443, 994]], [[442, 993]], [[441, 992]], [[440, 992]], [[439, 992]], [[438, 991]], [[437, 991]], [[436, 991]], [[435, 991]], [[434, 991]], [[433, 990]], [[432, 991]], [[431, 991]], [[430, 991]], [[429, 992]], [[428, 993]], [[427, 993]], [[426, 993]], [[425, 994]], [[424, 993]], [[423, 993]], [[422, 993]], [[421, 994]], [[420, 994]], [[419, 994]], [[418, 994]], [[417, 993]], [[416, 993]], [[415, 992]], [[414, 992]], [[413, 991]], [[412, 990]], [[411, 990]], [[410, 990]]]","[[], [[[389, 1003], [389, 1004], [389, 1005], [388, 1006], [388, 1007], [388, 1008], [389, 1009], [390, 1008], [391, 1007], [392, 1008], [392, 1009], [393, 1010], [393, 1011], [393, 1012], [392, 1013], [393, 1014], [394, 1014], [394, 1013], [394, 1012], [393, 1011], [393, 1010], [393, 1009], [393, 1008], [394, 1007], [393, 1006], [392, 1006], [391, 1005], [390, 1004]]]]","[[], 33]"
26,26,"[[[324, 981]], [[324, 982]], [[323, 983]], [[323, 984]], [[324, 984]], [[325, 985]], [[326, 986]], [[327, 987]], [[328, 988]], [[329, 988]], [[330, 989]], [[331, 990]], [[332, 989]], [[333, 989]], [[334, 989]], [[335, 989]], [[336, 989]], [[336, 988]], [[336, 987]], [[336, 986]], [[335, 986]], [[334, 985]], [[333, 985]], [[332, 984]], [[331, 983]], [[330, 983]], [[329, 983]], [[328, 982]], [[327, 982]], [[326, 981]], [[325, 981]]]",[[]],[]
27,27,"[[[648, 979]], [[647, 980]], [[646, 980]], [[646, 981]], [[645, 982]], [[644, 983]], [[643, 984]], [[642, 985]], [[642, 986]], [[641, 987]], [[640, 988]], [[639, 989]], [[638, 989]], [[637, 989]], [[636, 989]], [[635, 989]], [[634, 989]], [[633, 989]], [[632, 989]], [[631, 989]], [[630, 989]], [[629, 989]], [[628, 989]], [[627, 990]], [[626, 990]], [[625, 990]], [[624, 990]], [[623, 991]], [[622, 992]], [[622, 993]], [[621, 994]], [[620, 995]], [[619, 996]], [[619, 997]], [[618, 998]], [[618, 999]], [[617, 1000]], [[617, 1001]], [[617, 1002]], [[617, 1003]], [[616, 1004]], [[616, 1005]], [[616, 1006]], [[616, 1007]], [[615, 1008]], [[614, 1009]], [[613, 1010]], [[612, 1010]], [[611, 1011]], [[610, 1012]], [[609, 1012]], [[608, 1013]], [[607, 1014]], [[606, 1015]], [[605, 1015]], [[605, 1016]], [[604, 1017]], [[603, 1017]], [[602, 1017]], [[602, 1018]], [[602, 1019]], [[602, 1020]], [[602, 1021]], [[602, 1022]], [[602, 1023]], [[603, 1024]], [[602, 1025]], [[602, 1026]], [[603, 1027]], [[603, 1028]], [[603, 1029]], [[603, 1030]], [[603, 1031]], [[603, 1032]], [[603, 1033]], [[603, 1034]], [[602, 1035]], [[602, 1036]], [[603, 1037]], [[603, 1038]], [[603, 1039]], [[603, 1040]], [[603, 1041]], [[604, 1042]], [[605, 1043]], [[606, 1044]], [[607, 1045]], [[608, 1046]], [[608, 1047]], [[609, 1048]], [[609, 1049]], [[609, 1050]], [[610, 1051]], [[610, 1052]], [[611, 1053]], [[612, 1053]], [[613, 1053]], [[614, 1053]], [[615, 1054]], [[616, 1054]], [[617, 1054]], [[618, 1054]], [[619, 1054]], [[620, 1054]], [[621, 1054]], [[622, 1054]], [[623, 1054]], [[624, 1054]], [[625, 1054]], [[626, 1054]], [[627, 1055]], [[628, 1055]], [[629, 1055]], [[630, 1055]], [[631, 1055]], [[632, 1055]], [[633, 1055]], [[634, 1055]], [[635, 1054]], [[635, 1053]], [[635, 1052]], [[636, 1051]], [[636, 1050]], [[636, 1049]], [[637, 1048]], [[638, 1047]], [[639, 1046]], [[640, 1045]], [[641, 1045]], [[642, 1044]], [[643, 1044]], [[644, 1044]], [[645, 1044]], [[646, 1044]], [[647, 1044]], [[648, 1044]], [[649, 1044]], [[650, 1044]], [[651, 1044]], [[652, 1043]], [[653, 1044]], [[654, 1043]], [[655, 1043]], [[656, 1043]], [[657, 1042]], [[658, 1042]], [[659, 1041]], [[659, 1040]], [[660, 1039]], [[660, 1038]], [[661, 1037]], [[661, 1036]], [[662, 1035]], [[662, 1034]], [[663, 1033]], [[664, 1032]], [[665, 1031]], [[665, 1030]], [[666, 1029]], [[666, 1028]], [[666, 1027]], [[666, 1026]], [[665, 1025]], [[665, 1024]], [[665, 1023]], [[664, 1022]], [[665, 1021]], [[666, 1020]], [[667, 1019]], [[667, 1018]], [[667, 1017]], [[666, 1016]], [[666, 1015]], [[666, 1014]], [[666, 1013]], [[666, 1012]], [[666, 1011]], [[667, 1010]], [[667, 1009]], [[666, 1008]], [[666, 1007]], [[666, 1006]], [[667, 1005]], [[667, 1004]], [[667, 1003]], [[667, 1002]], [[668, 1001]], [[668, 1000]], [[668, 999]], [[668, 998]], [[667, 997]], [[667, 996]], [[666, 995]], [[665, 994]], [[665, 993]], [[664, 992]], [[664, 991]], [[663, 990]], [[662, 989]], [[661, 989]], [[660, 989]], [[659, 989]], [[658, 989]], [[657, 989]], [[656, 988]], [[655, 987]], [[654, 986]], [[653, 985]], [[652, 984]], [[652, 983]], [[651, 982]], [[651, 981]], [[650, 980]], [[649, 979]]]","[[], [[[601, 1027], [601, 1028], [601, 1029], [601, 1030], [600, 1031], [599, 1031], [598, 1030], [597, 1030], [596, 1029], [596, 1030], [597, 1031], [598, 1031], [599, 1031], [600, 1031], [601, 1032], [601, 1033], [600, 1034], [601, 1034], [602, 1034], [602, 1033], [602, 1032], [602, 1031], [602, 1030], [602, 1029], [602, 1028], [602, 1027]]], [[[603, 1042], [603, 1043], [603, 1044], [603, 1045], [604, 1046], [605, 1046], [606, 1046], [607, 1047], [606, 1048], [605, 1048], [604, 1048], [603, 1049], [602, 1049], [601, 1049], [600, 1049], [601, 1049], [602, 1049], [603, 1050], [604, 1050], [605, 1050], [606, 1051], [606, 1052], [607, 1051], [608, 1051], [609, 1052], [608, 1053], [609, 1054], [609, 1055], [609, 1056], [609, 1057], [609, 1058], [610, 1058], [611, 1059], [611, 1060], [611, 1061], [611, 1062], [611, 1063], [612, 1064], [612, 1065], [612, 1066], [612, 1067], [612, 1068], [613, 1068], [614, 1069], [614, 1070], [615, 1070], [615, 1069], [615, 1068], [615, 1067], [614, 1066], [613, 1065], [613, 1064], [613, 1063], [613, 1062], [613, 1061], [612, 1060], [611, 1059], [611, 1058], [611, 1057], [612, 1056], [612, 1055], [612, 1054], [611, 1054], [610, 1053], [609, 1052], [609, 1051], [608, 1050], [608, 1049], [608, 1048], [607, 1047], [607, 1046], [606, 1045], [605, 1044], [604, 1043]]], [[[642, 1048], [641, 1049], [640, 1050], [639, 1050], [638, 1049], [637, 1050], [637, 1051], [636, 1052], [636, 1053], [636, 1054], [637, 1054], [638, 1053], [639, 1052], [640, 1052], [641, 1051], [642, 1050], [643, 1051], [644, 1052], [644, 1053], [644, 1054], [645, 1053], [645, 1052], [646, 1051], [647, 1051], [648, 1051], [649, 1051], [650, 1051], [650, 1050], [649, 1050], [648, 1049], [647, 1049], [646, 1049], [645, 1049], [644, 1049], [643, 1048]]], [[[667, 1011], [667, 1012], [667, 1013], [667, 1014], [667, 1015], [667, 1016], [668, 1017], [668, 1018], [668, 1019], [669, 1018], [670, 1018], [671, 1018], [672, 1018], [673, 1018], [674, 1018], [675, 1018], [675, 1017], [674, 1017], [673, 1017], [672, 1017], [671, 1017], [670, 1017], [669, 1016], [669, 1015], [670, 1014], [670, 1013], [670, 1012], [670, 1011], [669, 1011], [668, 1011]]]]","[[], 34, 28, 36, 37]"
28,28,"[[[216, 979]], [[215, 980]], [[214, 980]], [[213, 980]], [[212, 981]], [[211, 980]], [[210, 981]], [[211, 980]], [[212, 981]], [[212, 982]], [[211, 983]], [[211, 984]], [[210, 985]], [[209, 986]], [[208, 987]], [[208, 988]], [[207, 989]], [[206, 988]], [[206, 987]], [[206, 988]], [[206, 989]], [[207, 990]], [[207, 991]], [[207, 992]], [[207, 993]], [[206, 994]], [[207, 995]], [[207, 996]], [[207, 997]], [[208, 998]], [[209, 999]], [[210, 999]], [[211, 999]], [[212, 999]], [[213, 998]], [[214, 997]], [[215, 996]], [[216, 995]], [[217, 994]], [[218, 993]], [[219, 993]], [[220, 993]], [[221, 992]], [[222, 991]], [[223, 990]], [[223, 989]], [[223, 988]], [[224, 987]], [[224, 986]], [[224, 985]], [[223, 984]], [[224, 983]], [[223, 982]], [[222, 982]], [[221, 981]], [[220, 980]], [[219, 979]], [[218, 979]], [[217, 979]]]","[[[[203, 970], [202, 971], [202, 972], [202, 973], [203, 974], [204, 975], [205, 976], [206, 977], [206, 978], [206, 979], [207, 980], [208, 981], [209, 981], [210, 980], [211, 979], [212, 978], [212, 977], [211, 977], [210, 976], [209, 976], [208, 975], [207, 974], [206, 973], [205, 973], [204, 972], [203, 971]]], []]","[38, []]"
29,29,"[[[375, 977]], [[374, 978]], [[374, 979]], [[374, 980]], [[374, 981]], [[374, 982]], [[374, 983]], [[374, 984]], [[375, 985]], [[375, 986]], [[375, 987]], [[376, 988]], [[376, 989]], [[377, 990]], [[378, 990]], [[379, 990]], [[380, 989]], [[380, 988]], [[380, 987]], [[380, 986]], [[380, 985]], [[380, 984]], [[381, 983]], [[381, 982]], [[381, 981]], [[381, 980]], [[380, 980]], [[379, 979]], [[378, 979]], [[377, 978]], [[376, 978]]]","[[[[382, 971], [381, 972], [380, 973], [379, 973], [378, 974], [377, 974], [376, 974], [375, 973], [374, 973], [373, 974], [372, 975], [371, 975], [370, 976], [371, 976], [372, 975], [373, 976], [373, 977], [374, 977], [375, 976], [376, 977], [377, 976], [378, 975], [379, 974], [380, 973], [381, 973], [382, 973], [383, 973], [384, 973], [384, 972], [384, 971], [383, 971]]], []]","[39, []]"
30,30,"[[[504, 972]], [[503, 973]], [[502, 974]], [[501, 975]], [[500, 976]], [[499, 977]], [[498, 978]], [[497, 978]], [[497, 979]], [[497, 980]], [[496, 981]], [[495, 982]], [[495, 983]], [[495, 984]], [[494, 985]], [[495, 986]], [[494, 987]], [[494, 988]], [[494, 989]], [[494, 990]], [[494, 991]], [[494, 992]], [[494, 993]], [[494, 994]], [[494, 995]], [[494, 996]], [[495, 997]], [[495, 998]], [[495, 999]], [[496, 1000]], [[497, 1000]], [[498, 1000]], [[499, 1000]], [[500, 1000]], [[501, 1001]], [[502, 1001]], [[503, 1001]], [[504, 1001]], [[505, 1000]], [[506, 1000]], [[507, 1000]], [[508, 999]], [[509, 998]], [[510, 997]], [[511, 997]], [[512, 996]], [[513, 995]], [[514, 994]], [[514, 993]], [[515, 992]], [[515, 991]], [[515, 990]], [[516, 989]], [[517, 988]], [[517, 987]], [[516, 986]], [[516, 985]], [[515, 984]], [[514, 983]], [[514, 982]], [[513, 981]], [[513, 980]], [[512, 979]], [[512, 978]], [[511, 977]], [[511, 976]], [[510, 975]], [[510, 974]], [[509, 973]], [[508, 972]], [[507, 972]], [[506, 972]], [[505, 972]]]","[[[[496, 961], [496, 962], [497, 963], [497, 964], [498, 965], [498, 966], [499, 967], [500, 968], [500, 969], [501, 969], [502, 969], [503, 969], [504, 969], [505, 970], [505, 971], [506, 971], [507, 971], [508, 971], [509, 972], [509, 971], [510, 970], [509, 970], [508, 970], [507, 970], [506, 969], [505, 969], [504, 969], [503, 968], [502, 967], [501, 967], [500, 966], [499, 965], [498, 964], [497, 963], [497, 962]]], []]","[40, []]"
31,31,"[[[291, 969]], [[290, 970]], [[289, 970]], [[288, 971]], [[287, 971]], [[286, 972]], [[286, 973]], [[285, 974]], [[285, 975]], [[285, 976]], [[285, 977]], [[285, 978]], [[284, 979]], [[284, 980]], [[284, 981]], [[283, 982]], [[282, 981]], [[282, 982]], [[282, 983]], [[282, 984]], [[282, 985]], [[282, 986]], [[282, 987]], [[281, 988]], [[280, 989]], [[279, 989]], [[278, 989]], [[277, 990]], [[276, 991]], [[275, 991]], [[275, 992]], [[274, 993]], [[274, 994]], [[274, 995]], [[275, 996]], [[275, 997]], [[276, 998]], [[277, 999]], [[278, 1000]], [[279, 1000]], [[280, 1000]], [[281, 1000]], [[282, 1000]], [[283, 1000]], [[284, 1000]], [[285, 999]], [[286, 999]], [[287, 1000]], [[288, 1001]], [[288, 1002]], [[289, 1003]], [[290, 1003]], [[291, 1003]], [[292, 1002]], [[293, 1002]], [[294, 1001]], [[295, 1000]], [[296, 999]], [[297, 999]], [[298, 999]], [[299, 999]], [[300, 999]], [[301, 1000]], [[302, 999]], [[303, 999]], [[304, 998]], [[305, 999]], [[306, 999]], [[307, 998]], [[307, 997]], [[307, 996]], [[308, 995]], [[309, 994]], [[309, 993]], [[310, 992]], [[310, 991]], [[311, 990]], [[311, 989]], [[311, 988]], [[311, 987]], [[311, 986]], [[310, 985]], [[310, 984]], [[310, 983]], [[309, 982]], [[308, 981]], [[308, 980]], [[308, 979]], [[308, 978]], [[308, 977]], [[307, 976]], [[306, 975]], [[305, 975]], [[304, 975]], [[303, 974]], [[302, 974]], [[301, 973]], [[300, 972]], [[300, 971]], [[299, 970]], [[298, 969]], [[297, 969]], [[296, 969]], [[295, 969]], [[294, 969]], [[293, 969]], [[292, 969]]]",[[]],[]
32,32,"[[[430, 964]], [[429, 965]], [[428, 966]], [[428, 967]], [[427, 968]], [[427, 969]], [[427, 970]], [[427, 971]], [[427, 972]], [[427, 973]], [[428, 974]], [[429, 975]], [[430, 976]], [[431, 977]], [[432, 977]], [[433, 977]], [[434, 977]], [[435, 978]], [[436, 979]], [[437, 980]], [[438, 980]], [[439, 981]], [[440, 982]], [[441, 983]], [[442, 983]], [[443, 984]], [[444, 984]], [[445, 984]], [[446, 983]], [[447, 983]], [[448, 982]], [[449, 981]], [[449, 980]], [[449, 979]], [[450, 978]], [[450, 977]], [[451, 976]], [[450, 975]], [[450, 974]], [[449, 973]], [[448, 973]], [[447, 972]], [[446, 971]], [[445, 971]], [[444, 971]], [[443, 971]], [[442, 971]], [[441, 972]], [[440, 972]], [[439, 972]], [[438, 971]], [[437, 971]], [[436, 971]], [[435, 970]], [[434, 969]], [[434, 968]], [[434, 967]], [[433, 967]], [[432, 966]], [[432, 965]], [[431, 964]]]","[[], [[[431, 978], [431, 979], [431, 980], [432, 981], [432, 982], [433, 982], [434, 982], [435, 982], [436, 982], [437, 983], [438, 983], [439, 984], [440, 984], [441, 985], [442, 985], [443, 985], [442, 984], [441, 984], [440, 983], [439, 982], [438, 981], [437, 981], [436, 980], [435, 979], [434, 978], [433, 978], [432, 978]]]]","[[], 41]"
33,33,"[[[586, 963]], [[585, 964]], [[584, 965]], [[584, 966]], [[583, 967]], [[582, 967]], [[581, 968]], [[580, 969]], [[579, 970]], [[578, 971]], [[577, 972]], [[576, 973]], [[575, 974]], [[574, 974]], [[573, 974]], [[572, 974]], [[571, 974]], [[570, 974]], [[569, 975]], [[568, 976]], [[567, 976]], [[566, 976]], [[565, 977]], [[564, 977]], [[563, 977]], [[562, 976]], [[561, 976]], [[560, 975]], [[560, 974]], [[560, 973]], [[560, 972]], [[560, 971]], [[559, 970]], [[559, 969]], [[558, 968]], [[557, 968]], [[556, 968]], [[555, 969]], [[554, 968]], [[553, 969]], [[552, 968]], [[551, 968]], [[552, 969]], [[552, 970]], [[551, 971]], [[550, 971]], [[549, 972]], [[548, 972]], [[547, 972]], [[546, 972]], [[546, 973]], [[546, 974]], [[545, 975]], [[544, 975]], [[543, 976]], [[543, 977]], [[543, 978]], [[544, 979]], [[543, 980]], [[543, 981]], [[543, 982]], [[543, 983]], [[543, 984]], [[543, 985]], [[544, 986]], [[545, 986]], [[546, 987]], [[546, 988]], [[546, 989]], [[546, 990]], [[547, 991]], [[547, 992]], [[548, 992]], [[549, 992]], [[550, 993]], [[550, 994]], [[551, 995]], [[550, 996]], [[549, 997]], [[548, 998]], [[547, 999]], [[546, 1000]], [[545, 1001]], [[544, 1000]], [[543, 999]], [[542, 999]], [[541, 1000]], [[540, 1000]], [[539, 1001]], [[538, 1002]], [[538, 1003]], [[537, 1004]], [[536, 1004]], [[535, 1003]], [[534, 1002]], [[533, 1001]], [[532, 1002]], [[531, 1002]], [[531, 1003]], [[530, 1004]], [[530, 1005]], [[530, 1006]], [[530, 1007]], [[529, 1008]], [[530, 1009]], [[530, 1010]], [[531, 1010]], [[532, 1010]], [[533, 1009]], [[534, 1008]], [[534, 1007]], [[535, 1006]], [[536, 1006]], [[537, 1006]], [[538, 1006]], [[539, 1006]], [[540, 1006]], [[541, 1005]], [[542, 1004]], [[543, 1003]], [[544, 1003]], [[545, 1004]], [[545, 1005]], [[545, 1006]], [[545, 1007]], [[545, 1008]], [[546, 1009]], [[546, 1010]], [[546, 1011]], [[546, 1012]], [[546, 1013]], [[546, 1014]], [[546, 1015]], [[546, 1016]], [[547, 1017]], [[547, 1018]], [[547, 1019]], [[548, 1020]], [[548, 1021]], [[548, 1022]], [[549, 1023]], [[549, 1024]], [[550, 1024]], [[551, 1025]], [[552, 1025]], [[553, 1025]], [[554, 1025]], [[555, 1026]], [[556, 1026]], [[557, 1027]], [[558, 1027]], [[559, 1028]], [[560, 1029]], [[561, 1029]], [[562, 1029]], [[563, 1029]], [[564, 1029]], [[565, 1029]], [[566, 1028]], [[566, 1027]], [[566, 1026]], [[566, 1025]], [[566, 1024]], [[566, 1023]], [[566, 1022]], [[566, 1021]], [[566, 1020]], [[566, 1019]], [[567, 1018]], [[567, 1017]], [[567, 1016]], [[567, 1015]], [[567, 1014]], [[567, 1013]], [[567, 1012]], [[566, 1011]], [[566, 1010]], [[567, 1009]], [[568, 1008]], [[568, 1007]], [[569, 1006]], [[570, 1006]], [[571, 1005]], [[571, 1004]], [[572, 1003]], [[573, 1002]], [[574, 1002]], [[575, 1002]], [[576, 1001]], [[577, 1001]], [[578, 1000]], [[579, 1000]], [[580, 1000]], [[581, 1000]], [[582, 999]], [[583, 999]], [[583, 998]], [[583, 997]], [[584, 996]], [[583, 995]], [[583, 994]], [[582, 993]], [[582, 992]], [[582, 991]], [[582, 990]], [[582, 989]], [[583, 988]], [[584, 987]], [[585, 987]], [[586, 987]], [[587, 987]], [[588, 986]], [[589, 986]], [[590, 985]], [[591, 984]], [[592, 984]], [[593, 984]], [[594, 983]], [[595, 983]], [[596, 982]], [[597, 981]], [[597, 980]], [[597, 979]], [[596, 978]], [[595, 978]], [[594, 978]], [[593, 978]], [[592, 977]], [[591, 976]], [[591, 975]], [[591, 974]], [[591, 973]], [[591, 972]], [[592, 971]], [[592, 970]], [[591, 969]], [[590, 968]], [[590, 967]], [[590, 966]], [[589, 965]], [[588, 965]], [[587, 964]], [[587, 963]]]","[[], [[[542, 976], [542, 977], [542, 978], [542, 979], [542, 980], [541, 981], [541, 982], [541, 983], [541, 984], [541, 985], [540, 986], [539, 987], [539, 988], [539, 989], [538, 990], [538, 991], [538, 992], [538, 993], [539, 992], [540, 992], [541, 991], [542, 991], [543, 992], [543, 993], [543, 994], [544, 993], [545, 994], [546, 994], [546, 993], [545, 992], [544, 991], [543, 990], [542, 989], [542, 988], [543, 987], [543, 986], [542, 985], [542, 984], [542, 983], [542, 982], [542, 981], [542, 980], [543, 979], [542, 978], [542, 977]]]]","[[], 42]"
34,34,"[[[178, 958]], [[177, 959]], [[177, 960]], [[176, 961]], [[175, 961]], [[174, 961]], [[173, 961]], [[172, 961]], [[171, 961]], [[170, 962]], [[170, 963]], [[170, 964]], [[169, 965]], [[168, 965]], [[167, 965]], [[166, 964]], [[165, 965]], [[165, 966]], [[165, 967]], [[165, 968]], [[165, 969]], [[164, 970]], [[164, 971]], [[163, 972]], [[162, 973]], [[161, 974]], [[160, 975]], [[159, 975]], [[160, 976]], [[161, 977]], [[162, 978]], [[163, 979]], [[164, 980]], [[164, 981]], [[165, 982]], [[165, 983]], [[164, 984]], [[164, 985]], [[164, 986]], [[164, 987]], [[164, 988]], [[164, 989]], [[163, 990]], [[163, 991]], [[163, 992]], [[163, 993]], [[162, 994]], [[161, 995]], [[160, 996]], [[159, 997]], [[158, 996]], [[159, 997]], [[159, 998]], [[160, 997]], [[161, 998]], [[162, 998]], [[163, 999]], [[164, 1000]], [[164, 1001]], [[165, 1002]], [[166, 1002]], [[167, 1002]], [[168, 1002]], [[169, 1002]], [[170, 1003]], [[170, 1004]], [[171, 1004]], [[172, 1005]], [[173, 1005]], [[174, 1005]], [[175, 1006]], [[176, 1007]], [[177, 1008]], [[178, 1008]], [[179, 1009]], [[180, 1009]], [[181, 1009]], [[182, 1009]], [[183, 1009]], [[184, 1009]], [[185, 1009]], [[186, 1009]], [[187, 1009]], [[188, 1009]], [[189, 1008]], [[190, 1008]], [[191, 1008]], [[192, 1007]], [[193, 1006]], [[193, 1005]], [[193, 1004]], [[194, 1003]], [[195, 1002]], [[196, 1001]], [[196, 1000]], [[197, 999]], [[198, 998]], [[198, 997]], [[198, 996]], [[198, 995]], [[199, 994]], [[199, 993]], [[200, 992]], [[201, 991]], [[202, 990]], [[203, 989]], [[203, 988]], [[203, 987]], [[203, 986]], [[202, 985]], [[202, 984]], [[202, 983]], [[202, 982]], [[203, 981]], [[204, 982]], [[205, 982]], [[206, 982]], [[207, 982]], [[207, 981]], [[206, 980]], [[205, 979]], [[205, 978]], [[205, 977]], [[204, 976]], [[203, 975]], [[202, 975]], [[201, 974]], [[201, 973]], [[201, 972]], [[201, 971]], [[201, 970]], [[201, 969]], [[200, 969]], [[199, 968]], [[198, 968]], [[197, 968]], [[196, 968]], [[195, 967]], [[194, 966]], [[193, 965]], [[192, 964]], [[191, 963]], [[190, 962]], [[189, 962]], [[188, 962]], [[187, 961]], [[186, 960]], [[185, 959]], [[184, 958]], [[183, 958]], [[182, 959]], [[181, 958]], [[180, 958]], [[179, 958]]]","[[], [[[153, 988], [152, 989], [151, 990], [150, 991], [149, 991], [148, 991], [148, 992], [149, 993], [150, 994], [151, 995], [152, 996], [153, 996], [154, 996], [155, 996], [156, 997], [156, 998], [157, 999], [157, 1000], [157, 1001], [157, 1002], [157, 1003], [157, 1004], [158, 1004], [159, 1003], [159, 1002], [159, 1001], [159, 1000], [159, 999], [158, 998], [158, 997], [157, 996], [157, 995], [156, 994], [155, 994], [154, 994], [153, 993], [154, 992], [155, 991], [156, 991], [157, 990], [156, 989], [155, 988], [154, 988]]], [[[203, 970], [202, 971], [202, 972], [202, 973], [203, 974], [204, 975], [205, 976], [206, 977], [206, 978], [206, 979], [207, 980], [208, 981], [209, 981], [210, 980], [211, 979], [212, 978], [212, 977], [211, 977], [210, 976], [209, 976], [208, 975], [207, 974], [206, 973], [205, 973], [204, 972], [203, 971]]]]","[[], 43, 38]"
35,35,"[[[271, 944]], [[270, 945]], [[269, 945]], [[268, 945]], [[267, 946]], [[266, 946]], [[265, 947]], [[264, 948]], [[263, 948]], [[262, 949]], [[261, 950]], [[260, 950]], [[259, 950]], [[258, 950]], [[257, 950]], [[256, 950]], [[255, 951]], [[254, 952]], [[253, 953]], [[252, 953]], [[251, 954]], [[251, 955]], [[250, 956]], [[249, 957]], [[248, 958]], [[247, 959]], [[246, 960]], [[247, 961]], [[247, 962]], [[248, 963]], [[248, 964]], [[249, 965]], [[249, 966]], [[249, 967]], [[250, 968]], [[250, 969]], [[250, 970]], [[251, 970]], [[252, 970]], [[253, 970]], [[254, 969]], [[255, 970]], [[256, 970]], [[257, 971]], [[258, 971]], [[259, 971]], [[260, 971]], [[261, 972]], [[261, 973]], [[262, 974]], [[262, 975]], [[263, 976]], [[263, 977]], [[264, 978]], [[265, 979]], [[266, 979]], [[267, 979]], [[268, 979]], [[269, 980]], [[270, 981]], [[271, 982]], [[272, 982]], [[273, 981]], [[274, 981]], [[275, 981]], [[276, 981]], [[277, 981]], [[278, 980]], [[279, 980]], [[280, 979]], [[281, 978]], [[281, 977]], [[281, 976]], [[281, 975]], [[282, 974]], [[282, 973]], [[282, 972]], [[282, 971]], [[282, 970]], [[282, 969]], [[282, 968]], [[282, 967]], [[283, 966]], [[283, 965]], [[282, 964]], [[282, 963]], [[282, 962]], [[282, 961]], [[282, 960]], [[282, 959]], [[282, 958]], [[282, 957]], [[282, 956]], [[282, 955]], [[282, 954]], [[282, 953]], [[282, 952]], [[282, 951]], [[282, 950]], [[282, 949]], [[282, 948]], [[281, 947]], [[281, 946]], [[280, 945]], [[279, 944]], [[278, 944]], [[277, 944]], [[276, 944]], [[275, 944]], [[274, 944]], [[273, 944]], [[272, 944]]]",[[]],[]
36,36,"[[[75, 940]], [[75, 941]], [[74, 942]], [[73, 942]], [[73, 943]], [[72, 944]], [[71, 944]], [[70, 945]], [[70, 946]], [[69, 947]], [[68, 948]], [[67, 949]], [[66, 950]], [[65, 951]], [[64, 952]], [[64, 953]], [[63, 954]], [[62, 954]], [[61, 955]], [[60, 955]], [[59, 954]], [[59, 955]], [[58, 956]], [[58, 957]], [[57, 958]], [[56, 959]], [[56, 960]], [[57, 961]], [[56, 962]], [[56, 963]], [[55, 964]], [[54, 965]], [[53, 965]], [[52, 965]], [[52, 966]], [[53, 965]], [[54, 965]], [[55, 966]], [[56, 967]], [[56, 968]], [[56, 969]], [[56, 970]], [[55, 971]], [[55, 972]], [[55, 973]], [[55, 974]], [[55, 975]], [[54, 976]], [[54, 977]], [[55, 978]], [[55, 979]], [[55, 980]], [[54, 981]], [[54, 982]], [[53, 983]], [[53, 984]], [[52, 985]], [[52, 986]], [[52, 987]], [[53, 988]], [[53, 989]], [[54, 990]], [[55, 990]], [[56, 991]], [[57, 991]], [[58, 992]], [[59, 992]], [[60, 992]], [[61, 992]], [[62, 992]], [[63, 992]], [[64, 991]], [[65, 991]], [[66, 990]], [[67, 990]], [[68, 990]], [[69, 990]], [[70, 989]], [[71, 989]], [[72, 990]], [[73, 991]], [[74, 992]], [[75, 992]], [[76, 993]], [[77, 994]], [[78, 995]], [[79, 996]], [[78, 997]], [[77, 997]], [[76, 997]], [[75, 997]], [[74, 998]], [[73, 998]], [[72, 998]], [[71, 998]], [[71, 999]], [[71, 1000]], [[71, 1001]], [[71, 1002]], [[70, 1003]], [[69, 1002]], [[68, 1002]], [[67, 1002]], [[66, 1003]], [[65, 1004]], [[64, 1005]], [[63, 1006]], [[62, 1007]], [[61, 1007]], [[60, 1006]], [[59, 1006]], [[58, 1006]], [[57, 1007]], [[56, 1008]], [[55, 1009]], [[55, 1010]], [[55, 1011]], [[54, 1012]], [[54, 1013]], [[54, 1014]], [[55, 1015]], [[56, 1015]], [[57, 1016]], [[58, 1017]], [[59, 1018]], [[59, 1019]], [[59, 1020]], [[59, 1021]], [[59, 1022]], [[59, 1023]], [[60, 1024]], [[61, 1025]], [[61, 1026]], [[61, 1027]], [[62, 1027]], [[63, 1027]], [[64, 1027]], [[65, 1028]], [[66, 1029]], [[67, 1029]], [[68, 1028]], [[69, 1028]], [[70, 1028]], [[71, 1029]], [[71, 1030]], [[72, 1030]], [[73, 1030]], [[74, 1029]], [[75, 1029]], [[76, 1029]], [[77, 1028]], [[78, 1028]], [[78, 1027]], [[79, 1026]], [[79, 1025]], [[80, 1024]], [[81, 1023]], [[81, 1022]], [[81, 1021]], [[81, 1020]], [[81, 1019]], [[80, 1018]], [[80, 1017]], [[80, 1016]], [[80, 1015]], [[81, 1014]], [[82, 1014]], [[83, 1014]], [[84, 1014]], [[85, 1014]], [[86, 1015]], [[86, 1016]], [[86, 1017]], [[86, 1018]], [[86, 1019]], [[86, 1020]], [[87, 1021]], [[87, 1022]], [[88, 1023]], [[89, 1023]], [[90, 1023]], [[91, 1022]], [[92, 1021]], [[92, 1020]], [[93, 1019]], [[93, 1018]], [[93, 1017]], [[93, 1016]], [[93, 1015]], [[94, 1014]], [[94, 1013]], [[94, 1012]], [[94, 1011]], [[93, 1010]], [[93, 1009]], [[92, 1008]], [[91, 1007]], [[91, 1006]], [[90, 1005]], [[89, 1004]], [[88, 1003]], [[88, 1002]], [[87, 1001]], [[87, 1000]], [[87, 999]], [[86, 999]], [[85, 999]], [[84, 998]], [[84, 997]], [[85, 996]], [[86, 996]], [[87, 996]], [[88, 996]], [[89, 996]], [[90, 995]], [[91, 995]], [[92, 995]], [[93, 995]], [[94, 994]], [[95, 994]], [[96, 994]], [[97, 994]], [[98, 994]], [[99, 994]], [[100, 993]], [[101, 992]], [[102, 991]], [[103, 990]], [[103, 989]], [[104, 988]], [[104, 987]], [[105, 986]], [[105, 985]], [[106, 984]], [[106, 983]], [[107, 982]], [[107, 981]], [[108, 980]], [[108, 979]], [[108, 978]], [[107, 977]], [[106, 976]], [[105, 976]], [[104, 976]], [[103, 976]], [[102, 975]], [[102, 974]], [[102, 973]], [[103, 972]], [[103, 971]], [[104, 970]], [[104, 969]], [[104, 968]], [[104, 967]], [[103, 966]], [[104, 965]], [[104, 964]], [[104, 963]], [[104, 962]], [[104, 961]], [[104, 960]], [[103, 959]], [[102, 958]], [[101, 958]], [[100, 957]], [[99, 958]], [[98, 957]], [[97, 957]], [[96, 958]], [[95, 958]], [[94, 957]], [[94, 956]], [[93, 955]], [[92, 955]], [[91, 955]], [[90, 954]], [[89, 953]], [[89, 952]], [[89, 951]], [[90, 950]], [[89, 949]], [[89, 948]], [[88, 948]], [[87, 948]], [[86, 948]], [[85, 947]], [[84, 947]], [[83, 947]], [[82, 946]], [[81, 946]], [[80, 945]], [[79, 945]], [[78, 944]], [[77, 943]], [[76, 942]], [[75, 941]]]","[[[[74, 936], [74, 937], [74, 938], [75, 939], [76, 940], [76, 941], [77, 942], [78, 943], [79, 944], [80, 944], [81, 945], [82, 945], [83, 946], [84, 946], [85, 946], [85, 945], [84, 944], [83, 944], [82, 943], [81, 942], [81, 941], [80, 940], [79, 940], [78, 939], [77, 939], [76, 938], [75, 937], [75, 936]]], []]","[45, []]"
37,37,"[[[709, 928]], [[708, 929]], [[707, 930]], [[706, 931]], [[705, 932]], [[704, 933]], [[704, 934]], [[704, 935]], [[705, 935]], [[706, 934]], [[707, 934]], [[708, 934]], [[709, 935]], [[708, 936]], [[707, 937]], [[706, 938]], [[705, 938]], [[704, 938]], [[703, 939]], [[702, 939]], [[701, 939]], [[700, 939]], [[699, 940]], [[698, 940]], [[697, 940]], [[696, 941]], [[695, 941]], [[694, 941]], [[693, 941]], [[692, 942]], [[691, 942]], [[690, 943]], [[690, 944]], [[689, 945]], [[689, 946]], [[688, 947]], [[688, 948]], [[688, 949]], [[687, 950]], [[687, 951]], [[687, 952]], [[687, 953]], [[687, 954]], [[687, 955]], [[687, 956]], [[687, 957]], [[687, 958]], [[687, 959]], [[687, 960]], [[687, 961]], [[687, 962]], [[687, 963]], [[688, 964]], [[689, 965]], [[690, 965]], [[691, 965]], [[692, 966]], [[693, 966]], [[694, 967]], [[695, 967]], [[696, 967]], [[697, 967]], [[698, 967]], [[699, 967]], [[700, 967]], [[701, 966]], [[702, 966]], [[703, 966]], [[704, 966]], [[705, 966]], [[706, 965]], [[707, 965]], [[708, 964]], [[709, 964]], [[710, 964]], [[711, 964]], [[712, 963]], [[713, 963]], [[714, 963]], [[715, 962]], [[716, 962]], [[717, 962]], [[718, 962]], [[719, 962]], [[720, 962]], [[721, 962]], [[722, 961]], [[723, 961]], [[724, 961]], [[725, 961]], [[726, 960]], [[727, 960]], [[728, 960]], [[729, 960]], [[730, 960]], [[731, 959]], [[732, 959]], [[733, 958]], [[733, 957]], [[734, 956]], [[735, 955]], [[735, 954]], [[735, 953]], [[735, 952]], [[735, 951]], [[735, 950]], [[734, 949]], [[734, 948]], [[734, 947]], [[735, 946]], [[734, 945]], [[734, 944]], [[734, 943]], [[734, 942]], [[733, 941]], [[733, 940]], [[732, 939]], [[732, 938]], [[731, 937]], [[730, 936]], [[729, 935]], [[729, 934]], [[728, 934]], [[727, 933]], [[726, 933]], [[725, 933]], [[724, 933]], [[723, 932]], [[722, 932]], [[721, 932]], [[720, 931]], [[719, 930]], [[718, 930]], [[717, 929]], [[716, 929]], [[715, 929]], [[714, 928]], [[713, 928]], [[712, 928]], [[711, 928]], [[710, 928]]]","[[[[701, 967], [700, 968], [699, 968], [698, 968], [697, 968], [696, 968], [695, 968], [694, 968], [693, 968], [693, 969], [693, 970], [694, 970], [695, 970], [696, 970], [697, 970], [698, 970], [699, 969], [700, 969], [701, 969], [702, 969], [703, 968], [704, 968], [705, 969], [706, 970], [707, 971], [707, 972], [707, 973], [708, 973], [709, 972], [710, 971], [711, 970], [712, 970], [713, 970], [714, 971], [714, 970], [714, 969], [714, 968], [713, 968], [712, 969], [711, 970], [710, 970], [709, 970], [708, 969], [707, 968], [706, 967], [705, 967], [704, 967], [703, 967], [702, 967]]], []]","[46, []]"
38,38,"[[[716, 907]], [[715, 908]], [[714, 909]], [[714, 910]], [[714, 911]], [[713, 912]], [[713, 913]], [[713, 914]], [[713, 915]], [[713, 916]], [[713, 917]], [[713, 918]], [[713, 919]], [[714, 920]], [[715, 921]], [[716, 921]], [[717, 921]], [[718, 921]], [[719, 921]], [[720, 921]], [[721, 921]], [[722, 922]], [[723, 922]], [[724, 923]], [[725, 923]], [[726, 923]], [[727, 923]], [[728, 923]], [[729, 923]], [[730, 924]], [[731, 924]], [[732, 924]], [[733, 923]], [[734, 923]], [[734, 922]], [[734, 921]], [[734, 920]], [[735, 919]], [[735, 918]], [[735, 917]], [[735, 916]], [[734, 915]], [[734, 914]], [[733, 913]], [[733, 912]], [[732, 911]], [[731, 910]], [[730, 910]], [[729, 909]], [[728, 909]], [[727, 909]], [[726, 909]], [[725, 908]], [[724, 908]], [[723, 908]], [[722, 908]], [[721, 908]], [[720, 907]], [[719, 907]], [[718, 907]], [[717, 907]]]",[[]],[]
39,39,"[[[260, 907]], [[259, 908]], [[258, 908]], [[258, 909]], [[258, 910]], [[257, 911]], [[257, 912]], [[257, 913]], [[256, 914]], [[255, 914]], [[254, 914]], [[253, 914]], [[252, 914]], [[251, 915]], [[251, 916]], [[251, 917]], [[250, 918]], [[250, 919]], [[250, 920]], [[251, 920]], [[252, 921]], [[253, 921]], [[254, 921]], [[255, 921]], [[256, 921]], [[257, 920]], [[258, 920]], [[259, 921]], [[260, 921]], [[261, 922]], [[261, 923]], [[262, 923]], [[263, 923]], [[264, 922]], [[265, 921]], [[265, 920]], [[265, 919]], [[265, 918]], [[264, 917]], [[264, 916]], [[263, 915]], [[263, 914]], [[264, 913]], [[264, 912]], [[264, 911]], [[264, 910]], [[263, 909]], [[262, 908]], [[262, 907]], [[261, 907]]]",[[]],[]
40,40,"[[[694, 886]], [[693, 887]], [[692, 888]], [[691, 889]], [[690, 890]], [[689, 891]], [[688, 891]], [[687, 892]], [[686, 893]], [[686, 894]], [[686, 895]], [[686, 896]], [[686, 897]], [[685, 898]], [[686, 899]], [[686, 900]], [[686, 901]], [[687, 901]], [[688, 902]], [[689, 902]], [[690, 901]], [[691, 901]], [[692, 900]], [[693, 901]], [[693, 902]], [[694, 903]], [[694, 904]], [[694, 905]], [[695, 905]], [[696, 906]], [[697, 906]], [[698, 906]], [[699, 905]], [[700, 905]], [[701, 904]], [[701, 903]], [[702, 902]], [[702, 901]], [[702, 900]], [[702, 899]], [[702, 898]], [[702, 897]], [[703, 896]], [[703, 895]], [[703, 894]], [[703, 893]], [[704, 892]], [[704, 891]], [[704, 890]], [[703, 890]], [[702, 889]], [[701, 889]], [[700, 888]], [[699, 887]], [[698, 887]], [[697, 886]], [[696, 886]], [[695, 886]]]",[[]],[]
41,41,"[[[475, 886]], [[474, 887]], [[473, 887]], [[472, 888]], [[471, 888]], [[470, 888]], [[469, 888]], [[468, 888]], [[467, 888]], [[466, 888]], [[465, 888]], [[464, 888]], [[463, 888]], [[462, 888]], [[461, 888]], [[460, 888]], [[459, 888]], [[458, 889]], [[457, 889]], [[456, 890]], [[455, 891]], [[455, 892]], [[454, 893]], [[454, 894]], [[454, 895]], [[455, 896]], [[455, 897]], [[455, 898]], [[455, 899]], [[455, 900]], [[455, 901]], [[455, 902]], [[455, 903]], [[454, 904]], [[455, 905]], [[456, 906]], [[457, 907]], [[458, 907]], [[459, 907]], [[460, 907]], [[461, 908]], [[462, 908]], [[463, 908]], [[464, 908]], [[465, 909]], [[466, 909]], [[467, 909]], [[468, 909]], [[469, 909]], [[470, 909]], [[471, 908]], [[472, 908]], [[473, 908]], [[474, 907]], [[475, 907]], [[476, 906]], [[477, 906]], [[478, 906]], [[478, 905]], [[479, 904]], [[480, 904]], [[481, 903]], [[482, 902]], [[483, 901]], [[484, 900]], [[485, 899]], [[485, 898]], [[486, 897]], [[487, 896]], [[488, 896]], [[488, 895]], [[488, 894]], [[488, 893]], [[487, 892]], [[486, 892]], [[485, 891]], [[485, 890]], [[484, 890]], [[483, 889]], [[482, 888]], [[481, 888]], [[480, 888]], [[479, 887]], [[478, 887]], [[477, 886]], [[476, 886]]]","[[], [[[448, 900], [448, 901], [449, 902], [449, 903], [449, 904], [448, 905], [447, 905], [447, 906], [448, 906], [449, 906], [450, 906], [451, 907], [452, 908], [451, 909], [450, 909], [450, 910], [451, 911], [451, 912], [451, 913], [451, 914], [451, 915], [452, 915], [453, 915], [454, 915], [454, 914], [454, 913], [453, 912], [452, 911], [451, 910], [451, 909], [452, 908], [453, 907], [454, 906], [454, 905], [453, 904], [453, 903], [452, 902], [451, 902], [450, 901], [449, 900]]]]","[[], 47]"
42,42,"[[[622, 882]], [[621, 883]], [[620, 883]], [[620, 884]], [[620, 885]], [[620, 886]], [[620, 887]], [[620, 888]], [[620, 889]], [[620, 890]], [[620, 891]], [[620, 892]], [[619, 893]], [[620, 894]], [[620, 895]], [[621, 896]], [[622, 897]], [[623, 898]], [[623, 899]], [[623, 900]], [[622, 901]], [[623, 902]], [[624, 903]], [[625, 904]], [[625, 905]], [[626, 906]], [[627, 905]], [[628, 906]], [[629, 906]], [[630, 906]], [[631, 906]], [[632, 906]], [[633, 906]], [[634, 907]], [[635, 907]], [[636, 908]], [[637, 907]], [[638, 906]], [[639, 905]], [[640, 904]], [[641, 904]], [[642, 903]], [[643, 903]], [[644, 902]], [[645, 901]], [[646, 900]], [[646, 899]], [[646, 898]], [[646, 897]], [[647, 896]], [[647, 895]], [[648, 894]], [[648, 893]], [[649, 892]], [[650, 891]], [[651, 890]], [[650, 890]], [[649, 889]], [[649, 888]], [[648, 887]], [[648, 886]], [[647, 885]], [[646, 885]], [[645, 884]], [[644, 883]], [[643, 883]], [[642, 882]], [[641, 882]], [[640, 882]], [[639, 883]], [[638, 883]], [[637, 883]], [[636, 884]], [[635, 883]], [[634, 883]], [[633, 883]], [[632, 883]], [[631, 882]], [[630, 882]], [[629, 883]], [[628, 883]], [[627, 883]], [[626, 883]], [[625, 883]], [[624, 883]], [[623, 883]]]","[[[[622, 879], [621, 880], [620, 880], [619, 881], [618, 881], [617, 881], [617, 882], [618, 883], [618, 884], [618, 885], [618, 886], [619, 887], [618, 888], [618, 889], [618, 890], [618, 891], [618, 892], [617, 893], [616, 894], [616, 895], [615, 896], [614, 897], [613, 898], [612, 899], [611, 900], [610, 900], [609, 901], [609, 902], [609, 903], [610, 902], [611, 902], [612, 902], [613, 901], [614, 901], [615, 900], [616, 900], [616, 899], [617, 898], [618, 899], [619, 899], [620, 900], [621, 901], [621, 902], [621, 903], [622, 904], [623, 904], [624, 905], [624, 906], [624, 907], [624, 908], [624, 909], [624, 910], [625, 910], [626, 909], [626, 908], [626, 907], [625, 906], [624, 905], [624, 904], [623, 903], [622, 902], [621, 901], [622, 900], [622, 899], [622, 898], [621, 897], [620, 897], [619, 898], [618, 898], [617, 897], [617, 896], [617, 895], [618, 894], [618, 893], [619, 892], [619, 891], [619, 890], [619, 889], [619, 888], [619, 887], [619, 886], [619, 885], [619, 884], [618, 883], [619, 882], [620, 882], [621, 881], [622, 881], [623, 880], [623, 879]]], [], [[[647, 900], [646, 901], [647, 902], [648, 902], [649, 903], [649, 904], [649, 905], [649, 906], [649, 907], [649, 908], [650, 908], [651, 908], [652, 908], [653, 908], [653, 907], [653, 906], [652, 905], [652, 904], [653, 903], [654, 903], [655, 903], [656, 903], [655, 902], [655, 901], [654, 901], [653, 900], [652, 900], [652, 901], [653, 902], [652, 903], [651, 903], [650, 903], [649, 902], [648, 901], [648, 900]]], [[[647, 873], [647, 874], [647, 875], [647, 876], [646, 877], [645, 877], [644, 876], [644, 875], [643, 876], [642, 876], [642, 877], [642, 878], [641, 879], [640, 880], [640, 881], [641, 880], [641, 879], [642, 878], [643, 877], [644, 878], [645, 879], [645, 880], [644, 881], [643, 882], [644, 882], [645, 883], [646, 882], [647, 882], [647, 881], [647, 880], [646, 879], [647, 878], [648, 878], [649, 879], [650, 880], [650, 881], [649, 882], [649, 883], [648, 884], [648, 885], [649, 886], [650, 885], [651, 885], [652, 885], [652, 884], [652, 883], [651, 882], [651, 881], [651, 880], [651, 879], [651, 878], [651, 877], [651, 876], [651, 875], [650, 874], [649, 873], [648, 873]]], [[[647, 873], [647, 874], [647, 875], [647, 876], [646, 877], [645, 877], [644, 876], [644, 875], [643, 876], [642, 876], [642, 877], [642, 878], [641, 879], [640, 880], [640, 881], [641, 880], [641, 879], [642, 878], [643, 877], [644, 878], [645, 879], [645, 880], [644, 881], [643, 882], [644, 882], [645, 883], [646, 882], [647, 882], [647, 881], [647, 880], [646, 879], [647, 878], [648, 878], [649, 879], [650, 880], [650, 881], [649, 882], [649, 883], [648, 884], [648, 885], [649, 886], [650, 885], [651, 885], [652, 885], [652, 884], [652, 883], [651, 882], [651, 881], [651, 880], [651, 879], [651, 878], [651, 877], [651, 876], [651, 875], [650, 874], [649, 873], [648, 873]], [[645, 865], [644, 866], [644, 867], [643, 868], [642, 869], [641, 869], [640, 869], [639, 869], [638, 870], [637, 871], [636, 871], [635, 871], [634, 872], [633, 872], [632, 871], [631, 871], [631, 872], [632, 872], [633, 872], [634, 872], [635, 872], [636, 873], [637, 873], [638, 874], [638, 875], [638, 876], [637, 877], [636, 877], [635, 877], [634, 876], [634, 877], [634, 878], [634, 879], [634, 880], [633, 881], [634, 882], [635, 881], [636, 880], [635, 879], [635, 878], [636, 877], [637, 877], [638, 876], [639, 875], [640, 875], [640, 874], [641, 873], [642, 873], [643, 873], [644, 872], [645, 871], [646, 870], [647, 869], [648, 869], [649, 868], [649, 867], [648, 867], [647, 866], [646, 865]]], [[[645, 865], [644, 866], [644, 867], [643, 868], [642, 869], [641, 869], [640, 869], [639, 869], [638, 870], [637, 871], [636, 871], [635, 871], [634, 872], [633, 872], [632, 871], [631, 871], [631, 872], [632, 872], [633, 872], [634, 872], [635, 872], [636, 873], [637, 873], [638, 874], [638, 875], [638, 876], [637, 877], [636, 877], [635, 877], [634, 876], [634, 877], [634, 878], [634, 879], [634, 880], [633, 881], [634, 882], [635, 881], [636, 880], [635, 879], [635, 878], [636, 877], [637, 877], [638, 876], [639, 875], [640, 875], [640, 874], [641, 873], [642, 873], [643, 873], [644, 872], [645, 871], [646, 870], [647, 869], [648, 869], [649, 868], [649, 867], [648, 867], [647, 866], [646, 865]]]]","[48, [], 49, 50, 51, 52]"
43,43,"[[[437, 880]], [[436, 881]], [[435, 881]], [[434, 881]], [[433, 882]], [[433, 883]], [[432, 884]], [[432, 885]], [[431, 886]], [[431, 887]], [[431, 888]], [[431, 889]], [[430, 890]], [[430, 891]], [[430, 892]], [[430, 893]], [[430, 894]], [[430, 895]], [[430, 896]], [[430, 897]], [[431, 898]], [[431, 899]], [[432, 900]], [[432, 901]], [[433, 902]], [[433, 903]], [[434, 904]], [[435, 905]], [[436, 906]], [[437, 906]], [[438, 906]], [[439, 906]], [[440, 906]], [[441, 906]], [[442, 905]], [[443, 904]], [[444, 904]], [[445, 903]], [[446, 903]], [[447, 902]], [[447, 901]], [[447, 900]], [[448, 899]], [[448, 898]], [[448, 897]], [[447, 896]], [[447, 895]], [[446, 894]], [[446, 893]], [[446, 892]], [[445, 891]], [[445, 890]], [[444, 889]], [[444, 888]], [[444, 887]], [[443, 886]], [[443, 885]], [[443, 884]], [[442, 883]], [[441, 882]], [[441, 881]], [[440, 880]], [[439, 880]], [[438, 880]]]","[[], [[[448, 900], [448, 901], [449, 902], [449, 903], [449, 904], [448, 905], [447, 905], [447, 906], [448, 906], [449, 906], [450, 906], [451, 907], [452, 908], [451, 909], [450, 909], [450, 910], [451, 911], [451, 912], [451, 913], [451, 914], [451, 915], [452, 915], [453, 915], [454, 915], [454, 914], [454, 913], [453, 912], [452, 911], [451, 910], [451, 909], [452, 908], [453, 907], [454, 906], [454, 905], [453, 904], [453, 903], [452, 902], [451, 902], [450, 901], [449, 900]]]]","[[], 47]"
44,44,"[[[148, 873]], [[147, 874]], [[146, 874]], [[145, 874]], [[144, 875]], [[144, 876]], [[143, 877]], [[143, 878]], [[143, 879]], [[143, 880]], [[143, 881]], [[143, 882]], [[142, 883]], [[142, 884]], [[143, 885]], [[143, 886]], [[143, 887]], [[143, 888]], [[144, 889]], [[144, 890]], [[144, 891]], [[145, 892]], [[146, 893]], [[147, 893]], [[148, 893]], [[149, 893]], [[150, 893]], [[151, 893]], [[152, 892]], [[153, 891]], [[154, 891]], [[155, 890]], [[155, 889]], [[156, 888]], [[157, 887]], [[158, 887]], [[158, 886]], [[157, 886]], [[156, 885]], [[157, 884]], [[157, 883]], [[156, 882]], [[156, 881]], [[156, 880]], [[155, 879]], [[155, 878]], [[155, 877]], [[154, 876]], [[154, 875]], [[154, 874]], [[153, 873]], [[152, 873]], [[151, 873]], [[150, 873]], [[149, 873]]]",[[]],[]
45,45,"[[[654, 872]], [[653, 873]], [[652, 874]], [[651, 874]], [[652, 875]], [[652, 876]], [[652, 877]], [[652, 878]], [[652, 879]], [[652, 880]], [[652, 881]], [[652, 882]], [[653, 883]], [[653, 884]], [[653, 885]], [[652, 886]], [[653, 887]], [[653, 888]], [[654, 888]], [[655, 889]], [[656, 889]], [[657, 889]], [[658, 889]], [[659, 888]], [[660, 887]], [[661, 886]], [[662, 885]], [[663, 885]], [[664, 884]], [[664, 883]], [[663, 882]], [[663, 881]], [[662, 880]], [[662, 879]], [[662, 878]], [[662, 877]], [[662, 876]], [[661, 875]], [[660, 874]], [[659, 873]], [[658, 873]], [[657, 872]], [[656, 872]], [[655, 872]]]","[[[[665, 862], [664, 863], [663, 864], [662, 864], [661, 865], [660, 866], [659, 866], [660, 867], [660, 868], [659, 869], [658, 869], [657, 869], [656, 869], [655, 870], [654, 871], [653, 871], [652, 871], [652, 872], [652, 873], [653, 872], [654, 871], [655, 871], [656, 871], [657, 871], [658, 872], [659, 872], [660, 873], [661, 874], [662, 874], [662, 873], [661, 872], [660, 871], [660, 870], [660, 869], [661, 868], [662, 867], [663, 866], [664, 865], [665, 864], [666, 863]]], [[[647, 873], [647, 874], [647, 875], [647, 876], [646, 877], [645, 877], [644, 876], [644, 875], [643, 876], [642, 876], [642, 877], [642, 878], [641, 879], [640, 880], [640, 881], [641, 880], [641, 879], [642, 878], [643, 877], [644, 878], [645, 879], [645, 880], [644, 881], [643, 882], [644, 882], [645, 883], [646, 882], [647, 882], [647, 881], [647, 880], [646, 879], [647, 878], [648, 878], [649, 879], [650, 880], [650, 881], [649, 882], [649, 883], [648, 884], [648, 885], [649, 886], [650, 885], [651, 885], [652, 885], [652, 884], [652, 883], [651, 882], [651, 881], [651, 880], [651, 879], [651, 878], [651, 877], [651, 876], [651, 875], [650, 874], [649, 873], [648, 873]], [[665, 862], [664, 863], [663, 864], [662, 864], [661, 865], [660, 866], [659, 866], [660, 867], [660, 868], [659, 869], [658, 869], [657, 869], [656, 869], [655, 870], [654, 871], [653, 871], [652, 871], [652, 872], [652, 873], [653, 872], [654, 871], [655, 871], [656, 871], [657, 871], [658, 872], [659, 872], [660, 873], [661, 874], [662, 874], [662, 873], [661, 872], [660, 871], [660, 870], [660, 869], [661, 868], [662, 867], [663, 866], [664, 865], [665, 864], [666, 863]]], [[[647, 873], [647, 874], [647, 875], [647, 876], [646, 877], [645, 877], [644, 876], [644, 875], [643, 876], [642, 876], [642, 877], [642, 878], [641, 879], [640, 880], [640, 881], [641, 880], [641, 879], [642, 878], [643, 877], [644, 878], [645, 879], [645, 880], [644, 881], [643, 882], [644, 882], [645, 883], [646, 882], [647, 882], [647, 881], [647, 880], [646, 879], [647, 878], [648, 878], [649, 879], [650, 880], [650, 881], [649, 882], [649, 883], [648, 884], [648, 885], [649, 886], [650, 885], [651, 885], [652, 885], [652, 884], [652, 883], [651, 882], [651, 881], [651, 880], [651, 879], [651, 878], [651, 877], [651, 876], [651, 875], [650, 874], [649, 873], [648, 873]]], []]","[54, 55, 50, []]"
46,46,"[[[545, 864]], [[544, 865]], [[543, 865]], [[542, 866]], [[541, 867]], [[540, 868]], [[539, 868]], [[538, 868]], [[537, 869]], [[536, 870]], [[536, 871]], [[537, 872]], [[537, 873]], [[537, 874]], [[537, 875]], [[537, 876]], [[536, 877]], [[535, 877]], [[534, 878]], [[533, 878]], [[532, 879]], [[531, 879]], [[530, 879]], [[529, 880]], [[528, 880]], [[527, 881]], [[526, 882]], [[525, 882]], [[525, 883]], [[524, 884]], [[524, 885]], [[523, 886]], [[523, 887]], [[523, 888]], [[522, 889]], [[522, 890]], [[522, 891]], [[521, 892]], [[521, 893]], [[520, 894]], [[520, 895]], [[519, 896]], [[518, 896]], [[517, 896]], [[516, 895]], [[515, 895]], [[514, 894]], [[513, 894]], [[512, 894]], [[511, 893]], [[510, 893]], [[509, 893]], [[508, 893]], [[507, 892]], [[506, 892]], [[505, 892]], [[504, 892]], [[503, 892]], [[502, 893]], [[501, 894]], [[500, 894]], [[499, 895]], [[498, 896]], [[497, 896]], [[496, 897]], [[495, 897]], [[494, 897]], [[493, 898]], [[492, 897]], [[491, 898]], [[491, 899]], [[490, 900]], [[489, 901]], [[488, 901]], [[488, 902]], [[488, 903]], [[488, 904]], [[488, 905]], [[488, 906]], [[488, 907]], [[489, 908]], [[489, 909]], [[489, 910]], [[489, 911]], [[489, 912]], [[489, 913]], [[489, 914]], [[490, 915]], [[490, 916]], [[490, 917]], [[490, 918]], [[490, 919]], [[491, 920]], [[492, 921]], [[492, 922]], [[492, 923]], [[492, 924]], [[492, 925]], [[492, 926]], [[492, 927]], [[492, 928]], [[492, 929]], [[493, 930]], [[493, 931]], [[493, 932]], [[492, 933]], [[491, 933]], [[490, 932]], [[489, 932]], [[488, 932]], [[487, 932]], [[486, 933]], [[485, 933]], [[484, 933]], [[483, 933]], [[482, 933]], [[481, 932]], [[480, 932]], [[479, 931]], [[478, 930]], [[477, 929]], [[476, 930]], [[475, 931]], [[475, 932]], [[475, 933]], [[475, 934]], [[475, 935]], [[474, 936]], [[474, 937]], [[474, 938]], [[474, 939]], [[474, 940]], [[474, 941]], [[474, 942]], [[474, 943]], [[474, 944]], [[474, 945]], [[475, 946]], [[476, 947]], [[475, 948]], [[474, 948]], [[473, 947]], [[472, 946]], [[471, 946]], [[470, 945]], [[469, 945]], [[468, 944]], [[467, 944]], [[466, 943]], [[466, 942]], [[465, 941]], [[464, 941]], [[463, 941]], [[462, 941]], [[461, 940]], [[460, 940]], [[459, 939]], [[458, 939]], [[457, 938]], [[456, 938]], [[455, 937]], [[454, 936]], [[453, 936]], [[452, 935]], [[451, 934]], [[450, 933]], [[449, 933]], [[448, 933]], [[447, 932]], [[446, 932]], [[445, 931]], [[444, 931]], [[443, 930]], [[442, 930]], [[441, 930]], [[440, 929]], [[439, 929]], [[438, 929]], [[437, 929]], [[436, 930]], [[435, 929]], [[434, 930]], [[434, 931]], [[434, 932]], [[434, 933]], [[433, 934]], [[433, 935]], [[433, 936]], [[433, 937]], [[433, 938]], [[432, 939]], [[433, 939]], [[434, 940]], [[434, 941]], [[434, 942]], [[435, 943]], [[434, 944]], [[435, 945]], [[435, 946]], [[435, 947]], [[435, 948]], [[435, 949]], [[435, 950]], [[435, 951]], [[436, 952]], [[437, 953]], [[437, 954]], [[437, 955]], [[437, 956]], [[438, 956]], [[439, 956]], [[440, 957]], [[441, 957]], [[442, 958]], [[443, 958]], [[444, 959]], [[445, 960]], [[446, 960]], [[447, 961]], [[448, 961]], [[449, 962]], [[450, 963]], [[451, 964]], [[452, 964]], [[453, 965]], [[454, 965]], [[455, 966]], [[456, 967]], [[457, 968]], [[458, 969]], [[459, 969]], [[460, 969]], [[461, 969]], [[462, 970]], [[463, 970]], [[464, 971]], [[465, 971]], [[466, 971]], [[467, 971]], [[468, 971]], [[469, 971]], [[470, 970]], [[471, 970]], [[472, 969]], [[473, 969]], [[474, 968]], [[474, 967]], [[475, 966]], [[476, 965]], [[477, 965]], [[478, 964]], [[479, 964]], [[480, 963]], [[481, 963]], [[482, 962]], [[483, 961]], [[483, 960]], [[483, 959]], [[482, 958]], [[482, 957]], [[482, 956]], [[483, 955]], [[482, 954]], [[481, 953]], [[480, 952]], [[479, 951]], [[478, 950]], [[479, 949]], [[480, 949]], [[481, 949]], [[482, 950]], [[483, 950]], [[484, 949]], [[485, 949]], [[486, 949]], [[487, 949]], [[488, 949]], [[489, 949]], [[490, 949]], [[491, 949]], [[492, 948]], [[492, 947]], [[492, 946]], [[493, 945]], [[493, 944]], [[493, 943]], [[494, 942]], [[495, 942]], [[496, 943]], [[496, 944]], [[496, 945]], [[496, 946]], [[496, 947]], [[497, 948]], [[497, 949]], [[497, 950]], [[497, 951]], [[497, 952]], [[497, 953]], [[497, 954]], [[497, 955]], [[497, 956]], [[497, 957]], [[498, 958]], [[498, 959]], [[497, 960]], [[498, 961]], [[498, 962]], [[498, 963]], [[499, 964]], [[500, 965]], [[501, 966]], [[502, 966]], [[503, 967]], [[504, 968]], [[505, 968]], [[506, 968]], [[507, 969]], [[508, 969]], [[509, 969]], [[510, 969]], [[511, 969]], [[512, 969]], [[513, 969]], [[514, 968]], [[515, 968]], [[516, 967]], [[517, 967]], [[518, 966]], [[519, 966]], [[520, 966]], [[521, 965]], [[522, 964]], [[523, 963]], [[524, 962]], [[525, 961]], [[526, 960]], [[526, 959]], [[527, 958]], [[528, 958]], [[529, 957]], [[529, 956]], [[529, 955]], [[529, 954]], [[529, 953]], [[529, 952]], [[529, 951]], [[529, 950]], [[528, 949]], [[529, 948]], [[528, 947]], [[528, 946]], [[528, 945]], [[528, 944]], [[528, 943]], [[528, 942]], [[528, 941]], [[528, 940]], [[528, 939]], [[527, 938]], [[527, 937]], [[528, 936]], [[529, 935]], [[530, 935]], [[531, 935]], [[532, 935]], [[533, 934]], [[534, 933]], [[534, 932]], [[535, 931]], [[535, 930]], [[536, 929]], [[536, 928]], [[537, 927]], [[537, 926]], [[537, 925]], [[538, 924]], [[539, 923]], [[540, 923]], [[541, 923]], [[542, 924]], [[543, 924]], [[544, 924]], [[545, 923]], [[546, 923]], [[547, 922]], [[548, 922]], [[548, 921]], [[549, 920]], [[549, 919]], [[550, 918]], [[551, 917]], [[552, 917]], [[553, 916]], [[554, 915]], [[555, 915]], [[556, 914]], [[557, 913]], [[557, 912]], [[557, 911]], [[557, 910]], [[557, 909]], [[557, 908]], [[557, 907]], [[557, 906]], [[558, 905]], [[559, 904]], [[559, 903]], [[559, 902]], [[560, 901]], [[560, 900]], [[560, 899]], [[560, 898]], [[561, 897]], [[561, 896]], [[562, 895]], [[563, 894]], [[564, 893]], [[565, 893]], [[566, 894]], [[567, 895]], [[568, 895]], [[569, 896]], [[569, 897]], [[569, 898]], [[568, 899]], [[568, 900]], [[568, 901]], [[567, 902]], [[567, 903]], [[566, 904]], [[565, 905]], [[565, 906]], [[566, 906]], [[567, 906]], [[568, 907]], [[568, 908]], [[568, 909]], [[568, 910]], [[568, 911]], [[568, 912]], [[568, 913]], [[568, 914]], [[568, 915]], [[569, 916]], [[569, 917]], [[570, 918]], [[570, 919]], [[571, 920]], [[572, 921]], [[573, 922]], [[573, 923]], [[574, 924]], [[574, 925]], [[574, 926]], [[574, 927]], [[575, 928]], [[575, 929]], [[575, 930]], [[576, 931]], [[576, 932]], [[577, 932]], [[578, 933]], [[579, 934]], [[579, 935]], [[580, 936]], [[580, 937]], [[581, 937]], [[582, 938]], [[582, 939]], [[583, 938]], [[584, 938]], [[585, 938]], [[586, 939]], [[587, 939]], [[588, 939]], [[589, 939]], [[590, 938]], [[591, 937]], [[592, 937]], [[593, 936]], [[594, 935]], [[594, 934]], [[594, 933]], [[595, 932]], [[596, 931]], [[597, 930]], [[597, 929]], [[598, 928]], [[599, 927]], [[600, 926]], [[601, 926]], [[602, 925]], [[602, 924]], [[602, 923]], [[601, 922]], [[601, 921]], [[602, 920]], [[602, 919]], [[602, 918]], [[602, 917]], [[602, 916]], [[602, 915]], [[603, 914]], [[602, 913]], [[601, 912]], [[601, 911]], [[602, 910]], [[603, 910]], [[604, 910]], [[605, 910]], [[604, 909]], [[604, 908]], [[604, 907]], [[605, 906]], [[606, 905]], [[605, 904]], [[604, 903]], [[605, 902]], [[606, 901]], [[607, 901]], [[608, 900]], [[609, 899]], [[610, 899]], [[611, 898]], [[612, 897]], [[613, 897]], [[614, 896]], [[615, 895]], [[615, 894]], [[616, 893]], [[617, 892]], [[617, 891]], [[617, 890]], [[617, 889]], [[617, 888]], [[618, 887]], [[617, 886]], [[617, 885]], [[617, 884]], [[617, 883]], [[616, 882]], [[616, 881]], [[615, 880]], [[614, 879]], [[613, 878]], [[612, 878]], [[611, 877]], [[611, 876]], [[610, 875]], [[609, 874]], [[609, 873]], [[608, 872]], [[607, 871]], [[607, 870]], [[606, 870]], [[605, 869]], [[605, 868]], [[604, 867]], [[603, 866]], [[602, 866]], [[601, 866]], [[600, 866]], [[599, 865]], [[598, 865]], [[597, 866]], [[596, 866]], [[595, 866]], [[594, 866]], [[593, 866]], [[592, 867]], [[591, 867]], [[590, 868]], [[589, 869]], [[588, 870]], [[587, 871]], [[587, 872]], [[586, 873]], [[585, 874]], [[584, 875]], [[583, 876]], [[582, 877]], [[581, 877]], [[580, 876]], [[579, 876]], [[578, 876]], [[577, 876]], [[576, 876]], [[575, 876]], [[574, 877]], [[573, 877]], [[572, 878]], [[571, 878]], [[570, 878]], [[569, 877]], [[568, 877]], [[567, 876]], [[566, 876]], [[565, 876]], [[564, 875]], [[563, 874]], [[562, 873]], [[561, 872]], [[560, 871]], [[559, 871]], [[558, 870]], [[557, 870]], [[556, 869]], [[555, 869]], [[554, 869]], [[553, 869]], [[552, 869]], [[551, 868]], [[550, 868]], [[549, 867]], [[548, 867]], [[547, 866]], [[546, 865]]]","[[], [[[454, 933], [453, 934], [452, 934], [453, 935], [454, 935], [455, 936], [456, 937], [457, 937], [458, 938], [459, 938], [460, 939], [461, 939], [462, 940], [463, 940], [464, 940], [465, 940], [466, 941], [467, 942], [467, 943], [468, 943], [468, 942], [467, 941], [468, 940], [467, 939], [467, 938], [468, 937], [467, 936], [466, 937], [465, 937], [464, 937], [463, 938], [462, 938], [461, 937], [460, 937], [459, 937], [458, 937], [457, 936], [456, 935], [456, 934], [455, 933]]], [[[433, 923], [433, 924], [432, 925], [433, 925], [434, 925], [435, 926], [434, 927], [433, 928], [433, 929], [432, 930], [432, 931], [431, 932], [430, 933], [429, 933], [429, 934], [430, 935], [430, 936], [430, 937], [430, 938], [431, 939], [432, 938], [432, 937], [432, 936], [432, 935], [432, 934], [433, 933], [433, 932], [433, 931], [433, 930], [434, 929], [435, 928], [435, 927], [435, 926], [435, 925], [435, 924], [434, 923]]], [[[431, 952], [430, 953], [429, 954], [428, 954], [428, 955], [428, 956], [429, 956], [430, 955], [430, 954], [431, 953], [432, 953], [433, 953], [434, 954], [434, 955], [434, 956], [435, 957], [435, 958], [436, 959], [437, 958], [437, 957], [436, 956], [436, 955], [436, 954], [436, 953], [435, 952], [434, 952], [433, 952], [432, 952]]], [[[478, 949], [479, 950], [480, 951], [481, 952], [482, 953], [483, 954], [484, 954], [485, 953], [486, 952], [487, 953], [487, 954], [487, 955], [487, 956], [486, 957], [485, 957], [484, 956], [483, 956], [483, 957], [483, 958], [484, 958], [485, 959], [485, 960], [485, 961], [486, 962], [487, 962], [488, 961], [489, 962], [490, 963], [490, 964], [491, 965], [492, 965], [493, 965], [494, 964], [493, 963], [492, 963], [491, 962], [490, 961], [491, 960], [492, 960], [492, 959], [492, 958], [492, 957], [492, 956], [491, 955], [490, 954], [489, 953], [488, 952], [488, 951], [488, 950], [487, 950], [486, 950], [485, 951], [484, 952], [483, 951], [482, 951], [481, 950], [480, 950], [479, 950]]], [[[496, 961], [496, 962], [497, 963], [497, 964], [498, 965], [498, 966], [499, 967], [500, 968], [500, 969], [501, 969], [502, 969], [503, 969], [504, 969], [505, 970], [505, 971], [506, 971], [507, 971], [508, 971], [509, 972], [509, 971], [510, 970], [509, 970], [508, 970], [507, 970], [506, 969], [505, 969], [504, 969], [503, 968], [502, 967], [501, 967], [500, 966], [499, 965], [498, 964], [497, 963], [497, 962]]], [[[602, 926], [601, 927], [600, 927], [599, 928], [598, 929], [598, 930], [597, 931], [596, 932], [595, 933], [595, 934], [595, 935], [595, 936], [594, 937], [593, 938], [592, 938], [591, 939], [590, 940], [589, 941], [588, 940], [587, 940], [586, 940], [585, 940], [584, 941], [583, 940], [582, 940], [581, 939], [580, 939], [579, 940], [578, 940], [577, 940], [576, 940], [575, 940], [574, 941], [573, 940], [573, 939], [572, 938], [571, 939], [570, 939], [570, 940], [570, 941], [570, 942], [571, 943], [572, 943], [573, 943], [574, 943], [575, 943], [576, 943], [577, 942], [578, 942], [579, 943], [580, 943], [581, 944], [582, 944], [583, 943], [584, 943], [585, 942], [586, 941], [587, 941], [588, 941], [589, 942], [590, 942], [591, 942], [592, 941], [593, 940], [594, 940], [595, 940], [595, 939], [595, 938], [595, 937], [595, 936], [596, 935], [597, 935], [598, 935], [599, 934], [600, 935], [601, 936], [602, 937], [603, 938], [604, 938], [604, 937], [603, 936], [602, 935], [601, 934], [600, 934], [599, 933], [599, 932], [600, 931], [601, 930], [602, 929], [603, 928], [604, 927], [604, 926], [603, 926]]], [[[602, 911], [602, 912], [603, 913], [604, 914], [603, 915], [603, 916], [603, 917], [603, 918], [603, 919], [603, 920], [602, 921], [602, 922], [603, 923], [604, 923], [605, 923], [606, 922], [607, 921], [608, 920], [609, 920], [609, 919], [610, 918], [611, 917], [611, 916], [610, 916], [609, 916], [608, 915], [608, 914], [608, 915], [609, 916], [609, 917], [608, 918], [607, 919], [606, 920], [605, 921], [604, 920], [604, 919], [604, 918], [605, 917], [605, 916], [606, 915], [605, 915], [604, 914], [605, 913], [606, 913], [606, 912], [605, 912], [604, 912], [603, 911]]], [[[622, 879], [621, 880], [620, 880], [619, 881], [618, 881], [617, 881], [617, 882], [618, 883], [618, 884], [618, 885], [618, 886], [619, 887], [618, 888], [618, 889], [618, 890], [618, 891], [618, 892], [617, 893], [616, 894], [616, 895], [615, 896], [614, 897], [613, 898], [612, 899], [611, 900], [610, 900], [609, 901], [609, 902], [609, 903], [610, 902], [611, 902], [612, 902], [613, 901], [614, 901], [615, 900], [616, 900], [616, 899], [617, 898], [618, 899], [619, 899], [620, 900], [621, 901], [621, 902], [621, 903], [622, 904], [623, 904], [624, 905], [624, 906], [624, 907], [624, 908], [624, 909], [624, 910], [625, 910], [626, 909], [626, 908], [626, 907], [625, 906], [624, 905], [624, 904], [623, 903], [622, 902], [621, 901], [622, 900], [622, 899], [622, 898], [621, 897], [620, 897], [619, 898], [618, 898], [617, 897], [617, 896], [617, 895], [618, 894], [618, 893], [619, 892], [619, 891], [619, 890], [619, 889], [619, 888], [619, 887], [619, 886], [619, 885], [619, 884], [618, 883], [619, 882], [620, 882], [621, 881], [622, 881], [623, 880], [623, 879]]]]","[[], 57, 58, 59, 60, 40, 62, 63, 48]"
47,47,"[[[794, 861]], [[793, 862]], [[792, 862]], [[791, 863]], [[790, 864]], [[790, 865]], [[789, 866]], [[788, 867]], [[787, 868]], [[787, 869]], [[786, 870]], [[787, 871]], [[786, 872]], [[786, 873]], [[786, 874]], [[785, 875]], [[784, 876]], [[783, 877]], [[782, 877]], [[781, 877]], [[781, 878]], [[780, 879]], [[780, 880]], [[780, 881]], [[780, 882]], [[779, 883]], [[779, 884]], [[779, 885]], [[780, 885]], [[781, 886]], [[782, 887]], [[783, 888]], [[784, 889]], [[784, 890]], [[785, 890]], [[786, 891]], [[786, 892]], [[786, 893]], [[786, 894]], [[786, 895]], [[787, 896]], [[787, 897]], [[788, 898]], [[789, 898]], [[790, 898]], [[791, 898]], [[792, 898]], [[793, 899]], [[794, 898]], [[795, 898]], [[796, 897]], [[797, 896]], [[797, 895]], [[798, 894]], [[799, 893]], [[800, 893]], [[801, 894]], [[802, 895]], [[803, 896]], [[804, 897]], [[805, 897]], [[806, 897]], [[807, 897]], [[808, 896]], [[809, 896]], [[810, 896]], [[811, 896]], [[812, 896]], [[813, 896]], [[813, 895]], [[813, 894]], [[813, 893]], [[814, 892]], [[815, 891]], [[815, 890]], [[816, 889]], [[816, 888]], [[817, 887]], [[818, 886]], [[818, 885]], [[819, 884]], [[820, 883]], [[820, 882]], [[820, 881]], [[820, 880]], [[821, 879]], [[821, 878]], [[821, 877]], [[821, 876]], [[821, 875]], [[820, 874]], [[820, 873]], [[820, 872]], [[819, 871]], [[819, 870]], [[818, 870]], [[817, 869]], [[816, 869]], [[815, 868]], [[814, 867]], [[813, 867]], [[812, 867]], [[811, 866]], [[810, 866]], [[809, 865]], [[808, 865]], [[807, 865]], [[806, 864]], [[805, 864]], [[804, 863]], [[803, 863]], [[802, 862]], [[801, 862]], [[800, 862]], [[799, 861]], [[798, 861]], [[797, 861]], [[796, 861]], [[795, 861]]]","[[[[794, 859], [794, 860], [793, 861], [792, 861], [791, 861], [790, 862], [789, 862], [788, 862], [788, 863], [787, 864], [786, 865], [787, 866], [786, 867], [786, 868], [786, 869], [786, 868], [787, 867], [788, 866], [789, 865], [789, 864], [790, 863], [791, 862], [792, 861], [793, 861], [794, 860], [795, 860]]], [[[776, 882], [775, 883], [774, 884], [773, 884], [773, 885], [773, 886], [773, 887], [774, 887], [775, 888], [775, 889], [774, 890], [773, 890], [772, 891], [771, 891], [770, 891], [769, 891], [769, 892], [769, 893], [770, 893], [771, 892], [772, 891], [773, 891], [774, 890], [775, 889], [775, 888], [775, 887], [775, 886], [776, 885], [777, 885], [778, 886], [778, 887], [778, 888], [779, 888], [780, 889], [781, 890], [781, 891], [782, 890], [782, 889], [782, 888], [781, 887], [780, 886], [779, 886], [778, 885], [778, 884], [778, 883], [778, 882], [777, 882]]], []]","[65, 66, []]"
48,48,"[[[231, 855]], [[230, 856]], [[229, 857]], [[228, 857]], [[227, 858]], [[227, 859]], [[226, 860]], [[225, 861]], [[224, 862]], [[223, 862]], [[222, 862]], [[221, 862]], [[220, 863]], [[219, 863]], [[218, 863]], [[217, 864]], [[216, 864]], [[215, 864]], [[214, 865]], [[213, 865]], [[212, 866]], [[211, 867]], [[210, 867]], [[209, 868]], [[208, 869]], [[207, 869]], [[207, 870]], [[207, 871]], [[207, 872]], [[207, 873]], [[207, 874]], [[206, 875]], [[206, 876]], [[206, 877]], [[206, 878]], [[206, 879]], [[205, 880]], [[205, 881]], [[205, 882]], [[205, 883]], [[205, 884]], [[205, 885]], [[205, 886]], [[205, 887]], [[205, 888]], [[205, 889]], [[204, 890]], [[204, 891]], [[204, 892]], [[204, 893]], [[205, 894]], [[205, 895]], [[205, 896]], [[206, 897]], [[206, 898]], [[207, 899]], [[208, 900]], [[209, 901]], [[210, 901]], [[211, 901]], [[212, 902]], [[213, 902]], [[214, 902]], [[215, 903]], [[216, 903]], [[217, 904]], [[218, 904]], [[219, 904]], [[220, 904]], [[221, 904]], [[222, 904]], [[223, 903]], [[224, 903]], [[225, 902]], [[226, 902]], [[226, 901]], [[227, 900]], [[228, 900]], [[229, 900]], [[230, 900]], [[231, 900]], [[232, 900]], [[233, 900]], [[234, 901]], [[235, 901]], [[236, 901]], [[237, 900]], [[238, 900]], [[239, 899]], [[240, 899]], [[241, 899]], [[242, 899]], [[243, 899]], [[244, 898]], [[245, 898]], [[246, 897]], [[247, 896]], [[248, 896]], [[248, 895]], [[248, 894]], [[248, 893]], [[248, 892]], [[249, 891]], [[249, 890]], [[250, 889]], [[250, 888]], [[250, 887]], [[250, 886]], [[250, 885]], [[250, 884]], [[250, 883]], [[251, 882]], [[251, 881]], [[251, 880]], [[252, 879]], [[251, 878]], [[252, 877]], [[252, 876]], [[252, 875]], [[252, 874]], [[252, 873]], [[252, 872]], [[252, 871]], [[252, 870]], [[252, 869]], [[252, 868]], [[253, 867]], [[253, 866]], [[254, 865]], [[254, 864]], [[253, 864]], [[252, 864]], [[251, 863]], [[250, 862]], [[250, 861]], [[249, 860]], [[248, 859]], [[247, 859]], [[246, 858]], [[245, 858]], [[244, 857]], [[243, 857]], [[242, 857]], [[241, 857]], [[240, 856]], [[239, 856]], [[238, 856]], [[237, 856]], [[236, 856]], [[235, 856]], [[234, 856]], [[233, 856]], [[232, 855]]]","[[[[226, 842], [226, 843], [226, 844], [225, 845], [225, 846], [224, 847], [223, 847], [222, 848], [223, 848], [224, 849], [225, 850], [226, 851], [227, 851], [228, 852], [229, 853], [229, 854], [230, 854], [231, 854], [232, 853], [233, 854], [234, 855], [235, 854], [234, 854], [233, 854], [232, 853], [232, 852], [231, 851], [230, 851], [229, 850], [228, 850], [227, 850], [226, 849], [226, 848], [225, 847], [225, 846], [226, 845], [227, 844], [227, 843], [227, 842]]], [[[219, 855], [219, 856], [218, 857], [218, 858], [218, 859], [218, 860], [217, 861], [216, 861], [215, 861], [214, 860], [213, 859], [213, 858], [212, 857], [211, 858], [210, 858], [211, 859], [210, 860], [209, 861], [209, 862], [209, 863], [209, 864], [208, 865], [207, 866], [206, 867], [207, 868], [208, 868], [209, 867], [210, 866], [211, 866], [212, 865], [213, 864], [214, 864], [215, 863], [216, 863], [217, 863], [218, 862], [219, 862], [220, 862], [221, 861], [222, 861], [223, 861], [223, 860], [223, 859], [223, 858], [222, 858], [221, 857], [220, 856], [220, 855]]], [], [[[227, 901], [227, 902], [226, 903], [225, 904], [224, 904], [224, 905], [224, 906], [225, 907], [225, 908], [225, 909], [225, 910], [225, 911], [225, 912], [224, 913], [224, 914], [223, 915], [222, 916], [221, 916], [222, 916], [223, 915], [224, 915], [224, 914], [225, 913], [226, 912], [227, 911], [228, 910], [227, 909], [226, 908], [226, 907], [226, 906], [226, 905], [227, 904], [228, 904], [229, 903], [229, 902], [229, 901], [228, 901]]]]","[67, 68, [], 69]"
49,49,"[[[569, 848]], [[568, 849]], [[567, 849]], [[566, 849]], [[565, 850]], [[564, 850]], [[563, 850]], [[562, 851]], [[561, 851]], [[560, 851]], [[559, 851]], [[558, 850]], [[557, 850]], [[556, 850]], [[555, 850]], [[554, 850]], [[553, 851]], [[552, 851]], [[551, 852]], [[550, 852]], [[551, 853]], [[551, 854]], [[551, 855]], [[551, 856]], [[551, 857]], [[551, 858]], [[551, 859]], [[552, 860]], [[553, 861]], [[553, 862]], [[554, 862]], [[555, 862]], [[556, 862]], [[557, 862]], [[558, 862]], [[559, 862]], [[560, 862]], [[561, 863]], [[562, 863]], [[563, 863]], [[564, 863]], [[565, 863]], [[566, 863]], [[567, 863]], [[568, 863]], [[569, 863]], [[570, 862]], [[571, 862]], [[572, 861]], [[572, 860]], [[573, 859]], [[574, 858]], [[575, 858]], [[576, 857]], [[577, 856]], [[577, 855]], [[577, 854]], [[577, 853]], [[577, 852]], [[577, 851]], [[577, 850]], [[576, 849]], [[575, 849]], [[574, 848]], [[573, 848]], [[572, 848]], [[571, 848]], [[570, 848]]]","[[[[559, 845], [559, 846], [559, 847], [558, 848], [557, 848], [556, 848], [555, 848], [554, 848], [553, 847], [552, 847], [552, 848], [552, 849], [551, 850], [550, 851], [549, 851], [548, 852], [549, 853], [549, 852], [550, 851], [551, 850], [552, 850], [553, 850], [554, 849], [555, 849], [556, 849], [557, 849], [558, 849], [559, 849], [560, 849], [559, 848], [560, 847], [561, 847], [562, 848], [562, 849], [563, 849], [564, 849], [565, 848], [564, 847], [563, 846], [562, 846], [561, 845], [560, 845]]], []]","[70, []]"
50,50,"[[[338, 842]], [[337, 843]], [[336, 844]], [[335, 845]], [[334, 844]], [[333, 844]], [[332, 845]], [[331, 846]], [[330, 846]], [[329, 846]], [[328, 846]], [[327, 847]], [[326, 847]], [[325, 848]], [[324, 848]], [[323, 848]], [[322, 848]], [[321, 848]], [[320, 849]], [[319, 849]], [[318, 850]], [[317, 850]], [[316, 850]], [[315, 851]], [[314, 851]], [[313, 852]], [[312, 852]], [[312, 853]], [[312, 854]], [[311, 855]], [[312, 856]], [[312, 857]], [[313, 858]], [[313, 859]], [[313, 860]], [[313, 861]], [[313, 862]], [[313, 863]], [[314, 864]], [[314, 865]], [[314, 866]], [[314, 867]], [[315, 868]], [[315, 869]], [[316, 870]], [[316, 871]], [[316, 872]], [[317, 872]], [[318, 872]], [[319, 872]], [[320, 872]], [[321, 871]], [[322, 871]], [[323, 871]], [[324, 871]], [[325, 872]], [[326, 873]], [[327, 873]], [[328, 874]], [[327, 875]], [[326, 875]], [[325, 875]], [[324, 874]], [[323, 874]], [[322, 874]], [[321, 874]], [[320, 875]], [[319, 875]], [[318, 875]], [[317, 875]], [[316, 875]], [[315, 875]], [[314, 875]], [[313, 875]], [[313, 876]], [[312, 877]], [[312, 878]], [[312, 879]], [[312, 880]], [[312, 881]], [[312, 882]], [[311, 883]], [[311, 884]], [[311, 885]], [[310, 886]], [[310, 887]], [[311, 888]], [[311, 889]], [[312, 890]], [[311, 891]], [[312, 892]], [[311, 893]], [[311, 894]], [[312, 894]], [[313, 895]], [[314, 896]], [[315, 896]], [[316, 897]], [[317, 897]], [[318, 897]], [[319, 897]], [[320, 897]], [[321, 896]], [[322, 895]], [[323, 895]], [[324, 895]], [[325, 896]], [[326, 897]], [[327, 898]], [[328, 899]], [[329, 899]], [[330, 898]], [[331, 897]], [[332, 897]], [[333, 896]], [[334, 895]], [[335, 894]], [[336, 893]], [[337, 892]], [[338, 891]], [[338, 890]], [[339, 889]], [[339, 888]], [[340, 887]], [[340, 886]], [[341, 885]], [[341, 884]], [[341, 883]], [[341, 882]], [[342, 881]], [[343, 881]], [[344, 881]], [[345, 882]], [[345, 883]], [[345, 884]], [[346, 885]], [[347, 886]], [[348, 887]], [[349, 887]], [[350, 887]], [[351, 888]], [[350, 889]], [[349, 890]], [[348, 890]], [[347, 890]], [[346, 889]], [[345, 890]], [[344, 890]], [[343, 891]], [[342, 891]], [[341, 891]], [[341, 892]], [[340, 893]], [[340, 894]], [[339, 895]], [[338, 896]], [[338, 897]], [[337, 898]], [[337, 899]], [[337, 900]], [[337, 901]], [[337, 902]], [[337, 903]], [[337, 904]], [[337, 905]], [[338, 906]], [[338, 907]], [[337, 908]], [[337, 909]], [[337, 910]], [[336, 911]], [[336, 912]], [[336, 913]], [[335, 914]], [[335, 915]], [[335, 916]], [[334, 917]], [[333, 918]], [[332, 919]], [[331, 920]], [[330, 920]], [[329, 920]], [[328, 919]], [[327, 918]], [[328, 917]], [[329, 916]], [[330, 915]], [[331, 914]], [[331, 913]], [[331, 912]], [[331, 911]], [[331, 910]], [[331, 909]], [[331, 908]], [[330, 907]], [[330, 906]], [[330, 905]], [[330, 904]], [[330, 903]], [[329, 902]], [[328, 902]], [[327, 902]], [[326, 901]], [[325, 901]], [[324, 901]], [[324, 902]], [[324, 903]], [[323, 904]], [[323, 905]], [[322, 906]], [[323, 907]], [[323, 908]], [[323, 909]], [[322, 910]], [[322, 911]], [[322, 912]], [[322, 913]], [[322, 914]], [[322, 915]], [[322, 916]], [[322, 917]], [[322, 918]], [[322, 919]], [[322, 920]], [[322, 921]], [[322, 922]], [[322, 923]], [[322, 924]], [[322, 925]], [[322, 926]], [[322, 927]], [[322, 928]], [[321, 929]], [[320, 930]], [[321, 931]], [[321, 932]], [[321, 933]], [[322, 934]], [[323, 935]], [[323, 936]], [[322, 937]], [[321, 938]], [[321, 939]], [[320, 940]], [[319, 940]], [[318, 940]], [[317, 940]], [[316, 941]], [[315, 941]], [[314, 941]], [[313, 942]], [[312, 942]], [[311, 943]], [[310, 943]], [[309, 944]], [[308, 943]], [[308, 944]], [[308, 945]], [[309, 946]], [[308, 947]], [[307, 948]], [[306, 949]], [[305, 949]], [[304, 950]], [[304, 951]], [[304, 952]], [[303, 953]], [[303, 954]], [[304, 955]], [[304, 956]], [[305, 956]], [[306, 956]], [[307, 956]], [[308, 956]], [[309, 957]], [[310, 958]], [[310, 959]], [[310, 960]], [[311, 961]], [[311, 962]], [[311, 963]], [[312, 964]], [[313, 964]], [[314, 964]], [[315, 964]], [[316, 965]], [[317, 966]], [[317, 967]], [[318, 968]], [[318, 969]], [[319, 970]], [[320, 970]], [[321, 971]], [[322, 971]], [[323, 972]], [[324, 971]], [[325, 971]], [[326, 971]], [[327, 972]], [[328, 972]], [[329, 972]], [[330, 971]], [[331, 972]], [[332, 971]], [[333, 971]], [[334, 971]], [[335, 971]], [[336, 971]], [[337, 970]], [[338, 970]], [[339, 970]], [[340, 971]], [[340, 972]], [[339, 973]], [[338, 974]], [[338, 975]], [[338, 976]], [[338, 977]], [[337, 978]], [[337, 979]], [[337, 980]], [[338, 981]], [[338, 982]], [[338, 983]], [[339, 984]], [[339, 985]], [[339, 986]], [[340, 986]], [[341, 986]], [[342, 987]], [[343, 987]], [[344, 988]], [[345, 989]], [[346, 989]], [[347, 990]], [[348, 990]], [[349, 990]], [[350, 990]], [[351, 990]], [[352, 989]], [[352, 988]], [[353, 987]], [[353, 986]], [[353, 985]], [[354, 984]], [[354, 983]], [[355, 982]], [[355, 981]], [[355, 980]], [[356, 979]], [[356, 978]], [[356, 977]], [[357, 976]], [[358, 975]], [[358, 974]], [[359, 973]], [[359, 972]], [[359, 971]], [[358, 970]], [[357, 970]], [[356, 970]], [[355, 970]], [[354, 969]], [[353, 969]], [[352, 969]], [[351, 968]], [[350, 968]], [[349, 968]], [[348, 967]], [[347, 967]], [[346, 968]], [[345, 968]], [[344, 968]], [[343, 967]], [[342, 966]], [[342, 965]], [[343, 964]], [[343, 963]], [[344, 962]], [[345, 961]], [[345, 960]], [[345, 959]], [[346, 958]], [[346, 957]], [[346, 956]], [[345, 955]], [[344, 955]], [[343, 954]], [[343, 953]], [[342, 952]], [[341, 952]], [[340, 951]], [[340, 950]], [[341, 949]], [[342, 948]], [[343, 948]], [[344, 949]], [[345, 948]], [[346, 948]], [[347, 948]], [[348, 948]], [[349, 949]], [[348, 950]], [[347, 951]], [[346, 951]], [[345, 952]], [[345, 953]], [[346, 953]], [[347, 954]], [[348, 954]], [[349, 954]], [[350, 954]], [[351, 954]], [[352, 955]], [[353, 954]], [[354, 954]], [[355, 955]], [[356, 955]], [[357, 955]], [[358, 955]], [[359, 955]], [[360, 955]], [[361, 955]], [[362, 955]], [[363, 955]], [[364, 954]], [[365, 954]], [[366, 954]], [[367, 955]], [[368, 956]], [[368, 957]], [[368, 958]], [[369, 959]], [[369, 960]], [[370, 961]], [[371, 961]], [[372, 961]], [[373, 961]], [[374, 961]], [[375, 961]], [[376, 960]], [[377, 960]], [[378, 960]], [[379, 960]], [[380, 960]], [[381, 959]], [[382, 958]], [[383, 958]], [[383, 957]], [[384, 956]], [[384, 955]], [[384, 954]], [[384, 953]], [[384, 952]], [[385, 951]], [[385, 950]], [[385, 949]], [[385, 948]], [[384, 947]], [[384, 946]], [[384, 945]], [[384, 944]], [[383, 943]], [[383, 942]], [[382, 941]], [[381, 940]], [[380, 939]], [[380, 938]], [[380, 937]], [[379, 936]], [[379, 935]], [[378, 934]], [[378, 933]], [[377, 932]], [[377, 931]], [[378, 930]], [[378, 929]], [[378, 928]], [[378, 927]], [[379, 926]], [[379, 925]], [[379, 924]], [[379, 923]], [[380, 922]], [[380, 921]], [[379, 920]], [[379, 919]], [[378, 918]], [[378, 917]], [[377, 916]], [[376, 915]], [[375, 914]], [[374, 913]], [[374, 912]], [[373, 911]], [[373, 910]], [[372, 909]], [[372, 908]], [[372, 907]], [[372, 906]], [[371, 905]], [[371, 904]], [[371, 903]], [[370, 902]], [[370, 901]], [[370, 900]], [[369, 899]], [[369, 898]], [[368, 897]], [[367, 897]], [[366, 896]], [[365, 895]], [[364, 895]], [[363, 894]], [[362, 893]], [[361, 892]], [[362, 891]], [[363, 891]], [[364, 891]], [[365, 892]], [[366, 892]], [[367, 892]], [[368, 892]], [[369, 892]], [[370, 892]], [[371, 892]], [[372, 892]], [[373, 892]], [[374, 893]], [[375, 894]], [[376, 894]], [[377, 894]], [[378, 894]], [[379, 894]], [[380, 894]], [[381, 893]], [[382, 893]], [[382, 892]], [[383, 891]], [[384, 890]], [[385, 890]], [[386, 889]], [[386, 888]], [[386, 887]], [[386, 886]], [[387, 885]], [[387, 884]], [[387, 883]], [[386, 882]], [[386, 881]], [[386, 880]], [[386, 879]], [[386, 878]], [[385, 877]], [[385, 876]], [[384, 875]], [[383, 875]], [[382, 874]], [[381, 874]], [[380, 873]], [[380, 872]], [[379, 871]], [[379, 870]], [[378, 869]], [[378, 868]], [[379, 867]], [[379, 866]], [[379, 865]], [[379, 864]], [[379, 863]], [[378, 862]], [[377, 861]], [[377, 860]], [[377, 859]], [[376, 858]], [[376, 857]], [[376, 856]], [[375, 855]], [[374, 854]], [[373, 853]], [[372, 852]], [[371, 852]], [[370, 852]], [[369, 852]], [[368, 851]], [[367, 850]], [[367, 849]], [[367, 848]], [[367, 847]], [[366, 846]], [[365, 845]], [[364, 844]], [[363, 844]], [[362, 844]], [[361, 844]], [[360, 844]], [[359, 844]], [[358, 844]], [[357, 843]], [[356, 843]], [[355, 844]], [[354, 844]], [[353, 845]], [[352, 845]], [[351, 845]], [[350, 845]], [[349, 845]], [[348, 845]], [[347, 845]], [[346, 844]], [[345, 844]], [[344, 843]], [[343, 843]], [[342, 843]], [[341, 843]], [[340, 843]], [[339, 842]]]","[[], [[[360, 891], [361, 891], [362, 892], [363, 893], [364, 894], [365, 894], [366, 895], [367, 896], [368, 896], [369, 897], [370, 897], [371, 896], [372, 895], [373, 895], [374, 896], [374, 895], [374, 894], [373, 893], [372, 893], [371, 893], [371, 894], [370, 895], [369, 895], [368, 894], [367, 893], [366, 893], [365, 893], [364, 892], [363, 892], [362, 892], [361, 891]]]]","[[], 71]"
51,51,"[[[635, 837]], [[634, 838]], [[633, 838]], [[632, 839]], [[631, 840]], [[631, 841]], [[631, 842]], [[630, 843]], [[630, 844]], [[630, 845]], [[630, 846]], [[630, 847]], [[631, 848]], [[631, 849]], [[631, 850]], [[632, 851]], [[633, 852]], [[634, 852]], [[635, 852]], [[636, 853]], [[637, 853]], [[638, 853]], [[639, 853]], [[640, 853]], [[641, 853]], [[642, 853]], [[643, 852]], [[644, 852]], [[645, 852]], [[646, 851]], [[647, 851]], [[648, 850]], [[649, 849]], [[650, 849]], [[651, 848]], [[652, 847]], [[653, 847]], [[654, 846]], [[655, 845]], [[656, 844]], [[656, 843]], [[656, 842]], [[655, 842]], [[654, 841]], [[653, 841]], [[652, 841]], [[651, 841]], [[650, 840]], [[649, 840]], [[648, 840]], [[647, 840]], [[646, 840]], [[645, 840]], [[644, 839]], [[643, 839]], [[642, 838]], [[641, 838]], [[640, 838]], [[639, 838]], [[638, 838]], [[637, 838]], [[636, 838]]]","[[[[634, 833], [633, 834], [633, 835], [633, 836], [632, 837], [631, 837], [630, 837], [630, 838], [630, 839], [630, 840], [630, 841], [629, 842], [628, 842], [627, 842], [628, 842], [629, 843], [630, 842], [630, 841], [630, 840], [631, 839], [632, 838], [633, 837], [634, 837], [635, 836], [636, 836], [637, 837], [638, 837], [639, 837], [638, 836], [637, 835], [637, 834], [636, 834], [635, 834]]], []]","[72, []]"
52,52,"[[[61, 837]], [[60, 838]], [[60, 839]], [[61, 840]], [[61, 841]], [[60, 842]], [[59, 843]], [[59, 844]], [[60, 845]], [[59, 846]], [[58, 847]], [[57, 846]], [[56, 845]], [[56, 844]], [[56, 843]], [[55, 843]], [[54, 843]], [[54, 844]], [[53, 845]], [[52, 845]], [[52, 846]], [[51, 847]], [[51, 848]], [[50, 849]], [[49, 850]], [[48, 850]], [[47, 849]], [[46, 848]], [[45, 847]], [[45, 846]], [[44, 845]], [[43, 845]], [[42, 845]], [[41, 845]], [[40, 845]], [[39, 845]], [[38, 844]], [[38, 843]], [[37, 842]], [[36, 842]], [[35, 842]], [[34, 842]], [[33, 842]], [[32, 842]], [[31, 842]], [[30, 842]], [[29, 843]], [[28, 843]], [[27, 844]], [[26, 845]], [[25, 846]], [[25, 847]], [[25, 848]], [[24, 849]], [[24, 850]], [[24, 851]], [[24, 852]], [[23, 853]], [[23, 854]], [[22, 855]], [[23, 856]], [[23, 857]], [[22, 858]], [[22, 859]], [[23, 860]], [[23, 861]], [[23, 862]], [[23, 863]], [[23, 864]], [[23, 865]], [[24, 866]], [[25, 867]], [[26, 868]], [[26, 869]], [[26, 870]], [[27, 871]], [[27, 872]], [[27, 873]], [[28, 874]], [[28, 875]], [[29, 876]], [[30, 877]], [[30, 878]], [[31, 879]], [[32, 880]], [[33, 880]], [[34, 881]], [[35, 881]], [[36, 881]], [[37, 881]], [[38, 881]], [[39, 882]], [[39, 883]], [[39, 884]], [[39, 885]], [[39, 886]], [[38, 887]], [[38, 888]], [[38, 889]], [[38, 890]], [[39, 890]], [[40, 890]], [[41, 890]], [[42, 890]], [[43, 891]], [[43, 892]], [[44, 893]], [[44, 894]], [[44, 895]], [[45, 896]], [[45, 897]], [[45, 898]], [[45, 899]], [[45, 900]], [[45, 901]], [[46, 902]], [[47, 902]], [[48, 903]], [[49, 902]], [[50, 901]], [[51, 901]], [[52, 902]], [[53, 902]], [[54, 903]], [[54, 904]], [[55, 904]], [[56, 905]], [[57, 904]], [[58, 904]], [[59, 905]], [[60, 905]], [[61, 905]], [[62, 905]], [[63, 904]], [[63, 903]], [[64, 902]], [[64, 901]], [[64, 900]], [[64, 899]], [[65, 898]], [[65, 897]], [[65, 896]], [[64, 895]], [[65, 894]], [[65, 893]], [[65, 892]], [[65, 891]], [[65, 890]], [[65, 889]], [[65, 888]], [[65, 887]], [[64, 888]], [[63, 888]], [[62, 887]], [[61, 886]], [[61, 885]], [[61, 884]], [[60, 883]], [[59, 882]], [[59, 881]], [[59, 880]], [[59, 879]], [[60, 878]], [[61, 878]], [[62, 878]], [[63, 878]], [[64, 878]], [[65, 878]], [[66, 877]], [[67, 877]], [[67, 876]], [[67, 875]], [[68, 874]], [[68, 873]], [[68, 872]], [[69, 871]], [[69, 870]], [[69, 869]], [[69, 868]], [[68, 867]], [[67, 866]], [[67, 865]], [[67, 864]], [[67, 863]], [[67, 862]], [[67, 861]], [[67, 860]], [[68, 859]], [[69, 858]], [[70, 858]], [[70, 857]], [[69, 856]], [[68, 855]], [[68, 854]], [[68, 853]], [[68, 852]], [[68, 851]], [[67, 850]], [[68, 849]], [[69, 848]], [[68, 847]], [[67, 846]], [[66, 845]], [[66, 844]], [[66, 843]], [[65, 842]], [[65, 841]], [[64, 840]], [[63, 839]], [[62, 838]]]",[[]],[]
53,53,"[[[106, 833]], [[105, 834]], [[104, 834]], [[103, 835]], [[103, 836]], [[103, 837]], [[103, 838]], [[102, 839]], [[101, 840]], [[102, 841]], [[103, 841]], [[104, 842]], [[104, 843]], [[105, 844]], [[106, 844]], [[107, 845]], [[108, 845]], [[109, 845]], [[110, 845]], [[111, 845]], [[112, 845]], [[113, 844]], [[114, 843]], [[115, 842]], [[116, 841]], [[116, 840]], [[116, 839]], [[115, 838]], [[116, 837]], [[117, 836]], [[116, 835]], [[115, 835]], [[114, 834]], [[113, 835]], [[112, 834]], [[111, 834]], [[110, 833]], [[109, 834]], [[108, 834]], [[107, 833]]]",[[]],[]
54,54,"[[[240, 828]], [[239, 829]], [[238, 829]], [[237, 829]], [[236, 830]], [[235, 830]], [[234, 831]], [[233, 832]], [[233, 833]], [[233, 834]], [[233, 835]], [[233, 836]], [[234, 837]], [[234, 838]], [[234, 839]], [[234, 840]], [[234, 841]], [[234, 842]], [[234, 843]], [[234, 844]], [[234, 845]], [[235, 846]], [[235, 847]], [[235, 848]], [[235, 849]], [[236, 849]], [[237, 850]], [[238, 850]], [[239, 850]], [[240, 849]], [[241, 849]], [[242, 848]], [[243, 847]], [[244, 846]], [[245, 846]], [[245, 845]], [[245, 844]], [[246, 843]], [[247, 842]], [[247, 841]], [[248, 840]], [[248, 839]], [[249, 838]], [[249, 837]], [[249, 836]], [[249, 835]], [[248, 834]], [[248, 833]], [[248, 832]], [[247, 831]], [[246, 830]], [[245, 830]], [[244, 830]], [[243, 829]], [[242, 829]], [[241, 828]]]","[[], [[[226, 842], [226, 843], [226, 844], [225, 845], [225, 846], [224, 847], [223, 847], [222, 848], [223, 848], [224, 849], [225, 850], [226, 851], [227, 851], [228, 852], [229, 853], [229, 854], [230, 854], [231, 854], [232, 853], [233, 854], [234, 855], [235, 854], [234, 854], [233, 854], [232, 853], [232, 852], [231, 851], [230, 851], [229, 850], [228, 850], [227, 850], [226, 849], [226, 848], [225, 847], [225, 846], [226, 845], [227, 844], [227, 843], [227, 842]]], [[[249, 833], [249, 834], [250, 835], [250, 836], [250, 837], [250, 838], [249, 839], [249, 840], [248, 841], [248, 842], [247, 843], [246, 844], [246, 845], [247, 846], [248, 846], [249, 845], [249, 844], [249, 843], [249, 842], [250, 841], [251, 840], [251, 839], [251, 838], [251, 837], [252, 836], [253, 835], [252, 835], [251, 834], [250, 833]]]]","[[], 67, 74]"
55,55,"[[[750, 826]], [[751, 827]], [[750, 828]], [[749, 829]], [[748, 829]], [[747, 829]], [[746, 829]], [[745, 829]], [[744, 829]], [[743, 829]], [[742, 829]], [[741, 829]], [[740, 828]], [[739, 828]], [[738, 828]], [[737, 828]], [[736, 828]], [[735, 829]], [[734, 829]], [[733, 830]], [[732, 830]], [[731, 831]], [[730, 832]], [[729, 833]], [[729, 834]], [[728, 835]], [[727, 836]], [[727, 837]], [[726, 838]], [[725, 839]], [[724, 840]], [[724, 841]], [[723, 842]], [[723, 843]], [[723, 844]], [[722, 845]], [[721, 844]], [[720, 845]], [[719, 845]], [[718, 846]], [[718, 847]], [[717, 848]], [[717, 849]], [[716, 850]], [[716, 851]], [[715, 852]], [[715, 853]], [[715, 854]], [[716, 855]], [[716, 856]], [[716, 857]], [[716, 858]], [[716, 859]], [[715, 860]], [[715, 861]], [[714, 862]], [[714, 863]], [[714, 864]], [[714, 865]], [[714, 866]], [[713, 867]], [[713, 868]], [[713, 869]], [[712, 870]], [[711, 871]], [[710, 872]], [[709, 872]], [[708, 872]], [[707, 873]], [[707, 874]], [[707, 875]], [[708, 876]], [[709, 877]], [[709, 878]], [[710, 879]], [[710, 880]], [[710, 881]], [[711, 882]], [[711, 883]], [[711, 884]], [[712, 885]], [[712, 886]], [[713, 887]], [[714, 887]], [[715, 888]], [[716, 888]], [[717, 888]], [[718, 889]], [[719, 889]], [[720, 889]], [[721, 890]], [[721, 891]], [[722, 892]], [[723, 892]], [[724, 892]], [[725, 891]], [[726, 891]], [[727, 891]], [[728, 890]], [[729, 890]], [[730, 891]], [[731, 891]], [[732, 892]], [[733, 892]], [[734, 891]], [[735, 891]], [[736, 890]], [[737, 889]], [[738, 888]], [[739, 888]], [[740, 888]], [[741, 888]], [[741, 887]], [[741, 886]], [[742, 885]], [[742, 884]], [[742, 883]], [[741, 882]], [[742, 881]], [[743, 880]], [[744, 879]], [[745, 879]], [[746, 878]], [[747, 878]], [[748, 877]], [[749, 878]], [[750, 879]], [[751, 878]], [[752, 877]], [[753, 877]], [[754, 876]], [[754, 875]], [[755, 874]], [[756, 873]], [[757, 872]], [[758, 871]], [[759, 870]], [[760, 869]], [[760, 868]], [[761, 867]], [[761, 866]], [[762, 865]], [[763, 864]], [[764, 863]], [[765, 862]], [[766, 862]], [[766, 861]], [[766, 860]], [[767, 859]], [[767, 858]], [[768, 857]], [[768, 856]], [[769, 855]], [[769, 854]], [[768, 853]], [[767, 853]], [[766, 852]], [[765, 851]], [[764, 850]], [[764, 849]], [[763, 848]], [[764, 847]], [[763, 846]], [[762, 845]], [[762, 844]], [[762, 843]], [[762, 842]], [[763, 841]], [[763, 840]], [[763, 839]], [[763, 838]], [[764, 837]], [[763, 836]], [[763, 835]], [[762, 834]], [[761, 833]], [[761, 832]], [[760, 831]], [[759, 830]], [[759, 829]], [[758, 828]], [[757, 827]], [[756, 827]], [[755, 826]], [[754, 826]], [[753, 826]], [[752, 826]], [[751, 826]]]","[[], [[[734, 893], [733, 894], [732, 894], [731, 895], [730, 896], [729, 897], [728, 896], [728, 895], [728, 894], [727, 894], [726, 895], [725, 896], [724, 897], [724, 898], [725, 898], [726, 897], [727, 896], [728, 896], [729, 897], [730, 898], [731, 897], [732, 897], [733, 896], [734, 896], [735, 897], [735, 898], [736, 899], [737, 900], [737, 901], [738, 901], [739, 900], [740, 900], [739, 899], [739, 898], [739, 897], [738, 896], [738, 895], [737, 894], [736, 895], [735, 894]]], [[[738, 889], [737, 890], [737, 891], [738, 891], [739, 892], [740, 892], [741, 892], [742, 892], [743, 893], [742, 894], [741, 895], [741, 896], [742, 896], [743, 896], [744, 897], [744, 898], [745, 898], [744, 897], [744, 896], [743, 895], [743, 894], [743, 893], [742, 892], [742, 891], [741, 890], [741, 889], [740, 889], [739, 889]]], [[[764, 864], [763, 865], [763, 866], [763, 867], [762, 868], [761, 869], [760, 870], [759, 871], [758, 872], [757, 873], [756, 874], [755, 875], [755, 876], [756, 877], [757, 877], [757, 876], [758, 875], [758, 874], [759, 873], [760, 872], [761, 872], [761, 871], [761, 870], [761, 869], [762, 868], [763, 867], [764, 866], [765, 866], [766, 866], [767, 865], [767, 864], [766, 864], [765, 864]]]]","[[], 75, 76, 77]"
56,56,"[[[522, 816]], [[521, 817]], [[520, 818]], [[519, 819]], [[518, 819]], [[518, 820]], [[517, 821]], [[516, 821]], [[516, 822]], [[516, 823]], [[516, 824]], [[516, 825]], [[516, 826]], [[516, 827]], [[515, 828]], [[515, 829]], [[515, 830]], [[515, 831]], [[515, 832]], [[515, 833]], [[516, 833]], [[517, 833]], [[518, 834]], [[518, 835]], [[518, 836]], [[519, 836]], [[520, 837]], [[521, 838]], [[522, 839]], [[523, 839]], [[524, 839]], [[525, 839]], [[526, 840]], [[527, 839]], [[528, 839]], [[529, 838]], [[530, 838]], [[531, 838]], [[532, 838]], [[533, 838]], [[534, 838]], [[535, 837]], [[536, 837]], [[537, 837]], [[537, 836]], [[538, 835]], [[539, 835]], [[540, 834]], [[540, 833]], [[540, 832]], [[540, 831]], [[541, 830]], [[541, 829]], [[541, 828]], [[541, 827]], [[541, 826]], [[541, 825]], [[540, 824]], [[540, 823]], [[539, 823]], [[538, 823]], [[537, 823]], [[536, 823]], [[535, 822]], [[535, 821]], [[534, 821]], [[533, 820]], [[532, 819]], [[531, 819]], [[530, 819]], [[529, 818]], [[528, 818]], [[527, 818]], [[526, 817]], [[525, 816]], [[524, 816]], [[523, 816]]]","[[], [[[516, 834], [516, 835], [516, 836], [517, 837], [518, 837], [519, 838], [519, 839], [520, 840], [520, 841], [520, 842], [520, 843], [521, 844], [521, 845], [522, 845], [523, 845], [523, 844], [523, 843], [524, 842], [525, 842], [525, 841], [525, 840], [524, 840], [523, 840], [522, 840], [521, 839], [520, 838], [519, 837], [518, 837], [517, 836], [517, 835], [517, 834]]], [[[543, 828], [542, 829], [542, 830], [541, 831], [541, 832], [541, 833], [541, 834], [541, 835], [540, 836], [539, 836], [538, 837], [538, 838], [537, 839], [536, 840], [537, 840], [538, 841], [539, 842], [540, 843], [541, 842], [540, 841], [540, 840], [539, 839], [539, 838], [540, 837], [541, 836], [541, 835], [542, 834], [542, 833], [542, 832], [542, 831], [543, 830], [544, 829], [545, 828], [546, 828], [547, 828], [546, 828], [545, 828], [544, 828]]]]","[[], 78, 79]"
57,57,"[[[545, 806]], [[544, 807]], [[543, 807]], [[542, 808]], [[542, 809]], [[542, 810]], [[542, 811]], [[542, 812]], [[543, 813]], [[543, 814]], [[543, 815]], [[543, 816]], [[544, 817]], [[544, 818]], [[544, 819]], [[544, 820]], [[544, 821]], [[545, 822]], [[545, 823]], [[546, 824]], [[546, 825]], [[546, 826]], [[546, 827]], [[547, 827]], [[548, 828]], [[549, 827]], [[550, 828]], [[551, 828]], [[552, 827]], [[553, 827]], [[554, 826]], [[555, 825]], [[556, 824]], [[557, 823]], [[557, 822]], [[557, 821]], [[557, 820]], [[557, 819]], [[557, 818]], [[556, 817]], [[555, 816]], [[554, 816]], [[553, 816]], [[552, 815]], [[551, 814]], [[551, 813]], [[551, 812]], [[550, 811]], [[550, 810]], [[549, 809]], [[548, 808]], [[548, 807]], [[547, 807]], [[546, 807]]]","[[[[543, 828], [542, 829], [542, 830], [541, 831], [541, 832], [541, 833], [541, 834], [541, 835], [540, 836], [539, 836], [538, 837], [538, 838], [537, 839], [536, 840], [537, 840], [538, 841], [539, 842], [540, 843], [541, 842], [540, 841], [540, 840], [539, 839], [539, 838], [540, 837], [541, 836], [541, 835], [542, 834], [542, 833], [542, 832], [542, 831], [543, 830], [544, 829], [545, 828], [546, 828], [547, 828], [546, 828], [545, 828], [544, 828]]]]",[79]
58,58,"[[[11, 804]], [[10, 805]], [[9, 805]], [[8, 806]], [[8, 807]], [[8, 808]], [[8, 809]], [[8, 810]], [[8, 811]], [[8, 812]], [[8, 813]], [[8, 814]], [[8, 815]], [[8, 816]], [[7, 817]], [[7, 818]], [[7, 819]], [[6, 820]], [[6, 821]], [[6, 822]], [[6, 823]], [[5, 824]], [[5, 825]], [[5, 826]], [[4, 827]], [[4, 828]], [[3, 829]], [[3, 830]], [[3, 831]], [[4, 832]], [[5, 833]], [[6, 833]], [[7, 833]], [[8, 833]], [[9, 833]], [[10, 833]], [[11, 834]], [[10, 835]], [[11, 835]], [[12, 836]], [[13, 837]], [[13, 838]], [[14, 839]], [[15, 840]], [[16, 840]], [[17, 841]], [[18, 841]], [[19, 841]], [[20, 841]], [[21, 841]], [[22, 841]], [[23, 841]], [[24, 841]], [[25, 841]], [[26, 841]], [[27, 840]], [[28, 840]], [[29, 839]], [[30, 839]], [[31, 838]], [[32, 837]], [[33, 836]], [[34, 835]], [[35, 834]], [[36, 834]], [[37, 833]], [[37, 832]], [[37, 831]], [[38, 830]], [[38, 829]], [[38, 828]], [[39, 827]], [[40, 827]], [[41, 826]], [[42, 826]], [[43, 825]], [[44, 825]], [[45, 824]], [[45, 823]], [[46, 822]], [[46, 821]], [[46, 820]], [[47, 819]], [[47, 818]], [[48, 817]], [[48, 816]], [[47, 815]], [[47, 814]], [[47, 813]], [[46, 812]], [[46, 811]], [[46, 810]], [[46, 809]], [[46, 808]], [[45, 807]], [[45, 806]], [[44, 805]], [[44, 804]], [[43, 804]], [[42, 804]], [[41, 804]], [[40, 804]], [[39, 805]], [[38, 806]], [[38, 807]], [[38, 808]], [[37, 809]], [[36, 810]], [[35, 811]], [[34, 812]], [[33, 813]], [[32, 812]], [[31, 811]], [[30, 811]], [[29, 811]], [[28, 810]], [[27, 810]], [[26, 809]], [[25, 808]], [[24, 807]], [[24, 806]], [[23, 806]], [[22, 805]], [[21, 805]], [[20, 805]], [[19, 806]], [[18, 805]], [[17, 805]], [[16, 805]], [[15, 805]], [[14, 804]], [[13, 804]], [[12, 804]]]","[[], [[[51, 815], [51, 816], [50, 817], [49, 818], [48, 819], [47, 820], [47, 821], [47, 822], [47, 823], [46, 824], [45, 825], [45, 826], [45, 827], [46, 827], [47, 827], [48, 827], [49, 826], [50, 826], [51, 825], [52, 825], [53, 824], [54, 824], [55, 825], [56, 826], [57, 826], [57, 825], [57, 824], [56, 823], [56, 822], [55, 823], [54, 823], [53, 822], [52, 821], [51, 822], [50, 822], [49, 821], [50, 820], [51, 819], [51, 818], [52, 817], [52, 816], [52, 815]]]]","[[], 81]"
59,59,"[[[389, 798]], [[388, 799]], [[387, 800]], [[386, 800]], [[385, 800]], [[384, 800]], [[383, 800]], [[382, 800]], [[381, 801]], [[380, 801]], [[379, 802]], [[378, 802]], [[377, 801]], [[376, 801]], [[375, 801]], [[374, 801]], [[373, 800]], [[372, 800]], [[371, 800]], [[370, 800]], [[369, 800]], [[368, 801]], [[367, 801]], [[366, 802]], [[366, 803]], [[365, 804]], [[364, 804]], [[364, 805]], [[363, 806]], [[363, 807]], [[363, 808]], [[364, 809]], [[365, 810]], [[366, 811]], [[367, 812]], [[368, 813]], [[369, 814]], [[370, 815]], [[371, 816]], [[371, 817]], [[372, 817]], [[373, 817]], [[374, 818]], [[375, 818]], [[376, 818]], [[377, 819]], [[378, 819]], [[379, 818]], [[380, 818]], [[381, 819]], [[382, 819]], [[383, 818]], [[384, 818]], [[385, 818]], [[386, 818]], [[387, 818]], [[388, 818]], [[389, 817]], [[390, 816]], [[391, 815]], [[392, 815]], [[393, 815]], [[394, 815]], [[395, 815]], [[396, 815]], [[397, 815]], [[398, 815]], [[399, 815]], [[400, 816]], [[400, 817]], [[401, 818]], [[402, 818]], [[403, 818]], [[404, 818]], [[405, 818]], [[406, 818]], [[407, 818]], [[408, 818]], [[409, 818]], [[409, 817]], [[409, 816]], [[408, 815]], [[408, 814]], [[407, 813]], [[407, 812]], [[407, 811]], [[406, 810]], [[405, 809]], [[404, 808]], [[404, 807]], [[404, 806]], [[403, 805]], [[403, 804]], [[402, 804]], [[401, 804]], [[400, 804]], [[399, 803]], [[398, 803]], [[397, 803]], [[396, 802]], [[395, 802]], [[394, 801]], [[393, 800]], [[393, 799]], [[392, 798]], [[391, 798]], [[390, 798]]]","[[[[362, 808], [361, 809], [362, 810], [363, 811], [364, 812], [364, 813], [363, 814], [362, 814], [361, 814], [361, 815], [362, 816], [361, 817], [360, 817], [359, 816], [358, 817], [359, 818], [358, 819], [358, 820], [358, 821], [358, 822], [359, 822], [360, 823], [361, 823], [362, 822], [362, 821], [362, 820], [363, 819], [363, 818], [363, 817], [364, 816], [365, 815], [365, 814], [365, 813], [366, 812], [365, 811], [364, 810], [363, 809]]], [[[368, 815], [367, 816], [367, 817], [368, 818], [369, 818], [370, 818], [371, 819], [371, 820], [371, 821], [372, 821], [373, 821], [374, 821], [375, 820], [376, 820], [377, 820], [378, 820], [379, 820], [380, 820], [381, 820], [380, 819], [379, 819], [378, 820], [377, 820], [376, 819], [375, 819], [374, 819], [373, 818], [372, 818], [371, 818], [370, 817], [370, 816], [369, 815]]], []]","[82, 83, []]"
60,60,"[[[322, 798]], [[321, 799]], [[320, 800]], [[319, 801]], [[318, 802]], [[318, 803]], [[318, 804]], [[318, 805]], [[317, 806]], [[316, 806]], [[315, 806]], [[314, 806]], [[313, 806]], [[312, 807]], [[311, 807]], [[310, 808]], [[310, 809]], [[309, 810]], [[309, 811]], [[308, 812]], [[308, 813]], [[308, 814]], [[307, 815]], [[306, 816]], [[305, 816]], [[304, 817]], [[304, 818]], [[304, 819]], [[305, 820]], [[305, 821]], [[305, 822]], [[305, 823]], [[305, 824]], [[305, 825]], [[305, 826]], [[305, 827]], [[305, 828]], [[305, 829]], [[306, 830]], [[306, 831]], [[307, 832]], [[307, 833]], [[307, 834]], [[308, 835]], [[308, 836]], [[308, 837]], [[309, 838]], [[310, 838]], [[311, 838]], [[312, 839]], [[313, 839]], [[314, 839]], [[315, 839]], [[316, 839]], [[317, 839]], [[318, 839]], [[319, 839]], [[320, 839]], [[321, 839]], [[322, 839]], [[323, 838]], [[324, 838]], [[325, 838]], [[326, 838]], [[327, 838]], [[328, 838]], [[329, 838]], [[330, 838]], [[331, 837]], [[332, 837]], [[333, 836]], [[334, 835]], [[335, 835]], [[336, 835]], [[337, 834]], [[338, 833]], [[339, 833]], [[340, 832]], [[341, 831]], [[342, 830]], [[343, 829]], [[343, 828]], [[344, 827]], [[345, 826]], [[346, 825]], [[347, 825]], [[347, 824]], [[346, 823]], [[346, 822]], [[346, 821]], [[346, 820]], [[347, 819]], [[348, 818]], [[348, 817]], [[348, 816]], [[348, 815]], [[348, 814]], [[348, 813]], [[348, 812]], [[348, 811]], [[348, 810]], [[348, 809]], [[347, 808]], [[347, 807]], [[346, 806]], [[346, 805]], [[346, 804]], [[345, 803]], [[345, 802]], [[344, 801]], [[343, 800]], [[342, 800]], [[341, 800]], [[340, 800]], [[339, 799]], [[338, 799]], [[337, 799]], [[336, 799]], [[335, 799]], [[334, 799]], [[333, 799]], [[332, 799]], [[331, 799]], [[330, 799]], [[329, 798]], [[328, 798]], [[327, 798]], [[326, 798]], [[325, 798]], [[324, 798]], [[323, 798]]]","[[], [[[301, 818], [300, 819], [300, 820], [300, 821], [300, 822], [299, 823], [298, 824], [298, 825], [297, 826], [297, 827], [297, 828], [296, 829], [295, 829], [294, 829], [294, 830], [295, 831], [296, 831], [297, 831], [298, 830], [299, 830], [300, 830], [301, 829], [302, 828], [303, 827], [304, 828], [304, 829], [303, 830], [302, 831], [302, 832], [302, 833], [301, 834], [300, 835], [300, 836], [300, 837], [301, 838], [302, 838], [303, 837], [302, 836], [301, 835], [302, 834], [303, 833], [304, 833], [304, 832], [304, 831], [304, 830], [304, 829], [304, 828], [304, 827], [304, 826], [304, 825], [304, 824], [304, 823], [304, 822], [304, 821], [304, 820], [303, 819], [303, 818], [302, 818]]]]","[[], 84]"
61,61,"[[[258, 790]], [[257, 791]], [[257, 792]], [[256, 793]], [[255, 794]], [[254, 793]], [[253, 793]], [[252, 793]], [[251, 794]], [[250, 794]], [[249, 795]], [[248, 795]], [[247, 796]], [[246, 797]], [[245, 798]], [[244, 798]], [[243, 799]], [[242, 799]], [[241, 800]], [[240, 801]], [[239, 801]], [[238, 802]], [[237, 803]], [[236, 804]], [[235, 805]], [[234, 805]], [[233, 806]], [[233, 807]], [[232, 808]], [[231, 809]], [[230, 809]], [[229, 808]], [[228, 808]], [[227, 808]], [[226, 808]], [[225, 808]], [[224, 808]], [[223, 808]], [[222, 808]], [[221, 808]], [[220, 808]], [[219, 808]], [[218, 807]], [[217, 807]], [[216, 807]], [[215, 807]], [[214, 808]], [[213, 808]], [[213, 809]], [[212, 810]], [[211, 811]], [[210, 812]], [[209, 813]], [[208, 814]], [[207, 815]], [[206, 815]], [[205, 816]], [[204, 816]], [[203, 816]], [[202, 816]], [[201, 816]], [[200, 817]], [[199, 817]], [[198, 817]], [[198, 818]], [[197, 819]], [[196, 819]], [[195, 820]], [[194, 820]], [[193, 820]], [[192, 820]], [[191, 819]], [[190, 818]], [[190, 817]], [[189, 817]], [[188, 816]], [[187, 815]], [[186, 814]], [[185, 813]], [[186, 812]], [[186, 811]], [[185, 810]], [[184, 810]], [[183, 811]], [[183, 812]], [[182, 813]], [[181, 814]], [[181, 815]], [[181, 816]], [[181, 817]], [[180, 818]], [[180, 819]], [[179, 820]], [[178, 821]], [[177, 822]], [[176, 823]], [[176, 824]], [[176, 825]], [[176, 826]], [[177, 827]], [[177, 828]], [[177, 829]], [[177, 830]], [[178, 831]], [[178, 832]], [[177, 833]], [[176, 833]], [[175, 833]], [[174, 833]], [[173, 832]], [[172, 832]], [[171, 832]], [[170, 832]], [[169, 832]], [[168, 832]], [[167, 832]], [[166, 833]], [[165, 834]], [[164, 834]], [[163, 835]], [[162, 835]], [[161, 835]], [[160, 835]], [[159, 834]], [[158, 834]], [[157, 834]], [[156, 834]], [[155, 835]], [[154, 836]], [[153, 837]], [[152, 838]], [[151, 838]], [[150, 838]], [[149, 837]], [[148, 836]], [[147, 836]], [[146, 836]], [[145, 836]], [[144, 836]], [[143, 836]], [[142, 835]], [[141, 835]], [[140, 835]], [[139, 835]], [[138, 836]], [[137, 836]], [[136, 836]], [[135, 837]], [[135, 838]], [[135, 839]], [[134, 840]], [[134, 841]], [[134, 842]], [[133, 843]], [[133, 844]], [[133, 845]], [[134, 846]], [[134, 847]], [[135, 848]], [[135, 849]], [[135, 850]], [[136, 851]], [[137, 852]], [[138, 853]], [[138, 854]], [[139, 855]], [[140, 855]], [[141, 856]], [[142, 857]], [[143, 858]], [[144, 859]], [[145, 859]], [[146, 860]], [[147, 860]], [[148, 861]], [[149, 861]], [[150, 861]], [[151, 861]], [[152, 861]], [[153, 860]], [[154, 860]], [[155, 860]], [[156, 860]], [[157, 861]], [[158, 861]], [[159, 861]], [[160, 861]], [[161, 861]], [[162, 861]], [[163, 861]], [[164, 862]], [[165, 862]], [[166, 862]], [[167, 862]], [[168, 861]], [[169, 861]], [[170, 861]], [[171, 860]], [[171, 859]], [[171, 858]], [[171, 857]], [[172, 856]], [[172, 855]], [[172, 854]], [[173, 853]], [[174, 852]], [[175, 852]], [[176, 852]], [[177, 851]], [[178, 851]], [[179, 851]], [[180, 850]], [[181, 850]], [[182, 850]], [[183, 851]], [[184, 852]], [[183, 853]], [[183, 854]], [[183, 855]], [[183, 856]], [[183, 857]], [[184, 857]], [[185, 858]], [[186, 858]], [[187, 859]], [[188, 860]], [[189, 861]], [[190, 861]], [[191, 861]], [[192, 861]], [[193, 862]], [[194, 862]], [[195, 862]], [[196, 862]], [[196, 861]], [[196, 860]], [[196, 859]], [[195, 858]], [[195, 857]], [[195, 856]], [[194, 855]], [[193, 854]], [[193, 853]], [[192, 852]], [[191, 851]], [[191, 850]], [[190, 849]], [[189, 848]], [[188, 847]], [[188, 846]], [[188, 845]], [[187, 845]], [[186, 846]], [[186, 847]], [[185, 848]], [[184, 849]], [[183, 848]], [[183, 847]], [[182, 846]], [[182, 845]], [[182, 844]], [[182, 843]], [[182, 842]], [[182, 841]], [[182, 840]], [[182, 839]], [[181, 839]], [[180, 839]], [[179, 838]], [[178, 837]], [[177, 836]], [[178, 835]], [[179, 834]], [[180, 835]], [[181, 836]], [[181, 837]], [[182, 837]], [[183, 837]], [[184, 837]], [[185, 837]], [[186, 837]], [[187, 836]], [[188, 835]], [[189, 835]], [[190, 834]], [[191, 834]], [[191, 833]], [[192, 832]], [[193, 832]], [[194, 831]], [[195, 831]], [[196, 831]], [[197, 831]], [[198, 831]], [[199, 831]], [[200, 831]], [[201, 830]], [[202, 831]], [[202, 832]], [[202, 833]], [[202, 834]], [[202, 835]], [[202, 836]], [[202, 837]], [[202, 838]], [[203, 839]], [[204, 840]], [[204, 841]], [[205, 841]], [[206, 841]], [[207, 841]], [[208, 840]], [[209, 839]], [[210, 838]], [[211, 837]], [[212, 837]], [[213, 836]], [[214, 836]], [[215, 835]], [[215, 834]], [[216, 833]], [[217, 833]], [[218, 833]], [[219, 832]], [[220, 832]], [[221, 831]], [[222, 830]], [[223, 829]], [[224, 829]], [[225, 828]], [[225, 827]], [[225, 826]], [[225, 825]], [[224, 824]], [[225, 823]], [[225, 822]], [[226, 821]], [[227, 820]], [[228, 819]], [[228, 818]], [[228, 817]], [[229, 816]], [[230, 815]], [[230, 814]], [[231, 813]], [[232, 812]], [[233, 812]], [[234, 813]], [[235, 814]], [[235, 815]], [[236, 816]], [[237, 817]], [[238, 818]], [[239, 819]], [[240, 819]], [[241, 819]], [[242, 820]], [[243, 820]], [[244, 820]], [[245, 820]], [[246, 819]], [[247, 819]], [[248, 818]], [[249, 817]], [[250, 816]], [[251, 815]], [[252, 814]], [[253, 813]], [[254, 812]], [[254, 811]], [[255, 810]], [[256, 809]], [[257, 808]], [[258, 807]], [[259, 806]], [[260, 805]], [[261, 804]], [[262, 804]], [[263, 803]], [[263, 802]], [[264, 801]], [[265, 801]], [[266, 800]], [[266, 799]], [[266, 798]], [[266, 797]], [[265, 796]], [[265, 795]], [[264, 794]], [[264, 793]], [[263, 792]], [[262, 791]], [[262, 790]], [[261, 790]], [[260, 790]], [[259, 790]]]","[[], [[[211, 806], [211, 807], [211, 808], [210, 809], [209, 810], [208, 811], [207, 811], [206, 810], [205, 810], [204, 811], [203, 812], [203, 813], [202, 814], [201, 815], [202, 815], [203, 815], [204, 815], [205, 815], [206, 814], [207, 814], [208, 813], [209, 812], [210, 811], [211, 810], [212, 809], [212, 808], [212, 807]]], [[[196, 805], [197, 806], [197, 807], [196, 808], [195, 809], [195, 810], [195, 811], [195, 812], [196, 813], [197, 814], [197, 815], [196, 816], [195, 816], [194, 816], [193, 816], [192, 816], [192, 817], [191, 818], [192, 819], [193, 819], [194, 819], [195, 819], [196, 818], [197, 818], [197, 817], [197, 816], [197, 815], [197, 814], [197, 813], [197, 812], [198, 811], [198, 810], [199, 809], [199, 808], [200, 807], [200, 806], [199, 806], [198, 806], [197, 805]]], [[[190, 846], [189, 847], [190, 848], [191, 849], [192, 850], [192, 851], [193, 852], [194, 853], [194, 854], [195, 855], [196, 856], [196, 857], [196, 858], [197, 859], [197, 860], [197, 861], [198, 862], [199, 861], [199, 860], [199, 859], [198, 858], [198, 857], [198, 856], [197, 856], [196, 855], [196, 854], [196, 853], [195, 852], [194, 851], [193, 850], [193, 849], [192, 848], [191, 847]]], [[[190, 846], [189, 847], [190, 848], [191, 849], [192, 850], [192, 851], [193, 852], [194, 853], [194, 854], [195, 855], [196, 856], [196, 857], [196, 858], [197, 859], [197, 860], [197, 861], [198, 862], [199, 861], [199, 860], [199, 859], [198, 858], [198, 857], [198, 856], [197, 856], [196, 855], [196, 854], [196, 853], [195, 852], [194, 851], [193, 850], [193, 849], [192, 848], [191, 847]], [[195, 832], [194, 833], [193, 834], [192, 834], [191, 835], [190, 836], [189, 837], [188, 837], [188, 838], [188, 839], [188, 840], [187, 841], [186, 841], [185, 841], [184, 841], [183, 842], [183, 843], [183, 844], [183, 845], [183, 846], [184, 847], [184, 848], [185, 847], [185, 846], [186, 845], [187, 844], [187, 843], [188, 842], [189, 842], [190, 842], [191, 842], [192, 842], [193, 842], [194, 842], [195, 842], [195, 841], [194, 840], [194, 839], [194, 838], [193, 837], [193, 836], [193, 835], [193, 834], [194, 833], [195, 833], [196, 833]]], [[[195, 832], [194, 833], [193, 834], [192, 834], [191, 835], [190, 836], [189, 837], [188, 837], [188, 838], [188, 839], [188, 840], [187, 841], [186, 841], [185, 841], [184, 841], [183, 842], [183, 843], [183, 844], [183, 845], [183, 846], [184, 847], [184, 848], [185, 847], [185, 846], [186, 845], [187, 844], [187, 843], [188, 842], [189, 842], [190, 842], [191, 842], [192, 842], [193, 842], [194, 842], [195, 842], [195, 841], [194, 840], [194, 839], [194, 838], [193, 837], [193, 836], [193, 835], [193, 834], [194, 833], [195, 833], [196, 833]]]]","[[], 85, 86, 87, 88, 89]"
62,62,"[[[523, 788]], [[523, 789]], [[523, 790]], [[522, 791]], [[523, 792]], [[522, 793]], [[521, 793]], [[521, 794]], [[521, 795]], [[521, 796]], [[521, 797]], [[520, 798]], [[520, 799]], [[520, 800]], [[521, 801]], [[521, 802]], [[522, 803]], [[523, 804]], [[524, 805]], [[525, 804]], [[526, 805]], [[527, 805]], [[528, 805]], [[529, 804]], [[530, 803]], [[531, 803]], [[532, 802]], [[533, 802]], [[534, 801]], [[534, 800]], [[534, 799]], [[535, 798]], [[535, 797]], [[535, 796]], [[535, 795]], [[535, 794]], [[534, 793]], [[533, 792]], [[532, 791]], [[532, 790]], [[531, 789]], [[530, 790]], [[529, 790]], [[528, 790]], [[527, 789]], [[526, 788]], [[525, 788]], [[524, 789]]]",[[]],[]
63,63,"[[[725, 767]], [[724, 768]], [[723, 768]], [[722, 768]], [[721, 768]], [[720, 769]], [[720, 770]], [[719, 771]], [[720, 772]], [[720, 773]], [[721, 774]], [[721, 775]], [[722, 776]], [[723, 777]], [[724, 777]], [[725, 777]], [[726, 777]], [[727, 778]], [[728, 779]], [[728, 780]], [[729, 781]], [[729, 782]], [[729, 783]], [[730, 784]], [[731, 785]], [[730, 786]], [[731, 786]], [[732, 786]], [[733, 786]], [[734, 786]], [[735, 786]], [[736, 785]], [[737, 785]], [[738, 784]], [[739, 783]], [[740, 782]], [[740, 781]], [[741, 780]], [[741, 779]], [[741, 778]], [[741, 777]], [[741, 776]], [[740, 775]], [[739, 775]], [[738, 774]], [[737, 774]], [[736, 774]], [[735, 773]], [[734, 772]], [[733, 772]], [[732, 772]], [[731, 771]], [[730, 771]], [[729, 770]], [[730, 769]], [[729, 769]], [[728, 769]], [[727, 768]], [[727, 767]], [[726, 767]]]","[[], [[[730, 758], [731, 759], [732, 759], [733, 760], [733, 761], [734, 762], [734, 763], [734, 764], [735, 765], [735, 766], [734, 767], [733, 768], [732, 768], [731, 767], [730, 766], [729, 766], [729, 767], [729, 768], [730, 768], [731, 769], [731, 770], [732, 771], [733, 771], [734, 771], [735, 771], [736, 772], [737, 773], [738, 773], [739, 774], [740, 774], [740, 773], [740, 772], [740, 771], [740, 770], [739, 769], [738, 768], [737, 767], [736, 766], [736, 765], [737, 764], [737, 763], [737, 762], [736, 761], [735, 760], [735, 759], [734, 758], [733, 758], [732, 759], [731, 758]]]]","[[], 90]"
64,64,"[[[651, 766]], [[650, 767]], [[649, 767]], [[648, 767]], [[647, 767]], [[646, 768]], [[645, 768]], [[644, 768]], [[643, 769]], [[642, 769]], [[641, 770]], [[640, 771]], [[639, 772]], [[638, 773]], [[637, 774]], [[636, 775]], [[636, 776]], [[635, 777]], [[635, 778]], [[634, 779]], [[634, 780]], [[633, 781]], [[632, 782]], [[632, 783]], [[632, 784]], [[631, 785]], [[630, 785]], [[630, 786]], [[631, 787]], [[631, 788]], [[631, 789]], [[632, 790]], [[632, 791]], [[631, 792]], [[631, 793]], [[631, 794]], [[632, 795]], [[632, 796]], [[632, 797]], [[633, 798]], [[633, 799]], [[634, 800]], [[634, 801]], [[634, 802]], [[634, 803]], [[635, 803]], [[636, 804]], [[637, 803]], [[638, 803]], [[639, 803]], [[640, 804]], [[641, 804]], [[642, 804]], [[643, 804]], [[644, 804]], [[645, 804]], [[646, 805]], [[647, 805]], [[648, 806]], [[649, 806]], [[650, 806]], [[651, 807]], [[652, 808]], [[653, 809]], [[654, 810]], [[654, 811]], [[654, 812]], [[654, 813]], [[654, 814]], [[654, 815]], [[653, 816]], [[652, 816]], [[651, 816]], [[650, 815]], [[649, 815]], [[648, 814]], [[647, 814]], [[646, 814]], [[645, 813]], [[644, 812]], [[643, 811]], [[642, 810]], [[641, 810]], [[640, 809]], [[639, 809]], [[638, 809]], [[637, 809]], [[637, 810]], [[636, 811]], [[635, 811]], [[634, 811]], [[633, 810]], [[632, 810]], [[631, 811]], [[631, 812]], [[630, 813]], [[630, 814]], [[629, 815]], [[628, 816]], [[628, 817]], [[629, 818]], [[630, 819]], [[630, 820]], [[630, 821]], [[630, 822]], [[630, 823]], [[630, 824]], [[630, 825]], [[631, 826]], [[632, 825]], [[633, 825]], [[634, 825]], [[635, 826]], [[636, 826]], [[637, 826]], [[638, 825]], [[639, 825]], [[640, 824]], [[641, 824]], [[642, 825]], [[643, 826]], [[643, 827]], [[644, 828]], [[645, 828]], [[646, 829]], [[647, 830]], [[648, 831]], [[648, 832]], [[649, 832]], [[650, 833]], [[651, 834]], [[652, 834]], [[653, 834]], [[654, 834]], [[655, 834]], [[656, 833]], [[657, 832]], [[657, 831]], [[657, 830]], [[658, 829]], [[658, 828]], [[659, 827]], [[660, 827]], [[661, 827]], [[662, 828]], [[663, 829]], [[664, 830]], [[665, 830]], [[666, 830]], [[667, 830]], [[668, 830]], [[669, 829]], [[669, 828]], [[670, 827]], [[670, 826]], [[670, 825]], [[670, 824]], [[671, 823]], [[671, 822]], [[672, 821]], [[673, 820]], [[674, 819]], [[675, 818]], [[676, 817]], [[677, 817]], [[677, 816]], [[678, 815]], [[679, 814]], [[679, 813]], [[680, 812]], [[681, 812]], [[682, 811]], [[683, 810]], [[683, 809]], [[683, 808]], [[684, 807]], [[684, 806]], [[685, 805]], [[686, 805]], [[687, 805]], [[687, 804]], [[688, 803]], [[688, 802]], [[688, 801]], [[688, 800]], [[689, 799]], [[689, 798]], [[689, 797]], [[689, 796]], [[689, 795]], [[689, 794]], [[689, 793]], [[688, 792]], [[688, 791]], [[688, 790]], [[688, 789]], [[688, 788]], [[688, 787]], [[688, 786]], [[688, 785]], [[687, 784]], [[686, 783]], [[686, 782]], [[685, 781]], [[684, 780]], [[683, 779]], [[682, 779]], [[681, 778]], [[680, 777]], [[679, 776]], [[678, 776]], [[677, 776]], [[676, 776]], [[675, 775]], [[674, 775]], [[673, 775]], [[672, 775]], [[671, 774]], [[670, 774]], [[669, 774]], [[668, 775]], [[667, 775]], [[666, 775]], [[665, 775]], [[664, 774]], [[663, 773]], [[662, 772]], [[662, 771]], [[661, 770]], [[660, 770]], [[659, 770]], [[658, 769]], [[657, 769]], [[656, 769]], [[655, 768]], [[654, 768]], [[653, 767]], [[652, 766]]]","[[[[658, 749], [658, 750], [657, 751], [656, 752], [655, 753], [654, 753], [654, 754], [653, 755], [652, 755], [651, 755], [651, 756], [651, 757], [651, 758], [651, 759], [651, 760], [651, 761], [651, 762], [651, 763], [652, 764], [652, 765], [653, 765], [653, 764], [653, 763], [653, 762], [653, 761], [653, 760], [653, 759], [653, 758], [653, 757], [653, 756], [654, 755], [655, 755], [656, 755], [657, 755], [658, 754], [658, 753], [659, 752], [660, 751], [660, 750], [659, 749]]], [], [[[636, 773], [635, 774], [634, 774], [634, 775], [634, 776], [634, 777], [633, 778], [633, 779], [632, 780], [631, 780], [630, 781], [629, 781], [630, 782], [629, 783], [628, 783], [627, 783], [628, 784], [629, 783], [630, 783], [631, 782], [632, 781], [633, 780], [633, 779], [634, 778], [634, 777], [635, 776], [635, 775], [636, 774], [637, 773]]], [[[695, 798], [695, 799], [695, 800], [695, 801], [695, 802], [695, 803], [695, 804], [694, 805], [693, 805], [692, 805], [691, 805], [690, 805], [689, 805], [689, 806], [689, 807], [688, 808], [687, 807], [686, 807], [685, 807], [685, 808], [685, 809], [686, 810], [687, 811], [688, 810], [689, 809], [689, 808], [689, 807], [690, 806], [691, 806], [692, 805], [693, 805], [694, 805], [695, 805], [696, 804], [697, 804], [698, 803], [697, 803], [696, 804], [695, 803], [695, 802], [696, 801], [697, 801], [697, 800], [697, 799], [696, 799]]]]","[91, [], 92, 93]"
65,65,"[[[22, 759]], [[21, 760]], [[20, 760]], [[19, 761]], [[18, 762]], [[17, 762]], [[17, 763]], [[16, 764]], [[16, 765]], [[16, 766]], [[16, 767]], [[17, 768]], [[16, 769]], [[17, 770]], [[17, 771]], [[17, 772]], [[16, 773]], [[15, 772]], [[14, 771]], [[13, 771]], [[12, 770]], [[11, 770]], [[10, 770]], [[9, 770]], [[8, 770]], [[7, 771]], [[6, 772]], [[5, 773]], [[4, 774]], [[3, 775]], [[3, 776]], [[3, 777]], [[3, 778]], [[3, 779]], [[3, 780]], [[3, 781]], [[3, 782]], [[3, 783]], [[3, 784]], [[3, 785]], [[3, 786]], [[3, 787]], [[4, 788]], [[5, 789]], [[6, 789]], [[7, 789]], [[8, 790]], [[9, 790]], [[10, 791]], [[11, 791]], [[12, 792]], [[13, 792]], [[14, 793]], [[15, 794]], [[16, 795]], [[17, 796]], [[18, 797]], [[19, 798]], [[20, 798]], [[21, 798]], [[22, 798]], [[23, 798]], [[24, 797]], [[25, 797]], [[26, 796]], [[27, 795]], [[28, 795]], [[28, 794]], [[28, 793]], [[28, 792]], [[28, 791]], [[28, 790]], [[28, 789]], [[29, 788]], [[30, 787]], [[31, 786]], [[32, 786]], [[33, 786]], [[34, 785]], [[35, 784]], [[36, 784]], [[37, 783]], [[37, 782]], [[38, 781]], [[38, 780]], [[39, 779]], [[39, 778]], [[40, 777]], [[40, 776]], [[41, 775]], [[41, 774]], [[41, 773]], [[41, 772]], [[41, 771]], [[41, 770]], [[40, 769]], [[40, 768]], [[39, 767]], [[39, 766]], [[38, 765]], [[37, 764]], [[36, 763]], [[36, 762]], [[35, 762]], [[34, 762]], [[33, 761]], [[32, 761]], [[31, 761]], [[30, 761]], [[29, 760]], [[28, 760]], [[27, 760]], [[26, 760]], [[25, 760]], [[24, 759]], [[23, 759]]]","[[], [[[45, 742], [44, 743], [44, 744], [43, 745], [43, 746], [43, 747], [42, 748], [42, 749], [42, 750], [43, 751], [42, 752], [43, 753], [43, 754], [43, 755], [42, 756], [41, 756], [40, 757], [39, 757], [38, 757], [37, 757], [37, 758], [38, 759], [38, 760], [38, 761], [38, 762], [38, 763], [38, 764], [38, 763], [38, 762], [38, 761], [39, 760], [40, 760], [41, 760], [42, 761], [43, 761], [43, 760], [44, 759], [45, 759], [46, 760], [46, 761], [46, 762], [46, 763], [47, 763], [48, 763], [48, 762], [47, 761], [47, 760], [46, 759], [46, 758], [46, 757], [46, 756], [45, 755], [45, 754], [45, 753], [45, 752], [44, 751], [44, 750], [44, 749], [44, 748], [44, 747], [45, 746], [46, 746], [47, 745], [48, 744], [48, 743], [48, 742], [47, 742], [46, 742]]]]","[[], 94]"
66,66,"[[[556, 742]], [[555, 743]], [[555, 744]], [[554, 745]], [[553, 746]], [[552, 747]], [[551, 748]], [[550, 748]], [[550, 749]], [[549, 750]], [[549, 751]], [[548, 752]], [[548, 753]], [[548, 754]], [[548, 755]], [[549, 756]], [[549, 757]], [[549, 758]], [[550, 759]], [[550, 760]], [[551, 761]], [[551, 762]], [[552, 763]], [[553, 764]], [[553, 765]], [[552, 766]], [[551, 767]], [[550, 767]], [[549, 767]], [[548, 767]], [[547, 767]], [[546, 767]], [[545, 767]], [[544, 768]], [[543, 768]], [[542, 769]], [[541, 770]], [[541, 771]], [[540, 772]], [[540, 773]], [[540, 774]], [[539, 775]], [[539, 776]], [[538, 777]], [[537, 778]], [[537, 779]], [[537, 780]], [[537, 781]], [[537, 782]], [[537, 783]], [[537, 784]], [[537, 785]], [[538, 786]], [[538, 787]], [[538, 788]], [[539, 789]], [[539, 790]], [[539, 791]], [[540, 792]], [[540, 793]], [[540, 794]], [[541, 795]], [[542, 795]], [[543, 795]], [[544, 795]], [[545, 796]], [[546, 796]], [[547, 797]], [[548, 798]], [[549, 798]], [[550, 799]], [[551, 799]], [[552, 799]], [[553, 799]], [[554, 799]], [[555, 799]], [[556, 799]], [[557, 799]], [[558, 799]], [[559, 799]], [[560, 799]], [[561, 799]], [[562, 799]], [[563, 799]], [[564, 799]], [[565, 799]], [[566, 799]], [[567, 799]], [[568, 799]], [[569, 800]], [[570, 800]], [[571, 800]], [[572, 799]], [[573, 798]], [[574, 797]], [[575, 796]], [[575, 795]], [[576, 794]], [[577, 793]], [[578, 792]], [[578, 791]], [[578, 790]], [[579, 789]], [[580, 788]], [[581, 788]], [[582, 788]], [[582, 787]], [[582, 786]], [[583, 785]], [[584, 784]], [[584, 783]], [[585, 782]], [[585, 781]], [[584, 780]], [[585, 779]], [[585, 778]], [[585, 777]], [[584, 776]], [[585, 775]], [[585, 774]], [[586, 773]], [[587, 772]], [[588, 771]], [[589, 770]], [[589, 769]], [[589, 768]], [[589, 767]], [[589, 766]], [[588, 766]], [[587, 766]], [[586, 766]], [[585, 767]], [[584, 766]], [[583, 766]], [[582, 765]], [[581, 764]], [[581, 763]], [[582, 762]], [[582, 761]], [[581, 760]], [[580, 759]], [[579, 758]], [[579, 757]], [[578, 756]], [[577, 755]], [[576, 754]], [[575, 753]], [[574, 752]], [[574, 751]], [[573, 750]], [[572, 749]], [[571, 748]], [[570, 747]], [[570, 746]], [[569, 745]], [[568, 744]], [[568, 743]], [[567, 743]], [[566, 742]], [[565, 742]], [[564, 742]], [[563, 742]], [[562, 742]], [[561, 742]], [[560, 742]], [[559, 742]], [[558, 742]], [[557, 742]]]","[[], [[[585, 776], [586, 777], [586, 778], [586, 779], [585, 780], [586, 781], [586, 782], [586, 781], [587, 780], [588, 779], [589, 778], [590, 779], [590, 780], [591, 781], [592, 782], [592, 783], [593, 783], [594, 784], [594, 785], [594, 786], [594, 787], [594, 788], [595, 788], [596, 787], [595, 786], [594, 785], [594, 784], [594, 783], [593, 783], [592, 782], [592, 781], [592, 780], [592, 779], [591, 778], [590, 778], [589, 777], [588, 776], [587, 776], [586, 776]]]]","[[], 95]"
67,67,"[[[743, 733]], [[742, 734]], [[741, 734]], [[740, 735]], [[739, 735]], [[739, 736]], [[739, 737]], [[739, 738]], [[740, 739]], [[740, 740]], [[739, 741]], [[739, 742]], [[739, 743]], [[740, 744]], [[740, 745]], [[741, 746]], [[741, 747]], [[742, 748]], [[742, 749]], [[743, 750]], [[743, 751]], [[744, 752]], [[745, 752]], [[746, 752]], [[747, 752]], [[748, 752]], [[749, 752]], [[750, 752]], [[751, 751]], [[752, 751]], [[753, 750]], [[754, 749]], [[755, 748]], [[754, 747]], [[754, 746]], [[754, 745]], [[755, 744]], [[755, 743]], [[755, 742]], [[755, 741]], [[754, 740]], [[753, 739]], [[753, 738]], [[752, 738]], [[751, 737]], [[750, 736]], [[749, 735]], [[748, 735]], [[747, 734]], [[746, 733]], [[745, 733]], [[744, 733]]]","[[[[738, 723], [739, 724], [740, 725], [740, 726], [740, 727], [741, 727], [742, 728], [743, 729], [743, 730], [742, 731], [741, 732], [740, 733], [739, 732], [738, 731], [738, 730], [737, 730], [737, 731], [737, 732], [738, 733], [738, 734], [739, 734], [740, 734], [741, 733], [742, 733], [743, 732], [744, 732], [745, 732], [745, 731], [745, 730], [745, 729], [745, 728], [744, 728], [743, 727], [742, 727], [741, 726], [740, 725], [740, 724], [740, 723], [739, 723]]], [[[738, 739], [737, 740], [738, 741], [738, 742], [738, 743], [737, 744], [736, 744], [735, 744], [734, 745], [733, 745], [732, 745], [731, 746], [730, 746], [729, 746], [728, 747], [729, 747], [730, 748], [731, 748], [732, 748], [733, 747], [734, 747], [735, 746], [736, 745], [737, 745], [738, 744], [738, 743], [738, 742], [738, 741], [739, 740], [739, 739]]], []]","[96, 97, []]"
68,68,"[[[616, 729]], [[615, 730]], [[614, 730]], [[614, 731]], [[613, 732]], [[612, 733]], [[611, 734]], [[610, 734]], [[609, 734]], [[608, 734]], [[607, 734]], [[606, 734]], [[605, 734]], [[604, 734]], [[603, 735]], [[602, 735]], [[601, 736]], [[600, 737]], [[599, 738]], [[598, 738]], [[597, 739]], [[596, 740]], [[595, 741]], [[595, 742]], [[594, 743]], [[594, 744]], [[594, 745]], [[593, 746]], [[593, 747]], [[593, 748]], [[592, 749]], [[592, 750]], [[592, 751]], [[592, 752]], [[591, 753]], [[590, 753]], [[591, 754]], [[591, 755]], [[591, 756]], [[591, 757]], [[592, 758]], [[592, 759]], [[593, 760]], [[593, 761]], [[593, 762]], [[594, 763]], [[593, 764]], [[594, 764]], [[595, 764]], [[596, 765]], [[597, 765]], [[598, 765]], [[599, 766]], [[600, 766]], [[601, 767]], [[602, 767]], [[603, 768]], [[604, 769]], [[605, 769]], [[606, 770]], [[607, 771]], [[607, 772]], [[608, 773]], [[608, 774]], [[609, 775]], [[610, 776]], [[610, 777]], [[611, 777]], [[612, 777]], [[613, 777]], [[614, 777]], [[615, 776]], [[616, 776]], [[617, 775]], [[618, 775]], [[619, 774]], [[620, 774]], [[621, 774]], [[622, 775]], [[623, 775]], [[624, 775]], [[625, 775]], [[626, 775]], [[627, 775]], [[628, 775]], [[629, 774]], [[630, 774]], [[631, 774]], [[632, 773]], [[633, 773]], [[634, 772]], [[635, 771]], [[636, 771]], [[637, 770]], [[637, 769]], [[638, 768]], [[639, 767]], [[640, 766]], [[640, 765]], [[641, 764]], [[642, 763]], [[642, 762]], [[642, 761]], [[642, 760]], [[642, 759]], [[641, 758]], [[640, 758]], [[639, 758]], [[638, 758]], [[637, 758]], [[636, 757]], [[635, 757]], [[634, 756]], [[633, 755]], [[632, 755]], [[631, 754]], [[630, 754]], [[629, 753]], [[629, 752]], [[628, 751]], [[628, 750]], [[628, 749]], [[629, 748]], [[629, 747]], [[628, 746]], [[628, 745]], [[629, 744]], [[628, 743]], [[627, 742]], [[626, 741]], [[625, 741]], [[624, 740]], [[623, 739]], [[622, 738]], [[621, 737]], [[621, 736]], [[620, 735]], [[620, 734]], [[620, 733]], [[619, 732]], [[619, 731]], [[618, 730]], [[617, 729]]]","[[], [[[587, 751], [587, 752], [587, 753], [588, 754], [589, 755], [589, 756], [589, 757], [590, 758], [590, 759], [591, 760], [591, 761], [591, 762], [591, 763], [591, 764], [592, 764], [593, 763], [592, 762], [592, 761], [592, 760], [591, 759], [591, 758], [590, 757], [590, 756], [590, 755], [590, 754], [589, 753], [589, 752], [588, 751]]], [[[619, 775], [618, 776], [617, 776], [616, 777], [615, 777], [615, 778], [616, 778], [617, 778], [618, 778], [619, 777], [620, 776], [621, 776], [622, 777], [623, 778], [624, 778], [625, 779], [625, 780], [625, 779], [625, 778], [626, 777], [627, 777], [628, 777], [629, 777], [629, 776], [628, 776], [627, 776], [626, 777], [625, 776], [624, 776], [623, 776], [622, 776], [621, 775], [620, 775]]], [[[619, 775], [618, 776], [617, 776], [616, 777], [615, 777], [615, 778], [616, 778], [617, 778], [618, 778], [619, 777], [620, 776], [621, 776], [622, 777], [623, 778], [624, 778], [625, 779], [625, 780], [625, 779], [625, 778], [626, 777], [627, 777], [628, 777], [629, 777], [629, 776], [628, 776], [627, 776], [626, 777], [625, 776], [624, 776], [623, 776], [622, 776], [621, 775], [620, 775]], [[636, 773], [635, 774], [634, 774], [634, 775], [634, 776], [634, 777], [633, 778], [633, 779], [632, 780], [631, 780], [630, 781], [629, 781], [630, 782], [629, 783], [628, 783], [627, 783], [628, 784], [629, 783], [630, 783], [631, 782], [632, 781], [633, 780], [633, 779], [634, 778], [634, 777], [635, 776], [635, 775], [636, 774], [637, 773]]], [[[636, 773], [635, 774], [634, 774], [634, 775], [634, 776], [634, 777], [633, 778], [633, 779], [632, 780], [631, 780], [630, 781], [629, 781], [630, 782], [629, 783], [628, 783], [627, 783], [628, 784], [629, 783], [630, 783], [631, 782], [632, 781], [633, 780], [633, 779], [634, 778], [634, 777], [635, 776], [635, 775], [636, 774], [637, 773]]]]","[[], 98, 99, 100, 92]"
69,69,"[[[410, 728]], [[409, 729]], [[408, 729]], [[407, 729]], [[406, 729]], [[405, 730]], [[405, 731]], [[405, 732]], [[405, 733]], [[404, 734]], [[404, 735]], [[403, 736]], [[404, 737]], [[403, 738]], [[402, 739]], [[402, 740]], [[402, 741]], [[402, 742]], [[403, 743]], [[403, 744]], [[403, 745]], [[402, 746]], [[403, 747]], [[404, 748]], [[404, 749]], [[403, 750]], [[403, 751]], [[403, 752]], [[403, 753]], [[403, 754]], [[403, 755]], [[402, 756]], [[402, 757]], [[402, 758]], [[402, 759]], [[402, 760]], [[402, 761]], [[402, 762]], [[403, 763]], [[403, 764]], [[404, 765]], [[404, 766]], [[404, 767]], [[403, 768]], [[403, 769]], [[403, 770]], [[403, 771]], [[403, 772]], [[403, 773]], [[403, 774]], [[403, 775]], [[402, 776]], [[402, 777]], [[402, 778]], [[402, 779]], [[403, 780]], [[403, 781]], [[404, 782]], [[404, 783]], [[404, 784]], [[405, 785]], [[406, 786]], [[406, 787]], [[406, 788]], [[407, 789]], [[408, 790]], [[408, 791]], [[409, 792]], [[409, 793]], [[409, 794]], [[410, 795]], [[410, 796]], [[411, 797]], [[411, 798]], [[411, 799]], [[411, 800]], [[412, 801]], [[413, 801]], [[414, 802]], [[415, 803]], [[415, 804]], [[415, 805]], [[415, 806]], [[416, 807]], [[417, 808]], [[418, 808]], [[419, 809]], [[420, 810]], [[421, 810]], [[422, 811]], [[423, 811]], [[424, 811]], [[425, 811]], [[426, 811]], [[427, 812]], [[428, 812]], [[429, 813]], [[429, 814]], [[429, 815]], [[429, 816]], [[429, 817]], [[430, 818]], [[431, 819]], [[431, 820]], [[431, 821]], [[432, 822]], [[433, 823]], [[434, 824]], [[435, 825]], [[436, 826]], [[436, 827]], [[437, 828]], [[438, 829]], [[438, 830]], [[439, 831]], [[440, 832]], [[441, 833]], [[441, 834]], [[441, 835]], [[442, 835]], [[443, 836]], [[443, 837]], [[443, 838]], [[444, 839]], [[445, 840]], [[445, 841]], [[445, 842]], [[446, 843]], [[446, 844]], [[447, 845]], [[448, 845]], [[449, 846]], [[450, 847]], [[451, 848]], [[452, 848]], [[453, 848]], [[454, 848]], [[455, 849]], [[456, 849]], [[457, 850]], [[458, 850]], [[459, 851]], [[460, 851]], [[461, 851]], [[462, 851]], [[463, 851]], [[464, 852]], [[465, 852]], [[466, 852]], [[467, 852]], [[468, 852]], [[469, 852]], [[470, 852]], [[471, 851]], [[472, 851]], [[473, 851]], [[474, 851]], [[475, 850]], [[476, 849]], [[477, 848]], [[477, 847]], [[478, 846]], [[478, 845]], [[479, 844]], [[479, 843]], [[479, 842]], [[479, 841]], [[479, 840]], [[479, 839]], [[479, 838]], [[479, 837]], [[479, 836]], [[479, 835]], [[479, 834]], [[479, 833]], [[480, 832]], [[480, 831]], [[480, 830]], [[480, 829]], [[481, 828]], [[481, 827]], [[482, 826]], [[483, 825]], [[483, 824]], [[483, 823]], [[482, 822]], [[483, 821]], [[483, 820]], [[484, 819]], [[485, 818]], [[485, 817]], [[486, 816]], [[486, 815]], [[486, 814]], [[486, 813]], [[487, 812]], [[488, 811]], [[488, 810]], [[489, 809]], [[489, 808]], [[489, 807]], [[488, 806]], [[488, 805]], [[488, 804]], [[488, 803]], [[489, 802]], [[489, 801]], [[489, 800]], [[488, 799]], [[488, 798]], [[489, 797]], [[489, 796]], [[490, 795]], [[490, 794]], [[491, 793]], [[491, 792]], [[492, 791]], [[491, 790]], [[491, 789]], [[490, 788]], [[491, 787]], [[492, 786]], [[492, 785]], [[492, 784]], [[492, 783]], [[492, 782]], [[491, 781]], [[491, 780]], [[490, 779]], [[490, 778]], [[490, 777]], [[489, 776]], [[488, 776]], [[487, 775]], [[486, 774]], [[485, 774]], [[484, 774]], [[483, 773]], [[482, 772]], [[482, 771]], [[482, 770]], [[482, 769]], [[482, 768]], [[482, 767]], [[482, 766]], [[482, 765]], [[481, 764]], [[481, 763]], [[481, 762]], [[481, 761]], [[481, 760]], [[481, 759]], [[481, 758]], [[480, 757]], [[479, 756]], [[478, 755]], [[478, 754]], [[477, 753]], [[476, 752]], [[475, 751]], [[474, 750]], [[474, 749]], [[473, 748]], [[473, 747]], [[473, 746]], [[473, 745]], [[472, 744]], [[471, 743]], [[470, 742]], [[470, 741]], [[470, 740]], [[469, 739]], [[469, 738]], [[469, 737]], [[469, 736]], [[470, 735]], [[470, 734]], [[469, 734]], [[468, 734]], [[467, 734]], [[466, 735]], [[465, 735]], [[464, 734]], [[463, 734]], [[462, 733]], [[461, 733]], [[460, 733]], [[459, 733]], [[458, 732]], [[457, 732]], [[456, 732]], [[455, 732]], [[454, 732]], [[453, 732]], [[452, 732]], [[451, 732]], [[450, 731]], [[449, 731]], [[448, 732]], [[447, 732]], [[446, 733]], [[445, 734]], [[444, 735]], [[443, 736]], [[442, 737]], [[441, 738]], [[441, 739]], [[440, 740]], [[439, 741]], [[438, 742]], [[437, 742]], [[436, 743]], [[435, 743]], [[434, 744]], [[433, 745]], [[432, 745]], [[431, 744]], [[430, 744]], [[429, 744]], [[428, 743]], [[427, 742]], [[427, 741]], [[427, 740]], [[426, 739]], [[425, 738]], [[424, 737]], [[423, 736]], [[422, 735]], [[422, 734]], [[421, 734]], [[420, 733]], [[419, 733]], [[418, 732]], [[417, 731]], [[416, 730]], [[415, 730]], [[414, 730]], [[413, 729]], [[412, 729]], [[411, 728]]]","[[[[401, 721], [400, 722], [401, 722], [402, 722], [403, 723], [404, 723], [405, 724], [405, 725], [405, 726], [405, 727], [404, 728], [403, 729], [402, 729], [401, 730], [400, 730], [399, 729], [398, 728], [397, 729], [397, 730], [397, 731], [397, 732], [398, 732], [399, 733], [400, 732], [401, 732], [402, 733], [402, 734], [402, 735], [403, 735], [403, 734], [404, 733], [404, 732], [404, 731], [404, 730], [405, 729], [406, 728], [407, 728], [408, 728], [409, 728], [410, 727], [411, 727], [412, 728], [413, 728], [414, 729], [415, 729], [416, 729], [417, 730], [418, 730], [418, 729], [417, 728], [416, 727], [415, 727], [414, 727], [413, 727], [412, 727], [411, 726], [410, 726], [409, 726], [408, 726], [407, 726], [406, 726], [405, 725], [406, 724], [405, 723], [404, 722], [403, 722], [402, 721]]], [[[400, 740], [400, 741], [399, 742], [398, 743], [397, 744], [396, 743], [395, 742], [394, 742], [394, 743], [394, 744], [395, 745], [396, 744], [397, 745], [398, 746], [399, 747], [399, 748], [399, 749], [398, 750], [397, 750], [396, 750], [395, 750], [394, 751], [394, 752], [394, 753], [394, 754], [394, 753], [395, 752], [396, 751], [397, 751], [398, 751], [399, 752], [400, 753], [400, 754], [400, 755], [400, 756], [401, 756], [402, 755], [402, 754], [402, 753], [402, 752], [402, 751], [401, 750], [400, 749], [400, 748], [401, 747], [401, 746], [402, 745], [402, 744], [402, 743], [401, 742], [401, 741]]], [[[392, 759], [391, 760], [391, 761], [392, 761], [393, 762], [394, 762], [395, 761], [396, 761], [397, 761], [398, 762], [399, 762], [400, 763], [400, 764], [401, 764], [402, 764], [402, 763], [401, 762], [401, 761], [400, 761], [399, 760], [398, 760], [397, 761], [396, 761], [395, 760], [394, 760], [393, 759]]], [], [[[398, 778], [398, 779], [398, 780], [399, 780], [400, 779], [401, 780], [401, 781], [401, 782], [401, 783], [401, 784], [401, 785], [401, 786], [402, 786], [403, 787], [403, 788], [403, 789], [404, 790], [405, 791], [406, 792], [407, 793], [408, 793], [408, 792], [407, 791], [407, 790], [406, 789], [405, 788], [405, 787], [405, 786], [404, 785], [403, 784], [403, 783], [403, 782], [402, 781], [402, 780], [401, 779], [401, 778], [400, 778], [399, 778]]], [[[492, 781], [493, 782], [493, 783], [493, 784], [493, 785], [493, 786], [492, 787], [491, 788], [492, 789], [492, 790], [493, 791], [492, 792], [492, 793], [492, 794], [492, 795], [492, 796], [493, 796], [493, 795], [494, 794], [494, 793], [494, 792], [493, 791], [494, 790], [495, 789], [495, 788], [495, 787], [495, 786], [495, 785], [495, 784], [494, 783], [494, 782], [493, 781]]], [[[471, 723], [472, 724], [472, 725], [471, 726], [470, 726], [469, 725], [469, 726], [469, 727], [469, 728], [468, 729], [468, 730], [469, 730], [470, 730], [471, 730], [472, 730], [473, 731], [474, 731], [475, 732], [476, 733], [476, 734], [477, 734], [478, 734], [479, 734], [478, 733], [477, 733], [476, 733], [475, 732], [475, 731], [475, 730], [475, 729], [474, 728], [475, 727], [476, 727], [477, 728], [478, 728], [479, 728], [480, 729], [481, 730], [482, 730], [483, 730], [484, 731], [484, 732], [485, 733], [486, 733], [487, 733], [488, 733], [489, 732], [490, 732], [491, 732], [492, 733], [493, 734], [494, 735], [494, 736], [494, 737], [495, 738], [495, 739], [496, 738], [497, 739], [498, 740], [497, 741], [498, 741], [499, 741], [500, 742], [501, 743], [502, 744], [503, 745], [504, 745], [505, 744], [506, 745], [506, 746], [507, 747], [508, 747], [509, 747], [510, 747], [510, 746], [510, 745], [511, 744], [512, 744], [513, 745], [514, 746], [514, 747], [515, 747], [516, 746], [516, 745], [515, 745], [514, 744], [514, 743], [515, 742], [515, 741], [516, 740], [516, 739], [515, 739], [514, 739], [513, 740], [512, 741], [511, 742], [511, 743], [511, 744], [510, 745], [509, 745], [508, 744], [507, 743], [506, 743], [505, 743], [504, 742], [503, 741], [502, 740], [501, 739], [500, 739], [499, 738], [498, 738], [497, 737], [496, 736], [495, 735], [495, 734], [495, 733], [496, 732], [496, 731], [496, 730], [495, 729], [494, 730], [493, 731], [492, 730], [491, 730], [490, 730], [489, 731], [488, 731], [487, 730], [486, 729], [485, 729], [484, 729], [483, 729], [482, 728], [482, 727], [481, 727], [480, 726], [479, 726], [478, 726], [477, 726], [476, 726], [475, 727], [474, 726], [473, 726], [472, 725], [472, 724]]], [[[401, 721], [400, 722], [401, 722], [402, 722], [403, 723], [404, 723], [405, 724], [405, 725], [405, 726], [405, 727], [404, 728], [403, 729], [402, 729], [401, 730], [400, 730], [399, 729], [398, 728], [397, 729], [397, 730], [397, 731], [397, 732], [398, 732], [399, 733], [400, 732], [401, 732], [402, 733], [402, 734], [402, 735], [403, 735], [403, 734], [404, 733], [404, 732], [404, 731], [404, 730], [405, 729], [406, 728], [407, 728], [408, 728], [409, 728], [410, 727], [411, 727], [412, 728], [413, 728], [414, 729], [415, 729], [416, 729], [417, 730], [418, 730], [418, 729], [417, 728], [416, 727], [415, 727], [414, 727], [413, 727], [412, 727], [411, 726], [410, 726], [409, 726], [408, 726], [407, 726], [406, 726], [405, 725], [406, 724], [405, 723], [404, 722], [403, 722], [402, 721]], [[421, 719], [420, 720], [419, 720], [418, 721], [417, 721], [418, 721], [419, 722], [419, 723], [419, 724], [420, 723], [421, 723], [422, 724], [423, 723], [424, 722], [425, 722], [426, 723], [426, 724], [426, 725], [425, 726], [424, 726], [424, 727], [424, 728], [425, 728], [426, 729], [427, 728], [427, 727], [428, 726], [428, 725], [428, 724], [428, 723], [428, 722], [427, 721], [426, 721], [425, 721], [424, 720], [423, 720], [422, 719]]]]","[102, 103, 104, [], 105, 106, 107, 108]"
70,70,"[[[758, 726]], [[757, 727]], [[756, 727]], [[755, 727]], [[754, 727]], [[753, 728]], [[752, 728]], [[751, 729]], [[751, 730]], [[752, 730]], [[753, 731]], [[754, 732]], [[754, 733]], [[754, 734]], [[754, 733]], [[754, 732]], [[754, 731]], [[755, 730]], [[756, 731]], [[756, 732]], [[757, 732]], [[758, 733]], [[758, 734]], [[758, 733]], [[758, 732]], [[759, 731]], [[760, 730]], [[761, 729]], [[761, 728]], [[760, 727]], [[759, 727]]]",[[]],[]
71,71,"[[[121, 721]], [[120, 722]], [[119, 723]], [[119, 724]], [[118, 725]], [[117, 726]], [[116, 727]], [[115, 727]], [[114, 728]], [[113, 728]], [[112, 728]], [[111, 729]], [[110, 729]], [[109, 729]], [[108, 729]], [[107, 728]], [[107, 727]], [[106, 726]], [[106, 725]], [[105, 725]], [[104, 724]], [[103, 724]], [[102, 724]], [[101, 724]], [[100, 724]], [[99, 723]], [[98, 723]], [[97, 723]], [[96, 722]], [[95, 722]], [[94, 722]], [[93, 722]], [[92, 722]], [[91, 722]], [[90, 722]], [[89, 723]], [[88, 724]], [[87, 724]], [[86, 724]], [[85, 725]], [[84, 725]], [[83, 725]], [[82, 725]], [[81, 725]], [[80, 725]], [[79, 725]], [[78, 725]], [[77, 725]], [[76, 725]], [[75, 726]], [[74, 727]], [[73, 727]], [[72, 727]], [[71, 727]], [[70, 728]], [[69, 728]], [[68, 729]], [[67, 730]], [[66, 730]], [[65, 730]], [[64, 731]], [[63, 731]], [[62, 731]], [[61, 731]], [[60, 731]], [[59, 732]], [[58, 732]], [[58, 733]], [[57, 734]], [[56, 734]], [[56, 735]], [[56, 736]], [[56, 737]], [[55, 738]], [[54, 738]], [[53, 738]], [[52, 739]], [[52, 740]], [[51, 741]], [[50, 742]], [[49, 743]], [[49, 744]], [[48, 745]], [[47, 746]], [[46, 747]], [[45, 747]], [[45, 748]], [[45, 749]], [[45, 750]], [[45, 751]], [[46, 752]], [[46, 753]], [[46, 754]], [[46, 755]], [[47, 756]], [[47, 757]], [[47, 758]], [[47, 759]], [[48, 760]], [[48, 761]], [[49, 762]], [[49, 763]], [[48, 764]], [[47, 764]], [[47, 765]], [[47, 766]], [[47, 767]], [[47, 768]], [[48, 769]], [[48, 770]], [[49, 769]], [[50, 770]], [[50, 771]], [[50, 772]], [[51, 772]], [[52, 772]], [[53, 773]], [[54, 773]], [[55, 774]], [[55, 775]], [[55, 774]], [[56, 773]], [[57, 774]], [[58, 774]], [[59, 775]], [[60, 775]], [[61, 775]], [[62, 776]], [[63, 776]], [[64, 775]], [[65, 775]], [[66, 776]], [[65, 777]], [[66, 777]], [[67, 778]], [[68, 778]], [[69, 778]], [[70, 778]], [[71, 778]], [[72, 778]], [[73, 778]], [[74, 778]], [[75, 777]], [[76, 776]], [[77, 776]], [[78, 775]], [[79, 774]], [[80, 773]], [[81, 774]], [[82, 775]], [[83, 775]], [[84, 776]], [[85, 776]], [[86, 776]], [[87, 775]], [[88, 775]], [[89, 774]], [[90, 773]], [[91, 773]], [[92, 772]], [[93, 772]], [[94, 772]], [[95, 773]], [[95, 774]], [[96, 775]], [[97, 775]], [[98, 776]], [[98, 777]], [[99, 778]], [[100, 779]], [[101, 779]], [[102, 779]], [[103, 780]], [[104, 780]], [[105, 780]], [[106, 780]], [[107, 780]], [[108, 779]], [[109, 779]], [[110, 779]], [[111, 779]], [[112, 778]], [[113, 777]], [[114, 777]], [[115, 776]], [[116, 775]], [[117, 774]], [[118, 773]], [[119, 773]], [[119, 772]], [[120, 771]], [[121, 770]], [[122, 769]], [[123, 769]], [[124, 769]], [[125, 769]], [[126, 768]], [[127, 768]], [[128, 768]], [[129, 767]], [[130, 766]], [[130, 765]], [[131, 764]], [[131, 763]], [[131, 762]], [[131, 761]], [[131, 760]], [[132, 759]], [[132, 758]], [[132, 757]], [[132, 756]], [[132, 755]], [[131, 754]], [[131, 753]], [[131, 752]], [[131, 751]], [[132, 750]], [[133, 749]], [[134, 749]], [[135, 748]], [[136, 748]], [[137, 747]], [[138, 746]], [[138, 745]], [[139, 744]], [[139, 743]], [[140, 742]], [[140, 741]], [[140, 740]], [[141, 739]], [[141, 738]], [[140, 737]], [[140, 736]], [[140, 735]], [[139, 734]], [[139, 733]], [[138, 732]], [[137, 731]], [[136, 730]], [[135, 729]], [[134, 728]], [[134, 727]], [[134, 726]], [[133, 725]], [[133, 724]], [[132, 723]], [[131, 722]], [[130, 722]], [[129, 722]], [[128, 722]], [[127, 722]], [[126, 722]], [[125, 721]], [[124, 721]], [[123, 721]], [[122, 721]]]","[[], [[[54, 731], [54, 732], [54, 733], [54, 734], [53, 735], [52, 735], [51, 736], [50, 736], [49, 736], [48, 737], [49, 738], [50, 739], [50, 740], [51, 740], [51, 739], [52, 738], [53, 737], [54, 737], [55, 737], [55, 736], [55, 735], [55, 734], [56, 733], [57, 733], [57, 732], [57, 731], [56, 731], [55, 731]]], [[[45, 742], [44, 743], [44, 744], [43, 745], [43, 746], [43, 747], [42, 748], [42, 749], [42, 750], [43, 751], [42, 752], [43, 753], [43, 754], [43, 755], [42, 756], [41, 756], [40, 757], [39, 757], [38, 757], [37, 757], [37, 758], [38, 759], [38, 760], [38, 761], [38, 762], [38, 763], [38, 764], [38, 763], [38, 762], [38, 761], [39, 760], [40, 760], [41, 760], [42, 761], [43, 761], [43, 760], [44, 759], [45, 759], [46, 760], [46, 761], [46, 762], [46, 763], [47, 763], [48, 763], [48, 762], [47, 761], [47, 760], [46, 759], [46, 758], [46, 757], [46, 756], [45, 755], [45, 754], [45, 753], [45, 752], [44, 751], [44, 750], [44, 749], [44, 748], [44, 747], [45, 746], [46, 746], [47, 745], [48, 744], [48, 743], [48, 742], [47, 742], [46, 742]]], [[[133, 750], [132, 751], [132, 752], [132, 753], [132, 754], [133, 755], [133, 756], [133, 757], [133, 758], [133, 759], [132, 760], [132, 761], [133, 762], [134, 761], [134, 760], [135, 759], [136, 759], [137, 759], [138, 759], [139, 759], [138, 759], [137, 758], [136, 758], [135, 757], [134, 756], [134, 755], [134, 754], [133, 753], [134, 752], [135, 751], [135, 750], [134, 750]]]]","[[], 109, 94, 111]"
72,72,"[[[745, 691]], [[744, 692]], [[743, 693]], [[743, 694]], [[742, 695]], [[741, 696]], [[740, 696]], [[740, 697]], [[739, 698]], [[739, 699]], [[739, 700]], [[740, 701]], [[741, 702]], [[741, 703]], [[742, 703]], [[743, 704]], [[743, 705]], [[744, 706]], [[745, 707]], [[746, 707]], [[747, 707]], [[748, 707]], [[749, 706]], [[749, 705]], [[749, 704]], [[749, 703]], [[749, 702]], [[749, 701]], [[750, 700]], [[750, 699]], [[751, 698]], [[751, 697]], [[750, 696]], [[749, 695]], [[749, 694]], [[748, 693]], [[747, 692]], [[746, 691]]]","[[[[738, 686], [737, 687], [737, 688], [737, 689], [736, 690], [735, 689], [734, 689], [733, 689], [732, 689], [731, 690], [731, 691], [732, 692], [733, 693], [734, 693], [735, 693], [735, 692], [735, 691], [736, 690], [737, 691], [738, 692], [738, 693], [738, 694], [739, 695], [740, 695], [741, 695], [742, 694], [742, 693], [743, 692], [744, 691], [745, 690], [746, 690], [747, 690], [748, 691], [748, 692], [749, 693], [750, 694], [750, 695], [751, 696], [752, 697], [753, 696], [754, 695], [753, 694], [752, 694], [751, 694], [750, 693], [749, 692], [749, 691], [750, 690], [749, 689], [748, 690], [747, 690], [746, 689], [745, 689], [745, 690], [744, 691], [743, 691], [742, 690], [741, 689], [740, 689], [739, 689], [738, 688], [738, 687], [739, 686]]]]",[112]
73,73,"[[[73, 691]], [[72, 692]], [[71, 693]], [[70, 694]], [[69, 694]], [[69, 695]], [[69, 696]], [[69, 697]], [[69, 698]], [[69, 699]], [[69, 700]], [[70, 701]], [[70, 702]], [[71, 702]], [[72, 702]], [[73, 702]], [[74, 701]], [[75, 701]], [[76, 700]], [[77, 700]], [[77, 699]], [[78, 698]], [[78, 697]], [[79, 696]], [[80, 695]], [[80, 694]], [[80, 693]], [[79, 693]], [[78, 692]], [[77, 692]], [[76, 692]], [[75, 691]], [[74, 691]]]","[[[[67, 695], [67, 696], [67, 697], [66, 698], [66, 699], [66, 700], [65, 701], [64, 702], [63, 703], [62, 702], [61, 701], [61, 700], [60, 699], [60, 698], [59, 698], [58, 698], [57, 699], [57, 700], [58, 700], [59, 699], [60, 700], [61, 701], [61, 702], [61, 703], [62, 703], [63, 703], [64, 703], [65, 702], [66, 702], [67, 702], [68, 702], [69, 703], [69, 704], [70, 705], [71, 705], [72, 705], [73, 704], [73, 703], [72, 703], [71, 703], [70, 703], [69, 702], [69, 701], [68, 700], [68, 699], [68, 698], [68, 697], [68, 696], [68, 695]]]]",[113]
74,74,"[[[682, 686]], [[682, 687]], [[681, 688]], [[680, 688]], [[679, 689]], [[678, 690]], [[677, 691]], [[676, 691]], [[675, 691]], [[674, 692]], [[673, 692]], [[673, 693]], [[672, 694]], [[672, 695]], [[672, 696]], [[672, 697]], [[672, 698]], [[672, 699]], [[672, 700]], [[673, 701]], [[673, 702]], [[673, 703]], [[673, 704]], [[672, 705]], [[672, 706]], [[671, 707]], [[671, 708]], [[671, 709]], [[671, 710]], [[671, 711]], [[671, 712]], [[671, 713]], [[671, 714]], [[671, 715]], [[670, 716]], [[670, 717]], [[669, 718]], [[669, 719]], [[668, 720]], [[668, 721]], [[668, 722]], [[668, 723]], [[668, 724]], [[667, 725]], [[667, 726]], [[667, 727]], [[667, 728]], [[668, 729]], [[668, 730]], [[669, 731]], [[669, 732]], [[668, 733]], [[667, 734]], [[666, 733]], [[666, 732]], [[665, 731]], [[665, 730]], [[665, 729]], [[664, 728]], [[663, 727]], [[662, 727]], [[661, 727]], [[660, 727]], [[659, 726]], [[658, 726]], [[657, 726]], [[656, 725]], [[655, 724]], [[654, 723]], [[653, 722]], [[652, 721]], [[652, 720]], [[651, 719]], [[650, 718]], [[649, 717]], [[648, 717]], [[647, 718]], [[646, 719]], [[646, 720]], [[646, 721]], [[645, 722]], [[646, 723]], [[646, 724]], [[647, 725]], [[647, 726]], [[647, 727]], [[647, 728]], [[648, 729]], [[649, 730]], [[649, 731]], [[649, 732]], [[650, 733]], [[651, 734]], [[652, 735]], [[653, 735]], [[654, 736]], [[655, 736]], [[656, 737]], [[657, 737]], [[658, 738]], [[659, 738]], [[660, 738]], [[661, 739]], [[662, 738]], [[663, 737]], [[664, 737]], [[665, 737]], [[666, 738]], [[665, 739]], [[665, 740]], [[665, 741]], [[664, 742]], [[664, 743]], [[664, 744]], [[663, 745]], [[663, 746]], [[663, 747]], [[663, 748]], [[664, 749]], [[664, 750]], [[665, 751]], [[666, 751]], [[667, 752]], [[668, 753]], [[669, 754]], [[670, 755]], [[671, 756]], [[672, 756]], [[673, 757]], [[673, 758]], [[674, 759]], [[675, 760]], [[675, 761]], [[676, 761]], [[677, 761]], [[678, 761]], [[679, 761]], [[680, 761]], [[681, 760]], [[682, 760]], [[683, 760]], [[684, 759]], [[684, 758]], [[684, 757]], [[685, 756]], [[686, 755]], [[686, 754]], [[687, 753]], [[688, 752]], [[688, 751]], [[688, 750]], [[689, 749]], [[689, 748]], [[689, 747]], [[689, 746]], [[690, 745]], [[690, 744]], [[691, 743]], [[692, 742]], [[693, 742]], [[694, 742]], [[695, 742]], [[696, 741]], [[697, 741]], [[698, 741]], [[699, 741]], [[700, 741]], [[701, 741]], [[702, 741]], [[703, 741]], [[704, 741]], [[705, 741]], [[706, 741]], [[707, 741]], [[708, 740]], [[709, 740]], [[710, 740]], [[711, 740]], [[712, 739]], [[713, 738]], [[713, 737]], [[714, 736]], [[714, 735]], [[714, 734]], [[715, 733]], [[715, 732]], [[715, 731]], [[714, 730]], [[714, 729]], [[714, 728]], [[715, 727]], [[716, 726]], [[717, 725]], [[718, 725]], [[718, 724]], [[718, 723]], [[719, 722]], [[720, 721]], [[721, 721]], [[721, 720]], [[721, 719]], [[722, 718]], [[722, 717]], [[722, 716]], [[722, 715]], [[721, 714]], [[721, 713]], [[720, 712]], [[720, 711]], [[720, 710]], [[720, 709]], [[719, 708]], [[719, 707]], [[719, 706]], [[718, 705]], [[717, 705]], [[716, 705]], [[715, 706]], [[714, 706]], [[713, 706]], [[712, 706]], [[711, 705]], [[710, 705]], [[709, 704]], [[708, 704]], [[707, 703]], [[706, 702]], [[706, 701]], [[706, 700]], [[705, 699]], [[705, 698]], [[704, 697]], [[704, 696]], [[704, 695]], [[704, 694]], [[703, 693]], [[702, 692]], [[701, 691]], [[700, 690]], [[699, 690]], [[698, 689]], [[697, 689]], [[696, 688]], [[695, 688]], [[694, 688]], [[693, 688]], [[692, 687]], [[691, 687]], [[690, 687]], [[689, 687]], [[688, 686]], [[687, 686]], [[686, 686]], [[685, 686]], [[684, 686]], [[683, 686]]]","[[], [[[713, 740], [713, 741], [713, 742], [714, 742], [715, 742], [716, 742], [717, 742], [718, 742], [719, 741], [720, 741], [721, 741], [722, 741], [723, 741], [724, 740], [725, 740], [724, 740], [723, 740], [722, 740], [721, 740], [720, 740], [719, 740], [718, 740], [717, 740], [716, 740], [715, 740], [714, 740]]], [[[716, 684], [715, 685], [714, 685], [713, 686], [714, 687], [714, 688], [713, 689], [714, 690], [715, 691], [716, 690], [717, 689], [718, 689], [719, 690], [718, 691], [717, 692], [718, 692], [719, 692], [720, 693], [720, 694], [721, 695], [722, 696], [722, 697], [722, 698], [722, 699], [722, 700], [723, 701], [723, 702], [723, 703], [723, 704], [723, 705], [723, 706], [722, 707], [721, 707], [721, 708], [721, 709], [721, 710], [721, 711], [721, 712], [721, 711], [721, 710], [722, 709], [723, 709], [724, 709], [725, 709], [726, 710], [727, 710], [728, 710], [728, 709], [727, 708], [727, 707], [726, 706], [726, 705], [726, 704], [726, 703], [726, 702], [725, 702], [724, 701], [723, 700], [723, 699], [723, 698], [724, 697], [725, 697], [726, 698], [727, 699], [728, 699], [729, 700], [729, 701], [730, 701], [731, 700], [732, 700], [733, 700], [732, 700], [731, 700], [730, 699], [730, 698], [729, 697], [728, 696], [727, 697], [726, 697], [725, 697], [724, 696], [723, 695], [722, 694], [722, 693], [722, 692], [721, 691], [721, 690], [720, 689], [720, 688], [719, 687], [719, 686], [718, 685], [717, 684]]]]","[[], 114, 115]"
75,75,"[[[123, 685]], [[122, 686]], [[121, 687]], [[121, 688]], [[121, 689]], [[121, 690]], [[122, 691]], [[123, 692]], [[124, 693]], [[124, 694]], [[124, 695]], [[125, 696]], [[126, 696]], [[127, 697]], [[128, 697]], [[129, 698]], [[129, 699]], [[130, 700]], [[131, 701]], [[132, 702]], [[132, 703]], [[132, 704]], [[133, 704]], [[134, 704]], [[135, 704]], [[136, 703]], [[137, 703]], [[137, 702]], [[137, 701]], [[137, 700]], [[137, 699]], [[136, 698]], [[136, 697]], [[136, 696]], [[136, 695]], [[135, 694]], [[135, 693]], [[135, 692]], [[135, 691]], [[134, 690]], [[134, 689]], [[133, 688]], [[133, 687]], [[132, 686]], [[131, 686]], [[130, 685]], [[129, 685]], [[128, 685]], [[127, 685]], [[126, 685]], [[125, 685]], [[124, 685]]]","[[[[138, 703], [138, 704], [138, 705], [138, 706], [138, 707], [137, 708], [137, 709], [137, 710], [136, 711], [136, 712], [136, 713], [137, 713], [138, 712], [139, 712], [140, 712], [141, 711], [142, 712], [143, 713], [143, 712], [144, 711], [145, 710], [146, 709], [147, 710], [147, 711], [148, 711], [149, 711], [150, 710], [149, 709], [148, 709], [147, 709], [146, 709], [145, 708], [144, 707], [143, 707], [142, 707], [141, 707], [140, 706], [139, 705], [138, 704]]], [[[132, 681], [132, 682], [132, 683], [132, 684], [132, 685], [133, 686], [134, 687], [134, 688], [135, 689], [135, 690], [136, 691], [136, 692], [136, 693], [136, 694], [137, 694], [138, 694], [139, 693], [139, 692], [139, 691], [138, 690], [138, 689], [138, 688], [137, 688], [136, 688], [135, 687], [134, 686], [133, 685], [133, 684], [133, 683], [133, 682], [133, 681]]]]","[116, 117]"
76,76,"[[[449, 664]], [[448, 665]], [[447, 665]], [[446, 666]], [[445, 666]], [[444, 667]], [[443, 668]], [[442, 669]], [[441, 669]], [[440, 670]], [[439, 671]], [[438, 671]], [[437, 672]], [[436, 673]], [[435, 674]], [[434, 675]], [[433, 675]], [[432, 676]], [[431, 677]], [[430, 678]], [[429, 678]], [[428, 679]], [[427, 680]], [[426, 680]], [[425, 681]], [[424, 682]], [[423, 683]], [[422, 683]], [[421, 684]], [[420, 684]], [[420, 685]], [[419, 686]], [[418, 686]], [[417, 687]], [[416, 687]], [[415, 687]], [[414, 688]], [[413, 689]], [[413, 690]], [[412, 691]], [[412, 692]], [[411, 693]], [[411, 694]], [[411, 695]], [[410, 696]], [[409, 697]], [[408, 697]], [[407, 697]], [[406, 697]], [[405, 697]], [[404, 697]], [[403, 697]], [[402, 697]], [[401, 697]], [[400, 697]], [[399, 697]], [[398, 698]], [[397, 698]], [[396, 699]], [[396, 700]], [[395, 701]], [[395, 702]], [[394, 703]], [[394, 704]], [[394, 705]], [[394, 706]], [[393, 707]], [[392, 708]], [[391, 708]], [[390, 708]], [[389, 709]], [[388, 710]], [[387, 711]], [[386, 711]], [[385, 711]], [[384, 711]], [[384, 712]], [[383, 713]], [[383, 714]], [[382, 715]], [[381, 715]], [[380, 716]], [[379, 716]], [[378, 716]], [[377, 717]], [[376, 717]], [[375, 717]], [[374, 716]], [[373, 716]], [[372, 716]], [[371, 716]], [[370, 716]], [[369, 716]], [[368, 716]], [[367, 717]], [[366, 718]], [[365, 718]], [[364, 719]], [[363, 719]], [[362, 719]], [[361, 720]], [[361, 721]], [[360, 722]], [[359, 723]], [[358, 724]], [[357, 725]], [[356, 726]], [[355, 727]], [[354, 727]], [[353, 728]], [[353, 729]], [[353, 730]], [[353, 731]], [[353, 732]], [[353, 733]], [[353, 734]], [[352, 735]], [[353, 736]], [[353, 737]], [[353, 738]], [[353, 739]], [[353, 740]], [[353, 741]], [[353, 742]], [[352, 743]], [[352, 744]], [[353, 745]], [[354, 746]], [[353, 747]], [[352, 748]], [[353, 749]], [[354, 748]], [[355, 749]], [[356, 750]], [[357, 751]], [[357, 752]], [[358, 752]], [[359, 752]], [[360, 752]], [[361, 752]], [[362, 751]], [[363, 751]], [[364, 750]], [[365, 751]], [[366, 750]], [[367, 751]], [[368, 750]], [[369, 750]], [[370, 750]], [[371, 751]], [[372, 751]], [[373, 751]], [[374, 752]], [[375, 752]], [[376, 752]], [[377, 751]], [[378, 751]], [[379, 751]], [[380, 750]], [[381, 750]], [[382, 750]], [[383, 749]], [[384, 748]], [[385, 748]], [[386, 747]], [[386, 746]], [[387, 745]], [[387, 744]], [[387, 743]], [[388, 742]], [[388, 741]], [[389, 740]], [[389, 739]], [[390, 738]], [[390, 737]], [[390, 736]], [[391, 735]], [[391, 734]], [[392, 733]], [[392, 732]], [[393, 731]], [[394, 731]], [[395, 730]], [[395, 729]], [[395, 728]], [[394, 727]], [[394, 726]], [[395, 725]], [[396, 724]], [[397, 723]], [[398, 722]], [[399, 722]], [[400, 721]], [[401, 720]], [[402, 720]], [[403, 721]], [[404, 721]], [[405, 722]], [[406, 722]], [[407, 722]], [[408, 722]], [[409, 722]], [[410, 722]], [[411, 722]], [[412, 721]], [[413, 721]], [[414, 721]], [[415, 721]], [[416, 720]], [[417, 720]], [[418, 719]], [[419, 718]], [[420, 718]], [[421, 717]], [[422, 717]], [[423, 717]], [[423, 716]], [[424, 715]], [[424, 714]], [[425, 713]], [[425, 712]], [[425, 711]], [[424, 710]], [[424, 709]], [[423, 708]], [[423, 707]], [[422, 706]], [[421, 705]], [[420, 704]], [[419, 704]], [[418, 704]], [[417, 703]], [[416, 702]], [[415, 701]], [[415, 700]], [[414, 701]], [[413, 700]], [[412, 700]], [[411, 699]], [[412, 698]], [[413, 697]], [[414, 698]], [[415, 698]], [[416, 698]], [[417, 699]], [[418, 700]], [[419, 701]], [[420, 701]], [[421, 702]], [[422, 703]], [[423, 704]], [[424, 704]], [[425, 704]], [[426, 704]], [[427, 703]], [[428, 702]], [[429, 702]], [[430, 702]], [[431, 702]], [[432, 702]], [[433, 701]], [[434, 700]], [[435, 699]], [[436, 698]], [[437, 698]], [[437, 697]], [[438, 696]], [[439, 695]], [[440, 695]], [[441, 694]], [[442, 694]], [[443, 693]], [[444, 692]], [[445, 691]], [[446, 690]], [[447, 690]], [[448, 689]], [[449, 689]], [[450, 688]], [[451, 687]], [[452, 687]], [[453, 686]], [[454, 685]], [[455, 685]], [[456, 684]], [[457, 683]], [[458, 682]], [[459, 682]], [[460, 681]], [[461, 681]], [[462, 680]], [[463, 679]], [[464, 678]], [[465, 677]], [[465, 676]], [[465, 675]], [[465, 674]], [[465, 673]], [[465, 672]], [[465, 671]], [[465, 670]], [[464, 669]], [[464, 668]], [[463, 667]], [[463, 666]], [[462, 666]], [[461, 666]], [[460, 666]], [[459, 666]], [[458, 666]], [[457, 666]], [[456, 666]], [[455, 666]], [[454, 666]], [[453, 665]], [[452, 665]], [[451, 665]], [[450, 664]]]","[[[[446, 651], [445, 652], [445, 653], [445, 654], [446, 654], [447, 655], [447, 656], [448, 657], [449, 658], [449, 659], [449, 660], [449, 661], [449, 662], [449, 663], [450, 663], [451, 664], [452, 664], [453, 664], [454, 665], [455, 665], [456, 665], [457, 665], [458, 665], [459, 665], [460, 665], [461, 665], [462, 665], [463, 665], [464, 666], [464, 667], [465, 666], [466, 665], [465, 664], [465, 663], [464, 663], [463, 664], [462, 664], [461, 664], [460, 664], [459, 664], [458, 665], [457, 665], [456, 664], [455, 664], [454, 663], [453, 663], [452, 662], [451, 661], [450, 660], [449, 659], [450, 658], [450, 657], [450, 656], [449, 655], [449, 654], [448, 653], [447, 652]]], [[[429, 660], [429, 661], [429, 662], [429, 663], [428, 664], [428, 665], [429, 665], [430, 665], [431, 665], [432, 665], [433, 665], [434, 665], [435, 666], [435, 667], [435, 668], [436, 668], [437, 668], [438, 669], [438, 670], [437, 671], [436, 672], [435, 673], [434, 673], [433, 674], [434, 674], [435, 673], [436, 672], [437, 671], [438, 670], [439, 670], [440, 669], [441, 668], [442, 668], [443, 667], [444, 666], [445, 665], [446, 665], [446, 664], [445, 664], [444, 663], [443, 663], [443, 664], [443, 665], [442, 666], [441, 667], [440, 666], [439, 665], [438, 664], [437, 664], [436, 663], [435, 662], [434, 661], [434, 660], [433, 660], [432, 660], [431, 660], [430, 660]], [[446, 651], [445, 652], [445, 653], [445, 654], [446, 654], [447, 655], [447, 656], [448, 657], [449, 658], [449, 659], [449, 660], [449, 661], [449, 662], [449, 663], [450, 663], [451, 664], [452, 664], [453, 664], [454, 665], [455, 665], [456, 665], [457, 665], [458, 665], [459, 665], [460, 665], [461, 665], [462, 665], [463, 665], [464, 666], [464, 667], [465, 666], [466, 665], [465, 664], [465, 663], [464, 663], [463, 664], [462, 664], [461, 664], [460, 664], [459, 664], [458, 665], [457, 665], [456, 664], [455, 664], [454, 663], [453, 663], [452, 662], [451, 661], [450, 660], [449, 659], [450, 658], [450, 657], [450, 656], [449, 655], [449, 654], [448, 653], [447, 652]]], [[[429, 660], [429, 661], [429, 662], [429, 663], [428, 664], [428, 665], [429, 665], [430, 665], [431, 665], [432, 665], [433, 665], [434, 665], [435, 666], [435, 667], [435, 668], [436, 668], [437, 668], [438, 669], [438, 670], [437, 671], [436, 672], [435, 673], [434, 673], [433, 674], [434, 674], [435, 673], [436, 672], [437, 671], [438, 670], [439, 670], [440, 669], [441, 668], [442, 668], [443, 667], [444, 666], [445, 665], [446, 665], [446, 664], [445, 664], [444, 663], [443, 663], [443, 664], [443, 665], [442, 666], [441, 667], [440, 666], [439, 665], [438, 664], [437, 664], [436, 663], [435, 662], [434, 661], [434, 660], [433, 660], [432, 660], [431, 660], [430, 660]]], [], [[[401, 721], [400, 722], [401, 722], [402, 722], [403, 723], [404, 723], [405, 724], [405, 725], [405, 726], [405, 727], [404, 728], [403, 729], [402, 729], [401, 730], [400, 730], [399, 729], [398, 728], [397, 729], [397, 730], [397, 731], [397, 732], [398, 732], [399, 733], [400, 732], [401, 732], [402, 733], [402, 734], [402, 735], [403, 735], [403, 734], [404, 733], [404, 732], [404, 731], [404, 730], [405, 729], [406, 728], [407, 728], [408, 728], [409, 728], [410, 727], [411, 727], [412, 728], [413, 728], [414, 729], [415, 729], [416, 729], [417, 730], [418, 730], [418, 729], [417, 728], [416, 727], [415, 727], [414, 727], [413, 727], [412, 727], [411, 726], [410, 726], [409, 726], [408, 726], [407, 726], [406, 726], [405, 725], [406, 724], [405, 723], [404, 722], [403, 722], [402, 721]]], [[[401, 721], [400, 722], [401, 722], [402, 722], [403, 723], [404, 723], [405, 724], [405, 725], [405, 726], [405, 727], [404, 728], [403, 729], [402, 729], [401, 730], [400, 730], [399, 729], [398, 728], [397, 729], [397, 730], [397, 731], [397, 732], [398, 732], [399, 733], [400, 732], [401, 732], [402, 733], [402, 734], [402, 735], [403, 735], [403, 734], [404, 733], [404, 732], [404, 731], [404, 730], [405, 729], [406, 728], [407, 728], [408, 728], [409, 728], [410, 727], [411, 727], [412, 728], [413, 728], [414, 729], [415, 729], [416, 729], [417, 730], [418, 730], [418, 729], [417, 728], [416, 727], [415, 727], [414, 727], [413, 727], [412, 727], [411, 726], [410, 726], [409, 726], [408, 726], [407, 726], [406, 726], [405, 725], [406, 724], [405, 723], [404, 722], [403, 722], [402, 721]], [[421, 719], [420, 720], [419, 720], [418, 721], [417, 721], [418, 721], [419, 722], [419, 723], [419, 724], [420, 723], [421, 723], [422, 724], [423, 723], [424, 722], [425, 722], [426, 723], [426, 724], [426, 725], [425, 726], [424, 726], [424, 727], [424, 728], [425, 728], [426, 729], [427, 728], [427, 727], [428, 726], [428, 725], [428, 724], [428, 723], [428, 722], [427, 721], [426, 721], [425, 721], [424, 720], [423, 720], [422, 719]]], [[[421, 719], [420, 720], [419, 720], [418, 721], [417, 721], [418, 721], [419, 722], [419, 723], [419, 724], [420, 723], [421, 723], [422, 724], [423, 723], [424, 722], [425, 722], [426, 723], [426, 724], [426, 725], [425, 726], [424, 726], [424, 727], [424, 728], [425, 728], [426, 729], [427, 728], [427, 727], [428, 726], [428, 725], [428, 724], [428, 723], [428, 722], [427, 721], [426, 721], [425, 721], [424, 720], [423, 720], [422, 719]]], [[[425, 707], [425, 708], [426, 709], [427, 709], [428, 709], [429, 710], [428, 711], [428, 712], [429, 712], [430, 713], [430, 714], [431, 715], [432, 715], [433, 715], [434, 715], [435, 716], [435, 717], [436, 717], [437, 718], [438, 719], [437, 720], [436, 721], [435, 721], [434, 720], [433, 719], [432, 719], [431, 720], [430, 719], [429, 718], [428, 718], [429, 718], [430, 719], [431, 720], [431, 721], [432, 722], [433, 722], [434, 723], [435, 723], [436, 723], [437, 722], [438, 722], [439, 722], [439, 721], [439, 720], [438, 719], [439, 718], [440, 718], [441, 718], [442, 719], [443, 719], [444, 720], [444, 721], [445, 721], [444, 720], [443, 719], [442, 718], [442, 717], [441, 716], [442, 715], [442, 714], [441, 714], [440, 714], [440, 715], [440, 716], [439, 717], [438, 717], [437, 718], [436, 717], [436, 716], [435, 715], [435, 714], [435, 713], [435, 712], [434, 712], [433, 713], [432, 713], [431, 712], [430, 711], [429, 710], [429, 709], [428, 708], [427, 708], [426, 708]]]]","[118, 119, 120, [], 102, 108, 123, 124]"
77,77,"[[[585, 660]], [[584, 661]], [[583, 661]], [[582, 661]], [[581, 661]], [[580, 661]], [[579, 661]], [[578, 662]], [[577, 663]], [[576, 663]], [[575, 664]], [[574, 665]], [[573, 666]], [[572, 666]], [[571, 667]], [[570, 667]], [[569, 667]], [[568, 668]], [[567, 668]], [[566, 669]], [[565, 670]], [[564, 670]], [[563, 670]], [[562, 670]], [[561, 670]], [[560, 670]], [[559, 670]], [[558, 670]], [[557, 671]], [[556, 672]], [[555, 673]], [[554, 674]], [[554, 675]], [[555, 676]], [[555, 677]], [[554, 678]], [[554, 679]], [[555, 679]], [[556, 680]], [[556, 681]], [[556, 682]], [[556, 683]], [[557, 684]], [[557, 685]], [[558, 686]], [[558, 687]], [[558, 688]], [[558, 689]], [[558, 690]], [[558, 691]], [[559, 692]], [[559, 693]], [[558, 694]], [[559, 695]], [[559, 696]], [[559, 697]], [[559, 698]], [[560, 699]], [[561, 699]], [[562, 698]], [[563, 698]], [[564, 698]], [[565, 698]], [[566, 699]], [[567, 699]], [[568, 699]], [[569, 699]], [[570, 699]], [[571, 698]], [[572, 698]], [[573, 698]], [[574, 698]], [[575, 698]], [[576, 698]], [[577, 698]], [[578, 698]], [[579, 698]], [[580, 697]], [[581, 697]], [[582, 696]], [[583, 695]], [[584, 695]], [[585, 695]], [[586, 695]], [[586, 694]], [[587, 693]], [[588, 693]], [[589, 692]], [[590, 692]], [[591, 692]], [[592, 691]], [[593, 690]], [[593, 689]], [[593, 688]], [[593, 687]], [[593, 686]], [[594, 685]], [[593, 684]], [[594, 683]], [[594, 682]], [[593, 681]], [[593, 680]], [[593, 679]], [[593, 678]], [[593, 677]], [[593, 676]], [[592, 675]], [[592, 674]], [[592, 673]], [[592, 672]], [[592, 671]], [[592, 670]], [[591, 669]], [[591, 668]], [[591, 667]], [[591, 666]], [[591, 665]], [[590, 664]], [[590, 663]], [[589, 662]], [[588, 661]], [[587, 661]], [[586, 660]]]","[[], [[[595, 681], [595, 682], [595, 683], [594, 684], [595, 685], [595, 686], [596, 686], [597, 686], [598, 686], [599, 686], [600, 687], [601, 687], [602, 687], [603, 688], [603, 689], [604, 689], [605, 689], [606, 690], [607, 690], [608, 690], [608, 689], [608, 688], [608, 687], [608, 686], [608, 685], [607, 685], [606, 686], [605, 687], [604, 687], [603, 686], [602, 686], [601, 685], [600, 686], [599, 686], [598, 686], [597, 685], [596, 684], [596, 683], [595, 682]]]]","[[], 125]"
78,78,"[[[744, 620]], [[743, 621]], [[743, 622]], [[743, 623]], [[742, 624]], [[741, 625]], [[740, 625]], [[741, 625]], [[742, 626]], [[742, 627]], [[742, 628]], [[742, 629]], [[742, 630]], [[741, 631]], [[742, 632]], [[741, 633]], [[740, 633]], [[740, 634]], [[739, 635]], [[738, 635]], [[737, 634]], [[736, 634]], [[735, 633]], [[734, 633]], [[733, 632]], [[732, 632]], [[731, 631]], [[730, 632]], [[729, 631]], [[728, 632]], [[727, 632]], [[726, 633]], [[725, 634]], [[724, 635]], [[725, 636]], [[725, 637]], [[725, 638]], [[725, 639]], [[725, 640]], [[726, 641]], [[726, 642]], [[726, 643]], [[726, 644]], [[726, 645]], [[726, 646]], [[726, 647]], [[726, 648]], [[727, 649]], [[727, 650]], [[727, 651]], [[727, 652]], [[728, 653]], [[729, 654]], [[729, 655]], [[729, 656]], [[728, 657]], [[727, 658]], [[726, 659]], [[725, 659]], [[724, 660]], [[725, 661]], [[725, 662]], [[725, 663]], [[725, 664]], [[726, 664]], [[727, 664]], [[728, 664]], [[729, 664]], [[730, 664]], [[731, 664]], [[731, 663]], [[732, 662]], [[732, 661]], [[732, 660]], [[733, 659]], [[733, 658]], [[734, 657]], [[735, 657]], [[736, 657]], [[737, 658]], [[738, 659]], [[739, 659]], [[740, 660]], [[741, 660]], [[742, 661]], [[743, 661]], [[744, 662]], [[745, 662]], [[746, 663]], [[747, 663]], [[748, 662]], [[749, 662]], [[750, 662]], [[750, 661]], [[750, 660]], [[750, 659]], [[751, 658]], [[751, 657]], [[751, 656]], [[751, 655]], [[752, 654]], [[752, 653]], [[752, 652]], [[752, 651]], [[753, 650]], [[754, 649]], [[755, 648]], [[755, 647]], [[755, 646]], [[755, 645]], [[755, 644]], [[755, 643]], [[755, 642]], [[755, 641]], [[755, 640]], [[755, 639]], [[755, 638]], [[755, 637]], [[755, 636]], [[756, 635]], [[756, 634]], [[756, 633]], [[756, 632]], [[756, 631]], [[757, 630]], [[757, 629]], [[757, 628]], [[756, 627]], [[756, 626]], [[756, 625]], [[756, 624]], [[755, 623]], [[754, 622]], [[753, 622]], [[752, 621]], [[751, 621]], [[750, 620]], [[749, 620]], [[748, 621]], [[747, 621]], [[746, 621]], [[745, 621]]]","[[[[746, 610], [746, 611], [745, 612], [745, 613], [746, 614], [747, 615], [747, 616], [746, 617], [745, 617], [744, 617], [744, 618], [744, 619], [745, 620], [746, 620], [747, 620], [748, 620], [749, 619], [748, 618], [748, 617], [747, 616], [748, 615], [749, 615], [749, 614], [748, 613], [748, 612], [747, 612], [746, 611]]], [[[724, 622], [724, 623], [725, 623], [726, 623], [727, 623], [728, 623], [729, 623], [730, 623], [731, 624], [732, 625], [733, 625], [734, 626], [734, 627], [734, 628], [734, 629], [734, 630], [733, 631], [734, 632], [735, 632], [736, 631], [736, 630], [737, 629], [738, 629], [739, 630], [740, 630], [741, 630], [741, 629], [741, 628], [741, 627], [740, 627], [739, 628], [738, 629], [737, 629], [736, 628], [735, 628], [734, 627], [734, 626], [734, 625], [734, 624], [733, 623], [732, 623], [731, 622], [730, 622], [729, 622], [728, 622], [727, 622], [726, 622], [725, 622]]], [], [[[754, 650], [753, 651], [753, 652], [754, 653], [754, 654], [753, 655], [754, 656], [755, 656], [755, 655], [754, 654], [754, 653], [755, 652], [756, 652], [757, 652], [758, 652], [759, 653], [760, 654], [761, 654], [762, 654], [761, 653], [760, 653], [759, 653], [758, 652], [757, 651], [756, 650], [755, 650]]], [[[754, 616], [754, 617], [755, 618], [756, 619], [755, 620], [754, 620], [753, 621], [752, 620], [753, 621], [754, 621], [755, 622], [756, 623], [757, 624], [757, 625], [757, 626], [757, 627], [758, 628], [758, 629], [758, 630], [758, 629], [759, 628], [759, 627], [759, 626], [758, 625], [757, 624], [758, 623], [757, 622], [757, 621], [756, 620], [756, 619], [756, 618], [756, 617], [755, 616]]]]","[126, 127, [], 128, 129]"
79,79,"[[[782, 612]], [[781, 613]], [[780, 613]], [[779, 614]], [[778, 615]], [[777, 616]], [[776, 616]], [[776, 617]], [[776, 618]], [[775, 619]], [[775, 620]], [[774, 621]], [[774, 622]], [[774, 623]], [[773, 624]], [[773, 625]], [[773, 626]], [[773, 627]], [[774, 628]], [[774, 629]], [[773, 630]], [[773, 631]], [[774, 632]], [[774, 633]], [[774, 634]], [[774, 635]], [[773, 636]], [[772, 637]], [[771, 638]], [[772, 639]], [[773, 640]], [[773, 641]], [[774, 642]], [[774, 641]], [[774, 640]], [[773, 640]], [[772, 639]], [[773, 638]], [[772, 637]], [[773, 636]], [[774, 635]], [[775, 636]], [[776, 637]], [[776, 638]], [[777, 639]], [[778, 640]], [[779, 641]], [[780, 641]], [[781, 642]], [[782, 643]], [[783, 643]], [[784, 642]], [[785, 642]], [[786, 642]], [[786, 641]], [[787, 640]], [[788, 639]], [[789, 638]], [[790, 637]], [[791, 636]], [[792, 635]], [[793, 634]], [[793, 633]], [[792, 632]], [[791, 631]], [[791, 630]], [[790, 629]], [[789, 628]], [[789, 627]], [[789, 626]], [[788, 625]], [[788, 624]], [[788, 623]], [[788, 622]], [[788, 621]], [[788, 620]], [[788, 619]], [[788, 618]], [[788, 617]], [[788, 616]], [[787, 616]], [[786, 615]], [[786, 614]], [[785, 613]], [[784, 613]], [[783, 613]]]","[[], [[[769, 629], [768, 630], [769, 631], [770, 632], [771, 633], [770, 634], [770, 635], [770, 636], [770, 637], [770, 638], [770, 639], [769, 640], [768, 639], [767, 639], [766, 639], [765, 638], [764, 639], [763, 639], [764, 640], [764, 641], [765, 642], [766, 642], [767, 642], [768, 642], [769, 641], [770, 641], [770, 640], [770, 639], [770, 638], [771, 637], [772, 636], [773, 635], [773, 634], [773, 633], [773, 632], [772, 631], [771, 630], [770, 629]]], [[[792, 609], [791, 610], [792, 611], [792, 612], [793, 613], [793, 614], [792, 615], [791, 616], [790, 617], [791, 618], [791, 619], [790, 620], [789, 621], [789, 622], [789, 623], [789, 624], [789, 625], [790, 626], [790, 627], [790, 628], [791, 629], [792, 630], [791, 629], [791, 628], [791, 627], [790, 626], [790, 625], [791, 624], [791, 623], [791, 622], [791, 621], [791, 620], [792, 619], [793, 618], [793, 617], [793, 616], [793, 615], [793, 614], [794, 613], [795, 613], [794, 612], [793, 611], [793, 610]]]]","[[], 130, 131]"
80,80,"[[[162, 605]], [[161, 606]], [[160, 607]], [[159, 608]], [[158, 609]], [[157, 610]], [[156, 611]], [[156, 612]], [[156, 613]], [[156, 614]], [[156, 615]], [[156, 616]], [[156, 617]], [[157, 618]], [[157, 619]], [[157, 620]], [[157, 621]], [[158, 622]], [[158, 623]], [[159, 624]], [[160, 625]], [[161, 625]], [[162, 624]], [[162, 623]], [[163, 622]], [[164, 622]], [[165, 622]], [[166, 622]], [[167, 622]], [[168, 623]], [[169, 624]], [[169, 625]], [[169, 626]], [[168, 627]], [[168, 628]], [[167, 629]], [[166, 630]], [[166, 631]], [[165, 632]], [[165, 633]], [[164, 634]], [[163, 635]], [[162, 636]], [[162, 637]], [[162, 638]], [[162, 639]], [[162, 640]], [[162, 641]], [[163, 642]], [[164, 642]], [[165, 643]], [[166, 644]], [[167, 645]], [[166, 646]], [[165, 647]], [[164, 646]], [[163, 645]], [[162, 644]], [[161, 643]], [[160, 643]], [[159, 642]], [[158, 642]], [[157, 641]], [[156, 641]], [[155, 640]], [[154, 639]], [[153, 638]], [[152, 637]], [[152, 636]], [[151, 635]], [[150, 634]], [[149, 634]], [[148, 633]], [[147, 633]], [[146, 632]], [[145, 632]], [[144, 632]], [[143, 631]], [[142, 630]], [[142, 629]], [[142, 628]], [[141, 627]], [[140, 626]], [[140, 625]], [[139, 624]], [[139, 623]], [[139, 622]], [[138, 622]], [[137, 622]], [[136, 621]], [[135, 620]], [[134, 619]], [[133, 618]], [[132, 617]], [[131, 617]], [[130, 617]], [[129, 618]], [[129, 619]], [[128, 620]], [[127, 621]], [[126, 620]], [[125, 619]], [[125, 618]], [[125, 617]], [[125, 616]], [[124, 615]], [[123, 615]], [[122, 615]], [[121, 616]], [[120, 617]], [[120, 618]], [[119, 619]], [[119, 620]], [[119, 621]], [[119, 622]], [[120, 623]], [[120, 624]], [[121, 625]], [[121, 626]], [[122, 627]], [[122, 628]], [[123, 629]], [[123, 630]], [[124, 630]], [[125, 630]], [[126, 631]], [[127, 632]], [[128, 633]], [[129, 634]], [[129, 635]], [[130, 636]], [[129, 637]], [[128, 637]], [[127, 637]], [[126, 638]], [[125, 638]], [[126, 639]], [[126, 640]], [[127, 641]], [[128, 641]], [[129, 641]], [[130, 640]], [[131, 640]], [[132, 641]], [[132, 640]], [[133, 639]], [[134, 640]], [[134, 641]], [[134, 642]], [[134, 643]], [[134, 644]], [[133, 645]], [[132, 646]], [[132, 647]], [[132, 648]], [[131, 649]], [[130, 649]], [[129, 648]], [[128, 648]], [[127, 648]], [[126, 648]], [[126, 649]], [[127, 649]], [[128, 650]], [[129, 650]], [[130, 649]], [[131, 650]], [[132, 651]], [[132, 652]], [[132, 653]], [[132, 654]], [[132, 655]], [[133, 656]], [[133, 657]], [[133, 658]], [[132, 659]], [[132, 660]], [[132, 661]], [[131, 662]], [[131, 663]], [[131, 664]], [[131, 665]], [[131, 666]], [[132, 666]], [[133, 667]], [[133, 668]], [[134, 669]], [[135, 670]], [[136, 671]], [[137, 672]], [[138, 672]], [[139, 673]], [[140, 673]], [[141, 674]], [[142, 674]], [[143, 674]], [[144, 674]], [[145, 674]], [[146, 674]], [[147, 674]], [[148, 674]], [[149, 674]], [[150, 674]], [[151, 674]], [[152, 673]], [[153, 673]], [[154, 672]], [[155, 672]], [[156, 671]], [[157, 670]], [[158, 669]], [[159, 668]], [[160, 667]], [[161, 667]], [[162, 666]], [[163, 665]], [[163, 664]], [[164, 663]], [[164, 662]], [[164, 661]], [[164, 660]], [[165, 659]], [[166, 658]], [[166, 657]], [[166, 656]], [[166, 655]], [[165, 654]], [[165, 653]], [[166, 652]], [[167, 651]], [[168, 650]], [[168, 649]], [[168, 648]], [[168, 647]], [[169, 646]], [[170, 646]], [[171, 646]], [[172, 646]], [[173, 646]], [[174, 646]], [[175, 645]], [[176, 645]], [[177, 645]], [[178, 645]], [[179, 645]], [[180, 645]], [[181, 645]], [[182, 645]], [[183, 645]], [[184, 644]], [[185, 643]], [[185, 642]], [[186, 641]], [[186, 640]], [[186, 639]], [[186, 638]], [[186, 637]], [[186, 636]], [[186, 635]], [[186, 634]], [[186, 633]], [[186, 632]], [[186, 631]], [[186, 630]], [[186, 629]], [[185, 628]], [[185, 627]], [[185, 626]], [[185, 625]], [[185, 624]], [[185, 623]], [[185, 622]], [[185, 621]], [[185, 620]], [[185, 619]], [[184, 618]], [[184, 617]], [[184, 616]], [[183, 615]], [[182, 614]], [[181, 613]], [[181, 612]], [[180, 613]], [[179, 614]], [[179, 615]], [[178, 616]], [[177, 617]], [[176, 618]], [[175, 619]], [[174, 619]], [[173, 618]], [[173, 617]], [[174, 616]], [[174, 615]], [[174, 614]], [[174, 613]], [[174, 612]], [[174, 611]], [[174, 610]], [[174, 609]], [[174, 608]], [[173, 607]], [[172, 607]], [[171, 606]], [[170, 606]], [[169, 607]], [[168, 607]], [[167, 607]], [[166, 606]], [[165, 606]], [[164, 605]], [[163, 605]]]","[[], [[[159, 634], [159, 635], [159, 636], [159, 637], [158, 638], [157, 638], [156, 639], [155, 638], [155, 637], [154, 636], [153, 637], [154, 638], [155, 638], [156, 639], [156, 640], [157, 640], [158, 641], [159, 641], [160, 642], [161, 642], [162, 643], [163, 644], [164, 645], [165, 646], [166, 645], [165, 644], [164, 643], [163, 643], [162, 642], [161, 641], [161, 640], [161, 639], [161, 638], [161, 637], [161, 636], [160, 635], [160, 634]]], [[[124, 642], [123, 643], [122, 644], [122, 645], [123, 645], [124, 644], [125, 645], [126, 645], [127, 646], [128, 646], [129, 647], [130, 647], [130, 646], [130, 645], [130, 644], [131, 643], [132, 643], [132, 642], [131, 642], [130, 642], [130, 643], [130, 644], [129, 645], [128, 644], [127, 643], [126, 643], [125, 642]]], [[[176, 649], [176, 650], [175, 651], [174, 651], [173, 651], [172, 651], [171, 651], [170, 651], [169, 652], [168, 652], [167, 652], [166, 653], [166, 654], [167, 655], [168, 655], [168, 654], [169, 653], [170, 653], [171, 653], [172, 654], [173, 654], [174, 654], [175, 653], [176, 653], [175, 652], [175, 651], [176, 650], [177, 650], [178, 650], [179, 650], [180, 651], [181, 652], [181, 653], [182, 653], [182, 652], [182, 651], [181, 651], [180, 651], [179, 650], [178, 649], [177, 649]]], [[[187, 642], [186, 643], [185, 644], [186, 645], [186, 646], [186, 647], [187, 648], [187, 649], [186, 650], [186, 651], [186, 652], [185, 653], [186, 653], [187, 653], [188, 653], [188, 652], [188, 651], [188, 650], [187, 649], [188, 648], [189, 647], [189, 646], [189, 645], [190, 644], [190, 643], [189, 643], [188, 643]]], [[[173, 605], [173, 606], [174, 607], [175, 608], [175, 609], [175, 610], [175, 611], [175, 612], [176, 612], [176, 611], [176, 610], [177, 609], [178, 609], [179, 609], [180, 609], [181, 610], [180, 611], [181, 611], [182, 612], [182, 613], [183, 614], [184, 614], [184, 613], [183, 612], [182, 611], [181, 610], [181, 609], [181, 608], [180, 608], [179, 608], [178, 609], [177, 609], [176, 608], [175, 608], [174, 607], [174, 606]]]]","[[], 132, 133, 134, 135, 136]"
81,81,"[[[549, 602]], [[549, 603]], [[548, 604]], [[547, 605]], [[547, 606]], [[547, 607]], [[548, 608]], [[548, 609]], [[548, 610]], [[549, 611]], [[549, 612]], [[549, 613]], [[549, 614]], [[549, 615]], [[549, 616]], [[549, 617]], [[549, 618]], [[549, 619]], [[550, 620]], [[550, 621]], [[550, 622]], [[551, 623]], [[552, 624]], [[552, 625]], [[553, 625]], [[554, 625]], [[555, 626]], [[556, 627]], [[557, 628]], [[557, 629]], [[557, 630]], [[558, 631]], [[559, 632]], [[560, 633]], [[561, 633]], [[562, 634]], [[563, 634]], [[564, 634]], [[565, 634]], [[566, 634]], [[567, 633]], [[568, 633]], [[569, 632]], [[570, 631]], [[571, 630]], [[571, 629]], [[572, 628]], [[572, 627]], [[573, 626]], [[573, 625]], [[574, 624]], [[574, 623]], [[575, 622]], [[576, 621]], [[576, 620]], [[576, 619]], [[576, 618]], [[577, 617]], [[577, 616]], [[577, 615]], [[576, 614]], [[575, 613]], [[574, 612]], [[573, 611]], [[572, 611]], [[571, 611]], [[570, 610]], [[570, 609]], [[570, 608]], [[570, 607]], [[570, 606]], [[570, 605]], [[570, 604]], [[569, 603]], [[568, 603]], [[567, 603]], [[566, 603]], [[565, 604]], [[564, 604]], [[563, 604]], [[562, 603]], [[561, 603]], [[560, 603]], [[559, 603]], [[558, 603]], [[557, 603]], [[556, 603]], [[555, 602]], [[554, 602]], [[553, 602]], [[552, 602]], [[551, 602]], [[550, 602]]]",[[]],[]
82,82,"[[[60, 597]], [[59, 598]], [[58, 598]], [[58, 599]], [[59, 600]], [[59, 601]], [[58, 602]], [[57, 601]], [[56, 602]], [[55, 601]], [[54, 600]], [[53, 600]], [[52, 600]], [[51, 600]], [[50, 599]], [[49, 599]], [[49, 600]], [[50, 601]], [[51, 602]], [[51, 603]], [[51, 604]], [[51, 605]], [[51, 606]], [[51, 607]], [[52, 608]], [[52, 609]], [[52, 610]], [[53, 610]], [[54, 609]], [[55, 608]], [[56, 607]], [[57, 607]], [[58, 607]], [[59, 607]], [[60, 606]], [[61, 606]], [[62, 607]], [[63, 607]], [[64, 607]], [[65, 606]], [[66, 606]], [[67, 605]], [[68, 604]], [[69, 603]], [[69, 602]], [[69, 601]], [[69, 600]], [[69, 599]], [[68, 598]], [[67, 598]], [[66, 598]], [[65, 598]], [[64, 598]], [[63, 598]], [[62, 598]], [[61, 598]]]",[[]],[]
83,83,"[[[475, 589]], [[474, 590]], [[473, 590]], [[472, 591]], [[471, 591]], [[470, 592]], [[469, 593]], [[468, 594]], [[467, 594]], [[466, 595]], [[465, 596]], [[464, 596]], [[463, 597]], [[462, 598]], [[461, 598]], [[460, 599]], [[459, 599]], [[458, 600]], [[457, 600]], [[456, 601]], [[455, 602]], [[454, 602]], [[453, 603]], [[452, 603]], [[451, 604]], [[451, 605]], [[450, 606]], [[449, 607]], [[448, 608]], [[447, 609]], [[446, 610]], [[445, 611]], [[444, 612]], [[444, 613]], [[443, 614]], [[442, 615]], [[442, 616]], [[441, 617]], [[440, 617]], [[439, 618]], [[439, 619]], [[438, 620]], [[437, 620]], [[436, 619]], [[436, 618]], [[436, 617]], [[436, 616]], [[437, 615]], [[438, 614]], [[438, 613]], [[439, 612]], [[439, 611]], [[440, 610]], [[441, 609]], [[441, 608]], [[441, 607]], [[441, 606]], [[441, 605]], [[442, 604]], [[442, 603]], [[442, 602]], [[442, 601]], [[441, 600]], [[440, 599]], [[439, 599]], [[438, 598]], [[437, 597]], [[436, 597]], [[435, 597]], [[434, 596]], [[433, 596]], [[432, 596]], [[431, 596]], [[430, 596]], [[429, 595]], [[429, 594]], [[428, 593]], [[427, 592]], [[426, 592]], [[425, 592]], [[424, 591]], [[423, 590]], [[422, 590]], [[422, 591]], [[422, 592]], [[422, 593]], [[421, 594]], [[421, 595]], [[421, 596]], [[421, 597]], [[421, 598]], [[421, 599]], [[422, 600]], [[423, 600]], [[424, 601]], [[425, 601]], [[426, 600]], [[427, 600]], [[428, 601]], [[428, 602]], [[427, 603]], [[427, 604]], [[427, 605]], [[426, 606]], [[426, 607]], [[426, 608]], [[425, 609]], [[424, 610]], [[425, 611]], [[425, 612]], [[425, 613]], [[425, 614]], [[426, 615]], [[427, 616]], [[427, 617]], [[428, 617]], [[429, 618]], [[430, 618]], [[431, 619]], [[432, 619]], [[433, 619]], [[434, 619]], [[435, 619]], [[436, 620]], [[436, 621]], [[436, 622]], [[436, 623]], [[436, 624]], [[436, 625]], [[435, 626]], [[435, 627]], [[435, 628]], [[436, 629]], [[436, 630]], [[436, 631]], [[437, 631]], [[438, 632]], [[439, 633]], [[440, 634]], [[440, 635]], [[441, 636]], [[442, 637]], [[442, 638]], [[442, 639]], [[442, 640]], [[442, 641]], [[443, 642]], [[444, 643]], [[445, 644]], [[446, 645]], [[446, 646]], [[447, 647]], [[447, 648]], [[447, 649]], [[447, 650]], [[447, 651]], [[448, 652]], [[449, 653]], [[450, 654]], [[450, 655]], [[451, 656]], [[451, 657]], [[451, 658]], [[451, 659]], [[451, 660]], [[452, 661]], [[453, 662]], [[454, 662]], [[455, 663]], [[456, 663]], [[457, 664]], [[458, 663]], [[459, 663]], [[460, 663]], [[461, 663]], [[462, 663]], [[463, 662]], [[464, 662]], [[465, 661]], [[466, 660]], [[467, 660]], [[468, 660]], [[469, 659]], [[470, 659]], [[471, 659]], [[472, 659]], [[473, 658]], [[474, 658]], [[475, 657]], [[476, 656]], [[477, 656]], [[478, 655]], [[479, 655]], [[480, 654]], [[481, 654]], [[482, 654]], [[483, 653]], [[484, 653]], [[485, 653]], [[486, 653]], [[487, 652]], [[488, 652]], [[489, 651]], [[490, 650]], [[491, 650]], [[492, 649]], [[493, 648]], [[494, 647]], [[495, 646]], [[496, 646]], [[497, 646]], [[498, 646]], [[499, 646]], [[500, 646]], [[501, 646]], [[502, 647]], [[503, 647]], [[504, 647]], [[505, 646]], [[506, 646]], [[507, 646]], [[508, 647]], [[509, 647]], [[510, 647]], [[511, 647]], [[512, 647]], [[513, 648]], [[514, 649]], [[515, 649]], [[516, 650]], [[517, 651]], [[518, 652]], [[519, 653]], [[520, 654]], [[520, 655]], [[520, 656]], [[520, 657]], [[519, 658]], [[519, 659]], [[519, 660]], [[519, 661]], [[518, 662]], [[517, 662]], [[516, 662]], [[515, 661]], [[514, 660]], [[513, 660]], [[512, 660]], [[511, 659]], [[510, 659]], [[509, 660]], [[508, 660]], [[507, 661]], [[506, 661]], [[505, 661]], [[504, 661]], [[503, 662]], [[502, 662]], [[501, 663]], [[500, 663]], [[499, 663]], [[498, 664]], [[497, 665]], [[496, 665]], [[495, 665]], [[494, 665]], [[493, 664]], [[492, 664]], [[491, 663]], [[490, 663]], [[489, 663]], [[488, 663]], [[487, 662]], [[486, 662]], [[485, 662]], [[484, 662]], [[483, 662]], [[482, 662]], [[481, 663]], [[480, 663]], [[479, 663]], [[478, 664]], [[477, 665]], [[476, 665]], [[476, 666]], [[475, 667]], [[474, 668]], [[474, 669]], [[474, 670]], [[473, 671]], [[473, 672]], [[473, 673]], [[473, 674]], [[473, 675]], [[473, 676]], [[473, 677]], [[473, 678]], [[473, 679]], [[473, 680]], [[473, 681]], [[473, 682]], [[473, 683]], [[473, 684]], [[472, 685]], [[471, 685]], [[470, 686]], [[469, 687]], [[468, 688]], [[467, 688]], [[466, 689]], [[465, 690]], [[464, 691]], [[463, 692]], [[463, 693]], [[462, 694]], [[462, 695]], [[463, 696]], [[463, 697]], [[463, 698]], [[463, 699]], [[464, 700]], [[464, 701]], [[464, 702]], [[464, 703]], [[465, 703]], [[466, 703]], [[467, 704]], [[468, 705]], [[467, 706]], [[467, 707]], [[466, 708]], [[465, 709]], [[465, 710]], [[465, 711]], [[465, 712]], [[465, 713]], [[465, 714]], [[465, 715]], [[465, 716]], [[466, 717]], [[467, 718]], [[468, 719]], [[469, 720]], [[470, 721]], [[470, 722]], [[471, 722]], [[472, 723]], [[473, 724]], [[474, 725]], [[475, 725]], [[476, 725]], [[477, 725]], [[478, 725]], [[479, 725]], [[480, 725]], [[481, 726]], [[482, 726]], [[483, 727]], [[484, 727]], [[485, 727]], [[486, 727]], [[487, 727]], [[488, 727]], [[489, 728]], [[490, 728]], [[491, 729]], [[492, 729]], [[493, 728]], [[494, 728]], [[495, 728]], [[496, 727]], [[497, 727]], [[498, 726]], [[499, 726]], [[500, 727]], [[501, 728]], [[501, 729]], [[501, 730]], [[501, 731]], [[502, 732]], [[502, 733]], [[502, 734]], [[502, 735]], [[502, 736]], [[502, 737]], [[502, 738]], [[502, 739]], [[503, 740]], [[504, 741]], [[505, 741]], [[506, 741]], [[507, 741]], [[508, 741]], [[509, 740]], [[510, 740]], [[511, 739]], [[512, 739]], [[513, 739]], [[514, 738]], [[515, 737]], [[516, 736]], [[517, 736]], [[518, 735]], [[518, 734]], [[519, 733]], [[520, 732]], [[521, 731]], [[522, 731]], [[523, 730]], [[524, 729]], [[525, 729]], [[526, 728]], [[527, 728]], [[528, 727]], [[529, 726]], [[530, 725]], [[531, 724]], [[532, 723]], [[533, 722]], [[533, 721]], [[533, 720]], [[533, 719]], [[533, 718]], [[534, 717]], [[534, 716]], [[533, 716]], [[532, 715]], [[531, 715]], [[530, 714]], [[529, 713]], [[529, 712]], [[529, 711]], [[529, 710]], [[529, 709]], [[530, 708]], [[530, 707]], [[530, 706]], [[531, 705]], [[532, 704]], [[533, 704]], [[534, 704]], [[535, 704]], [[536, 703]], [[537, 703]], [[537, 702]], [[537, 701]], [[536, 700]], [[537, 699]], [[537, 698]], [[538, 697]], [[539, 697]], [[539, 696]], [[540, 695]], [[540, 694]], [[540, 693]], [[540, 692]], [[540, 691]], [[541, 690]], [[540, 689]], [[540, 688]], [[540, 687]], [[540, 686]], [[539, 685]], [[538, 685]], [[537, 684]], [[536, 683]], [[535, 682]], [[534, 681]], [[533, 681]], [[532, 681]], [[531, 681]], [[530, 681]], [[529, 680]], [[528, 679]], [[528, 678]], [[528, 677]], [[528, 676]], [[528, 675]], [[528, 674]], [[527, 673]], [[527, 672]], [[527, 671]], [[527, 670]], [[528, 669]], [[529, 669]], [[530, 669]], [[531, 669]], [[532, 668]], [[533, 668]], [[534, 668]], [[535, 669]], [[536, 669]], [[537, 669]], [[538, 668]], [[539, 668]], [[540, 667]], [[541, 666]], [[541, 665]], [[542, 664]], [[542, 663]], [[542, 662]], [[543, 661]], [[543, 660]], [[544, 659]], [[544, 658]], [[545, 657]], [[545, 656]], [[545, 655]], [[545, 654]], [[546, 653]], [[547, 652]], [[548, 651]], [[549, 651]], [[550, 650]], [[551, 651]], [[552, 651]], [[552, 650]], [[553, 649]], [[554, 648]], [[554, 647]], [[555, 646]], [[555, 645]], [[555, 644]], [[555, 643]], [[555, 642]], [[555, 641]], [[555, 640]], [[554, 639]], [[553, 638]], [[552, 637]], [[552, 636]], [[552, 635]], [[551, 634]], [[550, 633]], [[549, 632]], [[548, 631]], [[547, 630]], [[546, 629]], [[545, 628]], [[544, 627]], [[543, 626]], [[542, 625]], [[541, 624]], [[540, 623]], [[539, 622]], [[538, 621]], [[538, 620]], [[537, 619]], [[536, 618]], [[536, 617]], [[535, 616]], [[535, 615]], [[535, 614]], [[534, 613]], [[533, 612]], [[533, 611]], [[532, 610]], [[532, 609]], [[531, 608]], [[530, 607]], [[530, 606]], [[529, 605]], [[528, 604]], [[527, 604]], [[526, 603]], [[525, 602]], [[524, 601]], [[523, 600]], [[523, 599]], [[522, 598]], [[522, 597]], [[521, 596]], [[520, 595]], [[519, 594]], [[518, 593]], [[517, 593]], [[516, 592]], [[515, 592]], [[514, 592]], [[513, 592]], [[512, 592]], [[511, 592]], [[510, 592]], [[509, 592]], [[508, 593]], [[507, 593]], [[506, 593]], [[505, 594]], [[504, 594]], [[503, 594]], [[502, 594]], [[501, 594]], [[500, 594]], [[499, 594]], [[498, 594]], [[497, 593]], [[496, 592]], [[495, 591]], [[494, 590]], [[493, 590]], [[492, 590]], [[491, 590]], [[490, 590]], [[489, 590]], [[488, 590]], [[487, 590]], [[486, 590]], [[485, 590]], [[484, 590]], [[483, 590]], [[482, 589]], [[481, 589]], [[480, 589]], [[479, 589]], [[478, 589]], [[477, 589]], [[476, 589]]]","[[[[453, 583], [454, 584], [454, 585], [455, 585], [456, 585], [457, 585], [458, 585], [459, 586], [460, 586], [461, 587], [460, 588], [460, 589], [460, 590], [460, 591], [461, 591], [462, 591], [463, 592], [464, 592], [465, 593], [465, 594], [465, 593], [465, 592], [465, 591], [464, 591], [463, 590], [462, 590], [461, 589], [461, 588], [461, 587], [460, 586], [459, 585], [459, 584], [458, 583], [457, 583], [456, 583], [455, 583], [454, 583]]], [], [[[446, 651], [445, 652], [445, 653], [445, 654], [446, 654], [447, 655], [447, 656], [448, 657], [449, 658], [449, 659], [449, 660], [449, 661], [449, 662], [449, 663], [450, 663], [451, 664], [452, 664], [453, 664], [454, 665], [455, 665], [456, 665], [457, 665], [458, 665], [459, 665], [460, 665], [461, 665], [462, 665], [463, 665], [464, 666], [464, 667], [465, 666], [466, 665], [465, 664], [465, 663], [464, 663], [463, 664], [462, 664], [461, 664], [460, 664], [459, 664], [458, 665], [457, 665], [456, 664], [455, 664], [454, 663], [453, 663], [452, 662], [451, 661], [450, 660], [449, 659], [450, 658], [450, 657], [450, 656], [449, 655], [449, 654], [448, 653], [447, 652]]], [[[471, 723], [472, 724], [472, 725], [471, 726], [470, 726], [469, 725], [469, 726], [469, 727], [469, 728], [468, 729], [468, 730], [469, 730], [470, 730], [471, 730], [472, 730], [473, 731], [474, 731], [475, 732], [476, 733], [476, 734], [477, 734], [478, 734], [479, 734], [478, 733], [477, 733], [476, 733], [475, 732], [475, 731], [475, 730], [475, 729], [474, 728], [475, 727], [476, 727], [477, 728], [478, 728], [479, 728], [480, 729], [481, 730], [482, 730], [483, 730], [484, 731], [484, 732], [485, 733], [486, 733], [487, 733], [488, 733], [489, 732], [490, 732], [491, 732], [492, 733], [493, 734], [494, 735], [494, 736], [494, 737], [495, 738], [495, 739], [496, 738], [497, 739], [498, 740], [497, 741], [498, 741], [499, 741], [500, 742], [501, 743], [502, 744], [503, 745], [504, 745], [505, 744], [506, 745], [506, 746], [507, 747], [508, 747], [509, 747], [510, 747], [510, 746], [510, 745], [511, 744], [512, 744], [513, 745], [514, 746], [514, 747], [515, 747], [516, 746], [516, 745], [515, 745], [514, 744], [514, 743], [515, 742], [515, 741], [516, 740], [516, 739], [515, 739], [514, 739], [513, 740], [512, 741], [511, 742], [511, 743], [511, 744], [510, 745], [509, 745], [508, 744], [507, 743], [506, 743], [505, 743], [504, 742], [503, 741], [502, 740], [501, 739], [500, 739], [499, 738], [498, 738], [497, 737], [496, 736], [495, 735], [495, 734], [495, 733], [496, 732], [496, 731], [496, 730], [495, 729], [494, 730], [493, 731], [492, 730], [491, 730], [490, 730], [489, 731], [488, 731], [487, 730], [486, 729], [485, 729], [484, 729], [483, 729], [482, 728], [482, 727], [481, 727], [480, 726], [479, 726], [478, 726], [477, 726], [476, 726], [475, 727], [474, 726], [473, 726], [472, 725], [472, 724]]], [[[541, 692], [541, 693], [541, 694], [541, 695], [540, 696], [540, 697], [539, 698], [538, 698], [538, 699], [537, 700], [538, 701], [538, 702], [538, 703], [538, 704], [537, 705], [536, 706], [536, 707], [537, 707], [538, 707], [539, 707], [540, 707], [541, 707], [542, 707], [543, 708], [544, 709], [545, 709], [545, 708], [545, 707], [545, 706], [544, 705], [543, 705], [542, 705], [541, 704], [540, 703], [540, 702], [539, 701], [540, 700], [540, 699], [541, 698], [542, 697], [543, 696], [542, 696], [541, 695], [541, 694], [541, 693]]]]","[137, [], 118, 107, 140]"
84,84,"[[[321, 577]], [[320, 578]], [[319, 579]], [[318, 579]], [[317, 580]], [[316, 580]], [[315, 580]], [[314, 580]], [[313, 579]], [[312, 580]], [[311, 579]], [[310, 580]], [[309, 580]], [[308, 580]], [[307, 580]], [[306, 581]], [[305, 582]], [[304, 583]], [[304, 584]], [[303, 585]], [[303, 586]], [[303, 587]], [[302, 588]], [[302, 589]], [[302, 590]], [[303, 591]], [[303, 592]], [[303, 593]], [[302, 594]], [[301, 593]], [[301, 592]], [[300, 591]], [[299, 591]], [[298, 590]], [[297, 590]], [[296, 590]], [[295, 590]], [[294, 590]], [[293, 590]], [[292, 590]], [[291, 590]], [[290, 591]], [[289, 591]], [[289, 592]], [[288, 593]], [[287, 594]], [[287, 595]], [[287, 596]], [[288, 597]], [[287, 598]], [[288, 599]], [[288, 600]], [[288, 601]], [[289, 602]], [[290, 602]], [[291, 603]], [[291, 604]], [[291, 605]], [[292, 606]], [[292, 607]], [[292, 608]], [[292, 609]], [[292, 610]], [[293, 610]], [[294, 610]], [[295, 611]], [[296, 612]], [[297, 613]], [[298, 614]], [[297, 615]], [[296, 615]], [[295, 614]], [[294, 613]], [[293, 613]], [[292, 613]], [[291, 614]], [[290, 615]], [[290, 616]], [[290, 617]], [[290, 618]], [[289, 619]], [[289, 620]], [[289, 621]], [[289, 622]], [[289, 623]], [[289, 624]], [[288, 625]], [[287, 626]], [[286, 627]], [[285, 628]], [[284, 629]], [[284, 630]], [[284, 631]], [[284, 632]], [[284, 633]], [[284, 634]], [[285, 635]], [[285, 636]], [[286, 637]], [[286, 638]], [[286, 639]], [[286, 640]], [[285, 641]], [[285, 642]], [[285, 643]], [[284, 644]], [[283, 644]], [[282, 644]], [[281, 645]], [[280, 645]], [[279, 645]], [[278, 646]], [[277, 646]], [[276, 645]], [[275, 645]], [[274, 645]], [[273, 645]], [[272, 646]], [[271, 646]], [[270, 647]], [[269, 647]], [[269, 648]], [[269, 649]], [[268, 650]], [[267, 651]], [[266, 651]], [[265, 651]], [[264, 652]], [[264, 653]], [[263, 654]], [[262, 654]], [[261, 653]], [[260, 652]], [[259, 652]], [[258, 652]], [[257, 652]], [[256, 652]], [[255, 652]], [[254, 652]], [[253, 652]], [[252, 652]], [[251, 652]], [[250, 652]], [[249, 651]], [[248, 650]], [[247, 649]], [[246, 649]], [[245, 648]], [[244, 648]], [[243, 648]], [[242, 647]], [[241, 647]], [[240, 646]], [[239, 646]], [[238, 645]], [[237, 645]], [[236, 644]], [[235, 643]], [[234, 642]], [[234, 641]], [[233, 640]], [[232, 639]], [[231, 639]], [[230, 638]], [[229, 638]], [[228, 638]], [[227, 638]], [[226, 638]], [[225, 638]], [[224, 638]], [[223, 638]], [[222, 638]], [[221, 638]], [[220, 638]], [[219, 638]], [[218, 638]], [[217, 638]], [[216, 638]], [[215, 638]], [[214, 638]], [[213, 638]], [[212, 638]], [[212, 639]], [[211, 640]], [[210, 640]], [[209, 641]], [[209, 642]], [[208, 643]], [[207, 643]], [[206, 644]], [[205, 645]], [[204, 645]], [[203, 645]], [[202, 645]], [[201, 646]], [[200, 646]], [[199, 646]], [[198, 647]], [[197, 648]], [[196, 648]], [[196, 649]], [[195, 650]], [[195, 651]], [[195, 652]], [[194, 653]], [[193, 654]], [[192, 655]], [[192, 656]], [[191, 657]], [[190, 657]], [[189, 658]], [[188, 659]], [[188, 660]], [[188, 661]], [[187, 662]], [[187, 663]], [[187, 664]], [[187, 665]], [[186, 666]], [[186, 667]], [[185, 668]], [[184, 669]], [[183, 669]], [[182, 669]], [[181, 669]], [[180, 669]], [[179, 669]], [[178, 670]], [[178, 671]], [[178, 672]], [[177, 673]], [[176, 674]], [[176, 675]], [[176, 676]], [[175, 677]], [[175, 678]], [[174, 679]], [[174, 680]], [[174, 681]], [[174, 682]], [[174, 683]], [[174, 684]], [[174, 685]], [[173, 686]], [[173, 687]], [[173, 688]], [[173, 689]], [[173, 690]], [[173, 691]], [[174, 692]], [[174, 693]], [[174, 694]], [[175, 695]], [[175, 696]], [[176, 697]], [[176, 698]], [[175, 699]], [[175, 700]], [[174, 701]], [[173, 702]], [[172, 703]], [[172, 704]], [[171, 705]], [[171, 706]], [[170, 707]], [[170, 708]], [[170, 709]], [[170, 710]], [[170, 711]], [[169, 712]], [[169, 713]], [[168, 714]], [[168, 715]], [[168, 716]], [[168, 717]], [[168, 718]], [[168, 719]], [[167, 720]], [[167, 721]], [[167, 722]], [[166, 723]], [[166, 724]], [[166, 725]], [[166, 726]], [[166, 727]], [[166, 728]], [[167, 729]], [[167, 730]], [[168, 731]], [[168, 732]], [[169, 733]], [[170, 734]], [[170, 735]], [[171, 736]], [[171, 737]], [[172, 737]], [[173, 738]], [[173, 739]], [[174, 739]], [[175, 740]], [[176, 740]], [[177, 740]], [[178, 740]], [[179, 741]], [[180, 742]], [[181, 743]], [[182, 743]], [[183, 743]], [[184, 744]], [[185, 745]], [[185, 746]], [[185, 747]], [[185, 748]], [[185, 749]], [[184, 750]], [[185, 751]], [[185, 752]], [[185, 753]], [[186, 753]], [[187, 754]], [[187, 755]], [[188, 756]], [[188, 757]], [[189, 757]], [[190, 758]], [[190, 759]], [[191, 759]], [[192, 760]], [[193, 760]], [[194, 760]], [[195, 761]], [[196, 762]], [[197, 763]], [[198, 763]], [[199, 763]], [[200, 763]], [[201, 763]], [[202, 762]], [[203, 763]], [[204, 764]], [[205, 765]], [[206, 766]], [[207, 766]], [[208, 767]], [[209, 767]], [[210, 768]], [[211, 768]], [[212, 769]], [[213, 769]], [[214, 769]], [[215, 770]], [[216, 770]], [[217, 770]], [[218, 771]], [[219, 771]], [[220, 771]], [[221, 771]], [[222, 771]], [[223, 770]], [[224, 770]], [[225, 770]], [[226, 769]], [[227, 768]], [[228, 767]], [[229, 767]], [[230, 766]], [[231, 766]], [[232, 767]], [[233, 767]], [[234, 766]], [[235, 766]], [[236, 766]], [[237, 767]], [[238, 767]], [[239, 768]], [[240, 768]], [[241, 768]], [[242, 769]], [[243, 769]], [[244, 769]], [[245, 770]], [[246, 770]], [[247, 771]], [[248, 771]], [[249, 771]], [[250, 772]], [[251, 772]], [[252, 772]], [[253, 772]], [[254, 773]], [[255, 773]], [[256, 773]], [[257, 772]], [[258, 772]], [[259, 771]], [[260, 771]], [[261, 771]], [[262, 772]], [[262, 773]], [[263, 774]], [[263, 775]], [[264, 776]], [[265, 777]], [[265, 778]], [[266, 779]], [[267, 780]], [[268, 780]], [[269, 781]], [[270, 782]], [[271, 783]], [[272, 783]], [[273, 784]], [[274, 784]], [[275, 784]], [[276, 783]], [[277, 783]], [[278, 783]], [[279, 782]], [[280, 782]], [[281, 782]], [[282, 781]], [[283, 780]], [[283, 779]], [[283, 778]], [[284, 777]], [[284, 776]], [[284, 775]], [[284, 774]], [[285, 773]], [[284, 772]], [[284, 771]], [[283, 770]], [[283, 769]], [[283, 768]], [[284, 767]], [[284, 766]], [[284, 765]], [[285, 764]], [[286, 763]], [[287, 763]], [[288, 763]], [[289, 763]], [[290, 763]], [[291, 763]], [[292, 763]], [[293, 763]], [[294, 763]], [[295, 763]], [[296, 763]], [[297, 762]], [[298, 762]], [[299, 761]], [[300, 761]], [[301, 760]], [[302, 759]], [[303, 758]], [[304, 758]], [[305, 757]], [[306, 756]], [[307, 755]], [[308, 755]], [[308, 754]], [[309, 753]], [[309, 752]], [[309, 751]], [[309, 750]], [[309, 749]], [[309, 748]], [[310, 747]], [[310, 746]], [[310, 745]], [[310, 744]], [[310, 743]], [[309, 742]], [[309, 741]], [[308, 741]], [[307, 741]], [[306, 741]], [[305, 741]], [[304, 740]], [[303, 739]], [[303, 738]], [[302, 737]], [[301, 736]], [[300, 735]], [[300, 734]], [[301, 733]], [[302, 733]], [[303, 732]], [[304, 731]], [[305, 731]], [[306, 730]], [[307, 729]], [[308, 728]], [[308, 727]], [[309, 726]], [[310, 725]], [[311, 724]], [[312, 724]], [[313, 724]], [[314, 724]], [[315, 724]], [[316, 723]], [[317, 722]], [[318, 721]], [[319, 720]], [[319, 719]], [[320, 718]], [[321, 717]], [[321, 716]], [[322, 715]], [[322, 714]], [[322, 713]], [[322, 712]], [[322, 711]], [[322, 710]], [[322, 709]], [[322, 708]], [[322, 707]], [[323, 706]], [[323, 705]], [[323, 704]], [[323, 703]], [[322, 702]], [[322, 701]], [[321, 700]], [[321, 699]], [[320, 698]], [[319, 697]], [[318, 696]], [[318, 695]], [[317, 694]], [[316, 694]], [[315, 693]], [[314, 693]], [[313, 694]], [[312, 694]], [[311, 693]], [[311, 692]], [[312, 691]], [[313, 690]], [[313, 689]], [[312, 688]], [[312, 687]], [[313, 686]], [[313, 685]], [[313, 684]], [[313, 683]], [[312, 682]], [[312, 681]], [[312, 680]], [[312, 679]], [[311, 678]], [[311, 677]], [[310, 676]], [[309, 676]], [[308, 675]], [[308, 674]], [[309, 673]], [[310, 673]], [[311, 673]], [[312, 673]], [[313, 674]], [[314, 675]], [[314, 676]], [[315, 677]], [[316, 677]], [[317, 677]], [[318, 677]], [[319, 677]], [[320, 677]], [[321, 678]], [[322, 678]], [[323, 679]], [[323, 680]], [[322, 681]], [[322, 682]], [[323, 683]], [[324, 684]], [[324, 685]], [[325, 686]], [[325, 687]], [[326, 688]], [[326, 689]], [[327, 690]], [[328, 689]], [[329, 688]], [[330, 688]], [[331, 688]], [[332, 687]], [[333, 687]], [[334, 686]], [[335, 685]], [[336, 685]], [[337, 685]], [[338, 684]], [[339, 684]], [[340, 684]], [[341, 684]], [[342, 684]], [[343, 683]], [[343, 682]], [[344, 681]], [[345, 681]], [[346, 681]], [[347, 682]], [[348, 683]], [[349, 684]], [[350, 684]], [[351, 684]], [[352, 684]], [[353, 684]], [[354, 683]], [[355, 682]], [[356, 682]], [[357, 681]], [[358, 681]], [[359, 681]], [[360, 681]], [[361, 680]], [[362, 680]], [[363, 679]], [[364, 679]], [[365, 679]], [[366, 678]], [[366, 677]], [[367, 676]], [[368, 675]], [[369, 675]], [[370, 674]], [[371, 675]], [[372, 676]], [[373, 675]], [[374, 675]], [[375, 675]], [[376, 674]], [[377, 673]], [[378, 673]], [[378, 672]], [[378, 671]], [[378, 670]], [[379, 669]], [[380, 668]], [[380, 667]], [[380, 666]], [[380, 665]], [[380, 664]], [[381, 663]], [[381, 662]], [[381, 661]], [[381, 660]], [[381, 659]], [[381, 658]], [[381, 657]], [[382, 656]], [[383, 655]], [[383, 654]], [[383, 653]], [[383, 652]], [[382, 651]], [[382, 650]], [[382, 649]], [[382, 648]], [[382, 647]], [[381, 646]], [[381, 645]], [[381, 644]], [[381, 643]], [[381, 642]], [[382, 641]], [[383, 641]], [[384, 640]], [[385, 640]], [[385, 639]], [[385, 638]], [[386, 637]], [[387, 636]], [[388, 635]], [[388, 634]], [[389, 633]], [[389, 632]], [[390, 631]], [[390, 630]], [[390, 629]], [[390, 628]], [[391, 627]], [[391, 626]], [[391, 625]], [[391, 624]], [[391, 623]], [[391, 622]], [[391, 621]], [[392, 620]], [[392, 619]], [[391, 618]], [[391, 617]], [[392, 616]], [[393, 615]], [[393, 614]], [[393, 613]], [[393, 612]], [[393, 611]], [[393, 610]], [[394, 609]], [[395, 609]], [[395, 608]], [[394, 607]], [[393, 606]], [[392, 605]], [[392, 604]], [[391, 603]], [[391, 602]], [[390, 601]], [[390, 600]], [[390, 599]], [[389, 598]], [[389, 597]], [[388, 597]], [[387, 596]], [[386, 596]], [[385, 595]], [[384, 595]], [[383, 594]], [[382, 594]], [[381, 593]], [[380, 593]], [[379, 592]], [[379, 591]], [[378, 590]], [[378, 589]], [[377, 588]], [[376, 587]], [[376, 586]], [[375, 585]], [[375, 584]], [[374, 583]], [[373, 583]], [[372, 582]], [[371, 582]], [[370, 582]], [[369, 581]], [[368, 581]], [[367, 581]], [[366, 581]], [[365, 581]], [[364, 581]], [[363, 581]], [[362, 580]], [[361, 580]], [[360, 581]], [[359, 581]], [[358, 581]], [[357, 581]], [[356, 581]], [[355, 581]], [[354, 580]], [[353, 580]], [[352, 580]], [[351, 580]], [[350, 579]], [[349, 580]], [[348, 580]], [[347, 580]], [[347, 581]], [[347, 582]], [[347, 583]], [[347, 584]], [[346, 585]], [[345, 584]], [[345, 585]], [[346, 585]], [[347, 586]], [[347, 587]], [[347, 588]], [[346, 589]], [[346, 590]], [[347, 590]], [[348, 591]], [[348, 592]], [[347, 593]], [[346, 593]], [[345, 593]], [[344, 592]], [[343, 591]], [[344, 590]], [[344, 589]], [[343, 588]], [[343, 587]], [[342, 586]], [[342, 585]], [[343, 584]], [[342, 583]], [[342, 582]], [[342, 581]], [[341, 580]], [[340, 580]], [[339, 579]], [[338, 579]], [[337, 578]], [[336, 578]], [[335, 578]], [[334, 578]], [[333, 578]], [[332, 578]], [[331, 578]], [[330, 578]], [[329, 577]], [[328, 577]], [[327, 577]], [[326, 577]], [[325, 577]], [[324, 577]], [[323, 577]], [[322, 577]]]","[[], [[[209, 635], [209, 636], [210, 636], [211, 637], [211, 638], [210, 639], [209, 639], [208, 640], [207, 640], [206, 639], [205, 639], [205, 640], [206, 641], [206, 642], [205, 643], [204, 644], [203, 644], [202, 644], [201, 643], [200, 642], [199, 642], [198, 642], [197, 643], [196, 644], [195, 645], [196, 646], [197, 647], [198, 646], [199, 645], [200, 645], [201, 645], [202, 644], [203, 644], [204, 644], [205, 644], [206, 643], [207, 642], [208, 642], [208, 641], [209, 640], [210, 639], [211, 639], [211, 638], [211, 637], [210, 636]]], [[[169, 737], [170, 738], [171, 739], [171, 740], [171, 741], [171, 742], [172, 743], [173, 742], [174, 743], [175, 743], [176, 744], [176, 745], [175, 746], [175, 747], [175, 748], [175, 749], [174, 750], [174, 751], [173, 752], [173, 753], [174, 754], [175, 753], [175, 752], [175, 751], [175, 750], [175, 749], [176, 748], [177, 748], [178, 748], [179, 747], [178, 746], [178, 745], [177, 744], [176, 743], [175, 742], [175, 741], [174, 740], [173, 740], [172, 739], [172, 738], [171, 738], [170, 737]]], [[[321, 681], [320, 682], [320, 683], [321, 684], [321, 685], [322, 686], [323, 686], [324, 687], [324, 688], [324, 689], [325, 690], [325, 691], [326, 692], [327, 693], [327, 694], [327, 695], [327, 696], [328, 696], [329, 696], [330, 695], [331, 696], [332, 697], [333, 697], [333, 696], [332, 695], [331, 695], [330, 695], [329, 695], [328, 694], [328, 693], [328, 692], [327, 691], [326, 690], [325, 689], [324, 688], [324, 687], [324, 686], [323, 685], [323, 684], [322, 683], [321, 682]]]]","[[], 141, 142, 143]"
85,85,"[[[180, 570]], [[179, 571]], [[178, 571]], [[177, 572]], [[176, 573]], [[175, 573]], [[174, 574]], [[173, 575]], [[173, 576]], [[172, 577]], [[171, 578]], [[171, 579]], [[170, 580]], [[170, 581]], [[171, 582]], [[171, 583]], [[171, 584]], [[170, 585]], [[170, 586]], [[171, 587]], [[171, 588]], [[172, 589]], [[173, 590]], [[173, 591]], [[173, 592]], [[173, 593]], [[173, 594]], [[172, 595]], [[172, 596]], [[172, 597]], [[172, 598]], [[172, 599]], [[173, 600]], [[173, 601]], [[173, 602]], [[173, 603]], [[174, 604]], [[174, 605]], [[175, 606]], [[176, 607]], [[177, 607]], [[178, 607]], [[179, 607]], [[180, 607]], [[181, 607]], [[182, 608]], [[182, 609]], [[182, 610]], [[183, 611]], [[184, 612]], [[185, 613]], [[185, 614]], [[186, 614]], [[187, 614]], [[188, 615]], [[189, 615]], [[190, 616]], [[191, 616]], [[192, 616]], [[193, 615]], [[194, 615]], [[195, 615]], [[196, 614]], [[197, 615]], [[198, 616]], [[198, 617]], [[199, 617]], [[200, 617]], [[201, 618]], [[202, 619]], [[203, 620]], [[203, 621]], [[204, 621]], [[205, 622]], [[206, 622]], [[207, 623]], [[208, 623]], [[209, 623]], [[210, 623]], [[211, 623]], [[212, 622]], [[213, 621]], [[214, 620]], [[215, 619]], [[216, 618]], [[216, 617]], [[216, 616]], [[216, 615]], [[216, 614]], [[216, 613]], [[216, 612]], [[216, 611]], [[216, 610]], [[216, 609]], [[217, 608]], [[217, 607]], [[218, 606]], [[218, 605]], [[219, 604]], [[220, 603]], [[221, 602]], [[222, 601]], [[222, 600]], [[222, 599]], [[222, 598]], [[223, 597]], [[223, 596]], [[224, 595]], [[224, 594]], [[224, 593]], [[224, 592]], [[224, 591]], [[224, 590]], [[224, 589]], [[223, 588]], [[222, 587]], [[221, 586]], [[221, 585]], [[220, 584]], [[219, 584]], [[218, 584]], [[217, 583]], [[216, 583]], [[215, 582]], [[214, 582]], [[213, 581]], [[212, 581]], [[211, 580]], [[210, 580]], [[209, 579]], [[209, 578]], [[208, 577]], [[208, 576]], [[207, 575]], [[206, 575]], [[205, 575]], [[204, 575]], [[203, 574]], [[202, 573]], [[201, 573]], [[200, 572]], [[199, 571]], [[198, 571]], [[197, 571]], [[196, 572]], [[195, 572]], [[194, 573]], [[193, 574]], [[192, 574]], [[191, 574]], [[190, 574]], [[189, 573]], [[188, 573]], [[187, 572]], [[186, 571]], [[185, 572]], [[184, 572]], [[183, 571]], [[183, 570]], [[182, 570]], [[181, 570]]]","[[[[180, 565], [179, 566], [178, 567], [177, 568], [176, 569], [175, 569], [174, 570], [173, 571], [172, 571], [172, 572], [172, 573], [173, 574], [174, 573], [175, 572], [176, 572], [177, 571], [178, 570], [179, 570], [180, 569], [181, 569], [182, 569], [183, 569], [184, 570], [185, 570], [186, 570], [187, 570], [188, 571], [189, 571], [190, 572], [191, 573], [192, 573], [193, 573], [194, 572], [195, 571], [196, 571], [197, 570], [198, 570], [199, 570], [200, 570], [199, 569], [199, 568], [198, 568], [197, 568], [196, 568], [195, 569], [194, 569], [193, 570], [192, 570], [191, 571], [190, 570], [190, 569], [189, 568], [188, 567], [187, 567], [186, 568], [185, 569], [184, 568], [183, 567], [183, 566], [182, 566], [181, 565]]], [], [[[173, 605], [173, 606], [174, 607], [175, 608], [175, 609], [175, 610], [175, 611], [175, 612], [176, 612], [176, 611], [176, 610], [177, 609], [178, 609], [179, 609], [180, 609], [181, 610], [180, 611], [181, 611], [182, 612], [182, 613], [183, 614], [184, 614], [184, 613], [183, 612], [182, 611], [181, 610], [181, 609], [181, 608], [180, 608], [179, 608], [178, 609], [177, 609], [176, 608], [175, 608], [174, 607], [174, 606]]]]","[144, [], 136]"
86,86,"[[[156, 570]], [[155, 571]], [[154, 572]], [[154, 573]], [[153, 574]], [[152, 574]], [[152, 575]], [[152, 576]], [[152, 577]], [[152, 578]], [[151, 579]], [[151, 580]], [[152, 581]], [[152, 582]], [[153, 583]], [[154, 583]], [[155, 583]], [[156, 582]], [[157, 582]], [[158, 581]], [[158, 580]], [[159, 579]], [[160, 578]], [[160, 577]], [[160, 576]], [[161, 575]], [[161, 574]], [[161, 573]], [[161, 572]], [[161, 571]], [[160, 571]], [[159, 570]], [[158, 570]], [[157, 570]]]","[[[[154, 564], [153, 565], [153, 566], [152, 567], [151, 568], [150, 568], [149, 568], [148, 569], [147, 569], [147, 570], [147, 571], [147, 572], [147, 573], [148, 573], [149, 572], [150, 571], [151, 571], [152, 572], [152, 573], [153, 573], [153, 572], [154, 571], [155, 570], [156, 569], [157, 569], [158, 569], [159, 569], [160, 570], [161, 570], [162, 571], [162, 572], [163, 571], [164, 571], [164, 570], [163, 569], [162, 568], [161, 567], [160, 567], [159, 566], [158, 566], [157, 565], [156, 565], [155, 565]]], []]","[146, []]"
87,87,"[[[241, 566]], [[240, 567]], [[240, 568]], [[241, 568]], [[242, 569]], [[242, 570]], [[242, 571]], [[242, 572]], [[242, 573]], [[242, 574]], [[242, 575]], [[243, 576]], [[243, 577]], [[243, 578]], [[243, 579]], [[243, 580]], [[243, 581]], [[244, 582]], [[244, 583]], [[244, 584]], [[244, 585]], [[244, 586]], [[244, 587]], [[243, 588]], [[243, 589]], [[243, 590]], [[243, 591]], [[244, 592]], [[245, 592]], [[246, 593]], [[247, 593]], [[248, 593]], [[249, 593]], [[250, 593]], [[251, 593]], [[252, 592]], [[253, 592]], [[254, 592]], [[255, 592]], [[256, 593]], [[257, 593]], [[258, 594]], [[259, 594]], [[260, 595]], [[260, 596]], [[260, 597]], [[260, 598]], [[259, 599]], [[259, 600]], [[259, 601]], [[260, 602]], [[260, 603]], [[261, 604]], [[262, 604]], [[263, 605]], [[264, 606]], [[265, 607]], [[266, 608]], [[267, 607]], [[268, 607]], [[269, 607]], [[270, 607]], [[271, 606]], [[272, 605]], [[273, 604]], [[274, 604]], [[275, 604]], [[276, 604]], [[277, 604]], [[278, 603]], [[279, 603]], [[280, 602]], [[280, 601]], [[281, 600]], [[282, 599]], [[282, 598]], [[282, 597]], [[281, 596]], [[281, 595]], [[281, 594]], [[281, 593]], [[281, 592]], [[280, 591]], [[279, 590]], [[279, 589]], [[278, 588]], [[278, 587]], [[278, 586]], [[277, 586]], [[276, 585]], [[275, 585]], [[274, 585]], [[273, 585]], [[272, 585]], [[271, 586]], [[270, 587]], [[269, 588]], [[268, 588]], [[268, 589]], [[267, 590]], [[266, 590]], [[265, 589]], [[265, 588]], [[265, 587]], [[264, 586]], [[263, 585]], [[263, 584]], [[262, 583]], [[261, 582]], [[260, 582]], [[259, 581]], [[258, 580]], [[258, 579]], [[257, 578]], [[257, 577]], [[256, 576]], [[256, 575]], [[256, 574]], [[256, 573]], [[256, 572]], [[257, 571]], [[258, 571]], [[259, 571]], [[260, 572]], [[261, 573]], [[262, 573]], [[263, 573]], [[264, 572]], [[264, 571]], [[264, 570]], [[263, 569]], [[262, 568]], [[261, 568]], [[260, 568]], [[259, 568]], [[258, 569]], [[257, 570]], [[256, 571]], [[255, 571]], [[254, 571]], [[253, 570]], [[253, 569]], [[252, 568]], [[251, 567]], [[250, 567]], [[249, 567]], [[248, 567]], [[247, 567]], [[246, 567]], [[245, 567]], [[244, 567]], [[243, 567]], [[242, 567]]]","[[], [[[255, 599], [254, 600], [254, 601], [254, 602], [255, 603], [256, 603], [257, 604], [258, 604], [259, 604], [260, 605], [261, 606], [261, 607], [262, 608], [263, 609], [264, 610], [265, 611], [266, 612], [267, 612], [268, 612], [269, 612], [270, 612], [271, 612], [272, 612], [273, 612], [274, 612], [273, 611], [272, 611], [271, 610], [270, 609], [269, 609], [268, 609], [267, 609], [266, 609], [265, 608], [264, 607], [263, 606], [262, 605], [261, 605], [260, 604], [259, 603], [259, 602], [258, 601], [258, 600], [257, 600], [256, 599]]]]","[[], 147]"
88,88,"[[[288, 561]], [[287, 562]], [[287, 563]], [[287, 564]], [[286, 565]], [[286, 566]], [[286, 567]], [[287, 568]], [[287, 569]], [[287, 570]], [[288, 570]], [[289, 571]], [[290, 571]], [[291, 571]], [[292, 572]], [[293, 572]], [[294, 573]], [[295, 574]], [[296, 575]], [[297, 575]], [[298, 575]], [[299, 575]], [[300, 575]], [[301, 575]], [[302, 574]], [[303, 573]], [[303, 572]], [[303, 571]], [[304, 570]], [[304, 569]], [[304, 568]], [[303, 568]], [[302, 567]], [[301, 566]], [[301, 565]], [[300, 564]], [[300, 563]], [[299, 562]], [[298, 561]], [[297, 561]], [[296, 562]], [[295, 562]], [[294, 563]], [[293, 563]], [[292, 563]], [[291, 563]], [[290, 562]], [[289, 561]]]","[[[[288, 554], [287, 555], [286, 555], [285, 555], [284, 555], [283, 556], [283, 557], [283, 558], [284, 558], [285, 558], [286, 559], [287, 559], [288, 559], [289, 560], [290, 561], [291, 562], [292, 562], [293, 562], [294, 562], [295, 561], [296, 561], [297, 560], [297, 559], [298, 558], [299, 557], [298, 556], [297, 555], [296, 555], [295, 556], [294, 556], [294, 557], [295, 557], [296, 558], [296, 559], [295, 560], [294, 560], [293, 560], [292, 560], [291, 559], [290, 558], [291, 557], [292, 557], [291, 556], [290, 555], [289, 554]]], [], [[[304, 555], [305, 556], [306, 556], [307, 557], [307, 558], [307, 559], [307, 560], [307, 561], [306, 562], [305, 562], [304, 562], [303, 562], [302, 561], [301, 560], [300, 560], [299, 560], [299, 561], [300, 562], [301, 563], [301, 564], [302, 565], [302, 566], [303, 567], [304, 567], [305, 568], [305, 569], [305, 570], [305, 571], [305, 572], [306, 572], [307, 573], [308, 573], [309, 573], [310, 572], [311, 572], [311, 571], [311, 570], [311, 569], [311, 568], [310, 569], [309, 569], [308, 569], [307, 568], [307, 567], [307, 566], [307, 565], [308, 564], [308, 563], [308, 562], [309, 561], [309, 560], [309, 559], [309, 558], [308, 557], [307, 556], [306, 555], [305, 555]]], [[[304, 555], [305, 556], [306, 556], [307, 557], [307, 558], [307, 559], [307, 560], [307, 561], [306, 562], [305, 562], [304, 562], [303, 562], [302, 561], [301, 560], [300, 560], [299, 560], [299, 561], [300, 562], [301, 563], [301, 564], [302, 565], [302, 566], [303, 567], [304, 567], [305, 568], [305, 569], [305, 570], [305, 571], [305, 572], [306, 572], [307, 573], [308, 573], [309, 573], [310, 572], [311, 572], [311, 571], [311, 570], [311, 569], [311, 568], [310, 569], [309, 569], [308, 569], [307, 568], [307, 567], [307, 566], [307, 565], [308, 564], [308, 563], [308, 562], [309, 561], [309, 560], [309, 559], [309, 558], [308, 557], [307, 556], [306, 555], [305, 555]], [[288, 554], [287, 555], [286, 555], [285, 555], [284, 555], [283, 556], [283, 557], [283, 558], [284, 558], [285, 558], [286, 559], [287, 559], [288, 559], [289, 560], [290, 561], [291, 562], [292, 562], [293, 562], [294, 562], [295, 561], [296, 561], [297, 560], [297, 559], [298, 558], [299, 557], [298, 556], [297, 555], [296, 555], [295, 556], [294, 556], [294, 557], [295, 557], [296, 558], [296, 559], [295, 560], [294, 560], [293, 560], [292, 560], [291, 559], [290, 558], [291, 557], [292, 557], [291, 556], [290, 555], [289, 554]]]]","[148, [], 149, 150]"
89,89,"[[[642, 557]], [[641, 558]], [[640, 559]], [[639, 560]], [[638, 561]], [[637, 562]], [[636, 563]], [[635, 563]], [[634, 564]], [[633, 565]], [[633, 566]], [[632, 567]], [[631, 567]], [[630, 566]], [[629, 565]], [[629, 564]], [[628, 563]], [[627, 563]], [[626, 562]], [[625, 562]], [[624, 561]], [[623, 561]], [[622, 560]], [[621, 560]], [[620, 560]], [[619, 559]], [[618, 559]], [[617, 560]], [[616, 560]], [[615, 560]], [[614, 560]], [[613, 561]], [[612, 562]], [[611, 563]], [[610, 564]], [[610, 565]], [[609, 566]], [[609, 567]], [[609, 568]], [[609, 569]], [[608, 570]], [[608, 571]], [[609, 571]], [[610, 572]], [[611, 573]], [[612, 573]], [[613, 574]], [[613, 575]], [[614, 576]], [[615, 576]], [[616, 577]], [[617, 577]], [[618, 578]], [[619, 579]], [[620, 580]], [[620, 581]], [[620, 582]], [[619, 583]], [[619, 584]], [[620, 585]], [[621, 586]], [[622, 586]], [[623, 586]], [[624, 585]], [[625, 584]], [[626, 583]], [[627, 583]], [[628, 583]], [[629, 583]], [[630, 584]], [[629, 585]], [[628, 586]], [[628, 587]], [[627, 588]], [[626, 588]], [[625, 589]], [[624, 590]], [[624, 591]], [[623, 592]], [[623, 593]], [[623, 594]], [[623, 595]], [[623, 596]], [[622, 597]], [[621, 598]], [[620, 598]], [[619, 598]], [[618, 599]], [[617, 600]], [[617, 601]], [[616, 602]], [[616, 603]], [[616, 604]], [[616, 605]], [[616, 606]], [[617, 607]], [[618, 608]], [[619, 609]], [[618, 610]], [[617, 611]], [[616, 611]], [[615, 612]], [[616, 612]], [[617, 612]], [[618, 611]], [[619, 611]], [[620, 610]], [[621, 611]], [[622, 612]], [[623, 613]], [[624, 614]], [[623, 615]], [[622, 616]], [[621, 617]], [[620, 618]], [[619, 619]], [[618, 619]], [[617, 618]], [[617, 617]], [[617, 618]], [[617, 619]], [[617, 620]], [[617, 621]], [[617, 622]], [[617, 623]], [[617, 624]], [[617, 625]], [[617, 626]], [[617, 627]], [[618, 628]], [[618, 629]], [[618, 630]], [[618, 631]], [[618, 632]], [[618, 633]], [[618, 634]], [[619, 635]], [[619, 636]], [[619, 637]], [[618, 638]], [[617, 637]], [[617, 636]], [[616, 635]], [[616, 634]], [[615, 633]], [[615, 632]], [[614, 632]], [[613, 632]], [[612, 631]], [[611, 630]], [[611, 629]], [[610, 629]], [[609, 628]], [[608, 628]], [[607, 628]], [[606, 628]], [[606, 629]], [[606, 630]], [[605, 631]], [[605, 632]], [[604, 633]], [[604, 634]], [[603, 635]], [[603, 636]], [[603, 637]], [[602, 638]], [[602, 639]], [[602, 640]], [[601, 641]], [[601, 642]], [[601, 643]], [[601, 644]], [[601, 645]], [[601, 646]], [[601, 647]], [[602, 648]], [[602, 649]], [[603, 650]], [[604, 650]], [[605, 650]], [[606, 650]], [[607, 651]], [[608, 651]], [[609, 651]], [[610, 652]], [[611, 651]], [[612, 651]], [[613, 651]], [[614, 651]], [[615, 650]], [[616, 650]], [[617, 649]], [[618, 648]], [[619, 647]], [[619, 646]], [[619, 645]], [[620, 644]], [[620, 643]], [[619, 642]], [[619, 641]], [[618, 640]], [[618, 639]], [[619, 638]], [[620, 639]], [[621, 640]], [[622, 641]], [[622, 642]], [[622, 643]], [[623, 644]], [[624, 645]], [[625, 646]], [[626, 647]], [[627, 647]], [[628, 647]], [[629, 648]], [[630, 648]], [[631, 648]], [[632, 648]], [[633, 648]], [[634, 648]], [[635, 648]], [[636, 648]], [[637, 647]], [[638, 646]], [[639, 645]], [[640, 645]], [[641, 645]], [[642, 645]], [[643, 646]], [[644, 646]], [[645, 647]], [[645, 648]], [[645, 649]], [[646, 648]], [[647, 648]], [[648, 647]], [[649, 648]], [[650, 648]], [[651, 648]], [[650, 647]], [[651, 646]], [[650, 645]], [[650, 644]], [[650, 643]], [[651, 642]], [[652, 643]], [[653, 643]], [[654, 643]], [[655, 643]], [[656, 643]], [[657, 644]], [[658, 644]], [[659, 644]], [[660, 644]], [[661, 645]], [[662, 645]], [[663, 645]], [[664, 646]], [[665, 646]], [[666, 646]], [[667, 646]], [[668, 647]], [[669, 647]], [[670, 647]], [[671, 647]], [[672, 647]], [[673, 648]], [[674, 648]], [[675, 647]], [[676, 646]], [[677, 646]], [[678, 645]], [[679, 644]], [[680, 643]], [[680, 642]], [[681, 641]], [[682, 640]], [[683, 639]], [[684, 638]], [[685, 637]], [[686, 637]], [[687, 636]], [[688, 635]], [[688, 634]], [[688, 633]], [[688, 632]], [[688, 631]], [[688, 630]], [[689, 629]], [[689, 628]], [[689, 627]], [[689, 626]], [[690, 625]], [[690, 624]], [[690, 623]], [[689, 622]], [[689, 621]], [[689, 620]], [[689, 619]], [[689, 618]], [[688, 617]], [[688, 616]], [[689, 615]], [[689, 614]], [[689, 613]], [[690, 612]], [[690, 611]], [[689, 610]], [[689, 609]], [[689, 608]], [[689, 607]], [[690, 606]], [[690, 605]], [[690, 604]], [[690, 603]], [[689, 602]], [[689, 601]], [[689, 600]], [[689, 599]], [[688, 598]], [[688, 597]], [[687, 596]], [[687, 595]], [[686, 595]], [[685, 594]], [[684, 593]], [[683, 593]], [[682, 593]], [[681, 593]], [[680, 593]], [[679, 592]], [[678, 592]], [[677, 592]], [[676, 591]], [[676, 590]], [[676, 589]], [[676, 588]], [[675, 587]], [[675, 586]], [[675, 585]], [[675, 584]], [[676, 583]], [[677, 582]], [[678, 581]], [[679, 581]], [[680, 580]], [[681, 580]], [[682, 579]], [[683, 579]], [[684, 578]], [[685, 577]], [[686, 576]], [[687, 576]], [[687, 575]], [[688, 574]], [[687, 573]], [[686, 572]], [[685, 571]], [[684, 571]], [[683, 571]], [[682, 572]], [[681, 572]], [[680, 573]], [[679, 573]], [[678, 573]], [[677, 573]], [[676, 573]], [[675, 573]], [[674, 574]], [[673, 574]], [[672, 575]], [[671, 576]], [[670, 576]], [[669, 575]], [[669, 574]], [[668, 573]], [[668, 572]], [[667, 571]], [[666, 571]], [[665, 570]], [[665, 569]], [[664, 568]], [[663, 567]], [[662, 566]], [[661, 565]], [[660, 564]], [[659, 564]], [[658, 563]], [[657, 562]], [[657, 561]], [[656, 560]], [[655, 560]], [[654, 560]], [[653, 560]], [[652, 559]], [[651, 558]], [[650, 557]], [[649, 557]], [[648, 557]], [[647, 557]], [[646, 557]], [[645, 557]], [[644, 557]], [[643, 557]]]","[[], [[[634, 578], [633, 579], [632, 580], [631, 580], [631, 581], [630, 582], [630, 583], [629, 584], [628, 584], [627, 584], [626, 584], [625, 585], [624, 586], [623, 587], [622, 587], [621, 588], [621, 589], [622, 590], [622, 591], [622, 592], [621, 593], [620, 594], [619, 594], [618, 595], [619, 596], [620, 595], [621, 595], [622, 596], [622, 595], [622, 594], [622, 593], [622, 592], [623, 591], [623, 590], [624, 589], [625, 588], [626, 587], [627, 587], [627, 586], [628, 585], [629, 584], [630, 583], [631, 582], [632, 581], [633, 580], [634, 579]]], [[[602, 616], [602, 617], [602, 618], [602, 619], [603, 620], [604, 620], [605, 620], [606, 621], [606, 622], [606, 623], [606, 624], [606, 625], [606, 626], [606, 627], [605, 628], [606, 627], [607, 627], [608, 627], [609, 627], [610, 627], [611, 628], [612, 629], [612, 630], [613, 630], [614, 629], [613, 628], [612, 628], [611, 627], [610, 626], [610, 625], [611, 624], [612, 625], [613, 625], [614, 625], [615, 626], [616, 627], [616, 628], [617, 629], [617, 630], [617, 631], [617, 632], [616, 633], [617, 634], [617, 635], [618, 636], [618, 637], [618, 636], [618, 635], [617, 634], [617, 633], [617, 632], [617, 631], [617, 630], [617, 629], [617, 628], [616, 627], [616, 626], [616, 625], [616, 624], [616, 623], [616, 622], [616, 621], [616, 620], [616, 619], [616, 618], [616, 617], [616, 616], [615, 616], [614, 617], [613, 617], [613, 618], [614, 618], [615, 619], [614, 620], [614, 621], [613, 622], [612, 623], [611, 624], [610, 625], [609, 624], [608, 623], [608, 622], [607, 621], [607, 620], [608, 619], [609, 619], [609, 618], [609, 617], [609, 616], [608, 616], [607, 616], [607, 617], [606, 618], [605, 618], [604, 617], [603, 616]]], [[[619, 639], [619, 640], [620, 641], [620, 642], [621, 643], [621, 644], [621, 645], [621, 646], [622, 646], [623, 647], [623, 648], [623, 649], [623, 650], [624, 651], [625, 652], [624, 653], [624, 654], [625, 654], [626, 655], [626, 656], [627, 657], [628, 657], [629, 657], [630, 656], [629, 655], [629, 654], [628, 654], [627, 654], [626, 653], [626, 652], [626, 651], [626, 650], [626, 649], [626, 648], [625, 647], [624, 646], [623, 645], [622, 644], [621, 643], [621, 642], [621, 641], [620, 640]]], [[[604, 651], [604, 652], [605, 653], [606, 654], [607, 655], [606, 656], [605, 657], [606, 657], [607, 657], [608, 657], [609, 658], [609, 659], [609, 660], [610, 660], [611, 660], [612, 659], [611, 658], [610, 658], [609, 657], [610, 656], [610, 655], [610, 654], [609, 653], [608, 653], [607, 652], [606, 651], [605, 651]]]]","[[], 151, 152, 153, 154]"
90,90,"[[[663, 548]], [[662, 549]], [[661, 550]], [[660, 551]], [[660, 552]], [[660, 553]], [[661, 554]], [[661, 555]], [[661, 556]], [[661, 557]], [[660, 558]], [[661, 559]], [[662, 560]], [[662, 561]], [[662, 562]], [[662, 563]], [[663, 562]], [[664, 562]], [[665, 562]], [[666, 562]], [[667, 562]], [[668, 562]], [[668, 561]], [[668, 560]], [[668, 559]], [[668, 558]], [[668, 557]], [[668, 556]], [[668, 555]], [[668, 554]], [[668, 553]], [[668, 552]], [[668, 551]], [[668, 550]], [[667, 549]], [[666, 548]], [[665, 548]], [[664, 548]]]",[[]],[]
91,91,"[[[459, 527]], [[458, 528]], [[457, 528]], [[456, 528]], [[455, 528]], [[454, 528]], [[453, 529]], [[452, 529]], [[451, 530]], [[450, 531]], [[449, 531]], [[448, 532]], [[447, 533]], [[446, 533]], [[445, 534]], [[444, 535]], [[443, 536]], [[442, 537]], [[441, 538]], [[440, 539]], [[439, 540]], [[438, 541]], [[438, 542]], [[437, 543]], [[437, 544]], [[436, 545]], [[436, 546]], [[436, 547]], [[436, 548]], [[436, 549]], [[436, 550]], [[436, 551]], [[435, 552]], [[435, 553]], [[435, 554]], [[435, 555]], [[434, 556]], [[434, 557]], [[434, 558]], [[434, 559]], [[435, 560]], [[435, 561]], [[435, 562]], [[435, 563]], [[436, 564]], [[436, 565]], [[436, 566]], [[436, 567]], [[437, 568]], [[437, 569]], [[437, 570]], [[438, 571]], [[439, 571]], [[440, 572]], [[441, 573]], [[442, 574]], [[442, 575]], [[443, 575]], [[444, 576]], [[445, 577]], [[446, 578]], [[447, 579]], [[448, 580]], [[449, 580]], [[450, 580]], [[451, 581]], [[452, 581]], [[453, 581]], [[454, 582]], [[455, 582]], [[456, 582]], [[457, 582]], [[458, 582]], [[459, 583]], [[460, 584]], [[460, 585]], [[461, 586]], [[462, 586]], [[463, 587]], [[464, 587]], [[465, 587]], [[466, 586]], [[467, 586]], [[468, 585]], [[469, 584]], [[470, 584]], [[471, 583]], [[471, 582]], [[472, 581]], [[473, 580]], [[474, 580]], [[475, 580]], [[476, 580]], [[477, 579]], [[478, 579]], [[479, 579]], [[480, 579]], [[481, 579]], [[482, 578]], [[483, 578]], [[484, 579]], [[485, 579]], [[486, 578]], [[487, 578]], [[488, 577]], [[489, 576]], [[490, 575]], [[490, 574]], [[489, 573]], [[489, 572]], [[489, 571]], [[489, 570]], [[489, 569]], [[489, 568]], [[488, 567]], [[488, 566]], [[487, 565]], [[487, 564]], [[487, 563]], [[487, 562]], [[487, 561]], [[486, 560]], [[486, 559]], [[485, 558]], [[485, 557]], [[484, 557]], [[483, 557]], [[482, 556]], [[481, 555]], [[480, 554]], [[479, 554]], [[478, 554]], [[477, 553]], [[476, 552]], [[475, 551]], [[474, 550]], [[473, 550]], [[472, 549]], [[471, 548]], [[470, 548]], [[469, 547]], [[468, 546]], [[468, 545]], [[467, 544]], [[467, 543]], [[466, 542]], [[466, 541]], [[466, 540]], [[466, 539]], [[466, 538]], [[466, 537]], [[466, 536]], [[466, 535]], [[466, 534]], [[466, 533]], [[467, 532]], [[467, 531]], [[467, 530]], [[467, 529]], [[466, 528]], [[466, 527]], [[465, 528]], [[464, 527]], [[463, 528]], [[462, 528]], [[461, 527]], [[460, 527]]]","[[], [[[453, 583], [454, 584], [454, 585], [455, 585], [456, 585], [457, 585], [458, 585], [459, 586], [460, 586], [461, 587], [460, 588], [460, 589], [460, 590], [460, 591], [461, 591], [462, 591], [463, 592], [464, 592], [465, 593], [465, 594], [465, 593], [465, 592], [465, 591], [464, 591], [463, 590], [462, 590], [461, 589], [461, 588], [461, 587], [460, 586], [459, 585], [459, 584], [458, 583], [457, 583], [456, 583], [455, 583], [454, 583]]], [[[491, 576], [490, 577], [490, 578], [491, 577], [492, 577], [493, 577], [494, 578], [495, 579], [496, 580], [497, 580], [498, 581], [499, 582], [500, 583], [501, 584], [501, 585], [500, 586], [500, 587], [501, 587], [502, 588], [502, 589], [502, 590], [502, 589], [502, 588], [503, 587], [504, 586], [505, 586], [506, 586], [506, 585], [505, 585], [504, 584], [503, 584], [502, 584], [501, 584], [500, 583], [500, 582], [500, 581], [499, 580], [498, 579], [497, 579], [496, 579], [495, 578], [495, 577], [494, 576], [493, 576], [492, 576]]]]","[[], 137, 156]"
92,92,"[[[187, 520]], [[186, 521]], [[185, 521]], [[184, 522]], [[183, 523]], [[182, 524]], [[181, 525]], [[180, 525]], [[179, 526]], [[178, 527]], [[177, 528]], [[176, 529]], [[175, 530]], [[174, 531]], [[173, 532]], [[172, 533]], [[171, 534]], [[170, 535]], [[169, 536]], [[168, 537]], [[167, 538]], [[166, 539]], [[165, 540]], [[164, 541]], [[164, 542]], [[163, 543]], [[162, 544]], [[162, 545]], [[161, 546]], [[161, 547]], [[160, 548]], [[161, 549]], [[160, 550]], [[159, 551]], [[158, 552]], [[158, 553]], [[157, 554]], [[157, 555]], [[157, 556]], [[157, 557]], [[157, 558]], [[157, 559]], [[157, 560]], [[157, 561]], [[157, 562]], [[156, 563]], [[155, 563]], [[156, 563]], [[157, 564]], [[158, 565]], [[159, 565]], [[160, 566]], [[161, 566]], [[162, 567]], [[163, 568]], [[164, 569]], [[165, 570]], [[166, 570]], [[167, 570]], [[168, 570]], [[169, 571]], [[170, 571]], [[171, 570]], [[172, 570]], [[173, 569]], [[174, 569]], [[175, 568]], [[176, 567]], [[177, 566]], [[178, 566]], [[179, 565]], [[180, 564]], [[181, 564]], [[182, 563]], [[183, 562]], [[184, 561]], [[185, 560]], [[186, 559]], [[187, 559]], [[188, 558]], [[189, 558]], [[190, 557]], [[190, 556]], [[191, 555]], [[191, 554]], [[192, 553]], [[193, 553]], [[194, 553]], [[195, 552]], [[196, 551]], [[197, 551]], [[198, 550]], [[199, 549]], [[200, 549]], [[201, 548]], [[202, 547]], [[203, 546]], [[203, 545]], [[204, 544]], [[204, 543]], [[205, 542]], [[206, 542]], [[206, 541]], [[207, 540]], [[208, 540]], [[208, 539]], [[208, 538]], [[209, 537]], [[209, 536]], [[209, 535]], [[209, 534]], [[209, 533]], [[209, 532]], [[209, 531]], [[210, 530]], [[210, 529]], [[209, 528]], [[209, 527]], [[208, 527]], [[207, 526]], [[206, 526]], [[205, 525]], [[205, 524]], [[204, 523]], [[203, 523]], [[202, 523]], [[201, 522]], [[200, 522]], [[199, 521]], [[198, 521]], [[197, 521]], [[196, 520]], [[195, 520]], [[194, 520]], [[193, 520]], [[192, 520]], [[191, 520]], [[190, 520]], [[189, 520]], [[188, 520]]]","[[], [[[154, 564], [153, 565], [153, 566], [152, 567], [151, 568], [150, 568], [149, 568], [148, 569], [147, 569], [147, 570], [147, 571], [147, 572], [147, 573], [148, 573], [149, 572], [150, 571], [151, 571], [152, 572], [152, 573], [153, 573], [153, 572], [154, 571], [155, 570], [156, 569], [157, 569], [158, 569], [159, 569], [160, 570], [161, 570], [162, 571], [162, 572], [163, 571], [164, 571], [164, 570], [163, 569], [162, 568], [161, 567], [160, 567], [159, 566], [158, 566], [157, 565], [156, 565], [155, 565]]], [[[180, 565], [179, 566], [178, 567], [177, 568], [176, 569], [175, 569], [174, 570], [173, 571], [172, 571], [172, 572], [172, 573], [173, 574], [174, 573], [175, 572], [176, 572], [177, 571], [178, 570], [179, 570], [180, 569], [181, 569], [182, 569], [183, 569], [184, 570], [185, 570], [186, 570], [187, 570], [188, 571], [189, 571], [190, 572], [191, 573], [192, 573], [193, 573], [194, 572], [195, 571], [196, 571], [197, 570], [198, 570], [199, 570], [200, 570], [199, 569], [199, 568], [198, 568], [197, 568], [196, 568], [195, 569], [194, 569], [193, 570], [192, 570], [191, 571], [190, 570], [190, 569], [189, 568], [188, 567], [187, 567], [186, 568], [185, 569], [184, 568], [183, 567], [183, 566], [182, 566], [181, 565]]], [[[213, 521], [212, 522], [212, 523], [211, 524], [210, 524], [210, 525], [209, 526], [210, 527], [211, 528], [211, 529], [212, 529], [213, 530], [213, 531], [214, 532], [214, 533], [214, 534], [215, 535], [216, 536], [216, 537], [216, 538], [215, 539], [214, 540], [214, 541], [213, 542], [213, 543], [212, 544], [212, 545], [212, 546], [211, 547], [210, 548], [210, 549], [210, 550], [209, 551], [209, 552], [209, 553], [209, 554], [208, 555], [207, 555], [208, 556], [209, 556], [210, 556], [210, 555], [210, 554], [210, 553], [210, 552], [210, 551], [210, 550], [210, 549], [211, 548], [212, 547], [212, 546], [213, 545], [214, 545], [215, 545], [216, 545], [217, 546], [217, 545], [216, 544], [215, 543], [215, 542], [216, 541], [217, 540], [218, 539], [218, 538], [217, 537], [217, 536], [217, 535], [216, 534], [215, 533], [215, 532], [215, 531], [215, 530], [214, 529], [214, 528], [213, 527], [213, 526], [212, 525], [212, 524], [213, 523], [213, 522]]]]","[[], 146, 144, 159]"
93,93,"[[[478, 517]], [[478, 518]], [[478, 519]], [[478, 520]], [[477, 521]], [[477, 522]], [[476, 523]], [[476, 524]], [[476, 525]], [[476, 526]], [[477, 527]], [[477, 528]], [[476, 529]], [[475, 529]], [[474, 529]], [[475, 529]], [[476, 529]], [[477, 529]], [[478, 530]], [[479, 531]], [[480, 532]], [[481, 531]], [[482, 531]], [[483, 531]], [[484, 530]], [[484, 529]], [[484, 528]], [[485, 527]], [[485, 526]], [[485, 525]], [[485, 524]], [[485, 523]], [[484, 522]], [[484, 521]], [[484, 520]], [[483, 519]], [[482, 518]], [[481, 517]], [[480, 517]], [[479, 517]]]",[[]],[]
94,94,"[[[44, 502]], [[43, 503]], [[42, 503]], [[41, 504]], [[40, 504]], [[39, 505]], [[38, 506]], [[37, 507]], [[37, 508]], [[37, 509]], [[37, 510]], [[37, 511]], [[36, 512]], [[36, 513]], [[36, 514]], [[36, 515]], [[36, 516]], [[35, 517]], [[36, 518]], [[36, 519]], [[36, 520]], [[35, 521]], [[35, 522]], [[35, 523]], [[35, 524]], [[36, 525]], [[36, 526]], [[36, 527]], [[36, 528]], [[36, 529]], [[36, 530]], [[36, 531]], [[35, 532]], [[34, 533]], [[34, 534]], [[33, 535]], [[33, 536]], [[33, 537]], [[32, 538]], [[32, 539]], [[32, 540]], [[32, 541]], [[32, 542]], [[31, 543]], [[30, 544]], [[29, 544]], [[28, 543]], [[27, 543]], [[26, 543]], [[25, 542]], [[24, 543]], [[23, 543]], [[22, 543]], [[21, 544]], [[20, 544]], [[20, 545]], [[19, 546]], [[18, 546]], [[17, 547]], [[16, 547]], [[15, 548]], [[14, 549]], [[13, 550]], [[12, 551]], [[11, 552]], [[10, 553]], [[10, 554]], [[10, 555]], [[10, 556]], [[10, 557]], [[9, 558]], [[8, 559]], [[8, 560]], [[9, 561]], [[9, 562]], [[10, 563]], [[10, 564]], [[11, 565]], [[11, 566]], [[12, 567]], [[13, 568]], [[13, 569]], [[13, 570]], [[13, 571]], [[13, 572]], [[14, 573]], [[14, 574]], [[15, 575]], [[15, 576]], [[16, 577]], [[16, 578]], [[16, 579]], [[16, 580]], [[16, 581]], [[17, 582]], [[17, 583]], [[17, 584]], [[18, 585]], [[18, 586]], [[18, 587]], [[19, 588]], [[20, 589]], [[21, 590]], [[22, 591]], [[22, 592]], [[23, 593]], [[23, 594]], [[24, 595]], [[24, 596]], [[24, 597]], [[24, 598]], [[25, 599]], [[26, 599]], [[27, 599]], [[28, 600]], [[29, 599]], [[30, 599]], [[31, 598]], [[32, 598]], [[33, 598]], [[33, 597]], [[34, 596]], [[34, 595]], [[34, 594]], [[35, 593]], [[36, 592]], [[37, 592]], [[38, 591]], [[38, 590]], [[39, 589]], [[39, 588]], [[39, 587]], [[40, 586]], [[41, 587]], [[41, 586]], [[42, 585]], [[42, 584]], [[43, 583]], [[44, 583]], [[45, 582]], [[46, 582]], [[47, 582]], [[47, 581]], [[47, 580]], [[47, 579]], [[47, 578]], [[47, 577]], [[48, 576]], [[48, 575]], [[49, 574]], [[49, 573]], [[49, 572]], [[48, 571]], [[48, 570]], [[47, 569]], [[46, 568]], [[45, 567]], [[44, 566]], [[44, 565]], [[43, 564]], [[42, 563]], [[42, 562]], [[42, 561]], [[42, 560]], [[41, 559]], [[41, 558]], [[41, 557]], [[42, 556]], [[42, 555]], [[42, 554]], [[42, 553]], [[43, 552]], [[44, 551]], [[45, 550]], [[46, 550]], [[47, 551]], [[48, 552]], [[48, 553]], [[48, 554]], [[48, 555]], [[49, 555]], [[50, 555]], [[51, 555]], [[52, 556]], [[53, 557]], [[53, 558]], [[53, 559]], [[54, 558]], [[55, 559]], [[56, 560]], [[56, 561]], [[57, 562]], [[57, 563]], [[58, 564]], [[59, 564]], [[60, 564]], [[61, 565]], [[62, 566]], [[63, 566]], [[64, 567]], [[64, 568]], [[65, 569]], [[66, 569]], [[67, 570]], [[68, 571]], [[69, 572]], [[70, 573]], [[71, 573]], [[72, 574]], [[73, 574]], [[74, 573]], [[75, 572]], [[76, 571]], [[76, 570]], [[77, 569]], [[78, 568]], [[79, 567]], [[79, 566]], [[79, 565]], [[80, 564]], [[80, 563]], [[81, 562]], [[80, 561]], [[80, 560]], [[80, 559]], [[80, 558]], [[80, 557]], [[80, 556]], [[80, 555]], [[80, 554]], [[79, 554]], [[78, 553]], [[78, 552]], [[77, 552]], [[76, 551]], [[75, 550]], [[74, 549]], [[75, 548]], [[75, 547]], [[76, 546]], [[76, 545]], [[76, 544]], [[77, 543]], [[76, 542]], [[76, 541]], [[76, 540]], [[76, 539]], [[75, 538]], [[74, 537]], [[74, 536]], [[73, 535]], [[72, 534]], [[71, 533]], [[70, 532]], [[69, 531]], [[68, 530]], [[67, 529]], [[67, 528]], [[66, 527]], [[65, 527]], [[64, 527]], [[63, 527]], [[62, 527]], [[61, 527]], [[60, 527]], [[59, 527]], [[58, 527]], [[57, 527]], [[56, 526]], [[56, 525]], [[56, 524]], [[56, 523]], [[57, 522]], [[57, 521]], [[57, 520]], [[57, 519]], [[56, 518]], [[56, 517]], [[55, 516]], [[55, 515]], [[55, 514]], [[55, 513]], [[55, 512]], [[54, 511]], [[54, 510]], [[53, 509]], [[53, 508]], [[52, 507]], [[51, 506]], [[50, 505]], [[49, 504]], [[48, 504]], [[47, 503]], [[46, 503]], [[45, 502]]]","[[], [[[45, 551], [44, 552], [44, 553], [44, 554], [45, 554], [46, 555], [46, 556], [47, 557], [47, 558], [48, 558], [49, 558], [50, 558], [51, 559], [51, 560], [51, 561], [51, 562], [52, 562], [53, 562], [54, 563], [55, 563], [56, 564], [57, 564], [56, 563], [56, 562], [55, 561], [55, 560], [54, 559], [53, 560], [52, 559], [52, 558], [52, 557], [51, 556], [50, 556], [49, 556], [48, 556], [47, 555], [47, 554], [47, 553], [47, 552], [46, 551]]]]","[[], 160]"
95,95,"[[[88, 494]], [[87, 495]], [[86, 496]], [[85, 496]], [[84, 496]], [[83, 497]], [[82, 497]], [[81, 497]], [[80, 498]], [[79, 498]], [[78, 499]], [[77, 500]], [[76, 501]], [[76, 502]], [[75, 503]], [[75, 504]], [[75, 505]], [[76, 506]], [[76, 507]], [[76, 508]], [[76, 509]], [[76, 510]], [[76, 511]], [[76, 512]], [[77, 513]], [[77, 514]], [[76, 515]], [[76, 516]], [[76, 517]], [[75, 518]], [[75, 519]], [[74, 520]], [[74, 521]], [[73, 522]], [[73, 523]], [[74, 524]], [[74, 525]], [[74, 526]], [[74, 527]], [[74, 528]], [[74, 529]], [[75, 530]], [[76, 530]], [[77, 531]], [[78, 532]], [[78, 533]], [[78, 534]], [[77, 535]], [[77, 536]], [[78, 537]], [[79, 538]], [[79, 539]], [[80, 540]], [[81, 541]], [[82, 542]], [[83, 542]], [[84, 542]], [[85, 542]], [[86, 543]], [[87, 543]], [[88, 544]], [[89, 545]], [[90, 545]], [[91, 546]], [[92, 546]], [[93, 546]], [[94, 547]], [[95, 548]], [[96, 548]], [[97, 548]], [[98, 549]], [[99, 549]], [[100, 550]], [[101, 550]], [[102, 551]], [[103, 551]], [[104, 551]], [[105, 552]], [[104, 553]], [[104, 554]], [[104, 555]], [[104, 556]], [[104, 557]], [[105, 558]], [[106, 558]], [[106, 557]], [[106, 556]], [[106, 555]], [[105, 554]], [[105, 553]], [[105, 552]], [[106, 551]], [[107, 550]], [[108, 549]], [[108, 548]], [[108, 547]], [[109, 546]], [[109, 545]], [[109, 544]], [[110, 543]], [[111, 542]], [[112, 542]], [[113, 542]], [[114, 541]], [[115, 540]], [[116, 540]], [[117, 539]], [[117, 538]], [[118, 537]], [[119, 536]], [[120, 535]], [[121, 534]], [[122, 534]], [[123, 535]], [[124, 535]], [[125, 535]], [[126, 534]], [[127, 533]], [[127, 532]], [[127, 531]], [[128, 530]], [[129, 529]], [[130, 529]], [[131, 528]], [[132, 528]], [[133, 528]], [[134, 529]], [[135, 530]], [[135, 531]], [[136, 531]], [[137, 532]], [[138, 532]], [[139, 531]], [[140, 530]], [[141, 529]], [[141, 528]], [[142, 527]], [[142, 526]], [[143, 525]], [[143, 524]], [[143, 523]], [[143, 522]], [[143, 521]], [[143, 520]], [[142, 519]], [[142, 518]], [[142, 517]], [[141, 516]], [[140, 515]], [[139, 515]], [[138, 514]], [[137, 514]], [[136, 514]], [[135, 513]], [[134, 513]], [[133, 513]], [[132, 514]], [[131, 514]], [[130, 514]], [[129, 515]], [[129, 516]], [[129, 517]], [[128, 518]], [[127, 518]], [[126, 518]], [[125, 517]], [[124, 516]], [[124, 515]], [[124, 514]], [[124, 513]], [[124, 512]], [[124, 511]], [[124, 510]], [[124, 509]], [[124, 508]], [[123, 507]], [[123, 506]], [[122, 505]], [[121, 504]], [[120, 504]], [[119, 503]], [[118, 503]], [[117, 504]], [[116, 504]], [[115, 505]], [[114, 505]], [[113, 506]], [[112, 505]], [[111, 504]], [[111, 503]], [[110, 502]], [[110, 501]], [[110, 500]], [[110, 499]], [[110, 498]], [[109, 497]], [[108, 496]], [[107, 495]], [[106, 495]], [[105, 495]], [[104, 495]], [[103, 495]], [[102, 495]], [[101, 495]], [[100, 496]], [[99, 496]], [[98, 495]], [[97, 495]], [[96, 494]], [[95, 494]], [[94, 494]], [[93, 494]], [[92, 494]], [[91, 494]], [[90, 494]], [[89, 494]]]","[[[[96, 483], [95, 484], [94, 485], [94, 486], [93, 487], [92, 488], [91, 488], [91, 489], [90, 490], [89, 491], [88, 491], [87, 492], [88, 492], [89, 493], [90, 493], [91, 493], [92, 492], [93, 492], [94, 492], [95, 492], [96, 491], [96, 490], [95, 489], [96, 488], [97, 488], [98, 487], [98, 486], [98, 485], [98, 484], [98, 483], [97, 483]]], []]","[161, []]"
96,96,"[[[373, 492]], [[372, 493]], [[371, 493]], [[370, 493]], [[369, 493]], [[368, 493]], [[367, 493]], [[366, 494]], [[365, 494]], [[364, 494]], [[363, 494]], [[362, 494]], [[361, 495]], [[360, 495]], [[359, 495]], [[358, 495]], [[357, 496]], [[356, 496]], [[355, 496]], [[354, 496]], [[353, 496]], [[353, 497]], [[353, 498]], [[353, 499]], [[352, 500]], [[352, 501]], [[351, 502]], [[351, 503]], [[350, 504]], [[351, 505]], [[351, 506]], [[351, 507]], [[351, 508]], [[351, 509]], [[351, 510]], [[351, 511]], [[351, 512]], [[351, 513]], [[352, 514]], [[352, 515]], [[353, 515]], [[354, 515]], [[355, 515]], [[356, 516]], [[357, 516]], [[358, 516]], [[359, 516]], [[360, 516]], [[361, 516]], [[362, 516]], [[363, 517]], [[364, 517]], [[365, 517]], [[366, 517]], [[367, 517]], [[368, 517]], [[369, 517]], [[370, 517]], [[371, 518]], [[372, 518]], [[373, 518]], [[374, 518]], [[375, 519]], [[376, 519]], [[377, 519]], [[378, 520]], [[379, 520]], [[380, 519]], [[381, 519]], [[381, 518]], [[382, 517]], [[383, 516]], [[384, 515]], [[384, 514]], [[384, 513]], [[384, 512]], [[385, 511]], [[385, 510]], [[385, 509]], [[386, 508]], [[386, 507]], [[386, 506]], [[386, 505]], [[387, 504]], [[387, 503]], [[387, 502]], [[387, 501]], [[388, 500]], [[388, 499]], [[387, 498]], [[387, 497]], [[387, 496]], [[387, 495]], [[387, 494]], [[386, 493]], [[385, 493]], [[384, 493]], [[383, 492]], [[382, 492]], [[381, 493]], [[380, 493]], [[379, 493]], [[378, 492]], [[377, 492]], [[376, 492]], [[375, 492]], [[374, 492]]]","[[[[368, 487], [367, 488], [367, 489], [366, 490], [366, 491], [366, 492], [367, 492], [368, 492], [369, 492], [370, 492], [371, 492], [372, 492], [373, 491], [374, 491], [375, 491], [376, 490], [377, 491], [378, 491], [379, 492], [380, 492], [381, 492], [382, 491], [383, 491], [384, 492], [385, 492], [386, 492], [386, 491], [385, 491], [384, 491], [383, 491], [382, 491], [381, 490], [380, 489], [380, 488], [380, 487], [379, 488], [378, 488], [377, 488], [377, 489], [376, 490], [375, 491], [374, 490], [373, 490], [372, 489], [371, 488], [370, 487], [369, 487]]], [], [[[358, 517], [357, 518], [357, 519], [358, 520], [358, 521], [358, 522], [358, 523], [358, 524], [359, 524], [360, 524], [361, 525], [360, 526], [359, 526], [358, 527], [357, 527], [356, 527], [355, 527], [354, 527], [353, 526], [353, 527], [354, 527], [355, 527], [356, 527], [357, 527], [358, 527], [359, 527], [360, 527], [361, 527], [362, 527], [363, 527], [363, 526], [362, 525], [361, 524], [360, 523], [360, 522], [359, 521], [359, 520], [359, 519], [359, 518], [359, 517]]]]","[162, [], 163]"
97,97,"[[[415, 488]], [[414, 489]], [[413, 489]], [[412, 489]], [[411, 490]], [[410, 490]], [[410, 491]], [[410, 492]], [[410, 493]], [[410, 494]], [[410, 495]], [[410, 496]], [[410, 497]], [[410, 498]], [[409, 499]], [[409, 500]], [[409, 501]], [[408, 502]], [[407, 503]], [[406, 503]], [[405, 504]], [[404, 505]], [[403, 506]], [[403, 507]], [[404, 508]], [[405, 509]], [[405, 510]], [[404, 511]], [[404, 512]], [[405, 513]], [[405, 514]], [[405, 515]], [[405, 516]], [[405, 517]], [[405, 518]], [[405, 519]], [[405, 520]], [[406, 521]], [[406, 522]], [[407, 523]], [[408, 524]], [[409, 524]], [[410, 525]], [[411, 525]], [[412, 526]], [[413, 526]], [[414, 526]], [[415, 526]], [[416, 526]], [[417, 526]], [[418, 525]], [[419, 525]], [[420, 525]], [[421, 524]], [[422, 524]], [[422, 523]], [[423, 522]], [[423, 521]], [[424, 520]], [[424, 519]], [[424, 518]], [[425, 517]], [[425, 516]], [[426, 515]], [[426, 514]], [[427, 513]], [[427, 512]], [[428, 511]], [[428, 510]], [[428, 509]], [[429, 508]], [[429, 507]], [[430, 506]], [[430, 505]], [[431, 504]], [[431, 503]], [[431, 502]], [[432, 501]], [[432, 500]], [[432, 499]], [[432, 498]], [[432, 497]], [[432, 496]], [[432, 495]], [[432, 494]], [[431, 493]], [[430, 492]], [[429, 491]], [[428, 492]], [[427, 492]], [[426, 491]], [[426, 490]], [[425, 490]], [[424, 490]], [[423, 490]], [[422, 490]], [[421, 489]], [[420, 489]], [[419, 489]], [[418, 488]], [[417, 488]], [[416, 488]]]","[[[[415, 486], [416, 487], [417, 487], [418, 487], [419, 488], [420, 488], [421, 488], [422, 489], [423, 489], [424, 489], [425, 489], [426, 489], [427, 489], [428, 489], [429, 488], [430, 488], [431, 489], [430, 490], [430, 491], [431, 492], [432, 493], [433, 494], [434, 493], [433, 492], [433, 491], [432, 490], [432, 489], [431, 488], [430, 487], [430, 486], [429, 486], [428, 487], [427, 488], [426, 488], [425, 487], [424, 486], [423, 487], [422, 487], [421, 487], [420, 487], [419, 487], [418, 487], [417, 487], [416, 486]]], [[[409, 490], [408, 491], [407, 491], [408, 491], [409, 492], [409, 493], [408, 494], [407, 493], [407, 494], [407, 495], [407, 496], [407, 497], [407, 498], [407, 499], [407, 500], [407, 501], [408, 500], [408, 499], [409, 498], [409, 497], [409, 496], [409, 495], [409, 494], [409, 493], [409, 492], [409, 491]]], []]","[164, 165, []]"
98,98,"[[[389, 468]], [[388, 469]], [[387, 469]], [[386, 469]], [[385, 469]], [[384, 469]], [[383, 469]], [[382, 469]], [[381, 469]], [[380, 469]], [[380, 470]], [[380, 471]], [[381, 472]], [[381, 473]], [[381, 474]], [[382, 475]], [[382, 476]], [[382, 477]], [[382, 478]], [[383, 479]], [[383, 480]], [[384, 481]], [[384, 482]], [[385, 482]], [[386, 482]], [[387, 482]], [[388, 482]], [[389, 482]], [[390, 482]], [[391, 481]], [[392, 480]], [[393, 479]], [[394, 478]], [[395, 478]], [[396, 477]], [[397, 476]], [[396, 475]], [[396, 474]], [[396, 473]], [[396, 472]], [[395, 472]], [[394, 471]], [[393, 471]], [[392, 471]], [[391, 470]], [[390, 469]]]",[[]],[]
99,99,"[[[731, 464]], [[730, 465]], [[729, 466]], [[729, 467]], [[728, 468]], [[727, 468]], [[726, 469]], [[725, 469]], [[724, 468]], [[723, 469]], [[722, 469]], [[721, 470]], [[720, 470]], [[719, 471]], [[718, 472]], [[717, 472]], [[716, 473]], [[715, 473]], [[714, 474]], [[713, 474]], [[712, 474]], [[712, 475]], [[711, 476]], [[710, 477]], [[709, 478]], [[708, 479]], [[707, 480]], [[706, 480]], [[705, 481]], [[704, 482]], [[703, 483]], [[703, 484]], [[702, 485]], [[702, 486]], [[701, 487]], [[701, 488]], [[700, 489]], [[700, 490]], [[700, 491]], [[700, 492]], [[700, 493]], [[700, 494]], [[701, 495]], [[700, 496]], [[699, 497]], [[698, 498]], [[697, 499]], [[696, 499]], [[695, 499]], [[694, 500]], [[693, 501]], [[692, 501]], [[692, 502]], [[691, 503]], [[690, 504]], [[689, 505]], [[689, 506]], [[690, 507]], [[690, 508]], [[690, 509]], [[690, 510]], [[689, 511]], [[688, 512]], [[687, 512]], [[686, 513]], [[685, 513]], [[685, 514]], [[685, 515]], [[685, 516]], [[685, 517]], [[685, 518]], [[685, 519]], [[685, 520]], [[686, 521]], [[687, 521]], [[688, 521]], [[689, 522]], [[690, 523]], [[690, 524]], [[690, 525]], [[689, 526]], [[688, 527]], [[687, 528]], [[686, 529]], [[686, 530]], [[686, 531]], [[686, 532]], [[686, 533]], [[686, 534]], [[686, 535]], [[686, 536]], [[687, 537]], [[687, 538]], [[688, 539]], [[689, 540]], [[690, 541]], [[690, 542]], [[691, 542]], [[692, 543]], [[693, 543]], [[694, 543]], [[695, 544]], [[696, 544]], [[697, 543]], [[698, 543]], [[699, 543]], [[700, 543]], [[701, 543]], [[702, 543]], [[703, 543]], [[704, 543]], [[705, 543]], [[706, 543]], [[707, 543]], [[708, 543]], [[709, 542]], [[710, 542]], [[711, 542]], [[712, 543]], [[713, 543]], [[714, 543]], [[715, 543]], [[716, 543]], [[717, 542]], [[717, 541]], [[717, 540]], [[717, 539]], [[717, 538]], [[717, 537]], [[718, 536]], [[718, 535]], [[718, 534]], [[718, 533]], [[718, 532]], [[719, 531]], [[720, 530]], [[721, 531]], [[722, 532]], [[722, 533]], [[723, 532]], [[723, 531]], [[723, 530]], [[723, 529]], [[722, 529]], [[721, 530]], [[720, 530]], [[719, 529]], [[718, 528]], [[719, 527]], [[720, 526]], [[721, 525]], [[721, 524]], [[722, 523]], [[723, 522]], [[724, 523]], [[725, 524]], [[726, 525]], [[727, 526]], [[728, 527]], [[729, 527]], [[730, 528]], [[731, 529]], [[731, 530]], [[731, 531]], [[730, 532]], [[729, 533]], [[728, 534]], [[727, 535]], [[726, 536]], [[726, 537]], [[725, 538]], [[725, 539]], [[725, 540]], [[724, 541]], [[724, 542]], [[723, 543]], [[723, 544]], [[722, 545]], [[722, 546]], [[723, 547]], [[723, 548]], [[724, 549]], [[725, 549]], [[726, 550]], [[727, 550]], [[728, 550]], [[729, 550]], [[730, 550]], [[731, 551]], [[732, 552]], [[732, 553]], [[732, 554]], [[733, 555]], [[733, 556]], [[733, 557]], [[733, 558]], [[733, 559]], [[733, 560]], [[734, 561]], [[735, 562]], [[736, 563]], [[737, 563]], [[738, 564]], [[739, 565]], [[740, 566]], [[741, 566]], [[742, 567]], [[743, 567]], [[744, 567]], [[745, 567]], [[746, 567]], [[747, 567]], [[748, 567]], [[749, 567]], [[750, 568]], [[751, 569]], [[752, 570]], [[752, 571]], [[753, 571]], [[754, 571]], [[755, 571]], [[756, 571]], [[757, 571]], [[758, 571]], [[759, 571]], [[760, 570]], [[761, 570]], [[762, 569]], [[763, 568]], [[764, 568]], [[765, 567]], [[766, 566]], [[766, 565]], [[766, 564]], [[767, 563]], [[767, 562]], [[768, 561]], [[769, 560]], [[770, 560]], [[771, 560]], [[772, 559]], [[773, 558]], [[773, 557]], [[773, 556]], [[774, 555]], [[774, 554]], [[774, 553]], [[775, 552]], [[776, 551]], [[777, 551]], [[778, 551]], [[779, 551]], [[780, 550]], [[781, 550]], [[782, 549]], [[783, 549]], [[784, 549]], [[785, 549]], [[786, 549]], [[787, 550]], [[787, 551]], [[786, 552]], [[785, 552]], [[784, 552]], [[783, 553]], [[782, 554]], [[781, 555]], [[781, 556]], [[780, 557]], [[780, 558]], [[780, 559]], [[780, 560]], [[779, 561]], [[779, 562]], [[779, 563]], [[779, 564]], [[780, 565]], [[780, 566]], [[781, 567]], [[781, 568]], [[781, 569]], [[782, 570]], [[783, 571]], [[783, 572]], [[784, 573]], [[785, 574]], [[786, 575]], [[787, 574]], [[788, 575]], [[789, 575]], [[790, 574]], [[791, 574]], [[792, 574]], [[793, 574]], [[794, 574]], [[795, 573]], [[796, 572]], [[797, 572]], [[798, 571]], [[799, 571]], [[800, 571]], [[801, 570]], [[802, 569]], [[803, 569]], [[804, 568]], [[805, 568]], [[806, 567]], [[807, 566]], [[808, 566]], [[809, 566]], [[810, 565]], [[811, 565]], [[812, 565]], [[813, 566]], [[814, 567]], [[815, 568]], [[815, 569]], [[816, 569]], [[817, 569]], [[818, 569]], [[819, 569]], [[820, 568]], [[821, 567]], [[822, 566]], [[823, 565]], [[823, 564]], [[822, 563]], [[821, 562]], [[821, 561]], [[821, 560]], [[822, 559]], [[823, 559]], [[824, 559]], [[825, 558]], [[826, 558]], [[827, 557]], [[828, 556]], [[829, 556]], [[830, 555]], [[831, 555]], [[831, 554]], [[831, 553]], [[831, 552]], [[832, 551]], [[832, 550]], [[832, 549]], [[831, 548]], [[830, 547]], [[830, 546]], [[829, 545]], [[829, 544]], [[828, 543]], [[828, 542]], [[828, 541]], [[827, 540]], [[826, 539]], [[826, 538]], [[826, 537]], [[826, 536]], [[827, 535]], [[828, 535]], [[828, 534]], [[829, 533]], [[830, 533]], [[831, 534]], [[831, 533]], [[831, 532]], [[831, 531]], [[830, 530]], [[830, 529]], [[830, 528]], [[830, 527]], [[829, 526]], [[829, 525]], [[828, 524]], [[828, 523]], [[827, 522]], [[826, 522]], [[825, 522]], [[824, 521]], [[823, 522]], [[822, 522]], [[821, 522]], [[820, 523]], [[820, 524]], [[819, 525]], [[818, 526]], [[817, 527]], [[816, 527]], [[815, 527]], [[814, 526]], [[813, 526]], [[812, 526]], [[811, 526]], [[810, 526]], [[809, 526]], [[808, 526]], [[807, 526]], [[806, 526]], [[805, 527]], [[804, 528]], [[803, 528]], [[802, 529]], [[801, 530]], [[800, 529]], [[801, 530]], [[800, 531]], [[800, 532]], [[800, 533]], [[800, 534]], [[800, 535]], [[800, 536]], [[800, 537]], [[800, 538]], [[800, 539]], [[800, 540]], [[800, 541]], [[799, 542]], [[798, 541]], [[798, 542]], [[797, 543]], [[796, 544]], [[795, 543]], [[795, 542]], [[795, 541]], [[795, 540]], [[796, 539]], [[796, 538]], [[796, 537]], [[797, 536]], [[797, 535]], [[798, 534]], [[798, 533]], [[798, 532]], [[797, 531]], [[797, 530]], [[797, 529]], [[797, 528]], [[797, 527]], [[797, 526]], [[797, 525]], [[796, 524]], [[796, 523]], [[795, 522]], [[795, 521]], [[794, 520]], [[794, 519]], [[793, 518]], [[792, 518]], [[791, 517]], [[790, 517]], [[789, 517]], [[788, 518]], [[787, 518]], [[786, 519]], [[785, 519]], [[784, 519]], [[783, 519]], [[782, 518]], [[782, 517]], [[782, 516]], [[781, 516]], [[780, 516]], [[779, 515]], [[779, 514]], [[780, 513]], [[780, 512]], [[780, 511]], [[781, 510]], [[781, 509]], [[782, 508]], [[783, 507]], [[783, 506]], [[784, 505]], [[785, 504]], [[785, 503]], [[786, 502]], [[786, 501]], [[787, 500]], [[788, 500]], [[789, 501]], [[789, 502]], [[790, 503]], [[790, 504]], [[789, 505]], [[790, 506]], [[791, 507]], [[791, 508]], [[792, 509]], [[793, 509]], [[794, 509]], [[795, 509]], [[796, 509]], [[797, 509]], [[797, 508]], [[797, 507]], [[797, 506]], [[797, 505]], [[797, 504]], [[797, 503]], [[797, 502]], [[798, 501]], [[799, 500]], [[800, 500]], [[801, 499]], [[802, 499]], [[803, 500]], [[804, 500]], [[805, 501]], [[806, 501]], [[807, 502]], [[807, 503]], [[807, 504]], [[808, 504]], [[809, 505]], [[810, 505]], [[811, 506]], [[812, 506]], [[813, 507]], [[813, 508]], [[814, 509]], [[815, 509]], [[816, 509]], [[817, 509]], [[818, 508]], [[818, 507]], [[818, 506]], [[818, 505]], [[818, 504]], [[818, 503]], [[818, 502]], [[818, 501]], [[818, 500]], [[818, 499]], [[817, 498]], [[816, 498]], [[815, 497]], [[814, 497]], [[813, 496]], [[812, 495]], [[811, 494]], [[810, 493]], [[809, 493]], [[808, 492]], [[807, 491]], [[806, 491]], [[805, 491]], [[804, 490]], [[803, 490]], [[802, 490]], [[801, 491]], [[800, 491]], [[799, 491]], [[798, 492]], [[797, 493]], [[796, 494]], [[796, 495]], [[795, 496]], [[794, 496]], [[793, 497]], [[792, 497]], [[791, 496]], [[790, 497]], [[789, 497]], [[788, 496]], [[788, 495]], [[788, 494]], [[788, 493]], [[787, 492]], [[787, 491]], [[786, 490]], [[785, 489]], [[784, 489]], [[783, 488]], [[782, 488]], [[781, 488]], [[780, 488]], [[779, 488]], [[778, 488]], [[777, 488]], [[776, 489]], [[775, 489]], [[774, 489]], [[773, 488]], [[772, 488]], [[771, 487]], [[770, 487]], [[769, 486]], [[768, 486]], [[767, 486]], [[766, 485]], [[765, 485]], [[764, 485]], [[763, 485]], [[762, 484]], [[761, 484]], [[760, 484]], [[759, 483]], [[758, 483]], [[757, 483]], [[756, 483]], [[755, 483]], [[754, 483]], [[753, 484]], [[752, 484]], [[751, 485]], [[751, 486]], [[750, 487]], [[750, 488]], [[749, 489]], [[749, 490]], [[748, 491]], [[748, 492]], [[748, 493]], [[747, 494]], [[747, 495]], [[746, 496]], [[746, 497]], [[746, 498]], [[746, 499]], [[745, 500]], [[744, 501]], [[744, 502]], [[744, 503]], [[743, 504]], [[743, 505]], [[742, 506]], [[741, 507]], [[741, 508]], [[740, 509]], [[739, 510]], [[738, 509]], [[737, 508]], [[737, 507]], [[736, 506]], [[735, 505]], [[734, 504]], [[733, 503]], [[732, 502]], [[731, 501]], [[730, 500]], [[729, 499]], [[728, 498]], [[727, 498]], [[726, 498]], [[725, 498]], [[724, 499]], [[723, 500]], [[722, 500]], [[721, 499]], [[720, 498]], [[719, 497]], [[720, 496]], [[721, 496]], [[722, 495]], [[723, 494]], [[724, 494]], [[725, 493]], [[726, 492]], [[726, 491]], [[726, 490]], [[727, 489]], [[728, 489]], [[729, 488]], [[730, 487]], [[730, 486]], [[731, 485]], [[731, 484]], [[732, 483]], [[733, 482]], [[734, 481]], [[735, 480]], [[736, 480]], [[737, 480]], [[738, 480]], [[739, 480]], [[740, 480]], [[741, 479]], [[742, 478]], [[743, 478]], [[744, 478]], [[745, 477]], [[746, 476]], [[746, 475]], [[746, 474]], [[746, 473]], [[746, 472]], [[745, 471]], [[745, 470]], [[744, 469]], [[743, 469]], [[742, 468]], [[741, 468]], [[740, 467]], [[739, 467]], [[738, 466]], [[737, 466]], [[736, 465]], [[735, 464]], [[734, 464]], [[733, 464]], [[732, 464]]]","[[[[731, 458], [730, 459], [729, 460], [728, 461], [727, 462], [726, 463], [725, 463], [724, 464], [723, 465], [722, 466], [721, 466], [720, 467], [719, 467], [718, 467], [717, 467], [716, 468], [715, 468], [714, 469], [713, 469], [712, 469], [712, 470], [712, 471], [711, 472], [710, 471], [709, 472], [708, 472], [707, 472], [708, 473], [709, 474], [710, 474], [711, 474], [712, 473], [713, 473], [714, 473], [715, 472], [716, 472], [717, 471], [718, 471], [719, 470], [720, 469], [721, 469], [722, 468], [723, 468], [724, 467], [725, 467], [726, 467], [727, 467], [726, 467], [725, 466], [726, 465], [727, 465], [728, 464], [729, 465], [730, 464], [731, 463], [732, 462], [733, 462], [734, 462], [735, 462], [736, 463], [737, 464], [737, 463], [736, 462], [736, 461], [735, 460], [734, 459], [734, 458], [733, 458], [732, 458]]], [], [[[684, 527], [683, 528], [683, 529], [683, 530], [684, 531], [685, 532], [684, 533], [684, 534], [685, 535], [685, 536], [685, 537], [685, 538], [686, 539], [686, 540], [685, 541], [684, 541], [684, 542], [683, 543], [682, 543], [681, 543], [680, 543], [679, 543], [678, 543], [678, 544], [678, 545], [679, 545], [680, 544], [681, 544], [682, 543], [683, 543], [684, 542], [685, 542], [686, 542], [687, 542], [688, 542], [689, 541], [688, 540], [687, 539], [686, 538], [686, 537], [685, 536], [685, 535], [685, 534], [685, 533], [685, 532], [685, 531], [685, 530], [685, 529], [685, 528]]], [[[775, 553], [775, 554], [775, 555], [774, 556], [774, 557], [774, 558], [774, 559], [773, 560], [772, 561], [771, 561], [770, 561], [769, 561], [768, 562], [768, 563], [768, 564], [769, 564], [770, 565], [770, 566], [770, 567], [771, 568], [772, 568], [773, 569], [774, 569], [775, 569], [776, 568], [777, 568], [778, 568], [779, 569], [779, 570], [780, 571], [779, 572], [779, 573], [780, 573], [781, 574], [782, 574], [783, 575], [783, 576], [782, 577], [781, 577], [780, 577], [781, 578], [782, 578], [783, 577], [784, 577], [785, 577], [786, 577], [787, 577], [787, 576], [786, 576], [785, 575], [784, 574], [783, 573], [782, 572], [782, 571], [781, 570], [780, 569], [780, 568], [780, 567], [779, 566], [779, 565], [778, 564], [778, 563], [778, 562], [778, 561], [779, 560], [779, 559], [779, 558], [779, 557], [779, 556], [778, 555], [777, 554], [776, 553]]], [[[827, 536], [827, 537], [827, 538], [827, 539], [828, 540], [829, 541], [829, 542], [829, 543], [830, 544], [830, 545], [831, 546], [831, 547], [832, 548], [833, 548], [834, 547], [834, 546], [834, 545], [833, 544], [832, 543], [832, 542], [831, 541], [830, 541], [829, 540], [828, 539], [828, 538], [828, 537], [828, 536]]], [[[790, 510], [789, 511], [789, 512], [789, 513], [790, 514], [790, 515], [790, 516], [791, 516], [792, 517], [793, 517], [794, 518], [795, 519], [795, 520], [796, 520], [796, 519], [796, 518], [796, 517], [795, 516], [795, 515], [795, 514], [795, 513], [794, 512], [794, 511], [793, 510], [792, 510], [791, 510]]], [[[709, 496], [708, 497], [707, 497], [706, 498], [705, 498], [704, 498], [705, 499], [706, 498], [707, 498], [708, 498], [709, 498], [710, 497], [711, 498], [712, 498], [713, 499], [714, 498], [715, 498], [716, 498], [717, 498], [718, 498], [717, 497], [717, 496], [716, 496], [715, 497], [714, 497], [713, 497], [712, 496], [711, 496], [710, 496]]], [[[744, 459], [744, 460], [744, 461], [743, 462], [742, 463], [742, 464], [743, 464], [744, 465], [745, 466], [746, 467], [746, 468], [747, 469], [747, 470], [747, 471], [747, 472], [748, 473], [749, 474], [750, 475], [751, 475], [751, 474], [751, 473], [750, 472], [750, 471], [750, 470], [751, 469], [752, 468], [751, 467], [750, 466], [749, 465], [749, 464], [748, 463], [747, 462], [747, 461], [746, 460], [745, 459]]]]","[166, [], 167, 168, 169, 170, 171, 172]"
100,100,"[[[444, 463]], [[443, 464]], [[442, 464]], [[441, 465]], [[440, 465]], [[439, 465]], [[438, 465]], [[437, 465]], [[437, 466]], [[436, 467]], [[436, 468]], [[435, 469]], [[434, 470]], [[433, 471]], [[432, 472]], [[432, 473]], [[432, 474]], [[432, 475]], [[432, 476]], [[433, 476]], [[434, 477]], [[435, 477]], [[436, 477]], [[437, 477]], [[437, 476]], [[437, 475]], [[438, 474]], [[439, 473]], [[440, 472]], [[441, 472]], [[442, 471]], [[443, 471]], [[444, 470]], [[444, 469]], [[445, 468]], [[446, 467]], [[447, 466]], [[448, 466]], [[449, 465]], [[449, 464]], [[448, 463]], [[447, 463]], [[446, 463]], [[445, 463]]]","[[], [[[449, 466], [448, 467], [447, 467], [446, 468], [445, 469], [445, 470], [445, 471], [444, 472], [443, 472], [443, 473], [442, 474], [441, 474], [440, 474], [439, 474], [438, 475], [438, 476], [439, 476], [440, 475], [441, 476], [441, 477], [441, 478], [442, 478], [442, 477], [442, 476], [443, 475], [444, 474], [445, 473], [446, 473], [447, 473], [448, 474], [449, 475], [449, 476], [449, 477], [450, 478], [450, 479], [451, 478], [452, 479], [453, 479], [453, 478], [453, 477], [452, 476], [451, 475], [450, 475], [449, 474], [449, 473], [448, 472], [448, 471], [449, 470], [449, 469], [450, 468], [451, 468], [451, 467], [450, 466]]]]","[[], 173]"
101,101,"[[[140, 461]], [[139, 462]], [[138, 462]], [[137, 463]], [[136, 464]], [[135, 464]], [[134, 464]], [[133, 465]], [[132, 464]], [[131, 465]], [[131, 466]], [[131, 467]], [[131, 468]], [[131, 469]], [[131, 470]], [[132, 471]], [[132, 472]], [[133, 473]], [[133, 474]], [[134, 475]], [[134, 476]], [[134, 477]], [[134, 478]], [[135, 479]], [[135, 480]], [[135, 481]], [[135, 482]], [[136, 483]], [[136, 484]], [[136, 485]], [[136, 486]], [[136, 487]], [[136, 488]], [[136, 489]], [[137, 490]], [[137, 491]], [[138, 492]], [[138, 493]], [[138, 494]], [[138, 495]], [[138, 496]], [[138, 497]], [[138, 498]], [[139, 499]], [[139, 500]], [[138, 501]], [[138, 502]], [[139, 503]], [[139, 504]], [[140, 505]], [[140, 506]], [[141, 507]], [[141, 508]], [[142, 509]], [[143, 510]], [[144, 511]], [[145, 511]], [[146, 511]], [[147, 511]], [[148, 511]], [[149, 512]], [[150, 512]], [[151, 511]], [[152, 511]], [[153, 511]], [[154, 511]], [[155, 511]], [[156, 510]], [[157, 509]], [[157, 508]], [[157, 507]], [[158, 506]], [[158, 505]], [[159, 504]], [[160, 503]], [[161, 502]], [[161, 501]], [[161, 500]], [[162, 499]], [[162, 498]], [[162, 497]], [[162, 496]], [[162, 495]], [[163, 494]], [[163, 493]], [[164, 492]], [[164, 491]], [[164, 490]], [[164, 489]], [[164, 488]], [[164, 487]], [[164, 486]], [[164, 485]], [[164, 484]], [[164, 483]], [[164, 482]], [[164, 481]], [[164, 480]], [[163, 479]], [[163, 478]], [[163, 477]], [[162, 476]], [[162, 475]], [[162, 474]], [[161, 473]], [[161, 472]], [[160, 471]], [[160, 470]], [[159, 469]], [[158, 468]], [[157, 467]], [[156, 466]], [[155, 465]], [[154, 465]], [[153, 464]], [[152, 464]], [[151, 463]], [[150, 463]], [[149, 462]], [[148, 462]], [[147, 462]], [[146, 461]], [[145, 461]], [[144, 461]], [[143, 461]], [[142, 461]], [[141, 461]]]",[[]],[]
102,102,"[[[291, 448]], [[290, 449]], [[289, 449]], [[288, 449]], [[287, 450]], [[286, 450]], [[285, 450]], [[284, 451]], [[283, 452]], [[282, 453]], [[282, 454]], [[281, 455]], [[280, 456]], [[279, 456]], [[278, 455]], [[278, 454]], [[278, 453]], [[278, 452]], [[277, 452]], [[276, 452]], [[275, 452]], [[274, 453]], [[273, 453]], [[272, 454]], [[271, 453]], [[270, 453]], [[269, 454]], [[268, 454]], [[267, 454]], [[266, 455]], [[265, 456]], [[264, 457]], [[264, 458]], [[264, 459]], [[264, 460]], [[263, 461]], [[262, 462]], [[261, 461]], [[260, 461]], [[259, 461]], [[258, 461]], [[257, 461]], [[256, 460]], [[255, 460]], [[254, 460]], [[253, 461]], [[252, 461]], [[251, 461]], [[250, 461]], [[249, 462]], [[248, 462]], [[247, 463]], [[246, 464]], [[245, 465]], [[244, 466]], [[244, 467]], [[244, 468]], [[243, 469]], [[243, 470]], [[242, 471]], [[242, 472]], [[241, 473]], [[241, 474]], [[241, 475]], [[241, 476]], [[241, 477]], [[240, 478]], [[241, 479]], [[241, 480]], [[241, 481]], [[241, 482]], [[242, 483]], [[243, 483]], [[244, 483]], [[245, 484]], [[246, 484]], [[247, 485]], [[248, 485]], [[249, 485]], [[250, 486]], [[251, 485]], [[252, 486]], [[253, 486]], [[254, 487]], [[254, 488]], [[254, 489]], [[255, 490]], [[255, 491]], [[254, 492]], [[253, 493]], [[252, 494]], [[251, 495]], [[251, 496]], [[251, 497]], [[250, 498]], [[249, 499]], [[248, 500]], [[247, 501]], [[246, 501]], [[245, 502]], [[244, 502]], [[243, 503]], [[242, 503]], [[241, 504]], [[240, 504]], [[239, 505]], [[238, 506]], [[237, 507]], [[236, 508]], [[235, 508]], [[234, 509]], [[234, 510]], [[234, 511]], [[234, 512]], [[234, 513]], [[234, 514]], [[235, 515]], [[235, 516]], [[236, 517]], [[237, 518]], [[237, 519]], [[238, 520]], [[239, 521]], [[239, 522]], [[240, 523]], [[240, 524]], [[241, 525]], [[242, 525]], [[243, 525]], [[244, 526]], [[245, 526]], [[246, 526]], [[247, 526]], [[248, 527]], [[249, 528]], [[250, 528]], [[251, 529]], [[252, 529]], [[253, 530]], [[254, 530]], [[255, 531]], [[256, 531]], [[257, 532]], [[258, 532]], [[259, 532]], [[260, 532]], [[261, 532]], [[262, 532]], [[263, 533]], [[264, 532]], [[265, 532]], [[266, 532]], [[267, 531]], [[268, 530]], [[269, 530]], [[270, 531]], [[271, 531]], [[272, 531]], [[273, 532]], [[274, 533]], [[275, 534]], [[276, 535]], [[277, 536]], [[278, 537]], [[279, 537]], [[280, 538]], [[281, 538]], [[282, 538]], [[283, 538]], [[284, 539]], [[285, 540]], [[286, 541]], [[287, 541]], [[288, 541]], [[289, 541]], [[290, 541]], [[291, 541]], [[292, 541]], [[293, 541]], [[294, 541]], [[295, 541]], [[296, 540]], [[297, 540]], [[298, 540]], [[299, 539]], [[300, 538]], [[301, 537]], [[302, 537]], [[302, 536]], [[303, 535]], [[303, 534]], [[303, 533]], [[304, 532]], [[305, 531]], [[305, 530]], [[306, 529]], [[306, 528]], [[306, 527]], [[307, 526]], [[306, 526]], [[305, 525]], [[305, 524]], [[305, 523]], [[304, 522]], [[304, 521]], [[305, 520]], [[306, 520]], [[307, 520]], [[308, 519]], [[309, 518]], [[309, 517]], [[310, 516]], [[310, 515]], [[311, 514]], [[312, 513]], [[312, 512]], [[312, 511]], [[312, 510]], [[312, 509]], [[312, 508]], [[312, 507]], [[311, 506]], [[311, 505]], [[310, 504]], [[310, 503]], [[310, 502]], [[310, 501]], [[310, 500]], [[310, 499]], [[310, 498]], [[310, 497]], [[310, 496]], [[311, 495]], [[312, 494]], [[313, 495]], [[314, 495]], [[315, 494]], [[316, 494]], [[317, 493]], [[318, 494]], [[318, 495]], [[318, 496]], [[319, 496]], [[320, 495]], [[321, 494]], [[322, 493]], [[322, 492]], [[322, 491]], [[322, 490]], [[322, 489]], [[322, 488]], [[321, 487]], [[321, 486]], [[320, 485]], [[319, 484]], [[318, 484]], [[317, 484]], [[316, 483]], [[316, 482]], [[316, 481]], [[316, 480]], [[317, 479]], [[317, 478]], [[317, 477]], [[317, 476]], [[317, 475]], [[317, 474]], [[317, 473]], [[316, 472]], [[316, 471]], [[316, 470]], [[315, 469]], [[315, 468]], [[315, 467]], [[314, 466]], [[314, 465]], [[314, 464]], [[313, 463]], [[313, 462]], [[312, 461]], [[312, 460]], [[312, 459]], [[311, 458]], [[310, 457]], [[309, 457]], [[308, 456]], [[307, 455]], [[306, 454]], [[305, 453]], [[304, 453]], [[303, 452]], [[302, 452]], [[301, 452]], [[300, 451]], [[299, 451]], [[298, 451]], [[297, 450]], [[296, 449]], [[295, 449]], [[294, 448]], [[293, 448]], [[292, 448]]]","[[], [[[242, 454], [242, 455], [243, 455], [244, 456], [244, 457], [243, 458], [243, 459], [243, 460], [244, 460], [245, 461], [244, 462], [244, 463], [244, 464], [245, 464], [246, 463], [247, 462], [248, 461], [249, 461], [250, 460], [251, 460], [252, 460], [253, 460], [254, 459], [255, 459], [256, 459], [257, 459], [256, 458], [255, 458], [254, 458], [253, 458], [252, 458], [251, 459], [250, 459], [249, 460], [248, 459], [248, 458], [248, 457], [248, 456], [247, 455], [246, 456], [245, 456], [244, 455], [243, 454]]]]","[[], 174]"
103,103,"[[[102, 440]], [[101, 441]], [[100, 441]], [[99, 442]], [[98, 442]], [[97, 443]], [[96, 444]], [[96, 445]], [[95, 446]], [[94, 447]], [[93, 447]], [[92, 448]], [[91, 448]], [[90, 447]], [[89, 448]], [[89, 449]], [[88, 450]], [[87, 451]], [[86, 451]], [[85, 451]], [[84, 452]], [[84, 453]], [[83, 454]], [[82, 455]], [[82, 456]], [[81, 457]], [[81, 458]], [[80, 459]], [[80, 460]], [[79, 461]], [[78, 461]], [[77, 461]], [[76, 462]], [[75, 463]], [[74, 464]], [[73, 465]], [[72, 466]], [[72, 467]], [[71, 468]], [[70, 468]], [[69, 469]], [[68, 470]], [[67, 471]], [[66, 472]], [[65, 473]], [[65, 474]], [[65, 475]], [[65, 476]], [[65, 477]], [[65, 478]], [[65, 479]], [[66, 480]], [[66, 481]], [[66, 482]], [[67, 483]], [[68, 483]], [[69, 484]], [[69, 485]], [[70, 486]], [[71, 487]], [[72, 488]], [[73, 488]], [[74, 489]], [[75, 490]], [[76, 491]], [[77, 492]], [[78, 493]], [[79, 493]], [[80, 494]], [[81, 494]], [[82, 493]], [[83, 493]], [[84, 493]], [[85, 492]], [[86, 492]], [[87, 491]], [[88, 490]], [[89, 489]], [[90, 489]], [[90, 488]], [[91, 487]], [[92, 486]], [[93, 485]], [[94, 484]], [[95, 483]], [[96, 482]], [[97, 482]], [[98, 482]], [[98, 481]], [[99, 480]], [[100, 479]], [[101, 479]], [[101, 478]], [[102, 477]], [[103, 477]], [[104, 476]], [[104, 475]], [[105, 474]], [[106, 473]], [[107, 472]], [[108, 472]], [[109, 472]], [[110, 471]], [[111, 470]], [[111, 469]], [[112, 468]], [[113, 467]], [[114, 466]], [[115, 465]], [[116, 464]], [[117, 464]], [[118, 463]], [[118, 462]], [[119, 461]], [[119, 460]], [[120, 459]], [[120, 458]], [[121, 457]], [[121, 456]], [[121, 455]], [[121, 454]], [[121, 453]], [[121, 452]], [[121, 451]], [[120, 450]], [[119, 449]], [[119, 448]], [[118, 447]], [[118, 446]], [[117, 445]], [[116, 444]], [[116, 443]], [[115, 443]], [[114, 443]], [[113, 442]], [[112, 442]], [[111, 442]], [[110, 441]], [[109, 440]], [[108, 441]], [[107, 442]], [[106, 442]], [[105, 442]], [[104, 441]], [[103, 440]]]","[[[[105, 430], [105, 431], [104, 432], [103, 432], [102, 433], [102, 434], [102, 435], [101, 436], [100, 436], [99, 435], [99, 434], [99, 433], [99, 432], [98, 433], [97, 432], [96, 432], [96, 433], [96, 434], [96, 435], [95, 436], [96, 437], [97, 437], [98, 437], [99, 438], [99, 439], [100, 440], [100, 439], [101, 438], [102, 437], [103, 437], [104, 437], [105, 437], [106, 437], [107, 437], [108, 437], [109, 438], [110, 437], [109, 436], [109, 435], [108, 434], [108, 433], [108, 432], [107, 432], [106, 431], [106, 430]]], [], [[[96, 483], [95, 484], [94, 485], [94, 486], [93, 487], [92, 488], [91, 488], [91, 489], [90, 490], [89, 491], [88, 491], [87, 492], [88, 492], [89, 493], [90, 493], [91, 493], [92, 492], [93, 492], [94, 492], [95, 492], [96, 491], [96, 490], [95, 489], [96, 488], [97, 488], [98, 487], [98, 486], [98, 485], [98, 484], [98, 483], [97, 483]]]]","[175, [], 161]"
104,104,"[[[627, 432]], [[627, 433]], [[627, 434]], [[627, 435]], [[628, 436]], [[628, 437]], [[628, 438]], [[628, 439]], [[628, 440]], [[627, 441]], [[627, 442]], [[627, 443]], [[626, 444]], [[626, 445]], [[625, 446]], [[625, 447]], [[624, 448]], [[625, 449]], [[625, 450]], [[624, 451]], [[623, 451]], [[622, 450]], [[621, 449]], [[621, 448]], [[621, 447]], [[622, 446]], [[621, 446]], [[620, 445]], [[619, 445]], [[618, 444]], [[617, 443]], [[616, 443]], [[615, 442]], [[614, 442]], [[614, 443]], [[613, 444]], [[613, 445]], [[612, 446]], [[613, 447]], [[613, 448]], [[613, 449]], [[613, 450]], [[613, 451]], [[612, 452]], [[612, 453]], [[612, 454]], [[612, 455]], [[611, 456]], [[612, 457]], [[613, 458]], [[613, 459]], [[612, 460]], [[611, 461]], [[610, 461]], [[610, 462]], [[609, 463]], [[608, 464]], [[607, 465]], [[606, 466]], [[606, 467]], [[606, 468]], [[606, 469]], [[606, 470]], [[607, 470]], [[608, 471]], [[609, 472]], [[610, 472]], [[611, 472]], [[612, 472]], [[613, 473]], [[614, 474]], [[615, 475]], [[614, 476]], [[614, 477]], [[614, 478]], [[614, 479]], [[614, 480]], [[614, 481]], [[613, 482]], [[613, 483]], [[613, 484]], [[613, 485]], [[613, 486]], [[614, 487]], [[614, 488]], [[615, 489]], [[615, 490]], [[616, 491]], [[617, 491]], [[618, 491]], [[619, 491]], [[620, 490]], [[621, 490]], [[622, 490]], [[623, 491]], [[622, 492]], [[622, 493]], [[621, 494]], [[621, 495]], [[621, 496]], [[621, 497]], [[621, 498]], [[620, 499]], [[620, 500]], [[619, 501]], [[620, 502]], [[619, 503]], [[619, 504]], [[619, 505]], [[619, 506]], [[619, 507]], [[620, 508]], [[620, 509]], [[620, 510]], [[620, 511]], [[620, 512]], [[620, 513]], [[620, 514]], [[620, 515]], [[621, 516]], [[621, 517]], [[621, 518]], [[622, 519]], [[623, 520]], [[623, 521]], [[623, 522]], [[624, 523]], [[625, 524]], [[625, 525]], [[625, 526]], [[625, 527]], [[625, 528]], [[624, 529]], [[624, 530]], [[624, 531]], [[623, 532]], [[624, 533]], [[624, 534]], [[624, 535]], [[625, 536]], [[626, 537]], [[627, 538]], [[628, 539]], [[629, 540]], [[630, 541]], [[631, 541]], [[632, 541]], [[633, 541]], [[634, 541]], [[635, 541]], [[636, 541]], [[637, 541]], [[638, 540]], [[639, 539]], [[640, 538]], [[641, 537]], [[641, 536]], [[641, 535]], [[642, 534]], [[643, 533]], [[643, 532]], [[643, 531]], [[644, 530]], [[644, 529]], [[645, 528]], [[646, 527]], [[647, 526]], [[648, 525]], [[649, 525]], [[650, 526]], [[651, 527]], [[651, 528]], [[652, 529]], [[652, 530]], [[653, 531]], [[654, 532]], [[655, 532]], [[656, 532]], [[657, 533]], [[658, 534]], [[659, 534]], [[660, 535]], [[661, 535]], [[662, 536]], [[663, 536]], [[664, 535]], [[665, 536]], [[666, 536]], [[667, 535]], [[668, 535]], [[669, 535]], [[670, 535]], [[671, 535]], [[672, 534]], [[673, 533]], [[674, 532]], [[675, 531]], [[676, 530]], [[677, 529]], [[677, 528]], [[677, 527]], [[676, 527]], [[675, 526]], [[674, 526]], [[673, 526]], [[672, 525]], [[672, 524]], [[672, 523]], [[672, 522]], [[672, 521]], [[672, 520]], [[672, 519]], [[672, 518]], [[672, 517]], [[673, 516]], [[672, 515]], [[672, 514]], [[671, 513]], [[671, 512]], [[670, 511]], [[670, 510]], [[670, 509]], [[670, 508]], [[670, 507]], [[671, 506]], [[672, 505]], [[672, 504]], [[673, 503]], [[674, 502]], [[674, 501]], [[674, 500]], [[674, 499]], [[674, 498]], [[674, 497]], [[674, 496]], [[674, 495]], [[675, 494]], [[675, 493]], [[675, 492]], [[675, 491]], [[674, 490]], [[673, 489]], [[673, 488]], [[672, 487]], [[672, 486]], [[671, 485]], [[670, 484]], [[669, 484]], [[668, 483]], [[667, 483]], [[666, 482]], [[665, 482]], [[664, 482]], [[663, 482]], [[662, 481]], [[661, 481]], [[660, 481]], [[659, 481]], [[658, 481]], [[657, 481]], [[656, 481]], [[655, 481]], [[654, 481]], [[653, 482]], [[652, 482]], [[651, 482]], [[650, 482]], [[649, 482]], [[648, 483]], [[647, 483]], [[646, 483]], [[646, 484]], [[645, 485]], [[644, 485]], [[643, 484]], [[642, 484]], [[641, 484]], [[640, 484]], [[640, 485]], [[639, 486]], [[638, 486]], [[637, 486]], [[636, 487]], [[635, 486]], [[634, 486]], [[633, 486]], [[632, 486]], [[631, 485]], [[632, 484]], [[632, 483]], [[633, 482]], [[633, 481]], [[634, 480]], [[634, 479]], [[634, 478]], [[633, 477]], [[632, 476]], [[631, 475]], [[631, 474]], [[632, 473]], [[633, 474]], [[634, 475]], [[635, 476]], [[636, 477]], [[636, 478]], [[637, 479]], [[638, 480]], [[639, 480]], [[640, 480]], [[641, 480]], [[642, 480]], [[643, 479]], [[644, 479]], [[645, 479]], [[646, 479]], [[647, 478]], [[648, 477]], [[649, 476]], [[650, 475]], [[651, 475]], [[652, 474]], [[653, 473]], [[653, 472]], [[654, 471]], [[654, 470]], [[654, 469]], [[655, 468]], [[655, 467]], [[654, 466]], [[654, 465]], [[654, 464]], [[653, 463]], [[652, 462]], [[651, 461]], [[650, 460]], [[649, 460]], [[648, 459]], [[647, 460]], [[646, 459]], [[645, 459]], [[644, 459]], [[643, 458]], [[642, 458]], [[641, 458]], [[640, 459]], [[639, 459]], [[638, 458]], [[637, 457]], [[636, 456]], [[636, 455]], [[635, 456]], [[634, 455]], [[633, 455]], [[632, 456]], [[631, 455]], [[630, 454]], [[631, 453]], [[632, 452]], [[633, 451]], [[634, 451]], [[635, 451]], [[636, 450]], [[636, 449]], [[635, 448]], [[636, 447]], [[636, 446]], [[636, 445]], [[636, 444]], [[636, 443]], [[637, 442]], [[637, 441]], [[637, 440]], [[637, 439]], [[636, 439]], [[635, 438]], [[634, 437]], [[633, 437]], [[632, 436]], [[631, 435]], [[630, 436]], [[629, 435]], [[629, 434]], [[629, 433]], [[628, 432]]]","[[], [[[621, 532], [620, 533], [619, 533], [618, 533], [619, 534], [619, 535], [620, 535], [621, 535], [622, 535], [623, 536], [623, 537], [624, 538], [625, 539], [624, 540], [623, 540], [624, 540], [625, 541], [624, 542], [625, 543], [626, 544], [627, 544], [628, 545], [628, 546], [629, 546], [630, 546], [629, 545], [629, 544], [629, 543], [629, 542], [629, 541], [628, 540], [627, 539], [626, 538], [625, 537], [624, 536], [623, 535], [623, 534], [623, 533], [622, 532]]], [[[678, 529], [678, 530], [677, 531], [676, 532], [675, 533], [675, 534], [674, 535], [673, 535], [672, 536], [671, 537], [670, 537], [669, 537], [668, 537], [667, 537], [667, 538], [666, 539], [665, 539], [665, 540], [664, 541], [664, 542], [665, 543], [666, 542], [667, 541], [668, 540], [669, 540], [670, 540], [671, 539], [671, 538], [671, 537], [672, 536], [673, 536], [674, 536], [675, 537], [676, 536], [677, 536], [678, 535], [679, 534], [680, 535], [680, 534], [681, 533], [681, 532], [681, 531], [680, 530], [680, 529], [679, 529]]], [[[678, 529], [678, 530], [677, 531], [676, 532], [675, 533], [675, 534], [674, 535], [673, 535], [672, 536], [671, 537], [670, 537], [669, 537], [668, 537], [667, 537], [667, 538], [666, 539], [665, 539], [665, 540], [664, 541], [664, 542], [665, 543], [666, 542], [667, 541], [668, 540], [669, 540], [670, 540], [671, 539], [671, 538], [671, 537], [672, 536], [673, 536], [674, 536], [675, 537], [676, 536], [677, 536], [678, 535], [679, 534], [680, 535], [680, 534], [681, 533], [681, 532], [681, 531], [680, 530], [680, 529], [679, 529]], [[684, 527], [683, 528], [683, 529], [683, 530], [684, 531], [685, 532], [684, 533], [684, 534], [685, 535], [685, 536], [685, 537], [685, 538], [686, 539], [686, 540], [685, 541], [684, 541], [684, 542], [683, 543], [682, 543], [681, 543], [680, 543], [679, 543], [678, 543], [678, 544], [678, 545], [679, 545], [680, 544], [681, 544], [682, 543], [683, 543], [684, 542], [685, 542], [686, 542], [687, 542], [688, 542], [689, 541], [688, 540], [687, 539], [686, 538], [686, 537], [685, 536], [685, 535], [685, 534], [685, 533], [685, 532], [685, 531], [685, 530], [685, 529], [685, 528]]], [[[680, 487], [679, 488], [678, 488], [677, 488], [676, 488], [675, 488], [674, 488], [674, 489], [675, 489], [676, 490], [677, 490], [678, 489], [679, 488], [680, 489], [681, 490], [682, 491], [682, 492], [682, 493], [683, 492], [684, 492], [685, 491], [684, 490], [684, 489], [683, 489], [682, 489], [681, 488]]]]","[[], 177, 178, 179, 180]"
105,105,"[[[569, 420]], [[568, 421]], [[567, 421]], [[566, 421]], [[565, 421]], [[564, 421]], [[563, 421]], [[562, 422]], [[561, 422]], [[560, 422]], [[559, 423]], [[559, 424]], [[559, 425]], [[558, 426]], [[559, 427]], [[559, 428]], [[559, 429]], [[560, 430]], [[561, 431]], [[562, 432]], [[563, 432]], [[564, 432]], [[565, 431]], [[566, 431]], [[567, 431]], [[568, 431]], [[569, 432]], [[570, 433]], [[571, 434]], [[572, 434]], [[573, 434]], [[574, 434]], [[575, 433]], [[575, 432]], [[576, 431]], [[576, 430]], [[577, 429]], [[578, 429]], [[579, 430]], [[579, 431]], [[579, 432]], [[579, 433]], [[579, 434]], [[580, 433]], [[581, 432]], [[581, 431]], [[581, 430]], [[581, 429]], [[581, 428]], [[582, 427]], [[581, 426]], [[581, 425]], [[581, 424]], [[581, 423]], [[581, 422]], [[580, 421]], [[579, 421]], [[578, 421]], [[577, 420]], [[576, 420]], [[575, 420]], [[574, 420]], [[573, 420]], [[572, 420]], [[571, 420]], [[570, 420]]]",[[]],[]
106,106,"[[[618, 419]], [[617, 420]], [[616, 420]], [[615, 420]], [[614, 420]], [[613, 421]], [[613, 422]], [[612, 423]], [[612, 424]], [[611, 425]], [[610, 425]], [[611, 426]], [[611, 427]], [[611, 428]], [[611, 429]], [[611, 430]], [[610, 431]], [[610, 432]], [[611, 433]], [[611, 434]], [[612, 435]], [[613, 435]], [[614, 434]], [[615, 434]], [[616, 434]], [[617, 434]], [[618, 434]], [[619, 433]], [[619, 432]], [[620, 431]], [[620, 430]], [[621, 429]], [[621, 428]], [[622, 427]], [[623, 426]], [[623, 425]], [[623, 424]], [[622, 423]], [[622, 422]], [[623, 421]], [[623, 420]], [[622, 419]], [[621, 419]], [[620, 419]], [[619, 419]]]","[[[[619, 415], [618, 416], [617, 417], [616, 417], [615, 417], [614, 417], [613, 417], [613, 418], [612, 419], [611, 419], [610, 419], [609, 418], [608, 418], [608, 419], [607, 420], [607, 421], [607, 422], [607, 423], [607, 424], [608, 425], [609, 426], [609, 427], [609, 428], [609, 429], [609, 430], [609, 431], [610, 430], [610, 429], [610, 428], [610, 427], [610, 426], [609, 425], [610, 424], [611, 424], [611, 423], [612, 422], [612, 421], [613, 420], [614, 419], [615, 419], [616, 419], [617, 419], [618, 418], [619, 418], [620, 418], [621, 418], [622, 418], [623, 418], [622, 417], [622, 416], [621, 415], [620, 415]]]]",[181]
107,107,"[[[746, 417]], [[745, 418]], [[744, 418]], [[743, 419]], [[742, 420]], [[741, 420]], [[741, 421]], [[740, 422]], [[740, 423]], [[741, 424]], [[741, 425]], [[740, 426]], [[740, 427]], [[739, 428]], [[738, 428]], [[737, 428]], [[736, 428]], [[735, 428]], [[734, 428]], [[733, 428]], [[732, 428]], [[731, 428]], [[730, 429]], [[729, 430]], [[728, 431]], [[727, 431]], [[726, 432]], [[725, 433]], [[724, 433]], [[723, 433]], [[722, 433]], [[721, 434]], [[720, 434]], [[719, 435]], [[718, 436]], [[717, 436]], [[716, 436]], [[715, 436]], [[714, 436]], [[713, 437]], [[712, 437]], [[711, 438]], [[710, 439]], [[709, 439]], [[708, 439]], [[708, 440]], [[708, 441]], [[707, 442]], [[706, 442]], [[705, 443]], [[704, 444]], [[704, 445]], [[704, 446]], [[703, 447]], [[703, 448]], [[704, 449]], [[704, 450]], [[704, 451]], [[704, 452]], [[703, 453]], [[703, 454]], [[702, 455]], [[701, 456]], [[700, 456]], [[699, 457]], [[698, 458]], [[698, 459]], [[697, 460]], [[698, 461]], [[698, 462]], [[699, 463]], [[700, 464]], [[701, 464]], [[702, 464]], [[703, 464]], [[704, 464]], [[705, 465]], [[706, 465]], [[707, 465]], [[708, 465]], [[709, 465]], [[710, 466]], [[711, 466]], [[712, 467]], [[713, 467]], [[714, 467]], [[715, 466]], [[716, 466]], [[717, 466]], [[718, 465]], [[719, 465]], [[720, 465]], [[721, 464]], [[722, 464]], [[723, 464]], [[724, 463]], [[725, 462]], [[726, 461]], [[727, 461]], [[728, 460]], [[729, 459]], [[730, 458]], [[731, 457]], [[732, 457]], [[733, 457]], [[734, 456]], [[734, 455]], [[735, 454]], [[736, 454]], [[737, 454]], [[738, 455]], [[739, 455]], [[740, 455]], [[741, 456]], [[742, 456]], [[743, 455]], [[744, 454]], [[745, 454]], [[746, 454]], [[747, 454]], [[748, 454]], [[749, 454]], [[750, 453]], [[751, 453]], [[752, 453]], [[753, 452]], [[754, 451]], [[755, 450]], [[755, 449]], [[756, 448]], [[757, 449]], [[757, 448]], [[758, 447]], [[759, 446]], [[759, 445]], [[759, 444]], [[759, 443]], [[759, 442]], [[759, 441]], [[759, 440]], [[760, 439]], [[761, 438]], [[761, 437]], [[761, 436]], [[760, 435]], [[761, 434]], [[761, 433]], [[760, 432]], [[759, 431]], [[758, 430]], [[757, 429]], [[757, 428]], [[757, 427]], [[756, 426]], [[755, 425]], [[755, 424]], [[755, 423]], [[754, 422]], [[754, 421]], [[754, 420]], [[754, 419]], [[754, 418]], [[753, 417]], [[752, 417]], [[751, 417]], [[750, 417]], [[749, 417]], [[748, 417]], [[747, 417]]]","[[], [[[731, 458], [730, 459], [729, 460], [728, 461], [727, 462], [726, 463], [725, 463], [724, 464], [723, 465], [722, 466], [721, 466], [720, 467], [719, 467], [718, 467], [717, 467], [716, 468], [715, 468], [714, 469], [713, 469], [712, 469], [712, 470], [712, 471], [711, 472], [710, 471], [709, 472], [708, 472], [707, 472], [708, 473], [709, 474], [710, 474], [711, 474], [712, 473], [713, 473], [714, 473], [715, 472], [716, 472], [717, 471], [718, 471], [719, 470], [720, 469], [721, 469], [722, 468], [723, 468], [724, 467], [725, 467], [726, 467], [727, 467], [726, 467], [725, 466], [726, 465], [727, 465], [728, 464], [729, 465], [730, 464], [731, 463], [732, 462], [733, 462], [734, 462], [735, 462], [736, 463], [737, 464], [737, 463], [736, 462], [736, 461], [735, 460], [734, 459], [734, 458], [733, 458], [732, 458]]], [[[760, 443], [760, 444], [760, 445], [760, 446], [760, 447], [759, 448], [758, 449], [757, 450], [756, 450], [755, 451], [754, 452], [753, 453], [752, 454], [751, 454], [751, 455], [752, 455], [753, 455], [753, 454], [754, 453], [755, 453], [756, 452], [757, 451], [758, 451], [759, 450], [760, 450], [761, 449], [762, 449], [762, 448], [762, 447], [763, 446], [764, 446], [764, 445], [764, 444], [764, 443], [763, 443], [762, 443], [761, 443]]]]","[[], 166, 183]"
108,108,"[[[403, 415]], [[402, 416]], [[401, 417]], [[401, 418]], [[401, 419]], [[401, 420]], [[402, 421]], [[402, 422]], [[402, 423]], [[403, 424]], [[403, 425]], [[403, 426]], [[404, 427]], [[404, 428]], [[405, 429]], [[406, 430]], [[407, 431]], [[407, 432]], [[406, 433]], [[405, 432]], [[404, 432]], [[403, 432]], [[402, 432]], [[401, 433]], [[400, 433]], [[399, 433]], [[398, 434]], [[397, 434]], [[396, 435]], [[395, 436]], [[394, 437]], [[394, 438]], [[393, 439]], [[394, 440]], [[395, 441]], [[395, 442]], [[395, 443]], [[396, 444]], [[397, 445]], [[398, 446]], [[397, 447]], [[398, 448]], [[398, 449]], [[399, 450]], [[400, 450]], [[401, 451]], [[402, 451]], [[403, 451]], [[404, 451]], [[405, 451]], [[406, 451]], [[407, 452]], [[408, 452]], [[409, 452]], [[410, 451]], [[411, 450]], [[412, 449]], [[413, 448]], [[413, 447]], [[413, 446]], [[412, 445]], [[412, 444]], [[411, 443]], [[411, 442]], [[410, 441]], [[410, 440]], [[410, 439]], [[409, 438]], [[409, 437]], [[408, 436]], [[409, 435]], [[410, 435]], [[411, 436]], [[412, 436]], [[413, 437]], [[414, 437]], [[415, 437]], [[416, 438]], [[417, 437]], [[418, 437]], [[419, 436]], [[420, 435]], [[421, 434]], [[422, 434]], [[423, 435]], [[424, 435]], [[425, 436]], [[426, 436]], [[427, 436]], [[428, 435]], [[429, 434]], [[430, 434]], [[431, 433]], [[432, 433]], [[433, 433]], [[434, 432]], [[435, 431]], [[436, 431]], [[437, 430]], [[437, 429]], [[437, 428]], [[436, 427]], [[436, 426]], [[435, 425]], [[435, 424]], [[435, 423]], [[435, 422]], [[434, 421]], [[434, 420]], [[434, 419]], [[433, 419]], [[432, 418]], [[431, 417]], [[430, 417]], [[429, 417]], [[428, 417]], [[427, 417]], [[426, 417]], [[425, 416]], [[424, 416]], [[423, 416]], [[422, 416]], [[421, 416]], [[420, 416]], [[419, 416]], [[418, 416]], [[417, 416]], [[416, 416]], [[415, 416]], [[414, 416]], [[413, 416]], [[412, 416]], [[411, 416]], [[410, 416]], [[409, 417]], [[408, 418]], [[407, 417]], [[406, 417]], [[405, 416]], [[404, 416]]]","[[], [[[388, 440], [389, 441], [389, 442], [389, 443], [389, 444], [388, 445], [387, 446], [387, 447], [387, 448], [387, 449], [388, 449], [389, 450], [389, 449], [390, 448], [391, 447], [391, 446], [391, 445], [391, 444], [392, 443], [393, 442], [393, 441], [393, 440], [392, 440], [391, 440], [390, 440], [389, 440]]], [[[421, 435], [420, 436], [419, 437], [419, 438], [418, 439], [417, 439], [416, 439], [415, 438], [414, 438], [413, 438], [412, 437], [411, 437], [410, 436], [409, 436], [410, 437], [410, 438], [411, 439], [411, 440], [411, 441], [412, 442], [412, 443], [413, 444], [413, 445], [414, 445], [415, 445], [414, 444], [414, 443], [414, 442], [414, 441], [415, 440], [416, 439], [417, 439], [418, 439], [419, 439], [420, 438], [421, 438], [422, 437], [423, 438], [424, 438], [425, 439], [426, 440], [426, 439], [426, 438], [425, 437], [424, 436], [423, 436], [422, 435]]], [[[423, 411], [424, 412], [424, 413], [424, 414], [425, 414], [426, 415], [427, 415], [428, 415], [429, 415], [430, 416], [431, 416], [432, 416], [433, 417], [434, 416], [434, 415], [433, 414], [432, 414], [431, 415], [430, 415], [429, 414], [428, 414], [427, 413], [426, 413], [425, 412], [425, 411], [424, 411]]]]","[[], 184, 185, 186]"
109,109,"[[[496, 411]], [[496, 412]], [[496, 413]], [[495, 414]], [[494, 414]], [[493, 413]], [[492, 412]], [[491, 413]], [[490, 413]], [[489, 414]], [[489, 415]], [[489, 416]], [[489, 417]], [[488, 418]], [[487, 419]], [[486, 420]], [[485, 420]], [[484, 420]], [[483, 421]], [[482, 422]], [[481, 422]], [[480, 423]], [[479, 423]], [[478, 424]], [[477, 425]], [[476, 426]], [[475, 427]], [[474, 428]], [[473, 428]], [[472, 428]], [[472, 429]], [[473, 430]], [[474, 431]], [[474, 432]], [[474, 433]], [[474, 434]], [[474, 435]], [[473, 436]], [[473, 437]], [[473, 438]], [[473, 439]], [[474, 439]], [[475, 440]], [[476, 441]], [[476, 442]], [[477, 443]], [[477, 444]], [[478, 445]], [[479, 445]], [[480, 446]], [[480, 447]], [[481, 447]], [[482, 447]], [[483, 447]], [[484, 447]], [[485, 448]], [[486, 449]], [[487, 449]], [[488, 450]], [[488, 451]], [[488, 452]], [[487, 453]], [[486, 453]], [[486, 454]], [[486, 455]], [[485, 456]], [[486, 457]], [[485, 458]], [[485, 459]], [[485, 460]], [[486, 461]], [[487, 461]], [[488, 462]], [[489, 463]], [[489, 464]], [[489, 465]], [[489, 466]], [[490, 467]], [[490, 468]], [[491, 468]], [[492, 469]], [[493, 469]], [[494, 469]], [[495, 470]], [[496, 471]], [[495, 472]], [[495, 473]], [[495, 474]], [[494, 475]], [[494, 476]], [[494, 477]], [[495, 478]], [[495, 479]], [[495, 480]], [[496, 481]], [[496, 482]], [[497, 482]], [[498, 483]], [[499, 484]], [[499, 485]], [[500, 486]], [[500, 487]], [[501, 488]], [[502, 489]], [[503, 490]], [[503, 491]], [[504, 492]], [[505, 491]], [[506, 491]], [[507, 491]], [[508, 492]], [[509, 493]], [[508, 494]], [[508, 495]], [[507, 496]], [[507, 497]], [[506, 498]], [[505, 499]], [[504, 498]], [[503, 497]], [[502, 497]], [[501, 496]], [[500, 495]], [[499, 495]], [[498, 495]], [[497, 495]], [[496, 496]], [[495, 496]], [[494, 496]], [[493, 496]], [[492, 496]], [[491, 496]], [[490, 496]], [[489, 496]], [[488, 495]], [[487, 495]], [[486, 495]], [[485, 494]], [[484, 494]], [[483, 495]], [[483, 496]], [[483, 497]], [[483, 498]], [[483, 499]], [[484, 500]], [[484, 501]], [[484, 502]], [[485, 503]], [[486, 504]], [[487, 505]], [[488, 506]], [[489, 507]], [[490, 507]], [[491, 507]], [[492, 507]], [[493, 508]], [[494, 508]], [[495, 507]], [[496, 507]], [[497, 507]], [[498, 507]], [[499, 506]], [[500, 506]], [[501, 507]], [[501, 506]], [[501, 505]], [[502, 504]], [[503, 503]], [[504, 502]], [[505, 501]], [[506, 500]], [[507, 500]], [[508, 501]], [[508, 502]], [[509, 503]], [[509, 504]], [[509, 505]], [[509, 506]], [[509, 507]], [[510, 508]], [[511, 509]], [[512, 509]], [[513, 509]], [[514, 510]], [[514, 511]], [[515, 512]], [[516, 513]], [[517, 513]], [[518, 513]], [[519, 514]], [[520, 515]], [[519, 516]], [[520, 517]], [[519, 518]], [[518, 518]], [[517, 518]], [[516, 518]], [[515, 518]], [[514, 518]], [[513, 519]], [[514, 520]], [[513, 521]], [[512, 522]], [[511, 522]], [[511, 523]], [[511, 524]], [[511, 525]], [[511, 526]], [[510, 527]], [[509, 528]], [[508, 529]], [[507, 528]], [[507, 527]], [[507, 528]], [[507, 529]], [[506, 530]], [[506, 531]], [[505, 532]], [[504, 532]], [[503, 531]], [[502, 531]], [[501, 530]], [[500, 530]], [[499, 530]], [[499, 531]], [[500, 532]], [[501, 532]], [[502, 532]], [[503, 533]], [[503, 534]], [[503, 535]], [[503, 536]], [[503, 537]], [[503, 538]], [[502, 539]], [[502, 540]], [[501, 541]], [[501, 542]], [[500, 543]], [[500, 544]], [[499, 545]], [[499, 546]], [[499, 547]], [[499, 548]], [[500, 548]], [[501, 547]], [[502, 547]], [[503, 548]], [[503, 549]], [[503, 550]], [[503, 551]], [[503, 552]], [[503, 553]], [[502, 554]], [[502, 555]], [[502, 556]], [[502, 557]], [[503, 557]], [[504, 558]], [[505, 559]], [[506, 560]], [[507, 561]], [[508, 562]], [[509, 563]], [[510, 563]], [[511, 563]], [[512, 564]], [[513, 564]], [[514, 564]], [[515, 565]], [[516, 565]], [[517, 566]], [[517, 567]], [[517, 568]], [[516, 569]], [[515, 570]], [[514, 570]], [[514, 571]], [[513, 572]], [[513, 573]], [[513, 574]], [[512, 575]], [[511, 575]], [[510, 575]], [[509, 575]], [[508, 574]], [[507, 574]], [[506, 574]], [[505, 574]], [[504, 574]], [[503, 574]], [[502, 574]], [[501, 574]], [[500, 574]], [[499, 573]], [[498, 573]], [[497, 573]], [[496, 574]], [[495, 575]], [[496, 576]], [[496, 577]], [[496, 578]], [[497, 578]], [[498, 578]], [[499, 579]], [[500, 580]], [[501, 581]], [[501, 582]], [[502, 582]], [[503, 583]], [[504, 583]], [[505, 584]], [[506, 584]], [[507, 584]], [[508, 584]], [[509, 583]], [[510, 582]], [[511, 581]], [[512, 581]], [[513, 581]], [[514, 582]], [[515, 582]], [[516, 583]], [[517, 583]], [[518, 584]], [[519, 584]], [[520, 584]], [[521, 584]], [[522, 583]], [[523, 583]], [[524, 582]], [[525, 581]], [[526, 580]], [[527, 580]], [[528, 580]], [[528, 579]], [[528, 578]], [[528, 577]], [[528, 576]], [[528, 575]], [[529, 574]], [[529, 573]], [[530, 572]], [[531, 572]], [[532, 571]], [[533, 570]], [[534, 569]], [[535, 568]], [[536, 567]], [[537, 567]], [[538, 566]], [[538, 565]], [[537, 564]], [[537, 563]], [[538, 562]], [[538, 561]], [[539, 560]], [[540, 559]], [[541, 558]], [[542, 557]], [[542, 556]], [[542, 555]], [[542, 554]], [[542, 553]], [[543, 552]], [[542, 551]], [[542, 550]], [[542, 549]], [[541, 548]], [[540, 547]], [[539, 546]], [[538, 546]], [[537, 546]], [[536, 546]], [[535, 546]], [[534, 546]], [[533, 546]], [[532, 546]], [[531, 546]], [[530, 546]], [[529, 546]], [[528, 546]], [[527, 546]], [[526, 546]], [[525, 545]], [[524, 545]], [[524, 546]], [[524, 547]], [[523, 548]], [[522, 549]], [[521, 549]], [[520, 549]], [[519, 548]], [[520, 547]], [[520, 546]], [[520, 545]], [[520, 544]], [[520, 543]], [[520, 542]], [[519, 541]], [[519, 540]], [[519, 539]], [[519, 538]], [[519, 537]], [[520, 536]], [[521, 535]], [[521, 534]], [[520, 533]], [[520, 532]], [[521, 531]], [[520, 531]], [[519, 530]], [[519, 529]], [[519, 528]], [[518, 527]], [[518, 526]], [[518, 525]], [[518, 524]], [[519, 523]], [[520, 523]], [[521, 523]], [[522, 523]], [[523, 522]], [[523, 521]], [[524, 520]], [[525, 519]], [[526, 520]], [[527, 521]], [[527, 522]], [[527, 523]], [[528, 524]], [[529, 524]], [[530, 525]], [[531, 525]], [[532, 525]], [[533, 525]], [[534, 526]], [[535, 525]], [[536, 525]], [[537, 525]], [[537, 524]], [[538, 523]], [[538, 522]], [[539, 521]], [[540, 520]], [[541, 519]], [[541, 518]], [[541, 517]], [[542, 516]], [[543, 515]], [[544, 514]], [[544, 513]], [[544, 512]], [[544, 511]], [[543, 510]], [[543, 509]], [[543, 508]], [[544, 507]], [[545, 507]], [[546, 507]], [[547, 506]], [[548, 505]], [[549, 504]], [[550, 504]], [[550, 503]], [[551, 502]], [[552, 502]], [[553, 501]], [[553, 500]], [[553, 499]], [[554, 498]], [[555, 497]], [[555, 496]], [[556, 495]], [[557, 494]], [[558, 493]], [[559, 492]], [[559, 491]], [[560, 490]], [[561, 489]], [[561, 488]], [[561, 487]], [[561, 486]], [[561, 485]], [[561, 484]], [[561, 483]], [[561, 482]], [[560, 481]], [[560, 480]], [[560, 479]], [[559, 478]], [[559, 477]], [[560, 476]], [[561, 476]], [[562, 476]], [[563, 477]], [[564, 477]], [[565, 477]], [[566, 477]], [[567, 477]], [[568, 477]], [[569, 478]], [[570, 478]], [[571, 479]], [[572, 479]], [[573, 479]], [[574, 479]], [[575, 479]], [[576, 478]], [[577, 478]], [[578, 479]], [[579, 479]], [[580, 478]], [[580, 477]], [[580, 476]], [[579, 476]], [[578, 477]], [[577, 476]], [[576, 476]], [[575, 475]], [[576, 474]], [[577, 473]], [[578, 472]], [[579, 472]], [[580, 471]], [[581, 472]], [[581, 473]], [[581, 474]], [[582, 474]], [[583, 474]], [[584, 474]], [[585, 474]], [[586, 474]], [[587, 473]], [[588, 473]], [[589, 473]], [[590, 472]], [[591, 472]], [[592, 472]], [[593, 471]], [[594, 470]], [[595, 469]], [[596, 469]], [[597, 468]], [[598, 468]], [[599, 467]], [[600, 466]], [[600, 465]], [[600, 464]], [[600, 463]], [[601, 462]], [[601, 461]], [[602, 460]], [[602, 459]], [[603, 458]], [[604, 458]], [[603, 457]], [[604, 456]], [[604, 455]], [[604, 454]], [[604, 453]], [[605, 452]], [[605, 451]], [[606, 450]], [[606, 449]], [[606, 448]], [[606, 447]], [[606, 446]], [[606, 445]], [[606, 444]], [[606, 443]], [[606, 442]], [[606, 441]], [[605, 440]], [[605, 439]], [[605, 438]], [[605, 437]], [[604, 436]], [[603, 435]], [[602, 434]], [[601, 434]], [[600, 433]], [[599, 432]], [[598, 432]], [[597, 432]], [[596, 432]], [[595, 432]], [[594, 432]], [[593, 431]], [[592, 431]], [[591, 431]], [[590, 431]], [[589, 431]], [[588, 431]], [[587, 431]], [[586, 431]], [[585, 431]], [[584, 432]], [[584, 433]], [[583, 434]], [[583, 435]], [[583, 436]], [[583, 437]], [[582, 438]], [[582, 439]], [[582, 440]], [[582, 441]], [[582, 442]], [[582, 443]], [[582, 444]], [[582, 445]], [[582, 446]], [[581, 447]], [[580, 447]], [[579, 446]], [[580, 445]], [[580, 444]], [[580, 443]], [[580, 442]], [[580, 441]], [[579, 441]], [[578, 441]], [[577, 441]], [[576, 441]], [[575, 441]], [[574, 442]], [[573, 442]], [[572, 442]], [[571, 442]], [[570, 442]], [[569, 442]], [[568, 443]], [[567, 443]], [[566, 443]], [[565, 443]], [[564, 443]], [[563, 443]], [[562, 442]], [[561, 442]], [[560, 442]], [[559, 442]], [[558, 442]], [[557, 441]], [[556, 441]], [[555, 441]], [[554, 440]], [[553, 440]], [[552, 440]], [[551, 440]], [[550, 440]], [[549, 440]], [[548, 440]], [[547, 441]], [[546, 441]], [[545, 441]], [[544, 442]], [[543, 442]], [[542, 443]], [[542, 444]], [[541, 445]], [[540, 446]], [[540, 447]], [[539, 448]], [[538, 449]], [[538, 450]], [[537, 451]], [[537, 452]], [[537, 453]], [[537, 454]], [[538, 455]], [[538, 456]], [[538, 457]], [[537, 458]], [[536, 458]], [[535, 457]], [[534, 457]], [[533, 457]], [[532, 457]], [[531, 457]], [[530, 457]], [[529, 457]], [[528, 456]], [[527, 456]], [[526, 456]], [[525, 455]], [[524, 455]], [[523, 455]], [[522, 455]], [[521, 456]], [[520, 456]], [[519, 455]], [[518, 455]], [[517, 455]], [[516, 454]], [[515, 454]], [[514, 454]], [[513, 453]], [[512, 454]], [[512, 455]], [[511, 456]], [[510, 455]], [[510, 454]], [[510, 453]], [[510, 452]], [[510, 451]], [[511, 450]], [[512, 449]], [[512, 448]], [[513, 447]], [[514, 446]], [[515, 446]], [[516, 445]], [[517, 444]], [[518, 444]], [[519, 444]], [[519, 443]], [[519, 442]], [[520, 441]], [[521, 441]], [[521, 440]], [[520, 439]], [[520, 438]], [[520, 437]], [[520, 436]], [[521, 435]], [[522, 434]], [[522, 433]], [[522, 432]], [[523, 431]], [[524, 430]], [[525, 430]], [[525, 429]], [[525, 428]], [[524, 427]], [[523, 426]], [[522, 426]], [[521, 426]], [[520, 425]], [[519, 424]], [[518, 423]], [[517, 423]], [[516, 422]], [[515, 422]], [[514, 422]], [[513, 421]], [[512, 420]], [[511, 419]], [[511, 418]], [[510, 417]], [[509, 416]], [[508, 416]], [[507, 416]], [[506, 415]], [[505, 415]], [[504, 415]], [[503, 415]], [[502, 415]], [[501, 415]], [[500, 415]], [[499, 415]], [[498, 415]], [[497, 414]], [[496, 413]], [[496, 412]]]","[[[[498, 390], [499, 391], [499, 392], [499, 393], [499, 394], [500, 395], [500, 396], [499, 397], [499, 398], [500, 399], [500, 400], [500, 401], [499, 402], [499, 403], [498, 404], [497, 405], [496, 405], [495, 405], [495, 406], [496, 407], [496, 408], [496, 409], [495, 410], [494, 410], [493, 410], [492, 411], [493, 412], [494, 413], [495, 413], [495, 412], [495, 411], [496, 410], [497, 410], [497, 409], [498, 408], [498, 407], [499, 406], [500, 406], [501, 405], [501, 404], [501, 403], [500, 402], [500, 401], [501, 400], [502, 400], [502, 399], [501, 398], [502, 397], [503, 396], [504, 396], [505, 397], [506, 398], [506, 399], [507, 399], [508, 399], [507, 399], [506, 398], [505, 397], [505, 396], [504, 396], [503, 396], [502, 395], [502, 394], [502, 393], [501, 392], [501, 391], [500, 390], [499, 390]]], [[[470, 428], [469, 429], [468, 430], [467, 430], [467, 431], [466, 432], [465, 432], [464, 432], [464, 433], [464, 434], [465, 435], [465, 436], [466, 437], [467, 438], [467, 439], [467, 440], [467, 441], [467, 442], [467, 443], [468, 443], [469, 444], [470, 445], [471, 445], [470, 444], [470, 443], [470, 442], [469, 442], [468, 441], [468, 440], [468, 439], [468, 438], [468, 437], [469, 436], [470, 435], [471, 436], [471, 437], [471, 438], [472, 437], [472, 436], [473, 435], [473, 434], [473, 433], [473, 432], [473, 431], [472, 430], [471, 429], [471, 428]]], [], [[[475, 453], [475, 454], [474, 455], [474, 456], [475, 456], [476, 456], [477, 457], [478, 457], [479, 457], [479, 456], [479, 455], [480, 454], [481, 454], [482, 455], [482, 456], [482, 457], [483, 458], [484, 459], [484, 460], [484, 461], [485, 462], [486, 463], [486, 464], [487, 465], [488, 466], [488, 465], [488, 464], [488, 463], [487, 462], [486, 462], [485, 461], [484, 460], [484, 459], [484, 458], [485, 457], [484, 456], [483, 456], [482, 455], [481, 454], [480, 454], [479, 453], [478, 453], [477, 453], [476, 453]]], [[[489, 524], [489, 525], [489, 526], [489, 527], [489, 528], [490, 528], [491, 528], [492, 528], [493, 529], [494, 529], [495, 530], [495, 531], [494, 532], [493, 531], [493, 532], [494, 533], [495, 534], [496, 534], [497, 534], [498, 534], [499, 535], [500, 536], [500, 535], [500, 534], [499, 533], [498, 533], [497, 532], [496, 531], [495, 530], [494, 529], [493, 528], [492, 527], [492, 526], [492, 525], [492, 524], [491, 524], [490, 524]]], [[[491, 576], [490, 577], [490, 578], [491, 577], [492, 577], [493, 577], [494, 578], [495, 579], [496, 580], [497, 580], [498, 581], [499, 582], [500, 583], [501, 584], [501, 585], [500, 586], [500, 587], [501, 587], [502, 588], [502, 589], [502, 590], [502, 589], [502, 588], [503, 587], [504, 586], [505, 586], [506, 586], [506, 585], [505, 585], [504, 584], [503, 584], [502, 584], [501, 584], [500, 583], [500, 582], [500, 581], [499, 580], [498, 579], [497, 579], [496, 579], [495, 578], [495, 577], [494, 576], [493, 576], [492, 576]]], [[[520, 538], [520, 539], [520, 540], [520, 541], [521, 542], [521, 543], [521, 544], [521, 545], [521, 546], [521, 547], [520, 548], [521, 548], [522, 548], [523, 547], [523, 546], [523, 545], [524, 544], [524, 543], [524, 542], [525, 541], [526, 541], [527, 541], [528, 541], [528, 540], [527, 540], [526, 540], [525, 540], [524, 540], [523, 539], [523, 538], [522, 538], [521, 538]]], [[[520, 524], [520, 525], [520, 526], [521, 526], [522, 526], [523, 527], [522, 528], [521, 529], [521, 530], [522, 530], [523, 530], [524, 530], [525, 530], [526, 530], [527, 530], [528, 530], [527, 529], [526, 528], [526, 527], [527, 526], [528, 526], [529, 525], [528, 525], [527, 525], [526, 526], [525, 526], [524, 526], [523, 525], [523, 524], [522, 524], [521, 524]]], [[[556, 498], [555, 499], [555, 500], [556, 500], [557, 501], [558, 502], [559, 502], [560, 501], [561, 501], [562, 501], [563, 502], [563, 503], [563, 504], [562, 505], [563, 505], [564, 505], [565, 505], [566, 505], [567, 505], [568, 505], [569, 505], [569, 504], [569, 503], [568, 502], [569, 501], [570, 501], [570, 500], [569, 500], [568, 500], [567, 500], [566, 501], [565, 501], [564, 500], [563, 500], [562, 500], [561, 500], [560, 501], [559, 501], [558, 500], [557, 499]]]]","[187, 188, [], 189, 190, 156, 192, 193, 194]"
110,110,"[[[714, 410]], [[713, 411]], [[712, 411]], [[712, 412]], [[711, 413]], [[710, 414]], [[709, 415]], [[708, 416]], [[708, 417]], [[707, 418]], [[706, 418]], [[706, 419]], [[706, 420]], [[706, 421]], [[705, 422]], [[706, 423]], [[706, 424]], [[707, 425]], [[707, 426]], [[708, 427]], [[709, 428]], [[710, 429]], [[711, 430]], [[712, 431]], [[713, 432]], [[714, 432]], [[715, 432]], [[716, 432]], [[717, 432]], [[718, 432]], [[719, 431]], [[720, 430]], [[721, 430]], [[722, 429]], [[723, 428]], [[724, 427]], [[725, 427]], [[725, 426]], [[725, 425]], [[726, 424]], [[726, 423]], [[727, 422]], [[727, 421]], [[726, 420]], [[727, 419]], [[727, 418]], [[726, 417]], [[726, 416]], [[726, 415]], [[726, 414]], [[725, 413]], [[724, 413]], [[723, 412]], [[722, 411]], [[721, 411]], [[720, 410]], [[719, 410]], [[718, 411]], [[718, 412]], [[717, 413]], [[716, 412]], [[715, 412]], [[714, 411]]]",[[]],[]
111,111,"[[[592, 398]], [[592, 399]], [[592, 400]], [[592, 401]], [[591, 402]], [[591, 403]], [[590, 404]], [[589, 404]], [[590, 405]], [[589, 406]], [[589, 407]], [[588, 408]], [[587, 409]], [[586, 410]], [[585, 411]], [[584, 411]], [[583, 412]], [[583, 413]], [[582, 414]], [[582, 415]], [[582, 416]], [[583, 416]], [[584, 417]], [[585, 418]], [[586, 418]], [[587, 418]], [[588, 419]], [[589, 420]], [[590, 420]], [[591, 421]], [[592, 422]], [[593, 422]], [[594, 423]], [[595, 423]], [[596, 424]], [[597, 424]], [[598, 424]], [[599, 424]], [[600, 424]], [[601, 424]], [[602, 423]], [[603, 423]], [[604, 422]], [[605, 422]], [[606, 421]], [[606, 420]], [[606, 419]], [[607, 418]], [[607, 417]], [[607, 416]], [[607, 415]], [[606, 414]], [[605, 413]], [[604, 413]], [[603, 412]], [[602, 411]], [[601, 410]], [[600, 409]], [[599, 408]], [[599, 407]], [[599, 406]], [[598, 405]], [[598, 404]], [[598, 403]], [[598, 402]], [[598, 401]], [[598, 400]], [[597, 399]], [[596, 398]], [[595, 398]], [[594, 398]], [[593, 398]]]","[[[[597, 395], [596, 396], [595, 396], [594, 396], [593, 396], [592, 397], [591, 397], [590, 398], [589, 399], [588, 398], [587, 398], [586, 398], [587, 398], [588, 398], [589, 399], [589, 400], [589, 401], [589, 402], [588, 403], [589, 403], [590, 403], [590, 402], [591, 401], [591, 400], [591, 399], [591, 398], [592, 397], [593, 397], [594, 396], [595, 396], [596, 397], [597, 398], [598, 399], [599, 400], [599, 401], [600, 402], [600, 403], [601, 402], [602, 402], [603, 402], [604, 403], [605, 403], [606, 403], [606, 402], [605, 401], [604, 401], [603, 400], [602, 400], [601, 400], [600, 399], [599, 398], [598, 397], [598, 396]]], [], [[[619, 415], [618, 416], [617, 417], [616, 417], [615, 417], [614, 417], [613, 417], [613, 418], [612, 419], [611, 419], [610, 419], [609, 418], [608, 418], [608, 419], [607, 420], [607, 421], [607, 422], [607, 423], [607, 424], [608, 425], [609, 426], [609, 427], [609, 428], [609, 429], [609, 430], [609, 431], [610, 430], [610, 429], [610, 428], [610, 427], [610, 426], [609, 425], [610, 424], [611, 424], [611, 423], [612, 422], [612, 421], [613, 420], [614, 419], [615, 419], [616, 419], [617, 419], [618, 418], [619, 418], [620, 418], [621, 418], [622, 418], [623, 418], [622, 417], [622, 416], [621, 415], [620, 415]]]]","[195, [], 181]"
112,112,"[[[217, 392]], [[217, 393]], [[216, 394]], [[215, 395]], [[214, 395]], [[213, 396]], [[213, 397]], [[212, 398]], [[211, 399]], [[210, 400]], [[210, 401]], [[209, 402]], [[209, 403]], [[209, 404]], [[208, 405]], [[207, 406]], [[207, 407]], [[206, 408]], [[205, 409]], [[205, 410]], [[205, 411]], [[204, 412]], [[204, 413]], [[204, 414]], [[204, 415]], [[204, 416]], [[204, 417]], [[204, 418]], [[205, 419]], [[206, 420]], [[207, 420]], [[208, 421]], [[209, 422]], [[210, 422]], [[211, 423]], [[212, 423]], [[213, 424]], [[214, 424]], [[215, 425]], [[216, 425]], [[217, 426]], [[218, 426]], [[219, 426]], [[220, 427]], [[221, 427]], [[222, 427]], [[223, 426]], [[224, 425]], [[224, 424]], [[224, 423]], [[223, 422]], [[223, 421]], [[223, 420]], [[224, 419]], [[224, 418]], [[224, 417]], [[224, 416]], [[224, 415]], [[224, 414]], [[223, 413]], [[223, 412]], [[224, 411]], [[223, 410]], [[223, 409]], [[223, 408]], [[223, 407]], [[222, 406]], [[222, 405]], [[222, 404]], [[222, 403]], [[222, 402]], [[221, 401]], [[220, 400]], [[220, 399]], [[219, 398]], [[219, 397]], [[219, 396]], [[218, 395]], [[218, 394]], [[218, 393]], [[218, 392]]]","[[], [[[205, 391], [205, 392], [205, 393], [205, 394], [205, 395], [205, 396], [205, 397], [205, 398], [206, 399], [206, 400], [206, 401], [206, 402], [206, 403], [205, 404], [205, 405], [204, 406], [203, 407], [202, 407], [201, 406], [200, 405], [200, 406], [200, 407], [200, 408], [201, 408], [202, 409], [203, 410], [202, 411], [202, 412], [202, 413], [202, 414], [202, 415], [202, 416], [202, 417], [202, 418], [202, 419], [203, 419], [204, 419], [203, 418], [203, 417], [203, 416], [203, 415], [203, 414], [203, 413], [203, 412], [204, 411], [204, 410], [204, 409], [205, 408], [206, 407], [206, 406], [207, 405], [208, 404], [208, 403], [207, 402], [207, 401], [207, 400], [208, 399], [209, 399], [209, 398], [210, 397], [210, 396], [210, 395], [210, 394], [209, 394], [208, 395], [207, 394], [207, 393], [207, 392], [206, 391]]]]","[[], 197]"
113,113,"[[[379, 385]], [[379, 386]], [[378, 387]], [[377, 388]], [[377, 389]], [[377, 390]], [[376, 391]], [[377, 392]], [[378, 393]], [[379, 394]], [[380, 394]], [[381, 395]], [[381, 396]], [[382, 397]], [[382, 398]], [[383, 398]], [[384, 398]], [[385, 398]], [[386, 397]], [[387, 397]], [[388, 397]], [[389, 396]], [[390, 396]], [[391, 396]], [[391, 395]], [[391, 394]], [[391, 393]], [[391, 392]], [[390, 391]], [[390, 390]], [[390, 389]], [[389, 388]], [[388, 387]], [[387, 387]], [[386, 387]], [[385, 387]], [[384, 387]], [[383, 388]], [[382, 388]], [[381, 388]], [[380, 388]], [[379, 387]], [[379, 386]]]",[[]],[]
114,114,"[[[310, 381]], [[310, 382]], [[309, 383]], [[309, 384]], [[309, 385]], [[310, 386]], [[311, 387]], [[311, 388]], [[311, 389]], [[311, 390]], [[311, 391]], [[311, 392]], [[311, 393]], [[311, 394]], [[312, 395]], [[313, 395]], [[314, 395]], [[315, 394]], [[316, 394]], [[317, 394]], [[318, 393]], [[319, 392]], [[319, 391]], [[319, 390]], [[320, 389]], [[320, 388]], [[321, 387]], [[321, 386]], [[321, 385]], [[320, 384]], [[319, 385]], [[318, 384]], [[317, 383]], [[316, 382]], [[315, 381]], [[314, 381]], [[313, 381]], [[312, 381]], [[311, 381]]]","[[[[310, 373], [310, 374], [310, 375], [311, 376], [311, 377], [310, 378], [309, 378], [309, 379], [310, 380], [311, 380], [312, 380], [313, 380], [314, 380], [315, 380], [316, 381], [317, 381], [318, 381], [318, 380], [318, 379], [317, 378], [316, 378], [315, 378], [314, 377], [313, 377], [312, 377], [311, 376], [311, 375], [311, 374]]], []]","[198, []]"
115,115,"[[[285, 379]], [[284, 380]], [[283, 380]], [[282, 380]], [[281, 381]], [[280, 381]], [[279, 382]], [[278, 383]], [[277, 384]], [[276, 384]], [[275, 385]], [[274, 385]], [[273, 385]], [[272, 386]], [[271, 386]], [[270, 387]], [[269, 387]], [[268, 387]], [[267, 388]], [[266, 388]], [[265, 388]], [[264, 387]], [[263, 387]], [[262, 387]], [[261, 386]], [[260, 385]], [[259, 385]], [[258, 385]], [[258, 386]], [[258, 387]], [[258, 388]], [[258, 389]], [[258, 390]], [[259, 391]], [[260, 392]], [[260, 393]], [[261, 394]], [[261, 395]], [[261, 396]], [[262, 397]], [[262, 398]], [[262, 399]], [[263, 399]], [[264, 400]], [[265, 401]], [[266, 402]], [[267, 402]], [[268, 402]], [[269, 402]], [[270, 402]], [[271, 402]], [[272, 402]], [[273, 401]], [[274, 402]], [[275, 402]], [[276, 401]], [[277, 401]], [[278, 400]], [[278, 399]], [[279, 398]], [[280, 397]], [[281, 396]], [[282, 395]], [[283, 394]], [[284, 393]], [[284, 392]], [[285, 391]], [[285, 390]], [[286, 389]], [[286, 388]], [[286, 387]], [[286, 386]], [[287, 385]], [[287, 384]], [[287, 383]], [[287, 382]], [[287, 381]], [[287, 380]], [[286, 379]]]","[[], [[[280, 398], [279, 399], [279, 400], [279, 401], [279, 402], [280, 402], [281, 402], [282, 402], [283, 402], [284, 402], [285, 403], [286, 403], [287, 403], [288, 403], [289, 404], [289, 405], [289, 406], [289, 407], [290, 407], [289, 406], [289, 405], [289, 404], [288, 403], [287, 402], [286, 402], [285, 402], [284, 402], [283, 401], [283, 400], [282, 399], [282, 398], [281, 398]]]]","[[], 199]"
116,116,"[[[413, 376]], [[412, 377]], [[411, 378]], [[410, 379]], [[410, 380]], [[409, 381]], [[408, 381]], [[408, 382]], [[407, 383]], [[406, 384]], [[406, 385]], [[405, 386]], [[404, 386]], [[403, 386]], [[403, 387]], [[402, 388]], [[401, 389]], [[401, 390]], [[401, 391]], [[401, 392]], [[402, 393]], [[403, 394]], [[404, 395]], [[405, 396]], [[406, 397]], [[407, 398]], [[407, 399]], [[408, 400]], [[409, 400]], [[410, 401]], [[411, 402]], [[412, 403]], [[413, 403]], [[414, 403]], [[415, 404]], [[415, 405]], [[416, 406]], [[416, 407]], [[417, 408]], [[418, 408]], [[419, 409]], [[420, 409]], [[421, 410]], [[422, 410]], [[423, 410]], [[424, 410]], [[425, 410]], [[426, 411]], [[426, 412]], [[427, 412]], [[428, 413]], [[429, 413]], [[430, 414]], [[431, 413]], [[432, 413]], [[433, 412]], [[434, 411]], [[435, 410]], [[436, 410]], [[437, 409]], [[438, 408]], [[439, 407]], [[439, 406]], [[440, 405]], [[440, 404]], [[441, 403]], [[442, 402]], [[443, 401]], [[443, 400]], [[443, 399]], [[444, 398]], [[444, 397]], [[443, 396]], [[443, 395]], [[442, 394]], [[441, 393]], [[440, 393]], [[439, 392]], [[438, 391]], [[437, 391]], [[436, 391]], [[435, 390]], [[434, 390]], [[433, 389]], [[432, 388]], [[431, 387]], [[430, 386]], [[430, 385]], [[429, 385]], [[428, 384]], [[427, 383]], [[426, 383]], [[425, 382]], [[424, 381]], [[423, 381]], [[422, 380]], [[421, 379]], [[420, 379]], [[419, 378]], [[418, 377]], [[417, 376]], [[416, 376]], [[415, 376]], [[414, 376]]]","[[], [[[423, 411], [424, 412], [424, 413], [424, 414], [425, 414], [426, 415], [427, 415], [428, 415], [429, 415], [430, 416], [431, 416], [432, 416], [433, 417], [434, 416], [434, 415], [433, 414], [432, 414], [431, 415], [430, 415], [429, 414], [428, 414], [427, 413], [426, 413], [425, 412], [425, 411], [424, 411]]], [[[413, 372], [413, 373], [414, 374], [415, 374], [416, 375], [417, 375], [418, 376], [419, 377], [420, 378], [421, 378], [422, 379], [423, 380], [424, 380], [425, 381], [426, 382], [427, 382], [428, 381], [429, 381], [430, 380], [431, 381], [431, 382], [432, 382], [433, 382], [433, 381], [432, 381], [431, 381], [430, 380], [431, 379], [430, 379], [429, 378], [428, 378], [427, 377], [426, 377], [425, 378], [424, 379], [423, 379], [422, 378], [421, 377], [420, 376], [419, 375], [418, 375], [417, 375], [416, 375], [415, 374], [415, 373], [416, 372], [417, 372], [418, 372], [419, 373], [420, 373], [420, 372], [419, 372], [418, 372], [417, 372], [416, 372], [415, 372], [414, 372]]]]","[[], 186, 201]"
117,117,"[[[494, 359]], [[493, 360]], [[492, 360]], [[491, 361]], [[490, 361]], [[489, 362]], [[488, 362]], [[487, 363]], [[486, 364]], [[485, 365]], [[485, 366]], [[484, 367]], [[484, 368]], [[484, 369]], [[484, 370]], [[483, 371]], [[483, 372]], [[483, 373]], [[483, 374]], [[484, 375]], [[484, 376]], [[484, 377]], [[485, 377]], [[486, 378]], [[487, 378]], [[488, 379]], [[489, 380]], [[490, 380]], [[491, 381]], [[492, 382]], [[493, 383]], [[494, 384]], [[495, 384]], [[496, 385]], [[497, 386]], [[497, 387]], [[498, 388]], [[499, 389]], [[500, 389]], [[501, 390]], [[502, 391]], [[502, 392]], [[503, 393]], [[503, 394]], [[503, 395]], [[504, 395]], [[505, 395]], [[506, 396]], [[506, 397]], [[507, 398]], [[508, 398]], [[509, 399]], [[510, 400]], [[511, 401]], [[512, 402]], [[513, 403]], [[514, 404]], [[515, 404]], [[516, 405]], [[517, 405]], [[518, 404]], [[519, 404]], [[520, 404]], [[521, 404]], [[522, 403]], [[523, 403]], [[524, 403]], [[525, 402]], [[526, 402]], [[526, 401]], [[527, 400]], [[528, 399]], [[529, 398]], [[530, 397]], [[531, 396]], [[531, 395]], [[531, 394]], [[532, 393]], [[532, 392]], [[533, 391]], [[533, 390]], [[534, 389]], [[534, 388]], [[535, 387]], [[535, 386]], [[536, 385]], [[536, 384]], [[536, 383]], [[536, 382]], [[536, 381]], [[535, 380]], [[534, 379]], [[533, 379]], [[532, 379]], [[531, 379]], [[530, 379]], [[529, 378]], [[528, 377]], [[527, 377]], [[526, 376]], [[526, 375]], [[525, 375]], [[524, 375]], [[523, 376]], [[522, 376]], [[521, 376]], [[520, 376]], [[519, 375]], [[518, 375]], [[517, 374]], [[516, 373]], [[515, 372]], [[514, 372]], [[513, 372]], [[512, 371]], [[511, 372]], [[510, 372]], [[509, 372]], [[508, 372]], [[507, 372]], [[506, 373]], [[505, 373]], [[504, 372]], [[504, 371]], [[503, 370]], [[502, 369]], [[502, 368]], [[501, 367]], [[501, 366]], [[501, 365]], [[501, 364]], [[501, 363]], [[500, 362]], [[500, 361]], [[500, 360]], [[499, 360]], [[498, 360]], [[497, 360]], [[496, 360]], [[495, 359]]]","[[], [[[499, 346], [498, 347], [497, 347], [496, 347], [495, 347], [495, 348], [496, 349], [497, 350], [498, 350], [499, 351], [498, 352], [497, 353], [497, 354], [498, 355], [499, 356], [500, 357], [500, 358], [500, 359], [501, 360], [501, 361], [502, 362], [503, 362], [503, 361], [503, 360], [502, 359], [501, 358], [501, 357], [501, 356], [501, 355], [501, 354], [501, 353], [501, 352], [501, 351], [501, 350], [501, 349], [501, 348], [500, 347], [500, 346]]], [[[485, 378], [484, 379], [484, 380], [485, 381], [486, 381], [487, 381], [488, 382], [489, 383], [488, 384], [488, 385], [489, 385], [490, 386], [491, 386], [492, 386], [493, 387], [493, 388], [492, 389], [491, 388], [491, 389], [492, 389], [493, 390], [494, 389], [495, 388], [496, 387], [496, 386], [495, 385], [494, 385], [493, 384], [492, 383], [491, 382], [490, 381], [489, 381], [488, 380], [487, 379], [486, 379]]], [[[498, 390], [499, 391], [499, 392], [499, 393], [499, 394], [500, 395], [500, 396], [499, 397], [499, 398], [500, 399], [500, 400], [500, 401], [499, 402], [499, 403], [498, 404], [497, 405], [496, 405], [495, 405], [495, 406], [496, 407], [496, 408], [496, 409], [495, 410], [494, 410], [493, 410], [492, 411], [493, 412], [494, 413], [495, 413], [495, 412], [495, 411], [496, 410], [497, 410], [497, 409], [498, 408], [498, 407], [499, 406], [500, 406], [501, 405], [501, 404], [501, 403], [500, 402], [500, 401], [501, 400], [502, 400], [502, 399], [501, 398], [502, 397], [503, 396], [504, 396], [505, 397], [506, 398], [506, 399], [507, 399], [508, 399], [507, 399], [506, 398], [505, 397], [505, 396], [504, 396], [503, 396], [502, 395], [502, 394], [502, 393], [501, 392], [501, 391], [500, 390], [499, 390]]], [[[537, 381], [537, 382], [537, 383], [537, 384], [537, 385], [536, 386], [536, 387], [535, 388], [535, 389], [534, 390], [534, 391], [533, 392], [533, 393], [532, 394], [532, 395], [533, 396], [532, 397], [531, 398], [530, 399], [529, 400], [528, 400], [528, 401], [529, 402], [530, 402], [531, 402], [532, 402], [533, 402], [534, 403], [534, 402], [535, 401], [534, 400], [533, 399], [532, 398], [532, 397], [533, 396], [534, 395], [535, 396], [536, 397], [537, 398], [538, 398], [539, 397], [538, 396], [538, 395], [537, 395], [536, 394], [536, 393], [536, 392], [537, 391], [538, 390], [539, 390], [540, 390], [540, 389], [539, 388], [538, 387], [538, 386], [538, 385], [539, 384], [540, 383], [541, 384], [541, 385], [542, 385], [543, 386], [543, 385], [543, 384], [542, 383], [541, 382], [540, 382], [539, 381], [538, 381]]]]","[[], 202, 203, 187, 205]"
118,118,"[[[354, 352]], [[353, 353]], [[352, 353]], [[351, 353]], [[350, 353]], [[349, 354]], [[348, 354]], [[347, 355]], [[346, 356]], [[345, 357]], [[344, 357]], [[344, 358]], [[345, 358]], [[346, 359]], [[346, 360]], [[346, 361]], [[346, 362]], [[346, 363]], [[346, 364]], [[346, 365]], [[346, 366]], [[346, 367]], [[346, 368]], [[346, 369]], [[346, 370]], [[346, 371]], [[346, 372]], [[346, 373]], [[346, 374]], [[347, 375]], [[348, 375]], [[349, 376]], [[350, 376]], [[351, 376]], [[352, 377]], [[353, 377]], [[354, 377]], [[355, 377]], [[356, 377]], [[357, 377]], [[358, 377]], [[359, 377]], [[360, 377]], [[361, 377]], [[362, 377]], [[363, 377]], [[364, 377]], [[365, 377]], [[366, 377]], [[367, 377]], [[368, 377]], [[369, 376]], [[370, 375]], [[371, 374]], [[371, 373]], [[371, 372]], [[372, 371]], [[372, 370]], [[372, 369]], [[372, 368]], [[372, 367]], [[372, 366]], [[372, 365]], [[372, 364]], [[372, 363]], [[372, 362]], [[372, 361]], [[372, 360]], [[371, 359]], [[371, 358]], [[370, 357]], [[370, 356]], [[369, 355]], [[368, 354]], [[367, 354]], [[366, 353]], [[365, 353]], [[364, 353]], [[363, 354]], [[362, 354]], [[361, 353]], [[360, 353]], [[359, 353]], [[358, 352]], [[357, 352]], [[356, 352]], [[355, 352]]]",[[]],[]
119,119,"[[[266, 346]], [[265, 347]], [[265, 348]], [[265, 349]], [[265, 350]], [[264, 351]], [[263, 352]], [[263, 353]], [[262, 354]], [[262, 355]], [[261, 356]], [[261, 357]], [[261, 358]], [[262, 359]], [[262, 360]], [[263, 360]], [[264, 360]], [[265, 361]], [[266, 361]], [[267, 361]], [[268, 361]], [[269, 362]], [[270, 362]], [[271, 362]], [[272, 362]], [[273, 362]], [[274, 362]], [[275, 363]], [[276, 363]], [[277, 363]], [[278, 363]], [[279, 363]], [[280, 363]], [[281, 363]], [[282, 363]], [[283, 364]], [[284, 364]], [[285, 364]], [[286, 364]], [[287, 364]], [[288, 364]], [[289, 364]], [[289, 363]], [[290, 362]], [[291, 362]], [[292, 362]], [[293, 361]], [[293, 360]], [[293, 359]], [[293, 358]], [[292, 357]], [[291, 356]], [[291, 355]], [[290, 354]], [[290, 353]], [[289, 352]], [[288, 351]], [[287, 350]], [[286, 349]], [[285, 348]], [[284, 348]], [[283, 348]], [[282, 347]], [[281, 347]], [[280, 347]], [[279, 347]], [[278, 347]], [[277, 347]], [[276, 347]], [[275, 347]], [[274, 346]], [[273, 346]], [[272, 346]], [[271, 346]], [[270, 346]], [[269, 346]], [[268, 346]], [[267, 346]]]",[[]],[]
120,120,"[[[312, 345]], [[311, 346]], [[310, 346]], [[309, 346]], [[308, 347]], [[307, 347]], [[306, 347]], [[305, 348]], [[304, 349]], [[303, 350]], [[303, 351]], [[303, 352]], [[304, 353]], [[304, 354]], [[304, 355]], [[305, 356]], [[305, 357]], [[306, 358]], [[307, 359]], [[308, 359]], [[309, 359]], [[310, 360]], [[310, 361]], [[309, 362]], [[309, 363]], [[308, 364]], [[308, 365]], [[308, 366]], [[308, 367]], [[308, 368]], [[309, 369]], [[309, 370]], [[309, 371]], [[310, 372]], [[311, 373]], [[312, 374]], [[312, 375]], [[312, 376]], [[313, 376]], [[314, 376]], [[315, 376]], [[316, 377]], [[317, 377]], [[318, 378]], [[319, 377]], [[320, 376]], [[321, 376]], [[322, 376]], [[323, 376]], [[324, 375]], [[325, 374]], [[325, 373]], [[326, 372]], [[327, 372]], [[328, 372]], [[329, 371]], [[330, 371]], [[331, 370]], [[332, 370]], [[333, 369]], [[333, 368]], [[333, 367]], [[334, 366]], [[335, 366]], [[336, 365]], [[337, 364]], [[337, 363]], [[338, 362]], [[338, 361]], [[338, 360]], [[339, 359]], [[339, 358]], [[338, 357]], [[338, 356]], [[337, 355]], [[337, 354]], [[336, 353]], [[335, 352]], [[334, 352]], [[333, 352]], [[332, 352]], [[331, 352]], [[330, 352]], [[329, 352]], [[328, 353]], [[327, 353]], [[326, 353]], [[325, 353]], [[324, 353]], [[323, 354]], [[322, 354]], [[321, 354]], [[320, 354]], [[319, 353]], [[319, 352]], [[318, 351]], [[318, 350]], [[318, 349]], [[318, 348]], [[317, 347]], [[316, 346]], [[315, 346]], [[314, 345]], [[313, 345]]]","[[], [[[310, 373], [310, 374], [310, 375], [311, 376], [311, 377], [310, 378], [309, 378], [309, 379], [310, 380], [311, 380], [312, 380], [313, 380], [314, 380], [315, 380], [316, 381], [317, 381], [318, 381], [318, 380], [318, 379], [317, 378], [316, 378], [315, 378], [314, 377], [313, 377], [312, 377], [311, 376], [311, 375], [311, 374]]], [[[326, 373], [326, 374], [326, 375], [325, 376], [324, 377], [323, 377], [322, 377], [321, 377], [321, 378], [320, 379], [321, 380], [322, 381], [322, 382], [322, 383], [323, 383], [324, 383], [325, 382], [325, 381], [324, 380], [324, 379], [324, 378], [325, 377], [326, 377], [327, 376], [328, 376], [327, 375], [327, 374], [327, 373]]]]","[[], 198, 207]"
121,121,"[[[502, 344]], [[502, 345]], [[501, 346]], [[501, 347]], [[502, 348]], [[502, 349]], [[502, 350]], [[502, 351]], [[502, 352]], [[502, 353]], [[502, 354]], [[502, 355]], [[502, 356]], [[502, 357]], [[502, 358]], [[503, 359]], [[504, 359]], [[505, 359]], [[506, 358]], [[507, 358]], [[508, 357]], [[509, 356]], [[509, 355]], [[510, 354]], [[511, 353]], [[511, 352]], [[511, 351]], [[511, 350]], [[510, 349]], [[510, 348]], [[510, 347]], [[510, 346]], [[509, 345]], [[508, 345]], [[507, 344]], [[506, 344]], [[505, 344]], [[504, 344]], [[503, 344]]]","[[[[499, 346], [498, 347], [497, 347], [496, 347], [495, 347], [495, 348], [496, 349], [497, 350], [498, 350], [499, 351], [498, 352], [497, 353], [497, 354], [498, 355], [499, 356], [500, 357], [500, 358], [500, 359], [501, 360], [501, 361], [502, 362], [503, 362], [503, 361], [503, 360], [502, 359], [501, 358], [501, 357], [501, 356], [501, 355], [501, 354], [501, 353], [501, 352], [501, 351], [501, 350], [501, 349], [501, 348], [500, 347], [500, 346]]], []]","[202, []]"
122,122,"[[[53, 340]], [[52, 341]], [[51, 341]], [[50, 341]], [[50, 342]], [[50, 343]], [[49, 344]], [[49, 345]], [[48, 346]], [[48, 347]], [[47, 348]], [[47, 349]], [[47, 350]], [[47, 351]], [[47, 352]], [[47, 353]], [[47, 354]], [[47, 355]], [[47, 356]], [[47, 357]], [[48, 358]], [[48, 359]], [[48, 360]], [[49, 361]], [[50, 362]], [[51, 362]], [[52, 363]], [[53, 363]], [[54, 363]], [[55, 363]], [[56, 362]], [[57, 362]], [[58, 361]], [[59, 361]], [[60, 360]], [[61, 360]], [[62, 360]], [[63, 359]], [[64, 359]], [[65, 359]], [[65, 358]], [[65, 357]], [[66, 356]], [[66, 355]], [[67, 354]], [[67, 353]], [[68, 352]], [[68, 351]], [[67, 350]], [[67, 349]], [[67, 348]], [[66, 348]], [[65, 347]], [[65, 346]], [[64, 346]], [[63, 345]], [[63, 344]], [[62, 344]], [[61, 343]], [[60, 343]], [[59, 342]], [[58, 341]], [[57, 341]], [[56, 341]], [[55, 341]], [[54, 340]]]","[[[[55, 337], [54, 338], [53, 338], [52, 339], [51, 339], [50, 339], [49, 339], [48, 339], [47, 338], [46, 338], [46, 339], [47, 340], [48, 340], [49, 341], [50, 340], [51, 340], [52, 339], [53, 339], [54, 339], [55, 340], [56, 340], [57, 340], [58, 340], [59, 341], [60, 342], [61, 342], [62, 343], [62, 342], [62, 341], [61, 341], [60, 340], [59, 340], [58, 339], [57, 339], [56, 338]]], []]","[209, []]"
123,123,"[[[779, 319]], [[779, 320]], [[778, 321]], [[777, 321]], [[776, 321]], [[775, 321]], [[774, 321]], [[773, 321]], [[772, 321]], [[771, 320]], [[770, 320]], [[769, 320]], [[768, 320]], [[767, 320]], [[766, 320]], [[765, 320]], [[764, 321]], [[763, 321]], [[762, 322]], [[761, 323]], [[760, 323]], [[759, 324]], [[758, 324]], [[757, 324]], [[756, 325]], [[755, 325]], [[754, 325]], [[753, 326]], [[752, 326]], [[751, 326]], [[750, 325]], [[749, 325]], [[748, 325]], [[747, 325]], [[746, 325]], [[745, 326]], [[744, 326]], [[743, 327]], [[742, 327]], [[741, 328]], [[740, 329]], [[739, 329]], [[738, 330]], [[738, 331]], [[738, 332]], [[738, 333]], [[737, 334]], [[736, 335]], [[736, 336]], [[736, 337]], [[736, 338]], [[736, 339]], [[735, 340]], [[735, 341]], [[735, 342]], [[735, 343]], [[736, 344]], [[736, 345]], [[735, 346]], [[734, 346]], [[735, 347]], [[736, 348]], [[737, 349]], [[737, 350]], [[738, 351]], [[738, 352]], [[738, 353]], [[738, 354]], [[739, 355]], [[739, 356]], [[739, 357]], [[739, 358]], [[740, 359]], [[740, 360]], [[740, 361]], [[740, 362]], [[740, 363]], [[740, 364]], [[741, 365]], [[741, 366]], [[741, 367]], [[741, 368]], [[742, 369]], [[742, 370]], [[742, 371]], [[742, 372]], [[743, 373]], [[744, 374]], [[744, 375]], [[745, 376]], [[745, 377]], [[746, 378]], [[745, 379]], [[745, 380]], [[746, 381]], [[747, 382]], [[748, 383]], [[748, 384]], [[749, 385]], [[750, 386]], [[751, 387]], [[751, 388]], [[752, 389]], [[753, 390]], [[754, 391]], [[755, 392]], [[756, 393]], [[757, 394]], [[758, 394]], [[759, 395]], [[760, 395]], [[761, 395]], [[762, 396]], [[763, 396]], [[764, 396]], [[765, 396]], [[766, 395]], [[767, 395]], [[768, 394]], [[769, 394]], [[770, 393]], [[771, 393]], [[772, 392]], [[773, 392]], [[774, 391]], [[775, 391]], [[776, 390]], [[777, 390]], [[778, 390]], [[779, 389]], [[780, 389]], [[781, 388]], [[782, 388]], [[783, 387]], [[784, 387]], [[785, 386]], [[786, 386]], [[787, 385]], [[788, 384]], [[789, 384]], [[790, 384]], [[791, 384]], [[792, 384]], [[793, 384]], [[794, 384]], [[795, 384]], [[796, 383]], [[797, 383]], [[798, 382]], [[799, 381]], [[800, 380]], [[801, 379]], [[802, 378]], [[802, 377]], [[802, 376]], [[803, 375]], [[804, 374]], [[805, 373]], [[806, 372]], [[806, 371]], [[807, 370]], [[808, 369]], [[808, 368]], [[809, 367]], [[809, 366]], [[810, 365]], [[811, 365]], [[812, 364]], [[813, 363]], [[813, 362]], [[813, 361]], [[814, 360]], [[815, 359]], [[816, 359]], [[816, 358]], [[816, 357]], [[816, 356]], [[817, 355]], [[817, 354]], [[818, 353]], [[818, 352]], [[818, 351]], [[817, 351]], [[816, 350]], [[816, 349]], [[816, 348]], [[816, 347]], [[817, 346]], [[818, 346]], [[818, 345]], [[818, 344]], [[818, 343]], [[817, 342]], [[817, 341]], [[817, 340]], [[816, 339]], [[816, 338]], [[815, 337]], [[815, 336]], [[814, 335]], [[814, 334]], [[813, 333]], [[812, 332]], [[811, 331]], [[810, 330]], [[809, 329]], [[808, 329]], [[807, 329]], [[806, 329]], [[805, 329]], [[804, 328]], [[803, 328]], [[802, 328]], [[801, 327]], [[800, 326]], [[799, 326]], [[798, 325]], [[797, 325]], [[796, 325]], [[795, 325]], [[794, 325]], [[793, 324]], [[792, 324]], [[791, 324]], [[790, 323]], [[789, 323]], [[788, 323]], [[787, 323]], [[786, 322]], [[785, 322]], [[784, 322]], [[783, 322]], [[782, 322]], [[781, 322]], [[780, 322]], [[779, 321]], [[779, 320]]]","[[], [[[731, 339], [730, 340], [731, 341], [732, 342], [733, 343], [733, 344], [733, 345], [733, 346], [733, 347], [733, 348], [733, 349], [734, 350], [735, 350], [736, 351], [737, 351], [736, 350], [736, 349], [735, 348], [734, 347], [733, 346], [734, 345], [735, 345], [735, 344], [734, 343], [734, 342], [733, 342], [732, 341], [732, 340]]]]","[[], 210]"
124,124,"[[[164, 319]], [[163, 320]], [[162, 320]], [[161, 321]], [[161, 322]], [[160, 323]], [[160, 324]], [[159, 325]], [[159, 326]], [[159, 327]], [[159, 328]], [[158, 329]], [[157, 330]], [[156, 331]], [[155, 331]], [[154, 331]], [[153, 331]], [[152, 332]], [[151, 332]], [[150, 333]], [[149, 334]], [[150, 335]], [[150, 336]], [[151, 337]], [[152, 338]], [[151, 339]], [[150, 339]], [[149, 339]], [[148, 339]], [[147, 339]], [[146, 339]], [[145, 339]], [[144, 339]], [[143, 339]], [[142, 340]], [[141, 340]], [[140, 339]], [[139, 340]], [[138, 340]], [[137, 340]], [[136, 341]], [[135, 341]], [[134, 342]], [[134, 343]], [[134, 344]], [[134, 345]], [[134, 346]], [[134, 347]], [[135, 348]], [[135, 349]], [[135, 350]], [[136, 351]], [[136, 352]], [[136, 353]], [[136, 354]], [[136, 355]], [[135, 356]], [[134, 355]], [[133, 356]], [[132, 357]], [[132, 358]], [[132, 359]], [[131, 360]], [[132, 361]], [[132, 362]], [[133, 363]], [[133, 364]], [[134, 365]], [[134, 366]], [[135, 367]], [[135, 368]], [[135, 369]], [[136, 370]], [[137, 371]], [[137, 372]], [[137, 373]], [[137, 374]], [[138, 375]], [[137, 376]], [[137, 377]], [[136, 378]], [[136, 379]], [[135, 380]], [[135, 381]], [[134, 382]], [[134, 383]], [[134, 384]], [[133, 385]], [[132, 385]], [[131, 384]], [[130, 383]], [[129, 382]], [[128, 382]], [[127, 381]], [[126, 380]], [[126, 379]], [[125, 378]], [[125, 377]], [[125, 376]], [[126, 375]], [[126, 374]], [[126, 373]], [[126, 372]], [[125, 373]], [[124, 373]], [[123, 373]], [[122, 372]], [[121, 372]], [[120, 371]], [[119, 372]], [[118, 372]], [[117, 372]], [[116, 372]], [[115, 372]], [[114, 372]], [[113, 371]], [[112, 371]], [[111, 371]], [[110, 371]], [[109, 371]], [[108, 371]], [[107, 371]], [[106, 371]], [[105, 372]], [[104, 373]], [[103, 373]], [[103, 374]], [[102, 375]], [[101, 375]], [[100, 376]], [[99, 377]], [[98, 378]], [[97, 378]], [[97, 379]], [[96, 380]], [[95, 380]], [[94, 381]], [[94, 382]], [[93, 383]], [[92, 384]], [[91, 385]], [[91, 386]], [[91, 387]], [[91, 388]], [[92, 389]], [[93, 390]], [[94, 391]], [[94, 392]], [[94, 393]], [[95, 394]], [[95, 395]], [[95, 396]], [[96, 397]], [[96, 398]], [[96, 399]], [[96, 400]], [[96, 401]], [[95, 402]], [[95, 403]], [[95, 404]], [[95, 405]], [[95, 406]], [[95, 407]], [[96, 408]], [[96, 409]], [[96, 410]], [[96, 411]], [[97, 412]], [[97, 413]], [[98, 414]], [[99, 414]], [[100, 415]], [[101, 416]], [[101, 417]], [[102, 417]], [[103, 417]], [[104, 417]], [[105, 417]], [[105, 416]], [[104, 415]], [[103, 414]], [[103, 413]], [[104, 412]], [[105, 412]], [[106, 411]], [[107, 412]], [[108, 413]], [[108, 414]], [[108, 415]], [[107, 416]], [[107, 417]], [[108, 417]], [[109, 418]], [[110, 418]], [[111, 419]], [[112, 420]], [[112, 421]], [[113, 422]], [[114, 423]], [[115, 423]], [[116, 424]], [[116, 425]], [[117, 426]], [[118, 427]], [[119, 427]], [[120, 427]], [[121, 427]], [[122, 428]], [[123, 428]], [[124, 428]], [[125, 429]], [[126, 430]], [[126, 431]], [[126, 432]], [[125, 433]], [[124, 434]], [[124, 435]], [[124, 436]], [[124, 437]], [[125, 438]], [[125, 439]], [[125, 440]], [[126, 441]], [[127, 442]], [[127, 443]], [[128, 444]], [[128, 445]], [[129, 445]], [[130, 446]], [[131, 446]], [[132, 446]], [[133, 446]], [[134, 445]], [[135, 445]], [[136, 445]], [[137, 445]], [[138, 446]], [[139, 447]], [[140, 448]], [[140, 449]], [[141, 450]], [[141, 451]], [[142, 452]], [[143, 453]], [[144, 453]], [[145, 454]], [[146, 454]], [[147, 455]], [[148, 456]], [[149, 457]], [[150, 457]], [[151, 458]], [[152, 458]], [[153, 458]], [[154, 458]], [[155, 458]], [[156, 459]], [[157, 459]], [[158, 459]], [[159, 460]], [[160, 461]], [[161, 462]], [[162, 463]], [[163, 463]], [[164, 463]], [[165, 463]], [[166, 463]], [[167, 463]], [[168, 463]], [[169, 463]], [[170, 463]], [[171, 463]], [[172, 462]], [[173, 462]], [[174, 462]], [[175, 461]], [[176, 461]], [[177, 461]], [[178, 460]], [[179, 460]], [[180, 459]], [[181, 459]], [[182, 459]], [[183, 458]], [[184, 458]], [[185, 458]], [[186, 458]], [[186, 457]], [[187, 456]], [[188, 455]], [[189, 456]], [[190, 456]], [[191, 456]], [[192, 455]], [[193, 455]], [[194, 454]], [[195, 454]], [[196, 453]], [[197, 452]], [[198, 451]], [[198, 450]], [[199, 449]], [[199, 448]], [[200, 447]], [[200, 446]], [[200, 445]], [[201, 444]], [[201, 443]], [[201, 442]], [[201, 441]], [[201, 440]], [[201, 439]], [[201, 438]], [[201, 437]], [[200, 436]], [[200, 435]], [[200, 434]], [[199, 433]], [[199, 432]], [[199, 431]], [[199, 430]], [[199, 429]], [[200, 428]], [[201, 427]], [[201, 426]], [[201, 425]], [[201, 424]], [[202, 423]], [[202, 422]], [[202, 421]], [[202, 420]], [[201, 419]], [[201, 418]], [[201, 417]], [[201, 416]], [[201, 415]], [[201, 414]], [[201, 413]], [[201, 412]], [[201, 411]], [[201, 410]], [[201, 409]], [[200, 409]], [[199, 408]], [[199, 407]], [[199, 406]], [[199, 405]], [[200, 404]], [[201, 404]], [[202, 403]], [[203, 404]], [[204, 403]], [[205, 403]], [[205, 402]], [[205, 401]], [[205, 400]], [[205, 399]], [[204, 398]], [[204, 397]], [[204, 396]], [[204, 395]], [[204, 394]], [[204, 393]], [[204, 392]], [[204, 391]], [[204, 390]], [[205, 389]], [[206, 389]], [[206, 388]], [[207, 387]], [[207, 386]], [[207, 385]], [[207, 384]], [[207, 383]], [[206, 382]], [[207, 381]], [[206, 380]], [[206, 379]], [[206, 378]], [[206, 377]], [[206, 376]], [[206, 375]], [[206, 374]], [[206, 373]], [[206, 372]], [[206, 371]], [[206, 370]], [[206, 369]], [[206, 368]], [[206, 367]], [[206, 366]], [[206, 365]], [[206, 364]], [[205, 363]], [[205, 362]], [[204, 361]], [[204, 360]], [[203, 360]], [[202, 359]], [[202, 358]], [[201, 358]], [[200, 357]], [[199, 356]], [[198, 355]], [[197, 354]], [[196, 354]], [[195, 354]], [[194, 354]], [[193, 353]], [[192, 353]], [[191, 353]], [[190, 353]], [[189, 353]], [[188, 353]], [[187, 353]], [[186, 353]], [[185, 352]], [[184, 352]], [[183, 352]], [[182, 352]], [[181, 352]], [[180, 351]], [[179, 351]], [[178, 352]], [[177, 353]], [[176, 353]], [[175, 353]], [[174, 353]], [[173, 353]], [[172, 354]], [[171, 353]], [[170, 353]], [[169, 352]], [[168, 352]], [[167, 351]], [[167, 350]], [[166, 349]], [[165, 348]], [[164, 347]], [[165, 346]], [[166, 346]], [[167, 346]], [[168, 346]], [[169, 346]], [[170, 346]], [[171, 345]], [[171, 344]], [[172, 343]], [[173, 342]], [[174, 342]], [[175, 341]], [[176, 341]], [[177, 341]], [[178, 342]], [[179, 343]], [[180, 344]], [[181, 344]], [[182, 345]], [[183, 345]], [[184, 344]], [[185, 345]], [[186, 345]], [[187, 345]], [[188, 344]], [[189, 343]], [[189, 342]], [[189, 341]], [[190, 340]], [[190, 339]], [[190, 338]], [[189, 337]], [[189, 336]], [[188, 335]], [[187, 334]], [[186, 333]], [[185, 332]], [[184, 331]], [[183, 330]], [[183, 329]], [[182, 328]], [[181, 327]], [[180, 326]], [[179, 325]], [[178, 324]], [[177, 324]], [[176, 324]], [[175, 323]], [[175, 322]], [[174, 321]], [[174, 320]], [[173, 320]], [[172, 320]], [[171, 320]], [[170, 320]], [[169, 320]], [[168, 320]], [[167, 319]], [[166, 320]], [[165, 319]]]","[[[[140, 332], [139, 333], [140, 333], [141, 334], [142, 335], [143, 336], [143, 337], [144, 337], [145, 337], [146, 337], [147, 337], [148, 338], [149, 338], [150, 338], [151, 338], [150, 337], [149, 336], [149, 335], [148, 334], [147, 333], [146, 334], [145, 334], [144, 334], [143, 334], [142, 333], [141, 332]]], [], [[[91, 383], [91, 384], [90, 385], [89, 386], [89, 387], [90, 388], [90, 389], [91, 390], [90, 391], [89, 392], [88, 392], [87, 393], [88, 394], [89, 394], [90, 395], [91, 396], [92, 397], [93, 397], [94, 397], [94, 396], [94, 395], [94, 394], [93, 393], [93, 392], [93, 391], [92, 390], [91, 389], [90, 388], [90, 387], [90, 386], [90, 385], [91, 384]]], [[[199, 450], [199, 451], [198, 452], [198, 453], [199, 453], [200, 454], [199, 455], [198, 455], [197, 455], [196, 455], [195, 456], [195, 457], [196, 458], [197, 459], [198, 460], [198, 461], [199, 462], [199, 463], [199, 464], [200, 465], [200, 466], [200, 467], [201, 467], [202, 468], [202, 469], [202, 470], [203, 471], [204, 472], [205, 472], [206, 473], [207, 473], [208, 473], [209, 472], [210, 472], [209, 471], [209, 470], [208, 469], [207, 468], [206, 468], [205, 467], [204, 466], [204, 465], [203, 464], [202, 463], [201, 462], [201, 461], [201, 460], [201, 459], [201, 458], [200, 457], [200, 456], [200, 455], [200, 454], [200, 453], [200, 452], [200, 451], [200, 450]]], [[[205, 391], [205, 392], [205, 393], [205, 394], [205, 395], [205, 396], [205, 397], [205, 398], [206, 399], [206, 400], [206, 401], [206, 402], [206, 403], [205, 404], [205, 405], [204, 406], [203, 407], [202, 407], [201, 406], [200, 405], [200, 406], [200, 407], [200, 408], [201, 408], [202, 409], [203, 410], [202, 411], [202, 412], [202, 413], [202, 414], [202, 415], [202, 416], [202, 417], [202, 418], [202, 419], [203, 419], [204, 419], [203, 418], [203, 417], [203, 416], [203, 415], [203, 414], [203, 413], [203, 412], [204, 411], [204, 410], [204, 409], [205, 408], [206, 407], [206, 406], [207, 405], [208, 404], [208, 403], [207, 402], [207, 401], [207, 400], [208, 399], [209, 399], [209, 398], [210, 397], [210, 396], [210, 395], [210, 394], [209, 394], [208, 395], [207, 394], [207, 393], [207, 392], [206, 391]]], [[[196, 349], [196, 350], [197, 350], [198, 351], [197, 352], [197, 353], [197, 352], [198, 351], [199, 352], [199, 353], [199, 354], [199, 355], [199, 354], [199, 353], [200, 352], [201, 352], [202, 353], [203, 353], [204, 354], [205, 355], [206, 355], [207, 355], [207, 354], [206, 354], [205, 353], [204, 352], [203, 351], [202, 351], [201, 351], [200, 350], [199, 350], [198, 349], [197, 349]]], [[[175, 342], [174, 343], [173, 343], [172, 344], [172, 345], [173, 346], [174, 346], [175, 346], [176, 346], [177, 346], [178, 347], [179, 348], [179, 349], [180, 350], [181, 351], [182, 351], [183, 351], [184, 350], [185, 351], [186, 352], [186, 351], [187, 350], [188, 351], [189, 351], [190, 352], [191, 352], [192, 352], [193, 352], [194, 353], [195, 353], [195, 352], [194, 351], [193, 350], [192, 349], [191, 349], [190, 350], [189, 351], [188, 350], [188, 349], [187, 348], [186, 347], [185, 346], [184, 345], [184, 346], [184, 347], [185, 348], [186, 349], [185, 350], [184, 350], [183, 349], [182, 348], [181, 347], [181, 346], [181, 345], [180, 345], [179, 344], [178, 343], [177, 342], [176, 342]]]]","[211, [], 212, 213, 197, 215, 216]"
125,125,"[[[99, 317]], [[99, 318]], [[99, 319]], [[99, 320]], [[99, 321]], [[100, 322]], [[100, 323]], [[100, 324]], [[101, 325]], [[102, 325]], [[103, 325]], [[104, 325]], [[105, 326]], [[106, 326]], [[107, 325]], [[108, 324]], [[109, 324]], [[110, 323]], [[111, 322]], [[112, 321]], [[113, 321]], [[114, 320]], [[114, 319]], [[114, 318]], [[113, 318]], [[112, 318]], [[111, 318]], [[110, 318]], [[109, 318]], [[108, 318]], [[107, 317]], [[106, 317]], [[105, 317]], [[104, 317]], [[103, 317]], [[102, 317]], [[101, 317]], [[100, 317]]]",[[]],[]
126,126,"[[[255, 311]], [[254, 312]], [[253, 312]], [[252, 312]], [[251, 312]], [[250, 312]], [[249, 313]], [[248, 314]], [[247, 315]], [[247, 316]], [[246, 317]], [[246, 318]], [[245, 319]], [[244, 319]], [[243, 319]], [[242, 319]], [[241, 319]], [[240, 319]], [[239, 319]], [[238, 319]], [[237, 319]], [[236, 318]], [[235, 318]], [[234, 318]], [[233, 319]], [[232, 319]], [[231, 319]], [[230, 320]], [[229, 321]], [[228, 321]], [[228, 322]], [[227, 323]], [[226, 324]], [[225, 324]], [[224, 325]], [[224, 326]], [[224, 327]], [[223, 328]], [[223, 329]], [[223, 330]], [[223, 331]], [[222, 332]], [[222, 333]], [[222, 334]], [[222, 335]], [[222, 336]], [[222, 337]], [[222, 338]], [[222, 339]], [[222, 340]], [[222, 341]], [[222, 342]], [[222, 343]], [[223, 344]], [[223, 345]], [[223, 346]], [[224, 347]], [[224, 348]], [[224, 349]], [[224, 350]], [[225, 351]], [[226, 352]], [[227, 353]], [[228, 353]], [[229, 353]], [[230, 353]], [[231, 353]], [[232, 354]], [[233, 354]], [[234, 355]], [[235, 355]], [[236, 356]], [[237, 356]], [[238, 357]], [[239, 358]], [[240, 358]], [[241, 357]], [[242, 357]], [[243, 358]], [[244, 358]], [[245, 358]], [[246, 358]], [[247, 358]], [[248, 358]], [[249, 358]], [[250, 357]], [[251, 357]], [[252, 356]], [[253, 356]], [[254, 355]], [[255, 355]], [[256, 354]], [[257, 354]], [[257, 353]], [[258, 352]], [[258, 351]], [[259, 350]], [[260, 349]], [[261, 348]], [[261, 347]], [[262, 346]], [[263, 345]], [[264, 344]], [[264, 343]], [[264, 342]], [[263, 341]], [[263, 340]], [[263, 339]], [[263, 338]], [[262, 337]], [[262, 336]], [[262, 335]], [[262, 334]], [[262, 333]], [[262, 332]], [[262, 331]], [[263, 330]], [[264, 330]], [[265, 329]], [[266, 329]], [[265, 329]], [[264, 328]], [[264, 327]], [[264, 326]], [[264, 325]], [[265, 324]], [[265, 323]], [[266, 322]], [[267, 321]], [[268, 320]], [[268, 319]], [[267, 318]], [[267, 317]], [[266, 316]], [[265, 315]], [[264, 314]], [[263, 313]], [[262, 312]], [[261, 312]], [[260, 311]], [[259, 311]], [[258, 311]], [[257, 311]], [[256, 311]]]",[[]],[]
127,127,"[[[434, 309]], [[433, 310]], [[432, 310]], [[431, 311]], [[430, 311]], [[430, 312]], [[429, 313]], [[428, 314]], [[428, 315]], [[427, 316]], [[427, 317]], [[426, 318]], [[425, 319]], [[425, 320]], [[425, 321]], [[424, 322]], [[423, 323]], [[422, 323]], [[421, 324]], [[420, 325]], [[419, 324]], [[418, 324]], [[417, 324]], [[416, 324]], [[415, 323]], [[414, 323]], [[413, 323]], [[412, 322]], [[411, 322]], [[410, 322]], [[409, 322]], [[408, 322]], [[407, 323]], [[406, 323]], [[405, 324]], [[404, 324]], [[403, 325]], [[403, 326]], [[402, 327]], [[402, 328]], [[401, 329]], [[401, 330]], [[400, 331]], [[400, 332]], [[399, 333]], [[398, 333]], [[398, 334]], [[398, 335]], [[398, 336]], [[398, 337]], [[398, 338]], [[399, 339]], [[399, 340]], [[399, 341]], [[400, 342]], [[400, 343]], [[400, 344]], [[401, 345]], [[400, 346]], [[399, 347]], [[399, 348]], [[399, 349]], [[399, 350]], [[398, 351]], [[397, 352]], [[397, 353]], [[397, 354]], [[397, 355]], [[398, 356]], [[398, 357]], [[398, 358]], [[398, 359]], [[398, 360]], [[398, 361]], [[399, 362]], [[399, 363]], [[399, 364]], [[400, 365]], [[401, 365]], [[402, 366]], [[403, 367]], [[404, 368]], [[405, 368]], [[406, 369]], [[407, 370]], [[408, 371]], [[409, 371]], [[410, 371]], [[411, 371]], [[412, 371]], [[413, 371]], [[414, 371]], [[415, 371]], [[416, 371]], [[417, 371]], [[418, 371]], [[419, 371]], [[420, 371]], [[421, 371]], [[422, 372]], [[423, 371]], [[424, 371]], [[425, 372]], [[426, 373]], [[426, 374]], [[426, 375]], [[427, 376]], [[428, 376]], [[429, 376]], [[430, 376]], [[431, 376]], [[432, 377]], [[433, 377]], [[434, 376]], [[435, 376]], [[436, 376]], [[437, 375]], [[438, 375]], [[439, 375]], [[440, 375]], [[441, 374]], [[442, 374]], [[443, 373]], [[444, 373]], [[445, 373]], [[446, 372]], [[447, 372]], [[448, 372]], [[449, 372]], [[450, 372]], [[451, 371]], [[452, 371]], [[453, 370]], [[454, 369]], [[455, 369]], [[456, 368]], [[457, 368]], [[458, 368]], [[459, 367]], [[460, 367]], [[461, 367]], [[462, 366]], [[463, 365]], [[464, 365]], [[465, 364]], [[466, 363]], [[467, 362]], [[467, 361]], [[467, 360]], [[467, 359]], [[468, 358]], [[468, 357]], [[469, 356]], [[469, 355]], [[470, 354]], [[471, 353]], [[471, 352]], [[471, 351]], [[470, 350]], [[470, 349]], [[470, 348]], [[470, 347]], [[470, 346]], [[470, 345]], [[470, 344]], [[470, 343]], [[469, 342]], [[469, 341]], [[469, 340]], [[468, 339]], [[467, 338]], [[467, 337]], [[466, 336]], [[465, 335]], [[465, 334]], [[464, 333]], [[464, 332]], [[463, 331]], [[462, 330]], [[462, 329]], [[461, 328]], [[460, 327]], [[460, 326]], [[459, 326]], [[458, 325]], [[457, 324]], [[456, 324]], [[455, 323]], [[454, 322]], [[453, 322]], [[452, 321]], [[451, 321]], [[450, 322]], [[449, 322]], [[448, 322]], [[447, 321]], [[446, 321]], [[445, 321]], [[444, 320]], [[444, 319]], [[444, 318]], [[444, 317]], [[444, 316]], [[445, 315]], [[444, 314]], [[444, 313]], [[443, 312]], [[442, 311]], [[441, 311]], [[440, 310]], [[439, 310]], [[438, 310]], [[437, 309]], [[436, 309]], [[435, 309]]]","[[[[434, 306], [433, 307], [432, 307], [431, 308], [430, 309], [430, 310], [429, 311], [428, 311], [427, 311], [426, 311], [425, 311], [424, 312], [424, 313], [425, 313], [426, 314], [426, 315], [426, 316], [426, 317], [425, 318], [426, 317], [426, 316], [427, 315], [427, 314], [428, 313], [429, 312], [429, 311], [430, 310], [431, 309], [432, 309], [433, 309], [434, 308], [435, 308], [436, 308], [437, 308], [438, 308], [439, 308], [440, 309], [441, 310], [442, 310], [443, 311], [444, 312], [445, 313], [445, 314], [446, 315], [447, 315], [447, 314], [446, 313], [446, 312], [446, 311], [446, 310], [445, 309], [444, 309], [443, 309], [442, 308], [441, 308], [440, 307], [439, 307], [438, 307], [437, 306], [436, 306], [435, 306]]], [], [[[395, 351], [395, 352], [394, 353], [393, 353], [393, 354], [394, 355], [395, 356], [395, 357], [396, 358], [396, 359], [397, 360], [397, 361], [397, 362], [397, 363], [398, 364], [397, 365], [398, 366], [399, 367], [399, 368], [399, 369], [400, 369], [401, 370], [402, 371], [403, 371], [404, 371], [405, 372], [406, 373], [407, 373], [408, 373], [408, 372], [407, 371], [406, 370], [405, 369], [404, 369], [403, 368], [402, 367], [401, 366], [400, 366], [399, 365], [398, 364], [398, 363], [397, 362], [397, 361], [397, 360], [397, 359], [397, 358], [397, 357], [397, 356], [396, 355], [396, 354], [396, 353], [395, 352]]], [[[413, 372], [413, 373], [414, 374], [415, 374], [416, 375], [417, 375], [418, 376], [419, 377], [420, 378], [421, 378], [422, 379], [423, 380], [424, 380], [425, 381], [426, 382], [427, 382], [428, 381], [429, 381], [430, 380], [431, 381], [431, 382], [432, 382], [433, 382], [433, 381], [432, 381], [431, 381], [430, 380], [431, 379], [430, 379], [429, 378], [428, 378], [427, 377], [426, 377], [425, 378], [424, 379], [423, 379], [422, 378], [421, 377], [420, 376], [419, 375], [418, 375], [417, 375], [416, 375], [415, 374], [415, 373], [416, 372], [417, 372], [418, 372], [419, 373], [420, 373], [420, 372], [419, 372], [418, 372], [417, 372], [416, 372], [415, 372], [414, 372]]]]","[217, [], 218, 201]"
128,128,"[[[571, 308]], [[570, 309]], [[569, 309]], [[568, 309]], [[567, 310]], [[566, 311]], [[565, 311]], [[564, 311]], [[563, 311]], [[562, 311]], [[561, 311]], [[560, 312]], [[559, 312]], [[558, 312]], [[557, 312]], [[556, 313]], [[555, 313]], [[555, 314]], [[554, 315]], [[553, 315]], [[552, 314]], [[551, 314]], [[550, 315]], [[549, 315]], [[548, 316]], [[547, 317]], [[547, 318]], [[546, 319]], [[545, 320]], [[545, 321]], [[544, 322]], [[543, 323]], [[542, 324]], [[541, 325]], [[541, 326]], [[540, 327]], [[539, 328]], [[539, 329]], [[538, 330]], [[537, 331]], [[537, 332]], [[536, 333]], [[536, 334]], [[535, 335]], [[535, 336]], [[534, 337]], [[534, 338]], [[534, 339]], [[534, 340]], [[534, 341]], [[534, 342]], [[534, 343]], [[534, 344]], [[535, 345]], [[535, 346]], [[535, 347]], [[535, 348]], [[535, 349]], [[535, 350]], [[535, 351]], [[535, 352]], [[536, 352]], [[537, 353]], [[537, 354]], [[537, 355]], [[537, 356]], [[537, 357]], [[536, 358]], [[536, 359]], [[536, 360]], [[536, 359]], [[536, 358]], [[537, 357]], [[538, 357]], [[539, 358]], [[540, 359]], [[541, 360]], [[541, 361]], [[542, 361]], [[543, 362]], [[544, 363]], [[544, 364]], [[544, 365]], [[545, 365]], [[546, 365]], [[547, 366]], [[548, 366]], [[549, 366]], [[550, 366]], [[551, 366]], [[552, 367]], [[553, 367]], [[554, 367]], [[555, 367]], [[556, 367]], [[557, 367]], [[558, 367]], [[559, 367]], [[560, 366]], [[561, 367]], [[562, 368]], [[563, 369]], [[564, 369]], [[565, 370]], [[566, 371]], [[566, 372]], [[567, 373]], [[567, 374]], [[567, 375]], [[568, 376]], [[569, 376]], [[570, 377]], [[571, 378]], [[572, 378]], [[573, 378]], [[574, 379]], [[575, 380]], [[575, 381]], [[575, 382]], [[575, 383]], [[574, 384]], [[575, 385]], [[576, 386]], [[577, 386]], [[578, 386]], [[579, 386]], [[580, 385]], [[581, 384]], [[582, 383]], [[583, 382]], [[584, 382]], [[585, 381]], [[586, 381]], [[587, 381]], [[588, 381]], [[589, 381]], [[590, 381]], [[591, 380]], [[592, 380]], [[593, 380]], [[594, 379]], [[595, 378]], [[596, 377]], [[596, 376]], [[597, 375]], [[597, 374]], [[598, 373]], [[598, 372]], [[599, 371]], [[600, 370]], [[600, 369]], [[601, 368]], [[602, 367]], [[602, 366]], [[603, 365]], [[603, 364]], [[604, 363]], [[604, 362]], [[605, 361]], [[606, 360]], [[607, 359]], [[608, 358]], [[608, 357]], [[609, 356]], [[609, 355]], [[610, 354]], [[610, 353]], [[610, 352]], [[611, 351]], [[611, 350]], [[612, 349]], [[613, 349]], [[614, 349]], [[614, 348]], [[615, 347]], [[615, 346]], [[616, 345]], [[617, 344]], [[618, 343]], [[618, 342]], [[618, 341]], [[618, 340]], [[618, 339]], [[619, 338]], [[619, 337]], [[619, 336]], [[620, 335]], [[620, 334]], [[620, 333]], [[621, 332]], [[621, 331]], [[621, 330]], [[621, 329]], [[621, 328]], [[620, 327]], [[620, 326]], [[620, 325]], [[619, 325]], [[618, 324]], [[617, 323]], [[617, 322]], [[616, 321]], [[615, 320]], [[615, 319]], [[614, 318]], [[613, 317]], [[612, 316]], [[611, 315]], [[610, 315]], [[609, 314]], [[608, 314]], [[607, 313]], [[606, 313]], [[605, 313]], [[604, 313]], [[603, 314]], [[602, 315]], [[602, 316]], [[601, 317]], [[600, 318]], [[599, 319]], [[598, 320]], [[597, 320]], [[597, 321]], [[596, 322]], [[595, 322]], [[594, 323]], [[593, 323]], [[592, 323]], [[591, 322]], [[590, 322]], [[589, 321]], [[588, 320]], [[587, 319]], [[586, 318]], [[585, 317]], [[584, 316]], [[583, 315]], [[582, 314]], [[581, 313]], [[580, 312]], [[579, 311]], [[578, 310]], [[578, 309]], [[577, 309]], [[576, 308]], [[575, 308]], [[574, 308]], [[573, 308]], [[572, 308]]]","[[], [[[622, 347], [621, 348], [620, 349], [619, 349], [618, 349], [617, 350], [616, 350], [615, 350], [614, 350], [613, 350], [612, 350], [612, 351], [611, 352], [611, 353], [611, 354], [610, 355], [610, 356], [610, 357], [611, 357], [612, 356], [612, 355], [612, 354], [613, 353], [614, 352], [615, 351], [616, 351], [617, 352], [618, 353], [619, 353], [620, 354], [621, 355], [621, 356], [621, 357], [621, 358], [622, 358], [623, 358], [623, 357], [622, 356], [622, 355], [621, 354], [621, 353], [621, 352], [621, 351], [621, 350], [622, 349], [623, 348], [623, 347]]], [[[622, 329], [622, 330], [622, 331], [622, 332], [621, 333], [621, 334], [621, 335], [620, 336], [620, 337], [620, 338], [619, 339], [619, 340], [619, 341], [619, 342], [619, 343], [619, 344], [620, 344], [621, 343], [622, 343], [623, 343], [624, 343], [625, 344], [626, 343], [625, 343], [624, 343], [623, 343], [622, 343], [621, 342], [622, 341], [622, 340], [622, 339], [623, 338], [624, 338], [625, 337], [626, 336], [626, 335], [626, 334], [626, 333], [626, 332], [625, 331], [625, 330], [624, 329], [623, 329]]]]","[[], 220, 221]"
129,129,"[[[680, 298]], [[679, 299]], [[678, 300]], [[677, 301]], [[676, 301]], [[675, 301]], [[674, 301]], [[673, 301]], [[672, 300]], [[671, 300]], [[670, 301]], [[669, 301]], [[668, 301]], [[667, 301]], [[666, 301]], [[665, 301]], [[664, 301]], [[663, 301]], [[662, 301]], [[661, 302]], [[660, 303]], [[659, 304]], [[658, 305]], [[658, 306]], [[657, 307]], [[656, 308]], [[655, 309]], [[654, 310]], [[653, 310]], [[652, 310]], [[651, 309]], [[650, 309]], [[649, 308]], [[648, 308]], [[647, 308]], [[646, 309]], [[645, 309]], [[644, 310]], [[643, 310]], [[642, 311]], [[641, 312]], [[640, 312]], [[639, 312]], [[638, 312]], [[637, 313]], [[636, 314]], [[635, 314]], [[634, 315]], [[633, 316]], [[632, 317]], [[631, 317]], [[630, 318]], [[629, 318]], [[629, 319]], [[628, 320]], [[627, 321]], [[627, 322]], [[627, 323]], [[626, 324]], [[625, 325]], [[625, 326]], [[625, 327]], [[624, 328]], [[625, 329]], [[626, 330]], [[626, 331]], [[627, 332]], [[627, 333]], [[627, 334]], [[627, 335]], [[627, 336]], [[627, 337]], [[628, 338]], [[629, 339]], [[629, 340]], [[629, 341]], [[629, 342]], [[629, 343]], [[629, 344]], [[628, 345]], [[627, 345]], [[626, 346]], [[625, 347]], [[624, 348]], [[623, 349]], [[622, 350]], [[622, 351]], [[622, 352]], [[622, 353]], [[622, 354]], [[623, 355]], [[623, 356]], [[624, 357]], [[624, 358]], [[625, 359]], [[624, 360]], [[624, 361]], [[624, 362]], [[625, 363]], [[625, 364]], [[624, 365]], [[624, 366]], [[624, 367]], [[624, 368]], [[625, 369]], [[626, 370]], [[625, 371]], [[625, 372]], [[625, 373]], [[625, 374]], [[624, 375]], [[623, 375]], [[624, 376]], [[624, 377]], [[625, 378]], [[625, 379]], [[626, 380]], [[627, 381]], [[628, 381]], [[629, 382]], [[630, 383]], [[631, 384]], [[631, 385]], [[632, 386]], [[633, 387]], [[633, 388]], [[634, 389]], [[634, 390]], [[634, 391]], [[635, 392]], [[635, 393]], [[635, 394]], [[635, 395]], [[635, 396]], [[635, 397]], [[635, 398]], [[634, 399]], [[634, 400]], [[634, 401]], [[633, 402]], [[633, 403]], [[633, 404]], [[633, 405]], [[633, 406]], [[633, 407]], [[634, 408]], [[633, 409]], [[633, 410]], [[633, 411]], [[634, 412]], [[634, 413]], [[634, 414]], [[634, 415]], [[635, 416]], [[635, 417]], [[636, 417]], [[637, 418]], [[638, 418]], [[639, 418]], [[640, 419]], [[641, 419]], [[642, 419]], [[643, 418]], [[644, 417]], [[645, 416]], [[646, 415]], [[647, 414]], [[648, 414]], [[649, 414]], [[650, 414]], [[651, 415]], [[652, 416]], [[652, 417]], [[652, 418]], [[653, 419]], [[653, 420]], [[652, 421]], [[651, 422]], [[650, 421]], [[650, 422]], [[650, 423]], [[651, 424]], [[651, 425]], [[651, 426]], [[651, 427]], [[652, 427]], [[653, 427]], [[654, 427]], [[655, 428]], [[656, 428]], [[657, 428]], [[658, 428]], [[659, 428]], [[660, 427]], [[661, 427]], [[662, 426]], [[663, 426]], [[664, 426]], [[665, 425]], [[666, 425]], [[667, 425]], [[668, 424]], [[669, 424]], [[670, 423]], [[671, 423]], [[672, 423]], [[673, 423]], [[674, 422]], [[675, 421]], [[676, 421]], [[677, 421]], [[678, 420]], [[679, 419]], [[680, 419]], [[681, 420]], [[681, 421]], [[681, 422]], [[680, 423]], [[679, 424]], [[679, 425]], [[679, 426]], [[679, 427]], [[679, 428]], [[679, 429]], [[680, 430]], [[680, 431]], [[680, 432]], [[681, 433]], [[682, 433]], [[683, 434]], [[684, 434]], [[685, 435]], [[686, 435]], [[687, 435]], [[688, 435]], [[689, 435]], [[690, 434]], [[691, 434]], [[692, 433]], [[693, 432]], [[694, 431]], [[695, 430]], [[695, 429]], [[696, 428]], [[696, 427]], [[696, 426]], [[696, 425]], [[697, 424]], [[697, 423]], [[698, 422]], [[698, 421]], [[698, 420]], [[699, 419]], [[700, 418]], [[701, 417]], [[702, 416]], [[703, 415]], [[704, 415]], [[705, 414]], [[705, 413]], [[706, 412]], [[707, 411]], [[708, 410]], [[708, 409]], [[709, 408]], [[709, 407]], [[710, 406]], [[711, 405]], [[712, 405]], [[713, 406]], [[714, 406]], [[715, 406]], [[716, 406]], [[717, 406]], [[718, 406]], [[719, 406]], [[720, 405]], [[721, 404]], [[722, 403]], [[722, 402]], [[722, 401]], [[722, 400]], [[723, 399]], [[723, 398]], [[723, 397]], [[723, 396]], [[723, 395]], [[723, 394]], [[722, 393]], [[722, 392]], [[721, 391]], [[720, 391]], [[719, 390]], [[718, 389]], [[718, 388]], [[718, 387]], [[718, 386]], [[718, 385]], [[718, 384]], [[718, 383]], [[718, 382]], [[719, 381]], [[720, 381]], [[721, 382]], [[722, 382]], [[723, 382]], [[724, 382]], [[725, 381]], [[726, 381]], [[727, 380]], [[727, 379]], [[728, 378]], [[728, 377]], [[728, 376]], [[729, 375]], [[730, 374]], [[730, 373]], [[730, 372]], [[730, 371]], [[729, 370]], [[729, 369]], [[729, 368]], [[729, 367]], [[730, 366]], [[731, 366]], [[731, 365]], [[731, 364]], [[731, 363]], [[731, 362]], [[731, 361]], [[730, 360]], [[729, 359]], [[729, 358]], [[728, 357]], [[728, 356]], [[728, 355]], [[727, 354]], [[727, 353]], [[727, 352]], [[726, 352]], [[725, 351]], [[725, 350]], [[724, 350]], [[723, 349]], [[723, 348]], [[722, 347]], [[722, 346]], [[721, 345]], [[721, 344]], [[720, 343]], [[719, 342]], [[718, 341]], [[717, 340]], [[717, 339]], [[717, 338]], [[717, 337]], [[717, 336]], [[717, 335]], [[717, 334]], [[718, 333]], [[717, 332]], [[717, 331]], [[717, 330]], [[717, 329]], [[717, 328]], [[717, 327]], [[717, 326]], [[716, 325]], [[716, 324]], [[715, 323]], [[715, 322]], [[714, 322]], [[713, 322]], [[712, 322]], [[711, 321]], [[710, 320]], [[710, 319]], [[709, 318]], [[709, 317]], [[709, 316]], [[709, 315]], [[709, 314]], [[708, 313]], [[708, 312]], [[708, 311]], [[707, 310]], [[707, 309]], [[706, 308]], [[705, 307]], [[704, 307]], [[703, 307]], [[702, 306]], [[701, 306]], [[700, 306]], [[699, 306]], [[698, 306]], [[697, 305]], [[696, 305]], [[695, 305]], [[694, 304]], [[693, 304]], [[692, 303]], [[692, 302]], [[691, 301]], [[690, 300]], [[689, 300]], [[688, 299]], [[687, 299]], [[686, 299]], [[685, 298]], [[684, 298]], [[683, 298]], [[682, 298]], [[681, 298]]]","[[], [[[622, 329], [622, 330], [622, 331], [622, 332], [621, 333], [621, 334], [621, 335], [620, 336], [620, 337], [620, 338], [619, 339], [619, 340], [619, 341], [619, 342], [619, 343], [619, 344], [620, 344], [621, 343], [622, 343], [623, 343], [624, 343], [625, 344], [626, 343], [625, 343], [624, 343], [623, 343], [622, 343], [621, 342], [622, 341], [622, 340], [622, 339], [623, 338], [624, 338], [625, 337], [626, 336], [626, 335], [626, 334], [626, 333], [626, 332], [625, 331], [625, 330], [624, 329], [623, 329]]], [[[622, 347], [621, 348], [620, 349], [619, 349], [618, 349], [617, 350], [616, 350], [615, 350], [614, 350], [613, 350], [612, 350], [612, 351], [611, 352], [611, 353], [611, 354], [610, 355], [610, 356], [610, 357], [611, 357], [612, 356], [612, 355], [612, 354], [613, 353], [614, 352], [615, 351], [616, 351], [617, 352], [618, 353], [619, 353], [620, 354], [621, 355], [621, 356], [621, 357], [621, 358], [622, 358], [623, 358], [623, 357], [622, 356], [622, 355], [621, 354], [621, 353], [621, 352], [621, 351], [621, 350], [622, 349], [623, 348], [623, 347]]], [[[629, 412], [629, 413], [628, 414], [628, 415], [627, 416], [626, 416], [627, 417], [627, 418], [628, 419], [628, 420], [629, 421], [628, 422], [629, 423], [630, 422], [631, 421], [632, 421], [633, 422], [634, 422], [635, 422], [636, 422], [637, 422], [638, 422], [639, 423], [640, 423], [641, 424], [642, 425], [642, 426], [642, 427], [642, 428], [643, 428], [644, 428], [645, 429], [646, 429], [647, 429], [647, 428], [647, 427], [646, 426], [647, 425], [648, 425], [649, 426], [650, 426], [650, 425], [650, 424], [649, 423], [649, 422], [649, 421], [650, 420], [650, 419], [650, 418], [650, 417], [650, 418], [650, 419], [649, 420], [648, 421], [647, 421], [646, 422], [645, 421], [644, 421], [643, 421], [642, 421], [641, 421], [640, 420], [639, 420], [638, 420], [637, 420], [636, 420], [635, 420], [634, 419], [633, 419], [632, 418], [631, 417], [630, 416], [630, 415], [629, 414], [629, 413]]], [[[652, 428], [651, 429], [650, 430], [649, 430], [650, 430], [651, 431], [652, 432], [651, 433], [652, 433], [653, 433], [654, 433], [655, 433], [656, 433], [657, 433], [658, 433], [659, 433], [660, 432], [661, 431], [660, 430], [659, 430], [658, 430], [657, 430], [656, 430], [655, 429], [654, 428], [653, 428]]], [[[719, 382], [719, 383], [719, 384], [719, 385], [719, 386], [719, 387], [719, 388], [719, 389], [720, 390], [721, 390], [722, 390], [723, 389], [724, 390], [724, 389], [723, 388], [724, 387], [725, 386], [726, 387], [726, 388], [727, 388], [728, 388], [729, 388], [730, 388], [731, 388], [732, 388], [733, 388], [733, 387], [734, 386], [735, 385], [735, 384], [734, 384], [733, 385], [732, 385], [731, 386], [730, 387], [729, 387], [728, 387], [727, 387], [726, 387], [725, 386], [725, 385], [724, 384], [725, 383], [726, 383], [727, 383], [726, 382], [725, 383], [724, 384], [723, 384], [722, 383], [721, 383], [720, 382]]], [[[727, 313], [727, 314], [727, 315], [726, 316], [725, 316], [725, 317], [725, 318], [724, 319], [723, 320], [722, 320], [721, 321], [720, 322], [719, 323], [718, 323], [717, 322], [716, 321], [715, 320], [714, 319], [713, 320], [714, 320], [715, 321], [716, 322], [716, 323], [717, 324], [717, 325], [718, 325], [718, 324], [719, 323], [720, 322], [721, 322], [722, 322], [723, 322], [724, 322], [724, 321], [725, 320], [725, 319], [725, 318], [726, 317], [727, 317], [728, 317], [729, 317], [729, 316], [729, 315], [728, 314], [728, 313]]]]","[[], 221, 220, 224, 225, 226, 227]"
130,130,"[[[319, 292]], [[318, 293]], [[317, 293]], [[316, 294]], [[315, 295]], [[315, 296]], [[315, 297]], [[314, 298]], [[314, 299]], [[313, 300]], [[313, 301]], [[314, 302]], [[314, 303]], [[314, 304]], [[314, 305]], [[314, 306]], [[314, 307]], [[314, 308]], [[315, 309]], [[315, 310]], [[315, 311]], [[315, 312]], [[315, 313]], [[316, 313]], [[317, 314]], [[317, 315]], [[317, 316]], [[317, 317]], [[317, 318]], [[317, 319]], [[317, 320]], [[317, 321]], [[318, 322]], [[319, 323]], [[319, 324]], [[320, 325]], [[320, 326]], [[321, 327]], [[321, 328]], [[322, 329]], [[322, 330]], [[322, 331]], [[322, 332]], [[323, 333]], [[323, 334]], [[324, 335]], [[325, 335]], [[326, 335]], [[327, 335]], [[328, 335]], [[329, 334]], [[330, 334]], [[331, 334]], [[332, 334]], [[333, 333]], [[334, 332]], [[335, 331]], [[336, 331]], [[337, 330]], [[338, 329]], [[339, 329]], [[339, 328]], [[339, 327]], [[339, 326]], [[339, 325]], [[339, 324]], [[339, 323]], [[339, 322]], [[339, 321]], [[339, 320]], [[339, 319]], [[338, 318]], [[338, 317]], [[337, 316]], [[337, 315]], [[337, 314]], [[337, 313]], [[337, 312]], [[336, 311]], [[336, 310]], [[335, 309]], [[335, 308]], [[334, 307]], [[334, 306]], [[334, 305]], [[334, 304]], [[333, 303]], [[333, 302]], [[333, 301]], [[332, 300]], [[331, 299]], [[330, 298]], [[329, 298]], [[328, 297]], [[327, 297]], [[326, 296]], [[325, 296]], [[324, 295]], [[323, 295]], [[322, 294]], [[321, 293]], [[321, 292]], [[320, 292]]]","[[[[313, 286], [313, 287], [313, 288], [314, 289], [315, 290], [315, 291], [315, 292], [315, 293], [315, 294], [316, 293], [317, 292], [318, 292], [319, 291], [320, 291], [321, 291], [322, 292], [322, 293], [323, 294], [324, 294], [325, 295], [326, 295], [327, 296], [328, 296], [329, 297], [330, 297], [331, 298], [331, 297], [330, 297], [329, 296], [328, 295], [327, 294], [326, 293], [325, 292], [324, 291], [323, 290], [322, 289], [321, 288], [320, 288], [319, 288], [319, 289], [319, 290], [318, 291], [317, 291], [316, 291], [315, 290], [315, 289], [315, 288], [315, 287], [315, 286], [314, 286]]], [], [[[333, 290], [332, 291], [331, 292], [332, 293], [333, 293], [334, 294], [335, 295], [336, 295], [337, 296], [337, 297], [337, 298], [337, 299], [338, 300], [339, 300], [340, 301], [340, 302], [341, 302], [342, 303], [342, 304], [341, 305], [341, 306], [340, 307], [340, 308], [340, 309], [340, 308], [341, 307], [341, 306], [342, 305], [342, 304], [342, 303], [342, 302], [343, 301], [342, 300], [341, 300], [340, 299], [339, 298], [338, 297], [337, 296], [337, 295], [337, 294], [337, 293], [336, 292], [335, 291], [334, 290]], [[313, 286], [313, 287], [313, 288], [314, 289], [315, 290], [315, 291], [315, 292], [315, 293], [315, 294], [316, 293], [317, 292], [318, 292], [319, 291], [320, 291], [321, 291], [322, 292], [322, 293], [323, 294], [324, 294], [325, 295], [326, 295], [327, 296], [328, 296], [329, 297], [330, 297], [331, 298], [331, 297], [330, 297], [329, 296], [328, 295], [327, 294], [326, 293], [325, 292], [324, 291], [323, 290], [322, 289], [321, 288], [320, 288], [319, 288], [319, 289], [319, 290], [318, 291], [317, 291], [316, 291], [315, 290], [315, 289], [315, 288], [315, 287], [315, 286], [314, 286]]]]","[228, [], 229]"
131,131,"[[[411, 276]], [[410, 277]], [[409, 278]], [[408, 279]], [[407, 279]], [[406, 280]], [[405, 281]], [[405, 282]], [[405, 283]], [[405, 284]], [[405, 285]], [[404, 286]], [[404, 287]], [[404, 288]], [[404, 289]], [[405, 290]], [[406, 290]], [[407, 290]], [[408, 289]], [[409, 289]], [[410, 288]], [[411, 288]], [[412, 287]], [[413, 286]], [[414, 285]], [[415, 284]], [[416, 284]], [[417, 283]], [[418, 283]], [[419, 283]], [[419, 282]], [[419, 281]], [[418, 280]], [[417, 279]], [[416, 278]], [[415, 277]], [[414, 276]], [[413, 276]], [[412, 276]]]",[[]],[]
132,132,"[[[433, 259]], [[432, 260]], [[431, 260]], [[430, 261]], [[430, 262]], [[429, 263]], [[429, 264]], [[428, 265]], [[428, 266]], [[428, 267]], [[428, 268]], [[427, 269]], [[426, 270]], [[426, 271]], [[426, 272]], [[427, 273]], [[428, 273]], [[429, 273]], [[430, 273]], [[431, 274]], [[432, 274]], [[433, 274]], [[434, 275]], [[435, 275]], [[436, 275]], [[437, 275]], [[438, 276]], [[439, 276]], [[440, 276]], [[441, 276]], [[442, 276]], [[443, 275]], [[444, 274]], [[445, 273]], [[445, 272]], [[445, 271]], [[445, 270]], [[445, 269]], [[445, 268]], [[444, 267]], [[444, 266]], [[444, 265]], [[443, 264]], [[442, 263]], [[442, 262]], [[441, 261]], [[440, 260]], [[439, 259]], [[438, 259]], [[437, 259]], [[436, 259]], [[435, 259]], [[434, 259]]]","[[], [[[445, 274], [444, 275], [444, 276], [443, 277], [442, 278], [441, 278], [440, 278], [439, 277], [438, 277], [437, 276], [436, 276], [436, 277], [436, 278], [436, 279], [436, 280], [435, 281], [436, 282], [437, 283], [437, 284], [437, 285], [438, 285], [439, 285], [440, 284], [440, 283], [440, 282], [440, 281], [440, 280], [440, 279], [441, 278], [442, 278], [443, 278], [444, 278], [444, 277], [445, 276], [446, 275]]]]","[[], 230]"
133,133,"[[[48, 250]], [[47, 251]], [[46, 251]], [[45, 252]], [[44, 252]], [[43, 252]], [[42, 252]], [[41, 252]], [[40, 252]], [[39, 253]], [[38, 253]], [[37, 253]], [[36, 253]], [[35, 253]], [[34, 254]], [[33, 255]], [[32, 255]], [[31, 255]], [[30, 256]], [[29, 256]], [[28, 256]], [[27, 256]], [[26, 256]], [[25, 257]], [[24, 257]], [[23, 257]], [[22, 258]], [[21, 259]], [[20, 260]], [[20, 261]], [[21, 262]], [[22, 263]], [[22, 264]], [[21, 265]], [[20, 265]], [[19, 264]], [[18, 264]], [[17, 263]], [[16, 263]], [[15, 262]], [[14, 262]], [[13, 262]], [[12, 262]], [[11, 261]], [[10, 261]], [[9, 261]], [[8, 261]], [[7, 261]], [[6, 261]], [[5, 262]], [[4, 263]], [[3, 264]], [[3, 265]], [[2, 266]], [[2, 267]], [[3, 268]], [[4, 269]], [[5, 270]], [[5, 271]], [[6, 272]], [[7, 273]], [[7, 274]], [[8, 275]], [[8, 276]], [[8, 277]], [[9, 277]], [[10, 277]], [[11, 278]], [[12, 279]], [[13, 279]], [[14, 279]], [[15, 278]], [[16, 277]], [[17, 277]], [[18, 276]], [[19, 275]], [[20, 275]], [[20, 274]], [[20, 273]], [[21, 272]], [[21, 271]], [[21, 270]], [[21, 269]], [[22, 268]], [[23, 267]], [[24, 267]], [[25, 267]], [[26, 267]], [[27, 268]], [[28, 268]], [[29, 268]], [[30, 269]], [[31, 270]], [[30, 271]], [[30, 272]], [[30, 273]], [[29, 274]], [[28, 275]], [[28, 276]], [[28, 277]], [[28, 278]], [[27, 279]], [[26, 280]], [[26, 281]], [[27, 282]], [[28, 283]], [[29, 283]], [[30, 284]], [[31, 285]], [[32, 286]], [[33, 287]], [[33, 288]], [[34, 289]], [[35, 290]], [[36, 291]], [[37, 292]], [[38, 293]], [[39, 293]], [[40, 293]], [[41, 294]], [[42, 294]], [[43, 294]], [[44, 295]], [[44, 296]], [[43, 297]], [[44, 298]], [[45, 298]], [[46, 299]], [[46, 300]], [[47, 301]], [[48, 302]], [[49, 303]], [[49, 304]], [[50, 304]], [[51, 305]], [[52, 306]], [[53, 306]], [[54, 306]], [[55, 307]], [[56, 306]], [[57, 306]], [[58, 306]], [[59, 305]], [[60, 305]], [[61, 305]], [[62, 304]], [[63, 304]], [[64, 303]], [[65, 302]], [[65, 301]], [[66, 300]], [[67, 300]], [[68, 299]], [[69, 298]], [[70, 297]], [[70, 296]], [[71, 295]], [[72, 294]], [[73, 293]], [[74, 292]], [[75, 291]], [[75, 290]], [[76, 289]], [[75, 288]], [[75, 287]], [[74, 286]], [[74, 285]], [[74, 284]], [[73, 283]], [[73, 282]], [[72, 281]], [[72, 280]], [[71, 279]], [[71, 278]], [[71, 277]], [[70, 277]], [[69, 276]], [[68, 276]], [[67, 276]], [[66, 275]], [[66, 274]], [[66, 273]], [[66, 272]], [[66, 271]], [[65, 270]], [[65, 269]], [[65, 268]], [[65, 267]], [[64, 266]], [[64, 265]], [[64, 264]], [[63, 263]], [[63, 262]], [[62, 261]], [[62, 260]], [[62, 259]], [[62, 258]], [[62, 257]], [[61, 256]], [[61, 255]], [[60, 254]], [[59, 253]], [[58, 252]], [[57, 252]], [[56, 251]], [[55, 251]], [[54, 251]], [[53, 251]], [[52, 250]], [[51, 250]], [[50, 250]], [[49, 250]]]","[[], [[[9, 278], [9, 279], [10, 280], [10, 281], [11, 282], [12, 283], [13, 284], [13, 285], [14, 286], [14, 287], [15, 287], [16, 288], [17, 288], [18, 288], [19, 288], [20, 288], [21, 288], [21, 287], [20, 287], [19, 287], [18, 288], [17, 287], [16, 286], [15, 286], [14, 285], [13, 284], [12, 283], [12, 282], [12, 281], [11, 280], [11, 279], [10, 278]]], [[[25, 282], [25, 283], [26, 284], [27, 285], [28, 285], [29, 286], [30, 287], [31, 288], [32, 289], [33, 290], [33, 291], [33, 292], [34, 293], [35, 293], [36, 293], [37, 294], [38, 295], [39, 295], [40, 295], [41, 296], [42, 296], [43, 296], [43, 295], [42, 295], [41, 295], [40, 294], [39, 294], [38, 294], [37, 293], [36, 292], [35, 291], [34, 290], [33, 289], [32, 288], [32, 287], [31, 286], [30, 285], [29, 284], [28, 284], [27, 283], [26, 282]]], [[[71, 264], [71, 265], [71, 266], [71, 267], [70, 268], [69, 269], [68, 269], [67, 270], [68, 271], [69, 272], [69, 273], [68, 274], [67, 274], [67, 275], [68, 275], [69, 275], [70, 275], [71, 276], [71, 275], [71, 274], [70, 274], [69, 273], [70, 272], [70, 271], [70, 270], [70, 269], [71, 268], [71, 267], [71, 266], [72, 265]]]]","[[], 231, 232, 233]"
134,134,"[[[217, 246]], [[216, 247]], [[215, 248]], [[215, 249]], [[214, 250]], [[213, 251]], [[213, 252]], [[213, 253]], [[213, 254]], [[213, 255]], [[212, 256]], [[212, 257]], [[212, 258]], [[213, 258]], [[214, 258]], [[215, 258]], [[216, 258]], [[217, 258]], [[218, 259]], [[219, 259]], [[220, 258]], [[221, 258]], [[221, 257]], [[221, 256]], [[222, 255]], [[223, 254]], [[224, 253]], [[224, 252]], [[224, 251]], [[224, 250]], [[224, 249]], [[223, 249]], [[222, 248]], [[221, 248]], [[220, 247]], [[219, 246]], [[218, 246]]]","[[], [[[215, 238], [215, 239], [216, 240], [216, 241], [216, 242], [216, 243], [217, 243], [218, 244], [219, 245], [220, 246], [221, 247], [222, 247], [223, 248], [224, 248], [225, 249], [225, 250], [225, 251], [225, 252], [225, 253], [224, 254], [223, 255], [223, 256], [224, 255], [225, 256], [226, 256], [227, 255], [227, 254], [227, 253], [227, 252], [227, 251], [226, 250], [226, 249], [225, 248], [224, 247], [223, 247], [222, 246], [221, 245], [220, 244], [219, 244], [218, 243], [217, 242], [216, 241], [216, 240], [216, 239], [216, 238]]]]","[[], 234]"
135,135,"[[[559, 239]], [[558, 240]], [[557, 240]], [[556, 240]], [[555, 241]], [[554, 241]], [[553, 242]], [[552, 242]], [[551, 242]], [[550, 242]], [[549, 242]], [[548, 242]], [[547, 243]], [[546, 244]], [[545, 245]], [[544, 246]], [[543, 247]], [[542, 247]], [[541, 248]], [[540, 249]], [[539, 250]], [[538, 251]], [[537, 252]], [[536, 253]], [[535, 253]], [[534, 253]], [[533, 253]], [[532, 253]], [[531, 253]], [[530, 253]], [[529, 252]], [[528, 252]], [[527, 252]], [[526, 252]], [[525, 251]], [[524, 251]], [[523, 251]], [[522, 250]], [[521, 250]], [[520, 251]], [[519, 251]], [[518, 251]], [[517, 251]], [[516, 251]], [[515, 251]], [[514, 251]], [[513, 251]], [[512, 251]], [[511, 251]], [[510, 251]], [[509, 252]], [[508, 252]], [[507, 252]], [[506, 253]], [[505, 253]], [[504, 252]], [[503, 252]], [[502, 252]], [[501, 252]], [[500, 252]], [[499, 253]], [[498, 254]], [[498, 255]], [[498, 256]], [[497, 257]], [[497, 258]], [[497, 259]], [[496, 260]], [[495, 261]], [[494, 261]], [[493, 261]], [[492, 261]], [[491, 261]], [[490, 262]], [[489, 261]], [[488, 262]], [[487, 262]], [[486, 263]], [[485, 264]], [[485, 265]], [[484, 266]], [[483, 266]], [[482, 267]], [[481, 267]], [[480, 267]], [[479, 268]], [[478, 269]], [[478, 270]], [[477, 271]], [[476, 272]], [[476, 273]], [[476, 274]], [[475, 275]], [[475, 276]], [[476, 277]], [[476, 278]], [[477, 279]], [[478, 280]], [[479, 281]], [[480, 282]], [[480, 283]], [[481, 284]], [[482, 284]], [[483, 284]], [[484, 285]], [[485, 285]], [[486, 285]], [[487, 285]], [[488, 286]], [[489, 287]], [[489, 288]], [[489, 289]], [[489, 290]], [[490, 291]], [[491, 290]], [[492, 291]], [[493, 291]], [[494, 292]], [[494, 293]], [[495, 294]], [[496, 295]], [[497, 295]], [[498, 295]], [[499, 294]], [[500, 295]], [[501, 296]], [[501, 297]], [[501, 298]], [[500, 299]], [[500, 300]], [[499, 301]], [[498, 301]], [[497, 302]], [[496, 302]], [[495, 303]], [[494, 302]], [[493, 302]], [[492, 302]], [[491, 302]], [[490, 302]], [[489, 302]], [[488, 302]], [[487, 302]], [[486, 303]], [[485, 303]], [[484, 304]], [[484, 305]], [[484, 306]], [[484, 307]], [[484, 308]], [[484, 309]], [[484, 310]], [[484, 311]], [[484, 312]], [[485, 312]], [[486, 313]], [[487, 314]], [[488, 314]], [[489, 315]], [[489, 316]], [[489, 317]], [[490, 317]], [[491, 318]], [[491, 319]], [[491, 320]], [[491, 321]], [[491, 322]], [[490, 323]], [[490, 324]], [[490, 325]], [[490, 326]], [[491, 326]], [[492, 326]], [[493, 327]], [[494, 328]], [[495, 329]], [[496, 330]], [[497, 329]], [[498, 329]], [[499, 330]], [[500, 329]], [[501, 329]], [[501, 328]], [[502, 327]], [[503, 326]], [[504, 326]], [[505, 326]], [[506, 327]], [[507, 327]], [[508, 327]], [[509, 328]], [[510, 327]], [[511, 328]], [[512, 328]], [[513, 328]], [[514, 328]], [[515, 329]], [[516, 329]], [[517, 330]], [[518, 330]], [[519, 330]], [[520, 330]], [[521, 330]], [[522, 329]], [[523, 329]], [[524, 328]], [[525, 328]], [[526, 327]], [[527, 327]], [[528, 326]], [[529, 326]], [[530, 326]], [[531, 325]], [[532, 324]], [[533, 323]], [[534, 322]], [[535, 321]], [[536, 320]], [[537, 319]], [[537, 318]], [[538, 317]], [[538, 316]], [[538, 315]], [[538, 314]], [[538, 313]], [[538, 312]], [[539, 311]], [[540, 310]], [[541, 309]], [[542, 308]], [[543, 307]], [[544, 307]], [[544, 306]], [[545, 305]], [[546, 304]], [[547, 304]], [[548, 303]], [[549, 303]], [[550, 303]], [[551, 304]], [[552, 305]], [[553, 305]], [[554, 306]], [[555, 306]], [[556, 306]], [[557, 305]], [[558, 305]], [[559, 305]], [[560, 305]], [[561, 305]], [[561, 304]], [[562, 303]], [[562, 302]], [[562, 301]], [[563, 300]], [[563, 299]], [[563, 298]], [[564, 297]], [[565, 296]], [[565, 295]], [[566, 294]], [[567, 293]], [[567, 292]], [[567, 291]], [[567, 290]], [[568, 289]], [[569, 288]], [[569, 287]], [[569, 286]], [[569, 285]], [[570, 284]], [[570, 283]], [[570, 282]], [[571, 281]], [[571, 280]], [[571, 279]], [[572, 278]], [[572, 277]], [[572, 276]], [[573, 275]], [[573, 274]], [[573, 273]], [[574, 272]], [[574, 271]], [[575, 270]], [[575, 269]], [[575, 268]], [[575, 267]], [[576, 266]], [[576, 265]], [[576, 264]], [[577, 263]], [[577, 262]], [[578, 261]], [[578, 260]], [[578, 259]], [[579, 258]], [[579, 257]], [[580, 256]], [[581, 255]], [[581, 254]], [[581, 253]], [[581, 252]], [[581, 251]], [[581, 250]], [[581, 249]], [[580, 248]], [[580, 247]], [[580, 246]], [[579, 245]], [[578, 245]], [[577, 244]], [[576, 243]], [[575, 243]], [[574, 243]], [[573, 242]], [[572, 242]], [[571, 242]], [[570, 241]], [[569, 241]], [[568, 241]], [[567, 241]], [[566, 241]], [[565, 240]], [[564, 240]], [[563, 240]], [[562, 240]], [[561, 239]], [[560, 239]]]","[[], [[[487, 286], [487, 287], [487, 288], [486, 289], [486, 290], [486, 291], [486, 292], [486, 293], [486, 294], [486, 295], [485, 296], [485, 297], [485, 298], [485, 299], [486, 299], [487, 299], [487, 298], [487, 297], [487, 296], [488, 295], [489, 295], [489, 294], [490, 293], [490, 292], [489, 291], [488, 290], [488, 289], [488, 288], [488, 287]]], [[[484, 313], [484, 314], [485, 315], [484, 316], [485, 317], [484, 318], [484, 319], [485, 320], [486, 321], [486, 322], [486, 323], [486, 324], [486, 325], [487, 325], [487, 324], [487, 323], [487, 322], [486, 321], [485, 320], [485, 319], [485, 318], [485, 317], [485, 316], [486, 315], [487, 315], [486, 314], [485, 313]]], [[[571, 282], [571, 283], [571, 284], [570, 285], [570, 286], [570, 287], [570, 288], [569, 289], [568, 290], [568, 291], [569, 291], [570, 292], [570, 291], [571, 290], [572, 290], [573, 290], [574, 290], [574, 289], [573, 289], [572, 288], [571, 287], [571, 286], [571, 285], [572, 284], [572, 283], [572, 282]]]]","[[], 235, 236, 237]"
136,136,"[[[352, 235]], [[351, 236]], [[350, 236]], [[349, 236]], [[348, 237]], [[348, 238]], [[348, 239]], [[347, 240]], [[346, 240]], [[345, 241]], [[344, 241]], [[343, 241]], [[342, 241]], [[341, 241]], [[340, 242]], [[339, 242]], [[338, 242]], [[337, 242]], [[336, 242]], [[335, 242]], [[334, 241]], [[333, 240]], [[332, 240]], [[331, 240]], [[330, 240]], [[329, 240]], [[328, 240]], [[327, 240]], [[326, 241]], [[325, 242]], [[325, 243]], [[324, 244]], [[323, 245]], [[322, 245]], [[322, 246]], [[321, 247]], [[320, 248]], [[320, 249]], [[320, 250]], [[320, 251]], [[320, 252]], [[320, 253]], [[320, 254]], [[320, 255]], [[320, 256]], [[321, 257]], [[321, 258]], [[322, 259]], [[322, 260]], [[321, 261]], [[320, 262]], [[319, 262]], [[318, 262]], [[317, 262]], [[316, 261]], [[315, 261]], [[314, 261]], [[313, 262]], [[312, 263]], [[312, 264]], [[311, 265]], [[310, 264]], [[310, 265]], [[310, 266]], [[311, 267]], [[311, 268]], [[311, 269]], [[311, 270]], [[312, 271]], [[312, 272]], [[312, 273]], [[313, 274]], [[313, 275]], [[314, 275]], [[315, 276]], [[316, 277]], [[317, 278]], [[318, 279]], [[319, 280]], [[319, 281]], [[320, 282]], [[321, 283]], [[322, 284]], [[323, 284]], [[324, 285]], [[325, 285]], [[326, 286]], [[326, 287]], [[326, 288]], [[326, 289]], [[326, 290]], [[325, 291]], [[324, 290]], [[325, 291]], [[326, 291]], [[327, 291]], [[328, 292]], [[329, 292]], [[330, 291]], [[331, 290]], [[332, 289]], [[332, 288]], [[332, 287]], [[333, 286]], [[334, 286]], [[335, 287]], [[335, 288]], [[336, 289]], [[335, 290]], [[336, 291]], [[337, 292]], [[338, 293]], [[338, 294]], [[338, 295]], [[338, 296]], [[339, 295]], [[340, 295]], [[341, 295]], [[342, 295]], [[343, 294]], [[344, 293]], [[345, 293]], [[346, 293]], [[347, 293]], [[348, 293]], [[349, 293]], [[350, 294]], [[351, 294]], [[352, 294]], [[353, 294]], [[354, 294]], [[355, 294]], [[356, 293]], [[357, 293]], [[358, 293]], [[359, 293]], [[360, 293]], [[361, 292]], [[362, 291]], [[362, 290]], [[363, 289]], [[364, 288]], [[365, 287]], [[365, 286]], [[366, 285]], [[366, 284]], [[367, 283]], [[367, 282]], [[368, 281]], [[367, 280]], [[367, 279]], [[367, 278]], [[366, 277]], [[366, 276]], [[366, 275]], [[365, 274]], [[364, 273]], [[364, 272]], [[364, 271]], [[364, 270]], [[364, 269]], [[365, 268]], [[366, 267]], [[367, 266]], [[367, 265]], [[368, 264]], [[369, 263]], [[369, 262]], [[369, 261]], [[370, 260]], [[370, 259]], [[370, 258]], [[370, 257]], [[370, 256]], [[369, 255]], [[368, 254]], [[368, 253]], [[367, 252]], [[367, 251]], [[367, 250]], [[367, 249]], [[367, 248]], [[367, 247]], [[366, 246]], [[365, 245]], [[364, 244]], [[363, 243]], [[362, 243]], [[361, 242]], [[360, 241]], [[360, 240]], [[360, 239]], [[360, 238]], [[359, 237]], [[358, 236]], [[357, 236]], [[356, 235]], [[355, 235]], [[354, 235]], [[353, 235]]]","[[], [[[324, 234], [324, 235], [325, 236], [325, 237], [326, 238], [325, 239], [324, 240], [323, 241], [323, 242], [322, 243], [321, 244], [321, 245], [321, 246], [321, 245], [322, 244], [323, 244], [324, 243], [324, 242], [325, 241], [326, 240], [327, 239], [328, 238], [327, 237], [328, 236], [328, 235], [327, 235], [326, 234], [325, 234]]], [[[313, 286], [313, 287], [313, 288], [314, 289], [315, 290], [315, 291], [315, 292], [315, 293], [315, 294], [316, 293], [317, 292], [318, 292], [319, 291], [320, 291], [321, 291], [322, 292], [322, 293], [323, 294], [324, 294], [325, 295], [326, 295], [327, 296], [328, 296], [329, 297], [330, 297], [331, 298], [331, 297], [330, 297], [329, 296], [328, 295], [327, 294], [326, 293], [325, 292], [324, 291], [323, 290], [322, 289], [321, 288], [320, 288], [319, 288], [319, 289], [319, 290], [318, 291], [317, 291], [316, 291], [315, 290], [315, 289], [315, 288], [315, 287], [315, 286], [314, 286]]], [[[333, 290], [332, 291], [331, 292], [332, 293], [333, 293], [334, 294], [335, 295], [336, 295], [337, 296], [337, 297], [337, 298], [337, 299], [338, 300], [339, 300], [340, 301], [340, 302], [341, 302], [342, 303], [342, 304], [341, 305], [341, 306], [340, 307], [340, 308], [340, 309], [340, 308], [341, 307], [341, 306], [342, 305], [342, 304], [342, 303], [342, 302], [343, 301], [342, 300], [341, 300], [340, 299], [339, 298], [338, 297], [337, 296], [337, 295], [337, 294], [337, 293], [336, 292], [335, 291], [334, 290]], [[313, 286], [313, 287], [313, 288], [314, 289], [315, 290], [315, 291], [315, 292], [315, 293], [315, 294], [316, 293], [317, 292], [318, 292], [319, 291], [320, 291], [321, 291], [322, 292], [322, 293], [323, 294], [324, 294], [325, 295], [326, 295], [327, 296], [328, 296], [329, 297], [330, 297], [331, 298], [331, 297], [330, 297], [329, 296], [328, 295], [327, 294], [326, 293], [325, 292], [324, 291], [323, 290], [322, 289], [321, 288], [320, 288], [319, 288], [319, 289], [319, 290], [318, 291], [317, 291], [316, 291], [315, 290], [315, 289], [315, 288], [315, 287], [315, 286], [314, 286]]], [[[333, 290], [332, 291], [331, 292], [332, 293], [333, 293], [334, 294], [335, 295], [336, 295], [337, 296], [337, 297], [337, 298], [337, 299], [338, 300], [339, 300], [340, 301], [340, 302], [341, 302], [342, 303], [342, 304], [341, 305], [341, 306], [340, 307], [340, 308], [340, 309], [340, 308], [341, 307], [341, 306], [342, 305], [342, 304], [342, 303], [342, 302], [343, 301], [342, 300], [341, 300], [340, 299], [339, 298], [338, 297], [337, 296], [337, 295], [337, 294], [337, 293], [336, 292], [335, 291], [334, 290]]], [[[361, 237], [361, 238], [362, 238], [363, 237], [364, 237], [365, 238], [366, 238], [367, 239], [368, 240], [368, 241], [367, 242], [366, 242], [366, 243], [367, 244], [368, 244], [368, 243], [368, 242], [368, 241], [368, 240], [368, 239], [368, 238], [368, 237], [367, 237], [366, 237], [365, 237], [364, 237], [363, 237], [362, 237]]]]","[[], 238, 228, 229, 241, 242]"
137,137,"[[[734, 217]], [[733, 218]], [[733, 219]], [[733, 220]], [[732, 221]], [[731, 221]], [[731, 222]], [[732, 222]], [[733, 223]], [[734, 223]], [[735, 223]], [[736, 223]], [[737, 222]], [[738, 222]], [[739, 222]], [[740, 222]], [[741, 221]], [[742, 222]], [[743, 221]], [[744, 220]], [[745, 220]], [[746, 220]], [[746, 219]], [[746, 218]], [[745, 218]], [[744, 219]], [[743, 220]], [[742, 220]], [[741, 220]], [[740, 220]], [[739, 219]], [[738, 218]], [[738, 217]], [[737, 217]], [[736, 217]], [[735, 217]]]",[[]],[]
138,138,"[[[241, 214]], [[240, 215]], [[240, 216]], [[239, 217]], [[239, 218]], [[239, 219]], [[238, 220]], [[238, 221]], [[238, 222]], [[237, 223]], [[237, 224]], [[237, 225]], [[237, 226]], [[237, 227]], [[237, 228]], [[237, 229]], [[237, 230]], [[236, 231]], [[235, 232]], [[234, 232]], [[233, 232]], [[232, 232]], [[231, 233]], [[230, 233]], [[229, 233]], [[228, 233]], [[227, 233]], [[226, 233]], [[225, 234]], [[224, 234]], [[223, 234]], [[222, 234]], [[221, 234]], [[220, 234]], [[219, 234]], [[218, 235]], [[217, 236]], [[217, 237]], [[217, 238]], [[217, 239]], [[217, 240]], [[217, 241]], [[218, 242]], [[219, 243]], [[220, 243]], [[221, 244]], [[222, 245]], [[223, 246]], [[224, 246]], [[225, 246]], [[226, 247]], [[226, 248]], [[227, 249]], [[227, 250]], [[228, 251]], [[228, 252]], [[228, 253]], [[228, 254]], [[228, 255]], [[229, 255]], [[230, 255]], [[231, 255]], [[232, 255]], [[233, 255]], [[234, 256]], [[235, 256]], [[236, 257]], [[237, 257]], [[238, 257]], [[239, 258]], [[239, 259]], [[239, 260]], [[239, 261]], [[239, 262]], [[239, 263]], [[240, 264]], [[240, 265]], [[241, 266]], [[242, 267]], [[242, 268]], [[243, 269]], [[243, 270]], [[242, 271]], [[242, 272]], [[242, 273]], [[241, 274]], [[241, 275]], [[240, 276]], [[241, 277]], [[241, 278]], [[242, 279]], [[243, 279]], [[244, 279]], [[245, 279]], [[246, 279]], [[247, 280]], [[248, 281]], [[248, 282]], [[248, 283]], [[249, 284]], [[250, 285]], [[251, 286]], [[252, 287]], [[253, 287]], [[254, 288]], [[255, 288]], [[256, 288]], [[257, 288]], [[258, 288]], [[259, 289]], [[260, 289]], [[261, 289]], [[262, 289]], [[263, 290]], [[264, 290]], [[265, 290]], [[266, 291]], [[267, 292]], [[268, 292]], [[269, 292]], [[270, 292]], [[271, 291]], [[270, 290]], [[270, 289]], [[269, 288]], [[268, 287]], [[267, 286]], [[267, 285]], [[267, 284]], [[267, 283]], [[267, 282]], [[268, 281]], [[269, 280]], [[270, 280]], [[270, 279]], [[269, 278]], [[269, 277]], [[269, 276]], [[269, 275]], [[270, 274]], [[271, 274]], [[272, 275]], [[272, 276]], [[272, 277]], [[272, 278]], [[272, 279]], [[272, 280]], [[273, 280]], [[274, 280]], [[275, 280]], [[276, 281]], [[277, 281]], [[278, 281]], [[279, 281]], [[280, 281]], [[281, 281]], [[282, 280]], [[283, 280]], [[284, 279]], [[284, 278]], [[285, 277]], [[285, 276]], [[285, 275]], [[286, 274]], [[286, 273]], [[285, 272]], [[286, 271]], [[286, 270]], [[286, 269]], [[286, 268]], [[286, 267]], [[286, 266]], [[287, 265]], [[287, 264]], [[286, 263]], [[287, 262]], [[288, 262]], [[289, 263]], [[290, 263]], [[291, 263]], [[292, 263]], [[293, 263]], [[294, 262]], [[295, 262]], [[296, 261]], [[297, 260]], [[298, 259]], [[298, 258]], [[298, 257]], [[297, 256]], [[297, 255]], [[297, 254]], [[297, 253]], [[297, 252]], [[296, 251]], [[296, 250]], [[295, 249]], [[295, 248]], [[294, 247]], [[294, 246]], [[293, 246]], [[292, 245]], [[291, 245]], [[290, 246]], [[289, 247]], [[288, 247]], [[287, 246]], [[286, 246]], [[285, 245]], [[284, 245]], [[283, 246]], [[282, 246]], [[281, 246]], [[280, 246]], [[279, 246]], [[278, 246]], [[277, 247]], [[276, 247]], [[275, 247]], [[274, 247]], [[273, 247]], [[272, 246]], [[271, 245]], [[270, 244]], [[271, 243]], [[271, 242]], [[271, 241]], [[272, 240]], [[273, 239]], [[273, 238]], [[273, 237]], [[273, 236]], [[273, 235]], [[273, 234]], [[274, 233]], [[274, 232]], [[274, 231]], [[275, 230]], [[276, 229]], [[276, 228]], [[276, 227]], [[276, 226]], [[277, 225]], [[277, 224]], [[277, 223]], [[277, 222]], [[276, 221]], [[275, 220]], [[274, 220]], [[273, 220]], [[272, 221]], [[271, 220]], [[270, 220]], [[269, 220]], [[268, 219]], [[267, 219]], [[266, 219]], [[265, 220]], [[264, 221]], [[263, 222]], [[262, 223]], [[261, 223]], [[260, 223]], [[259, 222]], [[259, 221]], [[258, 220]], [[257, 219]], [[256, 218]], [[255, 218]], [[254, 217]], [[253, 217]], [[252, 216]], [[251, 216]], [[250, 215]], [[249, 215]], [[248, 215]], [[247, 214]], [[246, 214]], [[245, 214]], [[244, 214]], [[243, 214]], [[242, 214]]]","[[], [[[215, 238], [215, 239], [216, 240], [216, 241], [216, 242], [216, 243], [217, 243], [218, 244], [219, 245], [220, 246], [221, 247], [222, 247], [223, 248], [224, 248], [225, 249], [225, 250], [225, 251], [225, 252], [225, 253], [224, 254], [223, 255], [223, 256], [224, 255], [225, 256], [226, 256], [227, 255], [227, 254], [227, 253], [227, 252], [227, 251], [226, 250], [226, 249], [225, 248], [224, 247], [223, 247], [222, 246], [221, 245], [220, 244], [219, 244], [218, 243], [217, 242], [216, 241], [216, 240], [216, 239], [216, 238]]]]","[[], 234]"
139,139,"[[[105, 200]], [[104, 201]], [[103, 201]], [[102, 201]], [[101, 201]], [[100, 201]], [[99, 201]], [[98, 201]], [[97, 201]], [[96, 202]], [[95, 203]], [[94, 204]], [[93, 205]], [[92, 206]], [[91, 207]], [[90, 208]], [[90, 209]], [[89, 210]], [[89, 211]], [[89, 212]], [[89, 213]], [[88, 214]], [[88, 215]], [[87, 216]], [[87, 217]], [[87, 218]], [[86, 219]], [[86, 220]], [[86, 221]], [[85, 222]], [[85, 223]], [[86, 224]], [[87, 224]], [[88, 224]], [[89, 224]], [[90, 224]], [[91, 223]], [[92, 222]], [[93, 222]], [[94, 221]], [[95, 221]], [[96, 220]], [[97, 220]], [[98, 220]], [[99, 220]], [[100, 221]], [[100, 222]], [[101, 223]], [[101, 224]], [[102, 225]], [[103, 226]], [[103, 227]], [[103, 228]], [[104, 229]], [[104, 230]], [[105, 231]], [[106, 231]], [[107, 232]], [[106, 233]], [[106, 234]], [[105, 235]], [[104, 235]], [[103, 236]], [[102, 237]], [[101, 237]], [[100, 238]], [[99, 238]], [[98, 239]], [[97, 239]], [[96, 240]], [[95, 241]], [[94, 242]], [[93, 243]], [[92, 243]], [[91, 243]], [[90, 243]], [[89, 244]], [[88, 245]], [[87, 246]], [[87, 247]], [[87, 248]], [[86, 249]], [[85, 250]], [[85, 251]], [[84, 252]], [[84, 253]], [[84, 254]], [[83, 255]], [[83, 256]], [[83, 257]], [[83, 258]], [[84, 259]], [[84, 260]], [[85, 261]], [[85, 262]], [[84, 263]], [[83, 263]], [[82, 263]], [[81, 263]], [[80, 263]], [[79, 263]], [[78, 263]], [[77, 263]], [[76, 264]], [[75, 265]], [[75, 266]], [[75, 267]], [[75, 268]], [[75, 269]], [[75, 270]], [[76, 271]], [[76, 272]], [[76, 273]], [[76, 274]], [[76, 275]], [[77, 276]], [[77, 277]], [[77, 276]], [[78, 275]], [[79, 276]], [[80, 275]], [[81, 275]], [[80, 274]], [[81, 273]], [[81, 272]], [[82, 271]], [[83, 270]], [[84, 269]], [[85, 268]], [[85, 267]], [[85, 266]], [[85, 265]], [[85, 264]], [[86, 263]], [[87, 263]], [[88, 264]], [[89, 265]], [[90, 266]], [[91, 267]], [[92, 268]], [[93, 268]], [[94, 268]], [[95, 269]], [[96, 269]], [[97, 269]], [[98, 270]], [[99, 270]], [[100, 270]], [[101, 270]], [[102, 270]], [[103, 270]], [[104, 270]], [[105, 271]], [[106, 271]], [[107, 272]], [[108, 272]], [[109, 272]], [[110, 272]], [[111, 272]], [[112, 272]], [[113, 272]], [[113, 271]], [[114, 270]], [[115, 270]], [[116, 269]], [[117, 270]], [[118, 269]], [[118, 268]], [[119, 267]], [[119, 266]], [[119, 265]], [[119, 264]], [[120, 263]], [[120, 262]], [[120, 261]], [[120, 260]], [[121, 259]], [[121, 258]], [[121, 257]], [[121, 256]], [[121, 255]], [[121, 254]], [[122, 253]], [[122, 252]], [[122, 251]], [[122, 250]], [[122, 249]], [[121, 248]], [[121, 247]], [[121, 246]], [[121, 245]], [[120, 244]], [[120, 243]], [[120, 242]], [[120, 241]], [[120, 240]], [[120, 239]], [[120, 238]], [[120, 237]], [[120, 236]], [[119, 235]], [[119, 234]], [[119, 233]], [[118, 232]], [[119, 231]], [[119, 230]], [[118, 229]], [[118, 228]], [[118, 227]], [[118, 226]], [[118, 225]], [[119, 224]], [[120, 224]], [[121, 224]], [[122, 224]], [[122, 223]], [[122, 222]], [[122, 221]], [[123, 220]], [[123, 219]], [[123, 218]], [[123, 217]], [[123, 216]], [[123, 215]], [[122, 214]], [[122, 213]], [[121, 213]], [[120, 212]], [[119, 212]], [[118, 211]], [[117, 210]], [[116, 209]], [[115, 208]], [[115, 207]], [[114, 206]], [[114, 205]], [[113, 204]], [[113, 203]], [[112, 202]], [[111, 201]], [[110, 201]], [[109, 200]], [[108, 200]], [[107, 200]], [[106, 200]]]","[[], [[[76, 253], [75, 254], [74, 255], [74, 256], [75, 257], [76, 257], [77, 258], [78, 259], [78, 260], [79, 260], [80, 259], [81, 259], [82, 260], [82, 261], [83, 262], [84, 262], [84, 261], [83, 260], [83, 259], [82, 258], [81, 258], [80, 257], [79, 257], [78, 256], [78, 255], [78, 254], [77, 253]]], [[[86, 264], [86, 265], [86, 266], [87, 267], [87, 268], [88, 269], [88, 270], [89, 270], [90, 270], [91, 270], [92, 271], [93, 271], [94, 271], [95, 271], [96, 271], [97, 272], [98, 272], [99, 272], [100, 273], [101, 274], [102, 275], [102, 276], [102, 277], [102, 278], [102, 279], [102, 280], [102, 281], [103, 281], [104, 280], [105, 280], [106, 279], [107, 279], [108, 279], [109, 279], [110, 279], [111, 279], [112, 279], [113, 280], [114, 280], [115, 280], [115, 279], [114, 279], [113, 279], [112, 279], [111, 279], [110, 279], [109, 278], [108, 278], [107, 277], [107, 276], [107, 275], [107, 274], [108, 273], [107, 273], [106, 273], [105, 272], [104, 272], [103, 272], [102, 272], [101, 271], [100, 271], [99, 271], [98, 271], [97, 270], [96, 270], [95, 270], [94, 269], [93, 269], [92, 269], [91, 268], [90, 267], [89, 266], [88, 265], [87, 264]]]]","[[], 244, 245]"
140,140,"[[[136, 199]], [[135, 200]], [[134, 201]], [[133, 201]], [[132, 201]], [[131, 202]], [[130, 203]], [[130, 204]], [[129, 205]], [[129, 206]], [[129, 207]], [[128, 208]], [[128, 209]], [[127, 210]], [[126, 211]], [[127, 212]], [[127, 213]], [[127, 214]], [[128, 215]], [[127, 216]], [[128, 217]], [[128, 218]], [[129, 219]], [[129, 220]], [[130, 221]], [[130, 222]], [[131, 223]], [[132, 224]], [[133, 225]], [[134, 226]], [[135, 227]], [[136, 227]], [[137, 228]], [[138, 228]], [[139, 228]], [[140, 229]], [[141, 230]], [[142, 231]], [[143, 231]], [[144, 231]], [[145, 231]], [[146, 231]], [[147, 231]], [[148, 231]], [[149, 231]], [[150, 231]], [[151, 231]], [[152, 230]], [[153, 230]], [[154, 230]], [[155, 229]], [[156, 229]], [[157, 228]], [[158, 227]], [[159, 226]], [[159, 225]], [[160, 224]], [[161, 224]], [[161, 223]], [[162, 222]], [[163, 221]], [[164, 220]], [[165, 220]], [[166, 220]], [[166, 219]], [[166, 218]], [[166, 217]], [[167, 216]], [[167, 215]], [[167, 214]], [[167, 213]], [[167, 212]], [[167, 211]], [[167, 210]], [[167, 209]], [[166, 208]], [[166, 207]], [[166, 206]], [[165, 205]], [[164, 204]], [[163, 204]], [[162, 203]], [[161, 203]], [[160, 203]], [[159, 202]], [[158, 202]], [[157, 202]], [[156, 202]], [[155, 202]], [[154, 202]], [[153, 202]], [[152, 202]], [[151, 202]], [[150, 202]], [[149, 202]], [[148, 202]], [[147, 202]], [[146, 202]], [[145, 201]], [[144, 201]], [[143, 200]], [[142, 200]], [[141, 199]], [[140, 199]], [[139, 199]], [[138, 199]], [[137, 199]]]",[[]],[]
141,141,"[[[474, 198]], [[473, 199]], [[472, 199]], [[471, 199]], [[470, 200]], [[469, 200]], [[468, 201]], [[467, 201]], [[466, 201]], [[465, 202]], [[464, 202]], [[463, 202]], [[462, 202]], [[461, 202]], [[460, 202]], [[459, 203]], [[458, 203]], [[458, 204]], [[457, 205]], [[456, 206]], [[455, 207]], [[454, 208]], [[453, 208]], [[453, 209]], [[454, 210]], [[454, 211]], [[455, 212]], [[455, 213]], [[456, 213]], [[457, 213]], [[458, 214]], [[459, 215]], [[459, 216]], [[460, 216]], [[461, 217]], [[462, 218]], [[462, 219]], [[463, 220]], [[464, 221]], [[465, 221]], [[466, 222]], [[467, 222]], [[468, 223]], [[469, 223]], [[470, 223]], [[471, 223]], [[472, 223]], [[473, 222]], [[474, 222]], [[475, 222]], [[476, 223]], [[477, 223]], [[478, 223]], [[479, 223]], [[480, 223]], [[481, 222]], [[482, 221]], [[483, 221]], [[484, 222]], [[485, 223]], [[485, 224]], [[486, 223]], [[487, 223]], [[488, 224]], [[489, 224]], [[490, 224]], [[491, 223]], [[492, 222]], [[493, 222]], [[494, 222]], [[495, 222]], [[496, 221]], [[497, 221]], [[498, 220]], [[499, 220]], [[500, 220]], [[501, 220]], [[501, 219]], [[502, 218]], [[502, 217]], [[502, 216]], [[502, 215]], [[502, 214]], [[501, 213]], [[501, 212]], [[501, 211]], [[500, 210]], [[499, 209]], [[498, 208]], [[498, 207]], [[497, 206]], [[496, 205]], [[496, 204]], [[496, 203]], [[495, 202]], [[494, 201]], [[493, 200]], [[492, 201]], [[491, 201]], [[490, 202]], [[489, 202]], [[488, 202]], [[487, 202]], [[486, 202]], [[485, 202]], [[484, 202]], [[483, 201]], [[482, 201]], [[481, 200]], [[480, 199]], [[479, 199]], [[478, 199]], [[477, 198]], [[476, 198]], [[475, 198]]]","[[[[450, 205], [449, 206], [449, 207], [449, 208], [448, 209], [447, 209], [446, 209], [445, 208], [444, 208], [443, 208], [442, 208], [441, 209], [440, 210], [439, 210], [439, 211], [440, 212], [441, 213], [442, 213], [443, 213], [444, 214], [443, 215], [442, 216], [441, 216], [441, 217], [441, 218], [441, 219], [442, 219], [443, 218], [444, 218], [445, 217], [446, 216], [447, 217], [448, 217], [449, 218], [449, 219], [450, 220], [450, 221], [450, 222], [449, 223], [448, 224], [447, 224], [446, 224], [445, 225], [444, 225], [443, 224], [443, 223], [443, 222], [442, 222], [441, 222], [440, 222], [439, 222], [438, 222], [439, 222], [440, 223], [441, 223], [442, 224], [443, 225], [443, 226], [443, 227], [442, 228], [442, 229], [442, 230], [441, 231], [440, 231], [439, 231], [438, 231], [437, 232], [438, 233], [439, 232], [440, 233], [441, 234], [442, 233], [441, 232], [441, 231], [442, 230], [443, 229], [444, 228], [445, 227], [446, 226], [447, 225], [448, 224], [449, 225], [450, 225], [451, 225], [450, 224], [450, 223], [450, 222], [450, 221], [450, 220], [451, 219], [452, 218], [453, 218], [454, 219], [455, 220], [456, 221], [456, 220], [456, 219], [456, 218], [456, 217], [455, 216], [454, 215], [454, 214], [454, 213], [454, 212], [453, 211], [453, 210], [452, 209], [452, 208], [452, 207], [452, 206], [451, 206]]], [], [[[481, 165], [480, 166], [480, 167], [481, 168], [481, 169], [482, 170], [483, 171], [483, 172], [484, 173], [484, 174], [483, 175], [483, 176], [484, 176], [485, 176], [486, 176], [487, 177], [488, 178], [489, 178], [490, 179], [490, 180], [489, 181], [488, 181], [488, 182], [489, 183], [490, 183], [491, 184], [492, 183], [493, 184], [493, 185], [493, 186], [493, 187], [493, 188], [493, 189], [494, 190], [494, 191], [495, 192], [495, 193], [496, 194], [496, 195], [496, 196], [496, 197], [496, 198], [495, 199], [494, 199], [493, 198], [492, 197], [491, 196], [490, 195], [489, 194], [488, 194], [487, 194], [487, 195], [487, 196], [488, 197], [489, 197], [490, 198], [491, 198], [492, 198], [493, 199], [494, 199], [495, 200], [496, 201], [496, 202], [497, 203], [497, 204], [497, 205], [498, 206], [499, 207], [499, 208], [500, 209], [501, 210], [502, 211], [502, 212], [502, 213], [503, 214], [503, 215], [503, 216], [504, 217], [503, 218], [503, 219], [502, 220], [501, 221], [500, 221], [499, 221], [498, 221], [497, 222], [498, 222], [499, 223], [500, 223], [501, 223], [502, 224], [502, 225], [503, 224], [502, 223], [502, 222], [503, 221], [504, 220], [505, 219], [506, 219], [507, 218], [508, 218], [509, 218], [510, 219], [510, 220], [511, 221], [512, 222], [513, 223], [513, 224], [514, 224], [515, 224], [516, 225], [517, 225], [518, 225], [518, 224], [519, 223], [518, 222], [517, 221], [516, 221], [515, 221], [514, 221], [513, 221], [512, 220], [511, 220], [510, 219], [511, 218], [512, 218], [513, 218], [512, 218], [511, 217], [510, 217], [509, 217], [508, 217], [507, 217], [506, 217], [505, 216], [504, 215], [504, 214], [503, 213], [503, 212], [502, 211], [502, 210], [502, 209], [501, 208], [501, 207], [501, 206], [501, 205], [501, 204], [500, 203], [500, 202], [499, 202], [498, 202], [497, 202], [496, 201], [496, 200], [496, 199], [497, 198], [498, 198], [499, 199], [499, 198], [499, 197], [498, 196], [497, 195], [497, 194], [497, 193], [496, 192], [496, 191], [495, 190], [495, 189], [495, 188], [495, 187], [495, 186], [495, 185], [495, 184], [495, 183], [494, 182], [494, 181], [493, 180], [493, 179], [492, 178], [491, 177], [490, 177], [489, 176], [488, 175], [487, 175], [486, 174], [486, 173], [485, 172], [484, 171], [484, 170], [483, 169], [483, 168], [483, 167], [482, 166]]], [[[492, 223], [492, 224], [492, 225], [492, 226], [491, 227], [490, 228], [489, 229], [490, 230], [490, 231], [491, 231], [492, 230], [493, 229], [494, 229], [495, 230], [496, 231], [496, 232], [497, 232], [497, 231], [497, 230], [497, 229], [497, 228], [496, 227], [495, 226], [495, 225], [495, 224], [494, 223], [493, 223]], [[481, 165], [480, 166], [480, 167], [481, 168], [481, 169], [482, 170], [483, 171], [483, 172], [484, 173], [484, 174], [483, 175], [483, 176], [484, 176], [485, 176], [486, 176], [487, 177], [488, 178], [489, 178], [490, 179], [490, 180], [489, 181], [488, 181], [488, 182], [489, 183], [490, 183], [491, 184], [492, 183], [493, 184], [493, 185], [493, 186], [493, 187], [493, 188], [493, 189], [494, 190], [494, 191], [495, 192], [495, 193], [496, 194], [496, 195], [496, 196], [496, 197], [496, 198], [495, 199], [494, 199], [493, 198], [492, 197], [491, 196], [490, 195], [489, 194], [488, 194], [487, 194], [487, 195], [487, 196], [488, 197], [489, 197], [490, 198], [491, 198], [492, 198], [493, 199], [494, 199], [495, 200], [496, 201], [496, 202], [497, 203], [497, 204], [497, 205], [498, 206], [499, 207], [499, 208], [500, 209], [501, 210], [502, 211], [502, 212], [502, 213], [503, 214], [503, 215], [503, 216], [504, 217], [503, 218], [503, 219], [502, 220], [501, 221], [500, 221], [499, 221], [498, 221], [497, 222], [498, 222], [499, 223], [500, 223], [501, 223], [502, 224], [502, 225], [503, 224], [502, 223], [502, 222], [503, 221], [504, 220], [505, 219], [506, 219], [507, 218], [508, 218], [509, 218], [510, 219], [510, 220], [511, 221], [512, 222], [513, 223], [513, 224], [514, 224], [515, 224], [516, 225], [517, 225], [518, 225], [518, 224], [519, 223], [518, 222], [517, 221], [516, 221], [515, 221], [514, 221], [513, 221], [512, 220], [511, 220], [510, 219], [511, 218], [512, 218], [513, 218], [512, 218], [511, 217], [510, 217], [509, 217], [508, 217], [507, 217], [506, 217], [505, 216], [504, 215], [504, 214], [503, 213], [503, 212], [502, 211], [502, 210], [502, 209], [501, 208], [501, 207], [501, 206], [501, 205], [501, 204], [500, 203], [500, 202], [499, 202], [498, 202], [497, 202], [496, 201], [496, 200], [496, 199], [497, 198], [498, 198], [499, 199], [499, 198], [499, 197], [498, 196], [497, 195], [497, 194], [497, 193], [496, 192], [496, 191], [495, 190], [495, 189], [495, 188], [495, 187], [495, 186], [495, 185], [495, 184], [495, 183], [494, 182], [494, 181], [493, 180], [493, 179], [492, 178], [491, 177], [490, 177], [489, 176], [488, 175], [487, 175], [486, 174], [486, 173], [485, 172], [484, 171], [484, 170], [483, 169], [483, 168], [483, 167], [482, 166]]]]","[246, [], 247, 248]"
142,142,"[[[791, 186]], [[790, 187]], [[789, 188]], [[789, 189]], [[789, 190]], [[788, 191]], [[788, 192]], [[788, 193]], [[787, 194]], [[787, 195]], [[786, 196]], [[786, 197]], [[786, 198]], [[786, 199]], [[785, 200]], [[786, 200]], [[787, 201]], [[788, 201]], [[789, 201]], [[790, 201]], [[791, 201]], [[792, 201]], [[793, 201]], [[794, 202]], [[795, 202]], [[796, 203]], [[797, 204]], [[797, 205]], [[796, 206]], [[795, 206]], [[794, 206]], [[793, 205]], [[792, 205]], [[791, 204]], [[790, 204]], [[789, 204]], [[788, 204]], [[787, 204]], [[786, 204]], [[785, 204]], [[784, 205]], [[784, 206]], [[784, 207]], [[784, 208]], [[784, 209]], [[783, 210]], [[783, 211]], [[783, 212]], [[783, 213]], [[783, 214]], [[783, 215]], [[783, 216]], [[783, 217]], [[784, 218]], [[785, 219]], [[786, 219]], [[787, 220]], [[788, 221]], [[787, 222]], [[786, 222]], [[785, 223]], [[784, 223]], [[783, 223]], [[782, 223]], [[781, 224]], [[780, 223]], [[779, 223]], [[778, 223]], [[777, 223]], [[776, 222]], [[775, 222]], [[774, 222]], [[773, 223]], [[772, 224]], [[771, 224]], [[770, 225]], [[769, 226]], [[769, 227]], [[768, 228]], [[768, 229]], [[768, 230]], [[768, 231]], [[769, 232]], [[769, 233]], [[769, 234]], [[768, 235]], [[769, 236]], [[769, 237]], [[769, 238]], [[769, 239]], [[768, 240]], [[768, 241]], [[769, 242]], [[768, 243]], [[767, 243]], [[766, 244]], [[765, 244]], [[764, 243]], [[763, 242]], [[762, 242]], [[761, 242]], [[760, 241]], [[759, 241]], [[758, 240]], [[757, 239]], [[756, 239]], [[755, 239]], [[754, 238]], [[753, 238]], [[752, 238]], [[751, 238]], [[750, 238]], [[749, 238]], [[748, 238]], [[747, 238]], [[746, 238]], [[745, 238]], [[744, 238]], [[743, 239]], [[742, 239]], [[741, 240]], [[740, 240]], [[739, 240]], [[738, 240]], [[737, 240]], [[736, 241]], [[735, 241]], [[734, 241]], [[733, 241]], [[732, 242]], [[731, 243]], [[731, 244]], [[730, 245]], [[729, 246]], [[728, 246]], [[727, 247]], [[727, 248]], [[726, 249]], [[726, 250]], [[725, 251]], [[725, 252]], [[725, 253]], [[724, 254]], [[723, 255]], [[722, 256]], [[721, 256]], [[720, 257]], [[719, 258]], [[719, 259]], [[718, 260]], [[717, 261]], [[717, 262]], [[716, 263]], [[716, 264]], [[715, 265]], [[715, 266]], [[714, 267]], [[714, 268]], [[715, 269]], [[715, 270]], [[715, 271]], [[715, 272]], [[715, 273]], [[715, 274]], [[716, 275]], [[717, 276]], [[718, 277]], [[718, 278]], [[718, 279]], [[719, 280]], [[720, 281]], [[721, 282]], [[722, 283]], [[723, 284]], [[724, 285]], [[725, 286]], [[725, 287]], [[726, 287]], [[727, 287]], [[728, 288]], [[729, 288]], [[730, 289]], [[730, 290]], [[731, 290]], [[732, 290]], [[733, 290]], [[734, 290]], [[735, 290]], [[736, 290]], [[737, 290]], [[738, 290]], [[739, 289]], [[740, 289]], [[741, 289]], [[742, 290]], [[743, 291]], [[744, 290]], [[745, 290]], [[746, 290]], [[746, 289]], [[747, 288]], [[748, 288]], [[749, 288]], [[750, 288]], [[750, 287]], [[750, 286]], [[751, 285]], [[752, 284]], [[752, 283]], [[753, 282]], [[754, 282]], [[755, 282]], [[756, 283]], [[756, 284]], [[757, 284]], [[758, 285]], [[759, 285]], [[760, 285]], [[761, 285]], [[762, 285]], [[763, 285]], [[764, 285]], [[765, 285]], [[766, 285]], [[767, 286]], [[768, 286]], [[769, 286]], [[770, 287]], [[771, 287]], [[772, 287]], [[773, 287]], [[774, 287]], [[775, 286]], [[776, 286]], [[777, 285]], [[778, 285]], [[779, 285]], [[780, 285]], [[781, 286]], [[782, 286]], [[783, 286]], [[784, 286]], [[785, 286]], [[786, 286]], [[787, 285]], [[788, 285]], [[788, 284]], [[789, 283]], [[790, 282]], [[791, 282]], [[792, 281]], [[793, 280]], [[794, 279]], [[795, 279]], [[796, 280]], [[797, 279]], [[798, 279]], [[799, 278]], [[800, 278]], [[800, 277]], [[800, 276]], [[800, 275]], [[799, 274]], [[800, 273]], [[801, 273]], [[802, 273]], [[803, 273]], [[804, 272]], [[805, 272]], [[806, 272]], [[807, 271]], [[808, 270]], [[809, 269]], [[810, 268]], [[811, 267]], [[811, 266]], [[811, 265]], [[811, 264]], [[811, 263]], [[810, 262]], [[810, 261]], [[810, 260]], [[809, 259]], [[808, 258]], [[807, 257]], [[807, 256]], [[806, 255]], [[806, 254]], [[806, 253]], [[806, 252]], [[805, 251]], [[805, 250]], [[805, 249]], [[804, 248]], [[803, 247]], [[802, 246]], [[803, 245]], [[804, 244]], [[805, 244]], [[805, 243]], [[806, 242]], [[807, 241]], [[808, 240]], [[808, 239]], [[808, 238]], [[809, 237]], [[810, 236]], [[811, 235]], [[811, 234]], [[811, 233]], [[811, 232]], [[811, 231]], [[811, 230]], [[811, 229]], [[812, 228]], [[812, 227]], [[812, 226]], [[812, 225]], [[812, 224]], [[813, 223]], [[813, 222]], [[813, 221]], [[813, 220]], [[814, 219]], [[815, 219]], [[816, 218]], [[817, 218]], [[818, 217]], [[819, 217]], [[819, 216]], [[820, 215]], [[820, 214]], [[821, 213]], [[821, 212]], [[821, 211]], [[821, 210]], [[820, 209]], [[819, 208]], [[818, 208]], [[817, 208]], [[816, 208]], [[815, 207]], [[814, 208]], [[813, 207]], [[812, 207]], [[811, 206]], [[812, 205]], [[813, 205]], [[814, 205]], [[815, 205]], [[816, 204]], [[817, 204]], [[818, 204]], [[819, 204]], [[820, 203]], [[821, 203]], [[822, 202]], [[822, 201]], [[822, 200]], [[822, 199]], [[823, 198]], [[824, 198]], [[824, 197]], [[824, 196]], [[823, 195]], [[823, 194]], [[822, 193]], [[822, 192]], [[821, 191]], [[820, 190]], [[819, 189]], [[818, 189]], [[817, 189]], [[816, 189]], [[815, 189]], [[814, 189]], [[813, 189]], [[812, 189]], [[811, 189]], [[810, 188]], [[809, 188]], [[808, 188]], [[807, 188]], [[806, 188]], [[805, 188]], [[804, 188]], [[803, 188]], [[802, 187]], [[801, 187]], [[800, 186]], [[799, 186]], [[798, 186]], [[797, 186]], [[796, 186]], [[795, 186]], [[794, 186]], [[793, 186]], [[792, 186]]]","[[], [[[781, 200], [782, 201], [783, 202], [783, 203], [784, 204], [785, 203], [786, 203], [787, 202], [788, 203], [789, 203], [790, 203], [791, 203], [792, 204], [793, 204], [794, 205], [795, 205], [796, 205], [796, 204], [795, 203], [794, 203], [793, 202], [792, 202], [791, 202], [790, 202], [789, 202], [788, 202], [787, 202], [786, 202], [785, 202], [784, 202], [783, 201], [782, 200]]], [[[716, 278], [716, 279], [717, 280], [717, 281], [718, 282], [719, 283], [720, 284], [721, 285], [721, 286], [722, 287], [723, 288], [724, 289], [725, 290], [726, 291], [727, 292], [726, 293], [727, 294], [728, 293], [729, 293], [729, 292], [730, 291], [729, 290], [729, 289], [728, 289], [727, 288], [726, 288], [725, 288], [724, 287], [724, 286], [723, 285], [722, 284], [721, 283], [720, 282], [719, 281], [718, 280], [717, 279]]], [[[747, 289], [747, 290], [746, 291], [745, 292], [744, 293], [743, 294], [742, 295], [741, 295], [741, 296], [742, 296], [743, 296], [744, 296], [745, 296], [746, 295], [747, 295], [748, 295], [749, 294], [749, 293], [749, 292], [750, 291], [751, 291], [752, 291], [753, 291], [752, 291], [751, 290], [750, 290], [749, 289], [748, 289]]], [[[823, 200], [823, 201], [824, 202], [825, 203], [825, 204], [824, 205], [823, 205], [822, 204], [821, 204], [820, 204], [819, 205], [818, 205], [817, 205], [816, 205], [815, 206], [814, 206], [813, 206], [812, 206], [813, 206], [814, 206], [815, 206], [816, 206], [817, 206], [818, 207], [819, 207], [820, 208], [821, 209], [822, 209], [823, 208], [824, 208], [824, 207], [824, 206], [825, 205], [825, 204], [826, 203], [825, 202], [825, 201], [824, 200]]]]","[[], 249, 250, 251, 252]"
143,143,"[[[670, 180]], [[669, 181]], [[668, 181]], [[667, 181]], [[666, 181]], [[665, 182]], [[664, 183]], [[664, 184]], [[663, 185]], [[663, 186]], [[663, 187]], [[662, 188]], [[662, 189]], [[661, 190]], [[661, 191]], [[661, 192]], [[660, 193]], [[660, 194]], [[660, 195]], [[659, 196]], [[659, 197]], [[659, 198]], [[659, 199]], [[659, 200]], [[660, 201]], [[661, 201]], [[662, 201]], [[663, 201]], [[664, 200]], [[665, 200]], [[666, 200]], [[667, 199]], [[668, 198]], [[669, 197]], [[670, 196]], [[670, 195]], [[670, 194]], [[670, 193]], [[670, 192]], [[671, 191]], [[671, 190]], [[671, 189]], [[672, 188]], [[672, 187]], [[672, 186]], [[672, 185]], [[673, 184]], [[673, 183]], [[673, 182]], [[672, 181]], [[672, 180]], [[671, 180]]]","[[[[671, 193], [671, 194], [671, 195], [671, 196], [670, 197], [669, 198], [668, 199], [668, 200], [668, 201], [667, 202], [666, 202], [665, 202], [664, 202], [663, 202], [662, 202], [662, 203], [663, 204], [664, 205], [665, 205], [666, 204], [667, 203], [668, 202], [668, 201], [669, 200], [670, 199], [671, 198], [670, 197], [671, 196], [671, 195], [671, 194]]], []]","[253, []]"
144,144,"[[[399, 176]], [[398, 177]], [[397, 177]], [[396, 177]], [[396, 178]], [[395, 179]], [[394, 180]], [[393, 181]], [[392, 181]], [[393, 182]], [[393, 183]], [[392, 184]], [[391, 184]], [[390, 184]], [[389, 184]], [[388, 184]], [[387, 184]], [[386, 185]], [[386, 186]], [[386, 187]], [[385, 188]], [[385, 189]], [[384, 190]], [[384, 191]], [[383, 192]], [[382, 193]], [[381, 194]], [[381, 195]], [[381, 196]], [[381, 197]], [[381, 198]], [[381, 199]], [[381, 200]], [[381, 201]], [[381, 202]], [[381, 203]], [[381, 204]], [[382, 205]], [[383, 206]], [[383, 207]], [[384, 208]], [[384, 209]], [[385, 210]], [[385, 211]], [[386, 212]], [[387, 213]], [[388, 214]], [[389, 215]], [[390, 216]], [[391, 216]], [[392, 216]], [[393, 216]], [[394, 216]], [[395, 216]], [[396, 216]], [[397, 217]], [[398, 217]], [[399, 217]], [[400, 217]], [[401, 217]], [[402, 217]], [[403, 217]], [[404, 217]], [[405, 217]], [[406, 217]], [[407, 217]], [[408, 217]], [[409, 217]], [[410, 217]], [[411, 218]], [[412, 218]], [[413, 218]], [[414, 218]], [[415, 219]], [[416, 219]], [[417, 219]], [[418, 219]], [[419, 219]], [[420, 219]], [[421, 219]], [[422, 219]], [[423, 219]], [[424, 219]], [[425, 219]], [[426, 218]], [[427, 218]], [[428, 217]], [[429, 216]], [[430, 216]], [[431, 216]], [[432, 215]], [[432, 214]], [[433, 213]], [[433, 212]], [[434, 211]], [[434, 210]], [[434, 209]], [[434, 208]], [[434, 207]], [[434, 206]], [[433, 205]], [[433, 204]], [[433, 203]], [[432, 202]], [[432, 201]], [[431, 200]], [[431, 199]], [[430, 198]], [[430, 197]], [[429, 196]], [[428, 195]], [[428, 194]], [[427, 193]], [[427, 192]], [[426, 191]], [[425, 190]], [[424, 190]], [[423, 190]], [[422, 190]], [[421, 190]], [[420, 190]], [[419, 190]], [[418, 190]], [[417, 190]], [[416, 190]], [[415, 189]], [[414, 188]], [[414, 187]], [[414, 186]], [[414, 185]], [[415, 184]], [[415, 183]], [[415, 182]], [[415, 181]], [[415, 180]], [[415, 179]], [[415, 178]], [[414, 178]], [[413, 179]], [[412, 179]], [[412, 180]], [[411, 181]], [[410, 180]], [[409, 179]], [[408, 178]], [[407, 178]], [[406, 177]], [[405, 177]], [[404, 177]], [[403, 177]], [[402, 177]], [[401, 177]], [[400, 176]]]","[[[[400, 166], [400, 167], [399, 168], [399, 169], [398, 170], [398, 171], [398, 172], [398, 173], [397, 174], [396, 175], [395, 176], [394, 177], [394, 178], [393, 179], [392, 179], [391, 178], [392, 179], [392, 180], [393, 179], [394, 178], [395, 177], [395, 176], [396, 175], [397, 174], [398, 173], [399, 172], [400, 173], [401, 174], [402, 175], [402, 174], [402, 173], [401, 172], [401, 171], [401, 170], [402, 169], [402, 168], [402, 167], [401, 166]]], [], [[[433, 201], [434, 202], [435, 203], [436, 204], [436, 205], [436, 206], [436, 207], [436, 208], [435, 209], [435, 210], [435, 211], [434, 212], [434, 213], [434, 214], [435, 214], [436, 213], [436, 212], [436, 211], [437, 210], [437, 209], [437, 208], [437, 207], [437, 206], [436, 205], [437, 204], [436, 203], [435, 202], [434, 201]]]]","[254, [], 255]"
145,145,"[[[440, 172]], [[439, 173]], [[438, 173]], [[437, 173]], [[436, 173]], [[435, 173]], [[434, 174]], [[433, 175]], [[432, 176]], [[433, 177]], [[432, 178]], [[431, 179]], [[431, 180]], [[431, 181]], [[431, 182]], [[431, 183]], [[432, 184]], [[432, 185]], [[433, 186]], [[434, 186]], [[435, 187]], [[436, 186]], [[437, 187]], [[438, 186]], [[439, 187]], [[440, 187]], [[441, 188]], [[442, 188]], [[443, 188]], [[444, 188]], [[445, 188]], [[446, 187]], [[447, 187]], [[448, 186]], [[449, 186]], [[450, 185]], [[450, 184]], [[451, 183]], [[451, 182]], [[452, 181]], [[452, 180]], [[452, 179]], [[452, 178]], [[452, 177]], [[452, 176]], [[451, 176]], [[450, 175]], [[450, 174]], [[449, 173]], [[448, 172]], [[447, 172]], [[446, 172]], [[445, 173]], [[444, 173]], [[443, 173]], [[442, 173]], [[441, 172]]]",[[]],[]
146,146,"[[[564, 167]], [[563, 168]], [[562, 168]], [[561, 169]], [[561, 170]], [[561, 171]], [[561, 172]], [[561, 173]], [[561, 174]], [[561, 175]], [[560, 176]], [[560, 177]], [[560, 178]], [[559, 179]], [[559, 180]], [[559, 181]], [[559, 182]], [[560, 183]], [[560, 184]], [[561, 185]], [[562, 186]], [[562, 187]], [[563, 188]], [[564, 188]], [[565, 188]], [[566, 188]], [[567, 188]], [[568, 188]], [[569, 187]], [[570, 187]], [[571, 187]], [[572, 187]], [[572, 186]], [[573, 185]], [[574, 184]], [[574, 183]], [[575, 182]], [[575, 181]], [[575, 180]], [[575, 179]], [[574, 178]], [[573, 177]], [[572, 176]], [[572, 175]], [[571, 174]], [[571, 173]], [[570, 172]], [[570, 171]], [[570, 170]], [[569, 169]], [[568, 169]], [[567, 168]], [[566, 168]], [[565, 167]]]",[[]],[]
147,147,"[[[405, 141]], [[404, 142]], [[403, 142]], [[402, 142]], [[401, 143]], [[401, 144]], [[401, 145]], [[402, 146]], [[403, 147]], [[403, 148]], [[403, 149]], [[403, 150]], [[402, 151]], [[402, 152]], [[402, 153]], [[403, 153]], [[404, 154]], [[405, 154]], [[406, 155]], [[407, 156]], [[407, 157]], [[408, 157]], [[409, 158]], [[410, 158]], [[411, 158]], [[412, 158]], [[413, 158]], [[414, 158]], [[415, 157]], [[416, 156]], [[417, 155]], [[418, 154]], [[419, 153]], [[420, 153]], [[421, 152]], [[422, 151]], [[423, 150]], [[424, 151]], [[424, 150]], [[424, 149]], [[424, 148]], [[425, 147]], [[426, 146]], [[426, 145]], [[426, 144]], [[426, 143]], [[426, 142]], [[425, 141]], [[424, 141]], [[423, 141]], [[422, 141]], [[421, 142]], [[420, 142]], [[419, 142]], [[418, 142]], [[417, 141]], [[416, 141]], [[415, 141]], [[414, 141]], [[413, 141]], [[412, 141]], [[411, 141]], [[410, 141]], [[409, 141]], [[408, 141]], [[407, 141]], [[406, 141]]]",[[]],[]
148,148,"[[[592, 131]], [[591, 132]], [[590, 133]], [[590, 134]], [[590, 135]], [[590, 136]], [[591, 137]], [[591, 138]], [[592, 139]], [[592, 140]], [[593, 141]], [[593, 142]], [[593, 143]], [[593, 144]], [[594, 145]], [[594, 146]], [[595, 146]], [[596, 147]], [[597, 147]], [[598, 146]], [[599, 146]], [[600, 145]], [[601, 144]], [[601, 143]], [[602, 142]], [[603, 141]], [[603, 140]], [[603, 139]], [[603, 138]], [[602, 137]], [[601, 136]], [[600, 136]], [[599, 135]], [[598, 135]], [[597, 134]], [[596, 134]], [[595, 133]], [[594, 133]], [[593, 132]]]","[[[[593, 128], [592, 129], [592, 130], [593, 131], [594, 132], [595, 132], [596, 133], [597, 133], [598, 134], [599, 134], [600, 135], [601, 135], [602, 136], [603, 137], [604, 138], [605, 139], [604, 140], [604, 141], [603, 142], [603, 143], [602, 144], [601, 145], [601, 146], [602, 146], [603, 147], [604, 148], [605, 149], [605, 150], [605, 151], [606, 152], [606, 153], [606, 154], [606, 155], [607, 155], [608, 156], [608, 157], [609, 158], [610, 157], [610, 156], [610, 155], [610, 154], [609, 153], [608, 152], [608, 151], [607, 150], [606, 149], [606, 148], [606, 147], [606, 146], [605, 145], [605, 144], [605, 143], [605, 142], [605, 141], [605, 140], [605, 139], [605, 138], [605, 137], [605, 136], [604, 136], [603, 135], [602, 135], [601, 135], [600, 134], [599, 133], [598, 132], [597, 131], [596, 130], [596, 129], [595, 128], [594, 128]]]]",[256]
149,149,"[[[508, 130]], [[507, 131]], [[506, 131]], [[505, 131]], [[504, 131]], [[503, 131]], [[502, 131]], [[501, 131]], [[500, 132]], [[499, 132]], [[498, 133]], [[497, 133]], [[497, 134]], [[496, 135]], [[495, 136]], [[494, 136]], [[494, 137]], [[494, 138]], [[493, 139]], [[492, 140]], [[491, 140]], [[490, 140]], [[489, 141]], [[488, 141]], [[487, 142]], [[486, 143]], [[485, 144]], [[484, 145]], [[483, 146]], [[482, 147]], [[482, 148]], [[481, 149]], [[481, 150]], [[481, 151]], [[481, 152]], [[481, 153]], [[481, 154]], [[481, 155]], [[481, 156]], [[481, 157]], [[481, 158]], [[481, 159]], [[481, 160]], [[482, 161]], [[483, 162]], [[483, 163]], [[482, 164]], [[483, 165]], [[483, 166]], [[484, 167]], [[484, 168]], [[484, 169]], [[485, 170]], [[485, 171]], [[486, 172]], [[487, 173]], [[487, 174]], [[488, 174]], [[489, 175]], [[490, 176]], [[491, 176]], [[492, 177]], [[493, 178]], [[494, 179]], [[494, 180]], [[495, 181]], [[495, 182]], [[496, 183]], [[496, 184]], [[496, 185]], [[496, 186]], [[496, 187]], [[496, 188]], [[496, 189]], [[496, 190]], [[497, 191]], [[497, 192]], [[498, 193]], [[498, 194]], [[498, 195]], [[499, 196]], [[500, 197]], [[500, 198]], [[500, 199]], [[500, 200]], [[501, 201]], [[501, 202]], [[501, 203]], [[502, 204]], [[502, 205]], [[502, 206]], [[502, 207]], [[502, 208]], [[503, 209]], [[503, 210]], [[503, 211]], [[504, 212]], [[504, 213]], [[505, 214]], [[505, 215]], [[506, 216]], [[507, 216]], [[508, 216]], [[509, 216]], [[510, 216]], [[511, 216]], [[512, 217]], [[513, 217]], [[514, 217]], [[515, 217]], [[516, 217]], [[517, 217]], [[518, 217]], [[519, 217]], [[520, 216]], [[521, 216]], [[522, 215]], [[523, 215]], [[524, 215]], [[525, 215]], [[526, 215]], [[527, 215]], [[528, 214]], [[529, 213]], [[529, 212]], [[530, 211]], [[531, 211]], [[532, 211]], [[533, 211]], [[534, 210]], [[535, 209]], [[536, 209]], [[537, 208]], [[537, 207]], [[538, 206]], [[539, 205]], [[540, 204]], [[540, 203]], [[541, 202]], [[541, 201]], [[541, 200]], [[541, 199]], [[541, 198]], [[541, 197]], [[541, 196]], [[541, 195]], [[541, 194]], [[541, 193]], [[541, 192]], [[541, 191]], [[540, 190]], [[540, 189]], [[540, 188]], [[539, 187]], [[539, 186]], [[539, 185]], [[539, 184]], [[539, 183]], [[539, 182]], [[539, 181]], [[539, 180]], [[539, 179]], [[539, 178]], [[539, 177]], [[540, 176]], [[541, 175]], [[542, 174]], [[543, 173]], [[544, 172]], [[545, 172]], [[546, 172]], [[546, 171]], [[546, 170]], [[546, 169]], [[546, 168]], [[545, 167]], [[545, 166]], [[545, 165]], [[545, 164]], [[545, 163]], [[545, 162]], [[545, 161]], [[545, 160]], [[545, 159]], [[545, 158]], [[544, 157]], [[544, 156]], [[544, 155]], [[544, 154]], [[543, 153]], [[542, 153]], [[541, 152]], [[540, 152]], [[539, 152]], [[538, 152]], [[537, 152]], [[536, 152]], [[535, 152]], [[534, 151]], [[533, 151]], [[532, 150]], [[531, 150]], [[530, 149]], [[530, 148]], [[530, 147]], [[529, 146]], [[528, 145]], [[528, 144]], [[527, 143]], [[527, 142]], [[526, 141]], [[526, 140]], [[525, 140]], [[524, 140]], [[523, 139]], [[522, 138]], [[521, 137]], [[520, 136]], [[519, 135]], [[518, 134]], [[517, 133]], [[516, 132]], [[515, 132]], [[514, 132]], [[513, 131]], [[512, 131]], [[511, 130]], [[510, 130]], [[509, 130]]]","[[], [[[481, 165], [480, 166], [480, 167], [481, 168], [481, 169], [482, 170], [483, 171], [483, 172], [484, 173], [484, 174], [483, 175], [483, 176], [484, 176], [485, 176], [486, 176], [487, 177], [488, 178], [489, 178], [490, 179], [490, 180], [489, 181], [488, 181], [488, 182], [489, 183], [490, 183], [491, 184], [492, 183], [493, 184], [493, 185], [493, 186], [493, 187], [493, 188], [493, 189], [494, 190], [494, 191], [495, 192], [495, 193], [496, 194], [496, 195], [496, 196], [496, 197], [496, 198], [495, 199], [494, 199], [493, 198], [492, 197], [491, 196], [490, 195], [489, 194], [488, 194], [487, 194], [487, 195], [487, 196], [488, 197], [489, 197], [490, 198], [491, 198], [492, 198], [493, 199], [494, 199], [495, 200], [496, 201], [496, 202], [497, 203], [497, 204], [497, 205], [498, 206], [499, 207], [499, 208], [500, 209], [501, 210], [502, 211], [502, 212], [502, 213], [503, 214], [503, 215], [503, 216], [504, 217], [503, 218], [503, 219], [502, 220], [501, 221], [500, 221], [499, 221], [498, 221], [497, 222], [498, 222], [499, 223], [500, 223], [501, 223], [502, 224], [502, 225], [503, 224], [502, 223], [502, 222], [503, 221], [504, 220], [505, 219], [506, 219], [507, 218], [508, 218], [509, 218], [510, 219], [510, 220], [511, 221], [512, 222], [513, 223], [513, 224], [514, 224], [515, 224], [516, 225], [517, 225], [518, 225], [518, 224], [519, 223], [518, 222], [517, 221], [516, 221], [515, 221], [514, 221], [513, 221], [512, 220], [511, 220], [510, 219], [511, 218], [512, 218], [513, 218], [512, 218], [511, 217], [510, 217], [509, 217], [508, 217], [507, 217], [506, 217], [505, 216], [504, 215], [504, 214], [503, 213], [503, 212], [502, 211], [502, 210], [502, 209], [501, 208], [501, 207], [501, 206], [501, 205], [501, 204], [500, 203], [500, 202], [499, 202], [498, 202], [497, 202], [496, 201], [496, 200], [496, 199], [497, 198], [498, 198], [499, 199], [499, 198], [499, 197], [498, 196], [497, 195], [497, 194], [497, 193], [496, 192], [496, 191], [495, 190], [495, 189], [495, 188], [495, 187], [495, 186], [495, 185], [495, 184], [495, 183], [494, 182], [494, 181], [493, 180], [493, 179], [492, 178], [491, 177], [490, 177], [489, 176], [488, 175], [487, 175], [486, 174], [486, 173], [485, 172], [484, 171], [484, 170], [483, 169], [483, 168], [483, 167], [482, 166]]], [[[530, 213], [529, 214], [529, 215], [530, 215], [531, 215], [532, 215], [533, 214], [534, 214], [535, 214], [536, 214], [537, 215], [538, 215], [539, 216], [540, 217], [541, 216], [541, 215], [541, 214], [540, 214], [539, 213], [538, 213], [537, 214], [536, 213], [535, 213], [534, 213], [533, 213], [532, 213], [531, 213]]]]","[[], 247, 258]"
150,150,"[[[711, 126]], [[710, 127]], [[709, 127]], [[708, 127]], [[707, 128]], [[706, 128]], [[705, 128]], [[705, 129]], [[704, 130]], [[704, 131]], [[703, 132]], [[703, 133]], [[702, 134]], [[702, 135]], [[703, 136]], [[702, 137]], [[701, 138]], [[701, 139]], [[700, 140]], [[700, 141]], [[699, 142]], [[699, 143]], [[699, 144]], [[699, 145]], [[698, 146]], [[697, 147]], [[696, 147]], [[695, 147]], [[694, 147]], [[693, 147]], [[692, 147]], [[691, 147]], [[690, 147]], [[689, 148]], [[688, 148]], [[687, 148]], [[686, 149]], [[685, 149]], [[684, 150]], [[683, 151]], [[683, 152]], [[683, 153]], [[683, 154]], [[683, 155]], [[682, 156]], [[682, 157]], [[682, 158]], [[681, 159]], [[681, 160]], [[681, 161]], [[680, 162]], [[679, 163]], [[679, 164]], [[679, 165]], [[679, 166]], [[679, 167]], [[679, 168]], [[678, 169]], [[678, 170]], [[678, 171]], [[678, 172]], [[679, 173]], [[680, 174]], [[681, 174]], [[682, 175]], [[683, 176]], [[684, 177]], [[683, 178]], [[682, 178]], [[681, 178]], [[680, 178]], [[679, 179]], [[678, 179]], [[677, 180]], [[677, 181]], [[676, 182]], [[676, 183]], [[676, 184]], [[676, 185]], [[676, 186]], [[676, 187]], [[676, 188]], [[676, 189]], [[675, 190]], [[676, 191]], [[676, 192]], [[676, 193]], [[676, 194]], [[676, 195]], [[676, 196]], [[676, 197]], [[676, 198]], [[675, 199]], [[675, 200]], [[675, 201]], [[674, 202]], [[675, 203]], [[675, 204]], [[675, 205]], [[675, 206]], [[675, 207]], [[676, 208]], [[677, 208]], [[678, 209]], [[679, 210]], [[680, 210]], [[681, 211]], [[682, 211]], [[683, 212]], [[684, 212]], [[685, 212]], [[686, 213]], [[687, 213]], [[688, 213]], [[689, 214]], [[690, 214]], [[691, 213]], [[692, 213]], [[693, 213]], [[694, 212]], [[695, 211]], [[696, 211]], [[697, 210]], [[697, 209]], [[698, 208]], [[698, 207]], [[698, 206]], [[698, 205]], [[698, 204]], [[698, 203]], [[698, 202]], [[698, 201]], [[698, 200]], [[698, 199]], [[698, 198]], [[698, 197]], [[698, 196]], [[698, 195]], [[698, 194]], [[699, 193]], [[699, 192]], [[699, 191]], [[698, 190]], [[698, 189]], [[698, 188]], [[697, 187]], [[696, 186]], [[695, 185]], [[694, 184]], [[693, 183]], [[693, 182]], [[694, 181]], [[695, 181]], [[696, 181]], [[697, 181]], [[698, 181]], [[699, 181]], [[700, 182]], [[701, 182]], [[702, 181]], [[703, 181]], [[704, 181]], [[705, 181]], [[706, 181]], [[707, 181]], [[708, 181]], [[709, 180]], [[710, 180]], [[711, 180]], [[712, 179]], [[713, 179]], [[714, 179]], [[715, 179]], [[716, 179]], [[717, 178]], [[718, 178]], [[719, 178]], [[720, 178]], [[721, 178]], [[722, 178]], [[723, 177]], [[724, 177]], [[725, 177]], [[726, 176]], [[726, 175]], [[726, 174]], [[727, 173]], [[728, 172]], [[729, 171]], [[730, 170]], [[731, 169]], [[731, 168]], [[732, 167]], [[733, 166]], [[734, 165]], [[735, 164]], [[736, 164]], [[736, 163]], [[736, 162]], [[737, 161]], [[737, 160]], [[737, 159]], [[736, 158]], [[735, 157]], [[735, 156]], [[734, 155]], [[734, 154]], [[734, 153]], [[734, 152]], [[734, 151]], [[733, 150]], [[733, 149]], [[733, 148]], [[732, 147]], [[732, 146]], [[731, 146]], [[730, 145]], [[729, 145]], [[728, 144]], [[728, 143]], [[727, 142]], [[726, 141]], [[726, 140]], [[725, 140]], [[724, 139]], [[723, 139]], [[722, 138]], [[721, 137]], [[720, 136]], [[719, 135]], [[718, 135]], [[717, 134]], [[716, 133]], [[715, 132]], [[715, 131]], [[715, 130]], [[716, 129]], [[715, 128]], [[714, 128]], [[713, 127]], [[712, 127]]]",[[]],[]
151,151,"[[[58, 122]], [[57, 123]], [[56, 123]], [[55, 124]], [[54, 124]], [[53, 124]], [[52, 124]], [[51, 125]], [[50, 125]], [[50, 126]], [[49, 127]], [[49, 128]], [[49, 129]], [[49, 130]], [[49, 131]], [[49, 132]], [[50, 133]], [[50, 134]], [[51, 135]], [[51, 136]], [[52, 137]], [[53, 136]], [[54, 137]], [[55, 137]], [[56, 138]], [[57, 138]], [[58, 138]], [[59, 138]], [[60, 137]], [[61, 137]], [[62, 137]], [[63, 137]], [[64, 136]], [[65, 135]], [[66, 135]], [[67, 134]], [[68, 134]], [[69, 133]], [[70, 133]], [[71, 133]], [[72, 133]], [[73, 132]], [[74, 132]], [[75, 131]], [[76, 130]], [[77, 130]], [[78, 129]], [[79, 129]], [[80, 128]], [[81, 128]], [[82, 127]], [[82, 126]], [[83, 125]], [[83, 124]], [[83, 123]], [[82, 122]], [[81, 122]], [[80, 122]], [[79, 122]], [[78, 122]], [[77, 122]], [[76, 122]], [[75, 123]], [[74, 123]], [[73, 123]], [[72, 123]], [[71, 123]], [[70, 123]], [[69, 123]], [[68, 123]], [[67, 123]], [[66, 123]], [[65, 122]], [[64, 123]], [[63, 123]], [[62, 123]], [[61, 123]], [[60, 122]], [[59, 122]]]","[[[[59, 111], [59, 112], [59, 113], [59, 114], [58, 115], [57, 116], [56, 117], [55, 117], [54, 117], [53, 118], [52, 118], [51, 118], [50, 118], [49, 119], [48, 119], [47, 120], [46, 121], [45, 121], [44, 120], [44, 121], [45, 121], [46, 122], [46, 123], [46, 124], [46, 125], [47, 126], [47, 127], [47, 128], [47, 129], [48, 130], [48, 131], [48, 130], [48, 129], [48, 128], [48, 127], [49, 126], [49, 125], [50, 124], [51, 124], [52, 123], [53, 122], [54, 122], [55, 123], [56, 122], [57, 122], [57, 121], [58, 120], [58, 119], [57, 118], [57, 117], [58, 116], [58, 115], [59, 114], [60, 114], [61, 113], [60, 112]]], []]","[259, []]"
152,152,"[[[786, 110]], [[785, 111]], [[784, 111]], [[783, 112]], [[782, 113]], [[781, 114]], [[780, 114]], [[779, 115]], [[778, 115]], [[777, 115]], [[776, 115]], [[775, 115]], [[774, 115]], [[773, 116]], [[773, 117]], [[772, 118]], [[772, 119]], [[772, 120]], [[771, 121]], [[771, 122]], [[771, 123]], [[772, 124]], [[772, 125]], [[772, 126]], [[772, 127]], [[772, 128]], [[771, 129]], [[770, 129]], [[769, 130]], [[768, 129]], [[767, 129]], [[766, 128]], [[765, 127]], [[764, 126]], [[764, 125]], [[764, 124]], [[764, 123]], [[763, 123]], [[762, 124]], [[761, 124]], [[760, 124]], [[759, 124]], [[758, 125]], [[757, 125]], [[756, 125]], [[755, 125]], [[754, 126]], [[753, 127]], [[753, 128]], [[752, 129]], [[752, 130]], [[751, 131]], [[751, 132]], [[751, 133]], [[751, 134]], [[751, 135]], [[750, 136]], [[750, 137]], [[750, 138]], [[750, 139]], [[750, 140]], [[751, 141]], [[752, 142]], [[753, 143]], [[754, 144]], [[755, 143]], [[756, 144]], [[757, 145]], [[758, 146]], [[759, 147]], [[760, 148]], [[761, 149]], [[761, 150]], [[762, 150]], [[763, 151]], [[763, 152]], [[762, 153]], [[761, 153]], [[761, 154]], [[761, 155]], [[762, 156]], [[763, 156]], [[764, 156]], [[765, 156]], [[766, 156]], [[767, 156]], [[768, 155]], [[769, 155]], [[769, 154]], [[770, 153]], [[771, 154]], [[772, 155]], [[772, 156]], [[773, 157]], [[774, 158]], [[775, 159]], [[775, 160]], [[776, 161]], [[776, 162]], [[777, 163]], [[778, 164]], [[779, 165]], [[779, 166]], [[779, 167]], [[779, 168]], [[780, 169]], [[780, 170]], [[781, 171]], [[782, 171]], [[783, 171]], [[784, 172]], [[785, 171]], [[786, 171]], [[787, 171]], [[788, 171]], [[789, 170]], [[790, 169]], [[791, 169]], [[792, 168]], [[793, 167]], [[794, 167]], [[795, 166]], [[796, 165]], [[796, 164]], [[797, 163]], [[798, 162]], [[798, 161]], [[798, 160]], [[799, 159]], [[800, 160]], [[801, 160]], [[802, 160]], [[803, 160]], [[803, 159]], [[803, 158]], [[803, 157]], [[804, 156]], [[805, 155]], [[806, 155]], [[806, 154]], [[807, 153]], [[807, 152]], [[808, 151]], [[808, 150]], [[808, 149]], [[807, 148]], [[807, 147]], [[807, 146]], [[807, 145]], [[807, 144]], [[808, 143]], [[808, 142]], [[809, 141]], [[809, 140]], [[810, 139]], [[810, 138]], [[811, 137]], [[811, 136]], [[811, 135]], [[811, 134]], [[810, 134]], [[809, 133]], [[808, 133]], [[807, 133]], [[806, 133]], [[805, 132]], [[804, 132]], [[803, 132]], [[802, 132]], [[801, 132]], [[800, 132]], [[799, 131]], [[799, 130]], [[799, 129]], [[798, 128]], [[797, 127]], [[796, 126]], [[795, 125]], [[796, 124]], [[796, 123]], [[796, 122]], [[797, 121]], [[798, 121]], [[799, 121]], [[799, 120]], [[799, 119]], [[800, 118]], [[801, 117]], [[801, 116]], [[802, 115]], [[802, 114]], [[802, 113]], [[801, 112]], [[800, 111]], [[799, 111]], [[798, 111]], [[797, 111]], [[796, 110]], [[795, 110]], [[794, 110]], [[793, 110]], [[792, 110]], [[791, 110]], [[790, 110]], [[789, 110]], [[788, 110]], [[787, 110]]]","[[], [[[816, 88], [815, 89], [814, 90], [813, 91], [812, 91], [811, 91], [810, 91], [809, 91], [808, 91], [807, 91], [807, 92], [806, 93], [805, 94], [804, 93], [804, 92], [803, 91], [802, 91], [801, 91], [801, 92], [801, 93], [802, 94], [802, 95], [802, 96], [802, 97], [802, 98], [801, 99], [800, 99], [799, 98], [798, 97], [797, 97], [796, 97], [795, 96], [794, 96], [793, 95], [792, 95], [791, 94], [790, 94], [789, 93], [788, 93], [789, 94], [789, 95], [789, 96], [788, 97], [787, 97], [786, 98], [785, 98], [784, 99], [785, 100], [785, 101], [785, 102], [786, 102], [787, 101], [788, 101], [789, 101], [790, 100], [791, 101], [792, 102], [792, 103], [793, 104], [793, 105], [793, 106], [793, 107], [793, 108], [794, 109], [795, 109], [796, 109], [796, 108], [796, 107], [796, 106], [796, 105], [796, 104], [796, 103], [797, 102], [798, 103], [799, 104], [799, 105], [800, 105], [801, 105], [802, 105], [803, 106], [803, 107], [804, 108], [805, 108], [805, 107], [806, 106], [806, 105], [805, 104], [805, 103], [806, 102], [806, 101], [806, 100], [805, 99], [806, 98], [806, 97], [807, 96], [808, 96], [809, 96], [810, 96], [811, 95], [812, 95], [812, 94], [813, 93], [813, 92], [814, 91], [815, 90], [816, 89], [817, 89], [818, 89], [819, 89], [820, 89], [821, 89], [822, 90], [823, 90], [824, 90], [825, 91], [826, 92], [827, 93], [828, 93], [827, 92], [826, 91], [825, 91], [824, 90], [823, 89], [822, 89], [821, 89], [820, 88], [819, 88], [818, 88], [817, 88]]]]","[[], 260]"
153,153,"[[[286, 107]], [[285, 108]], [[284, 109]], [[284, 110]], [[283, 111]], [[282, 112]], [[281, 112]], [[280, 112]], [[279, 111]], [[278, 112]], [[277, 111]], [[276, 111]], [[275, 112]], [[274, 113]], [[273, 113]], [[272, 114]], [[271, 115]], [[270, 116]], [[269, 117]], [[268, 118]], [[267, 119]], [[266, 120]], [[265, 121]], [[266, 122]], [[266, 123]], [[266, 124]], [[266, 125]], [[267, 126]], [[268, 126]], [[269, 127]], [[270, 128]], [[270, 129]], [[269, 130]], [[269, 131]], [[268, 132]], [[267, 132]], [[266, 132]], [[265, 133]], [[264, 134]], [[263, 135]], [[262, 136]], [[261, 136]], [[260, 137]], [[260, 138]], [[259, 139]], [[259, 140]], [[259, 141]], [[259, 142]], [[259, 143]], [[259, 144]], [[259, 145]], [[259, 146]], [[260, 147]], [[261, 147]], [[262, 148]], [[263, 149]], [[264, 149]], [[265, 150]], [[265, 151]], [[266, 152]], [[267, 153]], [[268, 153]], [[269, 154]], [[270, 154]], [[271, 154]], [[272, 154]], [[273, 154]], [[274, 153]], [[275, 153]], [[276, 154]], [[277, 155]], [[278, 156]], [[279, 156]], [[280, 157]], [[279, 158]], [[278, 159]], [[277, 159]], [[276, 159]], [[275, 158]], [[274, 158]], [[273, 158]], [[272, 158]], [[271, 159]], [[270, 159]], [[269, 160]], [[268, 161]], [[268, 162]], [[267, 163]], [[266, 164]], [[265, 163]], [[264, 162]], [[264, 161]], [[263, 160]], [[262, 159]], [[262, 158]], [[261, 157]], [[261, 156]], [[260, 155]], [[259, 154]], [[259, 153]], [[258, 153]], [[257, 152]], [[256, 151]], [[255, 151]], [[254, 151]], [[253, 152]], [[252, 152]], [[251, 152]], [[250, 152]], [[249, 152]], [[248, 153]], [[248, 154]], [[247, 155]], [[247, 156]], [[247, 157]], [[247, 158]], [[248, 159]], [[248, 160]], [[248, 161]], [[249, 162]], [[249, 163]], [[250, 164]], [[250, 165]], [[250, 166]], [[251, 167]], [[252, 168]], [[252, 169]], [[251, 170]], [[250, 169]], [[249, 169]], [[248, 169]], [[247, 168]], [[246, 168]], [[245, 168]], [[244, 168]], [[243, 168]], [[242, 168]], [[241, 168]], [[240, 168]], [[239, 168]], [[238, 167]], [[237, 167]], [[236, 166]], [[236, 165]], [[236, 164]], [[237, 163]], [[237, 162]], [[237, 161]], [[237, 160]], [[236, 159]], [[236, 158]], [[236, 157]], [[235, 156]], [[235, 155]], [[235, 154]], [[234, 153]], [[234, 152]], [[233, 151]], [[233, 150]], [[233, 149]], [[232, 148]], [[231, 147]], [[231, 146]], [[230, 145]], [[230, 144]], [[229, 143]], [[229, 142]], [[228, 141]], [[228, 140]], [[227, 139]], [[226, 138]], [[225, 137]], [[224, 136]], [[223, 135]], [[223, 134]], [[222, 133]], [[221, 133]], [[220, 133]], [[219, 133]], [[218, 132]], [[217, 132]], [[216, 132]], [[215, 132]], [[214, 132]], [[213, 132]], [[212, 132]], [[211, 131]], [[210, 131]], [[209, 131]], [[208, 131]], [[207, 131]], [[206, 131]], [[205, 131]], [[204, 131]], [[203, 131]], [[202, 131]], [[201, 131]], [[200, 131]], [[199, 131]], [[198, 131]], [[197, 131]], [[196, 131]], [[195, 131]], [[194, 132]], [[193, 133]], [[192, 134]], [[191, 135]], [[190, 135]], [[189, 136]], [[189, 137]], [[188, 138]], [[188, 139]], [[188, 140]], [[187, 141]], [[187, 142]], [[187, 143]], [[187, 144]], [[187, 145]], [[187, 146]], [[187, 147]], [[186, 148]], [[186, 149]], [[185, 150]], [[185, 151]], [[185, 152]], [[186, 153]], [[187, 154]], [[187, 155]], [[188, 156]], [[188, 157]], [[188, 158]], [[187, 159]], [[187, 160]], [[187, 161]], [[187, 162]], [[187, 163]], [[187, 164]], [[187, 165]], [[187, 166]], [[187, 167]], [[187, 168]], [[187, 169]], [[187, 170]], [[187, 171]], [[187, 172]], [[187, 173]], [[187, 174]], [[187, 175]], [[188, 176]], [[189, 176]], [[190, 177]], [[191, 178]], [[192, 179]], [[193, 180]], [[193, 181]], [[194, 182]], [[195, 183]], [[195, 184]], [[195, 185]], [[196, 186]], [[197, 187]], [[198, 188]], [[199, 189]], [[200, 189]], [[201, 189]], [[202, 189]], [[203, 189]], [[204, 189]], [[205, 188]], [[206, 187]], [[207, 186]], [[208, 186]], [[209, 185]], [[210, 185]], [[211, 185]], [[212, 185]], [[213, 184]], [[214, 184]], [[215, 184]], [[216, 183]], [[217, 183]], [[218, 183]], [[219, 182]], [[220, 182]], [[221, 181]], [[222, 181]], [[223, 181]], [[224, 182]], [[225, 182]], [[226, 183]], [[227, 183]], [[228, 183]], [[229, 183]], [[230, 184]], [[229, 185]], [[228, 185]], [[227, 185]], [[226, 185]], [[225, 185]], [[224, 184]], [[223, 185]], [[222, 185]], [[221, 186]], [[220, 186]], [[219, 187]], [[218, 188]], [[217, 189]], [[216, 190]], [[215, 191]], [[214, 192]], [[214, 193]], [[214, 194]], [[213, 195]], [[212, 196]], [[211, 197]], [[210, 198]], [[210, 199]], [[210, 200]], [[211, 201]], [[210, 202]], [[211, 203]], [[211, 204]], [[211, 205]], [[211, 206]], [[212, 207]], [[213, 207]], [[214, 208]], [[215, 208]], [[216, 208]], [[217, 208]], [[218, 209]], [[219, 210]], [[220, 210]], [[221, 211]], [[221, 212]], [[222, 213]], [[223, 213]], [[224, 213]], [[225, 214]], [[226, 214]], [[227, 214]], [[228, 214]], [[229, 214]], [[230, 213]], [[231, 213]], [[232, 213]], [[233, 212]], [[234, 211]], [[235, 211]], [[236, 211]], [[237, 210]], [[238, 209]], [[239, 209]], [[240, 208]], [[241, 207]], [[242, 206]], [[243, 205]], [[244, 205]], [[245, 205]], [[246, 204]], [[247, 204]], [[248, 204]], [[249, 205]], [[250, 205]], [[251, 205]], [[252, 205]], [[253, 204]], [[254, 204]], [[254, 203]], [[254, 202]], [[254, 201]], [[255, 200]], [[255, 199]], [[255, 198]], [[255, 197]], [[256, 196]], [[255, 195]], [[255, 194]], [[254, 195]], [[253, 195]], [[252, 196]], [[251, 197]], [[250, 196]], [[250, 197]], [[249, 198]], [[248, 198]], [[247, 197]], [[247, 196]], [[247, 195]], [[247, 194]], [[247, 193]], [[247, 192]], [[247, 191]], [[247, 190]], [[247, 189]], [[246, 188]], [[245, 188]], [[244, 187]], [[243, 187]], [[242, 186]], [[242, 185]], [[243, 184]], [[244, 184]], [[245, 185]], [[246, 185]], [[247, 185]], [[248, 185]], [[249, 184]], [[250, 185]], [[251, 184]], [[252, 185]], [[252, 184]], [[253, 183]], [[253, 182]], [[254, 181]], [[254, 180]], [[254, 179]], [[255, 178]], [[255, 177]], [[255, 176]], [[255, 175]], [[255, 174]], [[255, 173]], [[256, 172]], [[257, 172]], [[258, 171]], [[259, 171]], [[260, 171]], [[261, 171]], [[262, 171]], [[263, 170]], [[264, 170]], [[265, 171]], [[266, 172]], [[266, 173]], [[267, 174]], [[268, 175]], [[269, 175]], [[270, 175]], [[271, 176]], [[272, 176]], [[273, 176]], [[274, 176]], [[275, 176]], [[276, 177]], [[277, 177]], [[278, 178]], [[279, 179]], [[279, 180]], [[280, 180]], [[281, 181]], [[282, 181]], [[283, 182]], [[283, 183]], [[282, 184]], [[281, 184]], [[281, 185]], [[280, 186]], [[280, 187]], [[279, 188]], [[278, 189]], [[277, 189]], [[276, 189]], [[275, 189]], [[274, 190]], [[274, 191]], [[274, 192]], [[273, 193]], [[273, 194]], [[273, 195]], [[272, 196]], [[272, 197]], [[272, 198]], [[271, 199]], [[271, 200]], [[271, 201]], [[271, 202]], [[271, 203]], [[271, 204]], [[272, 205]], [[272, 206]], [[273, 207]], [[274, 208]], [[275, 209]], [[275, 210]], [[276, 211]], [[277, 211]], [[278, 212]], [[279, 212]], [[280, 212]], [[281, 212]], [[282, 212]], [[283, 212]], [[284, 212]], [[285, 212]], [[286, 212]], [[287, 211]], [[288, 210]], [[289, 210]], [[290, 209]], [[291, 209]], [[292, 209]], [[293, 209]], [[294, 209]], [[295, 209]], [[296, 210]], [[297, 210]], [[298, 210]], [[299, 210]], [[300, 209]], [[301, 209]], [[302, 209]], [[303, 208]], [[304, 208]], [[305, 207]], [[305, 206]], [[305, 205]], [[305, 204]], [[305, 203]], [[305, 202]], [[304, 201]], [[304, 200]], [[303, 199]], [[302, 198]], [[302, 197]], [[302, 196]], [[302, 195]], [[303, 194]], [[304, 194]], [[305, 195]], [[305, 196]], [[306, 197]], [[307, 198]], [[308, 199]], [[308, 200]], [[308, 201]], [[308, 202]], [[308, 203]], [[308, 204]], [[308, 205]], [[308, 206]], [[307, 207]], [[308, 207]], [[309, 208]], [[310, 208]], [[311, 208]], [[312, 208]], [[313, 208]], [[314, 208]], [[315, 208]], [[316, 208]], [[317, 208]], [[318, 209]], [[319, 209]], [[320, 209]], [[321, 210]], [[321, 211]], [[321, 212]], [[321, 213]], [[321, 214]], [[320, 215]], [[321, 216]], [[322, 216]], [[323, 216]], [[324, 217]], [[325, 217]], [[326, 217]], [[327, 217]], [[328, 217]], [[329, 217]], [[330, 216]], [[330, 215]], [[330, 214]], [[330, 213]], [[331, 212]], [[331, 211]], [[332, 210]], [[333, 210]], [[332, 209]], [[332, 208]], [[331, 207]], [[331, 206]], [[332, 205]], [[332, 204]], [[332, 203]], [[332, 202]], [[333, 201]], [[333, 200]], [[332, 199]], [[331, 198]], [[330, 197]], [[329, 196]], [[329, 195]], [[329, 194]], [[329, 193]], [[329, 192]], [[329, 191]], [[329, 190]], [[328, 189]], [[328, 188]], [[327, 187]], [[326, 186]], [[327, 185]], [[327, 184]], [[327, 183]], [[327, 182]], [[326, 181]], [[326, 180]], [[326, 179]], [[325, 178]], [[324, 178]], [[323, 177]], [[322, 176]], [[321, 176]], [[320, 176]], [[319, 176]], [[318, 176]], [[317, 175]], [[316, 175]], [[315, 175]], [[314, 175]], [[314, 176]], [[313, 177]], [[312, 178]], [[311, 178]], [[310, 179]], [[309, 180]], [[308, 180]], [[307, 179]], [[308, 178]], [[308, 177]], [[308, 176]], [[309, 175]], [[309, 174]], [[308, 173]], [[307, 173]], [[306, 173]], [[305, 173]], [[304, 173]], [[303, 173]], [[302, 173]], [[301, 173]], [[300, 173]], [[299, 173]], [[298, 173]], [[297, 173]], [[296, 173]], [[295, 173]], [[294, 173]], [[293, 172]], [[292, 171]], [[293, 170]], [[293, 169]], [[293, 168]], [[293, 167]], [[293, 166]], [[293, 165]], [[294, 164]], [[295, 163]], [[296, 163]], [[297, 163]], [[298, 164]], [[299, 164]], [[300, 164]], [[301, 165]], [[302, 165]], [[303, 166]], [[303, 167]], [[304, 167]], [[305, 167]], [[306, 168]], [[307, 169]], [[308, 169]], [[309, 169]], [[310, 169]], [[311, 169]], [[312, 170]], [[312, 171]], [[313, 170]], [[314, 171]], [[315, 171]], [[316, 170]], [[317, 170]], [[318, 170]], [[319, 169]], [[320, 169]], [[321, 168]], [[322, 168]], [[323, 167]], [[324, 167]], [[324, 166]], [[325, 165]], [[325, 164]], [[325, 163]], [[326, 162]], [[326, 161]], [[326, 160]], [[325, 159]], [[326, 158]], [[325, 157]], [[325, 156]], [[325, 155]], [[325, 154]], [[325, 153]], [[324, 152]], [[325, 151]], [[326, 150]], [[326, 149]], [[326, 148]], [[326, 147]], [[326, 146]], [[327, 145]], [[328, 145]], [[329, 145]], [[330, 144]], [[330, 143]], [[330, 142]], [[330, 141]], [[330, 140]], [[330, 139]], [[329, 138]], [[329, 137]], [[330, 136]], [[330, 135]], [[329, 134]], [[329, 133]], [[329, 132]], [[329, 131]], [[329, 130]], [[329, 129]], [[330, 128]], [[329, 128]], [[328, 127]], [[327, 127]], [[326, 126]], [[325, 126]], [[324, 125]], [[323, 125]], [[322, 125]], [[321, 124]], [[320, 124]], [[319, 123]], [[318, 123]], [[317, 122]], [[316, 122]], [[315, 122]], [[314, 122]], [[313, 121]], [[312, 121]], [[311, 121]], [[310, 120]], [[309, 120]], [[308, 120]], [[307, 119]], [[306, 119]], [[305, 118]], [[304, 117]], [[303, 117]], [[302, 117]], [[301, 117]], [[300, 116]], [[299, 115]], [[298, 114]], [[297, 113]], [[296, 112]], [[296, 111]], [[295, 110]], [[294, 109]], [[293, 108]], [[292, 108]], [[291, 107]], [[290, 107]], [[289, 107]], [[288, 107]], [[287, 107]]]","[[[[264, 123], [264, 124], [264, 125], [264, 126], [264, 127], [263, 128], [262, 129], [262, 130], [261, 131], [260, 132], [259, 132], [259, 133], [259, 134], [259, 135], [259, 136], [259, 137], [258, 138], [257, 139], [256, 140], [255, 140], [255, 141], [255, 142], [255, 143], [254, 144], [253, 145], [254, 146], [254, 147], [255, 147], [256, 147], [257, 147], [258, 147], [259, 148], [259, 149], [260, 149], [261, 149], [262, 150], [263, 151], [264, 151], [264, 150], [263, 150], [262, 149], [261, 148], [260, 148], [259, 147], [258, 146], [258, 145], [258, 144], [258, 143], [258, 142], [258, 141], [258, 140], [258, 139], [259, 138], [259, 137], [260, 136], [261, 135], [262, 135], [263, 134], [264, 133], [265, 132], [266, 131], [267, 131], [268, 131], [268, 130], [269, 129], [269, 128], [268, 127], [267, 127], [266, 126], [265, 125], [264, 124]]], [], [[[244, 157], [244, 158], [244, 159], [245, 160], [246, 161], [246, 162], [246, 163], [245, 164], [245, 165], [245, 166], [246, 166], [247, 167], [248, 168], [249, 168], [250, 168], [251, 169], [251, 168], [250, 167], [249, 166], [249, 165], [249, 164], [248, 163], [248, 162], [247, 161], [247, 160], [247, 159], [246, 158], [246, 157], [245, 157]]], [[[180, 148], [180, 149], [180, 150], [179, 151], [179, 152], [179, 153], [179, 154], [178, 155], [178, 156], [179, 157], [179, 158], [180, 157], [181, 156], [182, 155], [183, 155], [184, 156], [184, 157], [185, 157], [186, 157], [186, 156], [185, 155], [184, 154], [183, 153], [183, 152], [182, 151], [181, 151], [180, 150], [181, 149], [182, 149], [181, 148]]], [[[303, 196], [303, 197], [303, 198], [304, 199], [305, 200], [305, 201], [306, 202], [306, 203], [306, 204], [306, 205], [306, 206], [306, 207], [306, 208], [306, 209], [306, 210], [306, 211], [306, 212], [306, 213], [307, 213], [308, 212], [307, 211], [307, 210], [306, 209], [306, 208], [306, 207], [307, 206], [307, 205], [307, 204], [307, 203], [307, 202], [307, 201], [307, 200], [307, 199], [306, 198], [305, 197], [304, 196]]]]","[261, [], 262, 263, 264]"
154,154,"[[[348, 106]], [[347, 107]], [[346, 107]], [[345, 108]], [[344, 109]], [[343, 110]], [[342, 111]], [[341, 112]], [[340, 112]], [[339, 112]], [[338, 113]], [[337, 113]], [[336, 113]], [[335, 114]], [[334, 115]], [[333, 116]], [[333, 117]], [[332, 118]], [[331, 119]], [[331, 120]], [[331, 121]], [[332, 122]], [[333, 123]], [[332, 124]], [[332, 125]], [[332, 126]], [[333, 127]], [[334, 128]], [[335, 128]], [[336, 129]], [[337, 129]], [[338, 129]], [[339, 130]], [[340, 129]], [[341, 129]], [[342, 129]], [[343, 128]], [[344, 128]], [[345, 127]], [[346, 126]], [[347, 126]], [[347, 125]], [[348, 124]], [[349, 123]], [[350, 122]], [[350, 121]], [[351, 120]], [[351, 119]], [[352, 118]], [[352, 117]], [[353, 116]], [[353, 115]], [[353, 114]], [[353, 113]], [[353, 112]], [[353, 111]], [[352, 110]], [[351, 109]], [[351, 108]], [[350, 107]], [[350, 106]], [[349, 106]]]",[[]],[]
155,155,"[[[205, 99]], [[204, 100]], [[203, 100]], [[202, 101]], [[201, 101]], [[200, 102]], [[200, 103]], [[199, 104]], [[199, 105]], [[199, 106]], [[199, 107]], [[199, 108]], [[199, 109]], [[199, 110]], [[200, 111]], [[200, 112]], [[200, 113]], [[200, 114]], [[201, 115]], [[201, 116]], [[202, 117]], [[203, 118]], [[204, 119]], [[205, 119]], [[206, 120]], [[207, 120]], [[208, 121]], [[209, 122]], [[210, 123]], [[211, 123]], [[212, 124]], [[213, 124]], [[214, 124]], [[215, 124]], [[216, 124]], [[217, 123]], [[218, 123]], [[219, 122]], [[220, 121]], [[221, 120]], [[221, 119]], [[222, 118]], [[222, 117]], [[222, 116]], [[222, 115]], [[222, 114]], [[222, 113]], [[221, 112]], [[221, 111]], [[220, 110]], [[219, 109]], [[219, 108]], [[218, 107]], [[217, 106]], [[216, 106]], [[215, 105]], [[214, 104]], [[213, 104]], [[212, 103]], [[211, 103]], [[210, 102]], [[209, 101]], [[208, 100]], [[207, 100]], [[206, 100]]]",[[]],[]
156,156,"[[[619, 93]], [[618, 94]], [[617, 94]], [[617, 95]], [[616, 96]], [[616, 97]], [[615, 98]], [[615, 99]], [[615, 100]], [[614, 101]], [[613, 101]], [[612, 100]], [[611, 100]], [[610, 100]], [[609, 99]], [[608, 99]], [[607, 99]], [[606, 99]], [[605, 99]], [[604, 100]], [[603, 101]], [[603, 102]], [[603, 103]], [[603, 104]], [[603, 105]], [[604, 106]], [[605, 107]], [[606, 108]], [[607, 109]], [[608, 110]], [[608, 111]], [[609, 111]], [[610, 111]], [[611, 111]], [[612, 111]], [[613, 111]], [[614, 111]], [[615, 111]], [[616, 111]], [[617, 111]], [[618, 112]], [[619, 111]], [[620, 111]], [[621, 110]], [[622, 110]], [[623, 109]], [[623, 108]], [[622, 107]], [[622, 106]], [[621, 105]], [[621, 104]], [[622, 103]], [[623, 102]], [[624, 103]], [[625, 102]], [[626, 101]], [[627, 100]], [[628, 99]], [[628, 98]], [[628, 97]], [[628, 96]], [[627, 95]], [[626, 94]], [[625, 93]], [[624, 93]], [[623, 93]], [[622, 93]], [[621, 93]], [[620, 93]]]","[[], [[[595, 101], [595, 102], [596, 103], [597, 104], [598, 105], [598, 106], [599, 107], [599, 108], [600, 108], [601, 107], [602, 108], [603, 108], [604, 109], [605, 110], [606, 111], [607, 111], [607, 110], [606, 109], [605, 108], [604, 107], [603, 107], [602, 106], [601, 105], [600, 104], [599, 103], [598, 102], [597, 101], [596, 101]]]]","[[], 265]"
157,157,"[[[541, 92]], [[540, 93]], [[539, 93]], [[538, 93]], [[537, 93]], [[536, 94]], [[535, 94]], [[534, 94]], [[533, 95]], [[532, 94]], [[531, 94]], [[530, 93]], [[529, 93]], [[528, 94]], [[527, 94]], [[526, 95]], [[526, 96]], [[526, 97]], [[527, 98]], [[527, 99]], [[527, 100]], [[528, 101]], [[528, 102]], [[529, 103]], [[530, 103]], [[531, 104]], [[531, 105]], [[532, 105]], [[533, 106]], [[534, 107]], [[535, 108]], [[536, 109]], [[536, 110]], [[537, 110]], [[538, 111]], [[539, 111]], [[540, 111]], [[541, 111]], [[542, 111]], [[543, 111]], [[544, 111]], [[545, 110]], [[545, 109]], [[546, 108]], [[547, 107]], [[547, 106]], [[548, 105]], [[548, 104]], [[549, 103]], [[549, 102]], [[549, 101]], [[549, 100]], [[550, 99]], [[551, 98]], [[551, 97]], [[550, 96]], [[550, 95]], [[549, 94]], [[548, 94]], [[547, 93]], [[546, 93]], [[545, 93]], [[544, 93]], [[543, 93]], [[542, 92]]]","[[[[527, 82], [526, 83], [527, 84], [528, 85], [529, 86], [530, 86], [531, 87], [532, 88], [533, 88], [534, 89], [535, 90], [535, 91], [536, 92], [536, 93], [537, 92], [538, 92], [539, 91], [540, 91], [541, 91], [542, 91], [543, 92], [544, 92], [545, 92], [546, 91], [546, 90], [545, 90], [544, 90], [543, 90], [542, 90], [541, 90], [540, 90], [539, 89], [538, 89], [538, 90], [537, 91], [536, 91], [535, 90], [536, 89], [535, 89], [534, 88], [533, 88], [532, 87], [531, 86], [530, 85], [529, 84], [528, 83]]], [[[526, 91], [525, 92], [524, 92], [524, 93], [524, 94], [524, 95], [523, 96], [522, 96], [521, 95], [520, 95], [519, 95], [518, 95], [517, 95], [516, 96], [515, 96], [514, 97], [513, 98], [512, 98], [511, 97], [510, 97], [509, 97], [509, 98], [510, 99], [510, 100], [511, 101], [511, 100], [512, 99], [513, 99], [514, 99], [515, 99], [516, 99], [517, 99], [518, 99], [519, 98], [520, 97], [521, 97], [522, 97], [523, 97], [524, 97], [525, 96], [525, 95], [526, 94], [527, 93], [528, 93], [529, 92], [529, 91], [528, 91], [527, 91]], [[527, 82], [526, 83], [527, 84], [528, 85], [529, 86], [530, 86], [531, 87], [532, 88], [533, 88], [534, 89], [535, 90], [535, 91], [536, 92], [536, 93], [537, 92], [538, 92], [539, 91], [540, 91], [541, 91], [542, 91], [543, 92], [544, 92], [545, 92], [546, 91], [546, 90], [545, 90], [544, 90], [543, 90], [542, 90], [541, 90], [540, 90], [539, 89], [538, 89], [538, 90], [537, 91], [536, 91], [535, 90], [536, 89], [535, 89], [534, 88], [533, 88], [532, 87], [531, 86], [530, 85], [529, 84], [528, 83]]], [[[526, 91], [525, 92], [524, 92], [524, 93], [524, 94], [524, 95], [523, 96], [522, 96], [521, 95], [520, 95], [519, 95], [518, 95], [517, 95], [516, 96], [515, 96], [514, 97], [513, 98], [512, 98], [511, 97], [510, 97], [509, 97], [509, 98], [510, 99], [510, 100], [511, 101], [511, 100], [512, 99], [513, 99], [514, 99], [515, 99], [516, 99], [517, 99], [518, 99], [519, 98], [520, 97], [521, 97], [522, 97], [523, 97], [524, 97], [525, 96], [525, 95], [526, 94], [527, 93], [528, 93], [529, 92], [529, 91], [528, 91], [527, 91]]], [], [[[560, 89], [560, 90], [559, 91], [558, 92], [557, 92], [556, 93], [555, 93], [554, 94], [553, 94], [552, 95], [551, 95], [551, 96], [552, 97], [552, 98], [551, 99], [550, 100], [550, 101], [550, 102], [551, 103], [552, 102], [553, 101], [553, 100], [554, 99], [554, 98], [555, 97], [556, 98], [556, 97], [556, 96], [557, 95], [557, 94], [558, 93], [559, 93], [560, 94], [561, 94], [562, 94], [562, 93], [562, 92], [561, 91], [561, 90]]]]","[266, 267, 268, [], 269]"
158,158,"[[[768, 86]], [[767, 87]], [[766, 87]], [[765, 87]], [[764, 87]], [[763, 87]], [[762, 88]], [[761, 89]], [[760, 89]], [[759, 89]], [[758, 90]], [[757, 91]], [[757, 92]], [[757, 93]], [[756, 94]], [[755, 94]], [[754, 94]], [[754, 95]], [[755, 96]], [[756, 97]], [[756, 98]], [[756, 99]], [[757, 99]], [[758, 100]], [[759, 101]], [[760, 101]], [[761, 101]], [[762, 100]], [[763, 100]], [[764, 100]], [[765, 100]], [[766, 100]], [[767, 100]], [[768, 99]], [[769, 99]], [[770, 100]], [[771, 99]], [[772, 99]], [[773, 98]], [[774, 98]], [[775, 98]], [[776, 98]], [[777, 97]], [[777, 96]], [[778, 95]], [[777, 94]], [[777, 93]], [[777, 92]], [[776, 91]], [[775, 90]], [[774, 89]], [[773, 89]], [[772, 89]], [[771, 88]], [[770, 87]], [[769, 86]]]","[[[[762, 74], [761, 75], [761, 76], [761, 77], [761, 78], [762, 79], [762, 80], [761, 81], [761, 82], [760, 83], [759, 84], [759, 85], [758, 86], [757, 87], [756, 88], [757, 89], [757, 90], [758, 89], [759, 88], [760, 88], [761, 88], [762, 87], [763, 86], [764, 86], [765, 86], [766, 86], [767, 86], [768, 85], [769, 85], [770, 86], [771, 87], [772, 88], [773, 88], [773, 87], [772, 86], [771, 85], [770, 85], [769, 84], [768, 83], [768, 82], [767, 82], [766, 83], [765, 82], [765, 81], [765, 80], [764, 79], [765, 78], [765, 77], [764, 76], [764, 75], [763, 74]]], [[[743, 92], [744, 93], [745, 94], [745, 95], [745, 96], [745, 97], [746, 97], [747, 97], [748, 98], [748, 99], [748, 100], [747, 101], [746, 102], [745, 103], [746, 104], [747, 104], [748, 104], [749, 103], [750, 102], [751, 101], [751, 100], [751, 99], [752, 98], [753, 98], [754, 98], [755, 98], [755, 97], [754, 96], [753, 95], [753, 94], [753, 93], [752, 92], [751, 92], [750, 93], [749, 93], [748, 94], [747, 93], [746, 93], [745, 93], [744, 92]]], [], [[[772, 77], [772, 78], [772, 79], [772, 80], [771, 81], [772, 81], [773, 81], [774, 81], [775, 81], [776, 81], [777, 82], [778, 83], [779, 84], [778, 85], [777, 85], [777, 86], [777, 87], [777, 88], [778, 88], [779, 88], [780, 88], [781, 88], [781, 87], [782, 86], [783, 87], [784, 88], [784, 89], [784, 90], [785, 90], [786, 90], [787, 89], [788, 88], [789, 88], [790, 88], [791, 87], [790, 86], [789, 85], [788, 84], [787, 84], [786, 84], [785, 84], [784, 83], [783, 83], [782, 83], [781, 83], [780, 83], [779, 82], [779, 81], [778, 80], [777, 79], [776, 78], [775, 78], [774, 78], [773, 77]], [[762, 74], [761, 75], [761, 76], [761, 77], [761, 78], [762, 79], [762, 80], [761, 81], [761, 82], [760, 83], [759, 84], [759, 85], [758, 86], [757, 87], [756, 88], [757, 89], [757, 90], [758, 89], [759, 88], [760, 88], [761, 88], [762, 87], [763, 86], [764, 86], [765, 86], [766, 86], [767, 86], [768, 85], [769, 85], [770, 86], [771, 87], [772, 88], [773, 88], [773, 87], [772, 86], [771, 85], [770, 85], [769, 84], [768, 83], [768, 82], [767, 82], [766, 83], [765, 82], [765, 81], [765, 80], [764, 79], [765, 78], [765, 77], [764, 76], [764, 75], [763, 74]]]]","[270, 271, [], 272]"
159,159,"[[[182, 86]], [[183, 87]], [[183, 88]], [[182, 89]], [[181, 90]], [[180, 91]], [[179, 91]], [[178, 90]], [[177, 90]], [[176, 90]], [[175, 90]], [[174, 90]], [[173, 90]], [[172, 90]], [[171, 90]], [[170, 90]], [[169, 90]], [[168, 90]], [[167, 90]], [[166, 90]], [[165, 89]], [[164, 89]], [[163, 89]], [[162, 89]], [[161, 89]], [[160, 90]], [[159, 91]], [[158, 92]], [[157, 92]], [[156, 93]], [[155, 94]], [[154, 95]], [[154, 96]], [[153, 97]], [[153, 98]], [[153, 99]], [[153, 100]], [[154, 101]], [[154, 102]], [[154, 103]], [[154, 104]], [[155, 105]], [[155, 106]], [[156, 107]], [[157, 107]], [[158, 108]], [[159, 108]], [[160, 108]], [[161, 109]], [[162, 109]], [[163, 110]], [[164, 110]], [[165, 110]], [[166, 111]], [[167, 111]], [[168, 111]], [[169, 111]], [[170, 111]], [[171, 111]], [[172, 111]], [[173, 111]], [[174, 111]], [[175, 111]], [[176, 112]], [[177, 112]], [[178, 112]], [[179, 112]], [[180, 112]], [[181, 112]], [[182, 112]], [[183, 112]], [[184, 112]], [[185, 111]], [[186, 110]], [[186, 109]], [[186, 108]], [[186, 107]], [[186, 106]], [[187, 105]], [[187, 104]], [[187, 103]], [[187, 102]], [[187, 101]], [[187, 100]], [[187, 99]], [[187, 98]], [[187, 97]], [[187, 96]], [[187, 95]], [[187, 94]], [[186, 93]], [[186, 92]], [[186, 91]], [[185, 90]], [[185, 89]], [[184, 89]], [[183, 88]], [[183, 87]]]",[[]],[]
160,160,"[[[305, 71]], [[304, 72]], [[303, 72]], [[302, 72]], [[301, 73]], [[300, 74]], [[299, 74]], [[298, 74]], [[297, 73]], [[296, 73]], [[295, 73]], [[294, 73]], [[293, 73]], [[292, 73]], [[291, 73]], [[290, 74]], [[289, 74]], [[288, 75]], [[287, 76]], [[287, 77]], [[286, 78]], [[286, 79]], [[286, 80]], [[286, 81]], [[286, 82]], [[286, 83]], [[286, 84]], [[286, 85]], [[286, 86]], [[286, 87]], [[286, 88]], [[286, 89]], [[286, 90]], [[286, 91]], [[286, 92]], [[287, 93]], [[287, 94]], [[287, 95]], [[287, 96]], [[287, 97]], [[288, 98]], [[289, 99]], [[289, 100]], [[289, 101]], [[290, 102]], [[291, 102]], [[292, 103]], [[293, 103]], [[294, 104]], [[295, 104]], [[296, 104]], [[297, 104]], [[298, 104]], [[299, 104]], [[300, 104]], [[301, 104]], [[302, 105]], [[303, 106]], [[304, 107]], [[305, 108]], [[306, 108]], [[307, 109]], [[308, 109]], [[309, 109]], [[310, 109]], [[311, 109]], [[312, 110]], [[313, 109]], [[314, 109]], [[315, 109]], [[316, 109]], [[317, 108]], [[318, 107]], [[319, 106]], [[320, 105]], [[320, 104]], [[321, 103]], [[322, 102]], [[323, 101]], [[324, 100]], [[325, 99]], [[325, 98]], [[325, 97]], [[325, 96]], [[324, 95]], [[324, 94]], [[323, 93]], [[322, 92]], [[321, 91]], [[321, 90]], [[320, 89]], [[319, 88]], [[319, 87]], [[318, 86]], [[317, 85]], [[316, 84]], [[315, 83]], [[315, 82]], [[314, 81]], [[313, 80]], [[313, 79]], [[312, 78]], [[312, 77]], [[311, 76]], [[311, 75]], [[310, 74]], [[309, 73]], [[308, 72]], [[307, 72]], [[306, 72]]]",[[]],[]
161,161,"[[[72, 67]], [[71, 68]], [[70, 68]], [[69, 68]], [[68, 68]], [[67, 68]], [[66, 68]], [[65, 68]], [[64, 69]], [[64, 70]], [[64, 71]], [[64, 72]], [[64, 73]], [[64, 74]], [[63, 75]], [[63, 76]], [[63, 77]], [[62, 78]], [[62, 79]], [[62, 80]], [[62, 81]], [[62, 82]], [[62, 83]], [[62, 84]], [[62, 85]], [[62, 86]], [[62, 87]], [[62, 88]], [[62, 89]], [[62, 90]], [[62, 91]], [[63, 92]], [[64, 92]], [[65, 92]], [[66, 92]], [[67, 93]], [[68, 94]], [[69, 95]], [[69, 96]], [[69, 97]], [[70, 98]], [[70, 99]], [[70, 100]], [[70, 101]], [[70, 102]], [[71, 103]], [[72, 104]], [[73, 105]], [[74, 106]], [[75, 107]], [[76, 108]], [[77, 109]], [[78, 110]], [[79, 110]], [[80, 110]], [[81, 110]], [[82, 111]], [[83, 111]], [[84, 111]], [[85, 111]], [[86, 111]], [[87, 110]], [[88, 110]], [[89, 110]], [[90, 111]], [[91, 110]], [[92, 110]], [[93, 109]], [[93, 108]], [[94, 107]], [[95, 106]], [[96, 106]], [[97, 105]], [[97, 104]], [[97, 103]], [[98, 102]], [[98, 101]], [[99, 100]], [[100, 99]], [[100, 98]], [[100, 97]], [[100, 96]], [[100, 95]], [[99, 94]], [[99, 93]], [[98, 93]], [[97, 92]], [[96, 91]], [[96, 90]], [[95, 89]], [[95, 88]], [[94, 87]], [[94, 86]], [[95, 85]], [[96, 85]], [[97, 84]], [[97, 83]], [[98, 82]], [[98, 81]], [[97, 80]], [[97, 79]], [[96, 78]], [[95, 77]], [[94, 77]], [[93, 76]], [[92, 75]], [[91, 74]], [[90, 73]], [[89, 73]], [[88, 72]], [[87, 71]], [[86, 71]], [[85, 70]], [[84, 70]], [[83, 70]], [[82, 70]], [[81, 70]], [[80, 70]], [[79, 70]], [[78, 70]], [[77, 69]], [[76, 69]], [[75, 69]], [[74, 68]], [[73, 67]]]","[[[[71, 63], [71, 64], [71, 65], [70, 66], [71, 66], [72, 66], [73, 66], [74, 67], [75, 68], [76, 68], [77, 68], [78, 69], [79, 69], [80, 69], [81, 69], [81, 68], [80, 67], [79, 67], [78, 67], [77, 66], [76, 66], [75, 65], [74, 65], [73, 64], [73, 63], [72, 63]]], [], [[[61, 92], [61, 93], [61, 94], [62, 94], [63, 95], [63, 96], [63, 97], [63, 98], [63, 99], [64, 99], [65, 99], [66, 100], [67, 100], [68, 101], [68, 102], [69, 103], [70, 104], [71, 105], [72, 106], [73, 107], [74, 108], [75, 109], [76, 109], [75, 108], [74, 107], [73, 106], [72, 105], [71, 104], [70, 103], [69, 102], [69, 101], [69, 100], [69, 99], [69, 98], [68, 97], [68, 96], [68, 95], [67, 94], [66, 94], [65, 94], [64, 95], [63, 94], [62, 93]]]]","[273, [], 274]"
162,162,"[[[292, 55]], [[292, 56]], [[291, 57]], [[291, 58]], [[290, 59]], [[291, 60]], [[292, 60]], [[293, 61]], [[293, 62]], [[294, 62]], [[295, 63]], [[296, 63]], [[297, 64]], [[298, 64]], [[299, 64]], [[300, 64]], [[301, 65]], [[302, 65]], [[303, 65]], [[304, 64]], [[305, 64]], [[305, 63]], [[305, 62]], [[305, 61]], [[306, 60]], [[305, 59]], [[305, 58]], [[304, 57]], [[303, 57]], [[302, 57]], [[301, 56]], [[300, 56]], [[299, 56]], [[298, 56]], [[297, 55]], [[296, 55]], [[295, 55]], [[294, 55]], [[293, 55]]]","[[[[283, 49], [282, 50], [282, 51], [281, 52], [282, 53], [282, 54], [283, 55], [283, 54], [284, 53], [285, 52], [286, 52], [287, 52], [288, 53], [288, 54], [289, 55], [289, 56], [290, 57], [291, 56], [291, 55], [292, 54], [292, 53], [293, 52], [293, 51], [292, 51], [291, 50], [290, 49], [289, 49], [288, 49], [287, 49], [286, 50], [285, 49], [284, 49]]], [], [[[305, 50], [306, 51], [306, 52], [307, 53], [308, 53], [309, 54], [309, 55], [309, 56], [308, 57], [307, 58], [307, 59], [307, 60], [307, 61], [307, 62], [307, 63], [308, 64], [309, 63], [309, 62], [310, 61], [311, 60], [311, 59], [312, 58], [313, 57], [314, 56], [314, 55], [313, 56], [312, 56], [311, 56], [310, 55], [309, 54], [309, 53], [308, 52], [307, 51], [307, 50], [306, 50]]]]","[275, [], 276]"
163,163,"[[[742, 50]], [[742, 51]], [[742, 52]], [[741, 53]], [[740, 54]], [[739, 55]], [[738, 56]], [[737, 56]], [[736, 56]], [[735, 57]], [[734, 58]], [[734, 59]], [[733, 60]], [[733, 61]], [[734, 62]], [[735, 63]], [[736, 64]], [[737, 65]], [[737, 66]], [[738, 67]], [[739, 67]], [[740, 68]], [[741, 68]], [[742, 68]], [[743, 68]], [[744, 68]], [[745, 69]], [[746, 69]], [[747, 69]], [[748, 69]], [[749, 69]], [[750, 69]], [[751, 69]], [[752, 69]], [[753, 69]], [[754, 68]], [[754, 67]], [[753, 67]], [[752, 66]], [[753, 65]], [[754, 64]], [[754, 63]], [[753, 62]], [[753, 61]], [[752, 60]], [[752, 59]], [[752, 58]], [[752, 57]], [[751, 56]], [[750, 56]], [[749, 56]], [[748, 56]], [[747, 55]], [[746, 54]], [[745, 53]], [[744, 52]], [[745, 51]], [[745, 50]], [[744, 50]], [[743, 50]]]","[[[[714, 38], [714, 39], [714, 40], [714, 41], [714, 42], [713, 43], [712, 44], [712, 45], [712, 46], [712, 47], [713, 47], [714, 47], [715, 46], [716, 45], [717, 46], [718, 46], [719, 46], [720, 46], [721, 47], [721, 48], [721, 49], [722, 50], [723, 51], [723, 52], [723, 53], [724, 54], [724, 55], [725, 56], [726, 56], [727, 57], [728, 57], [729, 58], [729, 59], [730, 60], [731, 61], [732, 62], [731, 63], [732, 64], [733, 64], [734, 65], [735, 66], [736, 67], [736, 68], [736, 69], [737, 70], [737, 71], [737, 72], [737, 73], [738, 74], [739, 74], [740, 74], [740, 73], [740, 72], [740, 71], [741, 70], [741, 69], [740, 69], [739, 68], [738, 68], [737, 67], [736, 66], [736, 65], [735, 64], [734, 63], [733, 62], [732, 61], [732, 60], [732, 59], [732, 58], [733, 57], [733, 56], [732, 55], [731, 54], [731, 53], [730, 52], [729, 51], [728, 51], [727, 50], [726, 50], [725, 50], [724, 49], [723, 48], [723, 47], [723, 46], [723, 45], [723, 44], [723, 43], [723, 42], [722, 42], [721, 41], [720, 41], [719, 40], [718, 40], [717, 39], [716, 38], [715, 38]]], []]","[277, []]"
164,164,"[[[707, 40]], [[706, 41]], [[705, 41]], [[704, 42]], [[703, 42]], [[702, 42]], [[701, 43]], [[700, 43]], [[699, 44]], [[698, 44]], [[697, 44]], [[696, 44]], [[695, 44]], [[694, 44]], [[693, 44]], [[692, 44]], [[691, 44]], [[690, 44]], [[689, 43]], [[688, 43]], [[687, 42]], [[686, 42]], [[685, 42]], [[684, 42]], [[683, 42]], [[682, 42]], [[681, 42]], [[680, 43]], [[679, 43]], [[678, 43]], [[677, 42]], [[676, 43]], [[675, 43]], [[674, 43]], [[673, 43]], [[672, 43]], [[672, 44]], [[671, 45]], [[670, 46]], [[670, 47]], [[669, 48]], [[668, 49]], [[667, 50]], [[666, 49]], [[665, 48]], [[665, 47]], [[665, 46]], [[664, 45]], [[663, 45]], [[662, 45]], [[661, 45]], [[660, 44]], [[659, 44]], [[658, 43]], [[657, 44]], [[656, 45]], [[655, 46]], [[656, 47]], [[657, 48]], [[657, 49]], [[657, 50]], [[657, 51]], [[658, 52]], [[658, 53]], [[658, 54]], [[659, 55]], [[659, 56]], [[659, 57]], [[659, 58]], [[659, 59]], [[658, 60]], [[657, 59]], [[656, 58]], [[656, 57]], [[655, 57]], [[654, 57]], [[653, 56]], [[652, 55]], [[651, 55]], [[650, 55]], [[649, 55]], [[648, 54]], [[647, 54]], [[646, 54]], [[645, 54]], [[644, 53]], [[643, 53]], [[642, 54]], [[641, 54]], [[640, 54]], [[639, 54]], [[638, 53]], [[637, 53]], [[636, 53]], [[635, 53]], [[634, 54]], [[633, 54]], [[632, 54]], [[631, 55]], [[631, 56]], [[630, 57]], [[629, 58]], [[628, 59]], [[627, 60]], [[627, 61]], [[627, 62]], [[627, 63]], [[628, 64]], [[628, 65]], [[629, 66]], [[630, 67]], [[631, 68]], [[631, 69]], [[631, 70]], [[632, 70]], [[633, 71]], [[634, 71]], [[635, 71]], [[636, 71]], [[637, 71]], [[638, 72]], [[639, 72]], [[640, 73]], [[641, 73]], [[642, 74]], [[643, 74]], [[644, 74]], [[645, 74]], [[646, 74]], [[647, 74]], [[648, 74]], [[649, 74]], [[650, 74]], [[651, 75]], [[652, 76]], [[653, 76]], [[654, 75]], [[655, 75]], [[656, 76]], [[657, 77]], [[658, 77]], [[659, 77]], [[660, 77]], [[661, 77]], [[662, 78]], [[662, 79]], [[662, 80]], [[663, 81]], [[663, 82]], [[664, 83]], [[664, 84]], [[664, 85]], [[665, 86]], [[665, 87]], [[665, 88]], [[666, 89]], [[666, 90]], [[667, 91]], [[667, 92]], [[667, 93]], [[668, 94]], [[669, 95]], [[670, 95]], [[671, 95]], [[672, 95]], [[673, 95]], [[674, 95]], [[675, 95]], [[676, 94]], [[677, 94]], [[678, 94]], [[679, 94]], [[680, 93]], [[681, 92]], [[682, 92]], [[683, 92]], [[684, 91]], [[685, 90]], [[686, 90]], [[687, 90]], [[688, 91]], [[689, 91]], [[690, 92]], [[691, 92]], [[692, 93]], [[693, 94]], [[694, 94]], [[695, 94]], [[696, 94]], [[697, 94]], [[698, 94]], [[699, 93]], [[700, 93]], [[701, 93]], [[702, 92]], [[703, 91]], [[704, 90]], [[704, 89]], [[704, 88]], [[704, 87]], [[705, 86]], [[705, 85]], [[705, 84]], [[706, 83]], [[706, 82]], [[706, 81]], [[706, 80]], [[706, 79]], [[707, 78]], [[707, 77]], [[707, 76]], [[707, 75]], [[707, 74]], [[707, 73]], [[707, 72]], [[708, 71]], [[708, 70]], [[708, 69]], [[709, 68]], [[709, 67]], [[709, 66]], [[709, 65]], [[710, 64]], [[709, 63]], [[709, 62]], [[710, 61]], [[710, 60]], [[711, 59]], [[711, 58]], [[712, 57]], [[712, 56]], [[712, 55]], [[712, 54]], [[712, 53]], [[712, 52]], [[713, 51]], [[713, 50]], [[713, 49]], [[713, 48]], [[712, 48]], [[711, 47]], [[711, 46]], [[711, 45]], [[711, 44]], [[711, 43]], [[711, 42]], [[710, 42]], [[709, 41]], [[708, 40]]]","[[], [[[714, 38], [714, 39], [714, 40], [714, 41], [714, 42], [713, 43], [712, 44], [712, 45], [712, 46], [712, 47], [713, 47], [714, 47], [715, 46], [716, 45], [717, 46], [718, 46], [719, 46], [720, 46], [721, 47], [721, 48], [721, 49], [722, 50], [723, 51], [723, 52], [723, 53], [724, 54], [724, 55], [725, 56], [726, 56], [727, 57], [728, 57], [729, 58], [729, 59], [730, 60], [731, 61], [732, 62], [731, 63], [732, 64], [733, 64], [734, 65], [735, 66], [736, 67], [736, 68], [736, 69], [737, 70], [737, 71], [737, 72], [737, 73], [738, 74], [739, 74], [740, 74], [740, 73], [740, 72], [740, 71], [741, 70], [741, 69], [740, 69], [739, 68], [738, 68], [737, 67], [736, 66], [736, 65], [735, 64], [734, 63], [733, 62], [732, 61], [732, 60], [732, 59], [732, 58], [733, 57], [733, 56], [732, 55], [731, 54], [731, 53], [730, 52], [729, 51], [728, 51], [727, 50], [726, 50], [725, 50], [724, 49], [723, 48], [723, 47], [723, 46], [723, 45], [723, 44], [723, 43], [723, 42], [722, 42], [721, 41], [720, 41], [719, 40], [718, 40], [717, 39], [716, 38], [715, 38]]]]","[[], 277]"
165,165,"[[[433, 30]], [[432, 31]], [[431, 31]], [[430, 31]], [[429, 31]], [[428, 31]], [[427, 32]], [[427, 33]], [[426, 34]], [[426, 35]], [[425, 36]], [[424, 37]], [[424, 38]], [[424, 39]], [[423, 40]], [[423, 41]], [[422, 42]], [[422, 43]], [[421, 44]], [[421, 45]], [[421, 46]], [[420, 47]], [[420, 48]], [[419, 49]], [[418, 49]], [[418, 50]], [[418, 51]], [[419, 52]], [[418, 53]], [[418, 54]], [[418, 55]], [[417, 56]], [[418, 57]], [[418, 58]], [[418, 59]], [[418, 60]], [[418, 61]], [[417, 62]], [[416, 63]], [[415, 64]], [[414, 65]], [[413, 66]], [[412, 67]], [[413, 68]], [[412, 69]], [[411, 70]], [[410, 71]], [[409, 72]], [[409, 73]], [[408, 74]], [[408, 75]], [[407, 76]], [[407, 77]], [[406, 78]], [[406, 79]], [[406, 80]], [[405, 81]], [[405, 82]], [[405, 83]], [[404, 84]], [[405, 85]], [[405, 86]], [[405, 87]], [[405, 88]], [[405, 89]], [[405, 90]], [[405, 91]], [[405, 92]], [[405, 93]], [[406, 94]], [[406, 95]], [[406, 96]], [[406, 97]], [[406, 98]], [[406, 99]], [[405, 100]], [[405, 101]], [[406, 102]], [[407, 103]], [[408, 104]], [[409, 105]], [[410, 105]], [[411, 105]], [[412, 106]], [[413, 106]], [[414, 106]], [[415, 106]], [[416, 106]], [[417, 107]], [[418, 107]], [[419, 108]], [[420, 108]], [[421, 108]], [[422, 109]], [[423, 109]], [[424, 109]], [[425, 110]], [[426, 110]], [[427, 111]], [[427, 112]], [[428, 112]], [[429, 113]], [[430, 114]], [[431, 114]], [[432, 115]], [[433, 116]], [[434, 117]], [[435, 117]], [[436, 117]], [[437, 118]], [[438, 118]], [[439, 118]], [[440, 119]], [[441, 119]], [[442, 119]], [[443, 119]], [[444, 119]], [[445, 118]], [[446, 118]], [[447, 117]], [[448, 117]], [[449, 117]], [[450, 117]], [[451, 118]], [[451, 119]], [[451, 120]], [[451, 121]], [[452, 122]], [[453, 122]], [[454, 122]], [[455, 123]], [[456, 124]], [[457, 124]], [[458, 124]], [[459, 125]], [[460, 125]], [[461, 125]], [[462, 126]], [[463, 126]], [[464, 126]], [[465, 126]], [[466, 126]], [[467, 126]], [[468, 126]], [[469, 126]], [[470, 126]], [[471, 126]], [[472, 126]], [[473, 126]], [[474, 127]], [[475, 127]], [[476, 127]], [[477, 127]], [[478, 127]], [[479, 127]], [[480, 127]], [[481, 126]], [[482, 126]], [[483, 126]], [[484, 125]], [[485, 124]], [[486, 123]], [[485, 122]], [[485, 121]], [[486, 120]], [[487, 120]], [[486, 119]], [[486, 118]], [[485, 117]], [[484, 116]], [[484, 115]], [[483, 114]], [[483, 113]], [[483, 112]], [[483, 111]], [[482, 110]], [[481, 109]], [[480, 109]], [[479, 108]], [[478, 107]], [[477, 107]], [[476, 106]], [[475, 106]], [[474, 106]], [[473, 106]], [[472, 106]], [[471, 106]], [[470, 106]], [[469, 105]], [[468, 105]], [[467, 106]], [[466, 106]], [[465, 107]], [[464, 107]], [[463, 107]], [[462, 107]], [[461, 107]], [[461, 108]], [[460, 109]], [[459, 108]], [[459, 107]], [[459, 106]], [[460, 105]], [[460, 104]], [[461, 103]], [[461, 102]], [[462, 101]], [[462, 100]], [[462, 99]], [[462, 98]], [[462, 97]], [[463, 96]], [[463, 95]], [[463, 94]], [[464, 93]], [[464, 92]], [[464, 91]], [[464, 90]], [[464, 89]], [[464, 88]], [[464, 87]], [[464, 86]], [[464, 85]], [[464, 84]], [[464, 83]], [[464, 82]], [[464, 81]], [[463, 80]], [[463, 79]], [[463, 78]], [[463, 77]], [[462, 76]], [[461, 75]], [[461, 74]], [[460, 73]], [[459, 72]], [[458, 72]], [[457, 71]], [[456, 70]], [[456, 69]], [[456, 68]], [[456, 67]], [[456, 66]], [[457, 65]], [[457, 64]], [[458, 63]], [[458, 62]], [[458, 61]], [[458, 60]], [[458, 59]], [[458, 58]], [[458, 57]], [[458, 56]], [[457, 55]], [[457, 54]], [[457, 53]], [[456, 52]], [[455, 51]], [[454, 50]], [[453, 49]], [[452, 48]], [[451, 48]], [[450, 47]], [[449, 46]], [[449, 45]], [[448, 44]], [[447, 43]], [[446, 42]], [[445, 41]], [[444, 40]], [[443, 39]], [[442, 38]], [[441, 37]], [[440, 36]], [[440, 35]], [[439, 34]], [[438, 33]], [[437, 32]], [[436, 31]], [[435, 30]], [[434, 30]]]","[[], [[[409, 70], [408, 71], [407, 72], [406, 73], [406, 74], [406, 75], [405, 76], [405, 77], [405, 78], [404, 79], [404, 80], [404, 81], [403, 82], [403, 83], [403, 84], [403, 85], [404, 85], [403, 84], [404, 83], [404, 82], [404, 81], [405, 80], [405, 79], [405, 78], [406, 77], [406, 76], [407, 75], [407, 74], [408, 73], [408, 72], [409, 71]]], [[[402, 102], [403, 103], [402, 104], [403, 105], [403, 106], [404, 106], [405, 105], [406, 105], [407, 105], [408, 106], [408, 107], [407, 108], [406, 107], [406, 108], [406, 109], [406, 110], [407, 111], [408, 111], [409, 111], [410, 110], [411, 110], [410, 109], [409, 108], [408, 107], [409, 106], [408, 105], [407, 104], [406, 103], [405, 103], [404, 103], [403, 102]]], [[[465, 89], [465, 90], [465, 91], [465, 92], [465, 93], [466, 94], [466, 95], [465, 96], [464, 96], [463, 97], [463, 98], [463, 99], [463, 100], [463, 101], [462, 102], [462, 103], [462, 104], [463, 103], [463, 102], [464, 101], [464, 100], [465, 99], [466, 99], [467, 100], [468, 101], [469, 102], [469, 103], [469, 104], [470, 105], [471, 105], [472, 105], [473, 105], [474, 105], [475, 105], [476, 105], [477, 106], [478, 106], [479, 107], [479, 106], [478, 106], [477, 105], [477, 104], [476, 103], [476, 102], [476, 101], [476, 100], [475, 101], [474, 101], [473, 102], [472, 101], [471, 101], [470, 100], [469, 100], [468, 99], [467, 98], [466, 97], [465, 96], [466, 95], [466, 94], [466, 93], [465, 92], [466, 91], [466, 90], [466, 89]]]]","[[], 279, 280, 281]"
166,166,"[[[777, 27]], [[776, 28]], [[775, 28]], [[774, 29]], [[773, 29]], [[773, 30]], [[773, 31]], [[773, 32]], [[774, 33]], [[774, 34]], [[775, 35]], [[775, 36]], [[776, 37]], [[777, 38]], [[778, 38]], [[779, 39]], [[780, 39]], [[781, 40]], [[782, 40]], [[783, 41]], [[784, 42]], [[785, 42]], [[786, 42]], [[787, 42]], [[788, 42]], [[789, 42]], [[790, 41]], [[791, 41]], [[792, 40]], [[792, 39]], [[792, 38]], [[792, 37]], [[792, 36]], [[792, 35]], [[791, 34]], [[791, 33]], [[791, 32]], [[790, 31]], [[790, 30]], [[789, 29]], [[788, 28]], [[787, 27]], [[786, 27]], [[785, 27]], [[784, 27]], [[783, 27]], [[782, 28]], [[781, 27]], [[780, 27]], [[779, 27]], [[778, 27]]]",[],[]
167,167,"[[[575, 21]], [[574, 22]], [[573, 22]], [[572, 22]], [[571, 22]], [[570, 23]], [[569, 23]], [[568, 23]], [[567, 24]], [[566, 24]], [[565, 25]], [[564, 25]], [[563, 26]], [[562, 26]], [[561, 26]], [[560, 27]], [[559, 28]], [[558, 29]], [[557, 30]], [[556, 30]], [[555, 31]], [[555, 32]], [[554, 33]], [[553, 34]], [[552, 35]], [[551, 36]], [[550, 37]], [[549, 37]], [[548, 37]], [[547, 37]], [[546, 37]], [[545, 37]], [[544, 37]], [[543, 37]], [[542, 37]], [[541, 37]], [[540, 37]], [[539, 38]], [[538, 38]], [[537, 38]], [[536, 38]], [[535, 39]], [[534, 39]], [[533, 40]], [[532, 41]], [[531, 42]], [[530, 43]], [[529, 44]], [[529, 45]], [[528, 46]], [[528, 47]], [[527, 48]], [[527, 49]], [[527, 50]], [[527, 51]], [[527, 52]], [[527, 53]], [[527, 54]], [[527, 55]], [[527, 56]], [[527, 57]], [[528, 58]], [[528, 59]], [[528, 60]], [[528, 61]], [[528, 62]], [[528, 63]], [[527, 64]], [[526, 65]], [[525, 66]], [[525, 67]], [[525, 68]], [[525, 69]], [[525, 70]], [[525, 71]], [[525, 72]], [[525, 73]], [[525, 74]], [[525, 75]], [[526, 76]], [[526, 77]], [[527, 78]], [[527, 79]], [[527, 80]], [[527, 81]], [[528, 82]], [[529, 83]], [[530, 84]], [[531, 85]], [[532, 86]], [[533, 87]], [[534, 87]], [[535, 87]], [[536, 88]], [[537, 88]], [[538, 87]], [[539, 88]], [[540, 88]], [[541, 88]], [[542, 89]], [[543, 89]], [[544, 89]], [[545, 89]], [[546, 89]], [[547, 89]], [[548, 89]], [[549, 89]], [[550, 89]], [[551, 88]], [[552, 88]], [[553, 87]], [[554, 86]], [[555, 85]], [[556, 85]], [[557, 84]], [[557, 83]], [[557, 82]], [[558, 81]], [[558, 80]], [[559, 79]], [[560, 78]], [[561, 78]], [[562, 78]], [[563, 79]], [[564, 79]], [[565, 80]], [[566, 80]], [[567, 81]], [[568, 81]], [[569, 82]], [[570, 82]], [[571, 82]], [[572, 83]], [[573, 83]], [[574, 83]], [[575, 82]], [[576, 82]], [[577, 82]], [[578, 82]], [[579, 81]], [[580, 81]], [[581, 80]], [[581, 79]], [[581, 78]], [[581, 77]], [[582, 76]], [[582, 75]], [[582, 74]], [[582, 73]], [[583, 72]], [[583, 71]], [[582, 70]], [[581, 69]], [[581, 68]], [[581, 67]], [[581, 66]], [[582, 65]], [[583, 64]], [[583, 63]], [[583, 62]], [[583, 61]], [[583, 60]], [[583, 59]], [[584, 58]], [[584, 57]], [[584, 56]], [[585, 55]], [[585, 54]], [[585, 53]], [[585, 52]], [[585, 51]], [[585, 50]], [[585, 49]], [[586, 48]], [[586, 47]], [[587, 46]], [[587, 45]], [[587, 44]], [[587, 43]], [[587, 42]], [[587, 41]], [[587, 40]], [[587, 39]], [[586, 38]], [[585, 37]], [[584, 36]], [[583, 35]], [[582, 34]], [[581, 33]], [[581, 32]], [[581, 31]], [[581, 30]], [[581, 29]], [[581, 28]], [[581, 27]], [[580, 26]], [[580, 25]], [[579, 24]], [[578, 23]], [[577, 22]], [[576, 22]]]","[[], [[[527, 82], [526, 83], [527, 84], [528, 85], [529, 86], [530, 86], [531, 87], [532, 88], [533, 88], [534, 89], [535, 90], [535, 91], [536, 92], [536, 93], [537, 92], [538, 92], [539, 91], [540, 91], [541, 91], [542, 91], [543, 92], [544, 92], [545, 92], [546, 91], [546, 90], [545, 90], [544, 90], [543, 90], [542, 90], [541, 90], [540, 90], [539, 89], [538, 89], [538, 90], [537, 91], [536, 91], [535, 90], [536, 89], [535, 89], [534, 88], [533, 88], [532, 87], [531, 86], [530, 85], [529, 84], [528, 83]]], [[[560, 79], [561, 79], [562, 80], [563, 81], [563, 82], [564, 82], [565, 82], [566, 83], [565, 84], [564, 85], [563, 85], [562, 85], [561, 84], [560, 83], [559, 83], [559, 84], [558, 85], [559, 85], [560, 85], [561, 86], [562, 86], [563, 86], [564, 85], [565, 85], [566, 86], [567, 86], [568, 86], [569, 85], [569, 84], [569, 83], [568, 82], [567, 82], [566, 81], [565, 81], [564, 80], [563, 80], [562, 79], [561, 79]]]]","[[], 266, 283]"
168,168,"[[[716, 16]], [[715, 17]], [[714, 18]], [[713, 18]], [[712, 19]], [[712, 20]], [[711, 21]], [[710, 21]], [[709, 21]], [[708, 21]], [[707, 21]], [[706, 21]], [[705, 21]], [[704, 21]], [[703, 21]], [[702, 22]], [[701, 22]], [[700, 22]], [[699, 23]], [[699, 24]], [[698, 25]], [[698, 26]], [[698, 27]], [[698, 28]], [[698, 29]], [[699, 30]], [[699, 31]], [[699, 32]], [[700, 33]], [[700, 34]], [[701, 34]], [[702, 34]], [[703, 35]], [[704, 35]], [[705, 35]], [[706, 35]], [[707, 36]], [[708, 36]], [[709, 36]], [[710, 36]], [[711, 36]], [[712, 36]], [[713, 35]], [[714, 35]], [[715, 34]], [[716, 34]], [[717, 34]], [[718, 35]], [[719, 36]], [[720, 36]], [[721, 37]], [[722, 37]], [[723, 37]], [[724, 36]], [[725, 35]], [[725, 34]], [[724, 35]], [[723, 35]], [[722, 35]], [[721, 35]], [[720, 34]], [[719, 33]], [[719, 32]], [[719, 31]], [[719, 30]], [[718, 29]], [[719, 28]], [[719, 27]], [[718, 26]], [[718, 25]], [[717, 24]], [[717, 23]], [[717, 22]], [[717, 21]], [[717, 20]], [[718, 19]], [[718, 18]], [[718, 17]], [[717, 16]]]",[[]],[]
169,169,"[[[732, 10]], [[731, 11]], [[730, 11]], [[730, 12]], [[731, 13]], [[732, 14]], [[732, 15]], [[733, 16]], [[734, 17]], [[735, 17]], [[736, 18]], [[736, 19]], [[737, 20]], [[738, 21]], [[739, 21]], [[740, 21]], [[741, 22]], [[742, 22]], [[743, 22]], [[744, 23]], [[745, 24]], [[746, 24]], [[747, 24]], [[748, 25]], [[749, 25]], [[750, 25]], [[751, 26]], [[752, 27]], [[753, 26]], [[754, 27]], [[755, 27]], [[756, 27]], [[757, 27]], [[758, 27]], [[759, 27]], [[760, 26]], [[761, 26]], [[762, 26]], [[763, 26]], [[763, 25]], [[764, 24]], [[765, 23]], [[766, 22]], [[766, 21]], [[766, 20]], [[765, 19]], [[764, 18]], [[763, 17]], [[762, 17]], [[761, 16]], [[760, 16]], [[759, 16]], [[758, 16]], [[757, 16]], [[756, 16]], [[755, 16]], [[754, 16]], [[753, 15]], [[752, 15]], [[751, 15]], [[750, 15]], [[749, 15]], [[748, 15]], [[747, 15]], [[746, 15]], [[745, 15]], [[744, 15]], [[743, 15]], [[742, 15]], [[741, 15]], [[740, 14]], [[739, 14]], [[738, 13]], [[738, 12]], [[737, 13]], [[736, 12]], [[735, 12]], [[734, 11]], [[733, 11]]]",[[]],[]
170,170,"[[[604, 10]], [[603, 11]], [[603, 12]], [[602, 13]], [[602, 14]], [[602, 15]], [[601, 16]], [[601, 17]], [[601, 18]], [[601, 19]], [[601, 20]], [[602, 21]], [[602, 22]], [[603, 23]], [[604, 24]], [[604, 25]], [[605, 26]], [[605, 27]], [[606, 27]], [[607, 28]], [[608, 28]], [[609, 29]], [[609, 30]], [[610, 31]], [[610, 32]], [[611, 33]], [[612, 34]], [[613, 35]], [[614, 36]], [[615, 36]], [[616, 37]], [[617, 37]], [[618, 37]], [[618, 36]], [[618, 35]], [[618, 34]], [[619, 33]], [[619, 32]], [[620, 31]], [[621, 30]], [[621, 29]], [[621, 28]], [[621, 27]], [[621, 26]], [[622, 25]], [[623, 24]], [[623, 23]], [[623, 22]], [[623, 21]], [[623, 20]], [[622, 20]], [[621, 19]], [[620, 18]], [[619, 17]], [[618, 16]], [[617, 16]], [[616, 15]], [[615, 14]], [[614, 13]], [[613, 13]], [[612, 12]], [[611, 12]], [[610, 11]], [[609, 11]], [[608, 11]], [[607, 10]], [[606, 10]], [[605, 10]]]","[[], [[[620, 32], [620, 33], [619, 34], [619, 35], [619, 36], [619, 37], [618, 38], [617, 38], [618, 39], [618, 40], [617, 41], [617, 42], [617, 43], [618, 44], [619, 45], [619, 46], [620, 46], [621, 47], [622, 48], [623, 48], [623, 47], [622, 46], [621, 45], [620, 44], [619, 43], [620, 42], [620, 41], [619, 40], [620, 39], [621, 38], [621, 37], [621, 36], [621, 35], [621, 34], [621, 33], [621, 32]]]]","[[], 284]"
