,ncm_ind,ncm_cordi,pore,pore_ind
0,0,"[[[591, 1127]], [[590, 1128]], [[589, 1128]], [[588, 1129]], [[587, 1129]], [[586, 1129]], [[585, 1129]], [[584, 1129]], [[583, 1129]], [[582, 1129]], [[581, 1129]], [[580, 1129]], [[579, 1129]], [[578, 1129]], [[577, 1129]], [[576, 1130]], [[575, 1130]], [[574, 1130]], [[573, 1131]], [[572, 1132]], [[571, 1133]], [[570, 1134]], [[570, 1135]], [[570, 1136]], [[570, 1137]], [[569, 1138]], [[568, 1139]], [[568, 1140]], [[568, 1141]], [[568, 1142]], [[569, 1143]], [[569, 1144]], [[569, 1145]], [[570, 1144]], [[571, 1144]], [[572, 1145]], [[572, 1146]], [[572, 1147]], [[572, 1148]], [[571, 1149]], [[571, 1150]], [[572, 1150]], [[573, 1150]], [[574, 1150]], [[575, 1150]], [[576, 1150]], [[576, 1149]], [[577, 1148]], [[578, 1148]], [[579, 1148]], [[580, 1147]], [[581, 1146]], [[582, 1145]], [[583, 1144]], [[584, 1143]], [[585, 1143]], [[586, 1143]], [[587, 1142]], [[588, 1141]], [[589, 1140]], [[590, 1139]], [[591, 1139]], [[592, 1139]], [[593, 1139]], [[594, 1139]], [[594, 1138]], [[595, 1137]], [[595, 1136]], [[596, 1135]], [[597, 1134]], [[597, 1133]], [[597, 1132]], [[597, 1131]], [[596, 1130]], [[595, 1129]], [[594, 1128]], [[593, 1128]], [[592, 1127]]]",[[]],[]
1,1,"[[[145, 1124]], [[144, 1125]], [[143, 1126]], [[142, 1127]], [[141, 1128]], [[141, 1129]], [[140, 1130]], [[139, 1131]], [[139, 1132]], [[139, 1133]], [[139, 1134]], [[139, 1135]], [[139, 1136]], [[140, 1137]], [[140, 1138]], [[141, 1139]], [[141, 1140]], [[142, 1141]], [[143, 1141]], [[144, 1142]], [[145, 1142]], [[146, 1142]], [[147, 1143]], [[148, 1143]], [[149, 1143]], [[150, 1143]], [[151, 1142]], [[152, 1142]], [[153, 1142]], [[153, 1141]], [[154, 1140]], [[155, 1139]], [[155, 1138]], [[156, 1137]], [[157, 1136]], [[157, 1135]], [[157, 1134]], [[157, 1133]], [[156, 1132]], [[155, 1131]], [[154, 1130]], [[154, 1129]], [[153, 1128]], [[153, 1127]], [[152, 1126]], [[152, 1125]], [[151, 1125]], [[150, 1125]], [[149, 1124]], [[148, 1124]], [[147, 1124]], [[146, 1124]]]",[[]],[]
2,2,"[[[250, 1122]], [[249, 1123]], [[248, 1124]], [[247, 1124]], [[246, 1124]], [[245, 1124]], [[244, 1125]], [[243, 1125]], [[243, 1126]], [[242, 1127]], [[241, 1128]], [[241, 1129]], [[241, 1130]], [[241, 1131]], [[242, 1132]], [[242, 1133]], [[242, 1134]], [[241, 1135]], [[241, 1136]], [[241, 1137]], [[240, 1138]], [[240, 1139]], [[239, 1140]], [[239, 1141]], [[238, 1142]], [[237, 1143]], [[236, 1144]], [[236, 1145]], [[235, 1146]], [[235, 1147]], [[235, 1148]], [[235, 1149]], [[235, 1150]], [[236, 1151]], [[236, 1152]], [[236, 1153]], [[237, 1154]], [[237, 1155]], [[237, 1156]], [[237, 1157]], [[238, 1158]], [[239, 1158]], [[240, 1159]], [[241, 1159]], [[242, 1158]], [[243, 1159]], [[244, 1159]], [[245, 1160]], [[246, 1161]], [[247, 1161]], [[248, 1162]], [[249, 1162]], [[250, 1162]], [[251, 1161]], [[252, 1161]], [[253, 1162]], [[254, 1162]], [[255, 1162]], [[256, 1161]], [[257, 1161]], [[258, 1161]], [[259, 1161]], [[260, 1160]], [[261, 1160]], [[262, 1159]], [[262, 1158]], [[263, 1157]], [[264, 1156]], [[264, 1155]], [[265, 1154]], [[266, 1154]], [[266, 1153]], [[267, 1152]], [[268, 1151]], [[269, 1150]], [[270, 1149]], [[270, 1148]], [[270, 1147]], [[269, 1146]], [[269, 1145]], [[270, 1144]], [[270, 1143]], [[269, 1142]], [[269, 1141]], [[269, 1140]], [[269, 1139]], [[269, 1138]], [[268, 1137]], [[267, 1136]], [[266, 1135]], [[265, 1134]], [[264, 1133]], [[263, 1132]], [[262, 1132]], [[261, 1131]], [[260, 1130]], [[259, 1129]], [[258, 1128]], [[257, 1127]], [[256, 1126]], [[255, 1125]], [[254, 1124]], [[253, 1123]], [[252, 1122]], [[251, 1122]]]","[[], [[[268, 1152], [267, 1153], [267, 1154], [266, 1155], [265, 1155], [265, 1156], [264, 1157], [263, 1158], [263, 1159], [264, 1159], [265, 1160], [266, 1161], [266, 1162], [267, 1163], [267, 1162], [268, 1161], [269, 1161], [270, 1161], [271, 1161], [270, 1161], [269, 1160], [268, 1159], [267, 1158], [266, 1157], [267, 1156], [268, 1155], [269, 1154], [270, 1153], [269, 1152]]]]","[[], 0]"
3,3,"[[[101, 1114]], [[100, 1115]], [[99, 1116]], [[98, 1117]], [[97, 1118]], [[96, 1119]], [[96, 1120]], [[95, 1121]], [[94, 1122]], [[95, 1123]], [[95, 1124]], [[94, 1125]], [[94, 1126]], [[93, 1127]], [[92, 1128]], [[91, 1128]], [[90, 1129]], [[89, 1130]], [[88, 1130]], [[87, 1131]], [[86, 1131]], [[85, 1131]], [[84, 1131]], [[83, 1131]], [[82, 1132]], [[82, 1133]], [[81, 1134]], [[80, 1135]], [[79, 1136]], [[79, 1137]], [[79, 1138]], [[79, 1139]], [[78, 1140]], [[78, 1141]], [[77, 1142]], [[77, 1143]], [[77, 1144]], [[76, 1145]], [[75, 1146]], [[75, 1147]], [[75, 1148]], [[75, 1149]], [[76, 1150]], [[76, 1151]], [[76, 1152]], [[77, 1153]], [[78, 1153]], [[79, 1154]], [[79, 1155]], [[80, 1156]], [[80, 1157]], [[80, 1158]], [[81, 1159]], [[82, 1160]], [[83, 1160]], [[84, 1161]], [[85, 1162]], [[86, 1163]], [[87, 1164]], [[88, 1165]], [[88, 1166]], [[88, 1167]], [[89, 1168]], [[90, 1168]], [[91, 1168]], [[92, 1168]], [[93, 1167]], [[94, 1166]], [[95, 1166]], [[96, 1165]], [[97, 1165]], [[97, 1164]], [[97, 1163]], [[98, 1162]], [[99, 1161]], [[100, 1160]], [[101, 1159]], [[102, 1158]], [[103, 1157]], [[104, 1156]], [[105, 1155]], [[105, 1154]], [[105, 1153]], [[106, 1152]], [[107, 1151]], [[107, 1150]], [[108, 1149]], [[109, 1149]], [[109, 1148]], [[110, 1147]], [[110, 1146]], [[111, 1145]], [[111, 1144]], [[112, 1143]], [[113, 1143]], [[114, 1142]], [[114, 1141]], [[115, 1140]], [[116, 1139]], [[116, 1138]], [[117, 1137]], [[118, 1136]], [[119, 1135]], [[119, 1134]], [[119, 1133]], [[119, 1132]], [[120, 1131]], [[120, 1130]], [[120, 1129]], [[120, 1128]], [[120, 1127]], [[120, 1126]], [[120, 1125]], [[120, 1124]], [[119, 1123]], [[119, 1122]], [[119, 1121]], [[118, 1120]], [[118, 1119]], [[118, 1118]], [[117, 1118]], [[116, 1117]], [[115, 1116]], [[114, 1115]], [[113, 1115]], [[112, 1115]], [[111, 1115]], [[110, 1114]], [[109, 1115]], [[108, 1114]], [[107, 1114]], [[106, 1115]], [[105, 1115]], [[104, 1114]], [[103, 1114]], [[102, 1114]]]",[[]],[]
4,4,"[[[164, 1093]], [[163, 1094]], [[162, 1094]], [[161, 1095]], [[160, 1095]], [[159, 1096]], [[158, 1096]], [[157, 1097]], [[156, 1098]], [[155, 1098]], [[154, 1098]], [[153, 1098]], [[152, 1098]], [[151, 1099]], [[151, 1100]], [[151, 1101]], [[151, 1102]], [[151, 1103]], [[151, 1104]], [[150, 1105]], [[150, 1106]], [[149, 1107]], [[149, 1108]], [[149, 1109]], [[148, 1110]], [[147, 1111]], [[146, 1111]], [[145, 1110]], [[145, 1109]], [[145, 1108]], [[145, 1107]], [[145, 1106]], [[144, 1105]], [[143, 1104]], [[143, 1103]], [[142, 1102]], [[141, 1102]], [[140, 1102]], [[139, 1103]], [[138, 1102]], [[138, 1103]], [[137, 1104]], [[137, 1105]], [[137, 1106]], [[136, 1107]], [[135, 1106]], [[135, 1107]], [[135, 1108]], [[135, 1109]], [[134, 1110]], [[134, 1111]], [[133, 1112]], [[133, 1113]], [[132, 1114]], [[131, 1114]], [[130, 1115]], [[129, 1115]], [[128, 1116]], [[127, 1117]], [[127, 1118]], [[127, 1119]], [[127, 1120]], [[127, 1121]], [[128, 1122]], [[129, 1123]], [[130, 1124]], [[130, 1125]], [[131, 1125]], [[132, 1125]], [[133, 1125]], [[134, 1125]], [[135, 1125]], [[136, 1125]], [[137, 1125]], [[138, 1124]], [[139, 1123]], [[140, 1122]], [[140, 1121]], [[141, 1120]], [[142, 1119]], [[142, 1118]], [[143, 1117]], [[144, 1116]], [[144, 1115]], [[145, 1114]], [[145, 1113]], [[146, 1112]], [[147, 1113]], [[147, 1114]], [[148, 1115]], [[149, 1116]], [[150, 1117]], [[151, 1118]], [[152, 1119]], [[153, 1120]], [[154, 1120]], [[155, 1121]], [[156, 1121]], [[157, 1121]], [[158, 1120]], [[159, 1120]], [[160, 1120]], [[161, 1119]], [[162, 1119]], [[163, 1119]], [[164, 1119]], [[165, 1119]], [[166, 1120]], [[167, 1120]], [[168, 1120]], [[169, 1120]], [[170, 1120]], [[171, 1119]], [[172, 1118]], [[172, 1117]], [[172, 1116]], [[172, 1115]], [[172, 1114]], [[172, 1113]], [[172, 1112]], [[172, 1111]], [[172, 1110]], [[173, 1109]], [[173, 1108]], [[174, 1107]], [[174, 1106]], [[175, 1105]], [[175, 1104]], [[176, 1103]], [[176, 1102]], [[177, 1101]], [[177, 1100]], [[177, 1099]], [[176, 1099]], [[175, 1099]], [[174, 1099]], [[173, 1098]], [[172, 1097]], [[171, 1097]], [[170, 1096]], [[170, 1095]], [[169, 1094]], [[169, 1093]], [[168, 1093]], [[167, 1093]], [[166, 1093]], [[165, 1093]]]","[[], [[[173, 1117], [173, 1118], [173, 1119], [174, 1120], [173, 1121], [173, 1122], [172, 1123], [171, 1124], [170, 1125], [169, 1125], [169, 1126], [169, 1127], [170, 1127], [171, 1126], [172, 1126], [173, 1125], [174, 1125], [175, 1124], [176, 1124], [177, 1123], [178, 1123], [179, 1123], [180, 1123], [181, 1122], [181, 1121], [180, 1120], [180, 1119], [179, 1119], [178, 1119], [177, 1119], [176, 1119], [175, 1119], [174, 1118], [174, 1117]]]]","[[], 1]"
5,5,"[[[180, 1073]], [[179, 1074]], [[179, 1075]], [[179, 1076]], [[179, 1077]], [[179, 1078]], [[178, 1079]], [[177, 1079]], [[176, 1080]], [[176, 1081]], [[175, 1082]], [[174, 1081]], [[173, 1081]], [[173, 1082]], [[173, 1083]], [[174, 1082]], [[175, 1082]], [[176, 1082]], [[177, 1082]], [[178, 1082]], [[179, 1081]], [[180, 1082]], [[181, 1082]], [[182, 1081]], [[183, 1081]], [[183, 1080]], [[183, 1079]], [[183, 1078]], [[183, 1077]], [[183, 1076]], [[182, 1075]], [[181, 1074]]]",[],[]
6,6,"[[[641, 1056]], [[640, 1057]], [[639, 1058]], [[638, 1058]], [[637, 1058]], [[636, 1059]], [[635, 1059]], [[634, 1058]], [[633, 1058]], [[632, 1057]], [[631, 1058]], [[630, 1058]], [[629, 1058]], [[628, 1058]], [[627, 1057]], [[626, 1057]], [[625, 1057]], [[624, 1057]], [[623, 1058]], [[622, 1058]], [[621, 1059]], [[620, 1059]], [[619, 1059]], [[618, 1059]], [[617, 1060]], [[616, 1061]], [[615, 1062]], [[614, 1062]], [[614, 1063]], [[614, 1064]], [[615, 1065]], [[615, 1066]], [[615, 1067]], [[616, 1068]], [[616, 1069]], [[616, 1070]], [[616, 1071]], [[616, 1072]], [[616, 1073]], [[616, 1074]], [[616, 1075]], [[616, 1076]], [[616, 1077]], [[617, 1078]], [[617, 1079]], [[617, 1080]], [[618, 1081]], [[619, 1082]], [[618, 1083]], [[619, 1084]], [[620, 1084]], [[621, 1084]], [[622, 1085]], [[623, 1085]], [[624, 1085]], [[625, 1084]], [[626, 1085]], [[627, 1085]], [[628, 1085]], [[629, 1086]], [[630, 1085]], [[631, 1085]], [[632, 1085]], [[633, 1086]], [[634, 1086]], [[635, 1087]], [[636, 1087]], [[637, 1087]], [[638, 1087]], [[639, 1086]], [[640, 1086]], [[641, 1086]], [[642, 1086]], [[643, 1086]], [[644, 1087]], [[645, 1087]], [[646, 1087]], [[646, 1086]], [[647, 1085]], [[647, 1084]], [[648, 1083]], [[649, 1082]], [[650, 1081]], [[649, 1080]], [[650, 1079]], [[651, 1079]], [[652, 1079]], [[653, 1080]], [[654, 1080]], [[655, 1081]], [[656, 1081]], [[657, 1081]], [[658, 1081]], [[659, 1081]], [[660, 1081]], [[661, 1082]], [[662, 1082]], [[663, 1082]], [[664, 1082]], [[664, 1081]], [[664, 1080]], [[664, 1079]], [[664, 1078]], [[664, 1077]], [[664, 1076]], [[665, 1075]], [[665, 1074]], [[665, 1073]], [[664, 1072]], [[664, 1071]], [[663, 1071]], [[662, 1070]], [[661, 1069]], [[660, 1068]], [[659, 1067]], [[658, 1066]], [[658, 1065]], [[657, 1064]], [[656, 1063]], [[655, 1063]], [[654, 1062]], [[653, 1061]], [[652, 1060]], [[652, 1059]], [[652, 1058]], [[651, 1058]], [[650, 1058]], [[649, 1057]], [[648, 1057]], [[647, 1057]], [[646, 1057]], [[645, 1057]], [[644, 1056]], [[643, 1056]], [[642, 1056]]]","[[], [[[614, 1071], [614, 1072], [614, 1073], [614, 1074], [613, 1075], [612, 1076], [611, 1076], [610, 1076], [609, 1075], [609, 1076], [610, 1077], [610, 1078], [611, 1078], [612, 1078], [613, 1078], [614, 1079], [614, 1080], [614, 1081], [615, 1081], [616, 1082], [617, 1082], [618, 1082], [617, 1081], [616, 1080], [616, 1079], [616, 1078], [615, 1077], [615, 1076], [615, 1075], [615, 1074], [615, 1073], [615, 1072], [615, 1071]]], [[[665, 1076], [665, 1077], [665, 1078], [665, 1079], [665, 1080], [665, 1081], [665, 1082], [664, 1083], [663, 1083], [663, 1084], [664, 1085], [665, 1086], [666, 1087], [666, 1088], [666, 1089], [666, 1090], [667, 1091], [668, 1092], [668, 1091], [668, 1090], [667, 1089], [667, 1088], [667, 1087], [667, 1086], [667, 1085], [667, 1084], [667, 1083], [667, 1082], [666, 1081], [666, 1080], [666, 1079], [666, 1078], [666, 1077], [666, 1076]]]]","[[], 2, 3]"
7,7,"[[[305, 1047]], [[304, 1048]], [[303, 1048]], [[302, 1049]], [[301, 1049]], [[300, 1050]], [[299, 1050]], [[298, 1051]], [[297, 1052]], [[296, 1052]], [[295, 1053]], [[294, 1053]], [[293, 1054]], [[292, 1054]], [[291, 1053]], [[290, 1053]], [[289, 1053]], [[288, 1054]], [[288, 1055]], [[288, 1056]], [[288, 1057]], [[288, 1058]], [[288, 1059]], [[289, 1060]], [[289, 1061]], [[289, 1062]], [[289, 1063]], [[290, 1064]], [[291, 1065]], [[291, 1066]], [[292, 1067]], [[293, 1068]], [[293, 1069]], [[294, 1068]], [[295, 1069]], [[296, 1069]], [[297, 1068]], [[298, 1068]], [[299, 1068]], [[300, 1068]], [[301, 1068]], [[302, 1067]], [[303, 1067]], [[304, 1067]], [[305, 1066]], [[306, 1066]], [[307, 1066]], [[308, 1066]], [[309, 1066]], [[310, 1065]], [[311, 1064]], [[311, 1063]], [[312, 1062]], [[312, 1061]], [[312, 1060]], [[312, 1059]], [[312, 1058]], [[312, 1057]], [[313, 1056]], [[313, 1055]], [[313, 1054]], [[314, 1053]], [[314, 1052]], [[314, 1051]], [[313, 1050]], [[312, 1050]], [[311, 1049]], [[310, 1048]], [[309, 1048]], [[308, 1048]], [[307, 1047]], [[306, 1047]]]",[[]],[]
8,8,"[[[805, 1040]], [[805, 1041]], [[805, 1042]], [[805, 1043]], [[805, 1044]], [[805, 1045]], [[805, 1046]], [[805, 1047]], [[805, 1048]], [[805, 1049]], [[805, 1050]], [[805, 1051]], [[805, 1052]], [[805, 1053]], [[806, 1054]], [[806, 1055]], [[807, 1056]], [[808, 1057]], [[809, 1057]], [[810, 1058]], [[811, 1058]], [[812, 1058]], [[813, 1058]], [[814, 1058]], [[815, 1058]], [[816, 1058]], [[817, 1058]], [[818, 1058]], [[819, 1058]], [[820, 1058]], [[821, 1058]], [[822, 1058]], [[823, 1057]], [[824, 1057]], [[825, 1056]], [[826, 1055]], [[827, 1054]], [[827, 1053]], [[828, 1052]], [[828, 1051]], [[828, 1050]], [[829, 1049]], [[829, 1048]], [[829, 1047]], [[830, 1046]], [[830, 1045]], [[830, 1044]], [[830, 1043]], [[829, 1042]], [[829, 1041]], [[828, 1041]], [[827, 1041]], [[826, 1041]], [[825, 1041]], [[824, 1041]], [[823, 1041]], [[822, 1040]], [[821, 1040]], [[820, 1040]], [[819, 1040]], [[818, 1040]], [[817, 1040]], [[816, 1040]], [[815, 1040]], [[814, 1040]], [[813, 1040]], [[812, 1040]], [[811, 1041]], [[810, 1041]], [[809, 1041]], [[808, 1040]], [[808, 1041]], [[807, 1042]], [[806, 1042]], [[805, 1041]], [[806, 1040]]]","[[[[809, 1018], [809, 1019], [809, 1020], [808, 1021], [807, 1021], [807, 1022], [806, 1023], [805, 1023], [804, 1023], [803, 1023], [802, 1023], [801, 1023], [800, 1023], [799, 1024], [799, 1025], [799, 1026], [800, 1026], [801, 1026], [802, 1025], [803, 1026], [804, 1027], [805, 1028], [805, 1029], [805, 1030], [806, 1030], [807, 1031], [807, 1032], [807, 1033], [808, 1034], [807, 1035], [807, 1036], [806, 1037], [806, 1038], [806, 1039], [807, 1039], [808, 1039], [809, 1039], [810, 1038], [811, 1037], [812, 1036], [812, 1035], [813, 1034], [814, 1033], [815, 1032], [816, 1032], [817, 1032], [818, 1032], [817, 1031], [817, 1030], [817, 1029], [817, 1028], [817, 1029], [817, 1030], [816, 1031], [815, 1031], [814, 1030], [814, 1029], [813, 1028], [814, 1027], [813, 1028], [812, 1028], [811, 1029], [810, 1030], [810, 1031], [809, 1032], [808, 1031], [807, 1030], [807, 1029], [807, 1028], [807, 1027], [807, 1026], [808, 1025], [809, 1025], [810, 1024], [810, 1023], [810, 1022], [811, 1021], [811, 1020], [811, 1019], [811, 1018], [810, 1018]]], []]","[4, []]"
9,9,"[[[600, 1040]], [[599, 1041]], [[598, 1042]], [[597, 1042]], [[596, 1042]], [[595, 1042]], [[595, 1043]], [[594, 1044]], [[594, 1045]], [[594, 1046]], [[594, 1047]], [[594, 1048]], [[593, 1049]], [[594, 1050]], [[594, 1051]], [[594, 1052]], [[594, 1053]], [[594, 1054]], [[593, 1055]], [[592, 1055]], [[591, 1055]], [[592, 1056]], [[593, 1057]], [[592, 1058]], [[592, 1059]], [[592, 1060]], [[592, 1061]], [[592, 1062]], [[593, 1063]], [[593, 1064]], [[593, 1065]], [[593, 1066]], [[593, 1067]], [[594, 1067]], [[595, 1068]], [[596, 1067]], [[597, 1067]], [[598, 1067]], [[599, 1066]], [[600, 1066]], [[601, 1066]], [[602, 1067]], [[603, 1068]], [[604, 1069]], [[605, 1069]], [[606, 1069]], [[607, 1069]], [[608, 1068]], [[609, 1068]], [[608, 1067]], [[608, 1066]], [[608, 1065]], [[609, 1064]], [[610, 1063]], [[610, 1062]], [[611, 1061]], [[611, 1060]], [[612, 1059]], [[612, 1058]], [[613, 1057]], [[614, 1056]], [[614, 1055]], [[613, 1056]], [[612, 1056]], [[611, 1055]], [[611, 1054]], [[611, 1053]], [[612, 1052]], [[612, 1051]], [[612, 1050]], [[612, 1049]], [[612, 1048]], [[612, 1047]], [[612, 1046]], [[612, 1045]], [[612, 1044]], [[611, 1043]], [[610, 1043]], [[609, 1042]], [[608, 1042]], [[607, 1042]], [[606, 1042]], [[605, 1041]], [[604, 1040]], [[603, 1040]], [[602, 1040]], [[601, 1040]]]",[[]],[]
10,10,"[[[804, 1028]], [[804, 1029]], [[804, 1030]], [[803, 1031]], [[802, 1032]], [[801, 1032]], [[800, 1032]], [[799, 1031]], [[798, 1031]], [[797, 1032]], [[797, 1033]], [[796, 1034]], [[795, 1034]], [[796, 1035]], [[796, 1036]], [[796, 1037]], [[796, 1038]], [[797, 1038]], [[798, 1039]], [[798, 1038]], [[799, 1037]], [[799, 1036]], [[799, 1035]], [[800, 1034]], [[800, 1033]], [[801, 1032]], [[802, 1033]], [[803, 1034]], [[803, 1035]], [[803, 1036]], [[804, 1037]], [[805, 1037]], [[806, 1036]], [[806, 1035]], [[807, 1034]], [[806, 1033]], [[806, 1032]], [[806, 1031]], [[805, 1031]], [[804, 1030]], [[804, 1029]]]","[[[[809, 1018], [809, 1019], [809, 1020], [808, 1021], [807, 1021], [807, 1022], [806, 1023], [805, 1023], [804, 1023], [803, 1023], [802, 1023], [801, 1023], [800, 1023], [799, 1024], [799, 1025], [799, 1026], [800, 1026], [801, 1026], [802, 1025], [803, 1026], [804, 1027], [805, 1028], [805, 1029], [805, 1030], [806, 1030], [807, 1031], [807, 1032], [807, 1033], [808, 1034], [807, 1035], [807, 1036], [806, 1037], [806, 1038], [806, 1039], [807, 1039], [808, 1039], [809, 1039], [810, 1038], [811, 1037], [812, 1036], [812, 1035], [813, 1034], [814, 1033], [815, 1032], [816, 1032], [817, 1032], [818, 1032], [817, 1031], [817, 1030], [817, 1029], [817, 1028], [817, 1029], [817, 1030], [816, 1031], [815, 1031], [814, 1030], [814, 1029], [813, 1028], [814, 1027], [813, 1028], [812, 1028], [811, 1029], [810, 1030], [810, 1031], [809, 1032], [808, 1031], [807, 1030], [807, 1029], [807, 1028], [807, 1027], [807, 1026], [808, 1025], [809, 1025], [810, 1024], [810, 1023], [810, 1022], [811, 1021], [811, 1020], [811, 1019], [811, 1018], [810, 1018]]], []]","[4, []]"
11,11,"[[[145, 1027]], [[144, 1028]], [[143, 1028]], [[142, 1029]], [[141, 1029]], [[140, 1030]], [[140, 1031]], [[139, 1032]], [[138, 1033]], [[137, 1034]], [[136, 1035]], [[135, 1036]], [[134, 1036]], [[133, 1037]], [[132, 1037]], [[131, 1038]], [[130, 1038]], [[129, 1037]], [[128, 1037]], [[127, 1037]], [[126, 1038]], [[125, 1039]], [[124, 1039]], [[123, 1040]], [[122, 1041]], [[123, 1042]], [[123, 1043]], [[123, 1044]], [[123, 1045]], [[123, 1046]], [[124, 1047]], [[125, 1047]], [[126, 1047]], [[127, 1048]], [[128, 1049]], [[127, 1050]], [[126, 1050]], [[125, 1049]], [[124, 1049]], [[123, 1050]], [[122, 1050]], [[121, 1050]], [[120, 1051]], [[120, 1052]], [[120, 1053]], [[120, 1054]], [[121, 1055]], [[122, 1056]], [[122, 1057]], [[123, 1058]], [[124, 1059]], [[125, 1060]], [[126, 1061]], [[126, 1062]], [[127, 1063]], [[127, 1064]], [[127, 1065]], [[128, 1066]], [[129, 1067]], [[130, 1067]], [[131, 1068]], [[132, 1068]], [[133, 1069]], [[134, 1069]], [[135, 1069]], [[136, 1070]], [[137, 1070]], [[138, 1070]], [[139, 1070]], [[140, 1070]], [[141, 1069]], [[142, 1068]], [[143, 1068]], [[144, 1068]], [[145, 1067]], [[146, 1066]], [[146, 1065]], [[147, 1064]], [[148, 1064]], [[147, 1063]], [[147, 1062]], [[146, 1061]], [[145, 1061]], [[144, 1060]], [[143, 1059]], [[142, 1058]], [[141, 1058]], [[140, 1058]], [[139, 1058]], [[138, 1058]], [[137, 1058]], [[136, 1058]], [[135, 1058]], [[134, 1057]], [[133, 1056]], [[132, 1055]], [[133, 1054]], [[134, 1054]], [[135, 1054]], [[136, 1054]], [[137, 1053]], [[138, 1053]], [[138, 1052]], [[138, 1051]], [[139, 1050]], [[140, 1050]], [[141, 1049]], [[142, 1049]], [[143, 1048]], [[144, 1047]], [[145, 1047]], [[146, 1047]], [[147, 1047]], [[148, 1047]], [[149, 1048]], [[150, 1048]], [[151, 1049]], [[152, 1049]], [[153, 1049]], [[154, 1049]], [[155, 1049]], [[156, 1049]], [[157, 1048]], [[157, 1047]], [[158, 1046]], [[158, 1045]], [[158, 1044]], [[159, 1043]], [[159, 1042]], [[159, 1041]], [[160, 1040]], [[159, 1039]], [[159, 1038]], [[158, 1038]], [[157, 1037]], [[156, 1036]], [[155, 1035]], [[154, 1035]], [[153, 1034]], [[152, 1034]], [[151, 1033]], [[150, 1032]], [[150, 1031]], [[149, 1030]], [[148, 1029]], [[147, 1028]], [[146, 1028]]]",[[]],[]
12,12,"[[[548, 1023]], [[547, 1024]], [[547, 1025]], [[547, 1026]], [[547, 1027]], [[548, 1028]], [[549, 1027]], [[550, 1026]], [[551, 1026]], [[552, 1027]], [[552, 1028]], [[553, 1029]], [[553, 1030]], [[553, 1031]], [[553, 1032]], [[554, 1033]], [[555, 1033]], [[556, 1033]], [[557, 1032]], [[557, 1031]], [[557, 1030]], [[557, 1029]], [[557, 1028]], [[557, 1027]], [[557, 1026]], [[557, 1025]], [[556, 1024]], [[556, 1023]], [[555, 1023]], [[554, 1023]], [[553, 1023]], [[552, 1023]], [[551, 1023]], [[550, 1023]], [[549, 1023]]]","[[[[569, 1019], [568, 1020], [568, 1021], [568, 1022], [568, 1023], [568, 1024], [568, 1025], [567, 1026], [566, 1027], [565, 1027], [564, 1027], [563, 1027], [562, 1027], [561, 1028], [560, 1027], [559, 1026], [558, 1027], [558, 1028], [558, 1029], [558, 1030], [558, 1031], [558, 1032], [557, 1033], [556, 1034], [555, 1035], [554, 1034], [553, 1033], [552, 1032], [552, 1031], [552, 1030], [552, 1029], [551, 1028], [551, 1027], [550, 1027], [549, 1028], [548, 1029], [547, 1028], [546, 1028], [545, 1029], [545, 1030], [544, 1031], [545, 1031], [546, 1032], [546, 1033], [545, 1034], [544, 1034], [545, 1034], [546, 1034], [547, 1035], [547, 1036], [547, 1037], [547, 1038], [547, 1039], [547, 1040], [547, 1041], [547, 1042], [548, 1042], [549, 1041], [550, 1041], [551, 1041], [552, 1040], [553, 1040], [554, 1039], [555, 1039], [555, 1038], [555, 1037], [556, 1036], [557, 1037], [558, 1037], [559, 1037], [560, 1037], [561, 1037], [562, 1037], [563, 1038], [564, 1038], [565, 1039], [566, 1039], [567, 1039], [568, 1040], [568, 1041], [569, 1041], [569, 1040], [568, 1040], [567, 1039], [567, 1038], [568, 1037], [569, 1037], [568, 1037], [567, 1037], [566, 1037], [565, 1037], [564, 1037], [563, 1036], [563, 1035], [562, 1035], [561, 1035], [560, 1034], [561, 1033], [562, 1033], [563, 1033], [564, 1033], [564, 1032], [565, 1031], [565, 1030], [564, 1029], [564, 1028], [565, 1027], [566, 1027], [567, 1027], [568, 1026], [569, 1027], [570, 1027], [570, 1026], [571, 1025], [570, 1024], [569, 1023], [569, 1022], [570, 1021], [571, 1021], [571, 1020], [571, 1019], [570, 1019]], [[553, 1018], [554, 1019], [553, 1020], [552, 1021], [551, 1021], [550, 1021], [549, 1021], [548, 1022], [547, 1022], [546, 1022], [546, 1023], [547, 1023], [548, 1022], [549, 1022], [550, 1022], [551, 1022], [552, 1022], [553, 1022], [554, 1022], [555, 1022], [556, 1022], [557, 1022], [558, 1022], [559, 1021], [560, 1021], [560, 1020], [560, 1019], [560, 1018], [559, 1019], [560, 1020], [559, 1021], [558, 1021], [557, 1021], [556, 1020], [556, 1019], [555, 1018], [554, 1018]]], [[[569, 1019], [568, 1020], [568, 1021], [568, 1022], [568, 1023], [568, 1024], [568, 1025], [567, 1026], [566, 1027], [565, 1027], [564, 1027], [563, 1027], [562, 1027], [561, 1028], [560, 1027], [559, 1026], [558, 1027], [558, 1028], [558, 1029], [558, 1030], [558, 1031], [558, 1032], [557, 1033], [556, 1034], [555, 1035], [554, 1034], [553, 1033], [552, 1032], [552, 1031], [552, 1030], [552, 1029], [551, 1028], [551, 1027], [550, 1027], [549, 1028], [548, 1029], [547, 1028], [546, 1028], [545, 1029], [545, 1030], [544, 1031], [545, 1031], [546, 1032], [546, 1033], [545, 1034], [544, 1034], [545, 1034], [546, 1034], [547, 1035], [547, 1036], [547, 1037], [547, 1038], [547, 1039], [547, 1040], [547, 1041], [547, 1042], [548, 1042], [549, 1041], [550, 1041], [551, 1041], [552, 1040], [553, 1040], [554, 1039], [555, 1039], [555, 1038], [555, 1037], [556, 1036], [557, 1037], [558, 1037], [559, 1037], [560, 1037], [561, 1037], [562, 1037], [563, 1038], [564, 1038], [565, 1039], [566, 1039], [567, 1039], [568, 1040], [568, 1041], [569, 1041], [569, 1040], [568, 1040], [567, 1039], [567, 1038], [568, 1037], [569, 1037], [568, 1037], [567, 1037], [566, 1037], [565, 1037], [564, 1037], [563, 1036], [563, 1035], [562, 1035], [561, 1035], [560, 1034], [561, 1033], [562, 1033], [563, 1033], [564, 1033], [564, 1032], [565, 1031], [565, 1030], [564, 1029], [564, 1028], [565, 1027], [566, 1027], [567, 1027], [568, 1026], [569, 1027], [570, 1027], [570, 1026], [571, 1025], [570, 1024], [569, 1023], [569, 1022], [570, 1021], [571, 1021], [571, 1020], [571, 1019], [570, 1019]]]]","[6, 7]"
13,13,"[[[230, 1018]], [[230, 1019]], [[229, 1020]], [[229, 1021]], [[228, 1022]], [[227, 1021]], [[226, 1021]], [[225, 1020]], [[224, 1020]], [[223, 1020]], [[222, 1020]], [[221, 1021]], [[220, 1022]], [[219, 1022]], [[219, 1023]], [[218, 1024]], [[219, 1025]], [[219, 1026]], [[219, 1027]], [[219, 1028]], [[220, 1029]], [[221, 1030]], [[222, 1031]], [[223, 1031]], [[224, 1031]], [[225, 1032]], [[226, 1031]], [[227, 1031]], [[227, 1030]], [[228, 1029]], [[228, 1028]], [[227, 1027]], [[227, 1026]], [[228, 1025]], [[229, 1024]], [[230, 1023]], [[231, 1023]], [[232, 1022]], [[232, 1021]], [[233, 1020]], [[233, 1019]], [[232, 1018]], [[231, 1018]]]",[[]],[]
14,14,"[[[558, 1004]], [[557, 1005]], [[556, 1006]], [[555, 1007]], [[556, 1008]], [[555, 1009]], [[554, 1010]], [[553, 1011]], [[553, 1012]], [[552, 1013]], [[552, 1014]], [[552, 1015]], [[552, 1016]], [[553, 1017]], [[554, 1017]], [[555, 1017]], [[556, 1018]], [[557, 1018]], [[558, 1018]], [[559, 1017]], [[560, 1017]], [[560, 1016]], [[561, 1015]], [[561, 1014]], [[562, 1013]], [[563, 1013]], [[564, 1014]], [[565, 1014]], [[566, 1014]], [[567, 1014]], [[568, 1014]], [[569, 1014]], [[569, 1013]], [[569, 1012]], [[569, 1011]], [[569, 1010]], [[569, 1009]], [[569, 1008]], [[568, 1007]], [[567, 1007]], [[566, 1007]], [[565, 1007]], [[564, 1007]], [[563, 1007]], [[562, 1008]], [[561, 1007]], [[560, 1006]], [[560, 1005]], [[560, 1004]], [[559, 1004]]]","[[], [[[553, 1018], [554, 1019], [553, 1020], [552, 1021], [551, 1021], [550, 1021], [549, 1021], [548, 1022], [547, 1022], [546, 1022], [546, 1023], [547, 1023], [548, 1022], [549, 1022], [550, 1022], [551, 1022], [552, 1022], [553, 1022], [554, 1022], [555, 1022], [556, 1022], [557, 1022], [558, 1022], [559, 1021], [560, 1021], [560, 1020], [560, 1019], [560, 1018], [559, 1019], [560, 1020], [559, 1021], [558, 1021], [557, 1021], [556, 1020], [556, 1019], [555, 1018], [554, 1018]]], [[[569, 1019], [568, 1020], [568, 1021], [568, 1022], [568, 1023], [568, 1024], [568, 1025], [567, 1026], [566, 1027], [565, 1027], [564, 1027], [563, 1027], [562, 1027], [561, 1028], [560, 1027], [559, 1026], [558, 1027], [558, 1028], [558, 1029], [558, 1030], [558, 1031], [558, 1032], [557, 1033], [556, 1034], [555, 1035], [554, 1034], [553, 1033], [552, 1032], [552, 1031], [552, 1030], [552, 1029], [551, 1028], [551, 1027], [550, 1027], [549, 1028], [548, 1029], [547, 1028], [546, 1028], [545, 1029], [545, 1030], [544, 1031], [545, 1031], [546, 1032], [546, 1033], [545, 1034], [544, 1034], [545, 1034], [546, 1034], [547, 1035], [547, 1036], [547, 1037], [547, 1038], [547, 1039], [547, 1040], [547, 1041], [547, 1042], [548, 1042], [549, 1041], [550, 1041], [551, 1041], [552, 1040], [553, 1040], [554, 1039], [555, 1039], [555, 1038], [555, 1037], [556, 1036], [557, 1037], [558, 1037], [559, 1037], [560, 1037], [561, 1037], [562, 1037], [563, 1038], [564, 1038], [565, 1039], [566, 1039], [567, 1039], [568, 1040], [568, 1041], [569, 1041], [569, 1040], [568, 1040], [567, 1039], [567, 1038], [568, 1037], [569, 1037], [568, 1037], [567, 1037], [566, 1037], [565, 1037], [564, 1037], [563, 1036], [563, 1035], [562, 1035], [561, 1035], [560, 1034], [561, 1033], [562, 1033], [563, 1033], [564, 1033], [564, 1032], [565, 1031], [565, 1030], [564, 1029], [564, 1028], [565, 1027], [566, 1027], [567, 1027], [568, 1026], [569, 1027], [570, 1027], [570, 1026], [571, 1025], [570, 1024], [569, 1023], [569, 1022], [570, 1021], [571, 1021], [571, 1020], [571, 1019], [570, 1019]], [[553, 1018], [554, 1019], [553, 1020], [552, 1021], [551, 1021], [550, 1021], [549, 1021], [548, 1022], [547, 1022], [546, 1022], [546, 1023], [547, 1023], [548, 1022], [549, 1022], [550, 1022], [551, 1022], [552, 1022], [553, 1022], [554, 1022], [555, 1022], [556, 1022], [557, 1022], [558, 1022], [559, 1021], [560, 1021], [560, 1020], [560, 1019], [560, 1018], [559, 1019], [560, 1020], [559, 1021], [558, 1021], [557, 1021], [556, 1020], [556, 1019], [555, 1018], [554, 1018]]]]","[[], 8, 6]"
15,15,"[[[349, 1004]], [[348, 1005]], [[347, 1005]], [[346, 1005]], [[345, 1005]], [[344, 1005]], [[343, 1006]], [[342, 1007]], [[341, 1007]], [[340, 1008]], [[339, 1009]], [[339, 1010]], [[338, 1011]], [[338, 1012]], [[339, 1013]], [[340, 1013]], [[341, 1013]], [[342, 1014]], [[343, 1015]], [[344, 1016]], [[345, 1017]], [[345, 1018]], [[346, 1018]], [[347, 1019]], [[348, 1020]], [[348, 1021]], [[349, 1021]], [[350, 1021]], [[351, 1021]], [[352, 1021]], [[353, 1021]], [[354, 1021]], [[355, 1021]], [[356, 1020]], [[357, 1019]], [[357, 1018]], [[358, 1017]], [[359, 1016]], [[360, 1016]], [[361, 1015]], [[362, 1015]], [[363, 1015]], [[364, 1014]], [[364, 1013]], [[364, 1012]], [[364, 1011]], [[363, 1010]], [[362, 1009]], [[362, 1008]], [[361, 1007]], [[360, 1006]], [[359, 1006]], [[358, 1005]], [[357, 1005]], [[356, 1005]], [[355, 1005]], [[354, 1005]], [[353, 1005]], [[352, 1004]], [[351, 1004]], [[350, 1004]]]","[[[[336, 1010], [335, 1011], [335, 1012], [336, 1013], [337, 1014], [338, 1014], [339, 1015], [340, 1016], [341, 1016], [342, 1017], [342, 1018], [343, 1019], [344, 1020], [345, 1020], [346, 1021], [347, 1022], [348, 1022], [347, 1021], [347, 1020], [346, 1019], [345, 1019], [344, 1018], [344, 1017], [343, 1016], [342, 1015], [341, 1014], [340, 1014], [339, 1014], [338, 1013], [337, 1012], [337, 1011], [337, 1010]]], []]","[10, []]"
16,16,"[[[695, 1000]], [[694, 1001]], [[693, 1001]], [[692, 1002]], [[691, 1002]], [[690, 1003]], [[689, 1004]], [[689, 1005]], [[689, 1006]], [[688, 1007]], [[688, 1008]], [[688, 1009]], [[687, 1010]], [[687, 1011]], [[686, 1012]], [[686, 1013]], [[686, 1014]], [[686, 1015]], [[685, 1016]], [[685, 1017]], [[685, 1018]], [[685, 1019]], [[684, 1020]], [[684, 1021]], [[684, 1022]], [[685, 1023]], [[684, 1024]], [[684, 1025]], [[685, 1026]], [[686, 1027]], [[685, 1028]], [[684, 1029]], [[683, 1029]], [[682, 1030]], [[681, 1030]], [[680, 1030]], [[680, 1031]], [[679, 1032]], [[678, 1031]], [[677, 1032]], [[676, 1033]], [[675, 1034]], [[675, 1035]], [[675, 1036]], [[675, 1037]], [[674, 1038]], [[673, 1039]], [[672, 1040]], [[671, 1041]], [[670, 1042]], [[669, 1043]], [[668, 1044]], [[669, 1045]], [[669, 1046]], [[669, 1047]], [[669, 1048]], [[669, 1049]], [[668, 1050]], [[668, 1051]], [[669, 1052]], [[670, 1053]], [[669, 1054]], [[670, 1054]], [[671, 1055]], [[672, 1056]], [[673, 1057]], [[674, 1058]], [[675, 1059]], [[676, 1059]], [[677, 1060]], [[677, 1061]], [[677, 1062]], [[677, 1063]], [[678, 1063]], [[679, 1064]], [[679, 1065]], [[678, 1066]], [[677, 1066]], [[676, 1066]], [[675, 1067]], [[674, 1068]], [[673, 1069]], [[673, 1070]], [[673, 1071]], [[672, 1072]], [[671, 1073]], [[670, 1074]], [[669, 1075]], [[668, 1075]], [[667, 1075]], [[667, 1076]], [[667, 1077]], [[667, 1078]], [[667, 1079]], [[667, 1080]], [[667, 1081]], [[668, 1082]], [[668, 1083]], [[668, 1084]], [[668, 1085]], [[668, 1086]], [[668, 1087]], [[668, 1088]], [[668, 1089]], [[669, 1090]], [[669, 1091]], [[669, 1092]], [[668, 1093]], [[668, 1094]], [[669, 1094]], [[670, 1095]], [[670, 1096]], [[671, 1095]], [[672, 1095]], [[673, 1094]], [[674, 1095]], [[675, 1095]], [[676, 1096]], [[677, 1096]], [[678, 1097]], [[679, 1097]], [[680, 1098]], [[680, 1099]], [[681, 1099]], [[682, 1100]], [[683, 1100]], [[684, 1100]], [[685, 1101]], [[686, 1101]], [[687, 1101]], [[688, 1101]], [[689, 1102]], [[690, 1102]], [[691, 1102]], [[692, 1102]], [[693, 1102]], [[694, 1101]], [[695, 1100]], [[696, 1100]], [[697, 1100]], [[698, 1099]], [[699, 1098]], [[700, 1097]], [[701, 1097]], [[702, 1097]], [[703, 1097]], [[704, 1097]], [[705, 1096]], [[706, 1095]], [[706, 1094]], [[706, 1093]], [[707, 1092]], [[707, 1091]], [[707, 1090]], [[708, 1089]], [[708, 1088]], [[708, 1087]], [[708, 1086]], [[708, 1085]], [[708, 1084]], [[707, 1083]], [[707, 1082]], [[707, 1081]], [[707, 1080]], [[706, 1079]], [[705, 1078]], [[705, 1077]], [[704, 1076]], [[703, 1075]], [[703, 1074]], [[703, 1073]], [[703, 1072]], [[703, 1071]], [[703, 1070]], [[702, 1069]], [[702, 1068]], [[701, 1068]], [[700, 1067]], [[700, 1066]], [[699, 1065]], [[699, 1064]], [[700, 1063]], [[701, 1064]], [[702, 1065]], [[703, 1066]], [[704, 1067]], [[705, 1068]], [[706, 1068]], [[707, 1069]], [[708, 1069]], [[709, 1069]], [[710, 1069]], [[711, 1069]], [[712, 1069]], [[713, 1068]], [[714, 1068]], [[714, 1067]], [[715, 1066]], [[716, 1065]], [[716, 1064]], [[716, 1063]], [[716, 1062]], [[717, 1061]], [[717, 1060]], [[718, 1059]], [[717, 1058]], [[717, 1057]], [[717, 1056]], [[717, 1055]], [[716, 1054]], [[715, 1054]], [[714, 1053]], [[715, 1052]], [[716, 1052]], [[715, 1052]], [[714, 1052]], [[713, 1052]], [[712, 1051]], [[712, 1050]], [[712, 1049]], [[711, 1048]], [[711, 1047]], [[712, 1046]], [[711, 1045]], [[711, 1044]], [[712, 1043]], [[712, 1042]], [[713, 1041]], [[713, 1040]], [[712, 1039]], [[712, 1038]], [[712, 1037]], [[713, 1036]], [[714, 1036]], [[715, 1036]], [[716, 1036]], [[717, 1037]], [[718, 1037]], [[719, 1038]], [[719, 1039]], [[720, 1039]], [[721, 1040]], [[722, 1041]], [[723, 1042]], [[724, 1043]], [[725, 1043]], [[726, 1044]], [[727, 1044]], [[728, 1044]], [[729, 1045]], [[730, 1045]], [[731, 1044]], [[732, 1044]], [[733, 1044]], [[734, 1043]], [[735, 1042]], [[735, 1041]], [[735, 1040]], [[736, 1039]], [[737, 1039]], [[737, 1038]], [[737, 1037]], [[738, 1036]], [[738, 1035]], [[737, 1034]], [[737, 1033]], [[737, 1032]], [[737, 1031]], [[737, 1030]], [[736, 1029]], [[736, 1028]], [[735, 1027]], [[735, 1026]], [[734, 1025]], [[734, 1024]], [[734, 1023]], [[733, 1022]], [[733, 1021]], [[732, 1020]], [[731, 1019]], [[731, 1018]], [[731, 1017]], [[730, 1016]], [[730, 1015]], [[729, 1014]], [[728, 1014]], [[727, 1013]], [[726, 1013]], [[725, 1012]], [[724, 1011]], [[723, 1010]], [[722, 1010]], [[721, 1009]], [[720, 1009]], [[719, 1009]], [[718, 1009]], [[717, 1010]], [[716, 1010]], [[715, 1011]], [[714, 1011]], [[713, 1011]], [[712, 1011]], [[711, 1011]], [[710, 1011]], [[709, 1011]], [[708, 1011]], [[707, 1011]], [[706, 1010]], [[705, 1009]], [[704, 1008]], [[703, 1007]], [[702, 1006]], [[701, 1005]], [[701, 1004]], [[700, 1003]], [[699, 1002]], [[698, 1002]], [[697, 1002]], [[696, 1001]]]","[[[[693, 999], [692, 1000], [691, 1001], [690, 1002], [689, 1003], [688, 1003], [688, 1004], [687, 1005], [687, 1006], [686, 1007], [686, 1008], [686, 1009], [687, 1009], [687, 1008], [687, 1007], [688, 1006], [688, 1005], [688, 1004], [689, 1003], [690, 1002], [691, 1001], [692, 1001], [693, 1000], [694, 1000], [695, 999], [694, 999]]], [[[674, 1013], [674, 1014], [675, 1014], [676, 1015], [677, 1016], [677, 1017], [678, 1018], [678, 1019], [678, 1020], [679, 1020], [680, 1020], [681, 1021], [682, 1022], [681, 1023], [681, 1024], [681, 1025], [681, 1026], [680, 1027], [679, 1028], [679, 1029], [680, 1029], [681, 1029], [682, 1029], [683, 1028], [684, 1028], [685, 1027], [684, 1026], [683, 1025], [683, 1024], [684, 1023], [683, 1022], [682, 1021], [682, 1020], [682, 1019], [681, 1018], [681, 1017], [681, 1016], [681, 1015], [680, 1016], [679, 1015], [679, 1014], [678, 1013], [677, 1013], [676, 1013], [675, 1013]]], [], [[[665, 1076], [665, 1077], [665, 1078], [665, 1079], [665, 1080], [665, 1081], [665, 1082], [664, 1083], [663, 1083], [663, 1084], [664, 1085], [665, 1086], [666, 1087], [666, 1088], [666, 1089], [666, 1090], [667, 1091], [668, 1092], [668, 1091], [668, 1090], [667, 1089], [667, 1088], [667, 1087], [667, 1086], [667, 1085], [667, 1084], [667, 1083], [667, 1082], [666, 1081], [666, 1080], [666, 1079], [666, 1078], [666, 1077], [666, 1076]]], [[[664, 1096], [664, 1097], [664, 1098], [664, 1099], [663, 1100], [662, 1100], [661, 1099], [660, 1100], [659, 1100], [659, 1101], [659, 1102], [659, 1103], [660, 1103], [661, 1103], [662, 1102], [663, 1101], [664, 1100], [665, 1099], [666, 1099], [667, 1099], [668, 1099], [669, 1098], [670, 1098], [671, 1098], [672, 1098], [673, 1098], [674, 1098], [675, 1098], [676, 1098], [677, 1099], [678, 1100], [679, 1100], [680, 1101], [681, 1101], [682, 1102], [683, 1102], [684, 1102], [685, 1103], [686, 1103], [687, 1103], [688, 1103], [689, 1103], [690, 1104], [691, 1103], [692, 1103], [693, 1103], [694, 1103], [695, 1103], [696, 1102], [697, 1102], [698, 1102], [699, 1102], [700, 1102], [701, 1103], [702, 1103], [703, 1103], [704, 1103], [705, 1104], [706, 1104], [707, 1105], [706, 1104], [705, 1104], [704, 1103], [703, 1103], [702, 1103], [701, 1102], [700, 1102], [699, 1101], [698, 1101], [697, 1102], [696, 1102], [695, 1102], [694, 1102], [693, 1103], [692, 1103], [691, 1103], [690, 1103], [689, 1103], [688, 1102], [687, 1102], [686, 1102], [685, 1102], [684, 1101], [683, 1101], [682, 1101], [681, 1100], [680, 1100], [679, 1099], [678, 1098], [677, 1097], [676, 1097], [675, 1096], [674, 1096], [673, 1096], [672, 1096], [671, 1096], [670, 1097], [669, 1097], [668, 1098], [667, 1098], [666, 1098], [665, 1097], [665, 1096]]], [[[700, 1064], [700, 1065], [701, 1066], [701, 1067], [702, 1067], [703, 1068], [703, 1069], [704, 1070], [705, 1070], [706, 1071], [707, 1071], [708, 1072], [709, 1072], [710, 1071], [711, 1070], [712, 1070], [713, 1070], [713, 1069], [712, 1070], [711, 1070], [710, 1070], [709, 1070], [708, 1070], [707, 1070], [706, 1069], [705, 1069], [704, 1068], [703, 1067], [702, 1066], [701, 1065]]], [[[720, 1055], [719, 1056], [718, 1057], [719, 1058], [719, 1059], [718, 1060], [718, 1061], [717, 1062], [718, 1062], [719, 1061], [720, 1061], [721, 1061], [721, 1060], [720, 1060], [719, 1059], [719, 1058], [720, 1057], [721, 1057], [722, 1056], [723, 1057], [723, 1058], [723, 1059], [724, 1059], [725, 1059], [724, 1058], [723, 1057], [722, 1056], [721, 1055]]]]","[11, 12, [], 3, 14, 15, 16]"
17,17,"[[[724, 990]], [[723, 991]], [[722, 992]], [[722, 993]], [[721, 994]], [[721, 995]], [[722, 996]], [[722, 997]], [[722, 998]], [[722, 999]], [[723, 1000]], [[724, 1001]], [[725, 1002]], [[725, 1003]], [[726, 1003]], [[727, 1003]], [[728, 1003]], [[729, 1002]], [[730, 1002]], [[731, 1002]], [[731, 1001]], [[732, 1000]], [[732, 999]], [[732, 998]], [[732, 997]], [[732, 996]], [[731, 995]], [[731, 994]], [[730, 993]], [[730, 992]], [[729, 992]], [[728, 991]], [[728, 990]], [[727, 990]], [[726, 990]], [[725, 990]]]",[],[]
18,18,"[[[394, 988]], [[393, 989]], [[392, 990]], [[391, 991]], [[390, 992]], [[389, 992]], [[389, 993]], [[389, 994]], [[389, 995]], [[389, 996]], [[390, 997]], [[390, 998]], [[390, 999]], [[390, 1000]], [[391, 1001]], [[392, 1002]], [[393, 1002]], [[394, 1002]], [[395, 1002]], [[396, 1001]], [[397, 1000]], [[397, 999]], [[398, 998]], [[398, 997]], [[398, 996]], [[398, 995]], [[398, 994]], [[398, 993]], [[397, 992]], [[397, 991]], [[397, 990]], [[396, 989]], [[396, 988]], [[395, 988]]]",[[]],[]
19,19,"[[[661, 983]], [[660, 984]], [[659, 984]], [[658, 984]], [[657, 984]], [[657, 985]], [[656, 986]], [[656, 987]], [[655, 988]], [[655, 989]], [[654, 990]], [[654, 991]], [[653, 992]], [[653, 993]], [[653, 994]], [[652, 995]], [[652, 996]], [[651, 997]], [[650, 998]], [[649, 999]], [[648, 998]], [[647, 998]], [[647, 999]], [[646, 1000]], [[646, 1001]], [[646, 1002]], [[646, 1003]], [[645, 1004]], [[645, 1005]], [[644, 1006]], [[644, 1007]], [[643, 1008]], [[643, 1009]], [[643, 1010]], [[643, 1011]], [[643, 1012]], [[643, 1013]], [[643, 1014]], [[644, 1015]], [[644, 1016]], [[645, 1016]], [[646, 1016]], [[647, 1016]], [[648, 1016]], [[649, 1016]], [[650, 1016]], [[651, 1016]], [[652, 1016]], [[653, 1016]], [[654, 1017]], [[655, 1017]], [[656, 1018]], [[657, 1018]], [[658, 1018]], [[659, 1018]], [[660, 1018]], [[661, 1018]], [[662, 1018]], [[663, 1019]], [[663, 1018]], [[664, 1017]], [[665, 1016]], [[665, 1015]], [[666, 1014]], [[667, 1015]], [[667, 1016]], [[667, 1015]], [[666, 1014]], [[666, 1013]], [[666, 1012]], [[667, 1011]], [[667, 1010]], [[668, 1009]], [[668, 1008]], [[668, 1007]], [[668, 1006]], [[668, 1005]], [[668, 1004]], [[668, 1003]], [[669, 1002]], [[670, 1001]], [[670, 1000]], [[670, 999]], [[671, 998]], [[671, 997]], [[672, 996]], [[673, 995]], [[673, 994]], [[673, 993]], [[673, 992]], [[673, 991]], [[673, 990]], [[672, 989]], [[672, 988]], [[671, 987]], [[670, 986]], [[669, 986]], [[668, 985]], [[667, 984]], [[666, 984]], [[665, 984]], [[664, 984]], [[663, 984]], [[662, 984]]]","[[], [[[669, 1009], [668, 1010], [668, 1011], [667, 1012], [667, 1013], [667, 1014], [666, 1015], [666, 1016], [665, 1017], [664, 1018], [664, 1019], [663, 1020], [662, 1020], [661, 1021], [661, 1022], [662, 1023], [663, 1023], [663, 1022], [664, 1021], [664, 1020], [665, 1019], [666, 1018], [667, 1017], [666, 1016], [666, 1015], [667, 1014], [668, 1014], [669, 1015], [669, 1016], [669, 1017], [669, 1018], [670, 1019], [671, 1018], [672, 1018], [672, 1017], [671, 1017], [670, 1016], [670, 1015], [669, 1014], [669, 1013], [670, 1012], [670, 1011], [670, 1010], [670, 1009]]]]","[[], 17]"
20,20,"[[[193, 971]], [[192, 972]], [[191, 972]], [[190, 973]], [[189, 973]], [[188, 974]], [[187, 974]], [[186, 974]], [[185, 975]], [[184, 975]], [[183, 975]], [[182, 975]], [[181, 976]], [[180, 976]], [[179, 977]], [[178, 978]], [[177, 979]], [[176, 979]], [[175, 980]], [[174, 981]], [[173, 982]], [[172, 982]], [[171, 982]], [[170, 983]], [[169, 983]], [[168, 984]], [[167, 984]], [[166, 984]], [[165, 984]], [[164, 984]], [[163, 984]], [[162, 984]], [[161, 984]], [[160, 985]], [[160, 986]], [[159, 987]], [[158, 988]], [[157, 989]], [[156, 989]], [[155, 989]], [[154, 989]], [[153, 989]], [[152, 989]], [[151, 990]], [[150, 990]], [[149, 990]], [[148, 991]], [[147, 991]], [[146, 992]], [[145, 993]], [[144, 994]], [[143, 995]], [[143, 996]], [[142, 997]], [[141, 998]], [[140, 998]], [[139, 999]], [[139, 1000]], [[138, 1001]], [[137, 1002]], [[136, 1003]], [[136, 1004]], [[135, 1005]], [[134, 1006]], [[133, 1007]], [[132, 1008]], [[131, 1009]], [[131, 1010]], [[131, 1011]], [[131, 1012]], [[131, 1013]], [[131, 1014]], [[131, 1015]], [[132, 1016]], [[132, 1017]], [[133, 1017]], [[134, 1018]], [[135, 1019]], [[136, 1019]], [[137, 1020]], [[138, 1020]], [[139, 1020]], [[140, 1020]], [[141, 1020]], [[142, 1020]], [[143, 1020]], [[144, 1020]], [[145, 1020]], [[146, 1020]], [[147, 1019]], [[148, 1019]], [[149, 1019]], [[150, 1018]], [[151, 1017]], [[152, 1017]], [[153, 1016]], [[154, 1016]], [[155, 1015]], [[156, 1015]], [[156, 1014]], [[157, 1013]], [[158, 1012]], [[158, 1011]], [[159, 1010]], [[160, 1009]], [[161, 1008]], [[162, 1007]], [[163, 1006]], [[164, 1005]], [[164, 1004]], [[164, 1003]], [[164, 1002]], [[164, 1001]], [[164, 1000]], [[165, 999]], [[166, 1000]], [[166, 1001]], [[167, 1000]], [[168, 1001]], [[169, 1001]], [[170, 1001]], [[171, 1000]], [[172, 1000]], [[173, 999]], [[174, 999]], [[175, 998]], [[176, 998]], [[177, 998]], [[178, 997]], [[179, 996]], [[180, 996]], [[181, 995]], [[182, 995]], [[183, 995]], [[184, 995]], [[185, 994]], [[186, 994]], [[187, 994]], [[188, 994]], [[189, 994]], [[190, 993]], [[191, 994]], [[192, 993]], [[193, 993]], [[194, 993]], [[195, 993]], [[196, 994]], [[197, 995]], [[197, 996]], [[197, 997]], [[197, 998]], [[198, 998]], [[199, 999]], [[200, 999]], [[201, 999]], [[202, 999]], [[203, 999]], [[204, 998]], [[205, 998]], [[206, 998]], [[207, 997]], [[208, 997]], [[208, 996]], [[209, 995]], [[210, 995]], [[211, 994]], [[211, 993]], [[212, 992]], [[212, 991]], [[213, 990]], [[212, 989]], [[211, 988]], [[210, 987]], [[209, 987]], [[208, 987]], [[207, 986]], [[206, 985]], [[205, 985]], [[204, 985]], [[203, 985]], [[202, 984]], [[201, 983]], [[200, 982]], [[200, 981]], [[200, 980]], [[200, 979]], [[200, 978]], [[200, 977]], [[200, 976]], [[199, 975]], [[198, 974]], [[198, 973]], [[197, 972]], [[196, 971]], [[195, 971]], [[194, 971]]]",[[]],[]
21,21,"[[[267, 967]], [[267, 968]], [[267, 969]], [[266, 970]], [[266, 971]], [[266, 972]], [[265, 973]], [[266, 974]], [[266, 975]], [[267, 976]], [[268, 977]], [[268, 978]], [[267, 979]], [[268, 980]], [[269, 980]], [[270, 981]], [[270, 982]], [[271, 982]], [[272, 983]], [[273, 983]], [[274, 983]], [[275, 982]], [[276, 981]], [[275, 980]], [[276, 979]], [[277, 978]], [[278, 979]], [[279, 979]], [[280, 979]], [[281, 979]], [[282, 978]], [[282, 977]], [[282, 976]], [[281, 975]], [[281, 974]], [[281, 973]], [[281, 972]], [[280, 971]], [[280, 970]], [[279, 969]], [[279, 968]], [[278, 967]], [[277, 968]], [[276, 968]], [[275, 968]], [[274, 968]], [[273, 968]], [[272, 968]], [[271, 968]], [[270, 968]], [[269, 967]], [[268, 967]]]","[[[[264, 957], [264, 958], [264, 959], [263, 960], [262, 961], [262, 962], [262, 963], [263, 964], [263, 965], [263, 966], [264, 965], [264, 964], [265, 963], [266, 964], [267, 965], [267, 966], [268, 965], [269, 966], [270, 967], [271, 967], [272, 967], [273, 967], [274, 967], [275, 967], [275, 966], [274, 965], [274, 964], [273, 963], [272, 963], [271, 964], [270, 964], [269, 964], [268, 964], [267, 963], [268, 962], [268, 961], [268, 960], [268, 959], [268, 958], [268, 957], [267, 958], [266, 958], [265, 957]]], [[[262, 970], [262, 971], [262, 972], [261, 973], [260, 974], [259, 974], [258, 974], [258, 975], [259, 975], [260, 975], [261, 975], [262, 975], [263, 975], [264, 976], [265, 977], [265, 978], [266, 978], [267, 978], [267, 977], [266, 976], [265, 975], [265, 974], [264, 974], [263, 974], [262, 975], [261, 974], [261, 973], [262, 972], [262, 971]]], []]","[18, 19, []]"
22,22,"[[[539, 966]], [[538, 967]], [[538, 968]], [[538, 969]], [[539, 970]], [[539, 971]], [[539, 972]], [[539, 973]], [[540, 974]], [[540, 975]], [[541, 976]], [[541, 977]], [[542, 978]], [[542, 979]], [[543, 980]], [[544, 980]], [[545, 980]], [[546, 979]], [[547, 979]], [[548, 979]], [[549, 979]], [[550, 979]], [[551, 979]], [[552, 979]], [[553, 979]], [[554, 979]], [[555, 978]], [[555, 977]], [[556, 976]], [[556, 975]], [[556, 974]], [[555, 973]], [[555, 972]], [[554, 971]], [[553, 970]], [[552, 970]], [[551, 970]], [[550, 970]], [[549, 970]], [[548, 969]], [[547, 968]], [[546, 967]], [[545, 967]], [[544, 967]], [[543, 967]], [[542, 966]], [[541, 966]], [[540, 966]]]",[[]],[]
23,23,"[[[235, 966]], [[235, 967]], [[234, 968]], [[233, 968]], [[232, 969]], [[232, 970]], [[232, 971]], [[232, 972]], [[232, 973]], [[232, 974]], [[232, 975]], [[232, 976]], [[232, 977]], [[232, 978]], [[231, 979]], [[230, 980]], [[229, 981]], [[229, 982]], [[229, 983]], [[228, 984]], [[227, 985]], [[226, 986]], [[226, 987]], [[225, 988]], [[224, 989]], [[224, 990]], [[224, 991]], [[223, 992]], [[224, 993]], [[224, 994]], [[224, 995]], [[224, 996]], [[225, 997]], [[226, 997]], [[227, 998]], [[228, 998]], [[229, 998]], [[230, 997]], [[231, 997]], [[231, 996]], [[232, 995]], [[233, 994]], [[234, 994]], [[235, 994]], [[236, 993]], [[236, 992]], [[237, 991]], [[238, 991]], [[239, 991]], [[240, 991]], [[241, 991]], [[242, 992]], [[243, 992]], [[244, 992]], [[245, 991]], [[246, 991]], [[247, 990]], [[248, 989]], [[248, 988]], [[249, 987]], [[249, 986]], [[249, 985]], [[250, 984]], [[251, 983]], [[251, 982]], [[251, 981]], [[251, 980]], [[251, 979]], [[252, 978]], [[253, 977]], [[253, 976]], [[252, 975]], [[252, 974]], [[252, 973]], [[252, 972]], [[251, 971]], [[250, 970]], [[249, 970]], [[248, 970]], [[247, 970]], [[246, 969]], [[245, 968]], [[244, 968]], [[243, 968]], [[242, 968]], [[241, 969]], [[240, 968]], [[239, 967]], [[238, 966]], [[237, 966]], [[236, 966]]]",[[]],[]
24,24,"[[[616, 959]], [[615, 960]], [[615, 961]], [[614, 962]], [[614, 963]], [[614, 964]], [[614, 965]], [[614, 966]], [[614, 967]], [[615, 968]], [[615, 969]], [[615, 970]], [[614, 971]], [[613, 970]], [[612, 970]], [[611, 970]], [[610, 971]], [[610, 972]], [[609, 973]], [[608, 974]], [[609, 975]], [[609, 976]], [[609, 977]], [[610, 978]], [[611, 979]], [[611, 980]], [[611, 981]], [[611, 982]], [[611, 983]], [[611, 984]], [[611, 985]], [[611, 986]], [[611, 987]], [[612, 987]], [[613, 987]], [[614, 987]], [[615, 988]], [[615, 989]], [[614, 990]], [[613, 991]], [[612, 991]], [[611, 991]], [[610, 991]], [[609, 991]], [[608, 991]], [[608, 992]], [[608, 993]], [[608, 994]], [[608, 995]], [[608, 996]], [[608, 997]], [[609, 997]], [[610, 996]], [[611, 996]], [[611, 995]], [[611, 994]], [[612, 993]], [[613, 994]], [[613, 995]], [[613, 996]], [[614, 996]], [[615, 996]], [[616, 995]], [[617, 996]], [[618, 997]], [[619, 997]], [[620, 998]], [[621, 997]], [[622, 998]], [[622, 999]], [[622, 1000]], [[622, 1001]], [[622, 1002]], [[623, 1003]], [[624, 1003]], [[625, 1003]], [[626, 1004]], [[627, 1004]], [[628, 1004]], [[629, 1004]], [[630, 1003]], [[631, 1003]], [[632, 1003]], [[633, 1002]], [[634, 1001]], [[635, 1001]], [[636, 1000]], [[637, 1000]], [[638, 999]], [[639, 999]], [[640, 998]], [[641, 998]], [[641, 997]], [[642, 996]], [[643, 996]], [[644, 995]], [[645, 995]], [[646, 994]], [[646, 993]], [[646, 992]], [[647, 991]], [[646, 990]], [[646, 989]], [[646, 988]], [[646, 987]], [[646, 986]], [[646, 985]], [[646, 984]], [[647, 983]], [[647, 982]], [[648, 981]], [[649, 980]], [[649, 979]], [[650, 978]], [[650, 977]], [[650, 976]], [[651, 975]], [[651, 974]], [[651, 973]], [[651, 972]], [[651, 971]], [[651, 970]], [[651, 969]], [[651, 968]], [[650, 967]], [[649, 967]], [[648, 967]], [[647, 966]], [[646, 965]], [[646, 964]], [[646, 963]], [[645, 962]], [[645, 961]], [[645, 960]], [[645, 959]], [[644, 959]], [[643, 960]], [[642, 960]], [[641, 960]], [[640, 960]], [[639, 960]], [[638, 960]], [[638, 961]], [[637, 962]], [[636, 963]], [[636, 964]], [[636, 965]], [[635, 966]], [[635, 967]], [[635, 968]], [[635, 969]], [[634, 970]], [[633, 970]], [[632, 969]], [[631, 968]], [[631, 967]], [[630, 967]], [[629, 967]], [[628, 966]], [[627, 965]], [[626, 964]], [[625, 963]], [[624, 962]], [[623, 961]], [[622, 960]], [[621, 959]], [[620, 959]], [[619, 959]], [[618, 959]], [[617, 959]]]","[[[[610, 969], [609, 970], [609, 971], [608, 972], [608, 973], [607, 974], [606, 975], [605, 975], [604, 976], [603, 975], [602, 976], [601, 977], [600, 977], [599, 977], [598, 977], [597, 977], [596, 976], [595, 977], [596, 978], [597, 979], [597, 980], [598, 980], [599, 979], [600, 979], [601, 979], [602, 978], [603, 977], [604, 976], [605, 976], [606, 976], [607, 976], [608, 977], [608, 978], [608, 979], [608, 980], [608, 981], [609, 981], [610, 981], [610, 980], [610, 979], [609, 978], [608, 977], [608, 976], [608, 975], [607, 974], [608, 973], [609, 972], [609, 971], [610, 970], [611, 969]]], [[[613, 997], [613, 998], [614, 998], [615, 999], [615, 1000], [616, 1000], [617, 1001], [618, 1002], [618, 1003], [617, 1004], [616, 1004], [617, 1004], [618, 1004], [619, 1005], [620, 1005], [621, 1006], [621, 1005], [620, 1005], [619, 1004], [618, 1003], [619, 1002], [619, 1001], [618, 1001], [617, 1001], [616, 1000], [616, 999], [615, 998], [615, 997], [614, 997]]], []]","[20, 21, []]"
25,25,"[[[312, 946]], [[311, 947]], [[310, 947]], [[309, 948]], [[308, 948]], [[307, 948]], [[306, 948]], [[305, 948]], [[304, 948]], [[303, 949]], [[302, 949]], [[301, 949]], [[301, 950]], [[300, 951]], [[299, 952]], [[298, 953]], [[298, 954]], [[298, 955]], [[297, 956]], [[296, 957]], [[296, 958]], [[295, 959]], [[295, 960]], [[295, 961]], [[294, 962]], [[293, 963]], [[292, 963]], [[292, 964]], [[292, 965]], [[292, 966]], [[291, 967]], [[290, 968]], [[289, 969]], [[289, 970]], [[289, 971]], [[288, 972]], [[289, 973]], [[290, 974]], [[290, 975]], [[291, 976]], [[292, 976]], [[293, 977]], [[293, 978]], [[294, 979]], [[295, 980]], [[295, 981]], [[296, 982]], [[295, 983]], [[294, 984]], [[293, 985]], [[292, 985]], [[291, 985]], [[290, 986]], [[289, 986]], [[288, 986]], [[287, 986]], [[286, 986]], [[285, 986]], [[284, 986]], [[283, 986]], [[282, 987]], [[281, 987]], [[280, 987]], [[279, 988]], [[278, 989]], [[278, 990]], [[277, 991]], [[276, 992]], [[276, 993]], [[276, 994]], [[276, 995]], [[276, 996]], [[277, 997]], [[277, 998]], [[277, 999]], [[277, 1000]], [[278, 1001]], [[278, 1002]], [[278, 1003]], [[278, 1004]], [[279, 1005]], [[280, 1006]], [[281, 1006]], [[282, 1007]], [[283, 1007]], [[284, 1007]], [[285, 1007]], [[286, 1006]], [[287, 1006]], [[288, 1006]], [[289, 1005]], [[290, 1005]], [[291, 1004]], [[292, 1003]], [[293, 1002]], [[294, 1001]], [[295, 1001]], [[296, 1000]], [[297, 1000]], [[298, 999]], [[299, 998]], [[300, 998]], [[300, 997]], [[301, 996]], [[302, 995]], [[303, 994]], [[303, 993]], [[304, 992]], [[304, 991]], [[304, 990]], [[304, 989]], [[304, 988]], [[304, 987]], [[304, 986]], [[303, 985]], [[303, 984]], [[302, 983]], [[301, 982]], [[300, 981]], [[300, 980]], [[300, 979]], [[301, 978]], [[302, 977]], [[303, 977]], [[304, 976]], [[305, 976]], [[306, 976]], [[307, 977]], [[307, 978]], [[308, 978]], [[309, 978]], [[310, 977]], [[311, 977]], [[312, 977]], [[313, 977]], [[314, 977]], [[315, 977]], [[316, 977]], [[317, 976]], [[318, 977]], [[318, 978]], [[319, 978]], [[320, 979]], [[321, 979]], [[322, 979]], [[322, 978]], [[323, 977]], [[323, 976]], [[324, 975]], [[325, 975]], [[326, 974]], [[327, 973]], [[328, 973]], [[329, 973]], [[330, 972]], [[331, 973]], [[332, 973]], [[332, 972]], [[332, 971]], [[331, 971]], [[330, 971]], [[329, 970]], [[328, 969]], [[328, 968]], [[329, 967]], [[330, 967]], [[331, 968]], [[332, 968]], [[333, 968]], [[334, 968]], [[334, 967]], [[334, 966]], [[335, 965]], [[336, 965]], [[337, 965]], [[337, 964]], [[337, 963]], [[336, 963]], [[335, 963]], [[334, 962]], [[333, 961]], [[332, 961]], [[331, 960]], [[331, 959]], [[330, 959]], [[329, 959]], [[328, 958]], [[327, 958]], [[326, 957]], [[325, 957]], [[324, 957]], [[323, 956]], [[322, 956]], [[321, 956]], [[320, 955]], [[320, 954]], [[319, 953]], [[319, 952]], [[319, 951]], [[318, 951]], [[317, 950]], [[317, 949]], [[317, 948]], [[317, 947]], [[316, 947]], [[315, 946]], [[314, 946]], [[313, 946]]]","[[[[307, 924], [306, 925], [306, 926], [306, 927], [307, 927], [308, 928], [308, 929], [308, 930], [307, 931], [306, 931], [305, 931], [304, 931], [305, 932], [305, 933], [305, 934], [305, 935], [305, 936], [306, 937], [305, 938], [305, 939], [304, 940], [303, 940], [302, 941], [301, 941], [301, 942], [300, 943], [300, 944], [299, 945], [298, 946], [298, 947], [298, 948], [298, 949], [298, 950], [298, 951], [297, 952], [296, 953], [295, 954], [294, 954], [293, 953], [293, 954], [293, 955], [294, 956], [294, 957], [294, 958], [294, 959], [293, 960], [292, 961], [291, 961], [290, 962], [291, 963], [290, 964], [289, 965], [288, 965], [288, 966], [287, 967], [286, 968], [286, 969], [286, 970], [287, 970], [288, 970], [288, 969], [289, 968], [290, 967], [291, 966], [291, 965], [291, 964], [291, 963], [292, 962], [293, 962], [294, 961], [294, 960], [294, 959], [295, 958], [295, 957], [296, 956], [297, 955], [297, 954], [297, 953], [298, 952], [299, 951], [300, 950], [300, 949], [300, 948], [300, 947], [300, 946], [300, 945], [300, 944], [301, 943], [302, 943], [303, 943], [304, 942], [305, 942], [305, 941], [306, 940], [307, 940], [308, 941], [309, 941], [310, 942], [311, 943], [311, 944], [310, 945], [310, 946], [311, 945], [312, 945], [313, 945], [314, 944], [315, 944], [315, 943], [314, 942], [313, 942], [312, 942], [311, 941], [310, 940], [310, 939], [309, 938], [308, 938], [307, 937], [307, 936], [306, 935], [305, 934], [305, 933], [305, 932], [306, 931], [307, 931], [308, 931], [309, 931], [309, 930], [309, 929], [309, 928], [309, 927], [309, 926], [309, 925], [308, 924]]], [], [[[303, 996], [302, 997], [301, 998], [300, 999], [300, 1000], [301, 1000], [302, 999], [303, 999], [304, 999], [305, 1000], [306, 1000], [307, 1001], [308, 1001], [309, 1001], [310, 1000], [310, 999], [311, 998], [312, 998], [313, 997], [312, 997], [311, 996], [310, 997], [309, 998], [308, 998], [307, 999], [306, 999], [305, 999], [304, 998], [304, 997], [304, 996]]]]","[22, [], 23]"
26,26,"[[[236, 941]], [[235, 942]], [[235, 943]], [[234, 944]], [[234, 945]], [[234, 946]], [[234, 947]], [[234, 948]], [[235, 949]], [[236, 949]], [[237, 950]], [[238, 950]], [[239, 951]], [[240, 951]], [[241, 951]], [[242, 951]], [[243, 952]], [[244, 952]], [[245, 951]], [[246, 951]], [[246, 950]], [[247, 949]], [[248, 948]], [[248, 947]], [[248, 946]], [[247, 945]], [[246, 944]], [[245, 944]], [[244, 944]], [[243, 944]], [[242, 944]], [[241, 944]], [[240, 944]], [[239, 943]], [[238, 942]], [[237, 941]]]",[[]],[]
27,27,"[[[557, 935]], [[556, 936]], [[555, 937]], [[554, 938]], [[553, 939]], [[553, 940]], [[553, 941]], [[554, 942]], [[554, 943]], [[554, 944]], [[555, 945]], [[556, 946]], [[557, 947]], [[558, 948]], [[559, 949]], [[560, 950]], [[561, 951]], [[562, 951]], [[563, 951]], [[564, 951]], [[565, 951]], [[566, 951]], [[567, 951]], [[568, 950]], [[569, 949]], [[569, 948]], [[568, 947]], [[568, 946]], [[568, 945]], [[568, 944]], [[568, 943]], [[568, 942]], [[567, 941]], [[567, 940]], [[566, 939]], [[566, 938]], [[565, 938]], [[564, 937]], [[563, 937]], [[562, 936]], [[562, 935]], [[561, 935]], [[560, 935]], [[559, 935]], [[558, 935]]]",[[]],[]
28,28,"[[[384, 932]], [[383, 933]], [[382, 933]], [[381, 933]], [[380, 933]], [[379, 933]], [[378, 933]], [[377, 934]], [[376, 935]], [[375, 936]], [[374, 936]], [[373, 936]], [[372, 935]], [[371, 935]], [[370, 935]], [[369, 935]], [[368, 934]], [[367, 934]], [[366, 935]], [[365, 935]], [[364, 935]], [[363, 935]], [[362, 935]], [[361, 935]], [[360, 936]], [[359, 936]], [[358, 937]], [[357, 937]], [[357, 938]], [[356, 939]], [[355, 940]], [[354, 941]], [[353, 942]], [[353, 943]], [[352, 944]], [[352, 945]], [[352, 946]], [[352, 947]], [[351, 948]], [[351, 949]], [[351, 950]], [[351, 951]], [[351, 952]], [[351, 953]], [[351, 954]], [[351, 955]], [[352, 956]], [[351, 957]], [[352, 958]], [[352, 959]], [[353, 960]], [[353, 961]], [[354, 962]], [[354, 963]], [[354, 964]], [[355, 965]], [[356, 966]], [[357, 966]], [[358, 966]], [[359, 966]], [[360, 965]], [[361, 965]], [[362, 965]], [[363, 965]], [[364, 965]], [[365, 965]], [[366, 965]], [[367, 965]], [[368, 965]], [[369, 964]], [[370, 964]], [[371, 964]], [[372, 963]], [[373, 963]], [[374, 962]], [[375, 962]], [[376, 961]], [[377, 960]], [[378, 959]], [[379, 959]], [[380, 959]], [[381, 958]], [[382, 957]], [[383, 957]], [[384, 957]], [[385, 957]], [[386, 956]], [[387, 956]], [[388, 955]], [[389, 955]], [[390, 955]], [[391, 956]], [[391, 957]], [[391, 958]], [[392, 957]], [[393, 957]], [[394, 956]], [[395, 956]], [[396, 955]], [[396, 954]], [[396, 953]], [[396, 952]], [[396, 951]], [[396, 950]], [[395, 950]], [[394, 949]], [[393, 948]], [[392, 947]], [[392, 946]], [[391, 945]], [[391, 944]], [[391, 943]], [[390, 942]], [[390, 941]], [[389, 940]], [[388, 939]], [[388, 938]], [[387, 937]], [[387, 936]], [[386, 935]], [[386, 934]], [[385, 933]]]",[[]],[]
29,29,"[[[494, 930]], [[494, 931]], [[493, 932]], [[494, 933]], [[495, 933]], [[496, 934]], [[497, 935]], [[498, 936]], [[499, 936]], [[500, 937]], [[501, 937]], [[502, 938]], [[503, 938]], [[504, 939]], [[505, 939]], [[506, 939]], [[507, 939]], [[508, 939]], [[509, 939]], [[510, 939]], [[511, 940]], [[512, 939]], [[513, 939]], [[514, 938]], [[515, 938]], [[516, 937]], [[517, 936]], [[517, 935]], [[517, 934]], [[516, 933]], [[515, 933]], [[514, 932]], [[514, 931]], [[513, 931]], [[512, 931]], [[511, 931]], [[510, 931]], [[509, 931]], [[508, 931]], [[507, 931]], [[506, 931]], [[505, 931]], [[504, 931]], [[503, 931]], [[502, 931]], [[501, 930]], [[500, 930]], [[499, 930]], [[498, 931]], [[497, 930]], [[496, 930]], [[495, 930]]]","[[[[483, 933], [483, 934], [483, 935], [484, 936], [484, 937], [485, 937], [486, 937], [486, 936], [487, 935], [488, 934], [489, 934], [490, 934], [491, 934], [492, 935], [493, 936], [492, 937], [491, 938], [492, 938], [493, 937], [494, 937], [495, 937], [496, 937], [497, 937], [498, 938], [498, 939], [498, 940], [499, 940], [500, 940], [501, 939], [502, 940], [503, 940], [504, 940], [503, 939], [502, 939], [501, 939], [500, 939], [499, 939], [498, 938], [498, 937], [497, 936], [496, 935], [495, 934], [494, 934], [493, 934], [492, 934], [491, 933], [490, 933], [489, 934], [488, 933], [487, 933], [486, 933], [485, 933], [484, 933]]], []]","[24, []]"
30,30,"[[[246, 923]], [[246, 924]], [[246, 925]], [[246, 926]], [[246, 927]], [[246, 928]], [[246, 929]], [[246, 930]], [[246, 931]], [[246, 932]], [[246, 933]], [[247, 934]], [[248, 935]], [[249, 935]], [[250, 936]], [[251, 936]], [[252, 936]], [[253, 935]], [[254, 934]], [[255, 934]], [[256, 935]], [[255, 936]], [[255, 937]], [[255, 938]], [[255, 939]], [[255, 940]], [[255, 941]], [[255, 942]], [[255, 943]], [[254, 944]], [[253, 944]], [[253, 945]], [[253, 946]], [[254, 947]], [[255, 947]], [[256, 948]], [[256, 949]], [[256, 950]], [[255, 951]], [[255, 952]], [[254, 953]], [[253, 952]], [[252, 953]], [[251, 953]], [[252, 953]], [[253, 953]], [[254, 953]], [[255, 954]], [[255, 955]], [[255, 956]], [[255, 955]], [[255, 954]], [[256, 953]], [[257, 954]], [[257, 955]], [[258, 956]], [[259, 955]], [[260, 955]], [[261, 955]], [[261, 954]], [[261, 953]], [[261, 952]], [[261, 951]], [[261, 950]], [[261, 949]], [[262, 948]], [[263, 949]], [[263, 950]], [[263, 949]], [[264, 948]], [[265, 949]], [[266, 950]], [[266, 951]], [[265, 952]], [[265, 953]], [[266, 954]], [[266, 955]], [[266, 956]], [[267, 956]], [[268, 956]], [[269, 957]], [[269, 958]], [[269, 959]], [[269, 960]], [[270, 960]], [[271, 960]], [[272, 960]], [[273, 960]], [[273, 959]], [[274, 958]], [[274, 957]], [[274, 956]], [[274, 955]], [[274, 954]], [[274, 953]], [[274, 952]], [[274, 951]], [[274, 950]], [[274, 949]], [[275, 948]], [[275, 947]], [[276, 946]], [[276, 945]], [[277, 944]], [[277, 943]], [[276, 942]], [[276, 941]], [[276, 940]], [[276, 939]], [[276, 938]], [[277, 937]], [[277, 936]], [[276, 935]], [[275, 936]], [[274, 937]], [[273, 937]], [[272, 937]], [[271, 937]], [[270, 936]], [[269, 936]], [[268, 937]], [[267, 937]], [[266, 938]], [[265, 939]], [[264, 938]], [[263, 937]], [[264, 936]], [[265, 935]], [[265, 934]], [[265, 933]], [[265, 932]], [[265, 931]], [[264, 930]], [[264, 929]], [[263, 928]], [[262, 928]], [[261, 928]], [[260, 928]], [[259, 928]], [[258, 928]], [[257, 928]], [[256, 928]], [[255, 927]], [[254, 926]], [[253, 925]], [[252, 924]], [[251, 924]], [[250, 923]], [[249, 923]], [[248, 923]], [[247, 923]]]","[[], [[[245, 934], [245, 935], [245, 936], [246, 935], [247, 935], [248, 936], [247, 937], [247, 938], [247, 939], [246, 940], [247, 940], [248, 941], [248, 942], [248, 943], [249, 943], [250, 942], [250, 941], [249, 940], [248, 939], [249, 938], [250, 938], [251, 938], [252, 939], [252, 940], [253, 940], [254, 940], [254, 939], [254, 938], [254, 937], [254, 936], [255, 935], [254, 935], [253, 936], [253, 937], [252, 938], [251, 938], [250, 937], [249, 936], [248, 936], [247, 935], [246, 934]]], [[[264, 957], [264, 958], [264, 959], [263, 960], [262, 961], [262, 962], [262, 963], [263, 964], [263, 965], [263, 966], [264, 965], [264, 964], [265, 963], [266, 964], [267, 965], [267, 966], [268, 965], [269, 966], [270, 967], [271, 967], [272, 967], [273, 967], [274, 967], [275, 967], [275, 966], [274, 965], [274, 964], [273, 963], [272, 963], [271, 964], [270, 964], [269, 964], [268, 964], [267, 963], [268, 962], [268, 961], [268, 960], [268, 959], [268, 958], [268, 957], [267, 958], [266, 958], [265, 957]]]]","[[], 25, 18]"
31,31,"[[[631, 915]], [[630, 916]], [[629, 916]], [[628, 916]], [[627, 917]], [[626, 917]], [[626, 918]], [[626, 919]], [[625, 920]], [[624, 921]], [[623, 922]], [[623, 923]], [[622, 924]], [[621, 925]], [[621, 926]], [[621, 927]], [[621, 928]], [[621, 929]], [[620, 930]], [[619, 931]], [[619, 932]], [[619, 933]], [[619, 934]], [[619, 935]], [[618, 936]], [[618, 937]], [[617, 938]], [[617, 939]], [[617, 940]], [[616, 941]], [[615, 942]], [[614, 941]], [[613, 940]], [[613, 939]], [[612, 938]], [[611, 937]], [[610, 936]], [[609, 936]], [[608, 936]], [[607, 936]], [[606, 937]], [[605, 937]], [[605, 938]], [[604, 939]], [[605, 940]], [[605, 941]], [[605, 942]], [[604, 943]], [[604, 944]], [[604, 945]], [[605, 946]], [[605, 947]], [[606, 947]], [[607, 948]], [[608, 948]], [[609, 949]], [[610, 949]], [[611, 949]], [[612, 949]], [[613, 949]], [[614, 949]], [[615, 950]], [[616, 950]], [[617, 950]], [[618, 950]], [[619, 950]], [[620, 950]], [[621, 951]], [[622, 951]], [[623, 951]], [[624, 951]], [[625, 951]], [[626, 951]], [[627, 951]], [[628, 952]], [[629, 951]], [[630, 951]], [[631, 951]], [[632, 951]], [[633, 951]], [[634, 951]], [[635, 951]], [[636, 951]], [[637, 950]], [[638, 950]], [[638, 949]], [[639, 948]], [[639, 947]], [[640, 946]], [[640, 945]], [[641, 944]], [[642, 943]], [[643, 942]], [[643, 941]], [[644, 940]], [[645, 939]], [[645, 938]], [[645, 937]], [[646, 936]], [[646, 935]], [[646, 934]], [[647, 933]], [[647, 932]], [[647, 931]], [[648, 930]], [[648, 929]], [[647, 928]], [[647, 927]], [[647, 926]], [[646, 925]], [[645, 924]], [[645, 923]], [[645, 922]], [[646, 921]], [[647, 920]], [[646, 920]], [[645, 919]], [[644, 919]], [[643, 919]], [[642, 919]], [[641, 918]], [[640, 918]], [[639, 918]], [[638, 917]], [[637, 917]], [[636, 916]], [[636, 915]], [[635, 915]], [[634, 915]], [[633, 915]], [[632, 915]]]","[[[[632, 911], [631, 912], [630, 912], [630, 913], [631, 914], [630, 915], [629, 915], [628, 914], [627, 914], [627, 915], [628, 915], [629, 915], [630, 915], [631, 914], [632, 913], [633, 913], [634, 913], [635, 913], [636, 914], [637, 915], [637, 914], [638, 913], [639, 913], [639, 912], [638, 912], [637, 912], [636, 912], [635, 912], [634, 912], [633, 911]]], [], [[[612, 922], [612, 923], [612, 924], [611, 925], [611, 926], [612, 926], [613, 926], [614, 926], [614, 925], [615, 924], [616, 923], [617, 923], [618, 923], [619, 923], [620, 924], [621, 924], [622, 923], [622, 922], [621, 922], [620, 922], [619, 922], [618, 922], [617, 922], [616, 922], [615, 923], [614, 923], [613, 922]]]]","[27, [], 28]"
32,32,"[[[218, 913]], [[217, 914]], [[217, 915]], [[217, 916]], [[218, 917]], [[218, 918]], [[218, 919]], [[219, 920]], [[219, 921]], [[220, 922]], [[221, 922]], [[222, 923]], [[223, 923]], [[224, 923]], [[225, 923]], [[226, 923]], [[227, 923]], [[228, 923]], [[229, 923]], [[230, 922]], [[231, 923]], [[231, 922]], [[232, 921]], [[232, 920]], [[233, 919]], [[233, 918]], [[232, 918]], [[231, 917]], [[230, 916]], [[230, 915]], [[229, 915]], [[228, 914]], [[227, 914]], [[226, 914]], [[225, 914]], [[224, 914]], [[223, 914]], [[222, 914]], [[221, 913]], [[220, 913]], [[219, 913]]]",[[]],[]
33,33,"[[[304, 911]], [[304, 912]], [[303, 913]], [[302, 914]], [[302, 915]], [[301, 916]], [[301, 917]], [[301, 918]], [[302, 919]], [[303, 920]], [[303, 921]], [[304, 922]], [[305, 922]], [[306, 922]], [[307, 923]], [[308, 923]], [[309, 924]], [[310, 924]], [[311, 924]], [[312, 923]], [[313, 923]], [[314, 922]], [[314, 921]], [[313, 920]], [[312, 919]], [[311, 918]], [[310, 917]], [[309, 916]], [[308, 915]], [[308, 914]], [[307, 913]], [[306, 912]], [[306, 911]], [[305, 911]]]","[[[[294, 908], [294, 909], [293, 910], [292, 910], [291, 911], [292, 911], [293, 911], [294, 912], [293, 913], [293, 914], [292, 915], [293, 916], [294, 917], [295, 918], [295, 919], [295, 920], [295, 919], [296, 918], [297, 919], [297, 920], [297, 921], [298, 920], [299, 920], [300, 921], [301, 922], [301, 923], [302, 924], [303, 924], [304, 923], [303, 922], [302, 921], [302, 920], [301, 919], [300, 918], [299, 919], [298, 918], [297, 917], [296, 916], [296, 915], [296, 914], [296, 913], [297, 912], [298, 912], [298, 911], [297, 910], [296, 910], [295, 910], [294, 909]]], [[[307, 924], [306, 925], [306, 926], [306, 927], [307, 927], [308, 928], [308, 929], [308, 930], [307, 931], [306, 931], [305, 931], [304, 931], [305, 932], [305, 933], [305, 934], [305, 935], [305, 936], [306, 937], [305, 938], [305, 939], [304, 940], [303, 940], [302, 941], [301, 941], [301, 942], [300, 943], [300, 944], [299, 945], [298, 946], [298, 947], [298, 948], [298, 949], [298, 950], [298, 951], [297, 952], [296, 953], [295, 954], [294, 954], [293, 953], [293, 954], [293, 955], [294, 956], [294, 957], [294, 958], [294, 959], [293, 960], [292, 961], [291, 961], [290, 962], [291, 963], [290, 964], [289, 965], [288, 965], [288, 966], [287, 967], [286, 968], [286, 969], [286, 970], [287, 970], [288, 970], [288, 969], [289, 968], [290, 967], [291, 966], [291, 965], [291, 964], [291, 963], [292, 962], [293, 962], [294, 961], [294, 960], [294, 959], [295, 958], [295, 957], [296, 956], [297, 955], [297, 954], [297, 953], [298, 952], [299, 951], [300, 950], [300, 949], [300, 948], [300, 947], [300, 946], [300, 945], [300, 944], [301, 943], [302, 943], [303, 943], [304, 942], [305, 942], [305, 941], [306, 940], [307, 940], [308, 941], [309, 941], [310, 942], [311, 943], [311, 944], [310, 945], [310, 946], [311, 945], [312, 945], [313, 945], [314, 944], [315, 944], [315, 943], [314, 942], [313, 942], [312, 942], [311, 941], [310, 940], [310, 939], [309, 938], [308, 938], [307, 937], [307, 936], [306, 935], [305, 934], [305, 933], [305, 932], [306, 931], [307, 931], [308, 931], [309, 931], [309, 930], [309, 929], [309, 928], [309, 927], [309, 926], [309, 925], [308, 924]]]]","[29, 22]"
34,34,"[[[422, 906]], [[421, 907]], [[421, 908]], [[420, 909]], [[420, 910]], [[420, 911]], [[420, 912]], [[420, 913]], [[420, 914]], [[419, 915]], [[420, 916]], [[419, 917]], [[419, 918]], [[419, 919]], [[419, 920]], [[420, 921]], [[421, 922]], [[422, 922]], [[423, 923]], [[424, 923]], [[425, 923]], [[426, 923]], [[427, 922]], [[428, 922]], [[428, 921]], [[429, 920]], [[430, 920]], [[430, 919]], [[431, 918]], [[432, 917]], [[433, 916]], [[433, 915]], [[433, 914]], [[432, 913]], [[432, 912]], [[432, 911]], [[432, 910]], [[432, 909]], [[432, 908]], [[431, 907]], [[430, 906]], [[429, 906]], [[428, 906]], [[427, 906]], [[426, 906]], [[425, 907]], [[424, 906]], [[423, 906]]]",[[]],[]
35,35,"[[[469, 894]], [[468, 895]], [[467, 895]], [[466, 896]], [[465, 896]], [[464, 897]], [[463, 897]], [[462, 897]], [[461, 897]], [[460, 898]], [[459, 899]], [[458, 900]], [[457, 900]], [[456, 901]], [[456, 902]], [[456, 903]], [[456, 904]], [[456, 905]], [[457, 906]], [[457, 907]], [[458, 908]], [[457, 909]], [[456, 909]], [[455, 908]], [[454, 908]], [[454, 909]], [[453, 910]], [[453, 911]], [[452, 912]], [[452, 913]], [[452, 914]], [[451, 915]], [[451, 916]], [[452, 917]], [[452, 918]], [[451, 919]], [[450, 919]], [[449, 918]], [[448, 918]], [[447, 918]], [[446, 917]], [[445, 917]], [[444, 917]], [[443, 917]], [[442, 917]], [[441, 917]], [[440, 918]], [[439, 918]], [[438, 919]], [[437, 919]], [[436, 920]], [[435, 920]], [[434, 921]], [[433, 921]], [[433, 922]], [[432, 923]], [[431, 924]], [[430, 925]], [[429, 926]], [[429, 927]], [[429, 928]], [[428, 929]], [[428, 930]], [[427, 931]], [[426, 932]], [[425, 933]], [[424, 934]], [[423, 934]], [[422, 934]], [[421, 933]], [[420, 934]], [[419, 935]], [[419, 936]], [[418, 937]], [[418, 938]], [[417, 939]], [[416, 939]], [[416, 940]], [[416, 941]], [[415, 942]], [[415, 943]], [[414, 944]], [[414, 945]], [[413, 946]], [[413, 947]], [[413, 948]], [[412, 949]], [[412, 950]], [[412, 951]], [[411, 952]], [[411, 953]], [[411, 954]], [[411, 955]], [[410, 956]], [[410, 957]], [[410, 958]], [[411, 959]], [[410, 960]], [[409, 960]], [[409, 961]], [[409, 962]], [[409, 963]], [[409, 964]], [[409, 965]], [[410, 966]], [[409, 967]], [[409, 968]], [[409, 969]], [[409, 970]], [[409, 971]], [[409, 972]], [[409, 973]], [[409, 974]], [[410, 975]], [[410, 976]], [[410, 977]], [[411, 978]], [[410, 979]], [[411, 980]], [[412, 981]], [[412, 982]], [[413, 983]], [[414, 983]], [[415, 984]], [[416, 984]], [[417, 984]], [[418, 984]], [[419, 984]], [[420, 984]], [[421, 984]], [[422, 983]], [[423, 983]], [[424, 984]], [[425, 984]], [[426, 984]], [[427, 984]], [[428, 984]], [[429, 984]], [[430, 985]], [[431, 985]], [[432, 985]], [[433, 986]], [[434, 986]], [[435, 987]], [[436, 988]], [[437, 988]], [[438, 988]], [[439, 988]], [[440, 988]], [[441, 988]], [[442, 988]], [[443, 988]], [[444, 988]], [[445, 987]], [[446, 987]], [[447, 986]], [[448, 986]], [[449, 985]], [[450, 985]], [[451, 985]], [[452, 985]], [[453, 984]], [[454, 984]], [[455, 984]], [[456, 984]], [[457, 983]], [[458, 983]], [[459, 983]], [[460, 983]], [[461, 982]], [[462, 982]], [[463, 981]], [[464, 980]], [[464, 979]], [[465, 978]], [[465, 977]], [[466, 976]], [[466, 975]], [[466, 974]], [[466, 973]], [[466, 972]], [[467, 971]], [[468, 970]], [[468, 969]], [[468, 968]], [[469, 967]], [[469, 966]], [[469, 965]], [[470, 964]], [[471, 963]], [[472, 962]], [[473, 962]], [[474, 961]], [[475, 961]], [[476, 961]], [[477, 960]], [[478, 960]], [[479, 960]], [[480, 960]], [[481, 960]], [[482, 959]], [[483, 958]], [[483, 957]], [[482, 956]], [[482, 955]], [[481, 954]], [[480, 953]], [[479, 952]], [[479, 951]], [[478, 951]], [[477, 951]], [[476, 950]], [[475, 950]], [[474, 949]], [[473, 948]], [[472, 947]], [[471, 946]], [[471, 945]], [[470, 944]], [[469, 944]], [[468, 943]], [[467, 942]], [[466, 941]], [[465, 940]], [[465, 939]], [[465, 938]], [[465, 937]], [[465, 936]], [[464, 935]], [[463, 934]], [[463, 933]], [[464, 932]], [[464, 931]], [[463, 931]], [[462, 931]], [[461, 930]], [[460, 930]], [[459, 929]], [[458, 928]], [[457, 928]], [[456, 929]], [[455, 928]], [[454, 927]], [[455, 926]], [[456, 925]], [[457, 924]], [[458, 924]], [[459, 924]], [[460, 925]], [[460, 926]], [[461, 927]], [[461, 928]], [[461, 927]], [[462, 926]], [[463, 926]], [[464, 927]], [[465, 927]], [[466, 926]], [[467, 926]], [[468, 925]], [[468, 924]], [[469, 923]], [[469, 922]], [[470, 921]], [[469, 920]], [[469, 919]], [[470, 918]], [[471, 917]], [[472, 917]], [[473, 917]], [[474, 916]], [[475, 916]], [[476, 916]], [[476, 915]], [[477, 914]], [[478, 913]], [[479, 912]], [[480, 912]], [[481, 911]], [[482, 910]], [[483, 909]], [[484, 908]], [[485, 907]], [[486, 907]], [[486, 906]], [[487, 905]], [[488, 905]], [[488, 904]], [[488, 903]], [[488, 902]], [[488, 901]], [[487, 900]], [[486, 899]], [[485, 898]], [[484, 898]], [[483, 897]], [[482, 897]], [[481, 897]], [[480, 897]], [[479, 897]], [[478, 897]], [[477, 896]], [[476, 895]], [[475, 895]], [[474, 895]], [[473, 895]], [[472, 895]], [[471, 895]], [[470, 894]]]","[[], [[[447, 908], [447, 909], [446, 910], [447, 911], [447, 912], [446, 913], [445, 913], [444, 913], [443, 913], [442, 913], [443, 914], [443, 915], [443, 916], [444, 916], [445, 916], [446, 916], [446, 915], [445, 914], [446, 913], [447, 912], [448, 912], [449, 912], [450, 912], [451, 912], [450, 911], [449, 910], [448, 909]]], [[[409, 937], [409, 938], [410, 939], [410, 940], [409, 941], [408, 941], [407, 941], [408, 941], [409, 941], [410, 940], [411, 940], [412, 940], [413, 941], [413, 942], [412, 943], [411, 944], [411, 945], [411, 946], [411, 947], [412, 947], [412, 946], [413, 945], [413, 944], [414, 943], [414, 942], [415, 941], [415, 940], [415, 939], [415, 938], [414, 938], [413, 938], [412, 938], [411, 937], [410, 937]]], [[[478, 914], [477, 915], [477, 916], [477, 917], [477, 918], [476, 919], [476, 920], [476, 921], [476, 922], [477, 923], [478, 923], [479, 923], [480, 923], [481, 923], [482, 923], [483, 924], [484, 925], [484, 926], [484, 927], [485, 927], [485, 926], [484, 925], [483, 924], [482, 923], [482, 922], [482, 921], [481, 920], [481, 919], [481, 918], [481, 917], [480, 916], [479, 915]]], [[[478, 914], [477, 915], [477, 916], [477, 917], [477, 918], [476, 919], [476, 920], [476, 921], [476, 922], [477, 923], [478, 923], [479, 923], [480, 923], [481, 923], [482, 923], [483, 924], [484, 925], [484, 926], [484, 927], [485, 927], [485, 926], [484, 925], [483, 924], [482, 923], [482, 922], [482, 921], [481, 920], [481, 919], [481, 918], [481, 917], [480, 916], [479, 915]], [[476, 894], [477, 895], [478, 896], [479, 896], [480, 896], [481, 896], [482, 896], [483, 896], [484, 897], [485, 897], [486, 898], [487, 899], [488, 900], [489, 901], [489, 902], [489, 903], [489, 904], [489, 905], [488, 906], [487, 906], [487, 907], [486, 908], [485, 908], [484, 909], [483, 910], [482, 911], [481, 912], [482, 913], [482, 914], [483, 914], [484, 914], [484, 913], [485, 912], [486, 912], [487, 911], [488, 910], [489, 910], [490, 909], [491, 909], [492, 909], [493, 909], [494, 910], [495, 911], [496, 912], [496, 911], [496, 910], [495, 909], [494, 908], [494, 907], [493, 908], [492, 908], [491, 908], [490, 907], [490, 906], [491, 905], [491, 904], [491, 903], [491, 902], [492, 901], [493, 902], [493, 903], [493, 902], [494, 901], [494, 900], [494, 899], [495, 898], [496, 898], [497, 898], [497, 897], [496, 897], [495, 898], [494, 899], [493, 900], [492, 901], [491, 901], [490, 900], [489, 899], [489, 898], [488, 897], [488, 896], [488, 895], [487, 894], [486, 894], [486, 895], [485, 896], [484, 897], [483, 896], [482, 896], [481, 896], [480, 895], [479, 895], [478, 895], [477, 894]]], [[[476, 894], [477, 895], [478, 896], [479, 896], [480, 896], [481, 896], [482, 896], [483, 896], [484, 897], [485, 897], [486, 898], [487, 899], [488, 900], [489, 901], [489, 902], [489, 903], [489, 904], [489, 905], [488, 906], [487, 906], [487, 907], [486, 908], [485, 908], [484, 909], [483, 910], [482, 911], [481, 912], [482, 913], [482, 914], [483, 914], [484, 914], [484, 913], [485, 912], [486, 912], [487, 911], [488, 910], [489, 910], [490, 909], [491, 909], [492, 909], [493, 909], [494, 910], [495, 911], [496, 912], [496, 911], [496, 910], [495, 909], [494, 908], [494, 907], [493, 908], [492, 908], [491, 908], [490, 907], [490, 906], [491, 905], [491, 904], [491, 903], [491, 902], [492, 901], [493, 902], [493, 903], [493, 902], [494, 901], [494, 900], [494, 899], [495, 898], [496, 898], [497, 898], [497, 897], [496, 897], [495, 898], [494, 899], [493, 900], [492, 901], [491, 901], [490, 900], [489, 899], [489, 898], [488, 897], [488, 896], [488, 895], [487, 894], [486, 894], [486, 895], [485, 896], [484, 897], [483, 896], [482, 896], [481, 896], [480, 895], [479, 895], [478, 895], [477, 894]]]]","[[], 31, 32, 33, 34, 35]"
36,36,"[[[544, 890]], [[543, 891]], [[542, 892]], [[541, 893]], [[540, 894]], [[539, 895]], [[538, 895]], [[537, 895]], [[536, 896]], [[535, 896]], [[535, 897]], [[535, 898]], [[535, 899]], [[535, 900]], [[535, 901]], [[534, 902]], [[534, 903]], [[534, 904]], [[534, 905]], [[535, 906]], [[536, 907]], [[536, 908]], [[537, 909]], [[538, 909]], [[539, 909]], [[540, 909]], [[541, 909]], [[542, 909]], [[543, 908]], [[543, 907]], [[544, 906]], [[544, 905]], [[544, 904]], [[544, 903]], [[545, 902]], [[546, 901]], [[547, 901]], [[548, 901]], [[549, 901]], [[550, 900]], [[551, 899]], [[552, 899]], [[552, 898]], [[552, 897]], [[552, 896]], [[552, 895]], [[551, 894]], [[550, 893]], [[549, 892]], [[549, 891]], [[548, 891]], [[547, 890]], [[546, 890]], [[545, 890]]]","[[[[526, 893], [526, 894], [525, 895], [525, 896], [525, 897], [526, 898], [526, 897], [526, 896], [527, 895], [528, 894], [529, 894], [530, 895], [531, 896], [532, 897], [533, 897], [534, 898], [534, 899], [533, 900], [532, 901], [533, 902], [534, 901], [534, 900], [534, 899], [534, 898], [534, 897], [534, 896], [535, 895], [536, 895], [537, 894], [536, 894], [535, 894], [534, 895], [533, 895], [532, 894], [531, 893], [530, 893], [529, 893], [528, 893], [527, 893]]], []]","[36, []]"
37,37,"[[[266, 873]], [[265, 874]], [[264, 875]], [[263, 875]], [[262, 876]], [[262, 877]], [[261, 878]], [[261, 879]], [[260, 880]], [[260, 881]], [[260, 882]], [[260, 883]], [[260, 884]], [[259, 885]], [[259, 886]], [[259, 887]], [[259, 888]], [[258, 889]], [[257, 890]], [[257, 891]], [[256, 892]], [[255, 893]], [[254, 892]], [[254, 891]], [[253, 892]], [[254, 892]], [[255, 893]], [[254, 894]], [[254, 895]], [[254, 896]], [[254, 897]], [[253, 898]], [[253, 899]], [[253, 900]], [[252, 901]], [[252, 902]], [[252, 903]], [[252, 904]], [[251, 905]], [[250, 906]], [[250, 907]], [[251, 908]], [[251, 909]], [[251, 910]], [[250, 911]], [[249, 910]], [[250, 911]], [[251, 911]], [[252, 912]], [[253, 913]], [[253, 914]], [[253, 915]], [[254, 915]], [[255, 916]], [[256, 917]], [[257, 917]], [[258, 917]], [[259, 917]], [[260, 917]], [[261, 916]], [[262, 916]], [[263, 915]], [[264, 914]], [[265, 914]], [[266, 913]], [[267, 912]], [[268, 911]], [[268, 910]], [[269, 909]], [[270, 908]], [[271, 907]], [[271, 906]], [[271, 905]], [[272, 904]], [[273, 903]], [[273, 902]], [[273, 901]], [[274, 900]], [[273, 900]], [[272, 899]], [[272, 898]], [[273, 897]], [[274, 896]], [[274, 895]], [[275, 894]], [[276, 893]], [[276, 892]], [[275, 891]], [[275, 890]], [[276, 889]], [[276, 888]], [[277, 887]], [[277, 886]], [[277, 885]], [[277, 884]], [[277, 883]], [[277, 882]], [[277, 881]], [[277, 880]], [[276, 879]], [[275, 878]], [[274, 877]], [[273, 876]], [[272, 876]], [[271, 875]], [[270, 875]], [[269, 874]], [[268, 873]], [[267, 873]]]","[[], [[[243, 910], [243, 911], [242, 912], [241, 912], [240, 912], [240, 913], [241, 913], [242, 912], [243, 912], [244, 911], [245, 911], [246, 911], [247, 911], [248, 912], [247, 913], [246, 914], [245, 914], [244, 915], [243, 915], [243, 916], [243, 917], [243, 918], [244, 918], [245, 918], [246, 917], [247, 916], [248, 916], [249, 916], [250, 917], [251, 917], [252, 917], [253, 918], [254, 918], [255, 919], [256, 919], [256, 918], [255, 917], [254, 916], [253, 916], [252, 915], [252, 914], [252, 913], [251, 912], [250, 912], [249, 911], [248, 910], [247, 910], [246, 910], [245, 910], [244, 910]]], [[[270, 910], [269, 911], [268, 912], [268, 913], [268, 914], [267, 915], [266, 915], [265, 916], [264, 916], [263, 917], [263, 918], [262, 919], [261, 919], [261, 920], [262, 919], [263, 919], [264, 918], [265, 917], [266, 917], [267, 918], [268, 919], [268, 920], [269, 920], [270, 920], [270, 919], [270, 918], [269, 918], [268, 918], [267, 917], [267, 916], [267, 915], [268, 914], [269, 913], [270, 912], [271, 911], [272, 911], [271, 911]]]]","[[], 37, 38]"
38,38,"[[[216, 862]], [[215, 863]], [[214, 864]], [[213, 865]], [[212, 866]], [[211, 867]], [[211, 868]], [[211, 869]], [[210, 870]], [[211, 871]], [[211, 872]], [[211, 873]], [[212, 874]], [[212, 875]], [[213, 876]], [[213, 877]], [[213, 878]], [[214, 879]], [[214, 880]], [[215, 881]], [[215, 882]], [[216, 883]], [[217, 884]], [[218, 884]], [[219, 884]], [[220, 883]], [[221, 883]], [[222, 882]], [[223, 881]], [[224, 880]], [[224, 879]], [[224, 878]], [[225, 877]], [[226, 877]], [[227, 876]], [[227, 875]], [[228, 874]], [[228, 873]], [[228, 872]], [[227, 871]], [[227, 870]], [[226, 869]], [[226, 868]], [[226, 867]], [[227, 866]], [[227, 865]], [[226, 864]], [[226, 863]], [[225, 863]], [[224, 863]], [[223, 863]], [[222, 862]], [[221, 862]], [[220, 862]], [[219, 862]], [[218, 862]], [[217, 862]]]","[[], [[[210, 867], [210, 868], [209, 869], [209, 870], [208, 871], [207, 871], [206, 871], [205, 871], [204, 871], [204, 872], [205, 872], [206, 872], [207, 872], [208, 873], [208, 874], [209, 873], [210, 874], [210, 875], [211, 876], [211, 877], [212, 878], [211, 879], [212, 880], [213, 881], [213, 882], [213, 883], [212, 884], [212, 885], [211, 886], [210, 887], [209, 888], [208, 889], [209, 889], [210, 888], [211, 887], [212, 886], [212, 885], [213, 884], [214, 884], [215, 885], [215, 886], [216, 887], [216, 888], [217, 887], [218, 888], [219, 887], [220, 888], [221, 888], [221, 887], [221, 886], [222, 885], [223, 885], [224, 885], [225, 885], [226, 885], [227, 885], [228, 885], [229, 886], [229, 887], [229, 888], [230, 888], [230, 887], [229, 886], [229, 885], [228, 884], [228, 883], [228, 882], [228, 881], [228, 880], [228, 879], [228, 878], [227, 878], [226, 878], [225, 879], [225, 880], [224, 881], [223, 882], [222, 883], [221, 884], [220, 884], [219, 885], [218, 885], [217, 885], [216, 884], [215, 883], [214, 882], [214, 881], [213, 880], [213, 879], [212, 878], [212, 877], [212, 876], [211, 875], [211, 874], [210, 873], [210, 872], [210, 871], [209, 870], [210, 869], [210, 868]]]]","[[], 39]"
39,39,"[[[506, 859]], [[505, 860]], [[504, 861]], [[504, 862]], [[503, 863]], [[503, 864]], [[502, 865]], [[501, 866]], [[501, 867]], [[500, 868]], [[499, 869]], [[498, 869]], [[497, 869]], [[496, 869]], [[495, 869]], [[494, 869]], [[493, 869]], [[492, 869]], [[491, 870]], [[490, 870]], [[489, 871]], [[488, 871]], [[487, 871]], [[486, 871]], [[485, 872]], [[486, 873]], [[486, 874]], [[487, 875]], [[488, 875]], [[489, 876]], [[489, 877]], [[490, 878]], [[491, 878]], [[492, 878]], [[493, 878]], [[494, 878]], [[495, 878]], [[496, 878]], [[497, 878]], [[498, 877]], [[499, 877]], [[500, 877]], [[501, 876]], [[502, 875]], [[502, 874]], [[503, 873]], [[504, 873]], [[505, 873]], [[506, 874]], [[506, 875]], [[506, 876]], [[506, 877]], [[507, 878]], [[508, 879]], [[508, 880]], [[509, 881]], [[509, 882]], [[510, 882]], [[511, 882]], [[512, 883]], [[513, 884]], [[514, 884]], [[515, 884]], [[516, 884]], [[517, 883]], [[518, 882]], [[519, 881]], [[520, 881]], [[521, 880]], [[521, 879]], [[521, 878]], [[522, 877]], [[523, 876]], [[523, 875]], [[523, 874]], [[522, 873]], [[521, 873]], [[520, 872]], [[519, 872]], [[518, 871]], [[517, 871]], [[516, 870]], [[515, 869]], [[514, 868]], [[514, 867]], [[513, 866]], [[513, 865]], [[512, 865]], [[511, 864]], [[510, 863]], [[509, 862]], [[508, 861]], [[507, 860]]]",[[]],[]
40,40,"[[[54, 831]], [[53, 832]], [[52, 833]], [[51, 834]], [[50, 835]], [[50, 836]], [[49, 837]], [[48, 838]], [[47, 839]], [[46, 840]], [[45, 841]], [[44, 841]], [[43, 842]], [[42, 843]], [[41, 844]], [[40, 845]], [[39, 846]], [[38, 847]], [[37, 847]], [[36, 848]], [[35, 849]], [[34, 850]], [[33, 851]], [[32, 852]], [[32, 853]], [[31, 854]], [[31, 855]], [[31, 856]], [[31, 857]], [[31, 858]], [[31, 859]], [[32, 860]], [[33, 861]], [[33, 862]], [[34, 863]], [[34, 864]], [[35, 865]], [[36, 865]], [[37, 866]], [[38, 866]], [[39, 866]], [[40, 866]], [[41, 866]], [[42, 866]], [[43, 866]], [[44, 866]], [[45, 867]], [[46, 868]], [[46, 869]], [[47, 870]], [[48, 870]], [[49, 870]], [[50, 870]], [[51, 870]], [[52, 870]], [[53, 870]], [[54, 871]], [[54, 872]], [[53, 873]], [[52, 874]], [[51, 875]], [[51, 876]], [[50, 877]], [[49, 878]], [[49, 879]], [[49, 880]], [[48, 881]], [[48, 882]], [[48, 883]], [[47, 884]], [[47, 885]], [[47, 886]], [[46, 887]], [[45, 888]], [[44, 889]], [[43, 888]], [[43, 889]], [[43, 890]], [[42, 891]], [[41, 891]], [[40, 892]], [[39, 893]], [[38, 894]], [[38, 895]], [[37, 896]], [[36, 896]], [[35, 897]], [[34, 897]], [[34, 898]], [[34, 899]], [[35, 900]], [[35, 901]], [[35, 902]], [[36, 903]], [[36, 904]], [[36, 905]], [[37, 906]], [[37, 907]], [[38, 908]], [[39, 908]], [[40, 908]], [[41, 908]], [[42, 908]], [[43, 909]], [[44, 909]], [[45, 909]], [[46, 909]], [[47, 909]], [[48, 909]], [[49, 909]], [[50, 909]], [[51, 909]], [[52, 909]], [[53, 910]], [[54, 910]], [[55, 910]], [[56, 910]], [[57, 910]], [[58, 910]], [[59, 910]], [[60, 910]], [[61, 909]], [[62, 909]], [[63, 909]], [[64, 909]], [[65, 908]], [[66, 908]], [[67, 908]], [[68, 908]], [[69, 909]], [[70, 910]], [[70, 909]], [[70, 908]], [[71, 907]], [[72, 906]], [[73, 905]], [[74, 905]], [[75, 905]], [[76, 905]], [[77, 906]], [[78, 907]], [[78, 908]], [[79, 908]], [[80, 908]], [[81, 907]], [[82, 907]], [[83, 906]], [[84, 906]], [[85, 907]], [[86, 907]], [[87, 907]], [[88, 907]], [[89, 907]], [[90, 907]], [[91, 907]], [[92, 906]], [[93, 906]], [[94, 905]], [[95, 904]], [[95, 903]], [[95, 902]], [[95, 901]], [[95, 900]], [[96, 899]], [[96, 898]], [[96, 897]], [[97, 896]], [[97, 895]], [[97, 894]], [[97, 893]], [[97, 892]], [[97, 891]], [[97, 890]], [[97, 889]], [[97, 888]], [[96, 887]], [[96, 886]], [[95, 885]], [[95, 884]], [[94, 883]], [[94, 882]], [[93, 881]], [[92, 880]], [[91, 880]], [[90, 880]], [[89, 880]], [[88, 880]], [[87, 880]], [[86, 879]], [[85, 878]], [[84, 878]], [[83, 877]], [[83, 876]], [[82, 875]], [[82, 874]], [[82, 873]], [[82, 872]], [[82, 871]], [[81, 870]], [[80, 870]], [[79, 870]], [[78, 870]], [[77, 870]], [[76, 870]], [[75, 870]], [[74, 869]], [[73, 869]], [[72, 868]], [[71, 867]], [[70, 866]], [[69, 865]], [[68, 865]], [[67, 866]], [[66, 866]], [[65, 866]], [[64, 866]], [[63, 867]], [[62, 867]], [[61, 867]], [[60, 867]], [[59, 866]], [[59, 865]], [[60, 864]], [[61, 863]], [[62, 862]], [[62, 861]], [[62, 860]], [[62, 859]], [[62, 858]], [[62, 857]], [[62, 856]], [[62, 855]], [[62, 854]], [[62, 853]], [[62, 852]], [[62, 851]], [[62, 850]], [[63, 849]], [[64, 848]], [[65, 847]], [[66, 846]], [[67, 845]], [[68, 844]], [[69, 843]], [[69, 842]], [[69, 841]], [[69, 840]], [[69, 839]], [[68, 838]], [[67, 837]], [[67, 836]], [[66, 835]], [[66, 834]], [[65, 833]], [[64, 833]], [[63, 833]], [[62, 833]], [[61, 833]], [[60, 832]], [[59, 832]], [[58, 831]], [[57, 831]], [[56, 831]], [[55, 831]]]","[[], [[[29, 900], [28, 901], [28, 902], [29, 903], [30, 904], [30, 905], [30, 906], [30, 907], [30, 908], [30, 909], [29, 910], [28, 910], [27, 910], [26, 909], [25, 909], [25, 910], [25, 911], [24, 912], [24, 913], [25, 914], [25, 915], [25, 916], [25, 917], [24, 918], [23, 919], [23, 920], [24, 919], [25, 918], [25, 917], [26, 916], [27, 915], [28, 915], [29, 914], [30, 913], [31, 912], [32, 911], [33, 911], [34, 910], [35, 909], [36, 909], [37, 909], [38, 910], [39, 911], [40, 911], [41, 911], [42, 912], [43, 912], [44, 912], [45, 911], [46, 912], [47, 912], [48, 912], [49, 912], [50, 912], [51, 912], [52, 912], [53, 912], [54, 913], [55, 914], [56, 915], [56, 916], [57, 916], [58, 917], [57, 918], [56, 918], [57, 919], [58, 919], [58, 918], [58, 917], [58, 916], [58, 915], [57, 914], [57, 913], [57, 912], [58, 911], [59, 911], [60, 911], [59, 911], [58, 911], [57, 911], [56, 911], [55, 911], [54, 911], [53, 911], [52, 911], [51, 910], [50, 910], [49, 910], [48, 910], [47, 910], [46, 910], [45, 910], [44, 910], [43, 910], [42, 910], [41, 910], [40, 909], [39, 909], [38, 909], [37, 908], [36, 907], [36, 906], [35, 905], [35, 904], [35, 903], [34, 903], [33, 902], [32, 902], [31, 901], [31, 900], [30, 900]]]]","[[], 40]"
41,41,"[[[340, 816]], [[339, 817]], [[338, 817]], [[337, 818]], [[336, 818]], [[335, 818]], [[334, 819]], [[333, 820]], [[332, 820]], [[331, 821]], [[330, 821]], [[329, 822]], [[328, 823]], [[327, 823]], [[326, 824]], [[325, 824]], [[324, 825]], [[323, 825]], [[322, 826]], [[321, 826]], [[320, 827]], [[319, 828]], [[320, 829]], [[319, 830]], [[319, 831]], [[318, 832]], [[318, 833]], [[318, 834]], [[318, 835]], [[318, 836]], [[318, 837]], [[318, 838]], [[318, 839]], [[318, 840]], [[318, 841]], [[318, 842]], [[318, 843]], [[319, 844]], [[319, 845]], [[320, 846]], [[320, 847]], [[321, 848]], [[322, 849]], [[322, 850]], [[323, 851]], [[324, 851]], [[325, 851]], [[326, 851]], [[327, 851]], [[328, 851]], [[329, 851]], [[330, 851]], [[331, 850]], [[332, 850]], [[333, 850]], [[334, 849]], [[335, 848]], [[335, 847]], [[336, 846]], [[337, 846]], [[338, 847]], [[338, 848]], [[338, 849]], [[338, 850]], [[339, 851]], [[339, 852]], [[340, 852]], [[341, 853]], [[341, 854]], [[341, 855]], [[340, 856]], [[340, 857]], [[339, 858]], [[339, 859]], [[339, 860]], [[338, 861]], [[338, 862]], [[338, 863]], [[338, 864]], [[337, 865]], [[337, 866]], [[337, 867]], [[336, 868]], [[335, 868]], [[334, 869]], [[333, 869]], [[332, 869]], [[331, 869]], [[330, 869]], [[329, 869]], [[328, 870]], [[327, 871]], [[326, 871]], [[326, 872]], [[326, 873]], [[326, 874]], [[326, 875]], [[326, 876]], [[327, 877]], [[327, 878]], [[327, 879]], [[327, 880]], [[328, 881]], [[328, 882]], [[328, 883]], [[328, 884]], [[329, 884]], [[330, 885]], [[330, 886]], [[331, 887]], [[331, 888]], [[332, 889]], [[332, 890]], [[333, 890]], [[334, 891]], [[335, 891]], [[336, 891]], [[337, 891]], [[338, 892]], [[339, 892]], [[340, 892]], [[341, 892]], [[342, 891]], [[343, 891]], [[344, 891]], [[345, 891]], [[346, 892]], [[347, 892]], [[348, 891]], [[349, 891]], [[350, 891]], [[351, 890]], [[352, 889]], [[353, 889]], [[354, 889]], [[355, 890]], [[356, 889]], [[357, 888]], [[358, 888]], [[359, 888]], [[360, 889]], [[360, 890]], [[360, 891]], [[359, 892]], [[358, 893]], [[358, 894]], [[357, 895]], [[356, 896]], [[356, 897]], [[355, 898]], [[355, 899]], [[354, 900]], [[354, 901]], [[353, 902]], [[352, 903]], [[351, 904]], [[351, 905]], [[351, 906]], [[352, 907]], [[352, 908]], [[352, 909]], [[353, 910]], [[354, 911]], [[355, 912]], [[356, 912]], [[357, 912]], [[358, 912]], [[359, 913]], [[360, 913]], [[361, 913]], [[362, 913]], [[363, 913]], [[364, 913]], [[365, 912]], [[366, 912]], [[367, 911]], [[368, 910]], [[369, 909]], [[370, 908]], [[371, 907]], [[372, 907]], [[373, 907]], [[374, 907]], [[374, 906]], [[375, 905]], [[375, 904]], [[375, 903]], [[376, 902]], [[377, 901]], [[378, 900]], [[378, 899]], [[378, 898]], [[378, 897]], [[377, 896]], [[377, 895]], [[377, 894]], [[377, 893]], [[377, 892]], [[376, 891]], [[377, 890]], [[377, 889]], [[378, 888]], [[378, 887]], [[379, 886]], [[379, 885]], [[380, 884]], [[381, 883]], [[382, 882]], [[383, 881]], [[383, 880]], [[384, 879]], [[385, 878]], [[386, 877]], [[386, 876]], [[386, 875]], [[386, 874]], [[387, 873]], [[388, 872]], [[388, 871]], [[388, 870]], [[389, 869]], [[389, 868]], [[390, 867]], [[389, 866]], [[389, 865]], [[389, 864]], [[388, 863]], [[387, 862]], [[386, 862]], [[385, 862]], [[384, 861]], [[383, 861]], [[382, 861]], [[381, 861]], [[380, 860]], [[379, 859]], [[378, 860]], [[377, 859]], [[376, 859]], [[375, 859]], [[374, 859]], [[373, 858]], [[372, 858]], [[371, 857]], [[372, 856]], [[373, 855]], [[374, 854]], [[375, 854]], [[375, 853]], [[375, 852]], [[375, 851]], [[375, 850]], [[376, 849]], [[376, 848]], [[376, 847]], [[375, 846]], [[374, 845]], [[373, 844]], [[373, 843]], [[373, 842]], [[372, 841]], [[371, 841]], [[370, 841]], [[369, 840]], [[368, 840]], [[367, 839]], [[366, 839]], [[365, 838]], [[364, 838]], [[363, 837]], [[362, 837]], [[361, 837]], [[360, 837]], [[359, 837]], [[358, 838]], [[357, 838]], [[356, 838]], [[355, 838]], [[354, 838]], [[353, 838]], [[352, 838]], [[351, 838]], [[350, 838]], [[349, 837]], [[348, 836]], [[348, 835]], [[348, 834]], [[348, 833]], [[348, 832]], [[348, 831]], [[348, 830]], [[347, 829]], [[348, 828]], [[348, 827]], [[348, 826]], [[348, 825]], [[348, 824]], [[349, 823]], [[349, 822]], [[350, 821]], [[350, 820]], [[349, 819]], [[349, 818]], [[349, 817]], [[348, 817]], [[347, 816]], [[346, 816]], [[345, 816]], [[344, 816]], [[343, 816]], [[342, 816]], [[341, 816]]]","[[[[312, 820], [312, 821], [312, 822], [313, 823], [313, 824], [314, 824], [315, 824], [316, 825], [316, 826], [317, 827], [318, 828], [319, 827], [320, 826], [321, 825], [322, 825], [323, 824], [322, 824], [321, 824], [320, 824], [319, 825], [318, 825], [317, 826], [316, 825], [316, 824], [316, 823], [317, 822], [318, 822], [317, 822], [316, 822], [315, 821], [314, 821], [313, 821]]], [[[314, 830], [313, 831], [312, 832], [312, 833], [312, 834], [312, 835], [313, 836], [312, 837], [311, 838], [311, 839], [311, 840], [311, 841], [311, 842], [312, 843], [313, 844], [313, 845], [314, 846], [315, 846], [316, 846], [317, 847], [316, 848], [315, 849], [315, 850], [315, 851], [316, 851], [316, 850], [316, 849], [316, 848], [317, 847], [318, 848], [319, 849], [319, 850], [320, 850], [321, 850], [322, 851], [322, 852], [322, 853], [323, 853], [324, 853], [324, 852], [323, 852], [322, 851], [321, 850], [321, 849], [320, 848], [319, 847], [319, 846], [318, 845], [318, 844], [317, 843], [317, 842], [317, 841], [317, 840], [317, 839], [317, 838], [316, 839], [315, 838], [315, 837], [314, 836], [313, 835], [313, 834], [313, 833], [314, 832], [315, 831]]], [], [[[342, 892], [342, 893], [341, 894], [342, 895], [342, 896], [341, 897], [340, 897], [339, 898], [340, 899], [340, 900], [340, 901], [340, 902], [341, 903], [341, 904], [340, 905], [340, 906], [341, 907], [342, 906], [341, 905], [342, 904], [342, 903], [341, 902], [341, 901], [341, 900], [341, 899], [341, 898], [342, 897], [343, 897], [344, 897], [345, 897], [345, 896], [344, 895], [344, 894], [343, 893], [343, 892]]]]","[41, 42, [], 43]"
42,42,"[[[716, 799]], [[715, 800]], [[714, 800]], [[713, 800]], [[712, 801]], [[711, 801]], [[711, 802]], [[710, 803]], [[709, 804]], [[708, 805]], [[707, 805]], [[706, 805]], [[705, 806]], [[704, 807]], [[703, 808]], [[702, 809]], [[702, 810]], [[701, 811]], [[701, 812]], [[700, 813]], [[701, 814]], [[701, 815]], [[701, 816]], [[702, 817]], [[703, 817]], [[704, 817]], [[705, 817]], [[706, 818]], [[707, 818]], [[708, 818]], [[709, 818]], [[710, 818]], [[711, 818]], [[712, 819]], [[713, 820]], [[714, 821]], [[715, 822]], [[716, 823]], [[717, 824]], [[718, 824]], [[719, 825]], [[720, 826]], [[720, 827]], [[719, 828]], [[720, 827]], [[721, 826]], [[722, 827]], [[723, 826]], [[724, 826]], [[725, 826]], [[726, 826]], [[727, 827]], [[726, 828]], [[725, 829]], [[726, 829]], [[727, 829]], [[728, 829]], [[729, 830]], [[730, 831]], [[730, 832]], [[731, 832]], [[732, 833]], [[733, 833]], [[734, 834]], [[735, 834]], [[734, 834]], [[733, 833]], [[734, 832]], [[735, 832]], [[736, 832]], [[737, 832]], [[738, 831]], [[739, 831]], [[740, 831]], [[741, 831]], [[742, 831]], [[743, 831]], [[744, 830]], [[745, 830]], [[746, 830]], [[747, 829]], [[747, 828]], [[747, 827]], [[747, 826]], [[747, 825]], [[748, 824]], [[748, 823]], [[748, 822]], [[748, 821]], [[748, 820]], [[748, 819]], [[748, 818]], [[748, 817]], [[749, 816]], [[750, 816]], [[751, 815]], [[751, 814]], [[751, 813]], [[751, 812]], [[751, 811]], [[752, 810]], [[752, 809]], [[752, 808]], [[752, 807]], [[752, 806]], [[752, 805]], [[751, 804]], [[750, 803]], [[749, 803]], [[748, 803]], [[747, 802]], [[746, 802]], [[745, 802]], [[744, 802]], [[743, 802]], [[742, 803]], [[741, 804]], [[741, 805]], [[741, 806]], [[740, 807]], [[739, 808]], [[738, 809]], [[737, 809]], [[736, 808]], [[735, 807]], [[735, 806]], [[734, 805]], [[733, 804]], [[732, 803]], [[731, 803]], [[730, 802]], [[729, 801]], [[728, 801]], [[727, 800]], [[726, 800]], [[725, 800]], [[724, 800]], [[723, 800]], [[722, 800]], [[721, 801]], [[720, 800]], [[719, 800]], [[718, 800]], [[717, 799]]]","[[], [[[707, 799], [706, 800], [706, 801], [707, 802], [707, 803], [706, 804], [705, 804], [704, 804], [703, 804], [702, 804], [701, 805], [701, 806], [701, 807], [701, 808], [700, 809], [700, 810], [699, 811], [699, 812], [700, 812], [700, 811], [701, 810], [701, 809], [702, 808], [703, 807], [704, 806], [705, 805], [706, 804], [707, 804], [708, 804], [709, 803], [710, 802], [710, 801], [709, 801], [708, 800]]], [[[747, 830], [746, 831], [745, 832], [744, 831], [743, 832], [743, 833], [742, 834], [741, 833], [740, 832], [739, 832], [738, 832], [739, 833], [740, 833], [741, 834], [741, 835], [741, 836], [742, 836], [743, 836], [744, 835], [745, 835], [746, 835], [747, 836], [747, 837], [747, 838], [748, 839], [748, 840], [748, 841], [749, 840], [750, 840], [751, 841], [752, 841], [752, 840], [752, 839], [751, 839], [750, 839], [749, 839], [748, 838], [748, 837], [748, 836], [749, 835], [750, 835], [751, 835], [752, 835], [753, 835], [753, 834], [752, 834], [751, 833], [751, 832], [751, 831], [751, 830], [750, 830], [749, 830], [748, 830]]], [[[756, 809], [756, 810], [756, 811], [757, 812], [756, 813], [755, 813], [754, 813], [753, 812], [752, 812], [752, 813], [753, 814], [753, 815], [752, 816], [752, 817], [752, 818], [753, 818], [754, 817], [755, 818], [756, 817], [757, 816], [758, 815], [759, 815], [760, 816], [761, 817], [762, 818], [762, 819], [763, 819], [764, 819], [765, 819], [766, 819], [767, 819], [768, 819], [767, 818], [766, 818], [765, 817], [764, 816], [763, 816], [762, 815], [761, 815], [760, 814], [759, 814], [758, 813], [757, 812], [757, 811], [757, 810], [757, 809]]]]","[[], 44, 45, 46]"
43,43,"[[[378, 789]], [[377, 790]], [[376, 791]], [[375, 792]], [[374, 792]], [[373, 793]], [[372, 793]], [[372, 794]], [[371, 795]], [[370, 796]], [[369, 797]], [[369, 798]], [[368, 799]], [[367, 800]], [[366, 800]], [[365, 801]], [[364, 801]], [[363, 801]], [[362, 801]], [[361, 801]], [[360, 801]], [[360, 802]], [[360, 803]], [[360, 804]], [[359, 805]], [[358, 806]], [[357, 807]], [[356, 807]], [[356, 808]], [[356, 809]], [[355, 810]], [[354, 811]], [[354, 812]], [[355, 812]], [[356, 812]], [[357, 812]], [[358, 812]], [[359, 813]], [[360, 814]], [[360, 815]], [[360, 816]], [[361, 817]], [[362, 818]], [[363, 819]], [[364, 818]], [[365, 818]], [[366, 818]], [[367, 818]], [[368, 818]], [[369, 818]], [[370, 817]], [[371, 817]], [[372, 817]], [[373, 816]], [[374, 815]], [[375, 815]], [[376, 814]], [[377, 813]], [[377, 812]], [[377, 811]], [[378, 810]], [[379, 810]], [[380, 809]], [[381, 808]], [[382, 807]], [[383, 806]], [[384, 805]], [[384, 804]], [[385, 803]], [[386, 802]], [[386, 801]], [[386, 800]], [[387, 799]], [[387, 798]], [[387, 797]], [[387, 796]], [[387, 795]], [[387, 794]], [[387, 793]], [[387, 792]], [[387, 791]], [[386, 791]], [[385, 790]], [[384, 790]], [[383, 790]], [[382, 790]], [[381, 789]], [[380, 789]], [[379, 789]]]","[[], [[[374, 816], [373, 817], [372, 818], [371, 819], [371, 820], [370, 821], [369, 821], [368, 821], [367, 820], [366, 820], [365, 820], [365, 821], [366, 822], [367, 822], [368, 822], [369, 822], [370, 821], [371, 820], [372, 820], [373, 819], [374, 820], [374, 821], [375, 821], [376, 821], [377, 821], [378, 821], [377, 820], [376, 820], [375, 820], [374, 819], [374, 818], [374, 817]]], [[[381, 809], [380, 810], [379, 811], [378, 811], [378, 812], [379, 812], [380, 812], [381, 811], [382, 810], [383, 809], [384, 810], [385, 811], [385, 812], [385, 813], [384, 814], [384, 815], [385, 815], [385, 814], [385, 813], [385, 812], [386, 811], [386, 810], [386, 809], [385, 809], [384, 810], [383, 809], [382, 809]]]]","[[], 47, 48]"
44,44,"[[[242, 789]], [[241, 790]], [[241, 791]], [[241, 792]], [[241, 793]], [[241, 794]], [[241, 795]], [[241, 796]], [[240, 797]], [[240, 798]], [[240, 799]], [[240, 800]], [[240, 801]], [[240, 802]], [[240, 803]], [[239, 804]], [[238, 804]], [[237, 804]], [[236, 805]], [[235, 804]], [[235, 803]], [[235, 802]], [[235, 801]], [[235, 800]], [[236, 799]], [[236, 798]], [[236, 797]], [[236, 796]], [[235, 797]], [[234, 797]], [[233, 796]], [[232, 796]], [[231, 795]], [[230, 795]], [[229, 796]], [[228, 796]], [[228, 797]], [[227, 798]], [[227, 799]], [[227, 800]], [[226, 801]], [[225, 801]], [[224, 800]], [[223, 799]], [[223, 798]], [[222, 798]], [[221, 798]], [[220, 798]], [[219, 799]], [[218, 799]], [[217, 799]], [[216, 798]], [[215, 798]], [[214, 798]], [[213, 799]], [[212, 799]], [[212, 800]], [[212, 801]], [[212, 802]], [[211, 803]], [[211, 804]], [[211, 805]], [[211, 806]], [[211, 807]], [[211, 808]], [[211, 809]], [[211, 810]], [[211, 811]], [[210, 812]], [[210, 813]], [[209, 814]], [[210, 815]], [[210, 816]], [[210, 817]], [[210, 818]], [[210, 819]], [[210, 820]], [[210, 821]], [[209, 822]], [[209, 823]], [[208, 824]], [[209, 825]], [[210, 826]], [[211, 825]], [[212, 824]], [[213, 823]], [[214, 823]], [[215, 823]], [[216, 822]], [[217, 822]], [[218, 822]], [[219, 822]], [[220, 822]], [[221, 821]], [[222, 821]], [[222, 820]], [[223, 819]], [[224, 818]], [[224, 817]], [[225, 816]], [[225, 815]], [[225, 814]], [[226, 813]], [[227, 814]], [[228, 814]], [[229, 815]], [[228, 816]], [[229, 816]], [[230, 816]], [[231, 815]], [[232, 815]], [[231, 814]], [[232, 813]], [[232, 812]], [[233, 811]], [[233, 810]], [[234, 809]], [[234, 808]], [[235, 807]], [[236, 807]], [[237, 808]], [[238, 809]], [[238, 810]], [[238, 811]], [[238, 812]], [[238, 813]], [[238, 814]], [[238, 815]], [[238, 816]], [[238, 817]], [[238, 818]], [[238, 819]], [[238, 820]], [[238, 821]], [[238, 822]], [[238, 823]], [[238, 824]], [[238, 825]], [[238, 826]], [[239, 827]], [[239, 828]], [[239, 829]], [[239, 830]], [[239, 831]], [[239, 832]], [[240, 833]], [[240, 834]], [[240, 835]], [[240, 836]], [[240, 837]], [[239, 838]], [[240, 839]], [[240, 840]], [[240, 841]], [[241, 842]], [[241, 843]], [[242, 844]], [[242, 845]], [[242, 846]], [[242, 847]], [[242, 848]], [[242, 849]], [[243, 850]], [[244, 851]], [[245, 852]], [[246, 852]], [[247, 853]], [[248, 854]], [[249, 854]], [[250, 854]], [[251, 854]], [[252, 854]], [[253, 855]], [[254, 855]], [[255, 855]], [[256, 855]], [[257, 854]], [[258, 854]], [[259, 854]], [[260, 854]], [[261, 854]], [[262, 854]], [[263, 854]], [[264, 853]], [[265, 853]], [[266, 852]], [[267, 852]], [[268, 851]], [[269, 850]], [[270, 850]], [[271, 850]], [[272, 849]], [[273, 849]], [[274, 848]], [[275, 848]], [[276, 847]], [[277, 846]], [[278, 846]], [[279, 845]], [[280, 844]], [[281, 843]], [[282, 842]], [[283, 841]], [[284, 841]], [[285, 840]], [[285, 839]], [[285, 838]], [[286, 837]], [[287, 836]], [[288, 835]], [[288, 834]], [[289, 833]], [[290, 832]], [[291, 831]], [[291, 830]], [[292, 829]], [[293, 828]], [[293, 827]], [[294, 826]], [[294, 825]], [[294, 824]], [[294, 823]], [[294, 822]], [[295, 821]], [[295, 820]], [[295, 819]], [[295, 818]], [[295, 817]], [[296, 816]], [[296, 815]], [[296, 814]], [[297, 813]], [[297, 812]], [[297, 811]], [[297, 810]], [[297, 809]], [[297, 808]], [[297, 807]], [[297, 806]], [[296, 805]], [[296, 804]], [[295, 803]], [[294, 802]], [[293, 801]], [[292, 800]], [[291, 799]], [[290, 798]], [[289, 797]], [[288, 796]], [[287, 795]], [[286, 794]], [[285, 794]], [[284, 794]], [[283, 793]], [[282, 793]], [[281, 793]], [[280, 794]], [[279, 793]], [[278, 793]], [[277, 793]], [[276, 793]], [[275, 793]], [[274, 793]], [[273, 793]], [[272, 793]], [[271, 793]], [[270, 793]], [[269, 792]], [[268, 792]], [[267, 791]], [[266, 791]], [[265, 791]], [[264, 791]], [[263, 791]], [[262, 790]], [[261, 791]], [[260, 790]], [[259, 790]], [[258, 790]], [[257, 791]], [[256, 790]], [[255, 790]], [[254, 790]], [[253, 790]], [[252, 790]], [[251, 790]], [[250, 790]], [[249, 790]], [[248, 790]], [[247, 790]], [[246, 789]], [[245, 789]], [[244, 789]], [[243, 789]]]","[[], [[[214, 824], [214, 825], [215, 826], [216, 826], [217, 827], [216, 828], [215, 829], [214, 828], [213, 828], [212, 828], [212, 829], [213, 830], [214, 830], [215, 830], [216, 830], [217, 830], [218, 829], [219, 829], [220, 828], [221, 828], [222, 828], [223, 828], [224, 829], [225, 828], [226, 827], [227, 827], [228, 827], [229, 828], [229, 829], [229, 828], [229, 827], [229, 826], [228, 826], [227, 827], [226, 827], [225, 827], [224, 827], [223, 827], [222, 827], [221, 826], [220, 826], [219, 825], [218, 824], [217, 824], [216, 824], [215, 824]]]]","[[], 49]"
45,45,"[[[468, 788]], [[467, 789]], [[466, 789]], [[465, 789]], [[464, 789]], [[464, 790]], [[463, 791]], [[462, 791]], [[461, 791]], [[460, 791]], [[459, 791]], [[458, 791]], [[457, 790]], [[456, 790]], [[455, 791]], [[454, 791]], [[453, 791]], [[452, 791]], [[451, 790]], [[451, 791]], [[451, 792]], [[451, 793]], [[450, 794]], [[449, 794]], [[449, 795]], [[448, 796]], [[448, 797]], [[448, 798]], [[448, 799]], [[447, 800]], [[447, 801]], [[446, 802]], [[446, 803]], [[446, 804]], [[445, 805]], [[445, 806]], [[444, 807]], [[444, 808]], [[443, 809]], [[442, 809]], [[441, 809]], [[440, 809]], [[439, 808]], [[438, 807]], [[437, 807]], [[436, 806]], [[435, 807]], [[434, 808]], [[433, 809]], [[432, 809]], [[431, 810]], [[430, 811]], [[429, 812]], [[428, 813]], [[428, 814]], [[427, 815]], [[426, 815]], [[425, 816]], [[424, 817]], [[423, 818]], [[422, 819]], [[422, 820]], [[421, 821]], [[421, 822]], [[421, 823]], [[421, 824]], [[421, 825]], [[421, 826]], [[421, 827]], [[420, 828]], [[421, 829]], [[421, 830]], [[422, 831]], [[423, 832]], [[423, 833]], [[423, 834]], [[424, 835]], [[424, 836]], [[424, 837]], [[425, 838]], [[425, 839]], [[426, 840]], [[427, 839]], [[428, 839]], [[429, 840]], [[430, 841]], [[430, 842]], [[431, 842]], [[432, 842]], [[433, 842]], [[434, 842]], [[435, 843]], [[435, 844]], [[434, 845]], [[433, 846]], [[433, 847]], [[433, 848]], [[433, 849]], [[432, 850]], [[431, 850]], [[430, 851]], [[429, 851]], [[428, 850]], [[428, 849]], [[427, 848]], [[426, 847]], [[426, 846]], [[425, 845]], [[424, 844]], [[423, 844]], [[422, 844]], [[421, 843]], [[420, 843]], [[419, 843]], [[418, 843]], [[417, 844]], [[417, 845]], [[416, 846]], [[415, 847]], [[414, 848]], [[413, 849]], [[412, 850]], [[411, 850]], [[410, 850]], [[409, 850]], [[408, 850]], [[408, 851]], [[407, 852]], [[406, 852]], [[405, 852]], [[404, 853]], [[403, 853]], [[403, 854]], [[403, 855]], [[403, 856]], [[402, 857]], [[403, 858]], [[403, 859]], [[403, 860]], [[403, 861]], [[404, 862]], [[404, 863]], [[404, 864]], [[404, 865]], [[404, 866]], [[404, 867]], [[404, 868]], [[403, 869]], [[402, 870]], [[401, 870]], [[400, 871]], [[399, 872]], [[398, 873]], [[397, 873]], [[396, 874]], [[395, 874]], [[394, 875]], [[394, 876]], [[394, 877]], [[393, 878]], [[392, 878]], [[392, 879]], [[392, 880]], [[392, 881]], [[392, 882]], [[392, 883]], [[392, 884]], [[392, 885]], [[393, 886]], [[392, 887]], [[391, 888]], [[390, 889]], [[389, 889]], [[388, 890]], [[387, 890]], [[386, 890]], [[386, 891]], [[386, 892]], [[386, 893]], [[386, 894]], [[385, 895]], [[385, 896]], [[385, 897]], [[384, 898]], [[384, 899]], [[384, 900]], [[383, 901]], [[383, 902]], [[383, 903]], [[382, 904]], [[382, 905]], [[382, 906]], [[382, 907]], [[382, 908]], [[382, 909]], [[383, 910]], [[384, 911]], [[385, 911]], [[386, 911]], [[387, 911]], [[388, 911]], [[389, 911]], [[390, 910]], [[391, 910]], [[392, 910]], [[393, 909]], [[394, 908]], [[395, 908]], [[396, 907]], [[397, 906]], [[398, 906]], [[399, 905]], [[399, 904]], [[400, 903]], [[401, 902]], [[401, 901]], [[401, 900]], [[401, 899]], [[401, 898]], [[402, 897]], [[402, 896]], [[402, 895]], [[403, 894]], [[403, 893]], [[403, 892]], [[402, 891]], [[402, 890]], [[402, 889]], [[403, 888]], [[404, 887]], [[405, 886]], [[406, 885]], [[407, 884]], [[408, 884]], [[409, 883]], [[410, 882]], [[411, 881]], [[412, 881]], [[413, 881]], [[414, 881]], [[415, 881]], [[416, 881]], [[417, 880]], [[418, 879]], [[419, 879]], [[419, 878]], [[420, 877]], [[421, 877]], [[422, 877]], [[423, 878]], [[423, 879]], [[422, 880]], [[422, 881]], [[423, 882]], [[423, 883]], [[424, 884]], [[425, 884]], [[426, 884]], [[427, 884]], [[428, 885]], [[429, 885]], [[430, 884]], [[431, 884]], [[432, 884]], [[433, 885]], [[434, 885]], [[435, 886]], [[436, 886]], [[437, 887]], [[438, 888]], [[439, 888]], [[440, 889]], [[441, 889]], [[442, 889]], [[443, 890]], [[443, 891]], [[444, 891]], [[445, 891]], [[446, 891]], [[447, 890]], [[448, 890]], [[449, 889]], [[450, 888]], [[450, 887]], [[450, 886]], [[451, 885]], [[451, 884]], [[452, 883]], [[452, 882]], [[452, 881]], [[453, 880]], [[453, 879]], [[453, 878]], [[452, 877]], [[451, 876]], [[450, 876]], [[449, 876]], [[448, 875]], [[447, 874]], [[446, 874]], [[445, 873]], [[444, 872]], [[443, 871]], [[443, 870]], [[444, 869]], [[445, 869]], [[446, 869]], [[447, 869]], [[448, 868]], [[449, 868]], [[450, 867]], [[451, 866]], [[452, 865]], [[453, 865]], [[454, 864]], [[454, 863]], [[454, 862]], [[454, 861]], [[453, 860]], [[453, 859]], [[452, 859]], [[451, 858]], [[450, 858]], [[449, 858]], [[448, 857]], [[447, 857]], [[446, 856]], [[446, 855]], [[445, 854]], [[444, 853]], [[444, 852]], [[444, 851]], [[443, 850]], [[442, 849]], [[442, 848]], [[442, 847]], [[442, 846]], [[443, 845]], [[444, 845]], [[445, 845]], [[446, 844]], [[447, 844]], [[448, 843]], [[449, 842]], [[450, 841]], [[451, 841]], [[451, 840]], [[452, 839]], [[452, 838]], [[453, 837]], [[454, 836]], [[455, 836]], [[456, 836]], [[457, 837]], [[458, 838]], [[458, 839]], [[458, 840]], [[459, 840]], [[460, 841]], [[461, 841]], [[462, 841]], [[463, 842]], [[464, 842]], [[465, 843]], [[466, 843]], [[467, 844]], [[468, 844]], [[469, 844]], [[470, 844]], [[471, 844]], [[472, 844]], [[473, 845]], [[474, 845]], [[475, 845]], [[476, 844]], [[477, 844]], [[478, 844]], [[479, 844]], [[480, 844]], [[481, 844]], [[482, 844]], [[483, 844]], [[484, 844]], [[485, 844]], [[486, 844]], [[487, 844]], [[488, 844]], [[489, 844]], [[490, 844]], [[491, 844]], [[492, 843]], [[493, 843]], [[494, 842]], [[495, 842]], [[496, 841]], [[497, 840]], [[498, 839]], [[499, 838]], [[500, 837]], [[500, 836]], [[500, 835]], [[500, 834]], [[500, 833]], [[500, 832]], [[499, 831]], [[500, 830]], [[500, 829]], [[500, 828]], [[500, 827]], [[499, 826]], [[499, 825]], [[498, 825]], [[497, 824]], [[497, 823]], [[497, 822]], [[496, 821]], [[497, 820]], [[497, 819]], [[496, 818]], [[495, 817]], [[495, 816]], [[495, 815]], [[495, 814]], [[495, 813]], [[494, 812]], [[494, 811]], [[493, 810]], [[493, 809]], [[492, 808]], [[491, 808]], [[490, 807]], [[489, 806]], [[488, 805]], [[487, 804]], [[486, 803]], [[485, 802]], [[484, 801]], [[484, 800]], [[484, 799]], [[484, 798]], [[484, 797]], [[483, 796]], [[483, 795]], [[482, 794]], [[481, 793]], [[480, 792]], [[479, 791]], [[478, 790]], [[477, 789]], [[476, 789]], [[475, 788]], [[474, 788]], [[473, 788]], [[472, 788]], [[471, 788]], [[470, 788]], [[469, 788]]]","[[], [[[451, 782], [451, 783], [451, 784], [450, 785], [449, 786], [449, 787], [449, 788], [449, 789], [449, 790], [449, 791], [448, 792], [447, 792], [446, 792], [445, 792], [444, 792], [443, 792], [443, 793], [443, 794], [443, 795], [444, 794], [445, 793], [446, 793], [447, 794], [448, 794], [449, 793], [450, 793], [450, 792], [450, 791], [450, 790], [450, 789], [450, 788], [450, 787], [450, 786], [451, 785], [452, 784], [453, 783], [453, 782], [452, 782]]], [[[407, 885], [406, 886], [405, 887], [404, 888], [403, 889], [404, 890], [403, 891], [404, 892], [404, 893], [404, 894], [403, 895], [403, 896], [403, 897], [403, 898], [404, 898], [405, 899], [405, 900], [406, 901], [407, 901], [408, 900], [409, 899], [410, 899], [410, 898], [409, 898], [408, 898], [407, 898], [406, 897], [405, 896], [405, 895], [404, 894], [405, 893], [405, 892], [405, 891], [406, 890], [406, 889], [407, 888], [408, 887], [408, 886], [408, 885]]], [[[454, 837], [453, 838], [453, 839], [452, 840], [452, 841], [451, 842], [450, 842], [449, 843], [448, 844], [447, 845], [446, 846], [446, 847], [445, 848], [444, 848], [443, 847], [443, 848], [443, 849], [444, 849], [445, 850], [446, 850], [447, 851], [446, 852], [445, 852], [445, 853], [446, 853], [447, 854], [447, 853], [448, 852], [448, 851], [447, 851], [446, 850], [447, 849], [448, 848], [448, 847], [448, 846], [449, 845], [450, 844], [451, 844], [452, 844], [453, 845], [453, 846], [453, 847], [453, 848], [453, 849], [453, 850], [453, 851], [453, 852], [453, 853], [452, 854], [451, 855], [450, 855], [450, 856], [451, 856], [452, 856], [453, 856], [454, 855], [454, 854], [455, 853], [456, 853], [457, 853], [458, 853], [457, 852], [456, 852], [455, 852], [454, 852], [453, 851], [453, 850], [453, 849], [453, 848], [453, 847], [453, 846], [453, 845], [452, 844], [452, 843], [451, 842], [452, 841], [453, 840], [454, 840], [455, 840], [456, 841], [455, 842], [455, 843], [456, 842], [457, 842], [457, 841], [457, 840], [457, 839], [457, 838], [456, 837], [455, 837]]]]","[[], 50, 51, 52]"
46,46,"[[[356, 782]], [[356, 783]], [[356, 784]], [[355, 785]], [[354, 785]], [[355, 786]], [[355, 787]], [[355, 788]], [[354, 789]], [[354, 790]], [[354, 791]], [[354, 792]], [[355, 793]], [[355, 794]], [[356, 795]], [[356, 796]], [[357, 797]], [[358, 798]], [[359, 799]], [[360, 798]], [[361, 798]], [[362, 797]], [[362, 796]], [[363, 795]], [[363, 794]], [[363, 793]], [[362, 792]], [[362, 791]], [[362, 790]], [[362, 789]], [[362, 788]], [[361, 787]], [[360, 786]], [[359, 785]], [[358, 785]], [[357, 784]], [[356, 783]]]",[[]],[]
47,47,"[[[414, 780]], [[413, 781]], [[412, 782]], [[411, 783]], [[411, 784]], [[410, 785]], [[409, 786]], [[410, 787]], [[410, 788]], [[410, 789]], [[411, 789]], [[412, 790]], [[412, 791]], [[412, 792]], [[412, 793]], [[412, 794]], [[413, 795]], [[413, 796]], [[413, 797]], [[414, 798]], [[414, 799]], [[414, 800]], [[415, 801]], [[416, 801]], [[417, 802]], [[418, 803]], [[419, 803]], [[420, 804]], [[421, 804]], [[422, 803]], [[423, 803]], [[424, 804]], [[425, 804]], [[426, 804]], [[427, 803]], [[428, 803]], [[429, 802]], [[430, 802]], [[431, 802]], [[432, 802]], [[433, 802]], [[434, 801]], [[435, 801]], [[435, 800]], [[435, 799]], [[436, 798]], [[437, 797]], [[438, 798]], [[439, 798]], [[439, 797]], [[440, 796]], [[441, 795]], [[441, 794]], [[442, 793]], [[442, 792]], [[441, 791]], [[441, 790]], [[441, 789]], [[441, 788]], [[440, 788]], [[439, 787]], [[438, 787]], [[437, 788]], [[436, 788]], [[435, 787]], [[434, 786]], [[434, 785]], [[433, 785]], [[432, 785]], [[431, 785]], [[430, 784]], [[429, 784]], [[428, 783]], [[427, 783]], [[426, 783]], [[425, 783]], [[424, 782]], [[423, 782]], [[422, 782]], [[421, 782]], [[420, 782]], [[419, 781]], [[418, 781]], [[417, 781]], [[416, 781]], [[415, 780]]]","[[[[419, 774], [418, 775], [417, 776], [416, 776], [415, 777], [414, 778], [414, 779], [415, 779], [416, 780], [417, 780], [418, 780], [419, 780], [420, 781], [421, 781], [422, 781], [423, 781], [424, 781], [425, 782], [426, 782], [427, 781], [426, 780], [425, 780], [424, 780], [423, 780], [422, 780], [421, 780], [420, 780], [419, 779], [418, 778], [419, 777], [420, 776], [421, 776], [422, 776], [422, 775], [423, 774], [424, 774], [423, 774], [422, 774], [421, 774], [420, 774]]], [], [[[451, 782], [451, 783], [451, 784], [450, 785], [449, 786], [449, 787], [449, 788], [449, 789], [449, 790], [449, 791], [448, 792], [447, 792], [446, 792], [445, 792], [444, 792], [443, 792], [443, 793], [443, 794], [443, 795], [444, 794], [445, 793], [446, 793], [447, 794], [448, 794], [449, 793], [450, 793], [450, 792], [450, 791], [450, 790], [450, 789], [450, 788], [450, 787], [450, 786], [451, 785], [452, 784], [453, 783], [453, 782], [452, 782]]], [[[439, 751], [438, 752], [438, 753], [438, 754], [438, 755], [437, 756], [436, 756], [436, 757], [436, 758], [436, 759], [435, 760], [435, 761], [435, 762], [435, 763], [435, 764], [436, 765], [436, 766], [436, 767], [436, 768], [436, 769], [436, 770], [436, 771], [436, 772], [436, 773], [437, 774], [438, 775], [438, 776], [437, 777], [436, 776], [435, 777], [434, 778], [434, 779], [434, 780], [433, 781], [432, 782], [431, 783], [430, 783], [431, 784], [432, 784], [433, 784], [434, 784], [434, 783], [435, 782], [435, 781], [436, 780], [437, 779], [437, 778], [437, 777], [438, 776], [439, 776], [439, 775], [438, 774], [438, 773], [438, 772], [437, 771], [437, 770], [436, 769], [437, 768], [437, 767], [436, 766], [437, 765], [437, 764], [437, 763], [437, 762], [437, 761], [437, 760], [438, 759], [438, 758], [438, 757], [439, 756], [439, 755], [439, 754], [439, 753], [439, 752]]]]","[53, [], 50, 55]"
48,48,"[[[314, 767]], [[314, 768]], [[313, 769]], [[312, 770]], [[312, 771]], [[311, 772]], [[310, 773]], [[310, 774]], [[310, 775]], [[310, 776]], [[311, 777]], [[312, 777]], [[313, 778]], [[313, 779]], [[313, 780]], [[313, 781]], [[312, 782]], [[312, 783]], [[313, 784]], [[313, 785]], [[313, 786]], [[313, 787]], [[313, 788]], [[314, 789]], [[315, 789]], [[316, 789]], [[317, 788]], [[318, 789]], [[319, 789]], [[320, 790]], [[321, 790]], [[322, 790]], [[323, 790]], [[324, 789]], [[324, 788]], [[325, 787]], [[326, 787]], [[327, 786]], [[326, 785]], [[326, 784]], [[326, 783]], [[325, 782]], [[325, 781]], [[325, 780]], [[325, 779]], [[325, 778]], [[325, 777]], [[325, 776]], [[326, 775]], [[327, 775]], [[326, 774]], [[326, 773]], [[326, 772]], [[326, 771]], [[325, 770]], [[324, 769]], [[323, 768]], [[322, 768]], [[321, 767]], [[320, 767]], [[319, 767]], [[318, 767]], [[317, 767]], [[316, 767]], [[315, 767]]]","[[[[322, 764], [321, 765], [320, 765], [319, 765], [318, 765], [317, 765], [316, 765], [315, 765], [314, 765], [313, 765], [313, 766], [314, 766], [315, 766], [316, 766], [317, 766], [318, 766], [319, 766], [320, 766], [321, 766], [322, 767], [323, 767], [324, 768], [325, 769], [326, 770], [327, 771], [327, 772], [327, 773], [327, 774], [328, 774], [329, 773], [329, 772], [329, 771], [328, 770], [327, 770], [326, 769], [327, 768], [327, 767], [328, 766], [329, 766], [330, 766], [331, 766], [332, 765], [331, 765], [330, 765], [329, 765], [328, 766], [327, 766], [326, 766], [325, 766], [324, 765], [323, 764]]], []]","[56, []]"
49,49,"[[[722, 766]], [[721, 767]], [[720, 767]], [[719, 768]], [[719, 769]], [[718, 770]], [[718, 771]], [[718, 772]], [[717, 773]], [[717, 774]], [[717, 775]], [[717, 776]], [[716, 777]], [[715, 778]], [[715, 779]], [[715, 780]], [[715, 781]], [[716, 782]], [[716, 783]], [[717, 784]], [[718, 785]], [[719, 785]], [[720, 786]], [[721, 786]], [[722, 786]], [[723, 787]], [[724, 787]], [[725, 787]], [[726, 787]], [[727, 786]], [[728, 786]], [[729, 786]], [[730, 785]], [[731, 785]], [[732, 784]], [[733, 784]], [[734, 784]], [[735, 785]], [[736, 785]], [[737, 785]], [[738, 784]], [[739, 783]], [[740, 782]], [[741, 782]], [[741, 781]], [[741, 780]], [[741, 779]], [[740, 778]], [[740, 777]], [[739, 776]], [[738, 775]], [[737, 774]], [[737, 773]], [[737, 772]], [[737, 771]], [[736, 770]], [[735, 770]], [[734, 770]], [[733, 769]], [[732, 769]], [[731, 768]], [[730, 768]], [[729, 767]], [[728, 767]], [[727, 767]], [[726, 767]], [[725, 766]], [[724, 766]], [[723, 766]]]","[[[[720, 765], [719, 766], [718, 767], [717, 768], [716, 768], [715, 768], [714, 768], [714, 769], [714, 770], [715, 771], [715, 772], [714, 773], [714, 774], [713, 775], [713, 776], [712, 777], [711, 778], [711, 779], [712, 779], [713, 779], [714, 779], [714, 778], [715, 777], [716, 776], [716, 775], [716, 774], [716, 773], [717, 772], [717, 771], [717, 770], [718, 769], [718, 768], [719, 767], [720, 766], [721, 766], [722, 765], [723, 765], [722, 765], [721, 765]]], []]","[57, []]"
50,50,"[[[440, 755]], [[440, 756]], [[439, 757]], [[439, 758]], [[439, 759]], [[438, 760]], [[438, 761]], [[438, 762]], [[438, 763]], [[438, 764]], [[438, 765]], [[438, 766]], [[438, 767]], [[438, 768]], [[438, 769]], [[438, 770]], [[438, 771]], [[439, 772]], [[439, 773]], [[439, 774]], [[440, 775]], [[440, 776]], [[441, 777]], [[441, 778]], [[442, 779]], [[442, 780]], [[442, 781]], [[443, 782]], [[443, 783]], [[443, 784]], [[443, 785]], [[444, 786]], [[445, 786]], [[446, 786]], [[447, 786]], [[448, 787]], [[448, 786]], [[449, 785]], [[450, 784]], [[450, 783]], [[450, 782]], [[451, 781]], [[451, 780]], [[450, 779]], [[450, 778]], [[450, 777]], [[451, 776]], [[451, 775]], [[451, 774]], [[451, 773]], [[451, 772]], [[451, 771]], [[451, 770]], [[451, 769]], [[451, 768]], [[451, 767]], [[451, 766]], [[451, 765]], [[451, 764]], [[451, 763]], [[450, 762]], [[449, 761]], [[448, 761]], [[447, 760]], [[447, 759]], [[446, 759]], [[445, 758]], [[444, 757]], [[443, 757]], [[442, 756]], [[441, 756]]]","[[[[439, 751], [438, 752], [438, 753], [438, 754], [438, 755], [437, 756], [436, 756], [436, 757], [436, 758], [436, 759], [435, 760], [435, 761], [435, 762], [435, 763], [435, 764], [436, 765], [436, 766], [436, 767], [436, 768], [436, 769], [436, 770], [436, 771], [436, 772], [436, 773], [437, 774], [438, 775], [438, 776], [437, 777], [436, 776], [435, 777], [434, 778], [434, 779], [434, 780], [433, 781], [432, 782], [431, 783], [430, 783], [431, 784], [432, 784], [433, 784], [434, 784], [434, 783], [435, 782], [435, 781], [436, 780], [437, 779], [437, 778], [437, 777], [438, 776], [439, 776], [439, 775], [438, 774], [438, 773], [438, 772], [437, 771], [437, 770], [436, 769], [437, 768], [437, 767], [436, 766], [437, 765], [437, 764], [437, 763], [437, 762], [437, 761], [437, 760], [438, 759], [438, 758], [438, 757], [439, 756], [439, 755], [439, 754], [439, 753], [439, 752]]], [], [[[451, 782], [451, 783], [451, 784], [450, 785], [449, 786], [449, 787], [449, 788], [449, 789], [449, 790], [449, 791], [448, 792], [447, 792], [446, 792], [445, 792], [444, 792], [443, 792], [443, 793], [443, 794], [443, 795], [444, 794], [445, 793], [446, 793], [447, 794], [448, 794], [449, 793], [450, 793], [450, 792], [450, 791], [450, 790], [450, 789], [450, 788], [450, 787], [450, 786], [451, 785], [452, 784], [453, 783], [453, 782], [452, 782]]]]","[55, [], 50]"
51,51,"[[[94, 737]], [[93, 738]], [[92, 738]], [[91, 738]], [[90, 738]], [[89, 738]], [[88, 739]], [[87, 739]], [[86, 739]], [[85, 739]], [[84, 739]], [[83, 739]], [[83, 740]], [[82, 741]], [[81, 741]], [[80, 742]], [[79, 742]], [[78, 743]], [[78, 744]], [[77, 745]], [[76, 746]], [[76, 747]], [[76, 748]], [[75, 749]], [[74, 750]], [[73, 751]], [[73, 752]], [[73, 753]], [[73, 754]], [[73, 755]], [[74, 756]], [[74, 757]], [[74, 758]], [[74, 759]], [[75, 760]], [[75, 761]], [[75, 762]], [[75, 763]], [[76, 764]], [[77, 765]], [[77, 766]], [[78, 766]], [[79, 767]], [[80, 768]], [[79, 769]], [[78, 769]], [[77, 768]], [[76, 768]], [[75, 768]], [[74, 769]], [[73, 770]], [[72, 770]], [[71, 770]], [[70, 771]], [[69, 771]], [[68, 771]], [[67, 772]], [[66, 772]], [[65, 772]], [[64, 771]], [[63, 770]], [[62, 770]], [[61, 770]], [[60, 770]], [[59, 770]], [[58, 769]], [[57, 770]], [[56, 770]], [[55, 770]], [[54, 770]], [[53, 770]], [[52, 771]], [[51, 772]], [[50, 772]], [[49, 773]], [[48, 774]], [[48, 775]], [[47, 776]], [[46, 777]], [[45, 778]], [[44, 779]], [[44, 780]], [[44, 781]], [[43, 782]], [[43, 783]], [[43, 784]], [[43, 785]], [[43, 786]], [[43, 787]], [[43, 788]], [[42, 789]], [[42, 790]], [[42, 791]], [[41, 792]], [[41, 793]], [[41, 794]], [[40, 795]], [[40, 796]], [[40, 797]], [[40, 798]], [[41, 799]], [[42, 800]], [[42, 801]], [[43, 802]], [[43, 803]], [[43, 804]], [[43, 805]], [[43, 806]], [[43, 807]], [[43, 808]], [[43, 809]], [[43, 810]], [[44, 811]], [[45, 812]], [[46, 812]], [[47, 812]], [[48, 812]], [[49, 812]], [[50, 812]], [[51, 812]], [[52, 811]], [[53, 811]], [[54, 810]], [[55, 809]], [[56, 809]], [[57, 809]], [[58, 809]], [[59, 808]], [[60, 808]], [[61, 807]], [[62, 806]], [[63, 805]], [[64, 804]], [[65, 803]], [[65, 802]], [[66, 801]], [[67, 801]], [[67, 800]], [[68, 799]], [[69, 798]], [[70, 797]], [[71, 796]], [[72, 795]], [[73, 794]], [[73, 793]], [[74, 792]], [[75, 792]], [[75, 791]], [[75, 790]], [[74, 790]], [[73, 789]], [[73, 788]], [[73, 787]], [[73, 786]], [[73, 785]], [[73, 784]], [[73, 783]], [[73, 782]], [[73, 781]], [[73, 780]], [[74, 779]], [[75, 778]], [[75, 777]], [[75, 776]], [[74, 775]], [[74, 774]], [[75, 773]], [[76, 772]], [[76, 771]], [[76, 770]], [[77, 769]], [[78, 769]], [[79, 770]], [[80, 769]], [[81, 769]], [[82, 770]], [[83, 771]], [[84, 772]], [[85, 773]], [[86, 774]], [[87, 774]], [[88, 774]], [[89, 775]], [[90, 775]], [[91, 775]], [[92, 774]], [[93, 774]], [[94, 774]], [[95, 774]], [[96, 773]], [[97, 773]], [[98, 773]], [[98, 772]], [[99, 771]], [[100, 770]], [[101, 769]], [[102, 769]], [[103, 768]], [[104, 768]], [[105, 767]], [[106, 767]], [[107, 766]], [[107, 765]], [[108, 764]], [[109, 763]], [[110, 762]], [[110, 761]], [[111, 760]], [[111, 759]], [[111, 758]], [[111, 757]], [[111, 756]], [[111, 755]], [[111, 754]], [[111, 753]], [[111, 752]], [[111, 751]], [[111, 750]], [[110, 749]], [[109, 748]], [[108, 747]], [[107, 746]], [[106, 745]], [[106, 744]], [[106, 743]], [[105, 742]], [[104, 741]], [[103, 740]], [[102, 739]], [[101, 739]], [[100, 738]], [[99, 738]], [[98, 738]], [[97, 738]], [[96, 738]], [[95, 737]]]","[[[[69, 727], [70, 728], [71, 728], [72, 729], [73, 730], [73, 731], [74, 732], [75, 732], [76, 733], [77, 733], [78, 734], [79, 734], [80, 734], [81, 735], [82, 736], [82, 737], [81, 738], [81, 739], [82, 739], [82, 738], [82, 737], [83, 736], [84, 736], [85, 737], [86, 737], [87, 737], [88, 737], [89, 737], [90, 737], [91, 737], [92, 737], [93, 737], [94, 736], [95, 736], [96, 736], [97, 736], [98, 737], [99, 737], [100, 737], [101, 738], [102, 738], [102, 737], [101, 737], [100, 736], [99, 736], [98, 736], [97, 736], [96, 736], [95, 736], [94, 735], [93, 735], [92, 735], [91, 736], [90, 736], [89, 736], [88, 736], [87, 735], [86, 735], [85, 734], [84, 734], [83, 733], [82, 733], [81, 732], [80, 732], [79, 731], [78, 731], [77, 731], [76, 731], [75, 730], [74, 729], [73, 728], [72, 728], [71, 728], [70, 728]]], [[[72, 744], [72, 745], [72, 746], [73, 747], [73, 748], [72, 749], [71, 750], [70, 750], [69, 750], [68, 750], [68, 751], [68, 752], [69, 752], [70, 753], [71, 754], [71, 755], [71, 756], [72, 756], [73, 757], [73, 756], [72, 755], [72, 754], [72, 753], [72, 752], [72, 751], [73, 750], [74, 749], [75, 748], [75, 747], [75, 746], [76, 745], [77, 744], [76, 745], [75, 744], [74, 744], [73, 744]]], [], [[[31, 790], [31, 791], [31, 792], [31, 793], [31, 794], [32, 795], [33, 795], [34, 795], [35, 796], [35, 797], [35, 798], [36, 798], [36, 797], [37, 796], [38, 795], [39, 794], [40, 794], [40, 793], [40, 792], [39, 791], [38, 792], [38, 793], [37, 794], [36, 794], [35, 793], [34, 793], [33, 793], [32, 793], [31, 792], [32, 791]]]]","[60, 61, [], 62]"
52,52,"[[[377, 728]], [[376, 729]], [[375, 729]], [[374, 729]], [[373, 729]], [[372, 729]], [[371, 729]], [[370, 729]], [[369, 730]], [[368, 731]], [[367, 732]], [[366, 733]], [[366, 734]], [[365, 735]], [[364, 736]], [[364, 737]], [[364, 738]], [[365, 739]], [[366, 739]], [[367, 740]], [[368, 741]], [[369, 741]], [[370, 742]], [[371, 742]], [[372, 742]], [[373, 743]], [[374, 743]], [[375, 743]], [[376, 743]], [[377, 744]], [[377, 745]], [[378, 745]], [[379, 744]], [[380, 744]], [[381, 744]], [[381, 743]], [[382, 742]], [[383, 741]], [[384, 741]], [[384, 740]], [[384, 739]], [[384, 738]], [[384, 737]], [[384, 736]], [[384, 735]], [[384, 734]], [[384, 733]], [[383, 732]], [[383, 731]], [[382, 730]], [[382, 729]], [[381, 729]], [[380, 728]], [[379, 728]], [[378, 728]]]","[[], [[[378, 746], [378, 747], [378, 748], [378, 749], [378, 750], [377, 751], [377, 752], [376, 753], [375, 754], [374, 755], [373, 756], [372, 756], [371, 756], [370, 756], [369, 757], [368, 758], [368, 759], [368, 760], [369, 760], [370, 759], [371, 758], [372, 758], [373, 758], [374, 758], [375, 758], [376, 758], [377, 757], [378, 757], [379, 757], [380, 756], [381, 755], [381, 754], [380, 753], [380, 752], [381, 751], [382, 750], [382, 749], [383, 748], [383, 747], [382, 747], [381, 747], [380, 746], [379, 746]]], [[[377, 705], [376, 706], [375, 707], [374, 707], [373, 706], [372, 706], [373, 707], [373, 708], [374, 707], [375, 707], [376, 708], [377, 707], [378, 708], [378, 709], [378, 710], [378, 711], [377, 712], [377, 713], [378, 714], [378, 715], [379, 716], [380, 717], [381, 718], [382, 719], [383, 720], [383, 721], [383, 722], [384, 723], [384, 724], [384, 725], [385, 726], [385, 727], [386, 728], [386, 729], [385, 730], [385, 731], [385, 732], [386, 733], [386, 734], [387, 734], [388, 734], [389, 733], [390, 733], [391, 734], [391, 733], [390, 732], [389, 731], [389, 730], [388, 729], [388, 728], [387, 727], [387, 726], [386, 725], [386, 724], [385, 723], [385, 722], [384, 721], [384, 720], [384, 719], [384, 718], [383, 717], [382, 716], [381, 715], [381, 714], [380, 713], [379, 712], [378, 711], [378, 710], [378, 709], [378, 708], [378, 707], [378, 706], [378, 705]]]]","[[], 63, 64]"
53,53,"[[[201, 713]], [[200, 714]], [[199, 714]], [[198, 715]], [[197, 715]], [[196, 716]], [[195, 716]], [[194, 717]], [[193, 718]], [[192, 719]], [[191, 720]], [[190, 721]], [[189, 722]], [[189, 723]], [[188, 724]], [[188, 725]], [[187, 726]], [[186, 727]], [[185, 728]], [[184, 729]], [[183, 729]], [[182, 729]], [[181, 729]], [[180, 729]], [[179, 729]], [[178, 730]], [[177, 731]], [[176, 731]], [[175, 732]], [[174, 733]], [[173, 734]], [[173, 735]], [[173, 736]], [[173, 737]], [[172, 738]], [[172, 739]], [[171, 740]], [[171, 741]], [[170, 742]], [[170, 743]], [[169, 744]], [[168, 745]], [[168, 746]], [[168, 747]], [[167, 748]], [[167, 749]], [[166, 750]], [[165, 751]], [[165, 752]], [[164, 753]], [[163, 754]], [[162, 755]], [[161, 755]], [[160, 755]], [[159, 755]], [[158, 756]], [[157, 756]], [[156, 757]], [[155, 758]], [[154, 759]], [[154, 760]], [[153, 761]], [[153, 762]], [[153, 763]], [[153, 764]], [[154, 765]], [[153, 766]], [[153, 767]], [[154, 768]], [[155, 769]], [[156, 770]], [[157, 771]], [[158, 772]], [[159, 772]], [[160, 772]], [[161, 772]], [[162, 773]], [[163, 773]], [[164, 773]], [[165, 773]], [[166, 774]], [[167, 775]], [[168, 775]], [[169, 776]], [[169, 777]], [[170, 778]], [[170, 779]], [[171, 780]], [[171, 781]], [[171, 782]], [[172, 783]], [[172, 784]], [[171, 785]], [[172, 784]], [[173, 785]], [[174, 786]], [[175, 787]], [[176, 787]], [[177, 788]], [[178, 789]], [[179, 790]], [[180, 791]], [[181, 792]], [[180, 793]], [[179, 793]], [[178, 792]], [[177, 791]], [[176, 791]], [[175, 790]], [[174, 790]], [[173, 790]], [[172, 789]], [[171, 790]], [[170, 790]], [[169, 791]], [[168, 791]], [[167, 792]], [[167, 793]], [[166, 794]], [[165, 793]], [[165, 794]], [[165, 795]], [[165, 796]], [[165, 797]], [[165, 798]], [[165, 799]], [[165, 800]], [[164, 801]], [[164, 802]], [[164, 803]], [[163, 804]], [[163, 805]], [[163, 806]], [[163, 807]], [[162, 808]], [[162, 809]], [[162, 810]], [[162, 811]], [[163, 812]], [[164, 813]], [[164, 814]], [[165, 815]], [[166, 815]], [[167, 816]], [[168, 815]], [[169, 815]], [[170, 815]], [[171, 816]], [[172, 815]], [[173, 814]], [[174, 814]], [[175, 813]], [[176, 813]], [[177, 812]], [[178, 813]], [[179, 813]], [[180, 813]], [[181, 812]], [[182, 812]], [[183, 812]], [[184, 812]], [[185, 813]], [[185, 814]], [[185, 815]], [[186, 814]], [[187, 814]], [[188, 815]], [[188, 816]], [[187, 817]], [[186, 818]], [[185, 818]], [[185, 819]], [[186, 819]], [[187, 820]], [[188, 820]], [[189, 821]], [[189, 822]], [[189, 823]], [[190, 823]], [[190, 822]], [[189, 821]], [[189, 820]], [[189, 819]], [[189, 818]], [[188, 817]], [[188, 816]], [[188, 815]], [[189, 814]], [[190, 813]], [[191, 812]], [[191, 811]], [[191, 810]], [[191, 809]], [[191, 808]], [[191, 807]], [[191, 806]], [[191, 805]], [[191, 804]], [[191, 803]], [[190, 802]], [[189, 801]], [[188, 801]], [[187, 800]], [[186, 799]], [[185, 798]], [[184, 797]], [[184, 796]], [[183, 795]], [[183, 794]], [[184, 793]], [[185, 793]], [[186, 794]], [[187, 794]], [[188, 793]], [[189, 793]], [[190, 793]], [[191, 792]], [[192, 792]], [[193, 791]], [[194, 790]], [[195, 789]], [[195, 788]], [[195, 787]], [[195, 786]], [[196, 785]], [[197, 784]], [[196, 783]], [[195, 783]], [[194, 782]], [[193, 781]], [[193, 780]], [[194, 779]], [[195, 778]], [[196, 778]], [[197, 778]], [[198, 777]], [[198, 776]], [[199, 775]], [[200, 774]], [[200, 773]], [[201, 772]], [[202, 771]], [[203, 771]], [[204, 771]], [[205, 771]], [[206, 771]], [[207, 771]], [[208, 771]], [[209, 770]], [[210, 770]], [[211, 770]], [[211, 769]], [[212, 768]], [[213, 767]], [[214, 767]], [[215, 766]], [[216, 766]], [[216, 765]], [[217, 764]], [[218, 763]], [[219, 762]], [[219, 761]], [[220, 760]], [[221, 759]], [[222, 759]], [[223, 758]], [[223, 757]], [[224, 756]], [[225, 755]], [[226, 754]], [[227, 753]], [[227, 752]], [[228, 751]], [[228, 750]], [[228, 749]], [[228, 748]], [[229, 747]], [[229, 746]], [[230, 745]], [[230, 744]], [[231, 743]], [[231, 742]], [[231, 741]], [[232, 740]], [[232, 739]], [[232, 738]], [[232, 737]], [[232, 736]], [[232, 735]], [[232, 734]], [[232, 733]], [[232, 732]], [[231, 731]], [[230, 730]], [[229, 730]], [[228, 730]], [[227, 729]], [[226, 729]], [[225, 728]], [[224, 727]], [[223, 727]], [[222, 726]], [[221, 725]], [[220, 724]], [[219, 723]], [[218, 722]], [[217, 721]], [[216, 720]], [[215, 719]], [[214, 718]], [[213, 718]], [[212, 717]], [[211, 716]], [[210, 715]], [[209, 714]], [[208, 714]], [[207, 713]], [[206, 713]], [[205, 713]], [[204, 713]], [[203, 713]], [[202, 713]]]","[[], [[[151, 757], [151, 758], [151, 759], [151, 760], [151, 761], [152, 762], [152, 763], [151, 764], [150, 764], [150, 765], [149, 766], [148, 767], [147, 768], [148, 768], [149, 768], [150, 769], [150, 770], [150, 771], [149, 772], [149, 773], [150, 774], [150, 775], [151, 776], [152, 777], [153, 777], [154, 777], [155, 777], [156, 776], [157, 776], [158, 776], [158, 775], [159, 774], [160, 774], [159, 774], [158, 775], [157, 775], [156, 775], [155, 775], [154, 775], [153, 775], [152, 775], [151, 775], [150, 774], [151, 773], [152, 772], [152, 771], [152, 770], [152, 769], [152, 768], [151, 767], [151, 766], [151, 765], [152, 764], [152, 763], [152, 762], [152, 761], [153, 760], [153, 759], [153, 758], [152, 758]]], [[[172, 786], [171, 787], [170, 787], [169, 788], [168, 789], [167, 790], [166, 790], [165, 791], [164, 791], [163, 792], [162, 792], [162, 793], [163, 793], [164, 793], [165, 792], [166, 792], [167, 791], [168, 790], [169, 790], [170, 789], [171, 789], [172, 788], [173, 788], [174, 789], [175, 789], [176, 790], [177, 790], [178, 791], [179, 792], [180, 792], [179, 791], [178, 790], [177, 789], [176, 788], [175, 788], [174, 787], [173, 786]]], [[[194, 797], [194, 798], [194, 799], [194, 800], [194, 801], [193, 802], [193, 803], [192, 804], [192, 805], [192, 806], [192, 807], [192, 808], [192, 809], [193, 810], [193, 811], [192, 812], [191, 813], [190, 814], [189, 815], [189, 816], [189, 817], [190, 818], [190, 819], [190, 820], [190, 821], [191, 822], [192, 822], [193, 821], [194, 820], [195, 820], [196, 821], [196, 822], [196, 823], [197, 824], [198, 824], [198, 823], [199, 822], [200, 821], [200, 820], [200, 819], [201, 818], [202, 818], [201, 818], [200, 817], [199, 816], [199, 815], [199, 814], [199, 813], [198, 812], [198, 811], [198, 810], [198, 809], [198, 808], [197, 809], [196, 810], [195, 809], [194, 809], [193, 808], [194, 807], [194, 806], [194, 805], [193, 804], [194, 803], [195, 803], [195, 802], [195, 801], [196, 800], [197, 800], [197, 799], [196, 798], [196, 797], [195, 797]]]]","[[], 65, 66, 67]"
54,54,"[[[349, 709]], [[348, 710]], [[347, 711]], [[346, 711]], [[345, 712]], [[345, 713]], [[345, 714]], [[345, 715]], [[344, 716]], [[344, 717]], [[344, 718]], [[344, 719]], [[345, 720]], [[344, 721]], [[344, 722]], [[344, 723]], [[344, 724]], [[345, 724]], [[346, 723]], [[347, 724]], [[348, 724]], [[349, 724]], [[350, 725]], [[351, 726]], [[352, 727]], [[353, 728]], [[354, 728]], [[355, 728]], [[356, 729]], [[357, 729]], [[358, 729]], [[359, 729]], [[360, 729]], [[361, 728]], [[362, 728]], [[363, 728]], [[364, 728]], [[365, 728]], [[366, 728]], [[367, 727]], [[368, 727]], [[369, 726]], [[370, 726]], [[371, 725]], [[372, 725]], [[373, 724]], [[373, 723]], [[373, 722]], [[373, 721]], [[373, 720]], [[373, 719]], [[372, 718]], [[372, 717]], [[372, 716]], [[371, 715]], [[371, 714]], [[370, 714]], [[369, 713]], [[368, 713]], [[367, 713]], [[366, 713]], [[365, 713]], [[364, 712]], [[363, 712]], [[362, 711]], [[361, 711]], [[360, 711]], [[359, 711]], [[358, 711]], [[357, 712]], [[356, 712]], [[355, 712]], [[354, 712]], [[353, 712]], [[352, 712]], [[351, 711]], [[350, 711]], [[349, 710]]]","[[], [[[377, 705], [376, 706], [375, 707], [374, 707], [373, 706], [372, 706], [373, 707], [373, 708], [374, 707], [375, 707], [376, 708], [377, 707], [378, 708], [378, 709], [378, 710], [378, 711], [377, 712], [377, 713], [378, 714], [378, 715], [379, 716], [380, 717], [381, 718], [382, 719], [383, 720], [383, 721], [383, 722], [384, 723], [384, 724], [384, 725], [385, 726], [385, 727], [386, 728], [386, 729], [385, 730], [385, 731], [385, 732], [386, 733], [386, 734], [387, 734], [388, 734], [389, 733], [390, 733], [391, 734], [391, 733], [390, 732], [389, 731], [389, 730], [388, 729], [388, 728], [387, 727], [387, 726], [386, 725], [386, 724], [385, 723], [385, 722], [384, 721], [384, 720], [384, 719], [384, 718], [383, 717], [382, 716], [381, 715], [381, 714], [380, 713], [379, 712], [378, 711], [378, 710], [378, 709], [378, 708], [378, 707], [378, 706], [378, 705]]]]","[[], 64]"
55,55,"[[[350, 696]], [[349, 697]], [[348, 697]], [[347, 697]], [[346, 697]], [[346, 698]], [[346, 699]], [[346, 700]], [[346, 701]], [[346, 702]], [[346, 703]], [[347, 704]], [[348, 704]], [[349, 704]], [[350, 704]], [[351, 704]], [[352, 704]], [[353, 704]], [[354, 705]], [[355, 704]], [[356, 704]], [[357, 703]], [[358, 702]], [[359, 701]], [[360, 701]], [[360, 700]], [[359, 699]], [[359, 698]], [[359, 697]], [[359, 696]], [[358, 696]], [[357, 697]], [[356, 696]], [[355, 696]], [[354, 696]], [[353, 696]], [[352, 696]], [[351, 696]]]",[[]],[]
56,56,"[[[76, 694]], [[75, 695]], [[74, 696]], [[73, 697]], [[72, 698]], [[72, 699]], [[72, 700]], [[71, 701]], [[70, 702]], [[69, 703]], [[69, 704]], [[68, 705]], [[67, 706]], [[66, 706]], [[65, 707]], [[64, 708]], [[64, 709]], [[63, 710]], [[62, 711]], [[62, 712]], [[62, 713]], [[61, 714]], [[61, 715]], [[61, 716]], [[61, 717]], [[60, 718]], [[60, 719]], [[60, 720]], [[61, 721]], [[62, 722]], [[63, 723]], [[64, 724]], [[65, 724]], [[66, 725]], [[67, 725]], [[68, 726]], [[69, 726]], [[70, 727]], [[71, 727]], [[72, 727]], [[73, 727]], [[74, 728]], [[75, 729]], [[76, 730]], [[77, 730]], [[78, 730]], [[79, 730]], [[80, 731]], [[81, 731]], [[82, 732]], [[83, 732]], [[84, 733]], [[85, 733]], [[86, 734]], [[87, 734]], [[88, 735]], [[89, 735]], [[90, 734]], [[91, 734]], [[92, 733]], [[93, 733]], [[94, 732]], [[94, 731]], [[95, 730]], [[96, 729]], [[97, 728]], [[98, 727]], [[98, 726]], [[98, 725]], [[99, 724]], [[100, 723]], [[101, 722]], [[102, 721]], [[102, 720]], [[103, 719]], [[103, 718]], [[103, 717]], [[103, 716]], [[102, 715]], [[102, 714]], [[102, 713]], [[101, 712]], [[101, 711]], [[100, 710]], [[99, 709]], [[99, 708]], [[98, 707]], [[97, 706]], [[96, 706]], [[95, 705]], [[94, 704]], [[93, 703]], [[92, 703]], [[91, 702]], [[90, 701]], [[89, 700]], [[88, 699]], [[87, 699]], [[86, 698]], [[85, 698]], [[84, 697]], [[83, 697]], [[82, 696]], [[81, 696]], [[80, 695]], [[79, 695]], [[78, 694]], [[77, 694]]]","[[], [[[60, 711], [59, 712], [59, 713], [60, 714], [59, 715], [58, 716], [57, 717], [56, 718], [56, 719], [57, 720], [58, 721], [59, 722], [60, 723], [61, 724], [61, 725], [62, 726], [62, 727], [63, 727], [64, 727], [65, 727], [66, 727], [67, 726], [66, 726], [65, 725], [64, 725], [63, 724], [62, 723], [61, 722], [60, 721], [59, 720], [59, 719], [59, 718], [60, 717], [60, 716], [60, 715], [60, 714], [61, 713], [61, 712], [61, 711]]], [[[69, 727], [70, 728], [71, 728], [72, 729], [73, 730], [73, 731], [74, 732], [75, 732], [76, 733], [77, 733], [78, 734], [79, 734], [80, 734], [81, 735], [82, 736], [82, 737], [81, 738], [81, 739], [82, 739], [82, 738], [82, 737], [83, 736], [84, 736], [85, 737], [86, 737], [87, 737], [88, 737], [89, 737], [90, 737], [91, 737], [92, 737], [93, 737], [94, 736], [95, 736], [96, 736], [97, 736], [98, 737], [99, 737], [100, 737], [101, 738], [102, 738], [102, 737], [101, 737], [100, 736], [99, 736], [98, 736], [97, 736], [96, 736], [95, 736], [94, 735], [93, 735], [92, 735], [91, 736], [90, 736], [89, 736], [88, 736], [87, 735], [86, 735], [85, 734], [84, 734], [83, 733], [82, 733], [81, 732], [80, 732], [79, 731], [78, 731], [77, 731], [76, 731], [75, 730], [74, 729], [73, 728], [72, 728], [71, 728], [70, 728]]], [[[106, 708], [105, 709], [106, 710], [106, 711], [106, 712], [107, 713], [106, 714], [105, 714], [104, 714], [103, 714], [103, 715], [104, 715], [105, 715], [106, 715], [107, 715], [108, 716], [107, 717], [107, 718], [108, 718], [109, 718], [110, 718], [110, 717], [110, 716], [110, 715], [110, 714], [110, 713], [109, 713], [108, 712], [107, 711], [106, 710], [107, 709]]]]","[[], 69, 60, 71]"
57,57,"[[[29, 691]], [[28, 692]], [[27, 692]], [[26, 693]], [[25, 694]], [[25, 695]], [[24, 696]], [[24, 697]], [[24, 698]], [[24, 699]], [[24, 700]], [[23, 701]], [[23, 702]], [[22, 703]], [[22, 704]], [[21, 705]], [[20, 706]], [[21, 707]], [[21, 708]], [[22, 707]], [[23, 708]], [[23, 709]], [[24, 710]], [[24, 711]], [[24, 712]], [[25, 713]], [[25, 714]], [[26, 715]], [[27, 715]], [[28, 715]], [[29, 714]], [[30, 713]], [[31, 712]], [[32, 712]], [[33, 711]], [[33, 710]], [[33, 709]], [[34, 708]], [[35, 709]], [[36, 709]], [[37, 710]], [[38, 710]], [[39, 710]], [[40, 710]], [[41, 710]], [[41, 709]], [[42, 708]], [[43, 709]], [[44, 710]], [[43, 711]], [[44, 710]], [[45, 709]], [[45, 708]], [[46, 707]], [[46, 706]], [[45, 706]], [[44, 707]], [[43, 707]], [[42, 706]], [[42, 705]], [[42, 704]], [[42, 703]], [[43, 702]], [[43, 701]], [[43, 700]], [[42, 699]], [[42, 698]], [[41, 697]], [[40, 697]], [[39, 696]], [[38, 695]], [[38, 694]], [[37, 694]], [[36, 693]], [[35, 692]], [[34, 691]], [[33, 691]], [[32, 691]], [[31, 691]], [[30, 691]]]","[[], [[[36, 712], [36, 713], [37, 714], [38, 714], [39, 715], [39, 714], [40, 713], [41, 713], [42, 714], [42, 715], [43, 716], [44, 717], [44, 718], [44, 719], [45, 719], [46, 720], [46, 721], [46, 722], [45, 723], [46, 724], [46, 725], [46, 724], [47, 723], [48, 722], [49, 722], [50, 721], [51, 720], [51, 719], [51, 718], [51, 717], [52, 716], [53, 715], [52, 715], [51, 716], [50, 716], [49, 716], [48, 717], [47, 717], [46, 717], [45, 716], [44, 715], [43, 714], [43, 713], [43, 712], [42, 712], [41, 713], [40, 713], [39, 712], [38, 712], [37, 712]]]]","[[], 72]"
58,58,"[[[716, 687]], [[715, 688]], [[714, 689]], [[714, 690]], [[714, 691]], [[715, 692]], [[716, 693]], [[716, 694]], [[717, 695]], [[718, 694]], [[719, 694]], [[720, 694]], [[721, 694]], [[722, 693]], [[723, 692]], [[724, 692]], [[725, 692]], [[726, 691]], [[727, 691]], [[728, 691]], [[729, 690]], [[730, 690]], [[731, 689]], [[731, 688]], [[731, 687]], [[730, 687]], [[729, 687]], [[728, 687]], [[727, 687]], [[726, 687]], [[725, 687]], [[724, 687]], [[723, 687]], [[722, 687]], [[721, 687]], [[720, 687]], [[719, 687]], [[718, 687]], [[717, 687]]]",[[]],[]
59,59,"[[[709, 677]], [[708, 678]], [[707, 678]], [[706, 679]], [[705, 679]], [[704, 680]], [[703, 680]], [[702, 681]], [[701, 681]], [[700, 681]], [[699, 682]], [[698, 682]], [[698, 683]], [[697, 684]], [[696, 685]], [[696, 686]], [[695, 687]], [[694, 688]], [[693, 689]], [[693, 690]], [[694, 690]], [[695, 691]], [[696, 691]], [[697, 692]], [[698, 692]], [[699, 693]], [[700, 693]], [[701, 693]], [[702, 693]], [[703, 693]], [[704, 693]], [[705, 692]], [[706, 691]], [[706, 690]], [[707, 689]], [[708, 689]], [[709, 688]], [[710, 687]], [[710, 686]], [[711, 685]], [[711, 684]], [[712, 683]], [[713, 682]], [[714, 681]], [[714, 680]], [[714, 679]], [[714, 678]], [[713, 678]], [[712, 677]], [[711, 677]], [[710, 677]]]",[],[]
60,60,"[[[266, 664]], [[265, 665]], [[264, 665]], [[263, 665]], [[262, 665]], [[261, 666]], [[260, 667]], [[260, 668]], [[260, 669]], [[259, 670]], [[258, 671]], [[258, 672]], [[259, 673]], [[259, 674]], [[259, 675]], [[260, 676]], [[260, 677]], [[260, 678]], [[260, 679]], [[260, 680]], [[260, 681]], [[261, 682]], [[261, 683]], [[261, 684]], [[261, 685]], [[262, 685]], [[263, 686]], [[264, 687]], [[265, 687]], [[266, 687]], [[267, 687]], [[268, 686]], [[269, 685]], [[270, 684]], [[270, 683]], [[271, 682]], [[272, 681]], [[273, 680]], [[273, 679]], [[273, 678]], [[273, 677]], [[272, 676]], [[272, 675]], [[272, 674]], [[271, 673]], [[271, 672]], [[271, 671]], [[271, 670]], [[271, 669]], [[271, 668]], [[271, 667]], [[270, 666]], [[270, 665]], [[269, 665]], [[268, 664]], [[267, 664]]]","[[], [[[260, 685], [260, 686], [259, 687], [260, 688], [261, 688], [262, 689], [262, 690], [261, 691], [260, 692], [259, 692], [258, 691], [257, 691], [256, 691], [255, 691], [254, 692], [255, 693], [256, 693], [257, 693], [258, 693], [259, 693], [260, 693], [261, 693], [262, 693], [263, 694], [263, 693], [264, 692], [265, 691], [265, 690], [265, 689], [264, 688], [263, 687], [262, 686], [261, 686]]]]","[[], 73]"
61,61,"[[[765, 656]], [[764, 657]], [[763, 657]], [[762, 658]], [[761, 658]], [[760, 658]], [[760, 659]], [[760, 660]], [[760, 661]], [[760, 662]], [[760, 663]], [[760, 664]], [[759, 665]], [[759, 666]], [[759, 667]], [[759, 668]], [[759, 669]], [[758, 670]], [[757, 670]], [[756, 671]], [[755, 671]], [[754, 671]], [[753, 671]], [[752, 671]], [[751, 671]], [[750, 671]], [[749, 671]], [[748, 671]], [[747, 671]], [[746, 671]], [[745, 672]], [[744, 672]], [[743, 672]], [[742, 673]], [[742, 674]], [[742, 675]], [[741, 676]], [[741, 677]], [[741, 678]], [[740, 679]], [[740, 680]], [[740, 681]], [[740, 682]], [[740, 683]], [[739, 684]], [[740, 685]], [[740, 686]], [[740, 687]], [[740, 688]], [[740, 689]], [[740, 690]], [[740, 691]], [[739, 692]], [[738, 693]], [[737, 693]], [[736, 693]], [[735, 693]], [[734, 693]], [[733, 694]], [[732, 694]], [[731, 695]], [[732, 696]], [[731, 697]], [[730, 698]], [[729, 699]], [[728, 700]], [[727, 700]], [[726, 701]], [[725, 702]], [[724, 702]], [[724, 703]], [[724, 704]], [[723, 705]], [[723, 706]], [[723, 707]], [[722, 708]], [[722, 709]], [[722, 710]], [[722, 711]], [[723, 712]], [[723, 713]], [[724, 714]], [[725, 715]], [[726, 715]], [[727, 716]], [[728, 717]], [[729, 718]], [[729, 719]], [[730, 720]], [[730, 721]], [[730, 722]], [[731, 723]], [[731, 724]], [[732, 725]], [[733, 725]], [[734, 726]], [[734, 727]], [[734, 728]], [[734, 729]], [[734, 730]], [[734, 731]], [[734, 732]], [[734, 733]], [[735, 734]], [[735, 735]], [[736, 736]], [[736, 737]], [[736, 738]], [[737, 739]], [[738, 740]], [[739, 741]], [[738, 742]], [[739, 742]], [[740, 743]], [[741, 742]], [[742, 743]], [[743, 744]], [[744, 745]], [[745, 746]], [[745, 747]], [[745, 748]], [[745, 749]], [[745, 750]], [[744, 751]], [[744, 752]], [[744, 753]], [[744, 754]], [[745, 755]], [[745, 756]], [[746, 756]], [[747, 756]], [[748, 755]], [[749, 754]], [[750, 755]], [[750, 756]], [[749, 757]], [[750, 758]], [[751, 758]], [[752, 758]], [[753, 758]], [[754, 758]], [[755, 758]], [[756, 758]], [[757, 759]], [[758, 759]], [[759, 760]], [[760, 760]], [[761, 761]], [[762, 761]], [[763, 762]], [[764, 762]], [[765, 762]], [[766, 762]], [[767, 761]], [[768, 761]], [[769, 762]], [[770, 763]], [[771, 764]], [[771, 765]], [[771, 766]], [[771, 767]], [[772, 767]], [[773, 767]], [[773, 766]], [[774, 765]], [[775, 765]], [[776, 765]], [[777, 765]], [[778, 765]], [[779, 764]], [[780, 764]], [[781, 764]], [[781, 763]], [[782, 762]], [[783, 762]], [[784, 762]], [[785, 761]], [[786, 761]], [[787, 760]], [[788, 759]], [[789, 759]], [[790, 759]], [[791, 759]], [[792, 760]], [[793, 760]], [[794, 759]], [[795, 759]], [[796, 759]], [[797, 758]], [[798, 757]], [[799, 756]], [[799, 755]], [[800, 754]], [[800, 753]], [[801, 752]], [[802, 751]], [[803, 750]], [[804, 750]], [[805, 750]], [[806, 750]], [[807, 751]], [[807, 752]], [[808, 752]], [[809, 752]], [[810, 752]], [[810, 751]], [[811, 750]], [[811, 749]], [[811, 748]], [[811, 747]], [[811, 746]], [[812, 745]], [[813, 745]], [[814, 745]], [[814, 744]], [[815, 743]], [[815, 742]], [[816, 741]], [[817, 741]], [[818, 741]], [[819, 740]], [[819, 739]], [[819, 738]], [[820, 737]], [[820, 736]], [[820, 735]], [[820, 734]], [[820, 733]], [[820, 732]], [[820, 731]], [[821, 730]], [[820, 729]], [[820, 728]], [[820, 727]], [[821, 726]], [[822, 726]], [[823, 725]], [[823, 724]], [[824, 723]], [[824, 722]], [[825, 721]], [[824, 720]], [[824, 719]], [[824, 718]], [[824, 717]], [[824, 716]], [[824, 715]], [[824, 714]], [[824, 713]], [[823, 712]], [[823, 711]], [[822, 710]], [[822, 709]], [[821, 708]], [[821, 707]], [[821, 706]], [[821, 705]], [[821, 704]], [[821, 703]], [[820, 702]], [[820, 701]], [[820, 700]], [[820, 699]], [[820, 698]], [[819, 697]], [[818, 696]], [[817, 695]], [[816, 694]], [[815, 693]], [[814, 694]], [[813, 695]], [[812, 694]], [[811, 694]], [[810, 694]], [[809, 693]], [[808, 694]], [[807, 695]], [[806, 696]], [[805, 696]], [[804, 697]], [[803, 697]], [[802, 697]], [[801, 697]], [[800, 697]], [[799, 697]], [[798, 696]], [[798, 695]], [[799, 694]], [[800, 694]], [[801, 694]], [[802, 694]], [[802, 693]], [[803, 692]], [[804, 692]], [[804, 691]], [[803, 690]], [[802, 689]], [[801, 688]], [[800, 687]], [[800, 686]], [[800, 685]], [[799, 684]], [[799, 683]], [[799, 682]], [[798, 681]], [[798, 680]], [[798, 679]], [[798, 678]], [[798, 677]], [[799, 676]], [[800, 675]], [[801, 674]], [[801, 673]], [[801, 672]], [[801, 671]], [[801, 670]], [[800, 670]], [[800, 671]], [[800, 672]], [[799, 673]], [[798, 673]], [[797, 672]], [[796, 672]], [[795, 671]], [[794, 671]], [[793, 671]], [[792, 671]], [[791, 671]], [[790, 671]], [[789, 671]], [[788, 671]], [[787, 670]], [[788, 669]], [[788, 668]], [[787, 667]], [[787, 666]], [[786, 665]], [[786, 664]], [[785, 663]], [[785, 662]], [[784, 661]], [[783, 661]], [[782, 660]], [[781, 660]], [[780, 660]], [[779, 660]], [[778, 659]], [[777, 659]], [[776, 658]], [[775, 658]], [[774, 657]], [[773, 657]], [[772, 657]], [[771, 656]], [[770, 656]], [[769, 656]], [[768, 656]], [[767, 656]], [[766, 656]]]","[[], [[[772, 652], [771, 653], [770, 654], [769, 654], [768, 655], [767, 655], [766, 655], [767, 655], [768, 655], [769, 655], [770, 655], [771, 655], [772, 655], [773, 656], [774, 656], [775, 656], [776, 656], [777, 656], [778, 657], [778, 656], [777, 656], [776, 655], [775, 655], [774, 655], [773, 654], [773, 653]]], [[[752, 657], [751, 658], [750, 658], [749, 658], [748, 658], [747, 658], [746, 658], [746, 659], [747, 659], [748, 659], [749, 660], [750, 660], [751, 659], [752, 659], [753, 659], [754, 659], [755, 660], [756, 660], [757, 661], [758, 662], [759, 663], [759, 662], [759, 661], [759, 660], [759, 659], [758, 659], [757, 659], [756, 659], [755, 658], [754, 658], [753, 657]]], [[[733, 742], [733, 743], [733, 744], [734, 744], [735, 744], [736, 744], [737, 745], [738, 745], [739, 745], [740, 746], [741, 746], [742, 747], [743, 748], [743, 749], [744, 749], [744, 748], [744, 747], [744, 746], [743, 745], [742, 744], [741, 743], [740, 744], [739, 744], [738, 744], [737, 744], [736, 743], [735, 743], [734, 742]]], [[[782, 763], [782, 764], [782, 765], [781, 766], [780, 766], [779, 766], [778, 766], [777, 766], [777, 767], [778, 768], [779, 768], [780, 769], [781, 769], [782, 770], [783, 770], [784, 771], [785, 772], [786, 772], [785, 771], [785, 770], [785, 769], [784, 769], [783, 768], [782, 767], [782, 766], [783, 765], [784, 764], [785, 763], [786, 763], [785, 763], [784, 763], [783, 763]]], [[[828, 723], [827, 724], [826, 724], [825, 724], [824, 724], [825, 725], [824, 726], [823, 726], [822, 727], [821, 727], [821, 728], [821, 729], [822, 730], [821, 731], [821, 732], [821, 733], [821, 734], [822, 733], [822, 732], [822, 731], [823, 730], [823, 729], [824, 728], [825, 728], [826, 729], [827, 729], [828, 728], [829, 728], [830, 727], [831, 726], [830, 725], [829, 724], [829, 723]]], [[[801, 686], [801, 687], [802, 688], [803, 689], [804, 690], [805, 691], [805, 692], [805, 693], [804, 694], [803, 694], [803, 695], [803, 696], [804, 696], [805, 695], [806, 695], [807, 694], [808, 693], [808, 692], [808, 691], [807, 691], [806, 691], [805, 690], [804, 689], [803, 688], [802, 687], [802, 686]]], [[[802, 667], [801, 668], [800, 668], [801, 669], [802, 670], [802, 671], [802, 672], [802, 673], [802, 674], [801, 675], [800, 676], [800, 677], [801, 677], [802, 676], [803, 675], [802, 674], [802, 673], [802, 672], [803, 671], [804, 670], [805, 670], [806, 670], [806, 669], [805, 668], [804, 668], [803, 668]]]]","[[], 74, 75, 76, 77, 78, 79, 80]"
62,62,"[[[299, 652]], [[298, 653]], [[298, 654]], [[297, 655]], [[296, 654]], [[295, 654]], [[294, 655]], [[294, 656]], [[294, 657]], [[294, 658]], [[294, 659]], [[294, 660]], [[294, 661]], [[295, 661]], [[296, 662]], [[297, 663]], [[298, 663]], [[299, 664]], [[299, 665]], [[300, 665]], [[301, 665]], [[301, 664]], [[301, 663]], [[301, 662]], [[301, 661]], [[301, 660]], [[301, 659]], [[301, 658]], [[301, 657]], [[301, 656]], [[301, 655]], [[301, 654]], [[300, 653]], [[300, 652]]]",[],[]
63,63,"[[[136, 648]], [[135, 649]], [[134, 649]], [[133, 650]], [[132, 651]], [[131, 652]], [[130, 651]], [[129, 651]], [[128, 651]], [[128, 652]], [[127, 653]], [[126, 654]], [[125, 654]], [[124, 654]], [[123, 655]], [[122, 656]], [[122, 657]], [[121, 658]], [[120, 659]], [[120, 660]], [[119, 661]], [[119, 662]], [[119, 663]], [[119, 664]], [[119, 665]], [[119, 666]], [[120, 667]], [[120, 668]], [[120, 669]], [[121, 670]], [[120, 671]], [[120, 672]], [[119, 673]], [[118, 673]], [[117, 673]], [[116, 674]], [[115, 674]], [[114, 674]], [[113, 675]], [[112, 675]], [[111, 676]], [[110, 676]], [[109, 677]], [[108, 678]], [[107, 679]], [[107, 680]], [[107, 681]], [[106, 682]], [[106, 683]], [[106, 684]], [[106, 685]], [[106, 686]], [[106, 687]], [[106, 688]], [[106, 689]], [[105, 690]], [[105, 691]], [[104, 692]], [[104, 693]], [[104, 694]], [[104, 695]], [[104, 696]], [[104, 697]], [[104, 698]], [[104, 699]], [[104, 700]], [[104, 701]], [[104, 702]], [[105, 703]], [[105, 704]], [[106, 705]], [[106, 706]], [[106, 707]], [[107, 708]], [[108, 709]], [[107, 710]], [[108, 711]], [[109, 712]], [[110, 712]], [[111, 713]], [[111, 714]], [[112, 715]], [[113, 716]], [[114, 717]], [[115, 718]], [[116, 719]], [[117, 720]], [[118, 720]], [[119, 721]], [[120, 721]], [[121, 722]], [[122, 722]], [[123, 723]], [[124, 723]], [[125, 723]], [[126, 723]], [[127, 723]], [[128, 723]], [[129, 723]], [[130, 722]], [[131, 722]], [[132, 721]], [[133, 722]], [[134, 723]], [[135, 723]], [[136, 723]], [[137, 723]], [[138, 724]], [[139, 724]], [[140, 725]], [[141, 725]], [[142, 725]], [[143, 725]], [[144, 724]], [[145, 724]], [[146, 724]], [[147, 724]], [[148, 724]], [[149, 724]], [[150, 725]], [[151, 725]], [[152, 726]], [[153, 726]], [[154, 725]], [[155, 725]], [[156, 724]], [[157, 724]], [[158, 723]], [[159, 723]], [[160, 723]], [[161, 723]], [[162, 722]], [[163, 722]], [[164, 721]], [[165, 720]], [[166, 719]], [[167, 718]], [[167, 717]], [[168, 716]], [[168, 715]], [[169, 714]], [[169, 713]], [[169, 712]], [[169, 711]], [[169, 710]], [[169, 709]], [[169, 708]], [[169, 707]], [[169, 706]], [[170, 705]], [[171, 704]], [[172, 703]], [[173, 703]], [[174, 702]], [[174, 701]], [[175, 700]], [[175, 699]], [[176, 698]], [[177, 697]], [[178, 696]], [[179, 695]], [[180, 694]], [[180, 693]], [[180, 692]], [[181, 691]], [[181, 690]], [[181, 689]], [[181, 688]], [[181, 687]], [[181, 686]], [[180, 685]], [[179, 684]], [[178, 684]], [[177, 684]], [[176, 684]], [[175, 683]], [[174, 683]], [[173, 683]], [[172, 682]], [[171, 682]], [[170, 681]], [[169, 680]], [[170, 679]], [[170, 678]], [[171, 677]], [[171, 676]], [[172, 675]], [[172, 674]], [[172, 673]], [[172, 672]], [[172, 671]], [[172, 670]], [[171, 669]], [[171, 668]], [[170, 667]], [[169, 667]], [[168, 666]], [[167, 666]], [[166, 666]], [[165, 666]], [[164, 666]], [[163, 665]], [[162, 664]], [[162, 663]], [[161, 662]], [[161, 661]], [[160, 660]], [[160, 659]], [[159, 658]], [[158, 658]], [[157, 658]], [[156, 658]], [[155, 657]], [[154, 656]], [[153, 656]], [[152, 657]], [[151, 657]], [[150, 658]], [[149, 658]], [[148, 658]], [[147, 658]], [[146, 658]], [[145, 659]], [[144, 658]], [[143, 657]], [[143, 656]], [[143, 655]], [[143, 654]], [[142, 653]], [[142, 652]], [[141, 651]], [[140, 650]], [[139, 650]], [[138, 649]], [[137, 649]]]","[[[[118, 661], [118, 662], [117, 663], [117, 664], [116, 665], [116, 666], [116, 667], [116, 668], [116, 669], [117, 670], [116, 671], [115, 671], [115, 672], [114, 673], [115, 673], [116, 673], [117, 672], [118, 672], [119, 672], [119, 671], [119, 670], [118, 669], [118, 668], [118, 667], [118, 666], [118, 665], [118, 664], [118, 663], [118, 662]]], [], [[[106, 708], [105, 709], [106, 710], [106, 711], [106, 712], [107, 713], [106, 714], [105, 714], [104, 714], [103, 714], [103, 715], [104, 715], [105, 715], [106, 715], [107, 715], [108, 716], [107, 717], [107, 718], [108, 718], [109, 718], [110, 718], [110, 717], [110, 716], [110, 715], [110, 714], [110, 713], [109, 713], [108, 712], [107, 711], [106, 710], [107, 709]]], [[[152, 652], [152, 653], [153, 654], [154, 655], [155, 656], [156, 657], [157, 657], [158, 657], [159, 657], [160, 658], [161, 658], [162, 659], [163, 659], [164, 659], [165, 659], [166, 659], [167, 659], [168, 660], [169, 661], [169, 662], [169, 663], [169, 664], [169, 665], [170, 666], [171, 665], [172, 664], [172, 663], [173, 662], [174, 662], [175, 661], [176, 661], [177, 662], [178, 662], [179, 662], [180, 662], [181, 662], [182, 661], [183, 660], [184, 660], [185, 660], [184, 659], [183, 659], [182, 659], [181, 658], [180, 659], [179, 659], [178, 659], [177, 659], [176, 659], [175, 659], [174, 660], [173, 660], [172, 660], [171, 659], [170, 659], [169, 658], [168, 658], [167, 658], [166, 658], [165, 658], [164, 658], [163, 659], [162, 658], [161, 657], [160, 656], [159, 656], [158, 655], [157, 655], [156, 655], [155, 654], [154, 653], [153, 652]]]]","[81, [], 71, 83]"
64,64,"[[[801, 635]], [[800, 636]], [[799, 636]], [[798, 637]], [[798, 638]], [[797, 639]], [[797, 640]], [[797, 641]], [[797, 642]], [[797, 643]], [[797, 644]], [[798, 645]], [[797, 646]], [[798, 647]], [[798, 648]], [[798, 649]], [[797, 650]], [[797, 651]], [[798, 652]], [[799, 653]], [[798, 654]], [[797, 655]], [[798, 656]], [[798, 657]], [[798, 658]], [[798, 659]], [[798, 660]], [[799, 661]], [[799, 662]], [[800, 663]], [[800, 664]], [[801, 665]], [[801, 666]], [[802, 666]], [[803, 666]], [[804, 666]], [[805, 666]], [[806, 666]], [[807, 665]], [[808, 664]], [[809, 664]], [[810, 664]], [[811, 663]], [[812, 664]], [[813, 664]], [[814, 664]], [[815, 664]], [[816, 664]], [[817, 664]], [[818, 663]], [[819, 664]], [[819, 665]], [[820, 666]], [[821, 667]], [[822, 666]], [[823, 667]], [[824, 666]], [[825, 667]], [[826, 666]], [[827, 666]], [[828, 667]], [[829, 666]], [[830, 665]], [[830, 664]], [[830, 663]], [[829, 662]], [[828, 662]], [[827, 661]], [[827, 660]], [[826, 660]], [[825, 660]], [[824, 660]], [[823, 660]], [[822, 659]], [[821, 659]], [[820, 658]], [[819, 658]], [[818, 657]], [[818, 656]], [[817, 655]], [[817, 654]], [[816, 653]], [[815, 652]], [[815, 651]], [[814, 650]], [[813, 649]], [[813, 648]], [[812, 648]], [[811, 648]], [[810, 647]], [[810, 646]], [[809, 645]], [[809, 644]], [[809, 643]], [[808, 642]], [[807, 641]], [[807, 640]], [[806, 639]], [[805, 638]], [[804, 637]], [[803, 636]], [[802, 635]]]","[[], [[[787, 630], [788, 630], [789, 630], [790, 630], [791, 631], [791, 632], [792, 632], [793, 632], [794, 633], [795, 634], [796, 634], [797, 635], [797, 636], [797, 637], [796, 638], [795, 637], [794, 637], [794, 638], [795, 639], [795, 640], [796, 640], [796, 639], [797, 638], [797, 637], [798, 636], [798, 635], [797, 635], [796, 634], [796, 633], [796, 632], [795, 632], [794, 631], [793, 630], [792, 630], [791, 630], [790, 630], [789, 630], [788, 630]]], [[[802, 667], [801, 668], [800, 668], [801, 669], [802, 670], [802, 671], [802, 672], [802, 673], [802, 674], [801, 675], [800, 676], [800, 677], [801, 677], [802, 676], [803, 675], [802, 674], [802, 673], [802, 672], [803, 671], [804, 670], [805, 670], [806, 670], [806, 669], [805, 668], [804, 668], [803, 668]]], [[[818, 664], [818, 665], [818, 666], [817, 667], [816, 666], [815, 666], [814, 666], [813, 667], [812, 666], [811, 666], [810, 666], [809, 666], [808, 666], [809, 666], [810, 666], [811, 667], [812, 667], [813, 668], [814, 668], [815, 668], [816, 669], [816, 670], [817, 670], [818, 670], [819, 670], [820, 670], [820, 669], [821, 668], [820, 667], [819, 666], [818, 665]]]]","[[], 84, 80, 86]"
65,65,"[[[349, 628]], [[348, 629]], [[348, 630]], [[348, 631]], [[347, 632]], [[346, 632]], [[345, 633]], [[345, 634]], [[344, 635]], [[343, 635]], [[342, 635]], [[341, 635]], [[340, 635]], [[339, 635]], [[338, 635]], [[337, 634]], [[336, 635]], [[335, 635]], [[334, 635]], [[333, 636]], [[332, 637]], [[332, 638]], [[332, 639]], [[332, 640]], [[332, 641]], [[332, 642]], [[333, 643]], [[333, 644]], [[332, 645]], [[331, 646]], [[330, 646]], [[330, 647]], [[329, 648]], [[328, 649]], [[327, 649]], [[326, 650]], [[325, 650]], [[324, 651]], [[323, 651]], [[322, 652]], [[321, 653]], [[321, 654]], [[320, 655]], [[320, 656]], [[320, 657]], [[320, 658]], [[320, 659]], [[319, 660]], [[319, 661]], [[320, 662]], [[321, 663]], [[321, 664]], [[322, 665]], [[322, 666]], [[323, 667]], [[324, 668]], [[325, 669]], [[326, 670]], [[327, 671]], [[327, 672]], [[328, 671]], [[329, 671]], [[330, 672]], [[331, 672]], [[332, 673]], [[333, 674]], [[334, 675]], [[334, 676]], [[335, 677]], [[335, 678]], [[336, 679]], [[337, 680]], [[337, 681]], [[338, 680]], [[339, 680]], [[340, 680]], [[341, 680]], [[342, 679]], [[343, 678]], [[344, 679]], [[345, 679]], [[346, 680]], [[347, 681]], [[348, 681]], [[349, 682]], [[350, 681]], [[351, 681]], [[352, 680]], [[353, 680]], [[354, 680]], [[355, 680]], [[356, 680]], [[357, 679]], [[358, 678]], [[359, 677]], [[360, 676]], [[360, 675]], [[360, 674]], [[361, 673]], [[362, 672]], [[363, 672]], [[364, 671]], [[365, 670]], [[366, 669]], [[367, 670]], [[367, 671]], [[368, 672]], [[369, 671]], [[370, 671]], [[371, 672]], [[372, 673]], [[373, 673]], [[374, 674]], [[375, 674]], [[376, 675]], [[377, 676]], [[378, 676]], [[379, 676]], [[380, 676]], [[381, 677]], [[382, 678]], [[383, 678]], [[384, 679]], [[384, 680]], [[383, 681]], [[382, 682]], [[381, 683]], [[380, 684]], [[379, 685]], [[378, 685]], [[377, 686]], [[376, 687]], [[375, 687]], [[374, 687]], [[373, 688]], [[372, 688]], [[371, 688]], [[370, 688]], [[369, 688]], [[368, 689]], [[367, 689]], [[366, 690]], [[365, 690]], [[364, 690]], [[363, 690]], [[363, 691]], [[363, 692]], [[362, 693]], [[362, 694]], [[362, 695]], [[361, 696]], [[361, 697]], [[362, 698]], [[362, 699]], [[363, 700]], [[363, 701]], [[364, 702]], [[365, 702]], [[366, 703]], [[367, 703]], [[368, 703]], [[369, 704]], [[370, 704]], [[371, 704]], [[372, 705]], [[373, 705]], [[374, 705]], [[375, 704]], [[376, 704]], [[377, 704]], [[378, 704]], [[379, 703]], [[380, 703]], [[381, 703]], [[382, 703]], [[383, 703]], [[384, 703]], [[385, 703]], [[386, 702]], [[387, 702]], [[388, 702]], [[388, 701]], [[389, 700]], [[390, 699]], [[391, 700]], [[391, 701]], [[390, 702]], [[391, 703]], [[392, 704]], [[393, 705]], [[394, 705]], [[395, 705]], [[396, 705]], [[397, 706]], [[398, 707]], [[398, 708]], [[398, 709]], [[399, 710]], [[399, 711]], [[399, 712]], [[399, 713]], [[399, 714]], [[399, 715]], [[399, 716]], [[399, 717]], [[399, 718]], [[399, 719]], [[399, 720]], [[399, 721]], [[399, 722]], [[399, 723]], [[399, 724]], [[399, 725]], [[399, 726]], [[399, 727]], [[400, 728]], [[401, 728]], [[402, 728]], [[403, 728]], [[404, 729]], [[405, 729]], [[406, 730]], [[407, 731]], [[407, 732]], [[408, 732]], [[409, 733]], [[410, 733]], [[411, 734]], [[412, 735]], [[413, 735]], [[414, 735]], [[415, 735]], [[416, 734]], [[417, 734]], [[418, 734]], [[419, 734]], [[420, 733]], [[421, 733]], [[422, 734]], [[423, 734]], [[424, 734]], [[425, 734]], [[426, 734]], [[427, 734]], [[428, 733]], [[429, 733]], [[430, 733]], [[431, 733]], [[432, 733]], [[433, 733]], [[434, 732]], [[435, 732]], [[436, 732]], [[437, 732]], [[438, 731]], [[439, 731]], [[440, 731]], [[441, 730]], [[442, 729]], [[443, 729]], [[444, 729]], [[445, 728]], [[446, 728]], [[447, 727]], [[448, 727]], [[448, 726]], [[449, 725]], [[449, 724]], [[449, 723]], [[450, 722]], [[451, 721]], [[451, 720]], [[452, 719]], [[452, 718]], [[452, 717]], [[452, 716]], [[453, 715]], [[454, 714]], [[455, 713]], [[455, 712]], [[456, 711]], [[457, 712]], [[458, 711]], [[459, 710]], [[458, 710]], [[457, 709]], [[458, 708]], [[458, 707]], [[459, 706]], [[459, 705]], [[459, 704]], [[459, 703]], [[459, 702]], [[458, 701]], [[458, 700]], [[458, 699]], [[459, 698]], [[459, 697]], [[458, 696]], [[457, 696]], [[456, 695]], [[455, 694]], [[454, 693]], [[453, 692]], [[452, 691]], [[451, 690]], [[450, 689]], [[449, 688]], [[448, 687]], [[447, 686]], [[446, 685]], [[445, 684]], [[444, 683]], [[443, 683]], [[442, 682]], [[441, 681]], [[440, 680]], [[440, 679]], [[440, 678]], [[440, 677]], [[440, 676]], [[440, 675]], [[440, 674]], [[439, 673]], [[439, 672]], [[439, 671]], [[438, 670]], [[438, 669]], [[438, 668]], [[437, 667]], [[437, 666]], [[436, 665]], [[435, 664]], [[434, 664]], [[433, 663]], [[432, 663]], [[431, 663]], [[430, 663]], [[429, 663]], [[428, 663]], [[427, 662]], [[426, 663]], [[425, 662]], [[424, 662]], [[423, 662]], [[422, 662]], [[421, 662]], [[420, 663]], [[419, 662]], [[418, 662]], [[417, 663]], [[416, 663]], [[415, 663]], [[414, 662]], [[415, 661]], [[416, 661]], [[417, 660]], [[418, 660]], [[418, 659]], [[417, 658]], [[417, 657]], [[416, 656]], [[416, 655]], [[416, 654]], [[416, 653]], [[416, 652]], [[416, 651]], [[416, 650]], [[416, 649]], [[416, 648]], [[416, 647]], [[416, 646]], [[416, 645]], [[416, 644]], [[415, 643]], [[415, 642]], [[414, 641]], [[413, 641]], [[412, 640]], [[411, 639]], [[410, 639]], [[409, 639]], [[408, 639]], [[407, 638]], [[406, 638]], [[405, 638]], [[404, 638]], [[403, 638]], [[402, 638]], [[401, 639]], [[400, 639]], [[399, 639]], [[398, 639]], [[397, 639]], [[396, 639]], [[395, 639]], [[394, 639]], [[393, 639]], [[392, 639]], [[391, 639]], [[390, 639]], [[389, 639]], [[388, 638]], [[387, 639]], [[386, 639]], [[385, 639]], [[384, 640]], [[383, 640]], [[382, 640]], [[381, 640]], [[380, 640]], [[379, 641]], [[378, 642]], [[377, 642]], [[376, 643]], [[377, 644]], [[376, 645]], [[375, 646]], [[374, 647]], [[373, 648]], [[373, 649]], [[372, 650]], [[371, 649]], [[371, 650]], [[371, 651]], [[371, 652]], [[371, 653]], [[371, 654]], [[371, 655]], [[370, 656]], [[370, 657]], [[369, 658]], [[369, 659]], [[368, 660]], [[368, 661]], [[367, 662]], [[367, 663]], [[367, 664]], [[367, 665]], [[367, 666]], [[367, 667]], [[367, 668]], [[366, 669]], [[365, 670]], [[364, 669]], [[363, 668]], [[363, 667]], [[362, 666]], [[362, 665]], [[362, 664]], [[362, 663]], [[362, 662]], [[363, 661]], [[363, 660]], [[363, 659]], [[362, 658]], [[361, 657]], [[360, 656]], [[360, 655]], [[360, 654]], [[360, 653]], [[360, 652]], [[360, 651]], [[360, 650]], [[360, 649]], [[360, 648]], [[360, 647]], [[360, 646]], [[361, 645]], [[361, 644]], [[361, 643]], [[362, 642]], [[362, 641]], [[362, 640]], [[362, 639]], [[362, 638]], [[362, 637]], [[362, 636]], [[361, 635]], [[361, 634]], [[360, 633]], [[359, 632]], [[358, 631]], [[357, 630]], [[356, 629]], [[355, 629]], [[354, 629]], [[353, 628]], [[352, 628]], [[351, 628]], [[350, 628]]]","[[[[326, 609], [325, 610], [324, 610], [324, 611], [323, 612], [322, 612], [321, 612], [320, 612], [320, 613], [320, 614], [319, 615], [318, 616], [317, 617], [317, 618], [316, 619], [315, 619], [314, 619], [313, 619], [312, 620], [312, 621], [312, 622], [312, 623], [311, 624], [310, 624], [309, 624], [308, 625], [308, 626], [308, 627], [309, 627], [310, 627], [311, 627], [312, 626], [312, 625], [313, 624], [314, 625], [314, 626], [314, 627], [314, 628], [313, 629], [314, 629], [315, 630], [316, 630], [316, 629], [316, 628], [316, 627], [316, 626], [316, 625], [316, 624], [316, 623], [316, 622], [315, 621], [316, 620], [317, 619], [318, 619], [318, 618], [318, 617], [319, 616], [320, 615], [320, 614], [321, 613], [322, 613], [323, 612], [324, 612], [325, 612], [326, 612], [327, 612], [328, 613], [328, 614], [329, 615], [330, 615], [331, 614], [332, 614], [333, 615], [333, 616], [334, 617], [334, 618], [334, 619], [335, 619], [335, 618], [335, 617], [336, 616], [337, 617], [338, 617], [339, 617], [340, 617], [341, 617], [342, 616], [343, 616], [344, 616], [345, 616], [346, 616], [347, 616], [348, 616], [349, 616], [350, 616], [351, 615], [350, 615], [349, 614], [350, 613], [349, 612], [349, 613], [349, 614], [348, 615], [347, 616], [346, 616], [345, 615], [344, 615], [343, 614], [342, 614], [341, 615], [340, 616], [339, 616], [338, 616], [337, 615], [336, 615], [335, 614], [334, 614], [333, 613], [332, 613], [331, 613], [330, 612], [329, 611], [328, 610], [327, 609]]], [], [[[369, 644], [368, 645], [369, 646], [369, 647], [368, 648], [368, 649], [368, 650], [367, 651], [367, 652], [366, 653], [365, 654], [364, 654], [363, 653], [363, 652], [362, 651], [361, 651], [361, 652], [362, 653], [363, 653], [364, 654], [364, 655], [364, 656], [365, 657], [365, 658], [365, 659], [364, 660], [364, 661], [363, 662], [363, 663], [363, 664], [363, 665], [363, 666], [364, 667], [364, 668], [365, 669], [366, 668], [366, 667], [366, 666], [366, 665], [366, 664], [366, 663], [366, 662], [366, 661], [365, 660], [365, 659], [366, 658], [367, 657], [368, 658], [368, 659], [368, 658], [369, 657], [369, 656], [370, 655], [370, 654], [370, 653], [370, 652], [370, 651], [370, 650], [370, 649], [371, 648], [371, 647], [371, 646], [370, 645]]], [[[377, 705], [376, 706], [375, 707], [374, 707], [373, 706], [372, 706], [373, 707], [373, 708], [374, 707], [375, 707], [376, 708], [377, 707], [378, 708], [378, 709], [378, 710], [378, 711], [377, 712], [377, 713], [378, 714], [378, 715], [379, 716], [380, 717], [381, 718], [382, 719], [383, 720], [383, 721], [383, 722], [384, 723], [384, 724], [384, 725], [385, 726], [385, 727], [386, 728], [386, 729], [385, 730], [385, 731], [385, 732], [386, 733], [386, 734], [387, 734], [388, 734], [389, 733], [390, 733], [391, 734], [391, 733], [390, 732], [389, 731], [389, 730], [388, 729], [388, 728], [387, 727], [387, 726], [386, 725], [386, 724], [385, 723], [385, 722], [384, 721], [384, 720], [384, 719], [384, 718], [383, 717], [382, 716], [381, 715], [381, 714], [380, 713], [379, 712], [378, 711], [378, 710], [378, 709], [378, 708], [378, 707], [378, 706], [378, 705]]], [[[456, 714], [455, 715], [454, 715], [453, 716], [453, 717], [453, 718], [453, 719], [454, 719], [455, 718], [456, 718], [457, 718], [458, 718], [459, 719], [458, 720], [457, 721], [456, 722], [455, 722], [454, 722], [453, 723], [452, 723], [451, 723], [450, 724], [450, 725], [449, 726], [449, 727], [448, 728], [447, 729], [446, 730], [445, 730], [446, 730], [447, 730], [448, 729], [449, 729], [450, 729], [451, 728], [452, 728], [453, 728], [454, 728], [454, 727], [455, 726], [456, 725], [457, 726], [457, 727], [457, 728], [457, 729], [458, 730], [459, 731], [460, 731], [460, 730], [460, 729], [461, 728], [462, 728], [462, 727], [461, 726], [461, 725], [461, 724], [461, 723], [460, 722], [460, 721], [460, 720], [460, 719], [461, 718], [462, 718], [463, 718], [462, 718], [461, 717], [460, 716], [460, 715], [459, 714], [458, 714], [457, 714]]], [[[363, 635], [363, 636], [364, 636], [365, 636], [366, 637], [367, 637], [368, 638], [369, 639], [369, 640], [370, 641], [371, 641], [372, 640], [373, 641], [374, 641], [375, 641], [376, 642], [377, 641], [376, 641], [375, 640], [374, 640], [373, 640], [372, 640], [371, 639], [370, 638], [369, 637], [368, 636], [367, 635], [366, 635], [365, 635], [364, 635]]]]","[87, [], 88, 64, 90, 91]"
66,66,"[[[54, 628]], [[53, 629]], [[52, 629]], [[51, 629]], [[50, 629]], [[49, 630]], [[48, 630]], [[47, 630]], [[46, 631]], [[45, 631]], [[44, 631]], [[43, 632]], [[42, 633]], [[41, 634]], [[40, 634]], [[40, 635]], [[40, 636]], [[39, 637]], [[39, 638]], [[38, 639]], [[37, 639]], [[38, 640]], [[37, 641]], [[37, 642]], [[36, 643]], [[36, 644]], [[36, 645]], [[35, 646]], [[35, 647]], [[35, 648]], [[35, 649]], [[36, 650]], [[37, 651]], [[37, 652]], [[37, 653]], [[38, 654]], [[38, 655]], [[39, 656]], [[39, 657]], [[40, 658]], [[40, 659]], [[40, 660]], [[40, 661]], [[40, 662]], [[40, 663]], [[40, 664]], [[40, 665]], [[40, 666]], [[40, 667]], [[41, 668]], [[41, 669]], [[42, 670]], [[42, 671]], [[42, 672]], [[42, 673]], [[42, 674]], [[42, 675]], [[43, 676]], [[42, 677]], [[41, 677]], [[42, 678]], [[43, 679]], [[43, 680]], [[44, 679]], [[45, 680]], [[46, 681]], [[46, 682]], [[47, 682]], [[48, 683]], [[49, 683]], [[50, 683]], [[51, 683]], [[52, 682]], [[52, 681]], [[51, 680]], [[52, 679]], [[52, 678]], [[53, 677]], [[54, 676]], [[55, 676]], [[56, 675]], [[57, 675]], [[58, 676]], [[58, 677]], [[58, 678]], [[58, 679]], [[59, 680]], [[59, 681]], [[58, 682]], [[58, 683]], [[58, 684]], [[59, 685]], [[60, 685]], [[60, 684]], [[61, 683]], [[62, 683]], [[63, 682]], [[64, 682]], [[65, 681]], [[64, 682]], [[63, 682]], [[62, 681]], [[63, 680]], [[63, 679]], [[64, 678]], [[65, 677]], [[64, 676]], [[65, 675]], [[66, 675]], [[67, 675]], [[68, 674]], [[69, 674]], [[70, 674]], [[71, 673]], [[72, 672]], [[73, 672]], [[74, 672]], [[75, 671]], [[76, 671]], [[77, 670]], [[78, 669]], [[79, 668]], [[80, 667]], [[80, 666]], [[81, 665]], [[81, 664]], [[81, 663]], [[81, 662]], [[81, 661]], [[81, 660]], [[81, 659]], [[80, 658]], [[79, 657]], [[79, 656]], [[78, 656]], [[77, 655]], [[76, 654]], [[75, 654]], [[74, 653]], [[73, 652]], [[73, 651]], [[73, 650]], [[74, 649]], [[75, 648]], [[75, 647]], [[75, 646]], [[74, 645]], [[74, 644]], [[74, 643]], [[74, 642]], [[74, 641]], [[73, 640]], [[73, 639]], [[72, 638]], [[72, 637]], [[71, 636]], [[70, 635]], [[69, 634]], [[68, 633]], [[68, 632]], [[67, 631]], [[66, 630]], [[65, 630]], [[64, 629]], [[63, 629]], [[62, 629]], [[61, 629]], [[60, 628]], [[59, 628]], [[58, 628]], [[57, 628]], [[56, 628]], [[55, 628]]]","[[], [[[27, 635], [27, 636], [28, 637], [28, 638], [29, 639], [29, 640], [29, 641], [28, 642], [27, 642], [26, 642], [25, 641], [24, 642], [24, 643], [24, 644], [23, 645], [22, 646], [22, 647], [21, 648], [22, 649], [22, 650], [23, 650], [24, 649], [25, 649], [26, 649], [27, 649], [27, 648], [27, 647], [26, 646], [26, 645], [27, 644], [27, 643], [28, 642], [29, 643], [30, 644], [30, 645], [30, 646], [30, 647], [31, 647], [32, 647], [33, 648], [34, 647], [34, 646], [34, 645], [33, 645], [32, 645], [31, 645], [30, 644], [30, 643], [31, 642], [32, 641], [32, 640], [31, 639], [30, 638], [30, 637], [29, 636], [28, 635]]], [[[82, 660], [82, 661], [82, 662], [82, 663], [82, 664], [82, 665], [81, 666], [81, 667], [80, 668], [80, 669], [79, 670], [78, 670], [78, 671], [79, 672], [79, 671], [80, 670], [81, 670], [82, 670], [82, 669], [82, 668], [83, 667], [83, 666], [83, 665], [83, 664], [83, 663], [83, 662], [83, 661]]]]","[[], 92, 93]"
67,67,"[[[666, 622]], [[665, 623]], [[665, 624]], [[664, 625]], [[663, 624]], [[663, 625]], [[662, 626]], [[661, 626]], [[660, 625]], [[660, 624]], [[659, 624]], [[658, 624]], [[657, 625]], [[657, 626]], [[657, 627]], [[658, 628]], [[659, 628]], [[660, 629]], [[661, 629]], [[662, 630]], [[663, 631]], [[664, 632]], [[665, 633]], [[666, 634]], [[667, 634]], [[668, 635]], [[669, 635]], [[670, 635]], [[671, 635]], [[672, 634]], [[673, 633]], [[674, 633]], [[674, 632]], [[674, 631]], [[674, 630]], [[674, 629]], [[674, 628]], [[674, 627]], [[673, 626]], [[672, 625]], [[671, 624]], [[670, 623]], [[669, 623]], [[668, 622]], [[667, 622]]]","[[], [[[654, 627], [653, 628], [652, 628], [651, 629], [650, 630], [649, 631], [648, 631], [647, 631], [646, 631], [645, 631], [646, 631], [647, 631], [648, 631], [649, 631], [650, 631], [651, 631], [652, 630], [653, 630], [654, 630], [655, 630], [656, 630], [657, 630], [658, 630], [659, 631], [660, 632], [661, 632], [662, 633], [663, 633], [664, 634], [665, 635], [666, 636], [667, 637], [668, 638], [669, 639], [669, 640], [669, 641], [669, 642], [670, 642], [670, 641], [670, 640], [671, 639], [670, 639], [669, 638], [669, 637], [668, 636], [667, 635], [666, 635], [665, 634], [664, 633], [663, 632], [662, 631], [661, 630], [660, 630], [659, 629], [658, 629], [657, 628], [656, 627], [655, 627]]], [[[668, 606], [667, 607], [667, 608], [666, 609], [667, 610], [668, 611], [668, 612], [667, 613], [667, 614], [667, 615], [667, 616], [668, 617], [668, 618], [668, 619], [667, 620], [668, 621], [669, 620], [669, 619], [669, 618], [668, 617], [669, 616], [669, 615], [669, 614], [668, 613], [669, 612], [670, 611], [671, 610], [672, 610], [673, 609], [674, 608], [674, 607], [673, 606], [672, 606], [671, 606], [670, 606], [669, 606]]]]","[[], 94, 95]"
68,68,"[[[269, 622]], [[268, 623]], [[267, 623]], [[266, 623]], [[265, 623]], [[264, 623]], [[263, 623]], [[262, 623]], [[261, 623]], [[260, 624]], [[259, 624]], [[259, 625]], [[258, 626]], [[258, 627]], [[258, 628]], [[258, 629]], [[257, 630]], [[256, 631]], [[255, 632]], [[256, 633]], [[257, 634]], [[257, 635]], [[258, 635]], [[259, 636]], [[260, 636]], [[261, 636]], [[262, 636]], [[263, 637]], [[263, 638]], [[262, 639]], [[262, 640]], [[262, 641]], [[263, 641]], [[264, 641]], [[265, 641]], [[265, 640]], [[265, 639]], [[265, 638]], [[266, 637]], [[267, 637]], [[268, 637]], [[269, 637]], [[270, 637]], [[271, 637]], [[272, 637]], [[273, 637]], [[274, 637]], [[275, 637]], [[276, 637]], [[277, 636]], [[278, 636]], [[279, 636]], [[280, 636]], [[281, 636]], [[282, 635]], [[283, 635]], [[284, 634]], [[284, 633]], [[285, 632]], [[285, 631]], [[285, 630]], [[285, 629]], [[285, 628]], [[285, 627]], [[285, 626]], [[284, 625]], [[283, 624]], [[282, 624]], [[281, 623]], [[280, 623]], [[279, 623]], [[278, 622]], [[277, 622]], [[276, 622]], [[275, 622]], [[274, 623]], [[273, 623]], [[272, 623]], [[271, 622]], [[270, 622]]]",[[]],[]
69,69,"[[[340, 588]], [[339, 589]], [[338, 589]], [[338, 590]], [[337, 591]], [[337, 592]], [[336, 593]], [[335, 594]], [[335, 595]], [[335, 596]], [[335, 597]], [[335, 598]], [[335, 599]], [[335, 600]], [[334, 601]], [[334, 602]], [[334, 603]], [[333, 604]], [[333, 605]], [[333, 606]], [[333, 607]], [[333, 608]], [[333, 609]], [[333, 610]], [[333, 611]], [[333, 612]], [[334, 613]], [[335, 613]], [[336, 614]], [[337, 614]], [[338, 614]], [[339, 614]], [[340, 613]], [[341, 613]], [[342, 612]], [[343, 611]], [[344, 610]], [[345, 609]], [[346, 608]], [[347, 608]], [[348, 607]], [[348, 606]], [[349, 605]], [[349, 604]], [[349, 603]], [[350, 602]], [[350, 601]], [[350, 600]], [[350, 599]], [[351, 598]], [[352, 597]], [[351, 596]], [[351, 595]], [[351, 594]], [[350, 593]], [[350, 592]], [[349, 591]], [[348, 591]], [[347, 590]], [[346, 590]], [[345, 590]], [[344, 590]], [[343, 589]], [[342, 589]], [[341, 589]]]","[[[[338, 580], [337, 581], [337, 582], [336, 583], [336, 584], [337, 584], [338, 584], [339, 585], [340, 586], [340, 587], [341, 588], [342, 588], [343, 588], [344, 589], [345, 589], [346, 589], [347, 589], [348, 590], [349, 590], [350, 591], [351, 590], [352, 589], [353, 589], [354, 590], [354, 591], [355, 591], [356, 592], [356, 593], [356, 594], [355, 595], [354, 595], [353, 595], [352, 595], [353, 596], [354, 596], [355, 595], [356, 595], [357, 596], [358, 596], [359, 597], [359, 598], [358, 599], [359, 598], [360, 598], [361, 598], [362, 599], [363, 599], [363, 598], [362, 597], [361, 597], [360, 597], [359, 596], [358, 595], [358, 594], [357, 593], [356, 592], [357, 591], [356, 590], [356, 589], [355, 588], [354, 587], [353, 587], [352, 587], [351, 587], [350, 587], [349, 587], [348, 588], [347, 587], [346, 586], [346, 585], [345, 584], [344, 585], [343, 585], [342, 585], [341, 585], [340, 584], [340, 583], [340, 582], [340, 581], [340, 580], [339, 580]]], [[[329, 585], [328, 586], [327, 586], [326, 586], [325, 586], [326, 587], [327, 588], [328, 588], [329, 588], [330, 589], [331, 590], [332, 591], [333, 592], [334, 593], [335, 593], [336, 592], [336, 591], [335, 591], [334, 591], [333, 591], [332, 591], [331, 590], [331, 589], [330, 588], [330, 587], [329, 586]], [[338, 580], [337, 581], [337, 582], [336, 583], [336, 584], [337, 584], [338, 584], [339, 585], [340, 586], [340, 587], [341, 588], [342, 588], [343, 588], [344, 589], [345, 589], [346, 589], [347, 589], [348, 590], [349, 590], [350, 591], [351, 590], [352, 589], [353, 589], [354, 590], [354, 591], [355, 591], [356, 592], [356, 593], [356, 594], [355, 595], [354, 595], [353, 595], [352, 595], [353, 596], [354, 596], [355, 595], [356, 595], [357, 596], [358, 596], [359, 597], [359, 598], [358, 599], [359, 598], [360, 598], [361, 598], [362, 599], [363, 599], [363, 598], [362, 597], [361, 597], [360, 597], [359, 596], [358, 595], [358, 594], [357, 593], [356, 592], [357, 591], [356, 590], [356, 589], [355, 588], [354, 587], [353, 587], [352, 587], [351, 587], [350, 587], [349, 587], [348, 588], [347, 587], [346, 586], [346, 585], [345, 584], [344, 585], [343, 585], [342, 585], [341, 585], [340, 584], [340, 583], [340, 582], [340, 581], [340, 580], [339, 580]]], [[[329, 585], [328, 586], [327, 586], [326, 586], [325, 586], [326, 587], [327, 588], [328, 588], [329, 588], [330, 589], [331, 590], [332, 591], [333, 592], [334, 593], [335, 593], [336, 592], [336, 591], [335, 591], [334, 591], [333, 591], [332, 591], [331, 590], [331, 589], [330, 588], [330, 587], [329, 586]]], [[[326, 609], [325, 610], [324, 610], [324, 611], [323, 612], [322, 612], [321, 612], [320, 612], [320, 613], [320, 614], [319, 615], [318, 616], [317, 617], [317, 618], [316, 619], [315, 619], [314, 619], [313, 619], [312, 620], [312, 621], [312, 622], [312, 623], [311, 624], [310, 624], [309, 624], [308, 625], [308, 626], [308, 627], [309, 627], [310, 627], [311, 627], [312, 626], [312, 625], [313, 624], [314, 625], [314, 626], [314, 627], [314, 628], [313, 629], [314, 629], [315, 630], [316, 630], [316, 629], [316, 628], [316, 627], [316, 626], [316, 625], [316, 624], [316, 623], [316, 622], [315, 621], [316, 620], [317, 619], [318, 619], [318, 618], [318, 617], [319, 616], [320, 615], [320, 614], [321, 613], [322, 613], [323, 612], [324, 612], [325, 612], [326, 612], [327, 612], [328, 613], [328, 614], [329, 615], [330, 615], [331, 614], [332, 614], [333, 615], [333, 616], [334, 617], [334, 618], [334, 619], [335, 619], [335, 618], [335, 617], [336, 616], [337, 617], [338, 617], [339, 617], [340, 617], [341, 617], [342, 616], [343, 616], [344, 616], [345, 616], [346, 616], [347, 616], [348, 616], [349, 616], [350, 616], [351, 615], [350, 615], [349, 614], [350, 613], [349, 612], [349, 613], [349, 614], [348, 615], [347, 616], [346, 616], [345, 615], [344, 615], [343, 614], [342, 614], [341, 615], [340, 616], [339, 616], [338, 616], [337, 615], [336, 615], [335, 614], [334, 614], [333, 613], [332, 613], [331, 613], [330, 612], [329, 611], [328, 610], [327, 609]]]]","[96, 97, 98, 87]"
70,70,"[[[55, 568]], [[54, 569]], [[53, 570]], [[53, 571]], [[52, 572]], [[51, 573]], [[50, 574]], [[49, 574]], [[48, 574]], [[47, 575]], [[47, 576]], [[46, 577]], [[45, 578]], [[45, 579]], [[44, 580]], [[44, 581]], [[43, 582]], [[43, 583]], [[42, 584]], [[42, 585]], [[42, 586]], [[42, 587]], [[42, 588]], [[43, 589]], [[43, 590]], [[44, 591]], [[45, 592]], [[46, 593]], [[46, 594]], [[47, 595]], [[48, 596]], [[49, 597]], [[50, 597]], [[51, 598]], [[52, 597]], [[53, 597]], [[54, 596]], [[55, 595]], [[56, 594]], [[57, 594]], [[58, 593]], [[59, 592]], [[60, 591]], [[61, 590]], [[62, 589]], [[63, 589]], [[64, 588]], [[65, 587]], [[66, 587]], [[66, 586]], [[67, 585]], [[67, 584]], [[68, 583]], [[68, 582]], [[68, 581]], [[69, 580]], [[69, 579]], [[69, 578]], [[69, 577]], [[69, 576]], [[69, 575]], [[68, 574]], [[67, 574]], [[66, 574]], [[65, 573]], [[64, 573]], [[63, 572]], [[62, 572]], [[61, 571]], [[60, 571]], [[59, 570]], [[58, 569]], [[57, 568]], [[56, 568]]]",[],[]
71,71,"[[[155, 545]], [[154, 546]], [[153, 546]], [[152, 547]], [[151, 547]], [[150, 548]], [[149, 548]], [[149, 549]], [[148, 550]], [[147, 551]], [[147, 552]], [[146, 553]], [[146, 554]], [[145, 555]], [[145, 556]], [[144, 557]], [[144, 558]], [[144, 559]], [[143, 560]], [[143, 561]], [[143, 562]], [[143, 563]], [[143, 564]], [[143, 565]], [[143, 566]], [[143, 567]], [[142, 568]], [[143, 569]], [[143, 570]], [[144, 571]], [[143, 572]], [[144, 573]], [[144, 574]], [[145, 575]], [[144, 576]], [[143, 577]], [[142, 576]], [[141, 576]], [[140, 577]], [[139, 578]], [[138, 579]], [[139, 580]], [[139, 581]], [[139, 582]], [[138, 583]], [[137, 583]], [[137, 584]], [[137, 585]], [[136, 586]], [[137, 586]], [[138, 587]], [[138, 588]], [[138, 589]], [[138, 590]], [[138, 591]], [[137, 592]], [[136, 593]], [[135, 593]], [[135, 594]], [[134, 595]], [[134, 596]], [[133, 597]], [[132, 598]], [[132, 599]], [[132, 600]], [[131, 601]], [[130, 601]], [[130, 602]], [[130, 603]], [[130, 604]], [[130, 605]], [[130, 606]], [[130, 607]], [[130, 608]], [[130, 609]], [[130, 610]], [[129, 611]], [[130, 611]], [[131, 611]], [[132, 611]], [[133, 612]], [[133, 613]], [[134, 614]], [[134, 615]], [[133, 616]], [[134, 617]], [[135, 616]], [[136, 615]], [[137, 616]], [[138, 617]], [[139, 617]], [[140, 618]], [[141, 619]], [[141, 620]], [[141, 621]], [[141, 622]], [[140, 623]], [[141, 624]], [[141, 625]], [[141, 626]], [[142, 627]], [[142, 628]], [[143, 629]], [[144, 629]], [[145, 629]], [[146, 629]], [[147, 628]], [[148, 627]], [[149, 626]], [[149, 625]], [[149, 624]], [[150, 623]], [[149, 622]], [[149, 621]], [[149, 620]], [[149, 619]], [[149, 618]], [[149, 617]], [[150, 616]], [[151, 616]], [[152, 615]], [[153, 615]], [[154, 615]], [[154, 614]], [[154, 613]], [[155, 612]], [[156, 611]], [[157, 610]], [[158, 609]], [[159, 609]], [[160, 608]], [[161, 607]], [[162, 607]], [[163, 606]], [[164, 605]], [[165, 605]], [[166, 604]], [[167, 604]], [[168, 603]], [[168, 602]], [[168, 601]], [[168, 600]], [[169, 599]], [[169, 598]], [[169, 597]], [[169, 596]], [[169, 595]], [[170, 594]], [[171, 593]], [[172, 594]], [[172, 595]], [[173, 596]], [[173, 597]], [[173, 598]], [[173, 599]], [[173, 600]], [[172, 601]], [[172, 602]], [[171, 603]], [[171, 604]], [[171, 605]], [[170, 606]], [[170, 607]], [[170, 608]], [[169, 609]], [[169, 610]], [[168, 611]], [[167, 611]], [[166, 612]], [[166, 613]], [[165, 614]], [[165, 615]], [[164, 616]], [[163, 617]], [[163, 618]], [[164, 619]], [[164, 620]], [[164, 621]], [[164, 622]], [[164, 623]], [[163, 624]], [[162, 625]], [[161, 626]], [[160, 626]], [[159, 627]], [[158, 627]], [[157, 628]], [[157, 629]], [[156, 630]], [[155, 630]], [[154, 631]], [[153, 632]], [[152, 632]], [[151, 633]], [[150, 634]], [[150, 635]], [[149, 636]], [[149, 637]], [[149, 638]], [[149, 639]], [[148, 640]], [[148, 641]], [[148, 642]], [[148, 643]], [[149, 644]], [[149, 645]], [[149, 646]], [[150, 647]], [[151, 647]], [[152, 648]], [[152, 649]], [[152, 650]], [[153, 651]], [[154, 652]], [[155, 653]], [[156, 654]], [[157, 654]], [[158, 654]], [[159, 655]], [[160, 655]], [[161, 656]], [[162, 657]], [[163, 657]], [[164, 657]], [[165, 657]], [[166, 657]], [[167, 657]], [[168, 657]], [[169, 657]], [[170, 658]], [[171, 658]], [[172, 659]], [[173, 658]], [[174, 658]], [[175, 658]], [[176, 658]], [[177, 658]], [[178, 658]], [[179, 658]], [[180, 658]], [[181, 657]], [[182, 658]], [[183, 658]], [[184, 658]], [[185, 659]], [[186, 659]], [[187, 658]], [[188, 658]], [[189, 658]], [[190, 657]], [[191, 657]], [[192, 657]], [[193, 657]], [[194, 656]], [[195, 655]], [[196, 655]], [[197, 655]], [[198, 654]], [[199, 654]], [[199, 653]], [[200, 652]], [[200, 651]], [[201, 650]], [[202, 650]], [[203, 649]], [[204, 649]], [[205, 648]], [[206, 648]], [[207, 647]], [[208, 647]], [[209, 646]], [[209, 645]], [[210, 644]], [[211, 643]], [[211, 642]], [[212, 641]], [[212, 640]], [[213, 639]], [[213, 638]], [[213, 637]], [[213, 636]], [[214, 635]], [[214, 634]], [[215, 633]], [[215, 632]], [[215, 631]], [[215, 630]], [[216, 629]], [[216, 628]], [[216, 627]], [[216, 626]], [[216, 625]], [[216, 624]], [[216, 623]], [[217, 622]], [[218, 622]], [[219, 622]], [[220, 622]], [[221, 621]], [[222, 620]], [[222, 619]], [[223, 618]], [[223, 617]], [[223, 616]], [[223, 615]], [[224, 614]], [[224, 613]], [[225, 612]], [[225, 611]], [[225, 610]], [[225, 609]], [[225, 608]], [[225, 607]], [[225, 606]], [[224, 605]], [[224, 604]], [[223, 603]], [[222, 602]], [[222, 601]], [[221, 600]], [[221, 599]], [[220, 598]], [[219, 597]], [[218, 596]], [[217, 596]], [[216, 596]], [[215, 596]], [[214, 596]], [[213, 596]], [[212, 596]], [[211, 597]], [[210, 596]], [[209, 597]], [[208, 597]], [[207, 597]], [[206, 597]], [[205, 596]], [[204, 595]], [[204, 594]], [[204, 593]], [[205, 592]], [[205, 591]], [[204, 591]], [[203, 591]], [[202, 590]], [[201, 589]], [[201, 588]], [[202, 587]], [[203, 587]], [[204, 588]], [[205, 588]], [[206, 588]], [[206, 587]], [[205, 586]], [[205, 585]], [[205, 584]], [[204, 584]], [[203, 585]], [[202, 584]], [[201, 583]], [[201, 582]], [[201, 581]], [[201, 580]], [[200, 579]], [[199, 579]], [[198, 579]], [[197, 579]], [[196, 579]], [[195, 580]], [[194, 580]], [[193, 580]], [[192, 581]], [[191, 580]], [[190, 580]], [[189, 581]], [[188, 581]], [[187, 580]], [[186, 580]], [[185, 580]], [[184, 581]], [[183, 581]], [[182, 582]], [[181, 583]], [[180, 584]], [[179, 585]], [[178, 586]], [[177, 586]], [[176, 587]], [[175, 588]], [[174, 589]], [[173, 590]], [[173, 591]], [[173, 592]], [[172, 593]], [[171, 592]], [[170, 591]], [[170, 590]], [[170, 589]], [[171, 588]], [[171, 587]], [[171, 586]], [[172, 585]], [[172, 584]], [[173, 583]], [[173, 582]], [[172, 581]], [[172, 580]], [[173, 579]], [[174, 578]], [[175, 577]], [[175, 576]], [[176, 575]], [[177, 574]], [[177, 573]], [[178, 572]], [[179, 571]], [[179, 570]], [[180, 569]], [[180, 568]], [[180, 567]], [[180, 566]], [[180, 565]], [[181, 564]], [[182, 563]], [[182, 562]], [[182, 561]], [[182, 560]], [[182, 559]], [[181, 558]], [[180, 558]], [[179, 557]], [[179, 556]], [[178, 555]], [[178, 554]], [[177, 553]], [[176, 553]], [[175, 553]], [[174, 552]], [[173, 551]], [[172, 550]], [[171, 550]], [[170, 549]], [[169, 548]], [[168, 548]], [[167, 547]], [[166, 547]], [[165, 546]], [[164, 546]], [[163, 546]], [[162, 545]], [[161, 545]], [[160, 545]], [[159, 545]], [[158, 545]], [[157, 545]], [[156, 545]]]","[[[[140, 529], [140, 530], [140, 531], [141, 532], [141, 533], [141, 534], [142, 535], [142, 536], [142, 537], [142, 538], [142, 539], [142, 540], [143, 541], [143, 542], [143, 543], [143, 544], [144, 545], [145, 546], [145, 547], [146, 548], [147, 548], [148, 548], [149, 547], [150, 547], [151, 546], [152, 546], [153, 545], [154, 545], [155, 544], [156, 544], [157, 544], [158, 544], [158, 543], [158, 542], [158, 541], [157, 541], [156, 541], [155, 540], [155, 539], [154, 540], [154, 541], [153, 542], [152, 543], [151, 544], [150, 544], [149, 544], [148, 545], [147, 546], [146, 546], [145, 545], [145, 544], [145, 543], [145, 542], [145, 541], [145, 540], [145, 539], [145, 538], [146, 537], [146, 536], [146, 535], [146, 534], [145, 533], [144, 532], [143, 532], [142, 531], [143, 530], [142, 529], [141, 530]]], [[[139, 565], [138, 566], [137, 566], [136, 566], [135, 566], [135, 567], [135, 568], [134, 569], [133, 569], [133, 570], [133, 571], [134, 572], [134, 573], [133, 574], [133, 575], [133, 576], [134, 576], [135, 575], [136, 574], [137, 575], [137, 576], [137, 577], [137, 578], [136, 579], [135, 580], [134, 580], [133, 581], [132, 580], [131, 579], [130, 578], [130, 577], [129, 576], [128, 577], [128, 578], [128, 579], [128, 580], [128, 581], [129, 582], [130, 583], [131, 583], [132, 583], [133, 583], [134, 584], [134, 585], [134, 586], [134, 587], [134, 588], [134, 589], [134, 590], [134, 591], [134, 592], [133, 593], [132, 593], [133, 594], [132, 595], [132, 596], [131, 597], [131, 598], [131, 599], [131, 598], [132, 597], [133, 596], [133, 595], [134, 594], [134, 593], [135, 592], [136, 592], [137, 591], [137, 590], [137, 589], [137, 588], [137, 587], [136, 587], [135, 586], [136, 585], [136, 584], [136, 583], [137, 582], [138, 582], [138, 581], [138, 580], [137, 579], [138, 578], [139, 577], [140, 576], [141, 575], [142, 575], [143, 576], [144, 575], [143, 574], [143, 573], [142, 572], [143, 571], [142, 570], [141, 570], [140, 569], [140, 568], [141, 567], [142, 566], [141, 565], [140, 565]]], [], [[[126, 608], [125, 609], [124, 609], [124, 610], [124, 611], [124, 612], [124, 613], [123, 614], [122, 614], [122, 615], [122, 616], [123, 616], [124, 616], [125, 617], [126, 617], [127, 618], [128, 618], [129, 618], [130, 618], [130, 617], [129, 617], [128, 617], [127, 616], [126, 615], [126, 614], [126, 613], [126, 612], [126, 611], [127, 610], [126, 609]]], [[[152, 652], [152, 653], [153, 654], [154, 655], [155, 656], [156, 657], [157, 657], [158, 657], [159, 657], [160, 658], [161, 658], [162, 659], [163, 659], [164, 659], [165, 659], [166, 659], [167, 659], [168, 660], [169, 661], [169, 662], [169, 663], [169, 664], [169, 665], [170, 666], [171, 665], [172, 664], [172, 663], [173, 662], [174, 662], [175, 661], [176, 661], [177, 662], [178, 662], [179, 662], [180, 662], [181, 662], [182, 661], [183, 660], [184, 660], [185, 660], [184, 659], [183, 659], [182, 659], [181, 658], [180, 659], [179, 659], [178, 659], [177, 659], [176, 659], [175, 659], [174, 660], [173, 660], [172, 660], [171, 659], [170, 659], [169, 658], [168, 658], [167, 658], [166, 658], [165, 658], [164, 658], [163, 659], [162, 658], [161, 657], [160, 656], [159, 656], [158, 655], [157, 655], [156, 655], [155, 654], [154, 653], [153, 652]]], [[[207, 562], [207, 563], [207, 564], [207, 565], [207, 566], [206, 567], [206, 568], [206, 569], [206, 570], [206, 571], [205, 572], [204, 572], [203, 573], [203, 574], [204, 575], [204, 576], [205, 577], [204, 578], [203, 578], [202, 578], [201, 577], [200, 576], [199, 576], [198, 576], [197, 576], [197, 577], [198, 577], [199, 578], [200, 578], [201, 579], [202, 580], [202, 581], [202, 582], [202, 583], [203, 584], [204, 583], [205, 583], [205, 582], [205, 581], [205, 580], [206, 579], [207, 579], [208, 579], [209, 579], [210, 579], [211, 579], [212, 579], [213, 578], [214, 577], [215, 577], [215, 576], [214, 576], [213, 576], [212, 576], [211, 576], [210, 576], [209, 576], [208, 576], [207, 575], [206, 574], [206, 573], [207, 572], [207, 571], [208, 570], [209, 570], [209, 569], [210, 568], [211, 567], [212, 566], [212, 565], [211, 564], [210, 563], [209, 562], [208, 562]]]]","[100, 101, [], 102, 83, 104]"
72,72,"[[[675, 529]], [[674, 530]], [[673, 531]], [[672, 531]], [[671, 531]], [[670, 532]], [[669, 532]], [[668, 533]], [[667, 534]], [[667, 535]], [[666, 536]], [[666, 537]], [[665, 538]], [[664, 539]], [[663, 540]], [[662, 540]], [[661, 541]], [[660, 541]], [[659, 542]], [[659, 543]], [[658, 544]], [[657, 545]], [[656, 545]], [[655, 545]], [[654, 545]], [[653, 545]], [[652, 546]], [[651, 546]], [[650, 547]], [[649, 548]], [[648, 548]], [[648, 549]], [[647, 550]], [[646, 551]], [[646, 552]], [[645, 553]], [[645, 554]], [[645, 555]], [[644, 556]], [[644, 557]], [[643, 558]], [[642, 559]], [[641, 560]], [[640, 560]], [[640, 561]], [[640, 562]], [[639, 563]], [[639, 564]], [[639, 565]], [[639, 566]], [[640, 566]], [[641, 567]], [[642, 568]], [[643, 569]], [[643, 570]], [[644, 571]], [[645, 572]], [[646, 573]], [[647, 574]], [[648, 574]], [[649, 574]], [[650, 574]], [[651, 574]], [[652, 574]], [[653, 574]], [[654, 575]], [[655, 575]], [[656, 575]], [[657, 575]], [[658, 575]], [[659, 575]], [[660, 575]], [[661, 575]], [[662, 575]], [[663, 575]], [[664, 575]], [[665, 575]], [[666, 575]], [[667, 575]], [[668, 576]], [[669, 576]], [[670, 576]], [[671, 575]], [[672, 575]], [[673, 575]], [[674, 575]], [[675, 576]], [[676, 576]], [[677, 576]], [[678, 576]], [[679, 576]], [[680, 577]], [[681, 578]], [[682, 578]], [[683, 578]], [[684, 578]], [[685, 578]], [[686, 578]], [[687, 578]], [[688, 578]], [[689, 578]], [[690, 578]], [[691, 578]], [[692, 578]], [[693, 578]], [[694, 579]], [[695, 579]], [[696, 579]], [[697, 580]], [[698, 580]], [[699, 581]], [[700, 581]], [[701, 581]], [[702, 581]], [[703, 581]], [[704, 581]], [[705, 580]], [[706, 580]], [[707, 580]], [[708, 580]], [[709, 579]], [[710, 579]], [[711, 579]], [[712, 578]], [[713, 578]], [[714, 577]], [[715, 577]], [[716, 577]], [[717, 576]], [[718, 575]], [[718, 574]], [[719, 573]], [[719, 572]], [[719, 571]], [[720, 570]], [[721, 569]], [[722, 569]], [[722, 568]], [[723, 567]], [[724, 568]], [[724, 569]], [[724, 570]], [[723, 571]], [[722, 572]], [[722, 573]], [[722, 574]], [[722, 573]], [[723, 572]], [[724, 572]], [[725, 572]], [[726, 572]], [[727, 573]], [[726, 574]], [[726, 575]], [[725, 576]], [[725, 577]], [[725, 578]], [[725, 579]], [[725, 580]], [[725, 581]], [[725, 582]], [[725, 583]], [[725, 584]], [[725, 585]], [[725, 586]], [[725, 587]], [[725, 588]], [[726, 589]], [[726, 590]], [[726, 591]], [[726, 592]], [[727, 593]], [[727, 594]], [[726, 595]], [[725, 595]], [[726, 595]], [[727, 596]], [[728, 597]], [[728, 598]], [[729, 598]], [[730, 598]], [[731, 599]], [[732, 599]], [[733, 599]], [[734, 598]], [[735, 598]], [[736, 599]], [[736, 600]], [[736, 601]], [[735, 602]], [[734, 601]], [[734, 602]], [[733, 603]], [[732, 604]], [[733, 604]], [[734, 604]], [[735, 605]], [[736, 605]], [[737, 606]], [[738, 606]], [[739, 607]], [[739, 608]], [[740, 609]], [[740, 610]], [[741, 611]], [[741, 612]], [[740, 613]], [[739, 612]], [[740, 613]], [[740, 614]], [[740, 615]], [[741, 616]], [[742, 617]], [[742, 618]], [[743, 619]], [[743, 620]], [[744, 621]], [[743, 622]], [[743, 623]], [[744, 624]], [[744, 625]], [[744, 626]], [[745, 626]], [[746, 626]], [[747, 627]], [[748, 627]], [[749, 628]], [[750, 629]], [[749, 630]], [[748, 630]], [[747, 630]], [[746, 631]], [[745, 632]], [[744, 632]], [[743, 633]], [[742, 633]], [[741, 634]], [[740, 635]], [[739, 635]], [[738, 635]], [[737, 635]], [[736, 634]], [[735, 633]], [[734, 634]], [[733, 634]], [[732, 635]], [[731, 636]], [[730, 636]], [[730, 637]], [[729, 638]], [[728, 639]], [[727, 640]], [[727, 641]], [[726, 642]], [[725, 643]], [[725, 644]], [[725, 645]], [[725, 646]], [[724, 647]], [[724, 648]], [[724, 649]], [[724, 650]], [[723, 651]], [[723, 652]], [[723, 653]], [[723, 654]], [[723, 655]], [[723, 656]], [[723, 657]], [[723, 658]], [[723, 659]], [[723, 660]], [[723, 661]], [[723, 662]], [[723, 663]], [[723, 664]], [[723, 665]], [[722, 666]], [[723, 667]], [[723, 668]], [[724, 668]], [[725, 668]], [[726, 668]], [[727, 668]], [[728, 667]], [[729, 666]], [[730, 666]], [[731, 665]], [[731, 664]], [[732, 663]], [[732, 662]], [[733, 661]], [[733, 660]], [[734, 659]], [[735, 658]], [[736, 658]], [[737, 658]], [[738, 657]], [[739, 657]], [[740, 657]], [[740, 656]], [[739, 655]], [[739, 654]], [[739, 653]], [[740, 652]], [[741, 652]], [[741, 651]], [[741, 650]], [[742, 649]], [[743, 648]], [[744, 647]], [[745, 646]], [[745, 645]], [[746, 644]], [[747, 644]], [[748, 644]], [[749, 643]], [[750, 642]], [[751, 642]], [[751, 641]], [[751, 640]], [[752, 639]], [[753, 638]], [[754, 637]], [[754, 636]], [[754, 635]], [[753, 634]], [[754, 633]], [[755, 632]], [[756, 631]], [[757, 631]], [[758, 630]], [[759, 629]], [[760, 629]], [[761, 629]], [[762, 629]], [[763, 629]], [[764, 629]], [[765, 629]], [[766, 628]], [[767, 628]], [[768, 627]], [[769, 626]], [[770, 626]], [[770, 625]], [[770, 624]], [[770, 623]], [[770, 622]], [[771, 621]], [[771, 620]], [[771, 619]], [[772, 618]], [[772, 617]], [[772, 616]], [[773, 615]], [[773, 614]], [[774, 613]], [[774, 612]], [[775, 611]], [[775, 610]], [[775, 609]], [[776, 608]], [[776, 607]], [[777, 606]], [[777, 605]], [[777, 604]], [[778, 603]], [[778, 602]], [[778, 601]], [[779, 600]], [[779, 599]], [[779, 598]], [[779, 597]], [[780, 596]], [[780, 595]], [[780, 594]], [[780, 593]], [[780, 592]], [[780, 591]], [[780, 590]], [[779, 589]], [[779, 588]], [[779, 587]], [[779, 586]], [[778, 585]], [[778, 584]], [[777, 583]], [[777, 582]], [[776, 582]], [[775, 581]], [[774, 581]], [[773, 580]], [[772, 580]], [[771, 579]], [[770, 579]], [[769, 579]], [[768, 578]], [[768, 577]], [[768, 576]], [[768, 575]], [[768, 574]], [[768, 573]], [[767, 572]], [[767, 571]], [[766, 570]], [[766, 569]], [[766, 568]], [[765, 567]], [[764, 566]], [[764, 565]], [[763, 564]], [[762, 563]], [[761, 563]], [[760, 563]], [[759, 562]], [[758, 562]], [[757, 562]], [[756, 561]], [[755, 561]], [[754, 561]], [[753, 560]], [[752, 560]], [[751, 560]], [[750, 561]], [[749, 561]], [[748, 561]], [[747, 562]], [[746, 562]], [[746, 563]], [[745, 564]], [[744, 565]], [[743, 565]], [[742, 566]], [[741, 566]], [[740, 567]], [[739, 567]], [[738, 568]], [[737, 569]], [[736, 569]], [[735, 570]], [[734, 571]], [[733, 571]], [[732, 571]], [[731, 571]], [[730, 571]], [[729, 570]], [[730, 569]], [[730, 568]], [[731, 567]], [[731, 566]], [[731, 565]], [[731, 564]], [[731, 563]], [[730, 563]], [[729, 562]], [[728, 562]], [[727, 562]], [[727, 563]], [[726, 564]], [[725, 565]], [[724, 564]], [[723, 564]], [[722, 564]], [[721, 563]], [[721, 562]], [[722, 561]], [[722, 560]], [[723, 559]], [[724, 559]], [[724, 558]], [[725, 557]], [[725, 556]], [[725, 555]], [[726, 554]], [[726, 553]], [[727, 552]], [[727, 551]], [[727, 550]], [[727, 549]], [[727, 548]], [[727, 547]], [[727, 546]], [[726, 545]], [[725, 544]], [[724, 543]], [[723, 543]], [[722, 542]], [[721, 542]], [[720, 542]], [[719, 542]], [[718, 542]], [[717, 542]], [[716, 541]], [[715, 540]], [[714, 540]], [[713, 540]], [[712, 540]], [[711, 539]], [[710, 539]], [[709, 539]], [[708, 539]], [[707, 538]], [[706, 538]], [[705, 538]], [[704, 538]], [[703, 538]], [[702, 538]], [[701, 538]], [[700, 537]], [[699, 537]], [[698, 536]], [[697, 536]], [[696, 536]], [[695, 536]], [[694, 535]], [[693, 534]], [[692, 533]], [[691, 533]], [[690, 532]], [[689, 531]], [[688, 531]], [[687, 530]], [[686, 530]], [[685, 530]], [[684, 529]], [[683, 529]], [[682, 529]], [[681, 529]], [[680, 529]], [[679, 529]], [[678, 529]], [[677, 529]], [[676, 529]]]","[[], [[[659, 533], [659, 534], [659, 535], [659, 536], [658, 537], [657, 537], [656, 537], [655, 537], [655, 538], [654, 539], [654, 540], [654, 541], [654, 542], [654, 543], [653, 544], [652, 545], [651, 545], [650, 545], [649, 545], [648, 544], [647, 544], [648, 545], [647, 546], [647, 547], [647, 548], [648, 547], [649, 547], [650, 546], [651, 545], [652, 545], [653, 544], [654, 544], [655, 544], [656, 544], [657, 544], [658, 543], [658, 542], [659, 541], [659, 540], [660, 539], [659, 538], [659, 537], [659, 536], [659, 535], [660, 534], [660, 533]]], [[[639, 559], [638, 560], [637, 561], [637, 562], [637, 563], [636, 564], [635, 564], [634, 564], [634, 565], [635, 565], [636, 566], [637, 567], [638, 568], [637, 569], [637, 570], [638, 571], [639, 571], [639, 570], [639, 569], [639, 568], [638, 567], [638, 566], [638, 565], [638, 564], [638, 563], [639, 562], [639, 561], [639, 560]]], [[[724, 573], [724, 574], [724, 575], [723, 576], [723, 577], [723, 578], [723, 579], [722, 580], [722, 581], [722, 582], [722, 583], [722, 584], [723, 585], [723, 586], [722, 587], [721, 587], [720, 587], [719, 586], [718, 586], [718, 587], [719, 587], [720, 588], [721, 589], [721, 590], [721, 591], [722, 592], [723, 592], [724, 593], [724, 594], [725, 594], [726, 594], [726, 593], [725, 592], [725, 591], [725, 590], [725, 589], [724, 588], [724, 587], [724, 586], [724, 585], [724, 584], [724, 583], [724, 582], [724, 581], [724, 580], [724, 579], [724, 578], [724, 577], [724, 576], [725, 575], [725, 574], [726, 573], [725, 573]]], [[[735, 659], [735, 660], [734, 661], [733, 662], [733, 663], [732, 664], [732, 665], [731, 666], [730, 667], [729, 667], [729, 668], [728, 669], [727, 670], [726, 671], [727, 671], [728, 671], [729, 671], [730, 670], [731, 670], [732, 670], [732, 669], [732, 668], [732, 667], [733, 666], [734, 665], [734, 664], [734, 663], [735, 662], [736, 661], [736, 660], [736, 659]]], [[[727, 529], [726, 530], [726, 531], [727, 532], [727, 533], [728, 534], [729, 535], [730, 536], [731, 537], [731, 538], [732, 539], [732, 540], [732, 541], [732, 542], [733, 543], [733, 544], [734, 545], [734, 546], [735, 546], [736, 547], [737, 547], [738, 548], [739, 549], [740, 549], [740, 548], [740, 547], [739, 546], [739, 545], [738, 544], [737, 544], [736, 543], [736, 542], [736, 541], [735, 540], [734, 539], [733, 539], [732, 538], [732, 537], [731, 536], [731, 535], [730, 534], [729, 533], [729, 532], [729, 531], [728, 530]], [[713, 524], [714, 525], [713, 526], [712, 527], [712, 528], [713, 529], [713, 530], [712, 531], [712, 532], [713, 532], [714, 531], [715, 532], [716, 532], [717, 533], [717, 534], [718, 535], [719, 536], [720, 537], [721, 538], [721, 539], [721, 540], [720, 541], [721, 541], [722, 541], [723, 541], [724, 542], [725, 543], [726, 544], [727, 545], [728, 545], [729, 546], [730, 546], [730, 545], [730, 544], [729, 543], [728, 542], [727, 541], [726, 541], [725, 541], [724, 541], [723, 541], [722, 540], [722, 539], [722, 538], [721, 537], [722, 536], [722, 535], [722, 534], [721, 533], [720, 533], [719, 532], [718, 532], [717, 532], [716, 531], [715, 530], [714, 529], [714, 528], [715, 527], [716, 527], [715, 526], [714, 525], [714, 524]]], [[[713, 524], [714, 525], [713, 526], [712, 527], [712, 528], [713, 529], [713, 530], [712, 531], [712, 532], [713, 532], [714, 531], [715, 532], [716, 532], [717, 533], [717, 534], [718, 535], [719, 536], [720, 537], [721, 538], [721, 539], [721, 540], [720, 541], [721, 541], [722, 541], [723, 541], [724, 542], [725, 543], [726, 544], [727, 545], [728, 545], [729, 546], [730, 546], [730, 545], [730, 544], [729, 543], [728, 542], [727, 541], [726, 541], [725, 541], [724, 541], [723, 541], [722, 540], [722, 539], [722, 538], [721, 537], [722, 536], [722, 535], [722, 534], [721, 533], [720, 533], [719, 532], [718, 532], [717, 532], [716, 531], [715, 530], [714, 529], [714, 528], [715, 527], [716, 527], [715, 526], [714, 525], [714, 524]]], [[[689, 519], [688, 520], [687, 520], [686, 520], [685, 520], [684, 520], [684, 521], [685, 521], [686, 521], [687, 521], [688, 521], [689, 522], [690, 522], [691, 523], [690, 524], [690, 525], [690, 526], [691, 525], [692, 525], [693, 525], [694, 526], [695, 527], [696, 528], [697, 529], [698, 529], [699, 529], [700, 530], [699, 531], [700, 532], [700, 533], [700, 534], [700, 535], [700, 536], [701, 536], [702, 536], [702, 535], [703, 534], [704, 534], [704, 533], [703, 532], [702, 532], [701, 531], [700, 530], [699, 529], [699, 528], [698, 528], [697, 527], [696, 526], [696, 525], [695, 524], [695, 523], [695, 522], [695, 521], [695, 520], [694, 520], [693, 520], [692, 521], [691, 521], [690, 520]]]]","[[], 105, 106, 107, 108, 109, 110, 111]"
73,73,"[[[580, 526]], [[579, 527]], [[578, 528]], [[577, 528]], [[576, 528]], [[575, 528]], [[574, 528]], [[573, 528]], [[572, 528]], [[571, 528]], [[570, 528]], [[569, 528]], [[568, 527]], [[567, 527]], [[566, 528]], [[566, 529]], [[565, 530]], [[565, 531]], [[564, 532]], [[564, 533]], [[563, 534]], [[562, 535]], [[561, 535]], [[560, 535]], [[559, 534]], [[558, 534]], [[557, 533]], [[556, 533]], [[555, 532]], [[554, 532]], [[553, 533]], [[552, 533]], [[551, 534]], [[550, 535]], [[549, 535]], [[548, 535]], [[547, 535]], [[546, 535]], [[545, 535]], [[544, 534]], [[544, 533]], [[543, 532]], [[543, 531]], [[543, 530]], [[542, 529]], [[541, 528]], [[540, 528]], [[539, 529]], [[538, 530]], [[537, 531]], [[536, 531]], [[535, 531]], [[534, 531]], [[533, 532]], [[533, 533]], [[532, 534]], [[531, 535]], [[530, 536]], [[529, 536]], [[528, 536]], [[527, 537]], [[526, 537]], [[525, 538]], [[524, 539]], [[523, 540]], [[522, 541]], [[522, 542]], [[522, 543]], [[521, 544]], [[521, 545]], [[520, 546]], [[520, 547]], [[520, 548]], [[519, 549]], [[518, 549]], [[517, 550]], [[516, 550]], [[516, 551]], [[515, 552]], [[515, 553]], [[514, 554]], [[514, 555]], [[514, 556]], [[513, 557]], [[513, 558]], [[512, 559]], [[513, 560]], [[512, 561]], [[513, 562]], [[512, 563]], [[512, 564]], [[512, 565]], [[513, 566]], [[512, 567]], [[512, 568]], [[513, 569]], [[513, 570]], [[512, 571]], [[512, 572]], [[511, 573]], [[511, 574]], [[511, 575]], [[510, 576]], [[510, 577]], [[510, 578]], [[510, 579]], [[509, 580]], [[509, 581]], [[509, 582]], [[509, 583]], [[508, 584]], [[508, 585]], [[508, 586]], [[508, 587]], [[508, 588]], [[508, 589]], [[508, 590]], [[508, 591]], [[509, 592]], [[509, 593]], [[509, 594]], [[510, 595]], [[510, 596]], [[510, 597]], [[510, 598]], [[511, 599]], [[511, 600]], [[511, 601]], [[512, 602]], [[512, 603]], [[512, 604]], [[512, 605]], [[512, 606]], [[512, 607]], [[511, 608]], [[510, 607]], [[509, 607]], [[508, 607]], [[507, 607]], [[506, 608]], [[505, 609]], [[504, 610]], [[503, 609]], [[502, 608]], [[502, 607]], [[501, 606]], [[501, 605]], [[500, 604]], [[499, 603]], [[498, 602]], [[497, 602]], [[496, 603]], [[495, 604]], [[494, 605]], [[493, 605]], [[492, 606]], [[491, 607]], [[491, 608]], [[490, 609]], [[490, 610]], [[489, 611]], [[489, 612]], [[489, 613]], [[489, 614]], [[488, 615]], [[487, 615]], [[486, 616]], [[486, 617]], [[487, 618]], [[487, 619]], [[487, 620]], [[486, 621]], [[485, 622]], [[485, 623]], [[484, 624]], [[483, 625]], [[482, 624]], [[481, 625]], [[482, 626]], [[481, 627]], [[481, 628]], [[481, 629]], [[482, 629]], [[483, 630]], [[484, 631]], [[485, 631]], [[486, 632]], [[487, 632]], [[488, 631]], [[489, 630]], [[489, 629]], [[490, 628]], [[491, 627]], [[492, 626]], [[492, 625]], [[492, 624]], [[493, 623]], [[494, 624]], [[495, 624]], [[496, 624]], [[497, 623]], [[498, 624]], [[499, 625]], [[499, 626]], [[499, 627]], [[498, 628]], [[499, 629]], [[498, 630]], [[499, 631]], [[499, 632]], [[498, 633]], [[497, 633]], [[496, 634]], [[495, 635]], [[494, 635]], [[493, 636]], [[492, 636]], [[491, 636]], [[490, 636]], [[489, 635]], [[488, 635]], [[487, 634]], [[486, 634]], [[485, 634]], [[484, 633]], [[483, 633]], [[482, 632]], [[481, 632]], [[480, 631]], [[479, 631]], [[478, 630]], [[477, 630]], [[476, 629]], [[475, 629]], [[474, 629]], [[473, 628]], [[472, 628]], [[471, 627]], [[470, 626]], [[470, 625]], [[470, 624]], [[471, 623]], [[471, 622]], [[471, 621]], [[472, 620]], [[473, 620]], [[473, 619]], [[474, 618]], [[474, 617]], [[475, 616]], [[475, 615]], [[475, 614]], [[474, 613]], [[473, 612]], [[472, 611]], [[472, 610]], [[471, 610]], [[470, 609]], [[469, 608]], [[469, 607]], [[469, 606]], [[469, 605]], [[468, 604]], [[468, 603]], [[467, 602]], [[467, 601]], [[466, 600]], [[466, 599]], [[465, 598]], [[464, 597]], [[464, 596]], [[464, 595]], [[463, 595]], [[462, 594]], [[461, 593]], [[460, 592]], [[459, 591]], [[458, 590]], [[458, 589]], [[457, 588]], [[457, 587]], [[457, 586]], [[456, 585]], [[455, 584]], [[454, 584]], [[453, 583]], [[452, 582]], [[451, 581]], [[451, 580]], [[451, 579]], [[452, 578]], [[452, 577]], [[453, 576]], [[453, 575]], [[453, 574]], [[453, 573]], [[453, 572]], [[453, 571]], [[452, 570]], [[451, 569]], [[451, 568]], [[451, 567]], [[450, 566]], [[450, 565]], [[449, 564]], [[449, 563]], [[448, 562]], [[448, 561]], [[447, 560]], [[447, 559]], [[446, 558]], [[445, 557]], [[445, 556]], [[444, 555]], [[443, 554]], [[442, 554]], [[441, 553]], [[440, 552]], [[439, 551]], [[438, 550]], [[437, 550]], [[436, 550]], [[435, 551]], [[434, 551]], [[433, 550]], [[432, 549]], [[431, 549]], [[430, 549]], [[429, 549]], [[428, 549]], [[427, 549]], [[426, 550]], [[425, 551]], [[424, 552]], [[423, 552]], [[422, 553]], [[421, 553]], [[420, 553]], [[419, 553]], [[418, 553]], [[417, 553]], [[416, 554]], [[415, 554]], [[414, 554]], [[414, 555]], [[413, 556]], [[412, 556]], [[411, 557]], [[410, 557]], [[409, 557]], [[408, 558]], [[407, 559]], [[406, 560]], [[406, 561]], [[406, 562]], [[406, 563]], [[405, 564]], [[404, 565]], [[404, 566]], [[405, 567]], [[405, 568]], [[406, 569]], [[406, 570]], [[406, 571]], [[406, 572]], [[406, 573]], [[406, 574]], [[406, 575]], [[406, 576]], [[406, 577]], [[406, 578]], [[407, 579]], [[407, 580]], [[407, 581]], [[407, 582]], [[407, 583]], [[406, 584]], [[405, 585]], [[405, 586]], [[405, 587]], [[405, 588]], [[405, 589]], [[405, 590]], [[405, 591]], [[405, 592]], [[406, 593]], [[406, 594]], [[406, 595]], [[406, 596]], [[406, 597]], [[406, 598]], [[407, 599]], [[407, 600]], [[408, 601]], [[408, 602]], [[409, 603]], [[410, 604]], [[411, 605]], [[412, 605]], [[413, 606]], [[413, 607]], [[414, 608]], [[415, 608]], [[416, 609]], [[417, 609]], [[418, 609]], [[419, 609]], [[420, 608]], [[421, 607]], [[422, 607]], [[423, 608]], [[424, 609]], [[425, 610]], [[426, 611]], [[426, 612]], [[427, 613]], [[428, 613]], [[429, 614]], [[430, 615]], [[431, 616]], [[432, 617]], [[433, 617]], [[434, 617]], [[435, 617]], [[436, 617]], [[437, 617]], [[438, 618]], [[438, 619]], [[438, 620]], [[439, 621]], [[440, 622]], [[439, 623]], [[439, 624]], [[439, 625]], [[440, 626]], [[439, 627]], [[439, 628]], [[439, 629]], [[440, 630]], [[440, 631]], [[440, 632]], [[440, 633]], [[439, 634]], [[438, 633]], [[437, 632]], [[437, 631]], [[436, 631]], [[435, 631]], [[434, 631]], [[433, 631]], [[432, 630]], [[431, 630]], [[430, 630]], [[429, 629]], [[428, 629]], [[427, 629]], [[426, 628]], [[425, 627]], [[424, 627]], [[423, 627]], [[422, 627]], [[422, 628]], [[423, 629]], [[423, 630]], [[424, 631]], [[425, 631]], [[426, 632]], [[426, 633]], [[427, 634]], [[428, 635]], [[429, 635]], [[430, 636]], [[431, 637]], [[432, 637]], [[433, 637]], [[434, 638]], [[435, 637]], [[436, 637]], [[437, 637]], [[438, 636]], [[438, 635]], [[439, 634]], [[440, 634]], [[441, 635]], [[442, 636]], [[442, 637]], [[443, 637]], [[444, 637]], [[445, 638]], [[446, 638]], [[447, 638]], [[448, 638]], [[449, 638]], [[450, 637]], [[451, 637]], [[451, 636]], [[452, 635]], [[452, 634]], [[453, 633]], [[454, 634]], [[455, 635]], [[456, 635]], [[457, 635]], [[458, 636]], [[459, 636]], [[460, 637]], [[460, 638]], [[459, 639]], [[459, 640]], [[459, 641]], [[460, 642]], [[460, 643]], [[460, 644]], [[460, 645]], [[460, 646]], [[460, 647]], [[461, 647]], [[462, 648]], [[463, 649]], [[463, 650]], [[464, 651]], [[465, 652]], [[465, 653]], [[465, 654]], [[465, 655]], [[466, 656]], [[467, 657]], [[468, 657]], [[469, 657]], [[470, 658]], [[471, 659]], [[472, 660]], [[473, 661]], [[474, 662]], [[475, 662]], [[476, 662]], [[477, 662]], [[478, 662]], [[479, 662]], [[480, 663]], [[480, 664]], [[481, 665]], [[482, 666]], [[483, 666]], [[484, 667]], [[485, 667]], [[486, 667]], [[487, 668]], [[488, 668]], [[489, 669]], [[490, 669]], [[491, 669]], [[492, 670]], [[493, 670]], [[494, 669]], [[495, 669]], [[496, 669]], [[497, 669]], [[498, 669]], [[499, 668]], [[500, 668]], [[501, 668]], [[502, 668]], [[503, 669]], [[503, 670]], [[504, 671]], [[504, 672]], [[505, 673]], [[506, 674]], [[507, 675]], [[508, 676]], [[509, 677]], [[510, 677]], [[511, 678]], [[512, 678]], [[513, 679]], [[513, 680]], [[514, 681]], [[515, 681]], [[516, 682]], [[517, 682]], [[518, 683]], [[519, 684]], [[519, 685]], [[520, 686]], [[521, 686]], [[522, 686]], [[523, 687]], [[524, 687]], [[525, 688]], [[526, 689]], [[526, 690]], [[527, 690]], [[528, 690]], [[529, 691]], [[530, 692]], [[531, 692]], [[532, 693]], [[532, 694]], [[531, 695]], [[530, 695]], [[529, 696]], [[529, 697]], [[530, 697]], [[531, 698]], [[532, 698]], [[533, 697]], [[534, 697]], [[535, 698]], [[536, 697]], [[537, 697]], [[538, 697]], [[539, 697]], [[540, 696]], [[541, 695]], [[542, 694]], [[542, 693]], [[543, 692]], [[544, 691]], [[545, 690]], [[546, 690]], [[547, 691]], [[547, 692]], [[547, 693]], [[546, 694]], [[546, 695]], [[545, 696]], [[544, 697]], [[543, 698]], [[543, 699]], [[542, 700]], [[541, 701]], [[541, 702]], [[541, 703]], [[540, 704]], [[540, 705]], [[539, 706]], [[538, 707]], [[537, 708]], [[536, 709]], [[535, 710]], [[535, 711]], [[534, 712]], [[533, 713]], [[532, 713]], [[531, 712]], [[530, 712]], [[529, 711]], [[528, 712]], [[527, 712]], [[526, 712]], [[525, 712]], [[524, 712]], [[523, 712]], [[522, 713]], [[521, 713]], [[520, 714]], [[519, 714]], [[518, 714]], [[518, 715]], [[517, 716]], [[516, 717]], [[515, 718]], [[514, 718]], [[513, 719]], [[512, 719]], [[511, 719]], [[510, 719]], [[509, 719]], [[508, 720]], [[507, 721]], [[506, 722]], [[505, 723]], [[505, 724]], [[504, 725]], [[503, 726]], [[502, 727]], [[502, 728]], [[502, 729]], [[501, 730]], [[500, 731]], [[500, 732]], [[499, 733]], [[499, 734]], [[498, 735]], [[499, 736]], [[499, 737]], [[499, 738]], [[498, 739]], [[498, 740]], [[499, 741]], [[499, 742]], [[499, 743]], [[500, 744]], [[499, 745]], [[499, 746]], [[498, 747]], [[497, 747]], [[496, 748]], [[495, 749]], [[494, 750]], [[493, 751]], [[493, 752]], [[492, 753]], [[492, 754]], [[491, 755]], [[490, 756]], [[490, 757]], [[490, 758]], [[490, 759]], [[489, 760]], [[489, 761]], [[488, 762]], [[487, 763]], [[487, 764]], [[487, 765]], [[487, 766]], [[487, 767]], [[487, 768]], [[487, 769]], [[486, 770]], [[487, 771]], [[486, 772]], [[486, 773]], [[487, 774]], [[488, 775]], [[488, 776]], [[488, 777]], [[489, 778]], [[489, 779]], [[490, 780]], [[490, 781]], [[490, 782]], [[491, 783]], [[491, 784]], [[492, 785]], [[492, 786]], [[493, 787]], [[494, 788]], [[495, 789]], [[496, 790]], [[496, 791]], [[496, 792]], [[496, 793]], [[497, 794]], [[497, 795]], [[497, 796]], [[497, 797]], [[497, 798]], [[497, 799]], [[497, 800]], [[498, 801]], [[498, 802]], [[499, 802]], [[500, 803]], [[500, 804]], [[500, 805]], [[500, 806]], [[499, 807]], [[499, 808]], [[499, 809]], [[499, 810]], [[499, 811]], [[499, 812]], [[499, 813]], [[499, 814]], [[499, 815]], [[499, 816]], [[499, 817]], [[499, 818]], [[500, 819]], [[500, 820]], [[501, 821]], [[501, 822]], [[501, 823]], [[502, 824]], [[502, 825]], [[503, 826]], [[504, 827]], [[505, 828]], [[506, 829]], [[507, 829]], [[508, 830]], [[509, 830]], [[510, 831]], [[511, 831]], [[512, 832]], [[513, 832]], [[514, 832]], [[515, 833]], [[516, 834]], [[515, 835]], [[516, 835]], [[517, 835]], [[518, 836]], [[519, 835]], [[520, 835]], [[521, 835]], [[522, 836]], [[522, 837]], [[523, 838]], [[523, 839]], [[523, 840]], [[523, 841]], [[524, 842]], [[524, 843]], [[525, 843]], [[526, 843]], [[527, 843]], [[528, 843]], [[529, 844]], [[530, 845]], [[531, 846]], [[531, 847]], [[531, 848]], [[531, 849]], [[532, 850]], [[533, 851]], [[533, 852]], [[534, 853]], [[533, 854]], [[533, 855]], [[533, 854]], [[534, 853]], [[535, 854]], [[536, 854]], [[537, 853]], [[538, 853]], [[539, 854]], [[540, 855]], [[541, 856]], [[542, 856]], [[543, 857]], [[544, 857]], [[545, 858]], [[546, 858]], [[547, 859]], [[548, 859]], [[549, 860]], [[550, 859]], [[551, 859]], [[552, 859]], [[553, 859]], [[554, 859]], [[555, 859]], [[556, 858]], [[557, 857]], [[558, 857]], [[559, 857]], [[560, 856]], [[561, 856]], [[562, 856]], [[563, 857]], [[564, 857]], [[565, 856]], [[566, 855]], [[567, 854]], [[568, 853]], [[569, 853]], [[570, 854]], [[571, 854]], [[572, 854]], [[573, 855]], [[574, 856]], [[575, 857]], [[575, 858]], [[576, 859]], [[577, 860]], [[578, 861]], [[578, 862]], [[577, 863]], [[578, 864]], [[579, 864]], [[580, 865]], [[581, 866]], [[582, 866]], [[583, 867]], [[583, 868]], [[583, 869]], [[584, 869]], [[585, 870]], [[585, 871]], [[586, 871]], [[587, 871]], [[588, 871]], [[589, 871]], [[590, 871]], [[591, 870]], [[592, 870]], [[593, 870]], [[594, 870]], [[595, 870]], [[596, 870]], [[597, 870]], [[598, 870]], [[598, 869]], [[599, 868]], [[600, 867]], [[601, 866]], [[602, 865]], [[603, 865]], [[604, 864]], [[605, 864]], [[606, 863]], [[607, 863]], [[608, 862]], [[609, 861]], [[610, 861]], [[611, 861]], [[612, 861]], [[613, 862]], [[614, 863]], [[614, 864]], [[614, 865]], [[615, 866]], [[615, 867]], [[615, 868]], [[616, 869]], [[616, 870]], [[616, 871]], [[617, 872]], [[617, 873]], [[617, 874]], [[618, 875]], [[619, 876]], [[619, 877]], [[619, 878]], [[620, 878]], [[621, 879]], [[622, 879]], [[623, 880]], [[624, 881]], [[625, 882]], [[626, 882]], [[627, 883]], [[628, 883]], [[629, 883]], [[630, 884]], [[629, 885]], [[629, 886]], [[630, 886]], [[631, 886]], [[632, 887]], [[633, 887]], [[634, 888]], [[634, 889]], [[635, 890]], [[636, 891]], [[637, 891]], [[638, 892]], [[639, 892]], [[640, 893]], [[640, 894]], [[641, 894]], [[642, 895]], [[642, 896]], [[643, 897]], [[644, 898]], [[645, 898]], [[646, 899]], [[647, 899]], [[648, 899]], [[649, 899]], [[649, 898]], [[650, 897]], [[651, 897]], [[652, 898]], [[653, 899]], [[654, 900]], [[655, 901]], [[656, 902]], [[657, 903]], [[658, 904]], [[659, 905]], [[660, 905]], [[661, 905]], [[662, 905]], [[663, 905]], [[664, 904]], [[665, 904]], [[665, 903]], [[666, 902]], [[667, 902]], [[668, 902]], [[669, 901]], [[670, 900]], [[671, 899]], [[671, 898]], [[672, 897]], [[672, 896]], [[672, 895]], [[672, 894]], [[672, 893]], [[672, 892]], [[673, 891]], [[672, 890]], [[672, 889]], [[672, 888]], [[671, 888]], [[670, 887]], [[669, 886]], [[668, 885]], [[667, 884]], [[667, 883]], [[666, 882]], [[665, 881]], [[665, 880]], [[665, 879]], [[665, 878]], [[665, 877]], [[665, 876]], [[665, 875]], [[665, 874]], [[665, 873]], [[665, 872]], [[665, 873]], [[664, 874]], [[663, 873]], [[663, 872]], [[662, 871]], [[663, 870]], [[663, 869]], [[664, 868]], [[665, 868]], [[666, 869]], [[667, 868]], [[668, 868]], [[669, 868]], [[670, 868]], [[671, 867]], [[672, 867]], [[673, 867]], [[674, 867]], [[675, 867]], [[676, 867]], [[677, 866]], [[678, 865]], [[679, 864]], [[680, 864]], [[681, 864]], [[682, 864]], [[683, 864]], [[684, 863]], [[685, 863]], [[686, 863]], [[687, 863]], [[688, 863]], [[689, 863]], [[690, 862]], [[691, 862]], [[692, 861]], [[692, 860]], [[693, 859]], [[693, 858]], [[694, 857]], [[694, 856]], [[694, 855]], [[694, 854]], [[694, 853]], [[693, 852]], [[693, 851]], [[692, 850]], [[692, 849]], [[691, 848]], [[690, 847]], [[690, 846]], [[690, 845]], [[689, 845]], [[688, 844]], [[687, 844]], [[686, 843]], [[685, 842]], [[684, 841]], [[683, 840]], [[682, 839]], [[681, 838]], [[680, 837]], [[680, 836]], [[679, 835]], [[679, 834]], [[679, 833]], [[680, 832]], [[680, 831]], [[681, 830]], [[681, 829]], [[681, 828]], [[681, 827]], [[682, 826]], [[682, 825]], [[682, 824]], [[682, 823]], [[682, 822]], [[681, 821]], [[681, 820]], [[680, 819]], [[680, 818]], [[679, 817]], [[679, 816]], [[678, 816]], [[677, 815]], [[677, 814]], [[678, 813]], [[679, 813]], [[680, 813]], [[680, 812]], [[681, 811]], [[682, 810]], [[683, 810]], [[684, 809]], [[684, 808]], [[685, 807]], [[686, 806]], [[686, 805]], [[687, 804]], [[688, 803]], [[689, 802]], [[690, 801]], [[691, 800]], [[691, 799]], [[691, 798]], [[691, 797]], [[691, 796]], [[691, 795]], [[691, 794]], [[690, 793]], [[690, 792]], [[690, 791]], [[689, 790]], [[689, 789]], [[689, 788]], [[689, 787]], [[689, 786]], [[688, 785]], [[687, 784]], [[686, 783]], [[686, 782]], [[685, 781]], [[685, 780]], [[684, 779]], [[683, 778]], [[682, 778]], [[681, 777]], [[680, 776]], [[679, 775]], [[679, 774]], [[678, 773]], [[677, 772]], [[676, 771]], [[675, 770]], [[674, 769]], [[674, 768]], [[673, 767]], [[672, 767]], [[671, 767]], [[670, 767]], [[669, 766]], [[668, 765]], [[667, 764]], [[666, 763]], [[665, 762]], [[664, 762]], [[663, 763]], [[662, 763]], [[661, 762]], [[660, 762]], [[659, 761]], [[660, 760]], [[661, 760]], [[660, 759]], [[659, 759]], [[658, 758]], [[658, 757]], [[657, 756]], [[657, 755]], [[656, 754]], [[656, 753]], [[655, 752]], [[655, 751]], [[654, 750]], [[654, 749]], [[653, 748]], [[652, 748]], [[651, 747]], [[650, 746]], [[649, 746]], [[648, 745]], [[648, 744]], [[648, 743]], [[648, 742]], [[648, 741]], [[649, 740]], [[649, 739]], [[649, 738]], [[649, 737]], [[649, 736]], [[649, 735]], [[649, 734]], [[649, 733]], [[649, 732]], [[650, 731]], [[650, 730]], [[650, 729]], [[650, 728]], [[650, 727]], [[649, 726]], [[649, 725]], [[649, 724]], [[649, 723]], [[648, 722]], [[648, 721]], [[647, 720]], [[647, 719]], [[646, 718]], [[646, 717]], [[645, 716]], [[645, 715]], [[645, 714]], [[645, 713]], [[644, 712]], [[645, 711]], [[646, 711]], [[647, 711]], [[648, 710]], [[649, 710]], [[650, 710]], [[651, 709]], [[652, 709]], [[653, 708]], [[654, 707]], [[655, 707]], [[656, 706]], [[657, 705]], [[658, 705]], [[659, 705]], [[660, 705]], [[661, 704]], [[662, 704]], [[662, 703]], [[663, 702]], [[663, 701]], [[663, 700]], [[664, 699]], [[665, 699]], [[666, 699]], [[667, 700]], [[667, 701]], [[668, 701]], [[669, 701]], [[670, 701]], [[671, 700]], [[672, 699]], [[673, 698]], [[673, 697]], [[673, 696]], [[673, 695]], [[673, 694]], [[674, 693]], [[675, 693]], [[676, 692]], [[677, 692]], [[678, 692]], [[679, 692]], [[680, 692]], [[681, 691]], [[682, 691]], [[683, 690]], [[684, 690]], [[684, 689]], [[684, 688]], [[684, 687]], [[684, 686]], [[685, 685]], [[684, 684]], [[684, 683]], [[684, 682]], [[684, 681]], [[684, 680]], [[683, 679]], [[683, 678]], [[683, 677]], [[683, 676]], [[683, 675]], [[682, 674]], [[682, 673]], [[681, 672]], [[680, 671]], [[679, 670]], [[679, 669]], [[679, 668]], [[679, 667]], [[678, 666]], [[678, 665]], [[677, 664]], [[677, 663]], [[676, 662]], [[676, 661]], [[676, 660]], [[675, 659]], [[675, 658]], [[674, 657]], [[674, 656]], [[673, 655]], [[673, 654]], [[672, 653]], [[672, 652]], [[671, 651]], [[671, 650]], [[671, 649]], [[671, 648]], [[670, 647]], [[670, 646]], [[670, 645]], [[670, 644]], [[669, 643]], [[668, 642]], [[668, 641]], [[668, 640]], [[668, 639]], [[667, 638]], [[666, 637]], [[665, 636]], [[664, 635]], [[663, 634]], [[662, 634]], [[661, 633]], [[660, 633]], [[659, 632]], [[658, 631]], [[657, 631]], [[656, 631]], [[655, 631]], [[654, 631]], [[653, 631]], [[652, 631]], [[651, 632]], [[650, 632]], [[649, 632]], [[648, 632]], [[647, 632]], [[646, 632]], [[645, 632]], [[644, 633]], [[643, 633]], [[642, 634]], [[641, 635]], [[640, 635]], [[639, 635]], [[638, 635]], [[637, 635]], [[636, 635]], [[635, 634]], [[635, 635]], [[634, 636]], [[634, 637]], [[634, 638]], [[634, 639]], [[634, 640]], [[634, 641]], [[634, 642]], [[634, 643]], [[635, 644]], [[635, 645]], [[634, 646]], [[634, 647]], [[633, 648]], [[632, 648]], [[631, 647]], [[631, 646]], [[631, 645]], [[630, 644]], [[629, 643]], [[629, 642]], [[628, 641]], [[629, 640]], [[629, 639]], [[628, 638]], [[628, 637]], [[629, 636]], [[628, 635]], [[628, 636]], [[627, 637]], [[626, 637]], [[625, 638]], [[624, 638]], [[623, 639]], [[622, 639]], [[621, 639]], [[620, 639]], [[619, 640]], [[618, 640]], [[617, 641]], [[616, 641]], [[615, 642]], [[614, 643]], [[613, 643]], [[612, 643]], [[611, 642]], [[611, 641]], [[611, 640]], [[610, 639]], [[610, 638]], [[610, 637]], [[610, 636]], [[609, 635]], [[608, 635]], [[607, 635]], [[606, 635]], [[605, 636]], [[605, 637]], [[604, 638]], [[603, 639]], [[602, 640]], [[601, 641]], [[600, 641]], [[599, 642]], [[598, 642]], [[597, 642]], [[596, 642]], [[595, 643]], [[594, 642]], [[593, 642]], [[593, 643]], [[594, 644]], [[594, 645]], [[594, 646]], [[593, 647]], [[592, 647]], [[591, 646]], [[591, 645]], [[590, 645]], [[590, 646]], [[589, 647]], [[588, 646]], [[588, 645]], [[587, 646]], [[587, 647]], [[586, 648]], [[585, 648]], [[584, 649]], [[583, 649]], [[582, 649]], [[581, 650]], [[580, 650]], [[579, 650]], [[578, 651]], [[578, 652]], [[578, 653]], [[579, 654]], [[580, 655]], [[581, 656]], [[582, 657]], [[582, 658]], [[583, 659]], [[583, 660]], [[583, 661]], [[582, 662]], [[581, 663]], [[580, 664]], [[579, 665]], [[580, 666]], [[581, 667]], [[581, 668]], [[581, 669]], [[581, 670]], [[582, 671]], [[582, 672]], [[582, 673]], [[583, 674]], [[584, 674]], [[585, 675]], [[586, 676]], [[587, 676]], [[588, 677]], [[589, 677]], [[590, 677]], [[591, 678]], [[592, 679]], [[592, 680]], [[593, 680]], [[594, 680]], [[595, 681]], [[596, 681]], [[597, 681]], [[598, 681]], [[599, 681]], [[600, 682]], [[601, 683]], [[602, 684]], [[603, 684]], [[604, 684]], [[605, 685]], [[606, 685]], [[607, 685]], [[608, 685]], [[609, 685]], [[610, 686]], [[611, 686]], [[612, 686]], [[613, 686]], [[614, 686]], [[614, 685]], [[614, 684]], [[615, 683]], [[616, 682]], [[617, 683]], [[617, 684]], [[618, 685]], [[618, 686]], [[618, 687]], [[618, 688]], [[618, 689]], [[618, 690]], [[618, 691]], [[619, 691]], [[620, 692]], [[621, 692]], [[622, 693]], [[623, 693]], [[624, 693]], [[625, 694]], [[626, 694]], [[627, 694]], [[628, 695]], [[629, 696]], [[630, 697]], [[630, 698]], [[630, 699]], [[631, 700]], [[632, 701]], [[633, 702]], [[634, 702]], [[635, 702]], [[636, 703]], [[637, 704]], [[638, 705]], [[639, 706]], [[639, 707]], [[638, 708]], [[637, 707]], [[636, 706]], [[635, 706]], [[634, 705]], [[633, 704]], [[632, 704]], [[631, 704]], [[630, 704]], [[629, 704]], [[628, 704]], [[627, 704]], [[626, 704]], [[625, 704]], [[624, 704]], [[623, 704]], [[622, 704]], [[621, 704]], [[620, 703]], [[619, 702]], [[619, 701]], [[618, 700]], [[618, 699]], [[617, 699]], [[616, 698]], [[615, 698]], [[614, 697]], [[613, 696]], [[613, 695]], [[612, 695]], [[611, 694]], [[610, 693]], [[610, 692]], [[609, 691]], [[608, 690]], [[607, 690]], [[606, 689]], [[605, 689]], [[604, 689]], [[603, 689]], [[602, 688]], [[601, 688]], [[600, 688]], [[599, 688]], [[598, 688]], [[597, 688]], [[596, 688]], [[595, 688]], [[594, 688]], [[593, 688]], [[592, 688]], [[591, 688]], [[590, 687]], [[589, 687]], [[588, 687]], [[587, 688]], [[586, 688]], [[585, 688]], [[584, 689]], [[583, 689]], [[582, 689]], [[581, 689]], [[580, 689]], [[579, 689]], [[578, 689]], [[577, 688]], [[576, 688]], [[575, 687]], [[574, 687]], [[573, 687]], [[572, 687]], [[571, 687]], [[570, 687]], [[569, 687]], [[568, 686]], [[567, 686]], [[566, 686]], [[565, 685]], [[564, 685]], [[563, 685]], [[562, 685]], [[561, 685]], [[560, 685]], [[559, 686]], [[558, 687]], [[557, 687]], [[556, 687]], [[555, 688]], [[554, 687]], [[553, 686]], [[553, 685]], [[554, 684]], [[555, 683]], [[556, 682]], [[557, 682]], [[558, 681]], [[559, 680]], [[559, 679]], [[560, 678]], [[560, 677]], [[560, 676]], [[560, 675]], [[560, 674]], [[560, 673]], [[559, 672]], [[559, 671]], [[558, 670]], [[557, 670]], [[556, 669]], [[555, 668]], [[554, 668]], [[553, 667]], [[552, 666]], [[551, 666]], [[550, 665]], [[549, 664]], [[548, 664]], [[547, 663]], [[546, 663]], [[545, 662]], [[544, 662]], [[543, 661]], [[542, 661]], [[541, 660]], [[540, 660]], [[539, 659]], [[538, 658]], [[537, 658]], [[536, 657]], [[535, 656]], [[534, 655]], [[533, 655]], [[532, 654]], [[531, 654]], [[530, 653]], [[529, 653]], [[528, 653]], [[527, 653]], [[526, 652]], [[526, 651]], [[526, 650]], [[526, 649]], [[527, 648]], [[528, 647]], [[529, 646]], [[530, 646]], [[531, 646]], [[532, 647]], [[532, 648]], [[533, 649]], [[534, 650]], [[534, 651]], [[535, 652]], [[536, 653]], [[537, 654]], [[538, 655]], [[539, 655]], [[540, 656]], [[541, 657]], [[542, 657]], [[543, 658]], [[544, 659]], [[545, 659]], [[546, 660]], [[547, 660]], [[548, 661]], [[549, 661]], [[550, 662]], [[551, 662]], [[552, 663]], [[553, 663]], [[554, 663]], [[555, 664]], [[555, 665]], [[556, 665]], [[556, 664]], [[557, 663]], [[557, 662]], [[556, 661]], [[556, 660]], [[556, 659]], [[556, 658]], [[557, 657]], [[558, 656]], [[559, 655]], [[560, 655]], [[561, 656]], [[562, 655]], [[561, 654]], [[560, 654]], [[559, 653]], [[558, 652]], [[557, 651]], [[556, 651]], [[555, 650]], [[555, 649]], [[554, 648]], [[553, 648]], [[552, 647]], [[551, 646]], [[551, 645]], [[550, 644]], [[550, 643]], [[549, 642]], [[549, 641]], [[548, 640]], [[548, 639]], [[547, 638]], [[547, 637]], [[548, 636]], [[549, 636]], [[549, 635]], [[550, 634]], [[551, 635]], [[551, 636]], [[552, 636]], [[553, 636]], [[554, 636]], [[555, 637]], [[556, 637]], [[557, 637]], [[558, 636]], [[559, 636]], [[560, 636]], [[561, 636]], [[562, 636]], [[563, 637]], [[564, 637]], [[565, 637]], [[566, 638]], [[567, 638]], [[568, 639]], [[569, 640]], [[570, 640]], [[571, 640]], [[572, 641]], [[573, 641]], [[574, 641]], [[575, 642]], [[576, 642]], [[577, 642]], [[578, 643]], [[579, 643]], [[580, 643]], [[581, 643]], [[582, 643]], [[583, 642]], [[584, 642]], [[585, 641]], [[586, 640]], [[587, 640]], [[588, 639]], [[589, 639]], [[589, 638]], [[589, 637]], [[589, 636]], [[589, 635]], [[589, 634]], [[589, 633]], [[590, 632]], [[591, 631]], [[592, 631]], [[593, 630]], [[594, 629]], [[594, 628]], [[594, 627]], [[595, 626]], [[596, 625]], [[597, 625]], [[598, 624]], [[599, 623]], [[600, 622]], [[601, 621]], [[601, 620]], [[602, 619]], [[602, 618]], [[602, 617]], [[603, 616]], [[604, 615]], [[605, 615]], [[606, 614]], [[607, 613]], [[608, 612]], [[609, 612]], [[610, 612]], [[611, 612]], [[612, 611]], [[613, 611]], [[614, 611]], [[615, 611]], [[616, 610]], [[617, 610]], [[617, 609]], [[618, 608]], [[619, 607]], [[619, 606]], [[620, 605]], [[621, 605]], [[622, 604]], [[622, 603]], [[622, 602]], [[623, 601]], [[624, 600]], [[625, 599]], [[626, 598]], [[626, 597]], [[626, 596]], [[627, 595]], [[627, 594]], [[628, 593]], [[628, 592]], [[629, 591]], [[629, 590]], [[629, 589]], [[628, 588]], [[627, 587]], [[627, 586]], [[626, 586]], [[625, 586]], [[624, 586]], [[623, 585]], [[622, 585]], [[621, 585]], [[620, 585]], [[619, 584]], [[620, 583]], [[621, 583]], [[622, 583]], [[623, 582]], [[623, 581]], [[624, 580]], [[624, 579]], [[625, 578]], [[625, 577]], [[625, 576]], [[625, 575]], [[626, 574]], [[627, 573]], [[627, 572]], [[628, 571]], [[629, 570]], [[630, 569]], [[629, 568]], [[630, 567]], [[630, 566]], [[631, 565]], [[631, 564]], [[630, 563]], [[630, 562]], [[629, 562]], [[628, 561]], [[627, 560]], [[626, 559]], [[626, 558]], [[625, 558]], [[624, 557]], [[623, 557]], [[622, 557]], [[621, 557]], [[620, 557]], [[619, 557]], [[618, 556]], [[617, 555]], [[618, 554]], [[618, 553]], [[618, 552]], [[618, 551]], [[617, 550]], [[617, 549]], [[616, 548]], [[615, 547]], [[614, 546]], [[614, 545]], [[613, 544]], [[612, 544]], [[611, 543]], [[610, 542]], [[609, 541]], [[608, 541]], [[607, 540]], [[606, 540]], [[605, 539]], [[604, 539]], [[603, 538]], [[602, 538]], [[601, 538]], [[600, 537]], [[599, 537]], [[598, 537]], [[597, 536]], [[596, 535]], [[595, 534]], [[594, 533]], [[594, 532]], [[593, 532]], [[592, 532]], [[591, 532]], [[590, 531]], [[589, 531]], [[588, 531]], [[587, 530]], [[586, 529]], [[586, 528]], [[585, 527]], [[584, 527]], [[583, 527]], [[582, 526]], [[581, 526]]]","[[], [[[508, 548], [508, 549], [508, 550], [508, 551], [508, 552], [508, 553], [507, 554], [508, 554], [509, 554], [510, 554], [511, 554], [512, 555], [511, 556], [511, 557], [512, 558], [512, 557], [513, 556], [513, 555], [513, 554], [514, 553], [514, 552], [515, 551], [515, 550], [514, 550], [513, 550], [512, 549], [512, 548], [511, 548], [510, 548], [510, 549], [510, 550], [510, 551], [510, 552], [509, 553], [508, 552], [508, 551], [508, 550], [508, 549]]], [[[477, 626], [476, 627], [475, 627], [476, 628], [477, 629], [478, 629], [479, 630], [480, 630], [481, 631], [482, 631], [483, 632], [484, 632], [485, 633], [486, 633], [487, 633], [488, 634], [489, 634], [490, 633], [491, 633], [492, 632], [492, 631], [492, 630], [492, 629], [492, 628], [491, 628], [490, 629], [490, 630], [489, 631], [488, 632], [487, 633], [486, 633], [485, 632], [484, 632], [483, 631], [482, 630], [481, 630], [480, 629], [480, 628], [479, 627], [478, 627]]], [[[470, 608], [471, 609], [472, 609], [473, 610], [473, 611], [474, 612], [475, 613], [476, 614], [476, 615], [476, 616], [475, 617], [475, 618], [475, 619], [475, 620], [475, 621], [476, 621], [476, 620], [477, 619], [477, 618], [477, 617], [478, 616], [479, 617], [480, 617], [479, 616], [478, 615], [478, 614], [478, 613], [478, 612], [478, 611], [477, 611], [476, 611], [475, 610], [474, 610], [473, 609], [472, 608], [471, 608]]], [[[458, 587], [458, 588], [459, 589], [459, 590], [460, 591], [461, 592], [462, 593], [463, 594], [464, 594], [465, 595], [465, 596], [465, 597], [466, 598], [467, 599], [467, 600], [468, 601], [468, 602], [469, 603], [469, 604], [469, 603], [470, 602], [470, 601], [470, 600], [470, 599], [469, 598], [470, 597], [471, 596], [472, 596], [473, 597], [473, 598], [473, 599], [473, 600], [474, 600], [475, 601], [475, 602], [476, 601], [477, 601], [478, 601], [479, 602], [480, 603], [480, 604], [480, 605], [481, 605], [481, 604], [480, 603], [480, 602], [480, 601], [479, 600], [479, 599], [479, 598], [479, 597], [479, 596], [479, 595], [479, 596], [479, 597], [478, 598], [477, 598], [476, 598], [475, 598], [474, 597], [473, 596], [473, 595], [474, 594], [474, 593], [473, 592], [472, 591], [471, 591], [470, 591], [469, 592], [468, 592], [469, 593], [470, 594], [470, 595], [470, 596], [470, 597], [469, 598], [468, 598], [467, 598], [466, 598], [465, 597], [465, 596], [465, 595], [465, 594], [465, 593], [464, 592], [463, 591], [463, 590], [462, 589], [462, 588], [461, 588], [460, 588], [459, 587]]], [[[429, 546], [428, 547], [427, 547], [426, 548], [425, 548], [424, 548], [423, 548], [422, 548], [421, 548], [420, 549], [419, 549], [418, 550], [417, 551], [416, 551], [415, 552], [414, 551], [414, 550], [414, 549], [413, 549], [412, 549], [412, 550], [413, 551], [413, 552], [412, 553], [411, 554], [410, 555], [409, 555], [408, 556], [407, 556], [406, 556], [406, 557], [406, 558], [405, 559], [405, 560], [406, 559], [407, 558], [408, 557], [409, 556], [410, 556], [411, 556], [412, 555], [413, 555], [413, 554], [414, 553], [415, 553], [416, 553], [417, 552], [418, 552], [419, 552], [420, 552], [421, 552], [422, 552], [423, 551], [424, 551], [425, 550], [426, 549], [427, 548], [428, 548], [429, 548], [430, 548], [431, 548], [432, 548], [433, 549], [434, 550], [435, 550], [436, 549], [437, 549], [436, 548], [435, 548], [434, 548], [433, 547], [433, 546], [432, 546], [431, 546], [430, 546]]], [[[495, 741], [494, 742], [493, 742], [492, 743], [491, 744], [491, 745], [491, 746], [490, 747], [490, 748], [490, 749], [490, 750], [490, 751], [490, 752], [490, 753], [490, 754], [489, 755], [490, 755], [491, 754], [491, 753], [492, 752], [492, 751], [493, 750], [494, 749], [495, 748], [494, 748], [493, 748], [492, 747], [493, 746], [493, 745], [494, 744], [495, 744], [496, 745], [497, 746], [498, 746], [498, 745], [499, 744], [498, 743], [498, 742], [498, 741], [497, 741], [496, 741]]], [[[539, 857], [538, 858], [538, 859], [538, 860], [537, 861], [536, 862], [535, 862], [535, 863], [536, 864], [537, 863], [538, 862], [539, 862], [540, 862], [540, 861], [540, 860], [539, 859], [540, 858], [541, 858], [542, 859], [543, 859], [544, 860], [545, 860], [546, 861], [547, 862], [547, 863], [547, 864], [548, 864], [548, 863], [547, 862], [547, 861], [546, 860], [545, 859], [544, 858], [543, 858], [542, 857], [541, 858], [540, 857]]], [[[577, 865], [577, 866], [577, 867], [578, 868], [578, 869], [577, 870], [577, 871], [577, 872], [578, 872], [579, 873], [580, 873], [581, 873], [582, 872], [583, 872], [584, 871], [585, 872], [585, 873], [585, 872], [584, 871], [584, 870], [583, 870], [582, 870], [582, 871], [581, 872], [580, 872], [579, 871], [578, 870], [579, 869], [580, 868], [581, 868], [582, 868], [582, 867], [581, 867], [580, 866], [579, 865], [578, 865]]], [[[614, 875], [614, 876], [614, 877], [614, 878], [615, 878], [616, 878], [617, 878], [618, 879], [619, 880], [620, 880], [621, 881], [621, 882], [622, 882], [623, 882], [624, 883], [625, 884], [626, 885], [626, 886], [626, 887], [626, 888], [626, 889], [627, 889], [628, 888], [628, 887], [628, 886], [628, 885], [629, 884], [628, 884], [627, 884], [626, 884], [625, 883], [624, 882], [623, 881], [622, 880], [621, 880], [620, 879], [619, 879], [618, 878], [617, 878], [616, 877], [616, 876], [615, 875]]], [[[666, 903], [666, 904], [665, 905], [664, 905], [663, 906], [662, 906], [661, 906], [660, 906], [659, 906], [658, 905], [657, 904], [657, 905], [657, 906], [657, 907], [658, 908], [659, 908], [660, 907], [661, 907], [662, 907], [663, 907], [664, 907], [665, 907], [666, 907], [667, 906], [667, 905], [668, 904], [667, 903]]], [[[678, 891], [678, 892], [678, 893], [677, 894], [676, 894], [675, 893], [674, 892], [673, 892], [673, 893], [673, 894], [673, 895], [673, 896], [673, 897], [672, 898], [672, 899], [671, 900], [671, 901], [671, 902], [672, 901], [672, 900], [673, 899], [674, 898], [675, 897], [676, 896], [677, 895], [678, 895], [679, 894], [679, 893], [680, 892], [681, 892], [681, 891], [680, 891], [679, 891]]], [[[683, 692], [682, 693], [681, 693], [680, 694], [679, 693], [678, 693], [677, 693], [676, 694], [675, 694], [674, 694], [674, 695], [674, 696], [674, 697], [674, 698], [675, 697], [676, 696], [677, 696], [678, 696], [679, 695], [680, 696], [680, 697], [680, 698], [680, 699], [680, 700], [681, 700], [682, 700], [682, 699], [681, 698], [681, 697], [681, 696], [681, 695], [682, 694], [683, 694], [684, 695], [685, 694], [685, 693], [684, 692]]], [[[654, 627], [653, 628], [652, 628], [651, 629], [650, 630], [649, 631], [648, 631], [647, 631], [646, 631], [645, 631], [646, 631], [647, 631], [648, 631], [649, 631], [650, 631], [651, 631], [652, 630], [653, 630], [654, 630], [655, 630], [656, 630], [657, 630], [658, 630], [659, 631], [660, 632], [661, 632], [662, 633], [663, 633], [664, 634], [665, 635], [666, 636], [667, 637], [668, 638], [669, 639], [669, 640], [669, 641], [669, 642], [670, 642], [670, 641], [670, 640], [671, 639], [670, 639], [669, 638], [669, 637], [668, 636], [667, 635], [666, 635], [665, 634], [664, 633], [663, 632], [662, 631], [661, 630], [660, 630], [659, 629], [658, 629], [657, 628], [656, 627], [655, 627]]], [[[630, 633], [630, 634], [630, 635], [631, 636], [631, 637], [630, 638], [630, 639], [630, 640], [629, 641], [630, 642], [631, 643], [632, 644], [632, 645], [632, 646], [632, 647], [633, 647], [633, 646], [634, 645], [634, 644], [633, 643], [633, 642], [633, 641], [633, 640], [633, 639], [633, 638], [633, 637], [633, 636], [634, 635], [634, 634], [634, 633], [633, 634], [632, 634], [631, 633]]], [[[589, 641], [588, 642], [587, 642], [586, 642], [586, 643], [585, 644], [585, 645], [584, 646], [583, 646], [582, 647], [581, 647], [580, 647], [580, 648], [579, 649], [578, 649], [577, 650], [577, 651], [578, 650], [579, 649], [580, 649], [581, 649], [582, 648], [583, 648], [584, 648], [585, 647], [586, 647], [586, 646], [587, 645], [588, 644], [589, 644], [590, 644], [591, 644], [592, 645], [592, 646], [593, 646], [593, 645], [593, 644], [592, 643], [592, 642], [593, 641], [592, 641], [591, 641], [590, 641]]], [[[529, 647], [528, 648], [528, 649], [528, 650], [529, 650], [530, 651], [531, 652], [532, 652], [533, 653], [533, 654], [534, 654], [535, 655], [536, 656], [537, 657], [538, 657], [539, 658], [540, 659], [541, 659], [542, 660], [543, 660], [544, 661], [545, 661], [546, 662], [547, 662], [548, 663], [549, 663], [550, 664], [551, 665], [552, 665], [553, 666], [554, 667], [555, 667], [556, 668], [557, 669], [558, 669], [559, 670], [560, 671], [561, 672], [561, 671], [561, 670], [560, 669], [559, 668], [558, 667], [557, 667], [556, 666], [555, 666], [554, 665], [553, 665], [552, 664], [551, 663], [550, 663], [549, 662], [548, 662], [547, 661], [546, 661], [545, 660], [544, 660], [543, 659], [542, 658], [541, 658], [540, 657], [539, 656], [538, 656], [537, 655], [536, 654], [535, 653], [534, 652], [533, 651], [533, 650], [532, 649], [531, 648], [531, 647], [530, 647]]]]","[[], 112, 113, 114, 115, 116, 117, 118, 119, 120, 121, 122, 123, 94, 125, 126, 127]"
74,74,"[[[434, 526]], [[433, 527]], [[432, 527]], [[431, 527]], [[430, 528]], [[429, 527]], [[428, 528]], [[427, 528]], [[426, 528]], [[425, 528]], [[424, 528]], [[423, 529]], [[422, 529]], [[421, 529]], [[420, 530]], [[419, 530]], [[418, 530]], [[417, 531]], [[416, 531]], [[415, 531]], [[415, 532]], [[415, 533]], [[415, 534]], [[414, 535]], [[414, 536]], [[413, 537]], [[412, 538]], [[412, 539]], [[413, 540]], [[413, 541]], [[413, 542]], [[414, 541]], [[415, 541]], [[416, 542]], [[416, 543]], [[417, 544]], [[418, 545]], [[418, 546]], [[418, 547]], [[419, 547]], [[420, 548]], [[421, 547]], [[422, 547]], [[423, 547]], [[424, 547]], [[425, 547]], [[426, 547]], [[427, 546]], [[428, 546]], [[429, 545]], [[430, 545]], [[431, 545]], [[432, 545]], [[433, 544]], [[434, 543]], [[435, 542]], [[436, 541]], [[436, 540]], [[437, 539]], [[437, 538]], [[437, 537]], [[437, 536]], [[438, 535]], [[439, 534]], [[440, 535]], [[441, 534]], [[442, 533]], [[442, 532]], [[442, 531]], [[441, 531]], [[440, 530]], [[439, 530]], [[438, 529]], [[437, 528]], [[436, 527]], [[435, 526]]]","[[], [[[406, 539], [406, 540], [407, 541], [407, 542], [407, 543], [407, 544], [407, 545], [407, 546], [408, 545], [409, 544], [410, 544], [411, 544], [412, 545], [413, 546], [413, 547], [414, 547], [415, 546], [416, 546], [417, 547], [417, 546], [417, 545], [416, 545], [415, 545], [414, 545], [413, 545], [412, 544], [412, 543], [412, 542], [412, 541], [412, 540], [411, 540], [411, 541], [411, 542], [410, 543], [409, 544], [408, 544], [407, 543], [407, 542], [407, 541], [408, 540], [408, 539], [407, 539]]], [[[429, 546], [428, 547], [427, 547], [426, 548], [425, 548], [424, 548], [423, 548], [422, 548], [421, 548], [420, 549], [419, 549], [418, 550], [417, 551], [416, 551], [415, 552], [414, 551], [414, 550], [414, 549], [413, 549], [412, 549], [412, 550], [413, 551], [413, 552], [412, 553], [411, 554], [410, 555], [409, 555], [408, 556], [407, 556], [406, 556], [406, 557], [406, 558], [405, 559], [405, 560], [406, 559], [407, 558], [408, 557], [409, 556], [410, 556], [411, 556], [412, 555], [413, 555], [413, 554], [414, 553], [415, 553], [416, 553], [417, 552], [418, 552], [419, 552], [420, 552], [421, 552], [422, 552], [423, 551], [424, 551], [425, 550], [426, 549], [427, 548], [428, 548], [429, 548], [430, 548], [431, 548], [432, 548], [433, 549], [434, 550], [435, 550], [436, 549], [437, 549], [436, 548], [435, 548], [434, 548], [433, 547], [433, 546], [432, 546], [431, 546], [430, 546]], [[406, 539], [406, 540], [407, 541], [407, 542], [407, 543], [407, 544], [407, 545], [407, 546], [408, 545], [409, 544], [410, 544], [411, 544], [412, 545], [413, 546], [413, 547], [414, 547], [415, 546], [416, 546], [417, 547], [417, 546], [417, 545], [416, 545], [415, 545], [414, 545], [413, 545], [412, 544], [412, 543], [412, 542], [412, 541], [412, 540], [411, 540], [411, 541], [411, 542], [410, 543], [409, 544], [408, 544], [407, 543], [407, 542], [407, 541], [408, 540], [408, 539], [407, 539]]], [[[429, 546], [428, 547], [427, 547], [426, 548], [425, 548], [424, 548], [423, 548], [422, 548], [421, 548], [420, 549], [419, 549], [418, 550], [417, 551], [416, 551], [415, 552], [414, 551], [414, 550], [414, 549], [413, 549], [412, 549], [412, 550], [413, 551], [413, 552], [412, 553], [411, 554], [410, 555], [409, 555], [408, 556], [407, 556], [406, 556], [406, 557], [406, 558], [405, 559], [405, 560], [406, 559], [407, 558], [408, 557], [409, 556], [410, 556], [411, 556], [412, 555], [413, 555], [413, 554], [414, 553], [415, 553], [416, 553], [417, 552], [418, 552], [419, 552], [420, 552], [421, 552], [422, 552], [423, 551], [424, 551], [425, 550], [426, 549], [427, 548], [428, 548], [429, 548], [430, 548], [431, 548], [432, 548], [433, 549], [434, 550], [435, 550], [436, 549], [437, 549], [436, 548], [435, 548], [434, 548], [433, 547], [433, 546], [432, 546], [431, 546], [430, 546]]]]","[[], 128, 129, 116]"
75,75,"[[[83, 516]], [[82, 517]], [[81, 517]], [[80, 518]], [[79, 518]], [[78, 518]], [[77, 519]], [[76, 520]], [[75, 521]], [[74, 522]], [[73, 523]], [[72, 524]], [[72, 525]], [[71, 526]], [[71, 527]], [[70, 528]], [[69, 529]], [[69, 530]], [[68, 531]], [[68, 532]], [[67, 533]], [[67, 534]], [[67, 535]], [[66, 536]], [[66, 537]], [[65, 538]], [[65, 539]], [[64, 540]], [[64, 541]], [[63, 542]], [[63, 543]], [[62, 544]], [[62, 545]], [[62, 546]], [[62, 547]], [[62, 548]], [[61, 549]], [[61, 550]], [[61, 551]], [[61, 552]], [[61, 553]], [[62, 554]], [[62, 555]], [[62, 556]], [[63, 557]], [[63, 558]], [[64, 559]], [[65, 560]], [[66, 561]], [[67, 562]], [[68, 563]], [[69, 564]], [[70, 565]], [[71, 565]], [[72, 565]], [[73, 566]], [[74, 567]], [[75, 568]], [[76, 569]], [[76, 570]], [[76, 571]], [[77, 572]], [[77, 573]], [[77, 574]], [[77, 575]], [[77, 576]], [[78, 577]], [[79, 577]], [[80, 577]], [[81, 578]], [[82, 578]], [[83, 578]], [[84, 578]], [[85, 578]], [[86, 579]], [[87, 580]], [[86, 581]], [[85, 582]], [[84, 583]], [[84, 584]], [[84, 585]], [[83, 586]], [[82, 587]], [[81, 588]], [[80, 589]], [[79, 590]], [[78, 590]], [[77, 591]], [[76, 592]], [[75, 593]], [[75, 594]], [[74, 595]], [[74, 596]], [[74, 597]], [[73, 598]], [[73, 599]], [[73, 600]], [[73, 601]], [[72, 602]], [[72, 603]], [[73, 604]], [[73, 605]], [[73, 606]], [[74, 607]], [[74, 608]], [[74, 609]], [[74, 610]], [[75, 611]], [[74, 612]], [[74, 613]], [[74, 614]], [[73, 615]], [[72, 615]], [[71, 616]], [[71, 617]], [[71, 618]], [[71, 619]], [[71, 620]], [[71, 621]], [[71, 622]], [[72, 623]], [[73, 624]], [[74, 625]], [[75, 625]], [[76, 626]], [[77, 625]], [[78, 625]], [[79, 625]], [[80, 625]], [[81, 625]], [[82, 625]], [[83, 626]], [[84, 627]], [[85, 628]], [[85, 627]], [[86, 626]], [[87, 627]], [[88, 628]], [[89, 628]], [[90, 628]], [[91, 629]], [[92, 629]], [[93, 629]], [[94, 630]], [[95, 630]], [[96, 630]], [[97, 630]], [[98, 630]], [[99, 630]], [[100, 630]], [[101, 630]], [[102, 630]], [[103, 631]], [[103, 630]], [[104, 629]], [[105, 628]], [[106, 627]], [[107, 627]], [[108, 626]], [[109, 627]], [[110, 626]], [[111, 626]], [[112, 625]], [[113, 624]], [[114, 624]], [[115, 623]], [[116, 623]], [[117, 622]], [[118, 621]], [[119, 620]], [[120, 619]], [[120, 618]], [[120, 617]], [[120, 616]], [[120, 615]], [[120, 614]], [[120, 613]], [[119, 612]], [[118, 611]], [[118, 610]], [[118, 609]], [[117, 608]], [[116, 607]], [[116, 606]], [[115, 605]], [[115, 604]], [[116, 603]], [[117, 602]], [[117, 601]], [[118, 600]], [[119, 599]], [[120, 598]], [[120, 597]], [[120, 596]], [[120, 595]], [[119, 594]], [[119, 593]], [[118, 592]], [[118, 591]], [[117, 590]], [[116, 589]], [[115, 588]], [[114, 588]], [[113, 588]], [[112, 588]], [[111, 588]], [[110, 587]], [[110, 586]], [[110, 585]], [[110, 584]], [[110, 583]], [[110, 582]], [[110, 581]], [[110, 580]], [[109, 579]], [[108, 578]], [[108, 577]], [[107, 577]], [[106, 577]], [[105, 576]], [[104, 576]], [[104, 577]], [[103, 578]], [[102, 578]], [[101, 578]], [[100, 579]], [[99, 580]], [[99, 581]], [[99, 582]], [[98, 583]], [[97, 584]], [[96, 583]], [[95, 583]], [[94, 582]], [[93, 581]], [[92, 580]], [[91, 580]], [[90, 580]], [[89, 579]], [[90, 578]], [[91, 578]], [[92, 577]], [[93, 577]], [[94, 576]], [[95, 575]], [[95, 574]], [[95, 573]], [[96, 572]], [[97, 571]], [[97, 570]], [[97, 569]], [[98, 568]], [[98, 567]], [[99, 566]], [[99, 565]], [[99, 564]], [[99, 563]], [[99, 562]], [[100, 561]], [[100, 560]], [[100, 559]], [[100, 558]], [[100, 557]], [[101, 556]], [[102, 555]], [[103, 554]], [[104, 554]], [[104, 553]], [[104, 552]], [[104, 551]], [[105, 550]], [[106, 549]], [[106, 548]], [[106, 547]], [[107, 546]], [[108, 546]], [[109, 545]], [[110, 544]], [[111, 543]], [[112, 542]], [[113, 542]], [[113, 541]], [[113, 540]], [[113, 539]], [[113, 538]], [[112, 537]], [[112, 536]], [[112, 535]], [[112, 534]], [[111, 533]], [[111, 532]], [[111, 531]], [[111, 530]], [[111, 529]], [[111, 528]], [[110, 527]], [[109, 526]], [[108, 525]], [[107, 524]], [[106, 523]], [[105, 522]], [[104, 522]], [[103, 521]], [[102, 520]], [[101, 520]], [[100, 519]], [[99, 519]], [[98, 518]], [[97, 518]], [[96, 518]], [[95, 518]], [[94, 517]], [[93, 517]], [[92, 517]], [[91, 517]], [[90, 517]], [[89, 517]], [[88, 517]], [[87, 517]], [[86, 517]], [[85, 517]], [[84, 516]]]","[[[[38, 509], [39, 510], [40, 510], [41, 511], [41, 512], [41, 513], [41, 514], [41, 515], [42, 515], [43, 515], [44, 515], [44, 514], [45, 513], [46, 513], [47, 512], [48, 513], [49, 513], [50, 513], [51, 513], [52, 514], [52, 515], [53, 516], [53, 517], [54, 518], [54, 519], [55, 520], [55, 521], [56, 521], [57, 522], [58, 522], [59, 522], [60, 521], [61, 521], [61, 520], [60, 519], [59, 518], [60, 517], [61, 516], [62, 515], [63, 514], [64, 514], [64, 513], [65, 512], [66, 512], [67, 512], [68, 513], [69, 514], [70, 514], [71, 514], [72, 513], [73, 513], [74, 514], [75, 515], [76, 516], [77, 516], [78, 517], [79, 517], [80, 517], [81, 516], [82, 516], [83, 515], [84, 515], [85, 516], [86, 515], [87, 516], [88, 516], [89, 516], [90, 516], [91, 515], [92, 516], [93, 516], [94, 516], [95, 516], [96, 517], [97, 517], [98, 517], [99, 517], [100, 518], [101, 519], [102, 519], [103, 520], [104, 521], [105, 521], [106, 522], [107, 521], [108, 521], [109, 521], [108, 520], [107, 520], [106, 520], [105, 520], [104, 520], [103, 519], [102, 518], [101, 518], [100, 517], [99, 517], [98, 517], [97, 516], [96, 516], [95, 516], [94, 515], [93, 515], [92, 515], [91, 515], [90, 515], [89, 515], [88, 515], [87, 515], [86, 515], [85, 515], [84, 514], [83, 513], [82, 512], [83, 511], [83, 510], [83, 509], [82, 509], [82, 510], [81, 511], [80, 512], [79, 512], [78, 512], [77, 512], [76, 512], [75, 511], [74, 512], [73, 512], [72, 511], [71, 511], [70, 511], [69, 511], [68, 510], [67, 510], [66, 509], [65, 510], [64, 511], [63, 512], [62, 513], [61, 513], [60, 513], [59, 513], [58, 513], [57, 513], [56, 513], [55, 512], [54, 511], [53, 510], [52, 510], [51, 510], [50, 510], [49, 510], [48, 510], [47, 510], [46, 510], [46, 511], [45, 512], [44, 512], [43, 512], [42, 511], [42, 510], [41, 509], [40, 509], [39, 509]]], [], [[[113, 519], [113, 520], [113, 521], [114, 521], [115, 522], [115, 523], [116, 524], [117, 525], [117, 526], [117, 527], [116, 528], [115, 528], [114, 528], [113, 528], [112, 528], [112, 529], [112, 530], [112, 531], [112, 532], [112, 533], [113, 534], [113, 535], [113, 536], [113, 537], [114, 537], [114, 536], [114, 535], [115, 534], [115, 533], [116, 532], [116, 531], [116, 530], [117, 529], [118, 528], [119, 528], [120, 527], [120, 526], [120, 525], [121, 524], [121, 523], [121, 522], [120, 522], [119, 522], [118, 522], [117, 522], [116, 521], [116, 520], [115, 519], [114, 519]]]]","[131, [], 132]"
76,76,"[[[721, 515]], [[720, 516]], [[720, 517]], [[719, 518]], [[718, 518]], [[717, 519]], [[717, 520]], [[718, 521]], [[719, 522]], [[720, 523]], [[721, 524]], [[722, 525]], [[723, 526]], [[724, 526]], [[725, 527]], [[726, 527]], [[727, 528]], [[728, 529]], [[729, 530]], [[730, 530]], [[731, 530]], [[732, 531]], [[733, 531]], [[734, 532]], [[735, 532]], [[736, 532]], [[737, 531]], [[738, 531]], [[739, 531]], [[740, 531]], [[741, 532]], [[742, 533]], [[742, 534]], [[742, 535]], [[742, 536]], [[743, 537]], [[743, 538]], [[744, 538]], [[745, 538]], [[746, 538]], [[747, 537]], [[748, 537]], [[748, 536]], [[748, 535]], [[747, 534]], [[746, 534]], [[745, 534]], [[744, 534]], [[743, 533]], [[742, 532]], [[742, 531]], [[741, 530]], [[740, 529]], [[740, 528]], [[740, 527]], [[739, 526]], [[739, 525]], [[739, 524]], [[739, 523]], [[738, 522]], [[737, 522]], [[736, 521]], [[735, 520]], [[734, 519]], [[733, 518]], [[732, 517]], [[731, 517]], [[730, 517]], [[729, 517]], [[728, 517]], [[727, 517]], [[726, 517]], [[725, 517]], [[724, 516]], [[723, 516]], [[722, 516]]]","[[], [[[713, 524], [714, 525], [713, 526], [712, 527], [712, 528], [713, 529], [713, 530], [712, 531], [712, 532], [713, 532], [714, 531], [715, 532], [716, 532], [717, 533], [717, 534], [718, 535], [719, 536], [720, 537], [721, 538], [721, 539], [721, 540], [720, 541], [721, 541], [722, 541], [723, 541], [724, 542], [725, 543], [726, 544], [727, 545], [728, 545], [729, 546], [730, 546], [730, 545], [730, 544], [729, 543], [728, 542], [727, 541], [726, 541], [725, 541], [724, 541], [723, 541], [722, 540], [722, 539], [722, 538], [721, 537], [722, 536], [722, 535], [722, 534], [721, 533], [720, 533], [719, 532], [718, 532], [717, 532], [716, 531], [715, 530], [714, 529], [714, 528], [715, 527], [716, 527], [715, 526], [714, 525], [714, 524]]], [[[727, 529], [726, 530], [726, 531], [727, 532], [727, 533], [728, 534], [729, 535], [730, 536], [731, 537], [731, 538], [732, 539], [732, 540], [732, 541], [732, 542], [733, 543], [733, 544], [734, 545], [734, 546], [735, 546], [736, 547], [737, 547], [738, 548], [739, 549], [740, 549], [740, 548], [740, 547], [739, 546], [739, 545], [738, 544], [737, 544], [736, 543], [736, 542], [736, 541], [735, 540], [734, 539], [733, 539], [732, 538], [732, 537], [731, 536], [731, 535], [730, 534], [729, 533], [729, 532], [729, 531], [728, 530]], [[713, 524], [714, 525], [713, 526], [712, 527], [712, 528], [713, 529], [713, 530], [712, 531], [712, 532], [713, 532], [714, 531], [715, 532], [716, 532], [717, 533], [717, 534], [718, 535], [719, 536], [720, 537], [721, 538], [721, 539], [721, 540], [720, 541], [721, 541], [722, 541], [723, 541], [724, 542], [725, 543], [726, 544], [727, 545], [728, 545], [729, 546], [730, 546], [730, 545], [730, 544], [729, 543], [728, 542], [727, 541], [726, 541], [725, 541], [724, 541], [723, 541], [722, 540], [722, 539], [722, 538], [721, 537], [722, 536], [722, 535], [722, 534], [721, 533], [720, 533], [719, 532], [718, 532], [717, 532], [716, 531], [715, 530], [714, 529], [714, 528], [715, 527], [716, 527], [715, 526], [714, 525], [714, 524]]], [[[727, 529], [726, 530], [726, 531], [727, 532], [727, 533], [728, 534], [729, 535], [730, 536], [731, 537], [731, 538], [732, 539], [732, 540], [732, 541], [732, 542], [733, 543], [733, 544], [734, 545], [734, 546], [735, 546], [736, 547], [737, 547], [738, 548], [739, 549], [740, 549], [740, 548], [740, 547], [739, 546], [739, 545], [738, 544], [737, 544], [736, 543], [736, 542], [736, 541], [735, 540], [734, 539], [733, 539], [732, 538], [732, 537], [731, 536], [731, 535], [730, 534], [729, 533], [729, 532], [729, 531], [728, 530]]]]","[[], 110, 109, 135]"
77,77,"[[[17, 511]], [[16, 512]], [[15, 513]], [[14, 514]], [[13, 514]], [[12, 515]], [[12, 516]], [[11, 517]], [[10, 518]], [[10, 519]], [[9, 520]], [[8, 521]], [[7, 522]], [[7, 523]], [[6, 524]], [[5, 525]], [[4, 525]], [[3, 526]], [[2, 527]], [[1, 528]], [[0, 528]], [[0, 529]], [[0, 530]], [[0, 531]], [[1, 531]], [[2, 531]], [[3, 532]], [[4, 532]], [[5, 531]], [[6, 531]], [[7, 531]], [[8, 532]], [[9, 533]], [[10, 533]], [[11, 533]], [[12, 533]], [[13, 533]], [[14, 533]], [[15, 533]], [[16, 533]], [[17, 532]], [[18, 531]], [[19, 531]], [[20, 530]], [[21, 529]], [[22, 528]], [[23, 527]], [[24, 526]], [[25, 525]], [[26, 524]], [[26, 523]], [[27, 522]], [[28, 522]], [[29, 521]], [[28, 520]], [[27, 519]], [[27, 518]], [[26, 517]], [[26, 516]], [[26, 515]], [[25, 514]], [[25, 513]], [[24, 513]], [[23, 512]], [[22, 511]], [[21, 511]], [[20, 511]], [[19, 511]], [[18, 511]]]",[[]],[]
78,78,"[[[518, 507]], [[517, 508]], [[516, 508]], [[515, 509]], [[514, 509]], [[514, 510]], [[514, 511]], [[513, 512]], [[512, 513]], [[512, 514]], [[512, 515]], [[512, 516]], [[513, 516]], [[514, 516]], [[515, 516]], [[516, 516]], [[517, 517]], [[518, 517]], [[519, 517]], [[520, 516]], [[521, 515]], [[522, 515]], [[523, 515]], [[523, 514]], [[524, 513]], [[525, 513]], [[525, 512]], [[525, 511]], [[525, 510]], [[525, 509]], [[524, 508]], [[523, 508]], [[522, 508]], [[521, 508]], [[520, 507]], [[519, 507]]]",[[]],[]
79,79,"[[[221, 485]], [[220, 486]], [[219, 486]], [[218, 486]], [[217, 486]], [[216, 487]], [[215, 487]], [[214, 488]], [[213, 489]], [[212, 489]], [[213, 490]], [[212, 491]], [[212, 492]], [[211, 493]], [[211, 494]], [[211, 495]], [[210, 496]], [[210, 497]], [[210, 498]], [[210, 499]], [[210, 500]], [[210, 501]], [[210, 502]], [[211, 503]], [[211, 504]], [[211, 505]], [[211, 506]], [[211, 507]], [[211, 508]], [[212, 509]], [[213, 509]], [[214, 509]], [[215, 510]], [[214, 511]], [[213, 511]], [[212, 512]], [[211, 513]], [[210, 513]], [[209, 514]], [[208, 514]], [[207, 514]], [[206, 514]], [[205, 515]], [[204, 515]], [[203, 515]], [[202, 514]], [[201, 513]], [[202, 512]], [[202, 511]], [[201, 511]], [[200, 512]], [[199, 512]], [[198, 511]], [[198, 510]], [[198, 509]], [[197, 508]], [[196, 507]], [[196, 506]], [[196, 505]], [[195, 504]], [[194, 504]], [[193, 503]], [[193, 502]], [[193, 501]], [[192, 500]], [[191, 499]], [[190, 499]], [[189, 499]], [[188, 499]], [[187, 499]], [[186, 498]], [[185, 499]], [[184, 499]], [[183, 499]], [[182, 499]], [[181, 499]], [[180, 499]], [[179, 498]], [[178, 498]], [[177, 498]], [[176, 498]], [[175, 498]], [[174, 497]], [[173, 498]], [[172, 498]], [[171, 498]], [[170, 499]], [[169, 499]], [[168, 499]], [[167, 499]], [[167, 500]], [[166, 501]], [[165, 501]], [[164, 500]], [[163, 499]], [[163, 498]], [[162, 498]], [[161, 498]], [[160, 497]], [[159, 496]], [[158, 496]], [[157, 496]], [[156, 495]], [[155, 495]], [[154, 495]], [[153, 495]], [[152, 495]], [[151, 496]], [[150, 497]], [[149, 498]], [[149, 499]], [[148, 500]], [[147, 500]], [[147, 501]], [[147, 502]], [[147, 503]], [[147, 504]], [[147, 505]], [[147, 506]], [[146, 507]], [[146, 508]], [[145, 509]], [[145, 510]], [[144, 511]], [[144, 512]], [[143, 513]], [[143, 514]], [[143, 515]], [[143, 516]], [[143, 517]], [[142, 518]], [[142, 519]], [[142, 520]], [[141, 521]], [[142, 522]], [[142, 523]], [[142, 524]], [[141, 525]], [[141, 526]], [[142, 527]], [[142, 528]], [[143, 529]], [[144, 530]], [[143, 531]], [[144, 531]], [[145, 532]], [[146, 533]], [[147, 534]], [[148, 534]], [[149, 535]], [[150, 535]], [[151, 535]], [[152, 535]], [[153, 536]], [[154, 537]], [[155, 538]], [[156, 539]], [[156, 540]], [[157, 540]], [[158, 539]], [[159, 539]], [[160, 539]], [[161, 538]], [[162, 537]], [[163, 536]], [[164, 537]], [[165, 537]], [[166, 536]], [[167, 536]], [[168, 535]], [[169, 535]], [[170, 535]], [[171, 535]], [[172, 535]], [[173, 535]], [[174, 535]], [[175, 535]], [[175, 534]], [[176, 533]], [[177, 532]], [[178, 531]], [[179, 531]], [[180, 531]], [[181, 531]], [[182, 531]], [[183, 531]], [[184, 532]], [[185, 533]], [[186, 534]], [[186, 535]], [[187, 536]], [[188, 537]], [[189, 537]], [[190, 537]], [[191, 537]], [[192, 537]], [[193, 537]], [[194, 537]], [[195, 536]], [[196, 536]], [[197, 535]], [[198, 535]], [[199, 534]], [[200, 534]], [[201, 533]], [[202, 533]], [[203, 532]], [[203, 531]], [[204, 530]], [[205, 529]], [[206, 528]], [[207, 527]], [[208, 528]], [[209, 529]], [[209, 530]], [[209, 531]], [[209, 532]], [[210, 532]], [[211, 533]], [[212, 534]], [[213, 534]], [[214, 534]], [[215, 535]], [[216, 535]], [[217, 536]], [[218, 536]], [[219, 536]], [[220, 536]], [[221, 537]], [[222, 537]], [[223, 537]], [[223, 536]], [[224, 535]], [[225, 534]], [[226, 533]], [[227, 533]], [[228, 532]], [[228, 531]], [[228, 530]], [[228, 529]], [[228, 528]], [[228, 527]], [[229, 526]], [[229, 525]], [[228, 524]], [[227, 523]], [[226, 522]], [[225, 521]], [[224, 520]], [[223, 519]], [[222, 518]], [[221, 517]], [[220, 516]], [[220, 515]], [[219, 514]], [[218, 513]], [[217, 512]], [[216, 512]], [[215, 512]], [[214, 511]], [[215, 510]], [[216, 509]], [[217, 509]], [[218, 509]], [[219, 508]], [[220, 508]], [[221, 508]], [[222, 508]], [[223, 509]], [[223, 510]], [[224, 511]], [[225, 512]], [[226, 512]], [[227, 513]], [[228, 513]], [[229, 513]], [[230, 513]], [[231, 513]], [[232, 512]], [[232, 511]], [[233, 510]], [[233, 509]], [[234, 508]], [[234, 507]], [[234, 506]], [[233, 505]], [[233, 504]], [[233, 503]], [[234, 502]], [[235, 502]], [[235, 501]], [[235, 500]], [[236, 499]], [[236, 498]], [[236, 497]], [[235, 496]], [[235, 495]], [[235, 494]], [[235, 493]], [[235, 492]], [[235, 491]], [[234, 490]], [[233, 489]], [[232, 488]], [[231, 488]], [[230, 489]], [[229, 489]], [[228, 488]], [[227, 487]], [[226, 486]], [[225, 486]], [[224, 486]], [[223, 486]], [[222, 486]]]","[[], [[[149, 486], [149, 487], [150, 487], [151, 488], [152, 489], [153, 490], [153, 491], [154, 492], [155, 492], [156, 493], [157, 493], [158, 493], [159, 494], [159, 495], [160, 495], [161, 495], [162, 495], [163, 496], [164, 496], [165, 497], [165, 498], [166, 499], [167, 498], [168, 498], [169, 498], [170, 498], [171, 497], [172, 497], [173, 497], [174, 496], [175, 496], [174, 495], [173, 496], [172, 496], [171, 497], [170, 497], [169, 497], [168, 497], [167, 497], [166, 497], [165, 497], [164, 496], [163, 495], [162, 494], [161, 493], [160, 492], [161, 491], [161, 490], [161, 489], [162, 488], [163, 488], [162, 488], [161, 488], [160, 488], [159, 489], [158, 489], [157, 489], [156, 490], [155, 491], [154, 490], [153, 489], [152, 488], [152, 487], [151, 486], [150, 486]]], [[[121, 508], [121, 509], [121, 510], [120, 511], [119, 511], [118, 512], [117, 512], [116, 513], [116, 514], [116, 515], [116, 516], [116, 517], [117, 516], [118, 515], [119, 514], [119, 513], [120, 512], [121, 512], [122, 511], [123, 512], [124, 513], [124, 514], [125, 514], [126, 514], [127, 514], [128, 514], [129, 515], [129, 516], [129, 517], [130, 517], [131, 517], [132, 517], [133, 518], [134, 519], [134, 520], [135, 521], [135, 522], [135, 523], [136, 523], [137, 524], [137, 525], [138, 525], [139, 526], [139, 527], [140, 527], [140, 526], [140, 525], [141, 524], [141, 523], [141, 522], [140, 521], [139, 521], [138, 521], [137, 520], [136, 519], [136, 518], [136, 517], [136, 516], [135, 516], [134, 516], [133, 515], [132, 515], [131, 514], [130, 513], [129, 512], [129, 511], [129, 510], [128, 510], [127, 511], [126, 512], [125, 511], [124, 510], [124, 509], [123, 508], [122, 508]]], [[[140, 529], [140, 530], [140, 531], [141, 532], [141, 533], [141, 534], [142, 535], [142, 536], [142, 537], [142, 538], [142, 539], [142, 540], [143, 541], [143, 542], [143, 543], [143, 544], [144, 545], [145, 546], [145, 547], [146, 548], [147, 548], [148, 548], [149, 547], [150, 547], [151, 546], [152, 546], [153, 545], [154, 545], [155, 544], [156, 544], [157, 544], [158, 544], [158, 543], [158, 542], [158, 541], [157, 541], [156, 541], [155, 540], [155, 539], [154, 540], [154, 541], [153, 542], [152, 543], [151, 544], [150, 544], [149, 544], [148, 545], [147, 546], [146, 546], [145, 545], [145, 544], [145, 543], [145, 542], [145, 541], [145, 540], [145, 539], [145, 538], [146, 537], [146, 536], [146, 535], [146, 534], [145, 533], [144, 532], [143, 532], [142, 531], [143, 530], [142, 529], [141, 530]]], [[[227, 534], [226, 535], [225, 535], [224, 536], [224, 537], [223, 538], [222, 538], [221, 539], [221, 540], [220, 541], [219, 542], [219, 543], [220, 543], [221, 543], [222, 542], [223, 541], [224, 541], [225, 541], [226, 541], [227, 540], [228, 539], [229, 540], [230, 540], [231, 540], [232, 539], [231, 538], [230, 537], [231, 536], [231, 535], [230, 535], [229, 534], [228, 534]]]]","[[], 136, 137, 100, 139]"
80,80,"[[[671, 484]], [[671, 485]], [[670, 486]], [[671, 487]], [[670, 488]], [[670, 489]], [[671, 490]], [[671, 491]], [[671, 492]], [[672, 493]], [[672, 494]], [[672, 495]], [[672, 496]], [[673, 497]], [[674, 498]], [[675, 499]], [[675, 500]], [[676, 501]], [[676, 502]], [[676, 503]], [[677, 504]], [[678, 505]], [[679, 505]], [[680, 505]], [[681, 505]], [[682, 505]], [[683, 506]], [[684, 506]], [[685, 505]], [[686, 505]], [[687, 505]], [[687, 504]], [[687, 503]], [[687, 502]], [[687, 501]], [[687, 500]], [[686, 499]], [[685, 498]], [[684, 497]], [[683, 496]], [[682, 495]], [[681, 494]], [[680, 493]], [[680, 492]], [[679, 492]], [[678, 491]], [[677, 490]], [[676, 489]], [[675, 488]], [[675, 487]], [[675, 486]], [[675, 485]], [[674, 484]], [[673, 484]], [[672, 484]]]","[[], [[[669, 489], [669, 490], [668, 491], [668, 492], [667, 493], [667, 494], [667, 495], [666, 496], [667, 497], [667, 496], [667, 495], [668, 494], [669, 495], [669, 496], [670, 497], [670, 498], [670, 499], [671, 500], [671, 501], [672, 501], [673, 502], [674, 502], [675, 502], [675, 501], [674, 500], [674, 499], [673, 498], [672, 497], [671, 496], [671, 495], [671, 494], [671, 493], [670, 492], [670, 491], [670, 490]]]]","[[], 140]"
81,81,"[[[488, 480]], [[488, 481]], [[488, 482]], [[487, 483]], [[486, 484]], [[486, 485]], [[486, 486]], [[486, 487]], [[485, 488]], [[484, 488]], [[484, 489]], [[484, 490]], [[484, 489]], [[485, 488]], [[486, 489]], [[486, 490]], [[487, 491]], [[487, 492]], [[488, 493]], [[489, 494]], [[489, 495]], [[489, 496]], [[490, 497]], [[490, 498]], [[491, 499]], [[491, 500]], [[492, 501]], [[492, 502]], [[493, 503]], [[493, 504]], [[494, 505]], [[494, 506]], [[495, 507]], [[496, 508]], [[497, 509]], [[498, 510]], [[498, 511]], [[498, 512]], [[498, 513]], [[499, 514]], [[500, 515]], [[501, 516]], [[500, 517]], [[501, 518]], [[502, 519]], [[503, 518]], [[504, 519]], [[505, 518]], [[506, 518]], [[507, 517]], [[508, 516]], [[507, 515]], [[506, 515]], [[505, 514]], [[504, 513]], [[503, 514]], [[502, 515]], [[501, 514]], [[501, 513]], [[502, 512]], [[503, 511]], [[502, 510]], [[502, 509]], [[503, 508]], [[504, 507]], [[504, 506]], [[504, 505]], [[505, 504]], [[506, 503]], [[507, 502]], [[508, 501]], [[509, 500]], [[510, 499]], [[510, 498]], [[509, 497]], [[509, 496]], [[509, 495]], [[509, 494]], [[509, 493]], [[509, 492]], [[509, 491]], [[509, 490]], [[508, 489]], [[507, 489]], [[506, 488]], [[505, 488]], [[504, 488]], [[503, 488]], [[502, 489]], [[501, 489]], [[500, 489]], [[499, 489]], [[498, 489]], [[497, 489]], [[496, 489]], [[495, 489]], [[494, 488]], [[494, 487]], [[494, 486]], [[494, 485]], [[493, 484]], [[493, 483]], [[493, 482]], [[493, 481]], [[492, 481]], [[491, 480]], [[490, 481]], [[489, 481]]]","[[[[475, 469], [475, 470], [476, 471], [477, 472], [478, 472], [479, 473], [479, 474], [480, 474], [481, 475], [482, 475], [483, 476], [484, 476], [485, 477], [485, 478], [486, 479], [485, 480], [485, 481], [485, 482], [485, 483], [486, 483], [487, 482], [487, 481], [487, 480], [487, 479], [487, 478], [486, 477], [485, 476], [486, 475], [486, 474], [486, 473], [485, 473], [484, 473], [483, 473], [482, 473], [481, 473], [480, 472], [479, 472], [478, 471], [477, 470], [477, 469], [476, 469]]], [], [[[494, 507], [493, 508], [492, 508], [491, 508], [490, 509], [490, 510], [490, 511], [490, 512], [490, 513], [491, 514], [492, 515], [492, 516], [493, 517], [494, 518], [495, 519], [495, 520], [496, 521], [497, 521], [498, 520], [499, 519], [500, 520], [501, 520], [502, 521], [502, 522], [502, 521], [502, 520], [501, 519], [500, 518], [499, 517], [498, 517], [497, 517], [496, 516], [496, 515], [496, 514], [496, 513], [497, 512], [497, 511], [497, 510], [496, 509], [495, 508]]], [[[516, 483], [516, 484], [517, 485], [517, 486], [517, 487], [517, 488], [516, 489], [515, 489], [514, 489], [513, 489], [513, 490], [514, 491], [513, 492], [512, 492], [511, 491], [511, 490], [510, 491], [510, 492], [510, 493], [510, 494], [510, 495], [510, 496], [510, 497], [511, 497], [512, 497], [511, 496], [511, 495], [511, 494], [511, 493], [512, 492], [513, 492], [514, 492], [515, 491], [516, 491], [517, 492], [517, 493], [518, 494], [519, 493], [520, 492], [519, 491], [520, 490], [521, 489], [522, 488], [522, 487], [523, 486], [524, 486], [525, 486], [526, 486], [527, 487], [526, 488], [526, 489], [526, 490], [527, 491], [527, 492], [527, 493], [527, 494], [528, 494], [529, 494], [530, 494], [531, 494], [532, 493], [533, 493], [534, 494], [535, 494], [536, 495], [537, 496], [537, 497], [537, 498], [537, 499], [538, 499], [538, 498], [538, 497], [539, 496], [538, 495], [537, 494], [536, 493], [535, 493], [534, 492], [533, 492], [532, 492], [531, 492], [530, 491], [531, 490], [531, 489], [531, 488], [532, 487], [532, 486], [532, 485], [531, 485], [530, 485], [529, 485], [528, 486], [527, 486], [526, 486], [525, 486], [524, 486], [523, 486], [522, 486], [521, 486], [520, 486], [519, 485], [518, 485], [517, 484]]], [[[494, 481], [494, 482], [494, 483], [494, 484], [495, 485], [495, 486], [495, 487], [495, 488], [496, 488], [497, 488], [498, 488], [499, 488], [500, 488], [501, 488], [502, 488], [503, 487], [504, 487], [505, 487], [506, 487], [507, 488], [508, 488], [509, 489], [509, 488], [509, 487], [509, 486], [508, 486], [507, 486], [506, 486], [505, 486], [504, 485], [503, 484], [503, 483], [502, 482], [501, 481], [500, 481], [499, 482], [498, 482], [497, 482], [496, 483], [495, 482], [495, 481]]]]","[141, [], 142, 143, 144]"
82,82,"[[[299, 468]], [[298, 469]], [[297, 469]], [[297, 470]], [[297, 471]], [[297, 472]], [[296, 473]], [[295, 473]], [[294, 474]], [[293, 475]], [[292, 474]], [[291, 475]], [[290, 475]], [[289, 476]], [[288, 476]], [[287, 477]], [[286, 478]], [[285, 479]], [[284, 479]], [[283, 480]], [[282, 480]], [[281, 480]], [[280, 481]], [[279, 482]], [[278, 481]], [[278, 482]], [[277, 483]], [[277, 484]], [[277, 485]], [[277, 486]], [[277, 487]], [[277, 488]], [[278, 489]], [[279, 490]], [[279, 491]], [[279, 492]], [[280, 493]], [[280, 494]], [[281, 495]], [[281, 496]], [[282, 497]], [[283, 498]], [[284, 499]], [[285, 500]], [[286, 500]], [[287, 500]], [[288, 500]], [[289, 499]], [[290, 499]], [[291, 498]], [[292, 498]], [[293, 497]], [[294, 497]], [[295, 497]], [[296, 497]], [[297, 497]], [[298, 496]], [[299, 496]], [[300, 497]], [[301, 497]], [[302, 497]], [[303, 497]], [[304, 497]], [[305, 497]], [[306, 497]], [[307, 496]], [[306, 495]], [[307, 494]], [[308, 493]], [[309, 492]], [[309, 491]], [[310, 490]], [[311, 489]], [[312, 490]], [[313, 490]], [[314, 489]], [[315, 488]], [[316, 487]], [[316, 486]], [[315, 485]], [[315, 484]], [[316, 483]], [[316, 482]], [[316, 481]], [[316, 480]], [[316, 479]], [[315, 478]], [[315, 477]], [[314, 476]], [[313, 475]], [[312, 474]], [[311, 473]], [[310, 472]], [[309, 471]], [[308, 470]], [[307, 469]], [[306, 469]], [[305, 469]], [[304, 469]], [[303, 468]], [[302, 468]], [[301, 468]], [[300, 468]]]","[[], [[[276, 480], [275, 481], [274, 482], [273, 483], [272, 483], [271, 483], [270, 483], [269, 484], [268, 485], [268, 486], [267, 487], [267, 488], [267, 489], [267, 490], [268, 490], [268, 489], [268, 488], [269, 487], [270, 487], [271, 487], [272, 487], [273, 486], [274, 487], [275, 486], [276, 486], [276, 485], [276, 484], [276, 483], [277, 482], [277, 481], [277, 480]]]]","[[], 145]"
83,83,"[[[100, 466]], [[99, 467]], [[98, 467]], [[97, 467]], [[96, 467]], [[95, 467]], [[94, 467]], [[93, 467]], [[92, 468]], [[91, 468]], [[90, 469]], [[89, 470]], [[88, 470]], [[87, 471]], [[87, 472]], [[87, 473]], [[88, 473]], [[89, 474]], [[90, 474]], [[91, 475]], [[92, 474]], [[93, 474]], [[94, 474]], [[95, 475]], [[96, 475]], [[97, 475]], [[98, 475]], [[99, 476]], [[100, 477]], [[100, 478]], [[99, 479]], [[98, 479]], [[97, 479]], [[96, 480]], [[95, 479]], [[94, 479]], [[93, 479]], [[92, 479]], [[91, 479]], [[90, 479]], [[89, 479]], [[88, 479]], [[87, 479]], [[86, 479]], [[85, 479]], [[84, 480]], [[83, 480]], [[82, 480]], [[81, 481]], [[80, 482]], [[79, 483]], [[79, 484]], [[79, 485]], [[79, 486]], [[80, 487]], [[80, 488]], [[80, 489]], [[81, 490]], [[81, 491]], [[81, 492]], [[82, 493]], [[83, 494]], [[84, 495]], [[84, 496]], [[85, 497]], [[86, 498]], [[87, 499]], [[88, 499]], [[89, 500]], [[90, 500]], [[91, 500]], [[92, 500]], [[93, 500]], [[94, 500]], [[95, 501]], [[96, 501]], [[97, 501]], [[98, 501]], [[99, 501]], [[100, 500]], [[101, 500]], [[102, 499]], [[103, 499]], [[104, 498]], [[105, 498]], [[106, 497]], [[107, 497]], [[108, 496]], [[109, 495]], [[109, 494]], [[109, 493]], [[109, 492]], [[110, 491]], [[110, 490]], [[110, 489]], [[110, 488]], [[110, 487]], [[110, 486]], [[110, 485]], [[109, 484]], [[109, 483]], [[108, 482]], [[107, 481]], [[107, 480]], [[106, 479]], [[107, 478]], [[108, 478]], [[109, 478]], [[110, 477]], [[111, 477]], [[112, 477]], [[113, 477]], [[114, 476]], [[115, 476]], [[116, 476]], [[117, 477]], [[118, 476]], [[119, 476]], [[120, 475]], [[120, 474]], [[119, 473]], [[118, 472]], [[118, 471]], [[117, 470]], [[117, 469]], [[116, 468]], [[116, 467]], [[115, 467]], [[114, 466]], [[113, 466]], [[112, 466]], [[111, 466]], [[110, 467]], [[109, 467]], [[108, 467]], [[107, 467]], [[106, 466]], [[105, 466]], [[104, 466]], [[103, 466]], [[102, 466]], [[101, 466]]]","[[[[79, 469], [79, 470], [80, 471], [81, 472], [82, 472], [83, 472], [84, 473], [84, 474], [84, 475], [85, 475], [86, 476], [87, 476], [88, 477], [88, 478], [89, 478], [90, 477], [90, 476], [90, 475], [89, 475], [88, 475], [87, 474], [86, 473], [86, 472], [86, 471], [86, 470], [85, 470], [84, 471], [83, 471], [82, 471], [81, 470], [81, 469], [80, 469]]], [], [[[109, 496], [109, 497], [109, 498], [108, 499], [107, 499], [106, 499], [105, 499], [104, 499], [104, 500], [105, 500], [106, 500], [107, 499], [108, 499], [109, 500], [110, 501], [111, 502], [111, 503], [111, 504], [111, 505], [112, 506], [113, 506], [113, 505], [113, 504], [112, 503], [112, 502], [112, 501], [112, 500], [111, 500], [110, 499], [109, 498], [109, 497]]]]","[146, [], 147]"
84,84,"[[[364, 459]], [[363, 460]], [[362, 460]], [[361, 461]], [[360, 462]], [[359, 463]], [[358, 464]], [[357, 465]], [[356, 465]], [[355, 465]], [[354, 464]], [[354, 463]], [[354, 462]], [[354, 461]], [[354, 460]], [[353, 460]], [[352, 460]], [[351, 460]], [[351, 461]], [[350, 462]], [[349, 462]], [[348, 462]], [[347, 463]], [[346, 464]], [[345, 465]], [[344, 465]], [[344, 466]], [[344, 467]], [[344, 468]], [[344, 469]], [[344, 470]], [[345, 470]], [[346, 469]], [[347, 469]], [[348, 470]], [[349, 470]], [[350, 470]], [[351, 469]], [[352, 469]], [[353, 468]], [[354, 469]], [[355, 470]], [[354, 471]], [[354, 472]], [[354, 473]], [[353, 474]], [[353, 475]], [[352, 476]], [[351, 477]], [[350, 477]], [[350, 478]], [[349, 479]], [[348, 479]], [[347, 480]], [[346, 480]], [[345, 481]], [[344, 481]], [[343, 482]], [[342, 483]], [[341, 484]], [[340, 484]], [[339, 485]], [[338, 486]], [[337, 486]], [[336, 487]], [[335, 488]], [[334, 489]], [[333, 489]], [[332, 490]], [[331, 490]], [[330, 491]], [[329, 491]], [[328, 492]], [[328, 493]], [[328, 494]], [[328, 495]], [[327, 496]], [[326, 497]], [[326, 498]], [[326, 499]], [[326, 500]], [[327, 501]], [[328, 502]], [[328, 503]], [[329, 504]], [[329, 505]], [[329, 506]], [[329, 507]], [[329, 508]], [[329, 509]], [[329, 510]], [[329, 511]], [[329, 512]], [[329, 513]], [[328, 514]], [[327, 515]], [[326, 516]], [[325, 517]], [[324, 518]], [[324, 519]], [[325, 520]], [[325, 521]], [[324, 522]], [[323, 521]], [[322, 521]], [[321, 520]], [[320, 519]], [[319, 518]], [[319, 517]], [[319, 516]], [[319, 515]], [[319, 514]], [[319, 513]], [[319, 512]], [[319, 511]], [[318, 510]], [[319, 509]], [[318, 509]], [[317, 508]], [[317, 507]], [[316, 506]], [[316, 505]], [[315, 505]], [[314, 504]], [[313, 503]], [[312, 502]], [[311, 501]], [[310, 502]], [[309, 502]], [[308, 501]], [[307, 501]], [[306, 501]], [[305, 501]], [[304, 501]], [[303, 501]], [[302, 502]], [[301, 502]], [[300, 503]], [[299, 503]], [[298, 504]], [[297, 504]], [[296, 505]], [[295, 506]], [[295, 507]], [[295, 508]], [[295, 509]], [[294, 510]], [[294, 511]], [[294, 512]], [[293, 513]], [[292, 514]], [[292, 515]], [[292, 516]], [[292, 517]], [[292, 518]], [[291, 519]], [[291, 520]], [[290, 521]], [[289, 522]], [[290, 523]], [[290, 524]], [[290, 525]], [[289, 526]], [[289, 527]], [[289, 528]], [[289, 529]], [[289, 530]], [[288, 531]], [[288, 532]], [[287, 533]], [[287, 534]], [[286, 535]], [[285, 536]], [[284, 536]], [[283, 536]], [[282, 536]], [[281, 537]], [[280, 537]], [[279, 537]], [[278, 538]], [[277, 539]], [[276, 539]], [[275, 539]], [[274, 540]], [[273, 540]], [[272, 541]], [[271, 541]], [[270, 541]], [[269, 542]], [[268, 542]], [[267, 543]], [[267, 544]], [[266, 545]], [[266, 546]], [[266, 547]], [[266, 548]], [[266, 549]], [[266, 550]], [[266, 551]], [[267, 552]], [[267, 553]], [[268, 554]], [[268, 555]], [[269, 556]], [[269, 557]], [[270, 558]], [[270, 559]], [[270, 560]], [[270, 561]], [[270, 562]], [[271, 563]], [[271, 564]], [[271, 565]], [[270, 566]], [[269, 566]], [[268, 566]], [[267, 566]], [[266, 565]], [[265, 565]], [[264, 564]], [[263, 563]], [[262, 562]], [[261, 562]], [[260, 562]], [[259, 562]], [[258, 563]], [[257, 563]], [[256, 563]], [[255, 563]], [[254, 563]], [[253, 563]], [[252, 564]], [[251, 565]], [[250, 565]], [[249, 566]], [[249, 567]], [[248, 568]], [[247, 569]], [[246, 570]], [[245, 571]], [[244, 572]], [[243, 573]], [[242, 573]], [[241, 574]], [[240, 575]], [[240, 576]], [[240, 577]], [[240, 578]], [[240, 579]], [[239, 580]], [[238, 579]], [[239, 580]], [[239, 581]], [[239, 582]], [[239, 581]], [[240, 580]], [[241, 581]], [[241, 582]], [[241, 583]], [[241, 584]], [[240, 585]], [[240, 586]], [[239, 587]], [[238, 587]], [[238, 588]], [[237, 589]], [[236, 590]], [[236, 591]], [[236, 592]], [[236, 593]], [[237, 593]], [[238, 593]], [[239, 593]], [[240, 592]], [[241, 592]], [[242, 592]], [[242, 591]], [[242, 590]], [[243, 589]], [[244, 589]], [[245, 590]], [[246, 591]], [[246, 592]], [[246, 593]], [[246, 594]], [[246, 595]], [[247, 596]], [[247, 597]], [[247, 598]], [[247, 599]], [[246, 600]], [[246, 601]], [[246, 602]], [[246, 603]], [[247, 604]], [[248, 605]], [[249, 606]], [[249, 607]], [[249, 608]], [[250, 608]], [[251, 609]], [[252, 609]], [[253, 610]], [[254, 610]], [[255, 610]], [[256, 610]], [[257, 610]], [[258, 610]], [[259, 609]], [[260, 609]], [[261, 609]], [[262, 609]], [[263, 609]], [[264, 609]], [[265, 609]], [[266, 608]], [[267, 608]], [[268, 608]], [[269, 608]], [[270, 607]], [[271, 607]], [[272, 606]], [[273, 605]], [[274, 605]], [[274, 604]], [[275, 603]], [[276, 603]], [[277, 603]], [[278, 602]], [[279, 601]], [[280, 600]], [[280, 599]], [[280, 598]], [[280, 597]], [[281, 596]], [[281, 595]], [[281, 594]], [[281, 593]], [[282, 592]], [[282, 591]], [[281, 590]], [[281, 589]], [[280, 588]], [[279, 587]], [[279, 586]], [[279, 585]], [[279, 584]], [[279, 583]], [[279, 582]], [[279, 581]], [[279, 580]], [[279, 579]], [[280, 578]], [[281, 578]], [[282, 578]], [[283, 579]], [[283, 580]], [[283, 581]], [[283, 580]], [[284, 579]], [[285, 579]], [[286, 579]], [[287, 579]], [[288, 580]], [[289, 581]], [[290, 582]], [[290, 583]], [[290, 584]], [[291, 585]], [[292, 585]], [[293, 585]], [[294, 584]], [[295, 583]], [[296, 583]], [[297, 582]], [[298, 581]], [[299, 581]], [[300, 581]], [[301, 582]], [[302, 583]], [[303, 583]], [[304, 584]], [[305, 584]], [[306, 584]], [[307, 584]], [[308, 584]], [[309, 583]], [[310, 583]], [[311, 582]], [[312, 581]], [[312, 580]], [[312, 579]], [[312, 578]], [[312, 577]], [[313, 576]], [[314, 575]], [[315, 575]], [[316, 575]], [[316, 574]], [[316, 573]], [[316, 572]], [[315, 571]], [[316, 570]], [[316, 569]], [[317, 568]], [[318, 567]], [[319, 567]], [[319, 566]], [[318, 565]], [[318, 564]], [[319, 563]], [[320, 563]], [[321, 563]], [[322, 563]], [[321, 562]], [[321, 561]], [[321, 560]], [[320, 559]], [[320, 558]], [[319, 557]], [[319, 556]], [[318, 555]], [[318, 554]], [[318, 553]], [[318, 552]], [[317, 552]], [[316, 551]], [[315, 551]], [[314, 550]], [[314, 549]], [[315, 548]], [[316, 548]], [[317, 547]], [[318, 547]], [[319, 546]], [[319, 545]], [[319, 544]], [[319, 543]], [[320, 542]], [[321, 541]], [[322, 542]], [[323, 541]], [[324, 541]], [[325, 541]], [[326, 540]], [[327, 539]], [[328, 538]], [[328, 537]], [[329, 536]], [[329, 535]], [[329, 534]], [[329, 533]], [[329, 532]], [[328, 531]], [[328, 530]], [[328, 529]], [[329, 528]], [[330, 529]], [[331, 529]], [[332, 529]], [[333, 530]], [[333, 531]], [[334, 532]], [[334, 533]], [[335, 534]], [[336, 535]], [[337, 536]], [[338, 537]], [[339, 537]], [[340, 538]], [[341, 538]], [[342, 539]], [[343, 538]], [[344, 539]], [[344, 540]], [[345, 540]], [[346, 540]], [[347, 540]], [[348, 539]], [[349, 539]], [[350, 539]], [[351, 539]], [[351, 538]], [[352, 537]], [[353, 536]], [[354, 537]], [[355, 537]], [[356, 537]], [[357, 537]], [[358, 537]], [[359, 536]], [[360, 536]], [[361, 536]], [[362, 536]], [[363, 535]], [[364, 534]], [[365, 534]], [[365, 533]], [[366, 532]], [[367, 532]], [[367, 531]], [[368, 530]], [[369, 529]], [[370, 528]], [[371, 528]], [[371, 527]], [[372, 526]], [[373, 525]], [[374, 524]], [[375, 524]], [[376, 523]], [[377, 522]], [[378, 523]], [[378, 524]], [[378, 525]], [[378, 526]], [[378, 527]], [[378, 528]], [[379, 528]], [[380, 529]], [[381, 530]], [[382, 530]], [[383, 531]], [[384, 531]], [[385, 531]], [[386, 531]], [[387, 531]], [[388, 531]], [[389, 531]], [[390, 531]], [[391, 531]], [[392, 531]], [[393, 530]], [[393, 529]], [[394, 528]], [[395, 528]], [[396, 528]], [[397, 527]], [[398, 527]], [[399, 526]], [[400, 526]], [[400, 525]], [[400, 524]], [[401, 523]], [[401, 522]], [[400, 521]], [[400, 520]], [[401, 519]], [[401, 518]], [[401, 517]], [[402, 516]], [[403, 515]], [[403, 514]], [[404, 513]], [[404, 512]], [[404, 511]], [[404, 510]], [[404, 509]], [[405, 508]], [[405, 507]], [[405, 506]], [[405, 505]], [[405, 504]], [[405, 503]], [[404, 502]], [[404, 501]], [[403, 500]], [[403, 499]], [[403, 498]], [[403, 497]], [[402, 496]], [[401, 495]], [[400, 494]], [[400, 493]], [[399, 493]], [[398, 493]], [[397, 493]], [[396, 493]], [[395, 493]], [[394, 494]], [[393, 494]], [[392, 495]], [[391, 495]], [[390, 496]], [[389, 496]], [[388, 496]], [[387, 496]], [[386, 496]], [[385, 496]], [[384, 496]], [[383, 495]], [[383, 494]], [[382, 493]], [[382, 492]], [[381, 491]], [[381, 490]], [[380, 489]], [[379, 488]], [[379, 487]], [[379, 486]], [[378, 486]], [[377, 485]], [[376, 484]], [[375, 483]], [[374, 482]], [[374, 481]], [[374, 480]], [[373, 479]], [[373, 478]], [[372, 477]], [[371, 476]], [[370, 476]], [[369, 475]], [[368, 475]], [[367, 474]], [[367, 473]], [[368, 472]], [[368, 471]], [[369, 470]], [[370, 470]], [[371, 469]], [[372, 468]], [[373, 467]], [[373, 466]], [[374, 465]], [[374, 464]], [[374, 463]], [[374, 462]], [[374, 461]], [[374, 460]], [[373, 460]], [[372, 460]], [[371, 460]], [[370, 459]], [[369, 460]], [[368, 460]], [[367, 459]], [[366, 459]], [[365, 459]]]","[[], [[[235, 579], [235, 580], [235, 581], [235, 582], [235, 583], [234, 584], [233, 584], [232, 585], [231, 585], [231, 586], [231, 587], [230, 588], [230, 589], [231, 590], [232, 590], [233, 590], [234, 590], [235, 589], [235, 588], [234, 587], [233, 586], [234, 585], [235, 584], [236, 584], [237, 584], [238, 583], [238, 582], [238, 581], [238, 580], [237, 579], [236, 579]]], [[[332, 539], [331, 540], [330, 540], [330, 541], [330, 542], [330, 543], [330, 544], [330, 545], [330, 546], [330, 547], [329, 548], [330, 549], [331, 550], [332, 551], [333, 551], [334, 551], [335, 551], [336, 551], [337, 552], [338, 553], [339, 554], [339, 555], [340, 556], [341, 556], [342, 556], [342, 555], [341, 554], [340, 553], [339, 552], [339, 551], [339, 550], [340, 549], [340, 548], [340, 547], [340, 546], [340, 545], [339, 545], [338, 545], [338, 546], [338, 547], [338, 548], [338, 549], [337, 550], [336, 550], [335, 549], [334, 549], [333, 549], [332, 549], [331, 548], [331, 547], [331, 546], [331, 545], [331, 544], [331, 543], [332, 542], [333, 541], [333, 540]]], [[[395, 529], [394, 530], [395, 530], [396, 531], [397, 532], [396, 533], [395, 534], [394, 535], [393, 535], [392, 536], [391, 537], [390, 537], [389, 536], [389, 537], [389, 538], [390, 538], [391, 538], [392, 538], [393, 538], [394, 537], [395, 538], [396, 537], [397, 537], [398, 536], [399, 537], [399, 538], [400, 538], [401, 538], [402, 538], [403, 538], [403, 537], [403, 536], [402, 536], [401, 537], [400, 536], [399, 535], [399, 534], [399, 533], [398, 532], [398, 531], [397, 530], [397, 529], [396, 529]]]]","[[], 148, 149, 150]"
85,85,"[[[435, 456]], [[434, 457]], [[433, 458]], [[432, 458]], [[431, 459]], [[430, 459]], [[429, 459]], [[428, 460]], [[427, 460]], [[426, 460]], [[425, 460]], [[424, 461]], [[423, 462]], [[422, 463]], [[421, 463]], [[420, 463]], [[419, 464]], [[418, 464]], [[417, 465]], [[416, 466]], [[415, 466]], [[414, 466]], [[413, 466]], [[412, 466]], [[411, 467]], [[410, 467]], [[409, 468]], [[408, 469]], [[407, 470]], [[406, 470]], [[405, 471]], [[404, 472]], [[403, 473]], [[403, 474]], [[404, 475]], [[403, 476]], [[402, 477]], [[401, 476]], [[401, 477]], [[402, 477]], [[403, 477]], [[404, 478]], [[404, 479]], [[404, 480]], [[405, 481]], [[405, 482]], [[406, 483]], [[407, 483]], [[408, 484]], [[409, 484]], [[410, 484]], [[411, 485]], [[412, 485]], [[413, 486]], [[414, 487]], [[415, 487]], [[416, 488]], [[416, 489]], [[417, 489]], [[418, 489]], [[419, 489]], [[420, 490]], [[421, 490]], [[422, 491]], [[423, 491]], [[424, 492]], [[425, 492]], [[426, 492]], [[427, 493]], [[428, 494]], [[429, 494]], [[430, 495]], [[430, 496]], [[431, 496]], [[432, 497]], [[433, 497]], [[434, 497]], [[435, 498]], [[436, 499]], [[437, 500]], [[437, 501]], [[438, 502]], [[438, 503]], [[438, 504]], [[439, 505]], [[439, 506]], [[439, 507]], [[440, 508]], [[441, 508]], [[442, 509]], [[443, 510]], [[443, 511]], [[444, 512]], [[444, 513]], [[445, 514]], [[446, 514]], [[447, 515]], [[448, 515]], [[449, 516]], [[450, 516]], [[451, 516]], [[452, 515]], [[453, 514]], [[454, 515]], [[455, 516]], [[454, 517]], [[455, 517]], [[456, 518]], [[457, 518]], [[458, 519]], [[459, 518]], [[460, 518]], [[461, 517]], [[462, 516]], [[463, 515]], [[464, 515]], [[465, 514]], [[465, 513]], [[466, 512]], [[467, 511]], [[468, 510]], [[468, 509]], [[469, 508]], [[470, 507]], [[471, 506]], [[472, 505]], [[472, 504]], [[473, 503]], [[474, 502]], [[475, 501]], [[476, 500]], [[477, 499]], [[478, 498]], [[479, 497]], [[480, 496]], [[481, 495]], [[481, 494]], [[481, 493]], [[481, 492]], [[482, 491]], [[481, 490]], [[481, 489]], [[481, 488]], [[481, 487]], [[481, 486]], [[480, 486]], [[479, 485]], [[478, 484]], [[477, 484]], [[476, 484]], [[475, 483]], [[474, 483]], [[473, 482]], [[472, 481]], [[471, 481]], [[470, 480]], [[470, 479]], [[469, 478]], [[468, 477]], [[467, 477]], [[466, 476]], [[465, 475]], [[464, 474]], [[463, 473]], [[462, 472]], [[462, 471]], [[461, 471]], [[460, 470]], [[460, 469]], [[459, 469]], [[458, 468]], [[457, 467]], [[457, 466]], [[456, 465]], [[455, 465]], [[454, 465]], [[453, 465]], [[452, 464]], [[451, 465]], [[450, 465]], [[449, 465]], [[448, 465]], [[447, 464]], [[446, 464]], [[445, 463]], [[444, 463]], [[443, 462]], [[442, 461]], [[442, 460]], [[441, 459]], [[440, 458]], [[439, 458]], [[438, 457]], [[437, 457]], [[436, 457]]]","[[], [[[457, 455], [457, 456], [457, 457], [458, 458], [459, 459], [459, 460], [459, 461], [460, 462], [460, 463], [460, 464], [461, 465], [460, 466], [459, 466], [459, 467], [460, 467], [461, 468], [462, 469], [462, 470], [463, 470], [464, 469], [465, 469], [466, 469], [467, 468], [468, 469], [468, 470], [467, 471], [466, 472], [465, 473], [466, 474], [467, 475], [468, 475], [469, 475], [470, 475], [471, 475], [472, 475], [472, 474], [471, 474], [470, 473], [470, 472], [469, 471], [468, 470], [468, 469], [469, 468], [470, 469], [471, 469], [471, 468], [470, 467], [469, 466], [469, 465], [469, 464], [469, 463], [468, 464], [469, 465], [468, 466], [467, 466], [466, 466], [465, 465], [464, 464], [463, 464], [462, 463], [461, 463], [460, 462], [460, 461], [460, 460], [460, 459], [460, 458], [459, 458], [458, 457], [457, 456]]]]","[[], 151]"
86,86,"[[[185, 455]], [[184, 456]], [[183, 456]], [[183, 457]], [[182, 458]], [[181, 459]], [[181, 460]], [[181, 461]], [[182, 462]], [[183, 462]], [[184, 462]], [[185, 462]], [[186, 462]], [[187, 463]], [[188, 463]], [[189, 463]], [[190, 463]], [[191, 463]], [[192, 463]], [[193, 462]], [[192, 461]], [[192, 460]], [[191, 459]], [[191, 458]], [[192, 457]], [[192, 456]], [[192, 455]], [[191, 455]], [[190, 455]], [[189, 455]], [[188, 455]], [[187, 455]], [[186, 455]]]",[],[]
87,87,"[[[54, 446]], [[53, 447]], [[52, 448]], [[51, 448]], [[50, 448]], [[49, 448]], [[48, 448]], [[47, 448]], [[46, 448]], [[45, 449]], [[44, 450]], [[43, 450]], [[42, 451]], [[41, 451]], [[40, 452]], [[39, 452]], [[38, 452]], [[37, 452]], [[36, 452]], [[35, 452]], [[34, 453]], [[33, 453]], [[32, 453]], [[32, 454]], [[31, 455]], [[30, 455]], [[30, 456]], [[30, 457]], [[30, 458]], [[30, 459]], [[30, 460]], [[30, 461]], [[31, 462]], [[32, 463]], [[32, 464]], [[33, 464]], [[34, 464]], [[35, 464]], [[36, 464]], [[37, 464]], [[38, 464]], [[39, 464]], [[40, 464]], [[41, 464]], [[42, 464]], [[43, 465]], [[44, 465]], [[45, 465]], [[46, 465]], [[47, 464]], [[48, 464]], [[48, 463]], [[49, 462]], [[50, 461]], [[51, 460]], [[52, 459]], [[52, 458]], [[53, 457]], [[53, 456]], [[54, 455]], [[55, 454]], [[56, 453]], [[57, 452]], [[57, 451]], [[57, 450]], [[58, 449]], [[57, 448]], [[56, 447]], [[55, 447]]]","[[], [[[60, 449], [59, 450], [59, 451], [59, 452], [59, 453], [59, 454], [60, 455], [61, 455], [62, 456], [62, 457], [61, 458], [60, 457], [60, 458], [60, 459], [60, 460], [61, 460], [62, 460], [63, 461], [64, 462], [65, 463], [66, 463], [67, 463], [68, 463], [69, 464], [70, 465], [71, 466], [72, 466], [73, 465], [74, 465], [75, 465], [76, 464], [75, 465], [74, 465], [73, 464], [72, 464], [71, 464], [70, 463], [69, 463], [68, 462], [67, 462], [66, 461], [65, 461], [64, 461], [63, 461], [62, 460], [62, 459], [61, 458], [62, 457], [63, 457], [62, 456], [63, 455], [64, 454], [64, 453], [65, 452], [66, 452], [67, 451], [66, 451], [65, 450], [64, 450], [63, 450], [62, 450], [61, 449]]]]","[[], 152]"
88,88,"[[[589, 433]], [[589, 434]], [[588, 435]], [[587, 435]], [[586, 435]], [[585, 436]], [[584, 436]], [[583, 436]], [[582, 435]], [[583, 436]], [[582, 437]], [[581, 437]], [[580, 437]], [[579, 437]], [[578, 438]], [[577, 439]], [[576, 440]], [[576, 441]], [[575, 442]], [[574, 443]], [[573, 444]], [[572, 445]], [[572, 446]], [[572, 447]], [[572, 448]], [[573, 449]], [[573, 450]], [[573, 451]], [[574, 452]], [[574, 453]], [[574, 454]], [[575, 455]], [[575, 456]], [[576, 457]], [[576, 458]], [[577, 459]], [[578, 460]], [[579, 461]], [[580, 462]], [[581, 463]], [[582, 464]], [[583, 465]], [[584, 466]], [[585, 466]], [[586, 467]], [[587, 468]], [[588, 468]], [[589, 468]], [[590, 469]], [[591, 469]], [[592, 469]], [[593, 469]], [[594, 470]], [[595, 470]], [[596, 471]], [[597, 471]], [[598, 471]], [[599, 471]], [[600, 472]], [[601, 472]], [[602, 473]], [[603, 473]], [[604, 473]], [[605, 473]], [[606, 474]], [[606, 475]], [[607, 475]], [[608, 476]], [[609, 477]], [[610, 477]], [[611, 477]], [[612, 476]], [[613, 477]], [[614, 477]], [[615, 477]], [[616, 477]], [[617, 477]], [[618, 476]], [[619, 476]], [[620, 477]], [[620, 478]], [[621, 477]], [[622, 476]], [[623, 476]], [[624, 476]], [[625, 476]], [[626, 475]], [[627, 475]], [[628, 475]], [[629, 474]], [[630, 474]], [[631, 473]], [[632, 473]], [[633, 472]], [[634, 471]], [[635, 470]], [[636, 469]], [[636, 468]], [[636, 467]], [[635, 466]], [[636, 465]], [[636, 464]], [[636, 463]], [[635, 462]], [[635, 461]], [[635, 460]], [[636, 459]], [[636, 458]], [[635, 457]], [[635, 456]], [[635, 455]], [[635, 454]], [[635, 453]], [[635, 452]], [[635, 451]], [[635, 450]], [[634, 449]], [[634, 448]], [[635, 447]], [[634, 447]], [[633, 446]], [[632, 446]], [[631, 445]], [[630, 444]], [[629, 444]], [[628, 444]], [[627, 444]], [[626, 443]], [[625, 443]], [[624, 443]], [[623, 443]], [[622, 443]], [[621, 443]], [[620, 443]], [[619, 443]], [[618, 442]], [[617, 442]], [[616, 442]], [[615, 443]], [[614, 443]], [[613, 443]], [[612, 442]], [[611, 442]], [[610, 441]], [[610, 440]], [[609, 439]], [[609, 438]], [[608, 438]], [[607, 438]], [[606, 438]], [[605, 438]], [[604, 438]], [[603, 438]], [[602, 438]], [[601, 438]], [[600, 437]], [[599, 436]], [[598, 436]], [[597, 436]], [[596, 436]], [[595, 436]], [[594, 436]], [[593, 435]], [[592, 435]], [[591, 435]], [[590, 434]]]","[[], [[[606, 476], [605, 477], [605, 478], [605, 479], [606, 479], [607, 479], [608, 479], [609, 479], [610, 479], [611, 480], [611, 481], [610, 482], [609, 482], [609, 483], [608, 484], [609, 485], [610, 485], [611, 486], [612, 487], [612, 488], [612, 489], [612, 490], [613, 491], [613, 492], [614, 493], [615, 494], [616, 495], [616, 496], [617, 497], [618, 498], [619, 499], [619, 500], [619, 501], [619, 500], [619, 499], [618, 498], [618, 497], [618, 496], [618, 495], [618, 494], [617, 493], [617, 492], [616, 491], [615, 490], [616, 489], [616, 488], [617, 487], [618, 487], [619, 487], [618, 487], [617, 487], [616, 488], [615, 487], [614, 487], [613, 486], [613, 485], [613, 484], [613, 483], [612, 482], [613, 481], [613, 480], [613, 479], [614, 478], [615, 479], [616, 480], [615, 481], [616, 482], [616, 483], [616, 484], [617, 484], [618, 484], [618, 483], [618, 482], [619, 481], [619, 480], [619, 479], [619, 478], [619, 477], [618, 477], [617, 478], [616, 478], [615, 479], [614, 478], [613, 478], [612, 477], [611, 478], [610, 478], [609, 478], [608, 477], [607, 476]]], [[[633, 473], [632, 474], [632, 475], [632, 476], [632, 477], [632, 478], [632, 479], [632, 480], [631, 481], [630, 482], [629, 482], [628, 481], [628, 480], [627, 480], [626, 480], [625, 479], [626, 478], [627, 478], [628, 477], [629, 477], [630, 477], [630, 476], [629, 476], [628, 476], [627, 477], [626, 477], [625, 477], [624, 477], [623, 477], [622, 477], [623, 478], [624, 478], [625, 479], [624, 480], [623, 480], [623, 481], [622, 482], [622, 483], [623, 483], [624, 483], [625, 483], [626, 483], [627, 483], [628, 484], [629, 484], [630, 483], [631, 483], [632, 482], [633, 482], [634, 482], [635, 482], [636, 482], [636, 481], [636, 480], [635, 479], [635, 478], [635, 477], [634, 476], [633, 476], [632, 475], [633, 474]]], [[[610, 435], [610, 436], [610, 437], [611, 438], [611, 439], [611, 440], [612, 440], [613, 441], [614, 442], [615, 442], [616, 441], [617, 441], [618, 441], [619, 441], [620, 442], [621, 442], [622, 442], [621, 441], [620, 441], [619, 441], [618, 441], [617, 441], [616, 441], [615, 440], [614, 439], [613, 438], [613, 437], [613, 436], [612, 435], [611, 435]]]]","[[], 153, 154, 155]"
89,89,"[[[25, 429]], [[25, 430]], [[24, 431]], [[24, 432]], [[23, 433]], [[22, 432]], [[22, 433]], [[22, 434]], [[22, 435]], [[22, 436]], [[22, 437]], [[22, 438]], [[23, 439]], [[24, 440]], [[25, 441]], [[26, 441]], [[27, 442]], [[28, 442]], [[29, 442]], [[30, 442]], [[31, 442]], [[32, 442]], [[33, 442]], [[34, 442]], [[35, 442]], [[36, 441]], [[37, 441]], [[38, 441]], [[39, 441]], [[40, 441]], [[40, 440]], [[40, 439]], [[39, 438]], [[38, 438]], [[37, 437]], [[36, 436]], [[36, 435]], [[35, 435]], [[34, 434]], [[33, 434]], [[32, 433]], [[32, 432]], [[31, 431]], [[30, 430]], [[29, 430]], [[28, 430]], [[27, 430]], [[26, 429]]]","[[[[17, 430], [16, 431], [15, 431], [14, 431], [13, 431], [12, 432], [11, 433], [11, 434], [12, 435], [13, 436], [14, 437], [14, 438], [15, 438], [16, 438], [17, 438], [18, 438], [19, 438], [20, 438], [21, 437], [21, 436], [21, 435], [21, 434], [21, 433], [21, 432], [21, 431], [20, 431], [19, 430], [18, 430]]], []]","[156, []]"
90,90,"[[[718, 427]], [[717, 428]], [[716, 428]], [[715, 429]], [[714, 430]], [[713, 431]], [[712, 431]], [[711, 431]], [[710, 431]], [[709, 431]], [[708, 431]], [[707, 431]], [[706, 432]], [[705, 432]], [[705, 433]], [[704, 434]], [[704, 435]], [[703, 436]], [[703, 437]], [[702, 438]], [[702, 439]], [[702, 440]], [[702, 441]], [[701, 442]], [[701, 443]], [[702, 444]], [[702, 445]], [[703, 446]], [[704, 446]], [[705, 447]], [[706, 447]], [[707, 448]], [[708, 449]], [[708, 450]], [[708, 451]], [[708, 452]], [[708, 453]], [[708, 454]], [[708, 455]], [[707, 456]], [[708, 457]], [[708, 458]], [[709, 459]], [[709, 460]], [[710, 460]], [[711, 460]], [[712, 460]], [[713, 460]], [[714, 460]], [[715, 459]], [[716, 459]], [[717, 459]], [[718, 458]], [[718, 457]], [[719, 456]], [[719, 455]], [[720, 454]], [[721, 453]], [[722, 453]], [[723, 452]], [[724, 451]], [[725, 450]], [[726, 449]], [[727, 448]], [[727, 447]], [[728, 446]], [[728, 445]], [[729, 444]], [[729, 443]], [[730, 442]], [[729, 441]], [[729, 440]], [[729, 439]], [[729, 438]], [[729, 437]], [[728, 436]], [[728, 435]], [[727, 434]], [[727, 433]], [[726, 432]], [[726, 431]], [[726, 430]], [[725, 429]], [[724, 428]], [[723, 427]], [[722, 427]], [[721, 427]], [[720, 427]], [[719, 427]]]","[[], [[[717, 460], [716, 461], [715, 461], [714, 461], [713, 461], [712, 461], [711, 461], [711, 462], [712, 462], [713, 462], [714, 463], [713, 464], [712, 464], [711, 464], [710, 464], [709, 464], [708, 463], [708, 464], [708, 465], [709, 465], [710, 465], [711, 466], [711, 467], [712, 468], [713, 468], [713, 467], [712, 468], [711, 467], [711, 466], [712, 465], [713, 464], [714, 464], [715, 465], [715, 466], [716, 466], [716, 465], [715, 464], [716, 463], [717, 462], [718, 462], [719, 463], [719, 464], [720, 464], [721, 464], [722, 464], [723, 465], [724, 466], [725, 467], [725, 468], [726, 469], [727, 469], [727, 468], [726, 467], [725, 466], [725, 465], [726, 464], [726, 463], [725, 463], [724, 463], [723, 463], [722, 463], [721, 462], [720, 461], [719, 460], [718, 460]]], [[[731, 438], [730, 439], [730, 440], [730, 441], [731, 442], [732, 442], [733, 443], [734, 444], [735, 444], [736, 445], [737, 445], [738, 446], [738, 447], [739, 446], [740, 446], [741, 446], [741, 445], [740, 445], [739, 445], [738, 444], [737, 444], [736, 444], [735, 443], [734, 443], [733, 442], [734, 441], [735, 440], [735, 439], [734, 438], [733, 438], [732, 438]]]]","[[], 157, 158]"
91,91,"[[[75, 425]], [[74, 426]], [[73, 426]], [[72, 426]], [[71, 427]], [[70, 428]], [[69, 429]], [[68, 430]], [[67, 431]], [[66, 432]], [[66, 433]], [[65, 434]], [[66, 435]], [[67, 435]], [[68, 435]], [[69, 435]], [[70, 435]], [[71, 434]], [[72, 434]], [[73, 433]], [[74, 433]], [[75, 433]], [[76, 433]], [[77, 433]], [[78, 433]], [[79, 433]], [[80, 433]], [[81, 433]], [[82, 433]], [[83, 434]], [[84, 435]], [[85, 435]], [[86, 435]], [[87, 435]], [[88, 435]], [[89, 435]], [[90, 434]], [[91, 433]], [[91, 432]], [[91, 431]], [[91, 430]], [[91, 429]], [[90, 429]], [[89, 428]], [[88, 428]], [[87, 427]], [[86, 427]], [[85, 427]], [[84, 427]], [[83, 426]], [[82, 426]], [[81, 425]], [[80, 425]], [[79, 425]], [[78, 425]], [[77, 425]], [[76, 425]]]","[[[[73, 418], [72, 419], [73, 420], [74, 421], [75, 421], [76, 422], [75, 423], [74, 424], [73, 424], [72, 424], [71, 424], [70, 424], [69, 423], [68, 422], [67, 421], [66, 421], [65, 422], [64, 422], [65, 423], [66, 423], [67, 424], [67, 425], [68, 425], [69, 425], [70, 425], [71, 424], [72, 425], [73, 425], [74, 424], [75, 424], [76, 424], [76, 423], [76, 422], [76, 421], [76, 420], [75, 419], [74, 419]]], [], [[[74, 434], [73, 435], [72, 435], [71, 435], [70, 436], [70, 437], [71, 437], [72, 437], [72, 436], [73, 435], [74, 435], [75, 435], [76, 435], [77, 436], [77, 435], [78, 434], [79, 434], [80, 434], [81, 434], [82, 435], [82, 434], [81, 434], [80, 434], [79, 434], [78, 434], [77, 434], [76, 434], [75, 434]]]]","[159, [], 160]"
92,92,"[[[473, 419]], [[473, 420]], [[473, 421]], [[474, 421]], [[475, 421]], [[476, 422]], [[476, 423]], [[476, 424]], [[475, 425]], [[474, 426]], [[475, 426]], [[476, 427]], [[477, 428]], [[477, 429]], [[476, 430]], [[476, 431]], [[476, 432]], [[476, 433]], [[475, 434]], [[475, 435]], [[474, 436]], [[474, 437]], [[474, 438]], [[474, 439]], [[475, 440]], [[475, 441]], [[476, 441]], [[477, 441]], [[478, 442]], [[479, 443]], [[480, 444]], [[481, 445]], [[482, 445]], [[483, 445]], [[484, 445]], [[485, 445]], [[486, 445]], [[487, 445]], [[488, 444]], [[488, 443]], [[489, 442]], [[490, 442]], [[491, 442]], [[492, 442]], [[493, 442]], [[494, 442]], [[495, 441]], [[496, 440]], [[497, 439]], [[498, 439]], [[499, 438]], [[499, 437]], [[500, 436]], [[501, 435]], [[501, 434]], [[502, 433]], [[502, 432]], [[502, 431]], [[503, 430]], [[503, 429]], [[502, 428]], [[502, 427]], [[502, 426]], [[502, 425]], [[501, 424]], [[500, 423]], [[499, 422]], [[498, 422]], [[497, 421]], [[496, 421]], [[495, 421]], [[494, 421]], [[493, 421]], [[492, 421]], [[491, 421]], [[490, 421]], [[489, 421]], [[488, 421]], [[487, 421]], [[486, 421]], [[485, 421]], [[484, 421]], [[483, 421]], [[482, 421]], [[481, 421]], [[480, 422]], [[479, 422]], [[478, 422]], [[477, 421]], [[476, 422]], [[475, 421]], [[475, 420]], [[474, 420]]]",[[]],[]
93,93,"[[[268, 419]], [[267, 420]], [[266, 420]], [[265, 420]], [[264, 420]], [[263, 420]], [[262, 421]], [[261, 421]], [[260, 422]], [[259, 422]], [[258, 423]], [[258, 424]], [[257, 425]], [[257, 426]], [[257, 427]], [[256, 428]], [[257, 428]], [[258, 429]], [[258, 430]], [[259, 431]], [[259, 432]], [[259, 433]], [[260, 434]], [[260, 435]], [[260, 436]], [[260, 437]], [[260, 438]], [[260, 439]], [[260, 440]], [[260, 441]], [[260, 442]], [[260, 443]], [[260, 444]], [[261, 444]], [[262, 444]], [[263, 444]], [[264, 445]], [[265, 444]], [[265, 443]], [[266, 442]], [[267, 442]], [[268, 442]], [[269, 442]], [[270, 442]], [[271, 442]], [[272, 441]], [[273, 440]], [[273, 439]], [[273, 438]], [[272, 437]], [[272, 436]], [[272, 435]], [[272, 434]], [[272, 433]], [[272, 432]], [[272, 431]], [[272, 430]], [[272, 429]], [[272, 428]], [[272, 427]], [[272, 426]], [[272, 425]], [[272, 424]], [[271, 423]], [[271, 422]], [[271, 421]], [[270, 420]], [[269, 419]]]","[[[[255, 400], [255, 401], [255, 402], [254, 403], [253, 402], [252, 402], [252, 403], [252, 404], [253, 405], [253, 406], [253, 407], [252, 408], [252, 409], [252, 410], [252, 411], [253, 411], [254, 411], [255, 411], [256, 411], [256, 410], [256, 409], [255, 408], [256, 407], [257, 407], [258, 407], [259, 408], [260, 409], [260, 410], [260, 411], [260, 412], [259, 413], [259, 414], [259, 415], [260, 415], [261, 416], [262, 417], [263, 417], [264, 417], [265, 417], [266, 417], [267, 418], [268, 418], [269, 418], [270, 419], [271, 419], [271, 418], [271, 417], [271, 416], [270, 415], [269, 416], [268, 416], [267, 416], [266, 417], [265, 416], [264, 415], [263, 414], [263, 413], [262, 413], [261, 412], [262, 411], [263, 410], [264, 410], [265, 410], [266, 410], [266, 409], [265, 408], [264, 408], [263, 408], [262, 407], [261, 406], [260, 405], [259, 404], [259, 403], [258, 403], [257, 403], [256, 402], [256, 401], [256, 400]]], []]","[161, []]"
94,94,"[[[539, 416]], [[539, 417]], [[539, 418]], [[539, 419]], [[539, 420]], [[539, 421]], [[540, 422]], [[540, 423]], [[540, 424]], [[541, 425]], [[542, 425]], [[543, 426]], [[544, 426]], [[545, 426]], [[546, 426]], [[547, 426]], [[548, 426]], [[549, 425]], [[549, 424]], [[549, 423]], [[550, 422]], [[551, 421]], [[552, 420]], [[553, 419]], [[552, 418]], [[551, 418]], [[550, 418]], [[549, 418]], [[548, 418]], [[547, 417]], [[546, 417]], [[545, 417]], [[544, 417]], [[543, 417]], [[542, 417]], [[541, 417]], [[540, 417]]]","[[[[541, 407], [541, 408], [541, 409], [541, 410], [541, 411], [540, 412], [539, 412], [539, 413], [539, 414], [539, 415], [540, 416], [541, 416], [542, 416], [543, 416], [544, 416], [545, 416], [546, 416], [547, 416], [547, 415], [546, 415], [545, 415], [544, 415], [543, 415], [542, 414], [542, 413], [542, 412], [542, 411], [542, 410], [543, 409], [543, 408], [542, 407]]], [[[539, 424], [538, 425], [537, 426], [536, 427], [535, 427], [534, 426], [533, 425], [532, 425], [531, 425], [530, 425], [529, 425], [528, 425], [528, 426], [528, 427], [528, 428], [529, 428], [530, 428], [531, 428], [532, 429], [533, 429], [534, 428], [535, 428], [536, 427], [537, 427], [538, 427], [539, 427], [539, 426], [539, 425]]], []]","[162, 163, []]"
95,95,"[[[604, 407]], [[603, 408]], [[602, 408]], [[601, 409]], [[600, 409]], [[599, 409]], [[598, 409]], [[597, 410]], [[597, 411]], [[596, 412]], [[595, 413]], [[594, 414]], [[595, 415]], [[595, 416]], [[596, 417]], [[595, 418]], [[595, 419]], [[596, 420]], [[596, 421]], [[597, 421]], [[598, 421]], [[599, 422]], [[600, 422]], [[601, 423]], [[602, 423]], [[603, 424]], [[604, 424]], [[605, 424]], [[606, 424]], [[607, 424]], [[608, 424]], [[609, 424]], [[610, 424]], [[611, 424]], [[612, 425]], [[613, 426]], [[613, 427]], [[613, 428]], [[614, 429]], [[614, 430]], [[614, 431]], [[615, 430]], [[616, 430]], [[617, 431]], [[617, 432]], [[618, 433]], [[619, 433]], [[620, 434]], [[621, 434]], [[622, 435]], [[623, 435]], [[624, 436]], [[625, 437]], [[625, 438]], [[626, 438]], [[627, 437]], [[627, 436]], [[627, 435]], [[628, 434]], [[629, 433]], [[630, 434]], [[631, 434]], [[632, 434]], [[633, 435]], [[634, 435]], [[635, 435]], [[636, 435]], [[636, 434]], [[636, 433]], [[636, 432]], [[636, 431]], [[635, 430]], [[634, 430]], [[633, 429]], [[632, 428]], [[631, 427]], [[631, 426]], [[631, 425]], [[630, 425]], [[629, 424]], [[629, 423]], [[628, 422]], [[628, 421]], [[628, 420]], [[627, 420]], [[626, 419]], [[625, 418]], [[625, 417]], [[624, 416]], [[623, 415]], [[622, 415]], [[621, 414]], [[620, 414]], [[619, 413]], [[618, 413]], [[617, 413]], [[616, 412]], [[616, 411]], [[615, 410]], [[614, 409]], [[613, 409]], [[612, 408]], [[611, 408]], [[610, 408]], [[609, 408]], [[608, 407]], [[607, 408]], [[606, 408]], [[605, 407]]]","[[], [[[599, 424], [598, 425], [597, 425], [596, 426], [595, 426], [594, 426], [593, 425], [593, 426], [593, 427], [594, 427], [595, 427], [596, 427], [597, 426], [598, 426], [599, 426], [600, 426], [601, 426], [602, 426], [603, 427], [604, 428], [604, 429], [604, 430], [605, 429], [605, 428], [606, 427], [607, 426], [606, 426], [605, 426], [604, 426], [603, 425], [602, 425], [601, 425], [600, 425]]], [[[627, 418], [627, 419], [628, 419], [629, 420], [629, 421], [629, 422], [630, 423], [630, 424], [631, 424], [632, 425], [632, 426], [633, 427], [634, 428], [635, 427], [636, 426], [637, 427], [638, 427], [639, 428], [640, 428], [641, 428], [641, 427], [640, 426], [639, 426], [638, 425], [637, 424], [637, 423], [636, 423], [635, 423], [634, 423], [633, 422], [632, 422], [631, 422], [630, 421], [630, 420], [629, 419], [628, 418]]]]","[[], 164, 165]"
96,96,"[[[767, 406]], [[766, 407]], [[765, 407]], [[765, 408]], [[765, 409]], [[764, 410]], [[763, 411]], [[762, 411]], [[761, 412]], [[760, 413]], [[759, 414]], [[758, 415]], [[757, 416]], [[756, 417]], [[756, 418]], [[755, 419]], [[755, 420]], [[754, 421]], [[755, 422]], [[755, 423]], [[755, 424]], [[755, 425]], [[756, 426]], [[757, 427]], [[758, 428]], [[758, 429]], [[759, 430]], [[760, 430]], [[761, 431]], [[762, 431]], [[763, 432]], [[764, 433]], [[765, 433]], [[766, 433]], [[767, 432]], [[768, 431]], [[769, 430]], [[770, 429]], [[771, 428]], [[772, 427]], [[773, 427]], [[774, 428]], [[775, 429]], [[776, 429]], [[777, 429]], [[778, 429]], [[779, 429]], [[780, 430]], [[781, 429]], [[782, 429]], [[783, 429]], [[784, 428]], [[785, 427]], [[786, 427]], [[787, 428]], [[788, 429]], [[789, 430]], [[790, 431]], [[791, 431]], [[792, 430]], [[793, 430]], [[794, 430]], [[795, 429]], [[795, 428]], [[795, 427]], [[796, 426]], [[797, 425]], [[797, 424]], [[797, 423]], [[798, 422]], [[797, 421]], [[797, 420]], [[798, 419]], [[798, 418]], [[798, 417]], [[797, 416]], [[796, 416]], [[795, 415]], [[794, 415]], [[793, 414]], [[792, 413]], [[791, 412]], [[790, 412]], [[789, 411]], [[788, 411]], [[787, 410]], [[786, 410]], [[785, 409]], [[784, 409]], [[783, 409]], [[782, 409]], [[781, 409]], [[780, 408]], [[779, 408]], [[778, 408]], [[777, 408]], [[776, 408]], [[775, 408]], [[774, 408]], [[773, 407]], [[772, 407]], [[771, 406]], [[770, 407]], [[769, 406]], [[768, 406]]]","[[], [[[775, 430], [775, 431], [775, 432], [774, 433], [773, 432], [772, 431], [771, 431], [770, 431], [769, 432], [769, 433], [770, 433], [771, 433], [772, 434], [773, 433], [774, 434], [774, 433], [775, 432], [776, 432], [777, 432], [778, 433], [779, 433], [780, 434], [781, 434], [782, 434], [783, 434], [784, 434], [785, 434], [786, 434], [787, 434], [788, 434], [789, 434], [790, 434], [791, 434], [792, 434], [793, 435], [794, 435], [795, 434], [796, 433], [797, 432], [798, 431], [799, 431], [800, 431], [801, 432], [801, 433], [802, 434], [802, 435], [802, 436], [802, 437], [801, 438], [800, 439], [801, 439], [802, 439], [803, 440], [804, 441], [805, 441], [806, 441], [807, 442], [807, 443], [808, 444], [809, 445], [810, 446], [811, 446], [812, 447], [812, 448], [813, 449], [814, 450], [815, 451], [815, 452], [816, 453], [816, 454], [817, 455], [818, 455], [819, 455], [820, 456], [821, 456], [822, 457], [823, 458], [823, 459], [824, 460], [824, 459], [824, 458], [823, 458], [822, 457], [822, 456], [821, 455], [820, 455], [819, 454], [818, 453], [817, 452], [816, 451], [815, 450], [815, 449], [814, 448], [813, 447], [813, 446], [812, 445], [811, 445], [810, 444], [810, 443], [809, 442], [808, 441], [807, 441], [806, 440], [805, 440], [804, 439], [803, 438], [802, 437], [802, 436], [802, 435], [802, 434], [802, 433], [802, 432], [801, 432], [800, 431], [799, 430], [798, 430], [797, 430], [796, 431], [795, 432], [794, 433], [793, 433], [792, 433], [791, 433], [790, 432], [789, 431], [788, 432], [787, 432], [786, 432], [785, 432], [784, 432], [783, 432], [782, 432], [781, 431], [780, 431], [779, 431], [778, 430], [777, 430], [776, 430]]]]","[[], 166]"
97,97,"[[[58, 401]], [[57, 402]], [[56, 402]], [[55, 402]], [[54, 403]], [[53, 403]], [[52, 404]], [[51, 405]], [[50, 405]], [[49, 405]], [[48, 405]], [[47, 406]], [[46, 407]], [[45, 407]], [[44, 408]], [[43, 408]], [[42, 408]], [[41, 409]], [[41, 410]], [[41, 411]], [[41, 412]], [[41, 413]], [[41, 414]], [[42, 415]], [[43, 416]], [[44, 417]], [[44, 418]], [[45, 419]], [[45, 420]], [[46, 421]], [[47, 422]], [[48, 422]], [[49, 423]], [[50, 423]], [[51, 423]], [[52, 423]], [[53, 423]], [[54, 423]], [[55, 422]], [[56, 422]], [[57, 422]], [[58, 422]], [[59, 422]], [[60, 422]], [[61, 422]], [[62, 422]], [[63, 422]], [[64, 421]], [[65, 421]], [[66, 420]], [[67, 420]], [[68, 419]], [[69, 418]], [[70, 417]], [[70, 416]], [[70, 415]], [[70, 414]], [[69, 413]], [[69, 412]], [[68, 411]], [[67, 410]], [[67, 409]], [[66, 408]], [[66, 407]], [[65, 406]], [[65, 405]], [[64, 404]], [[63, 403]], [[62, 402]], [[61, 402]], [[60, 401]], [[59, 401]]]","[[], [[[73, 418], [72, 419], [73, 420], [74, 421], [75, 421], [76, 422], [75, 423], [74, 424], [73, 424], [72, 424], [71, 424], [70, 424], [69, 423], [68, 422], [67, 421], [66, 421], [65, 422], [64, 422], [65, 423], [66, 423], [67, 424], [67, 425], [68, 425], [69, 425], [70, 425], [71, 424], [72, 425], [73, 425], [74, 424], [75, 424], [76, 424], [76, 423], [76, 422], [76, 421], [76, 420], [75, 419], [74, 419]]]]","[[], 159]"
98,98,"[[[161, 386]], [[160, 387]], [[159, 388]], [[159, 389]], [[159, 390]], [[158, 391]], [[158, 392]], [[158, 393]], [[157, 394]], [[157, 395]], [[157, 396]], [[157, 397]], [[158, 398]], [[158, 399]], [[159, 400]], [[160, 401]], [[160, 402]], [[160, 403]], [[160, 404]], [[160, 405]], [[160, 406]], [[159, 407]], [[160, 408]], [[160, 409]], [[161, 409]], [[162, 408]], [[163, 407]], [[164, 408]], [[165, 409]], [[166, 408]], [[167, 408]], [[168, 408]], [[169, 408]], [[169, 407]], [[170, 406]], [[170, 405]], [[171, 404]], [[171, 403]], [[171, 402]], [[172, 401]], [[172, 400]], [[173, 399]], [[174, 399]], [[175, 400]], [[175, 401]], [[175, 402]], [[175, 403]], [[175, 404]], [[175, 405]], [[176, 406]], [[176, 407]], [[177, 407]], [[178, 408]], [[179, 408]], [[180, 409]], [[181, 409]], [[182, 409]], [[183, 409]], [[184, 408]], [[185, 408]], [[186, 407]], [[187, 407]], [[188, 407]], [[189, 407]], [[189, 406]], [[189, 405]], [[189, 404]], [[189, 403]], [[189, 402]], [[189, 401]], [[189, 400]], [[189, 399]], [[188, 399]], [[187, 399]], [[186, 398]], [[185, 398]], [[184, 398]], [[183, 397]], [[182, 398]], [[181, 398]], [[180, 398]], [[179, 398]], [[178, 398]], [[177, 398]], [[176, 398]], [[175, 398]], [[174, 397]], [[173, 396]], [[173, 395]], [[174, 394]], [[173, 393]], [[172, 392]], [[171, 392]], [[170, 392]], [[169, 391]], [[168, 391]], [[167, 390]], [[166, 389]], [[166, 388]], [[165, 388]], [[164, 387]], [[163, 387]], [[162, 386]]]","[[], [[[156, 397], [155, 398], [154, 399], [154, 400], [154, 401], [154, 402], [153, 403], [153, 404], [153, 405], [153, 406], [154, 406], [155, 407], [156, 408], [157, 408], [157, 407], [156, 406], [156, 405], [155, 404], [155, 403], [156, 402], [157, 402], [158, 402], [159, 402], [159, 401], [158, 400], [157, 399], [157, 398]]], [[[185, 409], [185, 410], [186, 411], [186, 412], [186, 413], [186, 414], [186, 415], [186, 416], [185, 417], [185, 418], [185, 419], [184, 420], [183, 420], [182, 419], [182, 418], [182, 417], [181, 417], [180, 417], [179, 417], [179, 418], [180, 419], [181, 419], [182, 420], [183, 420], [184, 420], [185, 420], [186, 419], [186, 418], [186, 417], [187, 416], [187, 415], [187, 414], [188, 413], [188, 412], [188, 411], [188, 410], [188, 409], [187, 409], [186, 409]]]]","[[], 168, 169]"
99,99,"[[[13, 379]], [[12, 380]], [[11, 381]], [[10, 381]], [[9, 382]], [[8, 383]], [[7, 383]], [[8, 383]], [[9, 383]], [[10, 384]], [[11, 384]], [[12, 384]], [[13, 384]], [[14, 383]], [[15, 383]], [[16, 383]], [[16, 382]], [[17, 381]], [[18, 382]], [[19, 383]], [[19, 384]], [[19, 385]], [[20, 386]], [[21, 386]], [[22, 387]], [[22, 388]], [[23, 387]], [[24, 386]], [[25, 386]], [[26, 386]], [[27, 386]], [[28, 387]], [[28, 388]], [[29, 389]], [[29, 390]], [[30, 390]], [[31, 390]], [[32, 389]], [[33, 389]], [[33, 388]], [[33, 387]], [[33, 386]], [[32, 385]], [[31, 385]], [[30, 385]], [[29, 384]], [[28, 383]], [[28, 382]], [[28, 381]], [[27, 380]], [[27, 379]], [[26, 379]], [[25, 380]], [[25, 381]], [[24, 382]], [[23, 381]], [[22, 380]], [[21, 379]], [[20, 379]], [[19, 379]], [[18, 379]], [[17, 379]], [[16, 380]], [[15, 379]], [[14, 380]]]",[[]],[]
100,100,"[[[526, 375]], [[526, 376]], [[525, 377]], [[524, 376]], [[524, 377]], [[524, 378]], [[524, 379]], [[524, 380]], [[525, 381]], [[524, 382]], [[524, 383]], [[524, 384]], [[523, 385]], [[522, 385]], [[521, 386]], [[520, 386]], [[519, 387]], [[518, 387]], [[518, 388]], [[517, 389]], [[517, 390]], [[516, 391]], [[515, 391]], [[514, 392]], [[513, 392]], [[512, 393]], [[512, 394]], [[513, 395]], [[514, 396]], [[514, 397]], [[515, 397]], [[516, 397]], [[517, 397]], [[518, 397]], [[519, 397]], [[520, 397]], [[521, 398]], [[522, 398]], [[523, 398]], [[524, 398]], [[525, 398]], [[526, 398]], [[527, 398]], [[528, 398]], [[529, 398]], [[530, 397]], [[531, 396]], [[532, 395]], [[533, 394]], [[533, 393]], [[533, 392]], [[532, 391]], [[532, 390]], [[531, 389]], [[531, 388]], [[530, 387]], [[531, 386]], [[531, 385]], [[531, 384]], [[531, 383]], [[531, 382]], [[531, 381]], [[531, 380]], [[531, 379]], [[530, 378]], [[529, 377]], [[529, 376]], [[528, 376]], [[527, 376]]]","[[[[520, 352], [519, 353], [520, 354], [521, 354], [522, 355], [523, 355], [524, 356], [524, 357], [524, 358], [524, 359], [524, 360], [524, 361], [525, 360], [526, 360], [527, 361], [527, 362], [526, 363], [526, 364], [526, 365], [526, 366], [525, 367], [524, 367], [523, 366], [522, 366], [521, 365], [520, 364], [519, 365], [518, 366], [517, 367], [516, 367], [515, 368], [515, 369], [516, 370], [516, 371], [517, 372], [517, 373], [517, 374], [518, 375], [519, 374], [520, 375], [520, 376], [520, 377], [521, 378], [522, 379], [523, 379], [523, 378], [523, 377], [523, 376], [524, 375], [523, 374], [522, 374], [521, 374], [520, 375], [519, 374], [519, 373], [519, 372], [520, 371], [521, 371], [522, 371], [523, 371], [524, 371], [525, 370], [526, 371], [527, 371], [528, 372], [528, 373], [528, 374], [529, 374], [530, 375], [531, 375], [530, 375], [529, 374], [529, 373], [529, 372], [528, 371], [527, 370], [527, 369], [526, 368], [526, 367], [526, 366], [526, 365], [527, 364], [528, 364], [528, 363], [529, 362], [530, 361], [531, 360], [530, 359], [529, 358], [528, 358], [527, 357], [527, 356], [527, 355], [526, 354], [525, 353], [524, 353], [523, 353], [522, 352], [521, 352]]], []]","[170, []]"
101,101,"[[[394, 372]], [[393, 373]], [[392, 373]], [[391, 373]], [[390, 373]], [[389, 373]], [[388, 373]], [[387, 373]], [[386, 373]], [[385, 374]], [[385, 375]], [[385, 376]], [[384, 377]], [[384, 378]], [[385, 379]], [[386, 380]], [[386, 381]], [[387, 381]], [[388, 382]], [[389, 382]], [[390, 382]], [[391, 382]], [[392, 382]], [[393, 382]], [[394, 383]], [[395, 383]], [[396, 384]], [[397, 384]], [[398, 384]], [[399, 383]], [[400, 383]], [[401, 383]], [[402, 382]], [[402, 381]], [[403, 380]], [[403, 379]], [[403, 378]], [[403, 377]], [[404, 376]], [[404, 375]], [[403, 374]], [[403, 373]], [[402, 372]], [[401, 372]], [[400, 372]], [[399, 372]], [[398, 372]], [[397, 373]], [[396, 373]], [[395, 372]]]","[[], [[[382, 378], [381, 379], [380, 379], [380, 380], [381, 380], [382, 381], [383, 381], [384, 381], [385, 382], [386, 383], [386, 384], [387, 384], [388, 383], [389, 383], [390, 383], [391, 384], [392, 385], [393, 386], [394, 386], [395, 386], [396, 386], [396, 385], [395, 385], [394, 384], [393, 383], [392, 383], [391, 383], [390, 383], [389, 383], [388, 383], [387, 382], [386, 382], [385, 381], [385, 380], [384, 379], [383, 379]]]]","[[], 171]"
102,102,"[[[665, 367]], [[664, 368]], [[663, 368]], [[662, 369]], [[661, 369]], [[660, 369]], [[659, 369]], [[658, 369]], [[657, 369]], [[656, 369]], [[655, 370]], [[654, 370]], [[653, 371]], [[652, 372]], [[651, 371]], [[650, 371]], [[649, 371]], [[648, 370]], [[647, 370]], [[646, 371]], [[646, 372]], [[647, 373]], [[648, 374]], [[649, 375]], [[649, 376]], [[650, 377]], [[650, 378]], [[651, 379]], [[651, 380]], [[652, 381]], [[653, 382]], [[654, 383]], [[654, 384]], [[655, 385]], [[656, 386]], [[656, 387]], [[656, 388]], [[657, 388]], [[658, 388]], [[659, 389]], [[660, 390]], [[660, 391]], [[661, 392]], [[661, 393]], [[662, 394]], [[663, 395]], [[664, 396]], [[665, 397]], [[665, 398]], [[664, 399]], [[663, 399]], [[662, 398]], [[661, 397]], [[660, 398]], [[660, 399]], [[660, 400]], [[660, 401]], [[660, 402]], [[660, 403]], [[660, 404]], [[660, 405]], [[659, 406]], [[659, 407]], [[660, 408]], [[661, 409]], [[661, 410]], [[661, 411]], [[661, 412]], [[662, 413]], [[663, 414]], [[664, 414]], [[665, 414]], [[666, 414]], [[667, 415]], [[668, 415]], [[669, 415]], [[670, 415]], [[671, 414]], [[671, 413]], [[671, 412]], [[672, 411]], [[672, 410]], [[672, 409]], [[672, 408]], [[673, 407]], [[674, 406]], [[675, 406]], [[676, 405]], [[677, 404]], [[676, 403]], [[677, 402]], [[678, 401]], [[678, 400]], [[679, 399]], [[679, 398]], [[680, 397]], [[681, 396]], [[681, 395]], [[681, 394]], [[682, 393]], [[683, 392]], [[684, 392]], [[685, 391]], [[685, 390]], [[685, 389]], [[686, 388]], [[687, 389]], [[688, 390]], [[689, 391]], [[690, 392]], [[689, 393]], [[689, 394]], [[690, 394]], [[691, 394]], [[692, 395]], [[693, 395]], [[694, 395]], [[695, 395]], [[696, 395]], [[697, 395]], [[697, 394]], [[698, 393]], [[699, 393]], [[700, 392]], [[700, 391]], [[701, 390]], [[702, 389]], [[703, 388]], [[704, 387]], [[705, 386]], [[705, 385]], [[706, 384]], [[707, 383]], [[708, 382]], [[708, 381]], [[708, 380]], [[707, 379]], [[707, 378]], [[707, 377]], [[706, 376]], [[706, 375]], [[705, 374]], [[704, 374]], [[703, 373]], [[702, 373]], [[701, 372]], [[700, 372]], [[699, 371]], [[698, 370]], [[697, 370]], [[696, 369]], [[695, 369]], [[694, 369]], [[693, 368]], [[692, 368]], [[691, 368]], [[690, 368]], [[689, 369]], [[688, 369]], [[687, 370]], [[686, 371]], [[685, 372]], [[684, 373]], [[683, 374]], [[682, 375]], [[682, 376]], [[681, 377]], [[680, 377]], [[681, 378]], [[682, 379]], [[682, 380]], [[682, 381]], [[682, 382]], [[681, 383]], [[680, 382]], [[679, 381]], [[678, 380]], [[678, 379]], [[677, 379]], [[676, 378]], [[676, 377]], [[675, 376]], [[674, 375]], [[673, 374]], [[673, 373]], [[672, 372]], [[671, 371]], [[670, 370]], [[670, 369]], [[669, 368]], [[668, 367]], [[667, 367]], [[666, 367]]]","[[], [[[652, 383], [652, 384], [653, 385], [653, 386], [654, 387], [654, 388], [654, 389], [654, 390], [655, 390], [656, 391], [656, 392], [657, 392], [658, 393], [659, 393], [660, 394], [660, 395], [661, 396], [662, 397], [663, 398], [664, 398], [665, 399], [664, 398], [664, 397], [663, 396], [662, 395], [661, 394], [660, 393], [660, 392], [659, 391], [659, 390], [658, 389], [657, 389], [656, 389], [655, 388], [655, 387], [655, 386], [654, 385], [653, 384], [653, 383]]], [[[687, 391], [686, 392], [685, 393], [684, 393], [683, 393], [682, 394], [682, 395], [682, 396], [681, 397], [680, 398], [680, 399], [680, 400], [681, 400], [682, 400], [682, 399], [682, 398], [683, 397], [684, 396], [685, 397], [686, 398], [687, 399], [687, 400], [688, 401], [688, 402], [689, 402], [690, 403], [691, 403], [692, 404], [693, 404], [692, 404], [691, 403], [691, 402], [690, 401], [690, 400], [689, 400], [688, 399], [688, 398], [688, 397], [688, 396], [689, 395], [688, 394], [688, 393], [689, 392], [688, 391]]], [[[665, 359], [665, 360], [666, 361], [666, 362], [666, 363], [667, 363], [668, 362], [669, 363], [669, 364], [669, 365], [669, 366], [669, 367], [670, 367], [671, 368], [671, 369], [671, 370], [672, 371], [673, 372], [674, 371], [674, 370], [674, 369], [674, 368], [674, 367], [673, 367], [672, 368], [671, 367], [671, 366], [670, 365], [669, 364], [669, 363], [669, 362], [669, 361], [668, 360], [667, 359], [666, 359]]]]","[[], 172, 173, 174]"
103,103,"[[[60, 365]], [[60, 366]], [[60, 367]], [[61, 368]], [[60, 369]], [[59, 370]], [[59, 371]], [[59, 372]], [[60, 373]], [[61, 374]], [[61, 375]], [[61, 376]], [[62, 377]], [[63, 378]], [[63, 379]], [[64, 380]], [[65, 380]], [[66, 381]], [[67, 380]], [[68, 380]], [[69, 380]], [[70, 379]], [[71, 378]], [[71, 377]], [[71, 376]], [[72, 375]], [[72, 374]], [[72, 373]], [[73, 372]], [[74, 372]], [[74, 371]], [[73, 370]], [[72, 370]], [[71, 371]], [[70, 370]], [[69, 370]], [[68, 369]], [[68, 368]], [[67, 367]], [[66, 366]], [[65, 366]], [[64, 366]], [[63, 365]], [[62, 365]], [[61, 365]]]","[[], [[[73, 374], [73, 375], [73, 376], [72, 377], [72, 378], [71, 379], [70, 380], [70, 381], [70, 382], [71, 382], [72, 383], [73, 384], [73, 385], [72, 386], [72, 387], [72, 388], [71, 389], [70, 390], [70, 391], [70, 392], [71, 393], [71, 394], [71, 395], [72, 395], [72, 394], [72, 393], [73, 392], [72, 391], [72, 390], [73, 389], [74, 389], [75, 390], [75, 391], [75, 390], [75, 389], [74, 388], [74, 387], [73, 386], [73, 385], [73, 384], [73, 383], [74, 382], [74, 381], [74, 380], [75, 379], [76, 379], [76, 378], [77, 377], [78, 376], [79, 377], [79, 378], [78, 379], [78, 380], [78, 381], [78, 382], [79, 382], [80, 381], [81, 381], [81, 380], [81, 379], [81, 378], [81, 377], [81, 376], [81, 375], [80, 374], [79, 375], [78, 376], [77, 375], [76, 374], [75, 374], [74, 374]]]]","[[], 175]"
104,104,"[[[593, 358]], [[592, 359]], [[592, 360]], [[591, 361]], [[591, 362]], [[591, 363]], [[592, 364]], [[593, 365]], [[593, 366]], [[594, 367]], [[594, 368]], [[595, 369]], [[594, 370]], [[593, 370]], [[592, 370]], [[591, 369]], [[590, 368]], [[589, 369]], [[588, 368]], [[587, 368]], [[586, 368]], [[585, 368]], [[584, 368]], [[583, 368]], [[582, 368]], [[581, 368]], [[580, 367]], [[579, 366]], [[578, 365]], [[577, 365]], [[576, 364]], [[575, 364]], [[574, 364]], [[573, 363]], [[572, 363]], [[571, 363]], [[570, 363]], [[569, 363]], [[568, 362]], [[568, 363]], [[567, 364]], [[566, 365]], [[565, 365]], [[564, 366]], [[563, 366]], [[562, 367]], [[561, 368]], [[560, 368]], [[559, 368]], [[558, 369]], [[558, 370]], [[558, 371]], [[557, 372]], [[557, 373]], [[557, 374]], [[557, 375]], [[557, 376]], [[557, 377]], [[557, 378]], [[557, 379]], [[557, 380]], [[558, 381]], [[558, 382]], [[559, 383]], [[559, 384]], [[560, 384]], [[561, 385]], [[562, 385]], [[563, 385]], [[564, 385]], [[565, 386]], [[566, 386]], [[567, 387]], [[568, 387]], [[569, 387]], [[570, 388]], [[571, 388]], [[572, 388]], [[573, 389]], [[573, 390]], [[574, 390]], [[575, 391]], [[576, 391]], [[577, 391]], [[578, 391]], [[579, 391]], [[580, 391]], [[581, 392]], [[580, 393]], [[581, 394]], [[582, 394]], [[583, 394]], [[584, 394]], [[585, 395]], [[586, 395]], [[587, 396]], [[588, 397]], [[588, 398]], [[589, 397]], [[590, 398]], [[591, 398]], [[592, 398]], [[593, 397]], [[594, 396]], [[595, 395]], [[595, 394]], [[595, 393]], [[595, 392]], [[595, 391]], [[595, 390]], [[596, 389]], [[596, 388]], [[597, 387]], [[597, 386]], [[597, 385]], [[597, 384]], [[597, 383]], [[597, 382]], [[598, 381]], [[599, 380]], [[598, 379]], [[599, 378]], [[600, 377]], [[601, 377]], [[602, 377]], [[603, 376]], [[604, 376]], [[605, 375]], [[606, 374]], [[607, 373]], [[608, 372]], [[609, 371]], [[608, 370]], [[608, 369]], [[608, 368]], [[607, 367]], [[607, 366]], [[607, 365]], [[606, 364]], [[605, 363]], [[604, 362]], [[603, 362]], [[602, 361]], [[601, 360]], [[600, 360]], [[599, 360]], [[598, 359]], [[597, 359]], [[596, 358]], [[595, 358]], [[594, 358]]]","[[], [[[579, 395], [579, 396], [579, 397], [579, 398], [579, 399], [579, 400], [578, 401], [577, 401], [576, 402], [575, 403], [574, 404], [573, 404], [572, 404], [571, 403], [571, 404], [572, 404], [573, 405], [574, 406], [575, 406], [576, 406], [577, 405], [577, 404], [578, 403], [579, 402], [580, 402], [580, 401], [581, 400], [581, 399], [581, 398], [581, 397], [581, 396], [581, 395], [580, 395]]]]","[[], 176]"
105,105,"[[[229, 356]], [[229, 357]], [[228, 358]], [[228, 359]], [[227, 360]], [[226, 361]], [[225, 362]], [[224, 363]], [[223, 364]], [[222, 364]], [[221, 365]], [[220, 365]], [[219, 365]], [[218, 364]], [[217, 364]], [[216, 363]], [[215, 364]], [[214, 364]], [[213, 364]], [[212, 365]], [[211, 365]], [[210, 365]], [[209, 365]], [[208, 365]], [[207, 365]], [[206, 365]], [[205, 365]], [[204, 365]], [[203, 365]], [[202, 366]], [[201, 366]], [[200, 367]], [[199, 367]], [[198, 368]], [[197, 368]], [[197, 369]], [[196, 370]], [[196, 371]], [[195, 372]], [[195, 373]], [[195, 374]], [[195, 375]], [[195, 376]], [[195, 377]], [[195, 378]], [[195, 379]], [[195, 380]], [[195, 381]], [[195, 382]], [[194, 383]], [[194, 384]], [[194, 385]], [[194, 386]], [[194, 387]], [[194, 388]], [[194, 389]], [[194, 390]], [[193, 391]], [[193, 392]], [[193, 393]], [[193, 394]], [[193, 395]], [[193, 396]], [[193, 397]], [[193, 398]], [[194, 398]], [[195, 399]], [[196, 399]], [[197, 400]], [[198, 401]], [[198, 402]], [[199, 403]], [[200, 403]], [[201, 404]], [[202, 405]], [[203, 405]], [[204, 406]], [[205, 407]], [[206, 408]], [[207, 409]], [[207, 410]], [[208, 410]], [[209, 410]], [[210, 411]], [[211, 411]], [[212, 412]], [[213, 412]], [[214, 412]], [[215, 413]], [[216, 414]], [[217, 414]], [[218, 415]], [[219, 415]], [[220, 415]], [[221, 415]], [[222, 415]], [[223, 415]], [[224, 415]], [[225, 415]], [[226, 415]], [[227, 415]], [[228, 415]], [[229, 415]], [[230, 414]], [[231, 414]], [[232, 414]], [[233, 414]], [[234, 413]], [[235, 412]], [[236, 411]], [[237, 411]], [[237, 410]], [[238, 409]], [[239, 408]], [[240, 407]], [[241, 406]], [[242, 406]], [[243, 405]], [[243, 404]], [[244, 403]], [[244, 402]], [[245, 401]], [[246, 400]], [[247, 399]], [[248, 398]], [[248, 397]], [[248, 396]], [[249, 395]], [[249, 394]], [[250, 393]], [[250, 392]], [[250, 391]], [[250, 390]], [[251, 389]], [[251, 388]], [[250, 387]], [[250, 386]], [[250, 385]], [[249, 384]], [[249, 383]], [[248, 383]], [[247, 382]], [[247, 381]], [[246, 380]], [[245, 379]], [[244, 379]], [[243, 378]], [[242, 377]], [[241, 376]], [[240, 376]], [[239, 375]], [[238, 374]], [[238, 373]], [[238, 372]], [[237, 371]], [[236, 370]], [[236, 369]], [[235, 368]], [[234, 368]], [[233, 367]], [[233, 366]], [[233, 365]], [[233, 364]], [[232, 363]], [[232, 362]], [[232, 361]], [[232, 360]], [[232, 359]], [[232, 358]], [[232, 357]], [[231, 357]], [[230, 356]]]",[[]],[]
106,106,"[[[297, 354]], [[296, 355]], [[295, 356]], [[294, 357]], [[293, 358]], [[293, 359]], [[293, 360]], [[292, 361]], [[292, 362]], [[292, 363]], [[292, 364]], [[292, 365]], [[292, 366]], [[292, 367]], [[292, 368]], [[292, 369]], [[293, 370]], [[293, 371]], [[294, 372]], [[294, 373]], [[295, 374]], [[295, 375]], [[294, 376]], [[295, 377]], [[296, 378]], [[297, 379]], [[297, 380]], [[297, 381]], [[297, 382]], [[298, 383]], [[298, 384]], [[298, 385]], [[299, 386]], [[300, 387]], [[301, 388]], [[301, 389]], [[302, 390]], [[302, 391]], [[302, 392]], [[302, 393]], [[303, 394]], [[303, 395]], [[303, 396]], [[303, 397]], [[303, 398]], [[303, 399]], [[304, 400]], [[304, 401]], [[304, 402]], [[305, 402]], [[306, 402]], [[307, 402]], [[308, 402]], [[309, 403]], [[310, 403]], [[311, 404]], [[311, 405]], [[312, 405]], [[313, 405]], [[314, 405]], [[315, 405]], [[316, 406]], [[316, 407]], [[316, 408]], [[317, 409]], [[317, 410]], [[317, 411]], [[318, 412]], [[319, 412]], [[320, 412]], [[321, 412]], [[322, 413]], [[323, 412]], [[324, 412]], [[325, 412]], [[326, 411]], [[327, 411]], [[328, 411]], [[329, 411]], [[330, 410]], [[331, 410]], [[332, 410]], [[333, 409]], [[334, 409]], [[335, 409]], [[336, 408]], [[337, 408]], [[338, 407]], [[339, 406]], [[340, 406]], [[341, 405]], [[342, 404]], [[343, 404]], [[344, 403]], [[345, 402]], [[346, 401]], [[347, 400]], [[348, 399]], [[349, 398]], [[350, 397]], [[351, 396]], [[352, 395]], [[353, 394]], [[354, 393]], [[355, 392]], [[356, 392]], [[357, 391]], [[358, 391]], [[359, 390]], [[360, 389]], [[361, 388]], [[361, 387]], [[361, 386]], [[362, 385]], [[362, 384]], [[362, 383]], [[363, 382]], [[363, 381]], [[363, 380]], [[363, 379]], [[363, 378]], [[364, 377]], [[364, 376]], [[364, 375]], [[364, 374]], [[363, 374]], [[362, 373]], [[361, 373]], [[360, 373]], [[359, 372]], [[358, 372]], [[357, 372]], [[356, 372]], [[355, 372]], [[354, 371]], [[353, 371]], [[352, 371]], [[351, 371]], [[350, 371]], [[349, 371]], [[348, 371]], [[347, 371]], [[346, 371]], [[345, 370]], [[344, 370]], [[343, 369]], [[342, 369]], [[341, 369]], [[340, 368]], [[339, 368]], [[338, 368]], [[337, 368]], [[336, 368]], [[335, 367]], [[334, 367]], [[333, 367]], [[332, 366]], [[331, 366]], [[330, 366]], [[329, 366]], [[328, 365]], [[327, 365]], [[326, 365]], [[325, 364]], [[324, 364]], [[323, 364]], [[322, 364]], [[321, 364]], [[320, 364]], [[319, 363]], [[318, 362]], [[317, 362]], [[316, 361]], [[316, 360]], [[315, 359]], [[315, 358]], [[314, 359]], [[313, 360]], [[312, 360]], [[311, 359]], [[311, 358]], [[310, 357]], [[309, 357]], [[308, 357]], [[307, 358]], [[306, 358]], [[305, 357]], [[304, 357]], [[303, 356]], [[302, 356]], [[301, 355]], [[300, 355]], [[299, 355]], [[298, 354]]]","[[], [[[306, 403], [306, 404], [307, 405], [307, 406], [308, 407], [307, 408], [307, 409], [306, 410], [305, 410], [305, 411], [306, 411], [307, 411], [308, 410], [309, 410], [310, 411], [310, 412], [310, 413], [311, 414], [312, 414], [313, 414], [313, 413], [312, 412], [311, 412], [310, 411], [310, 410], [310, 409], [311, 408], [312, 409], [312, 410], [313, 410], [314, 410], [315, 410], [316, 411], [316, 410], [316, 409], [315, 408], [315, 407], [315, 406], [314, 406], [313, 406], [312, 406], [311, 406], [310, 405], [310, 404], [309, 404], [308, 403], [307, 403]]], [[[362, 388], [362, 389], [361, 390], [360, 391], [359, 392], [358, 392], [357, 393], [356, 393], [355, 394], [354, 395], [353, 396], [352, 397], [351, 398], [350, 399], [349, 400], [348, 401], [347, 401], [346, 402], [345, 403], [344, 404], [343, 405], [342, 406], [341, 406], [341, 407], [340, 408], [339, 408], [338, 409], [337, 410], [336, 410], [335, 410], [334, 411], [333, 411], [332, 412], [331, 413], [330, 413], [329, 413], [328, 413], [327, 413], [326, 414], [325, 415], [324, 415], [323, 416], [322, 415], [321, 415], [320, 414], [319, 415], [320, 416], [321, 417], [322, 417], [323, 416], [324, 416], [325, 416], [326, 417], [327, 417], [328, 417], [329, 417], [330, 417], [331, 416], [332, 415], [333, 415], [334, 415], [334, 414], [334, 413], [335, 412], [336, 412], [337, 412], [338, 413], [339, 414], [339, 413], [339, 412], [339, 411], [340, 410], [341, 409], [342, 409], [343, 408], [344, 407], [344, 406], [345, 405], [346, 404], [347, 404], [348, 403], [349, 403], [350, 402], [351, 402], [351, 401], [351, 400], [352, 399], [353, 398], [354, 398], [355, 398], [356, 398], [357, 397], [357, 396], [358, 395], [359, 394], [360, 393], [361, 392], [362, 393], [363, 393], [364, 392], [363, 391], [363, 390], [362, 389], [363, 388]]]]","[[], 177, 178]"
107,107,"[[[119, 354]], [[118, 355]], [[117, 356]], [[116, 357]], [[115, 357]], [[114, 358]], [[113, 358]], [[112, 359]], [[111, 359]], [[110, 360]], [[109, 359]], [[108, 359]], [[107, 360]], [[106, 361]], [[105, 361]], [[104, 361]], [[103, 361]], [[102, 360]], [[101, 360]], [[100, 360]], [[99, 360]], [[98, 360]], [[97, 360]], [[96, 360]], [[95, 360]], [[94, 360]], [[93, 360]], [[92, 361]], [[91, 361]], [[90, 362]], [[89, 363]], [[88, 364]], [[87, 364]], [[86, 364]], [[85, 365]], [[84, 366]], [[83, 367]], [[83, 368]], [[82, 369]], [[82, 370]], [[82, 371]], [[81, 372]], [[81, 373]], [[81, 374]], [[82, 375]], [[82, 376]], [[82, 377]], [[82, 378]], [[82, 379]], [[82, 380]], [[82, 381]], [[81, 382]], [[80, 382]], [[81, 382]], [[82, 383]], [[82, 384]], [[81, 385]], [[81, 386]], [[80, 387]], [[80, 388]], [[79, 389]], [[78, 390]], [[77, 391]], [[77, 392]], [[77, 393]], [[78, 394]], [[79, 395]], [[80, 396]], [[81, 397]], [[81, 398]], [[81, 399]], [[81, 400]], [[81, 401]], [[81, 402]], [[81, 403]], [[81, 404]], [[82, 404]], [[83, 404]], [[84, 404]], [[85, 404]], [[86, 404]], [[87, 404]], [[88, 404]], [[89, 405]], [[90, 405]], [[91, 406]], [[92, 407]], [[92, 406]], [[92, 405]], [[92, 404]], [[93, 403]], [[94, 403]], [[95, 402]], [[96, 402]], [[97, 402]], [[98, 403]], [[99, 402]], [[100, 402]], [[101, 402]], [[102, 402]], [[103, 402]], [[104, 403]], [[105, 404]], [[106, 405]], [[106, 406]], [[107, 407]], [[108, 408]], [[109, 408]], [[110, 408]], [[111, 408]], [[112, 407]], [[113, 407]], [[114, 406]], [[115, 406]], [[116, 407]], [[117, 406]], [[118, 406]], [[119, 406]], [[120, 405]], [[121, 404]], [[122, 404]], [[123, 404]], [[124, 404]], [[125, 403]], [[126, 403]], [[127, 403]], [[128, 403]], [[129, 403]], [[130, 404]], [[130, 405]], [[131, 406]], [[132, 406]], [[133, 406]], [[134, 406]], [[135, 406]], [[136, 405]], [[136, 404]], [[137, 403]], [[138, 403]], [[139, 403]], [[140, 403]], [[141, 403]], [[142, 403]], [[143, 403]], [[143, 402]], [[143, 401]], [[143, 400]], [[144, 399]], [[144, 398]], [[145, 397]], [[145, 396]], [[146, 395]], [[146, 394]], [[145, 393]], [[145, 392]], [[145, 391]], [[146, 390]], [[146, 389]], [[147, 388]], [[148, 387]], [[148, 386]], [[148, 385]], [[149, 384]], [[148, 383]], [[148, 382]], [[148, 381]], [[148, 380]], [[148, 379]], [[148, 378]], [[148, 377]], [[147, 376]], [[146, 375]], [[146, 374]], [[145, 373]], [[145, 372]], [[144, 371]], [[143, 370]], [[143, 369]], [[142, 369]], [[141, 368]], [[140, 367]], [[139, 367]], [[138, 366]], [[138, 365]], [[137, 364]], [[137, 363]], [[136, 362]], [[135, 361]], [[134, 360]], [[134, 359]], [[133, 358]], [[132, 358]], [[131, 357]], [[130, 356]], [[129, 355]], [[128, 355]], [[127, 355]], [[126, 355]], [[125, 355]], [[124, 354]], [[123, 354]], [[122, 354]], [[121, 354]], [[120, 355]]]","[[[[126, 344], [126, 345], [126, 346], [126, 347], [125, 348], [124, 348], [123, 348], [122, 349], [121, 349], [120, 348], [119, 347], [118, 347], [118, 348], [119, 348], [120, 348], [121, 349], [122, 350], [122, 351], [122, 352], [123, 353], [124, 353], [125, 354], [126, 354], [127, 354], [128, 354], [129, 354], [130, 355], [131, 356], [132, 357], [133, 357], [134, 357], [133, 356], [132, 355], [131, 354], [130, 353], [129, 352], [128, 353], [127, 353], [126, 353], [125, 354], [124, 353], [124, 352], [124, 351], [124, 350], [124, 349], [125, 348], [126, 348], [127, 348], [128, 348], [128, 347], [129, 346], [130, 347], [131, 348], [132, 347], [133, 347], [134, 347], [135, 346], [134, 345], [133, 345], [132, 345], [131, 346], [130, 345], [129, 346], [128, 345], [127, 344]]], [], [[[73, 374], [73, 375], [73, 376], [72, 377], [72, 378], [71, 379], [70, 380], [70, 381], [70, 382], [71, 382], [72, 383], [73, 384], [73, 385], [72, 386], [72, 387], [72, 388], [71, 389], [70, 390], [70, 391], [70, 392], [71, 393], [71, 394], [71, 395], [72, 395], [72, 394], [72, 393], [73, 392], [72, 391], [72, 390], [73, 389], [74, 389], [75, 390], [75, 391], [75, 390], [75, 389], [74, 388], [74, 387], [73, 386], [73, 385], [73, 384], [73, 383], [74, 382], [74, 381], [74, 380], [75, 379], [76, 379], [76, 378], [77, 377], [78, 376], [79, 377], [79, 378], [78, 379], [78, 380], [78, 381], [78, 382], [79, 382], [80, 381], [81, 381], [81, 380], [81, 379], [81, 378], [81, 377], [81, 376], [81, 375], [80, 374], [79, 375], [78, 376], [77, 375], [76, 374], [75, 374], [74, 374]]], [[[103, 403], [103, 404], [103, 405], [103, 406], [104, 407], [105, 407], [106, 408], [107, 409], [107, 410], [108, 410], [109, 411], [110, 411], [111, 412], [112, 412], [113, 412], [114, 411], [113, 410], [114, 409], [115, 409], [116, 409], [117, 409], [117, 408], [116, 408], [115, 407], [114, 407], [113, 408], [112, 409], [111, 409], [110, 409], [109, 409], [108, 409], [107, 408], [106, 407], [105, 406], [105, 405], [104, 404]]]]","[179, [], 175, 181]"
108,108,"[[[156, 331]], [[155, 332]], [[154, 332]], [[154, 333]], [[153, 334]], [[153, 335]], [[152, 336]], [[152, 337]], [[151, 338]], [[151, 339]], [[150, 340]], [[150, 341]], [[149, 342]], [[149, 343]], [[149, 344]], [[149, 345]], [[149, 346]], [[149, 347]], [[150, 348]], [[150, 349]], [[150, 350]], [[150, 351]], [[151, 352]], [[150, 353]], [[150, 354]], [[150, 355]], [[151, 356]], [[152, 357]], [[153, 358]], [[153, 359]], [[153, 360]], [[153, 361]], [[154, 362]], [[154, 363]], [[154, 364]], [[154, 365]], [[155, 366]], [[155, 367]], [[155, 368]], [[155, 369]], [[155, 370]], [[155, 371]], [[155, 372]], [[155, 373]], [[156, 374]], [[156, 375]], [[157, 375]], [[158, 375]], [[159, 376]], [[160, 376]], [[161, 377]], [[162, 377]], [[163, 378]], [[164, 378]], [[165, 378]], [[166, 378]], [[167, 378]], [[168, 378]], [[169, 377]], [[170, 377]], [[171, 377]], [[172, 376]], [[173, 375]], [[174, 374]], [[175, 373]], [[175, 372]], [[176, 371]], [[176, 370]], [[176, 369]], [[176, 368]], [[176, 367]], [[175, 366]], [[175, 365]], [[174, 364]], [[174, 363]], [[173, 362]], [[173, 361]], [[173, 360]], [[172, 359]], [[172, 358]], [[172, 357]], [[171, 356]], [[171, 355]], [[171, 354]], [[170, 353]], [[170, 352]], [[170, 351]], [[170, 350]], [[170, 349]], [[171, 348]], [[170, 347]], [[169, 346]], [[169, 345]], [[169, 344]], [[168, 343]], [[168, 342]], [[168, 341]], [[167, 340]], [[167, 339]], [[167, 338]], [[167, 337]], [[167, 336]], [[166, 335]], [[166, 334]], [[165, 333]], [[164, 333]], [[163, 332]], [[162, 332]], [[161, 332]], [[160, 331]], [[159, 331]], [[158, 331]], [[157, 331]]]",[[]],[]
109,109,"[[[607, 329]], [[606, 330]], [[606, 331]], [[607, 332]], [[608, 333]], [[609, 334]], [[610, 335]], [[610, 336]], [[610, 337]], [[610, 338]], [[610, 339]], [[610, 340]], [[610, 341]], [[610, 342]], [[610, 343]], [[611, 343]], [[612, 343]], [[613, 344]], [[614, 344]], [[615, 345]], [[616, 345]], [[617, 344]], [[618, 344]], [[619, 344]], [[620, 343]], [[621, 343]], [[621, 342]], [[622, 341]], [[622, 340]], [[623, 339]], [[624, 339]], [[624, 338]], [[624, 337]], [[624, 336]], [[624, 337]], [[623, 338]], [[622, 337]], [[621, 336]], [[621, 335]], [[621, 334]], [[620, 333]], [[619, 332]], [[618, 332]], [[617, 332]], [[616, 332]], [[615, 332]], [[614, 332]], [[613, 331]], [[612, 331]], [[611, 331]], [[610, 330]], [[609, 329]], [[608, 329]]]",[],[]
110,110,"[[[565, 329]], [[564, 330]], [[563, 330]], [[562, 331]], [[561, 332]], [[561, 333]], [[560, 334]], [[560, 335]], [[560, 336]], [[559, 337]], [[560, 338]], [[559, 339]], [[559, 340]], [[558, 341]], [[557, 342]], [[556, 343]], [[555, 344]], [[554, 344]], [[553, 345]], [[554, 345]], [[555, 346]], [[556, 347]], [[557, 348]], [[558, 347]], [[559, 347]], [[560, 347]], [[561, 347]], [[562, 348]], [[562, 349]], [[562, 350]], [[563, 350]], [[564, 350]], [[565, 350]], [[566, 351]], [[567, 351]], [[568, 351]], [[569, 352]], [[570, 353]], [[571, 353]], [[572, 354]], [[573, 354]], [[574, 354]], [[575, 354]], [[576, 354]], [[577, 354]], [[578, 354]], [[579, 353]], [[580, 352]], [[581, 352]], [[582, 352]], [[583, 352]], [[584, 352]], [[585, 352]], [[586, 351]], [[587, 351]], [[588, 350]], [[588, 349]], [[588, 348]], [[588, 347]], [[588, 346]], [[588, 345]], [[587, 344]], [[587, 343]], [[587, 342]], [[587, 341]], [[587, 340]], [[587, 339]], [[586, 339]], [[585, 338]], [[585, 337]], [[585, 336]], [[585, 335]], [[584, 334]], [[583, 333]], [[582, 332]], [[581, 332]], [[580, 331]], [[579, 331]], [[578, 331]], [[577, 331]], [[576, 331]], [[575, 330]], [[574, 331]], [[573, 331]], [[572, 331]], [[571, 330]], [[570, 330]], [[569, 330]], [[568, 329]], [[567, 329]], [[566, 329]]]","[[[[580, 319], [579, 320], [580, 321], [579, 322], [578, 323], [577, 323], [576, 323], [575, 324], [575, 325], [575, 326], [575, 327], [574, 328], [573, 327], [573, 326], [572, 326], [571, 325], [571, 324], [571, 323], [571, 322], [570, 322], [569, 322], [569, 323], [569, 324], [568, 325], [567, 326], [566, 326], [565, 327], [564, 327], [563, 327], [562, 327], [561, 327], [560, 326], [560, 325], [559, 325], [558, 325], [557, 325], [556, 325], [555, 325], [554, 325], [553, 325], [552, 325], [553, 326], [554, 326], [555, 326], [556, 327], [557, 327], [558, 327], [559, 327], [560, 327], [561, 328], [562, 329], [563, 329], [564, 329], [565, 328], [566, 328], [567, 327], [568, 328], [569, 328], [570, 328], [571, 329], [572, 329], [573, 329], [574, 329], [575, 329], [576, 329], [577, 329], [578, 329], [579, 330], [580, 330], [581, 330], [582, 331], [583, 332], [584, 333], [585, 334], [586, 335], [586, 336], [586, 337], [586, 338], [587, 338], [588, 339], [589, 339], [590, 340], [590, 341], [589, 342], [588, 342], [588, 343], [588, 344], [589, 345], [589, 346], [590, 347], [590, 346], [589, 345], [590, 344], [589, 343], [590, 342], [591, 342], [592, 342], [593, 342], [594, 343], [594, 342], [594, 341], [593, 340], [593, 339], [592, 338], [592, 337], [593, 336], [592, 335], [591, 334], [590, 333], [589, 333], [588, 333], [587, 333], [586, 332], [585, 332], [584, 331], [583, 330], [583, 329], [582, 328], [583, 327], [583, 326], [583, 325], [582, 324], [581, 323], [580, 323], [579, 322], [580, 321], [581, 321], [581, 320]]], []]","[182, []]"
111,111,"[[[797, 324]], [[796, 325]], [[795, 325]], [[794, 326]], [[793, 326]], [[792, 326]], [[791, 326]], [[790, 326]], [[789, 325]], [[788, 325]], [[787, 326]], [[786, 326]], [[785, 326]], [[784, 326]], [[783, 325]], [[782, 326]], [[781, 326]], [[780, 327]], [[779, 327]], [[778, 327]], [[777, 327]], [[776, 327]], [[775, 328]], [[774, 329]], [[773, 329]], [[772, 329]], [[771, 330]], [[770, 331]], [[769, 332]], [[768, 332]], [[768, 333]], [[767, 334]], [[766, 335]], [[766, 336]], [[765, 337]], [[765, 338]], [[764, 339]], [[764, 340]], [[764, 341]], [[763, 342]], [[763, 343]], [[763, 344]], [[763, 345]], [[763, 346]], [[762, 347]], [[762, 348]], [[763, 349]], [[763, 350]], [[763, 351]], [[764, 352]], [[764, 353]], [[765, 354]], [[766, 355]], [[767, 355]], [[768, 355]], [[769, 356]], [[770, 356]], [[771, 356]], [[772, 356]], [[773, 356]], [[774, 356]], [[775, 357]], [[776, 357]], [[777, 357]], [[778, 358]], [[779, 358]], [[780, 358]], [[781, 359]], [[782, 359]], [[783, 359]], [[784, 360]], [[785, 361]], [[786, 361]], [[787, 361]], [[788, 361]], [[789, 361]], [[790, 361]], [[791, 361]], [[792, 361]], [[793, 361]], [[794, 360]], [[795, 360]], [[796, 359]], [[797, 359]], [[798, 359]], [[799, 360]], [[800, 360]], [[801, 360]], [[802, 361]], [[803, 360]], [[804, 360]], [[805, 360]], [[806, 360]], [[807, 360]], [[808, 361]], [[808, 362]], [[809, 363]], [[810, 363]], [[811, 363]], [[812, 363]], [[813, 364]], [[814, 364]], [[815, 364]], [[816, 365]], [[816, 366]], [[817, 366]], [[818, 365]], [[819, 364]], [[820, 364]], [[821, 363]], [[822, 363]], [[823, 362]], [[824, 361]], [[824, 360]], [[825, 359]], [[826, 358]], [[827, 357]], [[828, 356]], [[829, 355]], [[830, 354]], [[831, 353]], [[832, 353]], [[832, 352]], [[832, 351]], [[833, 350]], [[833, 349]], [[833, 348]], [[833, 347]], [[833, 346]], [[833, 345]], [[833, 344]], [[833, 343]], [[833, 342]], [[833, 341]], [[832, 340]], [[831, 339]], [[830, 339]], [[829, 338]], [[828, 337]], [[827, 337]], [[826, 336]], [[825, 335]], [[824, 335]], [[823, 334]], [[822, 334]], [[821, 333]], [[820, 332]], [[819, 331]], [[818, 330]], [[817, 329]], [[816, 329]], [[815, 328]], [[814, 328]], [[813, 327]], [[812, 326]], [[811, 326]], [[810, 325]], [[809, 325]], [[808, 324]], [[807, 324]], [[806, 325]], [[805, 325]], [[804, 325]], [[803, 325]], [[802, 325]], [[801, 325]], [[800, 324]], [[799, 324]], [[798, 324]]]","[[[[781, 320], [781, 321], [781, 322], [781, 323], [780, 324], [779, 324], [778, 324], [777, 325], [776, 326], [775, 326], [774, 327], [773, 327], [772, 327], [771, 327], [770, 327], [770, 328], [769, 329], [769, 330], [769, 331], [770, 330], [771, 329], [772, 328], [773, 328], [774, 328], [775, 327], [776, 326], [777, 326], [778, 326], [779, 326], [780, 326], [781, 325], [782, 325], [783, 324], [784, 324], [785, 323], [786, 323], [787, 322], [786, 322], [785, 321], [784, 321], [783, 321], [782, 320]]], [], [[[832, 354], [831, 355], [830, 355], [829, 356], [828, 357], [827, 358], [826, 359], [825, 360], [825, 361], [824, 362], [823, 363], [822, 364], [821, 364], [820, 365], [819, 365], [818, 366], [819, 367], [820, 368], [820, 369], [819, 370], [818, 370], [817, 370], [817, 371], [817, 372], [818, 372], [819, 373], [819, 374], [820, 374], [821, 374], [822, 373], [822, 372], [821, 372], [820, 371], [821, 370], [822, 369], [822, 368], [823, 367], [824, 367], [825, 367], [826, 366], [826, 365], [825, 364], [826, 363], [827, 363], [827, 362], [827, 361], [828, 360], [829, 359], [830, 359], [831, 358], [832, 357], [833, 357], [834, 357], [835, 358], [835, 359], [836, 360], [836, 359], [836, 358], [836, 357], [835, 356], [835, 355], [834, 354], [833, 354]]]]","[183, [], 184]"
112,112,"[[[272, 321]], [[271, 322]], [[270, 322]], [[269, 323]], [[268, 324]], [[267, 325]], [[266, 326]], [[265, 327]], [[264, 328]], [[263, 329]], [[262, 329]], [[261, 330]], [[260, 330]], [[259, 330]], [[258, 329]], [[258, 328]], [[258, 327]], [[257, 326]], [[257, 325]], [[256, 324]], [[255, 323]], [[254, 323]], [[253, 323]], [[252, 323]], [[251, 323]], [[250, 323]], [[249, 324]], [[248, 324]], [[247, 325]], [[246, 325]], [[245, 326]], [[244, 327]], [[243, 327]], [[242, 327]], [[241, 328]], [[240, 328]], [[239, 329]], [[239, 330]], [[238, 331]], [[237, 332]], [[237, 333]], [[236, 334]], [[236, 335]], [[235, 336]], [[235, 337]], [[235, 338]], [[234, 339]], [[233, 340]], [[234, 341]], [[234, 342]], [[234, 343]], [[233, 344]], [[234, 343]], [[235, 344]], [[236, 345]], [[237, 346]], [[238, 346]], [[239, 347]], [[240, 348]], [[241, 349]], [[242, 350]], [[243, 351]], [[244, 352]], [[245, 353]], [[246, 353]], [[247, 353]], [[248, 353]], [[249, 354]], [[250, 355]], [[251, 356]], [[252, 356]], [[253, 356]], [[254, 356]], [[255, 356]], [[256, 356]], [[257, 356]], [[258, 356]], [[259, 355]], [[260, 355]], [[261, 354]], [[262, 353]], [[263, 352]], [[264, 351]], [[265, 350]], [[266, 349]], [[267, 348]], [[268, 348]], [[269, 347]], [[270, 346]], [[271, 346]], [[272, 345]], [[273, 344]], [[274, 344]], [[275, 343]], [[276, 342]], [[277, 341]], [[278, 340]], [[279, 339]], [[279, 338]], [[280, 337]], [[281, 336]], [[281, 335]], [[282, 334]], [[282, 333]], [[282, 332]], [[283, 331]], [[283, 330]], [[282, 329]], [[281, 328]], [[281, 327]], [[280, 327]], [[279, 326]], [[279, 325]], [[278, 324]], [[277, 323]], [[276, 322]], [[275, 322]], [[274, 322]], [[273, 321]]]","[[], [[[228, 334], [228, 335], [227, 336], [226, 337], [225, 337], [224, 338], [223, 338], [222, 337], [221, 337], [220, 337], [219, 336], [218, 335], [217, 335], [217, 336], [216, 337], [215, 337], [215, 338], [215, 339], [215, 340], [215, 341], [214, 342], [213, 343], [214, 344], [215, 344], [216, 344], [217, 343], [217, 342], [216, 341], [217, 340], [218, 340], [219, 339], [220, 340], [221, 340], [222, 340], [223, 341], [223, 342], [223, 343], [224, 343], [225, 342], [226, 342], [227, 342], [228, 342], [229, 343], [230, 344], [231, 345], [232, 345], [232, 344], [233, 343], [233, 342], [233, 341], [232, 340], [233, 339], [233, 338], [232, 339], [231, 339], [230, 339], [229, 339], [230, 339], [231, 340], [230, 341], [229, 342], [228, 342], [227, 342], [226, 342], [225, 342], [224, 341], [225, 340], [225, 339], [226, 338], [227, 338], [228, 337], [228, 336], [228, 335], [229, 334]]], [[[284, 328], [284, 329], [284, 330], [284, 331], [283, 332], [283, 333], [283, 334], [283, 335], [283, 336], [282, 337], [283, 337], [284, 338], [285, 338], [286, 338], [287, 338], [288, 339], [289, 340], [289, 341], [289, 342], [289, 343], [289, 344], [290, 345], [291, 345], [292, 345], [293, 345], [294, 346], [295, 346], [296, 346], [297, 347], [297, 348], [298, 347], [299, 347], [298, 346], [297, 345], [298, 344], [299, 343], [300, 343], [301, 344], [302, 343], [301, 342], [301, 341], [300, 340], [300, 339], [299, 338], [299, 337], [298, 336], [297, 335], [296, 334], [295, 333], [294, 333], [293, 332], [293, 333], [293, 334], [292, 335], [292, 336], [291, 337], [290, 337], [289, 336], [288, 336], [287, 335], [287, 334], [286, 334], [285, 333], [285, 332], [285, 331], [284, 330], [284, 329]]]]","[[], 185, 186]"
113,113,"[[[737, 318]], [[736, 319]], [[735, 320]], [[734, 320]], [[733, 320]], [[732, 320]], [[731, 320]], [[730, 321]], [[729, 322]], [[728, 322]], [[727, 323]], [[726, 324]], [[725, 325]], [[724, 326]], [[723, 327]], [[723, 328]], [[723, 329]], [[724, 330]], [[724, 331]], [[724, 332]], [[725, 333]], [[725, 334]], [[726, 334]], [[727, 335]], [[728, 335]], [[729, 335]], [[730, 335]], [[731, 335]], [[732, 336]], [[733, 336]], [[734, 336]], [[735, 336]], [[736, 336]], [[737, 336]], [[738, 336]], [[739, 336]], [[740, 336]], [[741, 336]], [[742, 336]], [[743, 335]], [[744, 335]], [[745, 334]], [[746, 333]], [[747, 332]], [[747, 331]], [[748, 330]], [[749, 330]], [[750, 329]], [[751, 328]], [[752, 327]], [[753, 327]], [[753, 326]], [[754, 325]], [[755, 324]], [[756, 323]], [[756, 322]], [[756, 321]], [[755, 320]], [[754, 320]], [[753, 320]], [[752, 320]], [[751, 320]], [[750, 320]], [[749, 321]], [[748, 321]], [[747, 321]], [[746, 320]], [[745, 320]], [[744, 320]], [[743, 320]], [[742, 320]], [[741, 319]], [[740, 319]], [[739, 319]], [[738, 318]]]",[[]],[]
114,114,"[[[768, 295]], [[768, 296]], [[768, 297]], [[767, 298]], [[767, 299]], [[767, 300]], [[766, 301]], [[766, 302]], [[766, 303]], [[767, 304]], [[767, 305]], [[768, 306]], [[768, 307]], [[769, 308]], [[770, 309]], [[770, 310]], [[771, 311]], [[771, 312]], [[772, 313]], [[772, 314]], [[772, 315]], [[772, 316]], [[773, 317]], [[774, 318]], [[775, 319]], [[776, 319]], [[777, 319]], [[778, 320]], [[779, 319]], [[780, 319]], [[781, 319]], [[782, 319]], [[783, 319]], [[783, 318]], [[784, 317]], [[784, 316]], [[785, 315]], [[786, 314]], [[785, 313]], [[786, 312]], [[786, 311]], [[786, 310]], [[786, 309]], [[786, 308]], [[785, 307]], [[785, 306]], [[784, 306]], [[783, 305]], [[782, 304]], [[781, 304]], [[780, 303]], [[779, 302]], [[778, 302]], [[777, 301]], [[777, 300]], [[776, 300]], [[775, 299]], [[774, 299]], [[773, 298]], [[772, 297]], [[771, 296]], [[770, 297]], [[769, 296]], [[769, 295]]]","[[], [[[781, 320], [781, 321], [781, 322], [781, 323], [780, 324], [779, 324], [778, 324], [777, 325], [776, 326], [775, 326], [774, 327], [773, 327], [772, 327], [771, 327], [770, 327], [770, 328], [769, 329], [769, 330], [769, 331], [770, 330], [771, 329], [772, 328], [773, 328], [774, 328], [775, 327], [776, 326], [777, 326], [778, 326], [779, 326], [780, 326], [781, 325], [782, 325], [783, 324], [784, 324], [785, 323], [786, 323], [787, 322], [786, 322], [785, 321], [784, 321], [783, 321], [782, 320]]]]","[[], 183]"
115,115,"[[[581, 291]], [[580, 292]], [[579, 292]], [[578, 293]], [[577, 293]], [[576, 293]], [[575, 293]], [[574, 294]], [[573, 294]], [[572, 293]], [[571, 294]], [[570, 294]], [[569, 294]], [[569, 295]], [[568, 296]], [[568, 297]], [[568, 298]], [[568, 299]], [[569, 300]], [[568, 301]], [[568, 302]], [[568, 303]], [[569, 304]], [[570, 305]], [[571, 306]], [[572, 307]], [[573, 307]], [[574, 307]], [[575, 308]], [[576, 308]], [[577, 308]], [[578, 309]], [[579, 309]], [[580, 309]], [[581, 308]], [[582, 308]], [[583, 307]], [[584, 307]], [[585, 307]], [[586, 306]], [[587, 306]], [[588, 305]], [[589, 304]], [[590, 303]], [[591, 302]], [[591, 301]], [[591, 300]], [[591, 299]], [[591, 298]], [[591, 297]], [[591, 296]], [[590, 296]], [[589, 295]], [[588, 295]], [[587, 294]], [[586, 294]], [[585, 293]], [[584, 293]], [[583, 292]], [[582, 292]]]",[[]],[]
116,116,"[[[617, 288]], [[616, 289]], [[615, 289]], [[614, 289]], [[613, 289]], [[613, 290]], [[612, 291]], [[611, 292]], [[611, 293]], [[611, 294]], [[611, 295]], [[611, 296]], [[611, 297]], [[612, 298]], [[612, 299]], [[612, 300]], [[612, 301]], [[613, 302]], [[613, 303]], [[613, 304]], [[613, 305]], [[613, 306]], [[614, 307]], [[614, 308]], [[614, 309]], [[614, 310]], [[614, 311]], [[615, 312]], [[615, 313]], [[615, 314]], [[616, 315]], [[615, 316]], [[615, 317]], [[615, 318]], [[615, 319]], [[616, 320]], [[616, 321]], [[617, 322]], [[617, 323]], [[618, 324]], [[619, 324]], [[620, 325]], [[621, 325]], [[622, 325]], [[623, 326]], [[624, 327]], [[625, 328]], [[626, 328]], [[627, 328]], [[628, 328]], [[629, 328]], [[630, 327]], [[631, 327]], [[632, 327]], [[633, 328]], [[633, 329]], [[633, 330]], [[633, 331]], [[633, 332]], [[632, 333]], [[631, 333]], [[631, 334]], [[632, 334]], [[633, 334]], [[634, 333]], [[635, 333]], [[636, 333]], [[637, 334]], [[638, 335]], [[638, 336]], [[638, 337]], [[638, 338]], [[639, 339]], [[640, 338]], [[641, 338]], [[642, 337]], [[642, 336]], [[641, 335]], [[642, 334]], [[642, 333]], [[642, 332]], [[641, 332]], [[640, 332]], [[639, 332]], [[638, 332]], [[637, 331]], [[637, 330]], [[638, 329]], [[637, 329]], [[636, 329]], [[635, 329]], [[634, 329]], [[633, 328]], [[632, 327]], [[633, 326]], [[633, 325]], [[634, 324]], [[633, 323]], [[633, 322]], [[633, 321]], [[633, 320]], [[633, 319]], [[634, 318]], [[634, 317]], [[633, 316]], [[633, 315]], [[634, 314]], [[634, 313]], [[635, 312]], [[635, 311]], [[635, 310]], [[635, 309]], [[635, 308]], [[635, 307]], [[634, 306]], [[634, 305]], [[634, 304]], [[634, 303]], [[634, 302]], [[634, 301]], [[634, 300]], [[633, 299]], [[633, 298]], [[632, 297]], [[632, 296]], [[631, 295]], [[631, 294]], [[630, 293]], [[629, 292]], [[628, 292]], [[627, 291]], [[626, 290]], [[625, 290]], [[624, 289]], [[623, 289]], [[622, 289]], [[621, 289]], [[620, 289]], [[619, 289]], [[618, 288]]]","[[], [[[634, 334], [633, 335], [632, 335], [631, 335], [630, 335], [629, 335], [628, 336], [628, 337], [628, 338], [628, 339], [629, 340], [629, 339], [630, 338], [631, 337], [632, 337], [633, 337], [634, 337], [635, 338], [636, 339], [637, 340], [637, 341], [638, 342], [638, 343], [639, 344], [640, 344], [640, 343], [640, 342], [640, 341], [640, 340], [639, 340], [638, 339], [637, 338], [637, 337], [637, 336], [637, 335], [636, 334], [635, 334]]]]","[[], 188]"
117,117,"[[[155, 273]], [[155, 274]], [[155, 275]], [[156, 276]], [[156, 277]], [[155, 278]], [[154, 279]], [[154, 280]], [[154, 281]], [[155, 282]], [[155, 283]], [[155, 284]], [[155, 285]], [[155, 286]], [[155, 287]], [[156, 288]], [[156, 289]], [[155, 290]], [[155, 291]], [[154, 292]], [[154, 293]], [[153, 294]], [[152, 294]], [[152, 295]], [[151, 296]], [[150, 297]], [[149, 298]], [[148, 299]], [[147, 300]], [[146, 301]], [[145, 301]], [[144, 301]], [[143, 302]], [[142, 302]], [[141, 303]], [[140, 304]], [[140, 305]], [[140, 306]], [[140, 307]], [[141, 308]], [[141, 309]], [[141, 310]], [[141, 311]], [[141, 312]], [[140, 313]], [[139, 313]], [[138, 313]], [[139, 313]], [[140, 313]], [[141, 314]], [[142, 315]], [[143, 316]], [[144, 316]], [[145, 316]], [[146, 317]], [[147, 318]], [[148, 318]], [[149, 319]], [[150, 318]], [[151, 319]], [[152, 319]], [[153, 319]], [[154, 319]], [[155, 318]], [[156, 317]], [[157, 317]], [[157, 316]], [[157, 315]], [[158, 314]], [[159, 314]], [[160, 314]], [[161, 314]], [[162, 315]], [[163, 315]], [[164, 315]], [[165, 315]], [[166, 314]], [[167, 313]], [[168, 312]], [[169, 312]], [[170, 312]], [[170, 311]], [[171, 310]], [[172, 310]], [[172, 309]], [[172, 308]], [[173, 307]], [[173, 306]], [[174, 305]], [[175, 304]], [[176, 303]], [[176, 302]], [[176, 301]], [[177, 300]], [[177, 299]], [[177, 298]], [[178, 297]], [[179, 296]], [[179, 295]], [[179, 294]], [[178, 293]], [[178, 292]], [[178, 291]], [[178, 290]], [[177, 289]], [[177, 288]], [[177, 287]], [[177, 286]], [[176, 285]], [[176, 284]], [[175, 283]], [[175, 282]], [[174, 281]], [[173, 280]], [[172, 279]], [[171, 278]], [[170, 277]], [[169, 276]], [[169, 275]], [[168, 275]], [[167, 275]], [[166, 275]], [[165, 274]], [[164, 274]], [[163, 274]], [[162, 275]], [[161, 275]], [[160, 275]], [[159, 275]], [[158, 274]], [[157, 273]], [[156, 273]]]",[[]],[]
118,118,"[[[217, 257]], [[216, 258]], [[215, 259]], [[215, 260]], [[215, 261]], [[216, 262]], [[216, 263]], [[217, 263]], [[218, 263]], [[219, 264]], [[219, 265]], [[220, 266]], [[220, 267]], [[220, 268]], [[220, 269]], [[220, 270]], [[220, 271]], [[220, 272]], [[220, 273]], [[221, 274]], [[221, 275]], [[221, 276]], [[221, 277]], [[221, 278]], [[221, 279]], [[222, 280]], [[222, 281]], [[222, 282]], [[222, 283]], [[222, 284]], [[222, 285]], [[222, 286]], [[222, 287]], [[222, 288]], [[223, 289]], [[223, 290]], [[223, 291]], [[223, 292]], [[223, 293]], [[223, 294]], [[224, 295]], [[225, 296]], [[226, 296]], [[227, 295]], [[228, 295]], [[229, 294]], [[230, 293]], [[231, 292]], [[231, 291]], [[232, 290]], [[232, 289]], [[233, 288]], [[232, 287]], [[232, 286]], [[233, 285]], [[234, 284]], [[235, 284]], [[235, 283]], [[236, 282]], [[236, 281]], [[236, 280]], [[237, 279]], [[237, 278]], [[238, 277]], [[238, 276]], [[238, 275]], [[238, 274]], [[238, 273]], [[239, 272]], [[239, 271]], [[240, 270]], [[240, 269]], [[239, 268]], [[239, 267]], [[239, 266]], [[238, 265]], [[238, 264]], [[238, 263]], [[237, 262]], [[236, 261]], [[236, 260]], [[235, 260]], [[234, 259]], [[233, 259]], [[232, 259]], [[231, 259]], [[230, 260]], [[229, 260]], [[228, 260]], [[227, 260]], [[226, 260]], [[225, 261]], [[224, 260]], [[223, 259]], [[222, 259]], [[221, 258]], [[220, 258]], [[219, 257]], [[218, 257]]]",[[]],[]
119,119,"[[[207, 251]], [[206, 252]], [[205, 253]], [[205, 254]], [[205, 255]], [[205, 256]], [[205, 257]], [[205, 258]], [[205, 259]], [[204, 260]], [[204, 261]], [[204, 262]], [[204, 263]], [[204, 264]], [[205, 265]], [[204, 266]], [[205, 267]], [[205, 268]], [[205, 269]], [[205, 270]], [[205, 271]], [[205, 272]], [[206, 273]], [[207, 274]], [[208, 274]], [[209, 274]], [[210, 274]], [[211, 273]], [[212, 272]], [[213, 271]], [[213, 270]], [[213, 269]], [[213, 268]], [[213, 267]], [[213, 266]], [[213, 265]], [[213, 264]], [[213, 263]], [[213, 262]], [[213, 261]], [[212, 260]], [[212, 259]], [[212, 258]], [[212, 257]], [[212, 256]], [[212, 255]], [[212, 254]], [[211, 253]], [[210, 252]], [[209, 252]], [[208, 252]]]","[[[[193, 248], [193, 249], [193, 250], [193, 251], [194, 252], [195, 252], [196, 252], [197, 253], [198, 253], [199, 253], [200, 252], [201, 253], [202, 253], [203, 253], [204, 253], [205, 252], [206, 251], [207, 250], [208, 250], [209, 250], [210, 251], [211, 251], [212, 251], [213, 251], [214, 250], [214, 249], [213, 249], [212, 249], [211, 248], [210, 248], [209, 248], [208, 248], [207, 248], [206, 249], [205, 250], [204, 251], [203, 251], [202, 251], [201, 251], [200, 252], [199, 252], [198, 252], [197, 251], [196, 250], [195, 250], [194, 249]]], []]","[189, []]"
120,120,"[[[390, 250]], [[389, 251]], [[388, 251]], [[387, 251]], [[386, 251]], [[385, 252]], [[384, 252]], [[383, 253]], [[383, 254]], [[383, 255]], [[383, 256]], [[384, 257]], [[385, 257]], [[386, 258]], [[386, 259]], [[387, 260]], [[387, 261]], [[388, 262]], [[389, 263]], [[390, 263]], [[391, 263]], [[392, 263]], [[393, 263]], [[394, 263]], [[395, 262]], [[396, 262]], [[397, 261]], [[398, 260]], [[398, 259]], [[399, 258]], [[400, 257]], [[400, 256]], [[400, 255]], [[400, 254]], [[399, 253]], [[399, 252]], [[398, 252]], [[397, 251]], [[396, 250]], [[395, 250]], [[394, 250]], [[393, 250]], [[392, 250]], [[391, 250]]]","[[[[391, 240], [391, 241], [391, 242], [391, 243], [391, 244], [390, 245], [389, 246], [388, 246], [387, 246], [386, 245], [385, 244], [384, 244], [383, 244], [382, 244], [382, 245], [383, 246], [384, 246], [385, 247], [385, 248], [386, 248], [387, 248], [388, 249], [389, 248], [390, 248], [391, 249], [392, 248], [393, 248], [394, 248], [395, 247], [396, 248], [397, 249], [398, 249], [399, 250], [400, 250], [400, 249], [399, 248], [399, 247], [398, 246], [397, 245], [397, 244], [397, 243], [396, 242], [395, 242], [394, 242], [393, 242], [392, 241]]], []]","[190, []]"
121,121,"[[[330, 248]], [[331, 249]], [[331, 250]], [[330, 251]], [[330, 252]], [[330, 253]], [[330, 254]], [[329, 255]], [[329, 256]], [[329, 257]], [[329, 258]], [[329, 259]], [[328, 260]], [[327, 261]], [[326, 262]], [[325, 262]], [[324, 262]], [[323, 263]], [[322, 263]], [[321, 263]], [[320, 263]], [[319, 263]], [[318, 263]], [[317, 263]], [[316, 263]], [[315, 263]], [[314, 263]], [[313, 263]], [[312, 264]], [[311, 265]], [[310, 266]], [[310, 267]], [[309, 268]], [[308, 269]], [[308, 270]], [[308, 271]], [[308, 272]], [[308, 273]], [[307, 274]], [[307, 275]], [[307, 276]], [[307, 277]], [[307, 278]], [[306, 279]], [[305, 279]], [[304, 279]], [[303, 278]], [[302, 277]], [[301, 277]], [[300, 276]], [[299, 275]], [[299, 274]], [[299, 273]], [[300, 272]], [[301, 271]], [[301, 270]], [[300, 269]], [[300, 268]], [[299, 269]], [[299, 270]], [[299, 271]], [[299, 272]], [[298, 273]], [[297, 273]], [[296, 273]], [[295, 273]], [[294, 273]], [[293, 273]], [[292, 274]], [[291, 273]], [[290, 273]], [[289, 273]], [[288, 273]], [[287, 273]], [[286, 273]], [[285, 272]], [[285, 271]], [[286, 270]], [[287, 270]], [[288, 270]], [[289, 270]], [[290, 270]], [[291, 270]], [[292, 269]], [[293, 269]], [[294, 269]], [[294, 268]], [[294, 267]], [[293, 266]], [[292, 265]], [[291, 264]], [[290, 264]], [[289, 263]], [[288, 263]], [[287, 263]], [[286, 263]], [[285, 263]], [[284, 263]], [[283, 264]], [[282, 263]], [[282, 262]], [[282, 263]], [[282, 264]], [[281, 265]], [[281, 266]], [[280, 267]], [[280, 268]], [[280, 269]], [[279, 270]], [[279, 271]], [[278, 272]], [[277, 272]], [[276, 273]], [[275, 274]], [[274, 274]], [[273, 275]], [[272, 275]], [[271, 275]], [[270, 274]], [[269, 273]], [[269, 272]], [[268, 271]], [[268, 270]], [[267, 269]], [[266, 268]], [[265, 267]], [[264, 267]], [[263, 267]], [[262, 267]], [[261, 268]], [[260, 267]], [[259, 267]], [[258, 267]], [[257, 266]], [[256, 266]], [[255, 265]], [[254, 265]], [[253, 264]], [[252, 264]], [[251, 264]], [[250, 263]], [[249, 263]], [[248, 262]], [[247, 263]], [[247, 264]], [[246, 265]], [[246, 266]], [[245, 267]], [[245, 268]], [[245, 269]], [[245, 270]], [[244, 271]], [[244, 272]], [[244, 273]], [[244, 274]], [[244, 275]], [[244, 276]], [[243, 277]], [[243, 278]], [[243, 279]], [[243, 280]], [[243, 281]], [[243, 282]], [[244, 283]], [[244, 284]], [[244, 285]], [[244, 286]], [[244, 287]], [[245, 288]], [[246, 287]], [[247, 288]], [[248, 288]], [[249, 288]], [[250, 288]], [[251, 289]], [[252, 290]], [[253, 290]], [[254, 291]], [[255, 291]], [[256, 291]], [[257, 292]], [[258, 293]], [[259, 294]], [[259, 295]], [[259, 296]], [[259, 297]], [[258, 298]], [[257, 299]], [[256, 300]], [[255, 301]], [[254, 302]], [[253, 302]], [[252, 303]], [[251, 304]], [[251, 305]], [[250, 306]], [[251, 307]], [[251, 308]], [[251, 309]], [[251, 310]], [[251, 311]], [[252, 311]], [[253, 312]], [[254, 313]], [[255, 314]], [[256, 315]], [[257, 315]], [[258, 316]], [[259, 316]], [[260, 316]], [[261, 317]], [[262, 317]], [[263, 317]], [[264, 316]], [[265, 316]], [[266, 316]], [[267, 315]], [[268, 315]], [[268, 314]], [[268, 313]], [[269, 312]], [[270, 311]], [[271, 310]], [[272, 309]], [[272, 308]], [[273, 307]], [[274, 306]], [[274, 305]], [[274, 304]], [[275, 303]], [[276, 302]], [[277, 303]], [[278, 302]], [[279, 302]], [[280, 302]], [[280, 301]], [[280, 300]], [[280, 299]], [[280, 298]], [[280, 297]], [[279, 296]], [[279, 295]], [[280, 294]], [[281, 293]], [[281, 292]], [[282, 291]], [[283, 290]], [[284, 291]], [[284, 292]], [[284, 293]], [[284, 294]], [[284, 295]], [[284, 296]], [[283, 297]], [[283, 298]], [[283, 299]], [[284, 300]], [[284, 301]], [[285, 302]], [[285, 303]], [[285, 304]], [[285, 305]], [[286, 306]], [[286, 307]], [[286, 308]], [[287, 309]], [[288, 310]], [[289, 311]], [[289, 312]], [[290, 313]], [[291, 313]], [[292, 314]], [[293, 315]], [[294, 316]], [[295, 317]], [[296, 318]], [[297, 318]], [[298, 319]], [[299, 320]], [[300, 321]], [[301, 321]], [[302, 321]], [[303, 322]], [[304, 323]], [[305, 322]], [[306, 322]], [[307, 323]], [[308, 323]], [[309, 323]], [[310, 324]], [[311, 323]], [[312, 322]], [[312, 321]], [[312, 320]], [[311, 319]], [[311, 318]], [[312, 317]], [[311, 316]], [[311, 315]], [[311, 314]], [[311, 313]], [[310, 312]], [[310, 311]], [[310, 310]], [[310, 309]], [[310, 308]], [[310, 307]], [[311, 306]], [[311, 305]], [[310, 304]], [[310, 303]], [[310, 302]], [[309, 301]], [[309, 300]], [[309, 299]], [[309, 298]], [[309, 297]], [[309, 296]], [[308, 295]], [[308, 294]], [[309, 293]], [[310, 292]], [[311, 293]], [[312, 293]], [[313, 294]], [[314, 295]], [[314, 296]], [[315, 297]], [[316, 297]], [[317, 298]], [[318, 299]], [[318, 300]], [[318, 301]], [[319, 301]], [[320, 302]], [[321, 302]], [[322, 302]], [[323, 302]], [[324, 302]], [[325, 303]], [[326, 303]], [[327, 304]], [[328, 304]], [[329, 304]], [[330, 304]], [[331, 304]], [[332, 304]], [[333, 304]], [[334, 305]], [[334, 306]], [[334, 307]], [[333, 308]], [[333, 309]], [[333, 310]], [[332, 311]], [[331, 312]], [[330, 311]], [[329, 312]], [[330, 313]], [[329, 314]], [[328, 314]], [[328, 315]], [[328, 316]], [[328, 317]], [[327, 318]], [[327, 319]], [[326, 320]], [[326, 321]], [[326, 322]], [[326, 323]], [[326, 324]], [[327, 325]], [[328, 326]], [[329, 327]], [[330, 328]], [[331, 329]], [[332, 329]], [[333, 329]], [[334, 329]], [[335, 330]], [[336, 330]], [[337, 329]], [[338, 329]], [[339, 329]], [[340, 329]], [[341, 329]], [[342, 329]], [[343, 328]], [[344, 328]], [[345, 327]], [[346, 327]], [[347, 327]], [[348, 327]], [[349, 327]], [[350, 326]], [[351, 326]], [[352, 326]], [[353, 326]], [[354, 325]], [[355, 324]], [[356, 325]], [[357, 326]], [[357, 327]], [[357, 328]], [[357, 329]], [[356, 330]], [[356, 331]], [[355, 332]], [[355, 333]], [[355, 334]], [[354, 335]], [[354, 336]], [[354, 337]], [[354, 338]], [[355, 338]], [[356, 338]], [[357, 338]], [[358, 338]], [[359, 338]], [[360, 338]], [[360, 337]], [[361, 336]], [[361, 335]], [[362, 334]], [[362, 333]], [[363, 332]], [[363, 331]], [[363, 330]], [[364, 329]], [[365, 328]], [[366, 328]], [[367, 327]], [[368, 327]], [[369, 328]], [[370, 329]], [[371, 330]], [[372, 331]], [[373, 331]], [[374, 332]], [[375, 333]], [[376, 334]], [[376, 335]], [[377, 336]], [[378, 336]], [[379, 336]], [[380, 336]], [[381, 336]], [[382, 336]], [[383, 337]], [[384, 337]], [[385, 337]], [[386, 337]], [[387, 336]], [[388, 336]], [[389, 335]], [[390, 336]], [[391, 335]], [[392, 335]], [[393, 335]], [[394, 335]], [[395, 334]], [[396, 334]], [[397, 334]], [[398, 333]], [[399, 332]], [[400, 331]], [[401, 331]], [[402, 331]], [[403, 331]], [[404, 332]], [[405, 332]], [[406, 331]], [[407, 331]], [[408, 330]], [[409, 330]], [[410, 330]], [[410, 329]], [[411, 328]], [[412, 327]], [[412, 326]], [[413, 325]], [[413, 324]], [[413, 323]], [[414, 322]], [[414, 321]], [[414, 320]], [[414, 319]], [[414, 318]], [[415, 317]], [[416, 316]], [[417, 315]], [[417, 314]], [[417, 313]], [[416, 312]], [[416, 311]], [[416, 310]], [[416, 309]], [[416, 308]], [[415, 307]], [[415, 306]], [[415, 305]], [[416, 304]], [[416, 303]], [[416, 302]], [[415, 301]], [[414, 300]], [[413, 299]], [[413, 298]], [[412, 298]], [[411, 298]], [[410, 298]], [[409, 297]], [[408, 296]], [[408, 295]], [[407, 294]], [[407, 293]], [[406, 292]], [[406, 291]], [[405, 290]], [[404, 289]], [[403, 289]], [[402, 288]], [[401, 288]], [[400, 287]], [[399, 287]], [[398, 286]], [[397, 286]], [[396, 285]], [[395, 284]], [[394, 284]], [[393, 284]], [[392, 285]], [[391, 285]], [[390, 285]], [[389, 286]], [[388, 287]], [[387, 288]], [[386, 289]], [[385, 289]], [[384, 290]], [[383, 291]], [[382, 292]], [[381, 293]], [[380, 293]], [[379, 293]], [[378, 293]], [[377, 293]], [[376, 293]], [[375, 292]], [[374, 292]], [[373, 292]], [[372, 292]], [[371, 291]], [[370, 291]], [[369, 291]], [[368, 290]], [[367, 289]], [[366, 288]], [[366, 287]], [[365, 286]], [[365, 285]], [[365, 284]], [[365, 283]], [[365, 282]], [[364, 281]], [[364, 280]], [[363, 279]], [[363, 278]], [[363, 277]], [[363, 276]], [[362, 275]], [[362, 274]], [[361, 273]], [[361, 272]], [[360, 271]], [[359, 270]], [[359, 269]], [[358, 268]], [[357, 267]], [[357, 266]], [[356, 265]], [[355, 264]], [[354, 263]], [[353, 262]], [[352, 261]], [[351, 260]], [[350, 259]], [[349, 258]], [[348, 257]], [[347, 256]], [[346, 255]], [[345, 254]], [[344, 253]], [[343, 252]], [[342, 252]], [[341, 251]], [[340, 251]], [[339, 251]], [[338, 251]], [[337, 251]], [[336, 250]], [[335, 249]], [[334, 249]], [[333, 249]], [[332, 249]], [[331, 248]]]","[[[[297, 262], [297, 263], [298, 264], [299, 265], [299, 266], [300, 267], [301, 268], [301, 269], [302, 270], [302, 271], [303, 271], [304, 272], [304, 273], [304, 274], [304, 275], [303, 276], [303, 277], [304, 278], [305, 278], [306, 278], [306, 277], [306, 276], [306, 275], [305, 274], [304, 273], [304, 272], [303, 271], [302, 270], [302, 269], [302, 268], [301, 267], [301, 266], [301, 265], [300, 264], [299, 263], [298, 262]]], [], [[[281, 306], [281, 307], [282, 307], [283, 307], [284, 307], [285, 308], [285, 309], [285, 310], [285, 311], [286, 311], [287, 311], [288, 312], [289, 313], [289, 314], [288, 315], [289, 316], [290, 317], [291, 318], [292, 318], [293, 319], [293, 320], [294, 320], [295, 320], [296, 320], [297, 321], [298, 321], [299, 322], [300, 323], [301, 323], [302, 323], [303, 323], [302, 322], [301, 322], [300, 322], [299, 321], [298, 320], [297, 319], [296, 319], [295, 318], [294, 317], [293, 316], [292, 315], [291, 314], [290, 314], [289, 313], [288, 312], [288, 311], [287, 310], [286, 309], [285, 308], [285, 307], [285, 306], [284, 306], [283, 306], [282, 306]]], [[[312, 314], [312, 315], [312, 316], [313, 317], [312, 318], [312, 319], [313, 320], [314, 320], [315, 321], [316, 322], [317, 322], [318, 322], [318, 321], [318, 320], [318, 319], [318, 318], [317, 319], [316, 320], [315, 321], [314, 320], [314, 319], [315, 318], [315, 317], [315, 316], [314, 315], [313, 315]]], [[[312, 302], [311, 303], [311, 304], [312, 305], [313, 306], [314, 307], [315, 308], [315, 309], [315, 310], [316, 311], [316, 312], [317, 312], [318, 312], [318, 311], [318, 310], [319, 309], [320, 310], [321, 310], [322, 311], [322, 310], [322, 309], [322, 308], [321, 308], [320, 308], [319, 307], [319, 308], [319, 309], [318, 310], [317, 309], [316, 308], [315, 307], [315, 306], [314, 305], [313, 304], [313, 303]]], [[[387, 337], [386, 338], [386, 339], [387, 340], [388, 340], [389, 341], [390, 342], [389, 343], [389, 344], [389, 345], [390, 346], [390, 347], [391, 347], [392, 347], [393, 347], [392, 347], [391, 346], [390, 345], [390, 344], [390, 343], [390, 342], [390, 341], [390, 340], [390, 339], [390, 338], [389, 337], [388, 337]]], [[[423, 307], [422, 308], [421, 309], [420, 309], [419, 310], [418, 309], [417, 309], [417, 310], [418, 311], [418, 312], [418, 313], [418, 314], [418, 315], [418, 316], [417, 317], [417, 318], [417, 319], [416, 320], [417, 320], [417, 319], [418, 318], [419, 319], [420, 318], [420, 317], [420, 316], [420, 315], [420, 314], [421, 313], [422, 312], [423, 312], [423, 311], [422, 310], [422, 309], [423, 308]]]]","[191, [], 192, 193, 194, 195, 196]"
122,122,"[[[548, 229]], [[547, 230]], [[546, 231]], [[545, 231]], [[544, 231]], [[543, 232]], [[542, 232]], [[541, 233]], [[540, 234]], [[539, 235]], [[538, 236]], [[538, 237]], [[538, 238]], [[539, 237]], [[540, 237]], [[541, 237]], [[542, 237]], [[543, 237]], [[544, 237]], [[545, 237]], [[546, 237]], [[547, 236]], [[548, 236]], [[549, 235]], [[550, 235]], [[551, 235]], [[552, 234]], [[552, 233]], [[551, 232]], [[551, 231]], [[550, 230]], [[549, 230]]]",[[]],[]
123,123,"[[[730, 228]], [[730, 229]], [[729, 230]], [[728, 230]], [[727, 230]], [[726, 231]], [[725, 232]], [[724, 232]], [[724, 233]], [[723, 234]], [[722, 235]], [[721, 235]], [[720, 236]], [[719, 236]], [[718, 236]], [[717, 235]], [[716, 236]], [[715, 236]], [[714, 236]], [[713, 235]], [[712, 235]], [[711, 235]], [[710, 235]], [[709, 235]], [[708, 235]], [[707, 236]], [[706, 237]], [[705, 238]], [[704, 239]], [[703, 240]], [[703, 241]], [[702, 242]], [[702, 243]], [[701, 244]], [[700, 245]], [[699, 246]], [[698, 247]], [[698, 248]], [[697, 249]], [[696, 250]], [[695, 251]], [[694, 252]], [[693, 251]], [[693, 252]], [[692, 253]], [[692, 254]], [[691, 255]], [[691, 256]], [[690, 257]], [[689, 258]], [[689, 259]], [[688, 260]], [[688, 261]], [[687, 262]], [[687, 263]], [[687, 264]], [[687, 265]], [[687, 266]], [[687, 267]], [[687, 268]], [[686, 269]], [[686, 270]], [[687, 271]], [[688, 272]], [[688, 273]], [[688, 274]], [[689, 275]], [[689, 276]], [[689, 277]], [[689, 278]], [[689, 279]], [[689, 280]], [[690, 281]], [[691, 281]], [[692, 281]], [[693, 282]], [[693, 283]], [[693, 284]], [[693, 285]], [[693, 286]], [[693, 287]], [[693, 288]], [[693, 289]], [[694, 290]], [[694, 291]], [[694, 292]], [[695, 293]], [[696, 293]], [[697, 293]], [[698, 293]], [[699, 293]], [[700, 293]], [[701, 293]], [[702, 293]], [[703, 293]], [[704, 294]], [[704, 295]], [[705, 296]], [[706, 297]], [[707, 298]], [[708, 299]], [[709, 299]], [[710, 300]], [[711, 299]], [[712, 300]], [[713, 300]], [[714, 300]], [[715, 300]], [[716, 299]], [[717, 299]], [[718, 299]], [[719, 299]], [[720, 299]], [[721, 299]], [[722, 298]], [[723, 298]], [[724, 298]], [[725, 299]], [[726, 299]], [[727, 300]], [[728, 301]], [[729, 301]], [[730, 301]], [[731, 301]], [[732, 301]], [[733, 301]], [[734, 301]], [[735, 301]], [[736, 301]], [[737, 301]], [[738, 301]], [[739, 302]], [[740, 302]], [[741, 302]], [[742, 302]], [[743, 302]], [[744, 302]], [[745, 302]], [[746, 301]], [[747, 301]], [[748, 300]], [[749, 300]], [[750, 300]], [[750, 299]], [[751, 298]], [[751, 297]], [[751, 296]], [[752, 295]], [[752, 294]], [[752, 293]], [[753, 292]], [[754, 291]], [[754, 290]], [[755, 289]], [[755, 288]], [[756, 287]], [[756, 286]], [[756, 285]], [[756, 284]], [[756, 283]], [[756, 282]], [[756, 281]], [[757, 280]], [[757, 279]], [[757, 278]], [[757, 277]], [[757, 276]], [[758, 275]], [[758, 274]], [[759, 273]], [[759, 272]], [[759, 271]], [[758, 270]], [[758, 269]], [[757, 268]], [[756, 267]], [[755, 266]], [[755, 265]], [[756, 264]], [[757, 263]], [[757, 262]], [[757, 261]], [[757, 260]], [[758, 259]], [[758, 258]], [[758, 257]], [[758, 256]], [[758, 255]], [[757, 254]], [[757, 253]], [[757, 252]], [[758, 251]], [[758, 250]], [[758, 249]], [[758, 248]], [[757, 247]], [[756, 246]], [[755, 245]], [[755, 244]], [[755, 243]], [[754, 242]], [[753, 241]], [[752, 240]], [[751, 240]], [[750, 240]], [[749, 239]], [[748, 238]], [[747, 238]], [[746, 237]], [[745, 236]], [[744, 235]], [[743, 234]], [[742, 233]], [[741, 232]], [[740, 231]], [[739, 231]], [[738, 231]], [[737, 231]], [[736, 230]], [[735, 230]], [[734, 229]], [[733, 228]], [[732, 228]], [[731, 228]]]","[[], [[[743, 226], [743, 227], [743, 228], [743, 229], [744, 228], [745, 229], [746, 229], [747, 229], [748, 230], [749, 231], [749, 232], [748, 233], [747, 233], [746, 234], [745, 234], [746, 234], [747, 234], [748, 235], [749, 235], [750, 236], [750, 237], [750, 238], [751, 239], [752, 239], [753, 239], [753, 238], [753, 237], [752, 237], [751, 236], [752, 235], [753, 235], [754, 235], [755, 235], [756, 235], [757, 235], [758, 235], [759, 235], [760, 236], [761, 237], [762, 236], [761, 235], [760, 235], [759, 234], [758, 234], [757, 233], [756, 233], [755, 233], [754, 233], [753, 234], [752, 233], [751, 233], [750, 232], [750, 231], [749, 230], [749, 229], [748, 229], [747, 228], [746, 228], [745, 228], [744, 227]]]]","[[], 197]"
124,124,"[[[618, 211]], [[617, 212]], [[616, 212]], [[615, 213]], [[614, 213]], [[613, 214]], [[612, 214]], [[611, 215]], [[610, 216]], [[610, 217]], [[609, 218]], [[608, 218]], [[608, 219]], [[608, 220]], [[607, 221]], [[607, 222]], [[607, 223]], [[606, 224]], [[606, 225]], [[606, 226]], [[605, 227]], [[605, 228]], [[604, 229]], [[604, 230]], [[603, 231]], [[603, 232]], [[604, 232]], [[605, 232]], [[606, 233]], [[606, 234]], [[605, 235]], [[604, 235]], [[603, 235]], [[603, 236]], [[603, 237]], [[604, 238]], [[605, 238]], [[606, 238]], [[607, 238]], [[608, 239]], [[609, 240]], [[609, 241]], [[610, 241]], [[611, 241]], [[612, 242]], [[613, 243]], [[614, 243]], [[615, 244]], [[615, 245]], [[614, 246]], [[613, 245]], [[612, 245]], [[611, 244]], [[610, 245]], [[609, 245]], [[608, 245]], [[608, 246]], [[607, 247]], [[607, 248]], [[607, 249]], [[607, 250]], [[607, 251]], [[606, 252]], [[606, 253]], [[607, 254]], [[607, 255]], [[607, 256]], [[608, 257]], [[609, 258]], [[610, 259]], [[610, 260]], [[611, 261]], [[612, 262]], [[612, 263]], [[613, 263]], [[614, 264]], [[614, 265]], [[614, 266]], [[615, 267]], [[616, 268]], [[616, 269]], [[617, 270]], [[617, 271]], [[617, 272]], [[618, 273]], [[619, 274]], [[619, 275]], [[620, 276]], [[620, 277]], [[620, 278]], [[621, 278]], [[622, 278]], [[623, 278]], [[624, 278]], [[625, 277]], [[626, 276]], [[626, 275]], [[626, 274]], [[626, 273]], [[626, 272]], [[626, 271]], [[626, 270]], [[626, 269]], [[626, 268]], [[625, 267]], [[625, 266]], [[624, 265]], [[624, 264]], [[624, 263]], [[624, 262]], [[624, 261]], [[624, 260]], [[623, 259]], [[623, 258]], [[622, 257]], [[621, 256]], [[620, 255]], [[619, 254]], [[618, 253]], [[617, 252]], [[617, 251]], [[618, 250]], [[619, 250]], [[620, 250]], [[621, 251]], [[622, 251]], [[623, 252]], [[624, 252]], [[625, 252]], [[626, 253]], [[627, 253]], [[628, 254]], [[628, 255]], [[629, 256]], [[630, 256]], [[631, 256]], [[632, 256]], [[633, 257]], [[633, 258]], [[632, 259]], [[631, 259]], [[632, 260]], [[633, 261]], [[633, 262]], [[633, 263]], [[633, 264]], [[634, 265]], [[634, 266]], [[635, 267]], [[636, 268]], [[636, 269]], [[637, 269]], [[638, 270]], [[639, 271]], [[640, 271]], [[641, 272]], [[642, 272]], [[643, 273]], [[644, 273]], [[645, 273]], [[646, 272]], [[647, 272]], [[648, 272]], [[649, 272]], [[650, 272]], [[651, 272]], [[652, 271]], [[653, 270]], [[654, 269]], [[654, 268]], [[654, 267]], [[654, 266]], [[655, 265]], [[655, 264]], [[655, 263]], [[654, 262]], [[654, 261]], [[654, 260]], [[654, 259]], [[653, 258]], [[653, 257]], [[652, 256]], [[651, 255]], [[650, 254]], [[650, 253]], [[650, 252]], [[649, 251]], [[648, 251]], [[647, 251]], [[646, 252]], [[645, 252]], [[645, 253]], [[644, 254]], [[643, 253]], [[643, 252]], [[643, 251]], [[644, 250]], [[644, 249]], [[644, 248]], [[645, 247]], [[645, 246]], [[646, 245]], [[647, 244]], [[647, 243]], [[646, 243]], [[645, 242]], [[645, 241]], [[645, 240]], [[646, 239]], [[647, 238]], [[647, 237]], [[647, 236]], [[647, 235]], [[647, 234]], [[648, 233]], [[648, 232]], [[647, 231]], [[647, 230]], [[647, 229]], [[646, 228]], [[645, 228]], [[644, 227]], [[643, 226]], [[642, 226]], [[641, 225]], [[640, 224]], [[639, 223]], [[639, 222]], [[638, 221]], [[638, 220]], [[637, 219]], [[636, 218]], [[636, 217]], [[635, 216]], [[634, 215]], [[633, 214]], [[632, 214]], [[631, 213]], [[630, 213]], [[629, 212]], [[628, 212]], [[627, 212]], [[626, 211]], [[625, 211]], [[624, 211]], [[623, 211]], [[622, 211]], [[621, 212]], [[620, 212]], [[619, 212]]]","[[], [[[623, 208], [624, 209], [624, 210], [625, 210], [626, 210], [627, 210], [628, 210], [629, 211], [630, 212], [631, 212], [632, 213], [633, 213], [634, 214], [635, 215], [636, 216], [637, 217], [637, 218], [638, 219], [639, 220], [639, 221], [640, 222], [640, 223], [641, 224], [642, 225], [643, 225], [644, 226], [645, 227], [646, 227], [647, 227], [648, 226], [647, 225], [646, 225], [645, 225], [644, 224], [643, 224], [642, 223], [641, 222], [641, 221], [640, 220], [640, 219], [639, 218], [639, 217], [638, 217], [637, 216], [636, 215], [636, 214], [635, 213], [634, 212], [634, 211], [634, 210], [634, 209], [633, 209], [632, 209], [631, 210], [630, 209], [629, 209], [628, 209], [627, 209], [626, 208], [625, 208], [624, 208]]]]","[[], 198]"
125,125,"[[[443, 206]], [[442, 207]], [[441, 207]], [[440, 208]], [[440, 209]], [[440, 210]], [[440, 211]], [[440, 212]], [[440, 213]], [[440, 214]], [[440, 215]], [[440, 216]], [[440, 217]], [[440, 218]], [[439, 219]], [[439, 220]], [[439, 221]], [[438, 222]], [[438, 223]], [[438, 224]], [[438, 225]], [[438, 226]], [[438, 227]], [[438, 228]], [[438, 229]], [[438, 230]], [[438, 231]], [[437, 232]], [[437, 233]], [[437, 234]], [[437, 235]], [[437, 236]], [[436, 237]], [[436, 238]], [[436, 239]], [[436, 240]], [[436, 241]], [[436, 242]], [[436, 243]], [[436, 244]], [[436, 245]], [[436, 246]], [[436, 247]], [[437, 248]], [[437, 249]], [[438, 250]], [[438, 251]], [[439, 252]], [[439, 253]], [[440, 254]], [[440, 255]], [[439, 256]], [[439, 257]], [[439, 258]], [[439, 259]], [[439, 260]], [[438, 261]], [[438, 262]], [[438, 263]], [[438, 264]], [[439, 265]], [[440, 266]], [[440, 267]], [[440, 268]], [[441, 268]], [[442, 268]], [[443, 268]], [[444, 268]], [[445, 269]], [[446, 269]], [[447, 270]], [[446, 271]], [[447, 270]], [[448, 270]], [[449, 271]], [[450, 272]], [[450, 273]], [[450, 274]], [[451, 275]], [[451, 276]], [[451, 277]], [[450, 278]], [[450, 279]], [[450, 280]], [[450, 281]], [[449, 282]], [[449, 283]], [[448, 284]], [[448, 285]], [[448, 286]], [[449, 287]], [[449, 288]], [[449, 289]], [[450, 290]], [[451, 290]], [[452, 290]], [[453, 290]], [[454, 291]], [[455, 292]], [[455, 293]], [[456, 294]], [[457, 295]], [[458, 295]], [[459, 295]], [[460, 295]], [[461, 295]], [[462, 295]], [[463, 294]], [[464, 294]], [[465, 294]], [[466, 293]], [[467, 293]], [[468, 292]], [[469, 291]], [[470, 291]], [[471, 291]], [[472, 291]], [[473, 292]], [[474, 292]], [[475, 293]], [[476, 293]], [[477, 293]], [[478, 294]], [[479, 294]], [[480, 295]], [[481, 296]], [[482, 296]], [[483, 297]], [[484, 297]], [[485, 297]], [[486, 297]], [[487, 297]], [[488, 297]], [[489, 296]], [[490, 296]], [[491, 296]], [[492, 295]], [[493, 295]], [[494, 295]], [[495, 295]], [[496, 294]], [[497, 293]], [[498, 292]], [[499, 292]], [[500, 292]], [[501, 292]], [[502, 291]], [[503, 292]], [[504, 291]], [[505, 291]], [[506, 290]], [[507, 290]], [[507, 289]], [[508, 288]], [[507, 287]], [[506, 286]], [[505, 286]], [[504, 286]], [[503, 285]], [[504, 284]], [[505, 283]], [[506, 282]], [[507, 281]], [[507, 280]], [[508, 279]], [[509, 278]], [[508, 277]], [[509, 276]], [[509, 275]], [[509, 274]], [[510, 273]], [[509, 272]], [[508, 271]], [[508, 270]], [[508, 269]], [[508, 268]], [[508, 267]], [[507, 266]], [[507, 265]], [[506, 264]], [[506, 263]], [[505, 262]], [[505, 261]], [[505, 260]], [[505, 259]], [[505, 258]], [[505, 257]], [[506, 256]], [[507, 255]], [[508, 255]], [[508, 254]], [[508, 253]], [[508, 252]], [[508, 251]], [[507, 250]], [[507, 249]], [[507, 248]], [[507, 247]], [[507, 246]], [[507, 245]], [[506, 244]], [[506, 243]], [[506, 242]], [[506, 241]], [[505, 240]], [[505, 239]], [[504, 238]], [[504, 237]], [[503, 236]], [[502, 235]], [[501, 234]], [[500, 234]], [[499, 233]], [[498, 233]], [[497, 233]], [[496, 233]], [[495, 233]], [[494, 233]], [[493, 233]], [[492, 233]], [[491, 232]], [[490, 232]], [[489, 231]], [[488, 230]], [[487, 230]], [[486, 230]], [[485, 229]], [[484, 229]], [[483, 229]], [[482, 229]], [[482, 230]], [[481, 231]], [[480, 231]], [[479, 232]], [[478, 233]], [[477, 232]], [[476, 231]], [[475, 230]], [[474, 229]], [[474, 228]], [[473, 227]], [[472, 226]], [[472, 225]], [[471, 224]], [[470, 223]], [[470, 222]], [[469, 221]], [[468, 220]], [[467, 219]], [[467, 218]], [[466, 217]], [[466, 216]], [[466, 215]], [[465, 214]], [[464, 214]], [[463, 214]], [[462, 213]], [[461, 213]], [[460, 213]], [[459, 212]], [[458, 212]], [[457, 212]], [[456, 212]], [[455, 211]], [[454, 210]], [[454, 209]], [[454, 208]], [[453, 207]], [[452, 206]], [[451, 206]], [[450, 206]], [[449, 206]], [[448, 206]], [[447, 206]], [[446, 206]], [[445, 206]], [[444, 206]]]",[[]],[]
126,126,"[[[326, 206]], [[325, 207]], [[324, 207]], [[323, 208]], [[322, 208]], [[321, 208]], [[320, 209]], [[319, 209]], [[318, 210]], [[318, 211]], [[317, 212]], [[316, 213]], [[315, 213]], [[314, 214]], [[315, 214]], [[316, 214]], [[317, 214]], [[318, 215]], [[318, 216]], [[318, 217]], [[318, 218]], [[317, 219]], [[316, 220]], [[315, 220]], [[316, 220]], [[317, 221]], [[317, 222]], [[317, 223]], [[316, 224]], [[316, 225]], [[317, 226]], [[318, 227]], [[319, 227]], [[320, 228]], [[321, 228]], [[322, 228]], [[323, 228]], [[324, 227]], [[325, 227]], [[325, 226]], [[326, 225]], [[327, 224]], [[328, 223]], [[329, 222]], [[329, 221]], [[330, 220]], [[331, 219]], [[332, 218]], [[332, 217]], [[332, 216]], [[332, 215]], [[332, 214]], [[333, 213]], [[332, 212]], [[332, 211]], [[331, 210]], [[330, 209]], [[329, 208]], [[328, 207]], [[327, 206]]]","[[[[319, 200], [320, 201], [321, 202], [322, 202], [323, 203], [324, 204], [325, 205], [326, 205], [327, 205], [328, 206], [329, 207], [330, 208], [331, 209], [332, 210], [333, 210], [334, 211], [333, 212], [334, 213], [333, 214], [333, 215], [333, 216], [334, 215], [334, 214], [335, 213], [336, 212], [337, 211], [338, 212], [338, 213], [338, 214], [338, 215], [338, 216], [339, 217], [340, 217], [340, 216], [340, 215], [340, 214], [341, 213], [341, 212], [342, 211], [342, 210], [342, 209], [342, 208], [341, 207], [340, 206], [339, 206], [338, 206], [338, 207], [339, 208], [338, 209], [338, 210], [337, 211], [336, 210], [335, 209], [334, 208], [333, 208], [332, 208], [331, 208], [330, 207], [330, 206], [329, 206], [328, 205], [327, 205], [326, 204], [326, 203], [325, 202], [324, 201], [323, 200], [322, 200], [321, 200], [320, 200]]], []]","[199, []]"
127,127,"[[[83, 202]], [[82, 203]], [[81, 204]], [[80, 204]], [[79, 204]], [[78, 205]], [[77, 205]], [[76, 206]], [[76, 207]], [[76, 208]], [[77, 209]], [[78, 210]], [[79, 210]], [[80, 211]], [[81, 212]], [[82, 213]], [[83, 214]], [[83, 215]], [[83, 216]], [[84, 216]], [[85, 217]], [[86, 218]], [[86, 219]], [[86, 220]], [[87, 220]], [[88, 221]], [[89, 221]], [[90, 220]], [[91, 220]], [[92, 220]], [[93, 220]], [[94, 220]], [[95, 219]], [[96, 218]], [[97, 217]], [[97, 216]], [[97, 215]], [[97, 214]], [[97, 213]], [[97, 212]], [[96, 212]], [[95, 211]], [[94, 210]], [[93, 209]], [[92, 208]], [[92, 207]], [[91, 206]], [[90, 205]], [[89, 204]], [[88, 203]], [[87, 202]], [[86, 202]], [[85, 202]], [[84, 202]]]",[[]],[]
128,128,"[[[751, 191]], [[751, 192]], [[750, 193]], [[749, 194]], [[748, 195]], [[748, 196]], [[747, 197]], [[746, 197]], [[745, 197]], [[744, 197]], [[743, 198]], [[742, 198]], [[741, 198]], [[740, 199]], [[739, 200]], [[739, 201]], [[739, 202]], [[739, 203]], [[739, 204]], [[740, 205]], [[741, 205]], [[742, 205]], [[743, 205]], [[744, 205]], [[745, 205]], [[746, 205]], [[747, 205]], [[748, 205]], [[749, 205]], [[750, 206]], [[751, 206]], [[752, 206]], [[753, 206]], [[753, 205]], [[753, 204]], [[753, 203]], [[752, 202]], [[753, 201]], [[754, 200]], [[755, 200]], [[756, 199]], [[756, 198]], [[756, 197]], [[755, 196]], [[755, 195]], [[754, 194]], [[753, 193]], [[752, 192]], [[752, 191]]]",[],[]
129,129,"[[[658, 179]], [[657, 180]], [[656, 180]], [[655, 180]], [[654, 181]], [[653, 181]], [[652, 182]], [[652, 183]], [[651, 184]], [[651, 185]], [[651, 186]], [[650, 187]], [[650, 188]], [[651, 189]], [[652, 189]], [[653, 189]], [[654, 189]], [[655, 189]], [[656, 189]], [[657, 189]], [[658, 189]], [[658, 188]], [[659, 187]], [[660, 187]], [[661, 186]], [[662, 187]], [[662, 186]], [[662, 185]], [[661, 184]], [[661, 183]], [[660, 182]], [[661, 181]], [[660, 180]], [[659, 179]]]",[[]],[]
130,130,"[[[605, 172]], [[604, 173]], [[604, 174]], [[603, 175]], [[603, 176]], [[602, 177]], [[601, 178]], [[600, 178]], [[599, 178]], [[598, 178]], [[597, 177]], [[596, 177]], [[595, 176]], [[594, 176]], [[593, 177]], [[592, 177]], [[591, 177]], [[590, 177]], [[589, 176]], [[588, 176]], [[587, 175]], [[587, 176]], [[587, 177]], [[586, 178]], [[585, 177]], [[585, 176]], [[585, 175]], [[584, 174]], [[584, 173]], [[584, 174]], [[584, 175]], [[585, 176]], [[584, 177]], [[585, 177]], [[586, 178]], [[586, 179]], [[586, 180]], [[586, 181]], [[586, 182]], [[586, 183]], [[587, 184]], [[587, 185]], [[587, 186]], [[587, 187]], [[587, 188]], [[588, 189]], [[588, 190]], [[588, 191]], [[588, 192]], [[588, 193]], [[588, 194]], [[589, 195]], [[589, 196]], [[589, 197]], [[589, 198]], [[590, 199]], [[590, 200]], [[590, 201]], [[590, 202]], [[590, 203]], [[591, 203]], [[592, 204]], [[593, 204]], [[594, 204]], [[595, 205]], [[596, 204]], [[597, 204]], [[598, 204]], [[599, 203]], [[600, 203]], [[601, 202]], [[602, 202]], [[603, 201]], [[604, 200]], [[604, 199]], [[605, 198]], [[605, 197]], [[606, 196]], [[607, 195]], [[608, 194]], [[608, 193]], [[609, 192]], [[610, 191]], [[611, 191]], [[611, 190]], [[612, 189]], [[613, 188]], [[613, 187]], [[613, 186]], [[612, 185]], [[612, 184]], [[612, 183]], [[611, 182]], [[611, 181]], [[610, 180]], [[610, 179]], [[610, 178]], [[610, 177]], [[609, 176]], [[608, 175]], [[607, 174]], [[607, 173]], [[606, 172]]]","[[], [[[589, 199], [589, 200], [589, 201], [588, 202], [587, 203], [588, 204], [589, 205], [590, 206], [590, 207], [591, 208], [591, 209], [591, 210], [591, 211], [592, 212], [592, 213], [593, 212], [592, 211], [592, 210], [592, 209], [593, 208], [594, 208], [594, 207], [594, 206], [594, 205], [593, 205], [592, 205], [591, 204], [590, 204], [589, 203], [589, 202], [589, 201], [589, 200]]], [[[608, 158], [608, 159], [608, 160], [609, 161], [609, 162], [609, 163], [609, 164], [609, 165], [610, 166], [610, 167], [610, 168], [609, 169], [609, 170], [608, 171], [608, 172], [608, 173], [609, 174], [610, 175], [611, 176], [611, 177], [611, 178], [611, 179], [612, 180], [612, 181], [612, 182], [613, 183], [613, 184], [613, 185], [614, 186], [614, 187], [614, 188], [615, 187], [616, 186], [616, 185], [617, 184], [617, 183], [616, 182], [615, 181], [615, 180], [614, 179], [614, 178], [613, 177], [613, 176], [613, 175], [612, 174], [612, 173], [612, 172], [612, 171], [612, 170], [612, 169], [612, 168], [611, 167], [611, 166], [610, 165], [610, 164], [610, 163], [610, 162], [610, 161], [610, 160], [610, 159], [609, 159]]]]","[[], 200, 201]"
131,131,"[[[189, 169]], [[188, 170]], [[187, 170]], [[186, 171]], [[185, 172]], [[184, 173]], [[183, 173]], [[183, 174]], [[182, 175]], [[181, 176]], [[180, 177]], [[179, 178]], [[178, 178]], [[177, 178]], [[176, 179]], [[175, 180]], [[174, 181]], [[173, 182]], [[172, 182]], [[171, 183]], [[170, 184]], [[170, 185]], [[170, 186]], [[169, 187]], [[169, 188]], [[169, 189]], [[168, 190]], [[168, 191]], [[167, 192]], [[167, 193]], [[167, 194]], [[167, 195]], [[167, 196]], [[167, 197]], [[167, 198]], [[168, 199]], [[168, 200]], [[168, 201]], [[169, 202]], [[169, 203]], [[170, 204]], [[171, 205]], [[171, 206]], [[172, 207]], [[172, 208]], [[172, 209]], [[173, 210]], [[173, 211]], [[174, 212]], [[174, 213]], [[175, 213]], [[176, 213]], [[177, 214]], [[178, 215]], [[178, 216]], [[179, 217]], [[180, 218]], [[180, 219]], [[180, 220]], [[180, 221]], [[180, 222]], [[180, 223]], [[180, 224]], [[180, 225]], [[181, 226]], [[182, 227]], [[182, 228]], [[181, 229]], [[182, 230]], [[182, 231]], [[182, 232]], [[183, 233]], [[183, 234]], [[183, 235]], [[183, 236]], [[184, 236]], [[185, 237]], [[186, 237]], [[187, 238]], [[188, 238]], [[189, 238]], [[190, 238]], [[191, 238]], [[192, 239]], [[193, 240]], [[194, 241]], [[194, 242]], [[194, 243]], [[194, 244]], [[194, 245]], [[194, 246]], [[194, 247]], [[195, 248]], [[196, 248]], [[197, 248]], [[198, 248]], [[199, 247]], [[200, 247]], [[201, 247]], [[202, 246]], [[203, 246]], [[204, 245]], [[205, 245]], [[206, 244]], [[207, 244]], [[208, 245]], [[208, 246]], [[209, 246]], [[210, 246]], [[211, 247]], [[212, 247]], [[213, 246]], [[214, 246]], [[214, 245]], [[215, 244]], [[216, 244]], [[217, 243]], [[218, 243]], [[219, 243]], [[220, 242]], [[221, 241]], [[222, 240]], [[222, 239]], [[222, 238]], [[222, 237]], [[222, 236]], [[222, 235]], [[223, 234]], [[224, 234]], [[225, 234]], [[226, 234]], [[227, 233]], [[228, 233]], [[229, 233]], [[229, 232]], [[230, 231]], [[231, 230]], [[231, 229]], [[232, 228]], [[232, 227]], [[233, 226]], [[233, 225]], [[233, 224]], [[233, 223]], [[232, 222]], [[232, 221]], [[232, 220]], [[232, 219]], [[232, 218]], [[233, 217]], [[234, 217]], [[235, 216]], [[236, 215]], [[237, 214]], [[238, 213]], [[239, 212]], [[239, 211]], [[240, 210]], [[240, 209]], [[241, 208]], [[241, 207]], [[241, 206]], [[241, 205]], [[241, 204]], [[241, 203]], [[241, 202]], [[240, 201]], [[240, 200]], [[240, 199]], [[240, 198]], [[239, 197]], [[239, 196]], [[238, 195]], [[238, 194]], [[238, 193]], [[238, 192]], [[237, 191]], [[237, 190]], [[237, 189]], [[237, 188]], [[237, 187]], [[236, 186]], [[235, 185]], [[234, 184]], [[234, 183]], [[233, 182]], [[233, 181]], [[233, 180]], [[233, 179]], [[232, 178]], [[231, 177]], [[231, 176]], [[230, 176]], [[229, 175]], [[228, 174]], [[227, 174]], [[226, 173]], [[225, 172]], [[224, 172]], [[223, 171]], [[222, 170]], [[221, 170]], [[220, 170]], [[219, 169]], [[218, 169]], [[217, 169]], [[216, 169]], [[215, 169]], [[214, 169]], [[213, 170]], [[212, 170]], [[211, 170]], [[210, 170]], [[210, 171]], [[209, 172]], [[208, 173]], [[207, 173]], [[206, 173]], [[205, 174]], [[204, 173]], [[203, 173]], [[202, 172]], [[201, 172]], [[200, 172]], [[199, 171]], [[198, 171]], [[197, 171]], [[196, 170]], [[195, 170]], [[194, 171]], [[193, 171]], [[192, 171]], [[191, 170]], [[190, 170]]]","[[], [[[193, 248], [193, 249], [193, 250], [193, 251], [194, 252], [195, 252], [196, 252], [197, 253], [198, 253], [199, 253], [200, 252], [201, 253], [202, 253], [203, 253], [204, 253], [205, 252], [206, 251], [207, 250], [208, 250], [209, 250], [210, 251], [211, 251], [212, 251], [213, 251], [214, 250], [214, 249], [213, 249], [212, 249], [211, 248], [210, 248], [209, 248], [208, 248], [207, 248], [206, 249], [205, 250], [204, 251], [203, 251], [202, 251], [201, 251], [200, 252], [199, 252], [198, 252], [197, 251], [196, 250], [195, 250], [194, 249]]], [[[222, 241], [221, 242], [220, 243], [219, 244], [218, 244], [217, 244], [216, 245], [215, 245], [215, 246], [215, 247], [216, 247], [217, 247], [218, 248], [219, 248], [219, 247], [219, 246], [220, 245], [221, 245], [222, 244], [223, 243], [224, 243], [225, 243], [226, 243], [227, 244], [228, 245], [229, 246], [230, 246], [231, 245], [232, 245], [232, 244], [232, 243], [232, 242], [231, 242], [230, 243], [229, 243], [228, 243], [227, 242], [226, 242], [225, 241], [224, 241], [223, 241]]], [[[227, 172], [227, 173], [228, 173], [229, 174], [230, 175], [231, 175], [232, 176], [232, 177], [233, 177], [234, 178], [234, 179], [234, 180], [234, 181], [234, 182], [235, 183], [235, 184], [236, 184], [237, 184], [238, 184], [239, 184], [239, 183], [239, 182], [238, 182], [237, 181], [236, 180], [236, 179], [235, 180], [234, 179], [234, 178], [233, 177], [233, 176], [233, 175], [233, 174], [233, 173], [232, 173], [231, 174], [230, 174], [229, 174], [228, 173]]]]","[[], 189, 203, 204]"
132,132,"[[[46, 146]], [[45, 147]], [[44, 147]], [[43, 147]], [[43, 148]], [[42, 149]], [[42, 150]], [[41, 151]], [[40, 152]], [[40, 153]], [[40, 154]], [[39, 155]], [[39, 156]], [[39, 157]], [[39, 158]], [[39, 159]], [[39, 160]], [[39, 161]], [[38, 162]], [[37, 163]], [[38, 164]], [[39, 165]], [[39, 166]], [[39, 167]], [[39, 168]], [[40, 168]], [[41, 169]], [[41, 170]], [[42, 171]], [[43, 172]], [[44, 173]], [[45, 173]], [[46, 173]], [[47, 173]], [[48, 173]], [[49, 173]], [[50, 173]], [[51, 172]], [[52, 171]], [[53, 171]], [[54, 171]], [[55, 171]], [[56, 171]], [[57, 171]], [[58, 170]], [[59, 170]], [[59, 169]], [[60, 168]], [[61, 167]], [[62, 166]], [[62, 165]], [[62, 164]], [[62, 163]], [[62, 162]], [[62, 161]], [[61, 160]], [[61, 159]], [[60, 158]], [[59, 157]], [[59, 156]], [[58, 155]], [[57, 154]], [[56, 153]], [[55, 152]], [[54, 151]], [[53, 150]], [[53, 149]], [[52, 148]], [[51, 147]], [[50, 147]], [[49, 147]], [[48, 146]], [[47, 146]]]","[[[[41, 136], [41, 137], [42, 138], [43, 139], [43, 140], [42, 141], [41, 142], [40, 142], [39, 143], [38, 143], [37, 144], [37, 145], [38, 145], [39, 145], [40, 146], [39, 147], [38, 147], [38, 148], [38, 149], [39, 150], [39, 149], [40, 148], [41, 148], [42, 148], [42, 147], [43, 146], [44, 146], [45, 146], [46, 145], [47, 145], [48, 145], [49, 146], [50, 146], [51, 146], [52, 147], [53, 148], [54, 149], [54, 150], [55, 151], [56, 152], [57, 153], [57, 152], [56, 151], [56, 150], [55, 149], [54, 148], [54, 147], [53, 147], [52, 146], [52, 145], [52, 144], [52, 143], [53, 142], [54, 142], [54, 141], [53, 142], [52, 142], [51, 142], [50, 141], [49, 140], [49, 139], [48, 139], [47, 139], [46, 139], [45, 138], [44, 138], [43, 138], [42, 137]]], [[[37, 153], [37, 154], [38, 155], [37, 156], [36, 157], [35, 157], [34, 156], [33, 156], [32, 157], [32, 158], [33, 159], [34, 158], [35, 159], [35, 160], [35, 161], [36, 162], [36, 163], [37, 162], [38, 161], [38, 160], [38, 159], [38, 158], [38, 157], [38, 156], [38, 155], [38, 154], [38, 153]]], []]","[205, 206, []]"
133,133,"[[[682, 136]], [[681, 137]], [[680, 138]], [[680, 139]], [[680, 140]], [[680, 141]], [[680, 142]], [[680, 143]], [[680, 144]], [[680, 145]], [[680, 146]], [[679, 147]], [[678, 148]], [[677, 149]], [[676, 149]], [[675, 149]], [[674, 148]], [[673, 148]], [[672, 147]], [[671, 147]], [[670, 147]], [[669, 147]], [[668, 147]], [[667, 146]], [[666, 145]], [[665, 144]], [[664, 144]], [[663, 143]], [[663, 142]], [[662, 141]], [[662, 140]], [[661, 139]], [[660, 138]], [[659, 139]], [[658, 139]], [[658, 140]], [[657, 141]], [[657, 142]], [[656, 143]], [[656, 144]], [[655, 145]], [[655, 146]], [[655, 147]], [[656, 148]], [[656, 149]], [[656, 150]], [[656, 151]], [[656, 152]], [[657, 153]], [[657, 154]], [[658, 155]], [[658, 156]], [[658, 157]], [[658, 158]], [[659, 159]], [[659, 160]], [[659, 161]], [[659, 162]], [[659, 163]], [[658, 164]], [[659, 165]], [[658, 166]], [[658, 167]], [[658, 168]], [[659, 169]], [[659, 170]], [[660, 171]], [[660, 172]], [[661, 172]], [[662, 173]], [[663, 173]], [[664, 173]], [[665, 173]], [[666, 174]], [[667, 174]], [[668, 175]], [[668, 176]], [[669, 177]], [[670, 178]], [[670, 179]], [[671, 180]], [[672, 181]], [[673, 182]], [[674, 182]], [[675, 183]], [[676, 183]], [[677, 184]], [[678, 185]], [[679, 186]], [[680, 187]], [[681, 187]], [[682, 187]], [[683, 187]], [[684, 187]], [[685, 188]], [[686, 188]], [[687, 189]], [[688, 189]], [[689, 189]], [[690, 189]], [[691, 190]], [[692, 190]], [[693, 191]], [[694, 191]], [[695, 191]], [[696, 191]], [[697, 191]], [[698, 190]], [[699, 190]], [[700, 190]], [[701, 190]], [[702, 190]], [[703, 190]], [[704, 190]], [[705, 189]], [[706, 189]], [[707, 189]], [[708, 189]], [[709, 188]], [[710, 187]], [[711, 186]], [[711, 185]], [[712, 184]], [[713, 184]], [[714, 183]], [[715, 183]], [[716, 182]], [[717, 182]], [[718, 181]], [[719, 181]], [[720, 181]], [[721, 180]], [[722, 180]], [[723, 180]], [[724, 180]], [[725, 179]], [[726, 179]], [[727, 179]], [[728, 179]], [[729, 179]], [[730, 178]], [[731, 178]], [[732, 177]], [[733, 176]], [[734, 175]], [[734, 174]], [[735, 173]], [[735, 172]], [[736, 171]], [[736, 170]], [[737, 169]], [[738, 168]], [[738, 167]], [[739, 166]], [[739, 165]], [[739, 164]], [[740, 163]], [[740, 162]], [[740, 161]], [[740, 160]], [[740, 159]], [[740, 158]], [[739, 157]], [[739, 156]], [[739, 155]], [[739, 154]], [[740, 153]], [[741, 152]], [[740, 152]], [[740, 153]], [[739, 154]], [[738, 154]], [[737, 153]], [[736, 152]], [[735, 151]], [[734, 150]], [[733, 149]], [[732, 148]], [[731, 148]], [[730, 149]], [[729, 149]], [[728, 150]], [[727, 151]], [[726, 150]], [[725, 150]], [[724, 149]], [[724, 148]], [[723, 147]], [[722, 146]], [[721, 145]], [[720, 144]], [[720, 143]], [[719, 142]], [[718, 142]], [[717, 142]], [[716, 141]], [[715, 141]], [[714, 141]], [[713, 141]], [[712, 140]], [[711, 140]], [[710, 140]], [[709, 140]], [[708, 141]], [[707, 141]], [[706, 141]], [[705, 141]], [[704, 141]], [[703, 141]], [[702, 141]], [[701, 141]], [[700, 140]], [[699, 140]], [[698, 140]], [[697, 140]], [[696, 140]], [[695, 140]], [[694, 140]], [[693, 139]], [[692, 139]], [[691, 139]], [[690, 138]], [[689, 138]], [[688, 138]], [[687, 137]], [[686, 137]], [[685, 137]], [[684, 136]], [[683, 136]]]","[[], [[[748, 172], [747, 173], [746, 174], [745, 175], [744, 175], [743, 175], [742, 174], [742, 173], [742, 174], [741, 175], [741, 176], [740, 177], [739, 178], [738, 178], [737, 178], [736, 177], [735, 176], [734, 176], [734, 177], [733, 178], [732, 179], [733, 179], [734, 180], [735, 180], [736, 180], [737, 180], [738, 179], [739, 180], [740, 179], [741, 179], [742, 180], [743, 180], [744, 179], [745, 178], [746, 177], [747, 177], [748, 177], [749, 177], [749, 176], [749, 175], [748, 174], [748, 173]]], [[[744, 145], [744, 146], [743, 147], [742, 147], [741, 146], [740, 146], [739, 146], [739, 147], [738, 148], [737, 149], [737, 150], [736, 151], [737, 151], [738, 152], [738, 153], [739, 153], [740, 154], [740, 155], [740, 156], [741, 157], [742, 158], [743, 157], [743, 156], [742, 156], [741, 155], [740, 154], [739, 153], [739, 152], [740, 151], [740, 150], [741, 149], [742, 148], [743, 147], [744, 147], [745, 148], [746, 148], [747, 148], [748, 149], [748, 150], [749, 150], [750, 150], [750, 149], [749, 148], [748, 147], [747, 146], [746, 145], [745, 145]]]]","[[], 207, 208]"
134,134,"[[[218, 135]], [[218, 136]], [[219, 137]], [[219, 138]], [[220, 139]], [[220, 140]], [[219, 141]], [[219, 142]], [[219, 143]], [[219, 144]], [[220, 145]], [[221, 146]], [[222, 146]], [[223, 147]], [[224, 147]], [[225, 148]], [[226, 147]], [[227, 147]], [[228, 147]], [[229, 147]], [[230, 148]], [[230, 149]], [[231, 150]], [[231, 151]], [[232, 152]], [[232, 153]], [[233, 154]], [[233, 155]], [[234, 156]], [[235, 157]], [[236, 158]], [[236, 159]], [[236, 158]], [[236, 157]], [[237, 156]], [[238, 157]], [[238, 158]], [[239, 157]], [[240, 157]], [[241, 157]], [[242, 157]], [[243, 156]], [[244, 156]], [[245, 156]], [[246, 155]], [[246, 154]], [[247, 153]], [[248, 152]], [[248, 151]], [[249, 150]], [[250, 150]], [[250, 149]], [[249, 148]], [[248, 147]], [[247, 147]], [[246, 147]], [[245, 146]], [[245, 145]], [[244, 144]], [[244, 143]], [[243, 142]], [[243, 141]], [[242, 141]], [[241, 140]], [[240, 140]], [[239, 140]], [[238, 139]], [[237, 139]], [[236, 139]], [[235, 139]], [[234, 139]], [[233, 139]], [[232, 140]], [[231, 140]], [[230, 140]], [[229, 141]], [[228, 141]], [[227, 140]], [[226, 140]], [[225, 140]], [[224, 139]], [[223, 139]], [[222, 138]], [[221, 137]], [[222, 136]], [[221, 135]], [[220, 135]], [[219, 135]]]","[[[[221, 128], [220, 129], [219, 130], [218, 131], [217, 132], [216, 132], [215, 132], [214, 132], [213, 133], [212, 133], [211, 133], [211, 134], [211, 135], [212, 136], [213, 136], [214, 136], [215, 136], [216, 136], [217, 136], [217, 135], [218, 134], [219, 133], [220, 133], [221, 133], [222, 134], [223, 135], [223, 136], [223, 137], [223, 138], [224, 138], [225, 138], [226, 138], [225, 137], [224, 136], [224, 135], [223, 134], [223, 133], [223, 132], [223, 131], [222, 130], [222, 129], [222, 128]]], [[[218, 145], [217, 146], [217, 147], [218, 147], [219, 147], [220, 148], [219, 149], [218, 150], [217, 150], [216, 150], [215, 150], [214, 149], [214, 148], [214, 147], [213, 146], [212, 146], [211, 146], [211, 147], [211, 148], [210, 149], [209, 150], [210, 150], [211, 149], [212, 150], [212, 151], [213, 151], [214, 152], [215, 153], [216, 154], [217, 154], [218, 154], [219, 154], [220, 153], [220, 152], [220, 151], [221, 150], [222, 150], [223, 150], [224, 149], [225, 149], [226, 150], [227, 150], [228, 151], [229, 152], [230, 153], [230, 154], [231, 155], [232, 156], [232, 157], [233, 158], [233, 159], [233, 160], [234, 161], [235, 162], [235, 161], [235, 160], [235, 159], [235, 158], [234, 157], [233, 156], [232, 155], [232, 154], [231, 153], [231, 152], [230, 151], [230, 150], [229, 149], [228, 149], [227, 149], [226, 149], [225, 149], [224, 149], [223, 148], [222, 147], [221, 147], [220, 146], [219, 145]]], [], [[[254, 139], [253, 140], [252, 140], [251, 140], [250, 140], [250, 141], [250, 142], [250, 143], [250, 144], [250, 145], [250, 146], [250, 147], [251, 148], [252, 148], [253, 148], [254, 149], [255, 150], [256, 150], [257, 150], [256, 149], [256, 148], [256, 147], [256, 146], [256, 145], [256, 144], [257, 143], [258, 142], [259, 142], [260, 143], [260, 144], [260, 145], [261, 146], [261, 147], [261, 148], [262, 148], [263, 148], [264, 148], [264, 147], [264, 146], [264, 145], [264, 144], [265, 143], [266, 142], [267, 141], [268, 141], [269, 141], [270, 141], [271, 142], [272, 142], [273, 142], [273, 141], [272, 140], [271, 140], [270, 139], [269, 139], [268, 139], [267, 139], [266, 139], [265, 140], [264, 141], [263, 141], [262, 142], [261, 142], [260, 141], [259, 141], [258, 141], [257, 140], [256, 139], [255, 139]]]]","[209, 210, [], 211]"
135,135,"[[[535, 117]], [[534, 118]], [[534, 119]], [[533, 120]], [[532, 121]], [[531, 122]], [[531, 123]], [[530, 124]], [[530, 125]], [[530, 126]], [[529, 127]], [[529, 128]], [[529, 129]], [[529, 130]], [[529, 131]], [[528, 132]], [[528, 133]], [[529, 134]], [[529, 135]], [[529, 136]], [[528, 137]], [[527, 137]], [[526, 137]], [[525, 138]], [[524, 138]], [[523, 139]], [[522, 139]], [[521, 140]], [[520, 140]], [[520, 141]], [[519, 142]], [[518, 143]], [[517, 144]], [[516, 144]], [[517, 145]], [[518, 146]], [[519, 147]], [[519, 148]], [[519, 149]], [[519, 150]], [[518, 151]], [[518, 152]], [[519, 153]], [[520, 154]], [[520, 155]], [[519, 156]], [[519, 157]], [[519, 158]], [[518, 159]], [[518, 160]], [[517, 161]], [[517, 162]], [[516, 163]], [[515, 163]], [[515, 164]], [[515, 165]], [[514, 166]], [[514, 167]], [[515, 168]], [[515, 169]], [[515, 170]], [[516, 171]], [[517, 172]], [[518, 173]], [[518, 174]], [[518, 175]], [[518, 176]], [[519, 177]], [[520, 178]], [[519, 179]], [[519, 180]], [[519, 181]], [[519, 182]], [[519, 183]], [[520, 184]], [[521, 185]], [[522, 185]], [[523, 186]], [[523, 187]], [[523, 188]], [[523, 189]], [[523, 190]], [[523, 191]], [[523, 192]], [[523, 193]], [[523, 194]], [[524, 195]], [[525, 196]], [[526, 196]], [[527, 197]], [[527, 198]], [[528, 199]], [[528, 200]], [[529, 201]], [[529, 202]], [[530, 203]], [[531, 203]], [[532, 203]], [[533, 204]], [[534, 205]], [[535, 205]], [[536, 205]], [[537, 205]], [[538, 205]], [[539, 204]], [[540, 204]], [[541, 203]], [[542, 202]], [[543, 202]], [[544, 201]], [[545, 200]], [[546, 199]], [[547, 199]], [[548, 198]], [[549, 198]], [[550, 198]], [[551, 197]], [[552, 197]], [[553, 197]], [[554, 196]], [[555, 196]], [[556, 196]], [[557, 196]], [[558, 196]], [[559, 196]], [[559, 195]], [[559, 194]], [[560, 193]], [[560, 192]], [[561, 191]], [[562, 190]], [[563, 189]], [[564, 189]], [[565, 188]], [[566, 187]], [[567, 186]], [[568, 186]], [[569, 185]], [[570, 185]], [[571, 185]], [[572, 184]], [[573, 184]], [[574, 183]], [[575, 182]], [[575, 181]], [[576, 180]], [[576, 179]], [[576, 178]], [[577, 177]], [[577, 176]], [[577, 175]], [[577, 174]], [[577, 173]], [[578, 172]], [[577, 171]], [[577, 170]], [[577, 169]], [[576, 168]], [[575, 167]], [[575, 166]], [[574, 165]], [[573, 165]], [[572, 164]], [[571, 164]], [[570, 164]], [[569, 164]], [[568, 164]], [[567, 164]], [[566, 163]], [[565, 163]], [[564, 163]], [[563, 163]], [[562, 162]], [[562, 161]], [[561, 161]], [[560, 160]], [[559, 159]], [[558, 158]], [[558, 157]], [[558, 156]], [[559, 155]], [[560, 155]], [[559, 154]], [[558, 154]], [[558, 155]], [[557, 156]], [[556, 156]], [[555, 156]], [[554, 156]], [[553, 155]], [[552, 154]], [[552, 153]], [[553, 152]], [[553, 151]], [[554, 150]], [[554, 149]], [[554, 148]], [[554, 147]], [[554, 146]], [[554, 145]], [[555, 144]], [[556, 143]], [[557, 142]], [[556, 141]], [[557, 140]], [[558, 139]], [[559, 139]], [[560, 140]], [[560, 141]], [[560, 142]], [[560, 143]], [[561, 143]], [[562, 144]], [[562, 145]], [[563, 146]], [[564, 147]], [[565, 147]], [[566, 147]], [[567, 147]], [[568, 148]], [[568, 149]], [[569, 150]], [[569, 151]], [[570, 151]], [[571, 151]], [[572, 152]], [[572, 153]], [[572, 154]], [[571, 155]], [[570, 156]], [[570, 157]], [[571, 157]], [[572, 157]], [[573, 157]], [[573, 156]], [[573, 155]], [[574, 154]], [[575, 155]], [[576, 155]], [[577, 155]], [[578, 155]], [[579, 155]], [[580, 154]], [[581, 153]], [[582, 154]], [[582, 155]], [[583, 156]], [[583, 157]], [[583, 158]], [[584, 158]], [[585, 158]], [[586, 158]], [[587, 159]], [[588, 158]], [[589, 158]], [[590, 159]], [[591, 160]], [[592, 160]], [[593, 161]], [[593, 160]], [[594, 159]], [[595, 158]], [[596, 158]], [[597, 158]], [[598, 158]], [[599, 157]], [[600, 157]], [[601, 157]], [[601, 156]], [[601, 155]], [[602, 154]], [[603, 154]], [[604, 153]], [[605, 154]], [[606, 153]], [[606, 152]], [[605, 151]], [[604, 150]], [[605, 149]], [[604, 148]], [[604, 147]], [[603, 146]], [[602, 145]], [[602, 144]], [[602, 143]], [[603, 142]], [[603, 141]], [[604, 140]], [[605, 139]], [[605, 138]], [[605, 137]], [[605, 136]], [[606, 135]], [[605, 134]], [[605, 133]], [[605, 132]], [[604, 131]], [[603, 130]], [[602, 129]], [[601, 129]], [[600, 128]], [[599, 128]], [[598, 127]], [[597, 127]], [[596, 127]], [[596, 128]], [[595, 129]], [[595, 130]], [[594, 131]], [[593, 131]], [[592, 131]], [[591, 131]], [[590, 132]], [[589, 132]], [[588, 131]], [[588, 132]], [[587, 133]], [[586, 132]], [[585, 131]], [[585, 130]], [[584, 129]], [[583, 128]], [[582, 127]], [[581, 126]], [[580, 126]], [[579, 126]], [[578, 126]], [[577, 126]], [[576, 126]], [[575, 127]], [[574, 128]], [[574, 129]], [[573, 130]], [[573, 131]], [[572, 132]], [[571, 133]], [[570, 134]], [[569, 135]], [[568, 135]], [[567, 135]], [[566, 134]], [[565, 134]], [[564, 134]], [[563, 134]], [[562, 134]], [[561, 135]], [[560, 134]], [[560, 135]], [[561, 136]], [[560, 137]], [[560, 138]], [[559, 139]], [[558, 138]], [[557, 138]], [[556, 137]], [[556, 136]], [[555, 136]], [[554, 136]], [[553, 135]], [[552, 135]], [[551, 135]], [[550, 134]], [[549, 135]], [[548, 135]], [[547, 135]], [[546, 134]], [[546, 133]], [[546, 132]], [[547, 131]], [[546, 130]], [[546, 129]], [[546, 128]], [[545, 127]], [[545, 126]], [[545, 125]], [[544, 124]], [[543, 123]], [[543, 122]], [[542, 121]], [[542, 120]], [[542, 119]], [[541, 118]], [[540, 117]], [[539, 117]], [[538, 117]], [[537, 117]], [[536, 117]]]","[[[[535, 99], [534, 100], [533, 101], [532, 100], [531, 100], [530, 100], [529, 101], [528, 102], [527, 103], [526, 103], [525, 102], [524, 102], [523, 102], [522, 102], [521, 103], [520, 103], [519, 103], [518, 104], [517, 104], [516, 104], [515, 104], [514, 104], [513, 105], [514, 105], [515, 105], [516, 105], [517, 105], [518, 105], [519, 105], [520, 105], [521, 105], [522, 106], [523, 106], [524, 105], [525, 105], [526, 105], [527, 105], [528, 105], [529, 106], [529, 107], [530, 107], [531, 108], [532, 109], [533, 109], [534, 110], [534, 111], [534, 112], [534, 113], [534, 114], [533, 115], [532, 116], [531, 116], [530, 116], [529, 115], [528, 114], [527, 113], [527, 112], [527, 111], [527, 110], [527, 109], [526, 109], [525, 108], [525, 107], [525, 108], [524, 109], [524, 110], [523, 111], [522, 111], [521, 111], [520, 110], [520, 109], [520, 110], [519, 111], [518, 112], [519, 113], [519, 114], [519, 115], [519, 116], [520, 116], [521, 117], [522, 116], [523, 115], [524, 114], [525, 115], [525, 116], [526, 117], [526, 118], [526, 119], [526, 120], [526, 121], [527, 122], [527, 123], [527, 124], [527, 125], [527, 126], [527, 127], [527, 128], [526, 129], [525, 130], [524, 130], [523, 130], [522, 130], [521, 129], [522, 128], [522, 127], [522, 126], [521, 125], [520, 125], [519, 124], [518, 124], [517, 125], [516, 125], [515, 125], [514, 124], [513, 123], [512, 123], [511, 124], [510, 124], [509, 123], [508, 124], [509, 125], [509, 126], [510, 127], [510, 128], [511, 129], [511, 130], [512, 130], [512, 129], [512, 128], [512, 127], [513, 126], [514, 126], [515, 127], [516, 127], [517, 127], [518, 128], [518, 129], [519, 130], [520, 131], [520, 132], [520, 133], [520, 134], [519, 135], [518, 135], [518, 136], [517, 137], [516, 138], [515, 138], [514, 138], [514, 139], [513, 140], [514, 141], [514, 142], [514, 143], [514, 144], [514, 145], [515, 146], [515, 147], [516, 148], [516, 149], [516, 150], [516, 151], [516, 152], [516, 153], [516, 154], [516, 155], [517, 156], [517, 157], [517, 158], [516, 159], [516, 160], [515, 161], [515, 162], [516, 162], [516, 161], [517, 160], [517, 159], [518, 158], [518, 157], [518, 156], [519, 155], [519, 154], [518, 153], [517, 152], [517, 151], [518, 150], [518, 149], [518, 148], [518, 147], [517, 146], [516, 145], [515, 144], [516, 143], [516, 142], [517, 141], [517, 140], [517, 139], [518, 138], [519, 139], [520, 139], [521, 139], [522, 138], [521, 137], [520, 136], [520, 135], [521, 134], [521, 133], [521, 132], [521, 131], [522, 130], [523, 130], [524, 131], [525, 132], [526, 132], [527, 133], [527, 132], [528, 131], [528, 130], [528, 129], [528, 128], [528, 127], [529, 126], [529, 125], [529, 124], [530, 123], [530, 122], [531, 121], [532, 120], [533, 119], [533, 118], [534, 117], [535, 116], [536, 116], [537, 116], [538, 116], [539, 116], [540, 116], [541, 117], [542, 118], [543, 119], [543, 120], [543, 121], [544, 122], [545, 122], [545, 121], [544, 121], [543, 120], [543, 119], [543, 118], [542, 117], [541, 116], [541, 115], [541, 114], [541, 113], [540, 112], [539, 112], [538, 112], [537, 112], [536, 112], [535, 111], [535, 110], [536, 109], [537, 110], [538, 109], [539, 109], [539, 108], [539, 107], [539, 106], [539, 105], [538, 104], [537, 103], [536, 102], [535, 101], [535, 100]]], [[[507, 160], [506, 161], [505, 162], [504, 163], [503, 163], [502, 164], [501, 165], [500, 165], [500, 166], [501, 166], [502, 166], [503, 166], [504, 165], [505, 164], [505, 163], [506, 162], [507, 161], [508, 161], [509, 162], [510, 163], [510, 164], [511, 164], [512, 165], [513, 166], [513, 167], [513, 168], [513, 169], [514, 168], [513, 167], [513, 166], [514, 165], [514, 164], [513, 164], [512, 164], [511, 163], [510, 162], [510, 161], [510, 160], [509, 160], [508, 160]]], [[[514, 172], [513, 173], [512, 173], [511, 174], [510, 175], [509, 176], [508, 176], [507, 176], [506, 177], [505, 178], [506, 179], [505, 180], [504, 181], [503, 182], [504, 182], [505, 182], [506, 182], [507, 183], [507, 184], [508, 185], [508, 184], [507, 183], [507, 182], [507, 181], [507, 180], [506, 179], [506, 178], [507, 177], [508, 177], [509, 177], [510, 177], [511, 177], [511, 176], [512, 175], [513, 174], [514, 174], [515, 175], [515, 176], [516, 177], [516, 178], [516, 179], [516, 180], [517, 181], [518, 180], [518, 179], [517, 178], [517, 177], [517, 176], [517, 175], [517, 174], [517, 173], [516, 172], [515, 172]]], [], [[[555, 146], [555, 147], [555, 148], [555, 149], [555, 150], [554, 151], [554, 152], [553, 153], [553, 154], [554, 155], [555, 155], [556, 155], [557, 155], [557, 154], [558, 153], [559, 153], [560, 154], [561, 154], [562, 154], [563, 155], [564, 155], [565, 156], [565, 157], [564, 158], [563, 158], [562, 157], [561, 156], [560, 156], [559, 156], [559, 157], [559, 158], [560, 159], [561, 160], [562, 160], [563, 161], [563, 162], [564, 162], [565, 162], [566, 162], [566, 161], [565, 161], [564, 160], [565, 159], [565, 158], [565, 157], [565, 156], [566, 155], [567, 154], [568, 153], [568, 152], [568, 151], [568, 150], [567, 149], [567, 148], [566, 148], [566, 149], [566, 150], [565, 151], [564, 150], [563, 150], [562, 149], [561, 149], [560, 148], [559, 148], [558, 148], [557, 147], [556, 147]]], [[[553, 117], [553, 118], [554, 119], [554, 120], [553, 121], [552, 121], [551, 121], [550, 121], [550, 122], [550, 123], [549, 124], [548, 124], [547, 125], [546, 125], [546, 126], [546, 127], [547, 128], [548, 129], [549, 129], [550, 130], [550, 131], [550, 132], [549, 133], [548, 133], [547, 134], [548, 134], [549, 134], [550, 133], [551, 134], [552, 134], [553, 134], [554, 135], [555, 135], [556, 135], [557, 136], [557, 137], [558, 137], [559, 138], [559, 137], [560, 136], [559, 135], [559, 134], [560, 133], [561, 134], [562, 133], [563, 133], [564, 133], [565, 133], [566, 133], [567, 134], [568, 134], [569, 134], [570, 133], [571, 132], [572, 131], [572, 130], [573, 129], [573, 128], [574, 127], [575, 126], [576, 125], [575, 125], [574, 125], [573, 126], [572, 127], [571, 128], [570, 129], [569, 129], [568, 129], [567, 130], [566, 130], [565, 131], [564, 131], [563, 132], [562, 132], [561, 132], [560, 132], [559, 132], [558, 133], [559, 134], [558, 135], [557, 136], [556, 135], [556, 134], [556, 133], [555, 132], [556, 131], [557, 130], [558, 130], [558, 129], [557, 129], [556, 128], [556, 127], [556, 126], [557, 125], [558, 125], [559, 124], [558, 123], [558, 122], [557, 121], [557, 120], [557, 119], [557, 118], [556, 118], [555, 117], [554, 117]]], [[[591, 107], [591, 108], [592, 109], [592, 110], [592, 111], [592, 112], [591, 113], [590, 113], [589, 112], [588, 112], [587, 113], [588, 113], [589, 114], [590, 115], [591, 116], [591, 117], [592, 118], [592, 119], [593, 120], [593, 121], [593, 122], [594, 123], [594, 124], [594, 125], [595, 126], [596, 126], [597, 126], [598, 126], [599, 126], [600, 126], [601, 127], [601, 128], [602, 128], [603, 129], [604, 130], [605, 131], [606, 132], [606, 131], [606, 130], [607, 129], [608, 129], [608, 128], [607, 127], [606, 126], [605, 125], [605, 124], [604, 124], [603, 124], [602, 125], [601, 125], [600, 124], [600, 123], [599, 123], [598, 122], [597, 121], [596, 120], [595, 119], [595, 118], [594, 118], [593, 117], [592, 116], [592, 115], [592, 114], [593, 113], [594, 113], [595, 112], [596, 113], [596, 114], [597, 114], [598, 115], [597, 116], [597, 117], [598, 117], [599, 116], [600, 116], [601, 116], [602, 115], [603, 115], [603, 114], [602, 113], [601, 113], [600, 113], [599, 113], [598, 113], [597, 113], [596, 112], [595, 112], [594, 111], [594, 110], [593, 109], [593, 108], [592, 107]]], [[[580, 111], [580, 112], [581, 113], [581, 114], [580, 115], [579, 115], [578, 115], [577, 114], [576, 114], [575, 114], [574, 113], [573, 114], [573, 115], [573, 116], [572, 117], [572, 118], [571, 119], [570, 120], [569, 121], [569, 122], [569, 123], [569, 124], [570, 124], [570, 123], [571, 122], [572, 121], [573, 120], [574, 119], [575, 118], [576, 118], [577, 118], [578, 119], [578, 120], [578, 121], [578, 122], [578, 123], [578, 124], [579, 124], [580, 123], [581, 124], [581, 125], [582, 125], [583, 126], [583, 127], [584, 128], [585, 129], [586, 130], [586, 131], [587, 132], [587, 131], [587, 130], [586, 129], [587, 128], [586, 127], [586, 126], [586, 125], [585, 124], [584, 124], [583, 123], [582, 122], [581, 121], [580, 120], [579, 120], [578, 119], [578, 118], [579, 117], [580, 117], [581, 118], [582, 118], [583, 117], [583, 116], [583, 115], [583, 114], [583, 113], [582, 112], [581, 111]], [[591, 107], [591, 108], [592, 109], [592, 110], [592, 111], [592, 112], [591, 113], [590, 113], [589, 112], [588, 112], [587, 113], [588, 113], [589, 114], [590, 115], [591, 116], [591, 117], [592, 118], [592, 119], [593, 120], [593, 121], [593, 122], [594, 123], [594, 124], [594, 125], [595, 126], [596, 126], [597, 126], [598, 126], [599, 126], [600, 126], [601, 127], [601, 128], [602, 128], [603, 129], [604, 130], [605, 131], [606, 132], [606, 131], [606, 130], [607, 129], [608, 129], [608, 128], [607, 127], [606, 126], [605, 125], [605, 124], [604, 124], [603, 124], [602, 125], [601, 125], [600, 124], [600, 123], [599, 123], [598, 122], [597, 121], [596, 120], [595, 119], [595, 118], [594, 118], [593, 117], [592, 116], [592, 115], [592, 114], [593, 113], [594, 113], [595, 112], [596, 113], [596, 114], [597, 114], [598, 115], [597, 116], [597, 117], [598, 117], [599, 116], [600, 116], [601, 116], [602, 115], [603, 115], [603, 114], [602, 113], [601, 113], [600, 113], [599, 113], [598, 113], [597, 113], [596, 112], [595, 112], [594, 111], [594, 110], [593, 109], [593, 108], [592, 107]]], [[[580, 111], [580, 112], [581, 113], [581, 114], [580, 115], [579, 115], [578, 115], [577, 114], [576, 114], [575, 114], [574, 113], [573, 114], [573, 115], [573, 116], [572, 117], [572, 118], [571, 119], [570, 120], [569, 121], [569, 122], [569, 123], [569, 124], [570, 124], [570, 123], [571, 122], [572, 121], [573, 120], [574, 119], [575, 118], [576, 118], [577, 118], [578, 119], [578, 120], [578, 121], [578, 122], [578, 123], [578, 124], [579, 124], [580, 123], [581, 124], [581, 125], [582, 125], [583, 126], [583, 127], [584, 128], [585, 129], [586, 130], [586, 131], [587, 132], [587, 131], [587, 130], [586, 129], [587, 128], [586, 127], [586, 126], [586, 125], [585, 124], [584, 124], [583, 123], [582, 122], [581, 121], [580, 120], [579, 120], [578, 119], [578, 118], [579, 117], [580, 117], [581, 118], [582, 118], [583, 117], [583, 116], [583, 115], [583, 114], [583, 113], [582, 112], [581, 111]]], [[[553, 117], [553, 118], [554, 119], [554, 120], [553, 121], [552, 121], [551, 121], [550, 121], [550, 122], [550, 123], [549, 124], [548, 124], [547, 125], [546, 125], [546, 126], [546, 127], [547, 128], [548, 129], [549, 129], [550, 130], [550, 131], [550, 132], [549, 133], [548, 133], [547, 134], [548, 134], [549, 134], [550, 133], [551, 134], [552, 134], [553, 134], [554, 135], [555, 135], [556, 135], [557, 136], [557, 137], [558, 137], [559, 138], [559, 137], [560, 136], [559, 135], [559, 134], [560, 133], [561, 134], [562, 133], [563, 133], [564, 133], [565, 133], [566, 133], [567, 134], [568, 134], [569, 134], [570, 133], [571, 132], [572, 131], [572, 130], [573, 129], [573, 128], [574, 127], [575, 126], [576, 125], [575, 125], [574, 125], [573, 126], [572, 127], [571, 128], [570, 129], [569, 129], [568, 129], [567, 130], [566, 130], [565, 131], [564, 131], [563, 132], [562, 132], [561, 132], [560, 132], [559, 132], [558, 133], [559, 134], [558, 135], [557, 136], [556, 135], [556, 134], [556, 133], [555, 132], [556, 131], [557, 130], [558, 130], [558, 129], [557, 129], [556, 128], [556, 127], [556, 126], [557, 125], [558, 125], [559, 124], [558, 123], [558, 122], [557, 121], [557, 120], [557, 119], [557, 118], [556, 118], [555, 117], [554, 117]], [[580, 111], [580, 112], [581, 113], [581, 114], [580, 115], [579, 115], [578, 115], [577, 114], [576, 114], [575, 114], [574, 113], [573, 114], [573, 115], [573, 116], [572, 117], [572, 118], [571, 119], [570, 120], [569, 121], [569, 122], [569, 123], [569, 124], [570, 124], [570, 123], [571, 122], [572, 121], [573, 120], [574, 119], [575, 118], [576, 118], [577, 118], [578, 119], [578, 120], [578, 121], [578, 122], [578, 123], [578, 124], [579, 124], [580, 123], [581, 124], [581, 125], [582, 125], [583, 126], [583, 127], [584, 128], [585, 129], [586, 130], [586, 131], [587, 132], [587, 131], [587, 130], [586, 129], [587, 128], [586, 127], [586, 126], [586, 125], [585, 124], [584, 124], [583, 123], [582, 122], [581, 121], [580, 120], [579, 120], [578, 119], [578, 118], [579, 117], [580, 117], [581, 118], [582, 118], [583, 117], [583, 116], [583, 115], [583, 114], [583, 113], [582, 112], [581, 111]]]]","[212, 213, 214, [], 215, 216, 217, 218, 219, 220]"
136,136,"[[[252, 111]], [[251, 112]], [[250, 112]], [[249, 112]], [[248, 113]], [[248, 114]], [[247, 115]], [[246, 115]], [[245, 116]], [[245, 117]], [[245, 118]], [[244, 119]], [[244, 120]], [[244, 121]], [[245, 122]], [[245, 123]], [[244, 124]], [[244, 125]], [[244, 126]], [[245, 126]], [[246, 126]], [[247, 127]], [[248, 127]], [[249, 127]], [[250, 128]], [[250, 129]], [[251, 130]], [[252, 131]], [[253, 132]], [[253, 133]], [[254, 134]], [[254, 135]], [[254, 136]], [[254, 137]], [[255, 138]], [[256, 138]], [[257, 139]], [[258, 140]], [[259, 140]], [[260, 140]], [[261, 140]], [[262, 140]], [[262, 139]], [[262, 138]], [[262, 137]], [[262, 136]], [[262, 135]], [[263, 134]], [[264, 133]], [[264, 132]], [[263, 132]], [[262, 131]], [[263, 130]], [[263, 129]], [[263, 128]], [[263, 127]], [[263, 126]], [[263, 125]], [[263, 124]], [[264, 123]], [[264, 122]], [[265, 121]], [[265, 120]], [[265, 119]], [[265, 118]], [[265, 117]], [[264, 116]], [[264, 115]], [[264, 114]], [[263, 114]], [[262, 113]], [[261, 113]], [[260, 113]], [[259, 113]], [[258, 113]], [[257, 112]], [[256, 112]], [[255, 111]], [[254, 111]], [[253, 111]]]","[[], [[[254, 139], [253, 140], [252, 140], [251, 140], [250, 140], [250, 141], [250, 142], [250, 143], [250, 144], [250, 145], [250, 146], [250, 147], [251, 148], [252, 148], [253, 148], [254, 149], [255, 150], [256, 150], [257, 150], [256, 149], [256, 148], [256, 147], [256, 146], [256, 145], [256, 144], [257, 143], [258, 142], [259, 142], [260, 143], [260, 144], [260, 145], [261, 146], [261, 147], [261, 148], [262, 148], [263, 148], [264, 148], [264, 147], [264, 146], [264, 145], [264, 144], [265, 143], [266, 142], [267, 141], [268, 141], [269, 141], [270, 141], [271, 142], [272, 142], [273, 142], [273, 141], [272, 140], [271, 140], [270, 139], [269, 139], [268, 139], [267, 139], [266, 139], [265, 140], [264, 141], [263, 141], [262, 142], [261, 142], [260, 141], [259, 141], [258, 141], [257, 140], [256, 139], [255, 139]]]]","[[], 211]"
137,137,"[[[196, 104]], [[195, 105]], [[194, 105]], [[194, 106]], [[193, 107]], [[193, 108]], [[193, 109]], [[192, 110]], [[192, 111]], [[193, 112]], [[194, 112]], [[195, 113]], [[196, 113]], [[197, 113]], [[198, 113]], [[199, 114]], [[200, 115]], [[201, 115]], [[202, 115]], [[203, 116]], [[204, 116]], [[205, 117]], [[206, 117]], [[207, 117]], [[208, 118]], [[208, 119]], [[209, 119]], [[210, 120]], [[210, 121]], [[211, 121]], [[212, 121]], [[213, 121]], [[214, 121]], [[215, 120]], [[216, 120]], [[217, 121]], [[217, 122]], [[217, 123]], [[217, 124]], [[217, 125]], [[218, 124]], [[219, 124]], [[220, 125]], [[220, 126]], [[220, 127]], [[219, 128]], [[218, 128]], [[219, 128]], [[220, 128]], [[221, 127]], [[222, 127]], [[223, 128]], [[223, 129]], [[223, 130]], [[224, 130]], [[223, 129]], [[224, 128]], [[225, 128]], [[226, 128]], [[227, 128]], [[228, 127]], [[229, 127]], [[230, 126]], [[231, 126]], [[232, 126]], [[233, 126]], [[234, 125]], [[234, 124]], [[233, 123]], [[232, 122]], [[232, 121]], [[231, 120]], [[231, 119]], [[231, 118]], [[230, 118]], [[229, 117]], [[228, 116]], [[228, 115]], [[227, 114]], [[226, 113]], [[225, 112]], [[224, 111]], [[223, 110]], [[222, 110]], [[221, 110]], [[220, 111]], [[219, 111]], [[218, 111]], [[217, 110]], [[216, 109]], [[215, 109]], [[214, 108]], [[213, 108]], [[212, 107]], [[211, 107]], [[210, 107]], [[209, 107]], [[208, 107]], [[207, 107]], [[206, 107]], [[205, 107]], [[204, 107]], [[203, 106]], [[202, 106]], [[201, 105]], [[200, 105]], [[199, 105]], [[198, 104]], [[197, 104]]]","[[[[196, 94], [196, 95], [195, 96], [195, 97], [195, 98], [194, 99], [194, 100], [193, 101], [193, 102], [193, 103], [193, 104], [194, 104], [195, 104], [196, 103], [197, 103], [198, 103], [199, 104], [200, 104], [201, 104], [202, 105], [203, 105], [204, 106], [205, 106], [206, 106], [207, 106], [208, 106], [209, 106], [210, 106], [211, 106], [212, 106], [213, 107], [214, 107], [215, 108], [216, 108], [216, 107], [215, 106], [214, 105], [213, 105], [212, 105], [211, 105], [210, 105], [209, 105], [208, 106], [207, 105], [206, 104], [205, 104], [204, 104], [203, 104], [202, 104], [201, 103], [200, 102], [199, 102], [198, 102], [197, 102], [196, 101], [195, 100], [195, 99], [196, 98], [197, 97], [197, 96], [197, 95]]], [], [[[221, 128], [220, 129], [219, 130], [218, 131], [217, 132], [216, 132], [215, 132], [214, 132], [213, 133], [212, 133], [211, 133], [211, 134], [211, 135], [212, 136], [213, 136], [214, 136], [215, 136], [216, 136], [217, 136], [217, 135], [218, 134], [219, 133], [220, 133], [221, 133], [222, 134], [223, 135], [223, 136], [223, 137], [223, 138], [224, 138], [225, 138], [226, 138], [225, 137], [224, 136], [224, 135], [223, 134], [223, 133], [223, 132], [223, 131], [222, 130], [222, 129], [222, 128]]]]","[222, [], 209]"
138,138,"[[[37, 97]], [[36, 98]], [[35, 98]], [[34, 98]], [[33, 98]], [[32, 98]], [[31, 98]], [[30, 98]], [[29, 98]], [[28, 98]], [[27, 99]], [[26, 99]], [[25, 100]], [[24, 100]], [[23, 100]], [[22, 100]], [[21, 101]], [[20, 102]], [[19, 102]], [[18, 103]], [[17, 104]], [[16, 105]], [[15, 106]], [[14, 107]], [[15, 108]], [[15, 109]], [[15, 110]], [[15, 111]], [[16, 112]], [[16, 113]], [[17, 114]], [[18, 115]], [[19, 116]], [[20, 116]], [[21, 117]], [[22, 116]], [[23, 116]], [[24, 116]], [[25, 116]], [[26, 116]], [[27, 116]], [[28, 116]], [[29, 116]], [[30, 117]], [[31, 117]], [[32, 117]], [[33, 117]], [[34, 116]], [[35, 116]], [[36, 116]], [[37, 116]], [[38, 116]], [[39, 116]], [[40, 116]], [[41, 116]], [[42, 116]], [[43, 116]], [[44, 116]], [[45, 116]], [[46, 116]], [[47, 115]], [[48, 115]], [[49, 115]], [[50, 115]], [[51, 114]], [[51, 113]], [[51, 112]], [[50, 111]], [[50, 110]], [[50, 109]], [[49, 108]], [[49, 107]], [[48, 106]], [[48, 105]], [[47, 104]], [[47, 103]], [[46, 102]], [[46, 101]], [[46, 100]], [[45, 99]], [[45, 98]], [[44, 98]], [[43, 98]], [[42, 97]], [[41, 97]], [[40, 97]], [[39, 97]], [[38, 97]]]","[[[[38, 89], [38, 90], [38, 91], [38, 92], [37, 93], [37, 94], [36, 95], [35, 96], [36, 96], [37, 96], [38, 96], [39, 96], [40, 96], [41, 96], [42, 96], [43, 96], [44, 97], [45, 97], [46, 98], [46, 99], [47, 100], [47, 101], [47, 102], [48, 103], [48, 104], [49, 105], [49, 106], [49, 105], [49, 104], [49, 103], [49, 102], [48, 101], [48, 100], [48, 99], [47, 98], [47, 97], [47, 96], [48, 95], [49, 95], [50, 95], [51, 95], [52, 94], [53, 94], [54, 93], [55, 93], [55, 92], [54, 91], [53, 91], [52, 91], [51, 91], [50, 92], [49, 92], [48, 93], [47, 94], [47, 95], [46, 96], [45, 96], [44, 96], [43, 95], [42, 94], [41, 94], [40, 93], [40, 92], [39, 91], [39, 90], [39, 89]]], [[[28, 86], [27, 87], [27, 88], [28, 89], [28, 90], [28, 91], [27, 92], [26, 92], [26, 93], [27, 94], [28, 95], [27, 96], [26, 96], [26, 97], [26, 98], [27, 97], [28, 97], [29, 97], [30, 97], [30, 96], [30, 95], [29, 94], [29, 93], [29, 92], [29, 91], [30, 90], [31, 90], [31, 89], [30, 88], [30, 87], [29, 86]]], []]","[224, 225, []]"
139,139,"[[[130, 73]], [[129, 74]], [[128, 75]], [[128, 76]], [[127, 77]], [[126, 78]], [[125, 79]], [[125, 80]], [[125, 81]], [[125, 82]], [[125, 83]], [[125, 84]], [[125, 85]], [[125, 86]], [[125, 87]], [[125, 88]], [[125, 89]], [[125, 90]], [[124, 91]], [[123, 92]], [[122, 92]], [[121, 92]], [[120, 92]], [[119, 92]], [[118, 92]], [[117, 92]], [[116, 92]], [[115, 92]], [[114, 92]], [[113, 92]], [[112, 93]], [[111, 94]], [[111, 95]], [[110, 96]], [[110, 97]], [[110, 98]], [[109, 99]], [[109, 100]], [[108, 101]], [[107, 102]], [[108, 103]], [[108, 104]], [[108, 105]], [[108, 106]], [[108, 107]], [[108, 108]], [[108, 109]], [[108, 110]], [[108, 111]], [[107, 112]], [[106, 112]], [[105, 113]], [[104, 113]], [[105, 113]], [[106, 114]], [[105, 115]], [[104, 116]], [[103, 117]], [[102, 116]], [[102, 115]], [[102, 116]], [[102, 117]], [[101, 118]], [[101, 119]], [[101, 120]], [[102, 121]], [[102, 122]], [[102, 123]], [[103, 124]], [[103, 125]], [[102, 126]], [[102, 127]], [[103, 128]], [[102, 129]], [[101, 129]], [[101, 130]], [[101, 131]], [[101, 132]], [[101, 133]], [[101, 134]], [[101, 135]], [[101, 136]], [[101, 137]], [[101, 138]], [[102, 139]], [[103, 140]], [[104, 141]], [[105, 142]], [[106, 143]], [[106, 144]], [[106, 145]], [[107, 146]], [[107, 147]], [[108, 148]], [[108, 149]], [[108, 150]], [[109, 151]], [[110, 152]], [[111, 153]], [[111, 154]], [[111, 155]], [[111, 156]], [[112, 157]], [[113, 158]], [[114, 159]], [[115, 160]], [[116, 161]], [[116, 162]], [[117, 163]], [[118, 164]], [[118, 165]], [[119, 166]], [[120, 167]], [[121, 167]], [[122, 168]], [[123, 168]], [[124, 168]], [[125, 169]], [[126, 169]], [[127, 169]], [[128, 169]], [[129, 169]], [[130, 170]], [[131, 170]], [[132, 170]], [[133, 170]], [[134, 170]], [[135, 170]], [[136, 169]], [[137, 169]], [[138, 168]], [[139, 168]], [[140, 168]], [[141, 167]], [[142, 167]], [[143, 167]], [[144, 166]], [[145, 166]], [[146, 165]], [[146, 164]], [[146, 163]], [[146, 162]], [[146, 161]], [[146, 160]], [[147, 159]], [[147, 158]], [[147, 157]], [[147, 156]], [[148, 155]], [[149, 154]], [[150, 154]], [[151, 154]], [[152, 153]], [[153, 152]], [[153, 151]], [[154, 150]], [[155, 150]], [[156, 149]], [[157, 149]], [[158, 150]], [[159, 150]], [[160, 150]], [[161, 150]], [[162, 150]], [[163, 150]], [[164, 150]], [[165, 150]], [[166, 149]], [[167, 148]], [[168, 147]], [[169, 146]], [[170, 146]], [[171, 146]], [[172, 146]], [[173, 146]], [[174, 145]], [[175, 145]], [[176, 145]], [[177, 144]], [[178, 144]], [[179, 144]], [[180, 143]], [[181, 142]], [[181, 141]], [[182, 140]], [[182, 139]], [[182, 138]], [[182, 137]], [[181, 136]], [[181, 135]], [[181, 134]], [[181, 133]], [[180, 132]], [[180, 131]], [[180, 130]], [[179, 129]], [[179, 128]], [[179, 127]], [[179, 126]], [[179, 125]], [[179, 124]], [[179, 123]], [[179, 122]], [[180, 121]], [[180, 120]], [[181, 119]], [[182, 118]], [[183, 118]], [[183, 117]], [[184, 116]], [[184, 115]], [[184, 114]], [[185, 113]], [[185, 112]], [[185, 111]], [[185, 110]], [[184, 109]], [[184, 108]], [[184, 107]], [[185, 106]], [[185, 105]], [[186, 104]], [[186, 103]], [[186, 102]], [[186, 101]], [[185, 100]], [[185, 99]], [[184, 98]], [[183, 97]], [[182, 97]], [[181, 97]], [[180, 97]], [[179, 98]], [[178, 98]], [[177, 97]], [[176, 98]], [[175, 98]], [[174, 98]], [[173, 97]], [[172, 97]], [[171, 96]], [[170, 95]], [[170, 94]], [[171, 93]], [[172, 93]], [[173, 94]], [[174, 95]], [[175, 95]], [[176, 95]], [[177, 95]], [[178, 95]], [[179, 95]], [[180, 94]], [[181, 95]], [[182, 95]], [[183, 95]], [[184, 95]], [[185, 94]], [[185, 93]], [[186, 92]], [[186, 91]], [[185, 91]], [[184, 90]], [[184, 89]], [[183, 89]], [[182, 88]], [[181, 88]], [[180, 88]], [[179, 88]], [[178, 87]], [[177, 87]], [[176, 87]], [[175, 87]], [[174, 87]], [[174, 88]], [[174, 89]], [[174, 90]], [[173, 91]], [[173, 92]], [[172, 93]], [[171, 92]], [[171, 91]], [[171, 90]], [[171, 89]], [[171, 88]], [[172, 87]], [[171, 86]], [[171, 85]], [[170, 84]], [[169, 83]], [[168, 82]], [[167, 81]], [[166, 80]], [[165, 80]], [[164, 79]], [[163, 79]], [[162, 78]], [[161, 78]], [[160, 77]], [[159, 77]], [[158, 77]], [[157, 77]], [[156, 76]], [[155, 76]], [[154, 76]], [[153, 76]], [[152, 76]], [[151, 76]], [[150, 76]], [[149, 75]], [[148, 74]], [[147, 74]], [[146, 73]], [[145, 73]], [[144, 73]], [[143, 73]], [[142, 73]], [[141, 73]], [[140, 73]], [[139, 73]], [[138, 73]], [[137, 73]], [[136, 73]], [[135, 74]], [[134, 74]], [[133, 74]], [[132, 74]], [[131, 73]]]","[[], [[[91, 119], [92, 120], [92, 121], [92, 122], [92, 123], [93, 124], [94, 123], [95, 124], [96, 125], [96, 126], [97, 126], [98, 126], [99, 127], [100, 128], [101, 128], [102, 128], [101, 127], [101, 126], [100, 125], [100, 124], [99, 123], [98, 122], [97, 122], [96, 122], [95, 123], [94, 123], [93, 122], [93, 121], [92, 120], [92, 119]]], [[[182, 132], [182, 133], [182, 134], [182, 135], [182, 136], [183, 137], [183, 138], [183, 139], [183, 140], [182, 141], [182, 142], [181, 143], [180, 144], [180, 145], [179, 146], [178, 146], [177, 146], [176, 146], [175, 147], [176, 147], [177, 148], [178, 148], [179, 148], [180, 147], [181, 146], [182, 145], [182, 144], [182, 143], [183, 142], [183, 141], [184, 140], [185, 139], [184, 138], [185, 137], [185, 136], [185, 135], [185, 134], [185, 133], [184, 133], [183, 132]]], [[[185, 107], [185, 108], [185, 109], [186, 110], [186, 111], [186, 112], [186, 113], [186, 114], [186, 115], [187, 116], [188, 117], [187, 118], [186, 118], [185, 119], [186, 120], [186, 121], [187, 121], [188, 121], [189, 121], [190, 121], [191, 122], [192, 123], [191, 124], [190, 124], [191, 125], [191, 126], [191, 127], [190, 128], [189, 128], [188, 127], [187, 127], [186, 126], [185, 125], [184, 126], [184, 127], [184, 128], [184, 129], [185, 129], [186, 129], [187, 130], [188, 131], [188, 132], [188, 133], [189, 133], [190, 132], [190, 131], [191, 130], [191, 129], [192, 128], [192, 127], [193, 126], [193, 125], [193, 124], [192, 123], [192, 122], [192, 121], [192, 120], [191, 119], [191, 118], [191, 117], [190, 117], [189, 116], [190, 115], [191, 115], [191, 114], [191, 113], [190, 113], [189, 114], [188, 113], [187, 112], [187, 111], [187, 110], [187, 109], [187, 108], [186, 107]]]]","[[], 226, 227, 228]"
140,140,"[[[394, 71]], [[393, 72]], [[392, 72]], [[391, 72]], [[390, 72]], [[389, 73]], [[388, 73]], [[387, 73]], [[386, 74]], [[385, 74]], [[384, 75]], [[383, 76]], [[382, 76]], [[381, 77]], [[380, 78]], [[379, 78]], [[378, 79]], [[377, 79]], [[376, 79]], [[375, 79]], [[374, 79]], [[373, 80]], [[372, 80]], [[371, 81]], [[370, 81]], [[369, 81]], [[368, 81]], [[367, 81]], [[366, 81]], [[366, 82]], [[366, 83]], [[365, 84]], [[365, 85]], [[365, 86]], [[364, 87]], [[363, 88]], [[363, 89]], [[362, 90]], [[361, 91]], [[360, 91]], [[359, 92]], [[358, 93]], [[357, 93]], [[356, 94]], [[355, 95]], [[354, 95]], [[353, 96]], [[352, 95]], [[351, 95]], [[351, 96]], [[351, 97]], [[350, 98]], [[349, 99]], [[348, 100]], [[347, 101]], [[346, 101]], [[346, 102]], [[346, 103]], [[346, 104]], [[345, 105]], [[344, 106]], [[345, 107]], [[346, 107]], [[347, 108]], [[347, 109]], [[346, 110]], [[345, 110]], [[344, 111]], [[344, 112]], [[345, 111]], [[346, 112]], [[347, 113]], [[346, 114]], [[345, 115]], [[344, 116]], [[345, 117]], [[345, 118]], [[346, 118]], [[347, 119]], [[348, 120]], [[349, 121]], [[349, 122]], [[349, 123]], [[349, 124]], [[349, 125]], [[348, 126]], [[349, 127]], [[350, 127]], [[351, 127]], [[352, 128]], [[353, 128]], [[354, 129]], [[353, 130]], [[353, 131]], [[354, 132]], [[353, 131]], [[353, 130]], [[354, 129]], [[355, 130]], [[356, 130]], [[357, 131]], [[358, 131]], [[359, 131]], [[360, 130]], [[361, 130]], [[362, 131]], [[363, 131]], [[364, 132]], [[365, 133]], [[365, 134]], [[366, 135]], [[367, 136]], [[367, 137]], [[368, 138]], [[368, 139]], [[369, 140]], [[370, 141]], [[371, 142]], [[372, 142]], [[373, 143]], [[374, 144]], [[375, 145]], [[376, 146]], [[377, 147]], [[378, 147]], [[379, 148]], [[380, 149]], [[381, 150]], [[382, 151]], [[382, 152]], [[383, 153]], [[384, 154]], [[385, 155]], [[385, 156]], [[386, 157]], [[386, 158]], [[387, 159]], [[388, 159]], [[389, 160]], [[390, 161]], [[390, 162]], [[391, 162]], [[392, 163]], [[393, 164]], [[394, 165]], [[394, 166]], [[395, 167]], [[396, 168]], [[396, 169]], [[397, 170]], [[398, 170]], [[399, 171]], [[400, 171]], [[401, 171]], [[402, 171]], [[403, 171]], [[404, 170]], [[405, 170]], [[406, 170]], [[407, 169]], [[408, 169]], [[409, 168]], [[410, 168]], [[411, 168]], [[412, 168]], [[413, 168]], [[414, 168]], [[415, 168]], [[416, 168]], [[417, 168]], [[418, 168]], [[419, 167]], [[420, 167]], [[421, 166]], [[422, 165]], [[423, 164]], [[424, 163]], [[425, 163]], [[426, 162]], [[427, 161]], [[428, 161]], [[429, 160]], [[430, 159]], [[431, 158]], [[431, 157]], [[432, 156]], [[433, 155]], [[433, 154]], [[434, 153]], [[435, 152]], [[436, 152]], [[437, 152]], [[437, 151]], [[438, 150]], [[438, 149]], [[438, 148]], [[438, 147]], [[439, 146]], [[439, 145]], [[440, 144]], [[441, 143]], [[441, 142]], [[441, 141]], [[441, 140]], [[442, 139]], [[442, 138]], [[443, 137]], [[444, 136]], [[444, 135]], [[444, 134]], [[445, 133]], [[445, 132]], [[445, 131]], [[446, 130]], [[446, 129]], [[446, 128]], [[445, 127]], [[445, 126]], [[445, 125]], [[444, 124]], [[444, 123]], [[443, 122]], [[443, 121]], [[442, 120]], [[441, 119]], [[441, 118]], [[441, 117]], [[440, 116]], [[440, 115]], [[439, 114]], [[438, 114]], [[437, 113]], [[436, 112]], [[435, 111]], [[434, 111]], [[433, 111]], [[432, 111]], [[431, 110]], [[430, 109]], [[429, 108]], [[429, 107]], [[428, 106]], [[428, 105]], [[427, 105]], [[426, 104]], [[426, 103]], [[425, 102]], [[425, 101]], [[426, 100]], [[425, 99]], [[425, 98]], [[424, 97]], [[423, 96]], [[422, 95]], [[422, 94]], [[421, 93]], [[420, 92]], [[419, 91]], [[418, 90]], [[418, 89]], [[417, 88]], [[416, 87]], [[416, 86]], [[415, 85]], [[415, 84]], [[415, 83]], [[414, 82]], [[413, 81]], [[412, 80]], [[411, 79]], [[410, 78]], [[409, 77]], [[408, 77]], [[407, 76]], [[406, 75]], [[405, 75]], [[404, 75]], [[403, 74]], [[402, 73]], [[401, 72]], [[400, 72]], [[399, 72]], [[398, 71]], [[397, 71]], [[396, 71]], [[395, 71]]]","[[[[397, 63], [396, 64], [395, 65], [394, 65], [393, 65], [392, 65], [391, 65], [390, 66], [389, 66], [389, 67], [390, 67], [391, 67], [392, 67], [393, 66], [394, 65], [395, 65], [396, 65], [397, 66], [398, 67], [397, 68], [396, 69], [395, 68], [394, 68], [393, 69], [392, 69], [392, 70], [391, 71], [390, 71], [389, 71], [390, 71], [391, 71], [392, 70], [393, 70], [394, 70], [395, 70], [396, 70], [397, 70], [398, 70], [399, 71], [400, 71], [401, 71], [402, 71], [402, 70], [401, 69], [400, 69], [399, 68], [399, 67], [399, 66], [399, 65], [398, 64]]], [], [[[337, 105], [337, 106], [338, 107], [339, 108], [339, 109], [340, 109], [341, 109], [342, 110], [342, 111], [342, 112], [341, 113], [340, 113], [339, 113], [338, 113], [337, 113], [336, 113], [335, 112], [335, 111], [336, 110], [335, 109], [334, 108], [333, 107], [332, 107], [332, 108], [332, 109], [333, 110], [334, 111], [334, 112], [334, 113], [333, 114], [332, 115], [331, 115], [330, 115], [329, 114], [328, 113], [327, 113], [326, 113], [325, 114], [324, 114], [323, 115], [322, 116], [322, 117], [323, 118], [324, 118], [325, 118], [326, 117], [327, 117], [328, 116], [329, 116], [330, 116], [331, 116], [332, 116], [333, 116], [334, 116], [335, 115], [336, 115], [337, 116], [338, 115], [339, 114], [340, 115], [341, 115], [342, 115], [343, 115], [344, 115], [345, 114], [346, 113], [345, 112], [344, 113], [343, 112], [343, 111], [344, 110], [345, 109], [346, 109], [346, 108], [345, 108], [344, 107], [343, 107], [342, 108], [341, 107], [341, 108], [340, 109], [339, 108], [338, 107], [339, 106], [338, 105]]], [[[442, 143], [443, 144], [444, 145], [444, 146], [444, 147], [443, 148], [442, 148], [441, 147], [440, 146], [440, 145], [440, 146], [439, 147], [439, 148], [440, 149], [441, 149], [442, 150], [443, 151], [443, 152], [443, 153], [443, 154], [444, 154], [445, 154], [446, 154], [447, 153], [448, 153], [449, 153], [448, 152], [447, 152], [446, 151], [445, 150], [445, 149], [445, 148], [445, 147], [445, 146], [444, 145], [443, 144]]]]","[229, [], 230, 231]"
141,141,"[[[271, 57]], [[270, 58]], [[270, 59]], [[269, 60]], [[269, 61]], [[269, 62]], [[269, 63]], [[269, 64]], [[269, 65]], [[269, 66]], [[269, 67]], [[270, 68]], [[271, 67]], [[272, 67]], [[273, 67]], [[274, 67]], [[275, 66]], [[276, 66]], [[277, 65]], [[278, 64]], [[279, 63]], [[279, 62]], [[279, 61]], [[278, 60]], [[278, 59]], [[277, 58]], [[276, 58]], [[275, 57]], [[274, 57]], [[273, 57]], [[272, 57]]]",[[]],[]
142,142,"[[[253, 57]], [[252, 58]], [[252, 59]], [[251, 60]], [[251, 61]], [[250, 62]], [[250, 63]], [[250, 64]], [[250, 65]], [[250, 66]], [[250, 67]], [[250, 68]], [[249, 69]], [[249, 70]], [[249, 71]], [[249, 72]], [[249, 73]], [[250, 74]], [[251, 74]], [[252, 74]], [[253, 74]], [[254, 74]], [[255, 74]], [[256, 74]], [[257, 73]], [[258, 72]], [[258, 71]], [[258, 70]], [[259, 69]], [[259, 68]], [[259, 67]], [[258, 66]], [[258, 65]], [[257, 64]], [[257, 63]], [[257, 62]], [[256, 61]], [[255, 60]], [[255, 59]], [[255, 58]], [[255, 57]], [[254, 57]]]",[],[]
143,143,"[[[684, 56]], [[684, 57]], [[684, 58]], [[683, 59]], [[682, 59]], [[681, 60]], [[680, 61]], [[679, 62]], [[679, 63]], [[678, 64]], [[678, 65]], [[678, 66]], [[679, 66]], [[680, 67]], [[681, 68]], [[682, 69]], [[683, 70]], [[684, 71]], [[684, 72]], [[685, 73]], [[685, 74]], [[685, 75]], [[686, 76]], [[687, 77]], [[688, 76]], [[689, 77]], [[690, 78]], [[691, 77]], [[692, 77]], [[692, 76]], [[692, 75]], [[693, 74]], [[693, 73]], [[693, 72]], [[694, 71]], [[695, 71]], [[695, 70]], [[695, 69]], [[694, 68]], [[694, 67]], [[694, 66]], [[693, 65]], [[693, 64]], [[692, 63]], [[691, 62]], [[691, 61]], [[690, 60]], [[690, 59]], [[690, 58]], [[689, 57]], [[688, 56]], [[687, 56]], [[686, 56]], [[685, 56]]]",[[]],[]
144,144,"[[[517, 56]], [[516, 57]], [[515, 58]], [[514, 58]], [[513, 59]], [[512, 59]], [[511, 60]], [[510, 60]], [[509, 61]], [[510, 62]], [[510, 63]], [[509, 64]], [[509, 65]], [[509, 66]], [[508, 67]], [[508, 68]], [[507, 69]], [[506, 69]], [[506, 70]], [[506, 71]], [[506, 72]], [[506, 73]], [[506, 74]], [[505, 75]], [[504, 76]], [[504, 77]], [[504, 78]], [[504, 79]], [[504, 80]], [[504, 81]], [[504, 82]], [[503, 83]], [[503, 84]], [[503, 85]], [[502, 86]], [[501, 87]], [[500, 86]], [[500, 87]], [[500, 88]], [[500, 89]], [[500, 90]], [[500, 91]], [[500, 92]], [[500, 93]], [[500, 94]], [[500, 95]], [[500, 96]], [[500, 97]], [[500, 98]], [[501, 99]], [[501, 100]], [[502, 100]], [[503, 100]], [[504, 101]], [[505, 102]], [[506, 103]], [[507, 104]], [[508, 104]], [[509, 104]], [[510, 104]], [[511, 103]], [[512, 103]], [[513, 103]], [[514, 103]], [[515, 103]], [[516, 102]], [[517, 102]], [[518, 102]], [[519, 102]], [[520, 101]], [[521, 101]], [[522, 100]], [[523, 100]], [[524, 100]], [[525, 100]], [[526, 100]], [[527, 99]], [[528, 98]], [[529, 98]], [[529, 97]], [[530, 96]], [[531, 95]], [[532, 94]], [[533, 94]], [[534, 93]], [[535, 92]], [[536, 92]], [[536, 91]], [[537, 90]], [[537, 89]], [[538, 88]], [[538, 87]], [[538, 86]], [[538, 85]], [[539, 84]], [[539, 83]], [[539, 82]], [[539, 81]], [[540, 80]], [[540, 79]], [[540, 78]], [[541, 77]], [[540, 76]], [[540, 75]], [[540, 74]], [[540, 73]], [[540, 72]], [[541, 71]], [[540, 70]], [[539, 69]], [[538, 69]], [[537, 69]], [[536, 68]], [[535, 67]], [[534, 67]], [[533, 66]], [[532, 66]], [[531, 65]], [[531, 64]], [[530, 63]], [[529, 62]], [[528, 61]], [[527, 60]], [[526, 59]], [[525, 59]], [[524, 59]], [[523, 59]], [[522, 58]], [[522, 57]], [[521, 56]], [[520, 56]], [[519, 56]], [[518, 56]]]","[[], [[[501, 102], [500, 103], [500, 104], [500, 105], [500, 106], [500, 107], [500, 108], [500, 109], [500, 110], [501, 110], [502, 110], [503, 110], [504, 110], [505, 110], [506, 111], [507, 111], [508, 111], [509, 111], [510, 111], [511, 111], [512, 111], [513, 112], [513, 113], [513, 114], [513, 115], [512, 116], [512, 117], [512, 118], [513, 119], [513, 118], [513, 117], [513, 116], [513, 115], [514, 114], [515, 113], [515, 112], [514, 111], [513, 110], [512, 109], [511, 109], [510, 108], [509, 107], [510, 106], [509, 105], [508, 105], [507, 105], [506, 105], [505, 106], [504, 106], [503, 105], [503, 104], [503, 103], [504, 102], [503, 102], [502, 102]]], [[[501, 102], [500, 103], [500, 104], [500, 105], [500, 106], [500, 107], [500, 108], [500, 109], [500, 110], [501, 110], [502, 110], [503, 110], [504, 110], [505, 110], [506, 111], [507, 111], [508, 111], [509, 111], [510, 111], [511, 111], [512, 111], [513, 112], [513, 113], [513, 114], [513, 115], [512, 116], [512, 117], [512, 118], [513, 119], [513, 118], [513, 117], [513, 116], [513, 115], [514, 114], [515, 113], [515, 112], [514, 111], [513, 110], [512, 109], [511, 109], [510, 108], [509, 107], [510, 106], [509, 105], [508, 105], [507, 105], [506, 105], [505, 106], [504, 106], [503, 105], [503, 104], [503, 103], [504, 102], [503, 102], [502, 102]], [[535, 99], [534, 100], [533, 101], [532, 100], [531, 100], [530, 100], [529, 101], [528, 102], [527, 103], [526, 103], [525, 102], [524, 102], [523, 102], [522, 102], [521, 103], [520, 103], [519, 103], [518, 104], [517, 104], [516, 104], [515, 104], [514, 104], [513, 105], [514, 105], [515, 105], [516, 105], [517, 105], [518, 105], [519, 105], [520, 105], [521, 105], [522, 106], [523, 106], [524, 105], [525, 105], [526, 105], [527, 105], [528, 105], [529, 106], [529, 107], [530, 107], [531, 108], [532, 109], [533, 109], [534, 110], [534, 111], [534, 112], [534, 113], [534, 114], [533, 115], [532, 116], [531, 116], [530, 116], [529, 115], [528, 114], [527, 113], [527, 112], [527, 111], [527, 110], [527, 109], [526, 109], [525, 108], [525, 107], [525, 108], [524, 109], [524, 110], [523, 111], [522, 111], [521, 111], [520, 110], [520, 109], [520, 110], [519, 111], [518, 112], [519, 113], [519, 114], [519, 115], [519, 116], [520, 116], [521, 117], [522, 116], [523, 115], [524, 114], [525, 115], [525, 116], [526, 117], [526, 118], [526, 119], [526, 120], [526, 121], [527, 122], [527, 123], [527, 124], [527, 125], [527, 126], [527, 127], [527, 128], [526, 129], [525, 130], [524, 130], [523, 130], [522, 130], [521, 129], [522, 128], [522, 127], [522, 126], [521, 125], [520, 125], [519, 124], [518, 124], [517, 125], [516, 125], [515, 125], [514, 124], [513, 123], [512, 123], [511, 124], [510, 124], [509, 123], [508, 124], [509, 125], [509, 126], [510, 127], [510, 128], [511, 129], [511, 130], [512, 130], [512, 129], [512, 128], [512, 127], [513, 126], [514, 126], [515, 127], [516, 127], [517, 127], [518, 128], [518, 129], [519, 130], [520, 131], [520, 132], [520, 133], [520, 134], [519, 135], [518, 135], [518, 136], [517, 137], [516, 138], [515, 138], [514, 138], [514, 139], [513, 140], [514, 141], [514, 142], [514, 143], [514, 144], [514, 145], [515, 146], [515, 147], [516, 148], [516, 149], [516, 150], [516, 151], [516, 152], [516, 153], [516, 154], [516, 155], [517, 156], [517, 157], [517, 158], [516, 159], [516, 160], [515, 161], [515, 162], [516, 162], [516, 161], [517, 160], [517, 159], [518, 158], [518, 157], [518, 156], [519, 155], [519, 154], [518, 153], [517, 152], [517, 151], [518, 150], [518, 149], [518, 148], [518, 147], [517, 146], [516, 145], [515, 144], [516, 143], [516, 142], [517, 141], [517, 140], [517, 139], [518, 138], [519, 139], [520, 139], [521, 139], [522, 138], [521, 137], [520, 136], [520, 135], [521, 134], [521, 133], [521, 132], [521, 131], [522, 130], [523, 130], [524, 131], [525, 132], [526, 132], [527, 133], [527, 132], [528, 131], [528, 130], [528, 129], [528, 128], [528, 127], [529, 126], [529, 125], [529, 124], [530, 123], [530, 122], [531, 121], [532, 120], [533, 119], [533, 118], [534, 117], [535, 116], [536, 116], [537, 116], [538, 116], [539, 116], [540, 116], [541, 117], [542, 118], [543, 119], [543, 120], [543, 121], [544, 122], [545, 122], [545, 121], [544, 121], [543, 120], [543, 119], [543, 118], [542, 117], [541, 116], [541, 115], [541, 114], [541, 113], [540, 112], [539, 112], [538, 112], [537, 112], [536, 112], [535, 111], [535, 110], [536, 109], [537, 110], [538, 109], [539, 109], [539, 108], [539, 107], [539, 106], [539, 105], [538, 104], [537, 103], [536, 102], [535, 101], [535, 100]]], [[[535, 99], [534, 100], [533, 101], [532, 100], [531, 100], [530, 100], [529, 101], [528, 102], [527, 103], [526, 103], [525, 102], [524, 102], [523, 102], [522, 102], [521, 103], [520, 103], [519, 103], [518, 104], [517, 104], [516, 104], [515, 104], [514, 104], [513, 105], [514, 105], [515, 105], [516, 105], [517, 105], [518, 105], [519, 105], [520, 105], [521, 105], [522, 106], [523, 106], [524, 105], [525, 105], [526, 105], [527, 105], [528, 105], [529, 106], [529, 107], [530, 107], [531, 108], [532, 109], [533, 109], [534, 110], [534, 111], [534, 112], [534, 113], [534, 114], [533, 115], [532, 116], [531, 116], [530, 116], [529, 115], [528, 114], [527, 113], [527, 112], [527, 111], [527, 110], [527, 109], [526, 109], [525, 108], [525, 107], [525, 108], [524, 109], [524, 110], [523, 111], [522, 111], [521, 111], [520, 110], [520, 109], [520, 110], [519, 111], [518, 112], [519, 113], [519, 114], [519, 115], [519, 116], [520, 116], [521, 117], [522, 116], [523, 115], [524, 114], [525, 115], [525, 116], [526, 117], [526, 118], [526, 119], [526, 120], [526, 121], [527, 122], [527, 123], [527, 124], [527, 125], [527, 126], [527, 127], [527, 128], [526, 129], [525, 130], [524, 130], [523, 130], [522, 130], [521, 129], [522, 128], [522, 127], [522, 126], [521, 125], [520, 125], [519, 124], [518, 124], [517, 125], [516, 125], [515, 125], [514, 124], [513, 123], [512, 123], [511, 124], [510, 124], [509, 123], [508, 124], [509, 125], [509, 126], [510, 127], [510, 128], [511, 129], [511, 130], [512, 130], [512, 129], [512, 128], [512, 127], [513, 126], [514, 126], [515, 127], [516, 127], [517, 127], [518, 128], [518, 129], [519, 130], [520, 131], [520, 132], [520, 133], [520, 134], [519, 135], [518, 135], [518, 136], [517, 137], [516, 138], [515, 138], [514, 138], [514, 139], [513, 140], [514, 141], [514, 142], [514, 143], [514, 144], [514, 145], [515, 146], [515, 147], [516, 148], [516, 149], [516, 150], [516, 151], [516, 152], [516, 153], [516, 154], [516, 155], [517, 156], [517, 157], [517, 158], [516, 159], [516, 160], [515, 161], [515, 162], [516, 162], [516, 161], [517, 160], [517, 159], [518, 158], [518, 157], [518, 156], [519, 155], [519, 154], [518, 153], [517, 152], [517, 151], [518, 150], [518, 149], [518, 148], [518, 147], [517, 146], [516, 145], [515, 144], [516, 143], [516, 142], [517, 141], [517, 140], [517, 139], [518, 138], [519, 139], [520, 139], [521, 139], [522, 138], [521, 137], [520, 136], [520, 135], [521, 134], [521, 133], [521, 132], [521, 131], [522, 130], [523, 130], [524, 131], [525, 132], [526, 132], [527, 133], [527, 132], [528, 131], [528, 130], [528, 129], [528, 128], [528, 127], [529, 126], [529, 125], [529, 124], [530, 123], [530, 122], [531, 121], [532, 120], [533, 119], [533, 118], [534, 117], [535, 116], [536, 116], [537, 116], [538, 116], [539, 116], [540, 116], [541, 117], [542, 118], [543, 119], [543, 120], [543, 121], [544, 122], [545, 122], [545, 121], [544, 121], [543, 120], [543, 119], [543, 118], [542, 117], [541, 116], [541, 115], [541, 114], [541, 113], [540, 112], [539, 112], [538, 112], [537, 112], [536, 112], [535, 111], [535, 110], [536, 109], [537, 110], [538, 109], [539, 109], [539, 108], [539, 107], [539, 106], [539, 105], [538, 104], [537, 103], [536, 102], [535, 101], [535, 100]]], [[[542, 72], [541, 73], [541, 74], [541, 75], [541, 76], [542, 77], [541, 78], [541, 79], [541, 80], [540, 81], [540, 82], [540, 83], [540, 84], [539, 85], [539, 86], [539, 87], [539, 88], [538, 89], [538, 90], [537, 91], [537, 92], [536, 93], [536, 94], [535, 95], [535, 96], [536, 96], [537, 95], [537, 94], [538, 93], [539, 92], [539, 91], [539, 90], [540, 89], [541, 88], [541, 87], [542, 86], [542, 85], [542, 84], [543, 83], [544, 83], [545, 83], [545, 82], [545, 81], [544, 80], [544, 79], [543, 78], [543, 77], [543, 76], [543, 75], [543, 74], [543, 73], [543, 72]]]]","[[], 232, 233, 212, 235]"
145,145,"[[[171, 27]], [[170, 28]], [[170, 29]], [[169, 30]], [[168, 31]], [[168, 32]], [[168, 33]], [[168, 34]], [[168, 35]], [[168, 36]], [[168, 37]], [[168, 38]], [[168, 39]], [[167, 40]], [[166, 39]], [[166, 38]], [[166, 39]], [[167, 40]], [[167, 41]], [[168, 41]], [[169, 42]], [[170, 43]], [[170, 44]], [[170, 45]], [[171, 46]], [[172, 47]], [[173, 48]], [[174, 49]], [[175, 49]], [[176, 49]], [[177, 49]], [[177, 48]], [[177, 47]], [[177, 46]], [[177, 45]], [[177, 44]], [[178, 43]], [[178, 42]], [[179, 41]], [[180, 41]], [[181, 41]], [[182, 40]], [[182, 39]], [[183, 38]], [[183, 37]], [[183, 36]], [[183, 35]], [[182, 34]], [[182, 33]], [[182, 32]], [[181, 31]], [[180, 30]], [[180, 29]], [[179, 29]], [[178, 28]], [[177, 28]], [[176, 28]], [[175, 28]], [[174, 28]], [[173, 28]], [[172, 28]]]","[[], [[[151, 37], [150, 38], [149, 39], [149, 40], [148, 41], [148, 42], [149, 43], [150, 44], [151, 45], [152, 46], [153, 46], [154, 47], [155, 46], [156, 46], [157, 45], [158, 44], [159, 44], [160, 44], [161, 43], [162, 43], [163, 42], [164, 42], [165, 43], [166, 44], [167, 45], [167, 46], [168, 47], [169, 48], [169, 49], [170, 50], [171, 50], [172, 51], [173, 51], [174, 52], [175, 53], [176, 53], [177, 53], [178, 54], [179, 55], [180, 55], [180, 54], [179, 53], [178, 53], [177, 52], [176, 51], [175, 50], [174, 50], [173, 49], [172, 48], [171, 47], [170, 46], [169, 45], [169, 44], [169, 43], [168, 42], [167, 42], [166, 41], [166, 40], [165, 39], [165, 38], [164, 38], [163, 39], [162, 39], [161, 40], [160, 40], [159, 41], [158, 41], [157, 40], [156, 41], [155, 42], [154, 41], [153, 40], [152, 39], [152, 38]]]]","[[], 236]"
146,146,"[[[604, 23]], [[603, 24]], [[602, 24]], [[601, 25]], [[600, 25]], [[599, 25]], [[598, 25]], [[598, 26]], [[598, 27]], [[597, 28]], [[597, 29]], [[597, 30]], [[597, 31]], [[596, 32]], [[595, 31]], [[596, 32]], [[597, 33]], [[597, 34]], [[596, 35]], [[595, 36]], [[594, 37]], [[593, 38]], [[592, 39]], [[592, 40]], [[592, 41]], [[592, 42]], [[593, 43]], [[593, 44]], [[593, 45]], [[594, 46]], [[594, 47]], [[595, 47]], [[596, 48]], [[596, 49]], [[597, 50]], [[598, 51]], [[598, 52]], [[597, 53]], [[598, 54]], [[598, 55]], [[599, 56]], [[600, 56]], [[601, 56]], [[602, 57]], [[603, 57]], [[604, 57]], [[605, 57]], [[606, 56]], [[607, 56]], [[608, 56]], [[609, 55]], [[610, 55]], [[611, 55]], [[612, 55]], [[613, 55]], [[614, 56]], [[615, 57]], [[615, 58]], [[615, 59]], [[616, 60]], [[616, 61]], [[617, 62]], [[618, 63]], [[619, 63]], [[620, 63]], [[621, 62]], [[622, 62]], [[623, 61]], [[624, 60]], [[624, 59]], [[625, 58]], [[626, 57]], [[627, 56]], [[628, 56]], [[629, 55]], [[630, 54]], [[631, 53]], [[632, 52]], [[632, 51]], [[632, 50]], [[633, 49]], [[633, 48]], [[633, 47]], [[633, 46]], [[633, 45]], [[632, 44]], [[631, 44]], [[630, 43]], [[629, 43]], [[628, 42]], [[627, 41]], [[626, 40]], [[625, 40]], [[624, 39]], [[623, 38]], [[622, 37]], [[621, 37]], [[620, 36]], [[619, 35]], [[618, 34]], [[618, 33]], [[617, 32]], [[616, 31]], [[616, 30]], [[615, 29]], [[614, 28]], [[614, 27]], [[613, 26]], [[612, 25]], [[611, 24]], [[610, 24]], [[609, 24]], [[608, 23]], [[607, 23]], [[606, 23]], [[605, 23]]]","[[], [[[588, 56], [588, 57], [589, 57], [590, 58], [591, 59], [591, 60], [592, 61], [592, 62], [593, 62], [594, 62], [595, 63], [596, 63], [597, 63], [598, 63], [599, 64], [600, 63], [601, 62], [602, 61], [603, 61], [604, 61], [605, 61], [606, 62], [607, 62], [608, 62], [607, 61], [607, 60], [606, 59], [605, 59], [604, 59], [603, 58], [602, 58], [602, 59], [601, 60], [601, 61], [600, 62], [599, 62], [598, 62], [597, 62], [596, 62], [595, 61], [596, 60], [597, 59], [598, 59], [598, 58], [597, 58], [596, 58], [595, 59], [594, 60], [593, 60], [592, 59], [592, 58], [591, 57], [591, 56], [590, 56], [589, 56]]]]","[[], 237]"
147,147,"[[[221, 20]], [[220, 21]], [[220, 22]], [[219, 23]], [[219, 24]], [[219, 25]], [[218, 26]], [[218, 27]], [[218, 28]], [[218, 29]], [[218, 30]], [[218, 31]], [[218, 32]], [[218, 33]], [[218, 34]], [[218, 35]], [[218, 36]], [[219, 37]], [[218, 38]], [[219, 39]], [[219, 40]], [[218, 41]], [[217, 42]], [[216, 42]], [[215, 43]], [[215, 44]], [[214, 45]], [[213, 46]], [[212, 45]], [[211, 45]], [[210, 46]], [[209, 45]], [[209, 44]], [[209, 43]], [[209, 42]], [[208, 41]], [[208, 40]], [[207, 39]], [[206, 38]], [[207, 37]], [[208, 37]], [[209, 36]], [[210, 35]], [[210, 34]], [[210, 33]], [[210, 32]], [[210, 31]], [[211, 30]], [[210, 29]], [[209, 28]], [[208, 27]], [[207, 27]], [[206, 28]], [[205, 28]], [[204, 28]], [[203, 29]], [[202, 29]], [[201, 30]], [[200, 31]], [[199, 31]], [[199, 32]], [[200, 33]], [[201, 34]], [[202, 35]], [[203, 35]], [[204, 36]], [[205, 37]], [[206, 38]], [[205, 39]], [[204, 39]], [[203, 38]], [[202, 38]], [[201, 38]], [[200, 38]], [[199, 38]], [[198, 39]], [[197, 40]], [[197, 41]], [[197, 42]], [[197, 43]], [[197, 44]], [[196, 45]], [[195, 46]], [[195, 47]], [[194, 48]], [[193, 49]], [[192, 50]], [[191, 51]], [[190, 52]], [[189, 51]], [[188, 51]], [[189, 52]], [[188, 53]], [[188, 54]], [[188, 55]], [[189, 56]], [[189, 57]], [[189, 58]], [[189, 57]], [[190, 56]], [[191, 55]], [[192, 55]], [[193, 54]], [[194, 54]], [[195, 55]], [[196, 55]], [[197, 56]], [[198, 56]], [[199, 56]], [[200, 56]], [[201, 55]], [[202, 55]], [[203, 55]], [[204, 55]], [[205, 55]], [[206, 55]], [[207, 55]], [[208, 56]], [[209, 57]], [[210, 58]], [[211, 58]], [[212, 59]], [[213, 59]], [[214, 59]], [[215, 60]], [[216, 61]], [[216, 62]], [[217, 63]], [[218, 64]], [[219, 63]], [[220, 64]], [[221, 64]], [[222, 63]], [[223, 63]], [[223, 62]], [[224, 61]], [[225, 60]], [[226, 59]], [[227, 59]], [[228, 58]], [[229, 58]], [[230, 58]], [[231, 58]], [[232, 57]], [[233, 57]], [[234, 56]], [[235, 55]], [[235, 54]], [[236, 53]], [[237, 52]], [[237, 51]], [[237, 50]], [[238, 49]], [[238, 48]], [[238, 47]], [[239, 46]], [[239, 45]], [[239, 44]], [[238, 43]], [[238, 42]], [[237, 41]], [[237, 40]], [[237, 39]], [[236, 38]], [[236, 37]], [[235, 36]], [[235, 35]], [[235, 34]], [[235, 33]], [[234, 32]], [[234, 31]], [[234, 30]], [[234, 29]], [[234, 28]], [[234, 27]], [[233, 26]], [[232, 25]], [[232, 24]], [[231, 24]], [[230, 23]], [[229, 23]], [[228, 23]], [[227, 22]], [[226, 21]], [[225, 20]], [[224, 20]], [[223, 20]], [[222, 20]]]","[[], [[[215, 63], [215, 64], [216, 65], [216, 66], [216, 67], [217, 67], [218, 68], [217, 69], [217, 70], [218, 70], [219, 71], [220, 71], [221, 70], [222, 70], [223, 69], [224, 68], [224, 67], [225, 66], [226, 66], [227, 65], [226, 64], [226, 65], [225, 66], [224, 66], [223, 66], [222, 66], [221, 66], [220, 66], [219, 66], [218, 65], [217, 64], [216, 63]]]]","[[], 238]"
148,148,"[[[727, 10]], [[728, 10]], [[729, 10]], [[730, 11]], [[731, 12]], [[730, 13]], [[730, 14]], [[730, 15]], [[730, 16]], [[730, 17]], [[729, 18]], [[728, 19]], [[727, 18]], [[726, 18]], [[725, 17]], [[725, 16]], [[724, 15]], [[724, 14]], [[724, 13]], [[724, 12]], [[723, 12]], [[722, 12]], [[721, 12]], [[720, 12]], [[719, 12]], [[719, 13]], [[718, 14]], [[717, 15]], [[716, 16]], [[716, 17]], [[716, 18]], [[715, 19]], [[714, 20]], [[713, 21]], [[713, 22]], [[713, 23]], [[713, 24]], [[714, 25]], [[715, 26]], [[716, 27]], [[717, 27]], [[718, 27]], [[719, 28]], [[719, 29]], [[720, 29]], [[721, 30]], [[722, 30]], [[723, 31]], [[724, 32]], [[725, 32]], [[726, 32]], [[727, 33]], [[728, 33]], [[729, 33]], [[730, 34]], [[731, 34]], [[732, 34]], [[733, 34]], [[734, 34]], [[735, 34]], [[736, 34]], [[737, 34]], [[738, 34]], [[739, 33]], [[740, 32]], [[741, 32]], [[742, 31]], [[742, 30]], [[742, 29]], [[742, 28]], [[742, 27]], [[741, 26]], [[741, 25]], [[740, 24]], [[740, 23]], [[739, 22]], [[738, 21]], [[737, 20]], [[736, 19]], [[735, 18]], [[735, 17]], [[735, 16]], [[734, 15]], [[735, 14]], [[735, 13]], [[735, 12]], [[734, 12]], [[733, 11]], [[732, 10]], [[731, 10]], [[730, 10]], [[729, 10]], [[728, 10]]]",[[]],[]
