,ncm_ind,ncm_cordi,pore,pore_ind
0,0,"[[[60, 1172]], [[59, 1173]], [[58, 1173]], [[57, 1174]], [[57, 1175]], [[56, 1176]], [[56, 1177]], [[55, 1178]], [[55, 1179]], [[54, 1180]], [[53, 1181]], [[53, 1182]], [[53, 1183]], [[53, 1184]], [[53, 1185]], [[54, 1186]], [[54, 1187]], [[54, 1188]], [[55, 1189]], [[55, 1190]], [[55, 1191]], [[55, 1192]], [[56, 1193]], [[56, 1194]], [[56, 1195]], [[56, 1196]], [[57, 1197]], [[58, 1198]], [[59, 1198]], [[59, 1197]], [[60, 1196]], [[60, 1195]], [[60, 1194]], [[60, 1193]], [[60, 1192]], [[60, 1191]], [[60, 1190]], [[61, 1189]], [[62, 1188]], [[63, 1187]], [[64, 1187]], [[64, 1186]], [[64, 1185]], [[64, 1184]], [[63, 1184]], [[62, 1183]], [[62, 1182]], [[62, 1181]], [[62, 1180]], [[62, 1179]], [[62, 1178]], [[62, 1177]], [[61, 1176]], [[61, 1175]], [[61, 1174]], [[60, 1173]]]","[[], [[[63, 1176], [64, 1177], [65, 1177], [66, 1178], [66, 1179], [66, 1180], [65, 1181], [64, 1181], [63, 1181], [63, 1182], [63, 1183], [64, 1183], [65, 1182], [66, 1183], [67, 1184], [66, 1185], [66, 1186], [66, 1187], [66, 1188], [67, 1189], [68, 1189], [69, 1188], [69, 1187], [68, 1186], [67, 1185], [67, 1184], [67, 1183], [67, 1182], [67, 1181], [67, 1180], [67, 1179], [67, 1178], [66, 1177], [66, 1176], [65, 1176], [64, 1176]]]]","[[], 0]"
1,1,"[[[634, 1170]], [[633, 1171]], [[632, 1172]], [[631, 1172]], [[630, 1173]], [[629, 1173]], [[628, 1173]], [[627, 1173]], [[626, 1174]], [[625, 1174]], [[624, 1175]], [[623, 1174]], [[622, 1174]], [[621, 1174]], [[620, 1174]], [[619, 1174]], [[618, 1175]], [[617, 1174]], [[616, 1175]], [[615, 1175]], [[616, 1175]], [[617, 1176]], [[616, 1177]], [[616, 1178]], [[615, 1179]], [[615, 1180]], [[615, 1181]], [[615, 1182]], [[616, 1182]], [[617, 1183]], [[618, 1183]], [[619, 1183]], [[620, 1183]], [[621, 1184]], [[622, 1185]], [[623, 1185]], [[624, 1186]], [[624, 1187]], [[625, 1187]], [[626, 1188]], [[627, 1189]], [[628, 1189]], [[629, 1190]], [[629, 1191]], [[630, 1192]], [[631, 1193]], [[632, 1194]], [[633, 1194]], [[634, 1195]], [[635, 1196]], [[636, 1195]], [[637, 1195]], [[638, 1195]], [[639, 1195]], [[640, 1194]], [[641, 1194]], [[642, 1193]], [[642, 1192]], [[642, 1191]], [[643, 1190]], [[643, 1189]], [[644, 1188]], [[645, 1189]], [[644, 1188]], [[645, 1187]], [[645, 1186]], [[646, 1185]], [[647, 1186]], [[646, 1185]], [[647, 1184]], [[647, 1183]], [[647, 1182]], [[648, 1181]], [[649, 1180]], [[650, 1179]], [[649, 1178]], [[649, 1177]], [[649, 1176]], [[648, 1176]], [[647, 1176]], [[646, 1176]], [[645, 1177]], [[644, 1176]], [[643, 1175]], [[642, 1175]], [[641, 1174]], [[640, 1174]], [[639, 1173]], [[638, 1172]], [[637, 1171]], [[636, 1170]], [[635, 1170]]]","[[], [[[615, 1184], [616, 1184], [617, 1185], [618, 1186], [619, 1186], [620, 1187], [621, 1187], [622, 1188], [623, 1189], [624, 1190], [625, 1190], [626, 1190], [627, 1190], [628, 1191], [628, 1192], [628, 1193], [629, 1193], [630, 1193], [629, 1192], [628, 1191], [628, 1190], [627, 1190], [626, 1189], [625, 1188], [624, 1188], [623, 1187], [623, 1186], [622, 1186], [621, 1185], [620, 1184], [619, 1184], [618, 1184], [617, 1184], [616, 1184]]], [[[661, 1169], [661, 1170], [660, 1171], [659, 1171], [658, 1171], [657, 1170], [657, 1171], [657, 1172], [657, 1173], [657, 1174], [656, 1175], [655, 1175], [655, 1176], [655, 1177], [654, 1178], [653, 1177], [652, 1177], [651, 1177], [650, 1177], [650, 1178], [651, 1178], [652, 1178], [653, 1178], [654, 1179], [653, 1180], [652, 1180], [651, 1181], [650, 1182], [649, 1183], [648, 1183], [648, 1184], [648, 1185], [648, 1186], [647, 1187], [646, 1187], [646, 1188], [646, 1189], [645, 1190], [644, 1190], [643, 1191], [643, 1192], [643, 1193], [642, 1194], [642, 1195], [643, 1195], [643, 1194], [644, 1193], [645, 1192], [646, 1192], [647, 1192], [648, 1192], [649, 1192], [649, 1191], [650, 1190], [650, 1189], [650, 1188], [649, 1187], [650, 1186], [651, 1185], [652, 1186], [652, 1187], [653, 1187], [654, 1187], [655, 1186], [654, 1185], [654, 1184], [653, 1183], [654, 1182], [654, 1181], [655, 1180], [655, 1179], [655, 1178], [656, 1177], [656, 1176], [657, 1175], [657, 1174], [658, 1173], [659, 1173], [660, 1173], [661, 1172], [662, 1171], [662, 1170], [662, 1169]]]]","[[], 1, 2]"
2,2,"[[[72, 1167]], [[71, 1168]], [[70, 1168]], [[69, 1169]], [[68, 1169]], [[68, 1170]], [[68, 1171]], [[68, 1172]], [[67, 1173]], [[67, 1174]], [[67, 1175]], [[67, 1176]], [[67, 1177]], [[68, 1178]], [[68, 1179]], [[68, 1180]], [[68, 1181]], [[68, 1182]], [[68, 1183]], [[68, 1184]], [[68, 1185]], [[69, 1186]], [[70, 1187]], [[70, 1188]], [[70, 1189]], [[71, 1189]], [[72, 1190]], [[73, 1190]], [[74, 1191]], [[75, 1191]], [[76, 1191]], [[77, 1191]], [[78, 1191]], [[79, 1191]], [[80, 1191]], [[81, 1191]], [[82, 1191]], [[83, 1191]], [[84, 1190]], [[85, 1189]], [[86, 1188]], [[87, 1187]], [[88, 1187]], [[89, 1186]], [[90, 1185]], [[91, 1184]], [[92, 1183]], [[93, 1182]], [[93, 1181]], [[93, 1180]], [[93, 1179]], [[93, 1178]], [[93, 1177]], [[93, 1176]], [[93, 1175]], [[93, 1174]], [[92, 1173]], [[91, 1172]], [[90, 1171]], [[89, 1170]], [[88, 1170]], [[87, 1169]], [[86, 1169]], [[85, 1169]], [[84, 1169]], [[83, 1169]], [[82, 1169]], [[81, 1168]], [[80, 1168]], [[79, 1168]], [[78, 1168]], [[77, 1168]], [[76, 1168]], [[75, 1167]], [[74, 1167]], [[73, 1167]]]","[[[[63, 1176], [64, 1177], [65, 1177], [66, 1178], [66, 1179], [66, 1180], [65, 1181], [64, 1181], [63, 1181], [63, 1182], [63, 1183], [64, 1183], [65, 1182], [66, 1183], [67, 1184], [66, 1185], [66, 1186], [66, 1187], [66, 1188], [67, 1189], [68, 1189], [69, 1188], [69, 1187], [68, 1186], [67, 1185], [67, 1184], [67, 1183], [67, 1182], [67, 1181], [67, 1180], [67, 1179], [67, 1178], [66, 1177], [66, 1176], [65, 1176], [64, 1176]]], []]","[0, []]"
3,3,"[[[639, 1133]], [[639, 1134]], [[638, 1135]], [[638, 1136]], [[637, 1137]], [[636, 1138]], [[636, 1139]], [[635, 1140]], [[635, 1141]], [[635, 1142]], [[636, 1143]], [[636, 1144]], [[636, 1145]], [[635, 1146]], [[634, 1147]], [[634, 1148]], [[634, 1149]], [[634, 1150]], [[635, 1151]], [[634, 1152]], [[633, 1153]], [[634, 1153]], [[635, 1153]], [[636, 1153]], [[637, 1154]], [[638, 1154]], [[639, 1154]], [[640, 1153]], [[641, 1153]], [[642, 1152]], [[643, 1151]], [[644, 1151]], [[645, 1151]], [[646, 1151]], [[647, 1151]], [[648, 1151]], [[649, 1151]], [[650, 1151]], [[651, 1151]], [[652, 1151]], [[653, 1152]], [[654, 1151]], [[655, 1150]], [[656, 1149]], [[657, 1148]], [[658, 1148]], [[659, 1147]], [[659, 1146]], [[658, 1145]], [[658, 1144]], [[658, 1143]], [[657, 1143]], [[656, 1142]], [[655, 1141]], [[654, 1141]], [[653, 1141]], [[652, 1141]], [[651, 1140]], [[650, 1140]], [[649, 1139]], [[648, 1138]], [[647, 1137]], [[647, 1136]], [[646, 1135]], [[645, 1135]], [[644, 1134]], [[643, 1134]], [[642, 1133]], [[641, 1133]], [[640, 1133]]]",[[]],[]
4,4,"[[[733, 1123]], [[732, 1124]], [[731, 1125]], [[730, 1126]], [[729, 1126]], [[728, 1127]], [[727, 1128]], [[726, 1129]], [[725, 1130]], [[724, 1130]], [[723, 1131]], [[722, 1132]], [[721, 1132]], [[720, 1133]], [[719, 1134]], [[719, 1135]], [[718, 1136]], [[717, 1136]], [[717, 1137]], [[716, 1138]], [[716, 1139]], [[716, 1140]], [[715, 1141]], [[715, 1142]], [[714, 1143]], [[713, 1143]], [[712, 1143]], [[711, 1143]], [[710, 1144]], [[709, 1145]], [[708, 1145]], [[708, 1146]], [[707, 1147]], [[708, 1148]], [[708, 1149]], [[708, 1150]], [[708, 1151]], [[709, 1150]], [[710, 1151]], [[711, 1151]], [[712, 1152]], [[713, 1152]], [[714, 1153]], [[715, 1152]], [[716, 1152]], [[717, 1152]], [[717, 1151]], [[717, 1150]], [[718, 1149]], [[718, 1148]], [[719, 1147]], [[720, 1146]], [[721, 1146]], [[722, 1146]], [[723, 1146]], [[724, 1146]], [[725, 1146]], [[726, 1146]], [[727, 1146]], [[728, 1146]], [[729, 1146]], [[730, 1145]], [[731, 1144]], [[732, 1143]], [[733, 1142]], [[734, 1142]], [[735, 1142]], [[736, 1141]], [[737, 1141]], [[738, 1140]], [[739, 1139]], [[739, 1138]], [[740, 1137]], [[741, 1136]], [[741, 1135]], [[741, 1134]], [[741, 1133]], [[741, 1132]], [[741, 1131]], [[741, 1130]], [[741, 1129]], [[740, 1128]], [[739, 1127]], [[739, 1126]], [[739, 1125]], [[738, 1124]], [[737, 1123]], [[736, 1123]], [[735, 1123]], [[734, 1123]]]","[[], [[[724, 1124], [723, 1125], [722, 1125], [721, 1125], [720, 1125], [721, 1126], [721, 1127], [720, 1128], [721, 1127], [722, 1126], [723, 1126], [724, 1126], [725, 1127], [725, 1128], [724, 1129], [723, 1130], [722, 1130], [721, 1131], [720, 1131], [721, 1131], [722, 1131], [723, 1130], [724, 1129], [725, 1129], [726, 1128], [727, 1127], [727, 1126], [726, 1126], [725, 1125]]]]","[[], 4]"
5,5,"[[[511, 1123]], [[510, 1124]], [[509, 1124]], [[508, 1124]], [[507, 1124]], [[506, 1125]], [[505, 1124]], [[504, 1124]], [[503, 1125]], [[502, 1125]], [[501, 1125]], [[500, 1125]], [[499, 1124]], [[498, 1125]], [[497, 1125]], [[496, 1126]], [[495, 1127]], [[494, 1127]], [[493, 1128]], [[493, 1129]], [[492, 1130]], [[492, 1131]], [[491, 1132]], [[490, 1133]], [[489, 1134]], [[488, 1135]], [[488, 1136]], [[489, 1137]], [[489, 1138]], [[489, 1139]], [[489, 1140]], [[490, 1141]], [[490, 1142]], [[490, 1143]], [[490, 1144]], [[490, 1145]], [[491, 1146]], [[491, 1147]], [[491, 1148]], [[491, 1149]], [[492, 1150]], [[492, 1151]], [[492, 1152]], [[493, 1153]], [[494, 1153]], [[495, 1153]], [[496, 1153]], [[497, 1153]], [[498, 1153]], [[499, 1153]], [[500, 1153]], [[501, 1153]], [[502, 1153]], [[503, 1153]], [[504, 1154]], [[505, 1154]], [[506, 1154]], [[507, 1154]], [[508, 1154]], [[509, 1154]], [[510, 1154]], [[511, 1153]], [[512, 1152]], [[512, 1151]], [[513, 1150]], [[514, 1150]], [[515, 1149]], [[516, 1148]], [[517, 1149]], [[518, 1150]], [[518, 1151]], [[518, 1152]], [[518, 1153]], [[518, 1154]], [[519, 1155]], [[520, 1156]], [[520, 1157]], [[521, 1158]], [[522, 1158]], [[523, 1158]], [[524, 1158]], [[525, 1158]], [[526, 1158]], [[527, 1158]], [[528, 1157]], [[529, 1157]], [[530, 1157]], [[531, 1156]], [[532, 1155]], [[533, 1156]], [[533, 1157]], [[534, 1157]], [[535, 1157]], [[536, 1157]], [[537, 1157]], [[538, 1157]], [[539, 1157]], [[540, 1157]], [[541, 1157]], [[542, 1156]], [[542, 1155]], [[542, 1154]], [[542, 1153]], [[542, 1152]], [[541, 1151]], [[542, 1150]], [[542, 1149]], [[543, 1148]], [[543, 1147]], [[542, 1147]], [[541, 1146]], [[541, 1145]], [[541, 1144]], [[541, 1143]], [[541, 1142]], [[541, 1141]], [[541, 1140]], [[541, 1139]], [[542, 1138]], [[542, 1137]], [[541, 1137]], [[540, 1136]], [[541, 1135]], [[542, 1135]], [[542, 1134]], [[542, 1133]], [[541, 1133]], [[540, 1133]], [[541, 1134]], [[541, 1135]], [[540, 1136]], [[540, 1137]], [[539, 1138]], [[538, 1139]], [[537, 1139]], [[536, 1140]], [[535, 1140]], [[534, 1140]], [[533, 1139]], [[532, 1140]], [[531, 1140]], [[530, 1140]], [[529, 1139]], [[529, 1138]], [[528, 1138]], [[527, 1138]], [[526, 1139]], [[525, 1138]], [[525, 1137]], [[524, 1138]], [[524, 1139]], [[523, 1140]], [[522, 1141]], [[521, 1141]], [[520, 1141]], [[519, 1140]], [[519, 1139]], [[520, 1138]], [[521, 1137]], [[522, 1136]], [[523, 1135]], [[523, 1134]], [[523, 1133]], [[523, 1132]], [[522, 1131]], [[521, 1130]], [[520, 1129]], [[520, 1128]], [[519, 1128]], [[518, 1127]], [[517, 1127]], [[516, 1126]], [[515, 1125]], [[515, 1124]], [[514, 1123]], [[513, 1123]], [[512, 1124]]]","[[[[495, 1115], [494, 1116], [494, 1117], [495, 1117], [496, 1117], [497, 1117], [498, 1117], [499, 1118], [500, 1119], [501, 1120], [502, 1120], [503, 1120], [504, 1121], [505, 1121], [506, 1122], [507, 1123], [508, 1123], [509, 1123], [510, 1123], [511, 1122], [512, 1122], [511, 1121], [510, 1121], [509, 1122], [508, 1122], [507, 1121], [506, 1121], [505, 1121], [504, 1121], [503, 1120], [502, 1120], [501, 1119], [500, 1118], [500, 1117], [499, 1116], [498, 1115], [497, 1115], [496, 1116]]], [], [[[532, 1157], [531, 1158], [530, 1159], [529, 1159], [528, 1159], [527, 1160], [526, 1160], [525, 1160], [524, 1161], [523, 1160], [522, 1160], [521, 1159], [520, 1158], [519, 1158], [518, 1159], [517, 1160], [516, 1161], [516, 1162], [517, 1163], [518, 1162], [519, 1162], [520, 1163], [521, 1164], [522, 1165], [523, 1165], [524, 1165], [525, 1166], [526, 1165], [527, 1165], [528, 1164], [528, 1163], [527, 1162], [528, 1161], [529, 1160], [530, 1160], [531, 1160], [532, 1159], [533, 1159], [534, 1160], [535, 1160], [536, 1160], [537, 1160], [538, 1160], [539, 1160], [540, 1160], [539, 1160], [538, 1159], [537, 1159], [536, 1159], [535, 1159], [534, 1159], [533, 1158]]], [[[516, 1124], [516, 1125], [517, 1126], [518, 1126], [519, 1127], [520, 1127], [521, 1128], [521, 1129], [522, 1130], [523, 1131], [524, 1132], [524, 1133], [524, 1134], [524, 1135], [523, 1136], [523, 1137], [524, 1137], [525, 1136], [524, 1135], [524, 1134], [525, 1133], [525, 1132], [524, 1131], [523, 1131], [522, 1130], [522, 1129], [522, 1128], [521, 1127], [521, 1126], [520, 1125], [519, 1126], [518, 1125], [517, 1124]]]]","[5, [], 6, 7]"
6,6,"[[[524, 1116]], [[523, 1117]], [[523, 1118]], [[523, 1119]], [[523, 1120]], [[524, 1120]], [[525, 1119]], [[526, 1120]], [[527, 1120]], [[528, 1120]], [[528, 1119]], [[529, 1118]], [[530, 1119]], [[531, 1120]], [[532, 1121]], [[533, 1122]], [[532, 1123]], [[531, 1123]], [[531, 1124]], [[530, 1125]], [[529, 1125]], [[528, 1125]], [[529, 1125]], [[530, 1125]], [[531, 1124]], [[532, 1124]], [[533, 1125]], [[532, 1126]], [[531, 1127]], [[531, 1128]], [[532, 1128]], [[532, 1127]], [[533, 1126]], [[534, 1125]], [[533, 1124]], [[533, 1123]], [[533, 1122]], [[532, 1121]], [[532, 1120]], [[533, 1119]], [[533, 1118]], [[533, 1117]], [[532, 1118]], [[531, 1117]], [[530, 1117]], [[529, 1118]], [[528, 1119]], [[527, 1118]], [[526, 1117]], [[525, 1117]]]","[[[[523, 1106], [523, 1107], [524, 1108], [525, 1109], [524, 1110], [525, 1111], [525, 1112], [525, 1113], [524, 1114], [523, 1114], [522, 1114], [521, 1114], [520, 1115], [520, 1116], [521, 1117], [520, 1118], [520, 1119], [521, 1120], [522, 1121], [522, 1122], [523, 1122], [524, 1122], [523, 1121], [522, 1120], [522, 1119], [522, 1118], [522, 1117], [523, 1116], [523, 1115], [524, 1114], [525, 1113], [526, 1114], [526, 1115], [527, 1115], [528, 1115], [529, 1115], [530, 1116], [531, 1116], [532, 1117], [533, 1116], [534, 1117], [535, 1118], [534, 1119], [534, 1120], [535, 1120], [536, 1119], [537, 1119], [538, 1120], [537, 1121], [536, 1122], [536, 1123], [536, 1124], [537, 1124], [538, 1123], [538, 1122], [538, 1121], [539, 1120], [540, 1119], [541, 1119], [542, 1120], [542, 1119], [541, 1119], [540, 1118], [541, 1117], [542, 1117], [543, 1116], [544, 1117], [543, 1116], [543, 1115], [542, 1115], [541, 1114], [540, 1114], [540, 1115], [540, 1116], [539, 1117], [539, 1118], [538, 1119], [537, 1119], [536, 1119], [535, 1118], [536, 1117], [537, 1117], [536, 1117], [535, 1116], [534, 1117], [533, 1116], [533, 1115], [533, 1114], [532, 1114], [531, 1114], [530, 1113], [529, 1112], [528, 1111], [527, 1111], [526, 1110], [526, 1109], [526, 1108], [526, 1107], [526, 1106], [525, 1106], [524, 1106]]]]",[8]
7,7,"[[[108, 1116]], [[107, 1117]], [[106, 1118]], [[105, 1118]], [[104, 1119]], [[103, 1119]], [[103, 1120]], [[103, 1121]], [[104, 1122]], [[105, 1122]], [[106, 1123]], [[105, 1124]], [[105, 1125]], [[106, 1126]], [[105, 1127]], [[105, 1128]], [[105, 1129]], [[105, 1130]], [[106, 1130]], [[107, 1129]], [[108, 1129]], [[109, 1130]], [[109, 1131]], [[110, 1130]], [[111, 1131]], [[112, 1131]], [[113, 1132]], [[114, 1132]], [[115, 1132]], [[116, 1132]], [[117, 1131]], [[118, 1131]], [[119, 1130]], [[120, 1130]], [[120, 1129]], [[119, 1128]], [[118, 1127]], [[117, 1126]], [[117, 1125]], [[117, 1124]], [[117, 1123]], [[117, 1122]], [[117, 1121]], [[117, 1120]], [[117, 1119]], [[116, 1119]], [[115, 1118]], [[114, 1118]], [[113, 1117]], [[112, 1116]], [[111, 1116]], [[110, 1116]], [[109, 1116]]]","[[[[109, 1107], [110, 1108], [111, 1109], [111, 1110], [111, 1111], [111, 1112], [111, 1113], [110, 1114], [109, 1115], [108, 1115], [107, 1114], [106, 1114], [105, 1114], [104, 1114], [105, 1114], [106, 1115], [106, 1116], [107, 1116], [108, 1115], [109, 1115], [110, 1114], [111, 1113], [111, 1112], [112, 1111], [113, 1110], [113, 1109], [112, 1108], [111, 1108], [110, 1107]]], []]","[9, []]"
8,8,"[[[678, 1114]], [[677, 1115]], [[676, 1115]], [[676, 1116]], [[675, 1117]], [[675, 1118]], [[674, 1119]], [[673, 1119]], [[672, 1120]], [[671, 1120]], [[670, 1120]], [[669, 1121]], [[668, 1122]], [[668, 1123]], [[668, 1124]], [[668, 1125]], [[668, 1126]], [[667, 1127]], [[666, 1127]], [[667, 1128]], [[668, 1129]], [[669, 1130]], [[670, 1130]], [[671, 1131]], [[671, 1132]], [[671, 1133]], [[672, 1133]], [[673, 1132]], [[674, 1131]], [[675, 1132]], [[676, 1131]], [[677, 1130]], [[678, 1130]], [[679, 1130]], [[680, 1130]], [[680, 1129]], [[681, 1128]], [[681, 1127]], [[682, 1126]], [[682, 1125]], [[683, 1124]], [[683, 1123]], [[683, 1122]], [[683, 1121]], [[682, 1120]], [[681, 1119]], [[681, 1118]], [[681, 1117]], [[680, 1116]], [[680, 1115]], [[679, 1114]]]","[[], [[[682, 1127], [682, 1128], [682, 1129], [682, 1130], [681, 1131], [680, 1131], [680, 1132], [679, 1133], [678, 1133], [677, 1134], [676, 1133], [675, 1133], [676, 1134], [676, 1135], [676, 1136], [676, 1137], [677, 1137], [678, 1136], [679, 1136], [680, 1136], [681, 1136], [681, 1135], [682, 1134], [683, 1133], [683, 1132], [682, 1131], [682, 1130], [682, 1129], [683, 1128], [683, 1127]]]]","[[], 10]"
9,9,"[[[398, 1112]], [[398, 1113]], [[397, 1114]], [[396, 1115]], [[396, 1116]], [[396, 1117]], [[395, 1118]], [[394, 1119]], [[393, 1120]], [[392, 1121]], [[391, 1121]], [[390, 1120]], [[389, 1119]], [[388, 1119]], [[387, 1120]], [[387, 1121]], [[387, 1122]], [[386, 1123]], [[385, 1123]], [[384, 1123]], [[385, 1123]], [[386, 1124]], [[386, 1125]], [[386, 1126]], [[385, 1127]], [[386, 1128]], [[386, 1129]], [[385, 1130]], [[384, 1129]], [[384, 1130]], [[384, 1131]], [[384, 1132]], [[384, 1133]], [[384, 1134]], [[385, 1135]], [[385, 1136]], [[385, 1137]], [[386, 1138]], [[387, 1139]], [[387, 1140]], [[386, 1141]], [[385, 1141]], [[385, 1142]], [[385, 1143]], [[385, 1144]], [[386, 1143]], [[387, 1142]], [[388, 1142]], [[389, 1142]], [[390, 1142]], [[391, 1142]], [[392, 1142]], [[393, 1141]], [[394, 1141]], [[395, 1141]], [[396, 1141]], [[397, 1141]], [[398, 1141]], [[399, 1142]], [[400, 1142]], [[401, 1142]], [[402, 1142]], [[403, 1142]], [[404, 1142]], [[405, 1142]], [[406, 1142]], [[407, 1142]], [[408, 1142]], [[409, 1143]], [[409, 1144]], [[408, 1145]], [[409, 1146]], [[408, 1147]], [[408, 1148]], [[407, 1149]], [[406, 1149]], [[405, 1149]], [[404, 1149]], [[405, 1150]], [[406, 1151]], [[405, 1152]], [[405, 1153]], [[406, 1154]], [[406, 1155]], [[405, 1156]], [[405, 1157]], [[405, 1158]], [[404, 1159]], [[405, 1160]], [[405, 1161]], [[405, 1162]], [[406, 1162]], [[407, 1163]], [[408, 1163]], [[409, 1164]], [[410, 1165]], [[410, 1166]], [[410, 1167]], [[411, 1167]], [[412, 1166]], [[413, 1166]], [[414, 1165]], [[415, 1164]], [[416, 1163]], [[416, 1162]], [[417, 1161]], [[418, 1161]], [[419, 1161]], [[420, 1161]], [[421, 1162]], [[420, 1163]], [[419, 1164]], [[418, 1164]], [[418, 1165]], [[417, 1166]], [[416, 1167]], [[415, 1168]], [[415, 1169]], [[414, 1170]], [[414, 1171]], [[413, 1172]], [[413, 1173]], [[413, 1174]], [[413, 1175]], [[413, 1176]], [[413, 1177]], [[414, 1178]], [[414, 1179]], [[414, 1180]], [[413, 1181]], [[414, 1182]], [[414, 1183]], [[414, 1184]], [[414, 1185]], [[414, 1186]], [[415, 1186]], [[416, 1187]], [[417, 1187]], [[418, 1187]], [[419, 1188]], [[420, 1188]], [[421, 1189]], [[422, 1190]], [[423, 1190]], [[424, 1190]], [[425, 1190]], [[426, 1190]], [[427, 1190]], [[428, 1190]], [[429, 1190]], [[430, 1190]], [[431, 1190]], [[432, 1189]], [[433, 1189]], [[434, 1189]], [[435, 1188]], [[436, 1188]], [[437, 1188]], [[438, 1187]], [[439, 1187]], [[440, 1187]], [[441, 1186]], [[442, 1186]], [[443, 1186]], [[444, 1186]], [[445, 1185]], [[446, 1184]], [[447, 1184]], [[448, 1183]], [[449, 1182]], [[450, 1182]], [[451, 1181]], [[452, 1181]], [[453, 1181]], [[454, 1181]], [[455, 1180]], [[456, 1179]], [[456, 1178]], [[457, 1177]], [[458, 1176]], [[458, 1175]], [[459, 1174]], [[460, 1173]], [[460, 1172]], [[461, 1171]], [[461, 1170]], [[461, 1169]], [[462, 1168]], [[463, 1167]], [[463, 1166]], [[463, 1165]], [[463, 1164]], [[464, 1163]], [[464, 1162]], [[465, 1161]], [[466, 1160]], [[467, 1159]], [[468, 1158]], [[468, 1157]], [[468, 1156]], [[468, 1155]], [[467, 1154]], [[467, 1153]], [[467, 1152]], [[467, 1151]], [[466, 1150]], [[465, 1149]], [[464, 1148]], [[463, 1147]], [[462, 1147]], [[461, 1146]], [[460, 1146]], [[459, 1145]], [[458, 1145]], [[457, 1144]], [[456, 1144]], [[455, 1144]], [[454, 1144]], [[453, 1144]], [[452, 1143]], [[451, 1143]], [[450, 1143]], [[449, 1143]], [[448, 1144]], [[447, 1145]], [[446, 1145]], [[445, 1145]], [[444, 1146]], [[443, 1146]], [[443, 1147]], [[442, 1148]], [[441, 1149]], [[440, 1149]], [[439, 1150]], [[438, 1150]], [[437, 1151]], [[436, 1152]], [[435, 1153]], [[434, 1154]], [[434, 1155]], [[433, 1156]], [[433, 1157]], [[432, 1158]], [[431, 1158]], [[430, 1159]], [[429, 1159]], [[428, 1159]], [[427, 1159]], [[426, 1159]], [[425, 1159]], [[424, 1160]], [[423, 1160]], [[422, 1161]], [[421, 1160]], [[421, 1159]], [[422, 1158]], [[422, 1157]], [[422, 1156]], [[423, 1155]], [[423, 1154]], [[424, 1153]], [[425, 1152]], [[425, 1151]], [[425, 1150]], [[425, 1149]], [[426, 1148]], [[426, 1147]], [[426, 1146]], [[426, 1145]], [[427, 1144]], [[427, 1143]], [[427, 1142]], [[426, 1141]], [[426, 1140]], [[427, 1139]], [[426, 1138]], [[425, 1137]], [[424, 1136]], [[423, 1136]], [[422, 1136]], [[421, 1135]], [[420, 1134]], [[419, 1134]], [[418, 1134]], [[417, 1134]], [[416, 1134]], [[415, 1134]], [[414, 1133]], [[414, 1132]], [[414, 1131]], [[414, 1130]], [[413, 1129]], [[413, 1128]], [[413, 1127]], [[413, 1126]], [[413, 1125]], [[412, 1124]], [[412, 1123]], [[412, 1122]], [[411, 1121]], [[410, 1120]], [[410, 1119]], [[409, 1118]], [[408, 1118]], [[407, 1117]], [[406, 1117]], [[405, 1116]], [[404, 1115]], [[403, 1114]], [[402, 1113]], [[401, 1112]], [[400, 1112]], [[399, 1112]]]","[[], [[[380, 1116], [379, 1117], [378, 1117], [377, 1117], [377, 1118], [376, 1119], [375, 1120], [374, 1120], [373, 1120], [372, 1119], [372, 1118], [371, 1119], [371, 1120], [371, 1121], [371, 1122], [370, 1123], [369, 1123], [369, 1124], [370, 1124], [370, 1123], [371, 1122], [372, 1122], [373, 1122], [374, 1122], [375, 1121], [376, 1121], [377, 1121], [378, 1121], [379, 1120], [380, 1119], [381, 1118], [382, 1118], [383, 1119], [384, 1120], [384, 1119], [384, 1118], [384, 1117], [383, 1116], [382, 1116], [381, 1116]]], [[[382, 1129], [381, 1130], [380, 1131], [380, 1132], [381, 1132], [382, 1133], [383, 1134], [383, 1135], [384, 1136], [384, 1137], [384, 1138], [384, 1139], [384, 1140], [385, 1140], [386, 1140], [386, 1139], [385, 1138], [384, 1137], [384, 1136], [384, 1135], [383, 1134], [383, 1133], [383, 1132], [383, 1131], [383, 1130], [383, 1129]]]]","[[], 11, 12]"
10,10,"[[[503, 1110]], [[502, 1111]], [[502, 1112]], [[502, 1113]], [[501, 1114]], [[500, 1115]], [[500, 1116]], [[501, 1117]], [[501, 1118]], [[502, 1118]], [[503, 1119]], [[504, 1119]], [[505, 1119]], [[506, 1119]], [[507, 1120]], [[508, 1119]], [[509, 1119]], [[510, 1120]], [[510, 1119]], [[511, 1118]], [[512, 1118]], [[513, 1117]], [[513, 1116]], [[513, 1115]], [[513, 1114]], [[512, 1113]], [[511, 1113]], [[510, 1112]], [[509, 1112]], [[508, 1111]], [[507, 1111]], [[506, 1111]], [[505, 1111]], [[504, 1111]]]","[[[[495, 1115], [494, 1116], [494, 1117], [495, 1117], [496, 1117], [497, 1117], [498, 1117], [499, 1118], [500, 1119], [501, 1120], [502, 1120], [503, 1120], [504, 1121], [505, 1121], [506, 1122], [507, 1123], [508, 1123], [509, 1123], [510, 1123], [511, 1122], [512, 1122], [511, 1121], [510, 1121], [509, 1122], [508, 1122], [507, 1121], [506, 1121], [505, 1121], [504, 1121], [503, 1120], [502, 1120], [501, 1119], [500, 1118], [500, 1117], [499, 1116], [498, 1115], [497, 1115], [496, 1116]]]]",[5]
11,11,"[[[30, 1104]], [[29, 1105]], [[28, 1106]], [[27, 1106]], [[26, 1106]], [[25, 1107]], [[24, 1108]], [[23, 1108]], [[22, 1109]], [[21, 1110]], [[21, 1111]], [[21, 1112]], [[21, 1113]], [[20, 1114]], [[20, 1115]], [[19, 1116]], [[19, 1117]], [[19, 1118]], [[19, 1119]], [[19, 1120]], [[19, 1121]], [[19, 1122]], [[20, 1123]], [[20, 1124]], [[20, 1125]], [[20, 1126]], [[21, 1127]], [[21, 1128]], [[21, 1129]], [[22, 1130]], [[22, 1131]], [[22, 1132]], [[23, 1133]], [[24, 1134]], [[25, 1135]], [[26, 1136]], [[27, 1136]], [[28, 1136]], [[29, 1137]], [[30, 1137]], [[31, 1137]], [[32, 1138]], [[33, 1139]], [[34, 1138]], [[35, 1138]], [[36, 1137]], [[36, 1136]], [[36, 1135]], [[36, 1134]], [[36, 1133]], [[37, 1132]], [[37, 1131]], [[37, 1130]], [[37, 1129]], [[37, 1128]], [[37, 1127]], [[37, 1126]], [[37, 1125]], [[37, 1124]], [[36, 1123]], [[36, 1122]], [[36, 1121]], [[37, 1120]], [[38, 1121]], [[39, 1122]], [[40, 1122]], [[41, 1122]], [[42, 1122]], [[43, 1123]], [[44, 1122]], [[43, 1121]], [[42, 1120]], [[43, 1119]], [[44, 1119]], [[45, 1119]], [[46, 1119]], [[47, 1119]], [[48, 1120]], [[48, 1121]], [[48, 1120]], [[49, 1119]], [[50, 1120]], [[51, 1119]], [[51, 1118]], [[51, 1117]], [[51, 1116]], [[50, 1115]], [[50, 1114]], [[50, 1113]], [[49, 1113]], [[48, 1113]], [[47, 1113]], [[46, 1113]], [[45, 1114]], [[44, 1114]], [[43, 1114]], [[42, 1113]], [[42, 1112]], [[41, 1112]], [[40, 1113]], [[39, 1114]], [[39, 1115]], [[39, 1116]], [[38, 1117]], [[37, 1117]], [[36, 1116]], [[36, 1115]], [[36, 1114]], [[35, 1113]], [[35, 1112]], [[35, 1111]], [[35, 1110]], [[35, 1109]], [[34, 1108]], [[34, 1107]], [[34, 1106]], [[34, 1105]], [[33, 1104]], [[32, 1104]], [[31, 1104]]]","[[], [[[32, 1140], [31, 1141], [30, 1142], [29, 1143], [28, 1144], [27, 1145], [26, 1146], [25, 1146], [25, 1147], [25, 1148], [25, 1149], [25, 1150], [25, 1151], [25, 1152], [25, 1153], [26, 1154], [27, 1154], [28, 1154], [28, 1153], [27, 1152], [27, 1151], [27, 1150], [27, 1149], [27, 1148], [27, 1147], [28, 1146], [29, 1145], [30, 1144], [31, 1144], [31, 1143], [32, 1142], [33, 1141], [34, 1141], [34, 1140], [33, 1140]]], [[[55, 1110], [54, 1111], [53, 1111], [52, 1111], [51, 1111], [51, 1112], [52, 1112], [53, 1113], [52, 1114], [51, 1114], [51, 1115], [52, 1116], [52, 1117], [52, 1118], [52, 1119], [51, 1120], [50, 1121], [49, 1122], [48, 1122], [47, 1121], [47, 1120], [46, 1120], [45, 1120], [44, 1120], [43, 1120], [44, 1121], [45, 1121], [46, 1122], [46, 1123], [47, 1123], [48, 1123], [49, 1124], [50, 1124], [51, 1125], [50, 1126], [49, 1126], [48, 1127], [47, 1127], [46, 1127], [45, 1126], [45, 1125], [44, 1126], [44, 1127], [45, 1127], [46, 1127], [47, 1127], [48, 1127], [49, 1127], [50, 1127], [51, 1127], [52, 1127], [53, 1126], [54, 1126], [54, 1125], [54, 1124], [54, 1123], [55, 1122], [56, 1122], [56, 1121], [57, 1120], [58, 1120], [57, 1119], [56, 1119], [55, 1118], [55, 1117], [55, 1116], [54, 1115], [55, 1114], [56, 1114], [57, 1114], [58, 1114], [58, 1113], [58, 1112], [58, 1111], [57, 1111], [56, 1111]]]]","[[], 14, 15]"
12,12,"[[[478, 1101]], [[477, 1102]], [[476, 1102]], [[475, 1102]], [[474, 1102]], [[473, 1103]], [[472, 1104]], [[471, 1105]], [[470, 1105]], [[469, 1106]], [[468, 1106]], [[467, 1106]], [[466, 1106]], [[465, 1107]], [[464, 1107]], [[463, 1108]], [[462, 1109]], [[461, 1110]], [[460, 1111]], [[460, 1112]], [[460, 1113]], [[460, 1114]], [[460, 1115]], [[461, 1116]], [[461, 1117]], [[462, 1117]], [[463, 1118]], [[464, 1119]], [[465, 1120]], [[465, 1121]], [[465, 1122]], [[466, 1123]], [[466, 1124]], [[467, 1125]], [[468, 1126]], [[468, 1127]], [[469, 1128]], [[469, 1129]], [[470, 1130]], [[471, 1131]], [[472, 1132]], [[473, 1133]], [[474, 1134]], [[474, 1135]], [[475, 1136]], [[475, 1137]], [[475, 1138]], [[475, 1139]], [[476, 1139]], [[477, 1139]], [[478, 1139]], [[479, 1139]], [[480, 1139]], [[481, 1139]], [[482, 1139]], [[483, 1138]], [[484, 1137]], [[484, 1136]], [[484, 1135]], [[485, 1134]], [[485, 1133]], [[484, 1132]], [[484, 1131]], [[483, 1130]], [[483, 1129]], [[482, 1128]], [[482, 1127]], [[482, 1126]], [[483, 1125]], [[484, 1125]], [[485, 1124]], [[486, 1124]], [[487, 1124]], [[488, 1124]], [[489, 1124]], [[490, 1123]], [[491, 1123]], [[492, 1122]], [[492, 1121]], [[493, 1120]], [[493, 1119]], [[493, 1118]], [[493, 1117]], [[493, 1116]], [[493, 1115]], [[493, 1114]], [[494, 1113]], [[494, 1112]], [[494, 1111]], [[493, 1110]], [[493, 1109]], [[493, 1108]], [[493, 1107]], [[492, 1106]], [[491, 1105]], [[491, 1104]], [[490, 1103]], [[489, 1102]], [[488, 1102]], [[487, 1102]], [[486, 1102]], [[485, 1102]], [[484, 1101]], [[483, 1101]], [[482, 1101]], [[481, 1101]], [[480, 1101]], [[479, 1101]]]","[[], [[[495, 1115], [494, 1116], [494, 1117], [495, 1117], [496, 1117], [497, 1117], [498, 1117], [499, 1118], [500, 1119], [501, 1120], [502, 1120], [503, 1120], [504, 1121], [505, 1121], [506, 1122], [507, 1123], [508, 1123], [509, 1123], [510, 1123], [511, 1122], [512, 1122], [511, 1121], [510, 1121], [509, 1122], [508, 1122], [507, 1121], [506, 1121], [505, 1121], [504, 1121], [503, 1120], [502, 1120], [501, 1119], [500, 1118], [500, 1117], [499, 1116], [498, 1115], [497, 1115], [496, 1116]]], [[[491, 1098], [490, 1099], [489, 1099], [489, 1100], [490, 1100], [491, 1101], [491, 1102], [491, 1103], [492, 1104], [492, 1105], [493, 1106], [494, 1107], [494, 1108], [494, 1109], [494, 1110], [495, 1110], [496, 1110], [497, 1110], [498, 1110], [499, 1110], [499, 1109], [498, 1109], [497, 1109], [496, 1109], [495, 1108], [494, 1107], [494, 1106], [493, 1105], [493, 1104], [493, 1103], [492, 1102], [491, 1101], [491, 1100], [492, 1099], [492, 1098]]]]","[[], 5, 17]"
13,13,"[[[550, 1099]], [[550, 1100]], [[549, 1101]], [[549, 1102]], [[549, 1103]], [[548, 1104]], [[548, 1105]], [[548, 1106]], [[549, 1107]], [[550, 1108]], [[550, 1109]], [[550, 1110]], [[551, 1111]], [[551, 1112]], [[552, 1112]], [[553, 1112]], [[554, 1112]], [[555, 1112]], [[556, 1112]], [[557, 1113]], [[557, 1114]], [[558, 1115]], [[559, 1115]], [[560, 1115]], [[561, 1115]], [[562, 1115]], [[563, 1115]], [[563, 1114]], [[563, 1113]], [[563, 1112]], [[564, 1111]], [[564, 1110]], [[563, 1109]], [[564, 1108]], [[564, 1107]], [[564, 1106]], [[564, 1105]], [[564, 1104]], [[563, 1103]], [[562, 1103]], [[561, 1102]], [[560, 1101]], [[559, 1100]], [[558, 1100]], [[557, 1100]], [[556, 1101]], [[555, 1100]], [[554, 1100]], [[553, 1099]], [[552, 1099]], [[551, 1099]]]",[[]],[]
14,14,"[[[766, 1083]], [[765, 1084]], [[764, 1084]], [[763, 1084]], [[762, 1085]], [[761, 1085]], [[760, 1086]], [[759, 1087]], [[758, 1087]], [[757, 1088]], [[756, 1088]], [[755, 1089]], [[754, 1090]], [[754, 1091]], [[753, 1092]], [[753, 1093]], [[752, 1094]], [[752, 1095]], [[752, 1096]], [[752, 1097]], [[751, 1098]], [[751, 1099]], [[751, 1100]], [[751, 1101]], [[751, 1102]], [[751, 1103]], [[751, 1104]], [[751, 1105]], [[751, 1106]], [[751, 1107]], [[752, 1108]], [[752, 1109]], [[753, 1109]], [[754, 1110]], [[755, 1111]], [[756, 1112]], [[757, 1112]], [[758, 1112]], [[759, 1113]], [[760, 1112]], [[761, 1112]], [[762, 1112]], [[763, 1112]], [[764, 1112]], [[765, 1111]], [[766, 1111]], [[767, 1111]], [[768, 1111]], [[769, 1110]], [[770, 1110]], [[771, 1110]], [[772, 1110]], [[773, 1110]], [[774, 1110]], [[775, 1109]], [[776, 1109]], [[777, 1108]], [[778, 1107]], [[779, 1107]], [[780, 1106]], [[780, 1105]], [[781, 1104]], [[781, 1103]], [[782, 1102]], [[782, 1101]], [[782, 1100]], [[782, 1099]], [[782, 1098]], [[782, 1097]], [[782, 1096]], [[782, 1095]], [[781, 1094]], [[780, 1093]], [[780, 1092]], [[779, 1091]], [[779, 1090]], [[778, 1089]], [[777, 1089]], [[776, 1088]], [[775, 1087]], [[774, 1086]], [[773, 1085]], [[772, 1084]], [[771, 1084]], [[770, 1083]], [[769, 1083]], [[768, 1083]], [[767, 1083]]]","[[], [[[784, 1091], [784, 1092], [784, 1093], [785, 1094], [785, 1095], [784, 1096], [784, 1097], [785, 1098], [784, 1099], [783, 1099], [783, 1100], [783, 1101], [783, 1102], [782, 1103], [782, 1104], [783, 1104], [784, 1104], [784, 1103], [785, 1102], [786, 1103], [787, 1103], [788, 1103], [789, 1103], [789, 1102], [788, 1101], [787, 1101], [786, 1100], [786, 1099], [786, 1098], [787, 1097], [787, 1096], [787, 1095], [786, 1095], [785, 1094], [785, 1093], [785, 1092], [785, 1091]]]]","[[], 18]"
15,15,"[[[805, 1079]], [[804, 1080]], [[804, 1081]], [[804, 1082]], [[803, 1083]], [[803, 1084]], [[802, 1085]], [[802, 1086]], [[802, 1087]], [[803, 1088]], [[804, 1089]], [[805, 1090]], [[806, 1090]], [[807, 1091]], [[808, 1091]], [[809, 1091]], [[810, 1091]], [[811, 1091]], [[812, 1091]], [[813, 1090]], [[814, 1089]], [[815, 1088]], [[815, 1087]], [[814, 1086]], [[814, 1085]], [[814, 1084]], [[814, 1083]], [[813, 1083]], [[812, 1082]], [[811, 1082]], [[810, 1081]], [[809, 1080]], [[808, 1079]], [[807, 1079]], [[806, 1079]]]",[[]],[]
16,16,"[[[150, 1076]], [[151, 1077]], [[150, 1078]], [[149, 1078]], [[148, 1079]], [[147, 1080]], [[146, 1081]], [[146, 1082]], [[145, 1083]], [[145, 1084]], [[145, 1085]], [[145, 1086]], [[144, 1087]], [[144, 1088]], [[144, 1089]], [[144, 1090]], [[143, 1091]], [[143, 1092]], [[143, 1093]], [[143, 1094]], [[143, 1095]], [[142, 1096]], [[141, 1096]], [[142, 1097]], [[142, 1098]], [[142, 1099]], [[141, 1100]], [[141, 1101]], [[140, 1102]], [[139, 1103]], [[138, 1104]], [[137, 1105]], [[136, 1106]], [[135, 1107]], [[135, 1108]], [[134, 1109]], [[134, 1110]], [[133, 1111]], [[133, 1112]], [[133, 1113]], [[133, 1114]], [[133, 1115]], [[132, 1116]], [[132, 1117]], [[132, 1118]], [[132, 1119]], [[132, 1120]], [[132, 1121]], [[132, 1122]], [[132, 1123]], [[132, 1124]], [[132, 1125]], [[132, 1126]], [[133, 1127]], [[133, 1128]], [[134, 1129]], [[134, 1130]], [[135, 1131]], [[136, 1131]], [[137, 1132]], [[137, 1133]], [[136, 1134]], [[135, 1135]], [[134, 1135]], [[133, 1136]], [[132, 1136]], [[131, 1136]], [[130, 1137]], [[129, 1137]], [[128, 1138]], [[127, 1138]], [[126, 1138]], [[125, 1139]], [[125, 1140]], [[125, 1141]], [[125, 1142]], [[125, 1143]], [[125, 1144]], [[126, 1145]], [[126, 1146]], [[127, 1147]], [[128, 1148]], [[128, 1149]], [[128, 1150]], [[129, 1151]], [[129, 1152]], [[130, 1152]], [[131, 1152]], [[132, 1153]], [[133, 1154]], [[134, 1154]], [[135, 1154]], [[136, 1154]], [[137, 1154]], [[138, 1154]], [[139, 1154]], [[140, 1155]], [[141, 1155]], [[142, 1154]], [[143, 1154]], [[144, 1154]], [[145, 1153]], [[146, 1152]], [[147, 1151]], [[147, 1150]], [[146, 1149]], [[146, 1148]], [[145, 1147]], [[144, 1146]], [[143, 1145]], [[143, 1144]], [[144, 1143]], [[145, 1143]], [[146, 1144]], [[147, 1145]], [[148, 1146]], [[149, 1147]], [[150, 1148]], [[151, 1148]], [[152, 1148]], [[153, 1149]], [[154, 1150]], [[155, 1151]], [[155, 1152]], [[156, 1153]], [[157, 1154]], [[158, 1154]], [[159, 1155]], [[160, 1156]], [[161, 1156]], [[162, 1156]], [[163, 1156]], [[164, 1157]], [[165, 1158]], [[165, 1159]], [[166, 1160]], [[167, 1161]], [[168, 1161]], [[169, 1162]], [[170, 1162]], [[171, 1163]], [[172, 1163]], [[173, 1163]], [[174, 1162]], [[175, 1162]], [[176, 1162]], [[177, 1162]], [[178, 1162]], [[179, 1161]], [[180, 1161]], [[181, 1161]], [[182, 1161]], [[183, 1161]], [[184, 1161]], [[185, 1161]], [[186, 1161]], [[187, 1162]], [[187, 1163]], [[187, 1164]], [[187, 1165]], [[188, 1166]], [[189, 1167]], [[190, 1167]], [[191, 1168]], [[191, 1169]], [[192, 1169]], [[193, 1169]], [[194, 1169]], [[195, 1169]], [[196, 1169]], [[197, 1170]], [[198, 1170]], [[199, 1170]], [[200, 1170]], [[201, 1170]], [[202, 1169]], [[203, 1169]], [[204, 1168]], [[204, 1167]], [[205, 1166]], [[205, 1165]], [[206, 1164]], [[206, 1163]], [[206, 1162]], [[206, 1161]], [[206, 1160]], [[205, 1159]], [[205, 1158]], [[204, 1157]], [[203, 1156]], [[202, 1156]], [[201, 1155]], [[200, 1154]], [[200, 1153]], [[199, 1152]], [[199, 1151]], [[199, 1150]], [[198, 1150]], [[197, 1150]], [[196, 1150]], [[195, 1149]], [[194, 1148]], [[193, 1147]], [[193, 1146]], [[194, 1145]], [[194, 1144]], [[194, 1143]], [[195, 1142]], [[195, 1141]], [[196, 1140]], [[197, 1139]], [[197, 1138]], [[197, 1137]], [[196, 1136]], [[196, 1135]], [[196, 1134]], [[195, 1134]], [[194, 1133]], [[194, 1132]], [[194, 1131]], [[194, 1130]], [[195, 1129]], [[196, 1128]], [[196, 1127]], [[196, 1126]], [[196, 1125]], [[197, 1124]], [[196, 1124]], [[195, 1123]], [[194, 1123]], [[193, 1122]], [[194, 1121]], [[194, 1120]], [[195, 1119]], [[196, 1119]], [[197, 1118]], [[197, 1117]], [[198, 1116]], [[198, 1115]], [[198, 1114]], [[199, 1113]], [[200, 1112]], [[200, 1111]], [[200, 1110]], [[200, 1109]], [[200, 1108]], [[200, 1107]], [[200, 1106]], [[200, 1105]], [[199, 1104]], [[198, 1103]], [[198, 1102]], [[197, 1101]], [[196, 1100]], [[196, 1099]], [[195, 1099]], [[194, 1098]], [[193, 1097]], [[192, 1096]], [[191, 1095]], [[190, 1095]], [[189, 1095]], [[188, 1095]], [[187, 1095]], [[186, 1096]], [[185, 1096]], [[184, 1096]], [[183, 1096]], [[182, 1096]], [[181, 1096]], [[180, 1097]], [[179, 1096]], [[179, 1095]], [[178, 1094]], [[177, 1093]], [[176, 1092]], [[176, 1093]], [[175, 1094]], [[174, 1093]], [[173, 1092]], [[172, 1092]], [[171, 1092]], [[170, 1093]], [[169, 1093]], [[168, 1094]], [[167, 1095]], [[167, 1096]], [[166, 1097]], [[166, 1098]], [[165, 1099]], [[165, 1100]], [[166, 1101]], [[166, 1102]], [[165, 1103]], [[164, 1103]], [[163, 1102]], [[163, 1101]], [[163, 1100]], [[162, 1100]], [[161, 1099]], [[160, 1098]], [[160, 1097]], [[161, 1096]], [[162, 1095]], [[162, 1094]], [[161, 1093]], [[161, 1092]], [[161, 1091]], [[160, 1090]], [[160, 1089]], [[160, 1088]], [[160, 1087]], [[160, 1086]], [[160, 1085]], [[160, 1084]], [[160, 1083]], [[159, 1082]], [[159, 1081]], [[158, 1080]], [[157, 1079]], [[157, 1078]], [[156, 1079]], [[155, 1078]], [[154, 1077]], [[153, 1076]], [[152, 1076]], [[151, 1076]]]","[[], [[[130, 1122], [130, 1123], [130, 1124], [130, 1125], [130, 1126], [130, 1127], [129, 1128], [129, 1129], [130, 1130], [131, 1129], [132, 1130], [132, 1131], [133, 1132], [133, 1133], [133, 1134], [134, 1134], [135, 1134], [136, 1133], [136, 1132], [135, 1132], [134, 1131], [133, 1130], [133, 1129], [132, 1128], [132, 1127], [131, 1126], [131, 1125], [131, 1124], [131, 1123], [131, 1122]]], [[[138, 1134], [138, 1135], [139, 1136], [140, 1137], [140, 1138], [140, 1139], [141, 1140], [141, 1141], [142, 1142], [143, 1143], [144, 1144], [144, 1145], [145, 1146], [146, 1147], [147, 1147], [148, 1147], [147, 1146], [146, 1145], [145, 1144], [144, 1144], [143, 1143], [142, 1142], [142, 1141], [142, 1140], [141, 1139], [141, 1138], [140, 1137], [140, 1136], [139, 1135]]], [[[187, 1166], [186, 1167], [187, 1168], [187, 1169], [187, 1170], [188, 1171], [189, 1171], [190, 1172], [189, 1173], [188, 1173], [187, 1173], [186, 1174], [187, 1175], [188, 1175], [189, 1176], [190, 1177], [190, 1178], [191, 1179], [191, 1180], [191, 1181], [192, 1182], [192, 1183], [192, 1184], [192, 1185], [191, 1186], [190, 1187], [189, 1188], [188, 1189], [189, 1189], [190, 1189], [191, 1188], [192, 1188], [193, 1188], [193, 1187], [193, 1186], [192, 1185], [192, 1184], [193, 1183], [194, 1182], [194, 1181], [193, 1180], [192, 1179], [191, 1178], [191, 1177], [191, 1176], [191, 1175], [191, 1174], [191, 1173], [191, 1172], [191, 1171], [191, 1170], [190, 1169], [190, 1168], [189, 1168], [188, 1167]]], [[[172, 1088], [171, 1089], [170, 1090], [169, 1090], [168, 1091], [169, 1092], [170, 1092], [171, 1091], [172, 1091], [173, 1091], [174, 1092], [175, 1093], [175, 1092], [176, 1091], [177, 1092], [178, 1093], [179, 1094], [180, 1095], [181, 1094], [181, 1093], [180, 1092], [179, 1091], [178, 1092], [177, 1092], [176, 1091], [175, 1090], [174, 1089], [173, 1088]]]]","[[], 19, 20, 21, 22]"
17,17,"[[[525, 1072]], [[524, 1073]], [[524, 1074]], [[523, 1075]], [[522, 1075]], [[521, 1075]], [[520, 1075]], [[519, 1076]], [[519, 1077]], [[519, 1078]], [[518, 1079]], [[518, 1080]], [[517, 1081]], [[517, 1082]], [[517, 1083]], [[518, 1084]], [[519, 1085]], [[520, 1085]], [[521, 1085]], [[522, 1085]], [[523, 1085]], [[524, 1084]], [[525, 1084]], [[525, 1083]], [[526, 1082]], [[526, 1081]], [[527, 1080]], [[527, 1079]], [[527, 1078]], [[527, 1077]], [[528, 1076]], [[529, 1075]], [[529, 1074]], [[529, 1073]], [[529, 1072]], [[528, 1072]], [[527, 1072]], [[526, 1072]]]",[[]],[]
18,18,"[[[621, 1071]], [[621, 1072]], [[621, 1073]], [[620, 1074]], [[619, 1075]], [[618, 1075]], [[617, 1075]], [[616, 1075]], [[615, 1076]], [[614, 1076]], [[613, 1076]], [[612, 1076]], [[611, 1076]], [[610, 1076]], [[609, 1076]], [[608, 1077]], [[607, 1077]], [[606, 1076]], [[606, 1075]], [[605, 1075]], [[604, 1076]], [[603, 1077]], [[602, 1077]], [[601, 1077]], [[600, 1077]], [[599, 1077]], [[598, 1077]], [[597, 1078]], [[597, 1079]], [[596, 1080]], [[596, 1081]], [[595, 1082]], [[595, 1083]], [[595, 1084]], [[596, 1085]], [[597, 1086]], [[598, 1087]], [[598, 1088]], [[598, 1089]], [[597, 1090]], [[596, 1091]], [[596, 1092]], [[595, 1093]], [[594, 1094]], [[593, 1094]], [[592, 1094]], [[591, 1094]], [[590, 1094]], [[589, 1093]], [[588, 1093]], [[587, 1093]], [[586, 1094]], [[585, 1094]], [[584, 1095]], [[584, 1096]], [[583, 1097]], [[582, 1098]], [[581, 1098]], [[580, 1098]], [[579, 1099]], [[578, 1099]], [[577, 1099]], [[576, 1099]], [[575, 1099]], [[574, 1100]], [[573, 1100]], [[573, 1101]], [[573, 1102]], [[573, 1103]], [[572, 1104]], [[572, 1105]], [[572, 1106]], [[572, 1107]], [[572, 1108]], [[572, 1109]], [[572, 1110]], [[573, 1111]], [[573, 1112]], [[573, 1113]], [[573, 1114]], [[573, 1115]], [[572, 1116]], [[571, 1115]], [[571, 1116]], [[571, 1117]], [[571, 1118]], [[570, 1119]], [[569, 1119]], [[570, 1120]], [[569, 1121]], [[569, 1122]], [[569, 1123]], [[569, 1124]], [[569, 1125]], [[569, 1126]], [[569, 1127]], [[569, 1128]], [[569, 1129]], [[570, 1130]], [[569, 1131]], [[569, 1132]], [[570, 1133]], [[571, 1134]], [[572, 1134]], [[573, 1135]], [[574, 1136]], [[575, 1136]], [[576, 1137]], [[577, 1137]], [[578, 1138]], [[578, 1139]], [[578, 1140]], [[578, 1141]], [[578, 1142]], [[577, 1143]], [[576, 1143]], [[575, 1144]], [[575, 1145]], [[575, 1146]], [[575, 1147]], [[575, 1148]], [[576, 1149]], [[576, 1150]], [[576, 1151]], [[577, 1152]], [[577, 1153]], [[578, 1154]], [[578, 1155]], [[579, 1156]], [[580, 1157]], [[581, 1158]], [[582, 1158]], [[583, 1157]], [[583, 1156]], [[584, 1155]], [[584, 1154]], [[585, 1153]], [[585, 1152]], [[585, 1151]], [[585, 1150]], [[585, 1149]], [[586, 1148]], [[587, 1147]], [[588, 1147]], [[589, 1146]], [[590, 1146]], [[589, 1145]], [[589, 1144]], [[589, 1143]], [[588, 1142]], [[587, 1141]], [[587, 1140]], [[586, 1140]], [[585, 1139]], [[585, 1138]], [[585, 1137]], [[584, 1136]], [[584, 1135]], [[585, 1134]], [[586, 1134]], [[587, 1135]], [[587, 1136]], [[588, 1136]], [[589, 1136]], [[590, 1137]], [[591, 1137]], [[592, 1137]], [[593, 1136]], [[594, 1136]], [[594, 1135]], [[595, 1134]], [[596, 1134]], [[596, 1133]], [[597, 1132]], [[597, 1131]], [[597, 1130]], [[598, 1129]], [[599, 1128]], [[600, 1128]], [[601, 1127]], [[602, 1126]], [[603, 1126]], [[604, 1127]], [[604, 1128]], [[604, 1129]], [[605, 1130]], [[606, 1131]], [[607, 1131]], [[608, 1131]], [[609, 1130]], [[610, 1130]], [[611, 1130]], [[612, 1131]], [[613, 1132]], [[612, 1133]], [[613, 1133]], [[614, 1133]], [[615, 1134]], [[616, 1134]], [[617, 1133]], [[618, 1132]], [[619, 1132]], [[620, 1132]], [[621, 1133]], [[621, 1134]], [[622, 1134]], [[623, 1135]], [[624, 1136]], [[623, 1137]], [[624, 1137]], [[625, 1136]], [[626, 1135]], [[626, 1134]], [[627, 1133]], [[627, 1132]], [[628, 1131]], [[629, 1130]], [[629, 1129]], [[630, 1128]], [[630, 1127]], [[630, 1126]], [[629, 1125]], [[629, 1124]], [[630, 1123]], [[631, 1122]], [[632, 1121]], [[633, 1120]], [[634, 1120]], [[635, 1119]], [[636, 1119]], [[637, 1118]], [[638, 1118]], [[639, 1118]], [[640, 1117]], [[641, 1117]], [[642, 1117]], [[643, 1118]], [[643, 1119]], [[644, 1119]], [[645, 1118]], [[646, 1118]], [[647, 1118]], [[648, 1118]], [[649, 1117]], [[650, 1116]], [[651, 1115]], [[651, 1114]], [[651, 1113]], [[652, 1112]], [[652, 1111]], [[652, 1110]], [[652, 1109]], [[652, 1108]], [[651, 1107]], [[651, 1106]], [[650, 1105]], [[649, 1104]], [[648, 1103]], [[647, 1102]], [[646, 1101]], [[645, 1101]], [[644, 1101]], [[643, 1101]], [[642, 1100]], [[642, 1099]], [[642, 1098]], [[642, 1097]], [[641, 1096]], [[641, 1095]], [[641, 1094]], [[641, 1093]], [[641, 1092]], [[641, 1091]], [[640, 1090]], [[639, 1089]], [[639, 1088]], [[639, 1087]], [[638, 1086]], [[638, 1085]], [[639, 1084]], [[639, 1083]], [[639, 1082]], [[639, 1081]], [[639, 1080]], [[639, 1079]], [[639, 1078]], [[638, 1077]], [[637, 1076]], [[637, 1075]], [[636, 1074]], [[635, 1074]], [[634, 1073]], [[633, 1072]], [[632, 1072]], [[631, 1072]], [[630, 1072]], [[629, 1072]], [[628, 1072]], [[627, 1071]], [[626, 1071]], [[625, 1071]], [[624, 1071]], [[623, 1072]], [[622, 1072]]]","[[[[619, 1068], [619, 1069], [618, 1070], [617, 1071], [616, 1070], [615, 1070], [614, 1070], [613, 1069], [612, 1069], [611, 1070], [611, 1071], [612, 1072], [612, 1073], [611, 1074], [610, 1074], [609, 1073], [608, 1073], [607, 1073], [607, 1074], [607, 1075], [607, 1076], [608, 1076], [609, 1075], [610, 1074], [611, 1075], [612, 1075], [613, 1075], [614, 1075], [615, 1075], [616, 1074], [617, 1074], [618, 1074], [619, 1074], [620, 1073], [619, 1072], [618, 1071], [618, 1070], [619, 1069], [620, 1069], [621, 1070], [622, 1071], [623, 1071], [624, 1070], [625, 1070], [625, 1069], [624, 1069], [623, 1068], [622, 1068], [621, 1068], [620, 1068]]], [], [[[610, 1131], [609, 1132], [608, 1133], [608, 1134], [609, 1134], [610, 1134], [611, 1135], [610, 1136], [609, 1136], [608, 1136], [608, 1137], [609, 1137], [610, 1137], [611, 1138], [612, 1139], [613, 1140], [614, 1141], [615, 1141], [616, 1142], [616, 1143], [616, 1144], [617, 1144], [618, 1145], [619, 1144], [620, 1145], [620, 1146], [620, 1147], [620, 1146], [621, 1145], [622, 1145], [623, 1145], [623, 1144], [623, 1143], [623, 1142], [622, 1142], [621, 1141], [622, 1140], [623, 1140], [623, 1139], [623, 1138], [622, 1137], [623, 1136], [622, 1135], [621, 1135], [620, 1135], [620, 1136], [621, 1137], [621, 1138], [621, 1139], [621, 1140], [620, 1141], [619, 1140], [618, 1140], [617, 1140], [616, 1139], [615, 1139], [614, 1139], [613, 1138], [613, 1137], [612, 1137], [611, 1136], [612, 1135], [612, 1134], [611, 1133], [612, 1132], [611, 1131]]], [[[633, 1121], [632, 1122], [631, 1123], [630, 1124], [630, 1125], [631, 1125], [632, 1124], [633, 1124], [634, 1124], [635, 1125], [634, 1126], [635, 1126], [636, 1127], [636, 1128], [636, 1129], [636, 1130], [635, 1131], [634, 1132], [633, 1132], [634, 1133], [635, 1133], [635, 1132], [636, 1131], [637, 1131], [638, 1130], [639, 1129], [640, 1128], [639, 1127], [638, 1126], [637, 1126], [636, 1125], [636, 1124], [636, 1123], [635, 1122], [634, 1121]]]]","[23, [], 24, 25]"
19,19,"[[[329, 1061]], [[328, 1062]], [[327, 1062]], [[326, 1062]], [[325, 1062]], [[324, 1062]], [[323, 1062]], [[322, 1063]], [[321, 1064]], [[321, 1065]], [[320, 1066]], [[319, 1067]], [[319, 1068]], [[318, 1069]], [[317, 1070]], [[317, 1071]], [[316, 1072]], [[315, 1071]], [[314, 1072]], [[314, 1073]], [[313, 1074]], [[312, 1075]], [[311, 1075]], [[310, 1075]], [[309, 1076]], [[308, 1076]], [[307, 1077]], [[306, 1077]], [[305, 1078]], [[304, 1079]], [[304, 1080]], [[303, 1081]], [[302, 1081]], [[301, 1082]], [[301, 1083]], [[300, 1084]], [[299, 1085]], [[298, 1086]], [[297, 1087]], [[296, 1087]], [[296, 1088]], [[296, 1089]], [[295, 1090]], [[296, 1091]], [[296, 1092]], [[296, 1093]], [[296, 1094]], [[295, 1095]], [[294, 1095]], [[293, 1095]], [[294, 1096]], [[294, 1097]], [[294, 1098]], [[294, 1099]], [[294, 1100]], [[293, 1101]], [[292, 1102]], [[292, 1103]], [[292, 1104]], [[293, 1105]], [[294, 1106]], [[294, 1107]], [[295, 1107]], [[296, 1108]], [[297, 1109]], [[297, 1110]], [[298, 1111]], [[298, 1112]], [[299, 1113]], [[299, 1114]], [[300, 1115]], [[301, 1115]], [[302, 1116]], [[302, 1117]], [[303, 1117]], [[304, 1118]], [[305, 1118]], [[306, 1118]], [[307, 1118]], [[308, 1117]], [[309, 1117]], [[310, 1117]], [[311, 1117]], [[312, 1118]], [[312, 1119]], [[313, 1120]], [[314, 1120]], [[315, 1121]], [[315, 1122]], [[315, 1123]], [[315, 1124]], [[316, 1125]], [[316, 1126]], [[317, 1127]], [[318, 1128]], [[319, 1129]], [[320, 1130]], [[321, 1131]], [[322, 1131]], [[323, 1132]], [[324, 1133]], [[324, 1134]], [[325, 1134]], [[326, 1135]], [[327, 1135]], [[328, 1135]], [[329, 1135]], [[330, 1135]], [[331, 1135]], [[332, 1135]], [[333, 1135]], [[334, 1135]], [[335, 1136]], [[336, 1137]], [[337, 1137]], [[338, 1137]], [[339, 1137]], [[340, 1137]], [[341, 1136]], [[342, 1136]], [[343, 1135]], [[344, 1135]], [[345, 1135]], [[346, 1134]], [[347, 1134]], [[348, 1134]], [[349, 1134]], [[350, 1134]], [[351, 1134]], [[352, 1134]], [[353, 1134]], [[354, 1134]], [[355, 1133]], [[356, 1133]], [[357, 1132]], [[358, 1131]], [[359, 1131]], [[360, 1132]], [[360, 1133]], [[359, 1134]], [[358, 1135]], [[357, 1136]], [[356, 1137]], [[355, 1137]], [[354, 1138]], [[354, 1139]], [[353, 1140]], [[353, 1141]], [[353, 1142]], [[353, 1143]], [[353, 1144]], [[353, 1145]], [[354, 1146]], [[355, 1147]], [[356, 1147]], [[357, 1148]], [[358, 1148]], [[359, 1148]], [[360, 1147]], [[361, 1147]], [[362, 1146]], [[363, 1146]], [[364, 1146]], [[365, 1146]], [[366, 1147]], [[367, 1147]], [[368, 1147]], [[369, 1147]], [[370, 1147]], [[371, 1147]], [[372, 1147]], [[373, 1147]], [[374, 1147]], [[375, 1146]], [[376, 1145]], [[377, 1144]], [[378, 1144]], [[377, 1143]], [[376, 1142]], [[376, 1141]], [[376, 1140]], [[376, 1139]], [[376, 1138]], [[376, 1137]], [[376, 1136]], [[375, 1135]], [[375, 1134]], [[374, 1135]], [[373, 1134]], [[372, 1133]], [[371, 1132]], [[370, 1131]], [[369, 1131]], [[368, 1131]], [[367, 1131]], [[366, 1131]], [[365, 1131]], [[364, 1130]], [[365, 1129]], [[365, 1128]], [[365, 1127]], [[366, 1126]], [[365, 1125]], [[365, 1124]], [[366, 1123]], [[367, 1123]], [[368, 1122]], [[369, 1121]], [[370, 1121]], [[370, 1120]], [[370, 1119]], [[371, 1118]], [[372, 1117]], [[372, 1116]], [[373, 1115]], [[373, 1114]], [[374, 1113]], [[375, 1113]], [[376, 1112]], [[377, 1111]], [[377, 1110]], [[377, 1109]], [[378, 1108]], [[378, 1107]], [[378, 1106]], [[378, 1105]], [[378, 1104]], [[378, 1103]], [[377, 1102]], [[376, 1101]], [[375, 1100]], [[374, 1099]], [[373, 1098]], [[373, 1097]], [[372, 1096]], [[372, 1095]], [[372, 1094]], [[371, 1093]], [[370, 1093]], [[369, 1092]], [[368, 1092]], [[367, 1091]], [[366, 1091]], [[365, 1090]], [[364, 1090]], [[363, 1090]], [[362, 1090]], [[361, 1090]], [[360, 1089]], [[360, 1088]], [[360, 1087]], [[361, 1086]], [[361, 1085]], [[361, 1084]], [[361, 1083]], [[361, 1082]], [[362, 1081]], [[361, 1080]], [[360, 1079]], [[359, 1078]], [[359, 1077]], [[359, 1076]], [[359, 1075]], [[359, 1074]], [[359, 1073]], [[358, 1072]], [[357, 1071]], [[356, 1070]], [[355, 1069]], [[354, 1068]], [[353, 1068]], [[352, 1068]], [[351, 1067]], [[350, 1066]], [[349, 1065]], [[348, 1065]], [[347, 1064]], [[346, 1064]], [[345, 1064]], [[344, 1064]], [[343, 1064]], [[342, 1064]], [[341, 1064]], [[340, 1064]], [[339, 1064]], [[338, 1065]], [[337, 1065]], [[336, 1065]], [[335, 1065]], [[334, 1064]], [[333, 1063]], [[332, 1062]], [[331, 1062]], [[330, 1062]]]","[[], [[[294, 1086], [294, 1087], [294, 1088], [293, 1089], [292, 1090], [291, 1089], [290, 1089], [291, 1090], [291, 1091], [291, 1092], [291, 1093], [291, 1094], [291, 1095], [292, 1096], [292, 1097], [292, 1098], [292, 1099], [291, 1100], [291, 1101], [290, 1102], [290, 1103], [289, 1104], [288, 1105], [287, 1106], [286, 1107], [285, 1107], [284, 1106], [283, 1106], [282, 1107], [282, 1108], [283, 1108], [284, 1108], [285, 1108], [286, 1108], [287, 1108], [288, 1107], [289, 1106], [290, 1106], [291, 1105], [291, 1104], [291, 1103], [291, 1102], [292, 1101], [293, 1100], [293, 1099], [293, 1098], [293, 1097], [293, 1096], [292, 1095], [292, 1094], [291, 1093], [291, 1092], [291, 1091], [292, 1090], [293, 1090], [294, 1090], [295, 1089], [295, 1088], [295, 1087]]], [[[380, 1116], [379, 1117], [378, 1117], [377, 1117], [377, 1118], [376, 1119], [375, 1120], [374, 1120], [373, 1120], [372, 1119], [372, 1118], [371, 1119], [371, 1120], [371, 1121], [371, 1122], [370, 1123], [369, 1123], [369, 1124], [370, 1124], [370, 1123], [371, 1122], [372, 1122], [373, 1122], [374, 1122], [375, 1121], [376, 1121], [377, 1121], [378, 1121], [379, 1120], [380, 1119], [381, 1118], [382, 1118], [383, 1119], [384, 1120], [384, 1119], [384, 1118], [384, 1117], [383, 1116], [382, 1116], [381, 1116]]]]","[[], 26, 11]"
20,20,"[[[633, 1044]], [[632, 1045]], [[631, 1045]], [[630, 1045]], [[629, 1046]], [[629, 1047]], [[628, 1048]], [[627, 1049]], [[626, 1050]], [[626, 1051]], [[625, 1052]], [[625, 1053]], [[625, 1054]], [[625, 1055]], [[624, 1056]], [[624, 1057]], [[624, 1058]], [[624, 1059]], [[624, 1060]], [[624, 1061]], [[624, 1062]], [[625, 1062]], [[626, 1062]], [[627, 1062]], [[628, 1062]], [[629, 1062]], [[630, 1063]], [[631, 1063]], [[632, 1063]], [[633, 1063]], [[634, 1062]], [[635, 1061]], [[636, 1061]], [[636, 1060]], [[636, 1059]], [[636, 1058]], [[636, 1057]], [[636, 1056]], [[636, 1055]], [[637, 1054]], [[637, 1053]], [[637, 1052]], [[637, 1051]], [[638, 1050]], [[638, 1049]], [[638, 1048]], [[638, 1047]], [[638, 1046]], [[638, 1045]], [[638, 1044]], [[637, 1044]], [[636, 1044]], [[635, 1044]], [[634, 1044]]]","[[], [[[634, 1063], [634, 1064], [635, 1064], [636, 1064], [637, 1065], [637, 1066], [638, 1067], [639, 1068], [639, 1069], [639, 1070], [640, 1070], [641, 1070], [642, 1070], [643, 1069], [644, 1069], [645, 1069], [646, 1069], [645, 1068], [644, 1067], [643, 1067], [642, 1067], [641, 1066], [640, 1066], [639, 1066], [638, 1065], [637, 1064], [636, 1063], [635, 1063]]]]","[[], 28]"
21,21,"[[[303, 1044]], [[302, 1045]], [[301, 1046]], [[300, 1046]], [[299, 1046]], [[298, 1047]], [[297, 1047]], [[296, 1048]], [[295, 1048]], [[294, 1049]], [[294, 1050]], [[294, 1051]], [[293, 1052]], [[292, 1052]], [[293, 1052]], [[294, 1053]], [[294, 1054]], [[295, 1055]], [[295, 1056]], [[295, 1057]], [[295, 1058]], [[296, 1059]], [[296, 1060]], [[296, 1061]], [[297, 1062]], [[298, 1063]], [[299, 1064]], [[300, 1064]], [[301, 1065]], [[302, 1066]], [[302, 1067]], [[303, 1067]], [[304, 1067]], [[305, 1067]], [[306, 1066]], [[307, 1065]], [[308, 1064]], [[309, 1064]], [[310, 1063]], [[311, 1063]], [[312, 1063]], [[312, 1062]], [[313, 1061]], [[313, 1060]], [[314, 1059]], [[315, 1059]], [[316, 1059]], [[317, 1058]], [[318, 1057]], [[319, 1057]], [[319, 1056]], [[320, 1055]], [[320, 1054]], [[321, 1053]], [[321, 1052]], [[321, 1051]], [[321, 1050]], [[321, 1049]], [[320, 1048]], [[319, 1048]], [[318, 1048]], [[317, 1047]], [[316, 1047]], [[315, 1046]], [[314, 1046]], [[313, 1046]], [[312, 1045]], [[311, 1045]], [[310, 1045]], [[309, 1045]], [[308, 1045]], [[307, 1045]], [[306, 1045]], [[305, 1045]], [[304, 1044]]]",[[]],[]
22,22,"[[[461, 1036]], [[460, 1037]], [[459, 1037]], [[458, 1038]], [[458, 1039]], [[457, 1040]], [[456, 1041]], [[456, 1042]], [[456, 1043]], [[456, 1044]], [[455, 1045]], [[455, 1046]], [[454, 1047]], [[454, 1048]], [[453, 1049]], [[453, 1050]], [[454, 1051]], [[454, 1052]], [[454, 1053]], [[454, 1054]], [[454, 1055]], [[454, 1056]], [[455, 1057]], [[455, 1058]], [[456, 1059]], [[456, 1060]], [[457, 1061]], [[457, 1062]], [[458, 1063]], [[458, 1064]], [[458, 1065]], [[458, 1066]], [[459, 1066]], [[460, 1066]], [[461, 1067]], [[461, 1068]], [[460, 1069]], [[459, 1070]], [[458, 1069]], [[458, 1070]], [[459, 1070]], [[460, 1071]], [[460, 1070]], [[461, 1069]], [[462, 1068]], [[463, 1068]], [[464, 1068]], [[465, 1069]], [[466, 1070]], [[466, 1071]], [[465, 1072]], [[464, 1073]], [[463, 1073]], [[462, 1073]], [[461, 1073]], [[461, 1074]], [[461, 1075]], [[461, 1076]], [[460, 1077]], [[459, 1077]], [[459, 1078]], [[459, 1079]], [[459, 1080]], [[459, 1081]], [[459, 1082]], [[460, 1083]], [[461, 1083]], [[462, 1084]], [[463, 1085]], [[464, 1086]], [[465, 1087]], [[466, 1088]], [[467, 1089]], [[468, 1090]], [[469, 1090]], [[470, 1091]], [[470, 1092]], [[471, 1092]], [[472, 1093]], [[473, 1093]], [[474, 1093]], [[475, 1093]], [[476, 1094]], [[477, 1094]], [[478, 1094]], [[479, 1094]], [[480, 1094]], [[481, 1094]], [[482, 1094]], [[483, 1095]], [[484, 1095]], [[485, 1095]], [[486, 1094]], [[487, 1093]], [[488, 1093]], [[489, 1092]], [[490, 1092]], [[491, 1091]], [[492, 1090]], [[492, 1089]], [[492, 1088]], [[492, 1087]], [[493, 1086]], [[493, 1085]], [[494, 1084]], [[494, 1083]], [[494, 1082]], [[495, 1081]], [[496, 1080]], [[496, 1079]], [[496, 1078]], [[496, 1077]], [[496, 1076]], [[496, 1075]], [[496, 1074]], [[495, 1073]], [[494, 1073]], [[493, 1072]], [[492, 1071]], [[492, 1070]], [[493, 1069]], [[494, 1068]], [[495, 1068]], [[496, 1068]], [[497, 1068]], [[498, 1067]], [[498, 1066]], [[498, 1065]], [[498, 1064]], [[499, 1063]], [[499, 1062]], [[499, 1061]], [[498, 1060]], [[497, 1060]], [[496, 1059]], [[495, 1059]], [[494, 1059]], [[493, 1059]], [[492, 1058]], [[492, 1057]], [[491, 1056]], [[490, 1055]], [[489, 1055]], [[488, 1055]], [[487, 1055]], [[487, 1056]], [[486, 1057]], [[486, 1058]], [[485, 1059]], [[484, 1060]], [[483, 1061]], [[482, 1062]], [[481, 1063]], [[480, 1063]], [[479, 1063]], [[478, 1064]], [[477, 1065]], [[476, 1065]], [[475, 1066]], [[474, 1066]], [[473, 1067]], [[472, 1066]], [[471, 1065]], [[471, 1064]], [[471, 1063]], [[471, 1062]], [[471, 1061]], [[471, 1060]], [[471, 1059]], [[471, 1058]], [[471, 1057]], [[472, 1056]], [[472, 1055]], [[472, 1054]], [[472, 1053]], [[472, 1052]], [[472, 1051]], [[473, 1050]], [[474, 1049]], [[475, 1048]], [[475, 1047]], [[475, 1046]], [[475, 1045]], [[476, 1044]], [[475, 1043]], [[475, 1042]], [[475, 1041]], [[474, 1040]], [[474, 1039]], [[473, 1039]], [[472, 1038]], [[471, 1037]], [[470, 1037]], [[469, 1037]], [[468, 1037]], [[467, 1037]], [[466, 1036]], [[465, 1037]], [[464, 1037]], [[463, 1036]], [[462, 1036]]]","[[], [[[455, 1070], [455, 1071], [455, 1072], [454, 1073], [453, 1073], [454, 1074], [455, 1074], [456, 1074], [457, 1074], [458, 1074], [459, 1075], [458, 1076], [457, 1076], [457, 1077], [457, 1078], [457, 1079], [457, 1080], [458, 1079], [458, 1078], [458, 1077], [459, 1076], [459, 1075], [459, 1074], [459, 1073], [460, 1072], [461, 1072], [462, 1072], [463, 1072], [464, 1072], [465, 1071], [465, 1070], [464, 1070], [463, 1070], [462, 1070], [461, 1070], [461, 1071], [460, 1072], [459, 1073], [458, 1073], [457, 1072], [456, 1071], [456, 1070]]]]","[[], 29]"
23,23,"[[[779, 1031]], [[778, 1032]], [[777, 1032]], [[776, 1032]], [[775, 1033]], [[774, 1034]], [[773, 1034]], [[772, 1035]], [[772, 1036]], [[772, 1037]], [[771, 1038]], [[771, 1039]], [[771, 1040]], [[771, 1041]], [[771, 1042]], [[771, 1043]], [[771, 1044]], [[772, 1045]], [[772, 1046]], [[773, 1047]], [[774, 1048]], [[775, 1048]], [[776, 1049]], [[777, 1050]], [[776, 1051]], [[775, 1051]], [[774, 1051]], [[773, 1051]], [[772, 1051]], [[771, 1051]], [[770, 1050]], [[769, 1050]], [[768, 1050]], [[767, 1050]], [[766, 1051]], [[765, 1051]], [[764, 1051]], [[763, 1052]], [[762, 1053]], [[762, 1054]], [[761, 1055]], [[761, 1056]], [[761, 1057]], [[760, 1058]], [[760, 1059]], [[759, 1060]], [[759, 1061]], [[759, 1062]], [[759, 1063]], [[758, 1064]], [[757, 1065]], [[757, 1066]], [[757, 1067]], [[758, 1068]], [[759, 1069]], [[760, 1070]], [[761, 1070]], [[762, 1071]], [[763, 1071]], [[764, 1071]], [[765, 1072]], [[766, 1072]], [[767, 1073]], [[768, 1073]], [[769, 1074]], [[770, 1074]], [[771, 1075]], [[772, 1075]], [[773, 1075]], [[774, 1075]], [[775, 1074]], [[776, 1074]], [[777, 1074]], [[777, 1073]], [[778, 1072]], [[778, 1071]], [[778, 1070]], [[779, 1069]], [[779, 1068]], [[780, 1067]], [[781, 1066]], [[782, 1065]], [[782, 1064]], [[783, 1063]], [[783, 1062]], [[784, 1061]], [[785, 1061]], [[785, 1060]], [[786, 1059]], [[786, 1058]], [[787, 1057]], [[787, 1056]], [[788, 1055]], [[788, 1054]], [[788, 1053]], [[788, 1052]], [[788, 1051]], [[787, 1051]], [[786, 1051]], [[785, 1051]], [[784, 1051]], [[783, 1050]], [[784, 1049]], [[785, 1048]], [[785, 1047]], [[786, 1046]], [[786, 1045]], [[786, 1044]], [[787, 1043]], [[787, 1042]], [[787, 1041]], [[787, 1040]], [[788, 1039]], [[789, 1038]], [[790, 1038]], [[790, 1037]], [[789, 1036]], [[788, 1035]], [[787, 1034]], [[786, 1033]], [[785, 1032]], [[784, 1032]], [[783, 1032]], [[782, 1031]], [[781, 1031]], [[780, 1031]]]","[[[[777, 1027], [776, 1028], [775, 1028], [774, 1029], [773, 1030], [772, 1031], [771, 1031], [770, 1031], [769, 1031], [768, 1032], [768, 1033], [768, 1034], [768, 1035], [769, 1034], [770, 1034], [771, 1034], [772, 1034], [773, 1033], [774, 1033], [775, 1032], [776, 1031], [777, 1031], [778, 1031], [779, 1030], [780, 1030], [781, 1030], [782, 1030], [783, 1031], [784, 1031], [785, 1031], [786, 1032], [787, 1033], [788, 1034], [789, 1034], [788, 1033], [788, 1032], [787, 1031], [787, 1030], [787, 1029], [786, 1029], [785, 1029], [784, 1029], [783, 1029], [782, 1029], [781, 1029], [780, 1029], [779, 1028], [778, 1027]]], []]","[30, []]"
24,24,"[[[84, 1025]], [[83, 1026]], [[83, 1027]], [[82, 1028]], [[81, 1029]], [[80, 1029]], [[79, 1029]], [[78, 1029]], [[77, 1028]], [[76, 1028]], [[75, 1028]], [[75, 1029]], [[76, 1030]], [[76, 1031]], [[77, 1032]], [[77, 1033]], [[77, 1034]], [[78, 1035]], [[78, 1036]], [[79, 1037]], [[79, 1038]], [[79, 1039]], [[79, 1040]], [[79, 1041]], [[79, 1042]], [[79, 1043]], [[80, 1044]], [[81, 1044]], [[82, 1045]], [[83, 1045]], [[84, 1045]], [[85, 1045]], [[86, 1045]], [[87, 1045]], [[88, 1044]], [[89, 1044]], [[90, 1044]], [[91, 1044]], [[92, 1044]], [[93, 1044]], [[94, 1044]], [[95, 1043]], [[96, 1044]], [[96, 1043]], [[95, 1042]], [[95, 1041]], [[95, 1040]], [[96, 1039]], [[96, 1038]], [[96, 1037]], [[96, 1036]], [[96, 1035]], [[95, 1034]], [[95, 1033]], [[95, 1032]], [[95, 1031]], [[94, 1031]], [[93, 1030]], [[93, 1029]], [[92, 1028]], [[92, 1027]], [[91, 1027]], [[90, 1026]], [[89, 1025]], [[88, 1025]], [[87, 1025]], [[86, 1025]], [[85, 1025]]]",[[]],[]
25,25,"[[[230, 1024]], [[229, 1025]], [[228, 1025]], [[227, 1026]], [[226, 1026]], [[225, 1027]], [[224, 1028]], [[223, 1028]], [[222, 1028]], [[221, 1028]], [[220, 1028]], [[219, 1028]], [[218, 1028]], [[217, 1028]], [[216, 1029]], [[215, 1029]], [[214, 1029]], [[213, 1030]], [[212, 1030]], [[211, 1030]], [[210, 1030]], [[210, 1031]], [[209, 1032]], [[209, 1033]], [[209, 1034]], [[209, 1035]], [[209, 1036]], [[209, 1037]], [[209, 1038]], [[209, 1039]], [[209, 1040]], [[210, 1041]], [[210, 1042]], [[209, 1043]], [[209, 1044]], [[209, 1045]], [[209, 1046]], [[209, 1047]], [[208, 1048]], [[207, 1048]], [[206, 1048]], [[205, 1048]], [[204, 1049]], [[203, 1050]], [[202, 1050]], [[201, 1049]], [[200, 1049]], [[199, 1049]], [[198, 1049]], [[197, 1049]], [[196, 1050]], [[195, 1050]], [[194, 1050]], [[193, 1051]], [[192, 1052]], [[191, 1052]], [[190, 1053]], [[189, 1054]], [[189, 1055]], [[188, 1056]], [[188, 1057]], [[187, 1058]], [[187, 1059]], [[186, 1060]], [[186, 1061]], [[186, 1062]], [[186, 1063]], [[186, 1064]], [[186, 1065]], [[187, 1066]], [[187, 1067]], [[187, 1068]], [[187, 1069]], [[187, 1070]], [[187, 1071]], [[187, 1072]], [[187, 1073]], [[186, 1074]], [[186, 1075]], [[186, 1076]], [[186, 1077]], [[185, 1078]], [[184, 1078]], [[184, 1079]], [[184, 1080]], [[184, 1081]], [[183, 1082]], [[184, 1083]], [[184, 1084]], [[184, 1085]], [[184, 1086]], [[184, 1087]], [[184, 1088]], [[185, 1088]], [[186, 1088]], [[187, 1088]], [[188, 1088]], [[189, 1088]], [[190, 1088]], [[191, 1089]], [[192, 1090]], [[193, 1090]], [[194, 1091]], [[195, 1091]], [[196, 1091]], [[197, 1092]], [[198, 1093]], [[198, 1094]], [[199, 1095]], [[199, 1096]], [[200, 1097]], [[201, 1097]], [[202, 1097]], [[203, 1097]], [[204, 1097]], [[205, 1097]], [[206, 1098]], [[207, 1098]], [[208, 1098]], [[209, 1099]], [[210, 1100]], [[210, 1101]], [[211, 1102]], [[211, 1103]], [[211, 1104]], [[211, 1105]], [[212, 1106]], [[213, 1107]], [[213, 1108]], [[212, 1109]], [[211, 1109]], [[210, 1108]], [[209, 1107]], [[208, 1106]], [[207, 1105]], [[206, 1106]], [[205, 1107]], [[205, 1108]], [[205, 1109]], [[205, 1110]], [[205, 1111]], [[206, 1111]], [[207, 1111]], [[208, 1112]], [[209, 1112]], [[210, 1113]], [[211, 1112]], [[212, 1113]], [[213, 1112]], [[214, 1113]], [[214, 1114]], [[215, 1115]], [[215, 1116]], [[215, 1117]], [[215, 1118]], [[216, 1119]], [[216, 1120]], [[216, 1121]], [[217, 1122]], [[217, 1123]], [[217, 1124]], [[217, 1125]], [[218, 1126]], [[217, 1127]], [[218, 1127]], [[219, 1128]], [[219, 1129]], [[219, 1130]], [[220, 1130]], [[221, 1130]], [[222, 1130]], [[223, 1131]], [[224, 1131]], [[225, 1131]], [[226, 1131]], [[227, 1131]], [[228, 1131]], [[229, 1131]], [[230, 1130]], [[231, 1129]], [[232, 1129]], [[233, 1129]], [[234, 1129]], [[235, 1128]], [[236, 1128]], [[237, 1128]], [[238, 1127]], [[239, 1126]], [[240, 1125]], [[241, 1125]], [[242, 1124]], [[243, 1123]], [[244, 1122]], [[245, 1122]], [[246, 1121]], [[247, 1120]], [[248, 1120]], [[249, 1119]], [[250, 1119]], [[251, 1118]], [[252, 1118]], [[253, 1117]], [[254, 1116]], [[255, 1117]], [[256, 1116]], [[257, 1116]], [[258, 1115]], [[259, 1114]], [[259, 1113]], [[260, 1112]], [[261, 1111]], [[262, 1110]], [[262, 1109]], [[263, 1108]], [[263, 1107]], [[263, 1106]], [[263, 1105]], [[263, 1104]], [[264, 1103]], [[264, 1102]], [[264, 1101]], [[264, 1100]], [[264, 1099]], [[265, 1098]], [[266, 1097]], [[267, 1096]], [[268, 1095]], [[269, 1095]], [[270, 1095]], [[271, 1095]], [[272, 1095]], [[273, 1095]], [[274, 1094]], [[275, 1093]], [[275, 1092]], [[276, 1091]], [[277, 1090]], [[278, 1090]], [[279, 1089]], [[279, 1088]], [[279, 1087]], [[279, 1086]], [[280, 1085]], [[280, 1084]], [[280, 1083]], [[280, 1082]], [[281, 1081]], [[281, 1080]], [[281, 1079]], [[281, 1078]], [[281, 1077]], [[281, 1076]], [[281, 1075]], [[281, 1074]], [[281, 1073]], [[280, 1072]], [[280, 1071]], [[279, 1070]], [[278, 1069]], [[277, 1068]], [[276, 1067]], [[275, 1067]], [[274, 1066]], [[273, 1066]], [[272, 1065]], [[271, 1064]], [[271, 1063]], [[271, 1062]], [[271, 1061]], [[271, 1060]], [[271, 1059]], [[270, 1059]], [[269, 1058]], [[268, 1057]], [[268, 1056]], [[268, 1055]], [[268, 1054]], [[268, 1053]], [[267, 1052]], [[267, 1051]], [[266, 1050]], [[266, 1049]], [[265, 1048]], [[265, 1047]], [[264, 1046]], [[264, 1045]], [[263, 1045]], [[262, 1044]], [[261, 1044]], [[260, 1044]], [[259, 1044]], [[258, 1043]], [[257, 1043]], [[256, 1043]], [[255, 1043]], [[254, 1043]], [[253, 1043]], [[252, 1042]], [[252, 1041]], [[251, 1042]], [[250, 1041]], [[249, 1041]], [[248, 1041]], [[247, 1040]], [[246, 1040]], [[245, 1040]], [[244, 1040]], [[243, 1039]], [[243, 1038]], [[243, 1037]], [[243, 1036]], [[243, 1035]], [[244, 1034]], [[244, 1033]], [[244, 1032]], [[244, 1031]], [[244, 1030]], [[243, 1029]], [[243, 1028]], [[243, 1027]], [[243, 1026]], [[242, 1025]], [[241, 1025]], [[240, 1025]], [[239, 1024]], [[238, 1024]], [[237, 1024]], [[236, 1024]], [[235, 1024]], [[234, 1024]], [[233, 1024]], [[232, 1024]], [[231, 1024]]]","[[], [[[178, 1079], [177, 1080], [177, 1081], [177, 1082], [178, 1083], [178, 1084], [179, 1083], [180, 1084], [181, 1085], [181, 1086], [182, 1087], [182, 1088], [183, 1088], [183, 1087], [183, 1086], [183, 1085], [183, 1084], [183, 1083], [182, 1083], [181, 1082], [180, 1081], [181, 1080], [182, 1080], [183, 1081], [182, 1080], [182, 1079], [181, 1079], [180, 1079], [179, 1079]]]]","[[], 31]"
26,26,"[[[48, 1015]], [[47, 1016]], [[46, 1016]], [[45, 1017]], [[44, 1018]], [[43, 1019]], [[43, 1020]], [[42, 1021]], [[42, 1022]], [[41, 1023]], [[41, 1024]], [[41, 1025]], [[42, 1026]], [[43, 1027]], [[44, 1028]], [[45, 1029]], [[45, 1030]], [[44, 1031]], [[43, 1031]], [[42, 1031]], [[41, 1030]], [[40, 1029]], [[39, 1028]], [[38, 1028]], [[37, 1028]], [[36, 1028]], [[35, 1028]], [[34, 1027]], [[33, 1027]], [[32, 1028]], [[31, 1028]], [[30, 1029]], [[29, 1029]], [[28, 1030]], [[28, 1031]], [[27, 1032]], [[26, 1033]], [[26, 1034]], [[26, 1035]], [[25, 1036]], [[24, 1037]], [[24, 1038]], [[24, 1039]], [[24, 1040]], [[24, 1041]], [[24, 1042]], [[24, 1043]], [[24, 1044]], [[25, 1045]], [[25, 1046]], [[25, 1047]], [[26, 1048]], [[27, 1049]], [[28, 1050]], [[29, 1050]], [[30, 1050]], [[31, 1051]], [[32, 1052]], [[33, 1053]], [[34, 1054]], [[35, 1055]], [[36, 1056]], [[37, 1057]], [[38, 1057]], [[39, 1057]], [[40, 1057]], [[41, 1058]], [[42, 1057]], [[43, 1057]], [[44, 1056]], [[45, 1055]], [[46, 1055]], [[47, 1055]], [[48, 1055]], [[49, 1055]], [[50, 1054]], [[51, 1054]], [[52, 1053]], [[52, 1052]], [[53, 1051]], [[53, 1050]], [[54, 1049]], [[55, 1048]], [[55, 1047]], [[56, 1046]], [[57, 1045]], [[57, 1044]], [[57, 1043]], [[57, 1042]], [[57, 1041]], [[57, 1040]], [[56, 1039]], [[55, 1038]], [[55, 1037]], [[56, 1036]], [[57, 1036]], [[58, 1036]], [[59, 1036]], [[60, 1035]], [[61, 1034]], [[61, 1033]], [[61, 1032]], [[62, 1031]], [[62, 1030]], [[62, 1029]], [[62, 1028]], [[63, 1027]], [[63, 1026]], [[63, 1025]], [[63, 1024]], [[62, 1023]], [[62, 1022]], [[61, 1021]], [[60, 1020]], [[59, 1019]], [[59, 1018]], [[58, 1017]], [[57, 1017]], [[56, 1017]], [[55, 1017]], [[54, 1017]], [[53, 1016]], [[52, 1016]], [[51, 1015]], [[50, 1015]], [[49, 1015]]]","[[], [[[39, 1022], [38, 1023], [37, 1023], [38, 1023], [39, 1024], [38, 1025], [37, 1026], [36, 1026], [35, 1026], [34, 1025], [33, 1026], [34, 1026], [35, 1026], [36, 1026], [37, 1026], [38, 1026], [39, 1027], [40, 1027], [41, 1028], [41, 1029], [42, 1030], [43, 1030], [44, 1030], [44, 1029], [43, 1028], [42, 1027], [41, 1026], [40, 1025], [40, 1024], [39, 1023]]], [[[17, 1025], [16, 1026], [15, 1027], [14, 1028], [13, 1028], [12, 1027], [11, 1027], [10, 1027], [11, 1027], [12, 1028], [13, 1028], [14, 1029], [15, 1029], [16, 1028], [17, 1028], [18, 1028], [19, 1029], [20, 1029], [21, 1030], [22, 1030], [23, 1031], [23, 1032], [24, 1033], [24, 1034], [24, 1035], [25, 1034], [25, 1033], [26, 1032], [27, 1031], [27, 1030], [28, 1029], [29, 1028], [30, 1028], [30, 1027], [29, 1027], [28, 1027], [27, 1028], [26, 1028], [25, 1028], [24, 1027], [23, 1027], [22, 1027], [21, 1028], [20, 1028], [19, 1027], [18, 1026], [18, 1025]]], [[[28, 1051], [27, 1052], [26, 1052], [26, 1053], [27, 1054], [28, 1053], [29, 1052], [30, 1053], [30, 1054], [31, 1055], [32, 1055], [33, 1056], [34, 1057], [35, 1057], [36, 1057], [37, 1058], [38, 1058], [37, 1058], [36, 1057], [35, 1056], [34, 1055], [33, 1054], [32, 1053], [31, 1052], [30, 1051], [29, 1051]]], [[[67, 1031], [67, 1032], [67, 1033], [67, 1034], [66, 1035], [65, 1035], [64, 1035], [63, 1035], [62, 1035], [61, 1035], [60, 1036], [60, 1037], [59, 1038], [60, 1039], [60, 1040], [61, 1040], [62, 1039], [63, 1038], [64, 1038], [65, 1037], [66, 1037], [65, 1036], [66, 1035], [67, 1035], [67, 1034], [68, 1033], [68, 1032], [68, 1031]]], [[[60, 1014], [59, 1015], [60, 1016], [61, 1017], [61, 1018], [60, 1019], [61, 1020], [62, 1021], [63, 1020], [64, 1019], [65, 1019], [66, 1020], [66, 1021], [65, 1022], [64, 1022], [64, 1023], [65, 1024], [65, 1025], [64, 1026], [64, 1027], [64, 1028], [64, 1029], [64, 1030], [64, 1031], [64, 1030], [65, 1029], [66, 1029], [66, 1028], [66, 1027], [66, 1026], [66, 1025], [67, 1024], [68, 1024], [69, 1024], [70, 1024], [70, 1023], [70, 1022], [69, 1021], [68, 1021], [67, 1021], [66, 1020], [66, 1019], [66, 1018], [65, 1018], [64, 1017], [63, 1017], [62, 1016], [62, 1015], [62, 1014], [61, 1014]]]]","[[], 32, 33, 34, 35, 36]"
27,27,"[[[216, 1002]], [[215, 1003]], [[214, 1004]], [[213, 1004]], [[212, 1003]], [[211, 1004]], [[210, 1005]], [[209, 1005]], [[208, 1006]], [[207, 1007]], [[206, 1008]], [[205, 1009]], [[204, 1010]], [[203, 1011]], [[202, 1012]], [[201, 1012]], [[200, 1013]], [[200, 1014]], [[200, 1015]], [[199, 1016]], [[198, 1017]], [[197, 1017]], [[196, 1017]], [[196, 1018]], [[196, 1019]], [[196, 1020]], [[195, 1021]], [[194, 1021]], [[195, 1022]], [[195, 1023]], [[195, 1024]], [[196, 1024]], [[197, 1025]], [[198, 1026]], [[199, 1026]], [[200, 1025]], [[201, 1025]], [[202, 1024]], [[202, 1023]], [[203, 1022]], [[204, 1021]], [[205, 1020]], [[206, 1019]], [[207, 1018]], [[208, 1018]], [[209, 1018]], [[210, 1018]], [[211, 1017]], [[212, 1017]], [[213, 1017]], [[214, 1017]], [[215, 1016]], [[216, 1015]], [[217, 1014]], [[218, 1014]], [[219, 1014]], [[219, 1013]], [[220, 1012]], [[221, 1011]], [[222, 1010]], [[223, 1009]], [[224, 1008]], [[225, 1008]], [[225, 1007]], [[226, 1006]], [[226, 1005]], [[226, 1004]], [[226, 1003]], [[225, 1003]], [[224, 1003]], [[223, 1002]], [[222, 1002]], [[221, 1002]], [[220, 1002]], [[219, 1002]], [[218, 1002]], [[217, 1002]]]","[[], [[[213, 997], [212, 998], [211, 999], [211, 1000], [210, 1001], [209, 1001], [208, 1001], [208, 1002], [207, 1003], [207, 1004], [206, 1005], [205, 1005], [204, 1006], [204, 1007], [204, 1008], [203, 1009], [202, 1009], [201, 1009], [200, 1008], [201, 1007], [200, 1006], [200, 1005], [199, 1005], [199, 1006], [199, 1007], [199, 1008], [200, 1008], [201, 1009], [201, 1010], [202, 1010], [203, 1010], [204, 1009], [205, 1008], [206, 1007], [207, 1006], [208, 1005], [209, 1004], [210, 1004], [210, 1003], [210, 1002], [211, 1001], [212, 1000], [213, 999], [214, 999], [214, 998], [214, 997]]], [[[196, 1012], [195, 1013], [195, 1014], [194, 1015], [193, 1016], [193, 1017], [193, 1018], [193, 1019], [193, 1020], [193, 1021], [192, 1022], [191, 1022], [191, 1023], [192, 1023], [193, 1024], [193, 1025], [194, 1026], [195, 1026], [196, 1026], [197, 1026], [196, 1025], [195, 1025], [194, 1024], [194, 1023], [194, 1022], [193, 1021], [194, 1020], [195, 1020], [195, 1019], [195, 1018], [195, 1017], [196, 1016], [197, 1016], [198, 1016], [199, 1015], [199, 1014], [199, 1013], [199, 1012], [198, 1012], [197, 1012]]]]","[[], 37, 38]"
28,28,"[[[89, 1002]], [[89, 1003]], [[89, 1004]], [[90, 1005]], [[90, 1006]], [[90, 1007]], [[90, 1008]], [[90, 1009]], [[91, 1010]], [[92, 1011]], [[92, 1012]], [[92, 1013]], [[93, 1014]], [[93, 1015]], [[93, 1016]], [[93, 1017]], [[94, 1018]], [[95, 1018]], [[96, 1018]], [[97, 1018]], [[97, 1017]], [[97, 1016]], [[98, 1015]], [[98, 1014]], [[98, 1013]], [[98, 1012]], [[97, 1011]], [[98, 1010]], [[99, 1009]], [[99, 1008]], [[98, 1007]], [[97, 1006]], [[96, 1006]], [[95, 1005]], [[94, 1005]], [[93, 1004]], [[92, 1004]], [[91, 1003]], [[90, 1003]]]","[[[[85, 992], [84, 993], [84, 994], [84, 995], [84, 996], [84, 997], [85, 997], [86, 998], [86, 999], [86, 1000], [85, 1001], [85, 1002], [85, 1003], [85, 1004], [86, 1005], [87, 1005], [88, 1005], [88, 1004], [88, 1003], [88, 1002], [88, 1001], [89, 1000], [90, 1000], [91, 1000], [92, 1001], [92, 1002], [93, 1002], [94, 1003], [94, 1002], [93, 1002], [92, 1001], [91, 1000], [90, 1000], [89, 1000], [88, 999], [87, 998], [86, 997], [85, 996], [86, 995], [86, 994], [85, 993]]], [[[99, 1006], [99, 1007], [100, 1008], [100, 1009], [100, 1010], [99, 1011], [98, 1011], [99, 1012], [99, 1013], [99, 1014], [99, 1015], [98, 1016], [99, 1016], [99, 1015], [100, 1014], [101, 1013], [102, 1012], [103, 1012], [104, 1013], [105, 1014], [105, 1015], [105, 1016], [106, 1016], [106, 1015], [106, 1014], [107, 1013], [107, 1012], [106, 1011], [106, 1010], [105, 1009], [104, 1009], [104, 1010], [103, 1011], [102, 1010], [102, 1009], [102, 1008], [101, 1007], [100, 1006]]]]","[39, 40]"
29,29,"[[[159, 996]], [[158, 997]], [[157, 997]], [[156, 998]], [[155, 998]], [[154, 998]], [[153, 999]], [[152, 999]], [[151, 1000]], [[150, 1000]], [[149, 1000]], [[148, 1000]], [[147, 1000]], [[146, 1001]], [[145, 1002]], [[144, 1002]], [[143, 1002]], [[142, 1002]], [[141, 1002]], [[140, 1002]], [[139, 1002]], [[138, 1002]], [[137, 1003]], [[136, 1004]], [[136, 1005]], [[136, 1006]], [[136, 1007]], [[136, 1008]], [[136, 1009]], [[136, 1010]], [[136, 1011]], [[136, 1012]], [[136, 1013]], [[137, 1014]], [[137, 1015]], [[138, 1015]], [[139, 1016]], [[140, 1016]], [[141, 1016]], [[142, 1016]], [[143, 1016]], [[144, 1017]], [[145, 1017]], [[146, 1017]], [[147, 1018]], [[148, 1018]], [[149, 1018]], [[150, 1018]], [[151, 1019]], [[152, 1019]], [[153, 1019]], [[154, 1019]], [[155, 1019]], [[156, 1019]], [[157, 1019]], [[158, 1019]], [[159, 1019]], [[160, 1019]], [[161, 1020]], [[162, 1020]], [[163, 1020]], [[164, 1020]], [[165, 1021]], [[166, 1021]], [[167, 1021]], [[168, 1022]], [[169, 1022]], [[170, 1022]], [[171, 1022]], [[172, 1022]], [[173, 1023]], [[174, 1023]], [[175, 1023]], [[176, 1023]], [[177, 1023]], [[178, 1022]], [[179, 1022]], [[179, 1021]], [[180, 1020]], [[180, 1019]], [[181, 1018]], [[181, 1017]], [[181, 1016]], [[180, 1015]], [[179, 1014]], [[178, 1013]], [[178, 1012]], [[178, 1011]], [[178, 1010]], [[178, 1009]], [[177, 1008]], [[177, 1007]], [[176, 1006]], [[175, 1006]], [[174, 1006]], [[173, 1005]], [[173, 1004]], [[173, 1003]], [[172, 1002]], [[172, 1001]], [[172, 1000]], [[171, 999]], [[170, 999]], [[169, 999]], [[168, 998]], [[167, 998]], [[166, 997]], [[165, 996]], [[164, 996]], [[163, 996]], [[162, 996]], [[161, 996]], [[160, 996]]]","[[], [[[160, 976], [159, 977], [159, 978], [159, 979], [158, 980], [157, 981], [156, 981], [155, 981], [154, 982], [154, 983], [154, 984], [153, 985], [152, 985], [152, 986], [152, 987], [151, 988], [150, 989], [150, 990], [150, 991], [150, 992], [150, 993], [150, 994], [149, 995], [148, 996], [147, 996], [146, 996], [145, 995], [144, 994], [144, 995], [145, 996], [146, 997], [147, 996], [148, 996], [149, 996], [150, 995], [150, 994], [151, 993], [152, 992], [153, 992], [153, 991], [154, 990], [155, 989], [155, 988], [154, 987], [154, 986], [155, 985], [156, 985], [157, 985], [158, 986], [158, 987], [159, 988], [160, 989], [160, 990], [159, 991], [159, 992], [160, 993], [160, 994], [161, 994], [162, 995], [163, 995], [164, 995], [165, 995], [166, 996], [167, 996], [168, 996], [168, 995], [167, 996], [166, 996], [165, 995], [164, 995], [163, 994], [162, 993], [161, 992], [161, 991], [161, 990], [161, 989], [161, 988], [160, 987], [160, 986], [159, 985], [158, 984], [158, 983], [158, 982], [159, 981], [160, 980], [161, 979], [162, 979], [163, 978], [163, 977], [163, 976], [162, 976], [161, 976]]]]","[[], 41]"
30,30,"[[[255, 994]], [[254, 995]], [[253, 995]], [[252, 995]], [[251, 996]], [[250, 996]], [[249, 997]], [[248, 998]], [[247, 999]], [[246, 999]], [[245, 998]], [[244, 998]], [[243, 998]], [[242, 998]], [[241, 999]], [[240, 999]], [[240, 1000]], [[240, 1001]], [[240, 1002]], [[240, 1003]], [[240, 1004]], [[240, 1005]], [[240, 1006]], [[240, 1007]], [[240, 1008]], [[240, 1009]], [[240, 1010]], [[241, 1011]], [[241, 1012]], [[241, 1013]], [[241, 1014]], [[241, 1015]], [[242, 1016]], [[243, 1017]], [[244, 1017]], [[245, 1018]], [[246, 1018]], [[247, 1018]], [[248, 1018]], [[249, 1018]], [[250, 1018]], [[251, 1018]], [[252, 1019]], [[253, 1020]], [[254, 1019]], [[255, 1019]], [[256, 1020]], [[257, 1021]], [[257, 1022]], [[257, 1023]], [[256, 1024]], [[255, 1024]], [[256, 1024]], [[257, 1024]], [[258, 1024]], [[259, 1024]], [[260, 1024]], [[261, 1024]], [[262, 1023]], [[263, 1022]], [[263, 1021]], [[263, 1020]], [[263, 1019]], [[263, 1018]], [[263, 1017]], [[262, 1016]], [[262, 1015]], [[261, 1014]], [[261, 1013]], [[260, 1013]], [[259, 1012]], [[258, 1012]], [[257, 1012]], [[256, 1011]], [[256, 1010]], [[257, 1009]], [[258, 1009]], [[259, 1008]], [[260, 1007]], [[261, 1006]], [[262, 1005]], [[262, 1004]], [[262, 1003]], [[262, 1002]], [[262, 1001]], [[262, 1000]], [[262, 999]], [[261, 998]], [[261, 997]], [[260, 996]], [[259, 995]], [[258, 995]], [[257, 994]], [[256, 994]]]",[[]],[]
31,31,"[[[332, 993]], [[331, 994]], [[330, 995]], [[329, 996]], [[328, 997]], [[327, 998]], [[326, 998]], [[325, 997]], [[324, 997]], [[323, 997]], [[322, 997]], [[322, 998]], [[321, 999]], [[320, 1000]], [[319, 1000]], [[318, 1001]], [[318, 1002]], [[318, 1003]], [[317, 1004]], [[316, 1005]], [[315, 1006]], [[314, 1007]], [[313, 1008]], [[313, 1009]], [[312, 1010]], [[311, 1011]], [[310, 1011]], [[309, 1012]], [[308, 1012]], [[307, 1013]], [[306, 1013]], [[305, 1014]], [[304, 1014]], [[303, 1015]], [[303, 1016]], [[302, 1017]], [[301, 1018]], [[301, 1019]], [[301, 1020]], [[302, 1021]], [[303, 1022]], [[304, 1023]], [[304, 1024]], [[304, 1025]], [[305, 1025]], [[306, 1025]], [[307, 1026]], [[308, 1027]], [[308, 1028]], [[308, 1029]], [[309, 1030]], [[310, 1030]], [[311, 1031]], [[311, 1032]], [[312, 1033]], [[312, 1034]], [[312, 1035]], [[313, 1036]], [[313, 1037]], [[314, 1038]], [[315, 1038]], [[316, 1038]], [[317, 1038]], [[318, 1038]], [[319, 1038]], [[320, 1038]], [[321, 1037]], [[322, 1036]], [[323, 1036]], [[324, 1036]], [[325, 1036]], [[326, 1036]], [[327, 1035]], [[328, 1034]], [[329, 1033]], [[330, 1033]], [[331, 1032]], [[332, 1032]], [[333, 1032]], [[334, 1032]], [[335, 1033]], [[336, 1033]], [[337, 1033]], [[338, 1032]], [[339, 1032]], [[340, 1032]], [[341, 1032]], [[342, 1032]], [[343, 1032]], [[344, 1032]], [[345, 1033]], [[344, 1034]], [[343, 1034]], [[343, 1035]], [[344, 1034]], [[345, 1033]], [[346, 1033]], [[346, 1032]], [[347, 1031]], [[348, 1031]], [[348, 1030]], [[349, 1029]], [[349, 1028]], [[350, 1027]], [[350, 1026]], [[351, 1025]], [[351, 1024]], [[351, 1023]], [[352, 1022]], [[353, 1021]], [[352, 1020]], [[352, 1019]], [[353, 1018]], [[352, 1017]], [[352, 1016]], [[351, 1015]], [[350, 1014]], [[349, 1013]], [[348, 1012]], [[347, 1012]], [[346, 1011]], [[345, 1011]], [[344, 1010]], [[343, 1009]], [[343, 1008]], [[342, 1007]], [[341, 1006]], [[341, 1005]], [[341, 1004]], [[341, 1003]], [[340, 1002]], [[339, 1001]], [[339, 1000]], [[339, 999]], [[338, 998]], [[338, 997]], [[337, 996]], [[337, 995]], [[337, 994]], [[336, 993]], [[335, 993]], [[334, 993]], [[333, 993]]]",[[]],[]
32,32,"[[[752, 983]], [[751, 984]], [[750, 984]], [[749, 984]], [[748, 984]], [[747, 984]], [[746, 984]], [[745, 985]], [[744, 986]], [[743, 986]], [[742, 987]], [[742, 988]], [[741, 989]], [[740, 990]], [[739, 991]], [[738, 991]], [[737, 991]], [[736, 991]], [[735, 991]], [[734, 992]], [[733, 992]], [[733, 993]], [[733, 994]], [[732, 995]], [[732, 996]], [[731, 997]], [[731, 998]], [[731, 999]], [[730, 1000]], [[730, 1001]], [[730, 1002]], [[730, 1003]], [[729, 1004]], [[728, 1005]], [[727, 1005]], [[726, 1005]], [[725, 1006]], [[724, 1005]], [[723, 1004]], [[724, 1005]], [[724, 1006]], [[725, 1007]], [[726, 1008]], [[727, 1009]], [[727, 1010]], [[727, 1011]], [[728, 1011]], [[729, 1011]], [[730, 1012]], [[731, 1013]], [[732, 1013]], [[733, 1013]], [[734, 1014]], [[735, 1015]], [[736, 1016]], [[737, 1017]], [[738, 1017]], [[739, 1018]], [[740, 1019]], [[740, 1020]], [[739, 1021]], [[738, 1021]], [[737, 1021]], [[736, 1021]], [[735, 1020]], [[734, 1021]], [[733, 1021]], [[733, 1022]], [[732, 1023]], [[732, 1024]], [[732, 1025]], [[731, 1026]], [[731, 1027]], [[730, 1028]], [[729, 1029]], [[728, 1030]], [[727, 1031]], [[726, 1031]], [[726, 1032]], [[725, 1033]], [[726, 1034]], [[727, 1034]], [[728, 1034]], [[729, 1035]], [[730, 1035]], [[731, 1035]], [[732, 1035]], [[733, 1036]], [[734, 1037]], [[735, 1038]], [[736, 1039]], [[737, 1040]], [[738, 1041]], [[739, 1041]], [[740, 1041]], [[741, 1041]], [[742, 1041]], [[743, 1041]], [[743, 1040]], [[743, 1039]], [[744, 1038]], [[744, 1037]], [[743, 1036]], [[744, 1035]], [[744, 1034]], [[744, 1033]], [[744, 1032]], [[744, 1031]], [[743, 1030]], [[742, 1029]], [[741, 1028]], [[741, 1027]], [[740, 1026]], [[740, 1025]], [[740, 1024]], [[740, 1023]], [[740, 1022]], [[739, 1021]], [[740, 1020]], [[741, 1020]], [[742, 1021]], [[743, 1021]], [[744, 1021]], [[745, 1021]], [[746, 1021]], [[747, 1022]], [[748, 1021]], [[749, 1021]], [[750, 1020]], [[751, 1020]], [[752, 1019]], [[753, 1019]], [[754, 1019]], [[755, 1019]], [[756, 1018]], [[757, 1018]], [[758, 1018]], [[759, 1017]], [[758, 1016]], [[759, 1015]], [[759, 1014]], [[760, 1013]], [[761, 1012]], [[762, 1011]], [[763, 1010]], [[764, 1009]], [[764, 1008]], [[764, 1007]], [[765, 1006]], [[766, 1005]], [[766, 1004]], [[766, 1003]], [[766, 1002]], [[766, 1001]], [[766, 1000]], [[767, 999]], [[767, 998]], [[767, 997]], [[767, 996]], [[767, 995]], [[767, 994]], [[767, 993]], [[767, 992]], [[766, 991]], [[765, 990]], [[765, 989]], [[764, 988]], [[763, 988]], [[762, 989]], [[761, 989]], [[760, 990]], [[759, 989]], [[759, 988]], [[759, 987]], [[758, 986]], [[758, 985]], [[757, 985]], [[756, 984]], [[756, 983]], [[755, 983]], [[754, 983]], [[753, 983]]]",[[]],[]
33,33,"[[[379, 977]], [[378, 978]], [[377, 978]], [[376, 979]], [[375, 980]], [[374, 981]], [[373, 982]], [[372, 983]], [[371, 984]], [[370, 985]], [[370, 986]], [[369, 987]], [[369, 988]], [[368, 989]], [[368, 990]], [[368, 991]], [[369, 992]], [[369, 993]], [[369, 994]], [[370, 995]], [[370, 996]], [[370, 997]], [[371, 998]], [[372, 998]], [[373, 998]], [[374, 999]], [[375, 999]], [[376, 999]], [[377, 999]], [[378, 998]], [[379, 998]], [[380, 997]], [[381, 996]], [[382, 995]], [[382, 994]], [[383, 993]], [[384, 992]], [[384, 991]], [[385, 990]], [[385, 989]], [[385, 988]], [[386, 987]], [[387, 986]], [[387, 985]], [[387, 984]], [[387, 983]], [[387, 982]], [[387, 981]], [[387, 980]], [[386, 979]], [[385, 979]], [[384, 978]], [[383, 977]], [[382, 977]], [[381, 977]], [[380, 977]]]",[[]],[]
34,34,"[[[148, 968]], [[148, 969]], [[148, 970]], [[147, 971]], [[146, 971]], [[145, 971]], [[144, 970]], [[145, 969]], [[144, 969]], [[143, 969]], [[142, 969]], [[141, 969]], [[141, 970]], [[142, 970]], [[143, 969]], [[144, 970]], [[144, 971]], [[144, 972]], [[143, 973]], [[143, 974]], [[143, 975]], [[143, 976]], [[143, 977]], [[142, 978]], [[141, 979]], [[140, 979]], [[139, 979]], [[139, 980]], [[140, 981]], [[140, 982]], [[141, 983]], [[142, 983]], [[143, 983]], [[144, 983]], [[144, 982]], [[144, 981]], [[145, 980]], [[146, 980]], [[146, 979]], [[146, 978]], [[147, 977]], [[148, 976]], [[149, 976]], [[150, 976]], [[151, 975]], [[151, 974]], [[151, 973]], [[151, 972]], [[151, 971]], [[151, 970]], [[151, 969]], [[150, 969]], [[149, 970]], [[148, 969]]]","[[[[145, 959], [145, 960], [146, 961], [145, 962], [144, 962], [143, 963], [142, 964], [141, 965], [140, 965], [139, 965], [138, 965], [137, 964], [136, 964], [135, 963], [135, 962], [134, 961], [133, 960], [133, 961], [134, 962], [135, 963], [135, 964], [135, 965], [134, 966], [133, 967], [132, 968], [133, 968], [134, 968], [135, 967], [136, 967], [137, 967], [138, 968], [138, 969], [138, 970], [138, 971], [138, 972], [138, 973], [138, 974], [138, 975], [138, 976], [139, 976], [140, 976], [141, 975], [142, 974], [142, 973], [142, 972], [141, 971], [140, 970], [140, 969], [140, 968], [141, 967], [142, 967], [143, 967], [144, 968], [145, 968], [146, 969], [146, 970], [147, 970], [147, 969], [147, 968], [147, 967], [147, 966], [146, 965], [147, 964], [147, 963], [147, 962], [147, 961], [147, 960], [147, 959], [146, 959]]], [[[160, 976], [159, 977], [159, 978], [159, 979], [158, 980], [157, 981], [156, 981], [155, 981], [154, 982], [154, 983], [154, 984], [153, 985], [152, 985], [152, 986], [152, 987], [151, 988], [150, 989], [150, 990], [150, 991], [150, 992], [150, 993], [150, 994], [149, 995], [148, 996], [147, 996], [146, 996], [145, 995], [144, 994], [144, 995], [145, 996], [146, 997], [147, 996], [148, 996], [149, 996], [150, 995], [150, 994], [151, 993], [152, 992], [153, 992], [153, 991], [154, 990], [155, 989], [155, 988], [154, 987], [154, 986], [155, 985], [156, 985], [157, 985], [158, 986], [158, 987], [159, 988], [160, 989], [160, 990], [159, 991], [159, 992], [160, 993], [160, 994], [161, 994], [162, 995], [163, 995], [164, 995], [165, 995], [166, 996], [167, 996], [168, 996], [168, 995], [167, 996], [166, 996], [165, 995], [164, 995], [163, 994], [162, 993], [161, 992], [161, 991], [161, 990], [161, 989], [161, 988], [160, 987], [160, 986], [159, 985], [158, 984], [158, 983], [158, 982], [159, 981], [160, 980], [161, 979], [162, 979], [163, 978], [163, 977], [163, 976], [162, 976], [161, 976]]]]","[42, 41]"
35,35,"[[[813, 966]], [[812, 967]], [[812, 968]], [[811, 969]], [[810, 969]], [[809, 970]], [[808, 969]], [[807, 970]], [[806, 970]], [[805, 971]], [[804, 971]], [[804, 972]], [[803, 973]], [[803, 974]], [[802, 975]], [[802, 976]], [[801, 977]], [[800, 978]], [[799, 979]], [[798, 979]], [[797, 980]], [[796, 980]], [[795, 981]], [[794, 982]], [[794, 983]], [[794, 984]], [[794, 985]], [[793, 986]], [[793, 987]], [[793, 988]], [[793, 989]], [[793, 990]], [[793, 991]], [[793, 992]], [[794, 992]], [[795, 993]], [[796, 994]], [[796, 995]], [[797, 995]], [[798, 995]], [[799, 995]], [[800, 996]], [[801, 997]], [[802, 998]], [[802, 999]], [[803, 1000]], [[804, 1001]], [[805, 1000]], [[806, 1000]], [[807, 1000]], [[808, 999]], [[809, 999]], [[810, 999]], [[811, 998]], [[812, 998]], [[813, 998]], [[814, 997]], [[815, 996]], [[816, 996]], [[816, 995]], [[817, 994]], [[818, 993]], [[819, 992]], [[820, 991]], [[821, 990]], [[821, 989]], [[821, 988]], [[822, 987]], [[823, 986]], [[823, 985]], [[823, 984]], [[823, 983]], [[824, 982]], [[824, 981]], [[824, 980]], [[824, 979]], [[824, 978]], [[823, 977]], [[823, 976]], [[823, 975]], [[823, 974]], [[822, 973]], [[822, 972]], [[822, 971]], [[821, 970]], [[820, 969]], [[819, 968]], [[818, 967]], [[817, 966]], [[816, 966]], [[815, 966]], [[814, 966]]]","[[], [[[796, 967], [797, 968], [798, 968], [799, 968], [800, 968], [801, 968], [802, 969], [802, 970], [802, 971], [802, 972], [802, 973], [801, 974], [802, 974], [802, 973], [802, 972], [802, 971], [803, 970], [804, 970], [804, 969], [803, 968], [802, 968], [801, 967], [800, 967], [799, 967], [798, 967], [797, 967]]]]","[[], 44]"
36,36,"[[[754, 949]], [[753, 950]], [[752, 950]], [[751, 951]], [[750, 951]], [[749, 951]], [[748, 951]], [[747, 950]], [[746, 950]], [[745, 950]], [[744, 951]], [[743, 952]], [[742, 952]], [[741, 952]], [[740, 952]], [[739, 952]], [[738, 952]], [[737, 952]], [[736, 951]], [[735, 951]], [[734, 951]], [[733, 952]], [[732, 952]], [[731, 953]], [[730, 953]], [[729, 954]], [[728, 954]], [[727, 955]], [[726, 955]], [[725, 955]], [[724, 956]], [[723, 957]], [[722, 958]], [[721, 959]], [[720, 959]], [[720, 960]], [[720, 961]], [[720, 962]], [[720, 963]], [[721, 964]], [[721, 965]], [[721, 966]], [[721, 967]], [[722, 968]], [[723, 969]], [[723, 970]], [[723, 971]], [[724, 971]], [[725, 971]], [[726, 972]], [[727, 973]], [[728, 972]], [[729, 973]], [[730, 973]], [[731, 973]], [[732, 973]], [[733, 973]], [[734, 973]], [[735, 973]], [[736, 974]], [[737, 974]], [[738, 974]], [[739, 975]], [[740, 974]], [[741, 974]], [[742, 974]], [[743, 975]], [[744, 975]], [[745, 974]], [[746, 974]], [[747, 974]], [[748, 974]], [[749, 974]], [[750, 973]], [[751, 973]], [[752, 973]], [[753, 972]], [[754, 972]], [[755, 972]], [[756, 972]], [[757, 973]], [[758, 973]], [[759, 972]], [[760, 971]], [[761, 971]], [[761, 970]], [[762, 969]], [[762, 968]], [[762, 967]], [[762, 966]], [[763, 965]], [[763, 964]], [[763, 963]], [[763, 962]], [[764, 961]], [[764, 960]], [[764, 959]], [[764, 958]], [[764, 957]], [[763, 956]], [[763, 955]], [[763, 954]], [[764, 953]], [[764, 952]], [[763, 951]], [[762, 950]], [[761, 950]], [[760, 950]], [[759, 950]], [[758, 950]], [[757, 949]], [[756, 949]], [[755, 949]]]","[[], [[[712, 970], [711, 971], [711, 972], [710, 973], [710, 974], [711, 974], [712, 974], [713, 975], [714, 975], [715, 976], [714, 977], [713, 977], [712, 977], [711, 976], [710, 977], [711, 977], [712, 978], [713, 978], [714, 979], [714, 978], [714, 977], [715, 976], [716, 976], [717, 976], [718, 977], [718, 978], [719, 978], [720, 978], [721, 978], [722, 978], [723, 978], [724, 979], [725, 979], [726, 979], [727, 979], [728, 979], [729, 979], [730, 979], [731, 980], [731, 979], [732, 978], [732, 977], [732, 976], [731, 977], [730, 978], [729, 978], [728, 978], [727, 978], [726, 978], [725, 977], [725, 976], [724, 976], [723, 976], [722, 976], [721, 977], [720, 978], [719, 978], [718, 977], [718, 976], [717, 975], [716, 975], [715, 975], [714, 974], [713, 973], [713, 972], [714, 971], [713, 970]]], [[[757, 945], [757, 946], [757, 947], [758, 948], [759, 948], [760, 948], [761, 949], [762, 949], [763, 949], [764, 949], [765, 950], [766, 950], [767, 950], [768, 950], [769, 951], [769, 952], [769, 951], [769, 950], [768, 950], [767, 950], [766, 950], [765, 950], [764, 949], [763, 948], [763, 947], [763, 946], [763, 945], [762, 946], [761, 946], [760, 946], [759, 945], [758, 945]]]]","[[], 45, 46]"
37,37,"[[[571, 941]], [[570, 942]], [[569, 943]], [[569, 944]], [[568, 945]], [[567, 946]], [[566, 945]], [[565, 946]], [[564, 945]], [[563, 945]], [[562, 945]], [[561, 946]], [[560, 947]], [[559, 947]], [[558, 948]], [[557, 948]], [[556, 949]], [[555, 949]], [[554, 950]], [[553, 951]], [[552, 951]], [[552, 952]], [[552, 953]], [[551, 954]], [[551, 955]], [[551, 956]], [[551, 957]], [[551, 958]], [[552, 959]], [[552, 960]], [[552, 961]], [[552, 962]], [[551, 963]], [[551, 964]], [[552, 965]], [[552, 966]], [[553, 967]], [[553, 968]], [[553, 969]], [[553, 970]], [[554, 971]], [[554, 972]], [[554, 973]], [[554, 974]], [[554, 975]], [[554, 976]], [[554, 977]], [[555, 978]], [[556, 979]], [[557, 979]], [[558, 979]], [[559, 979]], [[560, 979]], [[561, 980]], [[562, 980]], [[563, 980]], [[564, 979]], [[565, 979]], [[566, 980]], [[566, 981]], [[565, 982]], [[566, 983]], [[566, 984]], [[566, 985]], [[565, 986]], [[565, 987]], [[566, 988]], [[567, 989]], [[567, 990]], [[567, 991]], [[567, 992]], [[567, 993]], [[566, 994]], [[566, 995]], [[566, 996]], [[567, 997]], [[567, 998]], [[567, 999]], [[568, 999]], [[569, 1000]], [[569, 1001]], [[570, 1002]], [[571, 1002]], [[572, 1003]], [[572, 1004]], [[572, 1005]], [[572, 1006]], [[573, 1006]], [[574, 1006]], [[575, 1006]], [[576, 1007]], [[577, 1008]], [[576, 1009]], [[575, 1010]], [[574, 1010]], [[575, 1010]], [[576, 1010]], [[577, 1010]], [[578, 1011]], [[579, 1012]], [[580, 1013]], [[581, 1013]], [[582, 1013]], [[583, 1013]], [[584, 1013]], [[584, 1012]], [[584, 1011]], [[584, 1010]], [[584, 1009]], [[584, 1008]], [[584, 1007]], [[585, 1006]], [[586, 1005]], [[587, 1005]], [[588, 1006]], [[587, 1005]], [[586, 1005]], [[585, 1004]], [[585, 1003]], [[585, 1002]], [[585, 1001]], [[584, 1000]], [[584, 999]], [[584, 998]], [[585, 997]], [[586, 996]], [[586, 995]], [[586, 994]], [[587, 993]], [[587, 992]], [[587, 991]], [[588, 990]], [[588, 989]], [[588, 988]], [[589, 987]], [[590, 986]], [[591, 985]], [[591, 984]], [[591, 983]], [[591, 982]], [[592, 981]], [[593, 980]], [[594, 979]], [[593, 978]], [[593, 977]], [[594, 976]], [[594, 975]], [[595, 974]], [[595, 973]], [[595, 972]], [[596, 971]], [[596, 970]], [[597, 969]], [[597, 968]], [[597, 967]], [[597, 966]], [[598, 965]], [[598, 964]], [[598, 963]], [[598, 962]], [[598, 961]], [[598, 960]], [[598, 959]], [[598, 958]], [[598, 957]], [[598, 956]], [[598, 955]], [[598, 954]], [[597, 953]], [[596, 952]], [[596, 951]], [[596, 950]], [[595, 949]], [[594, 948]], [[593, 948]], [[592, 947]], [[591, 947]], [[590, 946]], [[589, 946]], [[588, 946]], [[587, 946]], [[586, 946]], [[585, 946]], [[584, 946]], [[583, 946]], [[582, 945]], [[581, 945]], [[580, 944]], [[579, 944]], [[578, 943]], [[577, 943]], [[576, 942]], [[575, 942]], [[574, 942]], [[573, 942]], [[572, 941]]]","[[[[565, 938], [564, 939], [565, 939], [566, 939], [567, 939], [568, 940], [568, 941], [568, 942], [567, 943], [566, 942], [565, 942], [564, 942], [563, 942], [562, 941], [562, 942], [562, 943], [563, 943], [564, 943], [565, 944], [566, 944], [567, 945], [568, 944], [568, 943], [569, 942], [570, 941], [571, 940], [572, 940], [573, 941], [574, 941], [575, 941], [576, 941], [575, 940], [574, 940], [573, 939], [572, 939], [571, 939], [570, 939], [569, 938], [568, 938], [567, 938], [566, 938]]], [], [[[549, 952], [549, 953], [549, 954], [549, 955], [548, 956], [548, 957], [548, 958], [548, 959], [548, 960], [547, 961], [546, 962], [546, 963], [546, 964], [546, 965], [546, 966], [546, 967], [547, 967], [548, 967], [549, 968], [550, 969], [551, 970], [551, 971], [552, 972], [552, 973], [552, 974], [552, 975], [552, 976], [553, 976], [553, 975], [553, 974], [553, 973], [553, 972], [553, 971], [552, 970], [552, 969], [552, 968], [552, 967], [551, 966], [551, 965], [550, 964], [550, 963], [551, 962], [551, 961], [551, 960], [551, 959], [550, 958], [550, 957], [550, 956], [550, 955], [550, 954], [551, 953], [551, 952], [550, 952]]], [[[567, 1001], [568, 1002], [567, 1003], [567, 1004], [568, 1005], [568, 1006], [568, 1007], [568, 1008], [568, 1009], [569, 1010], [570, 1011], [571, 1012], [572, 1012], [573, 1013], [574, 1013], [575, 1013], [576, 1013], [577, 1014], [576, 1015], [576, 1016], [576, 1017], [576, 1018], [575, 1019], [575, 1020], [575, 1021], [576, 1022], [577, 1023], [578, 1022], [577, 1021], [577, 1020], [577, 1019], [578, 1018], [579, 1018], [580, 1018], [581, 1019], [582, 1019], [583, 1019], [584, 1019], [585, 1019], [584, 1018], [583, 1018], [582, 1017], [582, 1016], [581, 1015], [580, 1014], [579, 1013], [578, 1012], [577, 1011], [576, 1011], [575, 1011], [574, 1011], [573, 1010], [574, 1009], [575, 1009], [576, 1008], [575, 1007], [574, 1008], [573, 1007], [572, 1007], [571, 1006], [571, 1005], [571, 1004], [571, 1003], [570, 1003], [569, 1003], [568, 1002], [568, 1001]]], [[[590, 987], [590, 988], [591, 988], [592, 989], [591, 990], [592, 990], [593, 990], [594, 990], [595, 991], [595, 992], [594, 993], [595, 993], [596, 993], [596, 992], [597, 991], [598, 990], [599, 990], [598, 989], [598, 988], [597, 989], [596, 989], [595, 989], [594, 989], [593, 989], [592, 989], [591, 988], [592, 987], [591, 987]]]]","[47, [], 48, 49, 50]"
38,38,"[[[91, 932]], [[90, 933]], [[90, 934]], [[90, 935]], [[90, 936]], [[89, 937]], [[88, 938]], [[87, 938]], [[86, 939]], [[85, 939]], [[85, 940]], [[84, 941]], [[83, 941]], [[82, 941]], [[82, 942]], [[82, 943]], [[81, 944]], [[81, 945]], [[81, 946]], [[80, 947]], [[80, 948]], [[80, 949]], [[81, 950]], [[81, 951]], [[82, 952]], [[82, 953]], [[82, 954]], [[83, 954]], [[84, 954]], [[85, 954]], [[86, 954]], [[87, 953]], [[87, 952]], [[88, 951]], [[89, 950]], [[90, 951]], [[91, 952]], [[91, 953]], [[91, 954]], [[91, 955]], [[92, 956]], [[93, 956]], [[94, 956]], [[95, 956]], [[96, 956]], [[97, 956]], [[98, 956]], [[98, 955]], [[99, 954]], [[100, 953]], [[101, 952]], [[102, 952]], [[103, 952]], [[104, 953]], [[104, 954]], [[104, 955]], [[105, 956]], [[106, 957]], [[106, 958]], [[107, 958]], [[108, 958]], [[109, 958]], [[110, 958]], [[111, 958]], [[112, 958]], [[113, 959]], [[114, 958]], [[115, 958]], [[116, 958]], [[117, 958]], [[118, 959]], [[119, 958]], [[120, 957]], [[121, 957]], [[122, 958]], [[123, 959]], [[122, 960]], [[123, 961]], [[123, 960]], [[124, 959]], [[125, 960]], [[126, 961]], [[126, 962]], [[126, 963]], [[126, 964]], [[126, 965]], [[126, 966]], [[126, 967]], [[126, 968]], [[127, 968]], [[128, 969]], [[129, 968]], [[130, 968]], [[131, 967]], [[132, 966]], [[133, 966]], [[133, 965]], [[133, 964]], [[134, 963]], [[133, 962]], [[132, 961]], [[132, 960]], [[131, 959]], [[131, 958]], [[130, 957]], [[129, 956]], [[129, 955]], [[129, 954]], [[128, 953]], [[128, 952]], [[128, 951]], [[128, 950]], [[128, 949]], [[129, 948]], [[129, 947]], [[129, 946]], [[129, 945]], [[129, 944]], [[129, 943]], [[128, 942]], [[128, 941]], [[128, 940]], [[127, 940]], [[126, 940]], [[125, 940]], [[124, 941]], [[123, 942]], [[122, 942]], [[121, 941]], [[121, 940]], [[120, 939]], [[120, 938]], [[119, 939]], [[118, 939]], [[117, 939]], [[116, 939]], [[115, 939]], [[114, 939]], [[114, 940]], [[113, 941]], [[112, 941]], [[111, 942]], [[110, 942]], [[109, 942]], [[108, 942]], [[107, 941]], [[107, 940]], [[107, 939]], [[108, 938]], [[108, 937]], [[109, 936]], [[110, 935]], [[109, 934]], [[108, 934]], [[107, 934]], [[106, 935]], [[106, 936]], [[105, 937]], [[106, 938]], [[106, 939]], [[107, 940]], [[107, 941]], [[107, 942]], [[107, 943]], [[108, 944]], [[109, 945]], [[108, 946]], [[108, 947]], [[107, 948]], [[106, 948]], [[105, 948]], [[104, 947]], [[103, 946]], [[104, 945]], [[104, 944]], [[103, 944]], [[102, 943]], [[102, 942]], [[102, 941]], [[102, 940]], [[101, 939]], [[100, 938]], [[100, 937]], [[100, 936]], [[100, 935]], [[99, 934]], [[98, 934]], [[97, 934]], [[96, 933]], [[95, 933]], [[94, 932]], [[93, 932]], [[92, 932]]]","[[[[94, 927], [93, 928], [93, 929], [92, 930], [91, 930], [91, 931], [90, 932], [89, 933], [88, 932], [87, 933], [86, 933], [85, 933], [84, 933], [83, 933], [82, 934], [82, 935], [82, 936], [81, 937], [81, 938], [81, 939], [82, 940], [83, 940], [84, 940], [84, 939], [85, 938], [86, 938], [87, 937], [88, 937], [89, 936], [89, 935], [89, 934], [89, 933], [90, 932], [91, 931], [92, 931], [93, 931], [94, 930], [95, 931], [96, 932], [97, 932], [97, 931], [97, 930], [98, 929], [99, 929], [100, 930], [101, 931], [101, 932], [101, 933], [101, 934], [102, 935], [101, 936], [101, 937], [101, 938], [102, 939], [103, 940], [103, 941], [103, 942], [103, 943], [104, 943], [105, 944], [105, 945], [104, 946], [105, 947], [106, 947], [107, 947], [107, 946], [108, 945], [107, 944], [106, 944], [105, 944], [104, 943], [104, 942], [103, 941], [103, 940], [104, 939], [104, 938], [104, 937], [105, 936], [105, 935], [106, 934], [107, 933], [108, 933], [109, 932], [110, 931], [111, 930], [112, 930], [112, 929], [111, 928], [110, 927], [109, 927], [108, 927], [107, 927], [106, 927], [106, 928], [107, 928], [108, 929], [108, 930], [107, 931], [106, 931], [105, 931], [104, 931], [103, 930], [102, 929], [101, 928], [100, 927], [99, 927], [98, 927], [97, 927], [96, 927], [95, 927]]], [], [[[115, 959], [114, 960], [113, 960], [113, 961], [113, 962], [114, 962], [115, 963], [116, 964], [116, 965], [116, 966], [115, 967], [114, 967], [113, 967], [113, 968], [114, 968], [115, 968], [116, 968], [117, 968], [118, 967], [119, 967], [120, 968], [121, 968], [122, 968], [123, 969], [123, 970], [123, 971], [124, 972], [125, 973], [126, 974], [126, 973], [126, 972], [126, 971], [125, 970], [125, 969], [125, 968], [125, 967], [125, 966], [125, 965], [125, 964], [125, 963], [125, 962], [125, 961], [124, 962], [123, 962], [122, 961], [121, 960], [120, 959], [119, 959], [118, 960], [117, 959], [116, 959]]], [[[145, 959], [145, 960], [146, 961], [145, 962], [144, 962], [143, 963], [142, 964], [141, 965], [140, 965], [139, 965], [138, 965], [137, 964], [136, 964], [135, 963], [135, 962], [134, 961], [133, 960], [133, 961], [134, 962], [135, 963], [135, 964], [135, 965], [134, 966], [133, 967], [132, 968], [133, 968], [134, 968], [135, 967], [136, 967], [137, 967], [138, 968], [138, 969], [138, 970], [138, 971], [138, 972], [138, 973], [138, 974], [138, 975], [138, 976], [139, 976], [140, 976], [141, 975], [142, 974], [142, 973], [142, 972], [141, 971], [140, 970], [140, 969], [140, 968], [141, 967], [142, 967], [143, 967], [144, 968], [145, 968], [146, 969], [146, 970], [147, 970], [147, 969], [147, 968], [147, 967], [147, 966], [146, 965], [147, 964], [147, 963], [147, 962], [147, 961], [147, 960], [147, 959], [146, 959]]], [[[131, 945], [130, 946], [130, 947], [130, 948], [129, 949], [129, 950], [129, 951], [129, 952], [129, 953], [130, 954], [130, 955], [130, 956], [131, 957], [132, 956], [133, 956], [134, 957], [135, 957], [136, 957], [137, 958], [138, 958], [139, 958], [139, 957], [139, 956], [138, 955], [137, 954], [136, 954], [135, 954], [134, 954], [133, 954], [132, 953], [132, 952], [133, 951], [132, 950], [132, 949], [132, 948], [132, 947], [133, 946], [132, 946]]], [[[122, 925], [121, 926], [120, 927], [119, 927], [118, 928], [118, 929], [118, 930], [118, 931], [119, 931], [120, 932], [119, 933], [118, 933], [118, 934], [118, 935], [117, 936], [116, 937], [115, 937], [114, 937], [113, 937], [114, 938], [115, 938], [116, 938], [117, 938], [118, 938], [118, 937], [117, 936], [118, 935], [119, 935], [120, 936], [121, 936], [121, 935], [121, 934], [121, 933], [121, 932], [121, 931], [121, 930], [121, 929], [121, 928], [121, 927], [122, 926], [123, 926], [123, 925]]]]","[51, [], 52, 42, 54, 55]"
39,39,"[[[41, 924]], [[40, 925]], [[39, 925]], [[38, 926]], [[38, 927]], [[38, 928]], [[38, 929]], [[38, 930]], [[38, 931]], [[39, 932]], [[38, 933]], [[38, 934]], [[38, 935]], [[38, 936]], [[37, 937]], [[37, 938]], [[37, 939]], [[36, 940]], [[36, 941]], [[36, 942]], [[35, 943]], [[35, 944]], [[35, 945]], [[34, 946]], [[34, 947]], [[34, 948]], [[33, 949]], [[33, 950]], [[32, 951]], [[32, 952]], [[31, 953]], [[30, 954]], [[29, 955]], [[28, 956]], [[27, 957]], [[27, 958]], [[26, 959]], [[25, 959]], [[24, 960]], [[23, 960]], [[22, 959]], [[21, 958]], [[20, 958]], [[19, 958]], [[18, 957]], [[17, 958]], [[17, 959]], [[16, 960]], [[15, 960]], [[14, 961]], [[13, 961]], [[12, 962]], [[11, 962]], [[10, 963]], [[9, 964]], [[9, 965]], [[8, 966]], [[8, 967]], [[7, 968]], [[7, 969]], [[7, 970]], [[8, 971]], [[8, 972]], [[8, 973]], [[8, 974]], [[8, 975]], [[9, 976]], [[9, 977]], [[9, 978]], [[9, 979]], [[10, 980]], [[10, 981]], [[11, 982]], [[11, 983]], [[12, 984]], [[13, 984]], [[14, 984]], [[15, 984]], [[16, 984]], [[17, 984]], [[18, 984]], [[19, 985]], [[20, 985]], [[21, 985]], [[22, 985]], [[23, 985]], [[24, 985]], [[25, 985]], [[26, 985]], [[27, 985]], [[28, 985]], [[29, 984]], [[30, 984]], [[31, 983]], [[32, 983]], [[33, 983]], [[34, 983]], [[35, 982]], [[36, 982]], [[37, 981]], [[38, 980]], [[39, 980]], [[40, 979]], [[41, 979]], [[42, 979]], [[43, 978]], [[44, 977]], [[45, 977]], [[46, 976]], [[47, 976]], [[48, 976]], [[49, 976]], [[50, 975]], [[51, 976]], [[52, 975]], [[53, 974]], [[54, 974]], [[55, 973]], [[56, 972]], [[57, 972]], [[58, 971]], [[59, 970]], [[60, 970]], [[61, 970]], [[62, 969]], [[63, 969]], [[64, 968]], [[64, 967]], [[64, 966]], [[65, 965]], [[66, 966]], [[66, 965]], [[66, 964]], [[66, 963]], [[66, 962]], [[65, 962]], [[64, 961]], [[64, 960]], [[65, 959]], [[66, 958]], [[67, 957]], [[67, 956]], [[66, 956]], [[65, 955]], [[65, 954]], [[64, 955]], [[63, 956]], [[62, 955]], [[62, 954]], [[62, 953]], [[62, 952]], [[62, 951]], [[62, 950]], [[62, 949]], [[62, 948]], [[62, 947]], [[62, 946]], [[62, 945]], [[62, 944]], [[61, 943]], [[61, 942]], [[60, 941]], [[60, 940]], [[59, 939]], [[58, 938]], [[57, 937]], [[56, 936]], [[55, 935]], [[54, 934]], [[53, 933]], [[53, 932]], [[52, 931]], [[51, 930]], [[50, 929]], [[49, 928]], [[49, 927]], [[48, 926]], [[47, 926]], [[46, 925]], [[45, 925]], [[44, 925]], [[43, 925]], [[42, 925]]]","[[[[14, 944], [14, 945], [14, 946], [13, 947], [12, 947], [12, 948], [12, 949], [13, 949], [14, 948], [15, 948], [16, 949], [17, 950], [17, 951], [17, 952], [17, 953], [17, 954], [16, 955], [16, 956], [15, 957], [15, 958], [16, 958], [17, 957], [18, 956], [18, 955], [18, 954], [18, 953], [18, 952], [18, 951], [18, 950], [17, 949], [17, 948], [17, 947], [16, 946], [15, 945]]], []]","[56, []]"
40,40,"[[[323, 918]], [[322, 919]], [[322, 920]], [[322, 921]], [[322, 922]], [[322, 923]], [[322, 924]], [[321, 925]], [[321, 926]], [[321, 927]], [[322, 928]], [[323, 929]], [[323, 930]], [[322, 931]], [[321, 932]], [[320, 932]], [[319, 933]], [[318, 932]], [[317, 932]], [[316, 932]], [[315, 932]], [[314, 932]], [[313, 932]], [[312, 931]], [[311, 931]], [[310, 931]], [[309, 930]], [[308, 930]], [[307, 930]], [[306, 930]], [[305, 930]], [[304, 930]], [[303, 930]], [[303, 931]], [[303, 932]], [[302, 933]], [[301, 934]], [[301, 935]], [[300, 936]], [[299, 937]], [[300, 938]], [[300, 939]], [[300, 940]], [[300, 941]], [[300, 942]], [[301, 943]], [[302, 944]], [[303, 944]], [[304, 944]], [[305, 944]], [[306, 944]], [[307, 945]], [[308, 945]], [[309, 945]], [[310, 945]], [[311, 945]], [[312, 945]], [[313, 945]], [[314, 945]], [[315, 945]], [[316, 944]], [[317, 943]], [[318, 943]], [[319, 942]], [[320, 941]], [[321, 940]], [[321, 939]], [[322, 938]], [[323, 937]], [[324, 937]], [[325, 938]], [[326, 939]], [[327, 939]], [[328, 939]], [[329, 939]], [[330, 940]], [[331, 940]], [[332, 940]], [[333, 940]], [[334, 940]], [[335, 940]], [[336, 940]], [[337, 941]], [[338, 941]], [[339, 941]], [[340, 941]], [[341, 941]], [[341, 940]], [[342, 939]], [[342, 938]], [[342, 937]], [[343, 936]], [[343, 935]], [[343, 934]], [[343, 933]], [[343, 932]], [[342, 931]], [[342, 930]], [[341, 929]], [[341, 928]], [[341, 927]], [[341, 926]], [[340, 925]], [[340, 924]], [[339, 923]], [[338, 922]], [[337, 921]], [[336, 921]], [[335, 920]], [[334, 920]], [[333, 920]], [[332, 920]], [[331, 920]], [[330, 920]], [[329, 920]], [[328, 920]], [[327, 920]], [[326, 919]], [[325, 918]], [[324, 918]]]",[[]],[]
41,41,"[[[477, 914]], [[476, 915]], [[475, 915]], [[474, 916]], [[473, 916]], [[472, 916]], [[471, 916]], [[470, 917]], [[469, 918]], [[468, 919]], [[467, 920]], [[466, 921]], [[465, 922]], [[464, 922]], [[464, 923]], [[463, 924]], [[462, 925]], [[463, 926]], [[463, 927]], [[464, 928]], [[465, 929]], [[465, 930]], [[466, 930]], [[467, 931]], [[468, 932]], [[468, 933]], [[469, 934]], [[469, 935]], [[469, 936]], [[468, 937]], [[467, 938]], [[466, 939]], [[465, 938]], [[464, 937]], [[464, 936]], [[464, 935]], [[463, 934]], [[463, 933]], [[463, 932]], [[462, 931]], [[461, 930]], [[461, 929]], [[460, 928]], [[459, 928]], [[458, 928]], [[457, 928]], [[456, 928]], [[455, 928]], [[454, 928]], [[453, 928]], [[452, 928]], [[451, 929]], [[450, 930]], [[450, 931]], [[449, 932]], [[449, 933]], [[448, 934]], [[448, 935]], [[447, 936]], [[447, 937]], [[446, 938]], [[445, 939]], [[444, 940]], [[443, 940]], [[443, 941]], [[443, 942]], [[443, 943]], [[443, 944]], [[443, 945]], [[443, 946]], [[442, 947]], [[442, 948]], [[441, 949]], [[440, 950]], [[440, 951]], [[439, 952]], [[439, 953]], [[439, 954]], [[439, 955]], [[439, 956]], [[439, 957]], [[439, 958]], [[439, 959]], [[439, 960]], [[438, 961]], [[439, 962]], [[439, 963]], [[438, 964]], [[438, 965]], [[438, 966]], [[438, 967]], [[438, 968]], [[438, 969]], [[438, 970]], [[438, 971]], [[438, 972]], [[437, 973]], [[437, 974]], [[437, 975]], [[437, 976]], [[437, 977]], [[437, 978]], [[437, 979]], [[437, 980]], [[437, 981]], [[438, 982]], [[438, 983]], [[439, 984]], [[440, 985]], [[441, 985]], [[442, 986]], [[443, 987]], [[444, 988]], [[445, 989]], [[446, 990]], [[447, 991]], [[448, 992]], [[448, 993]], [[449, 993]], [[450, 992]], [[451, 992]], [[452, 992]], [[453, 993]], [[454, 994]], [[455, 995]], [[455, 996]], [[456, 996]], [[457, 997]], [[458, 998]], [[458, 999]], [[459, 1000]], [[459, 1001]], [[458, 1002]], [[459, 1003]], [[460, 1004]], [[461, 1004]], [[462, 1005]], [[463, 1005]], [[464, 1005]], [[465, 1006]], [[466, 1006]], [[467, 1007]], [[468, 1008]], [[468, 1009]], [[469, 1010]], [[470, 1010]], [[471, 1010]], [[472, 1011]], [[473, 1011]], [[474, 1011]], [[475, 1011]], [[476, 1012]], [[477, 1012]], [[478, 1012]], [[479, 1012]], [[480, 1012]], [[481, 1011]], [[482, 1011]], [[483, 1011]], [[484, 1011]], [[485, 1010]], [[486, 1010]], [[487, 1010]], [[488, 1011]], [[489, 1011]], [[490, 1011]], [[491, 1011]], [[492, 1011]], [[493, 1011]], [[494, 1010]], [[495, 1010]], [[496, 1009]], [[497, 1008]], [[498, 1007]], [[499, 1007]], [[499, 1006]], [[500, 1005]], [[500, 1004]], [[501, 1003]], [[502, 1003]], [[503, 1002]], [[504, 1001]], [[504, 1000]], [[505, 999]], [[506, 998]], [[507, 997]], [[508, 996]], [[509, 995]], [[510, 994]], [[510, 993]], [[510, 992]], [[510, 991]], [[510, 990]], [[510, 989]], [[510, 988]], [[510, 987]], [[509, 986]], [[508, 985]], [[507, 984]], [[506, 983]], [[505, 982]], [[505, 981]], [[504, 980]], [[504, 979]], [[503, 978]], [[503, 977]], [[502, 977]], [[501, 976]], [[501, 975]], [[501, 974]], [[502, 973]], [[502, 972]], [[502, 971]], [[502, 970]], [[503, 969]], [[504, 969]], [[505, 969]], [[506, 970]], [[507, 970]], [[508, 970]], [[509, 970]], [[510, 970]], [[511, 970]], [[512, 970]], [[513, 970]], [[514, 970]], [[515, 970]], [[516, 970]], [[517, 970]], [[518, 970]], [[519, 970]], [[519, 969]], [[520, 968]], [[520, 967]], [[520, 966]], [[520, 965]], [[519, 964]], [[519, 963]], [[518, 962]], [[518, 961]], [[517, 960]], [[516, 959]], [[516, 958]], [[515, 958]], [[514, 957]], [[513, 956]], [[512, 955]], [[512, 954]], [[511, 953]], [[510, 952]], [[510, 951]], [[509, 950]], [[509, 949]], [[508, 948]], [[507, 947]], [[506, 946]], [[505, 945]], [[504, 944]], [[504, 943]], [[504, 942]], [[505, 941]], [[505, 940]], [[504, 939]], [[504, 938]], [[504, 937]], [[504, 936]], [[503, 935]], [[503, 934]], [[503, 933]], [[502, 932]], [[501, 931]], [[500, 930]], [[499, 930]], [[498, 930]], [[497, 929]], [[496, 928]], [[495, 927]], [[495, 926]], [[495, 925]], [[494, 924]], [[493, 924]], [[492, 923]], [[491, 922]], [[490, 921]], [[490, 920]], [[490, 919]], [[490, 918]], [[489, 918]], [[488, 917]], [[487, 917]], [[486, 916]], [[485, 916]], [[484, 915]], [[483, 914]], [[482, 914]], [[481, 914]], [[480, 914]], [[479, 914]], [[478, 914]]]",[[]],[]
42,42,"[[[239, 912]], [[238, 913]], [[237, 913]], [[236, 914]], [[235, 915]], [[234, 915]], [[233, 915]], [[232, 914]], [[231, 915]], [[230, 915]], [[229, 915]], [[228, 916]], [[227, 917]], [[226, 916]], [[225, 917]], [[224, 917]], [[223, 918]], [[222, 919]], [[221, 919]], [[220, 920]], [[219, 920]], [[218, 921]], [[217, 921]], [[216, 921]], [[216, 922]], [[215, 923]], [[215, 924]], [[215, 925]], [[214, 926]], [[213, 927]], [[213, 928]], [[213, 929]], [[213, 930]], [[213, 931]], [[213, 932]], [[212, 933]], [[211, 934]], [[212, 935]], [[212, 936]], [[212, 937]], [[213, 938]], [[213, 939]], [[213, 940]], [[213, 941]], [[213, 942]], [[214, 943]], [[215, 944]], [[216, 945]], [[217, 946]], [[217, 947]], [[218, 948]], [[218, 949]], [[219, 950]], [[219, 951]], [[219, 952]], [[220, 951]], [[221, 952]], [[221, 953]], [[222, 954]], [[222, 955]], [[223, 955]], [[224, 956]], [[225, 957]], [[226, 958]], [[226, 959]], [[227, 959]], [[228, 960]], [[229, 960]], [[230, 960]], [[231, 960]], [[232, 960]], [[233, 960]], [[234, 961]], [[235, 961]], [[236, 960]], [[237, 960]], [[238, 959]], [[239, 958]], [[240, 957]], [[240, 956]], [[240, 955]], [[241, 954]], [[241, 953]], [[241, 952]], [[241, 951]], [[242, 950]], [[243, 949]], [[243, 948]], [[244, 947]], [[245, 946]], [[246, 945]], [[247, 945]], [[248, 944]], [[249, 944]], [[250, 944]], [[251, 943]], [[252, 942]], [[253, 942]], [[254, 942]], [[255, 941]], [[256, 940]], [[257, 940]], [[258, 940]], [[259, 940]], [[260, 940]], [[261, 940]], [[262, 940]], [[263, 939]], [[264, 939]], [[265, 939]], [[266, 939]], [[267, 938]], [[268, 938]], [[269, 937]], [[270, 936]], [[271, 936]], [[272, 937]], [[272, 938]], [[272, 939]], [[271, 940]], [[271, 941]], [[270, 942]], [[270, 943]], [[270, 944]], [[270, 945]], [[270, 946]], [[271, 947]], [[272, 948]], [[273, 949]], [[274, 950]], [[275, 951]], [[276, 952]], [[277, 952]], [[278, 953]], [[279, 953]], [[280, 954]], [[281, 953]], [[282, 953]], [[283, 952]], [[283, 951]], [[284, 950]], [[285, 949]], [[286, 949]], [[287, 948]], [[288, 947]], [[289, 946]], [[289, 945]], [[290, 944]], [[291, 943]], [[292, 942]], [[293, 942]], [[294, 941]], [[295, 940]], [[295, 939]], [[296, 938]], [[297, 937]], [[297, 936]], [[297, 935]], [[298, 934]], [[298, 933]], [[299, 932]], [[299, 931]], [[300, 930]], [[300, 929]], [[300, 928]], [[299, 927]], [[298, 928]], [[297, 927]], [[296, 926]], [[295, 925]], [[294, 924]], [[293, 923]], [[292, 922]], [[291, 922]], [[290, 921]], [[289, 921]], [[288, 922]], [[287, 923]], [[286, 923]], [[285, 923]], [[284, 924]], [[283, 925]], [[283, 926]], [[282, 927]], [[281, 928]], [[280, 929]], [[279, 929]], [[278, 930]], [[277, 930]], [[276, 930]], [[275, 929]], [[275, 928]], [[275, 927]], [[276, 926]], [[277, 926]], [[277, 925]], [[278, 924]], [[278, 923]], [[278, 922]], [[277, 921]], [[277, 920]], [[277, 919]], [[276, 919]], [[275, 919]], [[274, 919]], [[273, 918]], [[272, 918]], [[271, 917]], [[270, 916]], [[269, 916]], [[268, 916]], [[267, 916]], [[266, 917]], [[265, 917]], [[264, 918]], [[263, 918]], [[262, 918]], [[261, 918]], [[260, 918]], [[259, 917]], [[258, 917]], [[257, 916]], [[256, 915]], [[255, 915]], [[254, 914]], [[253, 914]], [[252, 914]], [[251, 914]], [[250, 915]], [[249, 914]], [[248, 913]], [[247, 913]], [[246, 913]], [[245, 913]], [[244, 914]], [[243, 914]], [[242, 914]], [[241, 914]], [[240, 913]]]",[[]],[]
43,43,"[[[677, 908]], [[677, 909]], [[676, 910]], [[675, 910]], [[674, 909]], [[673, 909]], [[672, 910]], [[671, 909]], [[670, 910]], [[669, 911]], [[668, 912]], [[667, 913]], [[666, 913]], [[665, 913]], [[664, 913]], [[663, 912]], [[662, 912]], [[661, 912]], [[660, 912]], [[659, 912]], [[658, 912]], [[657, 912]], [[656, 912]], [[655, 913]], [[654, 913]], [[653, 913]], [[652, 913]], [[651, 913]], [[650, 913]], [[649, 913]], [[648, 912]], [[647, 913]], [[646, 912]], [[645, 911]], [[645, 910]], [[644, 910]], [[643, 910]], [[642, 911]], [[641, 911]], [[642, 912]], [[641, 913]], [[640, 914]], [[640, 915]], [[639, 916]], [[638, 917]], [[637, 917]], [[637, 918]], [[636, 919]], [[636, 920]], [[635, 921]], [[634, 922]], [[633, 923]], [[634, 924]], [[634, 925]], [[633, 926]], [[633, 927]], [[633, 928]], [[633, 929]], [[632, 930]], [[632, 931]], [[632, 932]], [[632, 933]], [[632, 934]], [[632, 935]], [[632, 936]], [[632, 937]], [[633, 938]], [[633, 939]], [[633, 940]], [[633, 941]], [[634, 941]], [[635, 942]], [[635, 943]], [[635, 944]], [[634, 945]], [[635, 946]], [[634, 947]], [[634, 948]], [[634, 949]], [[634, 950]], [[633, 951]], [[632, 951]], [[631, 950]], [[630, 949]], [[631, 948]], [[631, 947]], [[631, 946]], [[632, 945]], [[631, 944]], [[630, 943]], [[629, 943]], [[628, 943]], [[628, 944]], [[628, 945]], [[628, 946]], [[628, 947]], [[628, 948]], [[628, 949]], [[628, 950]], [[628, 951]], [[628, 952]], [[629, 952]], [[630, 953]], [[630, 954]], [[631, 955]], [[632, 955]], [[633, 954]], [[634, 953]], [[635, 953]], [[636, 953]], [[637, 954]], [[638, 955]], [[638, 956]], [[638, 957]], [[638, 958]], [[639, 959]], [[639, 960]], [[638, 961]], [[637, 962]], [[636, 962]], [[636, 963]], [[635, 964]], [[634, 965]], [[633, 966]], [[632, 966]], [[631, 967]], [[630, 967]], [[629, 968]], [[628, 968]], [[627, 968]], [[626, 968]], [[625, 969]], [[624, 970]], [[624, 971]], [[625, 972]], [[625, 973]], [[624, 974]], [[624, 975]], [[624, 976]], [[623, 977]], [[623, 978]], [[624, 979]], [[625, 980]], [[626, 981]], [[627, 981]], [[628, 982]], [[629, 983]], [[630, 983]], [[631, 984]], [[632, 984]], [[633, 984]], [[634, 984]], [[635, 983]], [[636, 982]], [[637, 983]], [[638, 983]], [[639, 983]], [[640, 983]], [[641, 983]], [[642, 983]], [[643, 984]], [[644, 985]], [[644, 986]], [[645, 987]], [[646, 987]], [[647, 988]], [[648, 989]], [[649, 990]], [[650, 991]], [[650, 992]], [[651, 992]], [[652, 993]], [[653, 993]], [[654, 993]], [[655, 994]], [[656, 994]], [[657, 994]], [[658, 994]], [[659, 994]], [[660, 994]], [[661, 994]], [[662, 994]], [[663, 995]], [[664, 995]], [[665, 995]], [[666, 995]], [[667, 996]], [[668, 997]], [[669, 997]], [[670, 997]], [[671, 997]], [[672, 997]], [[673, 997]], [[674, 997]], [[675, 997]], [[676, 996]], [[677, 996]], [[678, 995]], [[679, 995]], [[680, 994]], [[681, 994]], [[682, 993]], [[683, 993]], [[684, 992]], [[685, 992]], [[686, 991]], [[687, 991]], [[688, 991]], [[689, 990]], [[690, 990]], [[691, 990]], [[692, 990]], [[693, 990]], [[694, 990]], [[695, 989]], [[696, 989]], [[697, 988]], [[698, 987]], [[699, 987]], [[700, 986]], [[701, 985]], [[702, 984]], [[702, 983]], [[702, 982]], [[702, 981]], [[702, 980]], [[702, 979]], [[703, 978]], [[703, 977]], [[703, 976]], [[703, 975]], [[702, 974]], [[702, 973]], [[702, 972]], [[702, 971]], [[702, 970]], [[702, 969]], [[701, 968]], [[701, 967]], [[701, 966]], [[700, 965]], [[700, 964]], [[700, 963]], [[700, 962]], [[700, 961]], [[700, 960]], [[700, 959]], [[701, 958]], [[702, 957]], [[702, 956]], [[703, 955]], [[704, 954]], [[704, 953]], [[705, 952]], [[705, 951]], [[706, 950]], [[706, 949]], [[706, 948]], [[706, 947]], [[706, 946]], [[706, 945]], [[707, 944]], [[708, 944]], [[708, 943]], [[707, 943]], [[706, 942]], [[706, 941]], [[706, 940]], [[705, 939]], [[705, 938]], [[705, 937]], [[706, 936]], [[707, 936]], [[707, 935]], [[707, 934]], [[707, 933]], [[707, 932]], [[708, 931]], [[708, 930]], [[708, 929]], [[708, 928]], [[708, 927]], [[708, 926]], [[707, 926]], [[706, 925]], [[705, 924]], [[704, 923]], [[704, 922]], [[703, 921]], [[702, 920]], [[701, 919]], [[701, 918]], [[700, 917]], [[699, 916]], [[698, 915]], [[698, 914]], [[698, 913]], [[697, 912]], [[696, 911]], [[695, 910]], [[694, 909]], [[693, 909]], [[692, 909]], [[691, 909]], [[690, 909]], [[689, 909]], [[688, 909]], [[687, 909]], [[686, 909]], [[685, 910]], [[684, 910]], [[683, 910]], [[682, 910]], [[681, 910]], [[680, 910]], [[679, 910]], [[678, 910]], [[677, 909]]]","[[], [[[621, 975], [620, 976], [621, 977], [622, 978], [622, 979], [621, 980], [622, 981], [623, 982], [624, 982], [625, 983], [626, 983], [627, 984], [628, 984], [629, 985], [630, 986], [631, 986], [632, 987], [633, 987], [634, 988], [635, 989], [635, 990], [636, 990], [635, 989], [635, 988], [634, 987], [634, 986], [634, 985], [635, 984], [636, 984], [637, 984], [638, 985], [639, 986], [640, 987], [641, 987], [642, 987], [643, 988], [643, 989], [643, 990], [644, 990], [645, 990], [646, 990], [647, 990], [648, 991], [649, 991], [648, 990], [647, 989], [646, 988], [645, 988], [644, 987], [643, 986], [643, 985], [642, 984], [641, 984], [640, 984], [639, 984], [638, 984], [637, 984], [636, 983], [635, 984], [634, 985], [633, 985], [632, 985], [631, 985], [630, 984], [629, 984], [628, 983], [627, 982], [626, 982], [625, 981], [624, 980], [623, 979], [622, 978], [622, 977], [622, 976]]], [[[708, 947], [707, 948], [707, 949], [707, 950], [707, 951], [706, 952], [705, 953], [705, 954], [704, 955], [703, 956], [703, 957], [702, 958], [701, 959], [702, 960], [703, 960], [704, 959], [705, 958], [706, 957], [707, 957], [708, 958], [709, 958], [709, 957], [709, 956], [709, 955], [708, 954], [709, 953], [709, 952], [709, 951], [709, 950], [709, 949], [709, 948]]]]","[[], 57, 58]"
44,44,"[[[212, 904]], [[211, 905]], [[210, 905]], [[209, 906]], [[208, 907]], [[207, 907]], [[207, 908]], [[206, 909]], [[206, 910]], [[206, 911]], [[206, 912]], [[205, 913]], [[206, 914]], [[205, 915]], [[205, 916]], [[206, 916]], [[207, 917]], [[208, 918]], [[209, 918]], [[210, 919]], [[211, 919]], [[212, 919]], [[213, 919]], [[214, 918]], [[215, 918]], [[216, 917]], [[217, 917]], [[218, 916]], [[218, 915]], [[219, 914]], [[219, 913]], [[220, 912]], [[221, 911]], [[221, 910]], [[222, 909]], [[221, 908]], [[220, 907]], [[220, 906]], [[219, 905]], [[218, 905]], [[217, 905]], [[216, 904]], [[215, 904]], [[214, 904]], [[213, 904]]]",[[]],[]
45,45,"[[[171, 903]], [[170, 904]], [[169, 904]], [[168, 904]], [[168, 905]], [[168, 906]], [[167, 907]], [[166, 908]], [[165, 907]], [[164, 908]], [[163, 908]], [[162, 909]], [[161, 909]], [[160, 910]], [[159, 911]], [[158, 911]], [[157, 912]], [[156, 913]], [[156, 914]], [[155, 915]], [[155, 916]], [[154, 917]], [[154, 918]], [[154, 919]], [[154, 920]], [[154, 921]], [[154, 922]], [[153, 923]], [[152, 924]], [[153, 925]], [[153, 926]], [[154, 927]], [[154, 928]], [[155, 929]], [[155, 930]], [[156, 931]], [[157, 932]], [[158, 932]], [[159, 933]], [[160, 934]], [[161, 935]], [[161, 936]], [[162, 937]], [[162, 938]], [[163, 939]], [[163, 940]], [[163, 941]], [[164, 942]], [[165, 943]], [[165, 944]], [[165, 945]], [[166, 946]], [[166, 947]], [[167, 948]], [[167, 949]], [[167, 950]], [[168, 951]], [[169, 951]], [[170, 951]], [[171, 952]], [[172, 952]], [[173, 951]], [[174, 951]], [[175, 951]], [[176, 951]], [[177, 950]], [[178, 950]], [[179, 949]], [[180, 949]], [[181, 948]], [[182, 947]], [[183, 947]], [[183, 946]], [[184, 945]], [[185, 944]], [[185, 943]], [[186, 942]], [[187, 941]], [[188, 940]], [[189, 939]], [[190, 938]], [[190, 937]], [[191, 936]], [[191, 935]], [[192, 934]], [[192, 933]], [[192, 932]], [[191, 931]], [[190, 930]], [[190, 929]], [[189, 928]], [[189, 927]], [[189, 926]], [[189, 925]], [[188, 924]], [[187, 923]], [[186, 923]], [[185, 922]], [[185, 921]], [[185, 920]], [[185, 919]], [[184, 918]], [[184, 917]], [[184, 916]], [[184, 915]], [[183, 914]], [[183, 913]], [[182, 912]], [[181, 911]], [[181, 910]], [[180, 909]], [[179, 908]], [[178, 907]], [[177, 906]], [[176, 905]], [[175, 904]], [[174, 903]], [[173, 903]], [[172, 904]]]",[[]],[]
46,46,"[[[93, 891]], [[92, 892]], [[92, 893]], [[92, 894]], [[91, 895]], [[91, 896]], [[91, 897]], [[91, 898]], [[91, 899]], [[92, 900]], [[92, 901]], [[91, 902]], [[91, 903]], [[92, 904]], [[92, 905]], [[92, 906]], [[93, 907]], [[93, 908]], [[93, 909]], [[94, 910]], [[95, 911]], [[96, 912]], [[96, 913]], [[97, 912]], [[98, 912]], [[99, 913]], [[99, 912]], [[99, 911]], [[100, 910]], [[101, 910]], [[102, 910]], [[103, 910]], [[103, 909]], [[103, 908]], [[104, 907]], [[105, 906]], [[106, 905]], [[106, 904]], [[107, 903]], [[107, 902]], [[107, 901]], [[107, 900]], [[107, 899]], [[107, 898]], [[106, 897]], [[106, 896]], [[105, 896]], [[104, 895]], [[103, 895]], [[102, 894]], [[101, 893]], [[100, 893]], [[99, 892]], [[98, 892]], [[97, 892]], [[96, 892]], [[95, 891]], [[94, 891]]]","[[[[89, 886], [88, 887], [89, 888], [90, 888], [91, 889], [91, 890], [91, 891], [92, 891], [93, 890], [94, 890], [95, 890], [96, 891], [97, 891], [98, 891], [99, 891], [100, 892], [101, 892], [102, 893], [103, 894], [104, 894], [105, 895], [106, 895], [107, 896], [107, 897], [108, 898], [108, 899], [108, 900], [109, 900], [109, 899], [109, 898], [110, 897], [111, 898], [111, 899], [111, 898], [111, 897], [110, 897], [109, 898], [108, 897], [107, 896], [107, 895], [107, 894], [107, 893], [107, 892], [107, 893], [106, 894], [105, 893], [104, 892], [103, 892], [102, 892], [101, 891], [100, 891], [99, 891], [98, 890], [97, 889], [96, 889], [95, 889], [94, 888], [93, 887], [92, 887], [91, 887], [90, 887]]], [[[89, 896], [89, 897], [89, 898], [90, 899], [90, 900], [90, 901], [90, 902], [90, 903], [90, 904], [90, 905], [90, 906], [91, 907], [91, 908], [91, 909], [91, 910], [91, 911], [92, 912], [92, 913], [91, 914], [91, 915], [92, 916], [93, 916], [94, 917], [95, 917], [96, 918], [97, 918], [97, 917], [98, 916], [99, 916], [100, 916], [101, 915], [102, 915], [103, 915], [104, 916], [105, 917], [105, 916], [105, 915], [104, 915], [103, 914], [102, 913], [101, 912], [100, 913], [100, 914], [99, 915], [98, 916], [97, 915], [96, 914], [95, 913], [95, 912], [94, 911], [93, 910], [92, 909], [91, 908], [91, 907], [91, 906], [91, 905], [91, 904], [90, 903], [90, 902], [91, 901], [90, 900], [90, 899], [90, 898], [90, 897], [90, 896]], [[89, 886], [88, 887], [89, 888], [90, 888], [91, 889], [91, 890], [91, 891], [92, 891], [93, 890], [94, 890], [95, 890], [96, 891], [97, 891], [98, 891], [99, 891], [100, 892], [101, 892], [102, 893], [103, 894], [104, 894], [105, 895], [106, 895], [107, 896], [107, 897], [108, 898], [108, 899], [108, 900], [109, 900], [109, 899], [109, 898], [110, 897], [111, 898], [111, 899], [111, 898], [111, 897], [110, 897], [109, 898], [108, 897], [107, 896], [107, 895], [107, 894], [107, 893], [107, 892], [107, 893], [106, 894], [105, 893], [104, 892], [103, 892], [102, 892], [101, 891], [100, 891], [99, 891], [98, 890], [97, 889], [96, 889], [95, 889], [94, 888], [93, 887], [92, 887], [91, 887], [90, 887]]], [[[89, 896], [89, 897], [89, 898], [90, 899], [90, 900], [90, 901], [90, 902], [90, 903], [90, 904], [90, 905], [90, 906], [91, 907], [91, 908], [91, 909], [91, 910], [91, 911], [92, 912], [92, 913], [91, 914], [91, 915], [92, 916], [93, 916], [94, 917], [95, 917], [96, 918], [97, 918], [97, 917], [98, 916], [99, 916], [100, 916], [101, 915], [102, 915], [103, 915], [104, 916], [105, 917], [105, 916], [105, 915], [104, 915], [103, 914], [102, 913], [101, 912], [100, 913], [100, 914], [99, 915], [98, 916], [97, 915], [96, 914], [95, 913], [95, 912], [94, 911], [93, 910], [92, 909], [91, 908], [91, 907], [91, 906], [91, 905], [91, 904], [90, 903], [90, 902], [91, 901], [90, 900], [90, 899], [90, 898], [90, 897], [90, 896]]], []]","[59, 60, 61, []]"
47,47,"[[[733, 890]], [[732, 891]], [[731, 891]], [[731, 892]], [[730, 893]], [[729, 893]], [[728, 893]], [[727, 893]], [[726, 893]], [[725, 894]], [[725, 895]], [[726, 896]], [[726, 897]], [[727, 898]], [[728, 899]], [[729, 900]], [[730, 901]], [[730, 902]], [[731, 903]], [[731, 904]], [[732, 904]], [[733, 904]], [[734, 905]], [[735, 906]], [[736, 906]], [[737, 907]], [[738, 907]], [[739, 907]], [[740, 907]], [[741, 908]], [[742, 909]], [[743, 909]], [[744, 909]], [[745, 909]], [[746, 910]], [[747, 910]], [[748, 911]], [[749, 911]], [[750, 911]], [[751, 911]], [[752, 911]], [[753, 910]], [[754, 909]], [[754, 908]], [[755, 907]], [[755, 906]], [[755, 905]], [[755, 904]], [[755, 903]], [[755, 902]], [[755, 901]], [[755, 900]], [[755, 899]], [[755, 898]], [[755, 897]], [[755, 896]], [[755, 895]], [[755, 894]], [[754, 893]], [[754, 892]], [[753, 891]], [[752, 890]], [[751, 890]], [[750, 890]], [[749, 890]], [[748, 890]], [[747, 890]], [[746, 891]], [[745, 891]], [[744, 891]], [[743, 891]], [[742, 892]], [[741, 892]], [[740, 892]], [[739, 892]], [[738, 892]], [[737, 891]], [[736, 891]], [[735, 891]], [[734, 890]]]",[[]],[]
48,48,"[[[336, 882]], [[335, 883]], [[334, 884]], [[334, 885]], [[333, 886]], [[333, 887]], [[334, 888]], [[335, 889]], [[335, 890]], [[336, 891]], [[337, 892]], [[338, 893]], [[339, 893]], [[340, 893]], [[341, 893]], [[342, 893]], [[343, 894]], [[344, 893]], [[345, 894]], [[346, 893]], [[347, 892]], [[348, 892]], [[349, 892]], [[349, 891]], [[349, 890]], [[349, 889]], [[348, 888]], [[347, 888]], [[346, 887]], [[345, 886]], [[344, 886]], [[343, 886]], [[342, 885]], [[341, 884]], [[340, 883]], [[339, 883]], [[338, 882]], [[337, 882]]]","[[[[317, 877], [316, 878], [316, 879], [317, 879], [318, 880], [319, 880], [320, 881], [321, 881], [322, 882], [323, 883], [324, 884], [325, 885], [326, 885], [327, 886], [328, 886], [329, 887], [329, 888], [330, 889], [331, 888], [332, 888], [332, 887], [331, 886], [331, 885], [330, 885], [329, 885], [328, 885], [327, 884], [326, 883], [325, 882], [324, 882], [323, 882], [322, 881], [321, 880], [320, 879], [319, 878], [318, 878]]]]",[62]
49,49,"[[[551, 881]], [[550, 882]], [[549, 883]], [[549, 884]], [[548, 885]], [[547, 886]], [[547, 887]], [[547, 888]], [[546, 889]], [[545, 890]], [[544, 891]], [[544, 892]], [[544, 893]], [[544, 894]], [[544, 895]], [[543, 896]], [[543, 897]], [[543, 898]], [[542, 899]], [[542, 900]], [[543, 901]], [[543, 902]], [[544, 903]], [[544, 904]], [[544, 905]], [[544, 906]], [[545, 907]], [[546, 907]], [[547, 908]], [[548, 909]], [[549, 909]], [[550, 909]], [[551, 910]], [[552, 910]], [[553, 909]], [[554, 909]], [[555, 909]], [[556, 908]], [[557, 908]], [[558, 907]], [[559, 907]], [[559, 906]], [[560, 905]], [[561, 904]], [[561, 903]], [[561, 902]], [[562, 901]], [[563, 900]], [[563, 899]], [[563, 898]], [[564, 897]], [[564, 896]], [[565, 895]], [[565, 894]], [[565, 893]], [[565, 892]], [[565, 891]], [[565, 890]], [[564, 889]], [[563, 888]], [[563, 887]], [[563, 886]], [[562, 886]], [[561, 885]], [[560, 885]], [[559, 885]], [[558, 885]], [[557, 884]], [[556, 884]], [[555, 883]], [[554, 883]], [[553, 882]], [[552, 881]]]","[[], [[[563, 903], [562, 904], [562, 905], [561, 906], [561, 907], [561, 908], [561, 909], [561, 910], [561, 911], [560, 912], [559, 912], [558, 912], [557, 912], [558, 913], [558, 914], [558, 915], [559, 915], [558, 914], [559, 913], [560, 913], [561, 912], [562, 912], [563, 911], [563, 910], [563, 909], [563, 908], [563, 907], [564, 906], [565, 906], [566, 905], [567, 904], [566, 903], [565, 903], [564, 903]]]]","[[], 63]"
50,50,"[[[512, 877]], [[511, 878]], [[510, 879]], [[509, 879]], [[508, 879]], [[507, 879]], [[506, 879]], [[505, 879]], [[504, 879]], [[503, 879]], [[502, 879]], [[501, 879]], [[500, 879]], [[499, 880]], [[498, 880]], [[497, 881]], [[496, 881]], [[495, 882]], [[494, 882]], [[494, 883]], [[493, 884]], [[493, 885]], [[493, 886]], [[493, 887]], [[493, 888]], [[493, 889]], [[494, 890]], [[494, 891]], [[494, 892]], [[495, 893]], [[495, 894]], [[495, 895]], [[496, 896]], [[496, 897]], [[496, 898]], [[497, 899]], [[497, 900]], [[497, 901]], [[496, 902]], [[495, 902]], [[495, 903]], [[495, 904]], [[494, 905]], [[495, 906]], [[495, 907]], [[495, 908]], [[495, 909]], [[495, 910]], [[495, 911]], [[496, 912]], [[496, 913]], [[496, 914]], [[497, 915]], [[497, 916]], [[498, 916]], [[499, 917]], [[500, 918]], [[501, 918]], [[502, 919]], [[503, 920]], [[504, 921]], [[505, 922]], [[506, 922]], [[507, 923]], [[508, 924]], [[509, 924]], [[510, 924]], [[511, 924]], [[512, 924]], [[513, 924]], [[514, 924]], [[515, 924]], [[516, 924]], [[517, 923]], [[518, 923]], [[519, 922]], [[520, 922]], [[521, 922]], [[522, 922]], [[523, 923]], [[523, 924]], [[524, 923]], [[525, 922]], [[526, 922]], [[527, 922]], [[528, 923]], [[529, 924]], [[530, 924]], [[531, 925]], [[531, 926]], [[532, 926]], [[533, 926]], [[534, 925]], [[535, 925]], [[536, 925]], [[537, 924]], [[538, 923]], [[539, 923]], [[540, 922]], [[540, 921]], [[540, 920]], [[540, 919]], [[541, 918]], [[540, 917]], [[540, 916]], [[540, 915]], [[540, 914]], [[539, 913]], [[538, 913]], [[537, 913]], [[536, 912]], [[535, 912]], [[534, 911]], [[534, 910]], [[534, 909]], [[535, 908]], [[536, 908]], [[537, 907]], [[537, 906]], [[536, 906]], [[535, 906]], [[534, 906]], [[533, 905]], [[532, 905]], [[531, 904]], [[530, 903]], [[529, 903]], [[528, 903]], [[527, 902]], [[526, 902]], [[525, 902]], [[524, 901]], [[523, 900]], [[522, 899]], [[522, 898]], [[521, 897]], [[520, 896]], [[519, 895]], [[519, 894]], [[519, 893]], [[518, 892]], [[518, 891]], [[519, 890]], [[519, 889]], [[519, 888]], [[519, 887]], [[518, 886]], [[518, 885]], [[518, 884]], [[517, 883]], [[517, 882]], [[517, 881]], [[516, 880]], [[516, 879]], [[515, 878]], [[514, 877]], [[513, 877]]]","[[[[487, 884], [486, 885], [485, 885], [484, 885], [483, 885], [483, 886], [482, 887], [481, 888], [481, 889], [482, 889], [483, 890], [483, 889], [484, 888], [485, 887], [486, 888], [487, 889], [488, 889], [489, 889], [490, 889], [491, 889], [492, 890], [492, 891], [491, 892], [492, 892], [493, 893], [492, 894], [491, 894], [490, 894], [489, 893], [488, 892], [488, 891], [487, 891], [486, 891], [486, 892], [487, 893], [488, 894], [489, 895], [489, 896], [490, 897], [491, 897], [492, 896], [493, 896], [494, 896], [495, 897], [495, 896], [494, 895], [494, 894], [494, 893], [493, 892], [493, 891], [493, 890], [492, 889], [491, 889], [490, 888], [490, 887], [489, 886], [489, 885], [489, 884], [488, 884]]], [], [[[491, 912], [491, 913], [492, 914], [493, 915], [494, 915], [495, 916], [496, 917], [497, 918], [498, 919], [499, 919], [500, 920], [501, 921], [502, 921], [503, 921], [502, 920], [501, 919], [500, 919], [499, 918], [498, 917], [497, 917], [496, 916], [496, 915], [495, 914], [495, 913], [495, 912], [494, 912], [493, 912], [492, 912]]]]","[64, [], 65]"
51,51,"[[[596, 871]], [[595, 872]], [[594, 872]], [[593, 872]], [[592, 872]], [[591, 872]], [[590, 872]], [[589, 873]], [[588, 874]], [[588, 875]], [[587, 876]], [[586, 876]], [[585, 877]], [[586, 878]], [[586, 879]], [[585, 880]], [[584, 881]], [[583, 882]], [[582, 883]], [[582, 884]], [[582, 885]], [[581, 886]], [[581, 887]], [[581, 888]], [[582, 887]], [[583, 888]], [[584, 888]], [[585, 888]], [[586, 888]], [[587, 888]], [[588, 889]], [[589, 889]], [[590, 889]], [[591, 889]], [[592, 889]], [[593, 889]], [[594, 890]], [[595, 890]], [[596, 890]], [[597, 889]], [[598, 889]], [[599, 888]], [[600, 888]], [[601, 887]], [[602, 886]], [[603, 885]], [[604, 884]], [[604, 883]], [[605, 882]], [[605, 881]], [[605, 880]], [[605, 879]], [[605, 878]], [[605, 877]], [[604, 876]], [[604, 875]], [[603, 875]], [[602, 874]], [[601, 873]], [[600, 872]], [[600, 871]], [[599, 871]], [[598, 871]], [[597, 871]]]","[[], [[[577, 876], [577, 877], [577, 878], [577, 879], [577, 880], [578, 881], [579, 882], [579, 883], [579, 884], [579, 885], [579, 886], [578, 887], [577, 888], [576, 889], [577, 889], [578, 889], [579, 889], [580, 889], [580, 888], [580, 887], [580, 886], [581, 885], [581, 884], [581, 883], [582, 882], [583, 881], [584, 880], [585, 879], [585, 878], [584, 878], [583, 879], [582, 879], [581, 878], [581, 877], [580, 876], [579, 876], [578, 876]]]]","[[], 66]"
52,52,"[[[294, 862]], [[293, 863]], [[292, 863]], [[291, 863]], [[290, 863]], [[289, 863]], [[288, 863]], [[287, 864]], [[286, 865]], [[286, 866]], [[287, 867]], [[287, 868]], [[287, 869]], [[287, 870]], [[286, 871]], [[286, 872]], [[286, 873]], [[285, 874]], [[285, 875]], [[286, 876]], [[286, 877]], [[287, 878]], [[287, 879]], [[287, 880]], [[287, 881]], [[288, 882]], [[289, 883]], [[290, 883]], [[291, 884]], [[292, 885]], [[293, 886]], [[293, 887]], [[294, 888]], [[294, 889]], [[295, 889]], [[296, 890]], [[297, 890]], [[298, 891]], [[299, 892]], [[300, 893]], [[301, 894]], [[302, 895]], [[303, 896]], [[304, 897]], [[305, 898]], [[306, 898]], [[307, 899]], [[308, 899]], [[309, 900]], [[310, 901]], [[311, 902]], [[312, 902]], [[313, 903]], [[314, 904]], [[315, 905]], [[316, 906]], [[317, 906]], [[318, 906]], [[319, 907]], [[320, 906]], [[321, 906]], [[322, 905]], [[323, 905]], [[324, 904]], [[325, 904]], [[326, 904]], [[327, 903]], [[328, 903]], [[329, 902]], [[330, 901]], [[331, 901]], [[332, 900]], [[332, 899]], [[333, 898]], [[333, 897]], [[333, 896]], [[332, 895]], [[332, 894]], [[331, 893]], [[331, 892]], [[330, 891]], [[329, 890]], [[328, 889]], [[328, 888]], [[328, 887]], [[327, 887]], [[326, 886]], [[325, 886]], [[324, 885]], [[323, 884]], [[322, 883]], [[321, 883]], [[320, 882]], [[319, 881]], [[318, 881]], [[317, 880]], [[316, 880]], [[315, 879]], [[314, 879]], [[313, 878]], [[312, 878]], [[311, 877]], [[310, 876]], [[310, 875]], [[309, 874]], [[309, 873]], [[308, 873]], [[307, 872]], [[306, 871]], [[305, 870]], [[304, 869]], [[303, 869]], [[302, 868]], [[301, 868]], [[300, 867]], [[300, 866]], [[299, 866]], [[298, 865]], [[297, 865]], [[296, 864]], [[295, 863]]]","[[[[286, 855], [287, 856], [288, 856], [289, 856], [290, 856], [291, 856], [292, 857], [292, 858], [292, 859], [292, 860], [291, 861], [290, 861], [290, 862], [291, 861], [292, 861], [293, 861], [294, 861], [295, 862], [296, 863], [297, 864], [298, 864], [299, 865], [300, 864], [301, 865], [301, 866], [301, 867], [302, 867], [303, 867], [304, 867], [305, 866], [304, 866], [303, 865], [302, 864], [301, 863], [300, 863], [299, 864], [298, 863], [297, 863], [296, 862], [296, 861], [296, 860], [296, 859], [295, 858], [294, 857], [293, 856], [292, 855], [291, 855], [290, 855], [289, 855], [288, 855], [287, 855]]], [[[279, 859], [278, 860], [277, 861], [278, 862], [277, 863], [278, 864], [279, 863], [280, 863], [281, 863], [282, 863], [283, 863], [284, 864], [284, 865], [284, 866], [284, 867], [284, 868], [283, 869], [283, 870], [283, 871], [283, 872], [283, 873], [284, 874], [285, 873], [285, 872], [285, 871], [286, 870], [286, 869], [286, 868], [286, 867], [285, 866], [285, 865], [286, 864], [286, 863], [285, 864], [284, 864], [283, 863], [282, 862], [281, 861], [280, 860], [280, 859]], [[286, 855], [287, 856], [288, 856], [289, 856], [290, 856], [291, 856], [292, 857], [292, 858], [292, 859], [292, 860], [291, 861], [290, 861], [290, 862], [291, 861], [292, 861], [293, 861], [294, 861], [295, 862], [296, 863], [297, 864], [298, 864], [299, 865], [300, 864], [301, 865], [301, 866], [301, 867], [302, 867], [303, 867], [304, 867], [305, 866], [304, 866], [303, 865], [302, 864], [301, 863], [300, 863], [299, 864], [298, 863], [297, 863], [296, 862], [296, 861], [296, 860], [296, 859], [295, 858], [294, 857], [293, 856], [292, 855], [291, 855], [290, 855], [289, 855], [288, 855], [287, 855]]], [[[279, 859], [278, 860], [277, 861], [278, 862], [277, 863], [278, 864], [279, 863], [280, 863], [281, 863], [282, 863], [283, 863], [284, 864], [284, 865], [284, 866], [284, 867], [284, 868], [283, 869], [283, 870], [283, 871], [283, 872], [283, 873], [284, 874], [285, 873], [285, 872], [285, 871], [286, 870], [286, 869], [286, 868], [286, 867], [285, 866], [285, 865], [286, 864], [286, 863], [285, 864], [284, 864], [283, 863], [282, 862], [281, 861], [280, 860], [280, 859]]], [], [[[317, 877], [316, 878], [316, 879], [317, 879], [318, 880], [319, 880], [320, 881], [321, 881], [322, 882], [323, 883], [324, 884], [325, 885], [326, 885], [327, 886], [328, 886], [329, 887], [329, 888], [330, 889], [331, 888], [332, 888], [332, 887], [331, 886], [331, 885], [330, 885], [329, 885], [328, 885], [327, 884], [326, 883], [325, 882], [324, 882], [323, 882], [322, 881], [321, 880], [320, 879], [319, 878], [318, 878]]]]","[67, 68, 69, [], 62]"
53,53,"[[[425, 858]], [[424, 859]], [[423, 860]], [[422, 861]], [[421, 861]], [[420, 861]], [[419, 860]], [[418, 860]], [[417, 860]], [[416, 860]], [[415, 860]], [[414, 860]], [[413, 860]], [[412, 860]], [[411, 861]], [[410, 862]], [[409, 862]], [[409, 863]], [[408, 864]], [[407, 865]], [[407, 866]], [[407, 867]], [[406, 868]], [[406, 869]], [[405, 870]], [[404, 871]], [[403, 871]], [[402, 871]], [[401, 870]], [[400, 869]], [[399, 869]], [[398, 868]], [[397, 868]], [[396, 868]], [[395, 868]], [[394, 869]], [[393, 870]], [[392, 870]], [[391, 871]], [[390, 871]], [[389, 872]], [[388, 872]], [[387, 873]], [[386, 874]], [[385, 875]], [[384, 875]], [[384, 876]], [[384, 877]], [[384, 878]], [[384, 879]], [[383, 880]], [[383, 881]], [[383, 882]], [[383, 883]], [[383, 884]], [[384, 885]], [[385, 886]], [[385, 887]], [[385, 888]], [[385, 889]], [[386, 890]], [[387, 891]], [[387, 892]], [[387, 893]], [[388, 894]], [[388, 895]], [[388, 896]], [[389, 896]], [[390, 897]], [[390, 898]], [[390, 899]], [[391, 899]], [[392, 900]], [[391, 901]], [[391, 902]], [[391, 903]], [[390, 904]], [[389, 905]], [[389, 906]], [[389, 907]], [[389, 908]], [[389, 909]], [[389, 910]], [[389, 911]], [[388, 912]], [[387, 911]], [[386, 911]], [[385, 911]], [[384, 910]], [[383, 909]], [[382, 908]], [[381, 908]], [[380, 908]], [[379, 907]], [[378, 907]], [[377, 906]], [[376, 906]], [[375, 905]], [[374, 904]], [[373, 903]], [[372, 902]], [[371, 902]], [[370, 902]], [[369, 901]], [[368, 901]], [[367, 901]], [[366, 901]], [[365, 901]], [[364, 902]], [[364, 903]], [[363, 904]], [[363, 905]], [[362, 906]], [[362, 907]], [[361, 908]], [[360, 908]], [[360, 909]], [[359, 910]], [[358, 911]], [[357, 912]], [[356, 912]], [[355, 912]], [[355, 913]], [[355, 914]], [[354, 915]], [[353, 915]], [[352, 916]], [[351, 916]], [[350, 917]], [[350, 918]], [[349, 919]], [[350, 920]], [[350, 921]], [[350, 922]], [[350, 923]], [[350, 924]], [[350, 925]], [[351, 926]], [[351, 927]], [[351, 928]], [[352, 929]], [[353, 930]], [[353, 931]], [[354, 932]], [[355, 933]], [[355, 934]], [[355, 935]], [[356, 935]], [[357, 936]], [[358, 937]], [[359, 938]], [[359, 939]], [[360, 940]], [[361, 940]], [[362, 941]], [[362, 942]], [[363, 942]], [[364, 942]], [[365, 943]], [[366, 943]], [[367, 943]], [[368, 943]], [[369, 943]], [[370, 944]], [[371, 944]], [[372, 943]], [[373, 942]], [[374, 942]], [[375, 941]], [[376, 940]], [[377, 939]], [[378, 939]], [[379, 938]], [[380, 937]], [[381, 937]], [[382, 936]], [[383, 936]], [[384, 935]], [[385, 935]], [[386, 935]], [[387, 934]], [[388, 934]], [[389, 933]], [[390, 933]], [[391, 932]], [[392, 932]], [[393, 932]], [[394, 932]], [[395, 932]], [[396, 932]], [[397, 933]], [[398, 933]], [[399, 933]], [[400, 932]], [[401, 932]], [[401, 931]], [[402, 930]], [[403, 930]], [[404, 930]], [[403, 930]], [[402, 929]], [[401, 928]], [[401, 927]], [[401, 926]], [[401, 925]], [[400, 925]], [[399, 924]], [[398, 923]], [[397, 923]], [[396, 923]], [[395, 923]], [[394, 922]], [[393, 921]], [[392, 920]], [[392, 919]], [[393, 918]], [[392, 918]], [[391, 918]], [[390, 918]], [[389, 917]], [[388, 916]], [[388, 915]], [[388, 914]], [[388, 913]], [[389, 912]], [[390, 913]], [[390, 914]], [[391, 915]], [[392, 914]], [[393, 915]], [[394, 915]], [[395, 916]], [[396, 916]], [[397, 916]], [[398, 917]], [[399, 917]], [[400, 918]], [[400, 919]], [[401, 919]], [[402, 920]], [[403, 920]], [[404, 920]], [[405, 920]], [[406, 919]], [[407, 919]], [[408, 919]], [[409, 918]], [[410, 918]], [[411, 919]], [[412, 919]], [[413, 919]], [[414, 918]], [[415, 918]], [[416, 917]], [[417, 917]], [[418, 917]], [[419, 917]], [[420, 917]], [[421, 916]], [[422, 915]], [[423, 915]], [[424, 915]], [[425, 914]], [[426, 914]], [[427, 913]], [[428, 912]], [[429, 912]], [[430, 911]], [[430, 910]], [[431, 909]], [[432, 908]], [[433, 907]], [[434, 906]], [[435, 905]], [[435, 904]], [[436, 903]], [[435, 902]], [[436, 901]], [[437, 900]], [[438, 901]], [[439, 901]], [[438, 900]], [[439, 899]], [[439, 898]], [[439, 897]], [[440, 896]], [[441, 895]], [[441, 894]], [[442, 893]], [[442, 892]], [[443, 891]], [[443, 890]], [[443, 889]], [[443, 888]], [[443, 887]], [[443, 886]], [[442, 885]], [[442, 884]], [[442, 883]], [[442, 882]], [[442, 881]], [[442, 880]], [[441, 879]], [[441, 878]], [[441, 877]], [[441, 876]], [[441, 875]], [[441, 874]], [[441, 873]], [[440, 872]], [[439, 871]], [[439, 870]], [[438, 869]], [[437, 868]], [[436, 868]], [[435, 867]], [[434, 867]], [[433, 866]], [[432, 865]], [[431, 864]], [[430, 863]], [[429, 862]], [[428, 861]], [[427, 860]], [[427, 859]], [[426, 858]]]","[[], [[[351, 929], [351, 930], [351, 931], [351, 932], [351, 933], [351, 934], [352, 934], [353, 935], [354, 936], [354, 937], [354, 938], [355, 938], [356, 939], [357, 940], [358, 941], [358, 942], [359, 943], [360, 942], [361, 942], [361, 941], [360, 941], [359, 940], [358, 939], [358, 938], [357, 937], [356, 936], [355, 936], [354, 935], [354, 934], [354, 933], [353, 932], [352, 931], [352, 930]]], [[[403, 932], [403, 933], [402, 934], [401, 934], [400, 935], [399, 935], [398, 934], [397, 934], [396, 933], [395, 934], [396, 935], [397, 935], [398, 935], [399, 935], [400, 935], [401, 935], [402, 935], [402, 934], [403, 933], [404, 933], [405, 933], [406, 933], [407, 934], [408, 934], [407, 933], [406, 933], [405, 933], [404, 932]]], [[[418, 918], [418, 919], [418, 920], [417, 921], [416, 922], [417, 923], [417, 924], [417, 925], [417, 926], [417, 927], [418, 927], [419, 928], [420, 928], [421, 928], [420, 927], [419, 927], [418, 926], [418, 925], [418, 924], [418, 923], [418, 922], [418, 921], [419, 920], [420, 920], [420, 919], [420, 918], [419, 918]]], [[[445, 887], [444, 888], [444, 889], [444, 890], [444, 891], [444, 892], [444, 893], [443, 894], [442, 895], [441, 896], [441, 897], [440, 898], [440, 899], [440, 900], [441, 900], [442, 899], [443, 898], [443, 897], [444, 896], [445, 896], [444, 895], [444, 894], [445, 893], [446, 893], [446, 892], [446, 891], [446, 890], [446, 889], [445, 888]]]]","[[], 71, 72, 73, 74]"
54,54,"[[[41, 856]], [[40, 857]], [[39, 857]], [[38, 857]], [[37, 857]], [[36, 858]], [[35, 859]], [[34, 860]], [[34, 861]], [[33, 862]], [[33, 863]], [[33, 864]], [[33, 865]], [[33, 866]], [[34, 867]], [[35, 868]], [[35, 869]], [[35, 870]], [[35, 871]], [[36, 872]], [[37, 873]], [[37, 874]], [[37, 875]], [[37, 876]], [[37, 877]], [[36, 878]], [[35, 879]], [[35, 880]], [[34, 881]], [[33, 881]], [[32, 881]], [[31, 881]], [[30, 882]], [[29, 882]], [[29, 883]], [[30, 884]], [[30, 885]], [[31, 886]], [[31, 887]], [[32, 887]], [[33, 888]], [[34, 888]], [[35, 888]], [[36, 887]], [[37, 887]], [[38, 887]], [[39, 886]], [[40, 886]], [[41, 886]], [[42, 886]], [[43, 886]], [[44, 887]], [[45, 887]], [[46, 886]], [[47, 886]], [[48, 886]], [[49, 885]], [[49, 884]], [[49, 883]], [[49, 882]], [[49, 881]], [[49, 880]], [[49, 879]], [[49, 878]], [[50, 877]], [[50, 876]], [[50, 875]], [[50, 874]], [[50, 873]], [[50, 872]], [[49, 871]], [[49, 870]], [[48, 869]], [[47, 868]], [[47, 867]], [[47, 866]], [[47, 865]], [[46, 864]], [[46, 863]], [[46, 862]], [[46, 861]], [[46, 860]], [[47, 859]], [[47, 858]], [[46, 857]], [[45, 856]], [[44, 856]], [[43, 856]], [[42, 856]]]","[[], [[[48, 865], [48, 866], [48, 867], [48, 868], [49, 869], [50, 869], [51, 869], [52, 869], [53, 870], [54, 870], [55, 871], [56, 872], [56, 873], [56, 874], [57, 874], [58, 874], [58, 873], [58, 872], [58, 871], [57, 871], [56, 870], [56, 869], [55, 868], [54, 868], [53, 868], [52, 868], [51, 868], [50, 867], [49, 866]]]]","[[], 75]"
55,55,"[[[548, 843]], [[547, 844]], [[546, 844]], [[545, 845]], [[544, 845]], [[543, 845]], [[542, 845]], [[541, 845]], [[540, 846]], [[539, 846]], [[539, 847]], [[538, 848]], [[538, 849]], [[538, 850]], [[538, 851]], [[539, 851]], [[540, 852]], [[540, 853]], [[540, 854]], [[541, 855]], [[541, 856]], [[541, 857]], [[541, 858]], [[542, 858]], [[543, 858]], [[544, 858]], [[545, 858]], [[546, 859]], [[547, 859]], [[548, 859]], [[549, 859]], [[550, 860]], [[551, 860]], [[552, 861]], [[553, 862]], [[554, 863]], [[555, 863]], [[556, 863]], [[557, 863]], [[558, 863]], [[559, 862]], [[560, 861]], [[560, 860]], [[561, 859]], [[561, 858]], [[561, 857]], [[561, 856]], [[561, 855]], [[560, 854]], [[560, 853]], [[560, 852]], [[560, 851]], [[560, 850]], [[559, 850]], [[558, 849]], [[557, 850]], [[556, 850]], [[555, 849]], [[554, 848]], [[553, 847]], [[553, 846]], [[552, 845]], [[552, 844]], [[551, 843]], [[550, 843]], [[549, 843]]]",[[]],[]
56,56,"[[[710, 829]], [[709, 830]], [[708, 830]], [[707, 831]], [[706, 832]], [[706, 833]], [[705, 834]], [[705, 835]], [[704, 836]], [[703, 837]], [[702, 838]], [[702, 839]], [[701, 840]], [[701, 841]], [[701, 842]], [[701, 843]], [[701, 844]], [[701, 845]], [[701, 846]], [[702, 847]], [[703, 847]], [[704, 848]], [[704, 849]], [[704, 850]], [[705, 851]], [[706, 852]], [[706, 853]], [[706, 854]], [[707, 855]], [[707, 856]], [[708, 857]], [[709, 858]], [[709, 859]], [[710, 860]], [[711, 860]], [[712, 861]], [[713, 861]], [[714, 861]], [[715, 861]], [[716, 861]], [[717, 861]], [[718, 861]], [[719, 861]], [[720, 861]], [[721, 861]], [[722, 861]], [[723, 861]], [[724, 861]], [[725, 861]], [[726, 861]], [[727, 860]], [[728, 860]], [[729, 860]], [[730, 859]], [[731, 859]], [[732, 859]], [[733, 860]], [[733, 859]], [[734, 858]], [[734, 857]], [[735, 856]], [[735, 855]], [[736, 854]], [[737, 853]], [[737, 852]], [[737, 851]], [[737, 850]], [[737, 849]], [[737, 848]], [[738, 847]], [[738, 846]], [[737, 845]], [[737, 844]], [[737, 843]], [[737, 842]], [[738, 841]], [[739, 841]], [[738, 841]], [[737, 840]], [[737, 839]], [[737, 838]], [[736, 837]], [[736, 836]], [[735, 835]], [[734, 836]], [[733, 836]], [[732, 836]], [[731, 836]], [[730, 837]], [[729, 836]], [[728, 836]], [[727, 836]], [[726, 836]], [[725, 835]], [[724, 834]], [[723, 833]], [[722, 832]], [[721, 832]], [[720, 832]], [[719, 831]], [[718, 831]], [[717, 830]], [[716, 830]], [[715, 829]], [[714, 829]], [[713, 829]], [[712, 829]], [[711, 829]]]","[[], [[[738, 844], [738, 845], [739, 846], [739, 847], [739, 848], [739, 849], [738, 850], [738, 851], [738, 852], [738, 853], [737, 854], [737, 855], [737, 856], [737, 857], [736, 858], [735, 859], [735, 860], [735, 861], [736, 861], [737, 860], [738, 860], [739, 860], [740, 860], [741, 861], [741, 862], [741, 863], [741, 864], [741, 865], [741, 866], [742, 867], [742, 868], [741, 869], [742, 869], [743, 869], [743, 868], [742, 867], [742, 866], [742, 865], [743, 864], [744, 864], [745, 865], [746, 866], [747, 866], [748, 866], [749, 867], [750, 868], [750, 869], [750, 870], [749, 871], [748, 871], [749, 871], [750, 871], [751, 871], [752, 871], [753, 872], [754, 873], [754, 872], [754, 871], [753, 870], [752, 870], [751, 871], [750, 870], [750, 869], [751, 868], [752, 868], [752, 867], [752, 866], [751, 866], [750, 865], [749, 864], [748, 864], [747, 863], [747, 862], [747, 861], [748, 860], [747, 859], [746, 859], [745, 858], [744, 857], [743, 856], [743, 855], [743, 856], [742, 857], [741, 856], [741, 855], [741, 854], [741, 853], [741, 852], [741, 851], [741, 850], [741, 849], [740, 848], [740, 847], [740, 846], [741, 845], [740, 844], [739, 844]]]]","[[], 76]"
57,57,"[[[222, 821]], [[221, 822]], [[220, 822]], [[219, 822]], [[218, 822]], [[217, 823]], [[216, 824]], [[215, 824]], [[214, 824]], [[213, 825]], [[212, 825]], [[211, 826]], [[210, 826]], [[209, 826]], [[208, 827]], [[209, 828]], [[209, 829]], [[209, 830]], [[209, 831]], [[209, 832]], [[210, 833]], [[210, 834]], [[210, 835]], [[210, 836]], [[210, 837]], [[210, 838]], [[210, 839]], [[210, 840]], [[210, 841]], [[210, 842]], [[209, 843]], [[208, 844]], [[207, 844]], [[206, 844]], [[205, 844]], [[204, 843]], [[203, 843]], [[202, 843]], [[201, 844]], [[201, 845]], [[200, 846]], [[199, 847]], [[200, 848]], [[200, 849]], [[201, 850]], [[201, 851]], [[200, 852]], [[199, 853]], [[199, 854]], [[198, 855]], [[197, 854]], [[197, 853]], [[197, 852]], [[197, 851]], [[197, 852]], [[197, 853]], [[196, 854]], [[195, 854]], [[195, 855]], [[196, 855]], [[197, 856]], [[198, 857]], [[197, 858]], [[196, 859]], [[195, 859]], [[194, 860]], [[193, 861]], [[192, 862]], [[191, 863]], [[190, 862]], [[189, 861]], [[188, 860]], [[189, 859]], [[190, 858]], [[191, 858]], [[192, 858]], [[192, 857]], [[192, 856]], [[193, 855]], [[193, 854]], [[192, 854]], [[191, 855]], [[190, 856]], [[190, 857]], [[189, 858]], [[188, 858]], [[189, 859]], [[188, 860]], [[187, 860]], [[186, 860]], [[185, 859]], [[185, 858]], [[185, 859]], [[185, 860]], [[185, 861]], [[186, 861]], [[187, 860]], [[188, 861]], [[188, 862]], [[187, 863]], [[186, 864]], [[185, 865]], [[184, 866]], [[184, 867]], [[183, 868]], [[183, 869]], [[183, 870]], [[183, 871]], [[183, 872]], [[182, 873]], [[181, 872]], [[180, 871]], [[179, 870]], [[179, 869]], [[179, 868]], [[178, 867]], [[177, 866]], [[176, 865]], [[176, 864]], [[175, 863]], [[174, 862]], [[174, 861]], [[174, 860]], [[174, 859]], [[173, 858]], [[173, 857]], [[172, 857]], [[171, 856]], [[170, 856]], [[169, 855]], [[168, 854]], [[167, 854]], [[166, 854]], [[165, 853]], [[164, 853]], [[163, 853]], [[162, 852]], [[161, 852]], [[160, 852]], [[159, 852]], [[158, 852]], [[157, 852]], [[156, 852]], [[155, 852]], [[154, 852]], [[153, 852]], [[152, 852]], [[151, 852]], [[150, 852]], [[149, 852]], [[148, 852]], [[147, 852]], [[146, 852]], [[145, 852]], [[144, 852]], [[143, 852]], [[142, 852]], [[141, 852]], [[140, 852]], [[139, 853]], [[138, 853]], [[137, 852]], [[136, 853]], [[135, 853]], [[134, 853]], [[133, 853]], [[132, 854]], [[131, 854]], [[130, 855]], [[129, 855]], [[128, 855]], [[127, 855]], [[126, 855]], [[125, 855]], [[124, 855]], [[123, 856]], [[123, 857]], [[122, 858]], [[121, 858]], [[121, 859]], [[120, 860]], [[120, 861]], [[120, 862]], [[120, 863]], [[120, 864]], [[119, 865]], [[118, 866]], [[117, 867]], [[116, 867]], [[115, 868]], [[114, 869]], [[113, 870]], [[112, 871]], [[111, 872]], [[110, 873]], [[109, 874]], [[109, 875]], [[108, 876]], [[107, 876]], [[106, 877]], [[105, 877]], [[104, 878]], [[104, 879]], [[104, 880]], [[104, 881]], [[105, 882]], [[106, 883]], [[107, 884]], [[107, 885]], [[107, 886]], [[108, 887]], [[108, 888]], [[108, 889]], [[108, 890]], [[109, 891]], [[108, 892]], [[108, 893]], [[108, 894]], [[108, 895]], [[109, 894]], [[110, 893]], [[111, 894]], [[111, 895]], [[112, 896]], [[113, 897]], [[114, 897]], [[115, 897]], [[116, 897]], [[117, 897]], [[118, 897]], [[119, 897]], [[120, 897]], [[121, 896]], [[122, 896]], [[123, 896]], [[124, 896]], [[125, 896]], [[126, 897]], [[127, 896]], [[128, 896]], [[129, 896]], [[130, 896]], [[131, 896]], [[132, 896]], [[133, 896]], [[134, 896]], [[135, 896]], [[136, 897]], [[137, 897]], [[138, 898]], [[139, 898]], [[140, 898]], [[141, 898]], [[142, 898]], [[143, 897]], [[144, 896]], [[145, 896]], [[146, 896]], [[147, 896]], [[148, 895]], [[149, 895]], [[150, 895]], [[151, 895]], [[152, 894]], [[153, 894]], [[154, 893]], [[155, 892]], [[156, 891]], [[157, 891]], [[158, 890]], [[159, 890]], [[160, 890]], [[161, 891]], [[162, 890]], [[163, 890]], [[164, 890]], [[165, 890]], [[166, 891]], [[167, 891]], [[168, 891]], [[169, 891]], [[170, 890]], [[171, 890]], [[172, 890]], [[173, 889]], [[174, 888]], [[175, 888]], [[175, 887]], [[176, 886]], [[177, 885]], [[178, 885]], [[179, 884]], [[180, 884]], [[181, 883]], [[182, 882]], [[182, 881]], [[183, 880]], [[183, 879]], [[184, 878]], [[185, 877]], [[186, 878]], [[187, 879]], [[188, 879]], [[189, 879]], [[190, 879]], [[191, 880]], [[192, 880]], [[193, 881]], [[193, 882]], [[194, 882]], [[195, 882]], [[196, 882]], [[197, 883]], [[197, 884]], [[198, 885]], [[198, 886]], [[198, 887]], [[198, 888]], [[199, 889]], [[200, 890]], [[200, 891]], [[200, 892]], [[201, 892]], [[202, 892]], [[203, 892]], [[204, 892]], [[205, 893]], [[206, 893]], [[207, 893]], [[208, 893]], [[209, 894]], [[210, 894]], [[211, 895]], [[212, 894]], [[213, 894]], [[214, 894]], [[215, 894]], [[216, 894]], [[217, 894]], [[218, 894]], [[219, 894]], [[220, 894]], [[221, 893]], [[222, 893]], [[223, 893]], [[224, 893]], [[225, 893]], [[226, 893]], [[227, 893]], [[228, 892]], [[229, 891]], [[230, 890]], [[231, 889]], [[232, 889]], [[233, 889]], [[234, 889]], [[235, 888]], [[236, 888]], [[237, 887]], [[238, 887]], [[239, 886]], [[240, 885]], [[241, 884]], [[242, 884]], [[243, 884]], [[244, 883]], [[245, 882]], [[246, 881]], [[246, 880]], [[246, 879]], [[247, 878]], [[247, 877]], [[248, 876]], [[248, 875]], [[249, 874]], [[248, 873]], [[248, 872]], [[248, 871]], [[248, 870]], [[249, 869]], [[249, 868]], [[250, 867]], [[251, 866]], [[252, 866]], [[253, 865]], [[254, 864]], [[255, 863]], [[255, 862]], [[254, 861]], [[254, 860]], [[254, 859]], [[254, 858]], [[254, 857]], [[254, 856]], [[254, 855]], [[253, 854]], [[253, 853]], [[252, 852]], [[251, 851]], [[250, 850]], [[249, 849]], [[248, 848]], [[248, 847]], [[247, 846]], [[247, 845]], [[246, 844]], [[246, 843]], [[245, 842]], [[245, 841]], [[244, 840]], [[244, 839]], [[243, 838]], [[243, 837]], [[243, 836]], [[243, 835]], [[242, 834]], [[242, 833]], [[243, 832]], [[242, 831]], [[242, 830]], [[242, 829]], [[242, 828]], [[241, 827]], [[241, 826]], [[240, 826]], [[239, 825]], [[238, 825]], [[237, 824]], [[236, 824]], [[235, 824]], [[234, 824]], [[233, 824]], [[232, 824]], [[231, 824]], [[230, 824]], [[229, 824]], [[228, 824]], [[227, 823]], [[226, 823]], [[225, 823]], [[224, 823]], [[223, 822]]]","[[], [[[204, 813], [203, 814], [202, 814], [201, 814], [200, 815], [200, 816], [200, 817], [201, 818], [202, 819], [203, 820], [204, 820], [205, 820], [206, 821], [207, 822], [208, 823], [208, 824], [207, 825], [207, 826], [206, 827], [205, 827], [205, 828], [206, 829], [207, 830], [207, 831], [208, 832], [208, 833], [208, 834], [208, 835], [208, 836], [208, 837], [208, 838], [207, 839], [206, 839], [205, 839], [204, 839], [203, 840], [202, 840], [201, 839], [200, 838], [200, 837], [200, 836], [199, 835], [199, 834], [198, 833], [199, 832], [198, 831], [198, 830], [198, 829], [199, 828], [199, 827], [199, 826], [200, 825], [201, 824], [201, 823], [200, 823], [199, 823], [198, 823], [198, 824], [198, 825], [198, 826], [198, 827], [197, 828], [197, 829], [197, 830], [197, 831], [197, 832], [197, 833], [197, 834], [198, 835], [199, 836], [199, 837], [199, 838], [200, 839], [199, 840], [198, 841], [197, 841], [196, 841], [196, 842], [197, 841], [198, 842], [198, 843], [198, 844], [197, 845], [197, 846], [197, 847], [197, 848], [197, 849], [198, 848], [199, 849], [199, 850], [199, 851], [200, 851], [200, 850], [199, 849], [199, 848], [198, 847], [199, 846], [200, 845], [200, 844], [201, 843], [202, 842], [203, 842], [204, 842], [205, 843], [206, 843], [207, 843], [208, 843], [209, 842], [209, 841], [209, 840], [209, 839], [209, 838], [209, 837], [209, 836], [209, 835], [209, 834], [209, 833], [208, 832], [208, 831], [208, 830], [208, 829], [208, 828], [207, 827], [208, 826], [208, 825], [208, 824], [208, 823], [207, 822], [207, 821], [206, 821], [205, 820], [204, 819], [204, 818], [204, 817], [203, 816], [204, 815], [204, 814]]], [[[152, 850], [151, 851], [152, 851], [153, 851], [154, 851], [155, 851], [156, 851], [157, 851], [158, 851], [159, 851], [160, 851], [161, 851], [162, 851], [163, 852], [164, 852], [165, 852], [166, 853], [167, 853], [168, 853], [169, 854], [170, 855], [171, 855], [172, 856], [173, 856], [174, 857], [175, 856], [175, 855], [174, 854], [173, 854], [172, 854], [171, 854], [170, 854], [169, 853], [168, 853], [167, 853], [166, 852], [165, 852], [164, 851], [163, 851], [162, 851], [161, 851], [160, 850], [159, 850], [158, 850], [157, 850], [156, 850], [155, 850], [154, 850], [153, 850]]], [[[135, 849], [134, 850], [133, 850], [132, 851], [131, 852], [130, 853], [131, 853], [132, 853], [133, 852], [134, 852], [135, 852], [136, 852], [137, 851], [138, 852], [139, 852], [140, 851], [141, 851], [142, 851], [143, 851], [142, 851], [141, 851], [140, 851], [139, 851], [138, 851], [137, 850], [136, 849]]], [[[89, 886], [88, 887], [89, 888], [90, 888], [91, 889], [91, 890], [91, 891], [92, 891], [93, 890], [94, 890], [95, 890], [96, 891], [97, 891], [98, 891], [99, 891], [100, 892], [101, 892], [102, 893], [103, 894], [104, 894], [105, 895], [106, 895], [107, 896], [107, 897], [108, 898], [108, 899], [108, 900], [109, 900], [109, 899], [109, 898], [110, 897], [111, 898], [111, 899], [111, 898], [111, 897], [110, 897], [109, 898], [108, 897], [107, 896], [107, 895], [107, 894], [107, 893], [107, 892], [107, 893], [106, 894], [105, 893], [104, 892], [103, 892], [102, 892], [101, 891], [100, 891], [99, 891], [98, 890], [97, 889], [96, 889], [95, 889], [94, 888], [93, 887], [92, 887], [91, 887], [90, 887]]], [[[146, 897], [145, 898], [144, 898], [143, 898], [142, 899], [143, 899], [144, 900], [145, 901], [145, 902], [145, 903], [145, 904], [146, 904], [147, 904], [148, 905], [149, 905], [150, 905], [151, 905], [152, 905], [152, 904], [151, 903], [151, 902], [150, 902], [149, 903], [148, 904], [147, 904], [146, 903], [147, 902], [147, 901], [147, 900], [148, 899], [149, 898], [148, 897], [147, 897]]], [[[158, 891], [157, 892], [156, 893], [155, 893], [156, 893], [157, 893], [158, 893], [159, 893], [160, 894], [161, 893], [162, 894], [162, 895], [162, 896], [163, 897], [163, 898], [164, 899], [165, 899], [166, 899], [167, 900], [168, 900], [168, 899], [168, 898], [167, 898], [166, 897], [166, 896], [165, 895], [164, 895], [163, 895], [162, 894], [162, 893], [162, 892], [161, 892], [160, 891], [159, 891]]], [[[254, 875], [253, 876], [252, 876], [252, 877], [251, 878], [250, 877], [249, 876], [248, 877], [249, 878], [250, 878], [251, 879], [251, 878], [252, 877], [253, 877], [254, 877], [255, 878], [256, 879], [256, 880], [255, 881], [254, 881], [255, 881], [256, 881], [257, 881], [257, 880], [256, 879], [256, 878], [255, 877], [255, 876]]]]","[[], 77, 78, 79, 59, 81, 82, 83]"
58,58,"[[[620, 820]], [[619, 821]], [[618, 821]], [[617, 821]], [[616, 822]], [[615, 822]], [[614, 823]], [[613, 824]], [[613, 825]], [[613, 826]], [[612, 827]], [[611, 827]], [[610, 826]], [[609, 826]], [[608, 825]], [[607, 825]], [[606, 825]], [[605, 825]], [[604, 826]], [[603, 826]], [[602, 826]], [[601, 826]], [[601, 827]], [[602, 828]], [[601, 829]], [[601, 830]], [[602, 830]], [[603, 831]], [[604, 830]], [[605, 830]], [[606, 829]], [[607, 828]], [[608, 828]], [[609, 828]], [[610, 827]], [[611, 828]], [[612, 829]], [[611, 830]], [[610, 830]], [[609, 831]], [[608, 832]], [[607, 833]], [[606, 834]], [[605, 835]], [[604, 836]], [[603, 836]], [[602, 836]], [[601, 835]], [[601, 834]], [[600, 833]], [[600, 832]], [[599, 832]], [[598, 831]], [[597, 830]], [[597, 829]], [[596, 829]], [[595, 829]], [[594, 829]], [[593, 828]], [[592, 828]], [[591, 828]], [[590, 827]], [[589, 827]], [[588, 827]], [[587, 827]], [[586, 827]], [[585, 828]], [[584, 828]], [[583, 828]], [[582, 828]], [[581, 828]], [[580, 829]], [[579, 830]], [[578, 831]], [[577, 832]], [[576, 833]], [[575, 834]], [[574, 835]], [[573, 835]], [[572, 836]], [[571, 836]], [[570, 837]], [[569, 837]], [[568, 837]], [[567, 838]], [[567, 839]], [[566, 840]], [[565, 841]], [[565, 842]], [[564, 843]], [[564, 844]], [[564, 845]], [[564, 846]], [[564, 847]], [[564, 848]], [[564, 849]], [[564, 850]], [[564, 851]], [[564, 852]], [[564, 853]], [[564, 854]], [[564, 855]], [[565, 856]], [[566, 857]], [[566, 858]], [[565, 859]], [[566, 859]], [[567, 860]], [[567, 861]], [[567, 862]], [[568, 863]], [[568, 864]], [[568, 865]], [[568, 866]], [[568, 867]], [[569, 868]], [[569, 869]], [[570, 870]], [[571, 870]], [[572, 870]], [[573, 870]], [[574, 871]], [[575, 871]], [[576, 871]], [[577, 871]], [[578, 871]], [[579, 870]], [[580, 870]], [[581, 870]], [[581, 869]], [[582, 868]], [[583, 867]], [[584, 866]], [[584, 865]], [[585, 864]], [[586, 864]], [[587, 864]], [[588, 864]], [[589, 865]], [[590, 865]], [[591, 865]], [[592, 866]], [[593, 867]], [[594, 867]], [[595, 867]], [[596, 868]], [[597, 867]], [[598, 867]], [[599, 867]], [[600, 867]], [[600, 866]], [[601, 865]], [[602, 864]], [[603, 863]], [[603, 862]], [[604, 861]], [[604, 860]], [[605, 859]], [[605, 858]], [[606, 857]], [[606, 856]], [[607, 855]], [[607, 854]], [[607, 853]], [[608, 852]], [[609, 852]], [[610, 853]], [[610, 854]], [[611, 855]], [[611, 856]], [[612, 857]], [[612, 858]], [[612, 859]], [[613, 860]], [[613, 861]], [[614, 862]], [[615, 862]], [[616, 863]], [[617, 863]], [[618, 862]], [[619, 862]], [[620, 862]], [[621, 862]], [[622, 861]], [[623, 861]], [[624, 860]], [[625, 859]], [[626, 858]], [[627, 857]], [[628, 856]], [[629, 856]], [[630, 855]], [[630, 854]], [[630, 853]], [[631, 852]], [[631, 851]], [[631, 850]], [[632, 849]], [[632, 848]], [[633, 847]], [[633, 846]], [[633, 845]], [[633, 844]], [[633, 843]], [[633, 842]], [[634, 841]], [[634, 840]], [[635, 839]], [[635, 838]], [[634, 837]], [[634, 836]], [[634, 835]], [[634, 834]], [[633, 834]], [[632, 833]], [[632, 832]], [[633, 831]], [[633, 830]], [[633, 829]], [[632, 828]], [[631, 827]], [[630, 827]], [[629, 826]], [[629, 825]], [[628, 824]], [[629, 823]], [[628, 822]], [[627, 822]], [[626, 821]], [[625, 821]], [[624, 821]], [[623, 821]], [[622, 820]], [[621, 820]]]","[[[[625, 816], [624, 817], [623, 818], [622, 818], [621, 818], [620, 818], [619, 818], [618, 819], [617, 819], [616, 818], [615, 818], [614, 818], [613, 817], [612, 818], [612, 819], [613, 819], [614, 820], [614, 821], [613, 822], [613, 823], [612, 824], [611, 824], [610, 825], [611, 826], [612, 826], [612, 825], [612, 824], [613, 823], [614, 822], [615, 821], [616, 821], [617, 820], [618, 820], [619, 820], [620, 819], [621, 819], [622, 819], [623, 819], [624, 820], [625, 820], [626, 820], [627, 821], [628, 821], [628, 820], [628, 819], [627, 818], [628, 817], [627, 816], [626, 816]]], [], [[[591, 819], [592, 819], [593, 820], [594, 820], [595, 820], [596, 821], [597, 822], [598, 823], [598, 824], [598, 825], [599, 825], [600, 826], [601, 825], [602, 825], [603, 825], [604, 825], [605, 824], [606, 824], [607, 824], [607, 823], [606, 823], [605, 822], [604, 822], [603, 822], [602, 822], [601, 823], [600, 823], [599, 822], [598, 822], [597, 821], [596, 820], [595, 819], [594, 819], [593, 819], [592, 819]]], [[[571, 824], [570, 825], [569, 825], [568, 825], [567, 825], [566, 825], [565, 826], [565, 827], [565, 828], [565, 829], [566, 830], [566, 831], [565, 832], [564, 832], [564, 833], [564, 834], [565, 835], [566, 836], [566, 837], [566, 836], [566, 835], [567, 834], [568, 833], [568, 832], [567, 831], [567, 830], [567, 829], [567, 828], [568, 827], [569, 827], [569, 826], [570, 825], [571, 826], [572, 827], [572, 828], [572, 829], [573, 828], [573, 827], [574, 826], [575, 826], [576, 826], [577, 826], [576, 825], [575, 824], [574, 824], [573, 824], [572, 824]]], [[[609, 853], [608, 854], [608, 855], [609, 856], [608, 857], [607, 858], [607, 859], [607, 860], [606, 861], [605, 861], [604, 862], [604, 863], [604, 864], [603, 865], [603, 866], [603, 867], [604, 867], [605, 866], [606, 865], [606, 864], [607, 863], [607, 862], [608, 861], [609, 860], [610, 860], [611, 860], [611, 859], [611, 858], [611, 857], [610, 856], [610, 855], [609, 854]]], [[[633, 848], [633, 849], [632, 850], [632, 851], [632, 852], [632, 853], [632, 854], [633, 855], [634, 856], [634, 857], [635, 858], [636, 858], [637, 858], [638, 859], [639, 860], [639, 861], [640, 861], [640, 860], [639, 860], [638, 859], [638, 858], [638, 857], [638, 856], [637, 856], [636, 855], [635, 854], [634, 855], [633, 854], [633, 853], [634, 852], [635, 851], [634, 850], [634, 849], [634, 848]]]]","[84, [], 85, 86, 87, 88]"
59,59,"[[[679, 798]], [[678, 799]], [[677, 799]], [[676, 800]], [[676, 801]], [[675, 802]], [[674, 803]], [[674, 804]], [[673, 805]], [[672, 806]], [[672, 807]], [[671, 808]], [[671, 809]], [[670, 810]], [[669, 811]], [[669, 812]], [[668, 813]], [[668, 814]], [[667, 815]], [[666, 816]], [[665, 817]], [[664, 818]], [[663, 819]], [[662, 819]], [[662, 820]], [[662, 821]], [[662, 822]], [[661, 823]], [[661, 824]], [[660, 825]], [[660, 826]], [[660, 827]], [[660, 828]], [[660, 829]], [[659, 830]], [[659, 831]], [[659, 832]], [[659, 833]], [[659, 834]], [[660, 835]], [[661, 836]], [[661, 837]], [[662, 838]], [[662, 839]], [[662, 840]], [[663, 841]], [[664, 841]], [[665, 842]], [[665, 843]], [[666, 844]], [[666, 845]], [[667, 846]], [[667, 847]], [[668, 848]], [[669, 849]], [[670, 849]], [[671, 849]], [[672, 850]], [[673, 850]], [[674, 850]], [[675, 850]], [[676, 850]], [[677, 850]], [[678, 850]], [[679, 849]], [[680, 849]], [[681, 849]], [[682, 848]], [[683, 848]], [[684, 847]], [[685, 847]], [[686, 846]], [[687, 846]], [[688, 845]], [[689, 844]], [[690, 844]], [[691, 844]], [[692, 844]], [[693, 844]], [[693, 843]], [[693, 842]], [[693, 841]], [[693, 840]], [[692, 839]], [[692, 838]], [[692, 837]], [[691, 836]], [[691, 835]], [[690, 834]], [[690, 833]], [[690, 832]], [[689, 831]], [[689, 830]], [[689, 829]], [[689, 828]], [[689, 827]], [[689, 826]], [[689, 825]], [[689, 824]], [[689, 823]], [[689, 822]], [[689, 821]], [[689, 820]], [[689, 819]], [[689, 818]], [[689, 817]], [[688, 816]], [[688, 815]], [[688, 814]], [[687, 813]], [[687, 812]], [[687, 811]], [[687, 810]], [[687, 809]], [[687, 808]], [[686, 807]], [[686, 806]], [[686, 805]], [[687, 804]], [[686, 803]], [[685, 802]], [[684, 801]], [[683, 800]], [[682, 799]], [[682, 798]], [[681, 798]], [[680, 798]]]","[[], [[[692, 804], [691, 805], [690, 805], [690, 806], [690, 807], [690, 808], [690, 809], [690, 810], [691, 811], [691, 812], [691, 813], [691, 814], [690, 815], [690, 816], [691, 817], [691, 818], [691, 819], [692, 820], [693, 820], [694, 821], [695, 822], [695, 823], [696, 823], [697, 824], [697, 823], [697, 822], [696, 821], [695, 820], [694, 819], [693, 819], [692, 819], [691, 818], [692, 817], [692, 816], [693, 815], [693, 814], [692, 813], [691, 812], [691, 811], [691, 810], [691, 809], [691, 808], [691, 807], [692, 806], [693, 806], [693, 805]]], [[[697, 790], [697, 791], [697, 792], [696, 793], [695, 794], [694, 794], [693, 794], [692, 793], [691, 793], [692, 794], [692, 795], [691, 796], [690, 797], [689, 797], [689, 798], [689, 799], [689, 800], [688, 801], [687, 802], [686, 802], [685, 801], [686, 800], [685, 799], [685, 798], [684, 798], [683, 798], [683, 799], [684, 800], [685, 801], [686, 802], [687, 803], [688, 803], [689, 803], [689, 802], [689, 801], [689, 800], [690, 799], [691, 799], [692, 799], [692, 798], [693, 797], [693, 796], [694, 795], [695, 795], [696, 796], [697, 796], [698, 797], [699, 798], [700, 798], [701, 799], [701, 800], [702, 801], [702, 802], [703, 802], [704, 803], [704, 804], [703, 805], [704, 805], [704, 804], [705, 803], [706, 804], [707, 804], [707, 803], [706, 803], [705, 802], [704, 801], [704, 800], [705, 799], [705, 798], [704, 798], [703, 798], [702, 798], [701, 797], [701, 796], [701, 795], [701, 794], [700, 793], [699, 793], [698, 792], [697, 791]]]]","[[], 89, 90]"
60,60,"[[[149, 790]], [[148, 791]], [[147, 791]], [[146, 792]], [[145, 793]], [[145, 794]], [[144, 795]], [[143, 796]], [[142, 797]], [[141, 798]], [[140, 799]], [[140, 800]], [[139, 801]], [[138, 802]], [[137, 803]], [[136, 803]], [[135, 803]], [[134, 804]], [[133, 804]], [[132, 805]], [[131, 805]], [[130, 806]], [[129, 806]], [[128, 806]], [[127, 806]], [[126, 805]], [[125, 804]], [[124, 804]], [[123, 805]], [[122, 805]], [[121, 806]], [[120, 806]], [[119, 806]], [[118, 806]], [[117, 806]], [[116, 806]], [[115, 807]], [[115, 808]], [[114, 809]], [[114, 810]], [[113, 811]], [[113, 812]], [[113, 813]], [[114, 814]], [[114, 815]], [[114, 816]], [[114, 817]], [[115, 818]], [[116, 819]], [[117, 820]], [[117, 821]], [[117, 822]], [[117, 823]], [[118, 823]], [[119, 824]], [[120, 825]], [[121, 826]], [[122, 826]], [[123, 826]], [[124, 827]], [[125, 828]], [[125, 829]], [[125, 830]], [[125, 831]], [[126, 832]], [[126, 833]], [[127, 834]], [[127, 835]], [[128, 835]], [[129, 835]], [[130, 836]], [[131, 836]], [[132, 836]], [[133, 836]], [[134, 836]], [[135, 836]], [[136, 836]], [[137, 836]], [[138, 837]], [[139, 838]], [[140, 839]], [[141, 840]], [[142, 840]], [[143, 840]], [[144, 840]], [[145, 840]], [[146, 841]], [[147, 840]], [[148, 840]], [[149, 840]], [[150, 840]], [[151, 840]], [[152, 840]], [[153, 840]], [[154, 840]], [[155, 839]], [[156, 838]], [[157, 837]], [[158, 836]], [[159, 835]], [[160, 835]], [[161, 835]], [[162, 835]], [[163, 834]], [[164, 833]], [[165, 833]], [[165, 832]], [[166, 831]], [[166, 830]], [[166, 829]], [[166, 828]], [[166, 827]], [[166, 826]], [[166, 825]], [[166, 824]], [[166, 823]], [[166, 822]], [[166, 821]], [[165, 820]], [[165, 819]], [[165, 818]], [[165, 817]], [[164, 816]], [[164, 815]], [[165, 814]], [[165, 813]], [[165, 812]], [[165, 811]], [[166, 810]], [[167, 809]], [[168, 809]], [[168, 808]], [[169, 807]], [[169, 806]], [[170, 805]], [[170, 804]], [[170, 803]], [[169, 802]], [[169, 801]], [[169, 800]], [[168, 799]], [[168, 798]], [[168, 797]], [[168, 796]], [[168, 795]], [[167, 794]], [[166, 793]], [[165, 792]], [[164, 792]], [[163, 791]], [[162, 791]], [[161, 791]], [[160, 790]], [[159, 790]], [[158, 790]], [[157, 790]], [[156, 790]], [[155, 790]], [[154, 790]], [[153, 790]], [[152, 790]], [[151, 790]], [[150, 790]]]","[[], [[[138, 838], [138, 839], [138, 840], [138, 841], [139, 842], [140, 842], [141, 842], [142, 842], [143, 843], [143, 844], [143, 845], [144, 845], [145, 845], [146, 846], [147, 845], [148, 845], [149, 845], [148, 845], [147, 844], [146, 844], [145, 844], [144, 843], [143, 843], [142, 842], [141, 841], [140, 840], [139, 839]]]]","[[], 91]"
61,61,"[[[191, 784]], [[190, 785]], [[189, 786]], [[188, 787]], [[187, 788]], [[188, 789]], [[188, 790]], [[188, 791]], [[187, 792]], [[186, 792]], [[185, 793]], [[185, 794]], [[184, 795]], [[184, 796]], [[185, 797]], [[185, 798]], [[185, 799]], [[186, 800]], [[186, 801]], [[187, 802]], [[188, 803]], [[188, 804]], [[188, 805]], [[188, 806]], [[188, 807]], [[189, 807]], [[190, 808]], [[189, 809]], [[189, 810]], [[190, 811]], [[191, 812]], [[192, 813]], [[193, 814]], [[193, 815]], [[193, 816]], [[194, 816]], [[195, 817]], [[196, 817]], [[197, 817]], [[198, 816]], [[199, 816]], [[199, 815]], [[200, 814]], [[200, 813]], [[201, 812]], [[201, 811]], [[202, 810]], [[203, 809]], [[204, 808]], [[205, 807]], [[205, 806]], [[205, 805]], [[205, 804]], [[205, 803]], [[205, 802]], [[204, 801]], [[204, 800]], [[203, 799]], [[202, 798]], [[202, 797]], [[202, 796]], [[202, 795]], [[202, 794]], [[202, 793]], [[201, 792]], [[201, 791]], [[201, 790]], [[201, 789]], [[201, 788]], [[200, 788]], [[199, 787]], [[198, 786]], [[197, 785]], [[196, 785]], [[195, 785]], [[194, 784]], [[193, 784]], [[192, 784]]]","[[], [[[204, 813], [203, 814], [202, 814], [201, 814], [200, 815], [200, 816], [200, 817], [201, 818], [202, 819], [203, 820], [204, 820], [205, 820], [206, 821], [207, 822], [208, 823], [208, 824], [207, 825], [207, 826], [206, 827], [205, 827], [205, 828], [206, 829], [207, 830], [207, 831], [208, 832], [208, 833], [208, 834], [208, 835], [208, 836], [208, 837], [208, 838], [207, 839], [206, 839], [205, 839], [204, 839], [203, 840], [202, 840], [201, 839], [200, 838], [200, 837], [200, 836], [199, 835], [199, 834], [198, 833], [199, 832], [198, 831], [198, 830], [198, 829], [199, 828], [199, 827], [199, 826], [200, 825], [201, 824], [201, 823], [200, 823], [199, 823], [198, 823], [198, 824], [198, 825], [198, 826], [198, 827], [197, 828], [197, 829], [197, 830], [197, 831], [197, 832], [197, 833], [197, 834], [198, 835], [199, 836], [199, 837], [199, 838], [200, 839], [199, 840], [198, 841], [197, 841], [196, 841], [196, 842], [197, 841], [198, 842], [198, 843], [198, 844], [197, 845], [197, 846], [197, 847], [197, 848], [197, 849], [198, 848], [199, 849], [199, 850], [199, 851], [200, 851], [200, 850], [199, 849], [199, 848], [198, 847], [199, 846], [200, 845], [200, 844], [201, 843], [202, 842], [203, 842], [204, 842], [205, 843], [206, 843], [207, 843], [208, 843], [209, 842], [209, 841], [209, 840], [209, 839], [209, 838], [209, 837], [209, 836], [209, 835], [209, 834], [209, 833], [208, 832], [208, 831], [208, 830], [208, 829], [208, 828], [207, 827], [208, 826], [208, 825], [208, 824], [208, 823], [207, 822], [207, 821], [206, 821], [205, 820], [204, 819], [204, 818], [204, 817], [203, 816], [204, 815], [204, 814]]], [[[206, 805], [206, 806], [207, 807], [207, 808], [207, 809], [208, 809], [208, 808], [209, 807], [210, 806], [211, 806], [212, 807], [212, 808], [212, 809], [213, 809], [214, 809], [215, 809], [216, 809], [217, 810], [218, 809], [219, 808], [220, 808], [221, 808], [222, 808], [223, 808], [224, 807], [223, 807], [222, 807], [221, 807], [220, 807], [219, 807], [218, 808], [217, 807], [217, 806], [216, 806], [215, 806], [214, 806], [213, 806], [212, 805], [211, 805], [210, 805], [209, 805], [208, 806], [207, 805]]]]","[[], 77, 93]"
62,62,"[[[627, 781]], [[626, 782]], [[625, 783]], [[624, 784]], [[623, 785]], [[622, 785]], [[621, 786]], [[620, 787]], [[620, 788]], [[619, 789]], [[619, 790]], [[619, 791]], [[619, 792]], [[619, 793]], [[619, 794]], [[620, 795]], [[621, 795]], [[622, 795]], [[623, 795]], [[624, 795]], [[625, 795]], [[626, 795]], [[627, 795]], [[628, 795]], [[628, 794]], [[629, 793]], [[629, 792]], [[630, 791]], [[631, 790]], [[631, 789]], [[631, 788]], [[631, 787]], [[631, 786]], [[630, 785]], [[630, 784]], [[629, 783]], [[629, 782]], [[628, 781]]]","[[[[612, 796], [612, 797], [613, 798], [612, 799], [612, 800], [612, 801], [611, 802], [611, 803], [612, 803], [613, 803], [614, 803], [615, 802], [616, 802], [617, 801], [618, 801], [617, 800], [617, 799], [616, 798], [617, 797], [618, 797], [619, 797], [620, 797], [621, 798], [622, 798], [623, 798], [624, 798], [625, 798], [626, 798], [626, 797], [625, 797], [624, 797], [623, 797], [622, 797], [621, 796], [620, 796], [619, 796], [618, 796], [617, 796], [616, 796], [615, 797], [614, 796], [613, 796]]], []]","[94, []]"
63,63,"[[[792, 777]], [[791, 778]], [[790, 779]], [[790, 780]], [[790, 781]], [[791, 782]], [[791, 783]], [[790, 784]], [[790, 785]], [[790, 786]], [[791, 786]], [[792, 786]], [[793, 786]], [[794, 786]], [[795, 786]], [[796, 787]], [[797, 788]], [[797, 789]], [[798, 790]], [[798, 791]], [[799, 792]], [[800, 792]], [[801, 792]], [[802, 791]], [[803, 791]], [[803, 790]], [[803, 789]], [[803, 788]], [[802, 787]], [[802, 786]], [[801, 785]], [[801, 784]], [[801, 783]], [[800, 783]], [[799, 783]], [[798, 782]], [[798, 781]], [[798, 780]], [[797, 779]], [[796, 778]], [[795, 778]], [[794, 777]], [[793, 777]]]","[[], [[[802, 784], [802, 785], [803, 786], [803, 787], [804, 788], [804, 789], [804, 790], [804, 791], [803, 792], [802, 792], [801, 793], [800, 793], [801, 794], [802, 795], [803, 795], [804, 796], [804, 797], [805, 797], [806, 797], [805, 796], [805, 795], [805, 794], [804, 793], [804, 792], [805, 791], [805, 790], [805, 789], [805, 788], [805, 787], [804, 786], [804, 785], [803, 784]]]]","[[], 95]"
64,64,"[[[582, 775]], [[581, 776]], [[580, 776]], [[579, 776]], [[578, 777]], [[577, 778]], [[576, 778]], [[575, 778]], [[574, 778]], [[573, 779]], [[572, 779]], [[572, 780]], [[571, 781]], [[571, 782]], [[570, 783]], [[570, 784]], [[571, 785]], [[571, 786]], [[572, 787]], [[573, 788]], [[574, 788]], [[575, 789]], [[576, 790]], [[575, 791]], [[574, 791]], [[573, 791]], [[572, 791]], [[571, 791]], [[570, 791]], [[569, 790]], [[568, 790]], [[567, 790]], [[566, 791]], [[565, 791]], [[564, 792]], [[563, 793]], [[562, 793]], [[561, 793]], [[560, 793]], [[559, 794]], [[558, 794]], [[557, 795]], [[556, 796]], [[555, 797]], [[554, 798]], [[553, 799]], [[552, 800]], [[551, 801]], [[550, 802]], [[549, 803]], [[549, 804]], [[548, 805]], [[547, 806]], [[546, 807]], [[546, 808]], [[546, 809]], [[546, 810]], [[546, 811]], [[547, 812]], [[547, 813]], [[547, 814]], [[547, 815]], [[547, 816]], [[547, 817]], [[547, 818]], [[547, 819]], [[547, 820]], [[548, 821]], [[547, 822]], [[547, 823]], [[547, 824]], [[547, 825]], [[548, 825]], [[549, 825]], [[550, 825]], [[551, 826]], [[551, 827]], [[551, 828]], [[551, 829]], [[552, 830]], [[552, 831]], [[552, 832]], [[553, 833]], [[553, 834]], [[553, 835]], [[554, 835]], [[555, 836]], [[556, 836]], [[557, 836]], [[557, 835]], [[558, 834]], [[559, 833]], [[560, 832]], [[561, 831]], [[562, 830]], [[563, 830]], [[563, 829]], [[564, 828]], [[564, 827]], [[564, 826]], [[564, 825]], [[565, 824]], [[566, 823]], [[566, 822]], [[567, 821]], [[568, 820]], [[569, 819]], [[570, 818]], [[571, 818]], [[572, 818]], [[573, 819]], [[573, 820]], [[573, 821]], [[573, 822]], [[574, 823]], [[575, 823]], [[576, 824]], [[577, 825]], [[578, 825]], [[579, 825]], [[580, 825]], [[581, 824]], [[582, 824]], [[583, 823]], [[584, 823]], [[585, 822]], [[586, 821]], [[587, 821]], [[588, 820]], [[589, 819]], [[590, 818]], [[591, 817]], [[591, 816]], [[590, 815]], [[590, 814]], [[590, 813]], [[589, 812]], [[588, 811]], [[588, 810]], [[587, 809]], [[586, 808]], [[585, 808]], [[584, 807]], [[583, 806]], [[582, 805]], [[582, 804]], [[581, 803]], [[580, 802]], [[580, 801]], [[580, 800]], [[579, 799]], [[580, 798]], [[580, 797]], [[580, 796]], [[580, 795]], [[580, 794]], [[581, 793]], [[582, 793]], [[583, 794]], [[584, 794]], [[585, 794]], [[586, 793]], [[587, 793]], [[588, 792]], [[589, 791]], [[590, 790]], [[591, 789]], [[592, 788]], [[593, 787]], [[594, 786]], [[595, 786]], [[595, 785]], [[595, 784]], [[595, 783]], [[594, 783]], [[593, 782]], [[592, 781]], [[591, 780]], [[591, 779]], [[590, 779]], [[589, 778]], [[589, 777]], [[588, 777]], [[587, 776]], [[586, 776]], [[585, 776]], [[584, 776]], [[583, 775]]]","[[], [[[571, 824], [570, 825], [569, 825], [568, 825], [567, 825], [566, 825], [565, 826], [565, 827], [565, 828], [565, 829], [566, 830], [566, 831], [565, 832], [564, 832], [564, 833], [564, 834], [565, 835], [566, 836], [566, 837], [566, 836], [566, 835], [567, 834], [568, 833], [568, 832], [567, 831], [567, 830], [567, 829], [567, 828], [568, 827], [569, 827], [569, 826], [570, 825], [571, 826], [572, 827], [572, 828], [572, 829], [573, 828], [573, 827], [574, 826], [575, 826], [576, 826], [577, 826], [576, 825], [575, 824], [574, 824], [573, 824], [572, 824]]], [[[591, 819], [592, 819], [593, 820], [594, 820], [595, 820], [596, 821], [597, 822], [598, 823], [598, 824], [598, 825], [599, 825], [600, 826], [601, 825], [602, 825], [603, 825], [604, 825], [605, 824], [606, 824], [607, 824], [607, 823], [606, 823], [605, 822], [604, 822], [603, 822], [602, 822], [601, 823], [600, 823], [599, 822], [598, 822], [597, 821], [596, 820], [595, 819], [594, 819], [593, 819], [592, 819]]], [[[597, 775], [596, 776], [595, 776], [594, 777], [594, 778], [593, 779], [592, 779], [592, 780], [593, 781], [594, 782], [595, 782], [596, 783], [596, 784], [596, 785], [596, 786], [597, 785], [598, 784], [599, 785], [600, 784], [600, 783], [600, 782], [600, 781], [599, 780], [598, 779], [597, 780], [597, 781], [596, 782], [595, 781], [594, 780], [595, 779], [595, 778], [596, 777], [597, 777], [597, 776], [598, 775]]]]","[[], 86, 85, 98]"
65,65,"[[[475, 760]], [[474, 761]], [[473, 761]], [[473, 762]], [[473, 763]], [[472, 764]], [[471, 765]], [[470, 766]], [[470, 767]], [[470, 768]], [[470, 769]], [[470, 770]], [[470, 771]], [[470, 772]], [[470, 773]], [[469, 774]], [[469, 775]], [[469, 776]], [[468, 777]], [[468, 778]], [[467, 779]], [[468, 780]], [[467, 781]], [[466, 782]], [[465, 781]], [[465, 782]], [[465, 783]], [[464, 784]], [[463, 785]], [[462, 785]], [[462, 786]], [[462, 787]], [[462, 788]], [[461, 789]], [[461, 790]], [[461, 791]], [[461, 792]], [[462, 793]], [[462, 794]], [[463, 794]], [[464, 793]], [[465, 794]], [[466, 794]], [[467, 795]], [[468, 795]], [[469, 795]], [[470, 795]], [[471, 795]], [[472, 796]], [[473, 796]], [[474, 796]], [[475, 796]], [[476, 796]], [[477, 795]], [[478, 795]], [[479, 794]], [[479, 793]], [[479, 792]], [[480, 791]], [[480, 790]], [[480, 789]], [[481, 788]], [[482, 788]], [[482, 787]], [[483, 786]], [[484, 785]], [[485, 784]], [[486, 783]], [[486, 782]], [[486, 781]], [[487, 780]], [[487, 779]], [[488, 778]], [[488, 777]], [[488, 776]], [[488, 775]], [[488, 774]], [[488, 773]], [[488, 772]], [[488, 771]], [[487, 770]], [[487, 769]], [[487, 768]], [[487, 767]], [[487, 766]], [[487, 765]], [[486, 764]], [[485, 763]], [[484, 762]], [[483, 762]], [[482, 761]], [[481, 761]], [[480, 761]], [[479, 760]], [[478, 760]], [[477, 760]], [[476, 760]]]",[[]],[]
66,66,"[[[512, 751]], [[511, 752]], [[510, 752]], [[509, 752]], [[508, 753]], [[507, 753]], [[506, 753]], [[505, 753]], [[504, 753]], [[504, 754]], [[504, 755]], [[503, 756]], [[503, 757]], [[503, 758]], [[503, 759]], [[502, 760]], [[502, 761]], [[502, 762]], [[502, 763]], [[502, 764]], [[502, 765]], [[503, 766]], [[503, 767]], [[502, 768]], [[503, 769]], [[503, 770]], [[503, 771]], [[503, 772]], [[503, 773]], [[503, 774]], [[502, 775]], [[502, 776]], [[502, 777]], [[502, 778]], [[502, 779]], [[502, 780]], [[502, 781]], [[502, 782]], [[502, 783]], [[502, 784]], [[502, 785]], [[503, 786]], [[504, 787]], [[504, 788]], [[504, 789]], [[505, 790]], [[506, 791]], [[507, 792]], [[507, 793]], [[507, 794]], [[508, 795]], [[508, 796]], [[508, 797]], [[509, 798]], [[510, 798]], [[511, 798]], [[512, 799]], [[513, 798]], [[514, 798]], [[515, 798]], [[516, 798]], [[517, 798]], [[518, 797]], [[519, 796]], [[520, 796]], [[521, 796]], [[522, 795]], [[523, 795]], [[524, 794]], [[525, 794]], [[525, 793]], [[525, 792]], [[526, 791]], [[527, 790]], [[528, 789]], [[529, 789]], [[530, 788]], [[531, 787]], [[532, 786]], [[532, 785]], [[532, 784]], [[532, 783]], [[533, 782]], [[533, 781]], [[533, 780]], [[533, 779]], [[533, 778]], [[533, 777]], [[533, 776]], [[533, 775]], [[533, 774]], [[532, 773]], [[532, 772]], [[531, 771]], [[531, 770]], [[530, 769]], [[529, 768]], [[529, 767]], [[528, 766]], [[527, 765]], [[527, 764]], [[526, 763]], [[526, 762]], [[525, 761]], [[525, 760]], [[524, 759]], [[524, 758]], [[524, 757]], [[524, 756]], [[524, 755]], [[524, 754]], [[523, 754]], [[522, 754]], [[521, 754]], [[520, 753]], [[519, 753]], [[518, 753]], [[517, 752]], [[516, 752]], [[515, 751]], [[514, 751]], [[513, 751]]]","[[], [[[525, 759], [526, 760], [526, 761], [527, 762], [527, 763], [528, 764], [528, 765], [529, 766], [530, 767], [530, 768], [531, 769], [532, 770], [532, 771], [533, 770], [533, 769], [533, 768], [534, 767], [534, 766], [533, 765], [532, 765], [531, 765], [530, 764], [530, 763], [529, 762], [529, 761], [529, 760], [528, 761], [527, 760], [526, 759]]]]","[[], 99]"
67,67,"[[[305, 732]], [[304, 733]], [[303, 733]], [[302, 733]], [[301, 734]], [[300, 734]], [[299, 735]], [[298, 735]], [[297, 736]], [[296, 737]], [[295, 737]], [[294, 738]], [[293, 739]], [[292, 740]], [[291, 740]], [[290, 740]], [[290, 741]], [[290, 742]], [[291, 743]], [[291, 744]], [[291, 745]], [[291, 746]], [[291, 747]], [[291, 748]], [[292, 749]], [[292, 750]], [[292, 751]], [[293, 752]], [[294, 753]], [[294, 754]], [[295, 754]], [[296, 754]], [[297, 754]], [[298, 754]], [[299, 753]], [[300, 752]], [[301, 751]], [[302, 751]], [[303, 750]], [[304, 749]], [[305, 748]], [[306, 748]], [[307, 748]], [[308, 747]], [[309, 747]], [[310, 746]], [[311, 745]], [[312, 744]], [[313, 743]], [[314, 742]], [[314, 741]], [[314, 740]], [[314, 739]], [[314, 738]], [[313, 737]], [[312, 736]], [[311, 735]], [[311, 734]], [[310, 733]], [[309, 732]], [[308, 732]], [[307, 732]], [[306, 732]]]","[[], [[[287, 733], [286, 734], [286, 735], [287, 736], [287, 737], [288, 738], [288, 739], [288, 740], [288, 741], [288, 742], [288, 743], [288, 744], [288, 745], [289, 746], [289, 747], [288, 748], [289, 749], [290, 750], [289, 751], [289, 752], [290, 753], [291, 753], [292, 754], [293, 755], [294, 756], [295, 757], [295, 758], [296, 758], [297, 758], [298, 757], [297, 756], [296, 756], [295, 756], [294, 756], [293, 755], [293, 754], [293, 753], [292, 752], [291, 751], [291, 750], [291, 749], [290, 748], [290, 747], [290, 746], [290, 745], [290, 744], [290, 743], [289, 742], [289, 741], [289, 740], [290, 739], [291, 739], [292, 739], [293, 738], [294, 737], [295, 736], [296, 736], [297, 735], [296, 735], [295, 736], [294, 737], [293, 737], [292, 737], [291, 737], [290, 737], [289, 737], [288, 737], [287, 736], [287, 735], [287, 734]]], [[[308, 729], [307, 730], [306, 730], [307, 730], [308, 730], [309, 730], [310, 731], [310, 732], [311, 733], [312, 734], [313, 735], [313, 736], [314, 737], [315, 738], [315, 739], [315, 740], [315, 741], [315, 742], [314, 743], [313, 744], [312, 745], [312, 746], [313, 746], [314, 745], [314, 744], [315, 743], [316, 742], [317, 741], [318, 740], [319, 739], [320, 739], [320, 738], [320, 737], [319, 736], [320, 735], [319, 734], [318, 734], [318, 735], [317, 736], [316, 736], [315, 736], [314, 736], [313, 735], [313, 734], [313, 733], [313, 732], [312, 732], [311, 731], [311, 730], [310, 729], [309, 729]]]]","[[], 100, 101]"
68,68,"[[[688, 731]], [[687, 732]], [[686, 732]], [[685, 733]], [[684, 734]], [[684, 735]], [[684, 736]], [[683, 737]], [[682, 738]], [[682, 739]], [[682, 740]], [[682, 741]], [[682, 742]], [[681, 743]], [[681, 744]], [[681, 745]], [[681, 746]], [[681, 747]], [[681, 748]], [[680, 749]], [[680, 750]], [[679, 751]], [[679, 752]], [[678, 753]], [[678, 754]], [[678, 755]], [[678, 756]], [[678, 757]], [[678, 758]], [[678, 759]], [[678, 760]], [[677, 761]], [[677, 762]], [[677, 763]], [[677, 764]], [[678, 765]], [[679, 766]], [[678, 767]], [[677, 767]], [[676, 767]], [[676, 768]], [[677, 768]], [[678, 769]], [[677, 770]], [[678, 771]], [[678, 772]], [[679, 773]], [[679, 774]], [[680, 775]], [[680, 776]], [[681, 776]], [[682, 777]], [[683, 778]], [[683, 779]], [[684, 780]], [[685, 780]], [[686, 781]], [[687, 782]], [[688, 782]], [[689, 783]], [[690, 783]], [[691, 783]], [[692, 783]], [[693, 783]], [[694, 783]], [[695, 783]], [[696, 783]], [[697, 783]], [[698, 783]], [[699, 783]], [[700, 783]], [[701, 783]], [[702, 783]], [[703, 784]], [[704, 785]], [[704, 786]], [[705, 787]], [[706, 787]], [[707, 787]], [[708, 788]], [[709, 789]], [[710, 788]], [[711, 789]], [[712, 790]], [[712, 791]], [[712, 792]], [[712, 793]], [[711, 794]], [[711, 795]], [[710, 796]], [[710, 797]], [[710, 798]], [[710, 799]], [[711, 800]], [[711, 801]], [[712, 801]], [[713, 801]], [[714, 801]], [[715, 800]], [[716, 800]], [[717, 800]], [[718, 801]], [[719, 801]], [[720, 800]], [[721, 800]], [[722, 800]], [[723, 800]], [[724, 800]], [[725, 799]], [[726, 799]], [[727, 799]], [[728, 799]], [[729, 798]], [[730, 798]], [[731, 798]], [[732, 797]], [[733, 796]], [[734, 796]], [[735, 796]], [[736, 795]], [[737, 795]], [[738, 794]], [[739, 793]], [[740, 792]], [[739, 791]], [[739, 790]], [[739, 789]], [[740, 788]], [[741, 788]], [[742, 787]], [[743, 786]], [[743, 785]], [[743, 784]], [[743, 783]], [[743, 782]], [[743, 781]], [[744, 780]], [[744, 779]], [[744, 778]], [[744, 777]], [[745, 776]], [[744, 775]], [[744, 774]], [[745, 773]], [[746, 773]], [[746, 772]], [[746, 771]], [[746, 770]], [[747, 769]], [[747, 768]], [[747, 767]], [[747, 766]], [[748, 765]], [[748, 764]], [[747, 763]], [[747, 762]], [[747, 761]], [[746, 761]], [[745, 761]], [[744, 760]], [[744, 759]], [[743, 759]], [[742, 759]], [[741, 759]], [[740, 758]], [[739, 757]], [[738, 757]], [[737, 756]], [[736, 755]], [[735, 755]], [[734, 755]], [[733, 755]], [[732, 755]], [[731, 756]], [[730, 756]], [[729, 756]], [[728, 756]], [[727, 756]], [[726, 756]], [[725, 756]], [[724, 756]], [[723, 755]], [[723, 754]], [[724, 753]], [[725, 753]], [[726, 752]], [[727, 752]], [[728, 752]], [[729, 751]], [[730, 750]], [[731, 749]], [[732, 749]], [[733, 749]], [[734, 748]], [[735, 747]], [[736, 746]], [[737, 746]], [[738, 746]], [[739, 746]], [[738, 745]], [[739, 744]], [[739, 743]], [[739, 742]], [[739, 741]], [[738, 740]], [[738, 739]], [[738, 738]], [[737, 737]], [[737, 736]], [[737, 735]], [[736, 734]], [[736, 733]], [[735, 733]], [[734, 733]], [[733, 733]], [[732, 732]], [[731, 733]], [[730, 733]], [[729, 733]], [[728, 733]], [[727, 734]], [[726, 734]], [[725, 734]], [[724, 734]], [[723, 734]], [[722, 734]], [[721, 734]], [[720, 734]], [[719, 734]], [[718, 734]], [[717, 734]], [[716, 733]], [[715, 733]], [[714, 733]], [[713, 734]], [[712, 734]], [[712, 735]], [[711, 736]], [[710, 737]], [[710, 738]], [[709, 739]], [[708, 739]], [[707, 739]], [[706, 738]], [[706, 737]], [[706, 736]], [[705, 736]], [[704, 735]], [[703, 735]], [[702, 734]], [[701, 734]], [[700, 734]], [[699, 734]], [[698, 734]], [[697, 733]], [[696, 733]], [[695, 733]], [[694, 733]], [[693, 732]], [[692, 731]], [[691, 731]], [[690, 731]], [[689, 731]]]","[[], [[[725, 801], [724, 802], [724, 803], [723, 804], [722, 804], [721, 805], [720, 805], [720, 806], [720, 807], [719, 808], [718, 808], [717, 808], [716, 807], [716, 806], [716, 805], [717, 804], [718, 803], [717, 804], [716, 803], [715, 803], [714, 803], [713, 803], [712, 803], [711, 803], [710, 803], [709, 803], [710, 804], [711, 804], [712, 805], [713, 805], [714, 806], [715, 806], [716, 807], [716, 808], [717, 808], [718, 808], [719, 808], [720, 808], [721, 807], [722, 806], [723, 806], [724, 805], [724, 804], [725, 803], [726, 803], [727, 803], [728, 803], [728, 802], [728, 801], [727, 801], [726, 801]]], [[[741, 789], [740, 790], [740, 791], [741, 791], [742, 792], [742, 793], [742, 794], [741, 795], [740, 795], [739, 796], [739, 797], [738, 798], [737, 798], [736, 798], [735, 799], [736, 800], [737, 800], [738, 800], [738, 799], [739, 798], [740, 797], [740, 796], [741, 795], [742, 794], [743, 793], [744, 793], [745, 793], [746, 792], [745, 791], [745, 790], [744, 789], [743, 789], [742, 790]]], [[[750, 765], [749, 766], [748, 767], [749, 768], [750, 769], [751, 769], [752, 769], [753, 770], [754, 771], [755, 771], [756, 772], [756, 773], [757, 774], [758, 775], [759, 775], [760, 775], [760, 774], [759, 773], [758, 772], [757, 772], [756, 771], [755, 770], [755, 769], [755, 768], [756, 767], [756, 766], [755, 766], [754, 766], [753, 766], [752, 765], [751, 765]]]]","[[], 102, 103, 104]"
69,69,"[[[673, 705]], [[673, 706]], [[674, 706]], [[675, 707]], [[675, 708]], [[675, 709]], [[675, 710]], [[675, 711]], [[674, 712]], [[674, 713]], [[674, 714]], [[675, 715]], [[676, 716]], [[677, 716]], [[678, 716]], [[679, 717]], [[680, 717]], [[681, 717]], [[682, 718]], [[683, 718]], [[684, 718]], [[685, 719]], [[686, 719]], [[687, 720]], [[688, 720]], [[689, 720]], [[690, 721]], [[691, 721]], [[692, 721]], [[693, 721]], [[694, 720]], [[694, 719]], [[695, 718]], [[695, 717]], [[696, 716]], [[696, 715]], [[696, 714]], [[695, 713]], [[695, 712]], [[695, 711]], [[694, 710]], [[694, 709]], [[693, 708]], [[692, 707]], [[691, 707]], [[690, 706]], [[689, 706]], [[688, 705]], [[687, 705]], [[686, 705]], [[685, 705]], [[684, 705]], [[683, 705]], [[682, 705]], [[681, 705]], [[680, 706]], [[679, 706]], [[678, 706]], [[677, 706]], [[676, 706]], [[675, 707]], [[674, 706]]]","[[], [[[689, 702], [688, 703], [687, 703], [686, 703], [685, 703], [684, 703], [683, 703], [684, 703], [685, 703], [686, 703], [687, 704], [688, 704], [689, 704], [690, 704], [691, 705], [692, 705], [693, 706], [694, 707], [695, 708], [696, 709], [697, 709], [698, 710], [697, 711], [697, 712], [697, 713], [697, 714], [697, 715], [697, 716], [697, 717], [697, 716], [697, 715], [698, 714], [698, 713], [699, 712], [700, 712], [701, 712], [700, 711], [700, 710], [699, 709], [699, 708], [698, 707], [698, 706], [698, 705], [697, 706], [696, 706], [695, 706], [694, 706], [693, 705], [692, 704], [692, 703], [691, 702], [690, 702]]]]","[[], 105]"
70,70,"[[[173, 697]], [[172, 698]], [[171, 699]], [[170, 699]], [[169, 700]], [[168, 701]], [[167, 702]], [[167, 703]], [[166, 704]], [[166, 705]], [[165, 706]], [[165, 707]], [[165, 708]], [[166, 709]], [[167, 710]], [[167, 711]], [[168, 712]], [[169, 712]], [[170, 713]], [[171, 713]], [[172, 714]], [[172, 715]], [[171, 716]], [[170, 716]], [[169, 717]], [[168, 718]], [[167, 718]], [[166, 718]], [[165, 719]], [[164, 719]], [[163, 719]], [[163, 720]], [[163, 721]], [[162, 722]], [[162, 723]], [[161, 724]], [[161, 725]], [[160, 726]], [[159, 726]], [[158, 726]], [[157, 725]], [[156, 724]], [[156, 723]], [[156, 722]], [[156, 721]], [[155, 720]], [[154, 719]], [[154, 718]], [[154, 717]], [[154, 716]], [[153, 715]], [[153, 714]], [[152, 713]], [[152, 712]], [[151, 711]], [[151, 710]], [[150, 709]], [[149, 709]], [[148, 709]], [[147, 708]], [[146, 708]], [[145, 708]], [[144, 708]], [[143, 708]], [[142, 709]], [[141, 710]], [[140, 711]], [[140, 712]], [[140, 713]], [[140, 714]], [[140, 715]], [[140, 716]], [[140, 717]], [[140, 718]], [[141, 719]], [[141, 718]], [[142, 717]], [[143, 716]], [[144, 717]], [[144, 718]], [[144, 719]], [[144, 720]], [[144, 721]], [[144, 722]], [[144, 723]], [[143, 724]], [[142, 724]], [[141, 723]], [[141, 724]], [[141, 725]], [[142, 726]], [[141, 727]], [[142, 727]], [[143, 726]], [[144, 727]], [[144, 728]], [[145, 729]], [[145, 730]], [[146, 731]], [[146, 732]], [[147, 733]], [[148, 733]], [[149, 734]], [[150, 734]], [[151, 734]], [[152, 735]], [[153, 735]], [[154, 735]], [[155, 736]], [[156, 735]], [[157, 736]], [[157, 737]], [[156, 738]], [[156, 739]], [[156, 740]], [[156, 741]], [[157, 742]], [[157, 743]], [[158, 744]], [[158, 745]], [[159, 746]], [[160, 746]], [[161, 747]], [[162, 748]], [[163, 749]], [[164, 749]], [[165, 749]], [[166, 749]], [[167, 748]], [[168, 748]], [[169, 747]], [[170, 746]], [[171, 746]], [[172, 746]], [[173, 746]], [[174, 745]], [[174, 744]], [[175, 743]], [[176, 742]], [[177, 742]], [[178, 742]], [[179, 741]], [[180, 741]], [[181, 741]], [[182, 741]], [[183, 740]], [[184, 739]], [[185, 739]], [[186, 738]], [[187, 737]], [[188, 737]], [[189, 737]], [[190, 736]], [[190, 735]], [[191, 734]], [[192, 733]], [[193, 732]], [[194, 731]], [[195, 731]], [[195, 730]], [[195, 729]], [[194, 728]], [[193, 727]], [[193, 726]], [[193, 725]], [[193, 724]], [[192, 724]], [[191, 723]], [[190, 723]], [[189, 722]], [[188, 722]], [[187, 721]], [[186, 720]], [[185, 719]], [[185, 718]], [[184, 717]], [[184, 716]], [[183, 715]], [[182, 715]], [[181, 715]], [[180, 715]], [[179, 715]], [[178, 714]], [[179, 713]], [[180, 712]], [[180, 711]], [[180, 710]], [[180, 709]], [[180, 708]], [[180, 707]], [[181, 706]], [[180, 705]], [[180, 704]], [[180, 703]], [[179, 702]], [[179, 701]], [[180, 700]], [[181, 700]], [[181, 699]], [[181, 698]], [[180, 698]], [[179, 698]], [[178, 698]], [[177, 697]], [[176, 698]], [[175, 697]], [[174, 697]]]","[[], [[[161, 708], [160, 709], [159, 710], [158, 710], [157, 711], [158, 711], [159, 710], [160, 711], [160, 712], [161, 713], [161, 714], [161, 715], [160, 716], [159, 716], [158, 717], [158, 718], [158, 719], [158, 720], [159, 720], [160, 719], [161, 719], [162, 719], [163, 718], [164, 718], [165, 717], [166, 716], [167, 716], [168, 716], [169, 716], [170, 715], [171, 714], [170, 714], [169, 713], [168, 713], [167, 713], [166, 712], [166, 711], [166, 710], [165, 709], [164, 708], [163, 708], [162, 708]]], [[[131, 708], [131, 709], [131, 710], [130, 711], [129, 712], [129, 713], [129, 714], [128, 715], [127, 714], [126, 714], [125, 714], [125, 715], [125, 716], [125, 717], [124, 718], [123, 717], [123, 716], [123, 717], [123, 718], [123, 719], [124, 720], [125, 720], [126, 720], [126, 719], [127, 718], [128, 717], [129, 716], [130, 716], [131, 715], [132, 715], [133, 716], [134, 717], [135, 718], [136, 718], [137, 719], [137, 720], [137, 721], [138, 722], [139, 722], [140, 722], [141, 722], [142, 722], [143, 722], [143, 721], [143, 720], [143, 719], [143, 720], [142, 721], [141, 722], [140, 722], [139, 721], [138, 720], [137, 719], [138, 718], [138, 717], [138, 716], [137, 715], [136, 716], [135, 716], [134, 715], [134, 714], [135, 713], [134, 712], [134, 711], [133, 710], [132, 709], [132, 708]]], [[[185, 693], [185, 694], [184, 695], [184, 696], [184, 697], [184, 698], [184, 699], [184, 700], [184, 701], [184, 702], [183, 703], [182, 703], [181, 703], [181, 704], [181, 705], [182, 706], [182, 707], [181, 708], [181, 709], [181, 710], [181, 711], [181, 712], [181, 713], [180, 714], [179, 714], [180, 714], [181, 714], [182, 714], [183, 714], [184, 715], [185, 716], [185, 717], [186, 718], [186, 719], [187, 720], [188, 721], [189, 721], [190, 722], [191, 722], [192, 723], [193, 723], [194, 724], [194, 725], [194, 726], [194, 727], [195, 728], [195, 727], [195, 726], [195, 725], [194, 724], [194, 723], [193, 722], [193, 721], [193, 720], [193, 719], [193, 718], [192, 717], [191, 717], [190, 717], [189, 716], [188, 715], [187, 714], [186, 714], [185, 713], [184, 714], [183, 714], [182, 713], [182, 712], [182, 711], [182, 710], [183, 709], [183, 708], [183, 707], [183, 706], [183, 705], [184, 704], [184, 703], [184, 702], [184, 701], [184, 700], [184, 699], [185, 698], [185, 697], [186, 696], [187, 695], [188, 694], [187, 694], [186, 693]]]]","[[], 106, 107, 108]"
71,71,"[[[6, 687]], [[5, 688]], [[4, 689]], [[3, 690]], [[3, 691]], [[3, 692]], [[2, 693]], [[2, 694]], [[2, 695]], [[2, 696]], [[2, 697]], [[2, 698]], [[1, 699]], [[2, 700]], [[2, 701]], [[2, 702]], [[2, 703]], [[3, 704]], [[3, 705]], [[3, 706]], [[4, 707]], [[4, 708]], [[5, 707]], [[6, 708]], [[7, 709]], [[8, 710]], [[9, 710]], [[10, 711]], [[10, 712]], [[11, 713]], [[12, 713]], [[13, 713]], [[14, 713]], [[15, 713]], [[16, 714]], [[16, 715]], [[17, 715]], [[18, 716]], [[19, 716]], [[20, 717]], [[20, 718]], [[21, 719]], [[22, 719]], [[23, 720]], [[24, 721]], [[25, 721]], [[26, 722]], [[27, 722]], [[28, 723]], [[29, 723]], [[30, 724]], [[31, 725]], [[32, 725]], [[33, 726]], [[34, 726]], [[35, 725]], [[36, 724]], [[37, 723]], [[38, 723]], [[39, 722]], [[39, 721]], [[40, 720]], [[41, 719]], [[42, 718]], [[43, 717]], [[43, 716]], [[43, 715]], [[43, 714]], [[43, 713]], [[43, 712]], [[43, 711]], [[42, 710]], [[42, 709]], [[42, 708]], [[41, 707]], [[40, 706]], [[39, 705]], [[38, 705]], [[37, 704]], [[36, 704]], [[35, 703]], [[34, 702]], [[33, 701]], [[32, 700]], [[32, 699]], [[31, 699]], [[30, 699]], [[29, 698]], [[28, 698]], [[27, 698]], [[26, 697]], [[25, 697]], [[24, 696]], [[23, 695]], [[22, 694]], [[21, 694]], [[20, 693]], [[19, 692]], [[18, 692]], [[17, 692]], [[16, 691]], [[15, 690]], [[14, 689]], [[13, 689]], [[12, 688]], [[11, 687]], [[10, 687]], [[9, 687]], [[8, 687]], [[7, 687]]]",[[]],[]
72,72,"[[[534, 682]], [[533, 683]], [[532, 683]], [[531, 683]], [[530, 684]], [[529, 685]], [[528, 686]], [[527, 686]], [[526, 687]], [[525, 688]], [[524, 689]], [[523, 690]], [[522, 690]], [[521, 691]], [[520, 692]], [[520, 693]], [[519, 694]], [[519, 695]], [[518, 696]], [[518, 697]], [[518, 698]], [[519, 698]], [[520, 698]], [[521, 699]], [[522, 699]], [[523, 699]], [[524, 700]], [[525, 700]], [[526, 700]], [[527, 699]], [[528, 699]], [[529, 698]], [[530, 697]], [[531, 696]], [[532, 696]], [[533, 696]], [[533, 695]], [[534, 694]], [[535, 694]], [[536, 693]], [[537, 692]], [[538, 691]], [[539, 690]], [[540, 689]], [[540, 688]], [[540, 687]], [[541, 686]], [[541, 685]], [[541, 684]], [[540, 683]], [[539, 683]], [[538, 682]], [[537, 682]], [[536, 682]], [[535, 682]]]","[[[[534, 680], [533, 681], [533, 682], [534, 681], [535, 681], [536, 681], [537, 681], [538, 681], [539, 681], [540, 682], [541, 682], [542, 683], [542, 684], [543, 685], [544, 684], [543, 683], [542, 682], [543, 681], [542, 681], [541, 681], [540, 681], [539, 680], [538, 680], [537, 680], [536, 681], [535, 680]]], []]","[109, []]"
73,73,"[[[630, 681]], [[630, 682]], [[629, 683]], [[628, 683]], [[627, 684]], [[626, 685]], [[625, 686]], [[624, 686]], [[623, 687]], [[623, 688]], [[622, 689]], [[621, 689]], [[620, 690]], [[620, 691]], [[619, 692]], [[618, 693]], [[618, 694]], [[618, 695]], [[617, 696]], [[616, 697]], [[615, 697]], [[615, 698]], [[615, 699]], [[614, 700]], [[614, 701]], [[614, 702]], [[613, 703]], [[612, 704]], [[611, 704]], [[611, 705]], [[610, 706]], [[609, 707]], [[608, 708]], [[607, 709]], [[607, 710]], [[607, 711]], [[607, 712]], [[606, 713]], [[605, 714]], [[605, 715]], [[604, 716]], [[604, 717]], [[605, 718]], [[606, 719]], [[606, 720]], [[607, 720]], [[608, 721]], [[609, 721]], [[610, 722]], [[611, 723]], [[612, 724]], [[612, 725]], [[613, 726]], [[613, 727]], [[614, 728]], [[614, 729]], [[615, 730]], [[615, 731]], [[616, 732]], [[616, 733]], [[617, 734]], [[618, 735]], [[619, 736]], [[620, 736]], [[621, 737]], [[622, 737]], [[623, 737]], [[624, 737]], [[625, 736]], [[626, 735]], [[627, 734]], [[628, 734]], [[629, 734]], [[628, 734]], [[627, 733]], [[627, 732]], [[628, 731]], [[629, 731]], [[630, 731]], [[630, 730]], [[631, 729]], [[632, 730]], [[633, 729]], [[634, 729]], [[635, 728]], [[636, 727]], [[637, 726]], [[638, 725]], [[639, 725]], [[640, 725]], [[641, 725]], [[642, 725]], [[643, 724]], [[644, 724]], [[643, 723]], [[643, 722]], [[644, 721]], [[645, 721]], [[646, 720]], [[647, 720]], [[648, 720]], [[649, 720]], [[650, 719]], [[651, 719]], [[652, 718]], [[653, 717]], [[654, 716]], [[655, 716]], [[656, 715]], [[657, 714]], [[657, 713]], [[658, 712]], [[658, 711]], [[659, 710]], [[659, 709]], [[660, 708]], [[661, 708]], [[661, 707]], [[662, 706]], [[662, 705]], [[661, 704]], [[660, 703]], [[659, 703]], [[658, 703]], [[657, 703]], [[656, 703]], [[655, 703]], [[654, 702]], [[655, 701]], [[656, 700]], [[655, 700]], [[654, 699]], [[653, 699]], [[652, 698]], [[652, 697]], [[652, 696]], [[653, 695]], [[654, 695]], [[653, 694]], [[652, 694]], [[651, 694]], [[650, 695]], [[649, 695]], [[648, 694]], [[647, 693]], [[646, 692]], [[645, 691]], [[645, 690]], [[644, 689]], [[643, 688]], [[642, 687]], [[642, 686]], [[641, 685]], [[640, 684]], [[639, 683]], [[638, 682]], [[637, 682]], [[636, 681]], [[635, 681]], [[634, 681]], [[633, 681]], [[632, 681]], [[631, 681]]]","[[[[632, 674], [631, 675], [630, 676], [629, 677], [628, 678], [627, 679], [626, 679], [625, 680], [624, 681], [623, 682], [622, 683], [621, 684], [621, 685], [620, 686], [619, 687], [618, 688], [617, 689], [616, 690], [615, 691], [614, 692], [613, 692], [612, 692], [612, 693], [613, 693], [614, 693], [615, 693], [616, 693], [617, 693], [618, 692], [619, 691], [619, 690], [620, 689], [621, 688], [622, 688], [622, 687], [623, 686], [624, 685], [625, 685], [626, 684], [627, 683], [628, 682], [629, 682], [629, 681], [630, 680], [631, 680], [632, 680], [633, 680], [634, 680], [635, 680], [636, 680], [637, 681], [638, 681], [639, 682], [640, 683], [641, 684], [642, 685], [643, 686], [643, 687], [644, 688], [645, 689], [646, 690], [646, 691], [647, 692], [648, 693], [649, 694], [650, 694], [651, 693], [652, 693], [653, 693], [654, 693], [655, 693], [656, 694], [657, 695], [657, 694], [657, 693], [657, 692], [656, 692], [655, 692], [654, 692], [653, 691], [652, 690], [652, 689], [653, 688], [654, 688], [655, 688], [656, 688], [657, 688], [658, 687], [658, 686], [659, 685], [658, 685], [657, 686], [656, 687], [655, 687], [654, 688], [653, 688], [652, 689], [651, 689], [650, 690], [649, 690], [648, 690], [647, 689], [646, 688], [645, 687], [645, 686], [644, 685], [643, 684], [642, 684], [641, 683], [640, 683], [639, 682], [639, 681], [638, 680], [637, 680], [636, 679], [635, 679], [634, 678], [633, 677], [633, 676], [632, 675], [633, 674]]], []]","[110, []]"
74,74,"[[[731, 675]], [[730, 676]], [[729, 677]], [[728, 678]], [[727, 679]], [[726, 679]], [[725, 680]], [[725, 681]], [[725, 682]], [[724, 683]], [[724, 684]], [[723, 685]], [[723, 686]], [[722, 687]], [[722, 688]], [[721, 689]], [[720, 690]], [[720, 691]], [[720, 692]], [[720, 693]], [[720, 694]], [[721, 695]], [[722, 696]], [[721, 697]], [[720, 698]], [[719, 697]], [[718, 696]], [[717, 695]], [[716, 694]], [[715, 694]], [[714, 695]], [[713, 694]], [[713, 695]], [[713, 696]], [[714, 697]], [[714, 698]], [[714, 699]], [[714, 700]], [[713, 701]], [[713, 702]], [[714, 703]], [[714, 704]], [[715, 705]], [[715, 706]], [[716, 706]], [[717, 707]], [[717, 708]], [[718, 709]], [[719, 710]], [[719, 711]], [[720, 712]], [[720, 713]], [[721, 714]], [[721, 715]], [[721, 716]], [[721, 717]], [[721, 718]], [[722, 719]], [[723, 720]], [[724, 721]], [[725, 722]], [[726, 723]], [[727, 724]], [[728, 724]], [[729, 724]], [[730, 724]], [[731, 724]], [[732, 723]], [[733, 722]], [[734, 722]], [[735, 723]], [[736, 723]], [[737, 724]], [[737, 725]], [[737, 726]], [[737, 727]], [[738, 728]], [[738, 729]], [[739, 729]], [[740, 729]], [[741, 729]], [[742, 730]], [[743, 730]], [[744, 730]], [[745, 730]], [[746, 730]], [[747, 730]], [[748, 731]], [[749, 732]], [[750, 733]], [[751, 734]], [[752, 735]], [[753, 735]], [[754, 736]], [[755, 736]], [[756, 736]], [[757, 736]], [[758, 736]], [[759, 736]], [[760, 736]], [[761, 736]], [[762, 736]], [[763, 735]], [[764, 735]], [[765, 735]], [[766, 735]], [[767, 735]], [[768, 735]], [[769, 735]], [[770, 735]], [[771, 735]], [[772, 735]], [[773, 735]], [[774, 735]], [[775, 734]], [[776, 734]], [[777, 734]], [[778, 734]], [[779, 733]], [[780, 733]], [[781, 732]], [[782, 732]], [[783, 732]], [[784, 731]], [[785, 731]], [[786, 731]], [[787, 732]], [[788, 731]], [[789, 731]], [[789, 730]], [[789, 729]], [[789, 728]], [[790, 727]], [[790, 726]], [[790, 725]], [[790, 724]], [[789, 723]], [[788, 723]], [[787, 722]], [[786, 722]], [[785, 721]], [[784, 721]], [[783, 720]], [[782, 719]], [[782, 718]], [[782, 717]], [[781, 717]], [[780, 717]], [[779, 716]], [[778, 715]], [[777, 714]], [[777, 713]], [[776, 712]], [[775, 711]], [[774, 710]], [[773, 709]], [[773, 708]], [[772, 707]], [[771, 707]], [[770, 706]], [[769, 706]], [[768, 705]], [[767, 705]], [[766, 704]], [[765, 704]], [[764, 705]], [[763, 706]], [[763, 707]], [[762, 708]], [[762, 709]], [[762, 710]], [[762, 711]], [[761, 712]], [[760, 713]], [[759, 713]], [[758, 713]], [[757, 714]], [[756, 715]], [[756, 716]], [[755, 717]], [[754, 718]], [[753, 718]], [[752, 718]], [[751, 718]], [[750, 718]], [[749, 718]], [[748, 719]], [[747, 719]], [[746, 719]], [[745, 719]], [[744, 719]], [[743, 718]], [[744, 717]], [[745, 716]], [[746, 716]], [[747, 716]], [[748, 715]], [[749, 715]], [[750, 715]], [[751, 714]], [[752, 714]], [[752, 713]], [[752, 712]], [[752, 711]], [[753, 710]], [[752, 709]], [[752, 708]], [[751, 707]], [[751, 706]], [[751, 705]], [[750, 704]], [[750, 703]], [[749, 702]], [[748, 701]], [[748, 700]], [[748, 699]], [[748, 698]], [[747, 698]], [[746, 698]], [[745, 698]], [[744, 698]], [[743, 698]], [[742, 698]], [[741, 698]], [[740, 698]], [[739, 698]], [[738, 698]], [[737, 697]], [[737, 696]], [[736, 696]], [[735, 696]], [[734, 697]], [[733, 698]], [[733, 699]], [[732, 700]], [[731, 701]], [[730, 701]], [[729, 701]], [[728, 702]], [[727, 701]], [[726, 700]], [[727, 699]], [[728, 698]], [[729, 698]], [[729, 697]], [[729, 696]], [[730, 695]], [[730, 694]], [[731, 693]], [[731, 692]], [[731, 691]], [[731, 690]], [[731, 689]], [[731, 688]], [[731, 687]], [[731, 686]], [[731, 685]], [[730, 684]], [[730, 683]], [[729, 682]], [[729, 681]], [[729, 680]], [[729, 679]], [[730, 678]], [[731, 677]], [[731, 676]]]","[[], [[[710, 695], [709, 696], [708, 697], [707, 697], [706, 698], [706, 699], [707, 700], [708, 701], [709, 701], [710, 701], [711, 702], [711, 703], [710, 704], [709, 704], [709, 705], [709, 706], [710, 707], [711, 708], [711, 709], [710, 710], [711, 711], [711, 712], [711, 713], [712, 714], [712, 715], [713, 714], [714, 714], [715, 715], [716, 715], [717, 716], [718, 717], [717, 718], [717, 719], [718, 719], [719, 720], [719, 721], [718, 722], [717, 722], [716, 722], [715, 722], [716, 722], [717, 723], [718, 722], [719, 722], [719, 721], [720, 720], [720, 719], [720, 718], [720, 717], [720, 716], [720, 715], [720, 714], [719, 713], [719, 712], [718, 711], [718, 710], [717, 709], [716, 708], [716, 707], [715, 707], [714, 706], [714, 705], [713, 704], [713, 703], [712, 702], [712, 701], [712, 700], [711, 699], [711, 698], [711, 697], [712, 696], [712, 695], [711, 695]]], [[[785, 732], [784, 733], [783, 733], [782, 733], [781, 733], [780, 734], [779, 734], [778, 735], [777, 735], [776, 735], [775, 736], [774, 736], [773, 737], [772, 737], [773, 738], [774, 738], [775, 738], [776, 738], [777, 738], [778, 738], [779, 738], [780, 738], [781, 737], [781, 736], [782, 735], [783, 735], [784, 735], [785, 735], [786, 735], [786, 734], [786, 733], [786, 732]]], [[[785, 732], [784, 733], [783, 733], [782, 733], [781, 733], [780, 734], [779, 734], [778, 735], [777, 735], [776, 735], [775, 736], [774, 736], [773, 737], [772, 737], [773, 738], [774, 738], [775, 738], [776, 738], [777, 738], [778, 738], [779, 738], [780, 738], [781, 737], [781, 736], [782, 735], [783, 735], [784, 735], [785, 735], [786, 735], [786, 734], [786, 733], [786, 732]], [[787, 713], [786, 714], [785, 715], [784, 716], [784, 717], [784, 718], [784, 719], [785, 719], [786, 720], [787, 720], [788, 721], [789, 722], [790, 723], [791, 724], [791, 725], [791, 726], [791, 727], [790, 728], [790, 729], [790, 730], [790, 731], [791, 731], [792, 732], [793, 732], [793, 731], [793, 730], [794, 729], [795, 728], [795, 727], [796, 726], [797, 726], [798, 727], [798, 726], [798, 725], [797, 725], [796, 725], [795, 726], [794, 726], [793, 726], [792, 725], [792, 724], [791, 723], [790, 722], [790, 721], [791, 720], [792, 719], [793, 718], [792, 717], [791, 716], [790, 715], [790, 714], [789, 713], [788, 713]]], [[[787, 713], [786, 714], [785, 715], [784, 716], [784, 717], [784, 718], [784, 719], [785, 719], [786, 720], [787, 720], [788, 721], [789, 722], [790, 723], [791, 724], [791, 725], [791, 726], [791, 727], [790, 728], [790, 729], [790, 730], [790, 731], [791, 731], [792, 732], [793, 732], [793, 731], [793, 730], [794, 729], [795, 728], [795, 727], [796, 726], [797, 726], [798, 727], [798, 726], [798, 725], [797, 725], [796, 725], [795, 726], [794, 726], [793, 726], [792, 725], [792, 724], [791, 723], [790, 722], [790, 721], [791, 720], [792, 719], [793, 718], [792, 717], [791, 716], [790, 715], [790, 714], [789, 713], [788, 713]]], [[[778, 687], [778, 688], [778, 689], [778, 690], [778, 691], [777, 692], [776, 692], [775, 693], [775, 694], [775, 695], [774, 696], [773, 696], [774, 697], [775, 698], [774, 699], [773, 700], [773, 701], [773, 702], [774, 703], [773, 704], [773, 705], [772, 706], [773, 707], [774, 708], [775, 708], [776, 708], [777, 708], [777, 707], [776, 706], [775, 705], [775, 704], [776, 703], [776, 702], [776, 701], [776, 700], [776, 699], [776, 698], [775, 697], [775, 696], [776, 695], [777, 694], [778, 695], [779, 695], [780, 695], [780, 694], [780, 693], [781, 692], [780, 691], [780, 690], [780, 689], [780, 688], [780, 687], [779, 687]]]]","[[], 111, 112, 113, 114, 115]"
75,75,"[[[335, 675]], [[334, 676]], [[333, 676]], [[332, 676]], [[331, 676]], [[330, 676]], [[329, 677]], [[328, 677]], [[328, 678]], [[327, 679]], [[327, 680]], [[326, 681]], [[326, 682]], [[326, 683]], [[325, 684]], [[325, 685]], [[325, 686]], [[324, 687]], [[323, 688]], [[322, 689]], [[321, 690]], [[321, 691]], [[321, 692]], [[321, 693]], [[321, 694]], [[322, 695]], [[322, 696]], [[322, 697]], [[323, 698]], [[324, 699]], [[325, 699]], [[326, 700]], [[327, 700]], [[328, 701]], [[329, 701]], [[330, 701]], [[331, 701]], [[332, 701]], [[333, 701]], [[334, 700]], [[335, 700]], [[336, 700]], [[337, 700]], [[338, 701]], [[339, 701]], [[340, 702]], [[341, 702]], [[342, 703]], [[343, 703]], [[344, 703]], [[345, 704]], [[346, 704]], [[347, 704]], [[348, 704]], [[349, 705]], [[350, 705]], [[351, 705]], [[352, 706]], [[353, 706]], [[354, 706]], [[355, 706]], [[356, 706]], [[357, 706]], [[358, 706]], [[359, 706]], [[360, 706]], [[361, 705]], [[362, 705]], [[362, 704]], [[363, 703]], [[363, 702]], [[364, 701]], [[364, 700]], [[365, 699]], [[364, 698]], [[364, 697]], [[364, 696]], [[365, 695]], [[365, 694]], [[365, 693]], [[365, 692]], [[365, 691]], [[364, 691]], [[363, 690]], [[362, 689]], [[361, 688]], [[361, 687]], [[360, 686]], [[359, 685]], [[358, 684]], [[358, 683]], [[357, 683]], [[356, 682]], [[355, 681]], [[354, 680]], [[353, 679]], [[352, 679]], [[351, 678]], [[350, 678]], [[349, 677]], [[348, 677]], [[347, 677]], [[346, 677]], [[345, 676]], [[344, 676]], [[343, 676]], [[342, 676]], [[341, 676]], [[340, 676]], [[339, 676]], [[338, 676]], [[337, 676]], [[336, 676]]]","[[], [[[335, 701], [335, 702], [336, 702], [337, 703], [337, 704], [338, 705], [339, 705], [340, 705], [340, 704], [341, 703], [342, 704], [342, 705], [343, 705], [344, 705], [345, 705], [346, 706], [347, 706], [348, 706], [349, 707], [350, 707], [351, 707], [352, 708], [353, 708], [354, 708], [355, 708], [356, 708], [357, 709], [358, 709], [359, 710], [360, 710], [360, 709], [360, 708], [359, 707], [358, 707], [357, 707], [356, 707], [355, 708], [354, 708], [353, 707], [352, 707], [351, 706], [350, 706], [349, 706], [348, 705], [347, 705], [346, 705], [345, 705], [344, 704], [343, 704], [342, 704], [341, 703], [340, 703], [339, 702], [338, 702], [337, 701], [336, 701]]]]","[[], 116]"
76,76,"[[[51, 674]], [[50, 675]], [[49, 675]], [[48, 676]], [[47, 676]], [[46, 676]], [[45, 677]], [[44, 678]], [[43, 678]], [[42, 679]], [[41, 680]], [[41, 681]], [[40, 682]], [[40, 683]], [[41, 684]], [[41, 685]], [[41, 686]], [[41, 687]], [[42, 688]], [[43, 689]], [[43, 690]], [[44, 691]], [[44, 692]], [[45, 693]], [[46, 693]], [[47, 694]], [[48, 695]], [[49, 696]], [[49, 697]], [[49, 698]], [[50, 699]], [[49, 700]], [[49, 701]], [[49, 702]], [[50, 703]], [[50, 704]], [[51, 705]], [[51, 706]], [[52, 706]], [[53, 707]], [[54, 708]], [[55, 708]], [[56, 708]], [[57, 709]], [[58, 709]], [[59, 709]], [[60, 709]], [[61, 709]], [[62, 709]], [[63, 708]], [[64, 708]], [[65, 708]], [[66, 708]], [[67, 707]], [[67, 706]], [[68, 705]], [[68, 704]], [[68, 703]], [[68, 702]], [[68, 701]], [[68, 700]], [[68, 699]], [[68, 698]], [[68, 697]], [[68, 696]], [[67, 695]], [[67, 694]], [[67, 693]], [[66, 693]], [[65, 692]], [[64, 692]], [[63, 692]], [[62, 691]], [[61, 691]], [[61, 692]], [[61, 693]], [[60, 694]], [[59, 695]], [[58, 695]], [[57, 694]], [[57, 693]], [[58, 692]], [[57, 692]], [[56, 693]], [[55, 694]], [[54, 694]], [[53, 693]], [[53, 692]], [[54, 691]], [[55, 690]], [[56, 690]], [[57, 690]], [[58, 689]], [[59, 688]], [[60, 687]], [[60, 686]], [[60, 685]], [[60, 684]], [[60, 683]], [[60, 682]], [[61, 681]], [[61, 680]], [[61, 679]], [[60, 678]], [[60, 677]], [[59, 676]], [[59, 675]], [[58, 675]], [[57, 675]], [[56, 675]], [[55, 674]], [[54, 674]], [[53, 675]], [[52, 675]]]","[[], [[[35, 680], [35, 681], [35, 682], [36, 682], [37, 683], [38, 684], [38, 685], [39, 686], [40, 687], [40, 688], [40, 689], [40, 690], [40, 691], [41, 692], [41, 693], [41, 694], [41, 695], [42, 696], [43, 696], [44, 695], [43, 694], [43, 693], [43, 692], [43, 691], [42, 690], [42, 689], [41, 688], [40, 687], [40, 686], [40, 685], [40, 684], [39, 683], [38, 682], [37, 681], [36, 681]]], [[[61, 685], [61, 686], [61, 687], [60, 688], [59, 689], [58, 690], [57, 691], [56, 691], [55, 691], [54, 692], [54, 693], [55, 693], [56, 692], [57, 691], [58, 691], [59, 691], [60, 691], [61, 690], [62, 690], [62, 689], [61, 688], [62, 687], [63, 687], [64, 687], [65, 688], [65, 689], [66, 690], [67, 689], [66, 688], [65, 687], [64, 687], [63, 686], [62, 685]]]]","[[], 117, 118]"
77,77,"[[[573, 667]], [[572, 668]], [[571, 668]], [[571, 669]], [[570, 670]], [[569, 670]], [[568, 670]], [[567, 669]], [[566, 669]], [[565, 669]], [[564, 669]], [[563, 669]], [[562, 669]], [[561, 670]], [[560, 670]], [[559, 670]], [[558, 670]], [[557, 670]], [[556, 671]], [[556, 672]], [[556, 673]], [[555, 674]], [[555, 675]], [[555, 676]], [[555, 677]], [[554, 678]], [[554, 679]], [[554, 680]], [[554, 681]], [[553, 682]], [[553, 683]], [[553, 684]], [[553, 685]], [[554, 686]], [[554, 687]], [[554, 688]], [[553, 689]], [[552, 689]], [[551, 689]], [[550, 689]], [[549, 690]], [[548, 690]], [[547, 690]], [[546, 690]], [[545, 691]], [[544, 691]], [[543, 691]], [[542, 692]], [[541, 693]], [[540, 694]], [[539, 695]], [[538, 695]], [[538, 696]], [[537, 697]], [[537, 698]], [[536, 699]], [[536, 700]], [[535, 701]], [[534, 701]], [[535, 702]], [[534, 703]], [[533, 704]], [[533, 705]], [[532, 706]], [[533, 707]], [[533, 708]], [[533, 709]], [[533, 710]], [[534, 710]], [[535, 711]], [[535, 712]], [[534, 713]], [[533, 713]], [[533, 714]], [[533, 715]], [[533, 716]], [[533, 717]], [[533, 718]], [[533, 719]], [[534, 720]], [[534, 721]], [[534, 722]], [[535, 723]], [[535, 724]], [[535, 725]], [[536, 726]], [[537, 727]], [[538, 728]], [[539, 728]], [[540, 729]], [[540, 730]], [[541, 731]], [[542, 731]], [[543, 732]], [[544, 733]], [[543, 734]], [[542, 734]], [[541, 734]], [[540, 734]], [[539, 735]], [[538, 736]], [[537, 736]], [[537, 737]], [[536, 738]], [[535, 739]], [[534, 738]], [[533, 738]], [[532, 738]], [[531, 737]], [[530, 737]], [[529, 737]], [[528, 738]], [[527, 738]], [[526, 739]], [[525, 740]], [[524, 741]], [[524, 742]], [[524, 743]], [[523, 744]], [[523, 745]], [[523, 746]], [[524, 747]], [[524, 748]], [[524, 749]], [[525, 750]], [[525, 751]], [[525, 752]], [[526, 752]], [[527, 752]], [[528, 753]], [[529, 753]], [[530, 753]], [[531, 753]], [[532, 754]], [[531, 755]], [[530, 756]], [[531, 757]], [[530, 758]], [[530, 759]], [[530, 760]], [[530, 761]], [[530, 762]], [[531, 763]], [[531, 764]], [[532, 764]], [[533, 764]], [[534, 765]], [[535, 766]], [[535, 767]], [[534, 768]], [[534, 769]], [[535, 768]], [[536, 769]], [[537, 770]], [[538, 770]], [[539, 770]], [[540, 770]], [[541, 771]], [[542, 772]], [[543, 772]], [[544, 772]], [[545, 772]], [[546, 773]], [[547, 773]], [[548, 773]], [[549, 773]], [[550, 773]], [[551, 773]], [[552, 773]], [[553, 773]], [[554, 773]], [[555, 773]], [[556, 773]], [[557, 773]], [[558, 772]], [[559, 772]], [[560, 771]], [[561, 770]], [[562, 770]], [[563, 770]], [[564, 770]], [[565, 769]], [[566, 769]], [[567, 769]], [[568, 768]], [[569, 768]], [[570, 767]], [[571, 767]], [[572, 766]], [[572, 765]], [[572, 764]], [[573, 763]], [[574, 762]], [[574, 761]], [[575, 760]], [[575, 759]], [[576, 758]], [[576, 757]], [[577, 756]], [[578, 755]], [[578, 754]], [[578, 753]], [[578, 752]], [[577, 751]], [[577, 750]], [[577, 749]], [[576, 748]], [[575, 747]], [[574, 746]], [[573, 745]], [[572, 744]], [[571, 744]], [[570, 744]], [[569, 744]], [[568, 744]], [[567, 744]], [[566, 744]], [[565, 745]], [[564, 745]], [[563, 745]], [[562, 744]], [[561, 744]], [[560, 744]], [[559, 745]], [[558, 744]], [[558, 745]], [[557, 746]], [[556, 746]], [[555, 746]], [[554, 746]], [[553, 746]], [[552, 746]], [[551, 746]], [[551, 747]], [[550, 748]], [[549, 748]], [[548, 749]], [[547, 749]], [[546, 749]], [[545, 748]], [[545, 747]], [[545, 746]], [[546, 745]], [[546, 744]], [[547, 743]], [[548, 743]], [[548, 742]], [[548, 741]], [[549, 740]], [[549, 739]], [[549, 738]], [[548, 737]], [[549, 736]], [[550, 736]], [[551, 736]], [[552, 737]], [[553, 737]], [[554, 737]], [[555, 736]], [[556, 736]], [[557, 735]], [[558, 735]], [[559, 735]], [[560, 736]], [[561, 735]], [[562, 734]], [[563, 734]], [[564, 734]], [[564, 733]], [[565, 732]], [[566, 731]], [[567, 730]], [[568, 730]], [[569, 730]], [[569, 729]], [[569, 728]], [[570, 727]], [[571, 726]], [[572, 725]], [[573, 726]], [[574, 725]], [[575, 725]], [[576, 724]], [[577, 724]], [[578, 723]], [[579, 723]], [[580, 722]], [[581, 722]], [[582, 721]], [[583, 721]], [[584, 720]], [[584, 719]], [[585, 718]], [[586, 717]], [[586, 716]], [[586, 715]], [[587, 714]], [[587, 713]], [[587, 712]], [[587, 711]], [[587, 710]], [[586, 709]], [[586, 708]], [[586, 707]], [[586, 706]], [[586, 705]], [[586, 704]], [[585, 703]], [[585, 702]], [[584, 701]], [[584, 700]], [[583, 699]], [[582, 699]], [[581, 698]], [[580, 697]], [[579, 696]], [[579, 695]], [[578, 694]], [[578, 693]], [[578, 692]], [[578, 691]], [[578, 690]], [[578, 689]], [[578, 688]], [[578, 687]], [[578, 686]], [[577, 685]], [[577, 684]], [[576, 683]], [[576, 682]], [[575, 681]], [[575, 680]], [[574, 680]], [[573, 679]], [[572, 679]], [[571, 678]], [[571, 677]], [[571, 676]], [[572, 675]], [[573, 674]], [[574, 673]], [[575, 674]], [[576, 674]], [[577, 673]], [[578, 673]], [[579, 674]], [[580, 674]], [[580, 673]], [[580, 672]], [[580, 671]], [[579, 670]], [[579, 669]], [[578, 669]], [[577, 669]], [[576, 669]], [[575, 668]], [[574, 667]]]","[[], [[[525, 759], [526, 760], [526, 761], [527, 762], [527, 763], [528, 764], [528, 765], [529, 766], [530, 767], [530, 768], [531, 769], [532, 770], [532, 771], [533, 770], [533, 769], [533, 768], [534, 767], [534, 766], [533, 765], [532, 765], [531, 765], [530, 764], [530, 763], [529, 762], [529, 761], [529, 760], [528, 761], [527, 760], [526, 759]]], [[[567, 740], [566, 741], [565, 742], [564, 743], [563, 743], [563, 744], [564, 744], [565, 744], [566, 743], [567, 743], [568, 743], [569, 743], [570, 743], [571, 743], [572, 743], [573, 744], [574, 745], [575, 746], [576, 747], [577, 748], [578, 749], [578, 750], [578, 751], [579, 752], [579, 753], [580, 752], [581, 751], [580, 750], [579, 749], [579, 748], [578, 747], [577, 746], [578, 745], [579, 745], [580, 745], [581, 745], [581, 744], [580, 743], [579, 743], [578, 743], [577, 744], [576, 745], [575, 744], [574, 743], [573, 743], [572, 742], [571, 742], [570, 742], [569, 741], [568, 740]]], [[[579, 693], [579, 694], [580, 695], [580, 696], [581, 697], [582, 698], [583, 698], [584, 698], [585, 699], [585, 700], [585, 701], [586, 702], [587, 702], [588, 702], [589, 702], [590, 703], [591, 704], [590, 703], [589, 702], [588, 701], [587, 701], [586, 700], [585, 699], [584, 698], [583, 697], [583, 696], [582, 695], [581, 694], [581, 693], [580, 693]]]]","[[], 99, 120, 121]"
78,78,"[[[207, 663]], [[206, 664]], [[205, 664]], [[204, 664]], [[203, 665]], [[203, 666]], [[202, 667]], [[203, 668]], [[203, 669]], [[202, 670]], [[201, 671]], [[201, 672]], [[202, 673]], [[202, 674]], [[203, 675]], [[204, 675]], [[205, 675]], [[206, 675]], [[207, 676]], [[207, 677]], [[208, 678]], [[208, 679]], [[209, 680]], [[210, 681]], [[210, 682]], [[210, 683]], [[210, 684]], [[210, 685]], [[209, 686]], [[208, 687]], [[207, 686]], [[207, 687]], [[207, 688]], [[207, 689]], [[206, 690]], [[205, 689]], [[204, 689]], [[203, 689]], [[202, 689]], [[201, 688]], [[200, 688]], [[199, 688]], [[198, 687]], [[197, 688]], [[196, 688]], [[195, 689]], [[194, 690]], [[193, 691]], [[192, 692]], [[191, 692]], [[190, 692]], [[189, 693]], [[189, 694]], [[188, 695]], [[187, 696]], [[186, 697]], [[186, 698]], [[185, 699]], [[185, 700]], [[185, 701]], [[185, 702]], [[185, 703]], [[185, 704]], [[184, 705]], [[184, 706]], [[184, 707]], [[184, 708]], [[184, 709]], [[183, 710]], [[183, 711]], [[183, 712]], [[184, 713]], [[185, 712]], [[186, 713]], [[187, 713]], [[188, 714]], [[189, 715]], [[190, 716]], [[191, 716]], [[192, 716]], [[193, 717]], [[194, 718]], [[194, 719]], [[194, 720]], [[194, 721]], [[195, 722]], [[196, 721]], [[197, 722]], [[198, 722]], [[199, 723]], [[199, 724]], [[199, 725]], [[199, 726]], [[200, 727]], [[201, 727]], [[202, 726]], [[203, 726]], [[204, 726]], [[205, 727]], [[206, 727]], [[207, 727]], [[208, 726]], [[209, 725]], [[210, 724]], [[210, 723]], [[210, 722]], [[211, 721]], [[211, 720]], [[212, 719]], [[213, 718]], [[213, 717]], [[214, 716]], [[213, 715]], [[213, 714]], [[214, 713]], [[215, 712]], [[215, 711]], [[215, 710]], [[215, 709]], [[216, 708]], [[217, 707]], [[217, 706]], [[217, 705]], [[216, 704]], [[217, 703]], [[218, 702]], [[218, 701]], [[219, 700]], [[220, 699]], [[221, 699]], [[222, 700]], [[223, 700]], [[224, 700]], [[225, 700]], [[226, 700]], [[227, 699]], [[228, 698]], [[228, 697]], [[229, 696]], [[229, 695]], [[230, 694]], [[230, 693]], [[231, 692]], [[231, 691]], [[231, 690]], [[231, 689]], [[230, 688]], [[229, 687]], [[228, 687]], [[227, 687]], [[226, 687]], [[225, 686]], [[224, 686]], [[223, 686]], [[222, 686]], [[221, 685]], [[220, 685]], [[219, 685]], [[218, 685]], [[217, 684]], [[216, 684]], [[215, 684]], [[214, 683]], [[213, 682]], [[213, 681]], [[214, 680]], [[215, 680]], [[216, 679]], [[217, 679]], [[218, 678]], [[219, 677]], [[219, 676]], [[220, 675]], [[221, 674]], [[221, 673]], [[222, 672]], [[222, 671]], [[222, 670]], [[221, 669]], [[220, 668]], [[219, 667]], [[218, 666]], [[217, 666]], [[216, 666]], [[215, 665]], [[214, 665]], [[213, 664]], [[212, 664]], [[211, 664]], [[210, 663]], [[209, 663]], [[208, 663]]]","[[], [[[196, 685], [195, 686], [194, 687], [194, 688], [193, 689], [192, 690], [192, 691], [193, 690], [194, 689], [195, 688], [196, 687], [197, 686], [198, 686], [199, 687], [200, 687], [201, 687], [202, 687], [203, 687], [204, 688], [205, 688], [206, 689], [206, 688], [206, 687], [205, 686], [204, 686], [203, 687], [202, 687], [201, 686], [200, 686], [199, 686], [198, 686], [197, 686]]], [[[185, 693], [185, 694], [184, 695], [184, 696], [184, 697], [184, 698], [184, 699], [184, 700], [184, 701], [184, 702], [183, 703], [182, 703], [181, 703], [181, 704], [181, 705], [182, 706], [182, 707], [181, 708], [181, 709], [181, 710], [181, 711], [181, 712], [181, 713], [180, 714], [179, 714], [180, 714], [181, 714], [182, 714], [183, 714], [184, 715], [185, 716], [185, 717], [186, 718], [186, 719], [187, 720], [188, 721], [189, 721], [190, 722], [191, 722], [192, 723], [193, 723], [194, 724], [194, 725], [194, 726], [194, 727], [195, 728], [195, 727], [195, 726], [195, 725], [194, 724], [194, 723], [193, 722], [193, 721], [193, 720], [193, 719], [193, 718], [192, 717], [191, 717], [190, 717], [189, 716], [188, 715], [187, 714], [186, 714], [185, 713], [184, 714], [183, 714], [182, 713], [182, 712], [182, 711], [182, 710], [183, 709], [183, 708], [183, 707], [183, 706], [183, 705], [184, 704], [184, 703], [184, 702], [184, 701], [184, 700], [184, 699], [185, 698], [185, 697], [186, 696], [187, 695], [188, 694], [187, 694], [186, 693]]]]","[[], 122, 108]"
79,79,"[[[741, 662]], [[740, 663]], [[739, 663]], [[739, 664]], [[739, 665]], [[738, 666]], [[738, 667]], [[738, 668]], [[738, 669]], [[738, 670]], [[738, 671]], [[738, 672]], [[738, 673]], [[738, 674]], [[738, 675]], [[738, 676]], [[738, 677]], [[738, 678]], [[739, 679]], [[739, 680]], [[740, 681]], [[740, 682]], [[741, 682]], [[742, 683]], [[743, 683]], [[744, 683]], [[745, 682]], [[745, 681]], [[744, 680]], [[744, 679]], [[744, 678]], [[744, 677]], [[744, 676]], [[744, 675]], [[743, 674]], [[743, 673]], [[744, 672]], [[744, 671]], [[743, 670]], [[743, 669]], [[743, 668]], [[743, 667]], [[743, 666]], [[742, 665]], [[742, 664]], [[742, 663]]]","[[[[725, 661], [725, 662], [725, 663], [725, 664], [725, 665], [726, 665], [727, 666], [728, 667], [729, 667], [730, 667], [731, 667], [732, 668], [733, 669], [734, 670], [735, 670], [736, 671], [736, 672], [736, 673], [736, 674], [737, 675], [737, 674], [737, 673], [737, 672], [737, 671], [737, 670], [737, 669], [737, 668], [737, 667], [737, 666], [737, 665], [736, 666], [736, 667], [735, 668], [734, 668], [733, 668], [732, 668], [731, 667], [731, 666], [730, 665], [729, 665], [728, 665], [727, 664], [727, 663], [727, 662], [727, 661], [726, 661]]], []]","[124, []]"
80,80,"[[[142, 649]], [[141, 650]], [[140, 650]], [[139, 650]], [[138, 650]], [[137, 650]], [[136, 650]], [[136, 651]], [[135, 652]], [[135, 653]], [[134, 654]], [[135, 655]], [[135, 656]], [[135, 657]], [[134, 658]], [[134, 659]], [[134, 660]], [[133, 661]], [[132, 662]], [[131, 663]], [[130, 664]], [[131, 665]], [[132, 666]], [[133, 667]], [[133, 668]], [[133, 669]], [[132, 670]], [[132, 671]], [[132, 672]], [[132, 673]], [[132, 674]], [[132, 675]], [[131, 676]], [[131, 677]], [[131, 678]], [[131, 679]], [[130, 680]], [[129, 680]], [[128, 680]], [[127, 679]], [[127, 678]], [[126, 677]], [[126, 676]], [[125, 676]], [[124, 675]], [[123, 675]], [[122, 674]], [[121, 674]], [[120, 674]], [[119, 674]], [[118, 673]], [[117, 673]], [[116, 673]], [[115, 673]], [[114, 674]], [[113, 674]], [[112, 675]], [[111, 676]], [[110, 676]], [[109, 677]], [[108, 678]], [[108, 679]], [[107, 680]], [[107, 681]], [[106, 682]], [[107, 683]], [[107, 684]], [[106, 685]], [[106, 686]], [[106, 687]], [[106, 688]], [[105, 689]], [[105, 690]], [[105, 691]], [[104, 692]], [[104, 693]], [[104, 694]], [[104, 695]], [[104, 696]], [[103, 697]], [[102, 697]], [[101, 697]], [[100, 697]], [[99, 697]], [[98, 697]], [[97, 697]], [[96, 697]], [[95, 697]], [[94, 696]], [[93, 696]], [[92, 696]], [[91, 696]], [[90, 697]], [[90, 698]], [[89, 699]], [[89, 700]], [[89, 701]], [[89, 702]], [[89, 703]], [[89, 704]], [[90, 705]], [[91, 705]], [[92, 706]], [[93, 706]], [[94, 706]], [[95, 707]], [[96, 707]], [[97, 707]], [[98, 708]], [[99, 708]], [[100, 708]], [[101, 708]], [[102, 708]], [[103, 708]], [[104, 707]], [[105, 707]], [[106, 708]], [[107, 708]], [[108, 708]], [[109, 708]], [[110, 709]], [[111, 709]], [[112, 709]], [[113, 709]], [[114, 709]], [[115, 709]], [[116, 709]], [[117, 710]], [[118, 710]], [[119, 711]], [[120, 711]], [[121, 711]], [[122, 712]], [[123, 712]], [[124, 712]], [[125, 712]], [[126, 712]], [[127, 712]], [[128, 711]], [[129, 711]], [[130, 710]], [[130, 709]], [[130, 708]], [[131, 707]], [[132, 706]], [[132, 705]], [[132, 704]], [[132, 703]], [[132, 702]], [[132, 701]], [[133, 700]], [[134, 699]], [[134, 698]], [[135, 697]], [[135, 696]], [[135, 695]], [[136, 694]], [[136, 693]], [[135, 692]], [[135, 691]], [[135, 690]], [[134, 689]], [[134, 688]], [[133, 687]], [[132, 686]], [[131, 685]], [[131, 684]], [[131, 683]], [[131, 682]], [[132, 681]], [[133, 681]], [[134, 681]], [[135, 681]], [[136, 681]], [[137, 681]], [[138, 681]], [[139, 681]], [[140, 681]], [[141, 680]], [[142, 680]], [[143, 679]], [[144, 678]], [[145, 678]], [[146, 678]], [[146, 677]], [[147, 676]], [[148, 676]], [[149, 675]], [[150, 675]], [[150, 674]], [[151, 673]], [[151, 672]], [[151, 671]], [[151, 670]], [[151, 669]], [[152, 668]], [[152, 667]], [[152, 666]], [[153, 665]], [[153, 664]], [[153, 663]], [[153, 662]], [[153, 661]], [[154, 660]], [[154, 659]], [[154, 658]], [[154, 657]], [[154, 656]], [[155, 655]], [[155, 654]], [[155, 653]], [[155, 652]], [[154, 652]], [[153, 652]], [[152, 651]], [[151, 651]], [[150, 651]], [[149, 651]], [[148, 650]], [[147, 650]], [[146, 650]], [[145, 650]], [[144, 649]], [[143, 649]]]","[[], [[[131, 708], [131, 709], [131, 710], [130, 711], [129, 712], [129, 713], [129, 714], [128, 715], [127, 714], [126, 714], [125, 714], [125, 715], [125, 716], [125, 717], [124, 718], [123, 717], [123, 716], [123, 717], [123, 718], [123, 719], [124, 720], [125, 720], [126, 720], [126, 719], [127, 718], [128, 717], [129, 716], [130, 716], [131, 715], [132, 715], [133, 716], [134, 717], [135, 718], [136, 718], [137, 719], [137, 720], [137, 721], [138, 722], [139, 722], [140, 722], [141, 722], [142, 722], [143, 722], [143, 721], [143, 720], [143, 719], [143, 720], [142, 721], [141, 722], [140, 722], [139, 721], [138, 720], [137, 719], [138, 718], [138, 717], [138, 716], [137, 715], [136, 716], [135, 716], [134, 715], [134, 714], [135, 713], [134, 712], [134, 711], [133, 710], [132, 709], [132, 708]]]]","[[], 107]"
81,81,"[[[694, 627]], [[693, 628]], [[692, 628]], [[691, 629]], [[690, 629]], [[689, 629]], [[688, 630]], [[688, 631]], [[688, 632]], [[687, 633]], [[687, 634]], [[686, 635]], [[686, 636]], [[686, 637]], [[686, 638]], [[686, 639]], [[685, 640]], [[686, 641]], [[686, 642]], [[686, 643]], [[687, 644]], [[688, 644]], [[689, 644]], [[690, 645]], [[689, 646]], [[688, 647]], [[687, 647]], [[686, 648]], [[685, 648]], [[685, 649]], [[684, 650]], [[683, 651]], [[682, 652]], [[681, 651]], [[680, 651]], [[679, 652]], [[678, 652]], [[677, 651]], [[677, 652]], [[676, 653]], [[675, 653]], [[674, 653]], [[673, 652]], [[672, 652]], [[671, 653]], [[670, 653]], [[670, 654]], [[669, 655]], [[668, 656]], [[669, 657]], [[669, 658]], [[669, 659]], [[669, 660]], [[669, 661]], [[669, 662]], [[670, 663]], [[670, 664]], [[670, 665]], [[671, 666]], [[671, 667]], [[672, 667]], [[673, 668]], [[673, 669]], [[674, 669]], [[675, 669]], [[676, 669]], [[677, 670]], [[678, 670]], [[679, 671]], [[680, 671]], [[681, 671]], [[682, 672]], [[683, 672]], [[684, 672]], [[685, 672]], [[686, 671]], [[687, 671]], [[688, 672]], [[689, 673]], [[690, 674]], [[691, 675]], [[692, 676]], [[693, 677]], [[694, 677]], [[695, 677]], [[696, 677]], [[697, 676]], [[698, 676]], [[699, 676]], [[700, 676]], [[701, 675]], [[702, 675]], [[703, 674]], [[704, 673]], [[704, 672]], [[705, 671]], [[705, 670]], [[705, 669]], [[705, 668]], [[705, 667]], [[705, 666]], [[704, 665]], [[704, 664]], [[704, 663]], [[704, 662]], [[704, 661]], [[703, 660]], [[704, 659]], [[705, 659]], [[706, 659]], [[707, 660]], [[707, 661]], [[707, 660]], [[707, 659]], [[707, 658]], [[706, 657]], [[706, 656]], [[707, 655]], [[708, 654]], [[708, 653]], [[709, 652]], [[709, 651]], [[709, 650]], [[710, 649]], [[711, 648]], [[712, 648]], [[713, 647]], [[714, 647]], [[715, 646]], [[716, 645]], [[717, 644]], [[717, 643]], [[717, 642]], [[718, 641]], [[718, 640]], [[718, 639]], [[718, 638]], [[718, 637]], [[718, 636]], [[718, 635]], [[718, 634]], [[718, 633]], [[717, 632]], [[716, 631]], [[715, 630]], [[714, 630]], [[713, 630]], [[712, 631]], [[711, 631]], [[710, 632]], [[709, 632]], [[708, 632]], [[707, 632]], [[706, 632]], [[705, 633]], [[704, 633]], [[703, 633]], [[702, 632]], [[701, 631]], [[701, 630]], [[700, 629]], [[699, 628]], [[698, 628]], [[697, 627]], [[696, 627]], [[695, 627]]]","[[], [[[686, 672], [685, 673], [684, 674], [684, 675], [684, 676], [685, 677], [685, 678], [685, 679], [686, 680], [687, 681], [688, 682], [689, 682], [690, 681], [691, 680], [692, 679], [693, 678], [692, 677], [691, 677], [691, 678], [691, 679], [690, 680], [689, 680], [688, 680], [687, 679], [686, 678], [686, 677], [686, 676], [686, 675], [686, 674], [687, 673], [688, 673], [687, 672]]]]","[[], 126]"
82,82,"[[[814, 617]], [[813, 618]], [[812, 618]], [[811, 619]], [[810, 620]], [[810, 621]], [[810, 622]], [[810, 623]], [[810, 624]], [[811, 625]], [[811, 626]], [[810, 627]], [[811, 628]], [[811, 629]], [[812, 629]], [[813, 629]], [[814, 629]], [[815, 629]], [[816, 629]], [[816, 628]], [[816, 627]], [[816, 626]], [[816, 625]], [[816, 624]], [[816, 623]], [[816, 622]], [[815, 621]], [[816, 620]], [[816, 619]], [[817, 618]], [[816, 617]], [[815, 617]]]",[[]],[]
83,83,"[[[268, 608]], [[267, 609]], [[266, 610]], [[265, 611]], [[264, 611]], [[263, 611]], [[262, 612]], [[261, 612]], [[260, 612]], [[259, 613]], [[258, 614]], [[257, 615]], [[256, 616]], [[255, 617]], [[255, 618]], [[254, 619]], [[253, 619]], [[252, 620]], [[251, 621]], [[250, 622]], [[249, 623]], [[249, 624]], [[249, 625]], [[249, 626]], [[249, 627]], [[249, 628]], [[250, 629]], [[250, 630]], [[250, 631]], [[250, 632]], [[251, 633]], [[251, 634]], [[251, 635]], [[252, 635]], [[253, 636]], [[254, 637]], [[254, 638]], [[253, 639]], [[253, 640]], [[253, 641]], [[253, 642]], [[253, 643]], [[253, 644]], [[253, 645]], [[254, 646]], [[254, 647]], [[254, 648]], [[253, 649]], [[252, 649]], [[251, 649]], [[250, 650]], [[249, 650]], [[248, 650]], [[247, 650]], [[246, 651]], [[245, 651]], [[244, 651]], [[243, 651]], [[242, 652]], [[242, 653]], [[241, 654]], [[240, 655]], [[241, 656]], [[241, 657]], [[241, 658]], [[241, 659]], [[241, 660]], [[242, 661]], [[242, 662]], [[242, 663]], [[243, 664]], [[244, 664]], [[245, 663]], [[246, 663]], [[247, 664]], [[248, 664]], [[249, 664]], [[250, 664]], [[251, 665]], [[252, 665]], [[253, 665]], [[254, 665]], [[255, 665]], [[256, 665]], [[257, 664]], [[258, 664]], [[259, 665]], [[260, 666]], [[259, 667]], [[258, 667]], [[257, 667]], [[256, 668]], [[256, 669]], [[255, 670]], [[254, 669]], [[253, 670]], [[252, 670]], [[253, 671]], [[252, 672]], [[252, 673]], [[252, 674]], [[251, 675]], [[250, 676]], [[249, 676]], [[248, 677]], [[247, 677]], [[246, 678]], [[245, 679]], [[245, 680]], [[245, 681]], [[245, 682]], [[246, 683]], [[247, 684]], [[247, 685]], [[248, 686]], [[249, 687]], [[249, 688]], [[250, 689]], [[251, 690]], [[252, 690]], [[253, 690]], [[254, 690]], [[255, 690]], [[256, 690]], [[257, 690]], [[258, 689]], [[259, 689]], [[259, 688]], [[260, 687]], [[261, 686]], [[262, 685]], [[263, 684]], [[264, 685]], [[265, 686]], [[266, 686]], [[267, 686]], [[268, 686]], [[269, 685]], [[270, 685]], [[271, 684]], [[272, 684]], [[273, 683]], [[274, 683]], [[275, 682]], [[276, 681]], [[276, 680]], [[276, 679]], [[277, 678]], [[277, 677]], [[278, 676]], [[279, 676]], [[280, 676]], [[281, 676]], [[282, 676]], [[283, 676]], [[284, 676]], [[285, 676]], [[286, 677]], [[286, 678]], [[286, 679]], [[286, 680]], [[286, 681]], [[287, 682]], [[288, 683]], [[289, 684]], [[290, 685]], [[291, 686]], [[292, 686]], [[293, 686]], [[294, 686]], [[295, 686]], [[296, 685]], [[297, 684]], [[298, 683]], [[299, 682]], [[300, 681]], [[300, 680]], [[300, 679]], [[301, 678]], [[301, 677]], [[301, 676]], [[301, 675]], [[301, 674]], [[300, 673]], [[300, 672]], [[300, 671]], [[300, 670]], [[301, 669]], [[302, 668]], [[303, 668]], [[304, 667]], [[304, 666]], [[305, 665]], [[306, 664]], [[307, 664]], [[307, 663]], [[308, 662]], [[308, 661]], [[309, 660]], [[310, 659]], [[310, 658]], [[311, 657]], [[312, 656]], [[313, 655]], [[314, 655]], [[315, 654]], [[316, 653]], [[317, 653]], [[318, 653]], [[319, 652]], [[319, 651]], [[320, 650]], [[319, 649]], [[319, 648]], [[318, 647]], [[317, 646]], [[317, 645]], [[317, 644]], [[317, 643]], [[317, 642]], [[317, 641]], [[317, 640]], [[316, 639]], [[316, 638]], [[316, 637]], [[315, 636]], [[315, 635]], [[315, 634]], [[314, 633]], [[314, 632]], [[313, 631]], [[313, 630]], [[312, 629]], [[311, 628]], [[311, 627]], [[310, 626]], [[309, 625]], [[309, 624]], [[308, 623]], [[307, 622]], [[306, 621]], [[306, 620]], [[305, 620]], [[304, 619]], [[303, 619]], [[302, 618]], [[301, 618]], [[300, 618]], [[299, 618]], [[298, 619]], [[297, 619]], [[296, 619]], [[295, 620]], [[294, 619]], [[293, 618]], [[292, 617]], [[291, 616]], [[291, 615]], [[290, 615]], [[289, 614]], [[288, 613]], [[287, 612]], [[286, 612]], [[285, 611]], [[284, 611]], [[283, 610]], [[282, 610]], [[281, 610]], [[280, 609]], [[279, 609]], [[278, 608]], [[277, 608]], [[276, 608]], [[275, 608]], [[274, 608]], [[273, 608]], [[272, 608]], [[271, 608]], [[270, 608]], [[269, 608]]]","[[], [[[317, 654], [316, 655], [317, 656], [316, 657], [315, 657], [314, 657], [313, 657], [312, 658], [312, 659], [311, 660], [311, 661], [311, 662], [310, 663], [309, 664], [308, 665], [308, 666], [307, 667], [307, 668], [307, 669], [307, 670], [307, 671], [307, 670], [307, 669], [308, 668], [309, 667], [310, 667], [311, 666], [311, 665], [311, 664], [312, 663], [313, 663], [314, 663], [315, 662], [316, 662], [316, 661], [317, 660], [318, 659], [319, 660], [320, 660], [321, 660], [321, 659], [322, 658], [322, 657], [322, 656], [321, 656], [320, 656], [319, 656], [318, 655]]]]","[[], 127]"
84,84,"[[[99, 601]], [[98, 602]], [[97, 602]], [[96, 603]], [[96, 604]], [[97, 605]], [[98, 605]], [[99, 605]], [[100, 606]], [[101, 606]], [[102, 607]], [[102, 608]], [[103, 609]], [[103, 610]], [[103, 611]], [[103, 612]], [[102, 613]], [[101, 614]], [[101, 615]], [[101, 616]], [[101, 617]], [[101, 618]], [[101, 619]], [[101, 620]], [[101, 621]], [[101, 622]], [[101, 623]], [[101, 624]], [[101, 625]], [[102, 625]], [[103, 625]], [[104, 626]], [[105, 626]], [[106, 625]], [[107, 625]], [[108, 625]], [[109, 624]], [[110, 623]], [[111, 623]], [[112, 623]], [[112, 622]], [[112, 621]], [[112, 620]], [[111, 619]], [[111, 618]], [[110, 617]], [[109, 616]], [[109, 615]], [[109, 614]], [[108, 613]], [[107, 612]], [[107, 611]], [[106, 611]], [[105, 610]], [[104, 609]], [[104, 608]], [[104, 607]], [[104, 606]], [[104, 605]], [[103, 604]], [[103, 603]], [[102, 603]], [[101, 602]], [[100, 602]]]","[[], [[[106, 609], [107, 610], [108, 611], [108, 612], [109, 613], [110, 614], [110, 615], [110, 616], [111, 617], [112, 618], [112, 619], [113, 620], [114, 620], [113, 619], [113, 618], [112, 618], [111, 617], [111, 616], [111, 615], [112, 614], [111, 613], [111, 612], [110, 611], [110, 610], [109, 610], [108, 610], [107, 609]]]]","[[], 128]"
85,85,"[[[113, 580]], [[112, 581]], [[111, 582]], [[110, 582]], [[109, 583]], [[108, 584]], [[107, 585]], [[106, 585]], [[105, 586]], [[105, 587]], [[105, 588]], [[105, 589]], [[105, 590]], [[105, 591]], [[105, 592]], [[105, 593]], [[105, 594]], [[104, 595]], [[105, 596]], [[105, 597]], [[106, 598]], [[107, 598]], [[108, 599]], [[109, 600]], [[110, 601]], [[110, 602]], [[111, 603]], [[112, 604]], [[113, 605]], [[114, 606]], [[115, 606]], [[116, 607]], [[117, 608]], [[118, 608]], [[119, 609]], [[120, 609]], [[121, 609]], [[122, 609]], [[123, 610]], [[124, 611]], [[125, 610]], [[126, 611]], [[127, 610]], [[128, 610]], [[129, 609]], [[130, 609]], [[131, 608]], [[132, 608]], [[132, 607]], [[132, 606]], [[133, 605]], [[133, 604]], [[133, 603]], [[133, 602]], [[134, 601]], [[134, 600]], [[134, 599]], [[135, 598]], [[135, 597]], [[134, 596]], [[134, 595]], [[134, 594]], [[134, 593]], [[134, 592]], [[134, 591]], [[135, 590]], [[135, 589]], [[134, 589]], [[133, 589]], [[132, 588]], [[131, 587]], [[130, 586]], [[129, 586]], [[128, 585]], [[127, 584]], [[126, 583]], [[125, 582]], [[124, 581]], [[123, 581]], [[122, 580]], [[121, 580]], [[120, 580]], [[119, 580]], [[118, 580]], [[117, 580]], [[116, 580]], [[115, 580]], [[114, 580]]]",[[]],[]
86,86,"[[[433, 571]], [[432, 572]], [[431, 573]], [[430, 574]], [[430, 575]], [[431, 576]], [[431, 577]], [[431, 578]], [[431, 579]], [[431, 580]], [[431, 581]], [[431, 582]], [[431, 583]], [[431, 584]], [[432, 585]], [[432, 586]], [[433, 586]], [[434, 586]], [[435, 585]], [[435, 584]], [[436, 583]], [[436, 582]], [[437, 581]], [[437, 580]], [[437, 579]], [[437, 578]], [[438, 577]], [[438, 576]], [[437, 575]], [[436, 574]], [[436, 573]], [[436, 572]], [[435, 571]], [[434, 571]]]",[[]],[]
87,87,"[[[520, 563]], [[519, 564]], [[518, 565]], [[517, 566]], [[516, 566]], [[516, 567]], [[515, 568]], [[514, 568]], [[513, 569]], [[512, 570]], [[512, 571]], [[511, 572]], [[510, 572]], [[510, 573]], [[509, 574]], [[508, 574]], [[507, 575]], [[506, 576]], [[505, 577]], [[504, 577]], [[504, 578]], [[504, 579]], [[504, 580]], [[503, 581]], [[503, 582]], [[502, 583]], [[502, 584]], [[501, 585]], [[501, 586]], [[500, 587]], [[499, 588]], [[499, 589]], [[498, 590]], [[497, 591]], [[496, 592]], [[495, 593]], [[495, 594]], [[495, 595]], [[494, 596]], [[493, 596]], [[492, 597]], [[492, 598]], [[492, 599]], [[491, 600]], [[490, 600]], [[490, 601]], [[490, 602]], [[489, 603]], [[489, 604]], [[489, 605]], [[490, 606]], [[490, 607]], [[490, 608]], [[490, 609]], [[490, 610]], [[490, 611]], [[490, 612]], [[491, 613]], [[491, 614]], [[491, 615]], [[492, 615]], [[493, 616]], [[494, 617]], [[495, 618]], [[495, 619]], [[496, 620]], [[497, 621]], [[497, 622]], [[498, 623]], [[498, 624]], [[499, 625]], [[500, 626]], [[501, 626]], [[502, 626]], [[503, 627]], [[504, 628]], [[505, 629]], [[506, 630]], [[507, 630]], [[508, 630]], [[509, 630]], [[510, 631]], [[510, 632]], [[510, 633]], [[510, 634]], [[510, 635]], [[510, 636]], [[511, 637]], [[512, 638]], [[513, 639]], [[514, 639]], [[515, 640]], [[515, 641]], [[516, 642]], [[517, 643]], [[518, 643]], [[519, 644]], [[520, 645]], [[520, 646]], [[520, 647]], [[520, 648]], [[520, 649]], [[521, 650]], [[522, 651]], [[523, 652]], [[524, 653]], [[525, 653]], [[526, 654]], [[527, 654]], [[528, 654]], [[529, 654]], [[530, 654]], [[531, 654]], [[532, 655]], [[532, 656]], [[532, 657]], [[532, 658]], [[533, 658]], [[534, 658]], [[535, 659]], [[536, 659]], [[537, 660]], [[538, 660]], [[539, 660]], [[540, 661]], [[541, 661]], [[542, 661]], [[543, 662]], [[544, 662]], [[545, 663]], [[546, 664]], [[546, 665]], [[547, 666]], [[548, 667]], [[549, 667]], [[550, 667]], [[551, 667]], [[552, 667]], [[553, 666]], [[554, 666]], [[554, 665]], [[555, 664]], [[555, 663]], [[556, 662]], [[557, 661]], [[558, 660]], [[558, 659]], [[559, 658]], [[559, 657]], [[560, 656]], [[560, 655]], [[561, 654]], [[562, 653]], [[563, 653]], [[564, 653]], [[565, 653]], [[565, 652]], [[566, 651]], [[567, 650]], [[567, 649]], [[568, 648]], [[568, 647]], [[568, 646]], [[569, 645]], [[569, 644]], [[570, 643]], [[571, 642]], [[572, 641]], [[572, 640]], [[572, 639]], [[572, 638]], [[572, 637]], [[572, 636]], [[572, 635]], [[573, 634]], [[572, 633]], [[572, 632]], [[572, 631]], [[573, 630]], [[573, 629]], [[573, 628]], [[573, 627]], [[573, 626]], [[573, 625]], [[572, 625]], [[571, 624]], [[570, 623]], [[570, 622]], [[570, 621]], [[570, 620]], [[571, 619]], [[571, 618]], [[571, 617]], [[572, 616]], [[573, 615]], [[574, 615]], [[575, 614]], [[576, 613]], [[577, 612]], [[578, 612]], [[579, 611]], [[580, 610]], [[580, 609]], [[580, 608]], [[580, 607]], [[581, 606]], [[582, 606]], [[583, 607]], [[584, 608]], [[585, 608]], [[586, 608]], [[587, 608]], [[587, 607]], [[586, 606]], [[586, 605]], [[586, 604]], [[586, 603]], [[586, 602]], [[586, 601]], [[587, 600]], [[588, 600]], [[589, 600]], [[589, 599]], [[590, 598]], [[591, 597]], [[591, 596]], [[591, 595]], [[590, 595]], [[589, 595]], [[588, 596]], [[587, 595]], [[586, 595]], [[585, 594]], [[584, 593]], [[584, 592]], [[584, 591]], [[583, 590]], [[582, 590]], [[581, 590]], [[580, 589]], [[579, 589]], [[578, 588]], [[577, 587]], [[576, 586]], [[576, 585]], [[576, 584]], [[576, 583]], [[576, 582]], [[576, 581]], [[576, 580]], [[575, 579]], [[575, 578]], [[574, 578]], [[573, 578]], [[572, 578]], [[571, 578]], [[570, 578]], [[569, 577]], [[568, 577]], [[567, 577]], [[566, 577]], [[565, 576]], [[564, 576]], [[563, 576]], [[562, 575]], [[561, 574]], [[561, 573]], [[560, 572]], [[559, 572]], [[558, 572]], [[557, 571]], [[556, 570]], [[555, 570]], [[554, 569]], [[553, 569]], [[552, 569]], [[551, 569]], [[550, 569]], [[549, 569]], [[548, 569]], [[547, 570]], [[546, 570]], [[545, 570]], [[544, 571]], [[543, 572]], [[542, 572]], [[541, 572]], [[540, 573]], [[539, 573]], [[538, 573]], [[537, 573]], [[536, 574]], [[535, 574]], [[534, 575]], [[535, 576]], [[535, 577]], [[534, 578]], [[533, 578]], [[532, 579]], [[531, 578]], [[530, 578]], [[529, 577]], [[529, 576]], [[529, 575]], [[529, 574]], [[529, 573]], [[529, 572]], [[528, 572]], [[527, 571]], [[526, 571]], [[525, 570]], [[525, 569]], [[524, 568]], [[524, 567]], [[523, 566]], [[523, 565]], [[522, 564]], [[521, 563]]]","[[], [[[502, 627], [502, 628], [502, 629], [503, 630], [504, 631], [505, 632], [506, 633], [506, 634], [506, 635], [505, 636], [504, 636], [503, 637], [502, 636], [502, 635], [501, 635], [500, 635], [499, 635], [499, 636], [498, 637], [497, 637], [496, 636], [495, 635], [495, 634], [494, 634], [493, 634], [493, 635], [493, 636], [492, 637], [491, 638], [491, 639], [490, 640], [489, 639], [488, 639], [487, 639], [487, 640], [487, 641], [487, 642], [488, 643], [488, 644], [488, 645], [489, 644], [490, 644], [489, 643], [488, 642], [488, 641], [489, 640], [490, 640], [491, 640], [492, 641], [492, 642], [492, 643], [492, 644], [493, 644], [494, 645], [495, 646], [496, 645], [496, 644], [496, 643], [497, 642], [497, 641], [497, 640], [497, 639], [497, 638], [498, 637], [499, 637], [500, 637], [501, 637], [502, 637], [503, 637], [504, 637], [505, 637], [506, 637], [507, 638], [508, 639], [509, 640], [509, 641], [510, 642], [511, 643], [511, 644], [511, 645], [512, 645], [513, 645], [512, 644], [513, 643], [514, 643], [515, 644], [515, 645], [515, 646], [515, 647], [515, 648], [515, 649], [514, 650], [514, 651], [514, 652], [515, 652], [516, 652], [517, 652], [518, 653], [518, 654], [519, 655], [520, 655], [520, 654], [519, 653], [518, 652], [518, 651], [517, 650], [518, 649], [517, 648], [517, 647], [516, 646], [515, 645], [515, 644], [515, 643], [514, 643], [513, 642], [513, 641], [512, 640], [512, 639], [511, 638], [510, 637], [509, 636], [509, 635], [509, 634], [509, 633], [508, 632], [507, 632], [506, 631], [505, 630], [504, 629], [503, 628]]], [[[577, 578], [577, 579], [578, 580], [579, 581], [578, 582], [577, 582], [577, 583], [577, 584], [578, 584], [579, 583], [580, 584], [581, 585], [582, 586], [581, 587], [580, 587], [580, 588], [581, 588], [581, 587], [582, 586], [582, 585], [583, 584], [583, 583], [582, 582], [582, 581], [582, 580], [581, 579], [580, 578], [579, 578], [578, 578]]], [[[531, 560], [530, 561], [530, 562], [531, 562], [532, 563], [532, 564], [531, 565], [530, 565], [530, 566], [531, 566], [532, 567], [533, 568], [533, 569], [534, 569], [535, 570], [536, 570], [537, 570], [538, 571], [538, 572], [539, 572], [540, 572], [541, 571], [542, 571], [543, 571], [544, 570], [543, 570], [542, 570], [541, 570], [540, 570], [539, 571], [538, 571], [537, 570], [536, 569], [536, 568], [536, 567], [535, 567], [534, 566], [533, 565], [533, 564], [532, 563], [532, 562], [531, 561]]]]","[[], 129, 130, 131]"
88,88,"[[[248, 549]], [[247, 550]], [[246, 550]], [[245, 550]], [[244, 550]], [[243, 550]], [[242, 550]], [[241, 550]], [[240, 550]], [[239, 550]], [[238, 551]], [[237, 551]], [[236, 551]], [[235, 551]], [[234, 551]], [[233, 550]], [[232, 550]], [[231, 550]], [[230, 550]], [[229, 550]], [[228, 550]], [[227, 550]], [[226, 550]], [[225, 550]], [[224, 550]], [[223, 550]], [[222, 550]], [[221, 551]], [[220, 551]], [[219, 551]], [[218, 551]], [[217, 551]], [[216, 551]], [[215, 551]], [[214, 551]], [[213, 551]], [[212, 552]], [[211, 552]], [[210, 552]], [[209, 552]], [[208, 553]], [[207, 554]], [[206, 555]], [[205, 555]], [[205, 556]], [[204, 557]], [[203, 558]], [[202, 558]], [[201, 558]], [[200, 557]], [[199, 557]], [[198, 557]], [[197, 557]], [[196, 557]], [[195, 558]], [[194, 558]], [[193, 558]], [[192, 559]], [[192, 560]], [[192, 561]], [[191, 562]], [[191, 563]], [[190, 564]], [[190, 565]], [[190, 566]], [[190, 567]], [[190, 568]], [[190, 569]], [[190, 570]], [[190, 571]], [[191, 572]], [[192, 572]], [[193, 573]], [[193, 574]], [[194, 575]], [[194, 576]], [[194, 577]], [[194, 578]], [[195, 579]], [[196, 580]], [[197, 581]], [[198, 582]], [[199, 582]], [[200, 582]], [[201, 583]], [[202, 584]], [[203, 585]], [[203, 586]], [[204, 587]], [[204, 588]], [[204, 589]], [[203, 590]], [[203, 591]], [[203, 592]], [[203, 593]], [[203, 594]], [[203, 595]], [[202, 596]], [[202, 597]], [[202, 598]], [[202, 599]], [[202, 600]], [[202, 601]], [[202, 602]], [[202, 603]], [[202, 604]], [[202, 605]], [[203, 606]], [[204, 606]], [[205, 607]], [[206, 608]], [[207, 609]], [[208, 610]], [[209, 611]], [[210, 612]], [[211, 612]], [[212, 613]], [[213, 613]], [[214, 613]], [[215, 612]], [[216, 612]], [[217, 612]], [[218, 612]], [[219, 612]], [[220, 612]], [[220, 611]], [[220, 610]], [[221, 609]], [[222, 609]], [[223, 609]], [[224, 609]], [[225, 608]], [[226, 607]], [[226, 606]], [[227, 605]], [[228, 604]], [[229, 605]], [[229, 606]], [[229, 607]], [[229, 608]], [[229, 609]], [[229, 610]], [[229, 611]], [[229, 612]], [[229, 613]], [[230, 614]], [[231, 615]], [[231, 616]], [[232, 616]], [[233, 616]], [[234, 615]], [[234, 614]], [[235, 613]], [[235, 612]], [[236, 611]], [[237, 610]], [[237, 609]], [[237, 608]], [[237, 607]], [[238, 606]], [[238, 605]], [[238, 604]], [[239, 603]], [[239, 602]], [[239, 601]], [[240, 600]], [[241, 600]], [[242, 599]], [[243, 599]], [[244, 599]], [[245, 599]], [[246, 599]], [[247, 599]], [[248, 599]], [[249, 599]], [[250, 599]], [[251, 599]], [[252, 598]], [[253, 598]], [[254, 597]], [[255, 597]], [[256, 597]], [[257, 597]], [[258, 596]], [[259, 596]], [[260, 596]], [[261, 595]], [[262, 595]], [[263, 595]], [[264, 594]], [[265, 593]], [[265, 592]], [[266, 591]], [[266, 590]], [[266, 589]], [[266, 588]], [[267, 587]], [[267, 586]], [[267, 585]], [[267, 584]], [[267, 583]], [[267, 582]], [[267, 581]], [[267, 580]], [[267, 579]], [[266, 578]], [[267, 577]], [[267, 576]], [[267, 575]], [[267, 574]], [[266, 573]], [[265, 572]], [[265, 571]], [[264, 571]], [[263, 571]], [[262, 571]], [[261, 570]], [[261, 569]], [[261, 568]], [[261, 567]], [[260, 566]], [[260, 565]], [[260, 564]], [[260, 563]], [[260, 562]], [[261, 561]], [[262, 561]], [[261, 560]], [[260, 560]], [[259, 559]], [[258, 558]], [[257, 557]], [[256, 556]], [[256, 555]], [[256, 554]], [[256, 553]], [[255, 553]], [[254, 552]], [[253, 552]], [[252, 551]], [[251, 551]], [[250, 551]], [[249, 550]]]","[[], [[[223, 542], [222, 543], [222, 544], [221, 545], [221, 546], [222, 547], [223, 548], [222, 549], [221, 549], [220, 549], [219, 550], [218, 550], [217, 550], [216, 549], [215, 549], [214, 549], [213, 548], [212, 549], [212, 550], [212, 551], [213, 550], [214, 550], [215, 550], [216, 550], [217, 550], [218, 550], [219, 550], [220, 550], [221, 549], [222, 549], [223, 549], [224, 549], [225, 549], [226, 549], [227, 549], [228, 549], [227, 548], [226, 547], [225, 547], [224, 546], [224, 545], [224, 544], [223, 543]]], [[[207, 541], [206, 542], [205, 543], [204, 543], [204, 544], [205, 544], [206, 545], [205, 546], [204, 547], [204, 548], [205, 548], [206, 549], [206, 550], [206, 551], [207, 552], [208, 552], [208, 551], [208, 550], [208, 549], [207, 548], [206, 548], [205, 547], [205, 546], [206, 545], [207, 544], [207, 543], [207, 542]]], [[[195, 583], [195, 584], [195, 585], [195, 586], [196, 586], [197, 587], [197, 586], [198, 585], [199, 585], [200, 586], [200, 587], [199, 588], [199, 589], [199, 590], [199, 591], [199, 592], [199, 593], [199, 594], [200, 595], [200, 596], [201, 597], [201, 596], [202, 595], [202, 594], [202, 593], [202, 592], [202, 591], [202, 590], [203, 589], [203, 588], [203, 587], [202, 586], [202, 585], [201, 584], [200, 583], [199, 583], [198, 584], [197, 584], [196, 583]]], [[[221, 610], [221, 611], [221, 612], [221, 613], [220, 614], [221, 615], [220, 616], [221, 617], [222, 618], [223, 618], [224, 618], [225, 617], [226, 617], [227, 617], [227, 616], [227, 615], [227, 614], [228, 613], [228, 612], [227, 611], [227, 610], [227, 611], [227, 612], [227, 613], [227, 614], [226, 615], [225, 614], [224, 613], [224, 612], [225, 611], [224, 610], [223, 610], [222, 610]]], [[[257, 555], [257, 556], [258, 557], [259, 558], [260, 559], [261, 559], [262, 560], [263, 561], [263, 562], [264, 562], [265, 563], [266, 564], [267, 565], [268, 565], [269, 566], [270, 566], [271, 567], [271, 566], [271, 565], [271, 564], [270, 563], [269, 562], [268, 562], [267, 562], [266, 562], [265, 561], [264, 560], [263, 559], [262, 558], [261, 557], [260, 557], [259, 556], [258, 555]]]]","[[], 132, 133, 134, 135, 136]"
89,89,"[[[267, 546]], [[268, 547]], [[268, 548]], [[267, 549]], [[266, 550]], [[265, 551]], [[264, 551]], [[263, 550]], [[262, 551]], [[261, 551]], [[260, 552]], [[260, 553]], [[261, 554]], [[260, 555]], [[260, 556]], [[261, 556]], [[262, 556]], [[263, 557]], [[263, 558]], [[264, 558]], [[265, 559]], [[266, 560]], [[267, 560]], [[268, 561]], [[269, 561]], [[270, 560]], [[271, 560]], [[272, 559]], [[272, 558]], [[272, 557]], [[272, 556]], [[271, 555]], [[271, 554]], [[270, 553]], [[270, 552]], [[270, 551]], [[270, 550]], [[271, 549]], [[271, 548]], [[270, 547]], [[269, 548]], [[268, 547]], [[268, 546]]]","[[], [[[257, 555], [257, 556], [258, 557], [259, 558], [260, 559], [261, 559], [262, 560], [263, 561], [263, 562], [264, 562], [265, 563], [266, 564], [267, 565], [268, 565], [269, 566], [270, 566], [271, 567], [271, 566], [271, 565], [271, 564], [270, 563], [269, 562], [268, 562], [267, 562], [266, 562], [265, 561], [264, 560], [263, 559], [262, 558], [261, 557], [260, 557], [259, 556], [258, 555]]]]","[[], 136]"
90,90,"[[[409, 534]], [[408, 535]], [[407, 536]], [[406, 537]], [[405, 538]], [[405, 539]], [[404, 540]], [[403, 541]], [[403, 542]], [[402, 543]], [[401, 544]], [[401, 545]], [[401, 546]], [[401, 547]], [[400, 548]], [[400, 549]], [[399, 550]], [[398, 551]], [[397, 552]], [[397, 553]], [[398, 554]], [[398, 555]], [[399, 556]], [[400, 556]], [[401, 557]], [[402, 558]], [[402, 559]], [[403, 560]], [[404, 561]], [[404, 562]], [[403, 563]], [[402, 564]], [[402, 565]], [[401, 566]], [[400, 567]], [[399, 567]], [[399, 568]], [[399, 569]], [[399, 570]], [[398, 571]], [[397, 571]], [[396, 571]], [[395, 571]], [[394, 572]], [[393, 572]], [[392, 573]], [[391, 574]], [[390, 574]], [[389, 575]], [[388, 576]], [[387, 576]], [[386, 576]], [[385, 577]], [[384, 577]], [[383, 578]], [[382, 578]], [[381, 578]], [[380, 578]], [[379, 578]], [[378, 578]], [[377, 579]], [[376, 580]], [[375, 580]], [[374, 581]], [[373, 581]], [[372, 581]], [[371, 582]], [[370, 583]], [[369, 584]], [[369, 585]], [[369, 586]], [[369, 587]], [[369, 588]], [[368, 589]], [[367, 589]], [[366, 588]], [[365, 588]], [[364, 587]], [[363, 587]], [[362, 586]], [[361, 586]], [[360, 585]], [[359, 585]], [[358, 585]], [[357, 585]], [[356, 584]], [[355, 584]], [[354, 583]], [[353, 582]], [[352, 581]], [[351, 580]], [[350, 579]], [[349, 578]], [[348, 577]], [[347, 577]], [[346, 578]], [[345, 577]], [[344, 578]], [[343, 578]], [[342, 579]], [[341, 579]], [[340, 580]], [[339, 581]], [[338, 582]], [[337, 582]], [[336, 583]], [[336, 584]], [[335, 585]], [[334, 586]], [[334, 587]], [[334, 588]], [[334, 589]], [[333, 590]], [[333, 591]], [[333, 592]], [[333, 593]], [[334, 594]], [[335, 595]], [[336, 596]], [[337, 597]], [[338, 598]], [[339, 599]], [[339, 600]], [[340, 601]], [[341, 601]], [[342, 602]], [[342, 603]], [[343, 604]], [[343, 605]], [[343, 606]], [[342, 607]], [[341, 607]], [[340, 608]], [[339, 609]], [[338, 610]], [[338, 611]], [[338, 612]], [[338, 613]], [[339, 614]], [[339, 615]], [[339, 616]], [[340, 617]], [[340, 618]], [[341, 619]], [[341, 620]], [[342, 621]], [[343, 622]], [[343, 623]], [[343, 624]], [[343, 625]], [[342, 626]], [[342, 627]], [[341, 628]], [[340, 628]], [[339, 629]], [[339, 630]], [[339, 631]], [[339, 632]], [[339, 633]], [[340, 634]], [[341, 634]], [[342, 635]], [[343, 635]], [[344, 635]], [[345, 635]], [[346, 635]], [[347, 634]], [[348, 634]], [[349, 634]], [[350, 634]], [[351, 634]], [[352, 633]], [[353, 633]], [[354, 634]], [[355, 634]], [[356, 633]], [[357, 633]], [[358, 633]], [[359, 633]], [[360, 633]], [[361, 633]], [[362, 633]], [[363, 632]], [[364, 632]], [[365, 632]], [[366, 632]], [[367, 632]], [[368, 631]], [[369, 631]], [[370, 630]], [[371, 631]], [[372, 631]], [[373, 631]], [[374, 632]], [[375, 633]], [[376, 634]], [[375, 635]], [[374, 635]], [[373, 635]], [[372, 634]], [[371, 633]], [[370, 633]], [[369, 633]], [[369, 634]], [[368, 635]], [[367, 635]], [[366, 636]], [[365, 636]], [[364, 636]], [[363, 636]], [[362, 636]], [[361, 636]], [[360, 635]], [[359, 635]], [[358, 635]], [[357, 635]], [[356, 636]], [[355, 636]], [[354, 636]], [[353, 637]], [[353, 638]], [[353, 639]], [[353, 640]], [[354, 640]], [[355, 641]], [[356, 641]], [[357, 642]], [[358, 642]], [[359, 642]], [[360, 643]], [[361, 644]], [[361, 645]], [[360, 646]], [[360, 647]], [[360, 648]], [[359, 649]], [[359, 650]], [[359, 651]], [[359, 652]], [[359, 653]], [[360, 654]], [[360, 655]], [[360, 656]], [[361, 657]], [[362, 658]], [[362, 659]], [[363, 660]], [[364, 660]], [[365, 660]], [[366, 660]], [[367, 660]], [[368, 660]], [[369, 660]], [[370, 660]], [[371, 661]], [[372, 662]], [[373, 662]], [[374, 662]], [[375, 662]], [[376, 662]], [[377, 662]], [[378, 662]], [[379, 663]], [[380, 664]], [[380, 665]], [[381, 666]], [[382, 667]], [[382, 668]], [[382, 669]], [[383, 670]], [[383, 671]], [[382, 672]], [[381, 673]], [[381, 674]], [[381, 675]], [[380, 676]], [[379, 677]], [[379, 678]], [[378, 679]], [[378, 680]], [[378, 681]], [[378, 682]], [[378, 683]], [[378, 684]], [[378, 685]], [[378, 686]], [[379, 687]], [[379, 688]], [[379, 689]], [[379, 690]], [[380, 691]], [[381, 692]], [[382, 693]], [[383, 693]], [[384, 694]], [[385, 694]], [[386, 695]], [[387, 695]], [[388, 696]], [[389, 697]], [[390, 697]], [[391, 697]], [[392, 697]], [[393, 697]], [[394, 697]], [[395, 697]], [[396, 696]], [[397, 696]], [[398, 696]], [[399, 695]], [[400, 695]], [[401, 696]], [[402, 697]], [[403, 696]], [[404, 696]], [[405, 695]], [[406, 695]], [[407, 694]], [[408, 694]], [[409, 693]], [[410, 692]], [[411, 692]], [[412, 692]], [[413, 692]], [[414, 692]], [[415, 692]], [[416, 692]], [[417, 692]], [[418, 692]], [[419, 692]], [[420, 691]], [[421, 692]], [[422, 693]], [[422, 694]], [[422, 695]], [[422, 696]], [[422, 697]], [[423, 698]], [[423, 699]], [[423, 700]], [[424, 700]], [[425, 700]], [[426, 700]], [[427, 700]], [[428, 701]], [[428, 702]], [[429, 703]], [[430, 704]], [[431, 705]], [[430, 706]], [[429, 706]], [[428, 707]], [[427, 707]], [[426, 708]], [[425, 708]], [[424, 709]], [[423, 710]], [[422, 710]], [[421, 711]], [[421, 712]], [[421, 713]], [[421, 714]], [[421, 715]], [[422, 716]], [[422, 717]], [[423, 718]], [[424, 719]], [[424, 720]], [[423, 721]], [[422, 721]], [[421, 721]], [[420, 722]], [[419, 722]], [[418, 722]], [[417, 722]], [[416, 722]], [[415, 722]], [[414, 722]], [[413, 722]], [[412, 722]], [[411, 722]], [[410, 722]], [[409, 722]], [[408, 723]], [[407, 723]], [[406, 723]], [[405, 723]], [[404, 724]], [[403, 724]], [[402, 724]], [[401, 724]], [[400, 724]], [[399, 724]], [[398, 724]], [[397, 725]], [[396, 725]], [[395, 726]], [[394, 726]], [[393, 726]], [[392, 726]], [[391, 726]], [[390, 727]], [[389, 727]], [[388, 726]], [[387, 726]], [[386, 727]], [[385, 727]], [[385, 728]], [[385, 729]], [[384, 730]], [[385, 731]], [[385, 732]], [[385, 733]], [[385, 734]], [[385, 735]], [[386, 736]], [[387, 736]], [[388, 737]], [[389, 737]], [[390, 738]], [[391, 738]], [[392, 738]], [[393, 739]], [[394, 739]], [[395, 740]], [[396, 740]], [[397, 741]], [[398, 741]], [[399, 741]], [[400, 741]], [[401, 742]], [[402, 742]], [[403, 743]], [[404, 744]], [[405, 743]], [[406, 744]], [[407, 745]], [[406, 746]], [[405, 746]], [[404, 746]], [[403, 747]], [[402, 748]], [[401, 748]], [[400, 749]], [[399, 750]], [[398, 751]], [[397, 752]], [[396, 753]], [[396, 754]], [[395, 755]], [[394, 756]], [[393, 757]], [[392, 758]], [[392, 759]], [[391, 760]], [[390, 761]], [[389, 762]], [[389, 763]], [[388, 764]], [[387, 765]], [[387, 766]], [[388, 767]], [[388, 768]], [[387, 769]], [[387, 770]], [[387, 771]], [[388, 772]], [[388, 773]], [[388, 774]], [[388, 775]], [[388, 776]], [[389, 777]], [[389, 778]], [[390, 779]], [[389, 780]], [[388, 780]], [[388, 781]], [[388, 782]], [[388, 783]], [[388, 784]], [[388, 785]], [[387, 786]], [[386, 787]], [[385, 787]], [[385, 788]], [[384, 789]], [[384, 790]], [[383, 791]], [[382, 791]], [[381, 790]], [[380, 791]], [[379, 790]], [[378, 790]], [[377, 791]], [[376, 791]], [[375, 791]], [[374, 791]], [[373, 790]], [[373, 789]], [[374, 788]], [[375, 787]], [[376, 786]], [[376, 785]], [[375, 784]], [[375, 783]], [[376, 782]], [[377, 781]], [[378, 780]], [[379, 779]], [[380, 778]], [[381, 778]], [[382, 778]], [[383, 777]], [[382, 777]], [[381, 777]], [[380, 776]], [[379, 775]], [[378, 774]], [[377, 774]], [[376, 775]], [[375, 775]], [[374, 776]], [[373, 776]], [[372, 776]], [[371, 776]], [[370, 776]], [[369, 776]], [[368, 776]], [[367, 777]], [[366, 777]], [[365, 778]], [[364, 778]], [[363, 779]], [[362, 779]], [[361, 780]], [[361, 781]], [[360, 782]], [[360, 783]], [[360, 784]], [[361, 785]], [[361, 786]], [[361, 787]], [[361, 788]], [[361, 789]], [[362, 790]], [[363, 790]], [[364, 790]], [[365, 791]], [[365, 792]], [[365, 793]], [[364, 794]], [[363, 795]], [[362, 796]], [[361, 797]], [[361, 798]], [[360, 799]], [[359, 799]], [[358, 799]], [[357, 799]], [[356, 800]], [[355, 800]], [[354, 800]], [[353, 801]], [[353, 802]], [[353, 803]], [[353, 804]], [[353, 805]], [[352, 806]], [[351, 806]], [[350, 805]], [[349, 804]], [[350, 803]], [[351, 802]], [[351, 801]], [[350, 800]], [[349, 800]], [[348, 799]], [[347, 799]], [[346, 799]], [[345, 799]], [[344, 798]], [[343, 798]], [[342, 797]], [[341, 796]], [[340, 795]], [[339, 794]], [[338, 794]], [[337, 793]], [[336, 793]], [[335, 793]], [[334, 793]], [[333, 793]], [[332, 793]], [[331, 794]], [[330, 795]], [[329, 795]], [[328, 795]], [[327, 795]], [[326, 794]], [[325, 794]], [[324, 793]], [[323, 792]], [[322, 793]], [[321, 794]], [[320, 794]], [[320, 795]], [[319, 796]], [[318, 796]], [[317, 795]], [[316, 794]], [[316, 793]], [[316, 794]], [[316, 795]], [[316, 796]], [[317, 797]], [[318, 798]], [[319, 799]], [[318, 800]], [[317, 800]], [[316, 800]], [[315, 799]], [[314, 798]], [[313, 797]], [[313, 796]], [[312, 796]], [[311, 796]], [[310, 796]], [[309, 796]], [[308, 796]], [[307, 795]], [[306, 795]], [[305, 795]], [[304, 795]], [[303, 795]], [[302, 795]], [[301, 794]], [[300, 793]], [[301, 792]], [[302, 791]], [[303, 790]], [[304, 790]], [[304, 789]], [[305, 788]], [[305, 787]], [[306, 786]], [[307, 785]], [[307, 784]], [[307, 783]], [[307, 782]], [[306, 781]], [[305, 782]], [[304, 782]], [[304, 783]], [[303, 784]], [[303, 785]], [[302, 786]], [[301, 787]], [[302, 788]], [[301, 789]], [[302, 790]], [[302, 791]], [[301, 792]], [[300, 792]], [[299, 792]], [[298, 792]], [[297, 792]], [[296, 793]], [[295, 793]], [[294, 792]], [[293, 791]], [[293, 790]], [[293, 789]], [[292, 788]], [[292, 787]], [[291, 786]], [[290, 785]], [[289, 784]], [[289, 783]], [[289, 782]], [[289, 781]], [[289, 780]], [[289, 779]], [[289, 778]], [[288, 777]], [[287, 777]], [[286, 777]], [[285, 776]], [[284, 775]], [[283, 775]], [[282, 775]], [[281, 775]], [[280, 775]], [[279, 775]], [[278, 775]], [[277, 775]], [[276, 776]], [[276, 777]], [[275, 778]], [[274, 778]], [[273, 779]], [[272, 779]], [[271, 779]], [[270, 779]], [[269, 780]], [[268, 781]], [[267, 780]], [[267, 779]], [[267, 780]], [[268, 781]], [[268, 782]], [[268, 783]], [[268, 784]], [[269, 785]], [[269, 786]], [[270, 787]], [[270, 788]], [[271, 789]], [[271, 790]], [[272, 791]], [[272, 792]], [[271, 793]], [[270, 792]], [[269, 792]], [[268, 792]], [[267, 792]], [[266, 792]], [[265, 793]], [[265, 794]], [[264, 795]], [[263, 795]], [[262, 796]], [[261, 795]], [[261, 794]], [[261, 793]], [[262, 792]], [[262, 791]], [[261, 790]], [[261, 789]], [[261, 788]], [[261, 787]], [[262, 786]], [[262, 785]], [[262, 784]], [[263, 783]], [[263, 782]], [[263, 781]], [[263, 780]], [[264, 779]], [[264, 778]], [[265, 777]], [[266, 777]], [[265, 776]], [[265, 775]], [[265, 774]], [[265, 773]], [[264, 772]], [[263, 772]], [[262, 772]], [[261, 771]], [[260, 770]], [[259, 771]], [[258, 771]], [[257, 770]], [[258, 769]], [[258, 768]], [[258, 767]], [[258, 766]], [[258, 765]], [[258, 764]], [[258, 763]], [[258, 762]], [[259, 761]], [[259, 760]], [[259, 759]], [[259, 758]], [[259, 757]], [[259, 756]], [[259, 755]], [[258, 754]], [[258, 753]], [[258, 752]], [[258, 751]], [[258, 750]], [[258, 749]], [[258, 748]], [[258, 747]], [[258, 746]], [[258, 745]], [[259, 744]], [[258, 743]], [[258, 742]], [[258, 741]], [[258, 740]], [[257, 739]], [[257, 738]], [[256, 737]], [[255, 736]], [[254, 735]], [[253, 735]], [[252, 734]], [[251, 734]], [[250, 734]], [[249, 733]], [[248, 732]], [[247, 732]], [[246, 732]], [[245, 732]], [[244, 732]], [[243, 732]], [[242, 732]], [[241, 731]], [[240, 731]], [[239, 730]], [[238, 730]], [[237, 731]], [[236, 732]], [[235, 732]], [[234, 732]], [[233, 732]], [[232, 732]], [[231, 731]], [[230, 730]], [[229, 730]], [[228, 731]], [[227, 731]], [[227, 732]], [[226, 733]], [[225, 733]], [[224, 733]], [[223, 733]], [[222, 733]], [[221, 733]], [[220, 734]], [[219, 734]], [[218, 734]], [[217, 734]], [[216, 735]], [[215, 736]], [[214, 736]], [[213, 737]], [[212, 738]], [[211, 738]], [[211, 739]], [[211, 740]], [[211, 741]], [[210, 742]], [[210, 743]], [[209, 744]], [[208, 745]], [[209, 746]], [[209, 747]], [[209, 748]], [[209, 749]], [[209, 750]], [[208, 751]], [[209, 752]], [[209, 753]], [[209, 754]], [[209, 755]], [[209, 756]], [[210, 757]], [[210, 758]], [[210, 759]], [[211, 760]], [[211, 761]], [[211, 762]], [[210, 763]], [[211, 764]], [[211, 765]], [[211, 766]], [[212, 767]], [[213, 767]], [[214, 768]], [[214, 769]], [[214, 770]], [[214, 771]], [[213, 772]], [[214, 773]], [[214, 774]], [[215, 775]], [[215, 776]], [[215, 777]], [[216, 778]], [[216, 779]], [[216, 780]], [[217, 781]], [[218, 782]], [[219, 783]], [[219, 784]], [[220, 785]], [[219, 786]], [[220, 787]], [[221, 787]], [[222, 788]], [[223, 788]], [[224, 788]], [[225, 789]], [[226, 790]], [[227, 790]], [[228, 790]], [[229, 790]], [[230, 790]], [[231, 790]], [[232, 790]], [[233, 791]], [[234, 791]], [[235, 791]], [[236, 791]], [[237, 791]], [[238, 792]], [[238, 793]], [[238, 794]], [[238, 795]], [[238, 796]], [[238, 797]], [[238, 798]], [[238, 799]], [[239, 798]], [[240, 799]], [[240, 800]], [[241, 800]], [[242, 800]], [[243, 800]], [[244, 799]], [[245, 799]], [[246, 798]], [[247, 798]], [[248, 798]], [[249, 799]], [[250, 800]], [[249, 801]], [[249, 802]], [[249, 803]], [[248, 804]], [[247, 804]], [[246, 803]], [[245, 802]], [[244, 802]], [[243, 802]], [[242, 802]], [[241, 803]], [[241, 804]], [[240, 805]], [[240, 806]], [[239, 807]], [[239, 808]], [[238, 809]], [[239, 810]], [[239, 811]], [[239, 812]], [[239, 813]], [[239, 814]], [[240, 815]], [[241, 815]], [[242, 816]], [[243, 817]], [[243, 818]], [[243, 819]], [[244, 820]], [[245, 820]], [[246, 821]], [[247, 821]], [[248, 821]], [[249, 821]], [[250, 820]], [[251, 820]], [[252, 819]], [[253, 819]], [[254, 818]], [[254, 817]], [[254, 816]], [[253, 815]], [[253, 814]], [[253, 813]], [[254, 812]], [[255, 812]], [[256, 812]], [[257, 813]], [[258, 812]], [[259, 813]], [[260, 813]], [[261, 814]], [[261, 815]], [[260, 816]], [[259, 817]], [[259, 818]], [[260, 817]], [[261, 816]], [[262, 816]], [[262, 815]], [[262, 814]], [[263, 813]], [[264, 812]], [[264, 811]], [[264, 810]], [[264, 809]], [[265, 808]], [[266, 808]], [[267, 808]], [[268, 809]], [[268, 810]], [[267, 811]], [[267, 812]], [[266, 813]], [[266, 814]], [[266, 815]], [[265, 816]], [[264, 817]], [[263, 818]], [[263, 819]], [[263, 820]], [[263, 821]], [[262, 822]], [[262, 823]], [[261, 824]], [[260, 824]], [[259, 824]], [[259, 825]], [[258, 826]], [[258, 827]], [[258, 828]], [[257, 829]], [[257, 830]], [[257, 831]], [[257, 832]], [[257, 833]], [[257, 834]], [[258, 835]], [[258, 836]], [[258, 837]], [[258, 838]], [[258, 839]], [[259, 840]], [[260, 840]], [[261, 841]], [[262, 842]], [[262, 843]], [[263, 843]], [[264, 843]], [[265, 843]], [[266, 843]], [[267, 843]], [[268, 842]], [[269, 842]], [[270, 841]], [[271, 841]], [[272, 840]], [[273, 840]], [[274, 841]], [[274, 842]], [[275, 843]], [[276, 843]], [[277, 844]], [[278, 845]], [[279, 845]], [[280, 846]], [[280, 847]], [[281, 848]], [[282, 849]], [[283, 850]], [[284, 851]], [[284, 852]], [[285, 853]], [[286, 853]], [[287, 853]], [[288, 853]], [[289, 854]], [[290, 854]], [[291, 854]], [[292, 853]], [[293, 853]], [[293, 852]], [[294, 851]], [[295, 850]], [[296, 851]], [[297, 852]], [[297, 853]], [[297, 854]], [[298, 855]], [[298, 856]], [[299, 857]], [[300, 858]], [[301, 859]], [[302, 860]], [[301, 861]], [[302, 862]], [[302, 863]], [[303, 864]], [[304, 865]], [[305, 865]], [[306, 865]], [[307, 865]], [[308, 865]], [[309, 865]], [[310, 865]], [[311, 865]], [[312, 865]], [[313, 865]], [[314, 865]], [[315, 864]], [[316, 863]], [[317, 863]], [[318, 862]], [[319, 861]], [[320, 860]], [[321, 859]], [[321, 858]], [[321, 857]], [[322, 856]], [[323, 855]], [[324, 855]], [[325, 854]], [[326, 855]], [[327, 855]], [[328, 855]], [[329, 854]], [[330, 854]], [[331, 855]], [[332, 856]], [[331, 857]], [[331, 858]], [[331, 859]], [[331, 860]], [[331, 861]], [[331, 862]], [[332, 863]], [[332, 864]], [[333, 864]], [[334, 865]], [[334, 866]], [[334, 867]], [[334, 868]], [[335, 869]], [[336, 869]], [[337, 870]], [[336, 871]], [[336, 872]], [[337, 873]], [[338, 874]], [[339, 875]], [[340, 876]], [[340, 877]], [[341, 878]], [[342, 879]], [[343, 879]], [[344, 879]], [[345, 879]], [[346, 878]], [[347, 878]], [[348, 878]], [[349, 877]], [[350, 877]], [[351, 877]], [[352, 876]], [[353, 876]], [[353, 875]], [[354, 874]], [[355, 873]], [[356, 872]], [[357, 871]], [[357, 870]], [[358, 869]], [[359, 868]], [[360, 867]], [[360, 866]], [[361, 865]], [[361, 864]], [[361, 863]], [[361, 862]], [[361, 861]], [[361, 860]], [[361, 859]], [[361, 858]], [[361, 857]], [[362, 856]], [[362, 855]], [[362, 854]], [[363, 853]], [[363, 852]], [[363, 851]], [[363, 850]], [[363, 849]], [[363, 848]], [[364, 847]], [[364, 846]], [[364, 845]], [[364, 844]], [[365, 843]], [[365, 842]], [[366, 841]], [[366, 840]], [[367, 839]], [[367, 838]], [[367, 837]], [[368, 836]], [[368, 835]], [[368, 834]], [[369, 833]], [[370, 833]], [[370, 832]], [[371, 831]], [[371, 830]], [[371, 829]], [[372, 828]], [[373, 827]], [[374, 826]], [[375, 826]], [[376, 826]], [[377, 826]], [[378, 825]], [[379, 825]], [[380, 825]], [[381, 825]], [[382, 825]], [[383, 825]], [[384, 826]], [[385, 827]], [[386, 827]], [[387, 828]], [[388, 827]], [[389, 827]], [[390, 827]], [[391, 826]], [[392, 825]], [[393, 825]], [[394, 825]], [[395, 824]], [[395, 823]], [[395, 822]], [[394, 821]], [[393, 820]], [[392, 820]], [[391, 819]], [[390, 819]], [[389, 818]], [[388, 818]], [[387, 818]], [[386, 818]], [[385, 818]], [[384, 818]], [[383, 819]], [[382, 818]], [[382, 817]], [[382, 816]], [[382, 815]], [[382, 814]], [[383, 813]], [[384, 813]], [[385, 813]], [[386, 814]], [[387, 815]], [[388, 816]], [[389, 816]], [[390, 816]], [[391, 817]], [[392, 817]], [[393, 817]], [[394, 817]], [[395, 817]], [[396, 816]], [[397, 816]], [[398, 816]], [[399, 817]], [[400, 818]], [[400, 819]], [[401, 820]], [[401, 821]], [[402, 822]], [[403, 822]], [[404, 823]], [[405, 823]], [[406, 823]], [[407, 823]], [[408, 823]], [[409, 822]], [[410, 823]], [[411, 823]], [[412, 824]], [[412, 825]], [[413, 825]], [[414, 826]], [[414, 827]], [[414, 828]], [[415, 829]], [[416, 830]], [[416, 831]], [[417, 832]], [[418, 833]], [[418, 834]], [[418, 835]], [[419, 836]], [[420, 836]], [[421, 837]], [[422, 838]], [[423, 838]], [[424, 839]], [[425, 839]], [[426, 840]], [[427, 840]], [[428, 840]], [[429, 841]], [[430, 842]], [[431, 842]], [[432, 843]], [[433, 843]], [[434, 843]], [[435, 843]], [[436, 842]], [[437, 842]], [[438, 842]], [[439, 841]], [[440, 841]], [[441, 841]], [[442, 841]], [[443, 840]], [[444, 839]], [[445, 838]], [[446, 837]], [[447, 836]], [[447, 835]], [[448, 834]], [[448, 833]], [[448, 832]], [[449, 831]], [[449, 830]], [[449, 829]], [[450, 828]], [[450, 827]], [[450, 826]], [[450, 825]], [[451, 824]], [[451, 823]], [[452, 822]], [[452, 821]], [[453, 820]], [[454, 819]], [[454, 818]], [[454, 817]], [[454, 816]], [[455, 815]], [[455, 814]], [[455, 813]], [[455, 812]], [[456, 811]], [[456, 810]], [[456, 809]], [[456, 808]], [[456, 807]], [[456, 806]], [[456, 805]], [[456, 804]], [[456, 803]], [[456, 802]], [[455, 801]], [[454, 800]], [[453, 799]], [[453, 798]], [[452, 798]], [[451, 797]], [[450, 796]], [[451, 795]], [[451, 794]], [[452, 793]], [[452, 792]], [[452, 791]], [[452, 790]], [[452, 789]], [[451, 788]], [[451, 787]], [[450, 786]], [[450, 785]], [[450, 784]], [[449, 783]], [[449, 782]], [[449, 781]], [[449, 780]], [[449, 779]], [[449, 778]], [[449, 777]], [[449, 776]], [[450, 775]], [[451, 775]], [[452, 775]], [[453, 774]], [[454, 774]], [[454, 773]], [[454, 772]], [[454, 771]], [[454, 770]], [[454, 769]], [[453, 768]], [[452, 767]], [[451, 767]], [[450, 766]], [[449, 766]], [[448, 765]], [[447, 764]], [[446, 764]], [[445, 763]], [[444, 762]], [[443, 761]], [[442, 762]], [[441, 762]], [[440, 762]], [[439, 762]], [[438, 761]], [[437, 761]], [[436, 760]], [[436, 759]], [[435, 758]], [[435, 757]], [[435, 756]], [[435, 755]], [[434, 754]], [[433, 754]], [[432, 754]], [[431, 753]], [[430, 753]], [[429, 753]], [[428, 752]], [[427, 753]], [[426, 753]], [[425, 753]], [[424, 753]], [[423, 753]], [[422, 752]], [[421, 752]], [[420, 751]], [[419, 750]], [[419, 749]], [[419, 748]], [[419, 747]], [[418, 746]], [[417, 746]], [[416, 745]], [[415, 745]], [[414, 744]], [[414, 743]], [[415, 742]], [[416, 743]], [[417, 743]], [[418, 743]], [[419, 744]], [[420, 743]], [[421, 743]], [[422, 743]], [[423, 743]], [[424, 742]], [[425, 743]], [[426, 742]], [[427, 742]], [[428, 742]], [[429, 742]], [[430, 742]], [[431, 741]], [[432, 741]], [[433, 741]], [[434, 741]], [[435, 741]], [[436, 741]], [[437, 740]], [[438, 739]], [[439, 739]], [[440, 739]], [[441, 738]], [[442, 738]], [[443, 738]], [[444, 737]], [[445, 736]], [[446, 737]], [[447, 736]], [[448, 736]], [[449, 735]], [[450, 735]], [[451, 735]], [[452, 736]], [[452, 737]], [[451, 738]], [[450, 739]], [[450, 740]], [[451, 741]], [[451, 742]], [[451, 743]], [[452, 744]], [[452, 745]], [[452, 746]], [[452, 747]], [[453, 748]], [[453, 749]], [[452, 750]], [[452, 751]], [[451, 752]], [[450, 753]], [[449, 754]], [[449, 755]], [[449, 756]], [[450, 757]], [[451, 757]], [[452, 758]], [[453, 758]], [[454, 758]], [[455, 757]], [[456, 757]], [[457, 758]], [[457, 759]], [[458, 758]], [[459, 758]], [[460, 758]], [[461, 758]], [[462, 759]], [[463, 759]], [[464, 759]], [[465, 758]], [[466, 758]], [[467, 757]], [[468, 757]], [[469, 756]], [[470, 756]], [[470, 755]], [[471, 754]], [[472, 754]], [[473, 753]], [[474, 752]], [[475, 751]], [[476, 750]], [[476, 749]], [[476, 748]], [[476, 747]], [[476, 746]], [[477, 745]], [[478, 744]], [[478, 743]], [[478, 742]], [[478, 741]], [[478, 740]], [[478, 739]], [[478, 738]], [[478, 737]], [[478, 736]], [[477, 735]], [[478, 734]], [[478, 733]], [[478, 732]], [[477, 731]], [[477, 730]], [[476, 729]], [[475, 728]], [[474, 728]], [[473, 728]], [[472, 728]], [[471, 728]], [[470, 728]], [[469, 728]], [[468, 729]], [[467, 729]], [[466, 729]], [[465, 729]], [[464, 729]], [[463, 729]], [[462, 729]], [[461, 729]], [[460, 729]], [[459, 729]], [[458, 729]], [[457, 729]], [[456, 729]], [[455, 730]], [[454, 731]], [[453, 731]], [[452, 730]], [[452, 729]], [[453, 728]], [[453, 727]], [[453, 726]], [[453, 725]], [[452, 724]], [[452, 723]], [[451, 722]], [[450, 721]], [[449, 720]], [[448, 720]], [[447, 719]], [[447, 718]], [[447, 717]], [[447, 716]], [[446, 715]], [[446, 714]], [[445, 713]], [[444, 712]], [[443, 711]], [[442, 710]], [[441, 709]], [[440, 708]], [[439, 707]], [[439, 706]], [[439, 705]], [[440, 704]], [[441, 704]], [[442, 704]], [[443, 703]], [[444, 703]], [[445, 702]], [[446, 702]], [[447, 701]], [[448, 701]], [[449, 700]], [[450, 700]], [[450, 699]], [[450, 698]], [[451, 697]], [[451, 696]], [[452, 695]], [[453, 694]], [[454, 693]], [[454, 692]], [[455, 691]], [[456, 690]], [[457, 689]], [[458, 689]], [[459, 688]], [[460, 688]], [[461, 688]], [[462, 689]], [[463, 690]], [[464, 691]], [[465, 691]], [[466, 691]], [[467, 691]], [[468, 691]], [[468, 690]], [[469, 689]], [[470, 688]], [[470, 687]], [[471, 686]], [[472, 686]], [[473, 686]], [[474, 686]], [[475, 687]], [[476, 687]], [[477, 688]], [[478, 688]], [[479, 688]], [[480, 689]], [[481, 689]], [[482, 689]], [[483, 689]], [[484, 689]], [[485, 690]], [[486, 690]], [[487, 690]], [[488, 689]], [[489, 689]], [[490, 689]], [[491, 689]], [[492, 689]], [[493, 688]], [[494, 688]], [[495, 687]], [[496, 686]], [[497, 685]], [[497, 684]], [[498, 683]], [[498, 682]], [[498, 681]], [[498, 680]], [[498, 679]], [[498, 678]], [[498, 677]], [[498, 676]], [[497, 675]], [[497, 674]], [[496, 673]], [[495, 672]], [[494, 671]], [[494, 670]], [[493, 670]], [[492, 669]], [[492, 668]], [[491, 667]], [[490, 667]], [[489, 666]], [[488, 666]], [[487, 665]], [[486, 665]], [[485, 665]], [[484, 665]], [[483, 664]], [[482, 664]], [[481, 664]], [[480, 663]], [[479, 663]], [[478, 662]], [[477, 662]], [[476, 661]], [[475, 661]], [[474, 660]], [[473, 660]], [[472, 660]], [[471, 660]], [[470, 659]], [[469, 659]], [[468, 659]], [[467, 659]], [[466, 658]], [[465, 658]], [[464, 657]], [[463, 657]], [[462, 656]], [[461, 656]], [[460, 655]], [[459, 655]], [[458, 655]], [[457, 655]], [[456, 654]], [[455, 654]], [[454, 653]], [[453, 653]], [[452, 653]], [[451, 653]], [[450, 652]], [[449, 652]], [[448, 651]], [[447, 652]], [[446, 652]], [[445, 651]], [[444, 652]], [[443, 652]], [[442, 652]], [[441, 653]], [[440, 653]], [[440, 654]], [[440, 655]], [[439, 656]], [[438, 656]], [[437, 655]], [[436, 654]], [[436, 653]], [[436, 652]], [[436, 651]], [[436, 650]], [[435, 649]], [[434, 649]], [[433, 649]], [[432, 649]], [[431, 649]], [[430, 649]], [[429, 650]], [[428, 650]], [[427, 651]], [[426, 651]], [[425, 652]], [[424, 652]], [[423, 652]], [[422, 652]], [[421, 653]], [[420, 653]], [[419, 653]], [[418, 653]], [[417, 653]], [[416, 653]], [[415, 654]], [[414, 653]], [[413, 653]], [[412, 653]], [[411, 653]], [[410, 653]], [[409, 652]], [[409, 651]], [[409, 650]], [[410, 649]], [[411, 648]], [[412, 647]], [[413, 647]], [[413, 646]], [[414, 645]], [[415, 645]], [[416, 644]], [[416, 643]], [[416, 642]], [[417, 641]], [[417, 640]], [[417, 639]], [[416, 639]], [[415, 639]], [[414, 638]], [[413, 638]], [[412, 638]], [[411, 637]], [[410, 638]], [[409, 638]], [[408, 638]], [[407, 639]], [[406, 640]], [[406, 641]], [[405, 642]], [[404, 643]], [[403, 643]], [[402, 644]], [[401, 645]], [[400, 645]], [[399, 646]], [[398, 647]], [[397, 646]], [[397, 645]], [[397, 644]], [[397, 643]], [[397, 642]], [[397, 641]], [[397, 640]], [[396, 639]], [[396, 638]], [[396, 637]], [[396, 636]], [[396, 635]], [[396, 634]], [[396, 633]], [[397, 632]], [[398, 632]], [[399, 632]], [[400, 631]], [[401, 631]], [[402, 631]], [[403, 631]], [[403, 630]], [[403, 629]], [[403, 628]], [[403, 627]], [[404, 626]], [[405, 625]], [[404, 624]], [[404, 623]], [[404, 622]], [[405, 621]], [[406, 621]], [[407, 621]], [[408, 621]], [[409, 622]], [[410, 622]], [[411, 623]], [[412, 623]], [[413, 624]], [[414, 624]], [[415, 625]], [[416, 626]], [[417, 626]], [[418, 626]], [[419, 626]], [[420, 626]], [[421, 626]], [[422, 626]], [[423, 626]], [[424, 626]], [[425, 625]], [[426, 625]], [[427, 625]], [[428, 624]], [[429, 624]], [[429, 623]], [[430, 622]], [[431, 621]], [[431, 620]], [[431, 619]], [[431, 618]], [[431, 617]], [[431, 616]], [[431, 615]], [[431, 614]], [[430, 613]], [[430, 612]], [[429, 611]], [[428, 610]], [[427, 610]], [[426, 609]], [[425, 608]], [[424, 608]], [[423, 608]], [[422, 609]], [[421, 609]], [[420, 608]], [[419, 607]], [[419, 608]], [[418, 609]], [[417, 609]], [[416, 609]], [[415, 610]], [[414, 609]], [[413, 610]], [[412, 610]], [[411, 611]], [[411, 612]], [[410, 613]], [[409, 614]], [[408, 615]], [[407, 616]], [[406, 616]], [[405, 615]], [[405, 614]], [[405, 613]], [[405, 612]], [[404, 612]], [[403, 611]], [[402, 610]], [[401, 609]], [[401, 608]], [[401, 607]], [[400, 606]], [[400, 605]], [[400, 604]], [[400, 603]], [[401, 602]], [[401, 601]], [[401, 600]], [[401, 599]], [[401, 598]], [[401, 597]], [[400, 596]], [[401, 595]], [[401, 594]], [[400, 593]], [[400, 592]], [[400, 591]], [[401, 590]], [[402, 589]], [[403, 588]], [[403, 587]], [[404, 586]], [[404, 585]], [[404, 584]], [[404, 583]], [[404, 582]], [[404, 581]], [[405, 580]], [[405, 579]], [[405, 578]], [[406, 577]], [[405, 576]], [[405, 575]], [[404, 574]], [[403, 574]], [[402, 573]], [[401, 572]], [[400, 571]], [[399, 570]], [[400, 569]], [[401, 569]], [[402, 570]], [[403, 570]], [[404, 571]], [[405, 570]], [[406, 570]], [[407, 570]], [[408, 570]], [[409, 570]], [[410, 570]], [[411, 570]], [[412, 570]], [[413, 570]], [[414, 571]], [[415, 571]], [[416, 571]], [[417, 571]], [[418, 571]], [[419, 570]], [[420, 570]], [[421, 570]], [[422, 570]], [[423, 570]], [[424, 569]], [[423, 569]], [[422, 568]], [[422, 567]], [[423, 566]], [[423, 565]], [[424, 564]], [[425, 563]], [[424, 562]], [[425, 561]], [[426, 560]], [[427, 560]], [[428, 561]], [[429, 561]], [[430, 561]], [[431, 561]], [[432, 560]], [[432, 559]], [[433, 558]], [[433, 557]], [[433, 556]], [[433, 555]], [[433, 554]], [[433, 553]], [[433, 552]], [[433, 551]], [[433, 550]], [[433, 549]], [[432, 548]], [[431, 547]], [[431, 546]], [[431, 545]], [[431, 544]], [[430, 545]], [[429, 545]], [[430, 546]], [[430, 547]], [[430, 548]], [[429, 549]], [[428, 550]], [[427, 550]], [[426, 551]], [[425, 551]], [[424, 550]], [[423, 549]], [[423, 548]], [[423, 547]], [[423, 546]], [[423, 545]], [[423, 544]], [[423, 543]], [[423, 542]], [[423, 541]], [[423, 540]], [[423, 539]], [[423, 538]], [[422, 537]], [[421, 536]], [[420, 536]], [[419, 535]], [[418, 535]], [[417, 535]], [[416, 535]], [[415, 534]], [[414, 534]], [[413, 534]], [[412, 534]], [[411, 534]], [[410, 534]]]","[[[[412, 530], [411, 531], [410, 531], [409, 532], [408, 532], [407, 532], [406, 532], [405, 532], [404, 532], [403, 532], [402, 531], [401, 531], [401, 532], [401, 533], [401, 534], [402, 534], [403, 534], [404, 534], [405, 535], [406, 536], [407, 535], [408, 534], [409, 533], [410, 533], [411, 533], [412, 533], [413, 532], [414, 532], [414, 531], [413, 530]]], [], [[[401, 541], [400, 542], [399, 543], [398, 543], [397, 544], [396, 544], [395, 543], [395, 544], [394, 545], [393, 545], [394, 546], [394, 547], [394, 548], [393, 549], [392, 549], [391, 550], [392, 551], [393, 550], [394, 549], [395, 548], [396, 547], [396, 546], [397, 545], [398, 545], [399, 545], [400, 545], [400, 544], [401, 543], [402, 542], [402, 541]]], [[[343, 573], [343, 574], [343, 575], [343, 576], [342, 577], [341, 578], [340, 579], [339, 579], [338, 580], [337, 581], [336, 582], [335, 583], [334, 583], [334, 584], [334, 585], [333, 586], [332, 587], [332, 588], [333, 588], [333, 587], [333, 586], [334, 585], [335, 584], [335, 583], [336, 582], [337, 581], [338, 581], [339, 580], [340, 579], [341, 578], [342, 578], [343, 577], [344, 577], [345, 576], [344, 575], [344, 574], [344, 573]]], [[[336, 631], [336, 632], [336, 633], [337, 634], [337, 635], [337, 636], [338, 636], [339, 636], [340, 636], [341, 637], [342, 637], [343, 637], [344, 637], [345, 638], [345, 639], [346, 639], [347, 639], [348, 640], [349, 641], [350, 642], [350, 643], [351, 643], [352, 642], [352, 641], [352, 640], [352, 639], [351, 639], [350, 638], [350, 637], [349, 637], [348, 637], [348, 638], [347, 639], [346, 638], [346, 637], [346, 636], [345, 636], [344, 636], [343, 636], [342, 636], [341, 635], [340, 635], [339, 634], [338, 633], [338, 632], [338, 631], [337, 631]]], [[[370, 631], [369, 632], [368, 632], [367, 633], [366, 633], [365, 634], [364, 634], [363, 634], [362, 634], [361, 634], [360, 634], [359, 634], [358, 634], [357, 634], [356, 634], [355, 635], [354, 635], [353, 634], [352, 635], [353, 635], [354, 635], [355, 635], [356, 635], [357, 634], [358, 634], [359, 634], [360, 634], [361, 634], [362, 634], [363, 635], [364, 635], [365, 635], [366, 635], [367, 634], [368, 634], [368, 633], [369, 632], [370, 632], [371, 632], [372, 633], [373, 634], [374, 634], [375, 634], [376, 635], [377, 635], [378, 636], [379, 636], [380, 636], [379, 636], [378, 635], [377, 635], [376, 635], [375, 634], [374, 633], [373, 632], [372, 632], [371, 632]], [[336, 631], [336, 632], [336, 633], [337, 634], [337, 635], [337, 636], [338, 636], [339, 636], [340, 636], [341, 637], [342, 637], [343, 637], [344, 637], [345, 638], [345, 639], [346, 639], [347, 639], [348, 640], [349, 641], [350, 642], [350, 643], [351, 643], [352, 642], [352, 641], [352, 640], [352, 639], [351, 639], [350, 638], [350, 637], [349, 637], [348, 637], [348, 638], [347, 639], [346, 638], [346, 637], [346, 636], [345, 636], [344, 636], [343, 636], [342, 636], [341, 635], [340, 635], [339, 634], [338, 633], [338, 632], [338, 631], [337, 631]]], [[[370, 631], [369, 632], [368, 632], [367, 633], [366, 633], [365, 634], [364, 634], [363, 634], [362, 634], [361, 634], [360, 634], [359, 634], [358, 634], [357, 634], [356, 634], [355, 635], [354, 635], [353, 634], [352, 635], [353, 635], [354, 635], [355, 635], [356, 635], [357, 634], [358, 634], [359, 634], [360, 634], [361, 634], [362, 634], [363, 635], [364, 635], [365, 635], [366, 635], [367, 634], [368, 634], [368, 633], [369, 632], [370, 632], [371, 632], [372, 633], [373, 634], [374, 634], [375, 634], [376, 635], [377, 635], [378, 636], [379, 636], [380, 636], [379, 636], [378, 635], [377, 635], [376, 635], [375, 634], [374, 633], [373, 632], [372, 632], [371, 632]]], [[[336, 789], [335, 790], [334, 791], [333, 791], [332, 791], [331, 791], [330, 792], [329, 793], [328, 793], [327, 793], [327, 794], [328, 794], [329, 794], [330, 794], [331, 793], [332, 792], [333, 792], [334, 792], [335, 792], [336, 792], [337, 792], [338, 792], [339, 793], [340, 794], [341, 795], [342, 796], [343, 797], [344, 797], [345, 797], [346, 798], [347, 798], [348, 798], [349, 799], [350, 799], [351, 799], [352, 800], [353, 800], [354, 799], [353, 799], [352, 798], [351, 798], [350, 797], [349, 797], [348, 797], [347, 797], [346, 797], [345, 797], [344, 797], [343, 796], [342, 795], [341, 795], [340, 794], [340, 793], [340, 792], [339, 791], [338, 790], [338, 789], [337, 789]]], [[[318, 778], [318, 779], [319, 779], [320, 780], [320, 781], [320, 782], [320, 783], [321, 784], [322, 785], [322, 786], [321, 787], [321, 788], [322, 789], [322, 790], [323, 791], [324, 791], [324, 790], [324, 789], [324, 788], [323, 787], [322, 786], [322, 785], [322, 784], [322, 783], [321, 782], [321, 781], [320, 780], [320, 779], [319, 779]]], [[[301, 799], [300, 800], [299, 801], [298, 802], [297, 802], [296, 803], [295, 802], [294, 801], [293, 800], [292, 800], [291, 800], [290, 800], [291, 801], [292, 802], [293, 803], [294, 804], [294, 805], [295, 806], [296, 807], [296, 808], [297, 809], [298, 810], [298, 811], [299, 812], [300, 813], [301, 814], [301, 815], [302, 816], [303, 817], [304, 818], [305, 818], [306, 818], [307, 819], [307, 820], [307, 821], [307, 822], [308, 823], [309, 824], [310, 825], [310, 826], [311, 827], [312, 828], [313, 829], [313, 830], [314, 831], [314, 832], [315, 833], [315, 834], [316, 835], [317, 836], [318, 837], [318, 838], [319, 839], [319, 840], [320, 841], [320, 842], [320, 843], [321, 843], [322, 843], [323, 844], [323, 845], [323, 846], [324, 847], [324, 848], [325, 849], [325, 848], [326, 847], [327, 847], [328, 846], [327, 845], [327, 844], [326, 844], [325, 844], [324, 843], [323, 843], [322, 842], [321, 841], [320, 840], [319, 839], [319, 838], [320, 837], [320, 836], [320, 835], [320, 834], [320, 833], [320, 832], [320, 831], [320, 830], [319, 830], [318, 831], [317, 830], [316, 830], [315, 829], [314, 828], [314, 827], [315, 826], [315, 825], [315, 824], [315, 823], [314, 822], [314, 821], [313, 820], [313, 819], [314, 818], [314, 817], [314, 816], [314, 815], [314, 814], [314, 813], [313, 813], [312, 813], [311, 812], [310, 812], [309, 812], [308, 811], [307, 811], [306, 810], [305, 809], [304, 808], [304, 807], [304, 806], [304, 805], [304, 804], [305, 803], [306, 804], [306, 803], [305, 802], [304, 802], [303, 801], [303, 800], [303, 799], [302, 799]]], [[[265, 779], [264, 780], [264, 781], [264, 782], [264, 783], [263, 784], [263, 785], [263, 786], [262, 787], [262, 788], [262, 789], [263, 790], [264, 791], [264, 792], [264, 793], [265, 792], [266, 791], [267, 791], [268, 791], [269, 791], [270, 791], [271, 792], [271, 791], [270, 790], [270, 789], [269, 788], [269, 787], [268, 786], [268, 785], [267, 784], [267, 783], [267, 782], [267, 781], [266, 780], [266, 779]]], [[[215, 729], [216, 729], [217, 730], [217, 731], [217, 732], [216, 733], [215, 733], [214, 732], [213, 732], [213, 733], [212, 734], [211, 734], [210, 734], [210, 735], [209, 736], [210, 737], [210, 738], [211, 737], [212, 737], [213, 736], [214, 735], [215, 735], [216, 734], [217, 733], [218, 733], [219, 733], [220, 733], [221, 732], [222, 732], [223, 732], [224, 732], [225, 732], [226, 732], [226, 731], [226, 730], [225, 730], [224, 730], [223, 730], [222, 730], [221, 730], [220, 730], [219, 730], [218, 730], [217, 729], [216, 729]]], [[[207, 744], [207, 745], [207, 746], [207, 747], [207, 748], [207, 749], [207, 750], [207, 751], [207, 752], [207, 753], [207, 754], [207, 755], [206, 756], [205, 756], [205, 757], [205, 758], [205, 759], [205, 760], [205, 761], [206, 761], [207, 761], [208, 761], [209, 762], [210, 762], [210, 761], [210, 760], [209, 759], [209, 758], [209, 757], [208, 756], [208, 755], [208, 754], [208, 753], [208, 752], [207, 751], [208, 750], [208, 749], [208, 748], [208, 747], [208, 746], [207, 745]]], [[[254, 791], [253, 792], [253, 793], [252, 794], [251, 794], [250, 793], [249, 793], [249, 794], [249, 795], [248, 796], [248, 797], [249, 798], [249, 797], [250, 796], [251, 795], [252, 794], [253, 794], [254, 794], [255, 795], [256, 796], [257, 797], [258, 798], [259, 799], [260, 800], [260, 799], [260, 798], [260, 797], [259, 796], [258, 796], [257, 795], [256, 794], [255, 793], [255, 792], [255, 791]]], [[[229, 798], [228, 799], [228, 800], [229, 800], [230, 801], [231, 801], [232, 802], [233, 803], [234, 804], [235, 805], [235, 806], [236, 807], [236, 808], [237, 808], [238, 808], [238, 807], [239, 806], [239, 805], [238, 805], [237, 805], [236, 805], [235, 804], [234, 803], [234, 802], [234, 801], [233, 801], [232, 800], [231, 800], [230, 799]]], [[[286, 855], [287, 856], [288, 856], [289, 856], [290, 856], [291, 856], [292, 857], [292, 858], [292, 859], [292, 860], [291, 861], [290, 861], [290, 862], [291, 861], [292, 861], [293, 861], [294, 861], [295, 862], [296, 863], [297, 864], [298, 864], [299, 865], [300, 864], [301, 865], [301, 866], [301, 867], [302, 867], [303, 867], [304, 867], [305, 866], [304, 866], [303, 865], [302, 864], [301, 863], [300, 863], [299, 864], [298, 863], [297, 863], [296, 862], [296, 861], [296, 860], [296, 859], [295, 858], [294, 857], [293, 856], [292, 855], [291, 855], [290, 855], [289, 855], [288, 855], [287, 855]]], [[[413, 826], [413, 827], [413, 828], [412, 829], [411, 830], [410, 830], [409, 830], [408, 830], [407, 830], [407, 831], [407, 832], [407, 833], [407, 834], [406, 835], [405, 836], [404, 836], [404, 837], [405, 836], [406, 836], [407, 835], [407, 834], [407, 833], [408, 832], [409, 831], [410, 831], [411, 830], [412, 830], [413, 830], [414, 831], [415, 832], [415, 833], [416, 834], [416, 835], [417, 835], [417, 834], [417, 833], [416, 832], [415, 831], [415, 830], [414, 829], [413, 828], [413, 827]]], [[[423, 841], [422, 842], [421, 842], [420, 842], [419, 842], [418, 842], [417, 842], [418, 843], [419, 843], [420, 843], [421, 842], [422, 843], [423, 843], [424, 843], [425, 844], [426, 844], [427, 844], [428, 844], [429, 844], [430, 845], [431, 846], [432, 847], [432, 848], [433, 849], [433, 848], [433, 847], [433, 846], [433, 845], [432, 845], [431, 844], [431, 843], [430, 843], [429, 842], [428, 841], [427, 841], [426, 841], [425, 841], [424, 841]]], [[[437, 843], [438, 844], [439, 845], [440, 846], [441, 847], [442, 848], [442, 849], [443, 850], [443, 851], [442, 852], [441, 852], [441, 853], [441, 854], [440, 855], [440, 856], [441, 855], [441, 854], [441, 853], [442, 852], [443, 852], [444, 852], [445, 852], [446, 852], [446, 851], [445, 851], [444, 851], [443, 850], [443, 849], [443, 848], [443, 847], [443, 846], [443, 845], [442, 844], [441, 844], [440, 843], [439, 843], [438, 843]]], [[[439, 745], [438, 746], [437, 747], [438, 747], [439, 747], [440, 748], [441, 749], [441, 750], [442, 751], [442, 752], [442, 753], [441, 754], [440, 754], [441, 754], [442, 754], [443, 754], [444, 753], [445, 754], [446, 755], [446, 756], [447, 757], [447, 758], [448, 759], [448, 760], [449, 760], [450, 760], [451, 761], [452, 762], [453, 763], [453, 764], [452, 765], [452, 766], [453, 766], [454, 766], [453, 765], [453, 764], [453, 763], [454, 762], [455, 762], [456, 762], [457, 762], [458, 763], [459, 764], [460, 764], [461, 764], [460, 763], [459, 762], [458, 761], [457, 760], [456, 759], [455, 760], [454, 760], [453, 760], [452, 759], [451, 759], [450, 758], [449, 757], [448, 756], [448, 755], [448, 754], [447, 754], [446, 753], [445, 753], [444, 752], [444, 751], [444, 750], [443, 749], [442, 748], [442, 747], [441, 747], [440, 747], [439, 746]]], [[[415, 743], [415, 744], [416, 744], [417, 745], [418, 745], [419, 745], [420, 746], [420, 747], [420, 748], [421, 748], [422, 748], [423, 749], [424, 750], [425, 750], [425, 749], [425, 748], [425, 747], [425, 746], [425, 745], [426, 744], [425, 744], [424, 744], [424, 745], [423, 746], [422, 746], [421, 746], [420, 745], [419, 745], [418, 744], [417, 744], [416, 744]]], [[[435, 647], [434, 648], [435, 648], [436, 649], [437, 650], [437, 651], [437, 652], [437, 653], [437, 654], [438, 655], [439, 655], [439, 654], [439, 653], [440, 652], [441, 652], [442, 651], [443, 651], [444, 651], [444, 650], [444, 649], [443, 649], [442, 650], [441, 649], [441, 648], [440, 648], [439, 649], [438, 649], [437, 648], [436, 647]]]]","[138, [], 139, 140, 141, 142, 143, 144, 145, 146, 147, 148, 149, 150, 151, 67, 153, 154, 155, 156, 157, 158]"
91,91,"[[[115, 528]], [[114, 529]], [[113, 529]], [[112, 529]], [[111, 530]], [[110, 530]], [[109, 530]], [[108, 531]], [[107, 531]], [[106, 531]], [[105, 531]], [[104, 531]], [[103, 531]], [[102, 531]], [[101, 532]], [[100, 532]], [[99, 532]], [[98, 533]], [[97, 533]], [[96, 533]], [[95, 533]], [[94, 533]], [[93, 533]], [[92, 533]], [[91, 534]], [[90, 534]], [[89, 534]], [[88, 534]], [[87, 535]], [[86, 535]], [[85, 535]], [[84, 535]], [[84, 536]], [[83, 537]], [[82, 537]], [[81, 537]], [[80, 538]], [[80, 539]], [[80, 540]], [[80, 541]], [[80, 542]], [[80, 543]], [[80, 544]], [[80, 545]], [[79, 546]], [[78, 545]], [[78, 546]], [[78, 547]], [[78, 548]], [[78, 549]], [[79, 549]], [[80, 550]], [[80, 551]], [[81, 552]], [[81, 553]], [[81, 554]], [[81, 555]], [[80, 556]], [[79, 555]], [[79, 554]], [[79, 555]], [[79, 556]], [[80, 557]], [[81, 558]], [[81, 559]], [[82, 559]], [[83, 559]], [[84, 559]], [[85, 559]], [[86, 559]], [[87, 559]], [[88, 559]], [[89, 559]], [[90, 559]], [[91, 559]], [[92, 559]], [[93, 559]], [[94, 559]], [[95, 559]], [[96, 559]], [[97, 559]], [[98, 559]], [[99, 559]], [[100, 559]], [[101, 559]], [[102, 559]], [[103, 559]], [[104, 559]], [[105, 559]], [[106, 559]], [[107, 559]], [[108, 558]], [[109, 558]], [[110, 558]], [[111, 557]], [[112, 557]], [[113, 556]], [[114, 556]], [[115, 556]], [[116, 555]], [[117, 555]], [[118, 555]], [[119, 554]], [[120, 554]], [[121, 553]], [[121, 552]], [[122, 551]], [[122, 550]], [[123, 549]], [[123, 548]], [[123, 547]], [[123, 546]], [[123, 545]], [[123, 544]], [[124, 543]], [[124, 542]], [[124, 541]], [[124, 540]], [[124, 539]], [[124, 538]], [[124, 537]], [[124, 536]], [[123, 535]], [[123, 534]], [[123, 533]], [[122, 532]], [[121, 531]], [[120, 530]], [[120, 529]], [[119, 529]], [[118, 528]], [[117, 528]], [[116, 528]]]",[[]],[]
92,92,"[[[587, 519]], [[586, 520]], [[585, 520]], [[584, 521]], [[583, 521]], [[582, 522]], [[581, 522]], [[580, 523]], [[579, 523]], [[578, 523]], [[577, 523]], [[576, 523]], [[575, 523]], [[574, 524]], [[573, 525]], [[572, 526]], [[572, 527]], [[571, 528]], [[570, 527]], [[570, 528]], [[571, 529]], [[571, 530]], [[570, 531]], [[570, 532]], [[571, 533]], [[571, 534]], [[570, 535]], [[570, 536]], [[571, 537]], [[571, 538]], [[571, 539]], [[571, 540]], [[571, 541]], [[572, 542]], [[572, 543]], [[573, 544]], [[574, 544]], [[575, 545]], [[576, 545]], [[577, 545]], [[578, 545]], [[579, 545]], [[580, 545]], [[581, 545]], [[582, 545]], [[583, 545]], [[584, 546]], [[585, 547]], [[585, 548]], [[585, 549]], [[585, 550]], [[585, 551]], [[586, 552]], [[586, 553]], [[587, 554]], [[588, 555]], [[589, 555]], [[590, 556]], [[591, 556]], [[592, 557]], [[593, 557]], [[594, 556]], [[595, 556]], [[596, 556]], [[597, 556]], [[598, 557]], [[599, 558]], [[600, 558]], [[601, 558]], [[602, 559]], [[603, 559]], [[604, 559]], [[605, 559]], [[606, 558]], [[607, 558]], [[608, 557]], [[609, 557]], [[610, 556]], [[611, 556]], [[611, 555]], [[611, 554]], [[612, 553]], [[613, 552]], [[614, 551]], [[615, 551]], [[616, 552]], [[616, 553]], [[616, 554]], [[616, 555]], [[617, 556]], [[616, 557]], [[616, 558]], [[616, 559]], [[616, 560]], [[616, 561]], [[616, 562]], [[615, 563]], [[615, 564]], [[615, 565]], [[615, 566]], [[614, 567]], [[614, 568]], [[614, 569]], [[615, 570]], [[615, 571]], [[615, 572]], [[616, 573]], [[616, 574]], [[616, 575]], [[616, 576]], [[617, 577]], [[618, 578]], [[617, 579]], [[618, 580]], [[618, 581]], [[618, 582]], [[619, 583]], [[620, 584]], [[620, 585]], [[620, 586]], [[620, 587]], [[621, 588]], [[622, 589]], [[623, 590]], [[624, 590]], [[625, 590]], [[626, 591]], [[625, 592]], [[624, 593]], [[624, 594]], [[624, 595]], [[623, 596]], [[622, 597]], [[621, 597]], [[620, 598]], [[619, 599]], [[618, 600]], [[618, 601]], [[618, 602]], [[618, 603]], [[618, 604]], [[618, 605]], [[618, 606]], [[618, 607]], [[618, 608]], [[618, 609]], [[618, 610]], [[617, 611]], [[616, 612]], [[615, 613]], [[615, 614]], [[614, 615]], [[613, 616]], [[612, 617]], [[613, 618]], [[613, 619]], [[612, 620]], [[612, 621]], [[612, 622]], [[612, 623]], [[612, 624]], [[612, 625]], [[613, 626]], [[614, 627]], [[614, 628]], [[614, 629]], [[614, 630]], [[615, 631]], [[615, 632]], [[616, 633]], [[617, 633]], [[618, 634]], [[619, 635]], [[619, 636]], [[620, 637]], [[619, 638]], [[618, 638]], [[617, 638]], [[616, 638]], [[615, 639]], [[614, 639]], [[613, 639]], [[612, 639]], [[611, 639]], [[610, 639]], [[609, 640]], [[608, 640]], [[608, 641]], [[607, 642]], [[606, 643]], [[605, 643]], [[604, 643]], [[603, 644]], [[602, 644]], [[601, 644]], [[600, 645]], [[599, 645]], [[598, 646]], [[597, 647]], [[596, 648]], [[595, 648]], [[594, 648]], [[593, 648]], [[593, 649]], [[593, 650]], [[593, 651]], [[593, 652]], [[593, 653]], [[593, 654]], [[594, 655]], [[594, 656]], [[593, 657]], [[592, 658]], [[592, 659]], [[592, 660]], [[591, 661]], [[590, 662]], [[589, 663]], [[590, 664]], [[591, 664]], [[592, 665]], [[592, 666]], [[592, 667]], [[593, 668]], [[593, 669]], [[594, 670]], [[594, 671]], [[594, 672]], [[594, 673]], [[594, 674]], [[594, 675]], [[594, 676]], [[594, 677]], [[594, 678]], [[594, 679]], [[594, 680]], [[594, 681]], [[593, 682]], [[593, 683]], [[593, 684]], [[594, 685]], [[595, 686]], [[595, 687]], [[595, 688]], [[596, 689]], [[596, 690]], [[596, 691]], [[597, 691]], [[598, 692]], [[599, 692]], [[600, 692]], [[601, 692]], [[602, 692]], [[603, 692]], [[604, 692]], [[605, 692]], [[606, 691]], [[607, 691]], [[608, 691]], [[609, 691]], [[610, 691]], [[611, 690]], [[612, 690]], [[613, 690]], [[614, 690]], [[615, 689]], [[616, 689]], [[617, 688]], [[617, 687]], [[618, 686]], [[619, 685]], [[620, 684]], [[620, 683]], [[621, 682]], [[622, 681]], [[623, 680]], [[624, 679]], [[625, 678]], [[626, 677]], [[627, 676]], [[628, 676]], [[629, 676]], [[630, 675]], [[631, 674]], [[632, 673]], [[632, 672]], [[633, 671]], [[633, 670]], [[633, 669]], [[634, 668]], [[634, 667]], [[635, 666]], [[635, 665]], [[635, 664]], [[635, 663]], [[635, 662]], [[635, 661]], [[635, 660]], [[635, 659]], [[634, 658]], [[635, 657]], [[635, 656]], [[635, 655]], [[636, 654]], [[637, 653]], [[638, 652]], [[639, 652]], [[640, 653]], [[641, 653]], [[642, 653]], [[643, 653]], [[644, 653]], [[645, 652]], [[646, 651]], [[647, 650]], [[648, 650]], [[649, 650]], [[650, 651]], [[651, 652]], [[652, 652]], [[653, 651]], [[654, 651]], [[655, 650]], [[656, 650]], [[657, 649]], [[658, 649]], [[659, 648]], [[660, 648]], [[661, 647]], [[662, 646]], [[662, 645]], [[663, 644]], [[663, 643]], [[664, 642]], [[665, 641]], [[666, 640]], [[667, 639]], [[668, 639]], [[669, 638]], [[669, 637]], [[669, 636]], [[670, 635]], [[670, 634]], [[669, 633]], [[669, 632]], [[668, 631]], [[668, 630]], [[668, 629]], [[669, 628]], [[669, 627]], [[670, 626]], [[670, 625]], [[671, 624]], [[672, 624]], [[673, 624]], [[674, 624]], [[675, 624]], [[676, 623]], [[677, 623]], [[678, 623]], [[679, 622]], [[680, 621]], [[681, 620]], [[682, 620]], [[683, 619]], [[684, 619]], [[684, 618]], [[685, 617]], [[685, 616]], [[685, 615]], [[685, 614]], [[685, 613]], [[685, 612]], [[685, 611]], [[686, 610]], [[687, 609]], [[687, 608]], [[688, 607]], [[689, 607]], [[690, 607]], [[691, 607]], [[692, 608]], [[693, 608]], [[694, 609]], [[695, 609]], [[696, 610]], [[696, 611]], [[697, 612]], [[698, 613]], [[699, 613]], [[700, 613]], [[701, 614]], [[702, 614]], [[703, 614]], [[704, 614]], [[705, 613]], [[706, 613]], [[706, 612]], [[707, 611]], [[707, 610]], [[708, 609]], [[709, 608]], [[708, 607]], [[709, 606]], [[710, 606]], [[711, 607]], [[712, 608]], [[712, 609]], [[713, 609]], [[714, 610]], [[715, 611]], [[715, 612]], [[716, 613]], [[716, 614]], [[717, 615]], [[717, 616]], [[718, 617]], [[719, 618]], [[719, 619]], [[720, 619]], [[721, 620]], [[721, 621]], [[722, 622]], [[723, 622]], [[724, 622]], [[725, 622]], [[726, 623]], [[727, 623]], [[728, 623]], [[729, 624]], [[730, 625]], [[731, 625]], [[732, 626]], [[733, 626]], [[734, 627]], [[735, 627]], [[736, 628]], [[737, 628]], [[738, 629]], [[738, 630]], [[738, 631]], [[738, 632]], [[738, 633]], [[739, 634]], [[739, 635]], [[739, 636]], [[739, 637]], [[740, 638]], [[740, 639]], [[740, 640]], [[741, 641]], [[741, 642]], [[742, 643]], [[742, 644]], [[743, 645]], [[743, 646]], [[744, 647]], [[744, 648]], [[744, 649]], [[744, 650]], [[745, 649]], [[746, 649]], [[747, 650]], [[748, 651]], [[749, 652]], [[750, 652]], [[751, 652]], [[751, 651]], [[751, 650]], [[752, 649]], [[753, 648]], [[754, 647]], [[755, 647]], [[756, 646]], [[757, 646]], [[758, 645]], [[759, 644]], [[760, 643]], [[761, 643]], [[762, 642]], [[763, 642]], [[764, 642]], [[765, 641]], [[766, 641]], [[767, 641]], [[768, 641]], [[769, 641]], [[770, 641]], [[771, 642]], [[772, 642]], [[773, 642]], [[774, 642]], [[775, 642]], [[776, 642]], [[777, 642]], [[778, 641]], [[778, 640]], [[779, 639]], [[779, 638]], [[779, 637]], [[779, 636]], [[779, 635]], [[779, 634]], [[778, 633]], [[778, 632]], [[778, 631]], [[778, 630]], [[779, 629]], [[780, 628]], [[781, 627]], [[781, 626]], [[781, 625]], [[782, 624]], [[782, 623]], [[782, 622]], [[782, 621]], [[782, 620]], [[782, 619]], [[782, 618]], [[782, 617]], [[781, 616]], [[781, 615]], [[780, 614]], [[780, 613]], [[779, 612]], [[779, 611]], [[778, 610]], [[777, 609]], [[777, 608]], [[776, 607]], [[775, 606]], [[774, 605]], [[774, 604]], [[773, 603]], [[773, 602]], [[773, 601]], [[772, 600]], [[772, 599]], [[772, 598]], [[771, 597]], [[771, 596]], [[772, 595]], [[771, 594]], [[770, 593]], [[769, 592]], [[768, 591]], [[768, 590]], [[768, 589]], [[768, 588]], [[769, 587]], [[769, 586]], [[769, 585]], [[769, 584]], [[769, 583]], [[769, 582]], [[768, 581]], [[768, 580]], [[768, 579]], [[769, 578]], [[770, 578]], [[771, 579]], [[772, 580]], [[773, 580]], [[774, 579]], [[775, 579]], [[776, 579]], [[776, 578]], [[776, 577]], [[777, 576]], [[778, 575]], [[778, 574]], [[778, 573]], [[778, 572]], [[778, 571]], [[778, 570]], [[778, 569]], [[778, 568]], [[779, 567]], [[778, 566]], [[778, 565]], [[778, 564]], [[778, 563]], [[779, 562]], [[780, 563]], [[780, 564]], [[781, 565]], [[782, 566]], [[783, 567]], [[783, 568]], [[784, 569]], [[785, 569]], [[786, 569]], [[787, 570]], [[788, 571]], [[789, 571]], [[790, 572]], [[791, 572]], [[792, 572]], [[793, 571]], [[794, 571]], [[795, 572]], [[796, 572]], [[797, 571]], [[798, 571]], [[799, 570]], [[800, 570]], [[800, 569]], [[801, 568]], [[802, 568]], [[802, 567]], [[802, 566]], [[803, 565]], [[803, 564]], [[804, 563]], [[805, 562]], [[805, 561]], [[804, 560]], [[804, 559]], [[804, 558]], [[804, 557]], [[803, 556]], [[802, 555]], [[802, 554]], [[801, 553]], [[801, 552]], [[800, 551]], [[800, 550]], [[799, 549]], [[799, 548]], [[799, 547]], [[798, 546]], [[797, 545]], [[796, 545]], [[795, 546]], [[794, 546]], [[793, 546]], [[792, 546]], [[791, 545]], [[790, 545]], [[789, 545]], [[788, 545]], [[787, 545]], [[786, 546]], [[785, 546]], [[784, 547]], [[783, 547]], [[783, 548]], [[782, 549]], [[781, 550]], [[781, 551]], [[781, 552]], [[781, 553]], [[781, 554]], [[781, 555]], [[780, 556]], [[780, 557]], [[780, 558]], [[779, 559]], [[778, 559]], [[777, 558]], [[777, 557]], [[777, 556]], [[776, 555]], [[776, 554]], [[775, 553]], [[775, 552]], [[774, 551]], [[774, 550]], [[773, 549]], [[772, 548]], [[772, 547]], [[772, 546]], [[771, 545]], [[771, 544]], [[770, 543]], [[770, 542]], [[769, 541]], [[768, 540]], [[767, 539]], [[767, 538]], [[766, 537]], [[766, 536]], [[765, 535]], [[764, 534]], [[763, 533]], [[763, 532]], [[762, 531]], [[761, 530]], [[760, 529]], [[759, 528]], [[758, 527]], [[757, 526]], [[756, 526]], [[755, 526]], [[754, 526]], [[753, 526]], [[752, 527]], [[751, 527]], [[750, 527]], [[749, 528]], [[748, 528]], [[747, 529]], [[746, 530]], [[745, 530]], [[744, 530]], [[743, 531]], [[742, 531]], [[741, 532]], [[740, 532]], [[739, 533]], [[738, 533]], [[737, 534]], [[736, 534]], [[735, 535]], [[734, 534]], [[733, 534]], [[732, 533]], [[731, 533]], [[730, 533]], [[729, 533]], [[728, 533]], [[727, 533]], [[726, 534]], [[725, 534]], [[724, 534]], [[723, 535]], [[722, 536]], [[721, 537]], [[720, 538]], [[720, 539]], [[719, 540]], [[719, 541]], [[719, 542]], [[719, 543]], [[719, 544]], [[718, 545]], [[718, 546]], [[719, 547]], [[719, 548]], [[718, 549]], [[717, 549]], [[716, 549]], [[715, 549]], [[714, 550]], [[713, 550]], [[712, 550]], [[711, 550]], [[710, 551]], [[709, 551]], [[708, 551]], [[707, 552]], [[706, 552]], [[705, 552]], [[704, 553]], [[703, 553]], [[702, 553]], [[701, 553]], [[700, 553]], [[699, 553]], [[698, 553]], [[698, 554]], [[697, 555]], [[696, 556]], [[696, 557]], [[695, 558]], [[695, 559]], [[695, 560]], [[696, 561]], [[696, 562]], [[696, 563]], [[696, 564]], [[696, 565]], [[697, 566]], [[696, 567]], [[697, 568]], [[698, 569]], [[698, 570]], [[698, 571]], [[697, 572]], [[696, 572]], [[695, 572]], [[696, 573]], [[697, 574]], [[697, 575]], [[697, 576]], [[698, 577]], [[699, 578]], [[700, 579]], [[700, 580]], [[700, 581]], [[701, 582]], [[701, 583]], [[701, 584]], [[701, 585]], [[701, 586]], [[701, 587]], [[701, 588]], [[701, 589]], [[700, 590]], [[701, 591]], [[701, 592]], [[702, 592]], [[703, 593]], [[704, 593]], [[705, 594]], [[705, 595]], [[705, 596]], [[706, 596]], [[707, 597]], [[708, 598]], [[709, 599]], [[709, 600]], [[708, 601]], [[709, 602]], [[709, 603]], [[708, 604]], [[707, 604]], [[706, 603]], [[706, 602]], [[705, 601]], [[704, 600]], [[703, 599]], [[702, 598]], [[701, 597]], [[700, 597]], [[699, 596]], [[699, 595]], [[698, 594]], [[697, 593]], [[697, 592]], [[697, 591]], [[696, 591]], [[695, 590]], [[695, 589]], [[694, 588]], [[694, 587]], [[693, 586]], [[692, 586]], [[691, 585]], [[691, 584]], [[690, 583]], [[690, 582]], [[689, 581]], [[689, 580]], [[689, 579]], [[689, 578]], [[688, 577]], [[688, 576]], [[687, 576]], [[686, 575]], [[685, 575]], [[684, 575]], [[683, 575]], [[682, 575]], [[681, 575]], [[680, 576]], [[679, 576]], [[678, 576]], [[677, 577]], [[676, 577]], [[675, 578]], [[674, 579]], [[673, 580]], [[672, 579]], [[671, 579]], [[670, 579]], [[669, 578]], [[669, 577]], [[668, 576]], [[667, 575]], [[666, 574]], [[665, 574]], [[664, 574]], [[663, 574]], [[662, 574]], [[661, 575]], [[660, 575]], [[659, 574]], [[658, 573]], [[657, 573]], [[656, 573]], [[655, 573]], [[654, 573]], [[653, 573]], [[652, 572]], [[652, 573]], [[651, 574]], [[651, 575]], [[650, 576]], [[650, 577]], [[649, 578]], [[648, 579]], [[647, 580]], [[646, 579]], [[645, 578]], [[646, 577]], [[646, 576]], [[646, 575]], [[646, 574]], [[646, 573]], [[646, 572]], [[645, 571]], [[645, 570]], [[644, 569]], [[644, 568]], [[644, 567]], [[643, 566]], [[643, 565]], [[642, 564]], [[642, 563]], [[642, 562]], [[641, 561]], [[641, 560]], [[640, 559]], [[640, 558]], [[639, 557]], [[639, 556]], [[639, 555]], [[639, 554]], [[639, 553]], [[639, 552]], [[638, 551]], [[638, 550]], [[637, 549]], [[637, 548]], [[636, 547]], [[635, 546]], [[635, 545]], [[634, 544]], [[633, 543]], [[632, 543]], [[631, 542]], [[630, 542]], [[629, 542]], [[628, 542]], [[627, 542]], [[626, 542]], [[625, 542]], [[624, 542]], [[623, 542]], [[622, 543]], [[621, 543]], [[621, 544]], [[620, 545]], [[619, 545]], [[618, 545]], [[617, 546]], [[616, 547]], [[615, 547]], [[614, 546]], [[614, 545]], [[615, 544]], [[615, 543]], [[615, 542]], [[615, 541]], [[615, 540]], [[615, 539]], [[615, 538]], [[615, 537]], [[615, 536]], [[616, 535]], [[616, 534]], [[615, 533]], [[615, 532]], [[614, 531]], [[613, 531]], [[612, 531]], [[611, 530]], [[610, 530]], [[609, 530]], [[608, 530]], [[607, 529]], [[607, 528]], [[607, 527]], [[606, 526]], [[606, 525]], [[606, 524]], [[605, 524]], [[604, 523]], [[604, 522]], [[603, 521]], [[602, 520]], [[601, 520]], [[600, 519]], [[599, 519]], [[598, 519]], [[597, 519]], [[596, 519]], [[595, 519]], [[594, 519]], [[593, 519]], [[592, 519]], [[591, 519]], [[590, 519]], [[589, 519]], [[588, 519]]]","[[], [[[616, 580], [616, 581], [617, 582], [617, 583], [616, 584], [615, 584], [614, 584], [613, 583], [612, 583], [611, 582], [610, 582], [609, 581], [608, 581], [608, 582], [609, 583], [610, 584], [611, 584], [612, 584], [613, 585], [614, 585], [615, 585], [616, 584], [617, 585], [618, 586], [619, 587], [619, 586], [619, 585], [619, 584], [618, 583], [617, 582], [617, 581], [617, 580]]], [[[590, 666], [590, 667], [589, 668], [588, 668], [587, 668], [586, 669], [586, 670], [585, 671], [584, 671], [583, 671], [583, 672], [582, 673], [582, 674], [582, 675], [582, 676], [583, 677], [583, 678], [584, 679], [584, 680], [584, 681], [585, 681], [586, 681], [587, 681], [587, 680], [587, 679], [587, 678], [586, 677], [586, 676], [586, 675], [586, 674], [585, 673], [586, 672], [587, 672], [588, 672], [589, 673], [589, 674], [590, 675], [591, 675], [592, 676], [591, 677], [591, 678], [592, 679], [593, 679], [593, 678], [593, 677], [593, 676], [593, 675], [593, 674], [593, 673], [593, 672], [593, 671], [593, 670], [592, 669], [592, 668], [591, 667], [591, 666]]], [[[632, 674], [631, 675], [630, 676], [629, 677], [628, 678], [627, 679], [626, 679], [625, 680], [624, 681], [623, 682], [622, 683], [621, 684], [621, 685], [620, 686], [619, 687], [618, 688], [617, 689], [616, 690], [615, 691], [614, 692], [613, 692], [612, 692], [612, 693], [613, 693], [614, 693], [615, 693], [616, 693], [617, 693], [618, 692], [619, 691], [619, 690], [620, 689], [621, 688], [622, 688], [622, 687], [623, 686], [624, 685], [625, 685], [626, 684], [627, 683], [628, 682], [629, 682], [629, 681], [630, 680], [631, 680], [632, 680], [633, 680], [634, 680], [635, 680], [636, 680], [637, 681], [638, 681], [639, 682], [640, 683], [641, 684], [642, 685], [643, 686], [643, 687], [644, 688], [645, 689], [646, 690], [646, 691], [647, 692], [648, 693], [649, 694], [650, 694], [651, 693], [652, 693], [653, 693], [654, 693], [655, 693], [656, 694], [657, 695], [657, 694], [657, 693], [657, 692], [656, 692], [655, 692], [654, 692], [653, 691], [652, 690], [652, 689], [653, 688], [654, 688], [655, 688], [656, 688], [657, 688], [658, 687], [658, 686], [659, 685], [658, 685], [657, 686], [656, 687], [655, 687], [654, 688], [653, 688], [652, 689], [651, 689], [650, 690], [649, 690], [648, 690], [647, 689], [646, 688], [645, 687], [645, 686], [644, 685], [643, 684], [642, 684], [641, 683], [640, 683], [639, 682], [639, 681], [638, 680], [637, 680], [636, 679], [635, 679], [634, 678], [633, 677], [633, 676], [632, 675], [633, 674]]], [[[754, 648], [753, 649], [752, 650], [752, 651], [752, 652], [752, 653], [751, 654], [750, 654], [749, 653], [748, 652], [747, 651], [746, 650], [745, 650], [744, 651], [744, 652], [743, 653], [743, 654], [742, 655], [742, 656], [743, 656], [744, 657], [745, 656], [746, 655], [747, 654], [748, 654], [749, 654], [750, 654], [751, 654], [752, 654], [753, 654], [754, 655], [755, 656], [756, 656], [757, 655], [758, 654], [759, 654], [759, 653], [758, 653], [757, 653], [756, 652], [755, 651], [755, 650], [755, 649]]], [[[778, 576], [777, 577], [777, 578], [778, 579], [779, 579], [780, 579], [781, 579], [782, 579], [783, 580], [784, 581], [785, 580], [786, 579], [787, 580], [788, 580], [789, 580], [790, 579], [789, 578], [788, 577], [787, 577], [787, 578], [786, 579], [785, 579], [784, 579], [783, 578], [782, 579], [781, 579], [780, 578], [780, 577], [779, 576]]], [[[675, 560], [676, 560], [677, 560], [678, 561], [679, 561], [680, 561], [681, 561], [682, 562], [683, 563], [684, 564], [685, 565], [686, 565], [687, 566], [688, 567], [687, 568], [686, 568], [686, 569], [686, 570], [685, 571], [684, 571], [683, 572], [682, 572], [681, 573], [680, 573], [679, 574], [678, 575], [677, 575], [676, 576], [675, 576], [675, 577], [676, 576], [677, 576], [678, 575], [679, 575], [680, 575], [681, 574], [682, 574], [683, 574], [684, 574], [685, 574], [686, 574], [687, 575], [688, 575], [689, 576], [689, 577], [690, 578], [690, 579], [690, 580], [690, 581], [691, 582], [692, 582], [693, 581], [694, 581], [695, 582], [696, 582], [697, 583], [697, 584], [697, 585], [696, 586], [695, 586], [694, 586], [695, 587], [696, 588], [696, 589], [696, 590], [697, 590], [698, 590], [699, 591], [698, 592], [698, 593], [699, 594], [700, 595], [700, 596], [701, 596], [702, 597], [703, 598], [704, 598], [705, 599], [705, 600], [706, 601], [707, 602], [707, 603], [708, 603], [708, 602], [707, 601], [706, 600], [705, 599], [704, 598], [703, 597], [703, 596], [703, 595], [702, 594], [702, 593], [701, 593], [700, 592], [700, 591], [699, 590], [700, 589], [700, 588], [700, 587], [700, 586], [700, 585], [700, 584], [700, 583], [700, 582], [699, 581], [699, 580], [699, 579], [698, 578], [697, 577], [696, 577], [695, 578], [694, 578], [693, 578], [692, 579], [691, 579], [690, 578], [690, 577], [690, 576], [689, 575], [688, 574], [689, 573], [690, 572], [691, 571], [692, 571], [693, 571], [694, 571], [695, 571], [696, 571], [697, 571], [697, 570], [697, 569], [696, 569], [695, 569], [694, 569], [693, 569], [692, 568], [692, 567], [692, 566], [691, 566], [690, 565], [689, 564], [689, 563], [688, 562], [687, 562], [686, 562], [685, 563], [684, 563], [683, 562], [682, 561], [681, 561], [680, 560], [679, 560], [678, 561], [677, 560], [676, 560]]], [[[649, 560], [648, 561], [647, 561], [646, 561], [647, 561], [648, 562], [649, 562], [650, 563], [651, 564], [651, 565], [651, 566], [651, 567], [650, 568], [649, 569], [648, 570], [647, 570], [646, 569], [646, 570], [647, 570], [648, 571], [649, 572], [649, 573], [649, 574], [648, 575], [647, 575], [647, 576], [647, 577], [646, 578], [647, 579], [648, 578], [649, 577], [649, 576], [650, 575], [650, 574], [651, 573], [651, 572], [651, 571], [650, 570], [650, 569], [651, 568], [652, 568], [652, 567], [652, 566], [651, 565], [652, 564], [653, 564], [652, 564], [651, 563], [651, 562], [650, 561]]], [[[597, 514], [596, 515], [596, 516], [597, 516], [598, 516], [599, 517], [600, 517], [601, 518], [602, 519], [603, 520], [604, 520], [605, 521], [606, 522], [607, 523], [608, 523], [609, 523], [609, 522], [608, 522], [607, 521], [606, 520], [605, 519], [604, 519], [603, 518], [602, 517], [601, 516], [600, 515], [600, 514], [599, 514], [598, 514]]]]","[[], 159, 160, 110, 162, 163, 164, 165, 166]"
93,93,"[[[200, 519]], [[199, 520]], [[198, 520]], [[197, 521]], [[196, 521]], [[195, 522]], [[195, 523]], [[195, 524]], [[195, 525]], [[195, 526]], [[195, 527]], [[195, 528]], [[195, 529]], [[195, 530]], [[196, 531]], [[196, 532]], [[196, 533]], [[196, 534]], [[197, 535]], [[197, 536]], [[198, 537]], [[198, 538]], [[199, 539]], [[200, 539]], [[201, 539]], [[202, 540]], [[203, 539]], [[203, 538]], [[203, 537]], [[203, 536]], [[203, 535]], [[202, 534]], [[202, 533]], [[202, 532]], [[202, 531]], [[203, 530]], [[203, 529]], [[203, 528]], [[203, 527]], [[203, 526]], [[202, 525]], [[202, 524]], [[202, 523]], [[202, 522]], [[202, 521]], [[201, 520]], [[201, 519]]]",[[]],[]
94,94,"[[[331, 514]], [[330, 515]], [[329, 515]], [[328, 515]], [[327, 515]], [[326, 516]], [[326, 517]], [[325, 518]], [[325, 519]], [[325, 520]], [[324, 521]], [[323, 522]], [[324, 523]], [[324, 524]], [[323, 525]], [[322, 526]], [[321, 525]], [[320, 526]], [[319, 527]], [[318, 527]], [[317, 528]], [[316, 528]], [[315, 528]], [[314, 529]], [[313, 529]], [[312, 530]], [[311, 531]], [[312, 532]], [[312, 533]], [[311, 534]], [[310, 535]], [[310, 536]], [[310, 537]], [[310, 538]], [[309, 539]], [[309, 540]], [[308, 541]], [[308, 542]], [[308, 543]], [[308, 544]], [[308, 545]], [[308, 546]], [[307, 547]], [[306, 547]], [[306, 548]], [[306, 549]], [[306, 550]], [[305, 551]], [[305, 552]], [[306, 553]], [[305, 554]], [[305, 555]], [[304, 556]], [[304, 557]], [[303, 558]], [[302, 558]], [[302, 559]], [[301, 560]], [[301, 561]], [[300, 562]], [[300, 563]], [[300, 564]], [[300, 565]], [[299, 566]], [[299, 567]], [[299, 568]], [[299, 569]], [[300, 570]], [[300, 571]], [[300, 572]], [[300, 573]], [[300, 574]], [[301, 575]], [[302, 576]], [[303, 576]], [[304, 576]], [[305, 576]], [[306, 577]], [[307, 577]], [[308, 577]], [[309, 577]], [[310, 577]], [[311, 577]], [[312, 576]], [[313, 576]], [[314, 576]], [[315, 576]], [[316, 575]], [[317, 575]], [[318, 575]], [[319, 575]], [[320, 575]], [[321, 574]], [[322, 574]], [[323, 573]], [[324, 573]], [[325, 573]], [[326, 573]], [[327, 573]], [[328, 574]], [[329, 575]], [[329, 576]], [[330, 576]], [[331, 576]], [[332, 576]], [[333, 576]], [[334, 576]], [[335, 575]], [[335, 574]], [[336, 573]], [[337, 572]], [[338, 571]], [[339, 570]], [[339, 569]], [[340, 568]], [[341, 567]], [[342, 566]], [[343, 566]], [[344, 565]], [[343, 564]], [[344, 563]], [[344, 562]], [[345, 561]], [[346, 560]], [[347, 559]], [[348, 559]], [[349, 559]], [[350, 560]], [[351, 560]], [[352, 560]], [[353, 561]], [[354, 561]], [[355, 561]], [[356, 562]], [[357, 562]], [[358, 562]], [[359, 563]], [[360, 564]], [[361, 565]], [[362, 565]], [[363, 565]], [[364, 565]], [[365, 565]], [[366, 566]], [[367, 566]], [[368, 566]], [[369, 566]], [[370, 565]], [[371, 565]], [[371, 564]], [[371, 563]], [[371, 562]], [[370, 561]], [[369, 560]], [[369, 559]], [[368, 558]], [[367, 557]], [[367, 556]], [[367, 555]], [[367, 554]], [[368, 553]], [[369, 553]], [[370, 553]], [[371, 552]], [[372, 552]], [[373, 552]], [[374, 552]], [[375, 552]], [[376, 552]], [[377, 551]], [[378, 551]], [[379, 551]], [[380, 550]], [[381, 549]], [[382, 548]], [[382, 547]], [[382, 546]], [[382, 545]], [[383, 544]], [[383, 543]], [[382, 542]], [[382, 541]], [[382, 540]], [[381, 539]], [[381, 538]], [[381, 537]], [[381, 536]], [[380, 535]], [[379, 534]], [[378, 533]], [[378, 532]], [[377, 531]], [[376, 531]], [[375, 531]], [[374, 530]], [[374, 529]], [[373, 529]], [[372, 529]], [[371, 528]], [[370, 528]], [[369, 529]], [[368, 529]], [[367, 529]], [[366, 528]], [[365, 527]], [[364, 526]], [[364, 525]], [[363, 525]], [[362, 525]], [[361, 524]], [[360, 524]], [[359, 523]], [[358, 523]], [[357, 522]], [[356, 522]], [[355, 521]], [[355, 520]], [[354, 520]], [[353, 520]], [[352, 520]], [[351, 520]], [[350, 521]], [[349, 521]], [[348, 521]], [[347, 521]], [[346, 521]], [[345, 521]], [[344, 521]], [[343, 522]], [[342, 522]], [[341, 521]], [[341, 520]], [[341, 519]], [[341, 518]], [[340, 517]], [[339, 517]], [[338, 516]], [[337, 516]], [[336, 515]], [[335, 515]], [[334, 515]], [[333, 514]], [[332, 514]]]","[[[[332, 512], [331, 513], [330, 513], [329, 513], [328, 513], [327, 513], [327, 514], [328, 514], [329, 514], [330, 514], [331, 513], [332, 513], [333, 513], [334, 514], [335, 514], [336, 514], [337, 515], [338, 515], [339, 516], [340, 516], [341, 517], [342, 517], [343, 518], [343, 519], [343, 520], [344, 520], [345, 520], [346, 520], [347, 520], [348, 520], [349, 520], [350, 520], [350, 519], [350, 518], [350, 517], [350, 516], [349, 516], [348, 517], [347, 517], [346, 517], [345, 517], [346, 518], [345, 519], [344, 519], [343, 518], [343, 517], [342, 516], [341, 515], [340, 514], [339, 513], [338, 512], [337, 512], [336, 512], [335, 512], [334, 512], [333, 512]]], [[[317, 517], [317, 518], [316, 519], [317, 519], [318, 520], [319, 521], [319, 522], [319, 523], [319, 524], [320, 524], [321, 524], [322, 525], [323, 524], [323, 523], [322, 522], [323, 521], [324, 520], [324, 519], [324, 518], [324, 517], [323, 517], [322, 518], [321, 518], [320, 519], [319, 519], [318, 518], [318, 517]]], [], [[[361, 517], [361, 518], [362, 518], [363, 519], [363, 520], [363, 521], [362, 522], [361, 522], [360, 521], [359, 520], [359, 519], [359, 518], [358, 518], [357, 518], [356, 519], [356, 520], [356, 521], [357, 521], [358, 522], [359, 522], [360, 523], [361, 523], [362, 524], [363, 524], [364, 524], [365, 525], [365, 526], [366, 527], [367, 528], [368, 528], [369, 528], [370, 527], [371, 527], [372, 528], [373, 528], [374, 528], [375, 529], [375, 530], [376, 530], [377, 530], [378, 531], [379, 532], [379, 533], [380, 534], [381, 535], [382, 536], [382, 537], [382, 538], [383, 538], [384, 538], [385, 538], [385, 537], [385, 536], [384, 535], [383, 535], [382, 534], [381, 533], [381, 532], [380, 532], [379, 531], [378, 530], [377, 529], [377, 528], [377, 527], [376, 527], [375, 526], [375, 527], [374, 528], [373, 527], [373, 526], [372, 526], [371, 526], [370, 526], [369, 526], [368, 525], [367, 525], [366, 524], [366, 523], [366, 522], [365, 521], [365, 520], [364, 519], [364, 518], [363, 518], [362, 517]]]]","[167, 168, [], 169]"
95,95,"[[[35, 511]], [[34, 512]], [[34, 513]], [[33, 514]], [[32, 514]], [[31, 515]], [[30, 515]], [[30, 516]], [[30, 517]], [[30, 518]], [[29, 519]], [[28, 519]], [[28, 520]], [[28, 521]], [[27, 522]], [[26, 522]], [[26, 523]], [[27, 524]], [[27, 525]], [[26, 526]], [[26, 527]], [[26, 528]], [[27, 528]], [[28, 529]], [[28, 530]], [[28, 531]], [[27, 532]], [[28, 532]], [[28, 531]], [[28, 530]], [[29, 529]], [[30, 529]], [[31, 530]], [[32, 530]], [[33, 531]], [[33, 532]], [[34, 533]], [[35, 532]], [[34, 531]], [[34, 530]], [[35, 529]], [[36, 528]], [[37, 527]], [[38, 526]], [[39, 526]], [[40, 525]], [[41, 524]], [[42, 523]], [[43, 522]], [[44, 521]], [[45, 521]], [[46, 520]], [[46, 519]], [[46, 518]], [[46, 517]], [[46, 516]], [[45, 515]], [[44, 514]], [[43, 514]], [[42, 513]], [[41, 513]], [[40, 512]], [[39, 512]], [[38, 512]], [[37, 512]], [[36, 512]]]","[[], [[[10, 531], [9, 532], [8, 532], [8, 533], [9, 534], [9, 535], [9, 536], [10, 537], [10, 538], [9, 539], [10, 540], [11, 541], [12, 541], [12, 540], [12, 539], [12, 538], [13, 537], [13, 536], [14, 535], [15, 534], [16, 534], [17, 534], [18, 534], [19, 535], [20, 534], [21, 534], [22, 534], [23, 534], [24, 534], [25, 534], [26, 534], [27, 534], [28, 535], [28, 534], [27, 534], [26, 533], [25, 533], [24, 534], [23, 533], [22, 533], [21, 532], [20, 532], [19, 532], [18, 532], [17, 532], [16, 532], [15, 532], [14, 532], [13, 533], [12, 532], [11, 531]]]]","[[], 170]"
96,96,"[[[321, 495]], [[320, 496]], [[319, 497]], [[318, 497]], [[317, 496]], [[316, 497]], [[315, 498]], [[314, 498]], [[313, 499]], [[312, 499]], [[311, 500]], [[310, 501]], [[309, 502]], [[308, 502]], [[307, 503]], [[306, 503]], [[305, 503]], [[305, 504]], [[304, 505]], [[304, 506]], [[303, 507]], [[303, 508]], [[303, 509]], [[303, 510]], [[303, 511]], [[303, 512]], [[303, 513]], [[303, 514]], [[303, 515]], [[303, 516]], [[304, 517]], [[305, 518]], [[306, 518]], [[307, 518]], [[308, 518]], [[309, 518]], [[310, 518]], [[311, 518]], [[312, 517]], [[313, 518]], [[314, 518]], [[315, 517]], [[316, 516]], [[317, 516]], [[318, 516]], [[319, 515]], [[320, 514]], [[321, 513]], [[322, 512]], [[322, 511]], [[323, 510]], [[324, 509]], [[324, 508]], [[325, 507]], [[325, 506]], [[325, 505]], [[325, 504]], [[325, 503]], [[325, 502]], [[325, 501]], [[325, 500]], [[325, 499]], [[324, 498]], [[324, 497]], [[324, 496]], [[323, 496]], [[322, 495]]]","[[], [[[301, 517], [300, 518], [300, 519], [299, 520], [298, 520], [297, 521], [296, 521], [297, 522], [298, 523], [299, 523], [300, 524], [300, 525], [301, 526], [301, 527], [302, 527], [303, 527], [303, 526], [302, 525], [303, 524], [304, 524], [305, 523], [306, 523], [307, 523], [308, 523], [307, 522], [306, 521], [307, 520], [307, 519], [306, 519], [305, 519], [304, 518], [303, 517], [302, 517]]], [[[317, 517], [317, 518], [316, 519], [317, 519], [318, 520], [319, 521], [319, 522], [319, 523], [319, 524], [320, 524], [321, 524], [322, 525], [323, 524], [323, 523], [322, 522], [323, 521], [324, 520], [324, 519], [324, 518], [324, 517], [323, 517], [322, 518], [321, 518], [320, 519], [319, 519], [318, 518], [318, 517]]]]","[[], 171, 168]"
97,97,"[[[613, 494]], [[613, 495]], [[613, 496]], [[612, 497]], [[611, 497]], [[611, 498]], [[610, 499]], [[609, 500]], [[609, 501]], [[608, 502]], [[607, 503]], [[607, 504]], [[608, 505]], [[608, 506]], [[608, 507]], [[608, 508]], [[607, 509]], [[607, 510]], [[607, 511]], [[608, 512]], [[608, 513]], [[609, 514]], [[609, 515]], [[610, 516]], [[610, 517]], [[611, 517]], [[612, 518]], [[613, 519]], [[614, 520]], [[615, 520]], [[616, 521]], [[617, 521]], [[618, 521]], [[619, 521]], [[620, 521]], [[621, 521]], [[622, 521]], [[623, 521]], [[624, 521]], [[625, 521]], [[626, 521]], [[627, 521]], [[628, 521]], [[629, 521]], [[630, 521]], [[631, 521]], [[632, 521]], [[633, 521]], [[634, 520]], [[635, 519]], [[636, 518]], [[637, 518]], [[638, 517]], [[637, 516]], [[638, 515]], [[638, 514]], [[637, 513]], [[637, 512]], [[638, 511]], [[638, 510]], [[637, 510]], [[636, 509]], [[636, 508]], [[636, 507]], [[635, 506]], [[635, 505]], [[634, 504]], [[634, 503]], [[634, 502]], [[634, 501]], [[633, 501]], [[632, 500]], [[631, 499]], [[630, 498]], [[629, 498]], [[628, 497]], [[627, 497]], [[626, 496]], [[625, 495]], [[624, 496]], [[623, 496]], [[622, 496]], [[621, 496]], [[620, 496]], [[619, 496]], [[618, 496]], [[617, 495]], [[616, 494]], [[615, 494]], [[614, 494]]]",[[]],[]
98,98,"[[[580, 489]], [[579, 490]], [[578, 491]], [[577, 492]], [[576, 493]], [[575, 494]], [[575, 495]], [[575, 496]], [[576, 497]], [[577, 497]], [[578, 498]], [[578, 499]], [[579, 500]], [[579, 501]], [[580, 501]], [[581, 502]], [[582, 502]], [[583, 502]], [[584, 502]], [[585, 502]], [[586, 502]], [[587, 502]], [[588, 502]], [[589, 502]], [[590, 501]], [[591, 501]], [[592, 501]], [[592, 500]], [[593, 499]], [[593, 498]], [[592, 498]], [[591, 497]], [[590, 497]], [[589, 496]], [[588, 496]], [[587, 495]], [[587, 494]], [[586, 494]], [[585, 493]], [[584, 492]], [[583, 491]], [[583, 490]], [[582, 489]], [[581, 489]]]",[[]],[]
99,99,"[[[407, 477]], [[406, 478]], [[405, 478]], [[404, 479]], [[403, 479]], [[402, 480]], [[401, 480]], [[400, 481]], [[399, 481]], [[398, 481]], [[397, 481]], [[396, 482]], [[395, 482]], [[394, 482]], [[393, 483]], [[392, 483]], [[391, 483]], [[390, 483]], [[389, 484]], [[388, 483]], [[387, 482]], [[386, 481]], [[385, 481]], [[384, 481]], [[383, 481]], [[382, 481]], [[381, 481]], [[380, 481]], [[379, 481]], [[378, 481]], [[377, 481]], [[376, 481]], [[375, 481]], [[375, 482]], [[374, 483]], [[373, 484]], [[373, 485]], [[372, 486]], [[373, 487]], [[372, 488]], [[372, 489]], [[372, 490]], [[372, 491]], [[373, 492]], [[373, 493]], [[374, 494]], [[375, 495]], [[375, 496]], [[375, 497]], [[375, 498]], [[375, 499]], [[375, 500]], [[375, 501]], [[375, 502]], [[375, 503]], [[375, 504]], [[376, 505]], [[376, 506]], [[377, 507]], [[377, 508]], [[378, 509]], [[379, 510]], [[379, 511]], [[379, 512]], [[380, 512]], [[381, 512]], [[382, 512]], [[383, 513]], [[384, 513]], [[385, 514]], [[386, 515]], [[387, 516]], [[387, 517]], [[387, 518]], [[388, 519]], [[389, 520]], [[390, 521]], [[391, 521]], [[392, 522]], [[393, 523]], [[394, 524]], [[395, 524]], [[396, 524]], [[397, 524]], [[398, 525]], [[399, 525]], [[400, 526]], [[400, 527]], [[401, 528]], [[402, 529]], [[402, 530]], [[403, 530]], [[404, 530]], [[405, 531]], [[406, 531]], [[407, 531]], [[408, 530]], [[409, 530]], [[410, 530]], [[411, 529]], [[412, 529]], [[413, 529]], [[413, 528]], [[414, 527]], [[415, 526]], [[416, 525]], [[416, 524]], [[417, 523]], [[417, 522]], [[418, 521]], [[418, 520]], [[417, 519]], [[416, 518]], [[416, 517]], [[415, 516]], [[415, 515]], [[415, 514]], [[414, 513]], [[414, 512]], [[413, 511]], [[413, 510]], [[413, 509]], [[414, 508]], [[415, 508]], [[416, 508]], [[417, 508]], [[418, 507]], [[419, 507]], [[420, 506]], [[421, 506]], [[421, 505]], [[422, 504]], [[423, 503]], [[423, 502]], [[423, 501]], [[424, 500]], [[424, 499]], [[424, 498]], [[424, 497]], [[424, 496]], [[424, 495]], [[424, 494]], [[424, 493]], [[424, 492]], [[423, 491]], [[423, 490]], [[422, 490]], [[421, 489]], [[420, 489]], [[419, 489]], [[418, 489]], [[417, 488]], [[416, 488]], [[415, 487]], [[414, 487]], [[413, 486]], [[412, 485]], [[411, 484]], [[410, 483]], [[409, 482]], [[409, 481]], [[409, 480]], [[409, 479]], [[408, 478]], [[408, 477]]]","[[], [[[412, 530], [411, 531], [410, 531], [409, 532], [408, 532], [407, 532], [406, 532], [405, 532], [404, 532], [403, 532], [402, 531], [401, 531], [401, 532], [401, 533], [401, 534], [402, 534], [403, 534], [404, 534], [405, 535], [406, 536], [407, 535], [408, 534], [409, 533], [410, 533], [411, 533], [412, 533], [413, 532], [414, 532], [414, 531], [413, 530]]]]","[[], 138]"
100,100,"[[[64, 468]], [[63, 469]], [[62, 470]], [[61, 471]], [[60, 471]], [[59, 471]], [[58, 471]], [[57, 471]], [[56, 471]], [[55, 472]], [[54, 473]], [[54, 474]], [[54, 475]], [[55, 476]], [[56, 476]], [[57, 477]], [[58, 477]], [[59, 477]], [[60, 476]], [[61, 475]], [[62, 475]], [[63, 474]], [[64, 473]], [[65, 472]], [[66, 473]], [[67, 472]], [[68, 472]], [[68, 471]], [[68, 470]], [[67, 469]], [[66, 468]], [[65, 468]]]","[[[[75, 453], [76, 454], [76, 455], [75, 456], [75, 457], [75, 458], [76, 459], [75, 460], [76, 461], [77, 462], [77, 463], [78, 464], [78, 465], [78, 466], [77, 467], [76, 467], [75, 466], [75, 465], [74, 464], [74, 463], [73, 462], [72, 462], [71, 462], [70, 462], [70, 463], [70, 464], [69, 465], [68, 466], [68, 467], [68, 468], [68, 469], [69, 470], [70, 471], [70, 472], [70, 473], [70, 474], [70, 475], [71, 476], [71, 477], [71, 478], [71, 479], [70, 480], [70, 481], [69, 482], [68, 482], [67, 483], [66, 484], [65, 485], [64, 484], [63, 484], [62, 483], [61, 484], [60, 485], [59, 485], [58, 485], [57, 485], [56, 484], [55, 484], [54, 484], [53, 484], [52, 483], [51, 483], [50, 482], [49, 482], [48, 482], [48, 483], [49, 483], [50, 484], [51, 484], [52, 484], [53, 484], [54, 485], [55, 485], [56, 485], [57, 486], [58, 487], [58, 488], [58, 489], [58, 490], [58, 491], [59, 491], [60, 491], [61, 491], [62, 491], [63, 492], [64, 491], [65, 492], [66, 492], [67, 492], [68, 492], [69, 492], [70, 493], [70, 494], [70, 495], [70, 496], [70, 497], [70, 498], [70, 499], [71, 498], [71, 497], [71, 496], [72, 495], [73, 494], [74, 494], [75, 495], [75, 496], [76, 496], [77, 496], [78, 496], [79, 495], [80, 495], [81, 495], [82, 495], [83, 495], [84, 496], [85, 496], [86, 496], [85, 495], [85, 494], [84, 494], [83, 494], [82, 493], [81, 492], [80, 491], [79, 490], [78, 489], [77, 488], [76, 488], [76, 489], [76, 490], [75, 491], [74, 491], [73, 491], [72, 490], [71, 490], [70, 489], [70, 488], [69, 487], [69, 486], [69, 485], [70, 484], [71, 484], [72, 484], [73, 483], [73, 482], [73, 481], [73, 480], [73, 479], [73, 478], [73, 477], [74, 476], [75, 476], [75, 475], [75, 474], [74, 473], [74, 472], [74, 471], [75, 470], [76, 469], [77, 469], [78, 468], [78, 467], [79, 466], [79, 465], [80, 464], [80, 463], [80, 462], [81, 461], [81, 460], [81, 459], [81, 458], [82, 457], [83, 456], [83, 455], [83, 454], [83, 453], [82, 453], [81, 453], [81, 454], [80, 455], [79, 455], [78, 455], [77, 455], [76, 454], [76, 453]]]]",[174]
101,101,"[[[657, 457]], [[656, 458]], [[655, 459]], [[654, 460]], [[653, 460]], [[652, 461]], [[651, 462]], [[652, 463]], [[653, 464]], [[653, 465]], [[653, 466]], [[654, 467]], [[654, 468]], [[654, 469]], [[654, 470]], [[655, 471]], [[655, 472]], [[655, 473]], [[656, 474]], [[656, 475]], [[656, 476]], [[657, 477]], [[657, 478]], [[657, 479]], [[657, 480]], [[658, 481]], [[659, 482]], [[660, 483]], [[661, 483]], [[662, 483]], [[663, 483]], [[664, 483]], [[665, 483]], [[666, 483]], [[667, 484]], [[668, 485]], [[669, 485]], [[670, 486]], [[671, 485]], [[672, 486]], [[673, 486]], [[674, 486]], [[675, 486]], [[676, 486]], [[677, 486]], [[677, 485]], [[676, 484]], [[675, 484]], [[674, 484]], [[673, 484]], [[672, 483]], [[672, 482]], [[672, 481]], [[672, 480]], [[672, 479]], [[672, 478]], [[673, 477]], [[673, 476]], [[673, 475]], [[673, 474]], [[673, 473]], [[674, 472]], [[675, 472]], [[676, 473]], [[676, 474]], [[677, 473]], [[678, 473]], [[679, 473]], [[679, 472]], [[679, 471]], [[678, 470]], [[677, 470]], [[676, 469]], [[675, 470]], [[674, 470]], [[673, 469]], [[672, 468]], [[672, 467]], [[671, 466]], [[670, 465]], [[669, 464]], [[668, 463]], [[667, 462]], [[666, 461]], [[666, 460]], [[666, 459]], [[665, 458]], [[664, 457]], [[663, 457]], [[662, 457]], [[661, 457]], [[660, 457]], [[659, 457]], [[658, 457]]]","[[[[650, 444], [649, 445], [648, 445], [647, 445], [646, 445], [646, 446], [646, 447], [647, 448], [647, 447], [648, 446], [649, 446], [650, 447], [651, 447], [652, 448], [653, 448], [654, 449], [655, 450], [654, 451], [654, 452], [654, 453], [655, 453], [656, 453], [657, 454], [656, 455], [655, 456], [655, 457], [656, 457], [657, 456], [658, 456], [659, 456], [659, 455], [659, 454], [659, 453], [659, 452], [659, 451], [659, 450], [658, 450], [657, 449], [656, 449], [655, 449], [654, 449], [653, 448], [653, 447], [652, 446], [652, 445], [651, 444]]], [], [[[665, 485], [666, 486], [667, 487], [666, 488], [665, 488], [664, 488], [663, 488], [662, 488], [663, 488], [664, 489], [665, 489], [666, 489], [667, 489], [668, 490], [667, 491], [668, 492], [668, 493], [668, 494], [669, 494], [670, 493], [669, 493], [668, 492], [668, 491], [668, 490], [668, 489], [669, 488], [670, 488], [671, 488], [672, 489], [673, 489], [672, 488], [671, 487], [670, 487], [669, 487], [668, 486], [667, 485], [666, 485]]]]","[175, [], 176]"
102,102,"[[[463, 456]], [[462, 457]], [[461, 457]], [[460, 458]], [[459, 459]], [[458, 458]], [[458, 459]], [[458, 460]], [[458, 461]], [[457, 462]], [[457, 463]], [[456, 464]], [[456, 465]], [[456, 466]], [[456, 467]], [[455, 468]], [[455, 469]], [[456, 469]], [[457, 470]], [[458, 471]], [[459, 472]], [[458, 473]], [[459, 473]], [[460, 474]], [[461, 475]], [[460, 476]], [[460, 477]], [[459, 478]], [[460, 479]], [[460, 480]], [[460, 481]], [[459, 482]], [[459, 483]], [[459, 484]], [[459, 485]], [[460, 486]], [[460, 487]], [[461, 488]], [[462, 489]], [[463, 489]], [[464, 490]], [[464, 491]], [[465, 492]], [[465, 493]], [[466, 494]], [[466, 495]], [[467, 496]], [[468, 497]], [[469, 497]], [[470, 497]], [[471, 497]], [[472, 497]], [[473, 496]], [[473, 495]], [[474, 494]], [[475, 493]], [[476, 492]], [[477, 491]], [[478, 490]], [[479, 489]], [[480, 488]], [[480, 487]], [[480, 486]], [[480, 485]], [[480, 484]], [[480, 483]], [[481, 482]], [[481, 481]], [[482, 480]], [[482, 479]], [[482, 478]], [[482, 477]], [[482, 476]], [[482, 475]], [[481, 474]], [[480, 473]], [[479, 472]], [[479, 471]], [[478, 470]], [[477, 469]], [[477, 468]], [[477, 467]], [[476, 466]], [[476, 465]], [[475, 464]], [[475, 463]], [[474, 462]], [[474, 461]], [[473, 460]], [[472, 459]], [[471, 459]], [[470, 458]], [[469, 458]], [[468, 457]], [[467, 457]], [[466, 456]], [[465, 456]], [[464, 456]]]","[[[[443, 456], [444, 457], [445, 457], [446, 458], [447, 459], [448, 460], [449, 461], [449, 462], [450, 462], [451, 462], [452, 461], [453, 461], [454, 461], [455, 462], [455, 463], [455, 464], [454, 465], [454, 466], [453, 467], [453, 468], [454, 469], [453, 470], [454, 470], [454, 469], [454, 468], [455, 467], [455, 466], [455, 465], [455, 464], [456, 463], [456, 462], [457, 461], [457, 460], [457, 459], [457, 458], [457, 457], [456, 457], [456, 458], [456, 459], [455, 460], [454, 460], [453, 460], [452, 460], [451, 460], [450, 459], [449, 458], [448, 458], [447, 458], [446, 457], [445, 457], [444, 456]]], []]","[177, []]"
103,103,"[[[677, 455]], [[676, 456]], [[676, 457]], [[676, 458]], [[677, 459]], [[676, 460]], [[675, 460]], [[676, 460]], [[677, 461]], [[676, 460]], [[677, 459]], [[678, 459]], [[679, 459]], [[680, 459]], [[681, 459]], [[682, 459]], [[683, 460]], [[684, 461]], [[684, 462]], [[684, 463]], [[684, 464]], [[684, 465]], [[683, 466]], [[683, 467]], [[683, 468]], [[683, 469]], [[683, 470]], [[683, 471]], [[684, 472]], [[685, 473]], [[686, 473]], [[687, 472]], [[688, 473]], [[688, 474]], [[688, 475]], [[689, 474]], [[690, 474]], [[691, 475]], [[691, 476]], [[690, 477]], [[690, 478]], [[691, 479]], [[692, 479]], [[693, 479]], [[694, 480]], [[694, 481]], [[693, 482]], [[692, 482]], [[691, 482]], [[690, 482]], [[689, 482]], [[689, 483]], [[689, 484]], [[689, 485]], [[689, 486]], [[688, 487]], [[688, 488]], [[687, 489]], [[686, 490]], [[685, 490]], [[684, 491]], [[684, 492]], [[683, 493]], [[683, 494]], [[683, 495]], [[682, 496]], [[681, 497]], [[681, 498]], [[681, 499]], [[681, 500]], [[680, 501]], [[680, 502]], [[679, 503]], [[679, 504]], [[678, 505]], [[678, 506]], [[677, 507]], [[676, 508]], [[675, 508]], [[674, 509]], [[673, 510]], [[673, 511]], [[672, 512]], [[672, 513]], [[671, 514]], [[670, 515]], [[669, 515]], [[668, 515]], [[667, 515]], [[666, 516]], [[665, 517]], [[665, 518]], [[665, 519]], [[666, 520]], [[666, 521]], [[666, 522]], [[666, 523]], [[666, 524]], [[667, 525]], [[668, 526]], [[669, 526]], [[670, 527]], [[671, 528]], [[672, 529]], [[673, 530]], [[674, 530]], [[675, 531]], [[676, 531]], [[677, 530]], [[678, 531]], [[679, 532]], [[680, 531]], [[681, 532]], [[681, 533]], [[681, 534]], [[681, 535]], [[681, 536]], [[681, 537]], [[681, 538]], [[680, 539]], [[681, 540]], [[682, 540]], [[683, 541]], [[683, 542]], [[683, 543]], [[683, 544]], [[683, 545]], [[684, 546]], [[685, 546]], [[686, 546]], [[687, 546]], [[688, 546]], [[689, 546]], [[690, 545]], [[691, 544]], [[692, 543]], [[693, 542]], [[694, 541]], [[695, 540]], [[695, 539]], [[696, 538]], [[697, 537]], [[698, 536]], [[698, 535]], [[699, 534]], [[700, 533]], [[701, 532]], [[702, 532]], [[703, 531]], [[704, 531]], [[705, 530]], [[706, 530]], [[707, 529]], [[708, 529]], [[709, 528]], [[710, 528]], [[711, 528]], [[712, 528]], [[713, 528]], [[714, 528]], [[715, 528]], [[716, 527]], [[717, 527]], [[718, 526]], [[718, 525]], [[719, 524]], [[720, 524]], [[721, 523]], [[722, 523]], [[723, 522]], [[724, 522]], [[725, 523]], [[726, 523]], [[727, 523]], [[728, 523]], [[729, 523]], [[730, 523]], [[731, 523]], [[732, 522]], [[733, 522]], [[734, 522]], [[734, 521]], [[735, 520]], [[735, 519]], [[734, 518]], [[734, 517]], [[733, 516]], [[733, 515]], [[732, 514]], [[732, 513]], [[731, 512]], [[731, 511]], [[730, 510]], [[729, 509]], [[728, 508]], [[727, 508]], [[726, 507]], [[725, 507]], [[724, 508]], [[723, 507]], [[722, 506]], [[722, 505]], [[721, 504]], [[720, 503]], [[720, 502]], [[720, 501]], [[720, 500]], [[720, 499]], [[719, 498]], [[719, 497]], [[718, 497]], [[717, 496]], [[716, 495]], [[716, 494]], [[715, 493]], [[715, 492]], [[714, 491]], [[713, 490]], [[712, 489]], [[711, 488]], [[710, 487]], [[709, 486]], [[708, 485]], [[707, 485]], [[706, 484]], [[705, 484]], [[704, 485]], [[703, 485]], [[702, 484]], [[701, 484]], [[700, 483]], [[699, 483]], [[698, 482]], [[697, 481]], [[696, 480]], [[696, 479]], [[697, 478]], [[698, 478]], [[699, 477]], [[700, 476]], [[701, 475]], [[702, 474]], [[703, 473]], [[704, 472]], [[705, 471]], [[705, 470]], [[706, 469]], [[706, 468]], [[707, 467]], [[707, 466]], [[708, 465]], [[709, 464]], [[710, 463]], [[711, 462]], [[711, 461]], [[711, 460]], [[711, 459]], [[710, 459]], [[709, 459]], [[708, 458]], [[708, 457]], [[708, 458]], [[707, 459]], [[706, 459]], [[705, 459]], [[704, 458]], [[703, 457]], [[704, 456]], [[705, 456]], [[704, 456]], [[703, 456]], [[702, 456]], [[701, 456]], [[700, 456]], [[699, 456]], [[698, 457]], [[697, 457]], [[696, 457]], [[695, 457]], [[694, 456]], [[693, 456]], [[692, 456]], [[691, 456]], [[690, 457]], [[689, 457]], [[688, 457]], [[687, 458]], [[686, 457]], [[687, 458]], [[686, 459]], [[685, 459]], [[684, 459]], [[683, 459]], [[682, 459]], [[681, 458]], [[680, 457]], [[680, 456]], [[679, 456]], [[678, 456]]]","[[[[681, 451], [681, 452], [681, 453], [680, 454], [679, 454], [678, 453], [677, 453], [676, 454], [677, 454], [678, 455], [679, 455], [680, 455], [681, 456], [681, 457], [682, 458], [683, 458], [684, 458], [685, 458], [686, 458], [685, 457], [685, 456], [684, 455], [684, 454], [684, 453], [685, 452], [686, 452], [686, 451], [685, 451], [684, 451], [683, 451], [682, 451]]], [], [[[689, 475], [688, 476], [687, 477], [686, 476], [685, 476], [684, 476], [683, 476], [682, 476], [682, 477], [682, 478], [683, 478], [684, 478], [685, 477], [686, 477], [687, 478], [688, 479], [689, 479], [690, 480], [691, 481], [692, 481], [693, 481], [693, 480], [692, 480], [691, 480], [690, 479], [689, 478], [689, 477], [690, 476], [690, 475]]], [[[709, 465], [708, 466], [708, 467], [707, 468], [707, 469], [706, 470], [706, 471], [706, 472], [705, 473], [704, 474], [703, 474], [702, 475], [701, 476], [700, 477], [699, 478], [698, 479], [697, 479], [697, 480], [698, 481], [699, 481], [700, 480], [701, 481], [702, 482], [703, 481], [704, 481], [705, 481], [706, 481], [706, 480], [705, 480], [704, 480], [703, 480], [702, 479], [702, 478], [703, 477], [704, 477], [705, 477], [705, 476], [705, 475], [706, 474], [707, 475], [707, 476], [707, 477], [707, 478], [708, 478], [709, 477], [710, 478], [710, 479], [710, 480], [711, 480], [712, 480], [713, 479], [714, 479], [713, 478], [712, 478], [711, 478], [710, 477], [709, 477], [708, 476], [707, 475], [707, 474], [706, 473], [707, 472], [707, 471], [707, 470], [707, 469], [708, 468], [709, 468], [710, 467], [711, 467], [711, 466], [711, 465], [710, 465]]]]","[178, [], 179, 180]"
104,104,"[[[534, 445]], [[534, 446]], [[533, 447]], [[532, 447]], [[531, 447]], [[530, 448]], [[529, 449]], [[528, 450]], [[527, 450]], [[526, 451]], [[525, 451]], [[524, 452]], [[523, 453]], [[522, 454]], [[521, 454]], [[520, 455]], [[519, 455]], [[518, 456]], [[517, 457]], [[516, 457]], [[515, 457]], [[514, 458]], [[513, 459]], [[512, 460]], [[511, 461]], [[510, 462]], [[509, 462]], [[508, 463]], [[507, 463]], [[506, 464]], [[505, 465]], [[504, 466]], [[503, 466]], [[502, 466]], [[502, 467]], [[501, 468]], [[500, 468]], [[499, 469]], [[498, 470]], [[497, 471]], [[497, 472]], [[497, 473]], [[497, 474]], [[497, 475]], [[497, 476]], [[497, 477]], [[497, 478]], [[498, 479]], [[498, 480]], [[499, 481]], [[499, 482]], [[500, 483]], [[500, 484]], [[501, 485]], [[502, 486]], [[503, 487]], [[504, 488]], [[505, 488]], [[506, 488]], [[507, 489]], [[508, 490]], [[509, 491]], [[509, 492]], [[510, 493]], [[511, 494]], [[511, 495]], [[512, 496]], [[513, 497]], [[514, 498]], [[515, 498]], [[516, 498]], [[517, 498]], [[518, 498]], [[519, 498]], [[520, 498]], [[521, 498]], [[522, 497]], [[523, 497]], [[524, 497]], [[525, 497]], [[526, 497]], [[527, 497]], [[528, 498]], [[527, 499]], [[526, 500]], [[525, 501]], [[525, 502]], [[524, 503]], [[523, 504]], [[522, 505]], [[521, 506]], [[521, 507]], [[521, 508]], [[521, 509]], [[520, 510]], [[520, 511]], [[520, 512]], [[519, 513]], [[519, 514]], [[518, 515]], [[518, 516]], [[518, 517]], [[518, 518]], [[518, 519]], [[517, 520]], [[517, 521]], [[518, 522]], [[518, 523]], [[518, 524]], [[518, 525]], [[519, 526]], [[519, 527]], [[519, 528]], [[520, 529]], [[521, 530]], [[522, 531]], [[522, 532]], [[523, 532]], [[524, 533]], [[525, 533]], [[526, 533]], [[527, 533]], [[528, 533]], [[529, 533]], [[530, 533]], [[531, 533]], [[532, 533]], [[533, 533]], [[534, 533]], [[535, 533]], [[536, 533]], [[537, 532]], [[538, 532]], [[539, 531]], [[540, 531]], [[541, 531]], [[542, 531]], [[543, 530]], [[544, 530]], [[545, 530]], [[546, 530]], [[547, 529]], [[548, 529]], [[549, 529]], [[550, 529]], [[551, 528]], [[552, 528]], [[553, 528]], [[554, 528]], [[555, 527]], [[556, 526]], [[557, 525]], [[558, 525]], [[559, 524]], [[559, 523]], [[560, 522]], [[561, 521]], [[560, 520]], [[561, 519]], [[561, 518]], [[560, 517]], [[559, 516]], [[559, 515]], [[558, 514]], [[557, 513]], [[557, 512]], [[556, 511]], [[555, 510]], [[555, 509]], [[554, 508]], [[553, 507]], [[552, 506]], [[551, 505]], [[551, 504]], [[550, 503]], [[549, 502]], [[548, 501]], [[547, 500]], [[547, 499]], [[546, 499]], [[545, 498]], [[544, 497]], [[543, 496]], [[542, 496]], [[541, 496]], [[540, 495]], [[539, 495]], [[538, 495]], [[537, 495]], [[536, 495]], [[535, 495]], [[534, 495]], [[533, 495]], [[532, 494]], [[532, 493]], [[532, 492]], [[532, 491]], [[531, 490]], [[531, 489]], [[531, 488]], [[531, 487]], [[530, 486]], [[530, 485]], [[530, 484]], [[529, 483]], [[529, 482]], [[529, 481]], [[529, 480]], [[528, 479]], [[528, 478]], [[528, 477]], [[529, 476]], [[530, 476]], [[531, 476]], [[532, 475]], [[533, 475]], [[534, 475]], [[535, 475]], [[536, 475]], [[537, 475]], [[538, 475]], [[539, 475]], [[540, 475]], [[541, 474]], [[542, 474]], [[543, 474]], [[544, 473]], [[544, 472]], [[545, 471]], [[544, 472]], [[543, 472]], [[542, 472]], [[541, 471]], [[540, 470]], [[541, 469]], [[542, 468]], [[543, 467]], [[544, 466]], [[545, 465]], [[546, 464]], [[547, 463]], [[547, 462]], [[548, 461]], [[548, 460]], [[549, 459]], [[550, 458]], [[549, 457]], [[549, 456]], [[549, 455]], [[550, 454]], [[549, 454]], [[548, 453]], [[548, 452]], [[547, 451]], [[546, 451]], [[545, 450]], [[544, 449]], [[543, 448]], [[542, 447]], [[541, 446]], [[540, 446]], [[539, 446]], [[538, 446]], [[537, 446]], [[536, 446]], [[535, 446]]]","[[[[531, 444], [530, 445], [529, 445], [528, 446], [527, 447], [526, 447], [525, 448], [525, 449], [524, 450], [523, 450], [522, 450], [521, 449], [520, 449], [520, 450], [520, 451], [519, 452], [518, 453], [517, 453], [516, 454], [515, 453], [515, 452], [514, 452], [515, 453], [516, 454], [516, 455], [516, 456], [517, 456], [518, 455], [519, 454], [520, 454], [521, 453], [522, 453], [523, 452], [524, 451], [525, 450], [526, 450], [527, 449], [528, 449], [529, 448], [530, 447], [531, 446], [532, 446], [533, 446], [533, 445], [533, 444], [532, 444]]], [[[509, 456], [508, 457], [508, 458], [508, 459], [508, 460], [507, 461], [506, 462], [505, 463], [504, 464], [503, 464], [502, 464], [501, 465], [500, 465], [499, 466], [498, 466], [497, 466], [496, 466], [495, 466], [494, 465], [493, 464], [493, 465], [493, 466], [493, 467], [494, 468], [494, 469], [495, 470], [495, 471], [495, 472], [496, 472], [496, 471], [497, 470], [498, 469], [499, 468], [500, 467], [501, 467], [501, 466], [502, 465], [503, 465], [504, 465], [505, 464], [506, 463], [507, 462], [508, 462], [509, 461], [510, 461], [511, 460], [511, 459], [510, 459], [509, 458], [509, 457]]], [], [[[549, 450], [550, 451], [550, 452], [550, 453], [551, 454], [551, 455], [551, 456], [551, 457], [551, 458], [550, 459], [549, 460], [549, 461], [548, 462], [548, 463], [547, 464], [546, 465], [545, 466], [545, 467], [544, 468], [543, 468], [542, 469], [541, 470], [542, 471], [543, 471], [544, 471], [545, 470], [546, 470], [546, 469], [547, 468], [547, 467], [548, 466], [548, 465], [549, 464], [549, 463], [549, 462], [550, 461], [551, 460], [551, 459], [551, 458], [551, 457], [552, 456], [551, 455], [551, 454], [551, 453], [550, 452], [550, 451], [550, 450]]]]","[181, 182, [], 183]"
105,105,"[[[389, 441]], [[388, 442]], [[387, 442]], [[386, 442]], [[385, 442]], [[384, 443]], [[383, 443]], [[382, 443]], [[381, 442]], [[380, 443]], [[379, 443]], [[378, 443]], [[378, 444]], [[378, 445]], [[378, 446]], [[378, 447]], [[379, 448]], [[379, 449]], [[379, 450]], [[380, 451]], [[381, 452]], [[382, 452]], [[383, 452]], [[384, 452]], [[385, 452]], [[386, 452]], [[387, 452]], [[388, 452]], [[389, 452]], [[390, 451]], [[391, 451]], [[392, 451]], [[393, 450]], [[394, 450]], [[395, 450]], [[396, 449]], [[395, 448]], [[395, 447]], [[394, 446]], [[394, 445]], [[393, 444]], [[393, 443]], [[393, 442]], [[392, 441]], [[391, 441]], [[390, 441]]]","[[[[391, 431], [390, 432], [389, 433], [389, 434], [389, 435], [390, 436], [391, 437], [392, 437], [393, 438], [392, 439], [391, 439], [390, 439], [389, 440], [390, 440], [391, 440], [392, 440], [393, 440], [394, 440], [395, 441], [396, 441], [397, 441], [398, 441], [399, 441], [400, 442], [401, 442], [402, 443], [401, 444], [401, 445], [402, 446], [402, 447], [402, 448], [401, 449], [401, 450], [402, 450], [403, 451], [403, 452], [402, 453], [401, 453], [401, 454], [402, 454], [403, 455], [404, 454], [403, 454], [402, 453], [403, 452], [404, 451], [405, 451], [404, 450], [403, 449], [403, 448], [403, 447], [403, 446], [403, 445], [402, 444], [402, 443], [401, 442], [401, 441], [400, 441], [399, 440], [398, 439], [397, 438], [396, 438], [395, 437], [395, 436], [394, 436], [393, 435], [393, 434], [393, 433], [392, 432], [392, 431]]], [[[375, 439], [374, 440], [373, 440], [374, 440], [375, 440], [376, 441], [375, 442], [376, 443], [376, 444], [376, 445], [376, 446], [376, 447], [376, 448], [376, 449], [377, 450], [377, 451], [377, 452], [376, 453], [375, 452], [374, 451], [374, 450], [373, 449], [373, 448], [372, 447], [371, 447], [370, 446], [370, 445], [369, 445], [368, 444], [367, 444], [366, 445], [365, 445], [366, 446], [367, 446], [368, 446], [369, 446], [370, 446], [371, 447], [371, 448], [371, 449], [371, 450], [372, 451], [373, 451], [374, 452], [374, 453], [374, 454], [375, 455], [376, 456], [377, 457], [377, 456], [378, 455], [379, 454], [380, 454], [381, 454], [382, 454], [382, 453], [381, 453], [380, 452], [379, 451], [378, 450], [378, 449], [378, 448], [377, 447], [377, 446], [377, 445], [377, 444], [377, 443], [378, 442], [379, 442], [380, 442], [381, 441], [380, 440], [379, 440], [378, 440], [377, 439], [376, 439]]]]","[184, 185]"
106,106,"[[[466, 424]], [[465, 425]], [[464, 425]], [[463, 425]], [[463, 426]], [[463, 427]], [[463, 428]], [[462, 429]], [[462, 430]], [[461, 431]], [[460, 432]], [[459, 433]], [[459, 434]], [[458, 435]], [[457, 436]], [[457, 437]], [[457, 438]], [[457, 439]], [[457, 440]], [[458, 441]], [[458, 442]], [[458, 443]], [[459, 444]], [[459, 445]], [[460, 446]], [[461, 447]], [[462, 448]], [[463, 448]], [[464, 449]], [[465, 450]], [[466, 450]], [[467, 451]], [[468, 451]], [[469, 451]], [[470, 450]], [[471, 450]], [[472, 449]], [[473, 449]], [[474, 449]], [[475, 448]], [[476, 448]], [[477, 448]], [[478, 448]], [[479, 448]], [[480, 448]], [[481, 447]], [[482, 447]], [[483, 447]], [[484, 447]], [[485, 447]], [[486, 446]], [[486, 445]], [[486, 444]], [[487, 443]], [[488, 442]], [[488, 441]], [[488, 440]], [[488, 439]], [[488, 438]], [[488, 437]], [[488, 436]], [[488, 435]], [[487, 434]], [[487, 433]], [[486, 432]], [[485, 431]], [[484, 430]], [[483, 430]], [[482, 429]], [[481, 429]], [[480, 428]], [[479, 428]], [[478, 428]], [[477, 427]], [[476, 427]], [[475, 427]], [[474, 426]], [[473, 426]], [[472, 426]], [[471, 426]], [[470, 426]], [[469, 426]], [[468, 425]], [[467, 425]]]",[[]],[]
107,107,"[[[187, 413]], [[186, 414]], [[185, 415]], [[184, 416]], [[183, 416]], [[182, 417]], [[181, 417]], [[180, 416]], [[179, 416]], [[178, 415]], [[177, 415]], [[176, 415]], [[175, 415]], [[174, 415]], [[173, 415]], [[172, 416]], [[171, 417]], [[170, 418]], [[169, 419]], [[168, 420]], [[168, 421]], [[167, 422]], [[167, 423]], [[167, 424]], [[167, 425]], [[167, 426]], [[167, 427]], [[167, 428]], [[168, 429]], [[169, 429]], [[170, 429]], [[171, 430]], [[172, 430]], [[173, 430]], [[174, 430]], [[175, 430]], [[176, 430]], [[177, 430]], [[178, 430]], [[179, 431]], [[180, 431]], [[181, 431]], [[182, 431]], [[183, 431]], [[184, 431]], [[185, 430]], [[186, 430]], [[187, 430]], [[188, 429]], [[189, 428]], [[190, 427]], [[191, 427]], [[192, 427]], [[193, 427]], [[194, 426]], [[195, 425]], [[195, 424]], [[195, 423]], [[196, 422]], [[196, 421]], [[195, 420]], [[195, 419]], [[195, 418]], [[195, 417]], [[194, 416]], [[193, 415]], [[192, 414]], [[191, 414]], [[190, 413]], [[189, 413]], [[188, 413]]]","[[], [[[170, 410], [170, 411], [170, 412], [170, 413], [169, 414], [168, 414], [167, 414], [166, 413], [166, 412], [165, 412], [164, 413], [165, 413], [166, 414], [166, 415], [166, 416], [166, 417], [165, 418], [164, 419], [163, 419], [163, 420], [162, 421], [163, 422], [163, 423], [163, 424], [163, 425], [163, 426], [162, 427], [161, 428], [160, 428], [159, 428], [158, 427], [157, 427], [158, 428], [159, 429], [159, 430], [158, 431], [158, 432], [159, 432], [160, 431], [161, 431], [162, 431], [163, 432], [164, 433], [165, 433], [166, 432], [167, 431], [168, 431], [168, 430], [167, 430], [166, 429], [165, 428], [166, 427], [166, 426], [166, 425], [166, 424], [166, 423], [166, 422], [167, 421], [167, 420], [168, 419], [169, 418], [170, 417], [171, 416], [172, 415], [173, 414], [174, 414], [174, 413], [173, 412], [173, 411], [172, 411], [171, 410]]]]","[[], 186]"
108,108,"[[[566, 412]], [[565, 413]], [[564, 414]], [[563, 414]], [[562, 414]], [[561, 414]], [[560, 415]], [[559, 416]], [[558, 417]], [[557, 418]], [[556, 419]], [[556, 420]], [[555, 421]], [[555, 422]], [[555, 423]], [[555, 424]], [[555, 425]], [[556, 426]], [[556, 427]], [[556, 428]], [[556, 429]], [[556, 430]], [[557, 431]], [[556, 432]], [[557, 433]], [[557, 434]], [[557, 435]], [[557, 436]], [[557, 437]], [[556, 438]], [[557, 439]], [[557, 440]], [[557, 441]], [[557, 442]], [[558, 442]], [[559, 443]], [[559, 444]], [[559, 445]], [[559, 446]], [[559, 447]], [[559, 448]], [[559, 449]], [[558, 450]], [[557, 450]], [[556, 450]], [[555, 451]], [[555, 452]], [[554, 453]], [[553, 454]], [[553, 455]], [[553, 456]], [[552, 457]], [[552, 458]], [[552, 459]], [[552, 460]], [[551, 461]], [[550, 462]], [[550, 463]], [[550, 464]], [[549, 465]], [[549, 466]], [[548, 467]], [[548, 468]], [[547, 469]], [[548, 470]], [[548, 471]], [[548, 472]], [[548, 473]], [[549, 474]], [[550, 474]], [[551, 475]], [[552, 475]], [[553, 475]], [[554, 476]], [[555, 477]], [[556, 478]], [[557, 479]], [[557, 480]], [[558, 480]], [[559, 481]], [[560, 482]], [[560, 483]], [[560, 484]], [[561, 484]], [[562, 485]], [[563, 485]], [[564, 485]], [[565, 486]], [[566, 486]], [[567, 486]], [[568, 486]], [[569, 486]], [[570, 485]], [[571, 484]], [[572, 484]], [[573, 484]], [[574, 485]], [[575, 485]], [[576, 485]], [[577, 485]], [[578, 485]], [[579, 486]], [[580, 486]], [[581, 486]], [[582, 486]], [[583, 486]], [[584, 486]], [[585, 486]], [[586, 486]], [[587, 485]], [[588, 485]], [[589, 485]], [[590, 485]], [[591, 485]], [[592, 485]], [[593, 485]], [[594, 484]], [[595, 484]], [[596, 483]], [[597, 483]], [[598, 483]], [[599, 482]], [[600, 482]], [[601, 482]], [[602, 482]], [[603, 482]], [[604, 482]], [[605, 482]], [[606, 482]], [[607, 481]], [[608, 481]], [[609, 480]], [[610, 479]], [[611, 479]], [[611, 478]], [[612, 477]], [[613, 477]], [[614, 476]], [[614, 475]], [[615, 474]], [[616, 474]], [[616, 473]], [[616, 472]], [[616, 471]], [[617, 470]], [[617, 469]], [[618, 468]], [[619, 467]], [[620, 466]], [[621, 466]], [[621, 465]], [[621, 464]], [[621, 463]], [[621, 462]], [[621, 461]], [[621, 460]], [[621, 459]], [[622, 458]], [[623, 457]], [[623, 456]], [[624, 455]], [[625, 454]], [[625, 453]], [[625, 452]], [[625, 451]], [[624, 450]], [[624, 449]], [[624, 448]], [[624, 447]], [[624, 446]], [[624, 445]], [[623, 444]], [[622, 443]], [[621, 442]], [[620, 442]], [[619, 441]], [[618, 440]], [[617, 439]], [[616, 438]], [[616, 437]], [[615, 436]], [[615, 435]], [[614, 434]], [[613, 433]], [[613, 432]], [[612, 431]], [[611, 430]], [[610, 430]], [[609, 430]], [[608, 429]], [[607, 429]], [[606, 428]], [[605, 428]], [[604, 428]], [[603, 428]], [[602, 428]], [[601, 428]], [[600, 428]], [[599, 429]], [[598, 429]], [[597, 429]], [[596, 429]], [[595, 429]], [[594, 429]], [[593, 429]], [[592, 429]], [[591, 429]], [[590, 428]], [[589, 428]], [[588, 427]], [[587, 427]], [[586, 426]], [[585, 425]], [[584, 424]], [[583, 423]], [[582, 423]], [[581, 424]], [[580, 424]], [[579, 424]], [[578, 424]], [[577, 423]], [[576, 422]], [[575, 421]], [[576, 420]], [[575, 419]], [[575, 418]], [[574, 417]], [[573, 416]], [[572, 415]], [[572, 414]], [[571, 413]], [[570, 413]], [[569, 412]], [[568, 412]], [[567, 412]]]","[[], [[[549, 450], [550, 451], [550, 452], [550, 453], [551, 454], [551, 455], [551, 456], [551, 457], [551, 458], [550, 459], [549, 460], [549, 461], [548, 462], [548, 463], [547, 464], [546, 465], [545, 466], [545, 467], [544, 468], [543, 468], [542, 469], [541, 470], [542, 471], [543, 471], [544, 471], [545, 470], [546, 470], [546, 469], [547, 468], [547, 467], [548, 466], [548, 465], [549, 464], [549, 463], [549, 462], [550, 461], [551, 460], [551, 459], [551, 458], [551, 457], [552, 456], [551, 455], [551, 454], [551, 453], [550, 452], [550, 451], [550, 450]]], [[[625, 447], [625, 448], [625, 449], [625, 450], [626, 451], [626, 452], [626, 453], [626, 454], [625, 455], [624, 456], [624, 457], [623, 458], [622, 459], [622, 460], [622, 461], [622, 462], [622, 463], [622, 464], [622, 465], [622, 466], [621, 467], [620, 468], [619, 468], [618, 469], [618, 470], [618, 471], [618, 472], [618, 473], [619, 474], [619, 475], [618, 476], [617, 476], [616, 476], [616, 477], [617, 478], [617, 479], [618, 480], [618, 481], [618, 482], [619, 482], [620, 483], [620, 484], [619, 485], [618, 485], [617, 484], [616, 484], [616, 485], [616, 486], [616, 487], [616, 488], [617, 489], [618, 489], [619, 489], [620, 489], [621, 490], [622, 490], [623, 490], [622, 489], [622, 488], [622, 487], [622, 486], [622, 485], [622, 484], [621, 484], [620, 483], [619, 482], [619, 481], [619, 480], [620, 479], [620, 478], [620, 477], [621, 476], [622, 476], [623, 477], [624, 478], [625, 479], [626, 479], [627, 479], [628, 479], [628, 478], [627, 478], [626, 478], [625, 478], [624, 477], [623, 476], [624, 475], [623, 474], [622, 473], [622, 472], [623, 471], [624, 470], [625, 470], [625, 469], [625, 468], [624, 467], [623, 466], [623, 465], [624, 464], [623, 463], [624, 462], [624, 461], [624, 460], [624, 459], [624, 458], [625, 457], [626, 457], [626, 456], [627, 455], [628, 455], [629, 456], [629, 457], [630, 457], [631, 457], [632, 458], [632, 457], [631, 457], [630, 456], [629, 455], [628, 454], [628, 453], [628, 452], [627, 451], [627, 450], [627, 449], [626, 448], [626, 447]]], [[[621, 417], [621, 418], [622, 418], [623, 419], [624, 420], [624, 421], [624, 422], [623, 423], [623, 424], [622, 425], [622, 426], [622, 427], [622, 428], [621, 429], [620, 430], [619, 430], [618, 431], [617, 432], [616, 433], [615, 432], [615, 431], [614, 431], [614, 432], [614, 433], [615, 433], [616, 433], [617, 432], [618, 432], [619, 432], [620, 433], [621, 432], [622, 432], [622, 431], [622, 430], [622, 429], [623, 428], [624, 427], [623, 426], [623, 425], [623, 424], [624, 423], [625, 423], [626, 424], [627, 425], [627, 426], [627, 427], [626, 428], [627, 428], [628, 429], [628, 430], [628, 429], [628, 428], [628, 427], [628, 426], [629, 425], [630, 424], [631, 424], [630, 423], [629, 422], [629, 421], [630, 420], [629, 419], [628, 418], [628, 417], [627, 418], [626, 418], [625, 417], [624, 417], [623, 417], [622, 417]]]]","[[], 183, 188, 189]"
109,109,"[[[579, 404]], [[578, 405]], [[577, 405]], [[576, 406]], [[575, 406]], [[575, 407]], [[574, 408]], [[574, 409]], [[574, 410]], [[574, 411]], [[574, 412]], [[575, 413]], [[576, 413]], [[577, 414]], [[578, 414]], [[579, 414]], [[580, 413]], [[581, 413]], [[582, 413]], [[583, 413]], [[584, 413]], [[585, 413]], [[586, 414]], [[587, 414]], [[588, 413]], [[589, 413]], [[590, 413]], [[591, 413]], [[592, 413]], [[593, 413]], [[594, 413]], [[595, 413]], [[596, 412]], [[597, 412]], [[598, 412]], [[599, 411]], [[600, 411]], [[601, 410]], [[602, 410]], [[603, 409]], [[603, 408]], [[602, 408]], [[601, 408]], [[600, 409]], [[599, 409]], [[598, 409]], [[597, 409]], [[596, 409]], [[595, 409]], [[594, 409]], [[593, 409]], [[592, 408]], [[591, 407]], [[591, 406]], [[590, 405]], [[589, 405]], [[588, 404]], [[587, 404]], [[586, 404]], [[585, 404]], [[584, 404]], [[583, 404]], [[582, 404]], [[581, 404]], [[580, 404]]]",[[]],[]
110,110,"[[[257, 403]], [[256, 404]], [[255, 405]], [[254, 405]], [[253, 405]], [[252, 406]], [[251, 406]], [[250, 407]], [[249, 408]], [[248, 409]], [[247, 408]], [[247, 409]], [[247, 410]], [[246, 411]], [[246, 412]], [[247, 413]], [[248, 414]], [[248, 415]], [[247, 416]], [[247, 417]], [[248, 418]], [[248, 419]], [[248, 420]], [[248, 421]], [[248, 422]], [[249, 423]], [[249, 424]], [[249, 425]], [[249, 426]], [[250, 426]], [[251, 427]], [[251, 428]], [[251, 429]], [[252, 429]], [[253, 430]], [[254, 430]], [[255, 430]], [[256, 429]], [[257, 429]], [[258, 429]], [[259, 428]], [[260, 428]], [[261, 428]], [[262, 428]], [[263, 428]], [[264, 428]], [[265, 428]], [[266, 427]], [[267, 427]], [[268, 426]], [[269, 427]], [[269, 428]], [[268, 429]], [[268, 430]], [[267, 431]], [[267, 432]], [[266, 433]], [[265, 434]], [[265, 435]], [[264, 436]], [[263, 437]], [[263, 438]], [[263, 439]], [[263, 440]], [[262, 441]], [[261, 441]], [[261, 442]], [[261, 443]], [[261, 444]], [[262, 445]], [[261, 446]], [[260, 446]], [[259, 445]], [[258, 444]], [[257, 445]], [[256, 445]], [[255, 445]], [[254, 445]], [[253, 446]], [[252, 446]], [[251, 446]], [[250, 446]], [[249, 447]], [[248, 447]], [[247, 446]], [[247, 445]], [[246, 444]], [[246, 443]], [[246, 442]], [[246, 441]], [[245, 440]], [[245, 439]], [[244, 438]], [[243, 438]], [[242, 437]], [[241, 436]], [[240, 436]], [[239, 437]], [[238, 438]], [[237, 438]], [[236, 439]], [[235, 439]], [[234, 439]], [[233, 439]], [[232, 439]], [[231, 439]], [[230, 439]], [[229, 440]], [[228, 440]], [[227, 441]], [[226, 441]], [[226, 442]], [[225, 443]], [[225, 444]], [[224, 445]], [[223, 446]], [[222, 445]], [[221, 446]], [[220, 446]], [[219, 447]], [[218, 448]], [[217, 449]], [[217, 450]], [[216, 451]], [[217, 452]], [[217, 453]], [[217, 454]], [[217, 455]], [[217, 456]], [[217, 457]], [[217, 458]], [[217, 459]], [[217, 460]], [[216, 461]], [[215, 461]], [[214, 461]], [[213, 461]], [[212, 460]], [[211, 459]], [[211, 458]], [[210, 457]], [[209, 456]], [[209, 455]], [[208, 456]], [[208, 457]], [[207, 458]], [[206, 458]], [[205, 458]], [[205, 459]], [[206, 460]], [[206, 461]], [[205, 462]], [[205, 463]], [[204, 464]], [[203, 465]], [[202, 466]], [[202, 467]], [[202, 468]], [[202, 469]], [[202, 470]], [[202, 471]], [[203, 472]], [[204, 472]], [[205, 473]], [[206, 474]], [[207, 474]], [[208, 475]], [[209, 475]], [[210, 476]], [[211, 476]], [[212, 477]], [[212, 478]], [[212, 479]], [[213, 480]], [[212, 481]], [[213, 482]], [[213, 483]], [[214, 483]], [[215, 483]], [[216, 484]], [[217, 484]], [[218, 485]], [[219, 485]], [[220, 486]], [[221, 486]], [[222, 487]], [[223, 487]], [[224, 487]], [[225, 486]], [[226, 486]], [[227, 487]], [[228, 488]], [[229, 489]], [[230, 489]], [[231, 490]], [[232, 490]], [[233, 491]], [[234, 491]], [[235, 492]], [[236, 493]], [[236, 494]], [[237, 495]], [[238, 495]], [[239, 496]], [[240, 497]], [[241, 497]], [[242, 497]], [[243, 497]], [[244, 498]], [[245, 498]], [[246, 498]], [[247, 498]], [[248, 498]], [[249, 498]], [[250, 498]], [[251, 498]], [[252, 499]], [[253, 499]], [[254, 499]], [[255, 499]], [[256, 499]], [[257, 500]], [[258, 500]], [[259, 500]], [[260, 500]], [[261, 500]], [[262, 500]], [[263, 500]], [[264, 500]], [[265, 499]], [[265, 498]], [[266, 497]], [[266, 496]], [[266, 495]], [[266, 494]], [[266, 493]], [[266, 492]], [[266, 491]], [[266, 490]], [[266, 489]], [[267, 488]], [[267, 487]], [[267, 486]], [[268, 485]], [[268, 484]], [[269, 483]], [[269, 482]], [[270, 481]], [[270, 480]], [[271, 479]], [[272, 479]], [[273, 478]], [[274, 478]], [[275, 478]], [[276, 477]], [[277, 477]], [[278, 476]], [[279, 476]], [[279, 475]], [[280, 474]], [[281, 473]], [[282, 472]], [[283, 471]], [[284, 471]], [[284, 470]], [[284, 469]], [[285, 468]], [[285, 467]], [[285, 466]], [[286, 465]], [[287, 465]], [[288, 464]], [[288, 463]], [[289, 462]], [[290, 462]], [[291, 461]], [[292, 461]], [[293, 461]], [[294, 460]], [[295, 460]], [[296, 460]], [[296, 459]], [[297, 458]], [[298, 457]], [[298, 456]], [[298, 455]], [[299, 454]], [[300, 455]], [[301, 455]], [[302, 455]], [[303, 454]], [[303, 453]], [[303, 452]], [[303, 451]], [[303, 450]], [[304, 449]], [[304, 448]], [[303, 447]], [[303, 446]], [[304, 445]], [[305, 444]], [[304, 443]], [[303, 442]], [[304, 441]], [[304, 440]], [[304, 439]], [[304, 438]], [[304, 437]], [[304, 436]], [[305, 435]], [[306, 436]], [[306, 437]], [[306, 438]], [[307, 439]], [[308, 440]], [[309, 441]], [[310, 440]], [[311, 441]], [[312, 441]], [[313, 442]], [[314, 443]], [[313, 444]], [[313, 445]], [[313, 446]], [[313, 447]], [[313, 448]], [[313, 449]], [[313, 450]], [[313, 451]], [[313, 452]], [[313, 453]], [[313, 454]], [[314, 455]], [[314, 456]], [[314, 457]], [[314, 458]], [[315, 459]], [[316, 459]], [[317, 460]], [[318, 460]], [[319, 460]], [[320, 460]], [[321, 460]], [[322, 460]], [[323, 460]], [[324, 459]], [[325, 459]], [[326, 459]], [[327, 458]], [[328, 458]], [[329, 457]], [[330, 456]], [[331, 455]], [[332, 454]], [[333, 453]], [[334, 452]], [[335, 451]], [[336, 450]], [[336, 449]], [[337, 448]], [[337, 447]], [[337, 446]], [[336, 445]], [[335, 444]], [[334, 444]], [[333, 443]], [[332, 443]], [[331, 442]], [[330, 441]], [[329, 440]], [[328, 440]], [[327, 440]], [[326, 439]], [[325, 439]], [[324, 439]], [[323, 439]], [[322, 438]], [[321, 439]], [[320, 439]], [[319, 439]], [[318, 440]], [[317, 440]], [[316, 440]], [[315, 441]], [[314, 441]], [[313, 441]], [[312, 440]], [[312, 439]], [[313, 438]], [[313, 437]], [[313, 436]], [[313, 435]], [[313, 434]], [[312, 433]], [[311, 433]], [[310, 432]], [[309, 432]], [[308, 432]], [[307, 432]], [[307, 433]], [[307, 434]], [[306, 435]], [[305, 435]], [[304, 434]], [[304, 433]], [[304, 432]], [[304, 431]], [[304, 430]], [[305, 429]], [[306, 428]], [[306, 427]], [[306, 426]], [[306, 425]], [[307, 424]], [[307, 423]], [[307, 422]], [[307, 421]], [[306, 420]], [[305, 419]], [[305, 418]], [[304, 417]], [[303, 416]], [[303, 415]], [[302, 414]], [[301, 414]], [[300, 413]], [[299, 413]], [[298, 413]], [[297, 413]], [[296, 412]], [[295, 412]], [[294, 412]], [[293, 411]], [[292, 411]], [[291, 411]], [[290, 411]], [[289, 411]], [[288, 411]], [[287, 412]], [[286, 412]], [[285, 412]], [[284, 413]], [[283, 413]], [[282, 414]], [[281, 414]], [[280, 415]], [[279, 416]], [[278, 416]], [[277, 417]], [[276, 418]], [[276, 419]], [[275, 420]], [[274, 421]], [[273, 421]], [[273, 422]], [[272, 423]], [[271, 424]], [[271, 425]], [[270, 426]], [[269, 427]], [[268, 426]], [[268, 425]], [[268, 424]], [[269, 423]], [[269, 422]], [[268, 421]], [[269, 420]], [[268, 419]], [[268, 418]], [[269, 417]], [[269, 416]], [[269, 415]], [[270, 414]], [[269, 413]], [[268, 412]], [[268, 411]], [[267, 410]], [[267, 409]], [[266, 408]], [[265, 407]], [[264, 406]], [[263, 406]], [[262, 405]], [[261, 404]], [[260, 404]], [[259, 404]], [[258, 403]]]","[[[[251, 398], [251, 399], [252, 399], [253, 399], [254, 400], [255, 400], [256, 401], [257, 402], [258, 402], [259, 403], [260, 403], [261, 403], [262, 404], [263, 404], [264, 404], [264, 403], [263, 403], [262, 402], [261, 402], [260, 402], [259, 401], [258, 401], [257, 401], [256, 400], [255, 400], [254, 399], [253, 398], [252, 398]]], [[[244, 405], [244, 406], [243, 407], [242, 408], [241, 408], [240, 408], [239, 409], [239, 410], [238, 411], [238, 412], [238, 413], [238, 414], [237, 415], [236, 416], [235, 416], [235, 417], [235, 418], [235, 419], [236, 419], [237, 419], [238, 418], [239, 418], [240, 417], [240, 416], [240, 415], [239, 415], [238, 414], [238, 413], [239, 412], [239, 411], [240, 410], [241, 410], [242, 410], [243, 410], [244, 411], [244, 412], [244, 413], [245, 414], [246, 415], [247, 415], [247, 414], [246, 413], [245, 412], [245, 411], [246, 410], [246, 409], [246, 408], [246, 407], [245, 406], [245, 405]]], [[[246, 418], [246, 419], [245, 420], [244, 420], [244, 421], [243, 422], [243, 423], [242, 424], [242, 425], [241, 426], [240, 427], [239, 427], [240, 427], [241, 426], [242, 426], [243, 427], [243, 428], [244, 429], [245, 428], [244, 428], [243, 427], [243, 426], [244, 425], [245, 424], [246, 424], [247, 424], [248, 424], [248, 423], [247, 422], [247, 421], [247, 420], [247, 419], [247, 418]], [[244, 405], [244, 406], [243, 407], [242, 408], [241, 408], [240, 408], [239, 409], [239, 410], [238, 411], [238, 412], [238, 413], [238, 414], [237, 415], [236, 416], [235, 416], [235, 417], [235, 418], [235, 419], [236, 419], [237, 419], [238, 418], [239, 418], [240, 417], [240, 416], [240, 415], [239, 415], [238, 414], [238, 413], [239, 412], [239, 411], [240, 410], [241, 410], [242, 410], [243, 410], [244, 411], [244, 412], [244, 413], [245, 414], [246, 415], [247, 415], [247, 414], [246, 413], [245, 412], [245, 411], [246, 410], [246, 409], [246, 408], [246, 407], [245, 406], [245, 405]]], [[[246, 418], [246, 419], [245, 420], [244, 420], [244, 421], [243, 422], [243, 423], [242, 424], [242, 425], [241, 426], [240, 427], [239, 427], [240, 427], [241, 426], [242, 426], [243, 427], [243, 428], [244, 429], [245, 428], [244, 428], [243, 427], [243, 426], [244, 425], [245, 424], [246, 424], [247, 424], [248, 424], [248, 423], [247, 422], [247, 421], [247, 420], [247, 419], [247, 418]]], [[[266, 429], [266, 430], [266, 431], [265, 432], [265, 433], [264, 434], [263, 434], [262, 434], [261, 434], [260, 434], [261, 435], [262, 436], [261, 437], [261, 438], [261, 439], [260, 440], [259, 441], [258, 441], [257, 441], [256, 441], [256, 442], [256, 443], [257, 443], [258, 443], [259, 444], [260, 445], [261, 445], [260, 444], [260, 443], [260, 442], [260, 441], [261, 440], [262, 440], [262, 439], [262, 438], [262, 437], [263, 436], [264, 435], [264, 434], [265, 433], [266, 432], [266, 431], [267, 430], [267, 429]]], []]","[190, 191, 192, 193, 194, []]"
111,111,"[[[216, 394]], [[216, 395]], [[216, 396]], [[215, 397]], [[214, 398]], [[213, 398]], [[213, 399]], [[212, 400]], [[212, 401]], [[211, 402]], [[210, 402]], [[209, 402]], [[209, 403]], [[209, 404]], [[210, 405]], [[210, 406]], [[210, 407]], [[210, 408]], [[210, 409]], [[209, 410]], [[208, 411]], [[207, 412]], [[206, 411]], [[205, 411]], [[204, 411]], [[203, 412]], [[203, 413]], [[202, 414]], [[202, 415]], [[201, 416]], [[201, 417]], [[201, 418]], [[201, 419]], [[202, 420]], [[202, 421]], [[203, 422]], [[204, 423]], [[205, 423]], [[206, 424]], [[207, 424]], [[208, 424]], [[209, 425]], [[210, 426]], [[210, 427]], [[210, 428]], [[210, 429]], [[211, 430]], [[212, 431]], [[212, 432]], [[212, 433]], [[212, 434]], [[213, 435]], [[213, 436]], [[212, 437]], [[211, 438]], [[210, 437]], [[209, 437]], [[210, 438]], [[210, 439]], [[209, 440]], [[210, 441]], [[211, 441]], [[212, 440]], [[212, 439]], [[212, 438]], [[213, 437]], [[214, 438]], [[215, 438]], [[216, 439]], [[217, 439]], [[218, 438]], [[218, 437]], [[218, 436]], [[218, 435]], [[218, 434]], [[218, 433]], [[218, 432]], [[217, 431]], [[217, 430]], [[216, 430]], [[215, 429]], [[214, 428]], [[213, 427]], [[213, 426]], [[214, 425]], [[215, 424]], [[216, 423]], [[217, 422]], [[218, 422]], [[219, 422]], [[220, 421]], [[221, 420]], [[222, 420]], [[223, 421]], [[224, 421]], [[225, 422]], [[226, 421]], [[227, 420]], [[227, 419]], [[227, 418]], [[227, 417]], [[226, 416]], [[226, 415]], [[226, 414]], [[226, 413]], [[226, 412]], [[226, 411]], [[227, 410]], [[227, 409]], [[227, 408]], [[226, 407]], [[226, 406]], [[225, 405]], [[225, 404]], [[224, 403]], [[223, 402]], [[223, 401]], [[223, 400]], [[222, 399]], [[221, 398]], [[220, 397]], [[219, 396]], [[218, 396]], [[217, 396]], [[216, 395]]]","[[], [[[207, 425], [206, 426], [206, 427], [207, 428], [208, 429], [208, 430], [208, 431], [207, 432], [206, 432], [205, 432], [204, 433], [204, 434], [204, 435], [205, 436], [206, 436], [207, 437], [208, 437], [209, 436], [209, 435], [210, 434], [211, 435], [211, 434], [211, 433], [211, 432], [211, 431], [210, 430], [209, 429], [209, 428], [209, 427], [209, 426], [208, 425]]], [[[233, 407], [232, 408], [231, 408], [231, 409], [232, 410], [232, 411], [232, 412], [231, 413], [230, 414], [229, 415], [228, 416], [228, 417], [229, 418], [229, 419], [230, 420], [230, 421], [230, 422], [230, 423], [231, 423], [232, 423], [232, 422], [233, 421], [232, 421], [231, 420], [230, 419], [229, 418], [228, 417], [228, 416], [229, 415], [230, 415], [231, 416], [232, 416], [233, 415], [233, 414], [234, 413], [235, 413], [236, 412], [235, 411], [235, 410], [235, 409], [235, 408], [235, 407], [234, 407]]]]","[[], 195, 196]"
112,112,"[[[418, 393]], [[419, 394]], [[418, 395]], [[417, 396]], [[416, 395]], [[417, 396]], [[417, 397]], [[417, 398]], [[416, 399]], [[415, 399]], [[414, 400]], [[414, 401]], [[414, 402]], [[413, 403]], [[412, 403]], [[413, 403]], [[414, 404]], [[414, 405]], [[414, 406]], [[413, 407]], [[412, 407]], [[411, 407]], [[410, 406]], [[410, 407]], [[411, 408]], [[410, 409]], [[411, 410]], [[411, 411]], [[410, 412]], [[409, 412]], [[409, 413]], [[409, 414]], [[410, 415]], [[410, 416]], [[410, 417]], [[410, 418]], [[409, 419]], [[409, 420]], [[409, 421]], [[409, 422]], [[410, 422]], [[411, 422]], [[412, 422]], [[413, 422]], [[414, 421]], [[415, 421]], [[416, 421]], [[416, 420]], [[416, 419]], [[417, 418]], [[418, 417]], [[419, 417]], [[419, 416]], [[419, 415]], [[419, 414]], [[419, 413]], [[420, 412]], [[421, 411]], [[422, 411]], [[422, 410]], [[423, 409]], [[424, 408]], [[424, 407]], [[425, 406]], [[425, 405]], [[426, 404]], [[427, 403]], [[427, 402]], [[427, 401]], [[428, 400]], [[428, 399]], [[428, 398]], [[428, 397]], [[427, 396]], [[426, 396]], [[425, 396]], [[424, 396]], [[423, 395]], [[422, 394]], [[421, 393]], [[420, 393]], [[419, 393]]]",[[]],[]
113,113,"[[[768, 386]], [[767, 387]], [[766, 387]], [[765, 388]], [[764, 388]], [[763, 389]], [[762, 389]], [[761, 390]], [[761, 391]], [[761, 392]], [[760, 393]], [[760, 394]], [[759, 395]], [[759, 396]], [[759, 397]], [[758, 398]], [[758, 399]], [[757, 400]], [[756, 401]], [[756, 402]], [[756, 403]], [[755, 404]], [[755, 405]], [[755, 406]], [[755, 407]], [[755, 408]], [[754, 409]], [[754, 410]], [[754, 411]], [[754, 412]], [[753, 413]], [[754, 414]], [[754, 415]], [[754, 416]], [[754, 417]], [[753, 418]], [[753, 419]], [[754, 419]], [[755, 420]], [[755, 421]], [[756, 421]], [[757, 422]], [[758, 422]], [[759, 422]], [[760, 422]], [[761, 422]], [[762, 422]], [[763, 423]], [[764, 423]], [[765, 423]], [[766, 422]], [[767, 422]], [[768, 421]], [[769, 421]], [[770, 420]], [[770, 419]], [[771, 418]], [[772, 417]], [[773, 417]], [[774, 416]], [[775, 415]], [[776, 414]], [[777, 413]], [[778, 412]], [[779, 411]], [[780, 411]], [[781, 411]], [[782, 411]], [[783, 411]], [[784, 411]], [[785, 411]], [[786, 411]], [[787, 411]], [[788, 412]], [[789, 412]], [[790, 411]], [[791, 411]], [[792, 410]], [[792, 409]], [[792, 408]], [[793, 407]], [[794, 407]], [[794, 406]], [[794, 405]], [[794, 404]], [[795, 403]], [[795, 402]], [[795, 401]], [[794, 400]], [[793, 399]], [[792, 398]], [[792, 397]], [[791, 397]], [[790, 396]], [[789, 395]], [[788, 395]], [[787, 394]], [[786, 393]], [[785, 393]], [[784, 392]], [[783, 391]], [[782, 390]], [[781, 390]], [[780, 390]], [[779, 390]], [[778, 390]], [[777, 389]], [[776, 389]], [[775, 389]], [[774, 388]], [[773, 388]], [[772, 388]], [[771, 387]], [[770, 387]], [[769, 386]]]",[[]],[]
114,114,"[[[250, 384]], [[249, 385]], [[248, 386]], [[247, 386]], [[246, 387]], [[245, 388]], [[245, 389]], [[245, 390]], [[244, 391]], [[244, 392]], [[245, 393]], [[246, 393]], [[247, 394]], [[248, 394]], [[249, 395]], [[250, 396]], [[251, 396]], [[252, 397]], [[253, 397]], [[254, 398]], [[255, 399]], [[256, 399]], [[257, 400]], [[258, 400]], [[259, 400]], [[260, 399]], [[261, 399]], [[262, 398]], [[262, 397]], [[262, 396]], [[262, 395]], [[261, 394]], [[260, 393]], [[260, 392]], [[259, 391]], [[259, 390]], [[258, 389]], [[258, 388]], [[257, 387]], [[256, 387]], [[255, 386]], [[254, 386]], [[253, 385]], [[252, 385]], [[251, 384]]]","[[], [[[251, 398], [251, 399], [252, 399], [253, 399], [254, 400], [255, 400], [256, 401], [257, 402], [258, 402], [259, 403], [260, 403], [261, 403], [262, 404], [263, 404], [264, 404], [264, 403], [263, 403], [262, 402], [261, 402], [260, 402], [259, 401], [258, 401], [257, 401], [256, 400], [255, 400], [254, 399], [253, 398], [252, 398]]]]","[[], 190]"
115,115,"[[[367, 376]], [[366, 377]], [[365, 377]], [[364, 378]], [[363, 378]], [[362, 379]], [[362, 380]], [[361, 381]], [[361, 382]], [[360, 383]], [[359, 384]], [[359, 385]], [[358, 386]], [[358, 387]], [[357, 388]], [[357, 389]], [[356, 390]], [[356, 391]], [[356, 392]], [[355, 393]], [[354, 394]], [[353, 394]], [[352, 394]], [[352, 395]], [[351, 396]], [[351, 397]], [[350, 398]], [[349, 399]], [[349, 400]], [[348, 401]], [[348, 402]], [[347, 403]], [[347, 404]], [[346, 405]], [[346, 406]], [[345, 407]], [[345, 408]], [[345, 409]], [[345, 410]], [[344, 411]], [[343, 412]], [[342, 413]], [[341, 413]], [[340, 413]], [[339, 414]], [[338, 415]], [[338, 416]], [[338, 417]], [[337, 418]], [[336, 419]], [[336, 420]], [[337, 421]], [[337, 422]], [[337, 423]], [[337, 424]], [[337, 425]], [[337, 426]], [[338, 427]], [[339, 428]], [[340, 428]], [[341, 429]], [[342, 429]], [[343, 430]], [[344, 429]], [[345, 430]], [[346, 430]], [[347, 429]], [[348, 429]], [[349, 429]], [[350, 429]], [[351, 430]], [[352, 429]], [[353, 430]], [[354, 431]], [[354, 432]], [[355, 433]], [[356, 433]], [[357, 434]], [[358, 434]], [[359, 435]], [[359, 436]], [[359, 437]], [[360, 438]], [[361, 438]], [[362, 439]], [[363, 439]], [[364, 440]], [[365, 440]], [[366, 440]], [[367, 440]], [[368, 440]], [[369, 440]], [[370, 440]], [[371, 439]], [[372, 439]], [[373, 438]], [[374, 438]], [[375, 438]], [[376, 438]], [[377, 437]], [[378, 437]], [[379, 437]], [[380, 437]], [[381, 436]], [[382, 435]], [[383, 434]], [[384, 434]], [[385, 433]], [[386, 433]], [[387, 432]], [[388, 431]], [[389, 430]], [[389, 429]], [[389, 428]], [[390, 427]], [[391, 427]], [[392, 426]], [[393, 425]], [[393, 424]], [[393, 423]], [[393, 422]], [[394, 421]], [[394, 420]], [[395, 419]], [[396, 419]], [[397, 418]], [[398, 418]], [[398, 417]], [[398, 416]], [[399, 415]], [[400, 414]], [[401, 414]], [[402, 413]], [[402, 412]], [[403, 411]], [[402, 410]], [[402, 409]], [[402, 408]], [[402, 407]], [[402, 406]], [[401, 406]], [[400, 405]], [[399, 404]], [[399, 403]], [[398, 402]], [[398, 401]], [[398, 400]], [[398, 399]], [[398, 398]], [[398, 397]], [[398, 396]], [[398, 395]], [[398, 394]], [[398, 393]], [[398, 392]], [[399, 391]], [[398, 390]], [[397, 389]], [[396, 388]], [[396, 387]], [[395, 387]], [[394, 386]], [[393, 386]], [[392, 386]], [[391, 387]], [[390, 387]], [[389, 387]], [[388, 387]], [[387, 388]], [[386, 388]], [[385, 389]], [[384, 388]], [[383, 387]], [[382, 386]], [[381, 385]], [[380, 384]], [[379, 383]], [[379, 382]], [[378, 381]], [[377, 380]], [[377, 379]], [[376, 379]], [[375, 378]], [[374, 377]], [[373, 376]], [[372, 376]], [[371, 376]], [[370, 376]], [[369, 376]], [[368, 376]]]","[[[[363, 373], [363, 374], [363, 375], [362, 376], [362, 377], [361, 378], [360, 378], [359, 379], [358, 380], [357, 380], [356, 381], [355, 381], [354, 381], [353, 381], [352, 381], [351, 381], [351, 382], [352, 382], [353, 383], [354, 382], [355, 383], [356, 384], [356, 385], [356, 386], [356, 387], [355, 388], [354, 389], [354, 390], [353, 391], [352, 392], [351, 392], [350, 392], [349, 393], [350, 394], [349, 395], [349, 396], [349, 397], [350, 397], [350, 396], [350, 395], [351, 394], [352, 393], [353, 393], [354, 393], [355, 392], [355, 391], [355, 390], [356, 389], [356, 388], [357, 387], [357, 386], [358, 385], [358, 384], [359, 383], [360, 382], [360, 381], [361, 380], [361, 379], [362, 378], [363, 377], [364, 377], [365, 376], [366, 376], [367, 375], [368, 375], [369, 375], [369, 374], [368, 374], [367, 375], [366, 375], [365, 374], [364, 373]]], [], [[[375, 439], [374, 440], [373, 440], [374, 440], [375, 440], [376, 441], [375, 442], [376, 443], [376, 444], [376, 445], [376, 446], [376, 447], [376, 448], [376, 449], [377, 450], [377, 451], [377, 452], [376, 453], [375, 452], [374, 451], [374, 450], [373, 449], [373, 448], [372, 447], [371, 447], [370, 446], [370, 445], [369, 445], [368, 444], [367, 444], [366, 445], [365, 445], [366, 446], [367, 446], [368, 446], [369, 446], [370, 446], [371, 447], [371, 448], [371, 449], [371, 450], [372, 451], [373, 451], [374, 452], [374, 453], [374, 454], [375, 455], [376, 456], [377, 457], [377, 456], [378, 455], [379, 454], [380, 454], [381, 454], [382, 454], [382, 453], [381, 453], [380, 452], [379, 451], [378, 450], [378, 449], [378, 448], [377, 447], [377, 446], [377, 445], [377, 444], [377, 443], [378, 442], [379, 442], [380, 442], [381, 441], [380, 440], [379, 440], [378, 440], [377, 439], [376, 439]]]]","[198, [], 185]"
116,116,"[[[128, 363]], [[127, 364]], [[126, 365]], [[125, 366]], [[125, 367]], [[124, 368]], [[123, 369]], [[122, 370]], [[121, 371]], [[121, 372]], [[120, 373]], [[119, 373]], [[118, 374]], [[117, 374]], [[116, 374]], [[115, 374]], [[115, 375]], [[115, 376]], [[115, 377]], [[114, 378]], [[115, 379]], [[116, 380]], [[117, 381]], [[117, 382]], [[118, 383]], [[118, 384]], [[119, 385]], [[120, 386]], [[121, 387]], [[122, 388]], [[123, 389]], [[123, 390]], [[124, 391]], [[124, 392]], [[125, 393]], [[126, 394]], [[127, 395]], [[128, 396]], [[129, 397]], [[129, 398]], [[129, 399]], [[129, 400]], [[129, 401]], [[130, 402]], [[130, 403]], [[129, 404]], [[130, 405]], [[130, 406]], [[130, 407]], [[129, 408]], [[129, 409]], [[129, 410]], [[129, 411]], [[128, 412]], [[128, 413]], [[127, 414]], [[128, 415]], [[128, 416]], [[128, 417]], [[128, 418]], [[127, 419]], [[126, 418]], [[125, 418]], [[124, 417]], [[123, 416]], [[122, 415]], [[121, 414]], [[120, 414]], [[119, 414]], [[118, 414]], [[117, 414]], [[116, 414]], [[115, 413]], [[116, 412]], [[117, 411]], [[117, 410]], [[117, 409]], [[117, 408]], [[116, 407]], [[116, 406]], [[116, 405]], [[116, 404]], [[115, 403]], [[114, 403]], [[113, 402]], [[113, 401]], [[112, 400]], [[111, 399]], [[110, 398]], [[109, 397]], [[108, 396]], [[107, 396]], [[106, 395]], [[105, 395]], [[104, 395]], [[103, 395]], [[102, 395]], [[101, 395]], [[100, 396]], [[99, 396]], [[98, 396]], [[97, 396]], [[96, 395]], [[95, 395]], [[94, 395]], [[93, 395]], [[92, 395]], [[91, 396]], [[90, 396]], [[89, 396]], [[88, 397]], [[87, 397]], [[86, 397]], [[85, 397]], [[84, 397]], [[83, 397]], [[82, 397]], [[81, 398]], [[80, 398]], [[79, 399]], [[78, 399]], [[77, 399]], [[77, 400]], [[76, 401]], [[75, 401]], [[75, 402]], [[74, 403]], [[74, 404]], [[73, 405]], [[73, 406]], [[72, 407]], [[71, 408]], [[71, 409]], [[70, 410]], [[70, 411]], [[69, 412]], [[69, 413]], [[69, 414]], [[68, 415]], [[67, 416]], [[67, 417]], [[67, 418]], [[67, 419]], [[67, 420]], [[66, 421]], [[66, 422]], [[67, 423]], [[68, 424]], [[68, 425]], [[68, 426]], [[68, 427]], [[68, 428]], [[69, 429]], [[69, 430]], [[70, 431]], [[70, 432]], [[70, 433]], [[70, 434]], [[70, 435]], [[70, 436]], [[70, 437]], [[71, 438]], [[71, 439]], [[72, 440]], [[73, 441]], [[73, 442]], [[74, 442]], [[75, 443]], [[75, 444]], [[75, 445]], [[76, 446]], [[77, 447]], [[77, 448]], [[78, 448]], [[79, 449]], [[80, 449]], [[81, 450]], [[82, 451]], [[83, 452]], [[84, 452]], [[85, 452]], [[86, 453]], [[87, 453]], [[88, 454]], [[89, 455]], [[88, 456]], [[87, 456]], [[86, 456]], [[85, 456]], [[84, 457]], [[83, 457]], [[82, 458]], [[82, 459]], [[82, 460]], [[82, 461]], [[81, 462]], [[81, 463]], [[81, 464]], [[80, 465]], [[80, 466]], [[79, 467]], [[79, 468]], [[78, 469]], [[77, 470]], [[76, 470]], [[75, 471]], [[75, 472]], [[75, 473]], [[76, 474]], [[76, 475]], [[76, 476]], [[75, 477]], [[74, 478]], [[74, 479]], [[74, 480]], [[75, 481]], [[74, 482]], [[74, 483]], [[73, 484]], [[72, 485]], [[71, 485]], [[70, 486]], [[70, 487]], [[71, 488]], [[71, 489]], [[72, 489]], [[73, 488]], [[74, 488]], [[75, 487]], [[76, 487]], [[77, 487]], [[78, 488]], [[79, 489]], [[80, 490]], [[81, 491]], [[82, 492]], [[83, 493]], [[84, 493]], [[85, 493]], [[86, 494]], [[87, 494]], [[88, 494]], [[89, 494]], [[89, 493]], [[90, 492]], [[91, 491]], [[92, 490]], [[93, 490]], [[94, 489]], [[95, 490]], [[96, 490]], [[97, 491]], [[98, 490]], [[99, 490]], [[100, 489]], [[101, 488]], [[102, 489]], [[102, 490]], [[103, 491]], [[103, 492]], [[104, 493]], [[104, 494]], [[105, 495]], [[105, 496]], [[106, 497]], [[107, 498]], [[106, 499]], [[105, 499]], [[104, 498]], [[103, 497]], [[102, 497]], [[101, 496]], [[100, 496]], [[99, 497]], [[98, 496]], [[97, 496]], [[96, 497]], [[95, 498]], [[94, 497]], [[93, 497]], [[92, 497]], [[91, 497]], [[90, 497]], [[89, 496]], [[88, 497]], [[87, 497]], [[86, 497]], [[85, 497]], [[84, 497]], [[83, 496]], [[82, 496]], [[81, 496]], [[80, 496]], [[79, 496]], [[78, 497]], [[77, 497]], [[76, 497]], [[75, 498]], [[75, 499]], [[75, 500]], [[74, 501]], [[74, 502]], [[74, 503]], [[74, 504]], [[74, 505]], [[75, 505]], [[76, 506]], [[76, 507]], [[77, 508]], [[77, 509]], [[78, 510]], [[78, 511]], [[78, 512]], [[79, 512]], [[80, 512]], [[81, 512]], [[82, 513]], [[83, 514]], [[83, 515]], [[83, 516]], [[84, 517]], [[85, 518]], [[86, 519]], [[86, 520]], [[86, 521]], [[87, 522]], [[88, 522]], [[89, 522]], [[90, 521]], [[91, 521]], [[92, 521]], [[93, 521]], [[94, 521]], [[95, 522]], [[96, 522]], [[97, 522]], [[98, 522]], [[99, 522]], [[100, 522]], [[101, 522]], [[102, 522]], [[103, 522]], [[104, 522]], [[105, 522]], [[106, 522]], [[107, 522]], [[108, 522]], [[109, 522]], [[110, 522]], [[111, 522]], [[112, 522]], [[113, 522]], [[114, 523]], [[115, 523]], [[116, 523]], [[117, 523]], [[118, 523]], [[119, 523]], [[120, 523]], [[121, 523]], [[122, 523]], [[123, 524]], [[124, 525]], [[125, 526]], [[125, 527]], [[126, 528]], [[127, 529]], [[128, 529]], [[129, 529]], [[130, 529]], [[131, 529]], [[132, 529]], [[133, 528]], [[134, 528]], [[135, 528]], [[136, 527]], [[137, 526]], [[137, 525]], [[138, 524]], [[138, 523]], [[138, 522]], [[139, 521]], [[140, 520]], [[139, 519]], [[139, 518]], [[139, 517]], [[139, 516]], [[138, 515]], [[138, 514]], [[138, 513]], [[137, 512]], [[137, 511]], [[136, 510]], [[136, 509]], [[136, 508]], [[136, 507]], [[136, 506]], [[135, 506]], [[134, 505]], [[133, 505]], [[132, 505]], [[131, 504]], [[130, 503]], [[129, 503]], [[128, 502]], [[127, 502]], [[126, 501]], [[125, 501]], [[124, 500]], [[123, 500]], [[122, 500]], [[121, 500]], [[120, 501]], [[119, 500]], [[118, 500]], [[117, 500]], [[116, 500]], [[115, 500]], [[114, 500]], [[113, 500]], [[112, 500]], [[111, 500]], [[110, 500]], [[109, 500]], [[108, 499]], [[109, 498]], [[110, 498]], [[111, 498]], [[112, 497]], [[113, 497]], [[114, 497]], [[115, 496]], [[116, 495]], [[117, 494]], [[117, 493]], [[117, 492]], [[118, 491]], [[119, 490]], [[119, 489]], [[120, 488]], [[121, 487]], [[121, 486]], [[121, 485]], [[122, 484]], [[122, 483]], [[123, 482]], [[124, 481]], [[125, 480]], [[126, 479]], [[127, 479]], [[127, 478]], [[128, 477]], [[129, 476]], [[130, 475]], [[130, 474]], [[131, 473]], [[132, 472]], [[133, 471]], [[134, 471]], [[135, 470]], [[136, 469]], [[137, 469]], [[138, 469]], [[139, 469]], [[140, 468]], [[141, 468]], [[142, 468]], [[143, 468]], [[144, 468]], [[143, 468]], [[142, 467]], [[141, 466]], [[142, 465]], [[142, 464]], [[143, 463]], [[143, 462]], [[143, 461]], [[143, 460]], [[142, 459]], [[142, 458]], [[142, 457]], [[142, 456]], [[141, 455]], [[141, 454]], [[141, 453]], [[140, 452]], [[139, 451]], [[139, 450]], [[138, 449]], [[137, 448]], [[137, 447]], [[138, 446]], [[139, 445]], [[140, 445]], [[141, 444]], [[141, 443]], [[142, 442]], [[142, 441]], [[142, 440]], [[142, 439]], [[142, 438]], [[141, 437]], [[140, 436]], [[139, 436]], [[138, 436]], [[137, 435]], [[136, 435]], [[135, 435]], [[134, 435]], [[133, 434]], [[132, 433]], [[131, 432]], [[131, 431]], [[131, 430]], [[132, 429]], [[133, 429]], [[134, 428]], [[135, 428]], [[136, 428]], [[137, 428]], [[138, 427]], [[139, 427]], [[140, 427]], [[141, 427]], [[142, 427]], [[143, 427]], [[144, 427]], [[145, 427]], [[146, 426]], [[147, 426]], [[148, 425]], [[149, 425]], [[150, 424]], [[151, 423]], [[152, 422]], [[153, 422]], [[153, 421]], [[153, 420]], [[154, 419]], [[154, 418]], [[155, 417]], [[155, 416]], [[155, 415]], [[155, 414]], [[155, 413]], [[155, 412]], [[155, 411]], [[155, 410]], [[155, 409]], [[155, 408]], [[156, 407]], [[156, 406]], [[156, 405]], [[156, 404]], [[156, 403]], [[156, 402]], [[157, 401]], [[158, 400]], [[159, 399]], [[160, 399]], [[161, 399]], [[162, 399]], [[163, 400]], [[164, 401]], [[165, 402]], [[166, 402]], [[167, 403]], [[168, 403]], [[169, 403]], [[170, 403]], [[171, 404]], [[172, 404]], [[173, 405]], [[174, 405]], [[175, 406]], [[176, 407]], [[177, 407]], [[178, 407]], [[179, 407]], [[180, 407]], [[181, 407]], [[182, 407]], [[183, 406]], [[184, 405]], [[184, 404]], [[185, 403]], [[185, 402]], [[185, 401]], [[186, 400]], [[186, 399]], [[186, 398]], [[186, 397]], [[187, 396]], [[188, 395]], [[188, 394]], [[188, 393]], [[187, 392]], [[187, 391]], [[187, 390]], [[186, 389]], [[186, 388]], [[185, 387]], [[184, 387]], [[183, 386]], [[182, 385]], [[181, 385]], [[180, 384]], [[179, 384]], [[178, 384]], [[177, 383]], [[176, 383]], [[175, 382]], [[174, 382]], [[173, 381]], [[172, 381]], [[171, 380]], [[170, 379]], [[169, 379]], [[168, 378]], [[167, 377]], [[166, 377]], [[165, 377]], [[164, 377]], [[163, 376]], [[163, 377]], [[162, 378]], [[161, 378]], [[160, 378]], [[159, 377]], [[159, 376]], [[159, 375]], [[159, 374]], [[158, 374]], [[157, 373]], [[157, 372]], [[157, 371]], [[156, 370]], [[155, 370]], [[154, 369]], [[153, 369]], [[152, 368]], [[151, 367]], [[151, 366]], [[150, 366]], [[149, 367]], [[148, 366]], [[147, 366]], [[146, 366]], [[145, 366]], [[144, 366]], [[143, 365]], [[143, 366]], [[142, 367]], [[141, 367]], [[140, 367]], [[139, 366]], [[138, 366]], [[137, 367]], [[136, 368]], [[135, 368]], [[134, 367]], [[133, 367]], [[132, 366]], [[131, 365]], [[130, 364]], [[129, 363]]]","[[], [[[105, 391], [104, 392], [103, 393], [102, 393], [101, 393], [100, 394], [101, 394], [102, 394], [103, 394], [104, 394], [105, 394], [106, 394], [107, 395], [108, 395], [109, 396], [110, 397], [111, 398], [112, 399], [113, 400], [114, 401], [114, 402], [115, 402], [116, 403], [117, 404], [118, 404], [119, 405], [120, 406], [121, 406], [120, 405], [119, 404], [119, 403], [118, 402], [117, 402], [116, 402], [115, 401], [115, 400], [114, 399], [113, 398], [112, 397], [112, 396], [111, 395], [110, 394], [109, 394], [108, 394], [107, 393], [106, 393], [105, 392]]], [[[72, 397], [71, 398], [71, 399], [71, 400], [71, 401], [70, 402], [70, 403], [70, 404], [70, 405], [71, 406], [72, 406], [72, 405], [73, 404], [73, 403], [74, 402], [74, 401], [75, 400], [76, 400], [76, 399], [77, 398], [78, 398], [79, 397], [78, 397], [77, 398], [76, 398], [75, 397], [74, 397], [73, 397]]], [[[75, 453], [76, 454], [76, 455], [75, 456], [75, 457], [75, 458], [76, 459], [75, 460], [76, 461], [77, 462], [77, 463], [78, 464], [78, 465], [78, 466], [77, 467], [76, 467], [75, 466], [75, 465], [74, 464], [74, 463], [73, 462], [72, 462], [71, 462], [70, 462], [70, 463], [70, 464], [69, 465], [68, 466], [68, 467], [68, 468], [68, 469], [69, 470], [70, 471], [70, 472], [70, 473], [70, 474], [70, 475], [71, 476], [71, 477], [71, 478], [71, 479], [70, 480], [70, 481], [69, 482], [68, 482], [67, 483], [66, 484], [65, 485], [64, 484], [63, 484], [62, 483], [61, 484], [60, 485], [59, 485], [58, 485], [57, 485], [56, 484], [55, 484], [54, 484], [53, 484], [52, 483], [51, 483], [50, 482], [49, 482], [48, 482], [48, 483], [49, 483], [50, 484], [51, 484], [52, 484], [53, 484], [54, 485], [55, 485], [56, 485], [57, 486], [58, 487], [58, 488], [58, 489], [58, 490], [58, 491], [59, 491], [60, 491], [61, 491], [62, 491], [63, 492], [64, 491], [65, 492], [66, 492], [67, 492], [68, 492], [69, 492], [70, 493], [70, 494], [70, 495], [70, 496], [70, 497], [70, 498], [70, 499], [71, 498], [71, 497], [71, 496], [72, 495], [73, 494], [74, 494], [75, 495], [75, 496], [76, 496], [77, 496], [78, 496], [79, 495], [80, 495], [81, 495], [82, 495], [83, 495], [84, 496], [85, 496], [86, 496], [85, 495], [85, 494], [84, 494], [83, 494], [82, 493], [81, 492], [80, 491], [79, 490], [78, 489], [77, 488], [76, 488], [76, 489], [76, 490], [75, 491], [74, 491], [73, 491], [72, 490], [71, 490], [70, 489], [70, 488], [69, 487], [69, 486], [69, 485], [70, 484], [71, 484], [72, 484], [73, 483], [73, 482], [73, 481], [73, 480], [73, 479], [73, 478], [73, 477], [74, 476], [75, 476], [75, 475], [75, 474], [74, 473], [74, 472], [74, 471], [75, 470], [76, 469], [77, 469], [78, 468], [78, 467], [79, 466], [79, 465], [80, 464], [80, 463], [80, 462], [81, 461], [81, 460], [81, 459], [81, 458], [82, 457], [83, 456], [83, 455], [83, 454], [83, 453], [82, 453], [81, 453], [81, 454], [80, 455], [79, 455], [78, 455], [77, 455], [76, 454], [76, 453]]], [[[139, 514], [139, 515], [140, 516], [141, 517], [141, 518], [141, 519], [141, 520], [141, 521], [140, 522], [141, 521], [142, 520], [143, 520], [144, 519], [145, 519], [146, 519], [147, 518], [148, 517], [149, 516], [149, 515], [148, 514], [147, 514], [146, 515], [146, 516], [145, 517], [144, 517], [143, 517], [142, 517], [141, 516], [141, 515], [140, 514]]], [[[124, 496], [124, 497], [123, 498], [122, 498], [121, 498], [120, 498], [119, 498], [118, 498], [117, 497], [116, 497], [115, 498], [116, 499], [117, 499], [118, 499], [119, 499], [120, 500], [121, 499], [122, 499], [123, 499], [124, 499], [125, 500], [126, 500], [127, 501], [128, 501], [129, 502], [130, 502], [131, 503], [132, 504], [133, 504], [134, 504], [135, 505], [136, 505], [137, 504], [138, 504], [139, 504], [140, 504], [141, 504], [142, 504], [143, 504], [144, 504], [145, 505], [145, 506], [146, 507], [147, 507], [147, 506], [146, 505], [146, 504], [145, 503], [144, 503], [143, 503], [142, 503], [141, 502], [140, 502], [139, 502], [138, 502], [137, 503], [136, 503], [135, 502], [134, 502], [133, 502], [132, 501], [131, 501], [130, 501], [129, 500], [128, 499], [127, 498], [126, 497], [125, 497]]], [[[158, 364], [158, 365], [159, 366], [159, 367], [159, 368], [159, 369], [159, 370], [158, 371], [158, 372], [158, 373], [159, 373], [160, 374], [161, 375], [161, 376], [161, 377], [161, 376], [161, 375], [161, 374], [161, 373], [161, 372], [160, 371], [159, 370], [160, 369], [161, 369], [162, 370], [163, 370], [164, 370], [165, 370], [164, 369], [164, 368], [164, 367], [164, 366], [163, 367], [163, 368], [162, 369], [161, 369], [160, 368], [160, 367], [159, 366], [159, 365], [159, 364]]], [[[154, 362], [153, 363], [152, 363], [151, 363], [150, 363], [149, 363], [148, 363], [147, 363], [146, 363], [145, 364], [144, 364], [143, 364], [142, 365], [141, 365], [140, 365], [140, 366], [141, 366], [142, 366], [142, 365], [143, 364], [144, 365], [145, 365], [146, 365], [147, 365], [148, 365], [149, 365], [150, 365], [151, 365], [152, 365], [153, 364], [154, 364], [155, 364], [155, 363]]]]","[[], 200, 201, 174, 203, 204, 205, 206]"
117,117,"[[[489, 357]], [[488, 358]], [[487, 359]], [[487, 360]], [[486, 361]], [[485, 362]], [[484, 363]], [[483, 364]], [[482, 365]], [[482, 366]], [[481, 367]], [[481, 368]], [[481, 369]], [[481, 370]], [[481, 371]], [[482, 372]], [[483, 373]], [[483, 374]], [[483, 375]], [[484, 376]], [[484, 377]], [[485, 378]], [[486, 379]], [[487, 380]], [[488, 380]], [[489, 380]], [[490, 381]], [[491, 381]], [[492, 381]], [[493, 381]], [[494, 381]], [[495, 381]], [[496, 381]], [[497, 381]], [[498, 381]], [[499, 380]], [[500, 380]], [[501, 380]], [[502, 380]], [[503, 380]], [[504, 380]], [[505, 379]], [[506, 379]], [[506, 378]], [[507, 377]], [[507, 376]], [[507, 375]], [[507, 374]], [[506, 373]], [[506, 372]], [[506, 371]], [[506, 370]], [[506, 369]], [[506, 368]], [[505, 367]], [[504, 366]], [[503, 365]], [[503, 364]], [[502, 363]], [[501, 362]], [[500, 361]], [[500, 360]], [[499, 359]], [[498, 358]], [[497, 358]], [[496, 358]], [[495, 357]], [[494, 357]], [[493, 357]], [[492, 357]], [[491, 357]], [[490, 357]]]","[[], [[[509, 373], [509, 374], [509, 375], [509, 376], [508, 377], [508, 378], [508, 379], [507, 380], [506, 380], [505, 381], [504, 382], [503, 383], [502, 383], [501, 383], [500, 384], [499, 385], [498, 385], [497, 385], [496, 385], [496, 386], [495, 387], [496, 387], [497, 387], [498, 387], [499, 387], [500, 386], [501, 385], [502, 385], [503, 384], [504, 384], [505, 384], [506, 384], [507, 384], [508, 384], [509, 385], [510, 385], [511, 385], [512, 385], [512, 384], [511, 383], [511, 382], [510, 381], [511, 380], [511, 379], [510, 379], [509, 378], [509, 377], [509, 376], [509, 375], [509, 374]]]]","[[], 207]"
118,118,"[[[675, 353]], [[674, 354]], [[674, 355]], [[674, 356]], [[674, 357]], [[674, 358]], [[674, 359]], [[674, 360]], [[675, 361]], [[675, 362]], [[675, 363]], [[675, 364]], [[676, 365]], [[676, 366]], [[677, 367]], [[678, 368]], [[679, 369]], [[679, 370]], [[680, 371]], [[681, 371]], [[682, 371]], [[683, 372]], [[684, 371]], [[685, 371]], [[685, 370]], [[685, 369]], [[685, 368]], [[685, 367]], [[685, 366]], [[685, 365]], [[685, 364]], [[685, 363]], [[686, 362]], [[686, 361]], [[686, 360]], [[686, 359]], [[686, 358]], [[686, 357]], [[686, 356]], [[685, 355]], [[684, 354]], [[683, 354]], [[682, 354]], [[681, 354]], [[680, 353]], [[679, 353]], [[678, 353]], [[677, 353]], [[676, 353]]]","[[], [[[672, 364], [671, 365], [670, 366], [669, 367], [668, 367], [667, 367], [666, 366], [666, 365], [665, 365], [664, 366], [664, 367], [663, 368], [662, 368], [661, 368], [660, 367], [660, 366], [659, 365], [658, 365], [658, 366], [658, 367], [658, 368], [659, 368], [660, 368], [661, 368], [662, 368], [663, 369], [664, 369], [665, 369], [666, 369], [667, 369], [668, 369], [669, 369], [670, 369], [671, 369], [672, 369], [673, 368], [674, 369], [674, 370], [674, 371], [675, 371], [676, 371], [677, 371], [678, 372], [679, 372], [680, 372], [681, 373], [682, 373], [683, 374], [683, 375], [683, 376], [684, 377], [685, 377], [685, 376], [684, 375], [683, 374], [683, 373], [682, 372], [681, 372], [680, 372], [679, 371], [678, 370], [678, 369], [677, 368], [676, 367], [675, 366], [675, 365], [674, 364], [673, 364]]]]","[[], 208]"
119,119,"[[[187, 351]], [[186, 352]], [[185, 353]], [[184, 354]], [[183, 354]], [[182, 355]], [[181, 356]], [[180, 356]], [[181, 357]], [[181, 358]], [[181, 359]], [[181, 360]], [[181, 361]], [[180, 362]], [[180, 363]], [[179, 364]], [[178, 363]], [[178, 362]], [[178, 363]], [[178, 364]], [[178, 365]], [[178, 366]], [[178, 367]], [[179, 366]], [[180, 367]], [[180, 368]], [[180, 369]], [[181, 370]], [[182, 370]], [[183, 371]], [[184, 371]], [[185, 371]], [[186, 371]], [[187, 371]], [[188, 371]], [[189, 371]], [[190, 371]], [[191, 371]], [[192, 370]], [[193, 370]], [[194, 371]], [[195, 371]], [[196, 371]], [[197, 371]], [[198, 371]], [[199, 371]], [[200, 371]], [[201, 371]], [[202, 371]], [[203, 371]], [[204, 370]], [[205, 370]], [[206, 369]], [[207, 368]], [[208, 367]], [[209, 366]], [[210, 365]], [[210, 364]], [[209, 363]], [[209, 362]], [[209, 361]], [[208, 360]], [[208, 359]], [[207, 358]], [[206, 357]], [[206, 356]], [[205, 355]], [[204, 354]], [[203, 353]], [[202, 353]], [[201, 353]], [[200, 352]], [[199, 352]], [[198, 352]], [[197, 351]], [[196, 351]], [[195, 351]], [[194, 351]], [[193, 351]], [[192, 351]], [[191, 351]], [[190, 351]], [[189, 351]], [[188, 351]]]","[[[[186, 350], [185, 351], [184, 351], [183, 351], [182, 351], [181, 352], [180, 353], [179, 353], [178, 354], [177, 354], [176, 355], [175, 356], [174, 356], [173, 357], [172, 358], [172, 359], [173, 360], [174, 361], [175, 360], [175, 359], [175, 358], [175, 357], [176, 356], [177, 356], [178, 356], [179, 356], [180, 355], [181, 355], [182, 354], [183, 353], [184, 353], [185, 352], [186, 351], [187, 350]]], [[[178, 371], [177, 372], [176, 372], [175, 373], [174, 374], [173, 374], [173, 375], [174, 375], [175, 376], [176, 377], [177, 377], [178, 378], [179, 379], [179, 380], [180, 381], [181, 382], [182, 382], [182, 381], [181, 380], [181, 379], [180, 378], [180, 377], [180, 376], [181, 375], [182, 375], [183, 375], [183, 374], [183, 373], [182, 372], [181, 372], [180, 371], [179, 371]]], [], [[[195, 346], [194, 347], [195, 348], [196, 348], [197, 348], [198, 349], [199, 350], [200, 351], [201, 352], [202, 352], [203, 352], [204, 353], [205, 354], [206, 355], [207, 356], [207, 357], [208, 358], [209, 359], [210, 360], [210, 361], [210, 362], [210, 363], [211, 364], [211, 365], [212, 365], [212, 364], [211, 363], [210, 362], [210, 361], [211, 360], [212, 360], [213, 360], [212, 360], [211, 359], [210, 358], [209, 357], [208, 356], [207, 355], [207, 354], [206, 353], [205, 352], [204, 351], [203, 351], [202, 351], [201, 350], [200, 349], [199, 348], [198, 348], [197, 347], [196, 346]]]]","[209, 210, [], 211]"
120,120,"[[[624, 349]], [[623, 350]], [[622, 350]], [[622, 351]], [[621, 352]], [[620, 352]], [[619, 353]], [[618, 353]], [[617, 354]], [[616, 354]], [[615, 354]], [[614, 354]], [[613, 355]], [[612, 355]], [[611, 356]], [[610, 357]], [[609, 357]], [[608, 358]], [[607, 358]], [[606, 358]], [[606, 359]], [[605, 360]], [[604, 361]], [[603, 362]], [[604, 362]], [[605, 363]], [[605, 364]], [[606, 364]], [[607, 364]], [[608, 364]], [[609, 364]], [[610, 364]], [[611, 364]], [[612, 364]], [[613, 364]], [[614, 364]], [[615, 364]], [[616, 363]], [[617, 363]], [[618, 362]], [[619, 362]], [[620, 362]], [[621, 361]], [[622, 361]], [[623, 360]], [[624, 360]], [[625, 359]], [[626, 358]], [[627, 357]], [[628, 357]], [[629, 356]], [[629, 355]], [[629, 354]], [[629, 353]], [[629, 352]], [[629, 351]], [[629, 350]], [[629, 349]], [[628, 349]], [[627, 350]], [[626, 350]], [[625, 350]]]",[[]],[]
121,121,"[[[717, 346]], [[716, 347]], [[715, 347]], [[714, 348]], [[713, 349]], [[713, 350]], [[712, 351]], [[712, 352]], [[711, 353]], [[710, 352]], [[709, 352]], [[709, 353]], [[710, 354]], [[709, 355]], [[708, 356]], [[708, 357]], [[708, 358]], [[708, 359]], [[708, 360]], [[707, 361]], [[706, 361]], [[706, 362]], [[706, 363]], [[705, 364]], [[705, 365]], [[705, 366]], [[704, 367]], [[703, 368]], [[702, 369]], [[702, 370]], [[702, 371]], [[703, 372]], [[702, 373]], [[701, 373]], [[700, 373]], [[699, 374]], [[698, 373]], [[698, 374]], [[697, 375]], [[697, 376]], [[697, 377]], [[697, 378]], [[698, 379]], [[698, 380]], [[698, 381]], [[698, 382]], [[698, 383]], [[698, 384]], [[698, 385]], [[699, 386]], [[699, 387]], [[698, 388]], [[698, 389]], [[698, 390]], [[698, 391]], [[698, 392]], [[699, 393]], [[699, 394]], [[699, 395]], [[699, 396]], [[699, 397]], [[698, 398]], [[698, 399]], [[698, 400]], [[698, 401]], [[698, 402]], [[697, 403]], [[698, 404]], [[699, 405]], [[699, 406]], [[699, 407]], [[699, 408]], [[700, 409]], [[700, 410]], [[701, 411]], [[702, 412]], [[702, 413]], [[703, 414]], [[703, 415]], [[703, 416]], [[704, 416]], [[705, 416]], [[706, 416]], [[707, 415]], [[708, 414]], [[709, 414]], [[710, 414]], [[711, 413]], [[712, 412]], [[713, 412]], [[714, 412]], [[715, 412]], [[716, 412]], [[717, 412]], [[718, 413]], [[719, 413]], [[720, 413]], [[721, 414]], [[722, 414]], [[723, 415]], [[723, 416]], [[724, 416]], [[725, 416]], [[726, 416]], [[727, 416]], [[728, 415]], [[729, 415]], [[730, 415]], [[731, 414]], [[732, 414]], [[733, 414]], [[734, 414]], [[735, 414]], [[736, 413]], [[736, 412]], [[737, 411]], [[738, 410]], [[739, 409]], [[740, 409]], [[741, 408]], [[742, 407]], [[743, 406]], [[744, 405]], [[744, 404]], [[745, 403]], [[745, 402]], [[746, 401]], [[747, 400]], [[747, 399]], [[748, 398]], [[748, 397]], [[749, 396]], [[750, 395]], [[751, 394]], [[751, 393]], [[752, 392]], [[751, 391]], [[751, 390]], [[751, 389]], [[751, 388]], [[752, 387]], [[753, 387]], [[753, 386]], [[753, 385]], [[753, 384]], [[752, 384]], [[751, 384]], [[750, 383]], [[750, 382]], [[749, 381]], [[749, 380]], [[749, 379]], [[749, 378]], [[749, 377]], [[749, 376]], [[749, 375]], [[749, 374]], [[750, 373]], [[751, 372]], [[751, 371]], [[751, 370]], [[751, 369]], [[750, 368]], [[750, 367]], [[749, 366]], [[749, 365]], [[748, 364]], [[747, 363]], [[746, 363]], [[745, 363]], [[744, 364]], [[743, 364]], [[742, 364]], [[741, 364]], [[740, 364]], [[739, 364]], [[738, 364]], [[737, 364]], [[736, 364]], [[735, 364]], [[734, 365]], [[733, 365]], [[732, 365]], [[731, 366]], [[730, 366]], [[729, 366]], [[728, 366]], [[727, 365]], [[726, 364]], [[727, 363]], [[728, 362]], [[729, 362]], [[730, 362]], [[731, 362]], [[732, 362]], [[733, 362]], [[733, 361]], [[733, 360]], [[733, 359]], [[732, 358]], [[732, 357]], [[732, 356]], [[731, 355]], [[731, 354]], [[731, 353]], [[730, 352]], [[730, 351]], [[729, 350]], [[728, 349]], [[727, 348]], [[726, 348]], [[725, 347]], [[724, 346]], [[723, 346]], [[722, 346]], [[721, 346]], [[720, 346]], [[719, 346]], [[718, 346]]]","[[], [[[692, 388], [691, 389], [690, 389], [689, 390], [688, 390], [687, 390], [686, 389], [685, 389], [684, 389], [683, 389], [683, 390], [683, 391], [683, 392], [683, 393], [682, 394], [683, 395], [683, 396], [684, 396], [685, 397], [685, 396], [685, 395], [686, 394], [687, 393], [688, 393], [689, 393], [690, 394], [691, 395], [691, 396], [691, 397], [691, 398], [690, 399], [690, 400], [691, 401], [692, 401], [693, 402], [694, 403], [695, 404], [696, 405], [697, 406], [698, 407], [698, 406], [698, 405], [697, 404], [696, 403], [695, 402], [694, 401], [693, 402], [692, 401], [691, 400], [692, 399], [692, 398], [692, 397], [692, 396], [692, 395], [693, 394], [692, 393], [691, 392], [691, 391], [691, 390], [692, 389]]], [[[747, 361], [746, 362], [745, 362], [744, 362], [743, 362], [742, 362], [741, 362], [740, 362], [739, 362], [738, 363], [737, 363], [738, 363], [739, 363], [740, 363], [741, 363], [742, 363], [743, 363], [744, 363], [745, 362], [746, 362], [747, 362], [748, 363], [749, 364], [750, 364], [749, 363], [749, 362], [748, 361]]]]","[[], 212, 213]"
122,122,"[[[299, 345]], [[298, 346]], [[297, 346]], [[296, 346]], [[296, 347]], [[295, 348]], [[294, 348]], [[293, 349]], [[292, 350]], [[291, 351]], [[290, 352]], [[289, 351]], [[290, 352]], [[289, 353]], [[288, 354]], [[288, 355]], [[287, 356]], [[288, 357]], [[288, 358]], [[288, 359]], [[288, 360]], [[287, 361]], [[286, 362]], [[286, 363]], [[285, 364]], [[284, 365]], [[283, 366]], [[282, 367]], [[282, 368]], [[281, 369]], [[281, 370]], [[281, 371]], [[280, 372]], [[279, 373]], [[279, 374]], [[280, 375]], [[280, 376]], [[280, 377]], [[281, 378]], [[281, 379]], [[282, 380]], [[282, 381]], [[283, 382]], [[284, 383]], [[284, 384]], [[284, 385]], [[285, 386]], [[285, 387]], [[285, 388]], [[284, 389]], [[285, 389]], [[286, 390]], [[286, 391]], [[286, 392]], [[287, 393]], [[287, 394]], [[288, 395]], [[289, 396]], [[290, 396]], [[291, 397]], [[292, 398]], [[293, 398]], [[294, 399]], [[295, 399]], [[296, 400]], [[297, 400]], [[298, 401]], [[299, 401]], [[300, 401]], [[301, 401]], [[302, 402]], [[303, 402]], [[304, 402]], [[305, 402]], [[306, 402]], [[307, 401]], [[308, 401]], [[309, 401]], [[310, 400]], [[311, 400]], [[312, 400]], [[313, 399]], [[314, 398]], [[315, 398]], [[316, 397]], [[317, 396]], [[318, 395]], [[318, 394]], [[319, 393]], [[320, 392]], [[320, 391]], [[321, 390]], [[322, 389]], [[323, 388]], [[324, 387]], [[325, 386]], [[326, 385]], [[326, 384]], [[327, 383]], [[328, 382]], [[329, 382]], [[330, 382]], [[331, 381]], [[332, 381]], [[333, 380]], [[334, 379]], [[335, 378]], [[336, 378]], [[336, 377]], [[337, 376]], [[337, 375]], [[338, 374]], [[338, 373]], [[338, 372]], [[339, 371]], [[340, 370]], [[340, 369]], [[340, 368]], [[339, 367]], [[339, 366]], [[339, 365]], [[339, 364]], [[339, 363]], [[339, 362]], [[339, 361]], [[339, 360]], [[339, 359]], [[339, 358]], [[338, 357]], [[338, 356]], [[337, 355]], [[337, 354]], [[336, 353]], [[336, 352]], [[335, 351]], [[334, 351]], [[333, 351]], [[332, 350]], [[331, 350]], [[330, 350]], [[329, 349]], [[328, 349]], [[327, 349]], [[326, 349]], [[325, 349]], [[324, 349]], [[323, 349]], [[322, 349]], [[321, 350]], [[320, 351]], [[319, 352]], [[318, 352]], [[317, 352]], [[316, 352]], [[315, 352]], [[314, 352]], [[313, 352]], [[312, 352]], [[311, 351]], [[310, 350]], [[309, 350]], [[308, 349]], [[307, 349]], [[306, 348]], [[305, 348]], [[304, 348]], [[303, 348]], [[302, 347]], [[302, 346]], [[301, 345]], [[300, 345]]]","[[], [[[287, 350], [286, 351], [285, 352], [284, 352], [283, 353], [282, 353], [281, 353], [280, 353], [280, 354], [280, 355], [281, 356], [282, 357], [282, 358], [283, 359], [283, 360], [284, 360], [284, 359], [284, 358], [283, 357], [284, 356], [285, 356], [286, 356], [287, 355], [287, 354], [288, 353], [289, 352], [288, 351], [288, 350]]], [[[283, 391], [283, 392], [284, 393], [284, 394], [285, 395], [286, 396], [287, 396], [288, 397], [288, 398], [289, 399], [290, 400], [291, 401], [292, 401], [293, 402], [294, 402], [295, 402], [296, 403], [297, 403], [298, 403], [299, 403], [300, 404], [301, 404], [302, 404], [303, 404], [304, 404], [304, 403], [303, 403], [302, 403], [301, 402], [300, 402], [299, 402], [298, 402], [297, 401], [296, 401], [295, 400], [294, 400], [293, 399], [292, 399], [291, 398], [290, 397], [289, 397], [288, 396], [287, 395], [286, 394], [286, 393], [285, 392], [284, 391]]], [[[306, 403], [306, 404], [307, 405], [307, 406], [308, 406], [309, 407], [310, 408], [310, 409], [311, 410], [312, 411], [313, 411], [314, 410], [315, 410], [316, 410], [317, 411], [318, 412], [318, 411], [317, 410], [316, 410], [315, 410], [314, 410], [313, 410], [312, 409], [311, 408], [310, 407], [309, 406], [308, 405], [307, 404]]], [[[322, 392], [321, 393], [320, 394], [320, 395], [320, 396], [321, 396], [322, 396], [323, 396], [324, 397], [324, 398], [324, 399], [323, 400], [324, 401], [324, 402], [324, 401], [325, 400], [325, 399], [326, 398], [327, 397], [328, 397], [329, 398], [330, 399], [331, 399], [331, 398], [330, 397], [330, 396], [329, 395], [328, 395], [327, 395], [326, 394], [325, 394], [324, 394], [323, 393], [323, 392]]], [[[335, 379], [334, 380], [334, 381], [334, 382], [334, 383], [334, 384], [335, 385], [335, 386], [336, 387], [337, 387], [338, 388], [339, 388], [340, 389], [341, 389], [342, 390], [343, 390], [344, 391], [345, 391], [344, 390], [344, 389], [343, 388], [342, 388], [341, 387], [340, 387], [339, 387], [338, 387], [337, 386], [337, 385], [337, 384], [337, 383], [337, 382], [337, 381], [337, 380], [337, 379], [336, 379]]]]","[[], 214, 215, 216, 217, 218]"
123,123,"[[[254, 332]], [[253, 333]], [[252, 334]], [[252, 335]], [[252, 336]], [[252, 337]], [[252, 338]], [[251, 339]], [[251, 340]], [[251, 341]], [[251, 342]], [[250, 343]], [[250, 344]], [[250, 345]], [[250, 346]], [[250, 347]], [[250, 348]], [[250, 349]], [[250, 350]], [[251, 351]], [[252, 352]], [[253, 353]], [[253, 354]], [[254, 354]], [[255, 355]], [[256, 356]], [[257, 357]], [[257, 358]], [[258, 359]], [[258, 360]], [[259, 361]], [[260, 362]], [[260, 363]], [[260, 364]], [[260, 365]], [[260, 366]], [[261, 367]], [[261, 368]], [[262, 368]], [[263, 369]], [[264, 368]], [[265, 368]], [[266, 368]], [[267, 367]], [[268, 366]], [[269, 365]], [[270, 364]], [[270, 363]], [[270, 362]], [[270, 361]], [[270, 360]], [[271, 359]], [[271, 358]], [[271, 357]], [[271, 356]], [[271, 355]], [[271, 354]], [[272, 353]], [[272, 352]], [[272, 351]], [[272, 350]], [[272, 349]], [[272, 348]], [[272, 347]], [[273, 346]], [[273, 345]], [[273, 344]], [[272, 343]], [[271, 343]], [[270, 342]], [[269, 342]], [[268, 341]], [[267, 341]], [[266, 340]], [[265, 339]], [[264, 338]], [[263, 338]], [[262, 337]], [[261, 336]], [[260, 336]], [[259, 335]], [[258, 334]], [[257, 333]], [[256, 332]], [[255, 332]]]","[[[[255, 330], [255, 331], [256, 331], [257, 332], [258, 333], [259, 334], [260, 335], [261, 335], [262, 336], [263, 337], [264, 337], [265, 338], [266, 339], [267, 340], [268, 340], [269, 341], [270, 341], [271, 342], [272, 342], [272, 341], [271, 340], [270, 340], [269, 339], [268, 339], [267, 338], [266, 337], [265, 336], [264, 335], [263, 334], [262, 334], [261, 333], [260, 333], [259, 333], [258, 332], [258, 331], [257, 331], [256, 330]]], []]","[219, []]"
124,124,"[[[215, 328]], [[214, 329]], [[213, 330]], [[212, 331]], [[211, 332]], [[211, 333]], [[210, 334]], [[209, 335]], [[208, 336]], [[208, 337]], [[207, 338]], [[206, 338]], [[207, 339]], [[207, 340]], [[206, 341]], [[206, 342]], [[205, 343]], [[205, 344]], [[205, 345]], [[206, 346]], [[205, 347]], [[205, 348]], [[205, 349]], [[204, 350]], [[205, 351]], [[206, 352]], [[207, 353]], [[208, 354]], [[208, 355]], [[209, 356]], [[210, 357]], [[211, 358]], [[212, 359]], [[213, 359]], [[214, 359]], [[215, 360]], [[216, 360]], [[217, 360]], [[218, 360]], [[219, 361]], [[220, 361]], [[221, 361]], [[222, 361]], [[223, 361]], [[224, 360]], [[225, 359]], [[226, 358]], [[226, 357]], [[226, 356]], [[226, 355]], [[226, 354]], [[226, 353]], [[226, 352]], [[226, 351]], [[226, 350]], [[226, 349]], [[226, 348]], [[227, 347]], [[228, 346]], [[229, 346]], [[229, 345]], [[230, 344]], [[231, 344]], [[232, 344]], [[233, 343]], [[232, 343]], [[231, 343]], [[230, 342]], [[230, 341]], [[230, 340]], [[231, 339]], [[231, 338]], [[231, 337]], [[231, 336]], [[231, 335]], [[231, 334]], [[230, 333]], [[229, 332]], [[229, 331]], [[228, 331]], [[227, 330]], [[226, 329]], [[225, 328]], [[224, 328]], [[223, 328]], [[222, 328]], [[221, 328]], [[220, 328]], [[219, 328]], [[218, 328]], [[217, 328]], [[216, 328]]]","[[[[225, 325], [224, 326], [223, 326], [222, 326], [221, 326], [220, 326], [219, 326], [218, 326], [217, 326], [216, 327], [217, 327], [218, 327], [219, 327], [220, 327], [221, 327], [222, 327], [223, 327], [224, 327], [225, 327], [226, 327], [227, 328], [228, 328], [229, 328], [230, 328], [231, 328], [232, 328], [231, 327], [230, 326], [229, 326], [228, 326], [227, 325], [226, 325]]], [], [[[195, 346], [194, 347], [195, 348], [196, 348], [197, 348], [198, 349], [199, 350], [200, 351], [201, 352], [202, 352], [203, 352], [204, 353], [205, 354], [206, 355], [207, 356], [207, 357], [208, 358], [209, 359], [210, 360], [210, 361], [210, 362], [210, 363], [211, 364], [211, 365], [212, 365], [212, 364], [211, 363], [210, 362], [210, 361], [211, 360], [212, 360], [213, 360], [212, 360], [211, 359], [210, 358], [209, 357], [208, 356], [207, 355], [207, 354], [206, 353], [205, 352], [204, 351], [203, 351], [202, 351], [201, 350], [200, 349], [199, 348], [198, 348], [197, 347], [196, 346]]]]","[220, [], 211]"
125,125,"[[[60, 327]], [[60, 328]], [[59, 329]], [[60, 330]], [[61, 331]], [[62, 332]], [[62, 333]], [[62, 334]], [[63, 334]], [[64, 335]], [[65, 336]], [[66, 337]], [[67, 338]], [[68, 339]], [[68, 340]], [[67, 341]], [[66, 342]], [[65, 342]], [[66, 343]], [[67, 344]], [[68, 345]], [[69, 345]], [[70, 346]], [[71, 347]], [[71, 348]], [[72, 349]], [[71, 350]], [[70, 351]], [[69, 351]], [[70, 351]], [[71, 351]], [[72, 352]], [[73, 352]], [[74, 351]], [[75, 350]], [[76, 350]], [[77, 350]], [[78, 350]], [[79, 351]], [[80, 351]], [[81, 351]], [[82, 351]], [[83, 350]], [[84, 350]], [[85, 350]], [[86, 349]], [[87, 349]], [[88, 348]], [[89, 348]], [[90, 347]], [[90, 346]], [[91, 345]], [[92, 344]], [[92, 343]], [[92, 342]], [[92, 341]], [[92, 340]], [[92, 339]], [[92, 338]], [[91, 337]], [[91, 336]], [[90, 335]], [[90, 334]], [[89, 333]], [[88, 332]], [[88, 331]], [[88, 330]], [[88, 329]], [[87, 329]], [[86, 329]], [[85, 329]], [[84, 329]], [[83, 329]], [[82, 330]], [[81, 330]], [[80, 329]], [[80, 328]], [[79, 329]], [[79, 330]], [[78, 331]], [[77, 332]], [[76, 333]], [[75, 333]], [[74, 333]], [[73, 332]], [[72, 332]], [[71, 332]], [[70, 331]], [[71, 330]], [[72, 329]], [[71, 329]], [[70, 329]], [[69, 328]], [[68, 328]], [[67, 328]], [[66, 328]], [[65, 328]], [[64, 327]], [[63, 327]], [[62, 327]], [[61, 327]]]","[[], [[[90, 328], [90, 329], [89, 330], [89, 331], [89, 332], [90, 333], [91, 334], [91, 335], [92, 336], [92, 337], [93, 338], [93, 339], [93, 340], [93, 341], [93, 342], [93, 343], [93, 344], [92, 345], [92, 346], [92, 347], [93, 346], [94, 345], [95, 345], [96, 345], [96, 344], [97, 343], [97, 342], [96, 341], [95, 340], [95, 339], [96, 338], [95, 338], [94, 337], [94, 336], [93, 335], [93, 334], [92, 333], [91, 332], [91, 331], [91, 330], [91, 329], [91, 328]]], [[[75, 325], [74, 326], [75, 327], [74, 328], [73, 328], [72, 327], [72, 326], [71, 327], [70, 326], [69, 327], [70, 328], [71, 328], [72, 328], [73, 329], [72, 330], [71, 331], [72, 331], [73, 331], [74, 332], [75, 332], [76, 332], [77, 331], [78, 330], [78, 329], [79, 328], [79, 327], [79, 326], [78, 326], [77, 326], [76, 325]]]]","[[], 222, 223]"
126,126,"[[[460, 317]], [[459, 318]], [[458, 318]], [[457, 319]], [[456, 319]], [[455, 320]], [[455, 321]], [[454, 322]], [[453, 322]], [[452, 323]], [[451, 324]], [[450, 325]], [[450, 326]], [[450, 327]], [[450, 328]], [[449, 329]], [[448, 330]], [[447, 330]], [[446, 331]], [[445, 331]], [[444, 331]], [[443, 330]], [[442, 330]], [[441, 329]], [[440, 329]], [[439, 329]], [[438, 329]], [[437, 330]], [[437, 331]], [[437, 332]], [[437, 333]], [[436, 334]], [[436, 335]], [[435, 336]], [[435, 337]], [[435, 338]], [[435, 339]], [[436, 340]], [[436, 341]], [[436, 342]], [[436, 343]], [[436, 344]], [[437, 345]], [[438, 346]], [[438, 347]], [[439, 348]], [[439, 349]], [[440, 350]], [[441, 350]], [[442, 351]], [[443, 352]], [[444, 353]], [[445, 353]], [[446, 354]], [[447, 355]], [[448, 356]], [[449, 356]], [[450, 357]], [[451, 357]], [[452, 358]], [[453, 359]], [[454, 359]], [[455, 359]], [[456, 359]], [[457, 359]], [[457, 358]], [[458, 357]], [[458, 356]], [[459, 355]], [[460, 354]], [[461, 354]], [[462, 353]], [[463, 354]], [[463, 355]], [[464, 356]], [[464, 357]], [[465, 358]], [[465, 359]], [[466, 359]], [[467, 360]], [[468, 360]], [[469, 360]], [[470, 360]], [[471, 360]], [[472, 359]], [[473, 359]], [[474, 358]], [[475, 357]], [[476, 356]], [[477, 356]], [[478, 355]], [[479, 354]], [[480, 354]], [[481, 353]], [[481, 352]], [[481, 351]], [[481, 350]], [[481, 349]], [[481, 348]], [[481, 347]], [[481, 346]], [[482, 345]], [[481, 344]], [[480, 344]], [[479, 343]], [[479, 342]], [[478, 341]], [[478, 340]], [[478, 339]], [[477, 338]], [[477, 337]], [[477, 336]], [[476, 335]], [[475, 334]], [[474, 333]], [[474, 332]], [[473, 331]], [[472, 330]], [[472, 329]], [[472, 328]], [[471, 327]], [[470, 326]], [[470, 325]], [[469, 324]], [[469, 323]], [[468, 322]], [[468, 321]], [[467, 320]], [[466, 319]], [[465, 318]], [[464, 318]], [[463, 317]], [[462, 317]], [[461, 317]]]","[[[[446, 304], [445, 305], [445, 306], [445, 307], [446, 308], [447, 309], [447, 310], [447, 311], [447, 312], [446, 313], [446, 314], [445, 315], [444, 316], [443, 317], [442, 317], [443, 317], [444, 317], [445, 317], [445, 316], [446, 315], [447, 314], [448, 313], [449, 313], [450, 313], [451, 313], [452, 314], [453, 314], [454, 314], [455, 315], [456, 316], [455, 317], [455, 318], [455, 319], [456, 318], [457, 318], [458, 317], [459, 317], [460, 316], [461, 316], [462, 316], [463, 316], [464, 317], [465, 317], [466, 318], [467, 319], [467, 318], [466, 317], [465, 316], [464, 315], [464, 314], [463, 313], [462, 312], [461, 312], [460, 312], [459, 312], [458, 313], [457, 313], [456, 313], [455, 313], [454, 312], [453, 311], [452, 311], [451, 310], [450, 309], [450, 308], [449, 308], [448, 308], [447, 307], [447, 306], [447, 305]]], [[[440, 320], [439, 321], [438, 321], [438, 322], [438, 323], [438, 324], [437, 325], [436, 324], [435, 323], [434, 322], [434, 321], [433, 321], [433, 322], [434, 323], [434, 324], [434, 325], [435, 326], [436, 327], [437, 328], [438, 328], [439, 327], [440, 326], [440, 325], [441, 324], [441, 323], [441, 322], [441, 321], [441, 320]]], []]","[224, 225, []]"
127,127,"[[[682, 304]], [[681, 305]], [[680, 305]], [[679, 305]], [[678, 306]], [[677, 307]], [[676, 307]], [[675, 308]], [[674, 308]], [[673, 308]], [[672, 308]], [[671, 308]], [[670, 308]], [[669, 308]], [[668, 309]], [[668, 310]], [[667, 311]], [[667, 312]], [[667, 313]], [[668, 314]], [[668, 315]], [[668, 316]], [[668, 317]], [[667, 318]], [[667, 319]], [[667, 320]], [[668, 321]], [[669, 322]], [[670, 322]], [[671, 323]], [[671, 324]], [[672, 325]], [[673, 325]], [[674, 325]], [[675, 326]], [[676, 326]], [[677, 325]], [[678, 324]], [[679, 324]], [[680, 323]], [[681, 323]], [[682, 323]], [[683, 323]], [[684, 323]], [[685, 323]], [[686, 323]], [[687, 323]], [[688, 322]], [[689, 321]], [[690, 320]], [[691, 319]], [[692, 318]], [[692, 317]], [[693, 316]], [[693, 315]], [[692, 314]], [[691, 313]], [[691, 312]], [[691, 311]], [[691, 310]], [[690, 309]], [[690, 308]], [[689, 307]], [[688, 306]], [[687, 306]], [[686, 305]], [[685, 304]], [[684, 304]], [[683, 304]]]","[[[[684, 301], [683, 302], [682, 302], [681, 302], [680, 302], [679, 302], [679, 303], [679, 304], [680, 304], [681, 304], [682, 303], [683, 303], [684, 303], [685, 303], [686, 304], [687, 305], [688, 305], [689, 306], [690, 307], [691, 306], [692, 306], [693, 306], [694, 307], [695, 308], [696, 309], [697, 310], [698, 310], [699, 310], [700, 309], [701, 309], [702, 310], [703, 310], [704, 311], [704, 312], [703, 313], [702, 313], [701, 312], [700, 312], [700, 313], [700, 314], [700, 315], [701, 315], [702, 315], [703, 315], [704, 316], [703, 317], [702, 318], [703, 319], [704, 319], [705, 320], [706, 320], [707, 321], [707, 322], [707, 323], [708, 324], [709, 325], [709, 326], [708, 327], [707, 328], [707, 329], [708, 329], [709, 330], [710, 330], [711, 330], [712, 331], [713, 330], [713, 329], [712, 328], [711, 327], [710, 326], [711, 325], [712, 324], [711, 323], [710, 323], [709, 322], [709, 321], [709, 320], [709, 319], [708, 318], [707, 317], [707, 316], [706, 315], [705, 314], [705, 313], [705, 312], [705, 311], [705, 310], [705, 309], [704, 309], [703, 308], [702, 308], [701, 308], [700, 308], [699, 308], [698, 307], [697, 307], [696, 306], [695, 305], [694, 305], [693, 305], [692, 304], [691, 304], [690, 304], [689, 303], [688, 303], [687, 303], [686, 302], [685, 301]]], []]","[226, []]"
128,128,"[[[738, 303]], [[737, 304]], [[736, 304]], [[735, 304]], [[734, 305]], [[733, 306]], [[732, 306]], [[731, 307]], [[730, 308]], [[729, 309]], [[728, 310]], [[727, 311]], [[726, 311]], [[725, 311]], [[724, 311]], [[723, 312]], [[722, 312]], [[721, 313]], [[720, 313]], [[719, 314]], [[719, 315]], [[719, 316]], [[719, 317]], [[719, 318]], [[720, 319]], [[720, 320]], [[721, 321]], [[721, 322]], [[722, 322]], [[723, 322]], [[724, 323]], [[725, 324]], [[726, 324]], [[727, 324]], [[728, 324]], [[729, 325]], [[730, 324]], [[731, 324]], [[732, 324]], [[733, 324]], [[734, 323]], [[735, 322]], [[736, 322]], [[737, 321]], [[738, 320]], [[739, 320]], [[740, 320]], [[741, 319]], [[742, 318]], [[743, 317]], [[744, 316]], [[744, 315]], [[744, 314]], [[744, 313]], [[744, 312]], [[744, 311]], [[744, 310]], [[744, 309]], [[744, 308]], [[743, 307]], [[743, 306]], [[743, 305]], [[742, 304]], [[742, 303]], [[741, 303]], [[740, 303]], [[739, 303]]]","[[[[740, 298], [740, 299], [739, 300], [738, 301], [737, 302], [736, 303], [735, 303], [734, 303], [733, 304], [732, 304], [731, 304], [730, 304], [729, 304], [728, 304], [727, 304], [726, 305], [726, 306], [726, 307], [725, 308], [724, 309], [723, 309], [722, 309], [721, 308], [720, 308], [719, 307], [719, 306], [718, 306], [718, 307], [717, 308], [716, 308], [715, 308], [714, 308], [713, 309], [712, 309], [711, 309], [710, 309], [709, 309], [708, 309], [707, 310], [708, 311], [708, 312], [709, 312], [710, 311], [711, 311], [712, 311], [713, 310], [714, 310], [715, 309], [716, 309], [717, 309], [718, 310], [719, 311], [720, 312], [721, 312], [722, 311], [723, 311], [724, 310], [725, 310], [726, 310], [727, 310], [728, 309], [729, 308], [730, 307], [731, 306], [732, 305], [733, 305], [734, 304], [735, 303], [736, 303], [737, 303], [738, 302], [739, 302], [740, 302], [741, 302], [742, 302], [743, 303], [743, 304], [744, 305], [744, 306], [744, 307], [745, 308], [745, 309], [746, 309], [747, 310], [746, 311], [745, 311], [745, 312], [745, 313], [745, 314], [746, 314], [747, 313], [748, 313], [748, 312], [748, 311], [748, 310], [747, 309], [746, 308], [746, 307], [746, 306], [745, 305], [744, 304], [744, 303], [743, 302], [743, 301], [743, 300], [742, 299], [741, 298]]], []]","[227, []]"
129,129,"[[[286, 296]], [[285, 297]], [[284, 297]], [[283, 297]], [[282, 297]], [[281, 297]], [[280, 298]], [[279, 299]], [[278, 300]], [[277, 300]], [[276, 301]], [[275, 301]], [[274, 302]], [[274, 303]], [[274, 304]], [[273, 305]], [[272, 306]], [[271, 307]], [[271, 308]], [[271, 309]], [[271, 310]], [[271, 311]], [[272, 312]], [[273, 312]], [[274, 313]], [[275, 312]], [[276, 313]], [[277, 313]], [[278, 314]], [[279, 314]], [[280, 315]], [[281, 315]], [[282, 315]], [[283, 316]], [[283, 317]], [[283, 318]], [[284, 319]], [[285, 320]], [[286, 320]], [[287, 321]], [[288, 321]], [[289, 321]], [[290, 320]], [[291, 320]], [[292, 320]], [[293, 320]], [[294, 319]], [[295, 319]], [[296, 318]], [[297, 317]], [[297, 316]], [[297, 315]], [[297, 314]], [[297, 313]], [[297, 312]], [[297, 311]], [[297, 310]], [[297, 309]], [[297, 308]], [[297, 307]], [[297, 306]], [[297, 305]], [[297, 304]], [[297, 303]], [[297, 302]], [[297, 301]], [[296, 300]], [[295, 299]], [[295, 298]], [[294, 297]], [[293, 297]], [[292, 297]], [[291, 296]], [[290, 296]], [[289, 296]], [[288, 297]], [[287, 296]]]","[[[[272, 302], [271, 303], [271, 304], [270, 305], [269, 305], [268, 304], [267, 305], [267, 306], [267, 307], [267, 308], [268, 309], [269, 310], [269, 311], [269, 312], [270, 312], [271, 312], [272, 313], [273, 314], [274, 315], [275, 315], [276, 315], [277, 316], [278, 317], [278, 318], [278, 319], [279, 318], [280, 318], [281, 318], [282, 319], [282, 320], [283, 321], [284, 321], [284, 320], [283, 319], [282, 318], [282, 317], [282, 316], [281, 316], [280, 316], [279, 316], [278, 315], [277, 314], [276, 314], [275, 313], [274, 314], [273, 314], [272, 313], [271, 312], [270, 311], [270, 310], [270, 309], [270, 308], [270, 307], [271, 306], [272, 305], [273, 304], [273, 303]]], [], [[[299, 303], [298, 304], [298, 305], [298, 306], [298, 307], [298, 308], [298, 309], [298, 310], [298, 311], [299, 310], [300, 310], [301, 311], [302, 312], [302, 313], [303, 314], [303, 315], [304, 315], [305, 315], [306, 315], [307, 315], [308, 315], [309, 315], [310, 315], [310, 314], [309, 313], [308, 312], [307, 311], [306, 310], [305, 310], [304, 310], [303, 311], [302, 310], [302, 309], [301, 308], [301, 307], [301, 306], [302, 305], [301, 305], [300, 304]]]]","[228, [], 229]"
130,130,"[[[782, 295]], [[782, 296]], [[783, 297]], [[782, 298]], [[782, 299]], [[782, 300]], [[782, 301]], [[781, 302]], [[781, 303]], [[781, 304]], [[780, 305]], [[780, 306]], [[780, 307]], [[779, 308]], [[778, 308]], [[778, 309]], [[778, 310]], [[778, 311]], [[778, 312]], [[778, 313]], [[779, 314]], [[779, 315]], [[779, 316]], [[779, 317]], [[779, 318]], [[780, 319]], [[780, 320]], [[781, 321]], [[782, 321]], [[783, 321]], [[784, 321]], [[785, 320]], [[786, 321]], [[787, 320]], [[788, 320]], [[788, 319]], [[789, 318]], [[790, 317]], [[791, 316]], [[792, 316]], [[792, 315]], [[792, 314]], [[793, 313]], [[793, 312]], [[793, 311]], [[793, 310]], [[793, 309]], [[793, 308]], [[794, 307]], [[795, 306]], [[796, 306]], [[797, 306]], [[798, 306]], [[799, 305]], [[799, 304]], [[798, 303]], [[797, 302]], [[796, 301]], [[795, 301]], [[794, 302]], [[793, 303]], [[792, 303]], [[791, 302]], [[790, 301]], [[791, 300]], [[791, 299]], [[790, 298]], [[789, 297]], [[788, 297]], [[787, 297]], [[786, 296]], [[786, 295]], [[785, 296]], [[784, 297]], [[783, 297]], [[782, 296]]]",[[]],[]
131,131,"[[[377, 290]], [[376, 291]], [[375, 291]], [[374, 291]], [[373, 292]], [[372, 293]], [[372, 294]], [[371, 295]], [[371, 296]], [[371, 297]], [[371, 298]], [[370, 299]], [[369, 300]], [[368, 300]], [[367, 300]], [[366, 301]], [[365, 302]], [[365, 303]], [[365, 304]], [[365, 305]], [[364, 306]], [[363, 307]], [[362, 308]], [[361, 308]], [[360, 308]], [[359, 308]], [[358, 309]], [[357, 309]], [[356, 309]], [[355, 310]], [[354, 311]], [[354, 312]], [[354, 313]], [[353, 314]], [[352, 315]], [[351, 315]], [[350, 316]], [[349, 316]], [[348, 317]], [[347, 318]], [[346, 318]], [[346, 319]], [[346, 320]], [[346, 321]], [[346, 322]], [[345, 323]], [[345, 324]], [[345, 325]], [[345, 326]], [[345, 327]], [[344, 328]], [[344, 329]], [[345, 330]], [[344, 331]], [[344, 332]], [[344, 333]], [[343, 334]], [[342, 335]], [[342, 336]], [[341, 337]], [[341, 338]], [[340, 339]], [[340, 340]], [[340, 341]], [[340, 342]], [[339, 343]], [[340, 344]], [[340, 345]], [[340, 346]], [[341, 347]], [[341, 348]], [[341, 349]], [[342, 350]], [[342, 351]], [[343, 352]], [[343, 353]], [[344, 353]], [[345, 354]], [[346, 354]], [[347, 354]], [[348, 355]], [[349, 356]], [[349, 357]], [[350, 358]], [[351, 359]], [[352, 359]], [[353, 359]], [[354, 359]], [[355, 359]], [[356, 359]], [[357, 359]], [[358, 359]], [[359, 359]], [[360, 360]], [[360, 361]], [[361, 361]], [[362, 361]], [[363, 361]], [[364, 361]], [[365, 361]], [[366, 362]], [[367, 362]], [[368, 363]], [[369, 363]], [[370, 363]], [[371, 364]], [[371, 365]], [[372, 364]], [[373, 364]], [[374, 364]], [[375, 365]], [[376, 365]], [[377, 364]], [[378, 364]], [[379, 364]], [[380, 364]], [[381, 363]], [[382, 362]], [[382, 361]], [[383, 360]], [[383, 359]], [[384, 358]], [[385, 358]], [[386, 357]], [[386, 356]], [[387, 355]], [[387, 354]], [[388, 353]], [[389, 352]], [[390, 351]], [[391, 351]], [[392, 350]], [[393, 349]], [[394, 349]], [[395, 349]], [[396, 350]], [[397, 350]], [[398, 350]], [[399, 349]], [[400, 349]], [[401, 348]], [[402, 347]], [[403, 346]], [[404, 346]], [[405, 345]], [[406, 345]], [[407, 345]], [[408, 346]], [[409, 345]], [[410, 344]], [[411, 343]], [[412, 343]], [[413, 342]], [[414, 341]], [[415, 341]], [[416, 341]], [[417, 340]], [[418, 340]], [[419, 340]], [[419, 339]], [[420, 338]], [[420, 337]], [[421, 336]], [[422, 335]], [[423, 334]], [[424, 333]], [[424, 332]], [[425, 331]], [[426, 330]], [[427, 329]], [[428, 328]], [[429, 327]], [[430, 327]], [[431, 327]], [[432, 326]], [[433, 325]], [[433, 324]], [[433, 323]], [[432, 322]], [[432, 321]], [[432, 320]], [[432, 319]], [[431, 318]], [[430, 317]], [[429, 316]], [[428, 315]], [[427, 315]], [[426, 315]], [[425, 315]], [[424, 316]], [[423, 316]], [[422, 317]], [[421, 317]], [[420, 317]], [[419, 316]], [[419, 315]], [[418, 316]], [[417, 317]], [[416, 318]], [[415, 318]], [[414, 317]], [[414, 316]], [[414, 315]], [[414, 314]], [[414, 313]], [[414, 312]], [[413, 311]], [[413, 310]], [[413, 309]], [[413, 308]], [[412, 308]], [[411, 307]], [[410, 306]], [[410, 305]], [[410, 304]], [[410, 303]], [[409, 302]], [[409, 301]], [[409, 300]], [[408, 299]], [[408, 298]], [[408, 297]], [[408, 296]], [[407, 295]], [[407, 294]], [[406, 293]], [[405, 292]], [[404, 292]], [[403, 292]], [[402, 292]], [[401, 292]], [[400, 293]], [[399, 293]], [[398, 293]], [[397, 293]], [[396, 292]], [[395, 291]], [[394, 291]], [[393, 290]], [[392, 290]], [[391, 290]], [[390, 290]], [[389, 290]], [[388, 290]], [[387, 290]], [[386, 290]], [[385, 291]], [[384, 292]], [[383, 292]], [[382, 292]], [[381, 291]], [[380, 291]], [[379, 290]], [[378, 290]]]","[[[[380, 285], [379, 286], [379, 287], [378, 288], [377, 288], [376, 288], [375, 289], [374, 289], [373, 289], [373, 290], [372, 291], [371, 292], [370, 292], [369, 292], [369, 293], [369, 294], [368, 295], [367, 296], [366, 297], [365, 298], [364, 299], [364, 300], [364, 301], [365, 301], [366, 300], [367, 299], [368, 298], [369, 299], [370, 298], [370, 297], [370, 296], [370, 295], [371, 294], [371, 293], [372, 292], [373, 291], [374, 290], [375, 290], [376, 290], [377, 289], [378, 289], [379, 289], [380, 290], [381, 290], [382, 291], [383, 291], [384, 291], [385, 290], [386, 289], [387, 289], [388, 289], [389, 289], [390, 289], [391, 289], [392, 289], [393, 289], [394, 290], [395, 290], [396, 291], [397, 291], [397, 290], [396, 289], [395, 288], [394, 288], [393, 288], [392, 288], [391, 287], [390, 287], [389, 287], [388, 287], [387, 288], [386, 288], [385, 288], [384, 288], [383, 289], [382, 289], [381, 290], [380, 289], [380, 288], [380, 287], [381, 286]]], [], [[[343, 317], [343, 318], [343, 319], [343, 320], [343, 321], [343, 322], [343, 323], [343, 324], [343, 325], [343, 326], [343, 327], [343, 328], [342, 329], [341, 329], [341, 330], [341, 331], [341, 332], [342, 333], [343, 333], [343, 332], [343, 331], [344, 330], [343, 329], [343, 328], [344, 327], [344, 326], [344, 325], [344, 324], [344, 323], [345, 322], [345, 321], [345, 320], [345, 319], [345, 318], [345, 317], [344, 317]]], [[[411, 345], [410, 346], [409, 347], [408, 347], [407, 346], [406, 346], [405, 346], [404, 347], [403, 347], [402, 348], [401, 349], [401, 350], [402, 350], [403, 350], [404, 350], [405, 350], [406, 351], [407, 350], [407, 349], [407, 348], [408, 347], [409, 347], [410, 348], [411, 348], [412, 347], [412, 346], [412, 345]]], [[[440, 320], [439, 321], [438, 321], [438, 322], [438, 323], [438, 324], [437, 325], [436, 324], [435, 323], [434, 322], [434, 321], [433, 321], [433, 322], [434, 323], [434, 324], [434, 325], [435, 326], [436, 327], [437, 328], [438, 328], [439, 327], [440, 326], [440, 325], [441, 324], [441, 323], [441, 322], [441, 321], [441, 320]]], [[[431, 307], [430, 308], [430, 309], [430, 310], [430, 311], [429, 312], [428, 312], [427, 312], [426, 312], [425, 312], [424, 313], [423, 313], [422, 313], [421, 314], [420, 315], [420, 316], [421, 316], [422, 316], [423, 315], [424, 315], [425, 314], [426, 314], [427, 314], [428, 314], [429, 315], [430, 316], [431, 317], [432, 318], [431, 317], [431, 316], [432, 315], [432, 314], [432, 313], [432, 312], [433, 311], [433, 310], [433, 309], [433, 308], [433, 307], [432, 307]]]]","[230, [], 231, 232, 225, 234]"
132,132,"[[[598, 287]], [[597, 288]], [[596, 288]], [[595, 288]], [[594, 288]], [[593, 288]], [[592, 288]], [[591, 289]], [[590, 289]], [[589, 289]], [[588, 290]], [[587, 290]], [[586, 290]], [[585, 290]], [[586, 291]], [[586, 292]], [[586, 293]], [[585, 294]], [[584, 294]], [[585, 295]], [[585, 296]], [[585, 297]], [[585, 298]], [[586, 299]], [[587, 300]], [[588, 301]], [[588, 302]], [[588, 303]], [[588, 304]], [[588, 305]], [[588, 306]], [[588, 307]], [[587, 308]], [[586, 308]], [[585, 308]], [[584, 309]], [[583, 308]], [[583, 309]], [[583, 310]], [[583, 311]], [[582, 312]], [[582, 313]], [[582, 314]], [[582, 315]], [[581, 316]], [[580, 317]], [[579, 317]], [[579, 318]], [[579, 319]], [[579, 320]], [[578, 321]], [[577, 321]], [[576, 322]], [[576, 323]], [[576, 324]], [[576, 325]], [[575, 326]], [[574, 327]], [[574, 328]], [[574, 329]], [[574, 330]], [[575, 331]], [[576, 331]], [[577, 332]], [[578, 333]], [[578, 334]], [[578, 335]], [[578, 336]], [[578, 337]], [[578, 338]], [[578, 339]], [[577, 340]], [[577, 341]], [[576, 342]], [[575, 342]], [[575, 343]], [[575, 344]], [[574, 345]], [[574, 346]], [[573, 347]], [[572, 348]], [[571, 349]], [[571, 350]], [[572, 351]], [[572, 352]], [[571, 353]], [[570, 354]], [[569, 353]], [[568, 352]], [[568, 351]], [[569, 350]], [[568, 350]], [[567, 349]], [[566, 349]], [[565, 348]], [[564, 348]], [[563, 348]], [[562, 347]], [[562, 346]], [[562, 345]], [[561, 345]], [[560, 344]], [[559, 343]], [[558, 342]], [[557, 341]], [[556, 341]], [[555, 341]], [[554, 341]], [[553, 340]], [[552, 341]], [[551, 341]], [[550, 340]], [[549, 340]], [[548, 340]], [[547, 341]], [[546, 341]], [[545, 342]], [[544, 342]], [[543, 343]], [[542, 344]], [[542, 345]], [[541, 346]], [[541, 347]], [[540, 348]], [[540, 349]], [[539, 350]], [[538, 351]], [[538, 352]], [[538, 353]], [[537, 354]], [[537, 355]], [[537, 356]], [[537, 357]], [[537, 358]], [[537, 359]], [[537, 360]], [[537, 361]], [[537, 362]], [[537, 363]], [[537, 364]], [[537, 365]], [[537, 366]], [[536, 367]], [[537, 368]], [[537, 369]], [[537, 370]], [[536, 371]], [[536, 372]], [[536, 373]], [[535, 374]], [[535, 375]], [[536, 376]], [[537, 377]], [[537, 378]], [[537, 379]], [[538, 380]], [[539, 381]], [[540, 382]], [[540, 383]], [[541, 384]], [[542, 385]], [[543, 386]], [[543, 387]], [[544, 388]], [[544, 389]], [[545, 390]], [[546, 390]], [[547, 391]], [[547, 392]], [[547, 393]], [[547, 394]], [[548, 395]], [[549, 396]], [[549, 397]], [[550, 398]], [[551, 398]], [[552, 399]], [[553, 399]], [[554, 399]], [[555, 399]], [[556, 398]], [[557, 397]], [[558, 396]], [[558, 395]], [[559, 394]], [[560, 393]], [[561, 392]], [[562, 391]], [[562, 390]], [[562, 389]], [[562, 388]], [[563, 387]], [[564, 386]], [[564, 385]], [[565, 384]], [[565, 383]], [[566, 382]], [[566, 381]], [[566, 380]], [[566, 379]], [[566, 378]], [[567, 377]], [[567, 376]], [[567, 375]], [[568, 374]], [[568, 373]], [[568, 372]], [[568, 371]], [[569, 370]], [[568, 369]], [[569, 368]], [[570, 367]], [[571, 366]], [[572, 365]], [[573, 365]], [[574, 366]], [[575, 367]], [[576, 368]], [[577, 368]], [[578, 369]], [[579, 370]], [[580, 371]], [[581, 371]], [[582, 371]], [[583, 371]], [[584, 371]], [[585, 372]], [[586, 371]], [[587, 371]], [[588, 371]], [[589, 370]], [[590, 370]], [[590, 369]], [[591, 368]], [[592, 367]], [[593, 366]], [[593, 365]], [[594, 364]], [[594, 363]], [[594, 362]], [[594, 361]], [[595, 360]], [[595, 359]], [[596, 358]], [[596, 357]], [[597, 356]], [[597, 355]], [[597, 354]], [[597, 353]], [[598, 352]], [[598, 351]], [[599, 350]], [[599, 349]], [[600, 348]], [[600, 347]], [[601, 346]], [[601, 345]], [[601, 344]], [[602, 343]], [[603, 343]], [[603, 342]], [[603, 341]], [[603, 340]], [[604, 339]], [[605, 338]], [[605, 337]], [[606, 336]], [[607, 335]], [[608, 334]], [[609, 333]], [[610, 333]], [[611, 333]], [[612, 332]], [[613, 332]], [[614, 333]], [[615, 333]], [[616, 333]], [[617, 333]], [[618, 333]], [[619, 333]], [[620, 333]], [[621, 333]], [[622, 333]], [[623, 332]], [[624, 332]], [[625, 331]], [[626, 330]], [[627, 330]], [[627, 329]], [[628, 328]], [[628, 327]], [[629, 326]], [[630, 325]], [[630, 324]], [[631, 323]], [[631, 322]], [[631, 321]], [[631, 320]], [[631, 319]], [[632, 318]], [[632, 317]], [[632, 316]], [[632, 315]], [[632, 314]], [[633, 313]], [[633, 312]], [[632, 311]], [[633, 310]], [[632, 309]], [[632, 308]], [[632, 307]], [[632, 306]], [[632, 305]], [[632, 304]], [[632, 303]], [[631, 302]], [[631, 301]], [[631, 300]], [[631, 299]], [[630, 298]], [[630, 297]], [[629, 296]], [[628, 296]], [[627, 295]], [[626, 294]], [[625, 294]], [[624, 293]], [[623, 293]], [[622, 292]], [[621, 292]], [[620, 292]], [[619, 291]], [[618, 291]], [[617, 290]], [[616, 289]], [[615, 289]], [[614, 289]], [[613, 289]], [[612, 289]], [[611, 289]], [[610, 289]], [[609, 289]], [[608, 289]], [[607, 289]], [[606, 289]], [[605, 289]], [[604, 289]], [[603, 288]], [[602, 288]], [[601, 287]], [[600, 287]], [[599, 287]]]","[[], [[[584, 290], [583, 291], [582, 291], [582, 292], [582, 293], [583, 294], [582, 295], [581, 296], [580, 297], [579, 296], [578, 295], [577, 295], [577, 296], [578, 296], [579, 296], [580, 297], [581, 298], [582, 298], [583, 299], [583, 300], [583, 301], [584, 301], [585, 301], [586, 301], [586, 300], [585, 299], [584, 298], [584, 297], [584, 296], [584, 295], [583, 294], [584, 293], [585, 293], [585, 292], [585, 291]]], [[[580, 307], [580, 308], [579, 309], [578, 309], [577, 309], [576, 310], [576, 311], [577, 312], [578, 313], [579, 314], [579, 315], [578, 316], [577, 316], [577, 317], [578, 316], [579, 316], [580, 316], [581, 315], [581, 314], [581, 313], [581, 312], [582, 311], [582, 310], [582, 309], [582, 308], [581, 307]]], [[[572, 318], [572, 319], [572, 320], [572, 321], [572, 322], [572, 323], [572, 324], [573, 325], [572, 326], [572, 327], [573, 328], [572, 329], [573, 330], [573, 329], [573, 328], [573, 327], [574, 326], [575, 325], [575, 324], [575, 323], [575, 322], [576, 321], [576, 320], [575, 320], [574, 321], [573, 321], [572, 320], [572, 319], [573, 318]]], [[[551, 333], [550, 334], [551, 334], [552, 335], [552, 336], [552, 337], [552, 338], [553, 339], [554, 340], [555, 340], [556, 340], [557, 340], [558, 341], [559, 342], [560, 343], [561, 344], [562, 344], [563, 345], [563, 346], [563, 347], [564, 347], [565, 347], [566, 348], [567, 348], [567, 347], [566, 347], [565, 346], [565, 345], [564, 344], [563, 343], [562, 342], [561, 341], [560, 340], [559, 340], [558, 340], [557, 339], [556, 339], [555, 338], [554, 337], [554, 336], [553, 335], [552, 334], [552, 333]]], [[[536, 349], [536, 350], [536, 351], [536, 352], [535, 353], [536, 354], [536, 355], [535, 356], [534, 357], [533, 356], [532, 356], [532, 357], [532, 358], [533, 358], [534, 359], [534, 360], [534, 361], [535, 361], [535, 360], [535, 359], [535, 358], [535, 357], [535, 356], [536, 355], [536, 354], [536, 353], [536, 352], [536, 351], [536, 350]]], [[[531, 370], [531, 371], [531, 372], [531, 373], [531, 374], [532, 375], [533, 376], [533, 377], [534, 378], [534, 379], [535, 380], [535, 381], [535, 382], [536, 383], [536, 384], [536, 385], [537, 386], [538, 386], [539, 387], [540, 388], [541, 387], [542, 388], [543, 389], [544, 390], [544, 391], [545, 392], [546, 393], [546, 392], [546, 391], [545, 391], [544, 390], [543, 389], [543, 388], [542, 387], [541, 386], [540, 385], [540, 384], [539, 383], [538, 382], [538, 381], [537, 380], [536, 379], [536, 378], [536, 377], [535, 376], [534, 375], [534, 374], [533, 373], [532, 372], [532, 371]]]]","[[], 235, 236, 237, 238, 239, 240]"
133,133,"[[[446, 286]], [[445, 287]], [[444, 288]], [[443, 288]], [[443, 289]], [[442, 290]], [[442, 291]], [[441, 292]], [[441, 293]], [[441, 294]], [[441, 295]], [[441, 296]], [[442, 297]], [[442, 298]], [[442, 299]], [[442, 300]], [[443, 300]], [[444, 300]], [[445, 301]], [[446, 302]], [[446, 303]], [[447, 304]], [[448, 305]], [[448, 306]], [[448, 307]], [[449, 307]], [[450, 307]], [[451, 308]], [[451, 309]], [[452, 310]], [[453, 310]], [[454, 311]], [[455, 311]], [[456, 310]], [[457, 309]], [[458, 308]], [[459, 307]], [[460, 306]], [[461, 306]], [[461, 305]], [[462, 304]], [[462, 303]], [[462, 302]], [[462, 301]], [[462, 300]], [[461, 299]], [[461, 298]], [[461, 297]], [[461, 296]], [[461, 295]], [[461, 294]], [[460, 293]], [[460, 292]], [[460, 291]], [[460, 290]], [[460, 289]], [[460, 288]], [[459, 287]], [[459, 286]], [[458, 286]], [[457, 286]], [[456, 286]], [[455, 286]], [[454, 286]], [[453, 287]], [[452, 287]], [[451, 287]], [[450, 286]], [[449, 286]], [[448, 286]], [[447, 286]]]","[[[[446, 304], [445, 305], [445, 306], [445, 307], [446, 308], [447, 309], [447, 310], [447, 311], [447, 312], [446, 313], [446, 314], [445, 315], [444, 316], [443, 317], [442, 317], [443, 317], [444, 317], [445, 317], [445, 316], [446, 315], [447, 314], [448, 313], [449, 313], [450, 313], [451, 313], [452, 314], [453, 314], [454, 314], [455, 315], [456, 316], [455, 317], [455, 318], [455, 319], [456, 318], [457, 318], [458, 317], [459, 317], [460, 316], [461, 316], [462, 316], [463, 316], [464, 317], [465, 317], [466, 318], [467, 319], [467, 318], [466, 317], [465, 316], [464, 315], [464, 314], [463, 313], [462, 312], [461, 312], [460, 312], [459, 312], [458, 313], [457, 313], [456, 313], [455, 313], [454, 312], [453, 311], [452, 311], [451, 310], [450, 309], [450, 308], [449, 308], [448, 308], [447, 307], [447, 306], [447, 305]]], []]","[224, []]"
134,134,"[[[701, 280]], [[700, 281]], [[699, 281]], [[698, 282]], [[697, 282]], [[696, 282]], [[695, 282]], [[694, 282]], [[693, 282]], [[692, 282]], [[691, 282]], [[690, 282]], [[689, 282]], [[688, 282]], [[687, 283]], [[686, 283]], [[685, 284]], [[685, 285]], [[684, 286]], [[683, 287]], [[683, 288]], [[683, 289]], [[682, 290]], [[682, 291]], [[682, 292]], [[682, 293]], [[681, 294]], [[681, 295]], [[681, 296]], [[682, 297]], [[682, 298]], [[683, 298]], [[684, 299]], [[683, 300]], [[684, 300]], [[685, 300]], [[686, 301]], [[687, 301]], [[688, 302]], [[689, 302]], [[690, 302]], [[691, 303]], [[692, 303]], [[693, 303]], [[694, 303]], [[695, 304]], [[696, 305]], [[697, 304]], [[698, 304]], [[699, 304]], [[700, 305]], [[700, 306]], [[701, 307]], [[702, 307]], [[703, 307]], [[704, 307]], [[705, 307]], [[706, 307]], [[707, 306]], [[708, 306]], [[709, 306]], [[710, 306]], [[711, 306]], [[712, 306]], [[713, 306]], [[714, 307]], [[715, 307]], [[715, 306]], [[716, 305]], [[717, 305]], [[718, 305]], [[719, 305]], [[720, 304]], [[721, 303]], [[722, 302]], [[723, 301]], [[724, 300]], [[725, 299]], [[726, 298]], [[727, 297]], [[727, 296]], [[727, 295]], [[726, 294]], [[725, 293]], [[724, 292]], [[724, 291]], [[723, 290]], [[723, 289]], [[722, 288]], [[721, 287]], [[721, 286]], [[721, 285]], [[720, 284]], [[720, 283]], [[719, 282]], [[718, 282]], [[717, 282]], [[716, 281]], [[715, 281]], [[714, 282]], [[713, 283]], [[712, 283]], [[711, 283]], [[710, 282]], [[709, 282]], [[708, 281]], [[707, 280]], [[706, 280]], [[705, 280]], [[704, 280]], [[703, 280]], [[702, 280]]]","[[[[683, 279], [682, 280], [682, 281], [682, 282], [681, 283], [681, 284], [681, 285], [680, 286], [679, 286], [678, 286], [677, 286], [676, 285], [675, 286], [674, 286], [674, 287], [675, 288], [676, 288], [677, 288], [678, 288], [679, 288], [680, 289], [681, 289], [681, 288], [680, 287], [680, 286], [681, 285], [682, 286], [683, 286], [684, 285], [684, 284], [684, 283], [684, 282], [684, 281], [684, 280], [684, 279]]], [[[684, 301], [683, 302], [682, 302], [681, 302], [680, 302], [679, 302], [679, 303], [679, 304], [680, 304], [681, 304], [682, 303], [683, 303], [684, 303], [685, 303], [686, 304], [687, 305], [688, 305], [689, 306], [690, 307], [691, 306], [692, 306], [693, 306], [694, 307], [695, 308], [696, 309], [697, 310], [698, 310], [699, 310], [700, 309], [701, 309], [702, 310], [703, 310], [704, 311], [704, 312], [703, 313], [702, 313], [701, 312], [700, 312], [700, 313], [700, 314], [700, 315], [701, 315], [702, 315], [703, 315], [704, 316], [703, 317], [702, 318], [703, 319], [704, 319], [705, 320], [706, 320], [707, 321], [707, 322], [707, 323], [708, 324], [709, 325], [709, 326], [708, 327], [707, 328], [707, 329], [708, 329], [709, 330], [710, 330], [711, 330], [712, 331], [713, 330], [713, 329], [712, 328], [711, 327], [710, 326], [711, 325], [712, 324], [711, 323], [710, 323], [709, 322], [709, 321], [709, 320], [709, 319], [708, 318], [707, 317], [707, 316], [706, 315], [705, 314], [705, 313], [705, 312], [705, 311], [705, 310], [705, 309], [704, 309], [703, 308], [702, 308], [701, 308], [700, 308], [699, 308], [698, 307], [697, 307], [696, 306], [695, 305], [694, 305], [693, 305], [692, 304], [691, 304], [690, 304], [689, 303], [688, 303], [687, 303], [686, 302], [685, 301]]], [[[740, 298], [740, 299], [739, 300], [738, 301], [737, 302], [736, 303], [735, 303], [734, 303], [733, 304], [732, 304], [731, 304], [730, 304], [729, 304], [728, 304], [727, 304], [726, 305], [726, 306], [726, 307], [725, 308], [724, 309], [723, 309], [722, 309], [721, 308], [720, 308], [719, 307], [719, 306], [718, 306], [718, 307], [717, 308], [716, 308], [715, 308], [714, 308], [713, 309], [712, 309], [711, 309], [710, 309], [709, 309], [708, 309], [707, 310], [708, 311], [708, 312], [709, 312], [710, 311], [711, 311], [712, 311], [713, 310], [714, 310], [715, 309], [716, 309], [717, 309], [718, 310], [719, 311], [720, 312], [721, 312], [722, 311], [723, 311], [724, 310], [725, 310], [726, 310], [727, 310], [728, 309], [729, 308], [730, 307], [731, 306], [732, 305], [733, 305], [734, 304], [735, 303], [736, 303], [737, 303], [738, 302], [739, 302], [740, 302], [741, 302], [742, 302], [743, 303], [743, 304], [744, 305], [744, 306], [744, 307], [745, 308], [745, 309], [746, 309], [747, 310], [746, 311], [745, 311], [745, 312], [745, 313], [745, 314], [746, 314], [747, 313], [748, 313], [748, 312], [748, 311], [748, 310], [747, 309], [746, 308], [746, 307], [746, 306], [745, 305], [744, 304], [744, 303], [743, 302], [743, 301], [743, 300], [742, 299], [741, 298]]], []]","[242, 226, 227, []]"
135,135,"[[[192, 273]], [[191, 274]], [[190, 274]], [[189, 274]], [[188, 275]], [[187, 276]], [[186, 277]], [[186, 278]], [[186, 279]], [[186, 280]], [[185, 281]], [[185, 282]], [[185, 283]], [[185, 284]], [[185, 285]], [[186, 286]], [[187, 287]], [[187, 288]], [[187, 289]], [[186, 290]], [[186, 291]], [[187, 292]], [[187, 293]], [[187, 294]], [[188, 295]], [[189, 296]], [[190, 296]], [[191, 296]], [[192, 297]], [[193, 298]], [[194, 298]], [[195, 298]], [[196, 298]], [[197, 298]], [[198, 299]], [[199, 299]], [[200, 299]], [[201, 300]], [[202, 300]], [[203, 300]], [[204, 300]], [[205, 300]], [[206, 300]], [[207, 299]], [[208, 299]], [[209, 299]], [[210, 298]], [[211, 298]], [[212, 297]], [[213, 296]], [[213, 295]], [[213, 294]], [[214, 293]], [[214, 292]], [[213, 291]], [[213, 290]], [[212, 290]], [[211, 289]], [[210, 288]], [[209, 287]], [[208, 286]], [[208, 285]], [[208, 284]], [[207, 283]], [[206, 282]], [[205, 281]], [[205, 280]], [[204, 279]], [[203, 278]], [[202, 277]], [[201, 276]], [[200, 275]], [[199, 274]], [[198, 274]], [[197, 274]], [[196, 274]], [[195, 274]], [[194, 273]], [[193, 273]]]",[[]],[]
136,136,"[[[68, 255]], [[67, 256]], [[67, 257]], [[66, 258]], [[66, 259]], [[65, 260]], [[64, 261]], [[64, 262]], [[64, 263]], [[64, 264]], [[64, 265]], [[64, 266]], [[64, 267]], [[64, 268]], [[64, 269]], [[63, 270]], [[62, 270]], [[62, 271]], [[62, 272]], [[62, 273]], [[62, 274]], [[61, 275]], [[60, 276]], [[59, 276]], [[58, 276]], [[57, 277]], [[56, 277]], [[56, 278]], [[55, 279]], [[54, 279]], [[53, 280]], [[53, 281]], [[52, 282]], [[52, 283]], [[51, 284]], [[51, 285]], [[51, 286]], [[50, 287]], [[50, 288]], [[50, 289]], [[50, 290]], [[50, 291]], [[50, 292]], [[50, 293]], [[51, 294]], [[51, 295]], [[52, 296]], [[53, 297]], [[54, 298]], [[55, 299]], [[55, 300]], [[56, 301]], [[57, 301]], [[58, 302]], [[59, 303]], [[60, 303]], [[61, 304]], [[62, 304]], [[63, 304]], [[64, 304]], [[65, 304]], [[66, 304]], [[67, 305]], [[68, 305]], [[69, 306]], [[70, 307]], [[71, 307]], [[72, 308]], [[73, 308]], [[74, 309]], [[75, 309]], [[76, 309]], [[77, 308]], [[78, 308]], [[79, 308]], [[80, 307]], [[81, 306]], [[82, 306]], [[83, 307]], [[84, 308]], [[85, 309]], [[86, 310]], [[87, 311]], [[88, 312]], [[88, 313]], [[89, 314]], [[90, 315]], [[91, 315]], [[92, 315]], [[93, 315]], [[94, 315]], [[95, 316]], [[96, 316]], [[97, 316]], [[98, 316]], [[99, 316]], [[100, 316]], [[101, 315]], [[102, 314]], [[103, 314]], [[104, 314]], [[105, 314]], [[106, 313]], [[107, 313]], [[108, 313]], [[109, 312]], [[110, 313]], [[110, 314]], [[110, 315]], [[111, 316]], [[111, 317]], [[111, 318]], [[111, 319]], [[112, 319]], [[113, 319]], [[114, 320]], [[115, 321]], [[115, 322]], [[115, 323]], [[115, 324]], [[115, 325]], [[115, 326]], [[115, 327]], [[114, 328]], [[114, 329]], [[114, 330]], [[113, 331]], [[113, 332]], [[113, 333]], [[112, 334]], [[112, 335]], [[111, 336]], [[110, 337]], [[109, 337]], [[109, 338]], [[109, 339]], [[108, 340]], [[109, 341]], [[110, 342]], [[110, 343]], [[111, 344]], [[112, 344]], [[113, 345]], [[114, 345]], [[115, 346]], [[116, 346]], [[117, 347]], [[118, 347]], [[119, 347]], [[120, 347]], [[121, 348]], [[122, 348]], [[123, 348]], [[124, 348]], [[125, 349]], [[125, 350]], [[125, 351]], [[125, 352]], [[126, 353]], [[126, 354]], [[127, 355]], [[127, 356]], [[128, 357]], [[129, 358]], [[130, 359]], [[131, 360]], [[131, 361]], [[132, 361]], [[133, 361]], [[134, 362]], [[135, 362]], [[136, 362]], [[137, 362]], [[138, 363]], [[139, 363]], [[140, 363]], [[141, 363]], [[142, 363]], [[143, 363]], [[144, 363]], [[145, 362]], [[146, 362]], [[147, 361]], [[148, 360]], [[149, 360]], [[150, 359]], [[151, 358]], [[151, 357]], [[152, 356]], [[153, 355]], [[154, 356]], [[154, 357]], [[155, 357]], [[156, 357]], [[157, 357]], [[158, 358]], [[159, 358]], [[160, 358]], [[161, 358]], [[162, 358]], [[163, 358]], [[164, 358]], [[165, 358]], [[166, 357]], [[167, 357]], [[168, 357]], [[169, 357]], [[170, 356]], [[171, 356]], [[172, 355]], [[173, 354]], [[174, 354]], [[175, 354]], [[176, 353]], [[177, 353]], [[178, 352]], [[179, 352]], [[180, 351]], [[181, 350]], [[182, 350]], [[183, 349]], [[184, 349]], [[185, 348]], [[185, 347]], [[185, 346]], [[186, 345]], [[186, 344]], [[186, 343]], [[186, 342]], [[186, 341]], [[186, 340]], [[187, 339]], [[187, 338]], [[187, 337]], [[187, 336]], [[187, 335]], [[187, 334]], [[187, 333]], [[187, 332]], [[186, 331]], [[185, 330]], [[185, 329]], [[184, 328]], [[184, 327]], [[184, 326]], [[184, 325]], [[184, 324]], [[185, 323]], [[186, 322]], [[186, 321]], [[186, 320]], [[186, 319]], [[187, 318]], [[188, 317]], [[188, 316]], [[188, 315]], [[187, 314]], [[187, 313]], [[187, 312]], [[187, 311]], [[186, 310]], [[185, 309]], [[184, 308]], [[183, 307]], [[182, 306]], [[181, 305]], [[180, 304]], [[179, 304]], [[178, 303]], [[178, 302]], [[177, 302]], [[176, 301]], [[175, 300]], [[174, 299]], [[173, 298]], [[172, 297]], [[171, 296]], [[170, 296]], [[169, 295]], [[169, 294]], [[168, 293]], [[167, 293]], [[166, 292]], [[165, 291]], [[164, 290]], [[163, 289]], [[162, 288]], [[161, 287]], [[160, 287]], [[159, 287]], [[158, 287]], [[157, 287]], [[156, 286]], [[155, 286]], [[154, 286]], [[154, 287]], [[153, 288]], [[152, 289]], [[151, 290]], [[150, 291]], [[149, 292]], [[148, 293]], [[147, 293]], [[146, 294]], [[145, 295]], [[144, 296]], [[143, 296]], [[142, 297]], [[141, 297]], [[140, 298]], [[139, 299]], [[138, 300]], [[137, 300]], [[136, 300]], [[135, 300]], [[134, 300]], [[133, 301]], [[132, 301]], [[131, 301]], [[130, 301]], [[129, 301]], [[128, 300]], [[127, 300]], [[126, 300]], [[125, 300]], [[124, 300]], [[123, 300]], [[122, 300]], [[121, 300]], [[120, 300]], [[119, 300]], [[118, 300]], [[117, 300]], [[116, 299]], [[115, 298]], [[116, 297]], [[116, 296]], [[117, 295]], [[117, 294]], [[116, 293]], [[115, 293]], [[114, 292]], [[113, 293]], [[112, 293]], [[111, 292]], [[110, 292]], [[109, 292]], [[108, 291]], [[107, 290]], [[106, 289]], [[106, 288]], [[105, 287]], [[104, 286]], [[103, 285]], [[102, 284]], [[101, 283]], [[100, 282]], [[99, 281]], [[98, 280]], [[97, 279]], [[96, 278]], [[95, 277]], [[94, 276]], [[93, 275]], [[92, 274]], [[91, 273]], [[90, 272]], [[89, 271]], [[88, 270]], [[87, 269]], [[86, 268]], [[85, 267]], [[84, 266]], [[84, 265]], [[84, 264]], [[83, 263]], [[83, 262]], [[83, 261]], [[83, 260]], [[82, 259]], [[82, 258]], [[81, 257]], [[80, 257]], [[79, 257]], [[78, 257]], [[77, 256]], [[76, 256]], [[75, 256]], [[74, 256]], [[73, 255]], [[72, 255]], [[71, 255]], [[70, 255]], [[69, 255]]]","[[[[66, 254], [65, 255], [64, 256], [64, 257], [63, 258], [63, 259], [63, 260], [62, 261], [61, 262], [60, 262], [59, 262], [58, 263], [57, 264], [58, 264], [59, 264], [60, 264], [61, 265], [62, 266], [62, 267], [63, 266], [63, 265], [63, 264], [63, 263], [63, 262], [63, 261], [64, 260], [65, 259], [65, 258], [66, 257], [66, 256], [67, 255], [67, 254]]], [[[57, 268], [57, 269], [57, 270], [57, 271], [58, 271], [59, 272], [60, 273], [59, 274], [58, 274], [57, 274], [56, 274], [56, 275], [55, 276], [54, 276], [54, 277], [54, 278], [55, 278], [55, 277], [56, 276], [57, 276], [58, 275], [59, 275], [60, 275], [60, 274], [60, 273], [61, 272], [61, 271], [61, 270], [60, 269], [59, 269], [58, 268]]], [], [[[102, 316], [103, 317], [104, 318], [103, 319], [103, 320], [103, 321], [103, 322], [104, 323], [104, 324], [104, 325], [104, 326], [105, 327], [105, 328], [105, 329], [105, 330], [104, 331], [103, 331], [102, 330], [102, 331], [102, 332], [103, 332], [104, 332], [105, 332], [106, 332], [107, 332], [107, 331], [107, 330], [107, 329], [107, 328], [107, 327], [107, 326], [107, 325], [108, 324], [107, 323], [106, 323], [105, 322], [105, 321], [105, 320], [106, 319], [106, 318], [105, 317], [105, 316], [104, 316], [103, 316]]], [[[154, 362], [153, 363], [152, 363], [151, 363], [150, 363], [149, 363], [148, 363], [147, 363], [146, 363], [145, 364], [144, 364], [143, 364], [142, 365], [141, 365], [140, 365], [140, 366], [141, 366], [142, 366], [142, 365], [143, 364], [144, 365], [145, 365], [146, 365], [147, 365], [148, 365], [149, 365], [150, 365], [151, 365], [152, 365], [153, 364], [154, 364], [155, 364], [155, 363]]], [[[186, 350], [185, 351], [184, 351], [183, 351], [182, 351], [181, 352], [180, 353], [179, 353], [178, 354], [177, 354], [176, 355], [175, 356], [174, 356], [173, 357], [172, 358], [172, 359], [173, 360], [174, 361], [175, 360], [175, 359], [175, 358], [175, 357], [176, 356], [177, 356], [178, 356], [179, 356], [180, 355], [181, 355], [182, 354], [183, 353], [184, 353], [185, 352], [186, 351], [187, 350]]]]","[245, 246, [], 247, 206, 209]"
137,137,"[[[804, 254]], [[803, 255]], [[802, 255]], [[801, 256]], [[800, 257]], [[799, 258]], [[798, 259]], [[798, 260]], [[797, 261]], [[796, 262]], [[795, 262]], [[794, 262]], [[793, 263]], [[792, 263]], [[791, 264]], [[790, 264]], [[789, 264]], [[789, 265]], [[789, 266]], [[789, 267]], [[789, 268]], [[789, 269]], [[789, 270]], [[789, 271]], [[789, 272]], [[790, 273]], [[791, 274]], [[792, 275]], [[793, 275]], [[794, 276]], [[795, 277]], [[796, 277]], [[797, 277]], [[798, 277]], [[799, 277]], [[800, 277]], [[801, 278]], [[802, 278]], [[803, 278]], [[804, 278]], [[805, 279]], [[806, 279]], [[807, 280]], [[806, 281]], [[805, 282]], [[804, 283]], [[803, 284]], [[803, 285]], [[803, 286]], [[803, 287]], [[803, 288]], [[803, 289]], [[804, 290]], [[805, 291]], [[806, 292]], [[806, 293]], [[806, 294]], [[806, 295]], [[807, 295]], [[808, 296]], [[809, 297]], [[810, 297]], [[811, 298]], [[812, 298]], [[813, 299]], [[814, 299]], [[815, 299]], [[816, 299]], [[817, 299]], [[818, 298]], [[819, 297]], [[820, 297]], [[821, 296]], [[821, 295]], [[822, 294]], [[822, 293]], [[822, 292]], [[822, 291]], [[822, 290]], [[822, 289]], [[822, 288]], [[821, 288]], [[820, 287]], [[820, 286]], [[820, 285]], [[819, 284]], [[818, 283]], [[817, 283]], [[816, 282]], [[815, 281]], [[815, 280]], [[814, 279]], [[813, 278]], [[812, 277]], [[811, 277]], [[810, 277]], [[809, 276]], [[809, 275]], [[810, 274]], [[811, 274]], [[811, 273]], [[812, 272]], [[813, 271]], [[812, 270]], [[812, 269]], [[812, 268]], [[811, 267]], [[811, 266]], [[811, 265]], [[810, 264]], [[810, 263]], [[810, 262]], [[810, 261]], [[810, 260]], [[809, 259]], [[809, 258]], [[808, 257]], [[807, 256]], [[806, 255]], [[805, 255]]]","[[[[787, 263], [787, 264], [787, 265], [787, 266], [787, 267], [787, 268], [786, 269], [786, 270], [786, 271], [787, 271], [788, 272], [788, 273], [788, 274], [788, 275], [789, 276], [790, 276], [791, 277], [790, 278], [789, 279], [788, 279], [789, 279], [790, 279], [791, 279], [792, 279], [793, 279], [794, 279], [795, 279], [796, 280], [797, 280], [798, 281], [799, 282], [799, 283], [800, 284], [801, 284], [802, 284], [803, 283], [804, 282], [805, 281], [806, 280], [805, 280], [804, 279], [803, 279], [802, 279], [801, 279], [800, 278], [799, 278], [798, 279], [797, 279], [796, 278], [795, 278], [794, 277], [793, 276], [792, 276], [791, 275], [790, 274], [789, 273], [788, 272], [788, 271], [788, 270], [788, 269], [788, 268], [788, 267], [788, 266], [788, 265], [788, 264], [788, 263]]], [], [[[828, 288], [827, 289], [826, 289], [825, 290], [824, 290], [823, 291], [823, 292], [823, 293], [823, 294], [822, 295], [822, 296], [822, 297], [823, 297], [824, 297], [824, 296], [825, 295], [825, 294], [825, 293], [826, 292], [827, 291], [828, 291], [829, 292], [830, 293], [830, 294], [830, 295], [831, 296], [832, 296], [833, 296], [833, 295], [832, 294], [832, 293], [831, 292], [830, 291], [830, 290], [829, 289]]], [[[814, 273], [813, 274], [812, 274], [811, 275], [810, 276], [811, 276], [812, 276], [813, 277], [814, 278], [815, 279], [816, 280], [816, 281], [817, 282], [818, 282], [818, 281], [818, 280], [819, 279], [820, 278], [819, 277], [818, 277], [818, 278], [817, 279], [816, 280], [815, 279], [815, 278], [815, 277], [814, 276], [814, 275], [815, 274], [816, 274], [817, 273], [816, 273], [815, 273]]]]","[250, [], 251, 252]"
138,138,"[[[509, 249]], [[508, 250]], [[507, 250]], [[506, 250]], [[505, 250]], [[504, 250]], [[503, 251]], [[502, 251]], [[501, 251]], [[500, 251]], [[499, 251]], [[498, 251]], [[497, 251]], [[496, 251]], [[495, 251]], [[494, 251]], [[493, 251]], [[492, 251]], [[491, 251]], [[490, 251]], [[489, 251]], [[488, 252]], [[487, 252]], [[486, 252]], [[485, 253]], [[484, 254]], [[483, 254]], [[482, 255]], [[482, 256]], [[482, 257]], [[482, 258]], [[482, 259]], [[482, 260]], [[482, 261]], [[482, 262]], [[483, 263]], [[483, 264]], [[484, 265]], [[484, 266]], [[485, 266]], [[486, 267]], [[487, 267]], [[488, 268]], [[489, 269]], [[490, 270]], [[491, 270]], [[492, 271]], [[493, 271]], [[494, 271]], [[495, 271]], [[496, 271]], [[497, 271]], [[498, 271]], [[499, 271]], [[500, 271]], [[501, 271]], [[502, 271]], [[503, 272]], [[504, 272]], [[505, 272]], [[506, 272]], [[507, 271]], [[508, 271]], [[509, 270]], [[510, 269]], [[511, 269]], [[511, 268]], [[511, 267]], [[512, 266]], [[512, 265]], [[513, 264]], [[513, 263]], [[514, 262]], [[515, 261]], [[516, 260]], [[517, 259]], [[516, 258]], [[516, 257]], [[516, 256]], [[516, 255]], [[515, 254]], [[515, 253]], [[514, 252]], [[513, 251]], [[512, 250]], [[511, 250]], [[510, 249]]]","[[[[504, 240], [503, 241], [502, 241], [502, 242], [502, 243], [503, 243], [504, 243], [505, 244], [505, 245], [505, 246], [506, 247], [506, 248], [507, 248], [508, 248], [509, 248], [510, 248], [511, 248], [512, 248], [512, 247], [513, 246], [514, 245], [514, 244], [515, 243], [516, 242], [515, 241], [514, 241], [514, 242], [514, 243], [514, 244], [513, 245], [512, 245], [511, 246], [510, 246], [509, 247], [508, 247], [507, 246], [506, 245], [505, 244], [505, 243], [505, 242], [505, 241]]], [[[481, 253], [481, 254], [481, 255], [481, 256], [481, 257], [480, 258], [480, 259], [481, 260], [481, 261], [480, 262], [479, 262], [480, 263], [481, 264], [481, 265], [482, 266], [483, 267], [484, 268], [485, 269], [486, 270], [487, 270], [488, 269], [487, 268], [486, 268], [485, 267], [484, 267], [483, 266], [483, 265], [482, 264], [482, 263], [481, 262], [481, 261], [481, 260], [481, 259], [481, 258], [481, 257], [481, 256], [481, 255], [482, 254], [482, 253]]], [[[517, 261], [516, 262], [516, 263], [517, 264], [517, 265], [516, 266], [515, 266], [514, 266], [513, 265], [513, 266], [512, 267], [513, 267], [514, 267], [515, 267], [516, 267], [517, 267], [518, 268], [519, 269], [520, 269], [521, 269], [521, 268], [522, 267], [521, 266], [520, 265], [520, 264], [520, 263], [520, 262], [519, 261], [518, 261]]]]","[253, 254, 255]"
139,139,"[[[314, 242]], [[313, 243]], [[312, 244]], [[311, 244]], [[311, 245]], [[311, 246]], [[311, 247]], [[310, 248]], [[311, 249]], [[311, 250]], [[312, 251]], [[312, 252]], [[312, 253]], [[312, 254]], [[312, 255]], [[312, 256]], [[311, 257]], [[311, 258]], [[311, 259]], [[312, 259]], [[313, 260]], [[313, 261]], [[314, 262]], [[315, 262]], [[316, 263]], [[317, 264]], [[318, 264]], [[319, 265]], [[320, 265]], [[321, 265]], [[322, 265]], [[323, 265]], [[324, 265]], [[325, 265]], [[326, 265]], [[327, 265]], [[328, 265]], [[329, 264]], [[330, 264]], [[331, 264]], [[332, 263]], [[332, 262]], [[333, 261]], [[333, 260]], [[334, 259]], [[334, 258]], [[334, 257]], [[334, 256]], [[334, 255]], [[335, 254]], [[335, 253]], [[334, 252]], [[333, 252]], [[332, 252]], [[331, 251]], [[330, 251]], [[329, 250]], [[329, 249]], [[328, 249]], [[327, 248]], [[326, 248]], [[325, 247]], [[324, 246]], [[323, 245]], [[322, 244]], [[321, 243]], [[320, 242]], [[319, 242]], [[318, 242]], [[317, 242]], [[316, 242]], [[315, 242]]]",[[]],[]
140,140,"[[[81, 234]], [[80, 235]], [[79, 235]], [[78, 236]], [[78, 237]], [[78, 238]], [[78, 239]], [[78, 240]], [[79, 241]], [[80, 242]], [[81, 242]], [[82, 243]], [[83, 244]], [[84, 245]], [[85, 245]], [[86, 245]], [[87, 245]], [[88, 245]], [[89, 244]], [[89, 243]], [[89, 242]], [[89, 241]], [[90, 240]], [[89, 239]], [[89, 238]], [[89, 237]], [[89, 236]], [[88, 235]], [[87, 235]], [[86, 234]], [[85, 234]], [[84, 234]], [[83, 234]], [[82, 234]]]",[[]],[]
141,141,"[[[68, 230]], [[67, 231]], [[66, 231]], [[65, 232]], [[64, 233]], [[63, 234]], [[62, 235]], [[62, 236]], [[61, 237]], [[60, 238]], [[59, 238]], [[58, 238]], [[57, 239]], [[57, 240]], [[57, 241]], [[57, 242]], [[56, 243]], [[56, 244]], [[56, 245]], [[55, 246]], [[54, 247]], [[54, 248]], [[53, 249]], [[52, 250]], [[52, 251]], [[51, 252]], [[50, 252]], [[50, 253]], [[49, 254]], [[48, 255]], [[47, 256]], [[47, 257]], [[47, 258]], [[48, 259]], [[48, 260]], [[49, 261]], [[49, 262]], [[50, 263]], [[51, 263]], [[52, 264]], [[53, 264]], [[54, 264]], [[55, 263]], [[56, 263]], [[57, 262]], [[58, 261]], [[59, 261]], [[60, 260]], [[61, 259]], [[62, 259]], [[62, 258]], [[63, 257]], [[63, 256]], [[64, 255]], [[65, 254]], [[66, 253]], [[67, 252]], [[68, 251]], [[69, 250]], [[70, 249]], [[71, 248]], [[71, 247]], [[72, 246]], [[73, 245]], [[73, 244]], [[73, 243]], [[74, 242]], [[75, 242]], [[75, 241]], [[75, 240]], [[75, 239]], [[76, 238]], [[75, 237]], [[75, 236]], [[75, 235]], [[74, 234]], [[74, 233]], [[74, 232]], [[73, 231]], [[72, 230]], [[71, 230]], [[70, 230]], [[69, 230]]]","[[[[48, 251], [48, 252], [47, 253], [47, 254], [47, 255], [46, 256], [45, 257], [45, 258], [45, 259], [46, 260], [46, 261], [47, 262], [47, 263], [48, 264], [48, 265], [49, 266], [50, 266], [51, 266], [52, 266], [53, 266], [53, 265], [52, 265], [51, 264], [50, 264], [49, 263], [48, 262], [48, 261], [47, 260], [47, 259], [46, 258], [46, 257], [46, 256], [47, 255], [48, 254], [49, 253], [49, 252], [49, 251]]], [[[66, 254], [65, 255], [64, 256], [64, 257], [63, 258], [63, 259], [63, 260], [62, 261], [61, 262], [60, 262], [59, 262], [58, 263], [57, 264], [58, 264], [59, 264], [60, 264], [61, 265], [62, 266], [62, 267], [63, 266], [63, 265], [63, 264], [63, 263], [63, 262], [63, 261], [64, 260], [65, 259], [65, 258], [66, 257], [66, 256], [67, 255], [67, 254]]], []]","[256, 245, []]"
142,142,"[[[436, 229]], [[435, 230]], [[434, 231]], [[433, 231]], [[432, 231]], [[431, 231]], [[430, 231]], [[429, 231]], [[428, 231]], [[427, 232]], [[426, 233]], [[425, 234]], [[424, 234]], [[423, 235]], [[422, 235]], [[421, 235]], [[420, 236]], [[419, 237]], [[418, 237]], [[417, 238]], [[416, 239]], [[415, 240]], [[415, 241]], [[414, 242]], [[413, 243]], [[412, 243]], [[411, 242]], [[410, 241]], [[409, 241]], [[408, 240]], [[407, 240]], [[406, 240]], [[405, 239]], [[404, 239]], [[403, 240]], [[402, 240]], [[401, 240]], [[400, 239]], [[399, 240]], [[398, 240]], [[397, 240]], [[396, 240]], [[395, 240]], [[394, 241]], [[393, 241]], [[392, 241]], [[391, 242]], [[390, 242]], [[389, 242]], [[388, 243]], [[387, 243]], [[386, 244]], [[385, 244]], [[384, 245]], [[383, 246]], [[382, 246]], [[381, 246]], [[380, 246]], [[379, 246]], [[378, 246]], [[377, 247]], [[376, 247]], [[375, 248]], [[374, 248]], [[373, 249]], [[372, 250]], [[371, 251]], [[370, 251]], [[369, 251]], [[368, 252]], [[367, 252]], [[366, 252]], [[365, 253]], [[364, 253]], [[363, 253]], [[362, 254]], [[361, 255]], [[360, 255]], [[359, 256]], [[358, 256]], [[358, 257]], [[358, 258]], [[358, 259]], [[358, 260]], [[358, 261]], [[358, 262]], [[359, 263]], [[359, 264]], [[360, 265]], [[360, 266]], [[360, 267]], [[360, 268]], [[360, 269]], [[361, 269]], [[362, 270]], [[362, 271]], [[363, 272]], [[363, 273]], [[364, 274]], [[364, 275]], [[364, 276]], [[365, 277]], [[366, 277]], [[367, 278]], [[368, 279]], [[367, 280]], [[368, 280]], [[369, 280]], [[370, 280]], [[371, 280]], [[372, 280]], [[373, 280]], [[374, 280]], [[375, 280]], [[376, 280]], [[377, 280]], [[378, 280]], [[379, 280]], [[380, 281]], [[381, 281]], [[382, 282]], [[383, 282]], [[384, 282]], [[385, 282]], [[386, 281]], [[387, 280]], [[388, 279]], [[389, 278]], [[390, 278]], [[391, 278]], [[392, 278]], [[393, 277]], [[394, 277]], [[395, 277]], [[396, 277]], [[397, 277]], [[398, 278]], [[399, 279]], [[400, 278]], [[401, 277]], [[402, 276]], [[403, 276]], [[404, 276]], [[405, 275]], [[406, 274]], [[407, 274]], [[407, 273]], [[408, 272]], [[409, 271]], [[410, 270]], [[411, 270]], [[412, 270]], [[413, 271]], [[414, 272]], [[415, 273]], [[415, 274]], [[416, 275]], [[416, 276]], [[417, 276]], [[418, 276]], [[419, 277]], [[420, 277]], [[421, 277]], [[422, 278]], [[423, 278]], [[424, 279]], [[425, 278]], [[426, 278]], [[427, 278]], [[428, 279]], [[429, 279]], [[430, 279]], [[431, 279]], [[432, 280]], [[433, 279]], [[434, 279]], [[435, 279]], [[436, 280]], [[437, 280]], [[438, 280]], [[439, 280]], [[440, 280]], [[441, 280]], [[442, 280]], [[443, 280]], [[444, 280]], [[445, 280]], [[446, 280]], [[447, 279]], [[448, 279]], [[449, 278]], [[450, 277]], [[451, 276]], [[452, 275]], [[452, 274]], [[452, 273]], [[453, 272]], [[453, 271]], [[453, 270]], [[453, 269]], [[454, 268]], [[454, 267]], [[455, 266]], [[455, 265]], [[456, 264]], [[456, 263]], [[456, 262]], [[457, 261]], [[458, 260]], [[458, 259]], [[459, 258]], [[459, 257]], [[460, 256]], [[460, 255]], [[461, 254]], [[461, 253]], [[462, 252]], [[462, 251]], [[462, 250]], [[463, 249]], [[463, 248]], [[464, 247]], [[465, 248]], [[464, 247]], [[464, 246]], [[464, 245]], [[464, 244]], [[464, 243]], [[464, 242]], [[464, 241]], [[464, 240]], [[463, 239]], [[462, 238]], [[461, 237]], [[460, 236]], [[459, 235]], [[458, 234]], [[457, 234]], [[456, 233]], [[455, 232]], [[454, 231]], [[453, 231]], [[452, 231]], [[451, 231]], [[450, 231]], [[449, 231]], [[448, 231]], [[447, 230]], [[446, 230]], [[445, 230]], [[444, 230]], [[443, 229]], [[442, 229]], [[441, 229]], [[440, 229]], [[439, 229]], [[438, 229]], [[437, 229]]]","[[], [[[354, 255], [354, 256], [355, 257], [355, 258], [355, 259], [355, 260], [355, 261], [356, 262], [356, 263], [356, 264], [357, 264], [358, 265], [358, 266], [358, 267], [358, 268], [359, 269], [359, 270], [360, 271], [361, 272], [362, 272], [361, 271], [361, 270], [360, 270], [359, 269], [359, 268], [359, 267], [359, 266], [359, 265], [358, 264], [358, 263], [357, 262], [357, 261], [357, 260], [357, 259], [357, 258], [357, 257], [357, 256], [357, 255], [356, 255], [355, 255]]], [[[458, 261], [458, 262], [457, 263], [457, 264], [457, 265], [458, 266], [458, 267], [457, 268], [456, 268], [455, 268], [455, 269], [454, 270], [454, 271], [454, 272], [454, 273], [455, 273], [456, 273], [457, 273], [457, 272], [457, 271], [457, 270], [458, 269], [458, 268], [459, 267], [460, 266], [460, 265], [461, 264], [461, 263], [461, 262], [460, 262], [459, 261]]]]","[[], 258, 259]"
143,143,"[[[139, 221]], [[138, 222]], [[137, 222]], [[136, 222]], [[135, 222]], [[134, 222]], [[133, 223]], [[132, 223]], [[131, 223]], [[130, 224]], [[129, 224]], [[129, 225]], [[128, 226]], [[127, 226]], [[126, 227]], [[126, 228]], [[125, 229]], [[124, 230]], [[124, 231]], [[124, 232]], [[123, 233]], [[123, 234]], [[123, 235]], [[123, 236]], [[123, 237]], [[123, 238]], [[123, 239]], [[122, 240]], [[122, 241]], [[121, 242]], [[121, 243]], [[121, 244]], [[120, 245]], [[120, 246]], [[119, 247]], [[118, 248]], [[117, 248]], [[116, 248]], [[115, 248]], [[114, 248]], [[113, 248]], [[112, 248]], [[111, 248]], [[110, 249]], [[109, 249]], [[108, 249]], [[107, 250]], [[106, 251]], [[105, 252]], [[104, 253]], [[103, 254]], [[102, 255]], [[101, 256]], [[100, 256]], [[99, 257]], [[99, 258]], [[100, 259]], [[100, 260]], [[100, 261]], [[101, 262]], [[101, 263]], [[101, 264]], [[101, 265]], [[101, 266]], [[102, 267]], [[103, 268]], [[104, 269]], [[105, 269]], [[106, 269]], [[107, 270]], [[108, 270]], [[109, 270]], [[110, 271]], [[111, 272]], [[112, 272]], [[113, 273]], [[114, 274]], [[115, 275]], [[115, 276]], [[115, 277]], [[116, 277]], [[117, 278]], [[118, 278]], [[119, 279]], [[120, 280]], [[121, 281]], [[122, 281]], [[123, 282]], [[123, 283]], [[124, 283]], [[125, 283]], [[126, 282]], [[127, 283]], [[128, 283]], [[129, 283]], [[130, 284]], [[131, 284]], [[132, 284]], [[133, 284]], [[134, 285]], [[135, 284]], [[136, 285]], [[137, 285]], [[138, 285]], [[139, 285]], [[140, 285]], [[141, 285]], [[142, 285]], [[143, 285]], [[144, 285]], [[145, 285]], [[146, 285]], [[147, 285]], [[148, 285]], [[149, 285]], [[150, 285]], [[151, 284]], [[152, 284]], [[153, 283]], [[154, 282]], [[154, 281]], [[154, 280]], [[154, 279]], [[154, 278]], [[153, 277]], [[153, 276]], [[153, 275]], [[153, 274]], [[153, 273]], [[153, 272]], [[153, 271]], [[153, 270]], [[153, 269]], [[152, 268]], [[151, 267]], [[150, 266]], [[150, 265]], [[151, 264]], [[152, 263]], [[153, 263]], [[153, 262]], [[154, 261]], [[155, 260]], [[156, 260]], [[157, 259]], [[158, 259]], [[158, 258]], [[158, 257]], [[157, 256]], [[157, 255]], [[158, 254]], [[159, 254]], [[159, 253]], [[159, 252]], [[160, 251]], [[160, 250]], [[161, 249]], [[162, 248]], [[163, 247]], [[164, 246]], [[165, 245]], [[166, 244]], [[166, 243]], [[165, 242]], [[164, 242]], [[163, 243]], [[162, 242]], [[161, 242]], [[160, 242]], [[159, 241]], [[158, 240]], [[157, 240]], [[156, 239]], [[155, 238]], [[154, 238]], [[153, 237]], [[152, 237]], [[151, 237]], [[150, 237]], [[149, 237]], [[148, 237]], [[147, 237]], [[146, 236]], [[145, 235]], [[145, 234]], [[145, 233]], [[145, 232]], [[144, 231]], [[144, 230]], [[144, 229]], [[144, 228]], [[144, 227]], [[144, 226]], [[144, 225]], [[144, 224]], [[144, 223]], [[144, 222]], [[143, 222]], [[142, 221]], [[141, 221]], [[140, 221]]]","[[], [[[99, 267], [100, 268], [100, 269], [101, 270], [102, 271], [103, 271], [104, 271], [105, 272], [106, 272], [107, 272], [108, 273], [109, 273], [110, 274], [111, 275], [112, 276], [113, 277], [114, 278], [114, 277], [114, 276], [114, 275], [113, 274], [112, 273], [111, 273], [110, 272], [109, 271], [108, 271], [107, 271], [106, 270], [105, 270], [104, 270], [103, 269], [102, 268], [101, 267], [100, 267]]], [[[176, 241], [175, 242], [174, 242], [174, 243], [174, 244], [173, 245], [172, 245], [171, 246], [170, 245], [169, 245], [168, 244], [167, 244], [167, 245], [166, 246], [165, 246], [164, 247], [164, 248], [163, 249], [162, 250], [162, 251], [162, 252], [163, 251], [164, 250], [165, 250], [166, 249], [167, 249], [168, 249], [169, 249], [170, 249], [171, 249], [171, 248], [172, 247], [173, 246], [173, 245], [174, 244], [175, 244], [176, 243], [177, 242], [177, 241]]]]","[[], 260, 261]"
144,144,"[[[751, 217]], [[750, 218]], [[749, 219]], [[748, 220]], [[747, 221]], [[746, 222]], [[745, 222]], [[744, 222]], [[744, 223]], [[744, 224]], [[743, 225]], [[742, 226]], [[742, 227]], [[742, 228]], [[743, 229]], [[744, 230]], [[745, 230]], [[746, 231]], [[747, 231]], [[748, 231]], [[749, 232]], [[750, 232]], [[751, 232]], [[752, 232]], [[753, 231]], [[753, 230]], [[753, 229]], [[753, 228]], [[754, 227]], [[754, 226]], [[754, 225]], [[754, 224]], [[754, 223]], [[755, 222]], [[756, 221]], [[756, 220]], [[756, 219]], [[755, 218]], [[754, 217]], [[753, 217]], [[752, 217]]]","[[[[737, 219], [738, 219], [739, 220], [739, 221], [738, 222], [737, 223], [736, 223], [735, 223], [734, 223], [735, 223], [736, 223], [737, 224], [738, 225], [738, 226], [739, 227], [740, 228], [740, 229], [740, 230], [741, 231], [742, 232], [742, 233], [743, 233], [744, 233], [745, 233], [746, 234], [747, 234], [748, 234], [749, 234], [750, 234], [751, 234], [750, 233], [749, 233], [748, 233], [747, 232], [746, 232], [745, 231], [744, 231], [743, 230], [742, 229], [741, 228], [741, 227], [741, 226], [740, 225], [739, 224], [740, 223], [741, 223], [742, 223], [743, 223], [743, 222], [742, 222], [741, 221], [742, 220], [741, 219], [740, 219], [739, 219], [738, 219]]], [[[760, 220], [760, 221], [759, 222], [759, 223], [758, 224], [757, 225], [756, 224], [755, 225], [755, 226], [756, 227], [756, 228], [757, 228], [758, 229], [759, 228], [760, 229], [761, 228], [762, 228], [763, 229], [763, 230], [764, 230], [763, 229], [762, 228], [762, 227], [762, 226], [762, 225], [761, 224], [761, 223], [761, 222], [761, 221], [761, 220]]]]","[262, 263]"
145,145,"[[[690, 214]], [[689, 215]], [[688, 216]], [[687, 217]], [[687, 218]], [[686, 219]], [[685, 220]], [[684, 221]], [[684, 222]], [[683, 223]], [[682, 223]], [[681, 223]], [[680, 222]], [[679, 222]], [[678, 222]], [[677, 222]], [[676, 223]], [[675, 222]], [[675, 223]], [[674, 224]], [[673, 225]], [[672, 226]], [[671, 227]], [[670, 226]], [[669, 226]], [[668, 227]], [[667, 227]], [[666, 228]], [[665, 228]], [[664, 228]], [[663, 229]], [[662, 229]], [[661, 228]], [[660, 228]], [[659, 228]], [[658, 229]], [[657, 229]], [[656, 230]], [[655, 231]], [[655, 232]], [[654, 233]], [[653, 234]], [[652, 235]], [[652, 236]], [[651, 237]], [[651, 238]], [[650, 239]], [[649, 239]], [[649, 240]], [[649, 241]], [[648, 242]], [[648, 243]], [[647, 244]], [[647, 245]], [[646, 246]], [[646, 247]], [[645, 248]], [[645, 249]], [[646, 250]], [[646, 251]], [[645, 252]], [[645, 253]], [[645, 254]], [[646, 255]], [[646, 256]], [[646, 257]], [[645, 258]], [[645, 259]], [[646, 260]], [[647, 261]], [[648, 262]], [[649, 263]], [[649, 264]], [[650, 265]], [[650, 266]], [[651, 267]], [[652, 268]], [[653, 269]], [[654, 269]], [[655, 270]], [[656, 270]], [[657, 270]], [[658, 271]], [[659, 271]], [[660, 272]], [[661, 273]], [[662, 274]], [[663, 274]], [[664, 275]], [[665, 276]], [[666, 276]], [[667, 276]], [[668, 276]], [[669, 276]], [[670, 276]], [[671, 277]], [[672, 278]], [[673, 279]], [[674, 279]], [[675, 279]], [[676, 279]], [[677, 278]], [[678, 278]], [[679, 277]], [[679, 276]], [[680, 275]], [[680, 274]], [[680, 273]], [[680, 272]], [[680, 271]], [[681, 270]], [[682, 270]], [[683, 269]], [[684, 268]], [[685, 267]], [[686, 266]], [[687, 265]], [[687, 264]], [[688, 263]], [[688, 262]], [[689, 261]], [[689, 260]], [[688, 259]], [[688, 258]], [[688, 257]], [[687, 256]], [[687, 255]], [[686, 254]], [[686, 253]], [[686, 252]], [[686, 251]], [[686, 250]], [[687, 249]], [[688, 248]], [[689, 247]], [[689, 246]], [[690, 245]], [[691, 244]], [[690, 243]], [[690, 242]], [[690, 241]], [[691, 240]], [[692, 239]], [[693, 239]], [[694, 239]], [[695, 238]], [[696, 237]], [[697, 236]], [[697, 235]], [[698, 234]], [[698, 233]], [[698, 232]], [[698, 231]], [[698, 230]], [[698, 229]], [[698, 228]], [[698, 227]], [[697, 226]], [[697, 225]], [[697, 224]], [[697, 223]], [[697, 222]], [[696, 221]], [[696, 220]], [[695, 219]], [[695, 218]], [[694, 217]], [[693, 216]], [[692, 215]], [[691, 215]]]","[[[[655, 226], [655, 227], [655, 228], [654, 229], [653, 230], [652, 231], [652, 232], [651, 233], [651, 234], [650, 235], [649, 235], [649, 236], [650, 237], [651, 236], [651, 235], [652, 234], [653, 233], [654, 232], [654, 231], [655, 230], [656, 229], [657, 228], [658, 227], [658, 226], [657, 226], [656, 226]]], [[[646, 236], [645, 237], [644, 237], [643, 237], [642, 237], [641, 238], [642, 238], [643, 238], [644, 238], [645, 238], [646, 239], [646, 240], [646, 241], [645, 242], [645, 243], [645, 244], [645, 245], [645, 246], [645, 247], [645, 246], [646, 245], [646, 244], [647, 243], [647, 242], [648, 241], [648, 240], [648, 239], [647, 238], [647, 237], [647, 236]]], [], [[[644, 260], [644, 261], [644, 262], [645, 263], [646, 263], [647, 263], [648, 264], [648, 265], [649, 266], [649, 267], [649, 268], [649, 269], [649, 270], [650, 270], [651, 270], [652, 270], [653, 270], [654, 271], [654, 272], [654, 273], [654, 274], [655, 274], [656, 273], [657, 273], [658, 273], [659, 274], [660, 274], [661, 275], [662, 276], [663, 276], [664, 276], [663, 275], [662, 275], [661, 274], [660, 273], [659, 272], [658, 272], [657, 271], [656, 271], [655, 271], [654, 271], [653, 270], [652, 269], [651, 268], [650, 267], [649, 266], [649, 265], [648, 264], [648, 263], [647, 262], [646, 261], [645, 260]]]]","[264, 265, [], 266]"
146,146,"[[[256, 206]], [[255, 207]], [[254, 207]], [[253, 207]], [[252, 208]], [[251, 208]], [[250, 208]], [[249, 209]], [[249, 210]], [[249, 211]], [[248, 212]], [[247, 213]], [[247, 214]], [[246, 215]], [[245, 216]], [[245, 217]], [[245, 218]], [[244, 219]], [[245, 220]], [[245, 221]], [[246, 222]], [[247, 223]], [[247, 224]], [[247, 225]], [[248, 226]], [[248, 227]], [[248, 228]], [[248, 229]], [[248, 230]], [[248, 231]], [[248, 232]], [[248, 233]], [[247, 234]], [[247, 235]], [[247, 236]], [[247, 237]], [[247, 238]], [[247, 239]], [[247, 240]], [[246, 241]], [[246, 242]], [[246, 243]], [[245, 244]], [[245, 245]], [[246, 246]], [[247, 246]], [[248, 247]], [[249, 248]], [[250, 247]], [[251, 247]], [[252, 247]], [[252, 246]], [[253, 245]], [[254, 244]], [[255, 244]], [[256, 243]], [[257, 244]], [[258, 243]], [[259, 244]], [[260, 244]], [[261, 245]], [[262, 245]], [[263, 246]], [[264, 247]], [[264, 248]], [[263, 249]], [[264, 249]], [[265, 249]], [[266, 248]], [[267, 248]], [[268, 248]], [[269, 248]], [[270, 248]], [[271, 247]], [[272, 246]], [[273, 246]], [[274, 245]], [[275, 245]], [[276, 244]], [[277, 243]], [[278, 242]], [[279, 242]], [[280, 241]], [[281, 240]], [[281, 239]], [[282, 238]], [[282, 237]], [[282, 236]], [[282, 235]], [[282, 234]], [[281, 233]], [[281, 232]], [[280, 231]], [[280, 230]], [[279, 229]], [[279, 228]], [[279, 227]], [[278, 227]], [[277, 227]], [[276, 226]], [[275, 226]], [[274, 225]], [[273, 225]], [[272, 224]], [[272, 223]], [[272, 222]], [[272, 221]], [[271, 220]], [[270, 219]], [[269, 218]], [[269, 217]], [[268, 216]], [[267, 215]], [[267, 214]], [[266, 213]], [[265, 212]], [[265, 211]], [[265, 210]], [[265, 209]], [[265, 208]], [[264, 208]], [[263, 207]], [[262, 207]], [[261, 207]], [[260, 207]], [[259, 206]], [[258, 206]], [[257, 206]]]","[[[[255, 201], [254, 202], [255, 203], [254, 204], [255, 205], [256, 205], [257, 205], [258, 205], [259, 205], [260, 206], [261, 206], [262, 206], [263, 206], [264, 207], [265, 207], [266, 208], [267, 209], [267, 210], [266, 211], [266, 212], [267, 213], [268, 212], [269, 212], [270, 212], [270, 211], [269, 210], [269, 209], [269, 208], [268, 208], [267, 207], [266, 206], [265, 206], [264, 205], [263, 205], [262, 206], [261, 205], [260, 205], [259, 204], [258, 203], [257, 202], [256, 202]]], [[[250, 206], [249, 207], [248, 208], [247, 209], [246, 210], [245, 211], [244, 212], [243, 212], [242, 213], [242, 214], [241, 215], [240, 216], [240, 217], [239, 218], [238, 218], [237, 219], [236, 219], [237, 220], [236, 221], [236, 222], [237, 223], [237, 224], [238, 225], [238, 226], [238, 227], [239, 228], [239, 229], [239, 230], [238, 231], [238, 232], [238, 233], [239, 234], [240, 233], [241, 233], [241, 232], [240, 231], [239, 230], [239, 229], [239, 228], [239, 227], [239, 226], [238, 225], [238, 224], [238, 223], [239, 222], [240, 221], [241, 221], [242, 221], [243, 221], [244, 220], [243, 219], [244, 218], [244, 217], [244, 216], [245, 215], [246, 214], [246, 213], [247, 212], [248, 211], [248, 210], [248, 209], [248, 208], [249, 207], [250, 207], [251, 207], [251, 206]]], [], [[[280, 225], [280, 226], [280, 227], [280, 228], [280, 229], [281, 230], [281, 231], [282, 232], [282, 233], [283, 234], [283, 235], [284, 235], [285, 235], [286, 236], [287, 237], [288, 238], [289, 239], [290, 238], [290, 237], [289, 236], [288, 235], [288, 234], [288, 233], [288, 232], [287, 231], [286, 231], [286, 232], [286, 233], [286, 234], [285, 235], [284, 234], [284, 233], [283, 232], [283, 231], [284, 230], [285, 229], [284, 229], [283, 228], [282, 227], [281, 226], [281, 225]]]]","[267, 268, [], 269]"
147,147,"[[[586, 203]], [[586, 204]], [[585, 205]], [[584, 206]], [[584, 207]], [[584, 208]], [[584, 209]], [[583, 210]], [[583, 211]], [[583, 212]], [[583, 213]], [[583, 214]], [[583, 215]], [[583, 216]], [[584, 217]], [[585, 218]], [[586, 218]], [[587, 219]], [[588, 219]], [[589, 220]], [[590, 220]], [[591, 221]], [[590, 222]], [[589, 222]], [[588, 223]], [[587, 224]], [[586, 224]], [[585, 225]], [[584, 225]], [[583, 224]], [[582, 224]], [[581, 224]], [[580, 225]], [[579, 226]], [[578, 226]], [[577, 226]], [[576, 227]], [[575, 226]], [[574, 226]], [[573, 226]], [[572, 227]], [[571, 227]], [[570, 228]], [[570, 229]], [[569, 230]], [[568, 230]], [[567, 231]], [[566, 231]], [[565, 231]], [[564, 231]], [[563, 231]], [[562, 232]], [[561, 232]], [[560, 232]], [[559, 232]], [[558, 233]], [[557, 233]], [[556, 233]], [[555, 232]], [[554, 231]], [[554, 230]], [[553, 229]], [[554, 228]], [[554, 227]], [[554, 226]], [[553, 225]], [[552, 224]], [[551, 223]], [[550, 222]], [[549, 221]], [[548, 220]], [[547, 220]], [[546, 220]], [[545, 219]], [[544, 219]], [[543, 219]], [[542, 219]], [[541, 219]], [[540, 219]], [[539, 220]], [[538, 220]], [[537, 219]], [[536, 219]], [[535, 220]], [[534, 220]], [[533, 220]], [[532, 220]], [[531, 221]], [[530, 222]], [[529, 223]], [[528, 223]], [[527, 224]], [[527, 225]], [[526, 226]], [[526, 227]], [[526, 228]], [[526, 229]], [[525, 230]], [[524, 231]], [[524, 232]], [[523, 233]], [[523, 234]], [[523, 235]], [[523, 236]], [[523, 237]], [[523, 238]], [[523, 239]], [[523, 240]], [[523, 241]], [[523, 242]], [[523, 243]], [[524, 244]], [[524, 245]], [[525, 246]], [[525, 247]], [[526, 248]], [[527, 249]], [[527, 250]], [[528, 251]], [[529, 252]], [[530, 252]], [[531, 253]], [[531, 254]], [[532, 255]], [[533, 256]], [[534, 257]], [[534, 258]], [[534, 259]], [[535, 259]], [[536, 260]], [[537, 261]], [[537, 262]], [[538, 262]], [[539, 263]], [[540, 262]], [[541, 261]], [[542, 260]], [[543, 259]], [[544, 258]], [[545, 259]], [[546, 260]], [[546, 261]], [[546, 262]], [[546, 263]], [[547, 264]], [[547, 265]], [[548, 265]], [[549, 266]], [[550, 267]], [[551, 267]], [[552, 268]], [[553, 268]], [[554, 267]], [[555, 267]], [[556, 267]], [[556, 266]], [[556, 265]], [[557, 264]], [[558, 264]], [[559, 264]], [[559, 263]], [[560, 262]], [[561, 261]], [[562, 260]], [[563, 260]], [[564, 259]], [[565, 259]], [[566, 259]], [[567, 259]], [[568, 259]], [[569, 259]], [[570, 259]], [[571, 258]], [[572, 258]], [[573, 257]], [[574, 257]], [[575, 257]], [[576, 257]], [[577, 256]], [[578, 256]], [[579, 256]], [[580, 256]], [[581, 255]], [[582, 255]], [[583, 255]], [[584, 255]], [[585, 255]], [[586, 254]], [[587, 254]], [[588, 254]], [[589, 253]], [[590, 252]], [[591, 252]], [[592, 252]], [[593, 252]], [[594, 251]], [[595, 251]], [[596, 251]], [[597, 250]], [[598, 249]], [[599, 248]], [[600, 247]], [[600, 246]], [[601, 245]], [[602, 244]], [[602, 243]], [[602, 242]], [[602, 241]], [[603, 240]], [[603, 239]], [[603, 238]], [[604, 237]], [[605, 236]], [[605, 235]], [[606, 234]], [[606, 233]], [[606, 232]], [[606, 231]], [[607, 230]], [[606, 229]], [[606, 228]], [[606, 227]], [[606, 226]], [[606, 225]], [[606, 224]], [[605, 223]], [[605, 222]], [[604, 222]], [[603, 221]], [[602, 220]], [[601, 220]], [[600, 220]], [[599, 220]], [[598, 220]], [[597, 220]], [[596, 221]], [[595, 221]], [[594, 222]], [[593, 221]], [[592, 220]], [[593, 219]], [[593, 218]], [[594, 217]], [[594, 216]], [[594, 215]], [[594, 214]], [[594, 213]], [[595, 212]], [[595, 211]], [[595, 210]], [[594, 209]], [[594, 208]], [[594, 207]], [[594, 206]], [[593, 205]], [[593, 204]], [[594, 203]], [[593, 204]], [[592, 203]], [[591, 203]], [[590, 203]], [[589, 203]], [[588, 203]], [[587, 204]]]","[[[[584, 187], [583, 188], [584, 189], [584, 190], [584, 191], [584, 192], [584, 193], [583, 194], [584, 195], [584, 196], [585, 196], [586, 197], [585, 198], [585, 199], [586, 200], [586, 201], [586, 202], [586, 201], [586, 200], [586, 199], [586, 198], [586, 197], [586, 196], [585, 195], [585, 194], [585, 193], [585, 192], [586, 191], [587, 190], [587, 189], [587, 188], [586, 188], [585, 187]]], [], [[[534, 260], [533, 261], [533, 262], [534, 262], [535, 263], [536, 263], [537, 264], [537, 265], [538, 266], [539, 267], [540, 268], [539, 269], [539, 270], [539, 271], [539, 272], [539, 273], [539, 274], [540, 275], [541, 276], [542, 277], [542, 278], [543, 277], [542, 276], [541, 275], [540, 274], [540, 273], [540, 272], [541, 271], [541, 270], [540, 269], [541, 268], [542, 268], [542, 267], [542, 266], [541, 265], [540, 265], [539, 264], [538, 263], [537, 264], [536, 263], [536, 262], [536, 261], [535, 260]]], [[[586, 255], [585, 256], [584, 256], [583, 256], [582, 256], [581, 256], [580, 257], [580, 258], [581, 257], [582, 257], [583, 257], [584, 257], [585, 257], [586, 258], [587, 259], [588, 259], [589, 259], [590, 259], [591, 260], [590, 261], [589, 261], [589, 262], [590, 262], [591, 263], [592, 263], [592, 262], [592, 261], [591, 260], [591, 259], [591, 258], [590, 258], [589, 258], [588, 257], [587, 256], [587, 255]]]]","[270, [], 271, 272]"
148,148,"[[[288, 190]], [[287, 191]], [[286, 191]], [[285, 192]], [[284, 193]], [[283, 194]], [[282, 195]], [[281, 196]], [[280, 196]], [[280, 197]], [[279, 198]], [[279, 199]], [[278, 200]], [[277, 201]], [[276, 200]], [[276, 201]], [[277, 202]], [[277, 203]], [[278, 204]], [[278, 205]], [[279, 206]], [[279, 207]], [[280, 208]], [[281, 209]], [[282, 210]], [[283, 211]], [[284, 211]], [[285, 212]], [[286, 213]], [[287, 214]], [[287, 215]], [[287, 216]], [[288, 217]], [[289, 218]], [[290, 219]], [[291, 219]], [[292, 220]], [[293, 220]], [[294, 220]], [[295, 221]], [[295, 222]], [[296, 223]], [[296, 224]], [[296, 225]], [[297, 226]], [[298, 227]], [[299, 228]], [[300, 229]], [[300, 230]], [[300, 231]], [[301, 232]], [[302, 233]], [[303, 234]], [[304, 234]], [[305, 235]], [[306, 235]], [[307, 235]], [[308, 235]], [[309, 235]], [[310, 235]], [[311, 234]], [[312, 234]], [[313, 233]], [[314, 232]], [[315, 232]], [[315, 231]], [[316, 230]], [[316, 229]], [[317, 228]], [[317, 227]], [[317, 226]], [[317, 225]], [[317, 224]], [[316, 223]], [[315, 222]], [[315, 221]], [[314, 220]], [[313, 219]], [[312, 218]], [[311, 217]], [[310, 216]], [[310, 215]], [[310, 214]], [[310, 213]], [[310, 212]], [[310, 211]], [[310, 210]], [[311, 209]], [[311, 208]], [[310, 207]], [[309, 206]], [[308, 205]], [[308, 204]], [[308, 203]], [[307, 202]], [[306, 202]], [[305, 201]], [[305, 200]], [[304, 199]], [[304, 198]], [[303, 197]], [[302, 196]], [[301, 196]], [[300, 195]], [[299, 195]], [[298, 194]], [[297, 193]], [[296, 192]], [[295, 191]], [[294, 191]], [[293, 190]], [[292, 190]], [[291, 190]], [[290, 190]], [[289, 190]]]","[[], [[[273, 200], [273, 201], [274, 202], [275, 203], [276, 204], [275, 205], [274, 205], [273, 204], [272, 204], [271, 205], [271, 206], [272, 206], [273, 206], [274, 206], [275, 207], [274, 208], [273, 209], [273, 210], [274, 211], [274, 212], [275, 212], [276, 211], [276, 210], [277, 209], [278, 209], [279, 210], [280, 210], [281, 211], [282, 212], [283, 213], [284, 214], [284, 215], [285, 215], [286, 216], [286, 215], [286, 214], [285, 213], [284, 212], [283, 212], [282, 211], [281, 210], [280, 209], [279, 208], [278, 207], [278, 206], [277, 205], [277, 204], [276, 204], [275, 203], [276, 202], [275, 201], [275, 200], [274, 200]]], [[[320, 196], [319, 197], [319, 198], [318, 199], [318, 200], [318, 201], [318, 202], [317, 203], [316, 203], [315, 204], [314, 205], [313, 206], [312, 206], [311, 205], [310, 204], [310, 205], [310, 206], [311, 207], [312, 207], [313, 208], [313, 209], [312, 210], [311, 211], [311, 212], [311, 213], [311, 214], [311, 215], [311, 216], [312, 217], [312, 216], [313, 215], [313, 214], [313, 213], [313, 212], [313, 211], [314, 210], [315, 209], [316, 208], [317, 208], [318, 209], [318, 210], [318, 211], [318, 212], [319, 212], [319, 211], [319, 210], [319, 209], [319, 208], [320, 207], [321, 206], [320, 205], [320, 204], [320, 203], [320, 202], [320, 201], [321, 200], [322, 199], [323, 200], [323, 199], [322, 199], [321, 198], [321, 197], [322, 196], [321, 196]]], [[[309, 186], [309, 187], [308, 188], [307, 189], [307, 190], [306, 191], [305, 192], [305, 193], [304, 194], [303, 194], [302, 194], [301, 193], [300, 193], [299, 193], [298, 193], [299, 193], [300, 193], [301, 194], [302, 195], [303, 196], [304, 197], [305, 198], [305, 199], [306, 200], [307, 200], [308, 200], [308, 199], [307, 198], [307, 197], [306, 196], [306, 195], [306, 194], [307, 193], [308, 192], [308, 191], [309, 190], [309, 189], [310, 188], [310, 187], [310, 186]]]]","[[], 273, 274, 275]"
149,149,"[[[365, 165]], [[364, 166]], [[363, 166]], [[362, 167]], [[361, 168]], [[360, 169]], [[359, 169]], [[358, 169]], [[357, 169]], [[356, 168]], [[355, 168]], [[354, 168]], [[353, 167]], [[352, 167]], [[351, 168]], [[351, 169]], [[351, 170]], [[351, 171]], [[352, 172]], [[353, 173]], [[353, 174]], [[352, 175]], [[351, 176]], [[351, 177]], [[350, 178]], [[350, 179]], [[350, 180]], [[350, 181]], [[349, 182]], [[350, 183]], [[351, 184]], [[351, 185]], [[351, 186]], [[352, 187]], [[353, 188]], [[354, 188]], [[355, 189]], [[356, 190]], [[357, 190]], [[358, 191]], [[359, 191]], [[360, 191]], [[361, 191]], [[362, 191]], [[363, 191]], [[364, 191]], [[365, 190]], [[366, 190]], [[367, 189]], [[368, 188]], [[368, 187]], [[369, 186]], [[370, 185]], [[370, 184]], [[371, 183]], [[372, 182]], [[373, 181]], [[373, 180]], [[373, 179]], [[373, 178]], [[373, 177]], [[374, 176]], [[373, 175]], [[373, 174]], [[373, 173]], [[373, 172]], [[373, 171]], [[372, 170]], [[372, 169]], [[372, 168]], [[371, 167]], [[371, 166]], [[370, 166]], [[369, 165]], [[368, 165]], [[367, 165]], [[366, 165]]]","[[], [[[366, 136], [365, 137], [364, 138], [363, 138], [363, 139], [363, 140], [364, 140], [365, 141], [366, 141], [367, 142], [367, 143], [368, 144], [369, 144], [370, 145], [370, 146], [369, 147], [368, 148], [369, 149], [370, 150], [370, 151], [371, 151], [372, 152], [373, 153], [374, 154], [374, 155], [375, 156], [375, 157], [374, 158], [373, 158], [372, 158], [371, 158], [371, 159], [370, 160], [369, 160], [368, 160], [367, 160], [366, 161], [365, 162], [366, 162], [367, 161], [368, 161], [369, 162], [370, 163], [370, 164], [371, 165], [372, 166], [372, 167], [373, 167], [373, 166], [374, 165], [375, 165], [376, 166], [377, 166], [378, 166], [379, 167], [379, 168], [380, 169], [380, 170], [381, 171], [381, 172], [382, 172], [382, 171], [382, 170], [382, 169], [382, 168], [381, 167], [380, 166], [380, 165], [379, 164], [379, 163], [378, 162], [378, 161], [377, 161], [377, 162], [376, 163], [375, 162], [374, 161], [374, 160], [375, 159], [376, 158], [377, 158], [378, 159], [379, 159], [380, 159], [381, 159], [381, 158], [381, 157], [381, 156], [381, 155], [380, 155], [379, 155], [378, 154], [377, 153], [376, 152], [375, 151], [374, 150], [374, 149], [373, 148], [372, 147], [371, 146], [370, 145], [370, 144], [370, 143], [369, 142], [368, 141], [368, 140], [368, 139], [367, 138], [367, 137], [367, 136]]]]","[[], 276]"
150,150,"[[[178, 160]], [[177, 161]], [[176, 161]], [[175, 162]], [[174, 163]], [[174, 164]], [[174, 165]], [[174, 166]], [[174, 167]], [[174, 168]], [[174, 169]], [[174, 170]], [[175, 171]], [[176, 171]], [[177, 172]], [[178, 173]], [[178, 174]], [[178, 175]], [[178, 176]], [[178, 177]], [[179, 178]], [[179, 179]], [[179, 180]], [[179, 181]], [[179, 182]], [[179, 183]], [[179, 184]], [[178, 185]], [[178, 186]], [[178, 187]], [[177, 188]], [[176, 189]], [[176, 190]], [[175, 191]], [[175, 192]], [[175, 193]], [[175, 194]], [[176, 195]], [[176, 196]], [[177, 196]], [[178, 197]], [[179, 198]], [[180, 199]], [[181, 200]], [[181, 201]], [[182, 202]], [[182, 203]], [[182, 204]], [[182, 205]], [[182, 206]], [[182, 207]], [[182, 208]], [[182, 209]], [[183, 209]], [[184, 209]], [[185, 209]], [[186, 209]], [[186, 208]], [[187, 207]], [[187, 206]], [[188, 205]], [[188, 204]], [[189, 203]], [[189, 202]], [[189, 201]], [[189, 200]], [[190, 199]], [[191, 199]], [[192, 198]], [[193, 198]], [[194, 197]], [[195, 196]], [[196, 196]], [[197, 195]], [[197, 194]], [[198, 193]], [[199, 192]], [[200, 192]], [[201, 192]], [[202, 193]], [[203, 194]], [[204, 194]], [[205, 195]], [[205, 196]], [[206, 196]], [[207, 197]], [[208, 198]], [[208, 199]], [[209, 200]], [[209, 201]], [[209, 202]], [[209, 203]], [[210, 204]], [[210, 205]], [[209, 206]], [[208, 207]], [[207, 207]], [[207, 208]], [[207, 209]], [[206, 210]], [[206, 211]], [[206, 212]], [[206, 213]], [[205, 214]], [[204, 214]], [[204, 215]], [[204, 216]], [[204, 217]], [[204, 218]], [[204, 219]], [[203, 220]], [[203, 221]], [[202, 222]], [[202, 223]], [[202, 224]], [[201, 225]], [[201, 226]], [[200, 227]], [[200, 228]], [[200, 229]], [[200, 230]], [[199, 231]], [[200, 232]], [[200, 233]], [[201, 234]], [[201, 235]], [[202, 236]], [[203, 236]], [[204, 237]], [[205, 238]], [[206, 239]], [[207, 240]], [[208, 241]], [[208, 242]], [[209, 243]], [[210, 244]], [[210, 245]], [[211, 246]], [[212, 247]], [[213, 248]], [[214, 248]], [[215, 248]], [[216, 248]], [[217, 248]], [[218, 248]], [[219, 248]], [[220, 248]], [[221, 247]], [[222, 247]], [[223, 247]], [[224, 247]], [[225, 246]], [[226, 246]], [[227, 245]], [[228, 245]], [[229, 244]], [[230, 243]], [[231, 243]], [[232, 242]], [[233, 241]], [[234, 240]], [[234, 239]], [[235, 238]], [[236, 237]], [[236, 236]], [[236, 235]], [[236, 234]], [[237, 233]], [[237, 232]], [[237, 231]], [[238, 230]], [[238, 229]], [[238, 228]], [[237, 227]], [[237, 226]], [[237, 225]], [[236, 224]], [[236, 223]], [[235, 222]], [[235, 221]], [[236, 220]], [[235, 219]], [[235, 218]], [[234, 217]], [[234, 216]], [[234, 215]], [[234, 214]], [[235, 213]], [[236, 212]], [[236, 211]], [[237, 210]], [[238, 209]], [[238, 208]], [[239, 207]], [[239, 206]], [[240, 205]], [[241, 204]], [[242, 203]], [[242, 202]], [[242, 201]], [[242, 200]], [[242, 199]], [[242, 198]], [[243, 197]], [[244, 196]], [[244, 195]], [[245, 194]], [[245, 193]], [[246, 192]], [[246, 191]], [[246, 190]], [[247, 189]], [[247, 188]], [[247, 187]], [[247, 186]], [[247, 185]], [[247, 184]], [[247, 183]], [[247, 182]], [[247, 181]], [[247, 180]], [[246, 179]], [[246, 178]], [[245, 177]], [[245, 176]], [[245, 175]], [[244, 174]], [[244, 173]], [[244, 172]], [[243, 172]], [[242, 171]], [[241, 170]], [[240, 169]], [[240, 168]], [[239, 167]], [[238, 166]], [[237, 165]], [[236, 164]], [[235, 163]], [[234, 163]], [[233, 163]], [[232, 162]], [[231, 162]], [[230, 162]], [[229, 163]], [[228, 163]], [[227, 164]], [[226, 164]], [[225, 165]], [[224, 166]], [[223, 166]], [[222, 166]], [[221, 165]], [[220, 165]], [[219, 165]], [[218, 165]], [[217, 165]], [[216, 165]], [[215, 164]], [[214, 164]], [[213, 164]], [[212, 163]], [[212, 162]], [[211, 161]], [[210, 161]], [[209, 161]], [[208, 161]], [[207, 160]], [[206, 160]], [[205, 161]], [[204, 161]], [[203, 162]], [[202, 162]], [[201, 162]], [[200, 162]], [[200, 163]], [[199, 164]], [[198, 164]], [[197, 164]], [[196, 164]], [[195, 163]], [[194, 163]], [[193, 163]], [[192, 162]], [[191, 162]], [[190, 162]], [[189, 163]], [[188, 163]], [[187, 163]], [[186, 162]], [[186, 161]], [[185, 160]], [[184, 160]], [[183, 160]], [[182, 160]], [[181, 160]], [[180, 160]], [[179, 160]]]","[[[[174, 155], [173, 156], [174, 157], [174, 158], [173, 159], [173, 160], [173, 161], [172, 162], [171, 163], [171, 164], [170, 165], [169, 166], [168, 166], [167, 166], [166, 165], [165, 164], [164, 164], [163, 164], [163, 165], [164, 166], [164, 167], [164, 168], [165, 169], [165, 170], [166, 171], [166, 172], [165, 173], [164, 173], [163, 173], [163, 174], [163, 175], [162, 176], [162, 177], [162, 178], [162, 179], [163, 180], [163, 181], [164, 181], [165, 182], [165, 183], [165, 184], [165, 185], [165, 186], [164, 187], [163, 188], [164, 189], [164, 190], [165, 190], [166, 191], [167, 191], [168, 192], [169, 193], [169, 194], [170, 195], [170, 196], [171, 196], [171, 195], [171, 194], [170, 193], [169, 192], [168, 191], [168, 190], [168, 189], [168, 188], [168, 187], [168, 186], [168, 185], [167, 184], [166, 183], [166, 182], [165, 181], [164, 180], [164, 179], [164, 178], [165, 177], [166, 176], [167, 176], [168, 177], [169, 178], [169, 179], [170, 180], [170, 181], [170, 182], [171, 182], [172, 183], [172, 182], [172, 181], [172, 180], [172, 179], [173, 178], [173, 177], [173, 176], [173, 175], [173, 174], [173, 173], [173, 172], [172, 171], [173, 170], [173, 169], [173, 168], [173, 167], [173, 166], [173, 165], [173, 164], [173, 163], [174, 162], [175, 161], [176, 160], [177, 160], [178, 159], [178, 158], [177, 157], [176, 156], [175, 156]]], [], [[[199, 235], [200, 236], [201, 237], [202, 237], [203, 238], [204, 239], [204, 240], [205, 241], [206, 242], [206, 243], [207, 243], [208, 244], [209, 245], [210, 246], [209, 245], [209, 244], [208, 243], [207, 242], [207, 241], [206, 240], [205, 239], [204, 238], [203, 237], [202, 237], [201, 236], [200, 235]]], [[[250, 206], [249, 207], [248, 208], [247, 209], [246, 210], [245, 211], [244, 212], [243, 212], [242, 213], [242, 214], [241, 215], [240, 216], [240, 217], [239, 218], [238, 218], [237, 219], [236, 219], [237, 220], [236, 221], [236, 222], [237, 223], [237, 224], [238, 225], [238, 226], [238, 227], [239, 228], [239, 229], [239, 230], [238, 231], [238, 232], [238, 233], [239, 234], [240, 233], [241, 233], [241, 232], [240, 231], [239, 230], [239, 229], [239, 228], [239, 227], [239, 226], [238, 225], [238, 224], [238, 223], [239, 222], [240, 221], [241, 221], [242, 221], [243, 221], [244, 220], [243, 219], [244, 218], [244, 217], [244, 216], [245, 215], [246, 214], [246, 213], [247, 212], [248, 211], [248, 210], [248, 209], [248, 208], [249, 207], [250, 207], [251, 207], [251, 206]]], [[[190, 155], [189, 156], [188, 156], [187, 157], [186, 158], [186, 159], [186, 160], [187, 161], [187, 162], [188, 162], [189, 162], [190, 161], [191, 161], [192, 161], [193, 162], [194, 162], [195, 162], [196, 163], [197, 163], [198, 163], [199, 163], [198, 162], [197, 163], [196, 163], [195, 162], [194, 161], [193, 161], [192, 160], [191, 159], [191, 158], [192, 157], [193, 157], [193, 156], [192, 155], [191, 155]]]]","[277, [], 278, 268, 280]"
151,151,"[[[78, 113]], [[77, 114]], [[76, 114]], [[75, 114]], [[75, 115]], [[74, 116]], [[73, 116]], [[72, 117]], [[71, 117]], [[70, 118]], [[69, 118]], [[68, 118]], [[67, 119]], [[67, 120]], [[66, 121]], [[65, 122]], [[65, 123]], [[65, 124]], [[65, 125]], [[65, 126]], [[64, 127]], [[64, 128]], [[64, 129]], [[64, 130]], [[64, 131]], [[64, 132]], [[65, 133]], [[65, 134]], [[65, 135]], [[64, 136]], [[64, 137]], [[64, 138]], [[64, 139]], [[64, 140]], [[63, 141]], [[63, 142]], [[62, 143]], [[62, 144]], [[61, 145]], [[61, 146]], [[61, 147]], [[61, 148]], [[61, 149]], [[61, 150]], [[60, 151]], [[61, 152]], [[61, 153]], [[62, 154]], [[62, 155]], [[63, 156]], [[64, 157]], [[65, 158]], [[65, 159]], [[66, 160]], [[67, 161]], [[68, 161]], [[69, 162]], [[70, 163]], [[71, 163]], [[72, 163]], [[73, 164]], [[74, 164]], [[75, 164]], [[76, 165]], [[77, 165]], [[78, 165]], [[79, 166]], [[80, 167]], [[81, 168]], [[82, 169]], [[83, 170]], [[84, 170]], [[85, 171]], [[86, 172]], [[87, 173]], [[88, 173]], [[89, 173]], [[90, 173]], [[91, 174]], [[92, 174]], [[93, 175]], [[94, 175]], [[95, 176]], [[95, 177]], [[96, 177]], [[97, 178]], [[98, 179]], [[99, 179]], [[100, 179]], [[101, 180]], [[102, 180]], [[103, 180]], [[104, 181]], [[105, 181]], [[106, 182]], [[107, 182]], [[108, 182]], [[109, 183]], [[110, 183]], [[111, 183]], [[112, 183]], [[113, 183]], [[114, 184]], [[115, 184]], [[116, 184]], [[117, 185]], [[118, 185]], [[119, 185]], [[120, 186]], [[121, 186]], [[122, 186]], [[123, 187]], [[124, 187]], [[125, 187]], [[126, 188]], [[127, 188]], [[128, 188]], [[129, 189]], [[130, 189]], [[131, 190]], [[132, 190]], [[133, 190]], [[134, 191]], [[135, 191]], [[136, 191]], [[137, 191]], [[138, 191]], [[139, 191]], [[140, 191]], [[141, 191]], [[142, 192]], [[143, 192]], [[144, 192]], [[145, 193]], [[146, 194]], [[147, 195]], [[148, 195]], [[149, 195]], [[150, 195]], [[151, 195]], [[152, 194]], [[153, 193]], [[154, 192]], [[154, 191]], [[155, 190]], [[156, 189]], [[157, 188]], [[157, 187]], [[157, 186]], [[157, 185]], [[157, 184]], [[157, 183]], [[158, 182]], [[159, 181]], [[159, 180]], [[160, 179]], [[160, 178]], [[160, 177]], [[161, 176]], [[161, 175]], [[162, 174]], [[162, 173]], [[162, 172]], [[163, 171]], [[163, 170]], [[163, 169]], [[163, 168]], [[163, 167]], [[163, 166]], [[162, 165]], [[161, 165]], [[160, 164]], [[159, 164]], [[158, 163]], [[157, 163]], [[156, 162]], [[155, 161]], [[154, 161]], [[153, 160]], [[152, 160]], [[151, 159]], [[150, 159]], [[149, 159]], [[148, 158]], [[147, 157]], [[147, 156]], [[146, 155]], [[145, 154]], [[144, 154]], [[143, 153]], [[142, 153]], [[141, 152]], [[140, 152]], [[139, 152]], [[138, 152]], [[137, 152]], [[136, 152]], [[135, 152]], [[134, 152]], [[133, 152]], [[132, 151]], [[131, 151]], [[130, 150]], [[129, 150]], [[128, 149]], [[127, 149]], [[126, 149]], [[125, 149]], [[124, 148]], [[123, 148]], [[122, 148]], [[121, 148]], [[120, 147]], [[119, 147]], [[118, 146]], [[117, 145]], [[116, 145]], [[115, 145]], [[114, 144]], [[113, 144]], [[112, 143]], [[113, 142]], [[112, 143]], [[111, 142]], [[110, 142]], [[109, 142]], [[108, 142]], [[107, 141]], [[106, 141]], [[105, 140]], [[104, 140]], [[103, 140]], [[102, 140]], [[101, 139]], [[100, 139]], [[99, 138]], [[98, 137]], [[98, 136]], [[99, 135]], [[100, 134]], [[100, 133]], [[100, 132]], [[99, 131]], [[98, 130]], [[97, 129]], [[96, 128]], [[95, 127]], [[95, 126]], [[94, 125]], [[94, 124]], [[93, 123]], [[92, 122]], [[91, 122]], [[90, 121]], [[90, 120]], [[89, 119]], [[89, 118]], [[88, 117]], [[88, 116]], [[87, 115]], [[86, 115]], [[85, 114]], [[84, 114]], [[83, 114]], [[82, 114]], [[81, 113]], [[80, 113]], [[79, 113]]]","[[], [[[52, 123], [52, 124], [52, 125], [53, 126], [54, 127], [55, 128], [55, 129], [56, 130], [56, 131], [57, 132], [57, 133], [57, 134], [56, 135], [55, 136], [54, 137], [53, 138], [52, 139], [52, 140], [52, 141], [52, 142], [52, 143], [52, 144], [52, 145], [52, 146], [53, 146], [54, 146], [55, 146], [56, 146], [57, 146], [58, 145], [59, 145], [60, 145], [59, 144], [58, 143], [57, 143], [56, 144], [55, 144], [54, 144], [53, 143], [53, 142], [53, 141], [53, 140], [54, 139], [55, 138], [56, 137], [57, 138], [57, 137], [57, 136], [56, 135], [57, 134], [57, 133], [57, 132], [57, 131], [56, 130], [56, 129], [55, 128], [55, 127], [54, 126], [54, 125], [53, 124], [53, 123]]], [[[174, 155], [173, 156], [174, 157], [174, 158], [173, 159], [173, 160], [173, 161], [172, 162], [171, 163], [171, 164], [170, 165], [169, 166], [168, 166], [167, 166], [166, 165], [165, 164], [164, 164], [163, 164], [163, 165], [164, 166], [164, 167], [164, 168], [165, 169], [165, 170], [166, 171], [166, 172], [165, 173], [164, 173], [163, 173], [163, 174], [163, 175], [162, 176], [162, 177], [162, 178], [162, 179], [163, 180], [163, 181], [164, 181], [165, 182], [165, 183], [165, 184], [165, 185], [165, 186], [164, 187], [163, 188], [164, 189], [164, 190], [165, 190], [166, 191], [167, 191], [168, 192], [169, 193], [169, 194], [170, 195], [170, 196], [171, 196], [171, 195], [171, 194], [170, 193], [169, 192], [168, 191], [168, 190], [168, 189], [168, 188], [168, 187], [168, 186], [168, 185], [167, 184], [166, 183], [166, 182], [165, 181], [164, 180], [164, 179], [164, 178], [165, 177], [166, 176], [167, 176], [168, 177], [169, 178], [169, 179], [170, 180], [170, 181], [170, 182], [171, 182], [172, 183], [172, 182], [172, 181], [172, 180], [172, 179], [173, 178], [173, 177], [173, 176], [173, 175], [173, 174], [173, 173], [173, 172], [172, 171], [173, 170], [173, 169], [173, 168], [173, 167], [173, 166], [173, 165], [173, 164], [173, 163], [174, 162], [175, 161], [176, 160], [177, 160], [178, 159], [178, 158], [177, 157], [176, 156], [175, 156]]], [[[110, 138], [110, 139], [111, 139], [112, 140], [112, 141], [113, 141], [114, 142], [114, 143], [115, 144], [116, 144], [117, 144], [118, 144], [119, 145], [120, 145], [121, 146], [122, 146], [123, 146], [124, 147], [125, 147], [126, 148], [127, 147], [128, 147], [129, 148], [130, 149], [131, 149], [132, 148], [131, 147], [130, 146], [129, 146], [128, 145], [127, 145], [126, 146], [125, 146], [124, 146], [123, 145], [122, 145], [121, 145], [120, 145], [119, 145], [118, 144], [117, 143], [116, 143], [115, 142], [115, 141], [114, 141], [113, 140], [112, 139], [111, 138]]]]","[[], 281, 277, 283]"
152,152,"[[[419, 107]], [[420, 108]], [[420, 109]], [[419, 110]], [[418, 110]], [[417, 110]], [[417, 111]], [[417, 112]], [[416, 113]], [[415, 114]], [[415, 115]], [[414, 116]], [[414, 117]], [[413, 118]], [[412, 119]], [[411, 120]], [[412, 121]], [[411, 122]], [[411, 123]], [[411, 124]], [[412, 125]], [[411, 126]], [[412, 126]], [[413, 126]], [[414, 127]], [[415, 126]], [[416, 127]], [[417, 126]], [[418, 125]], [[419, 125]], [[420, 125]], [[421, 124]], [[421, 123]], [[421, 122]], [[422, 121]], [[423, 120]], [[423, 119]], [[423, 118]], [[423, 117]], [[423, 116]], [[422, 115]], [[421, 115]], [[420, 114]], [[420, 113]], [[421, 112]], [[422, 112]], [[423, 113]], [[424, 113]], [[425, 114]], [[425, 113]], [[425, 112]], [[424, 112]], [[423, 112]], [[422, 111]], [[421, 110]], [[421, 109]], [[421, 108]], [[421, 107]], [[420, 107]]]","[[], [[[406, 120], [405, 121], [404, 121], [404, 122], [405, 123], [405, 124], [405, 125], [405, 126], [404, 127], [403, 127], [402, 127], [401, 128], [402, 129], [403, 129], [404, 129], [405, 130], [406, 130], [407, 131], [408, 131], [409, 131], [410, 132], [411, 132], [412, 132], [413, 133], [414, 133], [415, 133], [416, 134], [417, 135], [418, 136], [419, 137], [419, 138], [420, 138], [421, 137], [421, 136], [420, 135], [419, 135], [418, 134], [417, 133], [416, 133], [415, 132], [414, 132], [413, 131], [412, 130], [411, 129], [411, 128], [411, 127], [410, 126], [410, 125], [410, 124], [410, 123], [410, 122], [411, 121], [410, 121], [409, 121], [408, 121], [407, 121]]], [[[406, 120], [405, 121], [404, 121], [404, 122], [405, 123], [405, 124], [405, 125], [405, 126], [404, 127], [403, 127], [402, 127], [401, 128], [402, 129], [403, 129], [404, 129], [405, 130], [406, 130], [407, 131], [408, 131], [409, 131], [410, 132], [411, 132], [412, 132], [413, 133], [414, 133], [415, 133], [416, 134], [417, 135], [418, 136], [419, 137], [419, 138], [420, 138], [421, 137], [421, 136], [420, 135], [419, 135], [418, 134], [417, 133], [416, 133], [415, 132], [414, 132], [413, 131], [412, 130], [411, 129], [411, 128], [411, 127], [410, 126], [410, 125], [410, 124], [410, 123], [410, 122], [411, 121], [410, 121], [409, 121], [408, 121], [407, 121]], [[421, 113], [421, 114], [422, 114], [423, 115], [424, 116], [424, 117], [424, 118], [424, 119], [424, 120], [423, 121], [422, 122], [422, 123], [422, 124], [421, 125], [422, 126], [423, 126], [424, 125], [425, 125], [426, 125], [427, 125], [428, 126], [429, 127], [430, 127], [430, 126], [429, 125], [428, 124], [427, 124], [426, 123], [425, 122], [424, 121], [425, 120], [426, 120], [427, 121], [428, 122], [429, 122], [430, 122], [431, 123], [432, 124], [433, 124], [434, 125], [433, 124], [432, 123], [432, 122], [432, 121], [432, 120], [432, 119], [432, 118], [431, 118], [430, 118], [429, 119], [428, 118], [428, 117], [427, 117], [426, 117], [425, 116], [424, 115], [423, 114], [422, 113]]], [[[421, 113], [421, 114], [422, 114], [423, 115], [424, 116], [424, 117], [424, 118], [424, 119], [424, 120], [423, 121], [422, 122], [422, 123], [422, 124], [421, 125], [422, 126], [423, 126], [424, 125], [425, 125], [426, 125], [427, 125], [428, 126], [429, 127], [430, 127], [430, 126], [429, 125], [428, 124], [427, 124], [426, 123], [425, 122], [424, 121], [425, 120], [426, 120], [427, 121], [428, 122], [429, 122], [430, 122], [431, 123], [432, 124], [433, 124], [434, 125], [433, 124], [432, 123], [432, 122], [432, 121], [432, 120], [432, 119], [432, 118], [431, 118], [430, 118], [429, 119], [428, 118], [428, 117], [427, 117], [426, 117], [425, 116], [424, 115], [423, 114], [422, 113]]]]","[[], 284, 285, 286]"
153,153,"[[[574, 98]], [[573, 99]], [[573, 100]], [[572, 101]], [[571, 101]], [[570, 101]], [[569, 102]], [[568, 102]], [[567, 103]], [[566, 104]], [[565, 104]], [[564, 104]], [[565, 105]], [[564, 106]], [[564, 107]], [[563, 108]], [[563, 109]], [[562, 110]], [[561, 111]], [[561, 112]], [[561, 113]], [[561, 114]], [[561, 115]], [[561, 116]], [[561, 117]], [[562, 118]], [[562, 119]], [[561, 120]], [[560, 120]], [[559, 120]], [[558, 121]], [[557, 121]], [[557, 122]], [[556, 123]], [[555, 124]], [[554, 125]], [[553, 126]], [[552, 127]], [[551, 128]], [[550, 129]], [[549, 130]], [[548, 131]], [[547, 131]], [[546, 132]], [[545, 133]], [[544, 134]], [[543, 135]], [[542, 135]], [[541, 135]], [[540, 136]], [[539, 136]], [[538, 137]], [[537, 137]], [[536, 138]], [[535, 138]], [[534, 138]], [[533, 139]], [[532, 139]], [[531, 139]], [[530, 139]], [[529, 139]], [[528, 138]], [[527, 138]], [[526, 138]], [[525, 137]], [[524, 137]], [[523, 136]], [[522, 135]], [[522, 134]], [[521, 133]], [[521, 132]], [[520, 131]], [[520, 130]], [[519, 129]], [[519, 128]], [[519, 127]], [[518, 126]], [[517, 125]], [[516, 124]], [[515, 124]], [[514, 123]], [[513, 123]], [[512, 123]], [[511, 123]], [[510, 123]], [[509, 124]], [[508, 125]], [[507, 126]], [[506, 126]], [[505, 127]], [[504, 128]], [[503, 129]], [[503, 130]], [[502, 131]], [[502, 132]], [[501, 133]], [[501, 134]], [[500, 135]], [[499, 136]], [[499, 137]], [[498, 138]], [[498, 139]], [[498, 140]], [[498, 141]], [[497, 142]], [[496, 143]], [[496, 144]], [[496, 145]], [[495, 146]], [[494, 147]], [[494, 148]], [[494, 149]], [[493, 150]], [[493, 151]], [[494, 152]], [[494, 153]], [[495, 154]], [[496, 155]], [[497, 156]], [[498, 156]], [[499, 157]], [[500, 158]], [[501, 158]], [[502, 159]], [[502, 160]], [[501, 161]], [[500, 161]], [[499, 161]], [[498, 160]], [[497, 159]], [[496, 159]], [[495, 158]], [[494, 157]], [[493, 156]], [[492, 155]], [[491, 155]], [[490, 155]], [[489, 155]], [[488, 154]], [[487, 154]], [[486, 153]], [[485, 153]], [[484, 153]], [[483, 153]], [[482, 154]], [[481, 153]], [[480, 154]], [[479, 154]], [[478, 154]], [[477, 154]], [[476, 154]], [[475, 154]], [[474, 154]], [[473, 154]], [[472, 154]], [[471, 155]], [[470, 155]], [[469, 156]], [[468, 157]], [[467, 158]], [[466, 159]], [[465, 160]], [[465, 161]], [[464, 162]], [[463, 163]], [[462, 164]], [[461, 165]], [[460, 166]], [[459, 167]], [[458, 167]], [[457, 168]], [[456, 169]], [[455, 170]], [[455, 171]], [[454, 172]], [[453, 172]], [[452, 173]], [[451, 174]], [[450, 175]], [[449, 175]], [[448, 176]], [[447, 177]], [[446, 178]], [[445, 178]], [[444, 179]], [[443, 179]], [[442, 180]], [[441, 180]], [[440, 180]], [[439, 181]], [[438, 181]], [[437, 181]], [[436, 182]], [[435, 182]], [[434, 182]], [[433, 182]], [[432, 181]], [[433, 182]], [[432, 183]], [[431, 183]], [[431, 184]], [[431, 185]], [[431, 186]], [[431, 187]], [[431, 188]], [[431, 189]], [[430, 190]], [[430, 191]], [[431, 192]], [[432, 193]], [[432, 194]], [[433, 195]], [[433, 196]], [[434, 197]], [[435, 198]], [[435, 199]], [[436, 199]], [[437, 200]], [[438, 200]], [[439, 200]], [[440, 201]], [[441, 202]], [[442, 203]], [[443, 204]], [[443, 205]], [[444, 205]], [[445, 206]], [[446, 206]], [[447, 206]], [[448, 207]], [[449, 208]], [[449, 209]], [[450, 210]], [[451, 211]], [[451, 212]], [[452, 213]], [[453, 214]], [[454, 215]], [[455, 216]], [[456, 217]], [[457, 218]], [[458, 219]], [[458, 220]], [[459, 220]], [[460, 221]], [[461, 221]], [[462, 222]], [[463, 222]], [[464, 223]], [[465, 223]], [[466, 223]], [[467, 223]], [[468, 222]], [[469, 222]], [[470, 222]], [[471, 222]], [[472, 221]], [[473, 221]], [[474, 221]], [[475, 220]], [[476, 220]], [[477, 219]], [[478, 219]], [[479, 219]], [[480, 218]], [[481, 218]], [[482, 217]], [[483, 217]], [[484, 216]], [[485, 215]], [[486, 215]], [[486, 214]], [[487, 213]], [[488, 212]], [[489, 212]], [[490, 211]], [[491, 210]], [[492, 209]], [[493, 209]], [[494, 208]], [[495, 207]], [[496, 207]], [[497, 206]], [[497, 205]], [[498, 204]], [[498, 203]], [[499, 202]], [[500, 201]], [[501, 200]], [[501, 199]], [[502, 198]], [[503, 197]], [[503, 196]], [[504, 195]], [[504, 194]], [[505, 193]], [[505, 192]], [[506, 191]], [[506, 190]], [[506, 189]], [[506, 188]], [[507, 187]], [[507, 186]], [[507, 185]], [[507, 184]], [[507, 183]], [[507, 182]], [[507, 181]], [[508, 180]], [[509, 180]], [[510, 181]], [[510, 182]], [[510, 183]], [[511, 184]], [[512, 183]], [[513, 184]], [[514, 185]], [[515, 185]], [[516, 186]], [[517, 187]], [[518, 188]], [[519, 188]], [[520, 189]], [[521, 189]], [[522, 189]], [[523, 190]], [[524, 190]], [[525, 190]], [[526, 190]], [[527, 190]], [[528, 191]], [[528, 192]], [[529, 192]], [[530, 193]], [[531, 193]], [[532, 193]], [[533, 194]], [[534, 194]], [[535, 195]], [[536, 195]], [[537, 194]], [[538, 194]], [[539, 194]], [[540, 193]], [[541, 192]], [[541, 191]], [[542, 190]], [[542, 189]], [[542, 188]], [[543, 187]], [[543, 186]], [[544, 185]], [[545, 184]], [[546, 184]], [[547, 183]], [[548, 182]], [[549, 181]], [[550, 180]], [[551, 180]], [[552, 179]], [[553, 178]], [[554, 177]], [[555, 176]], [[556, 176]], [[557, 175]], [[558, 174]], [[559, 173]], [[560, 172]], [[560, 171]], [[561, 170]], [[562, 169]], [[563, 168]], [[564, 168]], [[563, 167]], [[563, 166]], [[564, 165]], [[564, 164]], [[565, 163]], [[566, 162]], [[567, 162]], [[568, 161]], [[569, 161]], [[570, 160]], [[570, 159]], [[571, 158]], [[571, 157]], [[571, 156]], [[572, 155]], [[572, 154]], [[572, 153]], [[572, 152]], [[572, 151]], [[572, 150]], [[571, 149]], [[571, 148]], [[571, 147]], [[572, 146]], [[572, 145]], [[572, 144]], [[572, 143]], [[572, 142]], [[572, 141]], [[571, 140]], [[570, 139]], [[570, 138]], [[570, 137]], [[569, 136]], [[569, 135]], [[568, 134]], [[567, 133]], [[567, 132]], [[566, 131]], [[566, 130]], [[565, 129]], [[565, 128]], [[565, 127]], [[565, 126]], [[566, 125]], [[567, 125]], [[568, 124]], [[569, 123]], [[570, 123]], [[571, 123]], [[572, 122]], [[572, 121]], [[573, 120]], [[574, 119]], [[574, 118]], [[575, 117]], [[576, 117]], [[576, 116]], [[576, 115]], [[576, 114]], [[576, 113]], [[576, 112]], [[577, 111]], [[577, 110]], [[578, 109]], [[579, 108]], [[579, 107]], [[579, 106]], [[579, 105]], [[580, 104]], [[581, 103]], [[582, 102]], [[582, 101]], [[582, 100]], [[582, 99]], [[581, 100]], [[580, 99]], [[579, 99]], [[578, 99]], [[577, 98]], [[576, 98]], [[575, 98]]]","[[], [[[488, 146], [488, 147], [489, 147], [490, 148], [491, 149], [491, 150], [491, 151], [490, 152], [489, 151], [488, 150], [487, 150], [487, 151], [488, 152], [488, 153], [489, 154], [490, 154], [491, 154], [492, 154], [493, 155], [494, 156], [495, 157], [496, 158], [497, 158], [498, 159], [499, 160], [500, 160], [501, 160], [501, 159], [500, 159], [499, 158], [498, 157], [497, 157], [496, 156], [495, 155], [494, 154], [493, 153], [493, 152], [492, 151], [492, 150], [492, 149], [492, 148], [491, 147], [491, 146], [490, 146], [489, 146]]], [[[440, 168], [439, 169], [439, 170], [438, 171], [437, 171], [437, 172], [436, 173], [435, 174], [434, 174], [433, 174], [433, 175], [434, 176], [434, 177], [433, 178], [432, 178], [431, 179], [430, 179], [429, 179], [428, 179], [428, 180], [429, 181], [430, 182], [431, 182], [431, 181], [432, 180], [433, 179], [434, 178], [434, 177], [435, 176], [436, 175], [437, 174], [438, 173], [439, 172], [440, 172], [441, 172], [442, 171], [441, 170], [442, 169], [442, 168], [441, 168]]], [[[508, 182], [508, 183], [508, 184], [508, 185], [508, 186], [508, 187], [509, 186], [510, 186], [511, 186], [512, 186], [513, 187], [514, 188], [515, 189], [516, 190], [517, 190], [518, 191], [519, 191], [520, 191], [521, 191], [522, 190], [521, 190], [520, 190], [519, 189], [518, 189], [517, 188], [516, 188], [515, 188], [514, 187], [513, 187], [512, 186], [511, 185], [510, 184], [509, 183]]], [[[580, 105], [580, 106], [580, 107], [580, 108], [580, 109], [581, 109], [582, 109], [583, 110], [583, 111], [582, 112], [583, 113], [584, 112], [585, 111], [586, 111], [587, 110], [587, 109], [587, 108], [588, 107], [589, 107], [590, 107], [591, 107], [592, 107], [593, 106], [594, 107], [595, 107], [595, 106], [594, 105], [593, 106], [592, 106], [591, 105], [590, 105], [589, 105], [589, 106], [588, 107], [587, 107], [586, 107], [585, 107], [584, 107], [583, 108], [582, 107], [582, 106], [582, 105], [581, 105]]], [[[571, 91], [572, 92], [573, 93], [573, 94], [574, 94], [575, 95], [576, 96], [577, 97], [578, 98], [579, 98], [580, 98], [581, 99], [581, 98], [581, 97], [580, 97], [579, 96], [579, 95], [579, 94], [579, 93], [579, 92], [578, 92], [577, 91], [576, 91], [575, 91], [574, 91], [573, 91], [572, 91]]]]","[[], 287, 288, 289, 290, 291]"
154,154,"[[[281, 91]], [[280, 92]], [[279, 93]], [[278, 93]], [[278, 94]], [[277, 95]], [[276, 95]], [[275, 95]], [[274, 94]], [[273, 94]], [[272, 95]], [[271, 96]], [[271, 97]], [[270, 98]], [[269, 98]], [[268, 99]], [[267, 100]], [[266, 100]], [[266, 101]], [[266, 102]], [[266, 103]], [[265, 104]], [[265, 105]], [[264, 106]], [[264, 107]], [[263, 108]], [[262, 109]], [[261, 109]], [[261, 110]], [[260, 111]], [[259, 111]], [[259, 112]], [[259, 113]], [[259, 114]], [[259, 115]], [[259, 116]], [[258, 117]], [[259, 118]], [[259, 119]], [[259, 120]], [[260, 121]], [[260, 122]], [[260, 123]], [[260, 124]], [[260, 125]], [[261, 126]], [[261, 127]], [[261, 128]], [[262, 129]], [[262, 130]], [[263, 131]], [[264, 131]], [[265, 132]], [[266, 133]], [[267, 134]], [[268, 134]], [[269, 134]], [[270, 134]], [[271, 135]], [[272, 135]], [[273, 135]], [[274, 135]], [[275, 135]], [[276, 136]], [[277, 136]], [[278, 137]], [[279, 138]], [[279, 139]], [[279, 140]], [[279, 141]], [[279, 142]], [[279, 143]], [[279, 144]], [[279, 145]], [[278, 146]], [[279, 147]], [[280, 148]], [[280, 149]], [[280, 150]], [[281, 151]], [[281, 152]], [[281, 153]], [[282, 154]], [[282, 155]], [[282, 156]], [[282, 157]], [[283, 158]], [[283, 159]], [[283, 160]], [[284, 161]], [[284, 162]], [[284, 163]], [[284, 164]], [[284, 165]], [[284, 166]], [[285, 167]], [[286, 168]], [[286, 169]], [[287, 170]], [[288, 170]], [[289, 171]], [[290, 171]], [[291, 171]], [[292, 172]], [[293, 173]], [[294, 174]], [[295, 174]], [[296, 175]], [[297, 175]], [[298, 176]], [[299, 176]], [[300, 176]], [[301, 176]], [[302, 176]], [[303, 176]], [[304, 175]], [[305, 175]], [[306, 175]], [[307, 175]], [[308, 174]], [[309, 174]], [[310, 174]], [[311, 174]], [[312, 174]], [[313, 174]], [[314, 174]], [[315, 174]], [[316, 174]], [[317, 174]], [[318, 174]], [[319, 174]], [[320, 173]], [[321, 173]], [[322, 173]], [[323, 172]], [[324, 171]], [[325, 170]], [[326, 169]], [[327, 168]], [[328, 168]], [[329, 167]], [[330, 166]], [[331, 165]], [[331, 164]], [[331, 163]], [[331, 162]], [[331, 161]], [[332, 160]], [[332, 159]], [[331, 158]], [[331, 157]], [[330, 156]], [[329, 155]], [[329, 154]], [[329, 153]], [[328, 152]], [[328, 151]], [[328, 150]], [[328, 149]], [[328, 148]], [[328, 147]], [[327, 146]], [[327, 145]], [[327, 144]], [[326, 143]], [[327, 142]], [[326, 141]], [[326, 140]], [[325, 139]], [[325, 138]], [[324, 137]], [[324, 136]], [[324, 135]], [[323, 134]], [[323, 133]], [[323, 132]], [[322, 131]], [[322, 130]], [[321, 129]], [[321, 128]], [[321, 127]], [[321, 126]], [[320, 125]], [[320, 124]], [[320, 123]], [[320, 122]], [[319, 121]], [[319, 120]], [[320, 119]], [[320, 118]], [[320, 117]], [[319, 117]], [[318, 116]], [[318, 115]], [[318, 114]], [[318, 113]], [[318, 112]], [[318, 111]], [[318, 110]], [[318, 109]], [[317, 108]], [[316, 107]], [[315, 106]], [[315, 105]], [[315, 104]], [[315, 103]], [[314, 102]], [[313, 101]], [[313, 100]], [[312, 99]], [[311, 98]], [[310, 97]], [[309, 96]], [[308, 96]], [[307, 95]], [[306, 95]], [[305, 95]], [[304, 95]], [[303, 96]], [[302, 96]], [[301, 96]], [[300, 97]], [[299, 97]], [[299, 98]], [[298, 99]], [[297, 100]], [[296, 101]], [[295, 102]], [[294, 103]], [[293, 104]], [[292, 105]], [[291, 105]], [[290, 105]], [[289, 104]], [[288, 103]], [[287, 102]], [[286, 101]], [[286, 100]], [[285, 99]], [[284, 98]], [[284, 97]], [[284, 96]], [[284, 95]], [[284, 94]], [[284, 93]], [[284, 92]], [[283, 91]], [[282, 91]]]","[[[[256, 117], [256, 118], [255, 119], [254, 120], [254, 121], [255, 122], [256, 122], [257, 121], [258, 122], [258, 123], [257, 124], [257, 125], [256, 126], [257, 127], [258, 127], [259, 127], [260, 127], [260, 126], [259, 125], [259, 124], [259, 123], [259, 122], [259, 121], [258, 120], [258, 119], [258, 118], [257, 117]]], [], [[[261, 153], [260, 154], [259, 154], [260, 154], [261, 154], [262, 154], [263, 154], [264, 155], [265, 156], [266, 157], [266, 158], [266, 159], [266, 160], [267, 160], [268, 161], [269, 162], [270, 163], [271, 163], [272, 164], [272, 165], [271, 166], [270, 167], [270, 168], [270, 169], [271, 170], [272, 170], [273, 171], [273, 170], [273, 169], [272, 168], [272, 167], [273, 166], [274, 166], [275, 167], [276, 167], [276, 166], [277, 165], [278, 166], [279, 166], [280, 167], [281, 168], [281, 169], [281, 170], [282, 170], [282, 169], [282, 168], [282, 167], [282, 166], [281, 165], [280, 165], [279, 164], [278, 164], [277, 165], [276, 166], [275, 165], [275, 164], [274, 164], [273, 163], [272, 162], [273, 161], [274, 160], [274, 159], [274, 158], [273, 158], [272, 158], [271, 157], [270, 156], [269, 155], [269, 154], [268, 154], [267, 154], [266, 154], [265, 154], [264, 153], [263, 153], [262, 153]]]]","[292, [], 293]"
155,155,"[[[360, 88]], [[359, 89]], [[358, 89]], [[357, 90]], [[356, 90]], [[355, 91]], [[354, 91]], [[353, 92]], [[352, 93]], [[353, 94]], [[353, 95]], [[353, 96]], [[353, 97]], [[353, 98]], [[353, 99]], [[353, 100]], [[354, 101]], [[355, 102]], [[356, 103]], [[356, 104]], [[357, 104]], [[358, 104]], [[359, 105]], [[360, 104]], [[361, 104]], [[362, 104]], [[363, 103]], [[364, 103]], [[365, 103]], [[365, 102]], [[365, 101]], [[365, 100]], [[365, 99]], [[366, 98]], [[366, 97]], [[366, 96]], [[366, 95]], [[366, 94]], [[365, 93]], [[365, 92]], [[365, 91]], [[364, 90]], [[363, 89]], [[362, 88]], [[361, 88]]]","[[], [[[369, 90], [368, 91], [367, 91], [366, 92], [366, 93], [367, 94], [367, 95], [367, 96], [367, 97], [367, 98], [367, 99], [367, 100], [368, 100], [369, 101], [370, 100], [371, 100], [372, 99], [372, 98], [372, 97], [373, 96], [373, 95], [373, 94], [372, 93], [371, 92], [371, 91], [371, 90], [370, 90]]]]","[[], 294]"
156,156,"[[[476, 84]], [[475, 85]], [[474, 86]], [[474, 87]], [[473, 88]], [[473, 89]], [[472, 90]], [[472, 91]], [[472, 92]], [[471, 93]], [[471, 94]], [[471, 95]], [[470, 96]], [[469, 97]], [[468, 98]], [[468, 99]], [[468, 100]], [[468, 101]], [[469, 102]], [[470, 103]], [[471, 103]], [[472, 103]], [[473, 104]], [[474, 104]], [[475, 104]], [[476, 104]], [[477, 105]], [[478, 105]], [[479, 105]], [[480, 105]], [[481, 105]], [[482, 105]], [[483, 105]], [[484, 105]], [[485, 104]], [[486, 103]], [[486, 102]], [[487, 101]], [[487, 100]], [[487, 99]], [[488, 98]], [[489, 98]], [[490, 97]], [[491, 97]], [[492, 96]], [[493, 96]], [[494, 95]], [[495, 94]], [[495, 93]], [[496, 92]], [[495, 91]], [[495, 90]], [[494, 89]], [[493, 88]], [[493, 87]], [[492, 87]], [[491, 87]], [[490, 87]], [[489, 86]], [[488, 86]], [[487, 86]], [[486, 86]], [[485, 86]], [[484, 85]], [[483, 84]], [[482, 84]], [[481, 84]], [[480, 84]], [[479, 84]], [[478, 84]], [[477, 84]]]",[[]],[]
157,157,"[[[377, 81]], [[376, 82]], [[375, 82]], [[374, 83]], [[374, 84]], [[374, 85]], [[373, 86]], [[373, 87]], [[372, 88]], [[372, 89]], [[372, 90]], [[372, 91]], [[372, 92]], [[373, 93]], [[374, 94]], [[374, 95]], [[374, 96]], [[374, 97]], [[374, 98]], [[375, 98]], [[376, 98]], [[377, 99]], [[378, 98]], [[379, 99]], [[380, 99]], [[381, 100]], [[381, 101]], [[381, 102]], [[380, 103]], [[381, 104]], [[382, 104]], [[383, 105]], [[383, 106]], [[383, 107]], [[383, 108]], [[384, 109]], [[385, 109]], [[386, 109]], [[387, 110]], [[387, 111]], [[388, 112]], [[388, 113]], [[389, 113]], [[390, 114]], [[391, 115]], [[391, 116]], [[391, 117]], [[390, 118]], [[390, 119]], [[390, 120]], [[391, 120]], [[392, 120]], [[393, 121]], [[394, 122]], [[393, 123]], [[392, 123]], [[391, 123]], [[390, 123]], [[389, 122]], [[388, 122]], [[387, 121]], [[386, 122]], [[385, 121]], [[384, 121]], [[383, 121]], [[382, 120]], [[381, 120]], [[380, 119]], [[379, 119]], [[378, 118]], [[377, 119]], [[376, 119]], [[375, 119]], [[374, 119]], [[373, 120]], [[372, 120]], [[371, 121]], [[371, 122]], [[370, 123]], [[369, 124]], [[368, 125]], [[368, 126]], [[368, 127]], [[367, 128]], [[367, 129]], [[367, 130]], [[367, 131]], [[366, 132]], [[366, 133]], [[366, 134]], [[366, 135]], [[367, 135]], [[368, 136]], [[368, 137]], [[368, 138]], [[369, 139]], [[369, 140]], [[369, 141]], [[370, 142]], [[371, 143]], [[371, 144]], [[371, 145]], [[372, 146]], [[373, 147]], [[374, 148]], [[375, 149]], [[375, 150]], [[376, 151]], [[377, 152]], [[378, 153]], [[379, 154]], [[380, 154]], [[381, 154]], [[382, 155]], [[382, 156]], [[382, 157]], [[382, 158]], [[382, 159]], [[382, 160]], [[383, 161]], [[383, 162]], [[383, 163]], [[382, 164]], [[381, 164]], [[381, 165]], [[382, 166]], [[382, 167]], [[382, 166]], [[383, 165]], [[384, 165]], [[385, 165]], [[386, 166]], [[386, 167]], [[387, 167]], [[388, 168]], [[389, 169]], [[390, 169]], [[391, 169]], [[392, 169]], [[393, 169]], [[394, 168]], [[395, 168]], [[396, 168]], [[397, 168]], [[398, 169]], [[399, 169]], [[400, 169]], [[400, 168]], [[401, 167]], [[402, 166]], [[402, 165]], [[402, 164]], [[403, 163]], [[403, 162]], [[403, 161]], [[404, 160]], [[405, 159]], [[406, 158]], [[407, 157]], [[408, 156]], [[409, 156]], [[410, 155]], [[411, 154]], [[412, 153]], [[413, 152]], [[413, 151]], [[414, 150]], [[415, 149]], [[416, 148]], [[416, 147]], [[417, 146]], [[417, 145]], [[418, 144]], [[419, 143]], [[420, 143]], [[421, 143]], [[421, 142]], [[421, 141]], [[421, 140]], [[421, 139]], [[421, 138]], [[420, 139]], [[419, 139]], [[418, 138]], [[418, 137]], [[417, 136]], [[416, 135]], [[415, 134]], [[414, 134]], [[413, 134]], [[412, 133]], [[411, 133]], [[410, 133]], [[409, 132]], [[408, 132]], [[407, 132]], [[406, 131]], [[405, 131]], [[404, 130]], [[403, 130]], [[402, 130]], [[401, 129]], [[400, 128]], [[400, 127]], [[401, 126]], [[402, 126]], [[402, 125]], [[403, 124]], [[403, 123]], [[402, 122]], [[401, 122]], [[400, 122]], [[399, 122]], [[398, 123]], [[397, 123]], [[396, 123]], [[395, 122]], [[395, 121]], [[396, 120]], [[397, 119]], [[397, 118]], [[397, 117]], [[396, 116]], [[395, 116]], [[394, 115]], [[393, 115]], [[392, 114]], [[393, 113]], [[394, 112]], [[394, 111]], [[395, 110]], [[396, 109]], [[397, 109]], [[398, 109]], [[399, 109]], [[398, 109]], [[397, 109]], [[396, 108]], [[397, 107]], [[398, 106]], [[398, 105]], [[399, 104]], [[400, 103]], [[401, 102]], [[400, 102]], [[399, 101]], [[399, 100]], [[400, 99]], [[399, 98]], [[399, 97]], [[399, 96]], [[399, 95]], [[399, 94]], [[398, 93]], [[397, 92]], [[396, 92]], [[395, 92]], [[394, 91]], [[393, 90]], [[392, 89]], [[391, 88]], [[390, 87]], [[390, 86]], [[391, 85]], [[390, 85]], [[389, 85]], [[388, 85]], [[387, 84]], [[386, 83]], [[385, 83]], [[384, 83]], [[383, 82]], [[382, 82]], [[381, 82]], [[380, 82]], [[379, 82]], [[378, 81]]]","[[[[384, 61], [384, 62], [385, 63], [386, 64], [387, 65], [388, 66], [388, 67], [389, 68], [389, 69], [389, 70], [389, 71], [390, 72], [391, 73], [392, 74], [393, 75], [393, 76], [393, 77], [393, 78], [392, 79], [391, 79], [390, 79], [389, 79], [388, 80], [387, 81], [386, 81], [385, 80], [384, 80], [383, 79], [382, 78], [382, 77], [381, 76], [380, 76], [379, 77], [379, 78], [378, 79], [377, 80], [376, 80], [377, 80], [378, 80], [379, 81], [380, 81], [381, 81], [382, 81], [383, 81], [384, 82], [385, 82], [386, 82], [387, 83], [388, 84], [389, 84], [390, 84], [391, 84], [392, 84], [392, 83], [392, 82], [391, 81], [390, 80], [391, 79], [392, 79], [393, 79], [394, 80], [394, 81], [394, 82], [394, 83], [395, 83], [396, 82], [397, 82], [398, 83], [398, 84], [398, 83], [398, 82], [398, 81], [398, 80], [397, 79], [396, 78], [395, 77], [394, 76], [394, 75], [393, 74], [392, 73], [392, 72], [391, 71], [391, 70], [391, 69], [392, 68], [392, 67], [392, 66], [393, 65], [394, 65], [395, 64], [394, 64], [393, 64], [392, 63], [391, 62], [390, 62], [389, 61], [388, 61], [387, 61], [386, 62], [385, 61]]], [[[369, 90], [368, 91], [367, 91], [366, 92], [366, 93], [367, 94], [367, 95], [367, 96], [367, 97], [367, 98], [367, 99], [367, 100], [368, 100], [369, 101], [370, 100], [371, 100], [372, 99], [372, 98], [372, 97], [373, 96], [373, 95], [373, 94], [372, 93], [371, 92], [371, 91], [371, 90], [370, 90]]], [[[374, 99], [374, 100], [374, 101], [375, 102], [375, 103], [376, 103], [377, 104], [378, 105], [379, 105], [380, 106], [381, 107], [380, 108], [379, 108], [378, 108], [379, 109], [380, 110], [381, 111], [381, 112], [381, 113], [382, 114], [383, 114], [384, 113], [385, 113], [386, 113], [387, 113], [388, 114], [387, 113], [387, 112], [386, 111], [386, 110], [385, 110], [384, 110], [383, 110], [382, 109], [381, 108], [381, 107], [382, 106], [382, 105], [381, 105], [380, 105], [379, 104], [379, 103], [380, 102], [380, 101], [380, 100], [379, 100], [378, 99], [377, 100], [376, 100], [375, 100]]], [], [[[351, 108], [350, 109], [349, 109], [350, 110], [351, 111], [352, 112], [352, 113], [353, 114], [353, 115], [354, 116], [353, 117], [353, 118], [353, 119], [354, 119], [355, 119], [356, 118], [357, 117], [358, 116], [359, 116], [360, 116], [361, 116], [362, 116], [363, 117], [364, 117], [365, 118], [365, 119], [364, 120], [363, 120], [363, 121], [364, 122], [364, 123], [365, 123], [365, 122], [365, 121], [366, 120], [367, 119], [368, 118], [369, 119], [369, 120], [369, 121], [369, 122], [370, 121], [371, 120], [372, 119], [373, 119], [374, 118], [375, 118], [376, 117], [377, 117], [378, 117], [378, 116], [379, 115], [379, 114], [378, 113], [377, 113], [376, 113], [375, 113], [374, 113], [375, 113], [376, 114], [376, 115], [375, 116], [375, 117], [374, 118], [373, 118], [372, 118], [371, 118], [370, 117], [369, 116], [368, 116], [367, 116], [366, 115], [365, 114], [365, 113], [366, 112], [365, 111], [364, 112], [364, 113], [364, 114], [363, 115], [362, 116], [361, 115], [360, 115], [359, 115], [358, 114], [357, 113], [356, 112], [355, 111], [355, 110], [354, 109], [353, 108], [352, 108]]], [[[366, 136], [365, 137], [364, 138], [363, 138], [363, 139], [363, 140], [364, 140], [365, 141], [366, 141], [367, 142], [367, 143], [368, 144], [369, 144], [370, 145], [370, 146], [369, 147], [368, 148], [369, 149], [370, 150], [370, 151], [371, 151], [372, 152], [373, 153], [374, 154], [374, 155], [375, 156], [375, 157], [374, 158], [373, 158], [372, 158], [371, 158], [371, 159], [370, 160], [369, 160], [368, 160], [367, 160], [366, 161], [365, 162], [366, 162], [367, 161], [368, 161], [369, 162], [370, 163], [370, 164], [371, 165], [372, 166], [372, 167], [373, 167], [373, 166], [374, 165], [375, 165], [376, 166], [377, 166], [378, 166], [379, 167], [379, 168], [380, 169], [380, 170], [381, 171], [381, 172], [382, 172], [382, 171], [382, 170], [382, 169], [382, 168], [381, 167], [380, 166], [380, 165], [379, 164], [379, 163], [378, 162], [378, 161], [377, 161], [377, 162], [376, 163], [375, 162], [374, 161], [374, 160], [375, 159], [376, 158], [377, 158], [378, 159], [379, 159], [380, 159], [381, 159], [381, 158], [381, 157], [381, 156], [381, 155], [380, 155], [379, 155], [378, 154], [377, 153], [376, 152], [375, 151], [374, 150], [374, 149], [373, 148], [372, 147], [371, 146], [370, 145], [370, 144], [370, 143], [369, 142], [368, 141], [368, 140], [368, 139], [367, 138], [367, 137], [367, 136]]], [[[386, 168], [386, 169], [386, 170], [387, 171], [387, 172], [388, 173], [388, 174], [388, 175], [388, 176], [388, 177], [388, 178], [388, 179], [388, 180], [388, 181], [389, 181], [390, 181], [391, 182], [391, 183], [391, 184], [391, 185], [390, 186], [389, 187], [390, 187], [391, 187], [392, 187], [393, 186], [393, 185], [393, 184], [393, 183], [392, 182], [391, 182], [390, 181], [389, 180], [389, 179], [390, 178], [391, 178], [392, 178], [393, 178], [394, 179], [395, 180], [396, 181], [397, 182], [398, 183], [399, 183], [400, 183], [401, 184], [402, 184], [403, 184], [404, 185], [405, 184], [404, 183], [403, 183], [402, 183], [401, 183], [400, 183], [399, 182], [398, 181], [397, 180], [396, 179], [395, 179], [394, 178], [393, 177], [392, 176], [391, 175], [390, 174], [389, 173], [389, 172], [390, 171], [390, 170], [389, 170], [388, 169], [387, 168]]], [[[406, 120], [405, 121], [404, 121], [404, 122], [405, 123], [405, 124], [405, 125], [405, 126], [404, 127], [403, 127], [402, 127], [401, 128], [402, 129], [403, 129], [404, 129], [405, 130], [406, 130], [407, 131], [408, 131], [409, 131], [410, 132], [411, 132], [412, 132], [413, 133], [414, 133], [415, 133], [416, 134], [417, 135], [418, 136], [419, 137], [419, 138], [420, 138], [421, 137], [421, 136], [420, 135], [419, 135], [418, 134], [417, 133], [416, 133], [415, 132], [414, 132], [413, 131], [412, 130], [411, 129], [411, 128], [411, 127], [410, 126], [410, 125], [410, 124], [410, 123], [410, 122], [411, 121], [410, 121], [409, 121], [408, 121], [407, 121]]]]","[295, 294, 297, [], 298, 276, 300, 284]"
158,158,"[[[791, 80]], [[790, 81]], [[789, 81]], [[788, 81]], [[787, 81]], [[786, 81]], [[785, 81]], [[784, 81]], [[783, 81]], [[782, 81]], [[781, 82]], [[780, 82]], [[779, 82]], [[778, 82]], [[777, 82]], [[776, 82]], [[775, 82]], [[774, 82]], [[773, 82]], [[772, 82]], [[771, 83]], [[770, 84]], [[769, 84]], [[768, 85]], [[767, 86]], [[766, 87]], [[766, 88]], [[765, 89]], [[765, 90]], [[765, 91]], [[765, 92]], [[764, 93]], [[764, 94]], [[765, 95]], [[766, 95]], [[767, 96]], [[767, 97]], [[767, 98]], [[767, 99]], [[767, 100]], [[767, 101]], [[768, 102]], [[769, 103]], [[768, 104]], [[769, 105]], [[770, 106]], [[770, 107]], [[771, 108]], [[771, 109]], [[772, 110]], [[772, 111]], [[772, 112]], [[772, 113]], [[772, 114]], [[773, 115]], [[773, 116]], [[773, 117]], [[774, 118]], [[774, 119]], [[774, 120]], [[775, 121]], [[775, 122]], [[775, 123]], [[775, 124]], [[776, 125]], [[777, 125]], [[778, 126]], [[779, 126]], [[780, 126]], [[781, 126]], [[782, 125]], [[783, 125]], [[784, 124]], [[785, 124]], [[786, 124]], [[787, 124]], [[788, 125]], [[789, 126]], [[790, 127]], [[791, 127]], [[792, 127]], [[793, 128]], [[794, 128]], [[795, 128]], [[796, 127]], [[797, 127]], [[798, 126]], [[799, 125]], [[800, 124]], [[801, 124]], [[802, 123]], [[802, 122]], [[803, 121]], [[804, 120]], [[805, 119]], [[805, 118]], [[805, 117]], [[806, 116]], [[806, 115]], [[806, 114]], [[806, 113]], [[805, 112]], [[805, 111]], [[805, 110]], [[804, 109]], [[803, 109]], [[802, 109]], [[801, 108]], [[801, 107]], [[801, 106]], [[802, 105]], [[803, 105]], [[804, 105]], [[805, 105]], [[805, 104]], [[806, 103]], [[806, 102]], [[807, 101]], [[806, 100]], [[805, 99]], [[804, 98]], [[803, 99]], [[803, 100]], [[802, 101]], [[801, 100]], [[801, 99]], [[801, 98]], [[801, 97]], [[802, 96]], [[801, 95]], [[801, 94]], [[801, 93]], [[801, 92]], [[801, 91]], [[800, 90]], [[800, 89]], [[799, 88]], [[799, 87]], [[798, 86]], [[798, 85]], [[797, 84]], [[797, 83]], [[796, 82]], [[795, 81]], [[794, 81]], [[793, 81]], [[792, 80]]]",[[]],[]
159,159,"[[[257, 77]], [[256, 78]], [[255, 79]], [[255, 80]], [[255, 81]], [[255, 82]], [[254, 83]], [[254, 84]], [[254, 85]], [[254, 86]], [[253, 87]], [[253, 88]], [[253, 89]], [[253, 90]], [[254, 91]], [[254, 92]], [[254, 93]], [[254, 94]], [[253, 95]], [[253, 96]], [[254, 96]], [[255, 97]], [[256, 96]], [[257, 96]], [[258, 96]], [[259, 96]], [[260, 95]], [[260, 94]], [[260, 93]], [[261, 92]], [[262, 92]], [[263, 92]], [[264, 93]], [[265, 93]], [[266, 92]], [[267, 92]], [[268, 92]], [[268, 91]], [[269, 90]], [[270, 89]], [[270, 88]], [[270, 87]], [[270, 86]], [[270, 85]], [[269, 84]], [[269, 83]], [[268, 82]], [[267, 81]], [[266, 80]], [[266, 79]], [[265, 78]], [[264, 78]], [[263, 77]], [[262, 77]], [[261, 77]], [[260, 77]], [[259, 78]], [[258, 77]]]",[[]],[]
160,160,"[[[498, 55]], [[497, 56]], [[496, 57]], [[495, 57]], [[494, 58]], [[493, 59]], [[492, 59]], [[492, 60]], [[491, 61]], [[492, 62]], [[492, 63]], [[493, 63]], [[494, 64]], [[495, 64]], [[496, 65]], [[497, 65]], [[498, 65]], [[499, 65]], [[500, 65]], [[501, 65]], [[502, 66]], [[503, 66]], [[504, 66]], [[505, 66]], [[506, 65]], [[506, 64]], [[506, 63]], [[505, 62]], [[505, 61]], [[504, 60]], [[504, 59]], [[503, 58]], [[502, 57]], [[502, 56]], [[501, 56]], [[500, 55]], [[499, 55]]]",[[]],[]
161,161,"[[[700, 52]], [[699, 53]], [[698, 53]], [[697, 54]], [[696, 55]], [[696, 56]], [[695, 57]], [[694, 56]], [[693, 56]], [[692, 56]], [[692, 57]], [[692, 58]], [[693, 58]], [[694, 59]], [[694, 60]], [[693, 61]], [[692, 62]], [[691, 63]], [[690, 63]], [[689, 63]], [[688, 62]], [[687, 62]], [[686, 62]], [[685, 62]], [[684, 61]], [[683, 61]], [[682, 61]], [[681, 61]], [[680, 62]], [[679, 62]], [[678, 63]], [[677, 63]], [[676, 64]], [[675, 64]], [[674, 65]], [[673, 66]], [[673, 67]], [[672, 68]], [[671, 69]], [[670, 70]], [[669, 71]], [[668, 71]], [[667, 72]], [[666, 72]], [[665, 72]], [[664, 72]], [[663, 73]], [[662, 73]], [[661, 73]], [[660, 74]], [[659, 74]], [[658, 75]], [[658, 76]], [[658, 77]], [[657, 78]], [[658, 79]], [[657, 80]], [[656, 80]], [[657, 81]], [[658, 82]], [[658, 83]], [[659, 84]], [[660, 85]], [[661, 86]], [[662, 87]], [[662, 88]], [[662, 89]], [[661, 90]], [[660, 90]], [[659, 90]], [[658, 90]], [[657, 90]], [[656, 90]], [[655, 90]], [[655, 91]], [[655, 92]], [[655, 93]], [[654, 94]], [[654, 95]], [[654, 96]], [[654, 97]], [[654, 98]], [[654, 99]], [[654, 100]], [[654, 101]], [[655, 102]], [[655, 103]], [[655, 104]], [[655, 105]], [[655, 106]], [[654, 107]], [[653, 108]], [[652, 109]], [[651, 109]], [[650, 109]], [[649, 108]], [[648, 108]], [[647, 107]], [[646, 107]], [[645, 106]], [[644, 105]], [[644, 104]], [[643, 103]], [[643, 102]], [[642, 102]], [[641, 102]], [[640, 102]], [[639, 102]], [[638, 102]], [[637, 102]], [[636, 102]], [[635, 102]], [[634, 102]], [[633, 102]], [[632, 102]], [[631, 103]], [[630, 104]], [[629, 105]], [[628, 106]], [[628, 107]], [[627, 108]], [[626, 109]], [[626, 110]], [[626, 111]], [[626, 112]], [[626, 113]], [[627, 114]], [[627, 115]], [[627, 116]], [[628, 117]], [[629, 117]], [[630, 117]], [[631, 118]], [[632, 119]], [[633, 119]], [[634, 118]], [[635, 118]], [[636, 118]], [[637, 119]], [[638, 120]], [[639, 121]], [[639, 122]], [[639, 123]], [[639, 124]], [[638, 125]], [[638, 126]], [[637, 127]], [[636, 128]], [[637, 127]], [[638, 128]], [[638, 129]], [[639, 130]], [[640, 130]], [[641, 131]], [[642, 131]], [[643, 131]], [[644, 131]], [[645, 131]], [[646, 131]], [[647, 131]], [[648, 131]], [[649, 131]], [[650, 131]], [[651, 131]], [[652, 131]], [[653, 132]], [[654, 133]], [[655, 134]], [[655, 135]], [[656, 136]], [[656, 137]], [[657, 138]], [[658, 139]], [[659, 138]], [[660, 138]], [[661, 138]], [[662, 138]], [[663, 138]], [[664, 138]], [[665, 137]], [[666, 136]], [[667, 136]], [[668, 136]], [[669, 136]], [[670, 135]], [[671, 135]], [[672, 134]], [[673, 133]], [[674, 133]], [[675, 133]], [[676, 133]], [[677, 134]], [[678, 134]], [[679, 134]], [[680, 134]], [[681, 134]], [[682, 133]], [[683, 133]], [[684, 132]], [[685, 132]], [[686, 131]], [[687, 131]], [[688, 130]], [[688, 129]], [[689, 128]], [[690, 127]], [[690, 126]], [[690, 125]], [[691, 124]], [[692, 124]], [[693, 123]], [[694, 124]], [[695, 125]], [[696, 126]], [[697, 126]], [[698, 126]], [[699, 126]], [[700, 127]], [[701, 128]], [[701, 129]], [[701, 130]], [[702, 131]], [[703, 132]], [[704, 132]], [[705, 132]], [[706, 132]], [[707, 132]], [[708, 132]], [[709, 132]], [[710, 132]], [[711, 132]], [[712, 132]], [[713, 132]], [[714, 131]], [[715, 130]], [[716, 130]], [[717, 131]], [[717, 132]], [[717, 133]], [[716, 134]], [[715, 135]], [[714, 136]], [[714, 137]], [[713, 138]], [[713, 139]], [[712, 140]], [[711, 140]], [[710, 140]], [[710, 141]], [[710, 142]], [[710, 143]], [[710, 144]], [[709, 145]], [[710, 146]], [[710, 147]], [[711, 148]], [[712, 149]], [[712, 150]], [[712, 151]], [[712, 152]], [[713, 153]], [[713, 154]], [[714, 155]], [[715, 156]], [[715, 157]], [[716, 158]], [[717, 158]], [[718, 159]], [[719, 159]], [[720, 160]], [[721, 161]], [[722, 162]], [[723, 162]], [[724, 162]], [[725, 162]], [[726, 162]], [[727, 162]], [[728, 162]], [[729, 163]], [[730, 164]], [[730, 165]], [[729, 166]], [[728, 167]], [[727, 168]], [[726, 168]], [[725, 169]], [[724, 170]], [[723, 170]], [[722, 171]], [[722, 172]], [[721, 173]], [[722, 174]], [[722, 175]], [[722, 176]], [[723, 177]], [[724, 176]], [[725, 176]], [[726, 176]], [[727, 176]], [[728, 176]], [[729, 177]], [[730, 177]], [[731, 178]], [[732, 178]], [[733, 178]], [[734, 179]], [[735, 179]], [[736, 179]], [[737, 179]], [[738, 179]], [[739, 179]], [[740, 179]], [[741, 179]], [[742, 178]], [[743, 177]], [[744, 176]], [[744, 175]], [[745, 174]], [[745, 173]], [[745, 172]], [[745, 171]], [[745, 170]], [[745, 169]], [[744, 168]], [[745, 167]], [[745, 166]], [[745, 165]], [[746, 164]], [[747, 164]], [[748, 163]], [[748, 162]], [[749, 161]], [[749, 160]], [[749, 159]], [[750, 158]], [[750, 157]], [[750, 156]], [[750, 155]], [[751, 154]], [[751, 153]], [[751, 152]], [[751, 151]], [[750, 150]], [[750, 149]], [[751, 148]], [[752, 147]], [[753, 146]], [[753, 145]], [[754, 144]], [[754, 143]], [[755, 142]], [[755, 141]], [[756, 140]], [[756, 139]], [[756, 138]], [[756, 137]], [[756, 136]], [[756, 135]], [[756, 134]], [[756, 133]], [[756, 132]], [[755, 131]], [[755, 130]], [[754, 129]], [[754, 128]], [[753, 127]], [[753, 126]], [[753, 125]], [[752, 124]], [[751, 123]], [[750, 122]], [[749, 121]], [[748, 120]], [[748, 119]], [[747, 119]], [[746, 118]], [[745, 117]], [[744, 117]], [[743, 116]], [[742, 115]], [[741, 115]], [[740, 115]], [[739, 114]], [[738, 113]], [[737, 113]], [[736, 113]], [[735, 113]], [[734, 114]], [[733, 114]], [[732, 115]], [[731, 115]], [[730, 116]], [[729, 116]], [[728, 117]], [[727, 117]], [[726, 118]], [[725, 118]], [[724, 119]], [[723, 120]], [[722, 121]], [[721, 122]], [[720, 123]], [[719, 123]], [[719, 124]], [[718, 125]], [[717, 125]], [[716, 124]], [[716, 123]], [[717, 122]], [[718, 121]], [[718, 120]], [[718, 119]], [[718, 118]], [[719, 117]], [[719, 116]], [[719, 115]], [[720, 114]], [[721, 113]], [[722, 113]], [[723, 114]], [[724, 113]], [[725, 113]], [[726, 113]], [[727, 112]], [[728, 111]], [[729, 111]], [[730, 110]], [[730, 109]], [[731, 108]], [[731, 107]], [[731, 106]], [[731, 105]], [[732, 104]], [[733, 103]], [[733, 102]], [[733, 101]], [[733, 100]], [[733, 99]], [[733, 98]], [[733, 97]], [[732, 96]], [[732, 95]], [[733, 94]], [[733, 93]], [[733, 92]], [[733, 91]], [[733, 90]], [[733, 89]], [[732, 88]], [[732, 87]], [[732, 86]], [[732, 85]], [[733, 84]], [[734, 83]], [[735, 83]], [[736, 82]], [[737, 81]], [[738, 80]], [[739, 80]], [[739, 79]], [[740, 78]], [[741, 78]], [[742, 77]], [[743, 77]], [[744, 76]], [[745, 75]], [[746, 75]], [[747, 74]], [[748, 73]], [[749, 72]], [[749, 71]], [[749, 70]], [[749, 69]], [[748, 68]], [[747, 67]], [[747, 66]], [[746, 65]], [[745, 65]], [[744, 64]], [[743, 64]], [[742, 64]], [[741, 64]], [[740, 64]], [[739, 65]], [[738, 65]], [[737, 65]], [[736, 64]], [[735, 63]], [[734, 63]], [[733, 62]], [[732, 62]], [[731, 62]], [[730, 61]], [[729, 61]], [[728, 61]], [[727, 61]], [[726, 62]], [[725, 62]], [[724, 63]], [[723, 63]], [[722, 63]], [[721, 63]], [[720, 63]], [[719, 62]], [[718, 61]], [[717, 60]], [[717, 59]], [[717, 58]], [[717, 57]], [[716, 56]], [[715, 55]], [[715, 54]], [[714, 53]], [[713, 53]], [[712, 53]], [[711, 52]], [[710, 52]], [[709, 52]], [[708, 52]], [[707, 52]], [[706, 52]], [[705, 52]], [[704, 52]], [[703, 52]], [[702, 52]], [[701, 52]]]","[[[[657, 51], [657, 52], [657, 53], [657, 54], [657, 55], [657, 56], [658, 57], [658, 58], [658, 59], [658, 60], [658, 61], [658, 62], [657, 63], [656, 64], [655, 65], [655, 66], [655, 67], [655, 68], [654, 69], [653, 69], [652, 70], [651, 70], [650, 69], [649, 68], [648, 68], [648, 69], [648, 70], [648, 71], [647, 72], [647, 73], [648, 73], [649, 73], [650, 73], [651, 74], [651, 75], [652, 76], [653, 75], [654, 75], [655, 76], [655, 77], [656, 77], [657, 77], [656, 76], [656, 75], [655, 74], [656, 73], [656, 72], [656, 71], [656, 70], [657, 69], [658, 69], [659, 69], [660, 70], [661, 69], [662, 69], [662, 68], [662, 67], [663, 66], [664, 66], [664, 65], [664, 64], [664, 63], [665, 62], [666, 61], [667, 61], [668, 61], [669, 61], [670, 62], [671, 62], [670, 61], [669, 61], [668, 60], [667, 59], [667, 58], [666, 57], [666, 56], [665, 55], [664, 55], [663, 55], [662, 54], [661, 55], [660, 55], [659, 54], [658, 53], [658, 52]]], [], [[[635, 119], [634, 120], [633, 120], [632, 121], [632, 122], [632, 123], [633, 124], [633, 125], [632, 126], [633, 127], [633, 128], [633, 129], [632, 130], [633, 130], [634, 131], [635, 131], [636, 131], [636, 130], [636, 129], [635, 128], [636, 127], [637, 126], [637, 125], [638, 124], [638, 123], [638, 122], [638, 121], [637, 120], [636, 119]]], [[[679, 135], [679, 136], [679, 137], [679, 138], [679, 139], [678, 140], [677, 141], [677, 142], [677, 143], [678, 142], [679, 142], [679, 141], [679, 140], [680, 139], [681, 139], [682, 140], [683, 140], [684, 140], [685, 140], [686, 141], [687, 141], [688, 140], [689, 140], [690, 140], [691, 140], [691, 139], [690, 140], [689, 139], [688, 139], [687, 139], [686, 139], [685, 139], [684, 139], [683, 138], [682, 137], [681, 136], [680, 135]]], [[[751, 149], [751, 150], [752, 151], [752, 152], [752, 153], [752, 154], [751, 155], [751, 156], [752, 157], [751, 158], [750, 159], [750, 160], [751, 161], [752, 161], [752, 160], [751, 159], [751, 158], [752, 157], [753, 156], [754, 156], [755, 155], [754, 154], [753, 153], [752, 152], [752, 151], [753, 150], [752, 149]]], [[[765, 121], [765, 122], [765, 123], [764, 124], [763, 124], [762, 125], [761, 125], [760, 126], [759, 127], [758, 127], [757, 127], [756, 127], [755, 126], [754, 126], [754, 127], [755, 128], [755, 129], [756, 130], [756, 131], [757, 132], [757, 133], [757, 134], [757, 133], [757, 132], [757, 131], [758, 130], [759, 129], [760, 129], [760, 128], [761, 127], [762, 126], [763, 126], [764, 126], [765, 126], [765, 125], [766, 124], [767, 125], [768, 125], [769, 126], [770, 127], [771, 128], [771, 127], [771, 126], [770, 125], [770, 124], [769, 123], [768, 122], [767, 121], [766, 121]]], [[[733, 104], [732, 105], [732, 106], [732, 107], [732, 108], [731, 109], [731, 110], [730, 111], [729, 112], [728, 113], [727, 113], [726, 114], [725, 115], [724, 116], [724, 117], [724, 118], [725, 117], [726, 117], [727, 116], [728, 116], [729, 115], [730, 115], [731, 114], [732, 114], [733, 113], [734, 113], [735, 112], [736, 112], [737, 112], [738, 112], [739, 113], [740, 113], [740, 112], [740, 111], [740, 110], [740, 109], [740, 108], [740, 107], [740, 106], [739, 105], [738, 104], [737, 105], [736, 105], [735, 104], [734, 104]]], [[[747, 75], [746, 76], [745, 77], [744, 78], [743, 78], [742, 79], [741, 79], [740, 80], [739, 81], [738, 82], [737, 83], [736, 83], [735, 84], [734, 84], [734, 85], [735, 85], [736, 85], [737, 86], [737, 87], [738, 88], [737, 89], [736, 89], [735, 90], [734, 91], [734, 92], [734, 93], [734, 94], [734, 95], [735, 95], [736, 94], [736, 93], [737, 92], [737, 91], [738, 90], [738, 89], [738, 88], [739, 87], [740, 87], [740, 86], [740, 85], [740, 84], [740, 83], [741, 82], [742, 81], [743, 81], [744, 81], [745, 80], [746, 80], [747, 79], [748, 79], [748, 78], [748, 77], [749, 76], [748, 75]]]]","[302, [], 303, 304, 305, 306, 307, 308]"
162,162,"[[[769, 47]], [[768, 48]], [[767, 48]], [[766, 48]], [[765, 48]], [[764, 49]], [[763, 50]], [[762, 51]], [[762, 52]], [[761, 53]], [[761, 54]], [[760, 55]], [[759, 56]], [[759, 57]], [[758, 58]], [[758, 59]], [[757, 60]], [[757, 61]], [[756, 62]], [[755, 63]], [[754, 64]], [[754, 65]], [[754, 66]], [[754, 67]], [[753, 68]], [[753, 69]], [[754, 70]], [[755, 70]], [[756, 71]], [[757, 71]], [[758, 71]], [[759, 70]], [[760, 71]], [[761, 71]], [[762, 71]], [[763, 72]], [[764, 72]], [[765, 72]], [[766, 72]], [[767, 72]], [[768, 72]], [[769, 72]], [[770, 72]], [[771, 72]], [[772, 72]], [[773, 71]], [[774, 71]], [[775, 70]], [[776, 70]], [[777, 70]], [[778, 69]], [[779, 69]], [[780, 69]], [[781, 68]], [[782, 68]], [[783, 68]], [[784, 68]], [[785, 67]], [[786, 67]], [[787, 67]], [[788, 66]], [[789, 65]], [[789, 64]], [[790, 63]], [[789, 62]], [[789, 61]], [[789, 60]], [[789, 59]], [[789, 58]], [[789, 57]], [[790, 56]], [[790, 55]], [[789, 54]], [[788, 53]], [[787, 53]], [[786, 52]], [[785, 52]], [[784, 52]], [[783, 52]], [[782, 51]], [[781, 51]], [[780, 51]], [[779, 50]], [[778, 50]], [[777, 49]], [[776, 49]], [[775, 48]], [[774, 48]], [[773, 48]], [[772, 48]], [[771, 48]], [[770, 48]]]",[[]],[]
163,163,"[[[377, 36]], [[376, 37]], [[375, 37]], [[374, 37]], [[374, 38]], [[373, 39]], [[372, 39]], [[371, 39]], [[370, 39]], [[369, 39]], [[368, 39]], [[367, 39]], [[366, 39]], [[366, 40]], [[366, 41]], [[366, 42]], [[366, 43]], [[366, 44]], [[366, 45]], [[367, 45]], [[368, 45]], [[369, 46]], [[370, 46]], [[371, 46]], [[372, 46]], [[372, 45]], [[373, 44]], [[373, 43]], [[374, 42]], [[374, 41]], [[375, 40]], [[376, 39]], [[377, 39]], [[378, 38]], [[378, 37]]]",[[]],[]
164,164,"[[[326, 36]], [[325, 37]], [[324, 37]], [[323, 37]], [[322, 37]], [[321, 38]], [[320, 38]], [[320, 39]], [[319, 40]], [[319, 41]], [[319, 42]], [[318, 43]], [[317, 44]], [[317, 45]], [[317, 46]], [[316, 47]], [[315, 47]], [[314, 46]], [[314, 45]], [[313, 45]], [[312, 44]], [[311, 45]], [[310, 45]], [[309, 46]], [[308, 46]], [[307, 46]], [[306, 46]], [[305, 47]], [[305, 48]], [[304, 49]], [[304, 50]], [[304, 51]], [[304, 52]], [[304, 53]], [[304, 54]], [[305, 55]], [[305, 56]], [[305, 57]], [[306, 58]], [[307, 59]], [[307, 60]], [[307, 61]], [[308, 62]], [[308, 63]], [[308, 64]], [[308, 65]], [[309, 66]], [[309, 67]], [[309, 68]], [[310, 69]], [[311, 70]], [[312, 71]], [[313, 71]], [[314, 71]], [[315, 72]], [[316, 72]], [[317, 72]], [[318, 72]], [[319, 71]], [[320, 70]], [[321, 70]], [[322, 69]], [[323, 68]], [[324, 67]], [[325, 67]], [[326, 67]], [[327, 68]], [[328, 68]], [[329, 69]], [[330, 69]], [[331, 69]], [[332, 70]], [[333, 70]], [[334, 70]], [[335, 70]], [[336, 70]], [[337, 70]], [[338, 70]], [[339, 70]], [[340, 70]], [[341, 70]], [[342, 71]], [[343, 72]], [[344, 73]], [[345, 73]], [[346, 73]], [[347, 72]], [[348, 72]], [[349, 71]], [[350, 71]], [[350, 70]], [[351, 69]], [[351, 68]], [[351, 67]], [[351, 66]], [[350, 65]], [[350, 64]], [[350, 63]], [[349, 62]], [[349, 61]], [[349, 60]], [[348, 59]], [[348, 58]], [[348, 57]], [[347, 56]], [[347, 55]], [[347, 54]], [[347, 53]], [[347, 52]], [[347, 51]], [[346, 50]], [[346, 49]], [[345, 48]], [[345, 47]], [[345, 46]], [[344, 45]], [[343, 44]], [[342, 44]], [[341, 44]], [[340, 44]], [[339, 43]], [[338, 42]], [[338, 41]], [[337, 40]], [[336, 39]], [[335, 39]], [[334, 38]], [[333, 37]], [[332, 37]], [[331, 37]], [[330, 36]], [[329, 36]], [[328, 36]], [[327, 36]]]",[[]],[]
165,165,"[[[802, 18]], [[801, 19]], [[800, 20]], [[799, 20]], [[798, 21]], [[797, 21]], [[796, 22]], [[795, 23]], [[794, 24]], [[793, 24]], [[793, 25]], [[793, 26]], [[792, 27]], [[791, 28]], [[790, 29]], [[789, 29]], [[790, 30]], [[790, 31]], [[790, 32]], [[791, 33]], [[791, 34]], [[790, 35]], [[790, 36]], [[790, 37]], [[790, 38]], [[790, 39]], [[790, 40]], [[790, 41]], [[791, 42]], [[792, 43]], [[793, 44]], [[794, 43]], [[795, 43]], [[796, 42]], [[797, 42]], [[798, 41]], [[799, 41]], [[799, 40]], [[800, 39]], [[801, 38]], [[801, 37]], [[802, 36]], [[802, 35]], [[802, 34]], [[803, 33]], [[804, 32]], [[805, 31]], [[806, 30]], [[806, 29]], [[807, 28]], [[808, 27]], [[808, 26]], [[808, 25]], [[808, 24]], [[808, 23]], [[807, 22]], [[807, 21]], [[807, 20]], [[807, 19]], [[807, 18]], [[806, 18]], [[805, 18]], [[804, 18]], [[803, 18]]]","[[[[785, 22], [784, 23], [783, 24], [782, 24], [781, 24], [781, 25], [782, 26], [782, 27], [783, 28], [784, 28], [785, 28], [786, 28], [787, 28], [788, 29], [789, 28], [790, 28], [791, 27], [792, 26], [792, 25], [792, 24], [792, 23], [791, 23], [790, 22], [789, 22], [788, 22], [787, 22], [786, 22]]], []]","[309, []]"
166,166,"[[[236, 12]], [[235, 13]], [[234, 13]], [[233, 13]], [[232, 13]], [[231, 13]], [[230, 13]], [[229, 13]], [[228, 14]], [[227, 14]], [[226, 13]], [[225, 14]], [[224, 14]], [[223, 14]], [[222, 14]], [[221, 15]], [[220, 15]], [[219, 15]], [[218, 15]], [[217, 16]], [[216, 17]], [[215, 17]], [[214, 18]], [[213, 18]], [[212, 18]], [[211, 19]], [[210, 19]], [[209, 19]], [[208, 20]], [[207, 20]], [[206, 20]], [[205, 20]], [[204, 21]], [[203, 21]], [[202, 22]], [[201, 22]], [[200, 23]], [[199, 24]], [[198, 25]], [[197, 25]], [[197, 26]], [[196, 27]], [[196, 28]], [[197, 28]], [[198, 28]], [[199, 27]], [[200, 27]], [[201, 28]], [[201, 29]], [[200, 30]], [[199, 31]], [[199, 32]], [[199, 33]], [[199, 34]], [[199, 35]], [[200, 34]], [[201, 34]], [[202, 34]], [[203, 35]], [[203, 36]], [[202, 37]], [[202, 38]], [[203, 39]], [[204, 40]], [[205, 41]], [[204, 42]], [[204, 43]], [[203, 44]], [[203, 45]], [[203, 46]], [[203, 47]], [[203, 48]], [[203, 49]], [[203, 50]], [[204, 51]], [[204, 52]], [[205, 53]], [[206, 54]], [[206, 55]], [[207, 56]], [[208, 57]], [[208, 58]], [[208, 59]], [[209, 60]], [[209, 61]], [[210, 61]], [[211, 62]], [[212, 63]], [[213, 64]], [[214, 64]], [[215, 64]], [[216, 65]], [[217, 65]], [[218, 65]], [[219, 65]], [[220, 65]], [[221, 64]], [[222, 64]], [[223, 64]], [[224, 65]], [[224, 66]], [[224, 67]], [[225, 67]], [[226, 68]], [[227, 68]], [[228, 68]], [[229, 68]], [[230, 68]], [[231, 68]], [[232, 69]], [[232, 70]], [[232, 71]], [[231, 72]], [[230, 73]], [[230, 74]], [[229, 75]], [[229, 76]], [[229, 77]], [[229, 78]], [[229, 79]], [[230, 80]], [[231, 81]], [[232, 81]], [[233, 81]], [[234, 81]], [[235, 81]], [[236, 81]], [[237, 81]], [[238, 81]], [[239, 80]], [[240, 80]], [[241, 79]], [[242, 79]], [[243, 79]], [[244, 79]], [[245, 79]], [[246, 78]], [[247, 78]], [[248, 78]], [[249, 77]], [[250, 76]], [[251, 76]], [[252, 75]], [[253, 74]], [[254, 73]], [[255, 72]], [[256, 71]], [[257, 70]], [[258, 69]], [[258, 68]], [[259, 67]], [[260, 66]], [[260, 65]], [[261, 64]], [[261, 63]], [[262, 62]], [[262, 61]], [[263, 60]], [[264, 59]], [[265, 58]], [[266, 57]], [[266, 56]], [[267, 55]], [[267, 54]], [[268, 53]], [[268, 52]], [[269, 51]], [[270, 51]], [[271, 50]], [[271, 49]], [[272, 48]], [[273, 47]], [[273, 46]], [[274, 45]], [[274, 44]], [[275, 43]], [[276, 42]], [[276, 41]], [[277, 40]], [[277, 39]], [[277, 38]], [[277, 37]], [[278, 36]], [[278, 35]], [[279, 34]], [[279, 33]], [[280, 32]], [[280, 31]], [[280, 30]], [[280, 29]], [[280, 28]], [[280, 27]], [[280, 26]], [[281, 25]], [[281, 24]], [[282, 23]], [[282, 22]], [[282, 21]], [[282, 20]], [[283, 19]], [[283, 18]], [[283, 17]], [[284, 16]], [[283, 15]], [[283, 14]], [[282, 14]], [[281, 14]], [[280, 14]], [[279, 14]], [[278, 14]], [[277, 14]], [[276, 14]], [[275, 14]], [[274, 14]], [[273, 14]], [[272, 15]], [[271, 15]], [[271, 16]], [[271, 17]], [[270, 18]], [[269, 18]], [[268, 19]], [[267, 19]], [[266, 20]], [[265, 21]], [[264, 21]], [[263, 21]], [[262, 20]], [[261, 19]], [[260, 19]], [[259, 18]], [[258, 17]], [[257, 17]], [[256, 17]], [[255, 16]], [[254, 16]], [[253, 15]], [[252, 15]], [[251, 15]], [[250, 15]], [[249, 15]], [[248, 15]], [[247, 14]], [[246, 14]], [[245, 14]], [[244, 13]], [[243, 12]], [[242, 12]], [[241, 12]], [[240, 12]], [[239, 12]], [[238, 12]], [[237, 12]]]","[[], [[[276, 6], [276, 7], [275, 8], [274, 9], [274, 10], [273, 11], [272, 11], [271, 11], [270, 11], [269, 11], [270, 12], [271, 13], [271, 14], [272, 13], [273, 13], [273, 12], [274, 11], [275, 11], [276, 12], [276, 13], [277, 13], [278, 12], [279, 12], [280, 12], [281, 12], [282, 12], [283, 13], [284, 14], [284, 15], [285, 16], [286, 16], [286, 15], [286, 14], [285, 13], [284, 12], [284, 11], [283, 10], [282, 9], [282, 8], [281, 8], [280, 8], [279, 8], [278, 7], [277, 6]]]]","[[], 310]"
167,167,"[[[616, 7]], [[615, 8]], [[614, 8]], [[613, 8]], [[612, 8]], [[611, 8]], [[610, 9]], [[609, 8]], [[609, 9]], [[608, 10]], [[607, 11]], [[606, 12]], [[606, 13]], [[606, 14]], [[605, 15]], [[605, 16]], [[605, 17]], [[606, 18]], [[606, 19]], [[606, 20]], [[606, 21]], [[606, 22]], [[607, 23]], [[607, 24]], [[607, 25]], [[607, 26]], [[607, 27]], [[608, 28]], [[608, 29]], [[607, 30]], [[607, 31]], [[607, 32]], [[606, 33]], [[605, 33]], [[604, 34]], [[603, 34]], [[602, 34]], [[601, 34]], [[600, 34]], [[599, 34]], [[598, 34]], [[597, 34]], [[596, 35]], [[595, 36]], [[595, 37]], [[594, 38]], [[593, 39]], [[592, 40]], [[592, 41]], [[592, 42]], [[592, 43]], [[591, 44]], [[591, 45]], [[591, 46]], [[591, 47]], [[591, 48]], [[591, 49]], [[591, 50]], [[591, 51]], [[592, 52]], [[592, 53]], [[593, 54]], [[593, 55]], [[594, 56]], [[594, 57]], [[595, 58]], [[596, 59]], [[596, 60]], [[597, 61]], [[598, 62]], [[599, 63]], [[600, 63]], [[601, 64]], [[602, 65]], [[602, 66]], [[603, 67]], [[604, 68]], [[605, 68]], [[606, 69]], [[606, 70]], [[607, 70]], [[608, 71]], [[609, 71]], [[610, 71]], [[611, 71]], [[612, 71]], [[613, 71]], [[614, 71]], [[615, 71]], [[616, 71]], [[617, 71]], [[618, 71]], [[619, 72]], [[620, 71]], [[621, 71]], [[622, 72]], [[623, 72]], [[624, 72]], [[625, 72]], [[626, 72]], [[627, 72]], [[628, 72]], [[629, 72]], [[630, 73]], [[631, 73]], [[632, 73]], [[633, 73]], [[634, 73]], [[635, 73]], [[636, 73]], [[637, 72]], [[638, 72]], [[639, 71]], [[640, 71]], [[641, 71]], [[642, 71]], [[643, 70]], [[644, 69]], [[645, 68]], [[646, 69]], [[646, 68]], [[647, 67]], [[647, 66]], [[648, 65]], [[649, 65]], [[649, 64]], [[650, 63]], [[651, 62]], [[651, 61]], [[652, 60]], [[652, 59]], [[653, 58]], [[654, 57]], [[655, 57]], [[656, 56]], [[656, 55]], [[656, 54]], [[656, 53]], [[656, 52]], [[656, 51]], [[656, 50]], [[657, 49]], [[658, 50]], [[659, 51]], [[659, 52]], [[660, 52]], [[661, 52]], [[662, 53]], [[663, 53]], [[664, 54]], [[665, 54]], [[666, 55]], [[667, 56]], [[668, 56]], [[669, 55]], [[670, 55]], [[671, 55]], [[671, 54]], [[672, 53]], [[672, 52]], [[673, 51]], [[674, 50]], [[675, 50]], [[676, 49]], [[677, 48]], [[677, 47]], [[678, 46]], [[678, 45]], [[679, 44]], [[679, 43]], [[679, 42]], [[679, 41]], [[678, 41]], [[677, 41]], [[676, 41]], [[675, 40]], [[674, 40]], [[673, 40]], [[672, 40]], [[671, 40]], [[670, 41]], [[669, 41]], [[668, 42]], [[667, 42]], [[666, 42]], [[665, 42]], [[664, 43]], [[663, 43]], [[662, 43]], [[661, 43]], [[660, 43]], [[659, 43]], [[658, 42]], [[657, 41]], [[657, 40]], [[657, 39]], [[657, 38]], [[656, 38]], [[655, 37]], [[655, 36]], [[654, 35]], [[653, 34]], [[653, 33]], [[652, 32]], [[651, 31]], [[651, 30]], [[651, 29]], [[650, 28]], [[650, 27]], [[649, 26]], [[648, 25]], [[647, 24]], [[646, 23]], [[645, 23]], [[644, 22]], [[643, 21]], [[642, 21]], [[641, 20]], [[641, 19]], [[640, 18]], [[640, 17]], [[639, 16]], [[638, 15]], [[637, 14]], [[636, 13]], [[635, 14]], [[634, 14]], [[633, 15]], [[632, 15]], [[631, 16]], [[630, 16]], [[629, 16]], [[628, 15]], [[627, 14]], [[626, 13]], [[625, 12]], [[624, 11]], [[623, 10]], [[622, 9]], [[621, 9]], [[620, 8]], [[619, 8]], [[618, 8]], [[617, 7]]]","[[], [[[613, 72], [613, 73], [613, 74], [614, 74], [615, 75], [616, 76], [617, 77], [617, 78], [616, 79], [615, 79], [614, 80], [615, 81], [616, 81], [617, 82], [617, 81], [617, 80], [616, 79], [617, 78], [618, 78], [619, 78], [620, 77], [620, 76], [619, 75], [620, 74], [621, 73], [622, 73], [623, 74], [624, 73], [625, 74], [626, 74], [627, 74], [628, 74], [629, 74], [630, 74], [629, 73], [628, 73], [627, 73], [626, 73], [625, 73], [624, 73], [623, 73], [622, 73], [621, 73], [620, 73], [619, 73], [618, 73], [617, 73], [616, 73], [615, 72], [614, 72]]], [[[657, 51], [657, 52], [657, 53], [657, 54], [657, 55], [657, 56], [658, 57], [658, 58], [658, 59], [658, 60], [658, 61], [658, 62], [657, 63], [656, 64], [655, 65], [655, 66], [655, 67], [655, 68], [654, 69], [653, 69], [652, 70], [651, 70], [650, 69], [649, 68], [648, 68], [648, 69], [648, 70], [648, 71], [647, 72], [647, 73], [648, 73], [649, 73], [650, 73], [651, 74], [651, 75], [652, 76], [653, 75], [654, 75], [655, 76], [655, 77], [656, 77], [657, 77], [656, 76], [656, 75], [655, 74], [656, 73], [656, 72], [656, 71], [656, 70], [657, 69], [658, 69], [659, 69], [660, 70], [661, 69], [662, 69], [662, 68], [662, 67], [663, 66], [664, 66], [664, 65], [664, 64], [664, 63], [665, 62], [666, 61], [667, 61], [668, 61], [669, 61], [670, 62], [671, 62], [670, 61], [669, 61], [668, 60], [667, 59], [667, 58], [666, 57], [666, 56], [665, 55], [664, 55], [663, 55], [662, 54], [661, 55], [660, 55], [659, 54], [658, 53], [658, 52]]]]","[[], 311, 302]"
