,ncm_ind,ncm_cordi,pore,pore_ind
0,0,"[[[395, 1170]], [[394, 1171]], [[393, 1171]], [[393, 1172]], [[393, 1173]], [[393, 1174]], [[392, 1175]], [[391, 1175]], [[390, 1176]], [[389, 1177]], [[388, 1177]], [[387, 1178]], [[386, 1179]], [[385, 1180]], [[384, 1181]], [[383, 1182]], [[382, 1183]], [[382, 1184]], [[382, 1185]], [[381, 1186]], [[381, 1187]], [[381, 1188]], [[381, 1189]], [[381, 1190]], [[382, 1190]], [[383, 1191]], [[383, 1192]], [[384, 1192]], [[385, 1192]], [[386, 1193]], [[386, 1194]], [[387, 1195]], [[388, 1196]], [[389, 1197]], [[390, 1197]], [[391, 1198]], [[391, 1199]], [[392, 1198]], [[393, 1197]], [[394, 1197]], [[395, 1198]], [[394, 1199]], [[395, 1198]], [[396, 1197]], [[397, 1197]], [[398, 1196]], [[399, 1195]], [[399, 1194]], [[399, 1193]], [[400, 1192]], [[400, 1191]], [[401, 1190]], [[402, 1190]], [[402, 1189]], [[402, 1188]], [[402, 1187]], [[402, 1186]], [[403, 1185]], [[403, 1184]], [[403, 1183]], [[403, 1182]], [[403, 1181]], [[404, 1180]], [[404, 1179]], [[403, 1178]], [[403, 1177]], [[404, 1176]], [[404, 1175]], [[403, 1174]], [[403, 1173]], [[402, 1172]], [[401, 1171]], [[401, 1170]], [[400, 1170]], [[399, 1170]], [[398, 1170]], [[397, 1170]], [[396, 1170]]]",[[]],[]
1,1,"[[[811, 1156]], [[810, 1157]], [[810, 1158]], [[809, 1159]], [[808, 1160]], [[807, 1161]], [[806, 1161]], [[805, 1160]], [[804, 1159]], [[803, 1158]], [[802, 1158]], [[801, 1158]], [[800, 1158]], [[800, 1159]], [[800, 1160]], [[799, 1161]], [[799, 1162]], [[798, 1163]], [[797, 1164]], [[796, 1165]], [[796, 1166]], [[796, 1167]], [[797, 1167]], [[798, 1168]], [[799, 1169]], [[799, 1170]], [[799, 1171]], [[799, 1172]], [[800, 1171]], [[801, 1171]], [[802, 1171]], [[803, 1170]], [[804, 1169]], [[805, 1168]], [[806, 1168]], [[807, 1169]], [[807, 1170]], [[808, 1170]], [[809, 1171]], [[810, 1171]], [[811, 1171]], [[812, 1172]], [[812, 1173]], [[811, 1174]], [[810, 1174]], [[811, 1174]], [[812, 1174]], [[813, 1175]], [[813, 1176]], [[813, 1177]], [[813, 1178]], [[814, 1178]], [[815, 1178]], [[816, 1179]], [[817, 1179]], [[818, 1179]], [[819, 1178]], [[820, 1177]], [[821, 1177]], [[822, 1177]], [[823, 1176]], [[824, 1175]], [[824, 1174]], [[824, 1173]], [[825, 1172]], [[824, 1171]], [[824, 1170]], [[824, 1169]], [[823, 1169]], [[822, 1168]], [[822, 1167]], [[822, 1166]], [[821, 1165]], [[821, 1164]], [[821, 1163]], [[821, 1162]], [[820, 1162]], [[819, 1161]], [[818, 1161]], [[817, 1160]], [[816, 1159]], [[815, 1158]], [[815, 1157]], [[814, 1157]], [[813, 1156]], [[812, 1156]]]",[[]],[]
2,2,"[[[431, 1146]], [[430, 1147]], [[429, 1148]], [[428, 1148]], [[427, 1149]], [[426, 1149]], [[426, 1150]], [[426, 1151]], [[426, 1152]], [[426, 1153]], [[427, 1154]], [[427, 1155]], [[428, 1155]], [[429, 1156]], [[430, 1157]], [[430, 1158]], [[431, 1159]], [[431, 1160]], [[432, 1161]], [[432, 1162]], [[433, 1163]], [[434, 1164]], [[434, 1165]], [[435, 1166]], [[435, 1167]], [[436, 1167]], [[437, 1168]], [[438, 1168]], [[439, 1169]], [[440, 1170]], [[441, 1171]], [[442, 1172]], [[443, 1173]], [[444, 1174]], [[445, 1175]], [[446, 1175]], [[447, 1175]], [[448, 1174]], [[449, 1175]], [[450, 1175]], [[451, 1176]], [[452, 1176]], [[453, 1177]], [[454, 1178]], [[455, 1178]], [[456, 1178]], [[457, 1178]], [[458, 1178]], [[459, 1177]], [[460, 1176]], [[461, 1176]], [[461, 1175]], [[462, 1174]], [[463, 1173]], [[463, 1172]], [[464, 1171]], [[465, 1170]], [[466, 1169]], [[466, 1168]], [[466, 1167]], [[466, 1166]], [[465, 1165]], [[465, 1164]], [[464, 1164]], [[463, 1163]], [[462, 1162]], [[461, 1162]], [[460, 1161]], [[459, 1161]], [[458, 1160]], [[457, 1159]], [[456, 1158]], [[455, 1157]], [[454, 1156]], [[454, 1155]], [[454, 1154]], [[453, 1153]], [[452, 1152]], [[451, 1152]], [[450, 1151]], [[449, 1151]], [[448, 1151]], [[447, 1151]], [[446, 1151]], [[445, 1150]], [[444, 1149]], [[443, 1148]], [[442, 1147]], [[441, 1146]], [[440, 1146]], [[439, 1146]], [[438, 1146]], [[437, 1146]], [[436, 1146]], [[435, 1146]], [[434, 1146]], [[433, 1146]], [[432, 1146]]]",[[]],[]
3,3,"[[[146, 1139]], [[145, 1140]], [[144, 1140]], [[143, 1140]], [[143, 1141]], [[142, 1142]], [[141, 1143]], [[141, 1144]], [[140, 1145]], [[140, 1146]], [[139, 1147]], [[139, 1148]], [[139, 1149]], [[139, 1150]], [[139, 1151]], [[139, 1152]], [[140, 1153]], [[140, 1154]], [[140, 1155]], [[139, 1156]], [[138, 1157]], [[138, 1158]], [[137, 1159]], [[137, 1160]], [[137, 1161]], [[137, 1162]], [[138, 1163]], [[138, 1164]], [[138, 1165]], [[138, 1166]], [[138, 1167]], [[138, 1168]], [[139, 1169]], [[139, 1170]], [[139, 1171]], [[140, 1172]], [[141, 1172]], [[142, 1172]], [[143, 1173]], [[144, 1173]], [[145, 1173]], [[146, 1174]], [[147, 1175]], [[148, 1176]], [[149, 1177]], [[150, 1177]], [[151, 1177]], [[152, 1176]], [[153, 1176]], [[154, 1175]], [[154, 1174]], [[155, 1173]], [[155, 1172]], [[156, 1171]], [[157, 1170]], [[158, 1169]], [[159, 1168]], [[160, 1167]], [[161, 1167]], [[162, 1167]], [[163, 1166]], [[164, 1165]], [[165, 1164]], [[166, 1164]], [[167, 1164]], [[167, 1163]], [[168, 1162]], [[169, 1161]], [[170, 1160]], [[171, 1160]], [[172, 1161]], [[172, 1160]], [[172, 1159]], [[173, 1158]], [[174, 1157]], [[175, 1157]], [[176, 1156]], [[177, 1156]], [[178, 1155]], [[178, 1154]], [[178, 1153]], [[178, 1152]], [[177, 1151]], [[178, 1150]], [[178, 1149]], [[178, 1148]], [[178, 1147]], [[177, 1146]], [[177, 1145]], [[177, 1144]], [[176, 1143]], [[175, 1143]], [[174, 1142]], [[173, 1141]], [[172, 1141]], [[171, 1141]], [[170, 1141]], [[169, 1141]], [[168, 1140]], [[168, 1139]], [[168, 1140]], [[168, 1141]], [[168, 1142]], [[167, 1143]], [[166, 1144]], [[165, 1144]], [[164, 1144]], [[163, 1144]], [[162, 1144]], [[161, 1144]], [[160, 1143]], [[159, 1143]], [[158, 1142]], [[157, 1142]], [[156, 1142]], [[155, 1142]], [[154, 1141]], [[153, 1141]], [[152, 1141]], [[151, 1140]], [[150, 1140]], [[149, 1140]], [[148, 1140]], [[147, 1140]]]","[[[[151, 1128], [150, 1129], [150, 1130], [150, 1131], [149, 1132], [148, 1132], [147, 1133], [147, 1134], [146, 1135], [145, 1135], [144, 1135], [143, 1135], [142, 1135], [141, 1135], [140, 1135], [140, 1136], [141, 1136], [142, 1136], [143, 1137], [143, 1138], [142, 1139], [141, 1139], [140, 1139], [139, 1139], [138, 1139], [138, 1140], [137, 1141], [137, 1142], [137, 1143], [137, 1144], [138, 1144], [139, 1144], [140, 1144], [140, 1143], [141, 1142], [142, 1141], [142, 1140], [143, 1139], [144, 1139], [145, 1139], [146, 1138], [147, 1139], [148, 1139], [149, 1139], [150, 1139], [150, 1138], [150, 1137], [149, 1136], [149, 1135], [149, 1134], [150, 1133], [150, 1132], [151, 1131], [152, 1131], [153, 1130], [153, 1129], [152, 1129]]], [], [[[135, 1147], [134, 1148], [133, 1149], [132, 1150], [131, 1150], [131, 1151], [131, 1152], [130, 1153], [129, 1153], [129, 1154], [128, 1155], [128, 1156], [128, 1157], [127, 1158], [126, 1159], [126, 1160], [127, 1159], [128, 1158], [129, 1158], [130, 1158], [131, 1158], [132, 1158], [132, 1157], [131, 1156], [131, 1155], [131, 1154], [132, 1153], [133, 1152], [134, 1151], [135, 1150], [136, 1150], [136, 1149], [135, 1148]]], [[[172, 1136], [172, 1137], [171, 1138], [170, 1139], [171, 1138], [172, 1138], [173, 1139], [174, 1139], [175, 1140], [176, 1141], [176, 1142], [177, 1142], [178, 1143], [179, 1143], [180, 1143], [180, 1142], [180, 1141], [179, 1141], [178, 1141], [177, 1141], [176, 1140], [176, 1139], [175, 1139], [174, 1138], [173, 1137], [173, 1136]]], [[[166, 1133], [166, 1134], [165, 1135], [166, 1136], [166, 1137], [166, 1138], [165, 1139], [164, 1140], [163, 1139], [162, 1138], [162, 1137], [161, 1137], [161, 1138], [160, 1139], [160, 1140], [159, 1141], [158, 1141], [157, 1141], [158, 1141], [159, 1141], [160, 1142], [161, 1143], [162, 1143], [163, 1143], [164, 1143], [165, 1143], [166, 1143], [167, 1142], [167, 1141], [167, 1140], [167, 1139], [167, 1138], [167, 1137], [166, 1136], [166, 1135], [166, 1134]]]]","[0, [], 1, 2, 3]"
4,4,"[[[328, 1129]], [[327, 1130]], [[327, 1131]], [[326, 1132]], [[326, 1133]], [[325, 1134]], [[324, 1134]], [[323, 1135]], [[322, 1134]], [[321, 1133]], [[320, 1133]], [[319, 1133]], [[319, 1134]], [[318, 1135]], [[317, 1136]], [[317, 1137]], [[317, 1138]], [[317, 1139]], [[316, 1140]], [[316, 1141]], [[315, 1142]], [[315, 1143]], [[314, 1144]], [[314, 1145]], [[313, 1146]], [[313, 1147]], [[313, 1148]], [[313, 1149]], [[314, 1149]], [[315, 1150]], [[316, 1151]], [[317, 1151]], [[318, 1152]], [[319, 1152]], [[320, 1152]], [[321, 1152]], [[322, 1152]], [[323, 1152]], [[324, 1152]], [[325, 1152]], [[325, 1151]], [[326, 1150]], [[326, 1149]], [[327, 1148]], [[327, 1147]], [[327, 1146]], [[328, 1145]], [[329, 1145]], [[330, 1144]], [[331, 1144]], [[332, 1144]], [[333, 1145]], [[334, 1146]], [[335, 1147]], [[336, 1147]], [[337, 1147]], [[338, 1147]], [[339, 1147]], [[340, 1147]], [[341, 1147]], [[341, 1146]], [[342, 1145]], [[343, 1144]], [[343, 1143]], [[343, 1142]], [[344, 1141]], [[343, 1140]], [[343, 1139]], [[342, 1138]], [[342, 1137]], [[341, 1136]], [[340, 1136]], [[339, 1135]], [[338, 1134]], [[337, 1133]], [[337, 1132]], [[336, 1131]], [[335, 1130]], [[334, 1130]], [[333, 1130]], [[332, 1130]], [[331, 1130]], [[330, 1130]], [[329, 1130]]]","[[], [[[315, 1120], [316, 1121], [316, 1122], [316, 1123], [316, 1124], [316, 1125], [317, 1126], [318, 1127], [319, 1128], [320, 1129], [319, 1130], [318, 1131], [317, 1132], [316, 1133], [315, 1134], [314, 1135], [313, 1136], [312, 1137], [312, 1138], [312, 1139], [311, 1140], [310, 1141], [310, 1142], [309, 1143], [310, 1144], [311, 1144], [312, 1145], [313, 1145], [313, 1144], [314, 1143], [313, 1143], [312, 1142], [312, 1141], [312, 1140], [313, 1139], [314, 1139], [315, 1139], [315, 1138], [315, 1137], [316, 1136], [317, 1135], [318, 1134], [318, 1133], [319, 1132], [320, 1132], [321, 1132], [322, 1132], [322, 1131], [322, 1130], [321, 1130], [320, 1129], [320, 1128], [319, 1127], [318, 1126], [318, 1125], [318, 1124], [319, 1123], [318, 1122], [319, 1121], [318, 1121], [317, 1121], [316, 1120]]]]","[[], 4]"
5,5,"[[[622, 1124]], [[623, 1125]], [[623, 1126]], [[622, 1127]], [[621, 1128]], [[620, 1127]], [[620, 1126]], [[620, 1127]], [[620, 1128]], [[621, 1128]], [[622, 1128]], [[623, 1128]], [[624, 1128]], [[625, 1128]], [[626, 1128]], [[627, 1128]], [[628, 1128]], [[629, 1129]], [[628, 1130]], [[627, 1130]], [[626, 1130]], [[625, 1130]], [[625, 1131]], [[626, 1132]], [[625, 1133]], [[624, 1133]], [[623, 1132]], [[624, 1133]], [[624, 1134]], [[625, 1134]], [[626, 1134]], [[627, 1133]], [[628, 1132]], [[629, 1132]], [[630, 1132]], [[629, 1131]], [[629, 1130]], [[629, 1129]], [[628, 1128]], [[628, 1127]], [[627, 1127]], [[626, 1126]], [[625, 1126]], [[624, 1125]], [[623, 1124]]]","[[], [[[635, 1128], [634, 1129], [634, 1130], [633, 1131], [632, 1132], [633, 1133], [633, 1134], [632, 1135], [631, 1135], [630, 1134], [629, 1135], [628, 1135], [627, 1135], [627, 1136], [628, 1136], [629, 1136], [630, 1136], [631, 1136], [632, 1136], [633, 1136], [634, 1136], [635, 1136], [636, 1136], [637, 1136], [638, 1136], [639, 1136], [640, 1136], [641, 1136], [642, 1136], [642, 1135], [642, 1134], [641, 1134], [640, 1135], [639, 1135], [638, 1135], [637, 1135], [636, 1134], [635, 1133], [635, 1132], [636, 1131], [636, 1130], [636, 1129]]]]","[[], 5]"
6,6,"[[[38, 1108]], [[38, 1109]], [[38, 1110]], [[39, 1111]], [[39, 1112]], [[39, 1113]], [[40, 1114]], [[41, 1115]], [[41, 1116]], [[42, 1116]], [[43, 1117]], [[44, 1118]], [[45, 1119]], [[46, 1119]], [[47, 1119]], [[48, 1120]], [[49, 1120]], [[50, 1120]], [[51, 1121]], [[52, 1121]], [[53, 1121]], [[54, 1122]], [[55, 1122]], [[56, 1122]], [[57, 1122]], [[57, 1121]], [[57, 1120]], [[56, 1119]], [[55, 1118]], [[54, 1118]], [[53, 1117]], [[52, 1117]], [[51, 1117]], [[50, 1116]], [[49, 1116]], [[48, 1115]], [[47, 1114]], [[46, 1113]], [[46, 1112]], [[46, 1111]], [[45, 1111]], [[44, 1111]], [[43, 1111]], [[42, 1111]], [[41, 1110]], [[40, 1110]], [[39, 1109]], [[39, 1108]]]",[[]],[]
7,7,"[[[133, 1107]], [[132, 1108]], [[131, 1108]], [[130, 1109]], [[129, 1110]], [[129, 1111]], [[128, 1112]], [[128, 1113]], [[128, 1114]], [[128, 1115]], [[128, 1116]], [[127, 1117]], [[127, 1118]], [[127, 1119]], [[128, 1119]], [[129, 1120]], [[129, 1121]], [[130, 1121]], [[131, 1122]], [[131, 1123]], [[131, 1124]], [[132, 1125]], [[132, 1126]], [[132, 1127]], [[133, 1127]], [[134, 1128]], [[134, 1129]], [[135, 1130]], [[135, 1131]], [[136, 1132]], [[137, 1132]], [[138, 1132]], [[139, 1133]], [[140, 1134]], [[141, 1134]], [[142, 1133]], [[143, 1133]], [[144, 1133]], [[145, 1132]], [[146, 1132]], [[147, 1132]], [[147, 1131]], [[148, 1130]], [[149, 1129]], [[150, 1128]], [[150, 1127]], [[150, 1126]], [[151, 1125]], [[150, 1124]], [[149, 1124]], [[148, 1123]], [[147, 1123]], [[146, 1122]], [[145, 1121]], [[146, 1120]], [[147, 1119]], [[147, 1118]], [[148, 1117]], [[149, 1117]], [[149, 1116]], [[150, 1115]], [[150, 1114]], [[151, 1113]], [[151, 1112]], [[151, 1111]], [[150, 1110]], [[150, 1109]], [[149, 1108]], [[148, 1108]], [[147, 1107]], [[146, 1107]], [[145, 1107]], [[144, 1108]], [[143, 1107]], [[142, 1107]], [[141, 1107]], [[140, 1107]], [[139, 1108]], [[138, 1108]], [[137, 1107]], [[136, 1107]], [[135, 1107]], [[134, 1107]]]","[[], [[[151, 1128], [150, 1129], [150, 1130], [150, 1131], [149, 1132], [148, 1132], [147, 1133], [147, 1134], [146, 1135], [145, 1135], [144, 1135], [143, 1135], [142, 1135], [141, 1135], [140, 1135], [140, 1136], [141, 1136], [142, 1136], [143, 1137], [143, 1138], [142, 1139], [141, 1139], [140, 1139], [139, 1139], [138, 1139], [138, 1140], [137, 1141], [137, 1142], [137, 1143], [137, 1144], [138, 1144], [139, 1144], [140, 1144], [140, 1143], [141, 1142], [142, 1141], [142, 1140], [143, 1139], [144, 1139], [145, 1139], [146, 1138], [147, 1139], [148, 1139], [149, 1139], [150, 1139], [150, 1138], [150, 1137], [149, 1136], [149, 1135], [149, 1134], [150, 1133], [150, 1132], [151, 1131], [152, 1131], [153, 1130], [153, 1129], [152, 1129]]]]","[[], 0]"
8,8,"[[[80, 1101]], [[80, 1102]], [[80, 1103]], [[79, 1104]], [[80, 1105]], [[79, 1106]], [[79, 1107]], [[79, 1108]], [[78, 1109]], [[77, 1110]], [[76, 1110]], [[75, 1111]], [[74, 1111]], [[73, 1112]], [[72, 1113]], [[72, 1114]], [[72, 1115]], [[71, 1116]], [[71, 1117]], [[71, 1118]], [[71, 1119]], [[72, 1120]], [[72, 1121]], [[73, 1121]], [[74, 1122]], [[75, 1122]], [[76, 1123]], [[77, 1123]], [[78, 1123]], [[79, 1124]], [[80, 1124]], [[81, 1124]], [[82, 1123]], [[83, 1123]], [[84, 1123]], [[85, 1122]], [[86, 1122]], [[87, 1122]], [[88, 1121]], [[89, 1121]], [[90, 1120]], [[90, 1119]], [[91, 1118]], [[91, 1117]], [[90, 1116]], [[90, 1115]], [[90, 1114]], [[90, 1113]], [[90, 1112]], [[90, 1111]], [[90, 1110]], [[89, 1109]], [[88, 1108]], [[88, 1107]], [[87, 1106]], [[86, 1105]], [[85, 1104]], [[85, 1103]], [[84, 1102]], [[83, 1102]], [[82, 1101]], [[81, 1101]]]",[],[]
9,9,"[[[746, 1092]], [[745, 1093]], [[744, 1093]], [[743, 1094]], [[743, 1095]], [[742, 1096]], [[741, 1096]], [[740, 1096]], [[741, 1097]], [[742, 1098]], [[741, 1099]], [[740, 1100]], [[740, 1101]], [[739, 1102]], [[739, 1103]], [[739, 1104]], [[739, 1105]], [[738, 1106]], [[738, 1107]], [[737, 1108]], [[736, 1109]], [[736, 1110]], [[735, 1111]], [[735, 1112]], [[735, 1113]], [[734, 1114]], [[733, 1115]], [[733, 1116]], [[732, 1117]], [[732, 1118]], [[732, 1119]], [[732, 1120]], [[732, 1121]], [[732, 1122]], [[732, 1123]], [[732, 1124]], [[732, 1125]], [[732, 1126]], [[732, 1127]], [[732, 1128]], [[733, 1129]], [[733, 1130]], [[734, 1131]], [[735, 1131]], [[736, 1132]], [[737, 1132]], [[738, 1132]], [[739, 1133]], [[740, 1134]], [[740, 1135]], [[741, 1135]], [[742, 1135]], [[743, 1136]], [[743, 1137]], [[744, 1137]], [[745, 1137]], [[746, 1138]], [[747, 1138]], [[748, 1138]], [[749, 1138]], [[750, 1138]], [[751, 1138]], [[752, 1137]], [[753, 1138]], [[753, 1137]], [[754, 1136]], [[755, 1136]], [[756, 1135]], [[756, 1134]], [[756, 1133]], [[757, 1132]], [[758, 1131]], [[758, 1130]], [[759, 1129]], [[759, 1128]], [[760, 1127]], [[761, 1126]], [[761, 1125]], [[762, 1124]], [[762, 1123]], [[762, 1122]], [[763, 1121]], [[763, 1120]], [[764, 1119]], [[765, 1118]], [[765, 1117]], [[766, 1116]], [[767, 1116]], [[768, 1115]], [[767, 1114]], [[767, 1113]], [[767, 1112]], [[767, 1111]], [[768, 1110]], [[768, 1109]], [[769, 1108]], [[770, 1108]], [[770, 1107]], [[770, 1106]], [[770, 1105]], [[770, 1104]], [[771, 1103]], [[770, 1102]], [[770, 1101]], [[770, 1100]], [[769, 1099]], [[768, 1098]], [[767, 1097]], [[766, 1097]], [[765, 1096]], [[764, 1095]], [[763, 1095]], [[762, 1095]], [[761, 1094]], [[760, 1093]], [[759, 1093]], [[758, 1093]], [[757, 1093]], [[756, 1094]], [[755, 1094]], [[754, 1093]], [[753, 1093]], [[752, 1093]], [[751, 1093]], [[750, 1092]], [[749, 1092]], [[748, 1092]], [[747, 1092]]]",[[]],[]
10,10,"[[[508, 1062]], [[507, 1063]], [[506, 1064]], [[506, 1065]], [[505, 1066]], [[505, 1067]], [[504, 1068]], [[504, 1069]], [[504, 1070]], [[503, 1071]], [[503, 1072]], [[503, 1073]], [[503, 1074]], [[504, 1075]], [[505, 1076]], [[506, 1076]], [[507, 1077]], [[507, 1078]], [[508, 1077]], [[509, 1078]], [[510, 1078]], [[511, 1078]], [[511, 1077]], [[512, 1076]], [[512, 1075]], [[512, 1074]], [[513, 1073]], [[513, 1072]], [[513, 1071]], [[513, 1070]], [[513, 1069]], [[514, 1068]], [[514, 1067]], [[514, 1066]], [[513, 1065]], [[513, 1064]], [[512, 1063]], [[511, 1063]], [[510, 1063]], [[509, 1062]]]","[[[[499, 1076], [499, 1077], [500, 1078], [501, 1078], [502, 1079], [503, 1080], [503, 1081], [503, 1082], [504, 1082], [505, 1081], [506, 1081], [507, 1081], [508, 1082], [509, 1083], [509, 1084], [509, 1085], [509, 1086], [508, 1087], [507, 1088], [507, 1089], [507, 1090], [507, 1091], [507, 1092], [506, 1093], [507, 1093], [508, 1093], [509, 1093], [510, 1093], [511, 1092], [511, 1091], [512, 1090], [512, 1089], [512, 1088], [513, 1087], [514, 1086], [515, 1085], [516, 1085], [517, 1085], [516, 1084], [515, 1083], [514, 1083], [513, 1082], [512, 1082], [512, 1083], [511, 1084], [510, 1084], [509, 1083], [508, 1082], [507, 1081], [507, 1080], [507, 1079], [506, 1080], [505, 1080], [504, 1080], [503, 1079], [503, 1078], [502, 1077], [501, 1076], [500, 1076]]], []]","[7, []]"
11,11,"[[[479, 1062]], [[478, 1063]], [[477, 1064]], [[477, 1065]], [[476, 1066]], [[475, 1067]], [[475, 1068]], [[474, 1069]], [[473, 1070]], [[473, 1071]], [[472, 1072]], [[471, 1073]], [[470, 1074]], [[470, 1075]], [[470, 1076]], [[469, 1077]], [[469, 1078]], [[468, 1079]], [[467, 1080]], [[466, 1080]], [[465, 1081]], [[464, 1082]], [[463, 1082]], [[462, 1083]], [[462, 1084]], [[461, 1085]], [[460, 1086]], [[459, 1087]], [[458, 1088]], [[457, 1089]], [[457, 1090]], [[456, 1091]], [[456, 1092]], [[455, 1093]], [[455, 1094]], [[454, 1095]], [[454, 1096]], [[454, 1097]], [[454, 1098]], [[453, 1099]], [[453, 1100]], [[453, 1101]], [[453, 1102]], [[452, 1103]], [[452, 1104]], [[452, 1105]], [[452, 1106]], [[451, 1107]], [[452, 1108]], [[451, 1109]], [[452, 1110]], [[452, 1111]], [[452, 1112]], [[453, 1113]], [[453, 1114]], [[453, 1115]], [[453, 1116]], [[452, 1117]], [[452, 1118]], [[451, 1119]], [[450, 1119]], [[449, 1119]], [[448, 1118]], [[447, 1117]], [[447, 1116]], [[448, 1115]], [[449, 1116]], [[450, 1116]], [[449, 1115]], [[449, 1114]], [[448, 1115]], [[447, 1115]], [[446, 1115]], [[445, 1114]], [[444, 1115]], [[443, 1115]], [[442, 1115]], [[441, 1116]], [[441, 1117]], [[441, 1118]], [[440, 1119]], [[439, 1120]], [[439, 1121]], [[438, 1122]], [[437, 1123]], [[437, 1124]], [[436, 1125]], [[436, 1126]], [[436, 1127]], [[437, 1126]], [[438, 1126]], [[439, 1126]], [[440, 1127]], [[440, 1128]], [[440, 1129]], [[439, 1130]], [[438, 1130]], [[438, 1131]], [[438, 1132]], [[438, 1133]], [[439, 1133]], [[440, 1132]], [[441, 1133]], [[441, 1134]], [[442, 1135]], [[442, 1136]], [[442, 1137]], [[441, 1138]], [[441, 1139]], [[441, 1140]], [[441, 1141]], [[442, 1141]], [[443, 1142]], [[444, 1141]], [[445, 1141]], [[445, 1140]], [[445, 1139]], [[446, 1138]], [[447, 1137]], [[448, 1138]], [[449, 1139]], [[450, 1139]], [[451, 1140]], [[452, 1140]], [[453, 1141]], [[454, 1141]], [[455, 1142]], [[456, 1141]], [[457, 1141]], [[458, 1141]], [[458, 1140]], [[458, 1139]], [[459, 1138]], [[460, 1138]], [[461, 1138]], [[462, 1139]], [[463, 1139]], [[464, 1138]], [[465, 1138]], [[466, 1138]], [[467, 1137]], [[468, 1137]], [[468, 1136]], [[469, 1135]], [[470, 1134]], [[471, 1134]], [[472, 1135]], [[473, 1135]], [[474, 1136]], [[474, 1137]], [[474, 1138]], [[473, 1139]], [[472, 1139]], [[471, 1139]], [[471, 1140]], [[471, 1141]], [[471, 1142]], [[471, 1143]], [[472, 1143]], [[473, 1144]], [[474, 1145]], [[475, 1145]], [[476, 1145]], [[477, 1145]], [[477, 1144]], [[477, 1143]], [[478, 1142]], [[477, 1141]], [[477, 1140]], [[477, 1139]], [[477, 1138]], [[477, 1137]], [[478, 1136]], [[478, 1135]], [[477, 1134]], [[477, 1133]], [[478, 1132]], [[478, 1131]], [[478, 1130]], [[478, 1129]], [[478, 1128]], [[478, 1127]], [[479, 1126]], [[479, 1125]], [[480, 1124]], [[481, 1123]], [[482, 1124]], [[483, 1125]], [[484, 1126]], [[484, 1127]], [[485, 1128]], [[485, 1129]], [[485, 1130]], [[485, 1131]], [[485, 1132]], [[486, 1133]], [[486, 1134]], [[487, 1135]], [[487, 1136]], [[488, 1137]], [[488, 1138]], [[488, 1139]], [[488, 1140]], [[488, 1141]], [[489, 1141]], [[490, 1141]], [[491, 1141]], [[492, 1141]], [[493, 1142]], [[494, 1142]], [[495, 1142]], [[496, 1143]], [[497, 1142]], [[498, 1142]], [[499, 1141]], [[500, 1141]], [[501, 1141]], [[502, 1142]], [[501, 1143]], [[501, 1144]], [[501, 1145]], [[500, 1146]], [[499, 1146]], [[500, 1147]], [[499, 1148]], [[499, 1149]], [[499, 1150]], [[500, 1149]], [[501, 1150]], [[502, 1151]], [[503, 1152]], [[503, 1153]], [[503, 1154]], [[504, 1155]], [[504, 1156]], [[505, 1156]], [[506, 1156]], [[507, 1156]], [[508, 1156]], [[509, 1156]], [[510, 1155]], [[511, 1155]], [[512, 1155]], [[513, 1156]], [[514, 1157]], [[515, 1158]], [[516, 1158]], [[517, 1159]], [[518, 1159]], [[519, 1160]], [[518, 1161]], [[519, 1161]], [[520, 1160]], [[521, 1159]], [[522, 1158]], [[523, 1159]], [[523, 1160]], [[523, 1159]], [[524, 1158]], [[525, 1157]], [[525, 1156]], [[526, 1155]], [[527, 1154]], [[528, 1153]], [[529, 1152]], [[530, 1151]], [[531, 1150]], [[531, 1149]], [[532, 1148]], [[532, 1147]], [[532, 1146]], [[531, 1146]], [[530, 1145]], [[529, 1144]], [[529, 1143]], [[528, 1142]], [[528, 1141]], [[527, 1140]], [[527, 1139]], [[526, 1138]], [[525, 1137]], [[524, 1136]], [[523, 1136]], [[522, 1135]], [[521, 1134]], [[520, 1133]], [[520, 1132]], [[519, 1131]], [[519, 1130]], [[518, 1129]], [[517, 1128]], [[516, 1127]], [[515, 1127]], [[514, 1127]], [[513, 1127]], [[513, 1128]], [[512, 1129]], [[511, 1130]], [[510, 1130]], [[509, 1131]], [[508, 1131]], [[507, 1131]], [[506, 1132]], [[506, 1133]], [[506, 1134]], [[506, 1135]], [[505, 1136]], [[504, 1136]], [[503, 1137]], [[502, 1137]], [[501, 1136]], [[500, 1135]], [[499, 1134]], [[498, 1133]], [[497, 1132]], [[497, 1131]], [[497, 1130]], [[498, 1129]], [[498, 1128]], [[499, 1127]], [[499, 1126]], [[499, 1125]], [[499, 1124]], [[499, 1123]], [[498, 1122]], [[498, 1121]], [[498, 1120]], [[498, 1119]], [[498, 1118]], [[499, 1117]], [[499, 1116]], [[499, 1115]], [[499, 1114]], [[500, 1113]], [[501, 1112]], [[502, 1111]], [[502, 1110]], [[502, 1109]], [[502, 1108]], [[503, 1107]], [[503, 1106]], [[503, 1105]], [[503, 1104]], [[503, 1103]], [[503, 1102]], [[503, 1101]], [[503, 1100]], [[503, 1099]], [[503, 1098]], [[503, 1097]], [[504, 1096]], [[504, 1095]], [[504, 1094]], [[505, 1093]], [[505, 1092]], [[506, 1091]], [[506, 1090]], [[506, 1089]], [[506, 1088]], [[506, 1087]], [[505, 1086]], [[505, 1085]], [[505, 1084]], [[505, 1083]], [[505, 1082]], [[504, 1083]], [[503, 1083]], [[502, 1082]], [[502, 1081]], [[502, 1080]], [[501, 1079]], [[500, 1079]], [[499, 1078]], [[498, 1077]], [[498, 1076]], [[498, 1075]], [[497, 1074]], [[497, 1073]], [[496, 1072]], [[496, 1071]], [[495, 1070]], [[494, 1069]], [[494, 1068]], [[493, 1067]], [[493, 1066]], [[492, 1065]], [[491, 1064]], [[490, 1063]], [[489, 1063]], [[488, 1063]], [[487, 1062]], [[486, 1062]], [[485, 1062]], [[484, 1062]], [[483, 1062]], [[482, 1062]], [[481, 1062]], [[480, 1062]]]","[[[[456, 1086], [457, 1087], [456, 1088], [455, 1088], [454, 1088], [453, 1088], [452, 1088], [452, 1089], [453, 1090], [453, 1091], [454, 1092], [453, 1093], [452, 1093], [451, 1094], [452, 1095], [452, 1096], [452, 1097], [452, 1096], [453, 1095], [453, 1094], [453, 1093], [454, 1092], [455, 1091], [456, 1090], [456, 1089], [457, 1088], [458, 1087], [459, 1086], [458, 1086], [457, 1086]]], [], [[[428, 1125], [427, 1126], [426, 1126], [426, 1127], [425, 1128], [425, 1129], [425, 1130], [424, 1131], [425, 1131], [425, 1130], [426, 1129], [427, 1128], [428, 1127], [429, 1127], [430, 1128], [430, 1129], [431, 1130], [432, 1130], [433, 1131], [434, 1132], [434, 1133], [435, 1134], [436, 1135], [436, 1136], [436, 1137], [437, 1138], [438, 1138], [439, 1137], [438, 1136], [437, 1135], [437, 1134], [437, 1133], [437, 1132], [437, 1131], [437, 1130], [438, 1129], [439, 1129], [439, 1128], [439, 1127], [438, 1127], [437, 1127], [436, 1128], [435, 1129], [434, 1128], [433, 1127], [433, 1126], [432, 1126], [431, 1126], [430, 1127], [429, 1127], [428, 1126]]], [[[480, 1133], [479, 1134], [479, 1135], [479, 1136], [478, 1137], [478, 1138], [478, 1139], [478, 1140], [478, 1141], [479, 1142], [480, 1143], [481, 1143], [482, 1144], [482, 1145], [483, 1146], [484, 1147], [485, 1147], [486, 1147], [487, 1148], [487, 1149], [488, 1150], [489, 1151], [489, 1152], [490, 1152], [491, 1151], [492, 1150], [493, 1150], [493, 1149], [494, 1148], [493, 1147], [492, 1146], [491, 1147], [492, 1148], [491, 1149], [490, 1149], [489, 1148], [488, 1147], [488, 1146], [487, 1146], [486, 1146], [485, 1146], [484, 1145], [484, 1144], [484, 1143], [484, 1142], [485, 1141], [486, 1142], [487, 1143], [487, 1144], [487, 1143], [487, 1142], [487, 1141], [487, 1140], [487, 1139], [487, 1138], [487, 1137], [486, 1136], [486, 1135], [485, 1135], [484, 1135], [484, 1136], [484, 1137], [484, 1138], [484, 1139], [484, 1138], [485, 1137], [486, 1137], [487, 1138], [487, 1139], [486, 1140], [485, 1141], [484, 1141], [483, 1142], [482, 1142], [481, 1141], [480, 1141], [479, 1140], [479, 1139], [479, 1138], [479, 1137], [479, 1136], [480, 1135], [481, 1134], [481, 1133]]], [[[497, 1147], [497, 1148], [497, 1149], [497, 1150], [497, 1151], [497, 1152], [496, 1153], [495, 1154], [495, 1155], [494, 1156], [495, 1156], [496, 1156], [497, 1156], [498, 1156], [499, 1156], [500, 1156], [501, 1157], [502, 1158], [503, 1158], [504, 1158], [505, 1158], [504, 1157], [503, 1157], [502, 1157], [501, 1157], [500, 1156], [499, 1156], [498, 1156], [497, 1155], [497, 1154], [497, 1153], [498, 1152], [499, 1152], [500, 1152], [501, 1152], [500, 1152], [499, 1151], [498, 1150], [498, 1149], [498, 1148], [499, 1147], [498, 1147]]], [[[526, 1156], [526, 1157], [525, 1158], [525, 1159], [524, 1160], [523, 1161], [522, 1162], [521, 1162], [520, 1163], [521, 1163], [522, 1164], [522, 1165], [522, 1166], [522, 1167], [523, 1167], [524, 1167], [524, 1166], [524, 1165], [524, 1164], [524, 1163], [524, 1162], [524, 1161], [525, 1160], [526, 1160], [527, 1159], [527, 1158], [526, 1157]]], [[[544, 1136], [545, 1136], [546, 1137], [545, 1138], [544, 1138], [543, 1138], [542, 1138], [541, 1139], [540, 1140], [539, 1140], [538, 1141], [537, 1142], [536, 1143], [535, 1144], [534, 1145], [534, 1146], [534, 1147], [535, 1148], [535, 1149], [535, 1150], [535, 1151], [535, 1152], [534, 1153], [533, 1152], [532, 1152], [531, 1152], [530, 1153], [529, 1153], [528, 1154], [529, 1155], [530, 1155], [531, 1154], [532, 1154], [533, 1154], [534, 1155], [535, 1154], [536, 1153], [537, 1152], [538, 1152], [539, 1153], [540, 1154], [541, 1154], [541, 1153], [541, 1152], [540, 1152], [539, 1151], [538, 1150], [538, 1149], [538, 1148], [538, 1147], [538, 1146], [537, 1145], [537, 1144], [537, 1143], [538, 1142], [539, 1142], [540, 1142], [541, 1142], [542, 1142], [542, 1141], [543, 1140], [544, 1140], [545, 1139], [546, 1138], [547, 1138], [548, 1138], [549, 1139], [550, 1139], [551, 1139], [552, 1139], [553, 1138], [553, 1137], [552, 1137], [551, 1137], [550, 1138], [549, 1138], [548, 1138], [547, 1137], [546, 1136], [545, 1136]]], [[[523, 1119], [523, 1120], [522, 1121], [521, 1121], [520, 1122], [520, 1123], [520, 1124], [520, 1125], [521, 1125], [522, 1126], [521, 1127], [520, 1127], [519, 1127], [518, 1127], [519, 1127], [520, 1128], [520, 1129], [521, 1129], [522, 1128], [523, 1127], [524, 1127], [524, 1126], [523, 1125], [523, 1124], [524, 1123], [524, 1122], [523, 1122], [522, 1121], [523, 1120], [524, 1119]]], [[[499, 1076], [499, 1077], [500, 1078], [501, 1078], [502, 1079], [503, 1080], [503, 1081], [503, 1082], [504, 1082], [505, 1081], [506, 1081], [507, 1081], [508, 1082], [509, 1083], [509, 1084], [509, 1085], [509, 1086], [508, 1087], [507, 1088], [507, 1089], [507, 1090], [507, 1091], [507, 1092], [506, 1093], [507, 1093], [508, 1093], [509, 1093], [510, 1093], [511, 1092], [511, 1091], [512, 1090], [512, 1089], [512, 1088], [513, 1087], [514, 1086], [515, 1085], [516, 1085], [517, 1085], [516, 1084], [515, 1083], [514, 1083], [513, 1082], [512, 1082], [512, 1083], [511, 1084], [510, 1084], [509, 1083], [508, 1082], [507, 1081], [507, 1080], [507, 1079], [506, 1080], [505, 1080], [504, 1080], [503, 1079], [503, 1078], [502, 1077], [501, 1076], [500, 1076]]], [[[483, 1031], [483, 1032], [482, 1033], [483, 1034], [484, 1034], [485, 1034], [486, 1035], [487, 1036], [487, 1037], [487, 1038], [487, 1039], [488, 1040], [489, 1041], [488, 1042], [487, 1042], [487, 1043], [486, 1044], [486, 1045], [486, 1046], [487, 1047], [486, 1048], [486, 1049], [486, 1050], [485, 1051], [484, 1051], [484, 1052], [485, 1053], [485, 1054], [486, 1054], [487, 1054], [488, 1055], [488, 1056], [488, 1057], [487, 1058], [486, 1059], [486, 1060], [486, 1061], [487, 1061], [488, 1062], [489, 1062], [490, 1062], [491, 1062], [491, 1061], [491, 1060], [491, 1059], [491, 1058], [492, 1057], [493, 1057], [494, 1057], [495, 1058], [496, 1059], [497, 1060], [498, 1059], [498, 1058], [498, 1057], [497, 1057], [496, 1057], [495, 1057], [494, 1057], [493, 1056], [493, 1055], [492, 1055], [491, 1054], [490, 1054], [489, 1053], [489, 1052], [488, 1051], [489, 1050], [489, 1049], [489, 1048], [488, 1047], [488, 1046], [489, 1045], [488, 1044], [489, 1043], [489, 1042], [490, 1041], [490, 1040], [490, 1039], [489, 1038], [488, 1037], [488, 1036], [487, 1035], [486, 1034], [485, 1033], [484, 1032]]]]","[8, [], 9, 10, 11, 12, 13, 14, 7, 16]"
12,12,"[[[390, 1060]], [[389, 1061]], [[388, 1061]], [[387, 1062]], [[387, 1063]], [[386, 1064]], [[385, 1065]], [[384, 1066]], [[384, 1067]], [[384, 1068]], [[384, 1069]], [[384, 1070]], [[384, 1071]], [[384, 1072]], [[384, 1073]], [[384, 1074]], [[384, 1075]], [[384, 1076]], [[383, 1077]], [[383, 1078]], [[383, 1079]], [[383, 1080]], [[382, 1081]], [[381, 1080]], [[380, 1080]], [[379, 1080]], [[378, 1080]], [[377, 1079]], [[376, 1078]], [[375, 1077]], [[375, 1076]], [[374, 1075]], [[373, 1075]], [[372, 1075]], [[371, 1075]], [[370, 1075]], [[369, 1075]], [[368, 1075]], [[367, 1074]], [[366, 1075]], [[365, 1075]], [[364, 1076]], [[363, 1077]], [[362, 1078]], [[361, 1079]], [[360, 1079]], [[359, 1079]], [[360, 1080]], [[360, 1081]], [[360, 1082]], [[359, 1083]], [[359, 1084]], [[359, 1085]], [[359, 1086]], [[359, 1087]], [[359, 1088]], [[359, 1089]], [[359, 1090]], [[360, 1091]], [[360, 1092]], [[361, 1093]], [[362, 1094]], [[361, 1095]], [[360, 1096]], [[359, 1096]], [[358, 1097]], [[358, 1098]], [[358, 1099]], [[358, 1100]], [[357, 1101]], [[357, 1102]], [[357, 1103]], [[356, 1104]], [[356, 1105]], [[356, 1106]], [[356, 1107]], [[356, 1108]], [[356, 1109]], [[356, 1110]], [[356, 1111]], [[357, 1112]], [[358, 1113]], [[359, 1113]], [[360, 1113]], [[361, 1113]], [[362, 1114]], [[363, 1115]], [[363, 1116]], [[364, 1116]], [[365, 1116]], [[366, 1117]], [[367, 1118]], [[368, 1118]], [[369, 1119]], [[370, 1119]], [[371, 1120]], [[372, 1120]], [[373, 1121]], [[374, 1122]], [[374, 1123]], [[373, 1124]], [[372, 1125]], [[371, 1126]], [[371, 1127]], [[371, 1128]], [[371, 1129]], [[372, 1130]], [[372, 1131]], [[372, 1132]], [[373, 1133]], [[373, 1134]], [[373, 1135]], [[374, 1136]], [[374, 1137]], [[374, 1138]], [[375, 1139]], [[375, 1140]], [[374, 1141]], [[373, 1141]], [[372, 1141]], [[371, 1140]], [[371, 1139]], [[370, 1139]], [[369, 1138]], [[368, 1138]], [[367, 1138]], [[366, 1138]], [[365, 1137]], [[364, 1138]], [[364, 1139]], [[363, 1140]], [[362, 1141]], [[361, 1141]], [[362, 1141]], [[363, 1141]], [[364, 1142]], [[365, 1143]], [[365, 1144]], [[364, 1145]], [[365, 1146]], [[365, 1147]], [[366, 1148]], [[366, 1149]], [[367, 1149]], [[368, 1149]], [[369, 1149]], [[370, 1149]], [[371, 1149]], [[372, 1149]], [[373, 1148]], [[373, 1147]], [[373, 1146]], [[373, 1145]], [[373, 1144]], [[372, 1143]], [[373, 1142]], [[374, 1141]], [[375, 1141]], [[376, 1142]], [[377, 1142]], [[378, 1143]], [[379, 1143]], [[380, 1143]], [[381, 1143]], [[382, 1143]], [[383, 1142]], [[384, 1142]], [[385, 1141]], [[386, 1142]], [[387, 1142]], [[388, 1142]], [[389, 1142]], [[390, 1142]], [[391, 1142]], [[392, 1142]], [[393, 1142]], [[393, 1141]], [[394, 1140]], [[394, 1139]], [[395, 1138]], [[395, 1137]], [[394, 1136]], [[394, 1135]], [[394, 1134]], [[393, 1133]], [[393, 1132]], [[392, 1131]], [[391, 1130]], [[390, 1129]], [[389, 1128]], [[389, 1127]], [[390, 1126]], [[391, 1126]], [[392, 1126]], [[393, 1125]], [[394, 1124]], [[395, 1124]], [[396, 1124]], [[397, 1124]], [[398, 1124]], [[399, 1123]], [[400, 1122]], [[401, 1121]], [[402, 1120]], [[403, 1119]], [[403, 1118]], [[404, 1117]], [[404, 1116]], [[404, 1115]], [[404, 1114]], [[405, 1113]], [[404, 1112]], [[404, 1111]], [[405, 1110]], [[406, 1109]], [[407, 1109]], [[408, 1109]], [[409, 1109]], [[410, 1109]], [[411, 1109]], [[412, 1109]], [[413, 1108]], [[414, 1108]], [[415, 1108]], [[416, 1108]], [[417, 1107]], [[418, 1107]], [[419, 1107]], [[420, 1107]], [[421, 1106]], [[422, 1105]], [[423, 1105]], [[423, 1104]], [[424, 1103]], [[425, 1102]], [[426, 1102]], [[426, 1101]], [[426, 1100]], [[427, 1099]], [[427, 1098]], [[427, 1097]], [[427, 1096]], [[427, 1095]], [[427, 1094]], [[426, 1093]], [[426, 1092]], [[426, 1091]], [[426, 1090]], [[426, 1089]], [[426, 1088]], [[426, 1089]], [[425, 1090]], [[424, 1090]], [[423, 1091]], [[422, 1090]], [[421, 1090]], [[420, 1090]], [[419, 1089]], [[418, 1089]], [[417, 1089]], [[416, 1089]], [[415, 1088]], [[415, 1087]], [[414, 1086]], [[414, 1085]], [[413, 1084]], [[413, 1083]], [[414, 1082]], [[414, 1081]], [[414, 1080]], [[415, 1079]], [[415, 1078]], [[415, 1077]], [[415, 1076]], [[416, 1075]], [[415, 1074]], [[414, 1074]], [[413, 1075]], [[412, 1074]], [[411, 1073]], [[411, 1074]], [[412, 1075]], [[412, 1076]], [[411, 1077]], [[410, 1078]], [[409, 1077]], [[408, 1076]], [[408, 1075]], [[407, 1074]], [[407, 1073]], [[408, 1072]], [[409, 1071]], [[408, 1071]], [[407, 1070]], [[407, 1069]], [[407, 1068]], [[407, 1067]], [[406, 1066]], [[406, 1065]], [[406, 1064]], [[406, 1063]], [[405, 1062]], [[404, 1062]], [[403, 1062]], [[402, 1062]], [[401, 1061]], [[400, 1061]], [[399, 1060]], [[398, 1060]], [[397, 1060]], [[396, 1060]], [[395, 1060]], [[394, 1060]], [[393, 1060]], [[392, 1060]], [[391, 1060]]]","[[], [[[365, 1135], [364, 1136], [363, 1136], [363, 1137], [362, 1138], [361, 1139], [360, 1139], [359, 1140], [358, 1140], [357, 1140], [356, 1139], [355, 1138], [355, 1137], [354, 1137], [353, 1138], [352, 1139], [352, 1140], [353, 1141], [354, 1141], [355, 1141], [356, 1141], [357, 1141], [358, 1142], [359, 1142], [360, 1142], [361, 1142], [362, 1142], [361, 1142], [360, 1141], [361, 1140], [362, 1140], [363, 1139], [363, 1138], [364, 1137], [365, 1136], [366, 1137], [367, 1137], [368, 1137], [369, 1137], [368, 1136], [367, 1135], [366, 1135]]], [[[380, 1121], [380, 1122], [381, 1122], [382, 1122], [383, 1123], [384, 1123], [385, 1124], [386, 1124], [387, 1124], [388, 1125], [388, 1126], [389, 1126], [390, 1127], [390, 1128], [391, 1129], [392, 1129], [391, 1128], [391, 1127], [390, 1127], [389, 1126], [388, 1125], [387, 1124], [386, 1123], [385, 1123], [384, 1122], [383, 1122], [382, 1122], [381, 1121]]], [[[424, 1104], [424, 1105], [423, 1106], [422, 1107], [421, 1107], [421, 1108], [422, 1109], [423, 1108], [424, 1109], [424, 1110], [424, 1111], [423, 1112], [422, 1112], [421, 1113], [420, 1113], [419, 1113], [418, 1114], [417, 1115], [418, 1115], [419, 1114], [420, 1114], [421, 1114], [422, 1115], [422, 1116], [423, 1116], [424, 1115], [425, 1115], [426, 1114], [426, 1113], [426, 1112], [427, 1111], [427, 1110], [427, 1109], [426, 1108], [426, 1107], [426, 1106], [426, 1105], [426, 1104], [425, 1104]]], [[[407, 1064], [407, 1065], [407, 1066], [408, 1067], [408, 1068], [408, 1069], [408, 1070], [409, 1070], [410, 1071], [409, 1072], [408, 1073], [408, 1074], [409, 1075], [409, 1076], [410, 1077], [411, 1076], [411, 1075], [410, 1074], [410, 1073], [411, 1072], [412, 1072], [413, 1073], [413, 1074], [414, 1073], [415, 1072], [416, 1072], [415, 1072], [414, 1072], [413, 1072], [412, 1071], [411, 1070], [411, 1069], [411, 1068], [412, 1067], [412, 1066], [411, 1066], [410, 1065], [409, 1064], [408, 1064]]]]","[[], 17, 18, 19, 20]"
13,13,"[[[48, 1059]], [[47, 1060]], [[46, 1060]], [[45, 1060]], [[46, 1061]], [[46, 1062]], [[45, 1063]], [[44, 1064]], [[43, 1064]], [[42, 1065]], [[41, 1066]], [[40, 1066]], [[40, 1067]], [[41, 1068]], [[41, 1069]], [[40, 1070]], [[40, 1071]], [[40, 1072]], [[40, 1073]], [[41, 1073]], [[42, 1073]], [[43, 1073]], [[44, 1073]], [[45, 1073]], [[46, 1074]], [[47, 1075]], [[46, 1076]], [[45, 1077]], [[44, 1076]], [[43, 1077]], [[43, 1078]], [[44, 1077]], [[45, 1077]], [[46, 1076]], [[47, 1076]], [[48, 1076]], [[49, 1076]], [[50, 1076]], [[51, 1076]], [[52, 1077]], [[52, 1078]], [[51, 1079]], [[50, 1079]], [[49, 1079]], [[48, 1079]], [[47, 1080]], [[46, 1080]], [[45, 1079]], [[44, 1080]], [[43, 1080]], [[43, 1081]], [[43, 1082]], [[42, 1083]], [[41, 1083]], [[40, 1084]], [[40, 1085]], [[41, 1086]], [[42, 1087]], [[43, 1088]], [[44, 1089]], [[45, 1090]], [[46, 1091]], [[46, 1092]], [[47, 1093]], [[48, 1094]], [[49, 1094]], [[50, 1095]], [[51, 1095]], [[52, 1096]], [[53, 1097]], [[54, 1098]], [[55, 1098]], [[56, 1099]], [[57, 1100]], [[58, 1100]], [[59, 1101]], [[60, 1102]], [[61, 1103]], [[62, 1104]], [[63, 1104]], [[64, 1104]], [[65, 1104]], [[66, 1104]], [[67, 1103]], [[68, 1103]], [[69, 1102]], [[70, 1101]], [[71, 1101]], [[72, 1100]], [[73, 1100]], [[73, 1099]], [[73, 1098]], [[74, 1097]], [[74, 1096]], [[74, 1095]], [[75, 1094]], [[76, 1094]], [[75, 1093]], [[74, 1092]], [[74, 1091]], [[74, 1090]], [[75, 1089]], [[75, 1088]], [[76, 1087]], [[77, 1086]], [[78, 1085]], [[78, 1084]], [[78, 1083]], [[77, 1082]], [[76, 1082]], [[75, 1082]], [[74, 1081]], [[73, 1080]], [[73, 1079]], [[72, 1079]], [[71, 1078]], [[70, 1077]], [[69, 1076]], [[69, 1075]], [[69, 1074]], [[69, 1073]], [[68, 1072]], [[68, 1071]], [[68, 1070]], [[68, 1069]], [[67, 1069]], [[66, 1068]], [[66, 1067]], [[65, 1066]], [[65, 1065]], [[65, 1064]], [[65, 1063]], [[64, 1062]], [[64, 1061]], [[64, 1060]], [[63, 1060]], [[62, 1060]], [[61, 1060]], [[60, 1060]], [[59, 1060]], [[58, 1060]], [[57, 1060]], [[56, 1059]], [[55, 1059]], [[55, 1060]], [[56, 1061]], [[57, 1061]], [[58, 1060]], [[59, 1060]], [[60, 1060]], [[61, 1060]], [[62, 1060]], [[63, 1060]], [[64, 1061]], [[63, 1062]], [[63, 1063]], [[62, 1064]], [[62, 1065]], [[62, 1066]], [[61, 1067]], [[62, 1068]], [[62, 1069]], [[62, 1070]], [[62, 1071]], [[61, 1072]], [[60, 1072]], [[59, 1072]], [[58, 1072]], [[57, 1072]], [[56, 1071]], [[56, 1070]], [[56, 1071]], [[55, 1072]], [[54, 1073]], [[53, 1072]], [[52, 1071]], [[51, 1070]], [[50, 1069]], [[50, 1068]], [[51, 1067]], [[52, 1067]], [[52, 1066]], [[51, 1065]], [[50, 1065]], [[49, 1065]], [[48, 1064]], [[47, 1064]], [[46, 1063]], [[46, 1062]], [[46, 1061]], [[47, 1060]], [[48, 1060]], [[49, 1060]], [[49, 1059]]]","[[[[108, 1053], [107, 1054], [106, 1054], [105, 1055], [104, 1055], [103, 1055], [102, 1055], [101, 1056], [100, 1056], [99, 1057], [98, 1058], [97, 1058], [96, 1058], [95, 1058], [94, 1059], [93, 1059], [92, 1058], [92, 1057], [91, 1056], [90, 1056], [89, 1055], [88, 1054], [87, 1055], [86, 1056], [85, 1056], [84, 1056], [83, 1057], [83, 1058], [82, 1059], [81, 1059], [80, 1059], [80, 1060], [80, 1061], [79, 1062], [78, 1061], [77, 1061], [76, 1060], [75, 1059], [75, 1058], [74, 1058], [73, 1057], [72, 1057], [71, 1057], [70, 1056], [69, 1056], [68, 1055], [67, 1056], [66, 1057], [65, 1057], [64, 1057], [63, 1057], [62, 1056], [61, 1056], [60, 1056], [59, 1056], [58, 1056], [57, 1056], [56, 1055], [55, 1055], [54, 1056], [53, 1057], [52, 1057], [51, 1057], [50, 1056], [50, 1055], [49, 1055], [48, 1055], [47, 1056], [46, 1056], [45, 1055], [44, 1055], [43, 1055], [42, 1055], [42, 1056], [41, 1057], [40, 1057], [39, 1057], [38, 1056], [37, 1057], [36, 1057], [35, 1058], [36, 1059], [37, 1059], [38, 1058], [39, 1059], [40, 1059], [41, 1059], [42, 1059], [43, 1059], [44, 1059], [45, 1059], [46, 1059], [47, 1059], [48, 1058], [49, 1058], [50, 1058], [51, 1059], [51, 1060], [52, 1060], [53, 1060], [54, 1059], [55, 1058], [56, 1058], [57, 1059], [58, 1059], [59, 1059], [60, 1059], [61, 1059], [62, 1059], [63, 1059], [64, 1059], [65, 1059], [66, 1059], [67, 1059], [68, 1059], [69, 1059], [70, 1059], [71, 1059], [72, 1060], [73, 1061], [74, 1061], [75, 1062], [76, 1062], [77, 1063], [78, 1063], [79, 1064], [80, 1065], [80, 1066], [80, 1067], [81, 1068], [82, 1068], [81, 1067], [81, 1066], [80, 1065], [81, 1064], [81, 1063], [81, 1062], [82, 1061], [83, 1060], [83, 1059], [83, 1058], [84, 1057], [85, 1057], [86, 1057], [87, 1056], [88, 1056], [89, 1057], [90, 1058], [91, 1059], [92, 1059], [93, 1060], [94, 1060], [95, 1060], [96, 1060], [97, 1059], [98, 1059], [99, 1059], [100, 1059], [101, 1059], [102, 1058], [102, 1057], [103, 1056], [104, 1055], [105, 1055], [106, 1055], [107, 1055], [108, 1056], [109, 1057], [110, 1058], [111, 1058], [112, 1059], [113, 1059], [113, 1058], [113, 1057], [112, 1057], [111, 1056], [110, 1055], [109, 1054]]], [], [[[43, 1079], [42, 1080], [41, 1080], [41, 1081], [40, 1082], [39, 1082], [38, 1082], [37, 1081], [36, 1081], [35, 1082], [35, 1083], [36, 1083], [37, 1084], [38, 1085], [39, 1086], [39, 1087], [39, 1088], [40, 1089], [41, 1090], [42, 1091], [43, 1091], [44, 1092], [45, 1093], [46, 1094], [46, 1095], [47, 1095], [48, 1096], [48, 1097], [49, 1096], [48, 1095], [47, 1094], [46, 1093], [45, 1092], [45, 1091], [44, 1090], [43, 1089], [42, 1088], [41, 1087], [40, 1086], [39, 1085], [39, 1084], [40, 1083], [41, 1082], [42, 1082], [42, 1081], [42, 1080]]]]","[21, [], 22]"
14,14,"[[[756, 1056]], [[755, 1057]], [[755, 1058]], [[754, 1059]], [[753, 1059]], [[752, 1060]], [[751, 1060]], [[750, 1060]], [[749, 1061]], [[748, 1062]], [[747, 1062]], [[747, 1063]], [[747, 1064]], [[747, 1065]], [[747, 1066]], [[747, 1067]], [[747, 1068]], [[747, 1069]], [[747, 1070]], [[746, 1071]], [[745, 1072]], [[745, 1073]], [[746, 1074]], [[747, 1075]], [[748, 1075]], [[749, 1075]], [[750, 1075]], [[751, 1075]], [[752, 1074]], [[753, 1074]], [[754, 1075]], [[755, 1075]], [[756, 1076]], [[757, 1077]], [[758, 1077]], [[759, 1077]], [[760, 1077]], [[761, 1076]], [[762, 1075]], [[762, 1074]], [[762, 1073]], [[763, 1072]], [[763, 1071]], [[764, 1070]], [[764, 1069]], [[764, 1068]], [[763, 1067]], [[763, 1066]], [[763, 1065]], [[763, 1064]], [[763, 1063]], [[763, 1062]], [[762, 1061]], [[762, 1060]], [[761, 1059]], [[761, 1058]], [[760, 1057]], [[759, 1056]], [[758, 1056]], [[757, 1056]]]",[[]],[]
15,15,"[[[308, 1056]], [[307, 1057]], [[306, 1058]], [[305, 1058]], [[304, 1059]], [[303, 1059]], [[303, 1060]], [[302, 1061]], [[301, 1062]], [[301, 1063]], [[301, 1064]], [[300, 1065]], [[300, 1066]], [[300, 1067]], [[300, 1068]], [[300, 1069]], [[300, 1070]], [[301, 1070]], [[302, 1070]], [[303, 1071]], [[304, 1071]], [[305, 1072]], [[306, 1073]], [[307, 1074]], [[308, 1075]], [[309, 1075]], [[310, 1076]], [[311, 1076]], [[312, 1076]], [[313, 1077]], [[314, 1078]], [[315, 1077]], [[316, 1077]], [[317, 1077]], [[318, 1078]], [[319, 1077]], [[320, 1077]], [[321, 1077]], [[322, 1076]], [[323, 1076]], [[324, 1076]], [[325, 1075]], [[326, 1075]], [[326, 1074]], [[326, 1073]], [[326, 1072]], [[327, 1071]], [[327, 1070]], [[327, 1069]], [[327, 1068]], [[326, 1067]], [[326, 1066]], [[325, 1065]], [[324, 1064]], [[323, 1063]], [[322, 1062]], [[322, 1061]], [[321, 1060]], [[320, 1060]], [[319, 1059]], [[318, 1059]], [[317, 1058]], [[316, 1058]], [[315, 1057]], [[314, 1057]], [[313, 1057]], [[312, 1057]], [[311, 1056]], [[310, 1056]], [[309, 1056]]]","[[[[300, 1072], [300, 1073], [299, 1074], [298, 1074], [298, 1075], [297, 1076], [296, 1077], [297, 1077], [298, 1078], [299, 1079], [300, 1079], [301, 1078], [302, 1078], [301, 1078], [300, 1077], [300, 1076], [300, 1075], [301, 1074], [302, 1074], [303, 1075], [303, 1076], [304, 1077], [304, 1078], [305, 1078], [306, 1078], [307, 1078], [308, 1078], [308, 1077], [308, 1076], [307, 1075], [306, 1074], [305, 1073], [304, 1072], [303, 1072], [302, 1072], [301, 1072]]], []]","[23, []]"
16,16,"[[[634, 1048]], [[633, 1049]], [[632, 1049]], [[631, 1050]], [[630, 1051]], [[629, 1052]], [[628, 1053]], [[627, 1053]], [[626, 1053]], [[626, 1054]], [[626, 1055]], [[625, 1056]], [[625, 1057]], [[626, 1058]], [[627, 1059]], [[628, 1059]], [[629, 1059]], [[630, 1059]], [[631, 1059]], [[632, 1059]], [[633, 1058]], [[634, 1058]], [[635, 1057]], [[636, 1056]], [[637, 1055]], [[637, 1054]], [[637, 1053]], [[637, 1052]], [[637, 1051]], [[636, 1050]], [[636, 1049]], [[635, 1048]]]","[[], [[[619, 1053], [620, 1054], [620, 1055], [620, 1056], [621, 1057], [621, 1058], [621, 1059], [622, 1059], [623, 1060], [624, 1060], [625, 1060], [626, 1061], [627, 1062], [628, 1063], [629, 1063], [629, 1062], [629, 1061], [628, 1061], [627, 1060], [626, 1059], [625, 1059], [624, 1058], [624, 1057], [623, 1056], [622, 1055], [621, 1056], [620, 1055], [620, 1054], [620, 1053]]]]","[[], 24]"
17,17,"[[[16, 1047]], [[16, 1048]], [[15, 1049]], [[14, 1050]], [[14, 1051]], [[14, 1052]], [[15, 1052]], [[16, 1052]], [[17, 1053]], [[17, 1054]], [[17, 1055]], [[17, 1056]], [[18, 1057]], [[19, 1056]], [[20, 1056]], [[21, 1056]], [[22, 1056]], [[23, 1055]], [[24, 1054]], [[25, 1054]], [[26, 1053]], [[25, 1052]], [[25, 1051]], [[24, 1050]], [[23, 1049]], [[22, 1048]], [[22, 1047]], [[21, 1047]], [[20, 1047]], [[19, 1047]], [[18, 1047]], [[17, 1047]]]","[[[[12, 1051], [12, 1052], [13, 1053], [14, 1054], [14, 1055], [15, 1056], [15, 1057], [16, 1058], [16, 1059], [16, 1060], [17, 1060], [18, 1060], [19, 1061], [20, 1061], [21, 1060], [21, 1059], [22, 1058], [22, 1057], [21, 1057], [21, 1058], [20, 1059], [19, 1059], [18, 1058], [17, 1057], [16, 1056], [15, 1055], [14, 1054], [13, 1053], [13, 1052], [13, 1051]]], []]","[25, []]"
18,18,"[[[259, 1009]], [[258, 1010]], [[257, 1011]], [[256, 1012]], [[255, 1012]], [[254, 1013]], [[253, 1013]], [[252, 1013]], [[251, 1014]], [[250, 1015]], [[249, 1016]], [[248, 1016]], [[247, 1017]], [[246, 1017]], [[245, 1017]], [[244, 1017]], [[243, 1018]], [[242, 1019]], [[241, 1020]], [[240, 1020]], [[239, 1021]], [[238, 1022]], [[237, 1022]], [[236, 1023]], [[235, 1023]], [[234, 1023]], [[233, 1024]], [[232, 1024]], [[231, 1024]], [[230, 1025]], [[229, 1025]], [[228, 1025]], [[227, 1026]], [[226, 1027]], [[226, 1028]], [[225, 1029]], [[225, 1030]], [[225, 1031]], [[225, 1032]], [[225, 1033]], [[225, 1034]], [[225, 1035]], [[225, 1036]], [[225, 1037]], [[225, 1038]], [[225, 1039]], [[225, 1040]], [[225, 1041]], [[225, 1042]], [[226, 1043]], [[226, 1044]], [[227, 1045]], [[227, 1046]], [[227, 1047]], [[227, 1048]], [[228, 1049]], [[228, 1050]], [[228, 1051]], [[227, 1052]], [[226, 1053]], [[225, 1053]], [[224, 1053]], [[223, 1054]], [[222, 1055]], [[221, 1056]], [[220, 1056]], [[219, 1057]], [[218, 1058]], [[217, 1059]], [[218, 1060]], [[217, 1061]], [[216, 1062]], [[215, 1062]], [[214, 1062]], [[213, 1063]], [[212, 1063]], [[211, 1064]], [[210, 1064]], [[209, 1065]], [[208, 1065]], [[207, 1065]], [[206, 1065]], [[205, 1065]], [[204, 1066]], [[203, 1066]], [[202, 1067]], [[201, 1068]], [[200, 1069]], [[199, 1070]], [[198, 1070]], [[197, 1071]], [[196, 1071]], [[195, 1070]], [[194, 1070]], [[193, 1070]], [[192, 1070]], [[191, 1069]], [[190, 1069]], [[189, 1069]], [[188, 1069]], [[187, 1070]], [[186, 1070]], [[185, 1070]], [[184, 1069]], [[183, 1069]], [[182, 1070]], [[181, 1070]], [[180, 1070]], [[179, 1071]], [[178, 1071]], [[177, 1071]], [[176, 1072]], [[175, 1073]], [[174, 1073]], [[173, 1073]], [[172, 1074]], [[171, 1075]], [[170, 1076]], [[169, 1077]], [[168, 1078]], [[168, 1079]], [[168, 1080]], [[167, 1081]], [[166, 1082]], [[166, 1083]], [[166, 1084]], [[166, 1085]], [[165, 1086]], [[165, 1087]], [[164, 1088]], [[164, 1089]], [[164, 1090]], [[165, 1091]], [[165, 1092]], [[165, 1093]], [[165, 1094]], [[166, 1095]], [[167, 1096]], [[167, 1097]], [[166, 1098]], [[167, 1099]], [[167, 1100]], [[168, 1099]], [[169, 1100]], [[169, 1101]], [[169, 1102]], [[169, 1103]], [[169, 1104]], [[169, 1105]], [[169, 1106]], [[170, 1107]], [[170, 1108]], [[171, 1108]], [[172, 1109]], [[173, 1108]], [[174, 1109]], [[175, 1109]], [[176, 1109]], [[177, 1110]], [[176, 1111]], [[176, 1112]], [[177, 1112]], [[178, 1113]], [[179, 1114]], [[180, 1115]], [[181, 1114]], [[182, 1114]], [[183, 1115]], [[183, 1116]], [[184, 1117]], [[185, 1118]], [[184, 1119]], [[185, 1119]], [[186, 1120]], [[187, 1120]], [[188, 1120]], [[189, 1121]], [[190, 1121]], [[191, 1122]], [[192, 1123]], [[192, 1124]], [[192, 1125]], [[193, 1126]], [[193, 1127]], [[194, 1127]], [[195, 1128]], [[196, 1129]], [[196, 1130]], [[196, 1131]], [[196, 1132]], [[196, 1133]], [[195, 1134]], [[196, 1135]], [[196, 1136]], [[197, 1136]], [[198, 1137]], [[199, 1138]], [[199, 1139]], [[200, 1140]], [[200, 1141]], [[201, 1142]], [[201, 1143]], [[202, 1144]], [[203, 1145]], [[204, 1146]], [[205, 1146]], [[206, 1146]], [[207, 1146]], [[208, 1146]], [[209, 1146]], [[210, 1146]], [[211, 1145]], [[212, 1146]], [[213, 1145]], [[214, 1145]], [[215, 1144]], [[216, 1143]], [[217, 1142]], [[218, 1142]], [[219, 1141]], [[220, 1141]], [[221, 1141]], [[222, 1140]], [[223, 1140]], [[224, 1140]], [[225, 1141]], [[226, 1142]], [[227, 1142]], [[228, 1142]], [[229, 1141]], [[230, 1141]], [[231, 1141]], [[232, 1140]], [[233, 1140]], [[234, 1140]], [[235, 1139]], [[235, 1138]], [[235, 1137]], [[235, 1136]], [[235, 1135]], [[235, 1134]], [[235, 1133]], [[235, 1132]], [[236, 1131]], [[237, 1130]], [[237, 1129]], [[237, 1128]], [[237, 1127]], [[238, 1126]], [[238, 1125]], [[239, 1124]], [[240, 1123]], [[241, 1123]], [[242, 1122]], [[243, 1122]], [[244, 1121]], [[245, 1121]], [[246, 1120]], [[247, 1120]], [[248, 1120]], [[249, 1119]], [[250, 1118]], [[251, 1117]], [[252, 1116]], [[252, 1115]], [[253, 1114]], [[254, 1113]], [[255, 1112]], [[256, 1111]], [[256, 1110]], [[256, 1109]], [[256, 1108]], [[256, 1107]], [[256, 1106]], [[256, 1105]], [[256, 1104]], [[257, 1103]], [[258, 1102]], [[259, 1102]], [[259, 1101]], [[259, 1100]], [[260, 1099]], [[260, 1098]], [[261, 1097]], [[261, 1096]], [[262, 1095]], [[263, 1094]], [[263, 1093]], [[264, 1092]], [[264, 1091]], [[265, 1090]], [[265, 1089]], [[266, 1088]], [[267, 1087]], [[267, 1086]], [[268, 1085]], [[268, 1084]], [[268, 1083]], [[269, 1082]], [[269, 1081]], [[269, 1080]], [[270, 1079]], [[270, 1078]], [[270, 1077]], [[270, 1076]], [[271, 1075]], [[271, 1074]], [[271, 1073]], [[272, 1072]], [[272, 1071]], [[273, 1070]], [[274, 1069]], [[275, 1068]], [[275, 1067]], [[275, 1066]], [[276, 1065]], [[276, 1064]], [[276, 1063]], [[277, 1062]], [[277, 1061]], [[278, 1060]], [[279, 1059]], [[279, 1058]], [[278, 1057]], [[278, 1056]], [[278, 1055]], [[278, 1054]], [[279, 1053]], [[279, 1052]], [[279, 1051]], [[279, 1050]], [[279, 1049]], [[280, 1048]], [[280, 1047]], [[280, 1046]], [[281, 1045]], [[282, 1045]], [[282, 1044]], [[282, 1043]], [[282, 1042]], [[283, 1041]], [[283, 1040]], [[283, 1039]], [[282, 1038]], [[282, 1037]], [[282, 1036]], [[281, 1035]], [[281, 1034]], [[281, 1033]], [[280, 1032]], [[280, 1031]], [[280, 1030]], [[280, 1029]], [[280, 1028]], [[279, 1027]], [[279, 1026]], [[279, 1025]], [[278, 1024]], [[277, 1023]], [[276, 1022]], [[275, 1021]], [[274, 1020]], [[273, 1019]], [[272, 1019]], [[271, 1018]], [[270, 1017]], [[270, 1016]], [[269, 1015]], [[268, 1014]], [[268, 1013]], [[267, 1013]], [[266, 1012]], [[265, 1011]], [[265, 1010]], [[264, 1010]], [[263, 1009]], [[262, 1009]], [[261, 1009]], [[260, 1009]]]","[[[[256, 1002], [256, 1003], [256, 1004], [256, 1005], [257, 1005], [258, 1006], [259, 1007], [258, 1008], [258, 1009], [259, 1008], [260, 1008], [261, 1008], [262, 1008], [263, 1008], [264, 1009], [265, 1009], [266, 1010], [266, 1011], [267, 1012], [268, 1012], [269, 1012], [268, 1012], [267, 1011], [266, 1010], [265, 1009], [264, 1008], [264, 1007], [263, 1007], [262, 1007], [261, 1007], [260, 1007], [259, 1007], [258, 1006], [258, 1005], [257, 1004], [258, 1003], [257, 1002]]], [], [[[224, 1013], [223, 1014], [222, 1014], [222, 1015], [223, 1016], [224, 1016], [225, 1017], [226, 1018], [227, 1019], [227, 1020], [226, 1021], [226, 1022], [226, 1023], [227, 1023], [228, 1023], [229, 1024], [230, 1024], [231, 1023], [232, 1023], [233, 1023], [234, 1022], [235, 1022], [236, 1022], [237, 1021], [238, 1021], [239, 1020], [238, 1020], [237, 1020], [236, 1021], [235, 1021], [234, 1021], [233, 1021], [232, 1022], [231, 1023], [230, 1023], [229, 1022], [229, 1021], [230, 1020], [229, 1019], [228, 1018], [227, 1017], [226, 1017], [225, 1016], [224, 1015], [223, 1014]]], [[[193, 1057], [193, 1058], [192, 1059], [192, 1060], [191, 1061], [191, 1062], [191, 1063], [190, 1064], [190, 1065], [189, 1066], [189, 1067], [188, 1068], [189, 1068], [190, 1068], [191, 1068], [191, 1067], [192, 1066], [193, 1065], [192, 1064], [192, 1063], [192, 1062], [192, 1061], [193, 1060], [194, 1059], [194, 1058], [194, 1057]]], [[[167, 1076], [166, 1077], [165, 1078], [164, 1079], [163, 1079], [162, 1080], [162, 1081], [163, 1082], [163, 1083], [164, 1084], [163, 1085], [163, 1086], [162, 1087], [162, 1088], [162, 1089], [163, 1090], [163, 1089], [163, 1088], [164, 1087], [164, 1086], [165, 1085], [165, 1084], [165, 1083], [165, 1082], [166, 1081], [167, 1080], [167, 1079], [167, 1078], [168, 1077], [168, 1076]]], [[[181, 1115], [180, 1116], [180, 1117], [181, 1118], [181, 1119], [182, 1120], [182, 1121], [183, 1122], [184, 1122], [185, 1123], [185, 1124], [185, 1125], [186, 1125], [187, 1125], [188, 1125], [189, 1126], [190, 1126], [191, 1127], [191, 1128], [192, 1128], [193, 1128], [194, 1129], [194, 1130], [194, 1131], [195, 1132], [195, 1133], [195, 1132], [195, 1131], [195, 1130], [195, 1129], [194, 1129], [193, 1128], [192, 1127], [192, 1126], [191, 1125], [191, 1124], [191, 1123], [190, 1122], [189, 1122], [188, 1122], [187, 1122], [186, 1122], [185, 1121], [184, 1120], [183, 1119], [184, 1118], [183, 1117], [182, 1116], [182, 1115]]], [[[196, 1137], [197, 1138], [196, 1139], [195, 1140], [196, 1141], [197, 1141], [198, 1142], [199, 1143], [200, 1144], [200, 1145], [201, 1146], [201, 1147], [202, 1147], [203, 1148], [203, 1149], [204, 1149], [205, 1150], [206, 1150], [207, 1150], [208, 1150], [209, 1150], [210, 1150], [211, 1149], [212, 1149], [213, 1149], [213, 1148], [213, 1147], [212, 1147], [211, 1148], [210, 1148], [209, 1148], [208, 1149], [207, 1149], [206, 1149], [205, 1148], [204, 1148], [203, 1147], [202, 1146], [202, 1145], [201, 1144], [200, 1143], [200, 1142], [199, 1141], [199, 1140], [198, 1139], [198, 1138], [197, 1138]]]]","[26, [], 27, 28, 29, 30, 31]"
19,19,"[[[394, 1007]], [[393, 1008]], [[392, 1008]], [[391, 1008]], [[390, 1009]], [[389, 1010]], [[389, 1011]], [[389, 1012]], [[388, 1013]], [[388, 1014]], [[387, 1015]], [[386, 1016]], [[385, 1017]], [[385, 1018]], [[384, 1019]], [[384, 1020]], [[383, 1021]], [[382, 1021]], [[381, 1020]], [[380, 1020]], [[381, 1021]], [[380, 1022]], [[379, 1023]], [[378, 1023]], [[377, 1022]], [[376, 1022]], [[375, 1022]], [[375, 1023]], [[374, 1024]], [[373, 1024]], [[372, 1024]], [[371, 1024]], [[370, 1024]], [[369, 1024]], [[368, 1025]], [[367, 1025]], [[366, 1026]], [[365, 1027]], [[365, 1028]], [[365, 1029]], [[366, 1029]], [[367, 1029]], [[368, 1029]], [[369, 1029]], [[370, 1028]], [[371, 1028]], [[372, 1027]], [[373, 1026]], [[374, 1026]], [[375, 1027]], [[375, 1028]], [[375, 1029]], [[375, 1030]], [[375, 1031]], [[375, 1032]], [[375, 1033]], [[375, 1034]], [[376, 1035]], [[377, 1035]], [[378, 1035]], [[379, 1035]], [[380, 1035]], [[381, 1035]], [[382, 1034]], [[382, 1033]], [[383, 1032]], [[384, 1031]], [[384, 1030]], [[384, 1029]], [[385, 1028]], [[385, 1027]], [[385, 1026]], [[386, 1025]], [[387, 1024]], [[388, 1024]], [[389, 1024]], [[390, 1025]], [[391, 1026]], [[392, 1026]], [[393, 1026]], [[394, 1026]], [[395, 1025]], [[396, 1025]], [[397, 1025]], [[397, 1024]], [[398, 1023]], [[398, 1022]], [[399, 1021]], [[399, 1020]], [[399, 1019]], [[399, 1018]], [[399, 1017]], [[399, 1016]], [[398, 1015]], [[399, 1014]], [[400, 1013]], [[400, 1012]], [[401, 1011]], [[401, 1010]], [[400, 1009]], [[399, 1009]], [[398, 1008]], [[397, 1008]], [[396, 1007]], [[395, 1007]]]","[[[[403, 1000], [403, 1001], [403, 1002], [403, 1003], [402, 1004], [401, 1005], [400, 1006], [399, 1006], [398, 1006], [397, 1005], [396, 1004], [395, 1003], [394, 1004], [393, 1004], [392, 1004], [391, 1005], [390, 1005], [389, 1005], [388, 1004], [387, 1004], [386, 1003], [385, 1003], [384, 1004], [383, 1004], [382, 1005], [381, 1005], [380, 1006], [380, 1007], [381, 1007], [382, 1007], [383, 1006], [384, 1006], [385, 1005], [386, 1005], [387, 1005], [388, 1006], [388, 1007], [389, 1008], [390, 1007], [391, 1007], [392, 1007], [393, 1006], [394, 1006], [395, 1006], [396, 1006], [397, 1007], [398, 1007], [399, 1008], [400, 1008], [401, 1009], [402, 1010], [403, 1010], [403, 1009], [404, 1008], [405, 1008], [405, 1007], [405, 1006], [404, 1005], [403, 1004], [403, 1003], [404, 1002], [405, 1001], [405, 1000], [404, 1000]]], [], [[[367, 1017], [367, 1018], [367, 1019], [367, 1020], [366, 1021], [365, 1021], [364, 1021], [363, 1021], [362, 1020], [361, 1019], [361, 1020], [361, 1021], [361, 1022], [362, 1023], [362, 1024], [361, 1025], [360, 1025], [361, 1026], [362, 1026], [363, 1026], [364, 1026], [365, 1025], [366, 1025], [367, 1024], [368, 1024], [369, 1023], [370, 1023], [371, 1023], [372, 1023], [373, 1023], [374, 1023], [374, 1022], [375, 1021], [376, 1021], [377, 1021], [378, 1022], [379, 1022], [380, 1021], [379, 1020], [380, 1019], [379, 1018], [378, 1018], [377, 1019], [376, 1019], [375, 1019], [374, 1018], [373, 1019], [372, 1020], [371, 1021], [370, 1021], [369, 1020], [369, 1019], [369, 1018], [370, 1017], [369, 1017], [368, 1017]]], [[[373, 1028], [372, 1029], [372, 1030], [371, 1031], [370, 1030], [369, 1030], [368, 1030], [367, 1030], [366, 1030], [365, 1030], [365, 1031], [365, 1032], [365, 1033], [365, 1034], [366, 1035], [367, 1036], [368, 1036], [369, 1036], [370, 1036], [371, 1035], [372, 1034], [373, 1034], [374, 1033], [374, 1032], [374, 1031], [374, 1030], [374, 1029], [374, 1028]]]]","[32, [], 33, 34]"
20,20,"[[[522, 1004]], [[522, 1005]], [[521, 1006]], [[520, 1007]], [[519, 1007]], [[518, 1007]], [[517, 1008]], [[516, 1008]], [[515, 1008]], [[515, 1009]], [[515, 1010]], [[514, 1011]], [[514, 1012]], [[514, 1013]], [[513, 1014]], [[513, 1015]], [[513, 1016]], [[514, 1017]], [[515, 1018]], [[516, 1018]], [[517, 1019]], [[517, 1020]], [[517, 1021]], [[517, 1022]], [[518, 1022]], [[519, 1023]], [[520, 1023]], [[521, 1024]], [[521, 1025]], [[520, 1026]], [[519, 1025]], [[519, 1026]], [[518, 1027]], [[519, 1028]], [[518, 1029]], [[519, 1030]], [[519, 1031]], [[519, 1032]], [[520, 1033]], [[520, 1034]], [[519, 1035]], [[518, 1034]], [[517, 1033]], [[516, 1034]], [[515, 1033]], [[514, 1034]], [[513, 1034]], [[512, 1034]], [[511, 1035]], [[510, 1035]], [[509, 1035]], [[508, 1035]], [[507, 1035]], [[506, 1035]], [[505, 1035]], [[504, 1035]], [[503, 1035]], [[502, 1036]], [[501, 1036]], [[500, 1037]], [[499, 1037]], [[498, 1037]], [[497, 1037]], [[496, 1038]], [[495, 1038]], [[494, 1038]], [[493, 1038]], [[493, 1039]], [[492, 1040]], [[491, 1040]], [[491, 1041]], [[490, 1042]], [[490, 1043]], [[489, 1044]], [[490, 1045]], [[489, 1046]], [[489, 1047]], [[490, 1048]], [[490, 1049]], [[490, 1050]], [[489, 1051]], [[490, 1052]], [[490, 1053]], [[491, 1053]], [[492, 1054]], [[493, 1054]], [[494, 1055]], [[494, 1056]], [[495, 1056]], [[496, 1056]], [[497, 1056]], [[498, 1056]], [[499, 1057]], [[500, 1057]], [[501, 1057]], [[502, 1057]], [[503, 1057]], [[504, 1056]], [[505, 1056]], [[506, 1056]], [[507, 1055]], [[508, 1055]], [[509, 1054]], [[510, 1053]], [[511, 1053]], [[512, 1053]], [[513, 1052]], [[514, 1051]], [[514, 1050]], [[515, 1049]], [[516, 1048]], [[517, 1047]], [[518, 1047]], [[519, 1047]], [[520, 1047]], [[521, 1047]], [[522, 1047]], [[523, 1046]], [[524, 1046]], [[525, 1046]], [[525, 1045]], [[526, 1044]], [[527, 1043]], [[528, 1042]], [[528, 1041]], [[527, 1040]], [[527, 1039]], [[527, 1038]], [[528, 1037]], [[529, 1037]], [[530, 1037]], [[531, 1037]], [[532, 1036]], [[533, 1036]], [[534, 1036]], [[535, 1036]], [[536, 1035]], [[537, 1035]], [[537, 1034]], [[538, 1033]], [[539, 1032]], [[540, 1031]], [[539, 1030]], [[540, 1029]], [[540, 1028]], [[540, 1027]], [[540, 1026]], [[540, 1025]], [[541, 1024]], [[541, 1023]], [[541, 1022]], [[541, 1021]], [[541, 1020]], [[542, 1019]], [[542, 1018]], [[542, 1017]], [[543, 1016]], [[543, 1015]], [[542, 1014]], [[542, 1013]], [[542, 1012]], [[541, 1011]], [[540, 1010]], [[541, 1009]], [[540, 1008]], [[540, 1007]], [[539, 1006]], [[539, 1005]], [[538, 1005]], [[537, 1005]], [[536, 1004]], [[535, 1004]], [[534, 1004]], [[533, 1004]], [[532, 1004]], [[531, 1005]], [[530, 1005]], [[529, 1005]], [[528, 1005]], [[527, 1005]], [[526, 1004]], [[525, 1004]], [[524, 1004]], [[523, 1004]]]","[[], [[[514, 1007], [514, 1008], [514, 1009], [513, 1010], [513, 1011], [512, 1012], [512, 1013], [512, 1014], [512, 1015], [512, 1016], [511, 1017], [510, 1017], [509, 1017], [508, 1018], [509, 1019], [510, 1020], [511, 1020], [511, 1019], [512, 1018], [513, 1018], [513, 1017], [512, 1016], [512, 1015], [512, 1014], [513, 1013], [513, 1012], [513, 1011], [514, 1010], [514, 1009], [514, 1008]]], [[[483, 1031], [483, 1032], [482, 1033], [483, 1034], [484, 1034], [485, 1034], [486, 1035], [487, 1036], [487, 1037], [487, 1038], [487, 1039], [488, 1040], [489, 1041], [488, 1042], [487, 1042], [487, 1043], [486, 1044], [486, 1045], [486, 1046], [487, 1047], [486, 1048], [486, 1049], [486, 1050], [485, 1051], [484, 1051], [484, 1052], [485, 1053], [485, 1054], [486, 1054], [487, 1054], [488, 1055], [488, 1056], [488, 1057], [487, 1058], [486, 1059], [486, 1060], [486, 1061], [487, 1061], [488, 1062], [489, 1062], [490, 1062], [491, 1062], [491, 1061], [491, 1060], [491, 1059], [491, 1058], [492, 1057], [493, 1057], [494, 1057], [495, 1058], [496, 1059], [497, 1060], [498, 1059], [498, 1058], [498, 1057], [497, 1057], [496, 1057], [495, 1057], [494, 1057], [493, 1056], [493, 1055], [492, 1055], [491, 1054], [490, 1054], [489, 1053], [489, 1052], [488, 1051], [489, 1050], [489, 1049], [489, 1048], [488, 1047], [488, 1046], [489, 1045], [488, 1044], [489, 1043], [489, 1042], [490, 1041], [490, 1040], [490, 1039], [489, 1038], [488, 1037], [488, 1036], [487, 1035], [486, 1034], [485, 1033], [484, 1032]]], [[[543, 1014], [544, 1015], [544, 1016], [543, 1017], [543, 1018], [543, 1019], [542, 1020], [542, 1021], [542, 1022], [542, 1023], [543, 1024], [543, 1025], [542, 1026], [541, 1027], [541, 1028], [541, 1029], [540, 1030], [541, 1031], [542, 1030], [542, 1029], [543, 1028], [543, 1027], [544, 1026], [545, 1026], [546, 1026], [546, 1025], [545, 1024], [544, 1024], [543, 1023], [543, 1022], [543, 1021], [543, 1020], [544, 1019], [544, 1018], [545, 1017], [545, 1016], [544, 1015]]]]","[[], 35, 16, 37]"
21,21,"[[[470, 1001]], [[470, 1002]], [[469, 1003]], [[469, 1004]], [[469, 1005]], [[468, 1006]], [[467, 1006]], [[468, 1007]], [[468, 1008]], [[467, 1009]], [[467, 1010]], [[467, 1011]], [[467, 1012]], [[467, 1013]], [[467, 1014]], [[467, 1015]], [[467, 1016]], [[467, 1017]], [[468, 1018]], [[469, 1019]], [[470, 1018]], [[471, 1018]], [[472, 1018]], [[473, 1018]], [[474, 1017]], [[474, 1016]], [[474, 1015]], [[474, 1014]], [[475, 1013]], [[475, 1012]], [[475, 1011]], [[475, 1010]], [[476, 1009]], [[476, 1008]], [[476, 1007]], [[476, 1006]], [[476, 1005]], [[476, 1004]], [[476, 1003]], [[475, 1003]], [[474, 1002]], [[474, 1001]], [[473, 1001]], [[472, 1001]], [[471, 1001]]]",[[]],[]
22,22,"[[[440, 999]], [[439, 1000]], [[438, 1000]], [[437, 1001]], [[436, 1002]], [[435, 1001]], [[434, 1001]], [[433, 1001]], [[432, 1001]], [[431, 1001]], [[430, 1001]], [[429, 1002]], [[428, 1003]], [[427, 1003]], [[426, 1003]], [[425, 1003]], [[424, 1003]], [[423, 1004]], [[422, 1004]], [[421, 1003]], [[420, 1003]], [[419, 1003]], [[418, 1004]], [[417, 1004]], [[416, 1004]], [[415, 1004]], [[414, 1005]], [[414, 1006]], [[413, 1007]], [[412, 1007]], [[412, 1008]], [[411, 1009]], [[410, 1010]], [[410, 1011]], [[410, 1012]], [[410, 1013]], [[410, 1014]], [[410, 1015]], [[410, 1016]], [[410, 1017]], [[410, 1018]], [[410, 1019]], [[410, 1020]], [[410, 1021]], [[410, 1022]], [[409, 1023]], [[409, 1024]], [[410, 1025]], [[411, 1026]], [[412, 1027]], [[412, 1028]], [[413, 1029]], [[414, 1030]], [[415, 1031]], [[415, 1032]], [[416, 1032]], [[417, 1032]], [[418, 1033]], [[419, 1033]], [[420, 1034]], [[420, 1035]], [[420, 1036]], [[420, 1037]], [[420, 1038]], [[421, 1039]], [[421, 1040]], [[422, 1041]], [[422, 1042]], [[423, 1043]], [[424, 1044]], [[424, 1045]], [[425, 1045]], [[426, 1045]], [[427, 1046]], [[428, 1047]], [[429, 1048]], [[429, 1049]], [[430, 1049]], [[431, 1050]], [[431, 1051]], [[431, 1052]], [[432, 1053]], [[433, 1054]], [[433, 1055]], [[433, 1056]], [[433, 1057]], [[433, 1058]], [[433, 1059]], [[433, 1060]], [[433, 1061]], [[433, 1062]], [[433, 1063]], [[433, 1064]], [[434, 1065]], [[434, 1066]], [[435, 1066]], [[436, 1067]], [[437, 1067]], [[438, 1067]], [[439, 1067]], [[440, 1068]], [[441, 1068]], [[442, 1068]], [[443, 1068]], [[444, 1068]], [[445, 1068]], [[446, 1068]], [[447, 1067]], [[448, 1066]], [[449, 1066]], [[450, 1065]], [[450, 1064]], [[450, 1063]], [[451, 1062]], [[451, 1061]], [[451, 1060]], [[452, 1059]], [[452, 1058]], [[452, 1057]], [[453, 1056]], [[454, 1055]], [[454, 1054]], [[455, 1053]], [[456, 1052]], [[457, 1051]], [[456, 1050]], [[457, 1049]], [[457, 1048]], [[457, 1047]], [[458, 1046]], [[458, 1045]], [[458, 1044]], [[458, 1043]], [[459, 1042]], [[459, 1041]], [[459, 1040]], [[459, 1039]], [[460, 1038]], [[461, 1037]], [[461, 1036]], [[462, 1035]], [[463, 1034]], [[464, 1034]], [[465, 1033]], [[466, 1032]], [[466, 1031]], [[466, 1030]], [[466, 1029]], [[467, 1028]], [[467, 1027]], [[467, 1026]], [[468, 1025]], [[467, 1024]], [[466, 1023]], [[465, 1023]], [[464, 1022]], [[464, 1021]], [[464, 1020]], [[464, 1019]], [[464, 1018]], [[464, 1017]], [[464, 1016]], [[464, 1015]], [[464, 1014]], [[464, 1013]], [[464, 1012]], [[464, 1011]], [[464, 1010]], [[465, 1009]], [[465, 1008]], [[464, 1007]], [[464, 1006]], [[464, 1005]], [[464, 1004]], [[464, 1003]], [[464, 1002]], [[463, 1002]], [[462, 1001]], [[461, 1001]], [[460, 1001]], [[459, 1001]], [[458, 1000]], [[457, 1000]], [[456, 1000]], [[455, 1000]], [[454, 1000]], [[453, 1000]], [[452, 1001]], [[451, 1002]], [[450, 1002]], [[449, 1002]], [[448, 1002]], [[447, 1002]], [[446, 1001]], [[445, 1001]], [[444, 1001]], [[443, 1001]], [[442, 1000]], [[442, 999]], [[441, 999]]]","[[[[439, 991], [438, 992], [438, 993], [437, 994], [437, 995], [436, 996], [435, 997], [434, 998], [433, 999], [432, 998], [431, 999], [432, 1000], [433, 1000], [434, 1000], [435, 1000], [436, 1001], [437, 1000], [437, 999], [438, 998], [438, 997], [438, 996], [438, 995], [438, 994], [438, 993], [439, 992], [440, 992], [441, 992], [442, 992], [443, 992], [442, 991], [441, 991], [440, 991]]], [[[427, 998], [427, 999], [426, 1000], [426, 1001], [425, 1002], [424, 1001], [423, 1000], [422, 999], [421, 999], [420, 999], [419, 1000], [418, 1000], [417, 1000], [416, 1000], [415, 1001], [415, 1002], [414, 1003], [413, 1003], [412, 1004], [411, 1005], [411, 1006], [411, 1007], [410, 1008], [411, 1008], [411, 1007], [412, 1006], [413, 1006], [413, 1005], [414, 1004], [415, 1003], [416, 1003], [417, 1003], [418, 1003], [419, 1002], [420, 1002], [421, 1002], [422, 1003], [423, 1003], [424, 1002], [425, 1002], [426, 1002], [427, 1002], [428, 1002], [428, 1001], [428, 1000], [427, 999]]], [], [[[455, 984], [454, 985], [453, 986], [452, 987], [453, 987], [454, 988], [455, 989], [456, 990], [457, 991], [456, 992], [455, 993], [455, 994], [455, 995], [455, 996], [455, 997], [456, 998], [455, 999], [456, 999], [457, 999], [458, 999], [459, 1000], [460, 1000], [461, 1000], [462, 1000], [463, 1001], [464, 1001], [464, 1000], [463, 999], [462, 999], [461, 998], [460, 997], [459, 997], [458, 996], [458, 995], [457, 994], [457, 993], [457, 992], [458, 991], [458, 990], [457, 989], [457, 988], [456, 988], [455, 987], [456, 986], [457, 986], [458, 986], [459, 986], [459, 985], [458, 985], [457, 985], [456, 984]]]]","[38, 39, [], 40]"
23,23,"[[[764, 990]], [[763, 991]], [[762, 991]], [[761, 992]], [[761, 993]], [[760, 994]], [[759, 995]], [[758, 996]], [[757, 997]], [[756, 997]], [[755, 996]], [[755, 995]], [[754, 994]], [[754, 993]], [[754, 994]], [[753, 995]], [[753, 996]], [[752, 997]], [[752, 998]], [[751, 999]], [[750, 1000]], [[749, 1001]], [[748, 1002]], [[747, 1002]], [[746, 1003]], [[745, 1004]], [[745, 1005]], [[744, 1006]], [[744, 1007]], [[744, 1008]], [[744, 1009]], [[744, 1010]], [[744, 1011]], [[744, 1012]], [[744, 1013]], [[743, 1014]], [[742, 1014]], [[743, 1015]], [[743, 1016]], [[744, 1017]], [[744, 1018]], [[744, 1019]], [[744, 1020]], [[744, 1021]], [[744, 1022]], [[744, 1023]], [[744, 1024]], [[744, 1025]], [[745, 1026]], [[746, 1027]], [[747, 1027]], [[748, 1028]], [[748, 1029]], [[748, 1030]], [[749, 1031]], [[750, 1032]], [[751, 1033]], [[751, 1034]], [[751, 1035]], [[752, 1035]], [[753, 1036]], [[754, 1036]], [[755, 1036]], [[756, 1036]], [[756, 1035]], [[756, 1034]], [[756, 1033]], [[757, 1032]], [[758, 1032]], [[759, 1033]], [[759, 1034]], [[759, 1035]], [[759, 1036]], [[759, 1037]], [[760, 1037]], [[761, 1038]], [[761, 1039]], [[762, 1040]], [[763, 1040]], [[764, 1040]], [[765, 1040]], [[766, 1040]], [[767, 1040]], [[768, 1040]], [[769, 1040]], [[770, 1039]], [[771, 1039]], [[772, 1039]], [[773, 1038]], [[774, 1037]], [[774, 1036]], [[775, 1035]], [[775, 1034]], [[776, 1033]], [[776, 1032]], [[776, 1031]], [[777, 1030]], [[778, 1029]], [[779, 1028]], [[780, 1028]], [[781, 1028]], [[782, 1028]], [[783, 1029]], [[784, 1029]], [[785, 1029]], [[786, 1029]], [[787, 1029]], [[788, 1029]], [[788, 1028]], [[789, 1027]], [[789, 1026]], [[790, 1025]], [[791, 1025]], [[792, 1024]], [[793, 1024]], [[794, 1024]], [[795, 1024]], [[796, 1025]], [[797, 1025]], [[798, 1025]], [[799, 1025]], [[800, 1025]], [[801, 1024]], [[802, 1023]], [[803, 1022]], [[803, 1021]], [[803, 1020]], [[803, 1019]], [[802, 1018]], [[803, 1017]], [[803, 1016]], [[803, 1015]], [[802, 1014]], [[801, 1014]], [[800, 1013]], [[799, 1012]], [[799, 1011]], [[799, 1010]], [[798, 1011]], [[797, 1011]], [[796, 1011]], [[795, 1011]], [[794, 1010]], [[793, 1009]], [[792, 1008]], [[791, 1008]], [[790, 1007]], [[791, 1006]], [[790, 1005]], [[790, 1004]], [[790, 1003]], [[789, 1002]], [[788, 1001]], [[787, 1001]], [[786, 1000]], [[786, 999]], [[786, 998]], [[786, 997]], [[787, 996]], [[787, 995]], [[787, 994]], [[786, 994]], [[785, 994]], [[785, 995]], [[784, 996]], [[783, 996]], [[782, 996]], [[781, 995]], [[780, 994]], [[779, 994]], [[778, 993]], [[777, 993]], [[776, 992]], [[777, 991]], [[776, 991]], [[775, 991]], [[774, 990]], [[773, 991]], [[772, 991]], [[771, 991]], [[770, 991]], [[769, 991]], [[768, 991]], [[767, 990]], [[766, 990]], [[765, 990]]]","[[], [[[745, 995], [745, 996], [744, 997], [744, 998], [745, 998], [746, 999], [745, 1000], [744, 1000], [744, 1001], [743, 1002], [742, 1003], [741, 1003], [740, 1003], [739, 1002], [739, 1001], [739, 1000], [739, 999], [738, 999], [737, 999], [736, 998], [735, 999], [735, 1000], [734, 1001], [735, 1002], [736, 1002], [737, 1002], [738, 1002], [739, 1002], [740, 1003], [740, 1004], [741, 1004], [742, 1004], [743, 1005], [742, 1006], [742, 1007], [743, 1007], [743, 1006], [744, 1005], [744, 1004], [745, 1003], [746, 1002], [747, 1001], [748, 1001], [749, 1000], [750, 999], [751, 998], [750, 998], [749, 999], [748, 999], [747, 999], [746, 998], [747, 997], [746, 996], [746, 995]]], [[[741, 1024], [742, 1025], [743, 1026], [743, 1027], [744, 1027], [745, 1028], [745, 1029], [745, 1030], [745, 1031], [745, 1032], [746, 1033], [747, 1033], [748, 1033], [749, 1034], [750, 1035], [750, 1034], [750, 1033], [749, 1032], [748, 1031], [747, 1030], [747, 1029], [747, 1028], [746, 1028], [745, 1027], [744, 1026], [743, 1025], [743, 1024], [742, 1024]]]]","[[], 41, 42]"
24,24,"[[[604, 989]], [[603, 990]], [[602, 991]], [[601, 992]], [[600, 993]], [[600, 994]], [[599, 995]], [[598, 996]], [[598, 997]], [[598, 998]], [[598, 999]], [[598, 1000]], [[598, 1001]], [[598, 1002]], [[598, 1003]], [[598, 1004]], [[598, 1005]], [[598, 1006]], [[598, 1007]], [[598, 1008]], [[598, 1009]], [[598, 1010]], [[597, 1011]], [[596, 1012]], [[597, 1013]], [[597, 1014]], [[597, 1015]], [[597, 1016]], [[597, 1017]], [[596, 1018]], [[596, 1019]], [[595, 1020]], [[595, 1021]], [[594, 1022]], [[595, 1023]], [[595, 1024]], [[595, 1025]], [[595, 1026]], [[595, 1027]], [[595, 1028]], [[595, 1029]], [[595, 1030]], [[595, 1031]], [[595, 1032]], [[596, 1032]], [[597, 1033]], [[598, 1033]], [[599, 1033]], [[600, 1033]], [[601, 1033]], [[602, 1033]], [[603, 1033]], [[604, 1033]], [[605, 1032]], [[606, 1032]], [[607, 1032]], [[608, 1031]], [[609, 1030]], [[610, 1029]], [[610, 1028]], [[611, 1027]], [[611, 1026]], [[612, 1025]], [[612, 1024]], [[613, 1023]], [[614, 1022]], [[614, 1021]], [[614, 1020]], [[614, 1019]], [[615, 1018]], [[616, 1017]], [[617, 1017]], [[618, 1016]], [[619, 1016]], [[620, 1015]], [[621, 1014]], [[622, 1015]], [[623, 1014]], [[624, 1014]], [[624, 1013]], [[625, 1012]], [[625, 1011]], [[625, 1010]], [[625, 1009]], [[624, 1008]], [[624, 1007]], [[624, 1006]], [[623, 1005]], [[624, 1004]], [[624, 1003]], [[624, 1002]], [[624, 1001]], [[624, 1000]], [[623, 999]], [[622, 998]], [[623, 997]], [[622, 996]], [[621, 995]], [[620, 995]], [[619, 995]], [[618, 994]], [[618, 993]], [[618, 992]], [[617, 991]], [[616, 990]], [[615, 990]], [[614, 990]], [[613, 991]], [[612, 991]], [[611, 990]], [[610, 989]], [[609, 989]], [[608, 989]], [[607, 989]], [[606, 989]], [[605, 989]]]","[[[[583, 990], [582, 991], [582, 992], [582, 993], [583, 992], [584, 992], [585, 993], [586, 994], [586, 995], [586, 996], [586, 997], [586, 998], [586, 999], [586, 1000], [585, 1001], [586, 1002], [587, 1001], [588, 1000], [587, 999], [587, 998], [587, 997], [587, 996], [588, 995], [589, 995], [589, 994], [590, 993], [591, 994], [592, 995], [593, 996], [594, 997], [594, 998], [595, 999], [596, 999], [597, 999], [597, 998], [597, 997], [597, 996], [597, 995], [596, 994], [596, 993], [596, 992], [597, 991], [596, 991], [595, 991], [594, 992], [593, 993], [592, 993], [591, 993], [590, 993], [589, 992], [589, 991], [589, 990], [588, 990], [587, 991], [586, 991], [585, 991], [584, 990]]], [], [[[591, 1015], [590, 1016], [589, 1017], [588, 1018], [588, 1019], [588, 1020], [589, 1021], [589, 1020], [590, 1019], [591, 1019], [592, 1019], [593, 1020], [593, 1021], [593, 1022], [593, 1023], [593, 1024], [593, 1025], [594, 1025], [594, 1024], [594, 1023], [593, 1022], [594, 1021], [593, 1020], [593, 1019], [594, 1018], [594, 1017], [594, 1016], [593, 1015], [592, 1016]]], [[[625, 998], [624, 999], [625, 1000], [625, 1001], [625, 1002], [625, 1003], [625, 1004], [624, 1005], [625, 1006], [625, 1007], [625, 1008], [626, 1009], [627, 1009], [628, 1008], [629, 1009], [628, 1008], [629, 1007], [629, 1006], [628, 1005], [627, 1004], [626, 1003], [626, 1002], [626, 1001], [627, 1000], [628, 999], [628, 998], [627, 998], [626, 998]]]]","[43, [], 44, 45]"
25,25,"[[[154, 984]], [[153, 985]], [[152, 985]], [[151, 985]], [[150, 986]], [[149, 986]], [[148, 987]], [[147, 987]], [[146, 987]], [[146, 988]], [[145, 989]], [[144, 990]], [[143, 991]], [[142, 991]], [[141, 991]], [[140, 990]], [[139, 991]], [[139, 992]], [[138, 993]], [[138, 994]], [[138, 995]], [[137, 996]], [[136, 997]], [[135, 998]], [[134, 998]], [[133, 999]], [[132, 998]], [[131, 998]], [[130, 998]], [[129, 999]], [[128, 999]], [[127, 999]], [[126, 999]], [[125, 1000]], [[125, 1001]], [[125, 1002]], [[124, 1003]], [[123, 1003]], [[122, 1004]], [[121, 1005]], [[121, 1006]], [[121, 1007]], [[120, 1008]], [[119, 1009]], [[118, 1009]], [[117, 1010]], [[117, 1011]], [[117, 1012]], [[116, 1013]], [[115, 1013]], [[114, 1013]], [[114, 1014]], [[114, 1015]], [[113, 1016]], [[113, 1017]], [[113, 1018]], [[112, 1019]], [[113, 1020]], [[113, 1021]], [[112, 1022]], [[112, 1023]], [[113, 1024]], [[113, 1025]], [[112, 1026]], [[113, 1027]], [[114, 1028]], [[114, 1029]], [[113, 1030]], [[112, 1030]], [[113, 1031]], [[113, 1032]], [[113, 1033]], [[114, 1033]], [[115, 1034]], [[116, 1035]], [[116, 1036]], [[116, 1037]], [[116, 1038]], [[115, 1039]], [[114, 1039]], [[113, 1040]], [[114, 1041]], [[114, 1042]], [[115, 1043]], [[115, 1044]], [[115, 1045]], [[115, 1046]], [[116, 1047]], [[116, 1048]], [[116, 1049]], [[116, 1050]], [[116, 1051]], [[116, 1052]], [[116, 1051]], [[116, 1050]], [[116, 1049]], [[117, 1048]], [[118, 1049]], [[118, 1050]], [[118, 1051]], [[118, 1052]], [[118, 1053]], [[118, 1054]], [[118, 1055]], [[118, 1056]], [[119, 1057]], [[120, 1058]], [[121, 1059]], [[120, 1060]], [[120, 1061]], [[119, 1062]], [[119, 1063]], [[118, 1064]], [[118, 1065]], [[118, 1066]], [[117, 1067]], [[118, 1068]], [[118, 1069]], [[119, 1070]], [[119, 1071]], [[120, 1072]], [[121, 1073]], [[122, 1073]], [[123, 1074]], [[124, 1075]], [[125, 1076]], [[126, 1076]], [[127, 1077]], [[128, 1077]], [[129, 1078]], [[130, 1078]], [[131, 1079]], [[131, 1080]], [[132, 1081]], [[133, 1082]], [[133, 1083]], [[133, 1084]], [[134, 1085]], [[134, 1086]], [[135, 1087]], [[136, 1087]], [[137, 1087]], [[138, 1086]], [[139, 1086]], [[140, 1085]], [[141, 1085]], [[141, 1084]], [[142, 1083]], [[143, 1084]], [[144, 1085]], [[143, 1086]], [[144, 1086]], [[145, 1086]], [[146, 1087]], [[147, 1087]], [[148, 1087]], [[149, 1086]], [[150, 1086]], [[151, 1086]], [[152, 1086]], [[153, 1085]], [[154, 1084]], [[155, 1083]], [[155, 1082]], [[156, 1081]], [[157, 1080]], [[157, 1079]], [[158, 1078]], [[158, 1077]], [[159, 1076]], [[160, 1075]], [[161, 1075]], [[161, 1074]], [[162, 1073]], [[163, 1072]], [[164, 1071]], [[165, 1070]], [[165, 1069]], [[166, 1068]], [[167, 1067]], [[168, 1067]], [[169, 1066]], [[169, 1065]], [[170, 1064]], [[171, 1064]], [[172, 1063]], [[173, 1063]], [[174, 1062]], [[175, 1062]], [[176, 1061]], [[177, 1061]], [[178, 1060]], [[179, 1059]], [[180, 1058]], [[180, 1057]], [[181, 1056]], [[181, 1055]], [[182, 1054]], [[183, 1053]], [[183, 1052]], [[184, 1051]], [[184, 1050]], [[184, 1049]], [[185, 1048]], [[186, 1047]], [[186, 1046]], [[187, 1045]], [[187, 1044]], [[188, 1043]], [[189, 1042]], [[189, 1041]], [[189, 1040]], [[189, 1039]], [[189, 1038]], [[189, 1037]], [[189, 1036]], [[189, 1035]], [[189, 1034]], [[189, 1033]], [[189, 1032]], [[189, 1031]], [[188, 1030]], [[187, 1029]], [[187, 1028]], [[186, 1028]], [[185, 1027]], [[185, 1026]], [[184, 1027]], [[183, 1026]], [[182, 1025]], [[181, 1024]], [[180, 1023]], [[180, 1022]], [[180, 1021]], [[180, 1020]], [[179, 1019]], [[178, 1018]], [[177, 1017]], [[176, 1016]], [[176, 1015]], [[175, 1014]], [[175, 1013]], [[176, 1012]], [[175, 1011]], [[174, 1011]], [[173, 1010]], [[172, 1009]], [[172, 1008]], [[172, 1007]], [[171, 1006]], [[170, 1006]], [[169, 1005]], [[168, 1004]], [[167, 1003]], [[166, 1002]], [[167, 1001]], [[168, 1001]], [[168, 1000]], [[168, 999]], [[168, 998]], [[169, 997]], [[170, 997]], [[169, 996]], [[168, 995]], [[168, 994]], [[168, 993]], [[168, 992]], [[168, 991]], [[168, 990]], [[168, 989]], [[167, 988]], [[167, 987]], [[166, 986]], [[165, 985]], [[164, 985]], [[163, 985]], [[162, 986]], [[161, 986]], [[160, 985]], [[159, 985]], [[158, 985]], [[157, 984]], [[156, 984]], [[155, 984]]]","[[], [[[141, 976], [140, 977], [140, 978], [141, 979], [141, 980], [140, 981], [140, 982], [140, 983], [140, 984], [139, 985], [138, 986], [139, 987], [138, 988], [137, 989], [137, 990], [137, 991], [137, 992], [137, 993], [136, 994], [135, 995], [134, 995], [133, 996], [132, 996], [131, 997], [130, 997], [129, 996], [128, 995], [128, 994], [128, 993], [128, 992], [128, 991], [128, 990], [127, 989], [127, 988], [126, 988], [125, 989], [124, 990], [123, 990], [122, 989], [121, 988], [120, 987], [120, 986], [121, 985], [120, 985], [119, 985], [118, 984], [118, 983], [117, 982], [117, 981], [117, 980], [116, 981], [115, 981], [115, 982], [115, 983], [116, 984], [117, 985], [118, 986], [118, 987], [118, 988], [117, 989], [116, 989], [115, 989], [114, 989], [115, 990], [115, 991], [115, 992], [115, 993], [116, 992], [117, 991], [118, 990], [119, 990], [120, 990], [121, 990], [122, 991], [123, 992], [124, 993], [124, 994], [124, 995], [124, 996], [123, 997], [122, 998], [123, 999], [124, 999], [125, 999], [126, 998], [127, 998], [128, 998], [129, 998], [130, 997], [131, 997], [132, 997], [133, 997], [134, 996], [135, 996], [136, 996], [137, 995], [137, 994], [137, 993], [138, 992], [138, 991], [139, 990], [139, 989], [139, 988], [140, 987], [141, 986], [142, 985], [143, 985], [144, 985], [145, 985], [144, 984], [143, 984], [142, 985], [141, 984], [140, 983], [141, 982], [142, 982], [142, 981], [142, 980], [141, 979], [142, 978], [143, 977], [142, 976]]], [[[115, 1010], [114, 1011], [113, 1011], [112, 1012], [113, 1013], [113, 1014], [112, 1015], [111, 1015], [110, 1014], [109, 1014], [108, 1013], [107, 1013], [106, 1012], [105, 1012], [104, 1012], [103, 1012], [104, 1012], [105, 1013], [105, 1014], [106, 1014], [107, 1015], [108, 1015], [109, 1015], [110, 1015], [111, 1015], [112, 1015], [113, 1015], [113, 1014], [113, 1013], [114, 1012], [115, 1012], [116, 1012], [116, 1011], [116, 1010]]], [[[170, 998], [169, 999], [169, 1000], [169, 1001], [168, 1002], [167, 1002], [168, 1003], [169, 1004], [170, 1005], [171, 1005], [172, 1006], [173, 1007], [173, 1008], [173, 1009], [174, 1010], [175, 1010], [176, 1011], [177, 1011], [178, 1012], [177, 1013], [176, 1013], [176, 1014], [177, 1015], [177, 1016], [178, 1017], [178, 1016], [178, 1015], [178, 1014], [179, 1013], [178, 1012], [178, 1011], [178, 1010], [178, 1009], [177, 1008], [178, 1007], [179, 1007], [178, 1007], [177, 1007], [176, 1007], [175, 1006], [175, 1005], [174, 1005], [173, 1005], [172, 1004], [171, 1003], [170, 1002], [171, 1001], [172, 1000], [172, 999], [173, 998], [172, 998], [171, 998]]]]","[[], 46, 47, 48]"
26,26,"[[[648, 983]], [[647, 984]], [[646, 984]], [[645, 984]], [[644, 984]], [[643, 984]], [[642, 984]], [[641, 984]], [[640, 985]], [[639, 985]], [[638, 986]], [[637, 986]], [[636, 986]], [[635, 986]], [[634, 986]], [[633, 987]], [[632, 987]], [[632, 988]], [[632, 989]], [[631, 990]], [[630, 990]], [[630, 991]], [[629, 992]], [[629, 993]], [[629, 994]], [[629, 995]], [[628, 996]], [[627, 996]], [[628, 997]], [[629, 998]], [[629, 999]], [[628, 1000]], [[627, 1001]], [[627, 1002]], [[627, 1003]], [[628, 1004]], [[629, 1005]], [[630, 1006]], [[630, 1007]], [[630, 1008]], [[631, 1008]], [[632, 1008]], [[633, 1008]], [[634, 1009]], [[634, 1010]], [[635, 1011]], [[636, 1011]], [[637, 1010]], [[638, 1010]], [[639, 1010]], [[640, 1009]], [[641, 1008]], [[642, 1008]], [[643, 1008]], [[644, 1008]], [[645, 1008]], [[646, 1008]], [[647, 1008]], [[648, 1009]], [[649, 1008]], [[650, 1008]], [[651, 1008]], [[652, 1007]], [[653, 1007]], [[654, 1007]], [[655, 1007]], [[656, 1008]], [[657, 1009]], [[658, 1009]], [[659, 1009]], [[660, 1008]], [[661, 1008]], [[662, 1008]], [[663, 1008]], [[663, 1007]], [[664, 1006]], [[665, 1005]], [[666, 1004]], [[667, 1004]], [[668, 1004]], [[669, 1003]], [[670, 1002]], [[670, 1001]], [[670, 1000]], [[670, 999]], [[670, 998]], [[669, 997]], [[669, 996]], [[669, 995]], [[669, 994]], [[670, 993]], [[670, 992]], [[670, 991]], [[669, 990]], [[669, 989]], [[668, 988]], [[668, 987]], [[668, 986]], [[668, 985]], [[667, 985]], [[666, 985]], [[665, 985]], [[664, 985]], [[663, 985]], [[662, 984]], [[661, 985]], [[660, 985]], [[659, 985]], [[658, 985]], [[657, 985]], [[656, 985]], [[655, 985]], [[654, 985]], [[653, 985]], [[652, 984]], [[651, 984]], [[650, 984]], [[649, 984]]]","[[], [[[625, 998], [624, 999], [625, 1000], [625, 1001], [625, 1002], [625, 1003], [625, 1004], [624, 1005], [625, 1006], [625, 1007], [625, 1008], [626, 1009], [627, 1009], [628, 1008], [629, 1009], [628, 1008], [629, 1007], [629, 1006], [628, 1005], [627, 1004], [626, 1003], [626, 1002], [626, 1001], [627, 1000], [628, 999], [628, 998], [627, 998], [626, 998]]], [[[676, 987], [675, 988], [676, 989], [675, 990], [674, 991], [673, 992], [672, 993], [673, 994], [673, 995], [674, 996], [675, 997], [674, 998], [673, 998], [672, 998], [671, 998], [672, 998], [673, 999], [673, 1000], [674, 999], [675, 998], [676, 997], [675, 997], [674, 996], [675, 995], [675, 994], [675, 993], [674, 992], [675, 991], [676, 990], [677, 990], [678, 990], [678, 989], [677, 988], [677, 987]]], [[[670, 976], [670, 977], [669, 978], [670, 979], [670, 980], [670, 981], [671, 981], [672, 982], [672, 983], [671, 984], [670, 985], [669, 985], [668, 984], [668, 983], [667, 983], [666, 982], [665, 982], [664, 981], [663, 981], [662, 982], [661, 982], [660, 982], [659, 983], [658, 983], [657, 983], [656, 983], [655, 983], [654, 983], [653, 984], [654, 984], [655, 984], [656, 984], [657, 984], [658, 984], [659, 984], [660, 984], [661, 984], [662, 983], [663, 984], [664, 984], [665, 984], [666, 984], [667, 984], [668, 984], [669, 985], [669, 986], [669, 987], [669, 988], [670, 989], [670, 988], [670, 987], [671, 986], [670, 985], [671, 984], [672, 984], [673, 984], [673, 983], [672, 982], [672, 981], [672, 980], [672, 979], [672, 978], [671, 977], [671, 976]]]]","[[], 45, 50, 51]"
27,27,"[[[187, 979]], [[187, 980]], [[187, 981]], [[186, 982]], [[185, 983]], [[185, 984]], [[184, 985]], [[183, 986]], [[184, 987]], [[184, 988]], [[185, 988]], [[186, 988]], [[187, 989]], [[187, 990]], [[186, 991]], [[187, 991]], [[188, 992]], [[189, 993]], [[190, 993]], [[191, 994]], [[192, 995]], [[193, 995]], [[194, 996]], [[194, 997]], [[194, 998]], [[193, 999]], [[193, 1000]], [[193, 1001]], [[192, 1002]], [[192, 1003]], [[192, 1004]], [[192, 1005]], [[191, 1006]], [[190, 1005]], [[191, 1006]], [[190, 1007]], [[190, 1008]], [[191, 1009]], [[192, 1010]], [[192, 1011]], [[192, 1012]], [[192, 1013]], [[193, 1014]], [[194, 1014]], [[195, 1015]], [[196, 1015]], [[197, 1015]], [[198, 1015]], [[199, 1015]], [[200, 1015]], [[201, 1015]], [[202, 1014]], [[203, 1014]], [[204, 1014]], [[205, 1015]], [[206, 1016]], [[206, 1017]], [[206, 1018]], [[207, 1018]], [[208, 1018]], [[209, 1018]], [[210, 1018]], [[211, 1017]], [[212, 1016]], [[212, 1015]], [[212, 1014]], [[211, 1013]], [[211, 1012]], [[210, 1011]], [[210, 1010]], [[210, 1009]], [[210, 1008]], [[211, 1007]], [[212, 1006]], [[213, 1005]], [[213, 1004]], [[212, 1003]], [[212, 1002]], [[212, 1001]], [[212, 1000]], [[211, 999]], [[211, 998]], [[211, 997]], [[211, 996]], [[211, 995]], [[211, 994]], [[211, 993]], [[210, 992]], [[210, 991]], [[210, 990]], [[210, 989]], [[209, 988]], [[208, 987]], [[208, 986]], [[207, 986]], [[206, 985]], [[205, 984]], [[205, 983]], [[204, 983]], [[203, 983]], [[202, 982]], [[201, 982]], [[200, 982]], [[199, 982]], [[198, 982]], [[197, 981]], [[196, 981]], [[195, 981]], [[194, 981]], [[193, 980]], [[192, 980]], [[191, 980]], [[190, 980]], [[189, 980]], [[188, 980]]]",[[]],[]
28,28,"[[[132, 976]], [[131, 977]], [[130, 978]], [[129, 979]], [[129, 980]], [[128, 981]], [[128, 982]], [[128, 983]], [[127, 984]], [[126, 985]], [[126, 986]], [[127, 987]], [[128, 988]], [[128, 989]], [[129, 990]], [[130, 990]], [[131, 991]], [[132, 991]], [[133, 991]], [[134, 991]], [[135, 991]], [[136, 991]], [[136, 990]], [[136, 989]], [[137, 988]], [[138, 987]], [[137, 986]], [[138, 985]], [[139, 984]], [[139, 983]], [[139, 982]], [[139, 981]], [[140, 980]], [[140, 979]], [[139, 978]], [[139, 977]], [[138, 976]], [[137, 977]], [[136, 976]], [[135, 976]], [[134, 976]], [[133, 976]]]","[[[[141, 976], [140, 977], [140, 978], [141, 979], [141, 980], [140, 981], [140, 982], [140, 983], [140, 984], [139, 985], [138, 986], [139, 987], [138, 988], [137, 989], [137, 990], [137, 991], [137, 992], [137, 993], [136, 994], [135, 995], [134, 995], [133, 996], [132, 996], [131, 997], [130, 997], [129, 996], [128, 995], [128, 994], [128, 993], [128, 992], [128, 991], [128, 990], [127, 989], [127, 988], [126, 988], [125, 989], [124, 990], [123, 990], [122, 989], [121, 988], [120, 987], [120, 986], [121, 985], [120, 985], [119, 985], [118, 984], [118, 983], [117, 982], [117, 981], [117, 980], [116, 981], [115, 981], [115, 982], [115, 983], [116, 984], [117, 985], [118, 986], [118, 987], [118, 988], [117, 989], [116, 989], [115, 989], [114, 989], [115, 990], [115, 991], [115, 992], [115, 993], [116, 992], [117, 991], [118, 990], [119, 990], [120, 990], [121, 990], [122, 991], [123, 992], [124, 993], [124, 994], [124, 995], [124, 996], [123, 997], [122, 998], [123, 999], [124, 999], [125, 999], [126, 998], [127, 998], [128, 998], [129, 998], [130, 997], [131, 997], [132, 997], [133, 997], [134, 996], [135, 996], [136, 996], [137, 995], [137, 994], [137, 993], [138, 992], [138, 991], [139, 990], [139, 989], [139, 988], [140, 987], [141, 986], [142, 985], [143, 985], [144, 985], [145, 985], [144, 984], [143, 984], [142, 985], [141, 984], [140, 983], [141, 982], [142, 982], [142, 981], [142, 980], [141, 979], [142, 978], [143, 977], [142, 976]]], [[[140, 962], [140, 963], [140, 964], [140, 965], [140, 966], [140, 967], [140, 968], [139, 969], [138, 969], [137, 970], [137, 971], [137, 972], [137, 973], [137, 974], [136, 975], [137, 976], [138, 975], [137, 974], [137, 973], [138, 972], [138, 971], [139, 970], [140, 970], [140, 969], [141, 968], [141, 967], [142, 966], [142, 965], [142, 964], [142, 963], [143, 962], [142, 962], [141, 962]]], [[[141, 976], [140, 977], [140, 978], [141, 979], [141, 980], [140, 981], [140, 982], [140, 983], [140, 984], [139, 985], [138, 986], [139, 987], [138, 988], [137, 989], [137, 990], [137, 991], [137, 992], [137, 993], [136, 994], [135, 995], [134, 995], [133, 996], [132, 996], [131, 997], [130, 997], [129, 996], [128, 995], [128, 994], [128, 993], [128, 992], [128, 991], [128, 990], [127, 989], [127, 988], [126, 988], [125, 989], [124, 990], [123, 990], [122, 989], [121, 988], [120, 987], [120, 986], [121, 985], [120, 985], [119, 985], [118, 984], [118, 983], [117, 982], [117, 981], [117, 980], [116, 981], [115, 981], [115, 982], [115, 983], [116, 984], [117, 985], [118, 986], [118, 987], [118, 988], [117, 989], [116, 989], [115, 989], [114, 989], [115, 990], [115, 991], [115, 992], [115, 993], [116, 992], [117, 991], [118, 990], [119, 990], [120, 990], [121, 990], [122, 991], [123, 992], [124, 993], [124, 994], [124, 995], [124, 996], [123, 997], [122, 998], [123, 999], [124, 999], [125, 999], [126, 998], [127, 998], [128, 998], [129, 998], [130, 997], [131, 997], [132, 997], [133, 997], [134, 996], [135, 996], [136, 996], [137, 995], [137, 994], [137, 993], [138, 992], [138, 991], [139, 990], [139, 989], [139, 988], [140, 987], [141, 986], [142, 985], [143, 985], [144, 985], [145, 985], [144, 984], [143, 984], [142, 985], [141, 984], [140, 983], [141, 982], [142, 982], [142, 981], [142, 980], [141, 979], [142, 978], [143, 977], [142, 976]], [[140, 962], [140, 963], [140, 964], [140, 965], [140, 966], [140, 967], [140, 968], [139, 969], [138, 969], [137, 970], [137, 971], [137, 972], [137, 973], [137, 974], [136, 975], [137, 976], [138, 975], [137, 974], [137, 973], [138, 972], [138, 971], [139, 970], [140, 970], [140, 969], [141, 968], [141, 967], [142, 966], [142, 965], [142, 964], [142, 963], [143, 962], [142, 962], [141, 962]]]]","[46, 53, 54]"
29,29,"[[[315, 965]], [[314, 966]], [[313, 966]], [[312, 967]], [[311, 967]], [[310, 968]], [[309, 969]], [[308, 969]], [[307, 969]], [[306, 970]], [[305, 971]], [[304, 972]], [[303, 972]], [[303, 973]], [[302, 974]], [[301, 974]], [[300, 974]], [[299, 975]], [[299, 976]], [[298, 977]], [[297, 978]], [[297, 979]], [[296, 980]], [[296, 981]], [[295, 982]], [[295, 983]], [[294, 984]], [[294, 985]], [[294, 986]], [[294, 987]], [[294, 988]], [[294, 989]], [[294, 990]], [[294, 991]], [[295, 992]], [[296, 993]], [[297, 993]], [[298, 994]], [[299, 995]], [[300, 995]], [[301, 995]], [[302, 996]], [[303, 996]], [[304, 997]], [[305, 997]], [[306, 997]], [[307, 997]], [[308, 997]], [[309, 997]], [[310, 997]], [[311, 997]], [[312, 996]], [[313, 996]], [[314, 996]], [[315, 995]], [[315, 994]], [[315, 993]], [[315, 992]], [[316, 991]], [[316, 990]], [[316, 989]], [[317, 988]], [[317, 987]], [[318, 986]], [[319, 985]], [[320, 984]], [[321, 983]], [[322, 983]], [[323, 982]], [[324, 982]], [[325, 982]], [[326, 981]], [[326, 980]], [[327, 979]], [[327, 978]], [[327, 977]], [[328, 976]], [[327, 975]], [[326, 974]], [[325, 973]], [[324, 973]], [[323, 973]], [[322, 972]], [[321, 971]], [[321, 970]], [[320, 969]], [[319, 968]], [[319, 967]], [[318, 966]], [[317, 966]], [[316, 965]]]",[[]],[]
30,30,"[[[409, 962]], [[408, 963]], [[407, 963]], [[406, 963]], [[405, 963]], [[404, 964]], [[403, 964]], [[402, 964]], [[401, 964]], [[400, 964]], [[399, 964]], [[398, 964]], [[397, 964]], [[396, 964]], [[395, 965]], [[394, 965]], [[393, 965]], [[392, 965]], [[391, 965]], [[390, 965]], [[389, 965]], [[388, 965]], [[387, 965]], [[386, 966]], [[385, 966]], [[384, 967]], [[383, 968]], [[383, 969]], [[382, 970]], [[381, 971]], [[381, 972]], [[381, 973]], [[381, 974]], [[380, 975]], [[381, 976]], [[381, 977]], [[382, 978]], [[382, 979]], [[382, 980]], [[383, 981]], [[383, 982]], [[383, 983]], [[384, 984]], [[385, 984]], [[386, 985]], [[387, 985]], [[388, 986]], [[388, 987]], [[389, 988]], [[390, 989]], [[391, 989]], [[392, 990]], [[393, 990]], [[394, 990]], [[395, 990]], [[396, 990]], [[397, 990]], [[398, 990]], [[399, 990]], [[400, 990]], [[401, 990]], [[402, 990]], [[403, 991]], [[404, 992]], [[405, 993]], [[405, 994]], [[406, 995]], [[407, 996]], [[408, 997]], [[408, 998]], [[409, 998]], [[410, 998]], [[411, 998]], [[412, 998]], [[413, 999]], [[414, 999]], [[415, 999]], [[416, 998]], [[417, 998]], [[418, 997]], [[419, 996]], [[420, 995]], [[421, 994]], [[422, 993]], [[423, 992]], [[423, 991]], [[423, 990]], [[422, 989]], [[423, 988]], [[422, 987]], [[422, 986]], [[421, 985]], [[420, 984]], [[419, 983]], [[419, 982]], [[419, 981]], [[419, 980]], [[419, 979]], [[419, 978]], [[418, 977]], [[418, 976]], [[418, 975]], [[417, 974]], [[417, 973]], [[416, 972]], [[416, 971]], [[415, 970]], [[415, 969]], [[415, 968]], [[414, 967]], [[414, 966]], [[414, 965]], [[414, 964]], [[413, 963]], [[412, 962]], [[411, 962]], [[410, 962]]]","[[], [[[427, 998], [427, 999], [426, 1000], [426, 1001], [425, 1002], [424, 1001], [423, 1000], [422, 999], [421, 999], [420, 999], [419, 1000], [418, 1000], [417, 1000], [416, 1000], [415, 1001], [415, 1002], [414, 1003], [413, 1003], [412, 1004], [411, 1005], [411, 1006], [411, 1007], [410, 1008], [411, 1008], [411, 1007], [412, 1006], [413, 1006], [413, 1005], [414, 1004], [415, 1003], [416, 1003], [417, 1003], [418, 1003], [419, 1002], [420, 1002], [421, 1002], [422, 1003], [423, 1003], [424, 1002], [425, 1002], [426, 1002], [427, 1002], [428, 1002], [428, 1001], [428, 1000], [427, 999]]]]","[[], 39]"
31,31,"[[[689, 958]], [[688, 959]], [[687, 960]], [[686, 961]], [[685, 962]], [[684, 961]], [[683, 962]], [[682, 963]], [[681, 963]], [[680, 963]], [[679, 962]], [[678, 962]], [[678, 963]], [[677, 964]], [[678, 965]], [[677, 966]], [[676, 967]], [[675, 967]], [[674, 967]], [[673, 968]], [[672, 968]], [[672, 969]], [[672, 970]], [[672, 971]], [[672, 972]], [[672, 973]], [[672, 974]], [[672, 975]], [[672, 976]], [[672, 977]], [[673, 978]], [[673, 979]], [[673, 980]], [[673, 981]], [[673, 982]], [[674, 983]], [[675, 984]], [[676, 984]], [[677, 985]], [[677, 986]], [[678, 987]], [[678, 988]], [[679, 987]], [[680, 987]], [[681, 987]], [[682, 988]], [[683, 987]], [[684, 987]], [[685, 987]], [[686, 987]], [[687, 986]], [[688, 986]], [[689, 986]], [[690, 987]], [[691, 987]], [[692, 988]], [[693, 989]], [[692, 990]], [[692, 991]], [[692, 992]], [[692, 993]], [[692, 994]], [[692, 995]], [[691, 996]], [[690, 995]], [[689, 995]], [[688, 995]], [[687, 995]], [[686, 995]], [[685, 996]], [[684, 996]], [[683, 996]], [[682, 996]], [[681, 996]], [[680, 996]], [[679, 996]], [[678, 996]], [[677, 997]], [[676, 998]], [[675, 999]], [[674, 1000]], [[674, 1001]], [[674, 1002]], [[673, 1003]], [[672, 1004]], [[672, 1005]], [[671, 1006]], [[670, 1007]], [[669, 1007]], [[670, 1007]], [[671, 1008]], [[670, 1009]], [[669, 1010]], [[668, 1011]], [[669, 1012]], [[669, 1013]], [[669, 1014]], [[668, 1015]], [[668, 1016]], [[668, 1017]], [[668, 1018]], [[667, 1019]], [[666, 1019]], [[665, 1020]], [[664, 1020]], [[663, 1020]], [[662, 1021]], [[661, 1021]], [[660, 1022]], [[659, 1022]], [[658, 1022]], [[657, 1023]], [[656, 1023]], [[656, 1024]], [[656, 1025]], [[655, 1026]], [[654, 1027]], [[653, 1027]], [[652, 1027]], [[651, 1028]], [[651, 1029]], [[651, 1030]], [[651, 1031]], [[651, 1032]], [[651, 1033]], [[651, 1034]], [[651, 1035]], [[651, 1036]], [[651, 1037]], [[651, 1038]], [[651, 1039]], [[652, 1039]], [[653, 1039]], [[654, 1039]], [[655, 1040]], [[656, 1041]], [[657, 1042]], [[658, 1042]], [[659, 1042]], [[660, 1042]], [[661, 1042]], [[662, 1041]], [[663, 1041]], [[664, 1041]], [[665, 1042]], [[664, 1043]], [[665, 1044]], [[665, 1045]], [[665, 1046]], [[665, 1047]], [[665, 1048]], [[666, 1049]], [[665, 1050]], [[664, 1050]], [[663, 1051]], [[662, 1051]], [[661, 1051]], [[660, 1051]], [[660, 1052]], [[659, 1053]], [[658, 1054]], [[657, 1054]], [[657, 1055]], [[656, 1056]], [[656, 1057]], [[655, 1058]], [[654, 1058]], [[654, 1059]], [[653, 1060]], [[654, 1061]], [[655, 1062]], [[655, 1063]], [[654, 1064]], [[655, 1064]], [[656, 1065]], [[656, 1066]], [[656, 1067]], [[655, 1068]], [[654, 1068]], [[654, 1069]], [[654, 1070]], [[654, 1071]], [[654, 1072]], [[654, 1073]], [[654, 1074]], [[655, 1075]], [[655, 1076]], [[656, 1077]], [[656, 1078]], [[655, 1079]], [[654, 1080]], [[653, 1080]], [[652, 1080]], [[651, 1080]], [[650, 1080]], [[649, 1081]], [[648, 1081]], [[647, 1081]], [[646, 1081]], [[646, 1082]], [[646, 1083]], [[646, 1084]], [[646, 1085]], [[646, 1086]], [[646, 1087]], [[646, 1088]], [[647, 1089]], [[647, 1090]], [[647, 1091]], [[647, 1092]], [[647, 1093]], [[647, 1094]], [[647, 1095]], [[647, 1096]], [[647, 1097]], [[646, 1098]], [[646, 1099]], [[645, 1100]], [[644, 1101]], [[644, 1102]], [[644, 1103]], [[644, 1104]], [[645, 1105]], [[645, 1106]], [[645, 1107]], [[646, 1108]], [[647, 1108]], [[648, 1109]], [[649, 1110]], [[650, 1111]], [[650, 1112]], [[650, 1113]], [[650, 1114]], [[651, 1115]], [[651, 1116]], [[651, 1117]], [[651, 1118]], [[651, 1119]], [[652, 1120]], [[652, 1121]], [[652, 1122]], [[652, 1123]], [[652, 1124]], [[652, 1125]], [[652, 1126]], [[652, 1127]], [[652, 1128]], [[653, 1129]], [[653, 1130]], [[653, 1131]], [[653, 1132]], [[653, 1133]], [[654, 1134]], [[655, 1134]], [[656, 1135]], [[657, 1136]], [[658, 1136]], [[659, 1136]], [[660, 1136]], [[661, 1136]], [[662, 1137]], [[662, 1138]], [[662, 1139]], [[662, 1140]], [[661, 1141]], [[660, 1141]], [[659, 1140]], [[658, 1140]], [[657, 1139]], [[656, 1138]], [[655, 1138]], [[654, 1138]], [[653, 1138]], [[652, 1138]], [[651, 1138]], [[650, 1138]], [[649, 1138]], [[648, 1137]], [[647, 1137]], [[646, 1136]], [[645, 1137]], [[644, 1137]], [[643, 1137]], [[642, 1137]], [[641, 1137]], [[640, 1137]], [[639, 1137]], [[638, 1137]], [[637, 1137]], [[636, 1137]], [[635, 1137]], [[634, 1137]], [[633, 1137]], [[632, 1137]], [[631, 1137]], [[630, 1137]], [[629, 1137]], [[628, 1137]], [[627, 1137]], [[626, 1136]], [[625, 1136]], [[624, 1137]], [[623, 1137]], [[622, 1137]], [[621, 1137]], [[621, 1138]], [[621, 1139]], [[620, 1140]], [[619, 1140]], [[618, 1141]], [[618, 1142]], [[618, 1143]], [[619, 1144]], [[619, 1145]], [[619, 1146]], [[620, 1147]], [[620, 1148]], [[620, 1149]], [[619, 1150]], [[618, 1150]], [[619, 1151]], [[619, 1152]], [[620, 1153]], [[620, 1154]], [[621, 1155]], [[622, 1156]], [[622, 1157]], [[623, 1158]], [[624, 1159]], [[624, 1160]], [[625, 1161]], [[626, 1161]], [[627, 1161]], [[628, 1162]], [[629, 1162]], [[630, 1162]], [[631, 1162]], [[632, 1162]], [[633, 1163]], [[634, 1162]], [[635, 1162]], [[636, 1162]], [[637, 1162]], [[638, 1162]], [[639, 1162]], [[640, 1162]], [[641, 1162]], [[642, 1162]], [[643, 1162]], [[644, 1162]], [[645, 1163]], [[646, 1164]], [[647, 1164]], [[648, 1164]], [[649, 1164]], [[650, 1164]], [[651, 1164]], [[652, 1164]], [[653, 1164]], [[654, 1164]], [[655, 1164]], [[656, 1164]], [[657, 1164]], [[658, 1164]], [[659, 1164]], [[660, 1164]], [[661, 1164]], [[662, 1164]], [[663, 1164]], [[664, 1163]], [[665, 1163]], [[666, 1162]], [[667, 1162]], [[668, 1161]], [[668, 1160]], [[669, 1159]], [[669, 1158]], [[668, 1157]], [[669, 1156]], [[669, 1155]], [[669, 1154]], [[669, 1153]], [[669, 1152]], [[669, 1151]], [[669, 1150]], [[668, 1149]], [[668, 1148]], [[668, 1147]], [[669, 1146]], [[670, 1145]], [[671, 1144]], [[672, 1144]], [[673, 1144]], [[674, 1144]], [[675, 1144]], [[676, 1144]], [[677, 1145]], [[678, 1145]], [[679, 1145]], [[680, 1145]], [[681, 1145]], [[682, 1144]], [[683, 1143]], [[684, 1142]], [[685, 1142]], [[686, 1142]], [[687, 1143]], [[688, 1143]], [[689, 1143]], [[689, 1142]], [[689, 1141]], [[690, 1140]], [[691, 1139]], [[692, 1139]], [[693, 1139]], [[694, 1138]], [[695, 1137]], [[695, 1136]], [[696, 1135]], [[697, 1134]], [[698, 1133]], [[699, 1133]], [[700, 1132]], [[701, 1132]], [[702, 1133]], [[703, 1133]], [[704, 1133]], [[705, 1134]], [[706, 1134]], [[707, 1134]], [[708, 1135]], [[709, 1135]], [[710, 1135]], [[711, 1135]], [[712, 1135]], [[713, 1135]], [[714, 1135]], [[715, 1134]], [[716, 1133]], [[717, 1133]], [[718, 1132]], [[718, 1131]], [[719, 1130]], [[719, 1129]], [[720, 1128]], [[721, 1127]], [[722, 1126]], [[722, 1125]], [[723, 1124]], [[724, 1123]], [[724, 1122]], [[725, 1121]], [[725, 1120]], [[726, 1119]], [[726, 1118]], [[727, 1117]], [[728, 1116]], [[729, 1115]], [[730, 1114]], [[730, 1113]], [[730, 1112]], [[731, 1111]], [[731, 1110]], [[732, 1109]], [[733, 1108]], [[734, 1107]], [[734, 1106]], [[735, 1105]], [[735, 1104]], [[736, 1103]], [[736, 1102]], [[736, 1101]], [[736, 1100]], [[736, 1099]], [[735, 1098]], [[735, 1097]], [[736, 1096]], [[737, 1096]], [[738, 1096]], [[738, 1095]], [[737, 1094]], [[737, 1093]], [[737, 1092]], [[737, 1091]], [[737, 1090]], [[737, 1089]], [[737, 1088]], [[737, 1087]], [[737, 1086]], [[736, 1085]], [[736, 1084]], [[736, 1083]], [[735, 1082]], [[735, 1081]], [[734, 1081]], [[733, 1080]], [[732, 1079]], [[731, 1078]], [[731, 1077]], [[731, 1076]], [[732, 1075]], [[732, 1074]], [[731, 1073]], [[730, 1073]], [[729, 1073]], [[728, 1073]], [[727, 1072]], [[727, 1071]], [[727, 1070]], [[727, 1069]], [[726, 1068]], [[725, 1067]], [[725, 1066]], [[725, 1065]], [[725, 1064]], [[725, 1063]], [[726, 1062]], [[727, 1063]], [[728, 1063]], [[728, 1062]], [[728, 1061]], [[728, 1060]], [[728, 1059]], [[728, 1058]], [[728, 1057]], [[727, 1056]], [[726, 1055]], [[725, 1055]], [[724, 1054]], [[725, 1053]], [[725, 1052]], [[725, 1051]], [[725, 1050]], [[725, 1049]], [[726, 1048]], [[725, 1047]], [[725, 1046]], [[725, 1045]], [[725, 1044]], [[724, 1043]], [[724, 1042]], [[724, 1041]], [[723, 1041]], [[722, 1041]], [[721, 1041]], [[720, 1040]], [[720, 1039]], [[721, 1038]], [[722, 1038]], [[723, 1038]], [[724, 1038]], [[725, 1038]], [[726, 1038]], [[727, 1037]], [[728, 1036]], [[729, 1035]], [[729, 1034]], [[730, 1033]], [[730, 1032]], [[729, 1031]], [[728, 1031]], [[727, 1031]], [[726, 1031]], [[725, 1031]], [[724, 1030]], [[723, 1030]], [[722, 1030]], [[721, 1030]], [[720, 1030]], [[719, 1029]], [[719, 1028]], [[720, 1027]], [[720, 1026]], [[721, 1025]], [[721, 1024]], [[721, 1023]], [[721, 1022]], [[721, 1021]], [[722, 1020]], [[723, 1019]], [[724, 1020]], [[725, 1019]], [[725, 1018]], [[725, 1017]], [[726, 1016]], [[727, 1015]], [[728, 1014]], [[728, 1013]], [[729, 1012]], [[730, 1011]], [[730, 1010]], [[731, 1009]], [[731, 1008]], [[731, 1007]], [[732, 1006]], [[733, 1005]], [[734, 1004]], [[735, 1004]], [[736, 1005]], [[736, 1004]], [[735, 1004]], [[734, 1003]], [[734, 1002]], [[733, 1001]], [[734, 1000]], [[734, 999]], [[735, 998]], [[735, 997]], [[735, 996]], [[735, 995]], [[735, 994]], [[735, 993]], [[735, 992]], [[735, 991]], [[736, 990]], [[736, 989]], [[735, 988]], [[735, 987]], [[735, 986]], [[734, 985]], [[734, 984]], [[735, 983]], [[735, 982]], [[735, 981]], [[735, 980]], [[734, 979]], [[735, 980]], [[735, 981]], [[734, 982]], [[733, 981]], [[732, 981]], [[731, 981]], [[730, 980]], [[729, 980]], [[728, 979]], [[727, 978]], [[726, 977]], [[726, 976]], [[725, 976]], [[724, 976]], [[723, 976]], [[722, 976]], [[721, 976]], [[720, 976]], [[719, 976]], [[718, 976]], [[717, 976]], [[716, 976]], [[715, 976]], [[714, 977]], [[713, 977]], [[712, 977]], [[711, 977]], [[710, 977]], [[709, 977]], [[708, 977]], [[707, 977]], [[706, 977]], [[705, 977]], [[704, 977]], [[703, 976]], [[703, 975]], [[702, 975]], [[701, 975]], [[700, 974]], [[699, 973]], [[700, 972]], [[701, 971]], [[701, 970]], [[702, 969]], [[703, 969]], [[704, 968]], [[705, 968]], [[706, 969]], [[707, 969]], [[708, 969]], [[709, 970]], [[710, 971]], [[711, 971]], [[712, 970]], [[713, 970]], [[714, 970]], [[715, 969]], [[716, 969]], [[716, 968]], [[716, 967]], [[717, 966]], [[718, 966]], [[718, 965]], [[718, 964]], [[718, 963]], [[718, 962]], [[717, 962]], [[716, 961]], [[715, 961]], [[714, 960]], [[713, 961]], [[712, 961]], [[711, 960]], [[710, 960]], [[709, 960]], [[708, 959]], [[707, 959]], [[706, 959]], [[705, 959]], [[704, 960]], [[703, 961]], [[702, 962]], [[701, 963]], [[700, 963]], [[699, 962]], [[698, 962]], [[697, 962]], [[696, 962]], [[695, 961]], [[694, 960]], [[693, 960]], [[692, 959]], [[691, 959]], [[690, 958]]]","[[], [[[670, 976], [670, 977], [669, 978], [670, 979], [670, 980], [670, 981], [671, 981], [672, 982], [672, 983], [671, 984], [670, 985], [669, 985], [668, 984], [668, 983], [667, 983], [666, 982], [665, 982], [664, 981], [663, 981], [662, 982], [661, 982], [660, 982], [659, 983], [658, 983], [657, 983], [656, 983], [655, 983], [654, 983], [653, 984], [654, 984], [655, 984], [656, 984], [657, 984], [658, 984], [659, 984], [660, 984], [661, 984], [662, 983], [663, 984], [664, 984], [665, 984], [666, 984], [667, 984], [668, 984], [669, 985], [669, 986], [669, 987], [669, 988], [670, 989], [670, 988], [670, 987], [671, 986], [670, 985], [671, 984], [672, 984], [673, 984], [673, 983], [672, 982], [672, 981], [672, 980], [672, 979], [672, 978], [671, 977], [671, 976]]], [[[676, 987], [675, 988], [676, 989], [675, 990], [674, 991], [673, 992], [672, 993], [673, 994], [673, 995], [674, 996], [675, 997], [674, 998], [673, 998], [672, 998], [671, 998], [672, 998], [673, 999], [673, 1000], [674, 999], [675, 998], [676, 997], [675, 997], [674, 996], [675, 995], [675, 994], [675, 993], [674, 992], [675, 991], [676, 990], [677, 990], [678, 990], [678, 989], [677, 988], [677, 987]]], [[[642, 1067], [642, 1068], [641, 1069], [642, 1070], [643, 1070], [644, 1070], [645, 1071], [644, 1072], [644, 1073], [644, 1074], [643, 1075], [642, 1074], [641, 1075], [640, 1075], [639, 1075], [638, 1076], [638, 1077], [638, 1078], [638, 1079], [639, 1079], [640, 1079], [640, 1078], [639, 1077], [640, 1076], [641, 1076], [642, 1076], [643, 1076], [644, 1076], [645, 1077], [646, 1078], [646, 1079], [646, 1080], [647, 1080], [648, 1080], [649, 1080], [650, 1079], [651, 1079], [652, 1079], [653, 1079], [654, 1079], [655, 1078], [655, 1077], [654, 1076], [654, 1075], [653, 1075], [652, 1075], [652, 1076], [652, 1077], [653, 1076], [654, 1077], [654, 1078], [653, 1079], [652, 1079], [651, 1079], [650, 1078], [649, 1078], [648, 1078], [647, 1078], [646, 1077], [646, 1076], [646, 1075], [646, 1074], [647, 1073], [648, 1072], [649, 1072], [650, 1072], [651, 1072], [650, 1071], [649, 1071], [648, 1072], [647, 1071], [647, 1070], [647, 1069], [647, 1068], [647, 1067], [646, 1067], [645, 1067], [644, 1067], [643, 1067]]], [[[635, 1128], [634, 1129], [634, 1130], [633, 1131], [632, 1132], [633, 1133], [633, 1134], [632, 1135], [631, 1135], [630, 1134], [629, 1135], [628, 1135], [627, 1135], [627, 1136], [628, 1136], [629, 1136], [630, 1136], [631, 1136], [632, 1136], [633, 1136], [634, 1136], [635, 1136], [636, 1136], [637, 1136], [638, 1136], [639, 1136], [640, 1136], [641, 1136], [642, 1136], [642, 1135], [642, 1134], [641, 1134], [640, 1135], [639, 1135], [638, 1135], [637, 1135], [636, 1134], [635, 1133], [635, 1132], [636, 1131], [636, 1130], [636, 1129]]], [[[621, 1158], [622, 1159], [622, 1160], [621, 1161], [620, 1161], [619, 1161], [618, 1161], [617, 1161], [616, 1162], [615, 1163], [614, 1164], [613, 1165], [612, 1165], [611, 1165], [610, 1165], [609, 1165], [608, 1165], [607, 1165], [606, 1166], [605, 1166], [606, 1166], [607, 1167], [607, 1168], [608, 1169], [608, 1170], [608, 1171], [608, 1172], [608, 1173], [608, 1174], [607, 1175], [606, 1176], [606, 1177], [606, 1178], [606, 1179], [606, 1180], [606, 1181], [606, 1182], [606, 1183], [607, 1183], [608, 1184], [608, 1183], [608, 1182], [608, 1181], [608, 1180], [609, 1179], [609, 1178], [609, 1177], [609, 1176], [610, 1175], [610, 1174], [610, 1173], [611, 1172], [611, 1171], [611, 1170], [612, 1169], [613, 1168], [613, 1167], [614, 1166], [615, 1165], [616, 1164], [617, 1163], [618, 1163], [619, 1162], [620, 1162], [621, 1162], [622, 1162], [623, 1162], [624, 1162], [625, 1162], [626, 1162], [627, 1163], [628, 1164], [629, 1164], [630, 1164], [631, 1165], [632, 1165], [633, 1165], [634, 1165], [635, 1165], [636, 1166], [637, 1166], [638, 1166], [639, 1166], [640, 1166], [641, 1166], [642, 1166], [643, 1166], [644, 1166], [645, 1167], [646, 1167], [647, 1167], [648, 1167], [649, 1168], [650, 1169], [650, 1170], [650, 1171], [651, 1172], [652, 1173], [653, 1173], [654, 1174], [655, 1174], [656, 1175], [657, 1176], [658, 1177], [659, 1178], [660, 1179], [660, 1180], [660, 1181], [661, 1182], [662, 1182], [663, 1182], [664, 1182], [664, 1181], [664, 1180], [663, 1180], [662, 1180], [661, 1179], [660, 1179], [659, 1178], [659, 1177], [658, 1176], [657, 1175], [656, 1174], [655, 1174], [654, 1173], [654, 1172], [653, 1171], [653, 1170], [652, 1169], [652, 1168], [652, 1167], [651, 1167], [650, 1166], [649, 1165], [648, 1165], [647, 1165], [646, 1165], [645, 1164], [644, 1163], [643, 1163], [642, 1163], [641, 1163], [640, 1163], [639, 1163], [638, 1163], [637, 1164], [636, 1164], [635, 1164], [634, 1164], [633, 1164], [632, 1164], [631, 1163], [630, 1163], [629, 1163], [628, 1163], [627, 1162], [626, 1162], [625, 1162], [624, 1161], [623, 1160], [623, 1159], [622, 1159]]], [[[730, 1059], [730, 1060], [729, 1061], [729, 1062], [729, 1063], [729, 1064], [729, 1065], [730, 1066], [730, 1067], [731, 1068], [731, 1069], [731, 1070], [730, 1071], [729, 1071], [728, 1072], [729, 1072], [730, 1072], [731, 1072], [732, 1072], [733, 1072], [734, 1071], [735, 1071], [736, 1072], [737, 1072], [738, 1072], [739, 1072], [739, 1071], [738, 1070], [737, 1070], [736, 1070], [735, 1069], [734, 1069], [733, 1070], [732, 1069], [731, 1068], [731, 1067], [731, 1066], [731, 1065], [730, 1064], [731, 1063], [732, 1062], [733, 1061], [733, 1060], [733, 1059], [732, 1059], [731, 1059]]], [[[745, 995], [745, 996], [744, 997], [744, 998], [745, 998], [746, 999], [745, 1000], [744, 1000], [744, 1001], [743, 1002], [742, 1003], [741, 1003], [740, 1003], [739, 1002], [739, 1001], [739, 1000], [739, 999], [738, 999], [737, 999], [736, 998], [735, 999], [735, 1000], [734, 1001], [735, 1002], [736, 1002], [737, 1002], [738, 1002], [739, 1002], [740, 1003], [740, 1004], [741, 1004], [742, 1004], [743, 1005], [742, 1006], [742, 1007], [743, 1007], [743, 1006], [744, 1005], [744, 1004], [745, 1003], [746, 1002], [747, 1001], [748, 1001], [749, 1000], [750, 999], [751, 998], [750, 998], [749, 999], [748, 999], [747, 999], [746, 998], [747, 997], [746, 996], [746, 995]]], [[[719, 962], [719, 963], [720, 964], [720, 965], [720, 966], [719, 967], [719, 968], [718, 969], [718, 970], [718, 971], [718, 972], [717, 973], [717, 974], [718, 974], [719, 974], [720, 975], [721, 975], [722, 975], [723, 975], [724, 975], [725, 975], [726, 975], [727, 975], [726, 975], [725, 975], [724, 974], [723, 974], [722, 974], [721, 973], [720, 973], [719, 973], [718, 972], [719, 971], [720, 971], [721, 971], [722, 971], [723, 971], [723, 970], [723, 969], [723, 968], [723, 967], [722, 966], [722, 965], [722, 964], [722, 963], [722, 962], [721, 962], [720, 962]]]]","[[], 51, 50, 58, 5, 60, 61, 41, 63]"
32,32,"[[[800, 956]], [[799, 957]], [[798, 957]], [[797, 958]], [[797, 959]], [[797, 960]], [[796, 961]], [[796, 962]], [[796, 963]], [[796, 964]], [[797, 965]], [[798, 966]], [[798, 967]], [[797, 968]], [[797, 969]], [[798, 970]], [[798, 971]], [[798, 972]], [[798, 973]], [[798, 974]], [[798, 975]], [[799, 975]], [[800, 976]], [[801, 976]], [[802, 976]], [[803, 976]], [[804, 976]], [[805, 975]], [[806, 974]], [[807, 973]], [[807, 972]], [[807, 971]], [[808, 970]], [[808, 969]], [[809, 968]], [[809, 967]], [[809, 966]], [[809, 965]], [[809, 964]], [[809, 963]], [[809, 962]], [[809, 961]], [[809, 960]], [[809, 959]], [[809, 958]], [[809, 957]], [[808, 956]], [[807, 956]], [[806, 956]], [[805, 956]], [[804, 956]], [[803, 956]], [[802, 956]], [[801, 956]]]","[[], [[[807, 944], [806, 945], [805, 945], [805, 946], [806, 947], [807, 948], [807, 949], [807, 950], [806, 951], [807, 952], [807, 953], [806, 954], [805, 954], [805, 955], [806, 955], [807, 955], [808, 955], [809, 956], [810, 957], [811, 958], [810, 959], [810, 960], [810, 961], [810, 962], [810, 963], [810, 964], [810, 963], [810, 962], [811, 961], [811, 960], [811, 959], [812, 958], [813, 957], [814, 958], [815, 959], [816, 960], [816, 961], [817, 962], [817, 963], [818, 963], [819, 963], [819, 962], [819, 961], [819, 960], [818, 960], [817, 959], [816, 958], [815, 957], [814, 956], [813, 956], [812, 955], [811, 955], [810, 954], [809, 953], [808, 953], [807, 952], [807, 951], [808, 950], [809, 949], [809, 948], [810, 947], [811, 946], [812, 946], [813, 945], [812, 945], [811, 945], [810, 945], [809, 944], [808, 944]]]]","[[], 64]"
33,33,"[[[321, 952]], [[320, 953]], [[321, 954]], [[321, 955]], [[321, 956]], [[322, 957]], [[322, 958]], [[323, 959]], [[324, 959]], [[325, 960]], [[326, 961]], [[326, 962]], [[327, 963]], [[328, 964]], [[328, 965]], [[329, 966]], [[330, 967]], [[331, 968]], [[332, 968]], [[333, 969]], [[334, 970]], [[335, 970]], [[336, 971]], [[336, 972]], [[337, 972]], [[338, 972]], [[339, 972]], [[340, 972]], [[341, 971]], [[341, 970]], [[342, 969]], [[342, 968]], [[342, 967]], [[342, 966]], [[343, 965]], [[343, 964]], [[343, 963]], [[343, 962]], [[342, 961]], [[341, 960]], [[340, 959]], [[339, 959]], [[338, 958]], [[337, 958]], [[336, 957]], [[335, 956]], [[334, 956]], [[333, 955]], [[332, 954]], [[331, 954]], [[330, 954]], [[329, 953]], [[328, 953]], [[327, 953]], [[326, 952]], [[325, 952]], [[324, 953]], [[323, 953]], [[322, 953]]]",[[]],[]
34,34,"[[[813, 946]], [[812, 947]], [[811, 947]], [[810, 948]], [[810, 949]], [[809, 950]], [[808, 951]], [[808, 952]], [[809, 952]], [[810, 953]], [[811, 953]], [[812, 954]], [[813, 955]], [[814, 955]], [[815, 956]], [[816, 957]], [[817, 958]], [[818, 959]], [[819, 959]], [[820, 959]], [[821, 959]], [[822, 960]], [[823, 960]], [[824, 961]], [[825, 961]], [[826, 961]], [[827, 961]], [[828, 961]], [[829, 961]], [[830, 960]], [[831, 960]], [[832, 960]], [[831, 960]], [[830, 960]], [[829, 959]], [[829, 958]], [[830, 957]], [[831, 956]], [[832, 956]], [[833, 956]], [[833, 955]], [[833, 954]], [[832, 953]], [[831, 952]], [[831, 951]], [[831, 950]], [[831, 949]], [[831, 948]], [[830, 947]], [[829, 948]], [[828, 947]], [[827, 947]], [[826, 947]], [[825, 947]], [[824, 947]], [[823, 947]], [[822, 947]], [[821, 946]], [[820, 946]], [[819, 946]], [[818, 946]], [[817, 946]], [[816, 946]], [[815, 946]], [[814, 946]]]","[[[[807, 944], [806, 945], [805, 945], [805, 946], [806, 947], [807, 948], [807, 949], [807, 950], [806, 951], [807, 952], [807, 953], [806, 954], [805, 954], [805, 955], [806, 955], [807, 955], [808, 955], [809, 956], [810, 957], [811, 958], [810, 959], [810, 960], [810, 961], [810, 962], [810, 963], [810, 964], [810, 963], [810, 962], [811, 961], [811, 960], [811, 959], [812, 958], [813, 957], [814, 958], [815, 959], [816, 960], [816, 961], [817, 962], [817, 963], [818, 963], [819, 963], [819, 962], [819, 961], [819, 960], [818, 960], [817, 959], [816, 958], [815, 957], [814, 956], [813, 956], [812, 955], [811, 955], [810, 954], [809, 953], [808, 953], [807, 952], [807, 951], [808, 950], [809, 949], [809, 948], [810, 947], [811, 946], [812, 946], [813, 945], [812, 945], [811, 945], [810, 945], [809, 944], [808, 944]]], []]","[64, []]"
35,35,"[[[537, 944]], [[536, 945]], [[535, 946]], [[534, 946]], [[533, 947]], [[532, 948]], [[532, 949]], [[531, 950]], [[530, 951]], [[529, 952]], [[528, 953]], [[527, 952]], [[526, 953]], [[525, 953]], [[525, 954]], [[525, 955]], [[524, 956]], [[524, 957]], [[525, 958]], [[525, 959]], [[526, 960]], [[526, 961]], [[526, 962]], [[527, 963]], [[528, 963]], [[529, 964]], [[530, 965]], [[531, 966]], [[532, 966]], [[533, 966]], [[534, 965]], [[535, 965]], [[536, 964]], [[537, 963]], [[538, 963]], [[538, 962]], [[539, 961]], [[540, 962]], [[541, 962]], [[542, 962]], [[543, 961]], [[543, 960]], [[544, 959]], [[545, 958]], [[546, 957]], [[547, 956]], [[547, 955]], [[547, 954]], [[547, 953]], [[547, 952]], [[547, 951]], [[547, 950]], [[546, 949]], [[545, 948]], [[544, 948]], [[543, 947]], [[542, 946]], [[541, 945]], [[540, 945]], [[539, 944]], [[538, 944]]]","[[[[538, 934], [538, 935], [537, 936], [537, 937], [537, 938], [538, 939], [538, 940], [537, 941], [537, 942], [537, 943], [538, 943], [539, 943], [540, 944], [541, 944], [542, 944], [541, 944], [540, 943], [540, 942], [539, 941], [539, 940], [538, 939], [538, 938], [539, 937], [540, 936], [540, 935], [540, 934], [539, 934]]], []]","[66, []]"
36,36,"[[[25, 938]], [[24, 939]], [[24, 940]], [[23, 941]], [[22, 942]], [[21, 942]], [[20, 941]], [[19, 940]], [[18, 940]], [[17, 940]], [[16, 940]], [[16, 941]], [[16, 942]], [[15, 943]], [[14, 943]], [[13, 944]], [[13, 945]], [[13, 946]], [[13, 947]], [[13, 948]], [[14, 949]], [[15, 950]], [[15, 951]], [[16, 952]], [[16, 953]], [[16, 954]], [[16, 955]], [[16, 956]], [[17, 957]], [[18, 957]], [[19, 956]], [[20, 956]], [[21, 955]], [[22, 955]], [[22, 954]], [[21, 953]], [[22, 952]], [[23, 952]], [[24, 952]], [[25, 953]], [[25, 954]], [[26, 955]], [[27, 956]], [[27, 957]], [[27, 958]], [[27, 959]], [[27, 960]], [[28, 961]], [[27, 962]], [[27, 963]], [[27, 964]], [[27, 965]], [[28, 966]], [[29, 967]], [[28, 968]], [[28, 969]], [[28, 970]], [[28, 971]], [[28, 972]], [[27, 973]], [[27, 974]], [[27, 975]], [[28, 976]], [[29, 977]], [[28, 978]], [[27, 979]], [[26, 978]], [[26, 979]], [[25, 980]], [[26, 980]], [[27, 980]], [[28, 981]], [[28, 982]], [[29, 981]], [[30, 982]], [[30, 983]], [[29, 984]], [[29, 985]], [[29, 986]], [[29, 987]], [[29, 988]], [[30, 989]], [[29, 990]], [[28, 990]], [[27, 989]], [[26, 989]], [[25, 988]], [[25, 987]], [[24, 986]], [[23, 986]], [[22, 987]], [[21, 987]], [[20, 987]], [[19, 988]], [[18, 988]], [[17, 988]], [[16, 988]], [[15, 988]], [[14, 988]], [[13, 989]], [[12, 989]], [[11, 990]], [[11, 991]], [[10, 992]], [[10, 993]], [[9, 994]], [[9, 995]], [[8, 996]], [[8, 997]], [[9, 998]], [[9, 999]], [[9, 1000]], [[10, 1001]], [[10, 1002]], [[10, 1003]], [[11, 1004]], [[12, 1005]], [[12, 1006]], [[12, 1007]], [[12, 1008]], [[13, 1009]], [[14, 1009]], [[15, 1010]], [[15, 1011]], [[15, 1012]], [[16, 1013]], [[16, 1014]], [[17, 1015]], [[17, 1016]], [[18, 1017]], [[19, 1018]], [[19, 1019]], [[20, 1020]], [[20, 1021]], [[21, 1022]], [[21, 1023]], [[22, 1024]], [[23, 1025]], [[24, 1026]], [[24, 1027]], [[25, 1028]], [[26, 1029]], [[27, 1029]], [[28, 1030]], [[29, 1030]], [[30, 1030]], [[31, 1031]], [[32, 1032]], [[32, 1033]], [[32, 1034]], [[32, 1035]], [[32, 1036]], [[33, 1037]], [[34, 1037]], [[35, 1038]], [[36, 1038]], [[37, 1038]], [[38, 1038]], [[39, 1038]], [[40, 1038]], [[41, 1038]], [[42, 1038]], [[43, 1038]], [[44, 1038]], [[45, 1038]], [[46, 1038]], [[47, 1038]], [[48, 1038]], [[49, 1039]], [[48, 1040]], [[48, 1041]], [[47, 1042]], [[46, 1042]], [[45, 1043]], [[44, 1043]], [[43, 1043]], [[42, 1044]], [[41, 1043]], [[40, 1043]], [[39, 1044]], [[38, 1044]], [[37, 1045]], [[37, 1046]], [[37, 1047]], [[36, 1048]], [[36, 1049]], [[36, 1050]], [[37, 1051]], [[37, 1052]], [[37, 1053]], [[38, 1053]], [[39, 1054]], [[40, 1054]], [[41, 1054]], [[42, 1054]], [[43, 1054]], [[44, 1054]], [[45, 1054]], [[46, 1054]], [[47, 1053]], [[48, 1053]], [[49, 1054]], [[50, 1054]], [[51, 1054]], [[52, 1054]], [[53, 1054]], [[54, 1054]], [[55, 1054]], [[56, 1054]], [[57, 1054]], [[58, 1055]], [[59, 1054]], [[60, 1054]], [[61, 1054]], [[62, 1055]], [[63, 1055]], [[64, 1054]], [[65, 1054]], [[66, 1053]], [[67, 1054]], [[68, 1054]], [[69, 1053]], [[70, 1052]], [[70, 1051]], [[70, 1050]], [[69, 1049]], [[70, 1048]], [[70, 1047]], [[70, 1046]], [[70, 1045]], [[70, 1044]], [[70, 1043]], [[70, 1042]], [[70, 1041]], [[69, 1040]], [[69, 1039]], [[69, 1038]], [[68, 1037]], [[67, 1037]], [[66, 1036]], [[65, 1036]], [[64, 1035]], [[63, 1035]], [[62, 1035]], [[61, 1034]], [[60, 1034]], [[59, 1034]], [[58, 1035]], [[57, 1035]], [[56, 1035]], [[55, 1035]], [[54, 1035]], [[53, 1036]], [[52, 1036]], [[51, 1036]], [[50, 1037]], [[49, 1036]], [[48, 1035]], [[48, 1034]], [[48, 1033]], [[48, 1032]], [[48, 1031]], [[47, 1030]], [[47, 1029]], [[47, 1028]], [[46, 1027]], [[46, 1026]], [[46, 1025]], [[46, 1024]], [[46, 1023]], [[46, 1022]], [[45, 1021]], [[45, 1020]], [[44, 1019]], [[44, 1018]], [[44, 1017]], [[43, 1017]], [[42, 1016]], [[41, 1015]], [[41, 1014]], [[40, 1013]], [[40, 1012]], [[40, 1011]], [[39, 1011]], [[38, 1010]], [[37, 1009]], [[38, 1008]], [[38, 1007]], [[37, 1006]], [[36, 1005]], [[36, 1004]], [[35, 1003]], [[34, 1002]], [[33, 1001]], [[33, 1000]], [[34, 999]], [[35, 999]], [[36, 999]], [[37, 1000]], [[38, 1001]], [[39, 1002]], [[38, 1003]], [[39, 1003]], [[40, 1002]], [[41, 1002]], [[42, 1003]], [[43, 1003]], [[44, 1003]], [[45, 1003]], [[46, 1003]], [[47, 1002]], [[48, 1002]], [[49, 1001]], [[50, 1001]], [[51, 1002]], [[52, 1002]], [[53, 1002]], [[54, 1003]], [[55, 1004]], [[55, 1005]], [[55, 1006]], [[56, 1006]], [[57, 1007]], [[58, 1007]], [[59, 1007]], [[60, 1007]], [[61, 1007]], [[62, 1007]], [[63, 1007]], [[64, 1008]], [[65, 1007]], [[66, 1007]], [[67, 1007]], [[68, 1007]], [[69, 1007]], [[70, 1007]], [[71, 1007]], [[72, 1008]], [[72, 1009]], [[72, 1010]], [[72, 1011]], [[72, 1012]], [[72, 1013]], [[73, 1014]], [[73, 1015]], [[73, 1016]], [[73, 1017]], [[73, 1018]], [[74, 1019]], [[74, 1020]], [[74, 1021]], [[74, 1022]], [[74, 1023]], [[75, 1023]], [[76, 1023]], [[77, 1024]], [[78, 1024]], [[79, 1024]], [[80, 1024]], [[81, 1024]], [[82, 1024]], [[83, 1023]], [[84, 1023]], [[85, 1022]], [[86, 1021]], [[86, 1020]], [[87, 1019]], [[87, 1018]], [[87, 1017]], [[87, 1016]], [[87, 1015]], [[87, 1014]], [[87, 1013]], [[87, 1012]], [[86, 1011]], [[86, 1010]], [[86, 1009]], [[87, 1008]], [[87, 1007]], [[87, 1006]], [[87, 1005]], [[87, 1004]], [[87, 1003]], [[88, 1002]], [[88, 1001]], [[88, 1000]], [[89, 999]], [[89, 998]], [[89, 997]], [[89, 996]], [[88, 995]], [[88, 994]], [[88, 993]], [[87, 993]], [[86, 992]], [[85, 992]], [[84, 991]], [[84, 990]], [[84, 989]], [[83, 988]], [[82, 987]], [[83, 986]], [[83, 985]], [[82, 984]], [[82, 983]], [[82, 982]], [[82, 981]], [[81, 980]], [[81, 979]], [[81, 978]], [[80, 977]], [[80, 976]], [[80, 975]], [[79, 974]], [[78, 973]], [[77, 973]], [[76, 973]], [[75, 973]], [[74, 973]], [[73, 972]], [[72, 972]], [[71, 972]], [[70, 972]], [[69, 972]], [[68, 971]], [[67, 971]], [[66, 971]], [[65, 971]], [[64, 971]], [[63, 971]], [[62, 971]], [[61, 971]], [[60, 971]], [[59, 971]], [[58, 971]], [[57, 971]], [[56, 971]], [[55, 970]], [[54, 970]], [[53, 969]], [[52, 968]], [[51, 967]], [[50, 967]], [[49, 966]], [[48, 966]], [[47, 966]], [[46, 965]], [[45, 965]], [[44, 965]], [[43, 964]], [[42, 963]], [[41, 963]], [[40, 963]], [[39, 963]], [[38, 962]], [[38, 961]], [[37, 961]], [[36, 961]], [[35, 961]], [[34, 962]], [[33, 962]], [[32, 962]], [[32, 963]], [[32, 964]], [[31, 965]], [[30, 964]], [[29, 963]], [[29, 962]], [[28, 961]], [[27, 960]], [[27, 959]], [[27, 958]], [[27, 957]], [[27, 956]], [[26, 955]], [[27, 954]], [[28, 954]], [[28, 953]], [[28, 952]], [[29, 951]], [[29, 950]], [[30, 949]], [[31, 948]], [[32, 947]], [[33, 947]], [[34, 946]], [[34, 945]], [[34, 944]], [[33, 943]], [[33, 942]], [[32, 941]], [[31, 941]], [[30, 940]], [[29, 939]], [[28, 939]], [[27, 938]], [[26, 938]]]","[[], [[[17, 961], [16, 962], [16, 963], [16, 964], [17, 964], [18, 964], [19, 965], [19, 966], [20, 966], [21, 966], [22, 966], [23, 967], [24, 968], [25, 969], [25, 970], [25, 971], [26, 972], [25, 973], [25, 974], [25, 975], [24, 976], [23, 976], [22, 977], [22, 978], [22, 979], [23, 979], [24, 980], [25, 979], [25, 978], [25, 977], [24, 976], [25, 975], [26, 975], [26, 974], [26, 973], [27, 972], [27, 971], [27, 970], [27, 969], [27, 968], [28, 967], [27, 966], [26, 965], [26, 964], [25, 964], [24, 965], [23, 965], [22, 965], [21, 964], [20, 963], [19, 962], [18, 961]]], [[[108, 1053], [107, 1054], [106, 1054], [105, 1055], [104, 1055], [103, 1055], [102, 1055], [101, 1056], [100, 1056], [99, 1057], [98, 1058], [97, 1058], [96, 1058], [95, 1058], [94, 1059], [93, 1059], [92, 1058], [92, 1057], [91, 1056], [90, 1056], [89, 1055], [88, 1054], [87, 1055], [86, 1056], [85, 1056], [84, 1056], [83, 1057], [83, 1058], [82, 1059], [81, 1059], [80, 1059], [80, 1060], [80, 1061], [79, 1062], [78, 1061], [77, 1061], [76, 1060], [75, 1059], [75, 1058], [74, 1058], [73, 1057], [72, 1057], [71, 1057], [70, 1056], [69, 1056], [68, 1055], [67, 1056], [66, 1057], [65, 1057], [64, 1057], [63, 1057], [62, 1056], [61, 1056], [60, 1056], [59, 1056], [58, 1056], [57, 1056], [56, 1055], [55, 1055], [54, 1056], [53, 1057], [52, 1057], [51, 1057], [50, 1056], [50, 1055], [49, 1055], [48, 1055], [47, 1056], [46, 1056], [45, 1055], [44, 1055], [43, 1055], [42, 1055], [42, 1056], [41, 1057], [40, 1057], [39, 1057], [38, 1056], [37, 1057], [36, 1057], [35, 1058], [36, 1059], [37, 1059], [38, 1058], [39, 1059], [40, 1059], [41, 1059], [42, 1059], [43, 1059], [44, 1059], [45, 1059], [46, 1059], [47, 1059], [48, 1058], [49, 1058], [50, 1058], [51, 1059], [51, 1060], [52, 1060], [53, 1060], [54, 1059], [55, 1058], [56, 1058], [57, 1059], [58, 1059], [59, 1059], [60, 1059], [61, 1059], [62, 1059], [63, 1059], [64, 1059], [65, 1059], [66, 1059], [67, 1059], [68, 1059], [69, 1059], [70, 1059], [71, 1059], [72, 1060], [73, 1061], [74, 1061], [75, 1062], [76, 1062], [77, 1063], [78, 1063], [79, 1064], [80, 1065], [80, 1066], [80, 1067], [81, 1068], [82, 1068], [81, 1067], [81, 1066], [80, 1065], [81, 1064], [81, 1063], [81, 1062], [82, 1061], [83, 1060], [83, 1059], [83, 1058], [84, 1057], [85, 1057], [86, 1057], [87, 1056], [88, 1056], [89, 1057], [90, 1058], [91, 1059], [92, 1059], [93, 1060], [94, 1060], [95, 1060], [96, 1060], [97, 1059], [98, 1059], [99, 1059], [100, 1059], [101, 1059], [102, 1058], [102, 1057], [103, 1056], [104, 1055], [105, 1055], [106, 1055], [107, 1055], [108, 1056], [109, 1057], [110, 1058], [111, 1058], [112, 1059], [113, 1059], [113, 1058], [113, 1057], [112, 1057], [111, 1056], [110, 1055], [109, 1054]]], [[[35, 946], [34, 947], [34, 948], [33, 949], [32, 948], [31, 949], [30, 950], [30, 951], [29, 952], [29, 953], [30, 953], [31, 953], [32, 953], [33, 953], [33, 952], [32, 951], [33, 950], [34, 949], [35, 949], [36, 949], [37, 948], [38, 948], [39, 948], [40, 949], [41, 949], [42, 949], [42, 948], [41, 947], [40, 947], [39, 946], [38, 946], [37, 946], [36, 946]]]]","[[], 67, 21, 69]"
37,37,"[[[223, 925]], [[222, 926]], [[221, 926]], [[220, 927]], [[219, 928]], [[218, 928]], [[218, 929]], [[218, 930]], [[218, 931]], [[217, 932]], [[217, 933]], [[216, 934]], [[216, 935]], [[216, 936]], [[217, 937]], [[217, 938]], [[217, 939]], [[217, 940]], [[218, 941]], [[218, 942]], [[219, 943]], [[219, 944]], [[219, 945]], [[219, 946]], [[220, 947]], [[220, 948]], [[221, 948]], [[222, 948]], [[223, 949]], [[224, 948]], [[225, 949]], [[226, 949]], [[227, 949]], [[228, 950]], [[229, 951]], [[229, 952]], [[230, 953]], [[231, 954]], [[232, 954]], [[233, 954]], [[234, 954]], [[235, 954]], [[236, 954]], [[237, 954]], [[238, 953]], [[239, 953]], [[240, 952]], [[241, 951]], [[242, 950]], [[242, 949]], [[243, 948]], [[243, 947]], [[243, 946]], [[242, 945]], [[242, 944]], [[242, 943]], [[243, 942]], [[242, 941]], [[242, 940]], [[243, 939]], [[242, 938]], [[242, 937]], [[242, 936]], [[242, 935]], [[241, 934]], [[241, 933]], [[241, 932]], [[240, 931]], [[240, 930]], [[239, 930]], [[238, 929]], [[237, 929]], [[236, 929]], [[235, 929]], [[234, 929]], [[233, 928]], [[232, 928]], [[231, 927]], [[230, 927]], [[229, 926]], [[228, 925]], [[227, 925]], [[226, 925]], [[225, 925]], [[224, 925]]]",[[]],[]
38,38,"[[[307, 922]], [[306, 923]], [[305, 924]], [[304, 924]], [[303, 924]], [[302, 924]], [[302, 925]], [[302, 926]], [[302, 927]], [[302, 928]], [[302, 929]], [[303, 930]], [[304, 931]], [[305, 932]], [[305, 933]], [[305, 934]], [[306, 935]], [[307, 936]], [[307, 937]], [[308, 938]], [[309, 938]], [[310, 938]], [[311, 938]], [[312, 939]], [[313, 938]], [[314, 938]], [[315, 938]], [[316, 938]], [[316, 937]], [[317, 936]], [[318, 936]], [[319, 935]], [[319, 934]], [[320, 933]], [[321, 932]], [[320, 931]], [[320, 930]], [[320, 929]], [[320, 928]], [[319, 927]], [[318, 926]], [[317, 925]], [[316, 925]], [[315, 925]], [[314, 925]], [[313, 924]], [[312, 923]], [[311, 923]], [[310, 922]], [[309, 922]], [[308, 922]]]","[[[[303, 918], [302, 919], [303, 920], [302, 921], [301, 922], [300, 923], [299, 923], [299, 924], [299, 925], [299, 926], [300, 927], [301, 927], [301, 926], [300, 925], [300, 924], [301, 923], [302, 923], [303, 923], [304, 923], [305, 923], [306, 922], [307, 921], [308, 921], [309, 921], [310, 921], [311, 922], [312, 922], [313, 923], [314, 924], [315, 924], [316, 924], [317, 924], [318, 925], [319, 926], [320, 927], [321, 928], [322, 927], [323, 927], [322, 927], [321, 927], [320, 926], [319, 925], [318, 924], [319, 923], [318, 922], [317, 922], [316, 922], [315, 922], [314, 921], [313, 920], [312, 919], [312, 918], [311, 919], [310, 920], [309, 919], [308, 919], [307, 919], [306, 919], [305, 920], [304, 919]]], [[[305, 935], [304, 936], [303, 936], [302, 936], [302, 937], [302, 938], [301, 939], [300, 940], [299, 941], [298, 942], [298, 943], [299, 944], [299, 945], [299, 946], [300, 946], [301, 947], [301, 948], [302, 949], [303, 948], [304, 948], [305, 948], [306, 948], [307, 947], [306, 947], [305, 947], [304, 947], [303, 946], [302, 946], [301, 945], [300, 945], [299, 944], [299, 943], [299, 942], [300, 941], [301, 941], [302, 940], [301, 939], [302, 938], [303, 938], [304, 938], [305, 938], [306, 938], [307, 938], [306, 937], [306, 936]]], []]","[70, 71, []]"
39,39,"[[[273, 922]], [[272, 923]], [[271, 923]], [[270, 924]], [[269, 925]], [[268, 925]], [[267, 926]], [[267, 927]], [[266, 928]], [[265, 928]], [[264, 927]], [[263, 926]], [[262, 926]], [[261, 926]], [[260, 927]], [[259, 927]], [[258, 928]], [[257, 928]], [[256, 929]], [[256, 930]], [[256, 931]], [[257, 931]], [[258, 932]], [[257, 933]], [[256, 934]], [[257, 935]], [[256, 936]], [[256, 937]], [[255, 938]], [[255, 939]], [[254, 940]], [[254, 941]], [[253, 942]], [[253, 943]], [[253, 944]], [[253, 945]], [[252, 946]], [[252, 947]], [[252, 948]], [[252, 949]], [[252, 950]], [[253, 951]], [[254, 952]], [[255, 953]], [[255, 954]], [[255, 953]], [[256, 952]], [[257, 953]], [[257, 954]], [[257, 955]], [[258, 956]], [[259, 957]], [[260, 957]], [[261, 958]], [[262, 958]], [[263, 958]], [[264, 958]], [[263, 957]], [[264, 956]], [[265, 956]], [[266, 956]], [[267, 956]], [[268, 956]], [[269, 956]], [[270, 957]], [[271, 957]], [[271, 956]], [[272, 955]], [[273, 954]], [[273, 953]], [[274, 952]], [[274, 951]], [[274, 950]], [[274, 949]], [[275, 948]], [[275, 947]], [[275, 946]], [[275, 945]], [[275, 944]], [[275, 943]], [[275, 942]], [[274, 941]], [[275, 940]], [[275, 939]], [[275, 938]], [[275, 937]], [[275, 936]], [[276, 935]], [[276, 934]], [[276, 933]], [[277, 932]], [[277, 931]], [[277, 930]], [[276, 929]], [[276, 928]], [[277, 927]], [[276, 926]], [[276, 925]], [[275, 924]], [[275, 923]], [[274, 922]]]","[[], [[[254, 956], [254, 957], [254, 958], [255, 958], [256, 959], [257, 960], [258, 960], [259, 960], [260, 960], [261, 961], [261, 962], [262, 963], [263, 963], [264, 963], [264, 962], [264, 961], [264, 960], [263, 960], [262, 960], [261, 960], [260, 960], [259, 959], [258, 958], [257, 957], [256, 956], [255, 956]]]]","[[], 72]"
40,40,"[[[86, 912]], [[85, 913]], [[84, 913]], [[83, 913]], [[82, 913]], [[81, 914]], [[80, 913]], [[79, 913]], [[78, 913]], [[78, 914]], [[79, 915]], [[79, 916]], [[78, 917]], [[77, 918]], [[76, 917]], [[76, 918]], [[76, 919]], [[76, 920]], [[75, 921]], [[74, 922]], [[74, 923]], [[73, 924]], [[73, 925]], [[72, 926]], [[71, 926]], [[71, 927]], [[71, 928]], [[71, 929]], [[71, 930]], [[72, 931]], [[72, 932]], [[72, 933]], [[73, 934]], [[73, 935]], [[74, 935]], [[75, 935]], [[76, 935]], [[77, 935]], [[78, 935]], [[79, 935]], [[80, 935]], [[81, 936]], [[82, 935]], [[83, 935]], [[84, 936]], [[85, 936]], [[86, 937]], [[87, 938]], [[88, 939]], [[88, 940]], [[88, 941]], [[89, 942]], [[89, 943]], [[90, 944]], [[90, 945]], [[91, 946]], [[92, 947]], [[93, 947]], [[94, 948]], [[95, 948]], [[96, 947]], [[97, 947]], [[98, 946]], [[99, 945]], [[100, 944]], [[101, 944]], [[101, 943]], [[102, 942]], [[103, 942]], [[104, 941]], [[105, 940]], [[106, 939]], [[107, 938]], [[108, 937]], [[109, 936]], [[110, 935]], [[111, 934]], [[112, 933]], [[113, 932]], [[114, 931]], [[115, 930]], [[116, 929]], [[116, 928]], [[116, 927]], [[116, 926]], [[115, 925]], [[114, 925]], [[113, 924]], [[112, 923]], [[112, 922]], [[111, 921]], [[110, 920]], [[109, 919]], [[108, 918]], [[108, 917]], [[107, 916]], [[106, 915]], [[106, 914]], [[105, 913]], [[104, 913]], [[103, 913]], [[102, 913]], [[101, 913]], [[100, 913]], [[99, 914]], [[98, 915]], [[97, 916]], [[96, 916]], [[95, 915]], [[95, 914]], [[94, 913]], [[93, 913]], [[92, 912]], [[91, 912]], [[90, 912]], [[89, 912]], [[88, 912]], [[87, 912]]]","[[], [[[74, 911], [74, 912], [73, 913], [72, 913], [71, 913], [70, 914], [69, 914], [69, 915], [69, 916], [68, 917], [67, 917], [66, 917], [65, 918], [65, 919], [65, 920], [65, 921], [65, 922], [66, 923], [67, 924], [67, 925], [67, 926], [67, 927], [67, 926], [68, 925], [69, 925], [70, 926], [69, 927], [69, 928], [69, 929], [70, 930], [70, 931], [70, 932], [71, 933], [71, 932], [71, 931], [70, 930], [70, 929], [70, 928], [69, 927], [70, 926], [71, 925], [72, 925], [72, 924], [72, 923], [73, 922], [74, 921], [75, 920], [75, 919], [75, 918], [75, 917], [76, 916], [76, 915], [77, 914], [77, 913], [77, 912], [77, 911], [76, 911], [75, 911]]], [[[107, 914], [107, 915], [108, 916], [109, 917], [109, 918], [110, 919], [111, 920], [112, 921], [113, 922], [113, 923], [114, 924], [115, 924], [116, 925], [116, 924], [116, 923], [116, 922], [115, 921], [116, 920], [115, 919], [114, 919], [113, 919], [112, 918], [111, 918], [110, 917], [109, 916], [109, 915], [109, 914], [108, 914]]]]","[[], 73, 74]"
41,41,"[[[592, 909]], [[591, 910]], [[590, 910]], [[590, 911]], [[590, 912]], [[590, 913]], [[589, 914]], [[588, 915]], [[587, 916]], [[587, 917]], [[586, 918]], [[585, 918]], [[585, 919]], [[584, 920]], [[584, 921]], [[584, 922]], [[584, 923]], [[583, 924]], [[582, 924]], [[582, 925]], [[581, 926]], [[581, 927]], [[581, 928]], [[581, 929]], [[580, 930]], [[579, 931]], [[579, 932]], [[578, 933]], [[578, 934]], [[577, 935]], [[576, 936]], [[576, 937]], [[576, 938]], [[575, 939]], [[574, 940]], [[575, 941]], [[576, 941]], [[577, 942]], [[578, 943]], [[579, 944]], [[580, 945]], [[580, 946]], [[581, 947]], [[581, 948]], [[582, 948]], [[583, 948]], [[584, 949]], [[585, 949]], [[586, 950]], [[587, 951]], [[587, 952]], [[586, 953]], [[585, 953]], [[584, 954]], [[583, 954]], [[582, 955]], [[581, 956]], [[580, 956]], [[579, 957]], [[578, 958]], [[577, 958]], [[576, 958]], [[576, 959]], [[575, 960]], [[575, 961]], [[575, 962]], [[574, 963]], [[573, 964]], [[573, 965]], [[573, 966]], [[573, 967]], [[574, 968]], [[573, 969]], [[573, 970]], [[572, 971]], [[571, 972]], [[571, 973]], [[570, 974]], [[570, 975]], [[570, 976]], [[571, 977]], [[572, 978]], [[572, 979]], [[572, 980]], [[572, 981]], [[572, 982]], [[573, 983]], [[573, 984]], [[573, 985]], [[574, 986]], [[574, 987]], [[574, 988]], [[574, 989]], [[575, 990]], [[576, 991]], [[577, 991]], [[578, 992]], [[579, 991]], [[580, 990]], [[581, 989]], [[582, 988]], [[583, 987]], [[583, 986]], [[584, 985]], [[585, 984]], [[586, 983]], [[587, 983]], [[588, 982]], [[589, 982]], [[590, 982]], [[591, 982]], [[592, 982]], [[593, 982]], [[594, 982]], [[595, 981]], [[596, 980]], [[597, 980]], [[597, 979]], [[598, 978]], [[598, 977]], [[599, 976]], [[599, 975]], [[600, 974]], [[599, 973]], [[599, 972]], [[599, 971]], [[599, 970]], [[599, 969]], [[598, 968]], [[597, 967]], [[597, 966]], [[597, 965]], [[597, 964]], [[596, 963]], [[595, 962]], [[595, 961]], [[594, 961]], [[593, 960]], [[592, 959]], [[592, 958]], [[592, 957]], [[591, 956]], [[590, 955]], [[591, 954]], [[592, 954]], [[593, 954]], [[594, 954]], [[595, 955]], [[596, 955]], [[597, 954]], [[598, 954]], [[599, 953]], [[600, 952]], [[601, 952]], [[602, 952]], [[602, 951]], [[602, 950]], [[602, 949]], [[603, 948]], [[604, 947]], [[605, 946]], [[605, 945]], [[606, 944]], [[606, 943]], [[606, 942]], [[607, 941]], [[607, 940]], [[607, 939]], [[607, 938]], [[607, 937]], [[608, 936]], [[607, 935]], [[607, 934]], [[608, 933]], [[608, 932]], [[608, 931]], [[608, 930]], [[608, 929]], [[608, 928]], [[608, 927]], [[607, 926]], [[606, 925]], [[605, 924]], [[605, 923]], [[604, 922]], [[604, 921]], [[604, 920]], [[603, 919]], [[603, 918]], [[603, 917]], [[603, 916]], [[603, 915]], [[602, 914]], [[602, 913]], [[602, 912]], [[601, 912]], [[600, 912]], [[599, 912]], [[598, 911]], [[597, 910]], [[596, 909]], [[595, 909]], [[594, 909]], [[593, 909]]]","[[], [[[608, 938], [608, 939], [609, 940], [608, 941], [608, 942], [608, 943], [608, 944], [607, 945], [606, 946], [606, 947], [606, 948], [606, 949], [606, 948], [607, 947], [608, 946], [609, 946], [609, 945], [609, 944], [610, 943], [611, 942], [612, 942], [611, 941], [611, 940], [612, 939], [613, 939], [613, 938], [612, 938], [611, 938], [610, 938], [609, 938]]]]","[[], 75]"
42,42,"[[[386, 909]], [[385, 910]], [[384, 911]], [[383, 911]], [[383, 912]], [[383, 913]], [[382, 914]], [[381, 914]], [[381, 915]], [[380, 916]], [[380, 917]], [[379, 918]], [[379, 919]], [[379, 920]], [[379, 921]], [[379, 922]], [[379, 923]], [[378, 924]], [[377, 924]], [[378, 925]], [[378, 926]], [[378, 927]], [[378, 928]], [[377, 929]], [[377, 930]], [[377, 931]], [[377, 932]], [[377, 933]], [[378, 934]], [[378, 935]], [[379, 936]], [[379, 937]], [[379, 938]], [[379, 939]], [[379, 940]], [[379, 941]], [[379, 942]], [[379, 943]], [[379, 944]], [[380, 945]], [[381, 946]], [[381, 947]], [[382, 947]], [[383, 947]], [[384, 948]], [[385, 948]], [[386, 947]], [[387, 948]], [[388, 948]], [[389, 948]], [[390, 949]], [[391, 949]], [[392, 950]], [[393, 950]], [[394, 950]], [[395, 949]], [[396, 949]], [[397, 949]], [[398, 949]], [[399, 949]], [[400, 949]], [[401, 948]], [[402, 948]], [[402, 947]], [[402, 946]], [[403, 945]], [[403, 944]], [[403, 943]], [[403, 942]], [[403, 941]], [[403, 940]], [[403, 939]], [[403, 938]], [[404, 937]], [[404, 936]], [[403, 935]], [[403, 934]], [[403, 933]], [[403, 932]], [[403, 931]], [[404, 930]], [[405, 929]], [[405, 928]], [[406, 927]], [[405, 926]], [[404, 925]], [[405, 924]], [[404, 923]], [[404, 922]], [[404, 921]], [[405, 920]], [[405, 919]], [[404, 918]], [[403, 917]], [[403, 916]], [[403, 915]], [[403, 914]], [[402, 913]], [[401, 912]], [[400, 911]], [[399, 911]], [[398, 910]], [[397, 910]], [[396, 909]], [[395, 909]], [[394, 909]], [[393, 910]], [[392, 910]], [[391, 910]], [[390, 909]], [[389, 909]], [[388, 909]], [[387, 909]]]","[[], [[[406, 924], [405, 925], [406, 926], [407, 927], [408, 927], [409, 926], [410, 926], [411, 927], [411, 928], [412, 929], [412, 930], [413, 931], [413, 932], [413, 933], [413, 934], [413, 935], [414, 936], [414, 937], [415, 937], [416, 938], [416, 939], [416, 940], [416, 941], [415, 942], [414, 943], [413, 943], [412, 944], [411, 944], [410, 944], [411, 944], [412, 944], [413, 944], [414, 944], [415, 945], [416, 944], [417, 943], [418, 942], [419, 941], [419, 940], [419, 939], [418, 939], [417, 938], [416, 938], [415, 937], [415, 936], [414, 935], [414, 934], [413, 933], [413, 932], [413, 931], [413, 930], [412, 929], [412, 928], [412, 927], [411, 926], [411, 925], [410, 924], [409, 924], [408, 924], [407, 924]]]]","[[], 76]"
43,43,"[[[58, 903]], [[58, 904]], [[57, 905]], [[57, 906]], [[57, 907]], [[56, 908]], [[55, 908]], [[54, 909]], [[53, 909]], [[52, 908]], [[51, 908]], [[50, 908]], [[49, 908]], [[48, 908]], [[47, 909]], [[46, 909]], [[45, 910]], [[44, 910]], [[43, 910]], [[42, 909]], [[41, 909]], [[40, 909]], [[39, 909]], [[38, 909]], [[37, 909]], [[36, 909]], [[35, 910]], [[34, 911]], [[33, 912]], [[32, 913]], [[32, 914]], [[32, 915]], [[32, 916]], [[32, 917]], [[32, 918]], [[32, 919]], [[33, 920]], [[34, 921]], [[35, 922]], [[36, 923]], [[37, 923]], [[38, 922]], [[39, 923]], [[39, 924]], [[39, 925]], [[38, 926]], [[39, 927]], [[39, 928]], [[39, 929]], [[40, 929]], [[41, 928]], [[42, 928]], [[43, 929]], [[44, 930]], [[45, 931]], [[46, 931]], [[47, 931]], [[48, 931]], [[49, 931]], [[50, 930]], [[51, 930]], [[52, 930]], [[52, 929]], [[52, 928]], [[53, 927]], [[54, 927]], [[55, 926]], [[55, 925]], [[56, 924]], [[55, 923]], [[54, 922]], [[54, 921]], [[54, 920]], [[54, 919]], [[53, 918]], [[53, 917]], [[53, 916]], [[53, 915]], [[53, 914]], [[53, 913]], [[54, 912]], [[55, 911]], [[56, 912]], [[57, 913]], [[58, 913]], [[59, 913]], [[60, 914]], [[61, 914]], [[61, 913]], [[62, 912]], [[62, 911]], [[62, 910]], [[62, 909]], [[61, 908]], [[61, 907]], [[61, 906]], [[62, 905]], [[62, 904]], [[61, 903]], [[60, 903]], [[59, 903]]]",[[]],[]
44,44,"[[[434, 895]], [[434, 896]], [[433, 897]], [[433, 898]], [[432, 899]], [[431, 898]], [[430, 897]], [[429, 897]], [[428, 897]], [[427, 897]], [[426, 897]], [[425, 897]], [[424, 898]], [[423, 899]], [[422, 900]], [[421, 901]], [[421, 902]], [[421, 903]], [[421, 904]], [[421, 905]], [[421, 906]], [[421, 907]], [[422, 908]], [[421, 909]], [[420, 910]], [[419, 910]], [[418, 911]], [[417, 911]], [[416, 912]], [[415, 912]], [[415, 913]], [[415, 914]], [[414, 915]], [[415, 916]], [[415, 917]], [[415, 918]], [[415, 919]], [[415, 920]], [[414, 921]], [[414, 922]], [[413, 923]], [[413, 924]], [[413, 925]], [[412, 926]], [[413, 927]], [[413, 928]], [[413, 929]], [[414, 930]], [[414, 931]], [[414, 932]], [[414, 933]], [[415, 934]], [[415, 935]], [[416, 936]], [[416, 937]], [[417, 937]], [[418, 937]], [[419, 937]], [[420, 938]], [[420, 939]], [[420, 940]], [[420, 941]], [[419, 942]], [[418, 943]], [[417, 944]], [[416, 945]], [[416, 946]], [[416, 947]], [[416, 948]], [[416, 949]], [[416, 950]], [[416, 951]], [[416, 952]], [[416, 953]], [[416, 954]], [[416, 955]], [[416, 956]], [[417, 957]], [[418, 958]], [[419, 959]], [[420, 960]], [[421, 959]], [[422, 959]], [[423, 960]], [[423, 961]], [[424, 962]], [[425, 963]], [[425, 964]], [[426, 964]], [[427, 964]], [[428, 964]], [[429, 963]], [[430, 964]], [[431, 964]], [[432, 964]], [[433, 965]], [[434, 965]], [[435, 965]], [[436, 965]], [[437, 965]], [[438, 965]], [[439, 965]], [[440, 965]], [[441, 965]], [[442, 966]], [[442, 967]], [[443, 967]], [[444, 967]], [[445, 967]], [[446, 967]], [[447, 967]], [[448, 966]], [[449, 965]], [[449, 964]], [[450, 963]], [[451, 962]], [[450, 962]], [[449, 961]], [[449, 960]], [[450, 959]], [[451, 958]], [[452, 958]], [[453, 958]], [[454, 958]], [[455, 959]], [[456, 958]], [[457, 957]], [[458, 956]], [[459, 956]], [[460, 955]], [[461, 955]], [[461, 954]], [[461, 953]], [[462, 952]], [[462, 951]], [[463, 950]], [[463, 949]], [[463, 948]], [[463, 947]], [[464, 946]], [[464, 945]], [[463, 944]], [[463, 943]], [[462, 942]], [[462, 941]], [[461, 940]], [[461, 939]], [[460, 938]], [[460, 937]], [[459, 936]], [[459, 935]], [[459, 934]], [[459, 933]], [[460, 932]], [[461, 931]], [[462, 930]], [[463, 930]], [[463, 929]], [[464, 928]], [[464, 927]], [[465, 926]], [[465, 925]], [[466, 924]], [[466, 923]], [[465, 922]], [[466, 921]], [[465, 920]], [[465, 919]], [[465, 918]], [[465, 917]], [[464, 916]], [[463, 915]], [[463, 914]], [[463, 913]], [[462, 912]], [[462, 911]], [[462, 910]], [[462, 911]], [[462, 912]], [[461, 913]], [[460, 912]], [[459, 911]], [[459, 910]], [[459, 909]], [[459, 908]], [[459, 907]], [[459, 906]], [[458, 905]], [[458, 904]], [[458, 903]], [[457, 902]], [[456, 902]], [[455, 901]], [[454, 900]], [[453, 899]], [[452, 899]], [[451, 899]], [[450, 899]], [[449, 900]], [[448, 901]], [[447, 902]], [[446, 902]], [[446, 903]], [[445, 904]], [[444, 905]], [[444, 906]], [[443, 907]], [[442, 908]], [[441, 908]], [[440, 907]], [[439, 908]], [[438, 907]], [[437, 907]], [[436, 907]], [[435, 906]], [[435, 905]], [[435, 904]], [[435, 903]], [[435, 902]], [[435, 901]], [[435, 900]], [[435, 899]], [[435, 898]], [[435, 897]], [[435, 896]]]","[[], [[[406, 924], [405, 925], [406, 926], [407, 927], [408, 927], [409, 926], [410, 926], [411, 927], [411, 928], [412, 929], [412, 930], [413, 931], [413, 932], [413, 933], [413, 934], [413, 935], [414, 936], [414, 937], [415, 937], [416, 938], [416, 939], [416, 940], [416, 941], [415, 942], [414, 943], [413, 943], [412, 944], [411, 944], [410, 944], [411, 944], [412, 944], [413, 944], [414, 944], [415, 945], [416, 944], [417, 943], [418, 942], [419, 941], [419, 940], [419, 939], [418, 939], [417, 938], [416, 938], [415, 937], [415, 936], [414, 935], [414, 934], [413, 933], [413, 932], [413, 931], [413, 930], [412, 929], [412, 928], [412, 927], [411, 926], [411, 925], [410, 924], [409, 924], [408, 924], [407, 924]]]]","[[], 76]"
45,45,"[[[79, 893]], [[80, 893]], [[81, 894]], [[81, 895]], [[80, 896]], [[79, 897]], [[78, 897]], [[77, 896]], [[76, 896]], [[75, 896]], [[74, 895]], [[73, 895]], [[72, 896]], [[72, 897]], [[72, 898]], [[71, 899]], [[70, 899]], [[69, 899]], [[68, 899]], [[67, 900]], [[67, 901]], [[66, 902]], [[66, 903]], [[66, 904]], [[66, 905]], [[66, 906]], [[66, 907]], [[66, 908]], [[66, 909]], [[66, 910]], [[66, 911]], [[66, 912]], [[66, 913]], [[67, 914]], [[68, 914]], [[69, 913]], [[70, 913]], [[70, 912]], [[70, 911]], [[71, 910]], [[72, 911]], [[73, 910]], [[73, 909]], [[72, 908]], [[73, 907]], [[74, 906]], [[75, 905]], [[75, 904]], [[76, 903]], [[77, 903]], [[77, 902]], [[76, 901]], [[76, 900]], [[77, 899]], [[78, 898]], [[79, 897]], [[80, 896]], [[81, 896]], [[82, 895]], [[83, 895]], [[84, 895]], [[85, 894]], [[85, 893]], [[84, 893]], [[83, 893]], [[82, 894]], [[81, 894]], [[80, 893]]]","[[], [[[74, 911], [74, 912], [73, 913], [72, 913], [71, 913], [70, 914], [69, 914], [69, 915], [69, 916], [68, 917], [67, 917], [66, 917], [65, 918], [65, 919], [65, 920], [65, 921], [65, 922], [66, 923], [67, 924], [67, 925], [67, 926], [67, 927], [67, 926], [68, 925], [69, 925], [70, 926], [69, 927], [69, 928], [69, 929], [70, 930], [70, 931], [70, 932], [71, 933], [71, 932], [71, 931], [70, 930], [70, 929], [70, 928], [69, 927], [70, 926], [71, 925], [72, 925], [72, 924], [72, 923], [73, 922], [74, 921], [75, 920], [75, 919], [75, 918], [75, 917], [76, 916], [76, 915], [77, 914], [77, 913], [77, 912], [77, 911], [76, 911], [75, 911]]]]","[[], 73]"
46,46,"[[[474, 887]], [[473, 888]], [[472, 889]], [[471, 890]], [[471, 891]], [[471, 892]], [[470, 893]], [[470, 894]], [[470, 895]], [[470, 896]], [[470, 897]], [[470, 898]], [[470, 899]], [[469, 900]], [[469, 901]], [[469, 902]], [[468, 903]], [[468, 904]], [[468, 905]], [[468, 906]], [[468, 907]], [[468, 908]], [[468, 909]], [[468, 910]], [[468, 911]], [[469, 911]], [[470, 912]], [[471, 911]], [[472, 911]], [[473, 911]], [[474, 912]], [[475, 912]], [[476, 912]], [[477, 912]], [[478, 911]], [[479, 911]], [[480, 911]], [[480, 910]], [[481, 909]], [[481, 908]], [[481, 907]], [[481, 906]], [[481, 905]], [[482, 904]], [[483, 903]], [[484, 903]], [[484, 902]], [[485, 901]], [[485, 900]], [[485, 899]], [[485, 898]], [[485, 897]], [[485, 896]], [[485, 895]], [[485, 894]], [[484, 893]], [[483, 892]], [[482, 892]], [[481, 891]], [[480, 891]], [[479, 890]], [[478, 889]], [[477, 889]], [[476, 888]], [[475, 888]]]",[[]],[]
47,47,"[[[792, 866]], [[791, 867]], [[790, 868]], [[789, 869]], [[788, 870]], [[787, 871]], [[787, 872]], [[787, 873]], [[787, 874]], [[787, 875]], [[786, 876]], [[785, 876]], [[785, 877]], [[785, 878]], [[786, 879]], [[786, 880]], [[786, 881]], [[786, 882]], [[786, 883]], [[786, 884]], [[785, 885]], [[785, 886]], [[786, 885]], [[787, 885]], [[788, 886]], [[788, 887]], [[788, 888]], [[788, 889]], [[787, 890]], [[786, 889]], [[785, 890]], [[784, 890]], [[783, 891]], [[783, 892]], [[783, 893]], [[783, 894]], [[783, 895]], [[783, 896]], [[783, 897]], [[784, 898]], [[785, 899]], [[786, 899]], [[787, 900]], [[787, 901]], [[788, 902]], [[789, 903]], [[790, 904]], [[791, 905]], [[791, 906]], [[791, 907]], [[792, 907]], [[793, 906]], [[794, 906]], [[795, 906]], [[796, 906]], [[797, 906]], [[798, 907]], [[799, 906]], [[800, 906]], [[801, 906]], [[802, 906]], [[803, 906]], [[804, 906]], [[805, 906]], [[806, 907]], [[807, 908]], [[808, 909]], [[809, 909]], [[810, 909]], [[811, 909]], [[812, 909]], [[813, 909]], [[814, 910]], [[815, 911]], [[816, 911]], [[817, 912]], [[818, 912]], [[819, 912]], [[820, 913]], [[821, 914]], [[822, 914]], [[823, 914]], [[824, 914]], [[825, 915]], [[826, 915]], [[827, 914]], [[828, 914]], [[829, 914]], [[830, 913]], [[831, 913]], [[832, 912]], [[833, 911]], [[833, 910]], [[834, 909]], [[835, 908]], [[836, 907]], [[836, 906]], [[837, 905]], [[837, 904]], [[837, 903]], [[838, 902]], [[837, 901]], [[836, 900]], [[835, 900]], [[834, 900]], [[833, 899]], [[832, 898]], [[833, 897]], [[833, 896]], [[832, 896]], [[831, 896]], [[830, 896]], [[829, 896]], [[828, 895]], [[827, 895]], [[826, 895]], [[825, 895]], [[824, 894]], [[823, 893]], [[823, 892]], [[822, 892]], [[821, 891]], [[820, 891]], [[819, 890]], [[819, 889]], [[818, 890]], [[817, 890]], [[816, 890]], [[815, 889]], [[815, 888]], [[816, 887]], [[817, 886]], [[817, 885]], [[817, 884]], [[817, 883]], [[817, 882]], [[817, 881]], [[817, 880]], [[817, 879]], [[816, 878]], [[815, 877]], [[815, 876]], [[814, 875]], [[813, 875]], [[812, 874]], [[811, 873]], [[811, 872]], [[811, 871]], [[810, 870]], [[810, 869]], [[810, 868]], [[809, 868]], [[808, 867]], [[807, 868]], [[806, 868]], [[805, 869]], [[804, 869]], [[803, 870]], [[802, 870]], [[801, 870]], [[800, 869]], [[799, 869]], [[798, 868]], [[797, 867]], [[796, 867]], [[795, 867]], [[794, 866]], [[793, 866]]]","[[[[795, 856], [795, 857], [794, 858], [793, 858], [792, 859], [791, 859], [791, 860], [792, 860], [793, 861], [794, 861], [795, 862], [794, 863], [794, 864], [793, 865], [792, 865], [791, 865], [790, 866], [789, 866], [789, 867], [788, 868], [787, 869], [786, 870], [786, 871], [785, 872], [784, 873], [783, 873], [783, 874], [784, 875], [784, 876], [785, 875], [786, 875], [786, 874], [786, 873], [786, 872], [786, 871], [787, 870], [788, 869], [789, 868], [790, 867], [791, 866], [792, 865], [793, 865], [794, 865], [794, 864], [795, 863], [796, 863], [797, 864], [796, 865], [797, 865], [797, 864], [798, 863], [799, 864], [800, 865], [801, 864], [802, 865], [803, 865], [804, 865], [805, 866], [805, 867], [806, 867], [807, 867], [808, 866], [809, 867], [810, 867], [811, 868], [812, 868], [812, 867], [811, 866], [811, 865], [810, 865], [809, 864], [808, 865], [807, 866], [806, 865], [806, 864], [805, 863], [804, 863], [803, 862], [802, 861], [801, 860], [800, 860], [799, 860], [798, 860], [797, 859], [796, 858], [796, 857], [796, 856]]], []]","[79, []]"
48,48,"[[[642, 863]], [[641, 864]], [[640, 865]], [[639, 865]], [[638, 866]], [[637, 866]], [[636, 866]], [[635, 865]], [[634, 866]], [[633, 865]], [[632, 865]], [[631, 865]], [[630, 866]], [[629, 866]], [[629, 867]], [[628, 868]], [[628, 869]], [[627, 870]], [[626, 869]], [[625, 868]], [[624, 869]], [[623, 869]], [[622, 868]], [[622, 869]], [[622, 870]], [[622, 871]], [[623, 872]], [[623, 873]], [[622, 874]], [[623, 875]], [[624, 874]], [[625, 875]], [[626, 875]], [[626, 874]], [[627, 873]], [[627, 872]], [[628, 871]], [[629, 872]], [[630, 873]], [[630, 874]], [[630, 875]], [[630, 876]], [[630, 877]], [[630, 878]], [[629, 879]], [[630, 880]], [[630, 881]], [[630, 882]], [[630, 883]], [[630, 884]], [[631, 885]], [[631, 886]], [[630, 887]], [[630, 888]], [[630, 889]], [[630, 890]], [[631, 891]], [[632, 892]], [[632, 893]], [[633, 894]], [[634, 895]], [[635, 896]], [[636, 897]], [[637, 898]], [[638, 899]], [[639, 900]], [[639, 901]], [[639, 902]], [[638, 903]], [[638, 904]], [[638, 903]], [[639, 902]], [[640, 902]], [[641, 903]], [[641, 904]], [[641, 905]], [[642, 905]], [[643, 906]], [[643, 907]], [[644, 908]], [[645, 907]], [[646, 906]], [[647, 906]], [[648, 906]], [[649, 905]], [[650, 905]], [[651, 905]], [[652, 905]], [[653, 904]], [[654, 904]], [[655, 904]], [[656, 904]], [[657, 904]], [[658, 903]], [[659, 902]], [[660, 902]], [[661, 901]], [[662, 900]], [[663, 900]], [[664, 899]], [[665, 899]], [[666, 898]], [[667, 898]], [[667, 897]], [[668, 896]], [[669, 895]], [[669, 894]], [[670, 893]], [[671, 893]], [[672, 893]], [[672, 892]], [[673, 891]], [[673, 890]], [[674, 889]], [[674, 888]], [[674, 887]], [[673, 886]], [[673, 885]], [[673, 884]], [[673, 883]], [[673, 882]], [[673, 881]], [[673, 880]], [[672, 879]], [[672, 878]], [[672, 877]], [[671, 876]], [[670, 875]], [[669, 874]], [[668, 873]], [[668, 872]], [[667, 871]], [[666, 870]], [[665, 869]], [[665, 868]], [[664, 867]], [[663, 866]], [[663, 865]], [[663, 864]], [[663, 863]], [[662, 863]], [[661, 864]], [[660, 864]], [[659, 865]], [[660, 866]], [[660, 867]], [[659, 868]], [[658, 868]], [[657, 867]], [[657, 866]], [[656, 865]], [[655, 865]], [[654, 865]], [[653, 865]], [[652, 865]], [[651, 865]], [[650, 866]], [[649, 866]], [[648, 865]], [[647, 865]], [[646, 864]], [[645, 863]], [[644, 863]], [[643, 863]]]","[[], [[[671, 894], [670, 895], [670, 896], [669, 897], [668, 898], [667, 899], [666, 900], [665, 901], [664, 901], [663, 901], [662, 901], [662, 902], [663, 902], [664, 902], [665, 903], [666, 903], [667, 903], [668, 903], [669, 903], [670, 903], [670, 902], [670, 901], [670, 900], [671, 899], [672, 899], [672, 898], [672, 897], [672, 896], [672, 895], [672, 894]]]]","[[], 80]"
49,49,"[[[739, 856]], [[738, 857]], [[738, 858]], [[738, 859]], [[738, 860]], [[739, 861]], [[739, 862]], [[739, 863]], [[739, 864]], [[739, 865]], [[740, 866]], [[741, 867]], [[742, 868]], [[743, 869]], [[743, 870]], [[744, 871]], [[744, 872]], [[744, 873]], [[744, 874]], [[743, 875]], [[744, 876]], [[744, 877]], [[744, 878]], [[744, 879]], [[744, 880]], [[745, 881]], [[746, 881]], [[747, 881]], [[748, 881]], [[749, 881]], [[750, 881]], [[751, 881]], [[752, 881]], [[753, 881]], [[754, 881]], [[755, 880]], [[755, 879]], [[756, 878]], [[757, 877]], [[757, 876]], [[758, 875]], [[758, 874]], [[758, 873]], [[759, 872]], [[759, 871]], [[760, 870]], [[761, 869]], [[761, 868]], [[762, 867]], [[763, 866]], [[764, 867]], [[765, 867]], [[766, 868]], [[767, 867]], [[768, 868]], [[768, 867]], [[768, 866]], [[767, 865]], [[767, 864]], [[766, 864]], [[765, 864]], [[764, 864]], [[763, 865]], [[762, 864]], [[761, 863]], [[760, 862]], [[759, 861]], [[758, 861]], [[757, 860]], [[756, 861]], [[755, 861]], [[754, 860]], [[753, 859]], [[752, 859]], [[751, 859]], [[750, 859]], [[749, 859]], [[748, 858]], [[747, 857]], [[746, 857]], [[745, 857]], [[744, 857]], [[743, 857]], [[742, 857]], [[741, 857]], [[740, 857]]]","[[], [[[756, 858], [755, 859], [756, 860], [757, 859], [758, 860], [759, 860], [760, 861], [761, 862], [762, 863], [763, 864], [764, 863], [765, 863], [766, 863], [767, 862], [768, 862], [769, 863], [769, 864], [770, 865], [770, 866], [770, 867], [771, 868], [771, 869], [770, 870], [769, 871], [769, 872], [770, 872], [771, 873], [771, 874], [772, 874], [772, 873], [772, 872], [773, 871], [773, 870], [773, 869], [774, 868], [775, 868], [776, 868], [777, 868], [778, 869], [779, 870], [778, 871], [778, 872], [778, 873], [779, 873], [780, 872], [781, 871], [782, 871], [782, 870], [781, 869], [780, 868], [780, 867], [779, 868], [778, 868], [777, 867], [776, 866], [775, 866], [774, 867], [773, 868], [772, 867], [771, 866], [771, 865], [771, 864], [771, 863], [772, 862], [773, 862], [774, 861], [774, 860], [773, 859], [772, 860], [771, 861], [770, 861], [769, 861], [768, 861], [767, 860], [766, 859], [765, 859], [764, 859], [763, 858], [762, 859], [761, 860], [760, 859], [759, 859], [758, 858], [757, 858]]]]","[[], 81]"
50,50,"[[[355, 854]], [[354, 855]], [[353, 855]], [[352, 856]], [[351, 856]], [[350, 856]], [[349, 857]], [[348, 858]], [[347, 859]], [[346, 859]], [[345, 859]], [[344, 859]], [[343, 859]], [[342, 859]], [[341, 859]], [[340, 860]], [[339, 861]], [[339, 862]], [[338, 863]], [[337, 864]], [[336, 864]], [[335, 865]], [[334, 864]], [[333, 864]], [[332, 863]], [[331, 863]], [[330, 863]], [[329, 862]], [[328, 863]], [[327, 864]], [[326, 864]], [[325, 864]], [[324, 865]], [[323, 865]], [[323, 866]], [[323, 867]], [[322, 868]], [[321, 868]], [[320, 869]], [[319, 869]], [[318, 869]], [[317, 869]], [[316, 869]], [[315, 868]], [[314, 867]], [[313, 866]], [[312, 866]], [[311, 866]], [[310, 865]], [[309, 865]], [[308, 865]], [[307, 866]], [[308, 867]], [[308, 868]], [[308, 869]], [[308, 870]], [[307, 871]], [[306, 870]], [[305, 869]], [[304, 868]], [[303, 867]], [[302, 866]], [[301, 865]], [[300, 865]], [[299, 864]], [[298, 864]], [[297, 864]], [[296, 864]], [[295, 864]], [[294, 864]], [[293, 864]], [[292, 864]], [[291, 864]], [[290, 864]], [[289, 864]], [[289, 865]], [[288, 866]], [[287, 867]], [[286, 868]], [[285, 869]], [[285, 870]], [[285, 871]], [[284, 872]], [[283, 873]], [[282, 874]], [[281, 875]], [[280, 875]], [[280, 876]], [[281, 877]], [[281, 878]], [[281, 879]], [[281, 880]], [[281, 881]], [[281, 882]], [[281, 883]], [[281, 884]], [[281, 885]], [[282, 886]], [[282, 887]], [[282, 888]], [[282, 889]], [[283, 890]], [[283, 891]], [[283, 892]], [[284, 893]], [[285, 893]], [[286, 893]], [[287, 893]], [[288, 893]], [[289, 894]], [[290, 894]], [[291, 895]], [[292, 896]], [[292, 897]], [[292, 898]], [[292, 899]], [[291, 900]], [[291, 901]], [[290, 902]], [[290, 903]], [[290, 904]], [[290, 905]], [[290, 906]], [[291, 907]], [[291, 908]], [[292, 909]], [[292, 910]], [[292, 911]], [[293, 911]], [[294, 911]], [[295, 912]], [[296, 912]], [[297, 913]], [[298, 913]], [[299, 913]], [[300, 913]], [[301, 913]], [[302, 913]], [[303, 913]], [[304, 913]], [[305, 913]], [[306, 914]], [[307, 914]], [[308, 914]], [[309, 914]], [[310, 914]], [[311, 914]], [[312, 914]], [[313, 914]], [[314, 915]], [[315, 916]], [[316, 916]], [[317, 917]], [[318, 917]], [[319, 918]], [[320, 918]], [[321, 918]], [[322, 918]], [[323, 918]], [[324, 917]], [[325, 917]], [[326, 917]], [[327, 917]], [[328, 917]], [[329, 917]], [[330, 917]], [[331, 917]], [[332, 917]], [[333, 916]], [[334, 916]], [[335, 915]], [[336, 915]], [[337, 914]], [[338, 913]], [[338, 912]], [[339, 911]], [[339, 910]], [[340, 909]], [[341, 909]], [[341, 908]], [[342, 907]], [[343, 906]], [[344, 905]], [[345, 905]], [[346, 906]], [[347, 905]], [[348, 905]], [[349, 905]], [[350, 905]], [[351, 904]], [[352, 903]], [[353, 902]], [[354, 901]], [[354, 900]], [[354, 899]], [[354, 898]], [[354, 897]], [[354, 896]], [[354, 895]], [[354, 894]], [[354, 893]], [[354, 892]], [[354, 891]], [[354, 890]], [[355, 889]], [[355, 888]], [[356, 887]], [[357, 887]], [[357, 886]], [[357, 885]], [[358, 884]], [[359, 883]], [[360, 883]], [[361, 884]], [[362, 884]], [[363, 884]], [[364, 885]], [[365, 886]], [[366, 886]], [[367, 887]], [[368, 887]], [[369, 886]], [[370, 886]], [[371, 886]], [[372, 885]], [[373, 885]], [[374, 884]], [[374, 883]], [[374, 882]], [[375, 881]], [[375, 880]], [[376, 879]], [[377, 879]], [[378, 880]], [[379, 880]], [[380, 879]], [[381, 878]], [[382, 879]], [[382, 880]], [[381, 881]], [[382, 881]], [[383, 882]], [[384, 882]], [[385, 883]], [[385, 884]], [[386, 885]], [[386, 886]], [[387, 886]], [[388, 887]], [[389, 886]], [[390, 886]], [[391, 887]], [[391, 886]], [[392, 885]], [[393, 884]], [[394, 884]], [[394, 883]], [[393, 882]], [[394, 881]], [[394, 880]], [[393, 879]], [[392, 878]], [[392, 877]], [[392, 876]], [[392, 875]], [[392, 874]], [[392, 873]], [[391, 872]], [[391, 871]], [[390, 870]], [[390, 869]], [[389, 868]], [[388, 868]], [[387, 868]], [[386, 869]], [[385, 869]], [[385, 870]], [[385, 871]], [[385, 872]], [[384, 873]], [[384, 874]], [[383, 875]], [[384, 876]], [[384, 877]], [[384, 878]], [[383, 879]], [[382, 878]], [[382, 877]], [[381, 876]], [[380, 875]], [[379, 876]], [[378, 876]], [[377, 876]], [[376, 876]], [[375, 877]], [[374, 876]], [[373, 876]], [[372, 875]], [[372, 874]], [[372, 873]], [[371, 873]], [[370, 873]], [[369, 872]], [[368, 873]], [[367, 873]], [[366, 872]], [[366, 871]], [[366, 870]], [[366, 869]], [[366, 868]], [[366, 867]], [[365, 866]], [[365, 865]], [[365, 864]], [[365, 863]], [[366, 862]], [[366, 861]], [[366, 860]], [[366, 859]], [[365, 858]], [[364, 858]], [[363, 858]], [[362, 857]], [[361, 856]], [[360, 856]], [[359, 855]], [[358, 855]], [[357, 854]], [[356, 854]]]","[[], [[[302, 861], [301, 862], [300, 863], [299, 862], [298, 862], [297, 863], [298, 863], [299, 863], [300, 864], [301, 864], [302, 865], [303, 866], [304, 867], [305, 868], [306, 869], [307, 870], [308, 871], [307, 870], [307, 869], [307, 868], [306, 867], [305, 866], [304, 865], [303, 864], [303, 863], [303, 862]]], [[[275, 889], [275, 890], [275, 891], [275, 892], [274, 893], [274, 894], [273, 895], [273, 896], [272, 897], [273, 898], [274, 898], [275, 898], [275, 897], [274, 896], [275, 895], [275, 894], [276, 893], [277, 892], [278, 892], [279, 891], [280, 890], [281, 890], [282, 891], [282, 890], [281, 890], [280, 890], [279, 889], [278, 890], [277, 890], [276, 891], [275, 890]]], [[[303, 918], [302, 919], [303, 920], [302, 921], [301, 922], [300, 923], [299, 923], [299, 924], [299, 925], [299, 926], [300, 927], [301, 927], [301, 926], [300, 925], [300, 924], [301, 923], [302, 923], [303, 923], [304, 923], [305, 923], [306, 922], [307, 921], [308, 921], [309, 921], [310, 921], [311, 922], [312, 922], [313, 923], [314, 924], [315, 924], [316, 924], [317, 924], [318, 925], [319, 926], [320, 927], [321, 928], [322, 927], [323, 927], [322, 927], [321, 927], [320, 926], [319, 925], [318, 924], [319, 923], [318, 922], [317, 922], [316, 922], [315, 922], [314, 921], [313, 920], [312, 919], [312, 918], [311, 919], [310, 920], [309, 919], [308, 919], [307, 919], [306, 919], [305, 920], [304, 919]]], [[[381, 882], [381, 883], [381, 884], [380, 885], [380, 886], [380, 887], [379, 888], [378, 888], [378, 889], [377, 890], [377, 891], [377, 892], [378, 893], [379, 893], [379, 892], [379, 891], [378, 890], [378, 889], [379, 888], [380, 888], [380, 887], [380, 886], [381, 885], [382, 885], [382, 884], [383, 883], [382, 882]]], [[[394, 868], [394, 869], [393, 870], [392, 870], [393, 871], [393, 872], [394, 872], [395, 872], [396, 873], [395, 874], [394, 875], [394, 876], [394, 877], [395, 877], [396, 876], [397, 876], [398, 875], [398, 874], [398, 873], [398, 872], [397, 871], [398, 870], [398, 869], [398, 868], [397, 868], [396, 868], [395, 868]]]]","[[], 82, 83, 70, 85, 86]"
51,51,"[[[61, 823]], [[60, 824]], [[59, 824]], [[58, 824]], [[57, 824]], [[56, 824]], [[55, 824]], [[54, 824]], [[53, 825]], [[52, 825]], [[51, 825]], [[50, 825]], [[49, 826]], [[48, 826]], [[47, 826]], [[46, 827]], [[45, 827]], [[44, 827]], [[43, 828]], [[42, 829]], [[41, 829]], [[40, 829]], [[39, 829]], [[39, 830]], [[39, 831]], [[39, 832]], [[38, 833]], [[37, 834]], [[37, 835]], [[37, 836]], [[36, 837]], [[35, 838]], [[36, 839]], [[37, 840]], [[37, 841]], [[37, 842]], [[37, 843]], [[37, 844]], [[37, 845]], [[37, 846]], [[38, 846]], [[39, 847]], [[40, 847]], [[41, 846]], [[42, 846]], [[43, 846]], [[44, 845]], [[45, 845]], [[46, 844]], [[47, 844]], [[48, 844]], [[49, 844]], [[50, 843]], [[51, 844]], [[52, 843]], [[53, 844]], [[53, 845]], [[52, 846]], [[52, 847]], [[53, 848]], [[53, 849]], [[53, 850]], [[54, 851]], [[55, 852]], [[55, 853]], [[56, 854]], [[57, 855]], [[58, 855]], [[59, 855]], [[60, 855]], [[61, 856]], [[61, 857]], [[61, 858]], [[60, 859]], [[60, 860]], [[61, 861]], [[61, 862]], [[61, 863]], [[61, 864]], [[61, 865]], [[61, 866]], [[62, 867]], [[62, 868]], [[62, 869]], [[62, 870]], [[63, 871]], [[63, 872]], [[64, 873]], [[65, 872]], [[66, 872]], [[67, 872]], [[68, 871]], [[69, 871]], [[70, 871]], [[71, 871]], [[72, 870]], [[72, 869]], [[73, 868]], [[74, 867]], [[74, 866]], [[74, 865]], [[74, 864]], [[74, 863]], [[74, 862]], [[75, 861]], [[75, 860]], [[74, 859]], [[74, 858]], [[74, 857]], [[74, 856]], [[75, 855]], [[76, 855]], [[77, 855]], [[78, 856]], [[79, 855]], [[80, 855]], [[81, 855]], [[82, 854]], [[83, 854]], [[84, 854]], [[85, 853]], [[86, 852]], [[87, 852]], [[88, 851]], [[89, 851]], [[90, 851]], [[91, 851]], [[92, 851]], [[93, 852]], [[94, 853]], [[94, 854]], [[94, 855]], [[94, 856]], [[94, 857]], [[94, 858]], [[95, 859]], [[95, 860]], [[95, 861]], [[95, 862]], [[96, 863]], [[96, 864]], [[95, 865]], [[96, 864]], [[97, 864]], [[98, 864]], [[99, 863]], [[100, 862]], [[100, 861]], [[101, 860]], [[102, 859]], [[102, 858]], [[102, 857]], [[102, 856]], [[102, 855]], [[101, 854]], [[101, 853]], [[100, 852]], [[99, 852]], [[98, 852]], [[97, 852]], [[96, 851]], [[95, 850]], [[94, 851]], [[93, 850]], [[92, 850]], [[91, 849]], [[91, 848]], [[91, 847]], [[92, 846]], [[93, 845]], [[93, 844]], [[94, 843]], [[94, 842]], [[94, 841]], [[94, 840]], [[93, 839]], [[92, 839]], [[91, 838]], [[90, 838]], [[89, 838]], [[88, 838]], [[87, 837]], [[86, 836]], [[85, 836]], [[84, 836]], [[83, 836]], [[82, 835]], [[81, 835]], [[80, 835]], [[79, 835]], [[78, 834]], [[77, 833]], [[76, 833]], [[75, 832]], [[74, 831]], [[73, 830]], [[73, 829]], [[73, 828]], [[72, 827]], [[71, 827]], [[70, 826]], [[69, 825]], [[68, 825]], [[67, 825]], [[66, 825]], [[65, 825]], [[64, 824]], [[63, 824]], [[62, 823]]]","[[[[56, 816], [55, 817], [56, 818], [56, 819], [57, 819], [58, 820], [58, 821], [57, 822], [58, 823], [59, 823], [60, 823], [61, 822], [62, 822], [63, 823], [64, 823], [65, 824], [66, 824], [67, 824], [68, 824], [69, 824], [70, 825], [71, 826], [72, 826], [73, 827], [74, 828], [74, 829], [74, 830], [75, 831], [76, 831], [76, 830], [75, 829], [76, 828], [76, 827], [75, 827], [74, 826], [74, 825], [73, 824], [73, 823], [72, 822], [71, 822], [70, 821], [69, 822], [68, 822], [67, 822], [66, 822], [65, 823], [64, 823], [63, 822], [62, 821], [62, 820], [61, 820], [60, 820], [59, 820], [58, 819], [58, 818], [57, 817], [58, 816], [57, 816]]], [[[52, 821], [51, 822], [50, 822], [49, 822], [48, 822], [47, 822], [46, 822], [45, 823], [44, 824], [43, 825], [42, 825], [41, 826], [40, 827], [39, 827], [38, 827], [37, 827], [36, 827], [35, 827], [34, 827], [33, 827], [34, 827], [35, 827], [36, 827], [37, 827], [38, 828], [39, 828], [40, 828], [41, 828], [42, 828], [43, 827], [44, 826], [45, 826], [46, 826], [47, 825], [48, 825], [49, 825], [50, 824], [51, 824], [52, 824], [53, 824], [54, 823], [53, 822]]], [[[30, 832], [30, 833], [30, 834], [29, 835], [28, 835], [28, 836], [29, 837], [30, 838], [31, 839], [32, 840], [33, 841], [34, 842], [34, 843], [35, 844], [36, 844], [36, 843], [36, 842], [36, 841], [36, 840], [35, 839], [34, 838], [33, 837], [32, 838], [31, 838], [30, 837], [31, 836], [32, 835], [32, 834], [32, 833], [32, 832], [31, 832]]], []]","[87, 88, 89, []]"
52,52,"[[[538, 822]], [[538, 823]], [[537, 824]], [[536, 824]], [[535, 825]], [[534, 825]], [[533, 826]], [[532, 826]], [[531, 826]], [[530, 826]], [[529, 826]], [[528, 826]], [[527, 826]], [[526, 826]], [[525, 826]], [[524, 826]], [[523, 826]], [[522, 827]], [[522, 828]], [[522, 829]], [[521, 830]], [[522, 831]], [[522, 832]], [[521, 833]], [[521, 834]], [[522, 835]], [[522, 836]], [[522, 837]], [[523, 838]], [[523, 839]], [[523, 840]], [[524, 841]], [[525, 842]], [[525, 843]], [[526, 844]], [[527, 845]], [[528, 845]], [[529, 845]], [[530, 846]], [[531, 845]], [[532, 845]], [[533, 845]], [[534, 844]], [[535, 844]], [[536, 844]], [[537, 843]], [[538, 843]], [[539, 842]], [[540, 843]], [[541, 843]], [[542, 843]], [[543, 843]], [[544, 843]], [[545, 842]], [[546, 842]], [[547, 842]], [[548, 841]], [[549, 841]], [[550, 840]], [[551, 840]], [[552, 840]], [[553, 840]], [[554, 840]], [[555, 840]], [[556, 840]], [[557, 839]], [[558, 839]], [[559, 838]], [[560, 837]], [[561, 836]], [[562, 835]], [[562, 834]], [[563, 833]], [[563, 832]], [[563, 831]], [[564, 830]], [[564, 829]], [[565, 828]], [[565, 827]], [[564, 826]], [[564, 825]], [[563, 825]], [[562, 824]], [[561, 824]], [[560, 823]], [[559, 823]], [[558, 823]], [[557, 823]], [[556, 823]], [[555, 822]], [[554, 822]], [[553, 822]], [[552, 822]], [[551, 822]], [[550, 822]], [[549, 822]], [[548, 822]], [[547, 822]], [[546, 822]], [[545, 822]], [[544, 823]], [[543, 823]], [[542, 823]], [[541, 823]], [[540, 823]], [[539, 822]]]",[[]],[]
53,53,"[[[214, 821]], [[213, 822]], [[212, 823]], [[211, 823]], [[210, 824]], [[209, 824]], [[208, 825]], [[208, 826]], [[207, 827]], [[208, 828]], [[208, 829]], [[208, 830]], [[208, 831]], [[208, 832]], [[208, 833]], [[207, 834]], [[206, 834]], [[205, 835]], [[204, 835]], [[203, 836]], [[203, 837]], [[203, 838]], [[202, 839]], [[201, 840]], [[200, 841]], [[199, 841]], [[198, 842]], [[197, 843]], [[196, 844]], [[195, 844]], [[194, 845]], [[193, 845]], [[192, 846]], [[191, 847]], [[190, 848]], [[189, 848]], [[188, 849]], [[187, 849]], [[186, 850]], [[185, 851]], [[184, 852]], [[184, 853]], [[183, 854]], [[182, 854]], [[182, 855]], [[182, 856]], [[181, 857]], [[180, 858]], [[179, 859]], [[178, 859]], [[177, 859]], [[177, 860]], [[178, 861]], [[178, 862]], [[178, 863]], [[179, 864]], [[180, 865]], [[181, 866]], [[181, 867]], [[182, 867]], [[183, 867]], [[184, 868]], [[185, 869]], [[185, 870]], [[185, 871]], [[186, 872]], [[186, 873]], [[187, 874]], [[188, 875]], [[189, 876]], [[190, 877]], [[191, 877]], [[192, 878]], [[193, 879]], [[194, 880]], [[194, 881]], [[195, 882]], [[196, 882]], [[197, 882]], [[198, 882]], [[199, 882]], [[200, 882]], [[201, 882]], [[202, 883]], [[202, 884]], [[202, 885]], [[202, 886]], [[202, 887]], [[202, 888]], [[203, 889]], [[204, 890]], [[205, 891]], [[205, 892]], [[205, 893]], [[205, 894]], [[205, 895]], [[204, 896]], [[205, 896]], [[206, 897]], [[207, 898]], [[207, 899]], [[207, 900]], [[207, 901]], [[207, 902]], [[207, 903]], [[208, 904]], [[209, 905]], [[210, 906]], [[211, 907]], [[212, 907]], [[213, 907]], [[214, 908]], [[215, 908]], [[216, 908]], [[217, 908]], [[218, 908]], [[219, 908]], [[220, 907]], [[221, 907]], [[222, 906]], [[223, 905]], [[224, 905]], [[225, 905]], [[226, 905]], [[227, 905]], [[228, 905]], [[229, 905]], [[230, 904]], [[230, 903]], [[231, 902]], [[232, 901]], [[232, 900]], [[232, 899]], [[232, 898]], [[232, 897]], [[233, 896]], [[234, 897]], [[233, 896]], [[234, 895]], [[234, 894]], [[235, 893]], [[236, 892]], [[236, 891]], [[236, 890]], [[237, 889]], [[238, 890]], [[238, 891]], [[239, 890]], [[238, 889]], [[239, 888]], [[239, 887]], [[239, 886]], [[239, 885]], [[239, 884]], [[240, 883]], [[239, 882]], [[238, 881]], [[238, 880]], [[238, 879]], [[239, 878]], [[239, 877]], [[240, 876]], [[241, 875]], [[241, 874]], [[241, 873]], [[241, 872]], [[240, 871]], [[240, 870]], [[240, 869]], [[241, 868]], [[241, 867]], [[242, 866]], [[242, 865]], [[243, 864]], [[244, 863]], [[245, 862]], [[246, 862]], [[246, 861]], [[247, 860]], [[247, 859]], [[248, 858]], [[248, 857]], [[248, 856]], [[248, 855]], [[248, 854]], [[248, 853]], [[248, 852]], [[248, 851]], [[248, 850]], [[247, 850]], [[246, 849]], [[246, 848]], [[245, 848]], [[244, 847]], [[243, 846]], [[242, 846]], [[241, 845]], [[240, 845]], [[239, 845]], [[238, 845]], [[237, 844]], [[236, 844]], [[235, 843]], [[234, 842]], [[233, 841]], [[233, 840]], [[232, 839]], [[232, 838]], [[231, 837]], [[230, 836]], [[230, 835]], [[229, 834]], [[229, 833]], [[228, 832]], [[228, 831]], [[227, 830]], [[226, 829]], [[225, 828]], [[224, 828]], [[223, 827]], [[222, 826]], [[221, 825]], [[221, 824]], [[220, 823]], [[219, 822]], [[218, 822]], [[217, 822]], [[216, 822]], [[215, 821]]]","[[], [[[185, 835], [185, 836], [184, 837], [183, 837], [183, 838], [183, 839], [183, 840], [182, 841], [182, 842], [183, 842], [184, 842], [185, 841], [186, 842], [187, 842], [188, 843], [189, 843], [190, 844], [189, 845], [188, 846], [187, 847], [186, 848], [185, 849], [184, 850], [183, 850], [182, 851], [181, 851], [180, 851], [179, 851], [179, 852], [180, 852], [181, 853], [182, 853], [183, 853], [183, 852], [184, 851], [185, 850], [186, 849], [187, 848], [188, 848], [189, 847], [190, 847], [191, 846], [192, 845], [193, 844], [194, 844], [195, 843], [195, 842], [194, 842], [193, 842], [192, 842], [191, 842], [190, 841], [189, 840], [189, 839], [188, 838], [188, 837], [188, 836], [187, 837], [186, 836], [186, 835]]], [[[172, 850], [172, 851], [172, 852], [172, 853], [172, 854], [173, 854], [174, 855], [173, 856], [173, 857], [173, 858], [173, 859], [173, 860], [173, 861], [174, 862], [175, 862], [176, 862], [177, 862], [177, 861], [176, 860], [176, 859], [176, 858], [176, 857], [176, 856], [176, 855], [176, 854], [175, 854], [174, 854], [173, 853], [172, 852], [173, 851], [173, 850]]], [[[200, 897], [199, 898], [198, 898], [197, 898], [196, 898], [197, 898], [198, 898], [199, 899], [200, 899], [201, 898], [202, 898], [203, 898], [204, 899], [204, 900], [205, 901], [205, 902], [204, 903], [205, 903], [206, 904], [206, 903], [206, 902], [206, 901], [206, 900], [206, 899], [206, 898], [205, 897], [204, 897], [203, 897], [202, 897], [201, 897]]], [[[233, 838], [233, 839], [234, 840], [234, 841], [235, 842], [236, 843], [237, 843], [238, 844], [239, 844], [240, 844], [241, 844], [242, 845], [243, 845], [244, 846], [245, 847], [246, 847], [246, 846], [245, 845], [244, 844], [243, 844], [242, 843], [241, 843], [240, 843], [239, 843], [238, 843], [237, 842], [236, 841], [235, 841], [234, 840], [234, 839]]]]","[[], 90, 91, 92, 93]"
54,54,"[[[287, 816]], [[286, 817]], [[286, 818]], [[285, 819]], [[284, 819]], [[283, 819]], [[282, 819]], [[282, 820]], [[281, 821]], [[281, 822]], [[281, 823]], [[281, 824]], [[281, 825]], [[282, 826]], [[283, 826]], [[284, 825]], [[285, 825]], [[286, 826]], [[287, 826]], [[288, 827]], [[288, 828]], [[289, 827]], [[290, 827]], [[290, 826]], [[291, 825]], [[291, 824]], [[291, 823]], [[291, 822]], [[291, 821]], [[291, 820]], [[291, 819]], [[291, 818]], [[292, 817]], [[291, 817]], [[290, 817]], [[289, 816]], [[288, 816]]]",[],[]
55,55,"[[[317, 811]], [[316, 812]], [[316, 813]], [[316, 814]], [[316, 815]], [[316, 816]], [[315, 817]], [[315, 818]], [[314, 819]], [[313, 820]], [[313, 821]], [[313, 822]], [[312, 823]], [[312, 824]], [[311, 825]], [[310, 826]], [[310, 827]], [[310, 828]], [[309, 829]], [[308, 830]], [[307, 831]], [[307, 832]], [[307, 833]], [[306, 834]], [[305, 835]], [[304, 836]], [[303, 836]], [[302, 835]], [[302, 834]], [[302, 833]], [[302, 832]], [[302, 831]], [[301, 831]], [[300, 830]], [[299, 830]], [[299, 831]], [[298, 832]], [[298, 833]], [[298, 834]], [[297, 835]], [[297, 836]], [[297, 837]], [[297, 838]], [[297, 839]], [[298, 840]], [[299, 840]], [[300, 839]], [[301, 839]], [[302, 838]], [[303, 837]], [[304, 838]], [[305, 839]], [[306, 840]], [[307, 841]], [[307, 842]], [[308, 842]], [[309, 842]], [[310, 842]], [[311, 842]], [[312, 842]], [[313, 841]], [[314, 841]], [[315, 841]], [[316, 841]], [[317, 840]], [[318, 840]], [[319, 840]], [[320, 840]], [[320, 839]], [[320, 838]], [[321, 837]], [[322, 836]], [[323, 835]], [[323, 834]], [[324, 833]], [[325, 832]], [[326, 832]], [[327, 832]], [[327, 831]], [[328, 830]], [[329, 829]], [[329, 828]], [[329, 827]], [[329, 826]], [[329, 825]], [[330, 824]], [[330, 823]], [[330, 822]], [[330, 821]], [[329, 820]], [[329, 819]], [[329, 818]], [[328, 817]], [[328, 816]], [[327, 815]], [[327, 814]], [[326, 813]], [[325, 813]], [[324, 813]], [[323, 813]], [[322, 813]], [[321, 813]], [[320, 813]], [[319, 812]], [[318, 811]]]","[[], [[[292, 840], [291, 841], [292, 842], [291, 843], [290, 843], [289, 844], [290, 844], [291, 844], [292, 844], [293, 843], [294, 843], [295, 843], [296, 843], [297, 844], [298, 845], [299, 846], [300, 847], [301, 847], [302, 848], [302, 849], [303, 850], [304, 849], [305, 849], [306, 848], [307, 847], [308, 846], [309, 845], [310, 845], [311, 846], [312, 846], [313, 847], [313, 848], [314, 848], [315, 847], [315, 846], [314, 845], [313, 845], [312, 845], [311, 845], [310, 845], [309, 845], [308, 844], [307, 844], [306, 844], [305, 844], [304, 844], [303, 844], [302, 844], [301, 843], [300, 842], [299, 841], [298, 841], [297, 841], [296, 841], [295, 841], [294, 841], [293, 840]]], [[[324, 835], [323, 836], [322, 837], [321, 838], [321, 839], [322, 840], [322, 841], [321, 842], [321, 843], [321, 844], [320, 845], [319, 846], [319, 847], [318, 848], [317, 849], [316, 850], [316, 851], [316, 852], [316, 853], [315, 854], [314, 854], [314, 855], [315, 856], [316, 857], [317, 857], [317, 856], [317, 855], [317, 854], [316, 853], [316, 852], [317, 851], [318, 850], [319, 849], [319, 848], [320, 847], [321, 846], [322, 846], [323, 845], [324, 845], [325, 844], [325, 843], [325, 842], [325, 841], [326, 840], [326, 839], [325, 838], [325, 837], [325, 836], [325, 835]]]]","[[], 94, 95]"
56,56,"[[[632, 808]], [[631, 809]], [[630, 810]], [[629, 811]], [[628, 810]], [[627, 811]], [[627, 812]], [[627, 813]], [[627, 814]], [[628, 815]], [[629, 816]], [[630, 817]], [[631, 817]], [[632, 818]], [[633, 818]], [[634, 819]], [[635, 819]], [[636, 820]], [[637, 821]], [[638, 821]], [[639, 822]], [[640, 821]], [[641, 820]], [[642, 819]], [[642, 818]], [[642, 817]], [[642, 816]], [[642, 815]], [[642, 814]], [[641, 813]], [[640, 813]], [[639, 813]], [[638, 813]], [[637, 813]], [[636, 812]], [[636, 811]], [[636, 810]], [[636, 809]], [[635, 809]], [[634, 808]], [[633, 808]]]","[[], [[[634, 820], [635, 821], [635, 822], [636, 823], [637, 823], [638, 824], [638, 825], [639, 826], [640, 827], [641, 827], [642, 826], [643, 825], [644, 825], [645, 824], [646, 824], [647, 823], [648, 823], [648, 822], [647, 822], [646, 823], [645, 822], [644, 821], [643, 821], [642, 822], [642, 823], [642, 824], [641, 825], [640, 825], [639, 824], [638, 823], [637, 822], [636, 821], [635, 820]]]]","[[], 96]"
57,57,"[[[368, 794]], [[367, 795]], [[366, 795]], [[365, 795]], [[364, 795]], [[363, 795]], [[362, 796]], [[361, 797]], [[361, 798]], [[360, 799]], [[359, 800]], [[359, 801]], [[358, 802]], [[357, 803]], [[357, 804]], [[356, 805]], [[355, 805]], [[356, 806]], [[357, 806]], [[358, 807]], [[359, 808]], [[360, 809]], [[361, 810]], [[362, 810]], [[363, 811]], [[364, 812]], [[364, 813]], [[364, 814]], [[365, 815]], [[366, 815]], [[367, 816]], [[368, 817]], [[369, 818]], [[369, 819]], [[370, 820]], [[371, 821]], [[372, 822]], [[373, 823]], [[373, 824]], [[374, 824]], [[375, 825]], [[376, 825]], [[377, 826]], [[377, 827]], [[378, 827]], [[379, 828]], [[379, 829]], [[380, 829]], [[381, 830]], [[381, 831]], [[382, 832]], [[383, 833]], [[383, 834]], [[384, 835]], [[385, 835]], [[386, 835]], [[387, 835]], [[388, 835]], [[389, 835]], [[390, 835]], [[391, 835]], [[392, 836]], [[393, 835]], [[394, 835]], [[395, 834]], [[396, 833]], [[397, 832]], [[398, 831]], [[398, 830]], [[398, 829]], [[398, 828]], [[397, 827]], [[396, 826]], [[396, 825]], [[397, 824]], [[398, 823]], [[399, 822]], [[400, 821]], [[401, 820]], [[402, 820]], [[403, 819]], [[404, 819]], [[405, 819]], [[406, 818]], [[406, 817]], [[407, 816]], [[406, 815]], [[406, 814]], [[406, 813]], [[405, 813]], [[404, 812]], [[404, 811]], [[403, 810]], [[402, 809]], [[402, 808]], [[401, 807]], [[400, 806]], [[399, 805]], [[398, 805]], [[397, 804]], [[396, 804]], [[395, 804]], [[394, 804]], [[393, 804]], [[392, 804]], [[391, 803]], [[390, 802]], [[389, 802]], [[388, 802]], [[387, 803]], [[386, 803]], [[385, 803]], [[384, 802]], [[383, 801]], [[382, 800]], [[382, 799]], [[381, 798]], [[381, 797]], [[380, 796]], [[380, 795]], [[379, 794]], [[378, 794]], [[377, 794]], [[376, 794]], [[375, 794]], [[374, 794]], [[373, 795]], [[372, 795]], [[371, 795]], [[370, 795]], [[369, 794]]]","[[], [[[397, 798], [397, 799], [396, 800], [395, 800], [394, 801], [394, 802], [395, 802], [396, 802], [397, 802], [398, 803], [398, 804], [399, 804], [400, 805], [401, 806], [402, 807], [403, 808], [403, 809], [404, 810], [405, 811], [405, 812], [406, 812], [407, 813], [407, 814], [407, 815], [408, 815], [408, 814], [408, 813], [407, 812], [406, 811], [405, 810], [404, 809], [403, 808], [402, 807], [402, 806], [403, 805], [402, 804], [401, 803], [401, 802], [400, 801], [399, 800], [399, 799], [399, 798], [398, 798]]]]","[[], 97]"
58,58,"[[[114, 777]], [[113, 778]], [[112, 779]], [[111, 779]], [[110, 779]], [[109, 780]], [[108, 781]], [[107, 782]], [[106, 782]], [[105, 782]], [[104, 782]], [[103, 782]], [[102, 782]], [[101, 782]], [[100, 781]], [[99, 782]], [[98, 782]], [[97, 783]], [[96, 784]], [[96, 785]], [[95, 786]], [[95, 787]], [[95, 788]], [[94, 789]], [[93, 789]], [[92, 789]], [[91, 788]], [[90, 788]], [[89, 788]], [[88, 787]], [[87, 787]], [[86, 787]], [[85, 787]], [[84, 787]], [[83, 787]], [[82, 788]], [[81, 789]], [[80, 789]], [[79, 790]], [[78, 791]], [[78, 792]], [[77, 793]], [[76, 794]], [[76, 795]], [[76, 796]], [[75, 797]], [[74, 798]], [[73, 798]], [[72, 797]], [[71, 797]], [[70, 798]], [[69, 798]], [[68, 797]], [[68, 798]], [[68, 799]], [[69, 799]], [[70, 800]], [[70, 801]], [[69, 802]], [[68, 802]], [[67, 802]], [[66, 802]], [[66, 803]], [[65, 804]], [[65, 805]], [[64, 806]], [[63, 806]], [[62, 806]], [[61, 806]], [[60, 806]], [[59, 806]], [[58, 806]], [[58, 807]], [[57, 808]], [[56, 809]], [[56, 810]], [[56, 811]], [[57, 812]], [[57, 813]], [[58, 814]], [[58, 815]], [[59, 816]], [[59, 817]], [[60, 818]], [[61, 819]], [[62, 819]], [[63, 820]], [[63, 821]], [[64, 822]], [[65, 821]], [[66, 821]], [[67, 821]], [[68, 821]], [[69, 821]], [[70, 820]], [[71, 821]], [[72, 820]], [[73, 821]], [[74, 820]], [[75, 821]], [[76, 821]], [[77, 822]], [[78, 822]], [[79, 821]], [[80, 820]], [[80, 819]], [[80, 818]], [[81, 817]], [[81, 816]], [[81, 815]], [[81, 814]], [[81, 813]], [[81, 812]], [[82, 811]], [[83, 810]], [[83, 809]], [[83, 808]], [[84, 807]], [[85, 807]], [[86, 808]], [[87, 809]], [[87, 810]], [[87, 811]], [[87, 812]], [[87, 813]], [[87, 814]], [[88, 815]], [[88, 816]], [[88, 817]], [[89, 817]], [[90, 817]], [[91, 817]], [[92, 818]], [[93, 819]], [[92, 820]], [[93, 821]], [[94, 821]], [[95, 822]], [[95, 823]], [[96, 822]], [[97, 822]], [[98, 822]], [[99, 821]], [[100, 821]], [[101, 820]], [[102, 820]], [[103, 819]], [[104, 818]], [[104, 817]], [[104, 816]], [[105, 815]], [[106, 815]], [[107, 815]], [[108, 816]], [[108, 817]], [[109, 817]], [[110, 818]], [[109, 819]], [[108, 819]], [[108, 820]], [[109, 820]], [[110, 820]], [[111, 821]], [[112, 822]], [[112, 823]], [[112, 824]], [[112, 825]], [[113, 826]], [[114, 827]], [[115, 828]], [[115, 829]], [[116, 830]], [[117, 831]], [[116, 832]], [[117, 831]], [[118, 832]], [[119, 833]], [[120, 834]], [[121, 834]], [[122, 834]], [[123, 835]], [[123, 836]], [[124, 837]], [[125, 838]], [[125, 839]], [[125, 840]], [[125, 841]], [[125, 842]], [[126, 842]], [[127, 842]], [[128, 843]], [[129, 843]], [[130, 843]], [[131, 843]], [[132, 842]], [[133, 842]], [[134, 842]], [[135, 842]], [[136, 842]], [[137, 842]], [[138, 842]], [[139, 842]], [[140, 842]], [[141, 842]], [[142, 841]], [[143, 840]], [[144, 840]], [[145, 839]], [[146, 838]], [[146, 837]], [[147, 836]], [[147, 835]], [[147, 834]], [[148, 833]], [[149, 833]], [[150, 833]], [[151, 834]], [[152, 834]], [[153, 833]], [[154, 832]], [[155, 832]], [[156, 831]], [[157, 830]], [[157, 829]], [[157, 828]], [[157, 827]], [[158, 826]], [[158, 825]], [[159, 824]], [[160, 823]], [[160, 822]], [[161, 821]], [[162, 820]], [[161, 819]], [[161, 818]], [[162, 817]], [[162, 816]], [[163, 815]], [[164, 815]], [[163, 814]], [[162, 813]], [[161, 813]], [[160, 813]], [[159, 812]], [[159, 811]], [[159, 810]], [[159, 809]], [[160, 808]], [[161, 808]], [[160, 807]], [[160, 806]], [[160, 805]], [[159, 804]], [[159, 803]], [[159, 802]], [[158, 801]], [[157, 800]], [[156, 800]], [[155, 799]], [[154, 798]], [[153, 797]], [[152, 796]], [[151, 796]], [[150, 795]], [[149, 794]], [[149, 793]], [[148, 792]], [[147, 792]], [[146, 792]], [[145, 791]], [[144, 790]], [[143, 790]], [[142, 789]], [[141, 789]], [[140, 788]], [[139, 787]], [[138, 787]], [[137, 788]], [[136, 788]], [[135, 787]], [[134, 787]], [[133, 786]], [[132, 786]], [[131, 785]], [[130, 786]], [[129, 785]], [[129, 784]], [[130, 783]], [[131, 782]], [[132, 782]], [[132, 781]], [[132, 780]], [[131, 779]], [[130, 779]], [[129, 780]], [[128, 780]], [[127, 780]], [[126, 780]], [[125, 779]], [[125, 778]], [[124, 778]], [[123, 778]], [[122, 779]], [[121, 779]], [[120, 779]], [[119, 779]], [[118, 778]], [[117, 777]], [[116, 777]], [[115, 777]]]","[[[[128, 759], [128, 760], [128, 761], [129, 762], [129, 763], [129, 764], [128, 765], [128, 766], [127, 767], [127, 768], [126, 769], [125, 769], [124, 769], [123, 770], [124, 771], [123, 772], [122, 772], [121, 771], [120, 771], [119, 771], [118, 770], [117, 770], [116, 770], [115, 771], [114, 772], [114, 773], [113, 774], [112, 774], [111, 774], [110, 773], [109, 773], [108, 772], [107, 772], [107, 773], [107, 774], [107, 775], [107, 776], [106, 777], [106, 778], [106, 779], [106, 780], [105, 781], [104, 780], [103, 779], [103, 778], [103, 777], [102, 776], [101, 775], [101, 774], [100, 773], [99, 773], [98, 773], [97, 773], [97, 774], [96, 775], [95, 776], [94, 776], [93, 776], [92, 775], [91, 774], [90, 774], [89, 774], [90, 775], [91, 775], [92, 775], [93, 776], [93, 777], [94, 778], [95, 778], [96, 777], [96, 776], [96, 775], [97, 774], [98, 774], [99, 775], [100, 775], [101, 775], [102, 776], [102, 777], [102, 778], [102, 779], [101, 780], [101, 781], [102, 781], [103, 781], [104, 781], [105, 781], [106, 781], [107, 781], [108, 780], [108, 779], [107, 778], [108, 777], [108, 776], [109, 775], [110, 774], [111, 775], [111, 776], [111, 777], [110, 778], [111, 778], [112, 778], [113, 777], [114, 776], [115, 776], [116, 775], [116, 774], [116, 773], [117, 772], [118, 772], [119, 772], [120, 772], [121, 772], [122, 773], [123, 773], [124, 773], [125, 773], [126, 773], [127, 774], [128, 775], [129, 775], [129, 774], [128, 774], [127, 773], [127, 772], [127, 771], [127, 770], [128, 769], [128, 768], [128, 767], [129, 766], [129, 765], [130, 764], [130, 763], [130, 762], [129, 761], [129, 760], [129, 759]]], [[[73, 791], [72, 792], [71, 793], [70, 793], [69, 793], [68, 793], [67, 794], [66, 795], [65, 795], [64, 795], [63, 794], [62, 794], [63, 795], [64, 796], [65, 796], [66, 797], [65, 798], [64, 799], [64, 800], [65, 801], [66, 801], [67, 801], [67, 800], [67, 799], [67, 798], [67, 797], [67, 796], [68, 795], [69, 794], [70, 794], [71, 794], [72, 794], [73, 795], [74, 794], [74, 793], [75, 792], [74, 791]]], [], [[[54, 811], [54, 812], [53, 813], [52, 814], [51, 814], [51, 815], [50, 816], [49, 817], [48, 817], [47, 817], [46, 817], [46, 818], [47, 819], [48, 820], [49, 820], [50, 820], [51, 819], [50, 818], [50, 817], [51, 816], [52, 815], [53, 815], [54, 815], [55, 814], [56, 814], [57, 814], [56, 813], [56, 812], [55, 811]]], [[[56, 816], [55, 817], [56, 818], [56, 819], [57, 819], [58, 820], [58, 821], [57, 822], [58, 823], [59, 823], [60, 823], [61, 822], [62, 822], [63, 823], [64, 823], [65, 824], [66, 824], [67, 824], [68, 824], [69, 824], [70, 825], [71, 826], [72, 826], [73, 827], [74, 828], [74, 829], [74, 830], [75, 831], [76, 831], [76, 830], [75, 829], [76, 828], [76, 827], [75, 827], [74, 826], [74, 825], [73, 824], [73, 823], [72, 822], [71, 822], [70, 821], [69, 822], [68, 822], [67, 822], [66, 822], [65, 823], [64, 823], [63, 822], [62, 821], [62, 820], [61, 820], [60, 820], [59, 820], [58, 819], [58, 818], [57, 817], [58, 816], [57, 816]], [[54, 811], [54, 812], [53, 813], [52, 814], [51, 814], [51, 815], [50, 816], [49, 817], [48, 817], [47, 817], [46, 817], [46, 818], [47, 819], [48, 820], [49, 820], [50, 820], [51, 819], [50, 818], [50, 817], [51, 816], [52, 815], [53, 815], [54, 815], [55, 814], [56, 814], [57, 814], [56, 813], [56, 812], [55, 811]]], [[[56, 816], [55, 817], [56, 818], [56, 819], [57, 819], [58, 820], [58, 821], [57, 822], [58, 823], [59, 823], [60, 823], [61, 822], [62, 822], [63, 823], [64, 823], [65, 824], [66, 824], [67, 824], [68, 824], [69, 824], [70, 825], [71, 826], [72, 826], [73, 827], [74, 828], [74, 829], [74, 830], [75, 831], [76, 831], [76, 830], [75, 829], [76, 828], [76, 827], [75, 827], [74, 826], [74, 825], [73, 824], [73, 823], [72, 822], [71, 822], [70, 821], [69, 822], [68, 822], [67, 822], [66, 822], [65, 823], [64, 823], [63, 822], [62, 821], [62, 820], [61, 820], [60, 820], [59, 820], [58, 819], [58, 818], [57, 817], [58, 816], [57, 816]]], [[[163, 816], [163, 817], [162, 818], [163, 819], [163, 820], [164, 820], [165, 820], [166, 820], [167, 820], [168, 821], [169, 822], [170, 823], [171, 824], [171, 825], [170, 826], [170, 827], [170, 828], [170, 829], [169, 830], [168, 830], [167, 830], [167, 831], [168, 832], [169, 833], [168, 834], [168, 835], [168, 836], [169, 836], [169, 835], [169, 834], [169, 833], [169, 832], [169, 831], [169, 830], [170, 829], [170, 828], [171, 827], [171, 826], [171, 825], [171, 824], [172, 823], [173, 823], [172, 823], [171, 822], [171, 821], [170, 820], [169, 819], [168, 819], [167, 818], [166, 818], [165, 817], [165, 816], [164, 816]]]]","[98, 99, [], 100, 101, 87, 103]"
59,59,"[[[690, 770]], [[689, 771]], [[688, 771]], [[687, 771]], [[686, 772]], [[685, 773]], [[684, 773]], [[683, 773]], [[682, 773]], [[681, 772]], [[680, 772]], [[679, 772]], [[678, 772]], [[677, 772]], [[676, 771]], [[675, 771]], [[674, 771]], [[673, 771]], [[672, 771]], [[671, 771]], [[670, 772]], [[669, 772]], [[669, 773]], [[668, 774]], [[667, 775]], [[667, 776]], [[667, 777]], [[666, 778]], [[665, 779]], [[665, 780]], [[665, 781]], [[664, 782]], [[664, 783]], [[663, 784]], [[662, 784]], [[662, 785]], [[663, 785]], [[664, 786]], [[664, 787]], [[664, 788]], [[664, 789]], [[664, 790]], [[664, 791]], [[665, 792]], [[665, 793]], [[666, 794]], [[666, 795]], [[666, 796]], [[667, 797]], [[668, 798]], [[669, 798]], [[670, 799]], [[671, 799]], [[672, 799]], [[673, 799]], [[674, 799]], [[675, 800]], [[676, 800]], [[677, 801]], [[678, 802]], [[679, 803]], [[680, 804]], [[680, 805]], [[681, 806]], [[682, 807]], [[683, 808]], [[684, 809]], [[685, 809]], [[686, 809]], [[687, 809]], [[688, 809]], [[689, 809]], [[690, 809]], [[691, 808]], [[692, 808]], [[693, 809]], [[694, 808]], [[695, 808]], [[696, 807]], [[697, 807]], [[698, 806]], [[699, 806]], [[700, 805]], [[701, 804]], [[702, 803]], [[703, 802]], [[704, 802]], [[705, 801]], [[706, 801]], [[707, 801]], [[708, 800]], [[709, 800]], [[710, 800]], [[711, 800]], [[712, 799]], [[713, 798]], [[713, 797]], [[713, 796]], [[714, 795]], [[714, 794]], [[715, 793]], [[715, 792]], [[715, 791]], [[715, 790]], [[714, 790]], [[713, 789]], [[713, 788]], [[713, 787]], [[712, 786]], [[712, 785]], [[712, 784]], [[711, 783]], [[710, 782]], [[710, 781]], [[709, 780]], [[709, 779]], [[708, 778]], [[707, 777]], [[707, 776]], [[707, 775]], [[706, 774]], [[705, 773]], [[704, 773]], [[703, 773]], [[702, 772]], [[701, 771]], [[700, 772]], [[699, 771]], [[698, 771]], [[697, 770]], [[696, 770]], [[695, 770]], [[694, 770]], [[693, 770]], [[692, 770]], [[691, 770]]]","[[], [[[668, 770], [668, 771], [668, 772], [667, 773], [666, 773], [665, 773], [664, 773], [664, 774], [664, 775], [664, 776], [665, 777], [664, 778], [664, 779], [664, 780], [664, 781], [664, 780], [664, 779], [665, 778], [666, 777], [666, 776], [666, 775], [667, 774], [668, 773], [668, 772], [669, 771], [670, 771], [670, 770], [669, 770]]]]","[[], 104]"
60,60,"[[[800, 762]], [[799, 763]], [[799, 764]], [[800, 765]], [[800, 766]], [[800, 767]], [[800, 768]], [[800, 769]], [[800, 770]], [[801, 771]], [[801, 772]], [[802, 773]], [[803, 774]], [[804, 774]], [[805, 775]], [[806, 776]], [[806, 777]], [[806, 778]], [[807, 779]], [[807, 780]], [[808, 780]], [[809, 780]], [[810, 780]], [[810, 779]], [[811, 778]], [[812, 778]], [[813, 777]], [[814, 776]], [[815, 776]], [[816, 776]], [[817, 775]], [[818, 774]], [[818, 773]], [[818, 772]], [[818, 771]], [[817, 770]], [[817, 769]], [[816, 768]], [[815, 767]], [[814, 767]], [[813, 766]], [[812, 766]], [[811, 766]], [[810, 766]], [[809, 766]], [[808, 767]], [[807, 766]], [[806, 765]], [[805, 764]], [[804, 763]], [[803, 762]], [[802, 762]], [[801, 762]]]","[[[[798, 750], [797, 751], [796, 752], [796, 753], [797, 754], [796, 755], [795, 755], [795, 756], [795, 757], [796, 758], [796, 759], [797, 760], [797, 761], [797, 762], [798, 762], [798, 761], [798, 760], [798, 759], [798, 758], [797, 757], [797, 756], [798, 755], [798, 754], [798, 753], [798, 752], [798, 751], [799, 750]]], []]","[105, []]"
61,61,"[[[759, 756]], [[758, 757]], [[757, 758]], [[756, 759]], [[755, 760]], [[754, 760]], [[753, 760]], [[752, 761]], [[751, 762]], [[750, 761]], [[750, 762]], [[749, 763]], [[748, 764]], [[747, 765]], [[747, 766]], [[746, 767]], [[746, 768]], [[746, 769]], [[747, 770]], [[748, 771]], [[749, 772]], [[749, 773]], [[750, 774]], [[750, 775]], [[750, 776]], [[751, 776]], [[752, 777]], [[753, 777]], [[754, 778]], [[755, 779]], [[755, 780]], [[756, 781]], [[756, 782]], [[757, 783]], [[758, 783]], [[759, 784]], [[760, 785]], [[760, 786]], [[761, 787]], [[761, 788]], [[762, 789]], [[763, 790]], [[764, 791]], [[764, 792]], [[765, 793]], [[766, 794]], [[767, 795]], [[768, 795]], [[769, 796]], [[770, 797]], [[771, 796]], [[772, 796]], [[773, 796]], [[774, 796]], [[775, 796]], [[776, 797]], [[775, 798]], [[775, 799]], [[774, 800]], [[774, 801]], [[773, 802]], [[772, 803]], [[771, 804]], [[771, 805]], [[770, 806]], [[769, 807]], [[768, 808]], [[767, 808]], [[767, 809]], [[766, 810]], [[766, 811]], [[767, 812]], [[767, 813]], [[768, 814]], [[769, 815]], [[769, 816]], [[770, 817]], [[771, 818]], [[772, 819]], [[773, 819]], [[774, 819]], [[775, 820]], [[776, 820]], [[777, 820]], [[778, 820]], [[779, 820]], [[780, 820]], [[781, 820]], [[782, 821]], [[783, 821]], [[784, 821]], [[785, 821]], [[786, 822]], [[787, 822]], [[788, 822]], [[789, 821]], [[790, 821]], [[791, 821]], [[792, 821]], [[793, 821]], [[794, 822]], [[795, 821]], [[796, 822]], [[797, 822]], [[798, 821]], [[798, 820]], [[798, 819]], [[798, 818]], [[798, 817]], [[797, 816]], [[797, 815]], [[796, 814]], [[796, 813]], [[795, 812]], [[795, 811]], [[794, 810]], [[794, 809]], [[793, 808]], [[792, 807]], [[791, 806]], [[790, 805]], [[789, 805]], [[788, 804]], [[787, 803]], [[786, 802]], [[785, 801]], [[784, 800]], [[783, 799]], [[783, 798]], [[783, 797]], [[782, 797]], [[781, 796]], [[780, 796]], [[779, 795]], [[778, 795]], [[778, 796]], [[777, 797]], [[776, 797]], [[775, 796]], [[775, 795]], [[776, 794]], [[777, 793]], [[778, 792]], [[778, 791]], [[779, 790]], [[779, 789]], [[779, 788]], [[780, 787]], [[781, 786]], [[781, 785]], [[781, 784]], [[781, 783]], [[781, 782]], [[781, 781]], [[780, 780]], [[780, 779]], [[780, 778]], [[779, 777]], [[778, 777]], [[777, 776]], [[776, 775]], [[776, 774]], [[776, 773]], [[776, 772]], [[775, 771]], [[774, 770]], [[773, 769]], [[773, 768]], [[772, 767]], [[771, 766]], [[770, 766]], [[769, 765]], [[768, 765]], [[767, 764]], [[766, 763]], [[766, 762]], [[766, 761]], [[765, 760]], [[764, 759]], [[763, 758]], [[763, 757]], [[762, 757]], [[761, 757]], [[760, 756]]]","[[], [[[736, 762], [737, 763], [736, 764], [735, 765], [734, 765], [735, 766], [735, 767], [736, 768], [737, 769], [738, 770], [739, 770], [740, 770], [741, 771], [740, 772], [739, 772], [739, 773], [740, 774], [741, 775], [742, 775], [743, 776], [744, 776], [745, 777], [745, 778], [745, 779], [745, 780], [746, 780], [747, 780], [748, 780], [749, 780], [750, 780], [751, 780], [752, 780], [753, 780], [752, 779], [752, 778], [751, 777], [750, 777], [749, 778], [748, 778], [747, 778], [746, 778], [745, 777], [744, 776], [745, 775], [746, 775], [746, 774], [745, 774], [744, 774], [743, 773], [743, 772], [742, 771], [741, 770], [740, 770], [739, 770], [738, 769], [738, 768], [738, 767], [738, 766], [739, 765], [740, 765], [741, 765], [742, 765], [743, 766], [744, 766], [745, 767], [746, 766], [745, 765], [744, 765], [743, 765], [742, 764], [741, 764], [740, 763], [739, 762], [738, 762], [737, 762]]], [[[777, 772], [777, 773], [777, 774], [777, 775], [778, 776], [779, 776], [780, 777], [781, 778], [781, 779], [781, 780], [782, 781], [782, 782], [782, 783], [783, 783], [783, 782], [783, 781], [782, 780], [782, 779], [781, 778], [781, 777], [780, 776], [779, 775], [779, 774], [779, 773], [779, 772], [778, 772]]]]","[[], 106, 107]"
62,62,"[[[139, 748]], [[138, 749]], [[137, 749]], [[136, 750]], [[135, 751]], [[134, 752]], [[133, 753]], [[133, 754]], [[133, 755]], [[133, 756]], [[132, 757]], [[132, 758]], [[131, 759]], [[130, 759]], [[130, 760]], [[130, 761]], [[131, 762]], [[131, 763]], [[131, 764]], [[130, 765]], [[130, 766]], [[129, 767]], [[129, 768]], [[129, 769]], [[128, 770]], [[128, 771]], [[128, 772]], [[128, 773]], [[129, 773]], [[130, 774]], [[130, 775]], [[131, 776]], [[132, 776]], [[133, 775]], [[134, 775]], [[135, 775]], [[136, 776]], [[137, 776]], [[138, 776]], [[139, 777]], [[140, 777]], [[141, 778]], [[142, 778]], [[143, 778]], [[144, 779]], [[145, 779]], [[146, 779]], [[147, 779]], [[148, 779]], [[149, 780]], [[150, 780]], [[151, 780]], [[152, 780]], [[153, 780]], [[154, 781]], [[155, 781]], [[156, 781]], [[157, 782]], [[158, 782]], [[159, 783]], [[160, 784]], [[161, 784]], [[162, 785]], [[163, 786]], [[164, 786]], [[165, 786]], [[166, 785]], [[166, 784]], [[167, 783]], [[168, 783]], [[169, 782]], [[170, 781]], [[171, 781]], [[172, 782]], [[173, 782]], [[174, 782]], [[175, 782]], [[176, 782]], [[177, 781]], [[178, 780]], [[179, 780]], [[180, 779]], [[181, 779]], [[182, 778]], [[183, 777]], [[184, 776]], [[185, 776]], [[186, 776]], [[187, 777]], [[188, 777]], [[189, 777]], [[190, 777]], [[191, 776]], [[192, 776]], [[192, 775]], [[192, 774]], [[193, 773]], [[193, 772]], [[193, 771]], [[193, 770]], [[193, 769]], [[193, 768]], [[193, 767]], [[194, 766]], [[193, 765]], [[193, 764]], [[193, 763]], [[193, 762]], [[193, 761]], [[193, 760]], [[193, 759]], [[193, 758]], [[192, 757]], [[192, 756]], [[192, 755]], [[191, 754]], [[190, 754]], [[189, 753]], [[188, 753]], [[187, 753]], [[186, 752]], [[185, 752]], [[185, 753]], [[185, 754]], [[184, 755]], [[184, 756]], [[183, 757]], [[182, 758]], [[181, 758]], [[180, 757]], [[179, 756]], [[179, 755]], [[179, 754]], [[178, 754]], [[177, 753]], [[176, 753]], [[175, 754]], [[174, 754]], [[173, 755]], [[172, 756]], [[171, 757]], [[170, 758]], [[170, 759]], [[170, 760]], [[171, 761]], [[171, 762]], [[171, 763]], [[171, 764]], [[171, 765]], [[171, 766]], [[171, 767]], [[170, 768]], [[169, 768]], [[168, 767]], [[168, 766]], [[168, 765]], [[167, 764]], [[167, 763]], [[166, 762]], [[165, 761]], [[164, 760]], [[163, 759]], [[163, 758]], [[162, 757]], [[161, 756]], [[160, 756]], [[159, 756]], [[158, 755]], [[157, 755]], [[156, 755]], [[155, 754]], [[154, 753]], [[153, 752]], [[152, 752]], [[151, 751]], [[150, 750]], [[149, 749]], [[148, 749]], [[147, 749]], [[146, 749]], [[145, 749]], [[144, 749]], [[143, 748]], [[142, 748]], [[141, 748]], [[140, 748]]]","[[], [[[128, 759], [128, 760], [128, 761], [129, 762], [129, 763], [129, 764], [128, 765], [128, 766], [127, 767], [127, 768], [126, 769], [125, 769], [124, 769], [123, 770], [124, 771], [123, 772], [122, 772], [121, 771], [120, 771], [119, 771], [118, 770], [117, 770], [116, 770], [115, 771], [114, 772], [114, 773], [113, 774], [112, 774], [111, 774], [110, 773], [109, 773], [108, 772], [107, 772], [107, 773], [107, 774], [107, 775], [107, 776], [106, 777], [106, 778], [106, 779], [106, 780], [105, 781], [104, 780], [103, 779], [103, 778], [103, 777], [102, 776], [101, 775], [101, 774], [100, 773], [99, 773], [98, 773], [97, 773], [97, 774], [96, 775], [95, 776], [94, 776], [93, 776], [92, 775], [91, 774], [90, 774], [89, 774], [90, 775], [91, 775], [92, 775], [93, 776], [93, 777], [94, 778], [95, 778], [96, 777], [96, 776], [96, 775], [97, 774], [98, 774], [99, 775], [100, 775], [101, 775], [102, 776], [102, 777], [102, 778], [102, 779], [101, 780], [101, 781], [102, 781], [103, 781], [104, 781], [105, 781], [106, 781], [107, 781], [108, 780], [108, 779], [107, 778], [108, 777], [108, 776], [109, 775], [110, 774], [111, 775], [111, 776], [111, 777], [110, 778], [111, 778], [112, 778], [113, 777], [114, 776], [115, 776], [116, 775], [116, 774], [116, 773], [117, 772], [118, 772], [119, 772], [120, 772], [121, 772], [122, 773], [123, 773], [124, 773], [125, 773], [126, 773], [127, 774], [128, 775], [129, 775], [129, 774], [128, 774], [127, 773], [127, 772], [127, 771], [127, 770], [128, 769], [128, 768], [128, 767], [129, 766], [129, 765], [130, 764], [130, 763], [130, 762], [129, 761], [129, 760], [129, 759]]], [[[146, 781], [146, 782], [147, 783], [147, 784], [148, 783], [149, 784], [150, 785], [151, 786], [152, 787], [152, 788], [153, 789], [154, 789], [155, 789], [156, 788], [157, 787], [158, 787], [159, 788], [160, 789], [160, 790], [161, 791], [161, 792], [161, 793], [162, 793], [163, 792], [164, 792], [165, 792], [165, 791], [165, 790], [166, 789], [167, 790], [168, 789], [169, 788], [169, 787], [168, 787], [167, 787], [167, 788], [166, 789], [165, 789], [164, 790], [163, 790], [162, 790], [161, 789], [161, 788], [162, 787], [162, 786], [161, 785], [160, 785], [159, 784], [158, 783], [157, 783], [156, 782], [155, 782], [154, 782], [153, 781], [152, 781], [151, 781], [150, 781], [149, 781], [148, 781], [147, 781]]]]","[[], 98, 109]"
63,63,"[[[464, 738]], [[464, 739]], [[463, 740]], [[463, 741]], [[463, 742]], [[463, 743]], [[463, 744]], [[462, 745]], [[463, 746]], [[464, 747]], [[464, 748]], [[465, 748]], [[466, 748]], [[467, 748]], [[467, 747]], [[468, 746]], [[468, 745]], [[469, 744]], [[470, 743]], [[471, 743]], [[471, 742]], [[471, 741]], [[472, 740]], [[472, 739]], [[471, 738]], [[470, 738]], [[469, 739]], [[468, 739]], [[467, 739]], [[466, 738]], [[465, 738]]]",[[]],[]
64,64,"[[[707, 731]], [[706, 732]], [[705, 732]], [[705, 733]], [[705, 734]], [[704, 735]], [[704, 736]], [[703, 737]], [[702, 738]], [[701, 739]], [[700, 740]], [[699, 741]], [[698, 741]], [[697, 742]], [[696, 742]], [[695, 743]], [[694, 744]], [[693, 745]], [[692, 746]], [[691, 746]], [[690, 747]], [[689, 748]], [[689, 749]], [[688, 750]], [[688, 751]], [[688, 752]], [[688, 753]], [[689, 754]], [[689, 755]], [[690, 756]], [[691, 756]], [[692, 756]], [[693, 756]], [[694, 756]], [[695, 755]], [[696, 755]], [[697, 755]], [[698, 755]], [[699, 755]], [[700, 755]], [[701, 755]], [[702, 754]], [[703, 754]], [[704, 753]], [[705, 752]], [[706, 751]], [[706, 750]], [[707, 749]], [[708, 748]], [[709, 747]], [[710, 746]], [[711, 745]], [[712, 744]], [[713, 743]], [[713, 742]], [[714, 741]], [[714, 740]], [[715, 739]], [[715, 738]], [[716, 737]], [[716, 736]], [[715, 735]], [[714, 734]], [[713, 734]], [[712, 734]], [[711, 733]], [[710, 733]], [[709, 732]], [[708, 732]]]","[[], [[[711, 746], [710, 747], [709, 748], [708, 749], [709, 750], [710, 750], [711, 750], [712, 750], [713, 750], [714, 751], [715, 752], [716, 752], [717, 752], [718, 752], [719, 752], [720, 753], [721, 753], [722, 754], [722, 755], [723, 756], [723, 757], [723, 758], [722, 759], [721, 759], [721, 760], [721, 761], [722, 761], [723, 761], [723, 760], [723, 759], [724, 758], [724, 757], [725, 756], [726, 756], [725, 756], [724, 755], [723, 754], [722, 754], [721, 753], [720, 752], [719, 751], [719, 750], [718, 749], [717, 749], [716, 748], [715, 749], [714, 749], [713, 748], [712, 747], [712, 746]]]]","[[], 110]"
65,65,"[[[375, 730]], [[374, 731]], [[374, 732]], [[373, 733]], [[372, 734]], [[371, 735]], [[371, 736]], [[371, 737]], [[371, 738]], [[371, 739]], [[372, 739]], [[373, 740]], [[374, 739]], [[375, 740]], [[375, 741]], [[374, 742]], [[373, 742]], [[373, 743]], [[372, 744]], [[372, 745]], [[372, 746]], [[372, 747]], [[371, 748]], [[370, 749]], [[370, 750]], [[369, 751]], [[369, 752]], [[370, 753]], [[370, 754]], [[370, 755]], [[370, 756]], [[371, 757]], [[372, 757]], [[373, 758]], [[374, 757]], [[374, 756]], [[374, 755]], [[375, 754]], [[376, 754]], [[377, 755]], [[378, 755]], [[379, 755]], [[380, 755]], [[381, 754]], [[382, 754]], [[382, 753]], [[383, 752]], [[384, 751]], [[385, 750]], [[386, 749]], [[387, 749]], [[387, 748]], [[388, 747]], [[387, 746]], [[387, 745]], [[387, 744]], [[387, 743]], [[386, 742]], [[385, 741]], [[385, 740]], [[385, 739]], [[385, 738]], [[385, 737]], [[385, 736]], [[384, 735]], [[383, 734]], [[383, 733]], [[382, 733]], [[381, 732]], [[380, 731]], [[379, 731]], [[378, 730]], [[377, 730]], [[376, 730]]]","[[[[375, 727], [374, 728], [374, 729], [373, 730], [372, 731], [371, 732], [371, 733], [370, 734], [371, 734], [372, 733], [373, 732], [373, 731], [374, 730], [375, 729], [376, 729], [377, 729], [378, 729], [379, 730], [380, 730], [381, 731], [382, 732], [383, 732], [384, 733], [384, 734], [385, 735], [386, 736], [387, 736], [387, 735], [386, 734], [386, 733], [385, 733], [384, 732], [384, 731], [383, 730], [383, 729], [382, 729], [381, 729], [380, 728], [379, 727], [378, 727], [377, 727], [376, 727]]], [], [[[363, 743], [362, 744], [363, 745], [363, 746], [363, 747], [364, 748], [364, 749], [364, 750], [364, 751], [364, 752], [365, 753], [366, 754], [367, 754], [368, 755], [368, 756], [369, 756], [369, 755], [369, 754], [369, 753], [368, 752], [368, 751], [369, 750], [369, 749], [370, 748], [371, 747], [371, 746], [371, 745], [370, 745], [369, 744], [369, 745], [369, 746], [369, 747], [369, 748], [368, 749], [367, 749], [366, 748], [365, 747], [364, 746], [364, 745], [363, 744]]]]","[111, [], 112]"
66,66,"[[[210, 721]], [[209, 722]], [[208, 722]], [[208, 723]], [[207, 724]], [[207, 725]], [[207, 726]], [[207, 727]], [[207, 728]], [[208, 729]], [[207, 730]], [[207, 731]], [[208, 732]], [[208, 733]], [[209, 734]], [[209, 735]], [[209, 736]], [[209, 737]], [[209, 738]], [[209, 739]], [[209, 740]], [[209, 741]], [[209, 742]], [[209, 743]], [[210, 744]], [[210, 745]], [[209, 746]], [[209, 747]], [[209, 748]], [[209, 749]], [[209, 750]], [[210, 751]], [[209, 752]], [[210, 753]], [[211, 754]], [[210, 755]], [[209, 756]], [[209, 757]], [[208, 758]], [[208, 759]], [[207, 760]], [[207, 761]], [[207, 762]], [[207, 763]], [[206, 764]], [[206, 765]], [[206, 766]], [[205, 767]], [[205, 768]], [[205, 769]], [[205, 770]], [[205, 771]], [[206, 772]], [[206, 773]], [[206, 774]], [[206, 775]], [[207, 775]], [[208, 776]], [[209, 776]], [[210, 776]], [[211, 776]], [[212, 777]], [[212, 778]], [[212, 779]], [[213, 780]], [[214, 780]], [[215, 781]], [[216, 781]], [[217, 782]], [[218, 783]], [[219, 783]], [[220, 784]], [[221, 785]], [[221, 786]], [[222, 786]], [[223, 787]], [[224, 787]], [[225, 787]], [[226, 788]], [[226, 789]], [[227, 790]], [[227, 791]], [[228, 791]], [[229, 792]], [[230, 793]], [[230, 794]], [[230, 795]], [[231, 795]], [[232, 796]], [[233, 796]], [[234, 797]], [[235, 798]], [[236, 798]], [[237, 799]], [[238, 798]], [[239, 798]], [[240, 797]], [[241, 797]], [[242, 797]], [[243, 796]], [[244, 796]], [[245, 796]], [[246, 796]], [[247, 796]], [[248, 796]], [[249, 796]], [[250, 795]], [[250, 794]], [[251, 793]], [[252, 792]], [[253, 792]], [[254, 791]], [[255, 791]], [[256, 791]], [[257, 790]], [[258, 789]], [[258, 788]], [[259, 787]], [[260, 786]], [[261, 786]], [[262, 786]], [[263, 786]], [[264, 786]], [[265, 786]], [[266, 786]], [[267, 786]], [[268, 785]], [[269, 785]], [[270, 784]], [[271, 783]], [[272, 782]], [[272, 781]], [[272, 780]], [[272, 779]], [[272, 778]], [[273, 777]], [[273, 776]], [[274, 775]], [[275, 775]], [[276, 775]], [[277, 775]], [[278, 775]], [[279, 775]], [[280, 775]], [[281, 775]], [[282, 774]], [[283, 773]], [[284, 772]], [[284, 771]], [[285, 770]], [[285, 769]], [[285, 768]], [[285, 767]], [[286, 766]], [[286, 765]], [[287, 764]], [[287, 763]], [[287, 762]], [[288, 761]], [[288, 760]], [[288, 759]], [[289, 758]], [[289, 757]], [[289, 756]], [[288, 755]], [[288, 754]], [[288, 753]], [[288, 752]], [[289, 751]], [[289, 750]], [[289, 749]], [[289, 748]], [[289, 747]], [[290, 746]], [[290, 745]], [[290, 744]], [[289, 743]], [[289, 742]], [[290, 741]], [[290, 740]], [[289, 739]], [[288, 738]], [[287, 737]], [[286, 736]], [[285, 735]], [[284, 735]], [[283, 735]], [[282, 735]], [[281, 735]], [[280, 735]], [[279, 735]], [[278, 734]], [[278, 733]], [[278, 732]], [[277, 731]], [[277, 730]], [[277, 729]], [[277, 728]], [[276, 727]], [[276, 726]], [[276, 725]], [[275, 724]], [[274, 724]], [[273, 724]], [[272, 724]], [[271, 723]], [[270, 723]], [[269, 723]], [[268, 722]], [[267, 722]], [[266, 722]], [[265, 722]], [[264, 723]], [[263, 723]], [[262, 723]], [[261, 723]], [[260, 724]], [[259, 724]], [[258, 725]], [[257, 726]], [[256, 727]], [[255, 727]], [[254, 728]], [[253, 728]], [[252, 729]], [[252, 730]], [[251, 731]], [[251, 732]], [[250, 733]], [[249, 734]], [[248, 734]], [[247, 735]], [[246, 735]], [[245, 735]], [[244, 734]], [[243, 733]], [[242, 733]], [[241, 733]], [[240, 732]], [[239, 732]], [[238, 731]], [[237, 731]], [[236, 731]], [[235, 730]], [[235, 729]], [[234, 729]], [[233, 729]], [[232, 728]], [[233, 727]], [[232, 726]], [[232, 725]], [[231, 725]], [[230, 725]], [[229, 724]], [[228, 724]], [[227, 724]], [[226, 724]], [[225, 724]], [[224, 725]], [[223, 726]], [[222, 726]], [[221, 727]], [[220, 727]], [[219, 727]], [[218, 727]], [[217, 727]], [[216, 726]], [[215, 725]], [[214, 724]], [[213, 723]], [[212, 722]], [[211, 722]]]","[[], [[[287, 736], [288, 737], [289, 738], [290, 739], [291, 740], [291, 741], [290, 742], [290, 743], [291, 744], [291, 745], [291, 746], [291, 747], [292, 748], [292, 749], [291, 750], [290, 751], [290, 752], [289, 753], [289, 754], [289, 755], [290, 756], [290, 757], [290, 758], [291, 758], [292, 758], [293, 757], [294, 757], [295, 756], [296, 755], [297, 755], [298, 754], [297, 753], [296, 753], [295, 753], [294, 753], [293, 754], [292, 753], [292, 752], [292, 751], [292, 750], [292, 749], [293, 748], [294, 748], [293, 747], [292, 746], [292, 745], [292, 744], [291, 743], [291, 742], [291, 741], [291, 740], [291, 739], [290, 738], [289, 737], [288, 736]]], [[[275, 712], [275, 713], [276, 713], [277, 714], [276, 715], [275, 715], [274, 715], [273, 715], [272, 716], [271, 716], [271, 717], [272, 717], [273, 717], [274, 717], [274, 716], [275, 715], [276, 715], [277, 716], [277, 717], [278, 717], [279, 718], [279, 719], [279, 720], [280, 721], [280, 722], [281, 723], [281, 722], [281, 721], [282, 720], [281, 719], [280, 719], [279, 718], [278, 717], [278, 716], [278, 715], [278, 714], [278, 713], [278, 712], [277, 712], [276, 712]]]]","[[], 113, 114]"
67,67,"[[[779, 717]], [[778, 718]], [[777, 718]], [[776, 718]], [[775, 718]], [[775, 719]], [[774, 720]], [[774, 721]], [[774, 722]], [[774, 723]], [[773, 724]], [[773, 725]], [[774, 726]], [[775, 727]], [[776, 727]], [[777, 727]], [[778, 727]], [[779, 728]], [[780, 728]], [[781, 729]], [[782, 729]], [[783, 730]], [[784, 730]], [[785, 731]], [[786, 731]], [[787, 731]], [[788, 731]], [[789, 731]], [[790, 730]], [[791, 729]], [[792, 730]], [[793, 731]], [[793, 732]], [[794, 733]], [[795, 733]], [[796, 734]], [[797, 735]], [[798, 735]], [[799, 735]], [[800, 734]], [[800, 733]], [[800, 732]], [[800, 731]], [[800, 730]], [[799, 729]], [[799, 728]], [[799, 727]], [[799, 726]], [[798, 725]], [[798, 724]], [[798, 723]], [[797, 722]], [[796, 722]], [[796, 723]], [[796, 724]], [[795, 725]], [[794, 725]], [[793, 725]], [[792, 725]], [[791, 724]], [[790, 724]], [[789, 723]], [[788, 722]], [[787, 721]], [[788, 720]], [[787, 720]], [[786, 721]], [[785, 721]], [[784, 720]], [[783, 719]], [[782, 718]], [[781, 718]], [[780, 717]]]",[[]],[]
68,68,"[[[626, 714]], [[625, 715]], [[625, 716]], [[624, 717]], [[624, 718]], [[624, 719]], [[624, 720]], [[623, 721]], [[622, 722]], [[621, 723]], [[620, 723]], [[619, 722]], [[618, 722]], [[617, 722]], [[616, 722]], [[615, 722]], [[614, 722]], [[613, 721]], [[612, 721]], [[611, 721]], [[610, 721]], [[609, 721]], [[608, 721]], [[607, 721]], [[606, 721]], [[605, 721]], [[604, 721]], [[603, 720]], [[602, 720]], [[601, 720]], [[600, 720]], [[599, 720]], [[598, 720]], [[597, 720]], [[596, 720]], [[595, 721]], [[595, 722]], [[594, 723]], [[594, 724]], [[593, 725]], [[592, 726]], [[593, 727]], [[593, 728]], [[592, 729]], [[592, 730]], [[592, 731]], [[592, 732]], [[591, 733]], [[590, 734]], [[589, 734]], [[588, 735]], [[588, 736]], [[588, 737]], [[588, 738]], [[588, 739]], [[588, 740]], [[588, 741]], [[587, 742]], [[587, 743]], [[588, 743]], [[589, 743]], [[590, 743]], [[591, 743]], [[592, 743]], [[593, 743]], [[594, 743]], [[595, 743]], [[596, 743]], [[597, 743]], [[598, 744]], [[599, 745]], [[600, 746]], [[600, 747]], [[601, 747]], [[602, 748]], [[603, 749]], [[603, 750]], [[604, 751]], [[604, 752]], [[605, 752]], [[606, 753]], [[607, 754]], [[608, 755]], [[608, 756]], [[608, 757]], [[609, 758]], [[609, 759]], [[610, 760]], [[610, 761]], [[611, 762]], [[611, 763]], [[612, 763]], [[613, 764]], [[614, 765]], [[614, 766]], [[615, 767]], [[616, 768]], [[617, 769]], [[617, 770]], [[618, 771]], [[619, 772]], [[619, 773]], [[620, 774]], [[620, 775]], [[621, 776]], [[621, 777]], [[622, 777]], [[623, 777]], [[624, 777]], [[625, 778]], [[626, 778]], [[627, 778]], [[628, 778]], [[629, 777]], [[630, 777]], [[631, 777]], [[632, 777]], [[633, 776]], [[634, 776]], [[635, 776]], [[636, 776]], [[637, 776]], [[638, 776]], [[639, 776]], [[640, 777]], [[641, 777]], [[642, 776]], [[643, 776]], [[644, 775]], [[645, 774]], [[646, 773]], [[647, 772]], [[647, 771]], [[647, 770]], [[648, 769]], [[648, 768]], [[648, 767]], [[647, 766]], [[647, 765]], [[646, 764]], [[646, 763]], [[646, 762]], [[646, 761]], [[646, 760]], [[645, 759]], [[645, 758]], [[644, 757]], [[644, 756]], [[643, 755]], [[644, 754]], [[645, 753]], [[646, 753]], [[647, 753]], [[648, 753]], [[649, 752]], [[650, 752]], [[651, 751]], [[651, 750]], [[651, 749]], [[652, 748]], [[653, 748]], [[652, 747]], [[652, 746]], [[652, 745]], [[651, 744]], [[651, 743]], [[651, 742]], [[650, 741]], [[650, 740]], [[649, 739]], [[649, 738]], [[648, 737]], [[647, 736]], [[646, 736]], [[645, 736]], [[644, 736]], [[643, 736]], [[642, 735]], [[641, 735]], [[640, 734]], [[640, 733]], [[640, 732]], [[640, 731]], [[640, 730]], [[639, 729]], [[639, 728]], [[639, 727]], [[639, 726]], [[639, 725]], [[639, 724]], [[639, 723]], [[639, 722]], [[639, 721]], [[639, 720]], [[638, 719]], [[637, 718]], [[637, 717]], [[636, 716]], [[635, 715]], [[634, 714]], [[633, 715]], [[632, 715]], [[631, 715]], [[630, 715]], [[629, 715]], [[628, 714]], [[627, 714]]]","[[[[616, 697], [617, 697], [618, 698], [618, 699], [619, 700], [620, 701], [620, 702], [621, 702], [622, 703], [623, 703], [624, 703], [625, 703], [626, 704], [626, 705], [626, 706], [626, 707], [626, 708], [626, 709], [627, 709], [628, 709], [629, 709], [630, 709], [631, 709], [632, 710], [633, 711], [633, 712], [634, 713], [635, 714], [636, 715], [637, 715], [637, 714], [637, 713], [638, 712], [639, 711], [639, 710], [639, 709], [639, 708], [640, 707], [641, 707], [642, 706], [643, 705], [644, 704], [645, 704], [646, 705], [647, 705], [648, 706], [648, 705], [648, 704], [647, 703], [647, 702], [646, 702], [646, 703], [645, 704], [644, 704], [643, 704], [642, 704], [641, 704], [640, 705], [639, 706], [638, 706], [637, 707], [636, 708], [635, 709], [634, 708], [633, 708], [632, 708], [631, 708], [630, 709], [629, 709], [628, 708], [628, 707], [627, 706], [626, 705], [626, 704], [625, 703], [624, 702], [623, 701], [622, 701], [621, 701], [620, 700], [619, 699], [618, 698], [617, 697]]], [], [[[596, 717], [597, 718], [596, 719], [595, 719], [596, 719], [597, 719], [598, 719], [599, 719], [600, 719], [601, 719], [602, 719], [603, 719], [604, 720], [605, 720], [606, 720], [607, 720], [606, 719], [605, 718], [604, 717], [603, 717], [602, 717], [601, 717], [600, 717], [599, 717], [598, 717], [597, 717]]], [[[647, 759], [647, 760], [647, 761], [647, 762], [647, 763], [648, 764], [649, 765], [650, 766], [650, 767], [650, 768], [650, 769], [650, 770], [650, 771], [651, 771], [652, 770], [653, 769], [653, 768], [652, 767], [651, 766], [650, 765], [650, 764], [649, 763], [649, 762], [648, 762], [647, 761], [647, 760]]]]","[115, [], 116, 117]"
69,69,"[[[516, 698]], [[515, 699]], [[514, 699]], [[513, 699]], [[512, 699]], [[511, 699]], [[510, 700]], [[509, 701]], [[508, 701]], [[507, 701]], [[506, 702]], [[505, 702]], [[504, 702]], [[503, 703]], [[502, 704]], [[501, 704]], [[500, 705]], [[499, 705]], [[499, 706]], [[498, 707]], [[497, 707]], [[496, 708]], [[496, 709]], [[496, 710]], [[495, 711]], [[494, 711]], [[493, 711]], [[494, 711]], [[495, 712]], [[495, 713]], [[495, 714]], [[494, 715]], [[495, 716]], [[495, 717]], [[495, 718]], [[495, 719]], [[495, 720]], [[494, 721]], [[494, 722]], [[493, 723]], [[493, 724]], [[493, 725]], [[493, 726]], [[492, 727]], [[493, 728]], [[493, 729]], [[492, 730]], [[493, 731]], [[493, 732]], [[493, 733]], [[492, 734]], [[492, 735]], [[492, 736]], [[493, 737]], [[492, 738]], [[492, 739]], [[493, 740]], [[493, 741]], [[492, 742]], [[491, 742]], [[490, 742]], [[491, 743]], [[491, 744]], [[491, 745]], [[490, 746]], [[489, 747]], [[488, 747]], [[487, 747]], [[486, 747]], [[485, 746]], [[484, 746]], [[483, 746]], [[482, 746]], [[481, 745]], [[480, 745]], [[479, 746]], [[479, 747]], [[479, 748]], [[478, 749]], [[478, 750]], [[478, 751]], [[478, 752]], [[477, 753]], [[477, 754]], [[476, 755]], [[476, 756]], [[475, 757]], [[474, 758]], [[473, 759]], [[472, 759]], [[471, 760]], [[470, 760]], [[469, 760]], [[468, 761]], [[467, 762]], [[466, 763]], [[465, 763]], [[464, 763]], [[464, 764]], [[464, 765]], [[463, 766]], [[462, 767]], [[461, 768]], [[460, 769]], [[459, 769]], [[458, 769]], [[457, 768]], [[456, 767]], [[455, 766]], [[455, 765]], [[454, 764]], [[454, 763]], [[454, 764]], [[453, 765]], [[452, 765]], [[451, 764]], [[451, 763]], [[450, 762]], [[450, 761]], [[450, 760]], [[450, 759]], [[450, 758]], [[449, 757]], [[448, 756]], [[448, 755]], [[447, 754]], [[447, 753]], [[446, 753]], [[445, 752]], [[444, 752]], [[443, 751]], [[442, 751]], [[441, 751]], [[440, 751]], [[439, 750]], [[438, 750]], [[437, 749]], [[436, 749]], [[435, 750]], [[434, 751]], [[433, 751]], [[433, 752]], [[433, 753]], [[432, 754]], [[431, 755]], [[430, 756]], [[429, 757]], [[428, 758]], [[428, 759]], [[428, 760]], [[428, 761]], [[428, 762]], [[428, 763]], [[427, 764]], [[426, 763]], [[425, 762]], [[425, 761]], [[424, 760]], [[423, 759]], [[422, 759]], [[421, 758]], [[420, 759]], [[419, 759]], [[418, 759]], [[417, 758]], [[416, 757]], [[416, 756]], [[415, 756]], [[414, 756]], [[413, 755]], [[412, 756]], [[411, 756]], [[410, 757]], [[410, 758]], [[409, 759]], [[408, 759]], [[407, 760]], [[406, 760]], [[405, 761]], [[404, 762]], [[403, 763]], [[402, 764]], [[401, 764]], [[400, 764]], [[399, 765]], [[398, 765]], [[397, 766]], [[396, 767]], [[395, 768]], [[395, 769]], [[394, 770]], [[393, 771]], [[393, 772]], [[393, 773]], [[393, 774]], [[392, 775]], [[392, 776]], [[393, 777]], [[393, 778]], [[392, 779]], [[393, 780]], [[394, 781]], [[395, 782]], [[395, 783]], [[396, 783]], [[397, 782]], [[398, 782]], [[399, 783]], [[400, 783]], [[401, 784]], [[401, 785]], [[402, 786]], [[403, 786]], [[404, 786]], [[405, 785]], [[406, 786]], [[406, 787]], [[407, 787]], [[408, 787]], [[409, 787]], [[410, 787]], [[411, 788]], [[412, 788]], [[413, 788]], [[414, 787]], [[415, 787]], [[416, 787]], [[417, 787]], [[418, 787]], [[419, 787]], [[420, 787]], [[421, 787]], [[422, 787]], [[423, 787]], [[424, 786]], [[425, 786]], [[426, 785]], [[427, 784]], [[428, 783]], [[428, 782]], [[428, 781]], [[428, 780]], [[428, 779]], [[429, 778]], [[429, 777]], [[430, 776]], [[430, 775]], [[430, 774]], [[430, 773]], [[431, 772]], [[432, 773]], [[433, 773]], [[434, 772]], [[435, 771]], [[436, 771]], [[437, 772]], [[438, 772]], [[439, 773]], [[440, 774]], [[441, 774]], [[442, 774]], [[443, 774]], [[444, 774]], [[445, 775]], [[446, 775]], [[447, 774]], [[448, 774]], [[449, 774]], [[449, 773]], [[449, 772]], [[450, 771]], [[451, 770]], [[452, 769]], [[453, 769]], [[454, 770]], [[454, 771]], [[453, 772]], [[453, 773]], [[453, 774]], [[453, 775]], [[453, 774]], [[454, 773]], [[455, 773]], [[456, 774]], [[457, 775]], [[458, 776]], [[459, 777]], [[459, 778]], [[459, 779]], [[460, 780]], [[460, 781]], [[460, 782]], [[460, 783]], [[461, 784]], [[461, 785]], [[461, 786]], [[461, 787]], [[460, 788]], [[459, 789]], [[459, 790]], [[459, 791]], [[458, 792]], [[457, 792]], [[456, 793]], [[456, 794]], [[455, 795]], [[454, 796]], [[454, 797]], [[454, 798]], [[454, 799]], [[454, 800]], [[455, 801]], [[455, 802]], [[455, 803]], [[454, 804]], [[455, 804]], [[456, 805]], [[456, 806]], [[456, 807]], [[455, 808]], [[454, 808]], [[453, 807]], [[452, 806]], [[451, 806]], [[450, 807]], [[449, 807]], [[448, 806]], [[447, 807]], [[446, 808]], [[445, 808]], [[444, 809]], [[443, 810]], [[442, 811]], [[441, 812]], [[440, 812]], [[441, 813]], [[441, 814]], [[440, 815]], [[440, 816]], [[440, 817]], [[439, 818]], [[438, 819]], [[437, 819]], [[437, 820]], [[437, 821]], [[437, 822]], [[438, 823]], [[438, 824]], [[438, 825]], [[437, 826]], [[437, 827]], [[437, 828]], [[437, 829]], [[437, 830]], [[436, 831]], [[436, 832]], [[436, 833]], [[435, 834]], [[435, 835]], [[434, 836]], [[433, 837]], [[432, 838]], [[432, 839]], [[432, 840]], [[433, 841]], [[433, 842]], [[434, 842]], [[435, 842]], [[436, 842]], [[437, 843]], [[438, 844]], [[439, 844]], [[440, 844]], [[441, 843]], [[442, 843]], [[443, 843]], [[444, 843]], [[445, 843]], [[446, 842]], [[447, 841]], [[448, 841]], [[449, 840]], [[450, 840]], [[451, 840]], [[452, 839]], [[453, 839]], [[454, 840]], [[455, 840]], [[456, 841]], [[457, 842]], [[458, 842]], [[459, 843]], [[460, 843]], [[461, 843]], [[462, 844]], [[463, 844]], [[464, 844]], [[465, 845]], [[466, 846]], [[467, 847]], [[467, 848]], [[468, 849]], [[468, 850]], [[468, 851]], [[469, 852]], [[470, 852]], [[471, 853]], [[472, 853]], [[473, 853]], [[474, 853]], [[475, 852]], [[476, 852]], [[477, 851]], [[477, 850]], [[478, 849]], [[479, 848]], [[480, 847]], [[480, 846]], [[481, 845]], [[482, 844]], [[483, 844]], [[484, 845]], [[485, 845]], [[486, 845]], [[487, 845]], [[488, 844]], [[489, 844]], [[490, 844]], [[491, 844]], [[492, 844]], [[493, 844]], [[494, 845]], [[495, 845]], [[496, 844]], [[497, 844]], [[498, 843]], [[499, 842]], [[500, 841]], [[501, 840]], [[501, 839]], [[502, 838]], [[503, 837]], [[503, 836]], [[504, 835]], [[504, 834]], [[504, 833]], [[504, 832]], [[505, 831]], [[505, 830]], [[505, 829]], [[505, 828]], [[506, 827]], [[506, 826]], [[506, 825]], [[506, 824]], [[506, 823]], [[506, 822]], [[506, 821]], [[506, 820]], [[505, 819]], [[506, 818]], [[507, 817]], [[508, 816]], [[508, 815]], [[509, 814]], [[510, 814]], [[511, 813]], [[511, 812]], [[511, 811]], [[512, 810]], [[512, 809]], [[513, 808]], [[513, 807]], [[513, 806]], [[513, 805]], [[513, 804]], [[513, 803]], [[513, 802]], [[513, 801]], [[512, 800]], [[512, 799]], [[512, 798]], [[511, 798]], [[510, 797]], [[509, 796]], [[508, 796]], [[507, 795]], [[506, 794]], [[505, 793]], [[504, 792]], [[503, 791]], [[502, 790]], [[501, 789]], [[500, 789]], [[499, 788]], [[498, 788]], [[497, 788]], [[496, 787]], [[496, 786]], [[495, 785]], [[494, 784]], [[493, 783]], [[492, 782]], [[491, 781]], [[491, 780]], [[490, 779]], [[490, 778]], [[490, 777]], [[490, 776]], [[491, 775]], [[492, 774]], [[492, 773]], [[493, 772]], [[494, 771]], [[495, 770]], [[495, 769]], [[495, 768]], [[494, 767]], [[495, 766]], [[495, 765]], [[496, 764]], [[497, 763]], [[498, 764]], [[499, 764]], [[500, 765]], [[501, 765]], [[502, 766]], [[503, 766]], [[504, 765]], [[505, 765]], [[506, 765]], [[507, 765]], [[508, 766]], [[509, 766]], [[510, 766]], [[511, 766]], [[512, 766]], [[513, 767]], [[514, 767]], [[515, 767]], [[516, 766]], [[517, 767]], [[518, 768]], [[517, 769]], [[516, 769]], [[515, 770]], [[514, 771]], [[513, 771]], [[512, 772]], [[511, 773]], [[510, 773]], [[509, 773]], [[508, 773]], [[507, 773]], [[506, 774]], [[506, 775]], [[506, 776]], [[506, 777]], [[506, 778]], [[506, 779]], [[506, 780]], [[506, 781]], [[505, 782]], [[505, 783]], [[506, 784]], [[506, 785]], [[507, 786]], [[507, 787]], [[508, 788]], [[508, 789]], [[509, 788]], [[510, 789]], [[511, 789]], [[512, 789]], [[513, 790]], [[513, 789]], [[514, 788]], [[515, 788]], [[516, 788]], [[517, 788]], [[518, 788]], [[519, 788]], [[520, 788]], [[521, 787]], [[522, 786]], [[523, 786]], [[524, 786]], [[525, 786]], [[526, 786]], [[527, 787]], [[528, 788]], [[528, 789]], [[529, 789]], [[530, 788]], [[531, 788]], [[532, 788]], [[533, 788]], [[534, 788]], [[535, 789]], [[536, 789]], [[537, 789]], [[538, 788]], [[539, 788]], [[540, 788]], [[541, 788]], [[542, 788]], [[543, 788]], [[544, 788]], [[545, 788]], [[546, 788]], [[547, 788]], [[548, 787]], [[549, 787]], [[550, 786]], [[551, 785]], [[552, 784]], [[552, 783]], [[553, 782]], [[553, 781]], [[553, 780]], [[553, 779]], [[553, 778]], [[553, 777]], [[553, 776]], [[553, 775]], [[553, 774]], [[553, 773]], [[552, 772]], [[552, 771]], [[553, 770]], [[554, 769]], [[555, 769]], [[556, 769]], [[557, 768]], [[557, 767]], [[557, 766]], [[557, 765]], [[557, 764]], [[557, 763]], [[557, 762]], [[558, 761]], [[557, 760]], [[558, 759]], [[558, 758]], [[558, 757]], [[558, 756]], [[559, 755]], [[559, 754]], [[559, 753]], [[559, 752]], [[559, 751]], [[559, 750]], [[559, 749]], [[559, 748]], [[559, 747]], [[558, 747]], [[557, 747]], [[556, 747]], [[555, 746]], [[555, 745]], [[556, 744]], [[557, 744]], [[557, 743]], [[558, 742]], [[559, 741]], [[559, 740]], [[559, 739]], [[559, 738]], [[558, 737]], [[558, 736]], [[557, 735]], [[557, 734]], [[557, 733]], [[556, 732]], [[556, 731]], [[555, 730]], [[555, 729]], [[554, 728]], [[553, 728]], [[552, 728]], [[551, 728]], [[550, 728]], [[549, 729]], [[548, 729]], [[548, 730]], [[547, 731]], [[546, 731]], [[545, 730]], [[545, 729]], [[545, 728]], [[544, 727]], [[544, 726]], [[544, 725]], [[544, 724]], [[544, 723]], [[543, 722]], [[542, 722]], [[541, 721]], [[541, 720]], [[541, 719]], [[541, 718]], [[540, 717]], [[540, 716]], [[540, 715]], [[540, 714]], [[540, 713]], [[539, 712]], [[539, 711]], [[538, 710]], [[538, 709]], [[538, 708]], [[537, 707]], [[536, 706]], [[535, 706]], [[534, 705]], [[533, 705]], [[532, 704]], [[531, 703]], [[530, 703]], [[529, 702]], [[528, 702]], [[527, 701]], [[526, 700]], [[525, 700]], [[524, 699]], [[523, 699]], [[522, 699]], [[521, 699]], [[520, 699]], [[519, 698]], [[518, 698]], [[517, 698]]]","[[], [[[442, 747], [441, 748], [440, 748], [440, 749], [441, 749], [442, 750], [443, 750], [444, 751], [445, 751], [446, 752], [447, 752], [448, 753], [448, 754], [449, 755], [449, 756], [450, 757], [451, 758], [451, 759], [451, 760], [451, 761], [451, 762], [452, 763], [452, 764], [453, 764], [453, 763], [454, 762], [455, 761], [455, 760], [454, 760], [453, 759], [452, 759], [451, 758], [451, 757], [451, 756], [450, 755], [449, 754], [449, 753], [449, 752], [448, 752], [447, 751], [446, 751], [445, 750], [444, 750], [443, 750], [442, 749], [442, 748]]], [[[406, 789], [405, 790], [404, 791], [404, 792], [405, 793], [406, 794], [406, 795], [406, 796], [406, 797], [407, 797], [408, 797], [409, 797], [410, 797], [411, 798], [411, 799], [411, 798], [410, 797], [409, 797], [408, 796], [408, 795], [408, 794], [407, 793], [406, 792], [406, 791], [407, 790], [408, 790], [409, 790], [410, 789], [409, 789], [408, 789], [407, 789]]], [[[413, 789], [412, 790], [412, 791], [413, 791], [414, 792], [415, 792], [416, 793], [417, 794], [418, 795], [418, 796], [418, 797], [419, 798], [419, 799], [419, 800], [419, 801], [418, 802], [417, 802], [418, 802], [419, 802], [420, 801], [421, 800], [422, 800], [423, 799], [422, 799], [421, 799], [420, 799], [419, 798], [420, 797], [421, 796], [421, 795], [421, 794], [420, 793], [420, 792], [421, 791], [420, 791], [419, 791], [418, 792], [417, 792], [416, 792], [415, 792], [414, 791], [414, 790]]], [[[440, 787], [440, 788], [441, 789], [441, 790], [442, 791], [442, 792], [442, 793], [443, 794], [444, 795], [443, 796], [442, 797], [441, 798], [440, 799], [440, 800], [439, 801], [438, 802], [439, 803], [439, 804], [439, 805], [439, 806], [440, 806], [441, 806], [442, 806], [443, 807], [443, 808], [444, 808], [444, 807], [443, 807], [442, 806], [441, 805], [440, 805], [439, 804], [439, 803], [440, 802], [441, 802], [441, 801], [442, 800], [442, 799], [443, 798], [444, 798], [445, 797], [446, 796], [446, 795], [446, 794], [445, 793], [446, 792], [446, 791], [447, 790], [448, 790], [449, 789], [448, 789], [447, 789], [446, 788], [445, 788], [444, 788], [443, 787], [442, 787], [441, 787]]], [[[431, 829], [431, 830], [431, 831], [431, 832], [431, 833], [432, 834], [432, 835], [431, 836], [431, 837], [430, 838], [431, 839], [431, 840], [431, 841], [431, 842], [431, 843], [432, 843], [431, 842], [431, 841], [431, 840], [431, 839], [431, 838], [432, 837], [433, 836], [434, 835], [434, 834], [435, 833], [435, 832], [435, 831], [434, 830], [433, 829], [432, 829]]], [[[522, 787], [522, 788], [522, 789], [521, 790], [520, 789], [519, 789], [518, 789], [517, 789], [516, 789], [515, 789], [515, 790], [515, 791], [514, 792], [513, 792], [512, 791], [511, 791], [510, 791], [511, 792], [512, 792], [513, 792], [514, 792], [515, 792], [516, 792], [517, 793], [517, 792], [518, 791], [519, 791], [520, 790], [521, 790], [522, 789], [523, 789], [524, 789], [525, 789], [526, 788], [527, 789], [528, 790], [527, 789], [527, 788], [526, 787], [525, 787], [524, 787], [523, 787]]], [[[559, 743], [558, 744], [557, 745], [556, 745], [556, 746], [557, 746], [558, 746], [559, 746], [560, 746], [561, 745], [562, 745], [563, 744], [564, 744], [565, 744], [566, 745], [566, 746], [566, 747], [567, 747], [568, 746], [568, 745], [568, 744], [568, 743], [567, 743], [566, 743], [565, 744], [564, 743], [563, 743], [562, 744], [561, 744], [560, 744]]], [[[555, 722], [554, 723], [553, 723], [552, 724], [552, 725], [551, 726], [551, 727], [552, 727], [553, 727], [554, 727], [555, 728], [556, 729], [556, 730], [557, 731], [557, 732], [558, 733], [558, 734], [558, 735], [559, 734], [558, 733], [558, 732], [558, 731], [558, 730], [559, 729], [560, 728], [561, 728], [561, 727], [562, 726], [562, 725], [562, 724], [562, 723], [561, 723], [561, 724], [561, 725], [560, 726], [559, 726], [558, 727], [557, 727], [556, 726], [557, 725], [557, 724], [557, 723], [557, 722], [556, 722]]]]","[[], 118, 119, 120, 121, 122, 123, 124, 125]"
70,70,"[[[745, 688]], [[744, 689]], [[743, 690]], [[742, 691]], [[741, 691]], [[740, 692]], [[739, 693]], [[738, 694]], [[737, 694]], [[736, 695]], [[736, 696]], [[735, 697]], [[734, 698]], [[733, 698]], [[733, 699]], [[734, 700]], [[733, 701]], [[732, 702]], [[731, 702]], [[731, 703]], [[730, 704]], [[729, 704]], [[728, 704]], [[727, 704]], [[726, 704]], [[725, 705]], [[724, 705]], [[723, 706]], [[722, 705]], [[722, 706]], [[721, 707]], [[721, 708]], [[722, 709]], [[722, 710]], [[721, 711]], [[720, 712]], [[719, 712]], [[718, 713]], [[718, 714]], [[718, 715]], [[718, 716]], [[718, 717]], [[718, 718]], [[719, 719]], [[720, 720]], [[720, 721]], [[720, 722]], [[721, 723]], [[722, 724]], [[722, 725]], [[722, 726]], [[723, 727]], [[723, 728]], [[723, 729]], [[724, 730]], [[724, 731]], [[724, 732]], [[725, 733]], [[726, 733]], [[727, 734]], [[728, 734]], [[729, 734]], [[730, 734]], [[731, 733]], [[732, 733]], [[733, 733]], [[734, 733]], [[735, 732]], [[735, 731]], [[736, 730]], [[737, 729]], [[738, 728]], [[739, 727]], [[740, 726]], [[741, 725]], [[741, 724]], [[741, 723]], [[742, 722]], [[743, 723]], [[743, 724]], [[743, 725]], [[744, 725]], [[745, 724]], [[746, 724]], [[747, 723]], [[747, 722]], [[746, 722]], [[745, 721]], [[745, 720]], [[745, 719]], [[745, 718]], [[746, 717]], [[747, 716]], [[748, 715]], [[749, 714]], [[750, 714]], [[751, 714]], [[752, 714]], [[751, 713]], [[751, 712]], [[751, 711]], [[752, 710]], [[753, 710]], [[753, 709]], [[754, 708]], [[755, 707]], [[756, 706]], [[756, 705]], [[757, 704]], [[758, 703]], [[759, 702]], [[760, 701]], [[760, 700]], [[760, 699]], [[760, 698]], [[760, 697]], [[760, 696]], [[759, 695]], [[759, 694]], [[759, 693]], [[758, 693]], [[757, 692]], [[756, 692]], [[755, 691]], [[754, 690]], [[753, 689]], [[752, 689]], [[751, 689]], [[750, 689]], [[749, 689]], [[748, 688]], [[747, 688]], [[746, 688]]]","[[[[745, 686], [744, 687], [743, 688], [742, 688], [741, 689], [740, 689], [739, 689], [738, 689], [739, 690], [739, 691], [739, 692], [738, 693], [739, 692], [740, 691], [741, 690], [742, 690], [743, 689], [744, 688], [745, 687], [746, 687], [747, 687], [748, 687], [749, 688], [750, 688], [751, 688], [752, 688], [753, 688], [754, 688], [755, 688], [755, 687], [754, 687], [753, 688], [752, 688], [751, 687], [750, 687], [749, 687], [748, 686], [747, 686], [746, 686]]], [], [[[718, 698], [717, 699], [716, 700], [715, 701], [716, 701], [717, 701], [718, 702], [719, 703], [720, 702], [721, 702], [722, 702], [723, 703], [723, 704], [724, 704], [725, 704], [726, 703], [727, 703], [728, 703], [729, 703], [730, 703], [730, 702], [731, 701], [732, 701], [732, 700], [731, 701], [730, 702], [729, 702], [728, 702], [727, 702], [726, 702], [725, 702], [724, 701], [723, 702], [722, 702], [721, 702], [720, 701], [720, 700], [719, 699], [719, 698]]], [[[716, 706], [715, 707], [715, 708], [716, 709], [716, 710], [716, 711], [716, 712], [716, 713], [716, 714], [716, 715], [716, 716], [716, 717], [717, 718], [717, 719], [718, 720], [719, 720], [718, 719], [717, 718], [717, 717], [717, 716], [717, 715], [717, 714], [717, 713], [718, 712], [719, 711], [720, 711], [721, 710], [721, 709], [720, 708], [720, 707], [720, 706], [719, 706], [718, 706], [717, 706]]], [[[742, 723], [742, 724], [742, 725], [741, 726], [740, 727], [739, 728], [738, 729], [737, 730], [736, 731], [736, 732], [737, 732], [738, 732], [739, 732], [740, 732], [741, 733], [742, 734], [743, 734], [743, 733], [743, 732], [744, 731], [745, 731], [746, 731], [746, 730], [745, 729], [744, 728], [744, 727], [743, 726], [742, 725], [742, 724]]], [[[749, 715], [748, 716], [747, 717], [746, 718], [746, 719], [746, 720], [746, 721], [747, 720], [747, 719], [747, 718], [748, 717], [749, 716], [750, 716], [751, 716], [752, 716], [753, 717], [753, 718], [754, 719], [754, 720], [754, 721], [753, 722], [752, 722], [751, 723], [750, 723], [749, 724], [748, 725], [749, 726], [750, 727], [749, 728], [749, 729], [750, 729], [751, 728], [752, 728], [753, 727], [753, 726], [754, 725], [754, 724], [755, 723], [756, 722], [756, 721], [756, 720], [755, 719], [755, 718], [755, 717], [755, 716], [754, 716], [753, 715], [752, 716], [751, 715], [750, 715]]]]","[126, [], 127, 128, 129, 130]"
71,71,"[[[402, 682]], [[401, 683]], [[400, 684]], [[400, 685]], [[400, 686]], [[399, 687]], [[399, 688]], [[399, 689]], [[399, 690]], [[399, 691]], [[400, 692]], [[401, 693]], [[402, 693]], [[403, 694]], [[404, 694]], [[405, 693]], [[406, 693]], [[407, 693]], [[408, 692]], [[408, 691]], [[409, 690]], [[409, 689]], [[409, 688]], [[409, 687]], [[409, 686]], [[408, 685]], [[408, 684]], [[407, 683]], [[406, 682]], [[405, 682]], [[404, 682]], [[403, 682]]]",[[]],[]
72,72,"[[[183, 682]], [[182, 683]], [[182, 684]], [[182, 685]], [[182, 686]], [[182, 687]], [[183, 688]], [[183, 689]], [[182, 690]], [[181, 691]], [[180, 691]], [[179, 692]], [[178, 693]], [[177, 693]], [[176, 694]], [[175, 694]], [[174, 694]], [[173, 695]], [[172, 695]], [[171, 695]], [[170, 695]], [[169, 695]], [[168, 695]], [[167, 695]], [[166, 695]], [[165, 696]], [[164, 697]], [[163, 698]], [[162, 699]], [[162, 700]], [[162, 701]], [[162, 702]], [[161, 703]], [[162, 704]], [[162, 705]], [[162, 706]], [[162, 707]], [[162, 708]], [[162, 709]], [[161, 710]], [[160, 711]], [[159, 712]], [[158, 712]], [[157, 713]], [[156, 713]], [[155, 714]], [[154, 714]], [[153, 714]], [[152, 715]], [[151, 716]], [[151, 717]], [[151, 718]], [[151, 719]], [[151, 720]], [[151, 721]], [[150, 722]], [[150, 723]], [[151, 724]], [[152, 725]], [[153, 726]], [[153, 727]], [[153, 728]], [[154, 729]], [[155, 730]], [[155, 731]], [[155, 732]], [[155, 733]], [[156, 733]], [[157, 734]], [[158, 734]], [[159, 735]], [[160, 736]], [[161, 736]], [[162, 736]], [[163, 736]], [[164, 736]], [[165, 737]], [[166, 737]], [[167, 738]], [[168, 738]], [[169, 738]], [[170, 738]], [[170, 737]], [[171, 736]], [[172, 736]], [[172, 735]], [[173, 734]], [[174, 734]], [[174, 733]], [[175, 732]], [[176, 732]], [[177, 731]], [[178, 730]], [[179, 730]], [[179, 729]], [[180, 728]], [[180, 727]], [[181, 726]], [[182, 726]], [[183, 725]], [[184, 725]], [[184, 724]], [[184, 723]], [[184, 722]], [[184, 721]], [[184, 720]], [[183, 719]], [[182, 718]], [[181, 717]], [[181, 716]], [[180, 716]], [[179, 716]], [[178, 715]], [[178, 714]], [[177, 714]], [[176, 713]], [[177, 712]], [[178, 712]], [[179, 711]], [[180, 711]], [[181, 710]], [[182, 709]], [[183, 709]], [[183, 708]], [[184, 707]], [[185, 707]], [[186, 707]], [[187, 707]], [[188, 707]], [[189, 706]], [[190, 706]], [[190, 705]], [[191, 704]], [[192, 704]], [[193, 705]], [[193, 706]], [[193, 707]], [[193, 708]], [[193, 709]], [[193, 710]], [[194, 710]], [[195, 710]], [[196, 709]], [[197, 708]], [[197, 707]], [[196, 706]], [[197, 705]], [[198, 705]], [[197, 704]], [[196, 703]], [[195, 703]], [[194, 702]], [[193, 702]], [[192, 701]], [[191, 701]], [[190, 700]], [[190, 699]], [[191, 698]], [[190, 697]], [[190, 696]], [[190, 695]], [[189, 694]], [[188, 693]], [[188, 692]], [[188, 691]], [[188, 690]], [[188, 689]], [[188, 688]], [[188, 687]], [[187, 686]], [[186, 685]], [[185, 684]], [[185, 683]], [[184, 682]]]","[[], [[[184, 726], [184, 727], [185, 727], [186, 727], [187, 727], [188, 728], [188, 729], [188, 730], [187, 731], [186, 732], [186, 733], [187, 734], [188, 735], [188, 736], [188, 737], [189, 737], [190, 738], [190, 737], [190, 736], [190, 735], [190, 734], [190, 733], [190, 732], [190, 731], [190, 730], [190, 729], [191, 728], [191, 727], [190, 727], [189, 727], [188, 727], [187, 727], [186, 726], [185, 726]]]]","[[], 131]"
73,73,"[[[60, 681]], [[60, 682]], [[59, 683]], [[58, 684]], [[57, 684]], [[56, 685]], [[55, 686]], [[54, 687]], [[53, 688]], [[52, 689]], [[52, 690]], [[52, 691]], [[52, 692]], [[52, 693]], [[52, 694]], [[52, 695]], [[52, 696]], [[51, 697]], [[50, 698]], [[49, 698]], [[48, 699]], [[47, 700]], [[46, 700]], [[46, 701]], [[45, 702]], [[44, 702]], [[43, 703]], [[42, 703]], [[42, 704]], [[41, 705]], [[41, 706]], [[40, 707]], [[40, 708]], [[41, 709]], [[40, 710]], [[39, 711]], [[38, 711]], [[37, 711]], [[36, 711]], [[35, 712]], [[34, 712]], [[33, 713]], [[32, 713]], [[31, 714]], [[30, 715]], [[29, 715]], [[29, 716]], [[28, 717]], [[28, 718]], [[27, 719]], [[27, 720]], [[26, 721]], [[26, 722]], [[26, 723]], [[26, 724]], [[26, 725]], [[26, 726]], [[26, 727]], [[26, 728]], [[27, 729]], [[27, 730]], [[27, 731]], [[27, 732]], [[27, 733]], [[28, 734]], [[29, 735]], [[29, 736]], [[30, 737]], [[30, 738]], [[30, 739]], [[30, 740]], [[30, 741]], [[31, 741]], [[32, 742]], [[33, 742]], [[34, 742]], [[35, 742]], [[36, 742]], [[37, 742]], [[38, 741]], [[39, 740]], [[40, 739]], [[41, 740]], [[42, 741]], [[42, 742]], [[41, 743]], [[41, 744]], [[41, 745]], [[41, 746]], [[41, 747]], [[40, 748]], [[40, 749]], [[40, 750]], [[40, 751]], [[39, 752]], [[39, 753]], [[39, 754]], [[39, 755]], [[39, 756]], [[38, 757]], [[38, 758]], [[38, 759]], [[38, 760]], [[38, 761]], [[38, 762]], [[38, 763]], [[38, 764]], [[38, 765]], [[38, 766]], [[37, 767]], [[36, 767]], [[35, 767]], [[36, 767]], [[37, 768]], [[36, 769]], [[37, 770]], [[37, 771]], [[37, 772]], [[37, 773]], [[38, 772]], [[39, 772]], [[40, 772]], [[41, 772]], [[42, 773]], [[43, 773]], [[44, 774]], [[45, 774]], [[46, 775]], [[47, 776]], [[48, 776]], [[49, 776]], [[50, 777]], [[51, 777]], [[52, 777]], [[53, 777]], [[54, 777]], [[55, 777]], [[56, 777]], [[57, 777]], [[58, 777]], [[59, 777]], [[60, 778]], [[61, 778]], [[62, 778]], [[63, 777]], [[64, 777]], [[65, 777]], [[66, 777]], [[67, 777]], [[68, 777]], [[69, 776]], [[70, 775]], [[71, 774]], [[71, 773]], [[72, 772]], [[73, 771]], [[73, 770]], [[74, 769]], [[75, 768]], [[76, 768]], [[77, 767]], [[78, 766]], [[79, 766]], [[80, 765]], [[81, 765]], [[82, 765]], [[83, 766]], [[84, 766]], [[85, 767]], [[86, 767]], [[87, 767]], [[88, 768]], [[89, 768]], [[90, 768]], [[91, 769]], [[92, 769]], [[93, 770]], [[94, 770]], [[95, 771]], [[96, 770]], [[97, 771]], [[98, 771]], [[99, 771]], [[100, 771]], [[101, 771]], [[102, 771]], [[103, 771]], [[104, 771]], [[105, 771]], [[106, 771]], [[107, 771]], [[108, 771]], [[109, 771]], [[110, 771]], [[111, 770]], [[112, 770]], [[113, 770]], [[114, 770]], [[115, 769]], [[116, 768]], [[115, 767]], [[115, 766]], [[116, 765]], [[115, 764]], [[115, 763]], [[115, 762]], [[115, 761]], [[115, 760]], [[116, 759]], [[116, 758]], [[116, 757]], [[116, 756]], [[115, 755]], [[114, 754]], [[113, 753]], [[112, 752]], [[111, 752]], [[110, 751]], [[109, 750]], [[108, 749]], [[107, 748]], [[107, 747]], [[106, 746]], [[105, 746]], [[104, 746]], [[103, 745]], [[102, 744]], [[101, 744]], [[100, 744]], [[99, 744]], [[98, 743]], [[97, 742]], [[96, 741]], [[95, 740]], [[94, 740]], [[93, 739]], [[93, 738]], [[94, 737]], [[95, 737]], [[96, 737]], [[96, 736]], [[97, 735]], [[97, 734]], [[97, 733]], [[97, 732]], [[97, 731]], [[97, 730]], [[97, 729]], [[97, 728]], [[98, 727]], [[97, 726]], [[97, 725]], [[97, 724]], [[96, 723]], [[96, 722]], [[96, 721]], [[95, 720]], [[94, 719]], [[94, 718]], [[94, 717]], [[93, 717]], [[92, 716]], [[91, 716]], [[90, 716]], [[89, 716]], [[88, 715]], [[87, 715]], [[86, 714]], [[85, 713]], [[84, 712]], [[84, 711]], [[83, 710]], [[83, 709]], [[82, 708]], [[81, 708]], [[80, 708]], [[79, 708]], [[78, 707]], [[77, 707]], [[76, 707]], [[75, 707]], [[74, 708]], [[73, 708]], [[72, 709]], [[71, 709]], [[70, 708]], [[69, 707]], [[68, 707]], [[67, 706]], [[66, 706]], [[65, 706]], [[64, 706]], [[63, 705]], [[63, 704]], [[63, 703]], [[63, 702]], [[62, 701]], [[63, 700]], [[64, 699]], [[65, 699]], [[65, 698]], [[66, 697]], [[65, 698]], [[64, 699]], [[63, 699]], [[62, 699]], [[61, 699]], [[60, 698]], [[59, 699]], [[58, 698]], [[58, 697]], [[58, 696]], [[58, 695]], [[59, 694]], [[60, 694]], [[61, 693]], [[62, 693]], [[63, 693]], [[64, 693]], [[65, 693]], [[66, 693]], [[67, 693]], [[68, 693]], [[69, 693]], [[70, 694]], [[71, 695]], [[72, 696]], [[73, 695]], [[73, 694]], [[74, 693]], [[75, 693]], [[76, 693]], [[77, 692]], [[78, 691]], [[78, 690]], [[78, 689]], [[78, 688]], [[77, 687]], [[77, 686]], [[76, 686]], [[75, 686]], [[74, 686]], [[73, 686]], [[72, 686]], [[71, 686]], [[70, 687]], [[69, 688]], [[68, 687]], [[67, 687]], [[66, 686]], [[65, 685]], [[65, 684]], [[64, 683]], [[63, 682]], [[62, 682]], [[61, 682]]]","[[[[52, 667], [52, 668], [53, 668], [54, 669], [54, 670], [54, 671], [53, 672], [53, 673], [53, 674], [54, 675], [54, 676], [55, 677], [54, 678], [53, 679], [53, 680], [53, 681], [52, 682], [51, 683], [52, 684], [52, 685], [53, 685], [53, 684], [53, 683], [54, 682], [55, 682], [56, 683], [56, 684], [57, 683], [58, 683], [58, 682], [59, 681], [60, 680], [61, 681], [62, 681], [63, 681], [64, 682], [65, 683], [66, 684], [66, 685], [67, 686], [68, 686], [69, 687], [70, 686], [71, 685], [72, 685], [73, 685], [74, 685], [75, 685], [76, 684], [77, 683], [78, 682], [79, 681], [80, 681], [81, 681], [82, 681], [82, 680], [81, 680], [80, 680], [79, 680], [78, 679], [77, 678], [77, 677], [76, 677], [75, 677], [74, 677], [73, 678], [72, 679], [71, 678], [70, 678], [69, 677], [68, 677], [67, 677], [66, 678], [66, 679], [65, 680], [64, 680], [63, 680], [62, 679], [61, 679], [60, 678], [59, 677], [58, 676], [58, 675], [57, 675], [56, 674], [56, 673], [57, 672], [57, 671], [57, 670], [57, 669], [57, 668], [56, 668], [55, 668], [54, 667], [53, 667]]], [], [[[27, 713], [26, 714], [25, 715], [24, 715], [23, 716], [22, 717], [21, 717], [20, 717], [19, 717], [18, 717], [18, 718], [18, 719], [19, 719], [20, 720], [21, 721], [22, 720], [22, 719], [23, 718], [24, 717], [25, 718], [26, 719], [26, 720], [26, 719], [27, 718], [27, 717], [28, 716], [28, 715], [28, 714], [28, 713]]], [[[37, 754], [36, 755], [35, 755], [34, 756], [35, 757], [35, 758], [35, 759], [34, 760], [34, 761], [34, 762], [33, 763], [32, 764], [31, 764], [31, 765], [32, 765], [33, 765], [34, 766], [35, 766], [36, 766], [37, 766], [37, 765], [37, 764], [37, 763], [37, 762], [37, 761], [37, 760], [37, 759], [37, 758], [37, 757], [38, 756], [38, 755], [38, 754]]], [[[128, 759], [128, 760], [128, 761], [129, 762], [129, 763], [129, 764], [128, 765], [128, 766], [127, 767], [127, 768], [126, 769], [125, 769], [124, 769], [123, 770], [124, 771], [123, 772], [122, 772], [121, 771], [120, 771], [119, 771], [118, 770], [117, 770], [116, 770], [115, 771], [114, 772], [114, 773], [113, 774], [112, 774], [111, 774], [110, 773], [109, 773], [108, 772], [107, 772], [107, 773], [107, 774], [107, 775], [107, 776], [106, 777], [106, 778], [106, 779], [106, 780], [105, 781], [104, 780], [103, 779], [103, 778], [103, 777], [102, 776], [101, 775], [101, 774], [100, 773], [99, 773], [98, 773], [97, 773], [97, 774], [96, 775], [95, 776], [94, 776], [93, 776], [92, 775], [91, 774], [90, 774], [89, 774], [90, 775], [91, 775], [92, 775], [93, 776], [93, 777], [94, 778], [95, 778], [96, 777], [96, 776], [96, 775], [97, 774], [98, 774], [99, 775], [100, 775], [101, 775], [102, 776], [102, 777], [102, 778], [102, 779], [101, 780], [101, 781], [102, 781], [103, 781], [104, 781], [105, 781], [106, 781], [107, 781], [108, 780], [108, 779], [107, 778], [108, 777], [108, 776], [109, 775], [110, 774], [111, 775], [111, 776], [111, 777], [110, 778], [111, 778], [112, 778], [113, 777], [114, 776], [115, 776], [116, 775], [116, 774], [116, 773], [117, 772], [118, 772], [119, 772], [120, 772], [121, 772], [122, 773], [123, 773], [124, 773], [125, 773], [126, 773], [127, 774], [128, 775], [129, 775], [129, 774], [128, 774], [127, 773], [127, 772], [127, 771], [127, 770], [128, 769], [128, 768], [128, 767], [129, 766], [129, 765], [130, 764], [130, 763], [130, 762], [129, 761], [129, 760], [129, 759]]]]","[132, [], 133, 134, 98]"
74,74,"[[[793, 663]], [[792, 664]], [[791, 664]], [[790, 665]], [[790, 666]], [[789, 667]], [[789, 668]], [[789, 669]], [[789, 670]], [[788, 671]], [[788, 672]], [[789, 672]], [[790, 673]], [[789, 674]], [[789, 675]], [[789, 676]], [[788, 677]], [[787, 678]], [[787, 679]], [[786, 680]], [[786, 681]], [[786, 682]], [[786, 683]], [[786, 684]], [[785, 685]], [[785, 686]], [[786, 687]], [[786, 688]], [[786, 689]], [[787, 690]], [[787, 691]], [[788, 692]], [[789, 692]], [[790, 693]], [[791, 693]], [[792, 693]], [[793, 693]], [[794, 693]], [[795, 692]], [[796, 692]], [[797, 691]], [[798, 691]], [[799, 690]], [[799, 689]], [[799, 688]], [[800, 687]], [[800, 686]], [[800, 685]], [[800, 684]], [[800, 683]], [[801, 682]], [[801, 681]], [[801, 680]], [[802, 679]], [[802, 678]], [[803, 677]], [[803, 676]], [[803, 675]], [[803, 674]], [[803, 673]], [[803, 672]], [[803, 671]], [[803, 670]], [[804, 669]], [[804, 668]], [[804, 667]], [[803, 666]], [[802, 666]], [[801, 665]], [[800, 665]], [[799, 665]], [[798, 665]], [[797, 664]], [[796, 663]], [[795, 663]], [[794, 663]]]",[[]],[]
75,75,"[[[451, 662]], [[450, 663]], [[449, 663]], [[449, 664]], [[448, 665]], [[447, 665]], [[446, 666]], [[445, 666]], [[444, 667]], [[443, 667]], [[442, 667]], [[441, 667]], [[440, 667]], [[439, 667]], [[438, 667]], [[437, 666]], [[436, 667]], [[436, 668]], [[435, 669]], [[435, 670]], [[435, 671]], [[434, 672]], [[434, 673]], [[434, 674]], [[434, 675]], [[434, 676]], [[434, 677]], [[433, 678]], [[433, 679]], [[433, 680]], [[433, 681]], [[433, 682]], [[433, 683]], [[433, 684]], [[433, 685]], [[434, 686]], [[434, 687]], [[434, 688]], [[433, 689]], [[432, 689]], [[431, 689]], [[430, 688]], [[429, 688]], [[428, 688]], [[427, 688]], [[426, 689]], [[425, 690]], [[425, 691]], [[425, 692]], [[424, 693]], [[424, 694]], [[424, 695]], [[424, 696]], [[424, 697]], [[424, 698]], [[424, 699]], [[424, 700]], [[424, 701]], [[425, 702]], [[426, 703]], [[426, 704]], [[427, 705]], [[427, 706]], [[428, 706]], [[429, 707]], [[430, 707]], [[431, 708]], [[432, 709]], [[433, 710]], [[434, 710]], [[435, 711]], [[436, 710]], [[437, 710]], [[438, 710]], [[439, 711]], [[439, 712]], [[440, 713]], [[441, 713]], [[442, 713]], [[443, 713]], [[444, 712]], [[445, 712]], [[446, 711]], [[447, 710]], [[447, 709]], [[447, 708]], [[448, 707]], [[449, 708]], [[450, 707]], [[451, 707]], [[451, 706]], [[452, 705]], [[453, 705]], [[454, 704]], [[455, 703]], [[454, 702]], [[454, 701]], [[454, 700]], [[454, 699]], [[455, 698]], [[455, 697]], [[455, 696]], [[455, 695]], [[456, 694]], [[456, 693]], [[457, 692]], [[458, 691]], [[459, 690]], [[460, 690]], [[461, 690]], [[462, 690]], [[463, 690]], [[464, 689]], [[465, 689]], [[466, 688]], [[467, 688]], [[468, 688]], [[469, 687]], [[470, 686]], [[470, 685]], [[471, 684]], [[472, 683]], [[472, 682]], [[473, 681]], [[473, 680]], [[473, 679]], [[473, 678]], [[473, 677]], [[473, 676]], [[473, 675]], [[473, 674]], [[472, 673]], [[471, 672]], [[470, 672]], [[469, 671]], [[468, 670]], [[467, 670]], [[466, 669]], [[465, 668]], [[464, 667]], [[463, 667]], [[462, 667]], [[461, 667]], [[460, 666]], [[459, 665]], [[458, 664]], [[458, 663]], [[458, 662]], [[457, 662]], [[456, 662]], [[455, 662]], [[454, 662]], [[453, 662]], [[452, 662]]]","[[[[443, 659], [442, 660], [442, 661], [442, 662], [441, 663], [440, 663], [439, 663], [438, 664], [437, 664], [436, 663], [435, 663], [435, 664], [435, 665], [435, 666], [435, 667], [436, 666], [437, 665], [438, 664], [439, 665], [440, 665], [441, 664], [442, 664], [443, 664], [444, 665], [445, 665], [446, 665], [447, 664], [448, 664], [448, 663], [449, 662], [450, 662], [451, 661], [450, 661], [449, 662], [448, 663], [447, 664], [446, 665], [445, 664], [444, 664], [443, 663], [444, 662], [444, 661], [445, 660], [446, 660], [445, 659], [444, 659]]], [], [[[426, 681], [426, 682], [425, 683], [424, 683], [424, 684], [424, 685], [425, 685], [426, 685], [427, 686], [426, 687], [427, 687], [428, 687], [429, 687], [430, 687], [431, 687], [432, 688], [433, 688], [433, 687], [433, 686], [432, 687], [431, 687], [430, 687], [429, 686], [428, 685], [427, 685], [426, 684], [426, 683], [427, 682]]]]","[136, [], 137]"
76,76,"[[[541, 657]], [[540, 658]], [[539, 658]], [[538, 658]], [[537, 659]], [[536, 659]], [[535, 659]], [[535, 660]], [[534, 661]], [[534, 662]], [[533, 663]], [[532, 664]], [[531, 665]], [[530, 666]], [[529, 666]], [[528, 666]], [[527, 666]], [[526, 666]], [[525, 666]], [[524, 666]], [[523, 667]], [[522, 667]], [[522, 668]], [[522, 669]], [[522, 670]], [[522, 671]], [[522, 672]], [[523, 673]], [[523, 674]], [[524, 675]], [[525, 676]], [[526, 677]], [[527, 678]], [[527, 679]], [[528, 680]], [[529, 681]], [[529, 682]], [[529, 683]], [[530, 683]], [[531, 684]], [[532, 685]], [[533, 685]], [[534, 686]], [[535, 687]], [[536, 688]], [[537, 688]], [[538, 689]], [[539, 689]], [[540, 689]], [[541, 690]], [[542, 690]], [[543, 690]], [[544, 690]], [[545, 690]], [[546, 691]], [[547, 691]], [[548, 691]], [[549, 691]], [[550, 691]], [[551, 692]], [[552, 692]], [[553, 692]], [[554, 692]], [[555, 692]], [[556, 691]], [[557, 691]], [[558, 690]], [[558, 689]], [[559, 688]], [[560, 688]], [[560, 687]], [[561, 686]], [[561, 685]], [[561, 684]], [[562, 683]], [[563, 682]], [[563, 681]], [[563, 680]], [[564, 679]], [[564, 678]], [[563, 677]], [[563, 676]], [[563, 675]], [[563, 674]], [[563, 673]], [[562, 672]], [[562, 671]], [[562, 670]], [[562, 669]], [[562, 668]], [[561, 668]], [[560, 667]], [[560, 666]], [[559, 666]], [[558, 666]], [[557, 666]], [[556, 666]], [[555, 666]], [[554, 665]], [[553, 665]], [[552, 664]], [[551, 664]], [[550, 663]], [[549, 663]], [[548, 663]], [[547, 663]], [[546, 663]], [[545, 662]], [[544, 661]], [[544, 660]], [[544, 659]], [[543, 658]], [[542, 657]]]","[[[[544, 650], [544, 651], [544, 652], [543, 653], [542, 654], [541, 655], [540, 654], [539, 653], [538, 653], [537, 653], [536, 654], [537, 654], [538, 655], [538, 656], [538, 657], [539, 657], [540, 657], [541, 656], [542, 656], [543, 657], [544, 658], [545, 658], [546, 659], [546, 660], [545, 661], [546, 662], [547, 661], [548, 661], [549, 662], [550, 662], [551, 663], [552, 663], [553, 664], [554, 664], [555, 665], [556, 665], [557, 665], [558, 665], [559, 664], [560, 664], [561, 665], [561, 664], [561, 663], [560, 662], [559, 662], [558, 662], [557, 662], [556, 663], [555, 663], [554, 662], [553, 661], [552, 660], [551, 659], [551, 658], [550, 657], [549, 656], [548, 657], [547, 657], [546, 657], [545, 656], [545, 655], [545, 654], [544, 653], [544, 652], [545, 651], [545, 650]]], [[[476, 656], [475, 657], [476, 658], [477, 658], [478, 658], [479, 659], [480, 659], [481, 660], [482, 660], [483, 661], [484, 662], [485, 662], [486, 662], [487, 661], [488, 661], [489, 661], [490, 660], [491, 660], [492, 660], [493, 661], [493, 662], [492, 663], [491, 663], [491, 664], [492, 664], [493, 664], [494, 664], [495, 663], [496, 662], [497, 662], [498, 661], [499, 661], [500, 661], [501, 661], [502, 662], [503, 662], [504, 663], [505, 664], [506, 665], [506, 666], [507, 666], [508, 666], [509, 666], [510, 666], [511, 666], [512, 666], [513, 667], [514, 667], [515, 668], [516, 668], [517, 669], [518, 669], [519, 669], [520, 670], [521, 670], [521, 669], [521, 668], [521, 667], [520, 668], [519, 668], [518, 667], [517, 667], [516, 667], [515, 666], [514, 665], [513, 664], [513, 663], [514, 662], [514, 661], [514, 660], [514, 659], [513, 659], [512, 660], [511, 660], [510, 660], [510, 661], [510, 662], [510, 663], [509, 664], [508, 664], [507, 664], [506, 663], [506, 662], [507, 661], [508, 661], [508, 660], [507, 660], [506, 660], [505, 660], [504, 660], [503, 660], [502, 660], [501, 660], [500, 660], [499, 660], [498, 660], [497, 660], [496, 661], [495, 661], [494, 661], [493, 660], [492, 659], [491, 659], [490, 659], [489, 659], [488, 660], [487, 660], [486, 660], [485, 660], [484, 660], [483, 659], [482, 659], [481, 658], [480, 657], [479, 656], [478, 656], [477, 656]]], [], [[[575, 660], [574, 661], [575, 662], [575, 663], [576, 664], [576, 665], [575, 666], [574, 665], [573, 665], [572, 664], [572, 663], [571, 662], [570, 662], [569, 661], [568, 661], [567, 661], [566, 662], [567, 662], [568, 662], [569, 662], [570, 663], [571, 664], [572, 665], [572, 666], [572, 667], [571, 668], [570, 669], [570, 670], [569, 671], [569, 672], [568, 673], [567, 673], [566, 673], [565, 672], [564, 671], [564, 672], [564, 673], [565, 674], [565, 675], [566, 675], [567, 675], [568, 676], [569, 676], [570, 676], [571, 676], [572, 676], [573, 676], [574, 675], [574, 674], [573, 675], [572, 675], [571, 675], [570, 674], [569, 673], [570, 672], [571, 672], [571, 671], [572, 670], [573, 670], [574, 671], [575, 671], [576, 671], [577, 672], [577, 671], [577, 670], [577, 669], [577, 668], [576, 669], [575, 668], [574, 667], [575, 666], [576, 665], [577, 665], [578, 666], [579, 665], [578, 664], [578, 663], [577, 662], [576, 661], [576, 660]]]]","[138, 139, [], 140]"
77,77,"[[[164, 657]], [[163, 658]], [[162, 658]], [[161, 658]], [[161, 659]], [[160, 660]], [[159, 660]], [[158, 660]], [[157, 660]], [[156, 660]], [[155, 660]], [[154, 660]], [[153, 661]], [[152, 662]], [[152, 663]], [[151, 664]], [[151, 665]], [[151, 666]], [[151, 667]], [[151, 668]], [[151, 669]], [[151, 670]], [[152, 671]], [[152, 672]], [[152, 673]], [[153, 674]], [[154, 675]], [[155, 675]], [[156, 676]], [[157, 676]], [[158, 676]], [[159, 676]], [[160, 676]], [[161, 676]], [[162, 676]], [[163, 675]], [[164, 676]], [[165, 675]], [[166, 675]], [[167, 675]], [[168, 675]], [[169, 675]], [[170, 674]], [[171, 674]], [[172, 674]], [[173, 674]], [[174, 674]], [[175, 674]], [[176, 674]], [[177, 674]], [[178, 673]], [[179, 672]], [[180, 672]], [[181, 671]], [[182, 671]], [[183, 670]], [[184, 670]], [[184, 669]], [[183, 668]], [[183, 667]], [[182, 666]], [[181, 665]], [[180, 665]], [[179, 664]], [[178, 664]], [[177, 664]], [[176, 663]], [[175, 663]], [[174, 662]], [[173, 661]], [[172, 660]], [[172, 659]], [[171, 658]], [[170, 658]], [[169, 657]], [[168, 657]], [[167, 657]], [[166, 657]], [[165, 657]]]","[[], [[[150, 673], [151, 674], [151, 675], [150, 676], [151, 677], [150, 678], [149, 678], [148, 677], [147, 677], [146, 677], [146, 678], [145, 679], [146, 680], [147, 681], [147, 682], [147, 683], [147, 684], [147, 685], [148, 685], [149, 686], [150, 686], [151, 686], [152, 686], [153, 686], [154, 686], [155, 686], [156, 686], [157, 685], [156, 685], [155, 685], [154, 684], [154, 683], [155, 682], [156, 682], [157, 682], [158, 681], [159, 681], [160, 681], [161, 682], [162, 681], [163, 680], [164, 679], [165, 678], [166, 678], [167, 678], [168, 679], [168, 680], [168, 681], [168, 682], [169, 682], [170, 682], [171, 682], [171, 681], [170, 680], [169, 679], [168, 678], [169, 677], [170, 676], [171, 676], [172, 676], [173, 676], [174, 675], [173, 675], [172, 675], [171, 675], [170, 676], [169, 676], [168, 676], [167, 676], [166, 676], [165, 676], [164, 677], [163, 677], [162, 678], [161, 678], [160, 678], [159, 678], [158, 678], [158, 679], [158, 680], [157, 681], [156, 681], [155, 681], [154, 681], [153, 681], [152, 681], [151, 680], [151, 679], [151, 678], [152, 677], [153, 676], [153, 675], [152, 674], [151, 673]]]]","[[], 141]"
78,78,"[[[396, 645]], [[395, 646]], [[394, 646]], [[393, 646]], [[392, 646]], [[391, 647]], [[390, 647]], [[389, 647]], [[388, 647]], [[387, 647]], [[386, 648]], [[385, 649]], [[384, 649]], [[383, 650]], [[382, 651]], [[382, 652]], [[381, 653]], [[381, 654]], [[381, 655]], [[381, 656]], [[380, 657]], [[380, 658]], [[379, 659]], [[379, 660]], [[378, 661]], [[378, 662]], [[377, 663]], [[377, 664]], [[376, 665]], [[376, 666]], [[376, 667]], [[375, 668]], [[375, 669]], [[375, 670]], [[374, 671]], [[373, 671]], [[372, 670]], [[372, 669]], [[371, 668]], [[370, 667]], [[369, 666]], [[368, 665]], [[367, 665]], [[366, 665]], [[365, 665]], [[364, 664]], [[364, 663]], [[364, 662]], [[363, 661]], [[362, 661]], [[361, 661]], [[360, 662]], [[360, 663]], [[360, 664]], [[359, 665]], [[359, 666]], [[358, 667]], [[357, 667]], [[356, 666]], [[356, 667]], [[355, 668]], [[354, 667]], [[353, 666]], [[353, 665]], [[353, 664]], [[352, 663]], [[351, 662]], [[350, 662]], [[349, 661]], [[348, 660]], [[347, 660]], [[346, 660]], [[345, 660]], [[344, 659]], [[343, 659]], [[342, 659]], [[341, 658]], [[340, 659]], [[339, 659]], [[338, 659]], [[337, 660]], [[336, 660]], [[335, 660]], [[335, 661]], [[334, 662]], [[334, 663]], [[333, 664]], [[332, 665]], [[331, 666]], [[330, 666]], [[329, 667]], [[328, 667]], [[327, 667]], [[326, 668]], [[325, 669]], [[324, 670]], [[323, 671]], [[322, 671]], [[321, 671]], [[320, 671]], [[319, 671]], [[318, 671]], [[317, 672]], [[317, 673]], [[317, 674]], [[316, 675]], [[315, 676]], [[315, 677]], [[314, 678]], [[313, 679]], [[312, 680]], [[311, 681]], [[311, 682]], [[310, 683]], [[309, 684]], [[309, 685]], [[308, 686]], [[308, 687]], [[308, 688]], [[308, 689]], [[308, 690]], [[309, 691]], [[310, 691]], [[311, 691]], [[312, 691]], [[313, 692]], [[314, 692]], [[315, 693]], [[316, 694]], [[317, 694]], [[318, 694]], [[319, 695]], [[320, 695]], [[321, 695]], [[322, 695]], [[323, 695]], [[324, 695]], [[325, 695]], [[326, 695]], [[327, 695]], [[328, 695]], [[329, 694]], [[330, 693]], [[331, 692]], [[332, 691]], [[333, 690]], [[333, 689]], [[334, 688]], [[335, 687]], [[336, 686]], [[337, 686]], [[338, 685]], [[339, 685]], [[340, 685]], [[341, 685]], [[342, 685]], [[343, 685]], [[344, 686]], [[345, 686]], [[346, 686]], [[347, 686]], [[348, 686]], [[349, 685]], [[350, 684]], [[350, 683]], [[351, 682]], [[351, 681]], [[352, 680]], [[352, 679]], [[353, 678]], [[354, 677]], [[355, 677]], [[356, 676]], [[356, 675]], [[357, 674]], [[358, 673]], [[359, 673]], [[359, 672]], [[359, 671]], [[360, 670]], [[361, 671]], [[361, 672]], [[362, 673]], [[363, 674]], [[363, 675]], [[363, 676]], [[363, 677]], [[364, 678]], [[365, 679]], [[366, 680]], [[367, 680]], [[368, 679]], [[369, 679]], [[370, 679]], [[371, 680]], [[372, 681]], [[373, 682]], [[373, 683]], [[374, 683]], [[375, 684]], [[376, 684]], [[377, 684]], [[378, 683]], [[379, 683]], [[380, 682]], [[381, 681]], [[380, 680]], [[380, 679]], [[380, 678]], [[381, 677]], [[382, 676]], [[383, 675]], [[384, 675]], [[385, 675]], [[386, 674]], [[387, 674]], [[388, 674]], [[389, 674]], [[390, 674]], [[391, 674]], [[392, 675]], [[393, 675]], [[394, 675]], [[395, 675]], [[396, 674]], [[397, 674]], [[398, 674]], [[399, 674]], [[400, 673]], [[401, 673]], [[402, 672]], [[403, 672]], [[404, 672]], [[405, 671]], [[406, 670]], [[407, 670]], [[408, 669]], [[409, 669]], [[410, 669]], [[411, 670]], [[412, 670]], [[413, 671]], [[414, 671]], [[415, 671]], [[416, 671]], [[417, 671]], [[418, 670]], [[419, 669]], [[420, 668]], [[421, 667]], [[422, 666]], [[423, 665]], [[423, 664]], [[423, 663]], [[423, 662]], [[424, 661]], [[424, 660]], [[424, 659]], [[424, 658]], [[424, 657]], [[423, 656]], [[423, 655]], [[422, 654]], [[422, 653]], [[422, 652]], [[421, 652]], [[420, 651]], [[419, 651]], [[418, 650]], [[417, 650]], [[416, 650]], [[415, 650]], [[414, 650]], [[413, 650]], [[412, 651]], [[411, 651]], [[410, 651]], [[409, 651]], [[408, 651]], [[407, 650]], [[406, 649]], [[405, 648]], [[404, 647]], [[403, 647]], [[402, 646]], [[401, 646]], [[400, 646]], [[399, 646]], [[398, 645]], [[397, 645]]]","[[], [[[338, 657], [337, 658], [336, 658], [335, 658], [334, 659], [333, 659], [332, 660], [332, 661], [331, 662], [330, 663], [330, 664], [330, 665], [331, 665], [332, 664], [333, 663], [333, 662], [334, 661], [334, 660], [335, 659], [336, 659], [337, 659], [338, 658], [339, 658], [340, 658], [341, 657], [342, 657], [343, 657], [344, 658], [344, 657], [343, 657], [342, 657], [341, 657], [340, 657], [339, 657]]], [[[418, 640], [418, 641], [417, 642], [417, 643], [418, 644], [419, 645], [419, 646], [420, 647], [420, 648], [420, 649], [420, 650], [421, 651], [422, 651], [423, 652], [423, 653], [423, 654], [424, 655], [424, 656], [425, 657], [425, 658], [426, 659], [427, 660], [428, 661], [428, 662], [428, 663], [429, 662], [430, 662], [430, 661], [430, 660], [430, 659], [430, 658], [430, 659], [429, 660], [428, 660], [427, 659], [426, 658], [426, 657], [425, 656], [426, 655], [427, 655], [428, 655], [429, 654], [430, 654], [430, 653], [429, 652], [429, 651], [428, 650], [428, 649], [428, 648], [427, 648], [426, 649], [425, 649], [424, 649], [423, 649], [422, 648], [422, 647], [422, 646], [422, 645], [422, 644], [421, 643], [420, 642], [420, 641], [419, 640]]]]","[[], 142, 143]"
79,79,"[[[563, 636]], [[563, 637]], [[562, 638]], [[561, 639]], [[561, 640]], [[560, 641]], [[559, 641]], [[559, 642]], [[559, 643]], [[559, 644]], [[558, 645]], [[557, 646]], [[558, 647]], [[558, 648]], [[558, 649]], [[558, 650]], [[559, 651]], [[560, 652]], [[560, 653]], [[560, 654]], [[561, 655]], [[562, 655]], [[563, 656]], [[564, 656]], [[565, 657]], [[565, 658]], [[566, 658]], [[567, 658]], [[568, 659]], [[568, 660]], [[569, 660]], [[570, 660]], [[571, 660]], [[572, 660]], [[573, 660]], [[574, 660]], [[575, 659]], [[576, 659]], [[577, 660]], [[577, 661]], [[578, 662]], [[579, 663]], [[579, 664]], [[580, 664]], [[581, 664]], [[582, 664]], [[583, 664]], [[584, 664]], [[585, 664]], [[586, 663]], [[586, 662]], [[586, 661]], [[586, 660]], [[586, 659]], [[586, 658]], [[586, 657]], [[586, 656]], [[585, 655]], [[585, 654]], [[585, 653]], [[585, 652]], [[585, 651]], [[585, 650]], [[585, 649]], [[584, 648]], [[584, 647]], [[584, 646]], [[584, 645]], [[584, 644]], [[583, 643]], [[582, 642]], [[581, 641]], [[580, 641]], [[579, 640]], [[578, 639]], [[577, 638]], [[577, 637]], [[576, 636]], [[575, 636]], [[574, 637]], [[573, 638]], [[572, 638]], [[571, 638]], [[570, 638]], [[569, 638]], [[568, 637]], [[567, 636]], [[566, 636]], [[565, 636]], [[564, 636]]]","[[], [[[544, 650], [544, 651], [544, 652], [543, 653], [542, 654], [541, 655], [540, 654], [539, 653], [538, 653], [537, 653], [536, 654], [537, 654], [538, 655], [538, 656], [538, 657], [539, 657], [540, 657], [541, 656], [542, 656], [543, 657], [544, 658], [545, 658], [546, 659], [546, 660], [545, 661], [546, 662], [547, 661], [548, 661], [549, 662], [550, 662], [551, 663], [552, 663], [553, 664], [554, 664], [555, 665], [556, 665], [557, 665], [558, 665], [559, 664], [560, 664], [561, 665], [561, 664], [561, 663], [560, 662], [559, 662], [558, 662], [557, 662], [556, 663], [555, 663], [554, 662], [553, 661], [552, 660], [551, 659], [551, 658], [550, 657], [549, 656], [548, 657], [547, 657], [546, 657], [545, 656], [545, 655], [545, 654], [544, 653], [544, 652], [545, 651], [545, 650]]], [[[575, 660], [574, 661], [575, 662], [575, 663], [576, 664], [576, 665], [575, 666], [574, 665], [573, 665], [572, 664], [572, 663], [571, 662], [570, 662], [569, 661], [568, 661], [567, 661], [566, 662], [567, 662], [568, 662], [569, 662], [570, 663], [571, 664], [572, 665], [572, 666], [572, 667], [571, 668], [570, 669], [570, 670], [569, 671], [569, 672], [568, 673], [567, 673], [566, 673], [565, 672], [564, 671], [564, 672], [564, 673], [565, 674], [565, 675], [566, 675], [567, 675], [568, 676], [569, 676], [570, 676], [571, 676], [572, 676], [573, 676], [574, 675], [574, 674], [573, 675], [572, 675], [571, 675], [570, 674], [569, 673], [570, 672], [571, 672], [571, 671], [572, 670], [573, 670], [574, 671], [575, 671], [576, 671], [577, 672], [577, 671], [577, 670], [577, 669], [577, 668], [576, 669], [575, 668], [574, 667], [575, 666], [576, 665], [577, 665], [578, 666], [579, 665], [578, 664], [578, 663], [577, 662], [576, 661], [576, 660]]], [[[588, 645], [587, 646], [586, 646], [585, 646], [586, 646], [587, 646], [588, 647], [589, 647], [590, 648], [589, 649], [588, 650], [587, 651], [586, 651], [586, 652], [586, 653], [587, 654], [588, 653], [589, 653], [590, 652], [591, 652], [592, 651], [592, 650], [593, 649], [593, 648], [594, 647], [595, 646], [596, 646], [597, 646], [598, 646], [599, 645], [598, 645], [597, 645], [596, 646], [595, 646], [594, 647], [593, 647], [592, 647], [591, 647], [590, 647], [589, 646]]]]","[[], 138, 140, 146]"
80,80,"[[[479, 631]], [[478, 632]], [[477, 632]], [[476, 633]], [[475, 633]], [[474, 634]], [[473, 635]], [[473, 636]], [[472, 637]], [[472, 638]], [[472, 639]], [[471, 640]], [[471, 641]], [[471, 642]], [[470, 643]], [[470, 644]], [[470, 645]], [[470, 646]], [[470, 647]], [[470, 648]], [[470, 649]], [[471, 650]], [[471, 651]], [[472, 652]], [[472, 653]], [[472, 654]], [[472, 655]], [[472, 656]], [[473, 656]], [[474, 656]], [[475, 656]], [[476, 655]], [[477, 655]], [[478, 654]], [[479, 655]], [[480, 655]], [[481, 655]], [[482, 655]], [[483, 656]], [[484, 656]], [[485, 656]], [[486, 656]], [[487, 656]], [[488, 656]], [[489, 657]], [[490, 657]], [[491, 658]], [[492, 658]], [[493, 659]], [[494, 659]], [[495, 659]], [[496, 659]], [[497, 659]], [[498, 659]], [[499, 659]], [[500, 659]], [[501, 659]], [[502, 659]], [[503, 659]], [[504, 659]], [[505, 659]], [[506, 659]], [[507, 659]], [[508, 659]], [[509, 659]], [[510, 659]], [[511, 659]], [[512, 658]], [[513, 658]], [[514, 657]], [[515, 656]], [[515, 655]], [[515, 654]], [[515, 653]], [[515, 652]], [[515, 651]], [[515, 650]], [[515, 649]], [[514, 648]], [[514, 647]], [[513, 646]], [[513, 645]], [[513, 644]], [[513, 643]], [[513, 642]], [[512, 641]], [[512, 640]], [[511, 639]], [[511, 638]], [[510, 638]], [[509, 637]], [[508, 637]], [[507, 637]], [[506, 636]], [[505, 636]], [[504, 636]], [[503, 636]], [[502, 636]], [[501, 635]], [[500, 635]], [[499, 636]], [[498, 636]], [[497, 636]], [[496, 635]], [[495, 635]], [[494, 635]], [[493, 634]], [[492, 634]], [[491, 634]], [[490, 634]], [[489, 634]], [[488, 634]], [[487, 633]], [[486, 633]], [[485, 633]], [[484, 632]], [[483, 632]], [[482, 631]], [[481, 631]], [[480, 631]]]","[[[[475, 625], [475, 626], [474, 627], [473, 627], [472, 627], [471, 628], [471, 629], [470, 630], [470, 631], [470, 632], [470, 633], [470, 634], [469, 635], [468, 636], [468, 637], [467, 638], [467, 639], [468, 640], [468, 641], [469, 642], [469, 643], [468, 644], [467, 645], [466, 644], [465, 643], [465, 642], [465, 641], [464, 641], [464, 642], [464, 643], [464, 644], [463, 645], [463, 646], [463, 647], [463, 648], [462, 649], [461, 650], [460, 651], [459, 652], [458, 653], [457, 653], [457, 654], [456, 655], [455, 655], [454, 655], [453, 655], [452, 655], [452, 656], [453, 656], [454, 657], [455, 658], [456, 657], [456, 656], [456, 655], [457, 654], [458, 654], [459, 654], [460, 654], [461, 654], [461, 653], [462, 652], [463, 651], [463, 650], [464, 649], [465, 649], [465, 648], [466, 647], [467, 647], [468, 648], [469, 648], [469, 647], [469, 646], [469, 645], [469, 644], [469, 643], [470, 642], [470, 641], [470, 640], [471, 639], [471, 638], [471, 637], [472, 636], [472, 635], [473, 634], [474, 633], [475, 632], [476, 632], [477, 631], [478, 631], [478, 630], [477, 630], [476, 630], [475, 631], [474, 630], [474, 629], [475, 628], [475, 627], [476, 626], [476, 625]]], [[[476, 656], [475, 657], [476, 658], [477, 658], [478, 658], [479, 659], [480, 659], [481, 660], [482, 660], [483, 661], [484, 662], [485, 662], [486, 662], [487, 661], [488, 661], [489, 661], [490, 660], [491, 660], [492, 660], [493, 661], [493, 662], [492, 663], [491, 663], [491, 664], [492, 664], [493, 664], [494, 664], [495, 663], [496, 662], [497, 662], [498, 661], [499, 661], [500, 661], [501, 661], [502, 662], [503, 662], [504, 663], [505, 664], [506, 665], [506, 666], [507, 666], [508, 666], [509, 666], [510, 666], [511, 666], [512, 666], [513, 667], [514, 667], [515, 668], [516, 668], [517, 669], [518, 669], [519, 669], [520, 670], [521, 670], [521, 669], [521, 668], [521, 667], [520, 668], [519, 668], [518, 667], [517, 667], [516, 667], [515, 666], [514, 665], [513, 664], [513, 663], [514, 662], [514, 661], [514, 660], [514, 659], [513, 659], [512, 660], [511, 660], [510, 660], [510, 661], [510, 662], [510, 663], [509, 664], [508, 664], [507, 664], [506, 663], [506, 662], [507, 661], [508, 661], [508, 660], [507, 660], [506, 660], [505, 660], [504, 660], [503, 660], [502, 660], [501, 660], [500, 660], [499, 660], [498, 660], [497, 660], [496, 661], [495, 661], [494, 661], [493, 660], [492, 659], [491, 659], [490, 659], [489, 659], [488, 660], [487, 660], [486, 660], [485, 660], [484, 660], [483, 659], [482, 659], [481, 658], [480, 657], [479, 656], [478, 656], [477, 656]], [[475, 625], [475, 626], [474, 627], [473, 627], [472, 627], [471, 628], [471, 629], [470, 630], [470, 631], [470, 632], [470, 633], [470, 634], [469, 635], [468, 636], [468, 637], [467, 638], [467, 639], [468, 640], [468, 641], [469, 642], [469, 643], [468, 644], [467, 645], [466, 644], [465, 643], [465, 642], [465, 641], [464, 641], [464, 642], [464, 643], [464, 644], [463, 645], [463, 646], [463, 647], [463, 648], [462, 649], [461, 650], [460, 651], [459, 652], [458, 653], [457, 653], [457, 654], [456, 655], [455, 655], [454, 655], [453, 655], [452, 655], [452, 656], [453, 656], [454, 657], [455, 658], [456, 657], [456, 656], [456, 655], [457, 654], [458, 654], [459, 654], [460, 654], [461, 654], [461, 653], [462, 652], [463, 651], [463, 650], [464, 649], [465, 649], [465, 648], [466, 647], [467, 647], [468, 648], [469, 648], [469, 647], [469, 646], [469, 645], [469, 644], [469, 643], [470, 642], [470, 641], [470, 640], [471, 639], [471, 638], [471, 637], [472, 636], [472, 635], [473, 634], [474, 633], [475, 632], [476, 632], [477, 631], [478, 631], [478, 630], [477, 630], [476, 630], [475, 631], [474, 630], [474, 629], [475, 628], [475, 627], [476, 626], [476, 625]]], [[[476, 656], [475, 657], [476, 658], [477, 658], [478, 658], [479, 659], [480, 659], [481, 660], [482, 660], [483, 661], [484, 662], [485, 662], [486, 662], [487, 661], [488, 661], [489, 661], [490, 660], [491, 660], [492, 660], [493, 661], [493, 662], [492, 663], [491, 663], [491, 664], [492, 664], [493, 664], [494, 664], [495, 663], [496, 662], [497, 662], [498, 661], [499, 661], [500, 661], [501, 661], [502, 662], [503, 662], [504, 663], [505, 664], [506, 665], [506, 666], [507, 666], [508, 666], [509, 666], [510, 666], [511, 666], [512, 666], [513, 667], [514, 667], [515, 668], [516, 668], [517, 669], [518, 669], [519, 669], [520, 670], [521, 670], [521, 669], [521, 668], [521, 667], [520, 668], [519, 668], [518, 667], [517, 667], [516, 667], [515, 666], [514, 665], [513, 664], [513, 663], [514, 662], [514, 661], [514, 660], [514, 659], [513, 659], [512, 660], [511, 660], [510, 660], [510, 661], [510, 662], [510, 663], [509, 664], [508, 664], [507, 664], [506, 663], [506, 662], [507, 661], [508, 661], [508, 660], [507, 660], [506, 660], [505, 660], [504, 660], [503, 660], [502, 660], [501, 660], [500, 660], [499, 660], [498, 660], [497, 660], [496, 661], [495, 661], [494, 661], [493, 660], [492, 659], [491, 659], [490, 659], [489, 659], [488, 660], [487, 660], [486, 660], [485, 660], [484, 660], [483, 659], [482, 659], [481, 658], [480, 657], [479, 656], [478, 656], [477, 656]]], []]","[147, 148, 139, []]"
81,81,"[[[242, 624]], [[241, 625]], [[240, 625]], [[239, 626]], [[238, 626]], [[237, 626]], [[236, 626]], [[235, 627]], [[234, 628]], [[233, 629]], [[232, 630]], [[231, 631]], [[231, 632]], [[231, 633]], [[231, 634]], [[231, 635]], [[231, 636]], [[231, 637]], [[231, 638]], [[230, 639]], [[230, 640]], [[229, 641]], [[229, 642]], [[229, 643]], [[228, 644]], [[228, 645]], [[228, 646]], [[228, 647]], [[227, 648]], [[226, 649]], [[225, 650]], [[224, 651]], [[223, 652]], [[223, 653]], [[222, 654]], [[222, 655]], [[222, 656]], [[222, 657]], [[222, 658]], [[222, 659]], [[222, 660]], [[222, 661]], [[222, 662]], [[222, 663]], [[221, 664]], [[220, 664]], [[221, 664]], [[222, 665]], [[222, 666]], [[222, 667]], [[222, 668]], [[223, 669]], [[223, 670]], [[223, 671]], [[223, 672]], [[224, 673]], [[224, 674]], [[225, 674]], [[226, 674]], [[227, 675]], [[227, 676]], [[228, 677]], [[228, 678]], [[228, 679]], [[228, 680]], [[229, 681]], [[229, 682]], [[229, 683]], [[229, 684]], [[229, 685]], [[229, 686]], [[230, 687]], [[230, 688]], [[230, 689]], [[230, 690]], [[231, 691]], [[231, 692]], [[231, 693]], [[231, 694]], [[231, 695]], [[232, 696]], [[232, 697]], [[232, 698]], [[232, 699]], [[232, 700]], [[232, 701]], [[233, 702]], [[234, 703]], [[235, 704]], [[235, 705]], [[235, 706]], [[235, 707]], [[236, 707]], [[237, 707]], [[238, 708]], [[238, 707]], [[239, 706]], [[240, 705]], [[241, 705]], [[242, 705]], [[243, 705]], [[244, 705]], [[245, 705]], [[246, 705]], [[247, 705]], [[248, 705]], [[249, 705]], [[250, 705]], [[251, 705]], [[252, 704]], [[253, 703]], [[254, 703]], [[255, 702]], [[256, 702]], [[257, 702]], [[258, 702]], [[259, 701]], [[260, 701]], [[261, 701]], [[262, 702]], [[262, 703]], [[262, 704]], [[263, 705]], [[263, 706]], [[263, 707]], [[263, 708]], [[264, 709]], [[264, 710]], [[265, 710]], [[266, 711]], [[267, 711]], [[268, 711]], [[269, 712]], [[270, 712]], [[271, 713]], [[270, 714]], [[271, 713]], [[272, 713]], [[273, 713]], [[274, 712]], [[275, 711]], [[276, 711]], [[277, 711]], [[278, 711]], [[279, 711]], [[280, 711]], [[280, 710]], [[280, 709]], [[281, 708]], [[281, 707]], [[282, 706]], [[282, 705]], [[282, 704]], [[282, 703]], [[283, 702]], [[284, 701]], [[284, 700]], [[284, 699]], [[285, 698]], [[285, 697]], [[286, 696]], [[286, 695]], [[286, 694]], [[287, 693]], [[287, 692]], [[287, 691]], [[287, 690]], [[287, 689]], [[288, 688]], [[288, 687]], [[289, 686]], [[290, 685]], [[291, 684]], [[291, 683]], [[292, 682]], [[292, 681]], [[292, 680]], [[292, 679]], [[292, 678]], [[293, 677]], [[294, 677]], [[295, 676]], [[296, 676]], [[297, 676]], [[298, 675]], [[299, 675]], [[300, 675]], [[301, 674]], [[302, 674]], [[303, 674]], [[304, 674]], [[305, 673]], [[306, 673]], [[307, 673]], [[308, 672]], [[308, 671]], [[309, 670]], [[310, 669]], [[311, 668]], [[311, 667]], [[312, 666]], [[313, 665]], [[313, 664]], [[314, 663]], [[314, 662]], [[314, 661]], [[314, 660]], [[315, 659]], [[314, 658]], [[313, 657]], [[313, 656]], [[312, 655]], [[311, 654]], [[310, 653]], [[309, 653]], [[308, 652]], [[307, 652]], [[306, 651]], [[305, 651]], [[304, 650]], [[303, 651]], [[302, 651]], [[301, 651]], [[300, 650]], [[299, 650]], [[298, 649]], [[297, 648]], [[297, 647]], [[297, 646]], [[296, 645]], [[296, 644]], [[295, 643]], [[295, 642]], [[294, 641]], [[294, 640]], [[293, 639]], [[292, 638]], [[291, 638]], [[290, 638]], [[289, 637]], [[288, 637]], [[287, 637]], [[286, 637]], [[285, 637]], [[284, 636]], [[283, 636]], [[282, 636]], [[281, 636]], [[280, 636]], [[279, 636]], [[278, 636]], [[277, 635]], [[277, 634]], [[277, 633]], [[277, 632]], [[277, 631]], [[276, 630]], [[276, 629]], [[276, 628]], [[275, 628]], [[274, 627]], [[273, 626]], [[272, 626]], [[271, 626]], [[270, 626]], [[269, 625]], [[268, 625]], [[267, 625]], [[266, 625]], [[265, 625]], [[264, 625]], [[263, 625]], [[262, 625]], [[261, 625]], [[260, 625]], [[259, 626]], [[258, 627]], [[257, 627]], [[256, 628]], [[255, 628]], [[254, 628]], [[253, 628]], [[252, 628]], [[251, 628]], [[250, 627]], [[249, 627]], [[248, 626]], [[247, 625]], [[246, 625]], [[245, 625]], [[244, 624]], [[243, 624]]]","[[], [[[275, 712], [275, 713], [276, 713], [277, 714], [276, 715], [275, 715], [274, 715], [273, 715], [272, 716], [271, 716], [271, 717], [272, 717], [273, 717], [274, 717], [274, 716], [275, 715], [276, 715], [277, 716], [277, 717], [278, 717], [279, 718], [279, 719], [279, 720], [280, 721], [280, 722], [281, 723], [281, 722], [281, 721], [282, 720], [281, 719], [280, 719], [279, 718], [278, 717], [278, 716], [278, 715], [278, 714], [278, 713], [278, 712], [277, 712], [276, 712]]], [[[304, 648], [304, 649], [305, 650], [306, 650], [307, 651], [308, 651], [309, 652], [310, 652], [311, 653], [312, 654], [313, 655], [314, 656], [314, 657], [315, 658], [316, 659], [316, 660], [317, 660], [318, 660], [319, 660], [320, 659], [321, 659], [321, 658], [320, 658], [319, 658], [318, 658], [317, 658], [316, 657], [315, 656], [314, 655], [313, 654], [312, 653], [311, 652], [310, 652], [309, 651], [308, 651], [307, 650], [306, 649], [305, 648]]]]","[[], 114, 151]"
82,82,"[[[435, 623]], [[434, 624]], [[433, 624]], [[432, 625]], [[431, 625]], [[430, 626]], [[429, 627]], [[428, 627]], [[427, 627]], [[428, 628]], [[428, 629]], [[428, 630]], [[428, 631]], [[427, 632]], [[426, 632]], [[425, 633]], [[424, 633]], [[423, 633]], [[424, 634]], [[425, 635]], [[424, 636]], [[423, 637]], [[423, 638]], [[424, 639]], [[424, 640]], [[423, 641]], [[424, 642]], [[425, 643]], [[426, 643]], [[427, 644]], [[428, 645]], [[428, 646]], [[428, 647]], [[429, 648]], [[429, 649]], [[429, 650]], [[430, 651]], [[430, 652]], [[431, 653]], [[431, 654]], [[432, 654]], [[433, 655]], [[434, 655]], [[435, 655]], [[436, 655]], [[437, 655]], [[438, 655]], [[439, 656]], [[440, 657]], [[441, 657]], [[442, 657]], [[443, 658]], [[444, 658]], [[445, 658]], [[446, 657]], [[447, 657]], [[448, 657]], [[449, 656]], [[450, 655]], [[451, 655]], [[452, 654]], [[453, 654]], [[454, 654]], [[455, 654]], [[456, 653]], [[457, 652]], [[458, 652]], [[459, 651]], [[460, 650]], [[461, 649]], [[462, 648]], [[462, 647]], [[462, 646]], [[462, 645]], [[463, 644]], [[463, 643]], [[463, 642]], [[463, 641]], [[463, 640]], [[462, 639]], [[461, 638]], [[461, 637]], [[460, 637]], [[459, 637]], [[458, 637]], [[457, 637]], [[456, 637]], [[455, 637]], [[454, 637]], [[453, 637]], [[452, 636]], [[451, 635]], [[450, 634]], [[449, 634]], [[448, 634]], [[447, 633]], [[446, 632]], [[445, 631]], [[444, 630]], [[443, 631]], [[442, 631]], [[441, 630]], [[440, 629]], [[440, 628]], [[441, 627]], [[440, 627]], [[439, 627]], [[438, 626]], [[438, 625]], [[437, 624]], [[437, 623]], [[436, 623]]]","[[], [[[418, 640], [418, 641], [417, 642], [417, 643], [418, 644], [419, 645], [419, 646], [420, 647], [420, 648], [420, 649], [420, 650], [421, 651], [422, 651], [423, 652], [423, 653], [423, 654], [424, 655], [424, 656], [425, 657], [425, 658], [426, 659], [427, 660], [428, 661], [428, 662], [428, 663], [429, 662], [430, 662], [430, 661], [430, 660], [430, 659], [430, 658], [430, 659], [429, 660], [428, 660], [427, 659], [426, 658], [426, 657], [425, 656], [426, 655], [427, 655], [428, 655], [429, 654], [430, 654], [430, 653], [429, 652], [429, 651], [428, 650], [428, 649], [428, 648], [427, 648], [426, 649], [425, 649], [424, 649], [423, 649], [422, 648], [422, 647], [422, 646], [422, 645], [422, 644], [421, 643], [420, 642], [420, 641], [419, 640]]], [[[443, 659], [442, 660], [442, 661], [442, 662], [441, 663], [440, 663], [439, 663], [438, 664], [437, 664], [436, 663], [435, 663], [435, 664], [435, 665], [435, 666], [435, 667], [436, 666], [437, 665], [438, 664], [439, 665], [440, 665], [441, 664], [442, 664], [443, 664], [444, 665], [445, 665], [446, 665], [447, 664], [448, 664], [448, 663], [449, 662], [450, 662], [451, 661], [450, 661], [449, 662], [448, 663], [447, 664], [446, 665], [445, 664], [444, 664], [443, 663], [444, 662], [444, 661], [445, 660], [446, 660], [445, 659], [444, 659]]], [[[475, 625], [475, 626], [474, 627], [473, 627], [472, 627], [471, 628], [471, 629], [470, 630], [470, 631], [470, 632], [470, 633], [470, 634], [469, 635], [468, 636], [468, 637], [467, 638], [467, 639], [468, 640], [468, 641], [469, 642], [469, 643], [468, 644], [467, 645], [466, 644], [465, 643], [465, 642], [465, 641], [464, 641], [464, 642], [464, 643], [464, 644], [463, 645], [463, 646], [463, 647], [463, 648], [462, 649], [461, 650], [460, 651], [459, 652], [458, 653], [457, 653], [457, 654], [456, 655], [455, 655], [454, 655], [453, 655], [452, 655], [452, 656], [453, 656], [454, 657], [455, 658], [456, 657], [456, 656], [456, 655], [457, 654], [458, 654], [459, 654], [460, 654], [461, 654], [461, 653], [462, 652], [463, 651], [463, 650], [464, 649], [465, 649], [465, 648], [466, 647], [467, 647], [468, 648], [469, 648], [469, 647], [469, 646], [469, 645], [469, 644], [469, 643], [470, 642], [470, 641], [470, 640], [471, 639], [471, 638], [471, 637], [472, 636], [472, 635], [473, 634], [474, 633], [475, 632], [476, 632], [477, 631], [478, 631], [478, 630], [477, 630], [476, 630], [475, 631], [474, 630], [474, 629], [475, 628], [475, 627], [476, 626], [476, 625]]], [[[461, 628], [460, 629], [460, 630], [461, 631], [461, 632], [460, 633], [459, 633], [458, 633], [457, 633], [456, 633], [455, 632], [454, 632], [453, 632], [452, 632], [451, 632], [450, 632], [449, 632], [448, 632], [447, 632], [448, 633], [449, 633], [450, 633], [451, 634], [452, 635], [453, 636], [454, 636], [455, 636], [456, 636], [457, 636], [458, 636], [459, 636], [460, 636], [461, 636], [462, 637], [462, 638], [463, 638], [463, 637], [463, 636], [463, 635], [463, 634], [462, 633], [461, 632], [462, 631], [462, 630], [463, 629], [463, 628], [462, 628]], [[475, 625], [475, 626], [474, 627], [473, 627], [472, 627], [471, 628], [471, 629], [470, 630], [470, 631], [470, 632], [470, 633], [470, 634], [469, 635], [468, 636], [468, 637], [467, 638], [467, 639], [468, 640], [468, 641], [469, 642], [469, 643], [468, 644], [467, 645], [466, 644], [465, 643], [465, 642], [465, 641], [464, 641], [464, 642], [464, 643], [464, 644], [463, 645], [463, 646], [463, 647], [463, 648], [462, 649], [461, 650], [460, 651], [459, 652], [458, 653], [457, 653], [457, 654], [456, 655], [455, 655], [454, 655], [453, 655], [452, 655], [452, 656], [453, 656], [454, 657], [455, 658], [456, 657], [456, 656], [456, 655], [457, 654], [458, 654], [459, 654], [460, 654], [461, 654], [461, 653], [462, 652], [463, 651], [463, 650], [464, 649], [465, 649], [465, 648], [466, 647], [467, 647], [468, 648], [469, 648], [469, 647], [469, 646], [469, 645], [469, 644], [469, 643], [470, 642], [470, 641], [470, 640], [471, 639], [471, 638], [471, 637], [472, 636], [472, 635], [473, 634], [474, 633], [475, 632], [476, 632], [477, 631], [478, 631], [478, 630], [477, 630], [476, 630], [475, 631], [474, 630], [474, 629], [475, 628], [475, 627], [476, 626], [476, 625]]], [[[461, 628], [460, 629], [460, 630], [461, 631], [461, 632], [460, 633], [459, 633], [458, 633], [457, 633], [456, 633], [455, 632], [454, 632], [453, 632], [452, 632], [451, 632], [450, 632], [449, 632], [448, 632], [447, 632], [448, 633], [449, 633], [450, 633], [451, 634], [452, 635], [453, 636], [454, 636], [455, 636], [456, 636], [457, 636], [458, 636], [459, 636], [460, 636], [461, 636], [462, 637], [462, 638], [463, 638], [463, 637], [463, 636], [463, 635], [463, 634], [462, 633], [461, 632], [462, 631], [462, 630], [463, 629], [463, 628], [462, 628]]]]","[[], 143, 136, 147, 155, 156]"
83,83,"[[[51, 582]], [[50, 583]], [[50, 584]], [[49, 585]], [[49, 586]], [[48, 587]], [[48, 588]], [[47, 589]], [[46, 590]], [[45, 589]], [[45, 590]], [[44, 591]], [[43, 592]], [[42, 592]], [[41, 592]], [[40, 592]], [[39, 592]], [[39, 593]], [[38, 594]], [[38, 595]], [[38, 596]], [[38, 597]], [[38, 598]], [[38, 599]], [[38, 600]], [[38, 601]], [[38, 602]], [[39, 603]], [[39, 604]], [[39, 605]], [[40, 606]], [[41, 607]], [[42, 607]], [[43, 608]], [[43, 609]], [[43, 610]], [[43, 611]], [[44, 611]], [[45, 611]], [[46, 610]], [[47, 610]], [[48, 610]], [[49, 611]], [[50, 611]], [[51, 611]], [[52, 611]], [[53, 611]], [[54, 611]], [[55, 611]], [[56, 610]], [[57, 610]], [[58, 610]], [[59, 610]], [[60, 610]], [[61, 610]], [[62, 610]], [[63, 610]], [[64, 609]], [[65, 609]], [[65, 608]], [[66, 607]], [[67, 606]], [[67, 605]], [[68, 604]], [[69, 604]], [[70, 603]], [[71, 602]], [[72, 601]], [[73, 601]], [[73, 600]], [[73, 599]], [[74, 598]], [[74, 597]], [[74, 596]], [[74, 595]], [[73, 594]], [[73, 593]], [[74, 592]], [[74, 591]], [[73, 590]], [[72, 589]], [[71, 588]], [[71, 587]], [[71, 586]], [[70, 585]], [[69, 584]], [[68, 584]], [[67, 584]], [[66, 584]], [[65, 584]], [[64, 584]], [[63, 584]], [[62, 584]], [[61, 584]], [[60, 584]], [[59, 584]], [[58, 584]], [[57, 583]], [[56, 584]], [[55, 584]], [[54, 583]], [[53, 582]], [[52, 582]]]","[[[[44, 569], [44, 570], [44, 571], [44, 572], [45, 573], [45, 574], [45, 575], [46, 576], [47, 576], [48, 576], [49, 577], [49, 578], [49, 579], [50, 580], [49, 581], [48, 581], [47, 582], [47, 583], [46, 584], [47, 585], [48, 584], [49, 584], [49, 583], [50, 582], [51, 581], [52, 581], [51, 580], [50, 579], [50, 578], [50, 577], [50, 576], [51, 575], [50, 574], [49, 575], [48, 576], [47, 575], [46, 574], [47, 573], [46, 572], [45, 571], [44, 570]]], [[[35, 581], [36, 582], [35, 583], [34, 584], [34, 585], [35, 586], [35, 587], [36, 588], [36, 589], [36, 588], [37, 587], [38, 587], [39, 587], [40, 588], [40, 589], [41, 590], [42, 590], [43, 591], [43, 590], [42, 589], [41, 588], [40, 587], [39, 586], [39, 585], [38, 584], [38, 583], [37, 582], [37, 581], [36, 581]]], [[[36, 592], [35, 593], [34, 593], [33, 593], [34, 594], [35, 595], [35, 596], [35, 597], [35, 598], [34, 599], [35, 600], [35, 601], [34, 602], [34, 603], [35, 604], [36, 605], [37, 606], [38, 607], [39, 608], [39, 609], [40, 609], [41, 610], [41, 611], [42, 612], [43, 613], [43, 614], [44, 615], [45, 616], [46, 617], [47, 618], [47, 617], [47, 616], [47, 615], [48, 614], [49, 613], [50, 613], [50, 612], [49, 612], [48, 611], [47, 612], [48, 613], [47, 614], [46, 614], [45, 614], [44, 613], [43, 612], [42, 611], [42, 610], [42, 609], [41, 608], [40, 607], [39, 606], [38, 605], [38, 604], [38, 603], [37, 602], [37, 601], [37, 600], [37, 599], [37, 598], [37, 597], [37, 596], [37, 595], [37, 594], [37, 593], [37, 592]]], [[[60, 611], [59, 612], [58, 612], [57, 612], [56, 612], [55, 612], [54, 612], [53, 612], [52, 612], [52, 613], [52, 614], [52, 615], [52, 616], [52, 617], [52, 618], [51, 619], [50, 620], [49, 619], [49, 620], [49, 621], [50, 622], [50, 623], [50, 624], [51, 625], [51, 626], [51, 627], [52, 628], [53, 629], [54, 630], [54, 631], [55, 631], [56, 632], [57, 632], [58, 633], [58, 634], [59, 635], [58, 636], [58, 637], [58, 638], [59, 639], [59, 640], [59, 641], [59, 642], [59, 641], [59, 640], [60, 639], [60, 638], [60, 637], [60, 636], [60, 635], [60, 634], [59, 633], [59, 632], [58, 631], [57, 630], [56, 630], [55, 629], [54, 628], [54, 627], [54, 626], [54, 625], [54, 624], [54, 623], [55, 622], [55, 621], [54, 620], [54, 619], [54, 618], [55, 617], [56, 616], [57, 616], [58, 615], [59, 615], [60, 615], [61, 614], [61, 613], [62, 612], [62, 611], [61, 611]], [[36, 592], [35, 593], [34, 593], [33, 593], [34, 594], [35, 595], [35, 596], [35, 597], [35, 598], [34, 599], [35, 600], [35, 601], [34, 602], [34, 603], [35, 604], [36, 605], [37, 606], [38, 607], [39, 608], [39, 609], [40, 609], [41, 610], [41, 611], [42, 612], [43, 613], [43, 614], [44, 615], [45, 616], [46, 617], [47, 618], [47, 617], [47, 616], [47, 615], [48, 614], [49, 613], [50, 613], [50, 612], [49, 612], [48, 611], [47, 612], [48, 613], [47, 614], [46, 614], [45, 614], [44, 613], [43, 612], [42, 611], [42, 610], [42, 609], [41, 608], [40, 607], [39, 606], [38, 605], [38, 604], [38, 603], [37, 602], [37, 601], [37, 600], [37, 599], [37, 598], [37, 597], [37, 596], [37, 595], [37, 594], [37, 593], [37, 592]]], [[[60, 611], [59, 612], [58, 612], [57, 612], [56, 612], [55, 612], [54, 612], [53, 612], [52, 612], [52, 613], [52, 614], [52, 615], [52, 616], [52, 617], [52, 618], [51, 619], [50, 620], [49, 619], [49, 620], [49, 621], [50, 622], [50, 623], [50, 624], [51, 625], [51, 626], [51, 627], [52, 628], [53, 629], [54, 630], [54, 631], [55, 631], [56, 632], [57, 632], [58, 633], [58, 634], [59, 635], [58, 636], [58, 637], [58, 638], [59, 639], [59, 640], [59, 641], [59, 642], [59, 641], [59, 640], [60, 639], [60, 638], [60, 637], [60, 636], [60, 635], [60, 634], [59, 633], [59, 632], [58, 631], [57, 630], [56, 630], [55, 629], [54, 628], [54, 627], [54, 626], [54, 625], [54, 624], [54, 623], [55, 622], [55, 621], [54, 620], [54, 619], [54, 618], [55, 617], [56, 616], [57, 616], [58, 615], [59, 615], [60, 615], [61, 614], [61, 613], [62, 612], [62, 611], [61, 611]]], [[[73, 602], [72, 603], [71, 603], [70, 604], [70, 605], [69, 606], [68, 606], [68, 607], [67, 608], [66, 609], [66, 610], [66, 611], [66, 612], [66, 613], [65, 614], [66, 615], [67, 616], [68, 616], [69, 616], [69, 615], [69, 614], [69, 613], [69, 612], [70, 611], [71, 611], [72, 611], [73, 610], [74, 610], [74, 609], [73, 608], [72, 607], [72, 606], [73, 605], [74, 604], [75, 604], [76, 604], [76, 603], [75, 602], [74, 602]]], []]","[157, 158, 159, 160, 161, 162, []]"
84,84,"[[[458, 579]], [[457, 580]], [[456, 581]], [[456, 582]], [[455, 583]], [[455, 584]], [[454, 585]], [[454, 586]], [[454, 587]], [[453, 588]], [[452, 587]], [[452, 588]], [[452, 589]], [[453, 590]], [[454, 591]], [[453, 592]], [[453, 593]], [[454, 594]], [[455, 595]], [[456, 596]], [[457, 597]], [[458, 597]], [[459, 598]], [[460, 599]], [[461, 598]], [[462, 598]], [[463, 597]], [[464, 597]], [[464, 596]], [[465, 595]], [[466, 594]], [[467, 594]], [[468, 593]], [[469, 592]], [[470, 591]], [[470, 590]], [[470, 589]], [[469, 588]], [[469, 587]], [[469, 586]], [[469, 585]], [[469, 584]], [[468, 583]], [[467, 582]], [[467, 581]], [[466, 580]], [[465, 580]], [[464, 580]], [[463, 579]], [[462, 579]], [[461, 579]], [[460, 579]], [[459, 579]]]",[[]],[]
85,85,"[[[690, 575]], [[689, 576]], [[688, 576]], [[687, 577]], [[686, 577]], [[685, 577]], [[684, 577]], [[683, 577]], [[682, 577]], [[681, 577]], [[680, 578]], [[680, 579]], [[680, 580]], [[680, 581]], [[679, 582]], [[679, 583]], [[679, 584]], [[679, 585]], [[679, 586]], [[678, 587]], [[678, 588]], [[678, 589]], [[678, 590]], [[677, 591]], [[676, 592]], [[675, 592]], [[674, 593]], [[674, 594]], [[673, 595]], [[672, 595]], [[671, 594]], [[670, 593]], [[671, 592]], [[670, 591]], [[670, 590]], [[670, 589]], [[670, 588]], [[669, 587]], [[669, 586]], [[668, 585]], [[667, 584]], [[666, 583]], [[665, 583]], [[664, 582]], [[663, 582]], [[662, 582]], [[661, 582]], [[660, 582]], [[659, 582]], [[658, 582]], [[657, 581]], [[656, 581]], [[655, 582]], [[654, 582]], [[653, 582]], [[652, 582]], [[651, 583]], [[650, 583]], [[650, 584]], [[649, 585]], [[649, 586]], [[648, 587]], [[647, 588]], [[647, 589]], [[646, 590]], [[646, 591]], [[646, 592]], [[646, 593]], [[645, 594]], [[644, 594]], [[643, 594]], [[642, 595]], [[641, 595]], [[640, 595]], [[639, 595]], [[638, 596]], [[637, 596]], [[636, 597]], [[636, 598]], [[635, 599]], [[635, 600]], [[634, 601]], [[634, 602]], [[633, 603]], [[633, 604]], [[632, 605]], [[631, 606]], [[631, 607]], [[631, 608]], [[630, 609]], [[630, 610]], [[629, 611]], [[628, 611]], [[628, 612]], [[628, 613]], [[628, 614]], [[628, 615]], [[628, 616]], [[628, 617]], [[629, 618]], [[628, 619]], [[629, 620]], [[629, 621]], [[630, 622]], [[630, 623]], [[630, 624]], [[630, 625]], [[631, 626]], [[630, 627]], [[630, 628]], [[630, 629]], [[629, 630]], [[628, 631]], [[627, 631]], [[627, 632]], [[626, 633]], [[626, 634]], [[626, 635]], [[626, 636]], [[625, 637]], [[625, 638]], [[625, 639]], [[626, 640]], [[626, 641]], [[626, 642]], [[626, 643]], [[627, 644]], [[627, 645]], [[627, 646]], [[626, 647]], [[625, 647]], [[625, 648]], [[625, 649]], [[625, 650]], [[625, 651]], [[625, 652]], [[625, 653]], [[625, 654]], [[625, 655]], [[625, 656]], [[625, 657]], [[626, 658]], [[627, 659]], [[627, 660]], [[628, 661]], [[628, 662]], [[629, 662]], [[630, 663]], [[629, 664]], [[629, 665]], [[630, 666]], [[631, 667]], [[631, 668]], [[632, 668]], [[633, 669]], [[634, 669]], [[635, 669]], [[636, 670]], [[636, 671]], [[637, 672]], [[637, 673]], [[638, 674]], [[638, 675]], [[639, 676]], [[639, 677]], [[640, 678]], [[641, 679]], [[641, 680]], [[641, 681]], [[642, 682]], [[642, 683]], [[643, 684]], [[644, 685]], [[645, 686]], [[646, 686]], [[647, 687]], [[648, 688]], [[649, 688]], [[650, 689]], [[651, 689]], [[652, 690]], [[653, 691]], [[654, 691]], [[655, 691]], [[656, 691]], [[657, 691]], [[658, 691]], [[659, 692]], [[660, 692]], [[661, 692]], [[662, 692]], [[663, 692]], [[664, 692]], [[665, 692]], [[666, 693]], [[667, 693]], [[668, 693]], [[669, 693]], [[670, 693]], [[671, 693]], [[672, 693]], [[673, 692]], [[674, 692]], [[675, 692]], [[676, 691]], [[677, 691]], [[678, 690]], [[679, 689]], [[680, 689]], [[681, 689]], [[682, 688]], [[683, 688]], [[684, 687]], [[685, 687]], [[686, 686]], [[687, 685]], [[688, 684]], [[688, 683]], [[689, 682]], [[689, 681]], [[689, 680]], [[690, 679]], [[691, 678]], [[691, 677]], [[692, 676]], [[692, 675]], [[692, 674]], [[692, 673]], [[691, 672]], [[691, 671]], [[691, 670]], [[691, 669]], [[690, 668]], [[690, 667]], [[689, 666]], [[688, 666]], [[687, 666]], [[686, 665]], [[686, 664]], [[685, 664]], [[684, 663]], [[685, 662]], [[686, 661]], [[687, 660]], [[688, 659]], [[689, 659]], [[690, 660]], [[690, 661]], [[691, 660]], [[692, 660]], [[693, 660]], [[694, 660]], [[695, 660]], [[696, 661]], [[697, 661]], [[698, 662]], [[699, 662]], [[700, 663]], [[701, 663]], [[702, 663]], [[703, 663]], [[704, 662]], [[705, 662]], [[706, 661]], [[707, 661]], [[708, 660]], [[708, 659]], [[708, 658]], [[709, 657]], [[710, 657]], [[711, 657]], [[712, 656]], [[713, 655]], [[714, 654]], [[715, 654]], [[715, 653]], [[716, 652]], [[716, 651]], [[717, 650]], [[716, 649]], [[715, 648]], [[714, 647]], [[714, 646]], [[714, 645]], [[714, 644]], [[715, 643]], [[716, 642]], [[717, 641]], [[717, 640]], [[717, 639]], [[717, 638]], [[718, 637]], [[719, 636]], [[719, 635]], [[719, 634]], [[719, 633]], [[720, 632]], [[720, 631]], [[720, 630]], [[719, 629]], [[720, 628]], [[721, 627]], [[721, 626]], [[722, 625]], [[721, 624]], [[721, 623]], [[721, 622]], [[722, 621]], [[722, 620]], [[722, 619]], [[721, 618]], [[721, 617]], [[721, 616]], [[721, 615]], [[720, 614]], [[720, 613]], [[719, 612]], [[719, 611]], [[719, 610]], [[718, 609]], [[718, 608]], [[717, 607]], [[717, 606]], [[716, 605]], [[716, 604]], [[716, 603]], [[716, 602]], [[715, 601]], [[715, 600]], [[715, 599]], [[715, 598]], [[715, 597]], [[714, 596]], [[714, 595]], [[713, 594]], [[713, 593]], [[713, 592]], [[712, 591]], [[712, 590]], [[712, 589]], [[711, 588]], [[711, 587]], [[710, 586]], [[709, 586]], [[708, 586]], [[707, 585]], [[706, 585]], [[705, 585]], [[704, 586]], [[703, 586]], [[702, 586]], [[701, 587]], [[700, 587]], [[699, 588]], [[698, 588]], [[697, 587]], [[696, 586]], [[695, 586]], [[694, 586]], [[693, 585]], [[694, 584]], [[695, 583]], [[695, 582]], [[695, 581]], [[696, 580]], [[697, 579]], [[697, 578]], [[696, 577]], [[695, 576]], [[694, 575]], [[693, 575]], [[692, 575]], [[691, 575]]]","[[], [[[657, 577], [656, 578], [655, 578], [654, 578], [653, 579], [652, 579], [651, 579], [650, 579], [649, 579], [648, 579], [648, 580], [647, 581], [646, 581], [645, 581], [644, 581], [643, 581], [642, 581], [641, 582], [640, 583], [639, 583], [638, 583], [637, 584], [636, 585], [635, 585], [634, 584], [633, 584], [632, 585], [631, 585], [630, 585], [629, 584], [629, 583], [628, 582], [627, 583], [627, 584], [627, 585], [628, 586], [629, 587], [630, 587], [631, 587], [632, 587], [633, 587], [634, 587], [635, 587], [636, 587], [637, 588], [637, 589], [637, 590], [636, 591], [635, 592], [635, 593], [635, 594], [635, 595], [635, 596], [636, 596], [637, 595], [638, 595], [638, 594], [639, 593], [639, 592], [639, 591], [638, 590], [638, 589], [639, 588], [640, 587], [641, 587], [642, 586], [643, 585], [644, 584], [645, 584], [646, 584], [647, 583], [648, 582], [649, 582], [650, 582], [651, 582], [652, 581], [653, 581], [654, 581], [655, 581], [656, 580], [657, 580], [658, 581], [659, 581], [660, 581], [660, 580], [659, 579], [659, 578], [658, 577]]], [[[627, 609], [626, 610], [626, 611], [626, 612], [625, 613], [624, 613], [623, 614], [622, 615], [621, 615], [621, 616], [621, 617], [620, 618], [620, 619], [621, 618], [622, 618], [623, 617], [624, 616], [625, 616], [626, 616], [627, 616], [627, 615], [627, 614], [627, 613], [627, 612], [627, 611], [627, 610]]], [[[719, 637], [719, 638], [719, 639], [718, 640], [718, 641], [718, 642], [719, 643], [720, 643], [721, 644], [722, 644], [723, 643], [724, 644], [724, 645], [725, 646], [726, 647], [726, 648], [727, 648], [728, 649], [729, 649], [729, 648], [729, 647], [728, 646], [727, 646], [726, 645], [725, 644], [724, 643], [724, 642], [723, 643], [722, 642], [721, 642], [720, 642], [719, 641], [719, 640], [720, 639], [720, 638], [720, 637]]], [[[710, 581], [709, 582], [709, 583], [710, 584], [711, 584], [712, 585], [712, 586], [713, 587], [714, 588], [715, 589], [716, 590], [716, 591], [717, 592], [718, 593], [718, 592], [718, 591], [717, 590], [717, 589], [717, 588], [716, 587], [715, 586], [714, 585], [713, 584], [712, 583], [712, 582], [711, 581]]], [[[704, 573], [703, 574], [702, 574], [701, 575], [700, 575], [699, 575], [699, 576], [700, 576], [701, 576], [702, 576], [703, 577], [704, 578], [705, 579], [705, 580], [704, 581], [704, 582], [704, 583], [705, 584], [705, 583], [705, 582], [705, 581], [705, 580], [705, 579], [705, 578], [705, 577], [706, 576], [707, 575], [708, 575], [709, 576], [710, 577], [711, 576], [711, 575], [710, 575], [709, 574], [708, 575], [707, 575], [706, 574], [706, 573], [705, 573]]]]","[[], 163, 164, 165, 166, 167]"
86,86,"[[[652, 558]], [[651, 559]], [[650, 559]], [[649, 559]], [[648, 559]], [[647, 560]], [[646, 560]], [[645, 560]], [[644, 560]], [[643, 560]], [[642, 560]], [[641, 561]], [[640, 561]], [[639, 562]], [[638, 562]], [[637, 562]], [[636, 562]], [[635, 563]], [[634, 563]], [[633, 563]], [[632, 563]], [[631, 564]], [[630, 564]], [[629, 564]], [[628, 565]], [[628, 566]], [[627, 567]], [[626, 567]], [[626, 568]], [[626, 569]], [[626, 570]], [[626, 571]], [[626, 572]], [[627, 573]], [[627, 574]], [[627, 575]], [[628, 576]], [[628, 577]], [[628, 578]], [[628, 579]], [[628, 580]], [[628, 581]], [[629, 582]], [[630, 582]], [[631, 582]], [[632, 582]], [[633, 582]], [[634, 582]], [[635, 582]], [[636, 582]], [[637, 582]], [[638, 582]], [[639, 581]], [[640, 581]], [[641, 581]], [[642, 580]], [[643, 580]], [[644, 579]], [[645, 580]], [[646, 579]], [[647, 578]], [[648, 578]], [[649, 578]], [[650, 578]], [[651, 578]], [[652, 578]], [[653, 577]], [[654, 577]], [[655, 577]], [[656, 577]], [[657, 576]], [[658, 576]], [[659, 577]], [[660, 576]], [[661, 575]], [[662, 574]], [[662, 573]], [[663, 572]], [[663, 571]], [[663, 570]], [[663, 569]], [[664, 568]], [[664, 567]], [[663, 567]], [[662, 567]], [[661, 566]], [[660, 565]], [[659, 564]], [[658, 563]], [[658, 562]], [[658, 561]], [[657, 561]], [[656, 560]], [[655, 559]], [[654, 558]], [[653, 558]]]","[[], [[[657, 577], [656, 578], [655, 578], [654, 578], [653, 579], [652, 579], [651, 579], [650, 579], [649, 579], [648, 579], [648, 580], [647, 581], [646, 581], [645, 581], [644, 581], [643, 581], [642, 581], [641, 582], [640, 583], [639, 583], [638, 583], [637, 584], [636, 585], [635, 585], [634, 584], [633, 584], [632, 585], [631, 585], [630, 585], [629, 584], [629, 583], [628, 582], [627, 583], [627, 584], [627, 585], [628, 586], [629, 587], [630, 587], [631, 587], [632, 587], [633, 587], [634, 587], [635, 587], [636, 587], [637, 588], [637, 589], [637, 590], [636, 591], [635, 592], [635, 593], [635, 594], [635, 595], [635, 596], [636, 596], [637, 595], [638, 595], [638, 594], [639, 593], [639, 592], [639, 591], [638, 590], [638, 589], [639, 588], [640, 587], [641, 587], [642, 586], [643, 585], [644, 584], [645, 584], [646, 584], [647, 583], [648, 582], [649, 582], [650, 582], [651, 582], [652, 581], [653, 581], [654, 581], [655, 581], [656, 580], [657, 580], [658, 581], [659, 581], [660, 581], [660, 580], [659, 579], [659, 578], [658, 577]]]]","[[], 163]"
87,87,"[[[386, 552]], [[385, 553]], [[384, 553]], [[383, 554]], [[382, 554]], [[381, 554]], [[381, 555]], [[381, 556]], [[380, 557]], [[379, 558]], [[378, 559]], [[377, 560]], [[377, 561]], [[377, 562]], [[377, 563]], [[376, 564]], [[375, 565]], [[374, 565]], [[373, 566]], [[372, 567]], [[372, 568]], [[371, 569]], [[370, 570]], [[370, 571]], [[370, 572]], [[369, 573]], [[369, 574]], [[370, 575]], [[370, 576]], [[371, 577]], [[371, 578]], [[371, 579]], [[371, 580]], [[370, 581]], [[369, 582]], [[369, 583]], [[370, 584]], [[371, 585]], [[371, 586]], [[371, 587]], [[371, 588]], [[372, 589]], [[372, 590]], [[372, 591]], [[371, 592]], [[371, 593]], [[370, 594]], [[370, 595]], [[369, 596]], [[369, 597]], [[369, 598]], [[369, 599]], [[369, 600]], [[368, 601]], [[368, 602]], [[369, 603]], [[369, 604]], [[368, 605]], [[368, 606]], [[368, 607]], [[367, 608]], [[367, 609]], [[367, 610]], [[368, 611]], [[368, 612]], [[368, 613]], [[368, 614]], [[368, 615]], [[369, 616]], [[370, 617]], [[371, 618]], [[372, 619]], [[372, 620]], [[373, 621]], [[374, 621]], [[375, 622]], [[375, 623]], [[376, 624]], [[376, 625]], [[377, 626]], [[377, 627]], [[377, 628]], [[377, 629]], [[378, 630]], [[378, 631]], [[379, 631]], [[380, 632]], [[380, 633]], [[380, 634]], [[381, 634]], [[382, 634]], [[383, 635]], [[383, 636]], [[384, 637]], [[384, 638]], [[385, 638]], [[386, 638]], [[387, 638]], [[388, 638]], [[389, 638]], [[390, 639]], [[391, 639]], [[392, 639]], [[393, 639]], [[394, 638]], [[395, 638]], [[396, 637]], [[397, 636]], [[398, 635]], [[399, 635]], [[400, 635]], [[401, 635]], [[402, 635]], [[403, 635]], [[404, 635]], [[405, 635]], [[406, 635]], [[407, 635]], [[408, 635]], [[409, 634]], [[410, 634]], [[411, 634]], [[412, 633]], [[413, 633]], [[414, 632]], [[415, 631]], [[416, 631]], [[417, 631]], [[418, 630]], [[419, 629]], [[419, 628]], [[419, 627]], [[419, 626]], [[419, 625]], [[419, 624]], [[419, 623]], [[419, 622]], [[419, 621]], [[419, 620]], [[419, 619]], [[420, 618]], [[421, 617]], [[422, 617]], [[423, 617]], [[424, 616]], [[425, 615]], [[426, 615]], [[427, 615]], [[428, 614]], [[429, 614]], [[430, 615]], [[431, 616]], [[432, 617]], [[433, 617]], [[434, 618]], [[435, 619]], [[436, 619]], [[437, 619]], [[438, 618]], [[439, 618]], [[439, 617]], [[440, 616]], [[441, 615]], [[441, 614]], [[441, 613]], [[441, 612]], [[441, 611]], [[441, 610]], [[441, 609]], [[441, 608]], [[441, 607]], [[441, 606]], [[441, 605]], [[441, 604]], [[442, 603]], [[443, 602]], [[443, 601]], [[444, 600]], [[444, 599]], [[444, 598]], [[444, 597]], [[444, 596]], [[445, 595]], [[444, 594]], [[443, 593]], [[442, 593]], [[441, 593]], [[440, 592]], [[441, 591]], [[440, 590]], [[439, 590]], [[438, 590]], [[437, 590]], [[436, 589]], [[435, 588]], [[435, 587]], [[434, 586]], [[434, 585]], [[433, 584]], [[432, 583]], [[431, 582]], [[431, 581]], [[430, 580]], [[430, 579]], [[430, 578]], [[430, 577]], [[431, 576]], [[431, 575]], [[431, 574]], [[431, 573]], [[432, 572]], [[433, 571]], [[432, 570]], [[431, 569]], [[432, 568]], [[431, 567]], [[431, 566]], [[430, 565]], [[429, 564]], [[429, 563]], [[428, 563]], [[427, 562]], [[426, 561]], [[425, 560]], [[424, 559]], [[423, 559]], [[422, 559]], [[421, 560]], [[420, 560]], [[419, 560]], [[418, 559]], [[417, 559]], [[416, 559]], [[415, 559]], [[414, 559]], [[413, 559]], [[412, 560]], [[411, 560]], [[410, 560]], [[409, 561]], [[408, 561]], [[407, 561]], [[406, 562]], [[405, 562]], [[404, 562]], [[404, 563]], [[403, 564]], [[402, 564]], [[401, 564]], [[400, 563]], [[399, 562]], [[398, 562]], [[397, 561]], [[396, 561]], [[395, 560]], [[395, 559]], [[394, 558]], [[394, 557]], [[393, 556]], [[392, 555]], [[392, 554]], [[391, 553]], [[390, 552]], [[389, 552]], [[388, 552]], [[387, 552]]]","[[[[382, 549], [381, 550], [380, 551], [379, 552], [378, 553], [378, 554], [378, 555], [379, 556], [378, 557], [377, 557], [376, 557], [375, 556], [374, 555], [373, 554], [372, 555], [371, 556], [372, 557], [372, 558], [373, 558], [374, 559], [375, 560], [375, 561], [375, 562], [376, 563], [376, 562], [376, 561], [376, 560], [377, 559], [378, 558], [379, 557], [380, 556], [380, 555], [380, 554], [381, 553], [382, 552], [383, 552], [384, 552], [385, 552], [386, 551], [387, 551], [386, 551], [385, 551], [384, 551], [383, 550], [383, 549]]], [], [[[364, 594], [364, 595], [363, 596], [362, 596], [361, 597], [360, 598], [360, 599], [360, 600], [361, 601], [361, 602], [362, 603], [362, 604], [363, 603], [363, 602], [364, 601], [365, 601], [366, 601], [367, 600], [368, 600], [368, 599], [368, 598], [368, 597], [368, 596], [367, 596], [366, 596], [365, 595], [365, 594]]], [[[373, 623], [373, 624], [373, 625], [373, 626], [374, 627], [375, 628], [375, 629], [375, 630], [375, 631], [375, 632], [376, 633], [377, 634], [378, 635], [377, 636], [376, 637], [375, 636], [374, 636], [375, 637], [376, 637], [377, 637], [378, 637], [379, 638], [379, 637], [380, 636], [381, 636], [382, 637], [382, 638], [383, 639], [384, 639], [385, 639], [386, 640], [385, 639], [384, 639], [383, 638], [383, 637], [382, 636], [381, 636], [380, 635], [379, 634], [379, 633], [379, 632], [378, 632], [377, 631], [377, 630], [376, 629], [376, 628], [376, 627], [376, 626], [375, 625], [375, 624], [374, 623]]]]","[169, [], 170, 171]"
88,88,"[[[208, 542]], [[208, 543]], [[207, 544]], [[207, 545]], [[207, 546]], [[207, 547]], [[206, 548]], [[206, 549]], [[206, 550]], [[206, 551]], [[206, 552]], [[205, 553]], [[204, 554]], [[203, 554]], [[203, 555]], [[204, 556]], [[205, 557]], [[204, 558]], [[203, 559]], [[202, 560]], [[202, 561]], [[202, 562]], [[201, 563]], [[200, 564]], [[200, 565]], [[199, 566]], [[198, 567]], [[198, 568]], [[198, 569]], [[197, 570]], [[197, 571]], [[196, 572]], [[195, 572]], [[195, 573]], [[194, 574]], [[194, 575]], [[194, 576]], [[194, 577]], [[193, 578]], [[192, 579]], [[191, 579]], [[191, 580]], [[191, 581]], [[191, 582]], [[191, 583]], [[191, 584]], [[192, 585]], [[193, 586]], [[194, 587]], [[195, 588]], [[195, 589]], [[196, 590]], [[197, 591]], [[197, 592]], [[196, 593]], [[195, 592]], [[194, 592]], [[193, 593]], [[192, 594]], [[191, 594]], [[190, 594]], [[189, 595]], [[188, 595]], [[188, 596]], [[187, 597]], [[187, 598]], [[187, 599]], [[187, 600]], [[187, 601]], [[187, 602]], [[187, 603]], [[187, 604]], [[187, 605]], [[188, 606]], [[188, 607]], [[188, 608]], [[188, 609]], [[189, 610]], [[190, 610]], [[191, 611]], [[192, 612]], [[192, 613]], [[192, 614]], [[193, 615]], [[194, 616]], [[195, 617]], [[196, 618]], [[197, 618]], [[198, 619]], [[199, 619]], [[200, 619]], [[201, 620]], [[202, 620]], [[203, 620]], [[204, 621]], [[205, 621]], [[206, 621]], [[207, 621]], [[208, 621]], [[209, 621]], [[210, 622]], [[211, 622]], [[212, 622]], [[213, 622]], [[214, 621]], [[215, 621]], [[216, 621]], [[217, 621]], [[218, 620]], [[219, 620]], [[220, 619]], [[221, 618]], [[222, 617]], [[223, 616]], [[224, 615]], [[225, 614]], [[226, 613]], [[227, 613]], [[228, 612]], [[228, 611]], [[229, 610]], [[230, 609]], [[231, 608]], [[232, 607]], [[232, 606]], [[232, 605]], [[232, 604]], [[231, 603]], [[231, 602]], [[231, 601]], [[230, 600]], [[230, 599]], [[229, 598]], [[228, 597]], [[227, 596]], [[226, 596]], [[225, 596]], [[224, 596]], [[223, 597]], [[222, 597]], [[221, 597]], [[220, 597]], [[219, 597]], [[218, 597]], [[217, 598]], [[216, 598]], [[215, 598]], [[214, 598]], [[213, 598]], [[212, 597]], [[211, 596]], [[210, 595]], [[210, 594]], [[211, 593]], [[211, 592]], [[211, 591]], [[211, 590]], [[211, 589]], [[211, 588]], [[211, 587]], [[211, 586]], [[211, 585]], [[211, 584]], [[211, 583]], [[211, 582]], [[211, 581]], [[211, 580]], [[211, 579]], [[211, 578]], [[211, 577]], [[212, 576]], [[212, 575]], [[213, 574]], [[214, 574]], [[214, 573]], [[215, 572]], [[215, 571]], [[215, 570]], [[215, 569]], [[216, 568]], [[216, 567]], [[217, 566]], [[217, 565]], [[217, 564]], [[217, 563]], [[217, 562]], [[217, 561]], [[217, 560]], [[217, 559]], [[218, 558]], [[218, 557]], [[219, 556]], [[220, 555]], [[220, 554]], [[220, 553]], [[220, 552]], [[221, 551]], [[222, 550]], [[222, 549]], [[222, 548]], [[222, 547]], [[223, 546]], [[222, 545]], [[221, 544]], [[220, 543]], [[219, 543]], [[218, 542]], [[217, 542]], [[216, 542]], [[215, 542]], [[214, 542]], [[213, 542]], [[212, 543]], [[211, 543]], [[210, 543]], [[209, 542]]]","[[[[215, 529], [214, 530], [213, 531], [213, 532], [212, 533], [211, 533], [210, 532], [209, 532], [210, 533], [209, 534], [210, 535], [210, 536], [209, 537], [208, 538], [208, 539], [208, 540], [207, 541], [206, 541], [205, 541], [204, 541], [203, 541], [204, 542], [205, 543], [206, 543], [207, 542], [207, 541], [208, 540], [209, 541], [210, 542], [211, 542], [212, 542], [213, 541], [214, 541], [215, 541], [216, 541], [217, 541], [218, 541], [217, 541], [216, 540], [215, 539], [215, 538], [215, 537], [214, 537], [213, 537], [212, 536], [211, 535], [212, 534], [213, 534], [214, 534], [215, 534], [216, 534], [216, 533], [216, 532], [217, 531], [218, 530], [219, 529], [218, 529], [217, 529], [216, 529]]], [[[201, 553], [201, 554], [201, 555], [200, 556], [199, 556], [199, 557], [199, 558], [198, 559], [197, 560], [197, 561], [197, 562], [196, 563], [196, 564], [195, 565], [194, 565], [193, 565], [193, 566], [192, 567], [191, 568], [191, 569], [192, 570], [192, 571], [192, 572], [191, 573], [190, 573], [189, 572], [188, 573], [188, 574], [188, 575], [189, 575], [190, 576], [190, 577], [189, 578], [188, 578], [187, 578], [187, 579], [188, 579], [189, 580], [189, 581], [189, 582], [188, 583], [187, 583], [186, 583], [186, 584], [187, 584], [188, 585], [188, 586], [189, 586], [190, 587], [189, 588], [188, 588], [187, 589], [188, 589], [189, 590], [189, 591], [189, 592], [189, 593], [190, 593], [191, 593], [192, 593], [193, 592], [194, 591], [195, 591], [196, 592], [196, 591], [195, 590], [194, 589], [194, 588], [193, 587], [192, 586], [191, 585], [190, 584], [190, 583], [190, 582], [190, 581], [190, 580], [190, 579], [191, 578], [192, 578], [193, 577], [193, 576], [193, 575], [193, 574], [194, 573], [194, 572], [195, 571], [196, 571], [196, 570], [197, 569], [197, 568], [197, 567], [198, 566], [199, 565], [199, 564], [200, 563], [201, 562], [201, 561], [201, 560], [202, 559], [203, 558], [204, 557], [203, 556], [202, 555], [202, 554]]], []]","[172, 173, []]"
89,89,"[[[336, 528]], [[335, 529]], [[334, 529]], [[333, 530]], [[332, 530]], [[331, 531]], [[330, 531]], [[329, 532]], [[328, 532]], [[327, 533]], [[326, 533]], [[325, 534]], [[324, 534]], [[323, 535]], [[322, 535]], [[321, 535]], [[320, 534]], [[319, 534]], [[318, 534]], [[317, 534]], [[316, 534]], [[315, 535]], [[314, 535]], [[313, 534]], [[312, 535]], [[311, 535]], [[310, 535]], [[309, 536]], [[308, 536]], [[307, 537]], [[306, 537]], [[305, 538]], [[304, 539]], [[303, 539]], [[303, 540]], [[302, 541]], [[302, 542]], [[301, 543]], [[301, 544]], [[300, 545]], [[300, 546]], [[300, 547]], [[300, 548]], [[300, 549]], [[299, 550]], [[299, 551]], [[300, 552]], [[299, 553]], [[299, 554]], [[299, 555]], [[299, 556]], [[298, 557]], [[297, 558]], [[297, 559]], [[296, 560]], [[295, 560]], [[295, 561]], [[294, 562]], [[293, 562]], [[292, 562]], [[291, 563]], [[290, 563]], [[290, 564]], [[289, 565]], [[289, 566]], [[289, 567]], [[289, 568]], [[289, 569]], [[289, 570]], [[289, 571]], [[289, 572]], [[289, 573]], [[289, 574]], [[290, 575]], [[291, 576]], [[292, 576]], [[293, 577]], [[294, 578]], [[294, 579]], [[294, 580]], [[294, 581]], [[294, 582]], [[295, 583]], [[295, 584]], [[295, 585]], [[295, 586]], [[295, 587]], [[295, 588]], [[295, 589]], [[295, 590]], [[296, 590]], [[297, 590]], [[298, 590]], [[299, 589]], [[298, 588]], [[299, 587]], [[300, 586]], [[299, 585]], [[299, 584]], [[300, 583]], [[300, 582]], [[299, 582]], [[298, 581]], [[298, 580]], [[297, 579]], [[298, 578]], [[299, 577]], [[300, 576]], [[301, 576]], [[302, 575]], [[303, 575]], [[304, 575]], [[305, 576]], [[305, 577]], [[306, 578]], [[307, 578]], [[308, 578]], [[309, 578]], [[310, 579]], [[310, 580]], [[310, 581]], [[310, 582]], [[310, 583]], [[311, 584]], [[312, 585]], [[312, 586]], [[312, 587]], [[313, 587]], [[314, 587]], [[315, 588]], [[316, 589]], [[317, 588]], [[318, 589]], [[319, 589]], [[320, 589]], [[321, 589]], [[322, 589]], [[323, 588]], [[324, 588]], [[325, 588]], [[326, 587]], [[327, 587]], [[327, 586]], [[328, 585]], [[329, 585]], [[330, 586]], [[331, 587]], [[332, 588]], [[333, 588]], [[334, 589]], [[335, 589]], [[336, 589]], [[337, 590]], [[338, 590]], [[339, 590]], [[340, 589]], [[341, 588]], [[341, 587]], [[341, 586]], [[342, 585]], [[343, 584]], [[344, 584]], [[345, 583]], [[344, 582]], [[343, 581]], [[344, 580]], [[344, 579]], [[344, 578]], [[344, 577]], [[344, 576]], [[344, 575]], [[344, 574]], [[345, 573]], [[346, 572]], [[346, 571]], [[346, 570]], [[346, 569]], [[346, 568]], [[347, 567]], [[348, 567]], [[349, 567]], [[350, 566]], [[351, 565]], [[352, 564]], [[353, 564]], [[353, 563]], [[353, 562]], [[354, 561]], [[354, 560]], [[355, 559]], [[355, 558]], [[355, 557]], [[355, 556]], [[356, 555]], [[357, 555]], [[358, 554]], [[358, 553]], [[358, 552]], [[359, 551]], [[360, 550]], [[360, 549]], [[359, 548]], [[359, 547]], [[359, 546]], [[359, 545]], [[358, 544]], [[357, 543]], [[356, 542]], [[355, 541]], [[354, 540]], [[353, 539]], [[352, 538]], [[351, 538]], [[350, 537]], [[350, 536]], [[349, 535]], [[348, 535]], [[347, 534]], [[346, 534]], [[345, 533]], [[344, 532]], [[343, 532]], [[342, 531]], [[341, 530]], [[340, 529]], [[339, 529]], [[338, 528]], [[337, 528]]]","[[], [[[313, 530], [312, 531], [311, 532], [310, 533], [309, 534], [308, 534], [307, 534], [306, 533], [305, 532], [304, 532], [303, 533], [303, 534], [304, 535], [305, 536], [306, 536], [307, 536], [308, 535], [309, 535], [310, 534], [311, 534], [312, 534], [313, 533], [314, 533], [315, 532], [316, 532], [317, 532], [318, 533], [319, 532], [318, 531], [317, 531], [316, 532], [315, 532], [314, 531]]], [[[287, 573], [287, 574], [288, 575], [289, 576], [290, 577], [291, 577], [292, 578], [291, 579], [291, 580], [290, 581], [290, 582], [291, 583], [291, 584], [291, 585], [292, 586], [292, 587], [292, 588], [293, 589], [293, 590], [293, 591], [293, 592], [293, 593], [294, 593], [295, 594], [296, 594], [297, 593], [298, 592], [297, 592], [296, 592], [295, 592], [294, 591], [294, 590], [294, 589], [294, 588], [294, 587], [294, 586], [294, 585], [294, 584], [294, 583], [293, 582], [293, 581], [293, 580], [293, 579], [293, 578], [292, 577], [291, 577], [290, 576], [289, 575], [288, 574], [288, 573]]], [[[303, 581], [303, 582], [302, 583], [301, 583], [300, 584], [300, 585], [301, 586], [300, 587], [299, 588], [300, 589], [301, 588], [301, 587], [302, 586], [303, 586], [304, 585], [305, 585], [306, 586], [305, 587], [305, 588], [306, 589], [307, 590], [308, 591], [309, 590], [309, 589], [308, 589], [307, 588], [306, 587], [306, 586], [306, 585], [306, 584], [305, 585], [304, 584], [304, 583], [304, 582]]]]","[[], 174, 175, 176]"
90,90,"[[[165, 525]], [[164, 526]], [[163, 527]], [[162, 527]], [[162, 528]], [[161, 529]], [[160, 530]], [[159, 531]], [[158, 532]], [[157, 533]], [[157, 534]], [[156, 535]], [[155, 535]], [[154, 535]], [[153, 536]], [[152, 536]], [[152, 537]], [[151, 538]], [[150, 538]], [[150, 539]], [[150, 540]], [[150, 541]], [[149, 542]], [[148, 543]], [[147, 544]], [[146, 545]], [[145, 546]], [[145, 547]], [[145, 548]], [[144, 549]], [[143, 550]], [[143, 551]], [[143, 552]], [[144, 553]], [[145, 554]], [[146, 555]], [[146, 556]], [[147, 557]], [[148, 558]], [[149, 559]], [[150, 559]], [[151, 559]], [[152, 559]], [[153, 559]], [[154, 560]], [[155, 560]], [[156, 560]], [[157, 560]], [[158, 560]], [[159, 561]], [[160, 561]], [[161, 561]], [[162, 561]], [[163, 560]], [[164, 560]], [[165, 559]], [[166, 559]], [[167, 558]], [[168, 557]], [[168, 556]], [[169, 555]], [[170, 554]], [[171, 553]], [[171, 552]], [[171, 551]], [[171, 550]], [[171, 549]], [[172, 548]], [[171, 547]], [[171, 546]], [[172, 545]], [[171, 544]], [[171, 543]], [[171, 542]], [[172, 541]], [[171, 540]], [[170, 539]], [[170, 538]], [[170, 537]], [[170, 536]], [[169, 535]], [[169, 534]], [[169, 533]], [[169, 532]], [[168, 531]], [[168, 530]], [[168, 529]], [[168, 528]], [[168, 527]], [[167, 526]], [[166, 525]]]","[[], [[[172, 539], [172, 540], [173, 541], [172, 542], [172, 543], [172, 544], [173, 544], [174, 545], [173, 546], [172, 546], [172, 547], [173, 548], [173, 549], [173, 550], [173, 551], [172, 552], [172, 553], [171, 554], [170, 555], [170, 556], [169, 557], [168, 558], [168, 559], [169, 558], [170, 559], [171, 558], [171, 557], [171, 556], [171, 555], [171, 554], [172, 553], [173, 554], [174, 554], [175, 553], [176, 553], [177, 553], [176, 552], [176, 551], [175, 550], [174, 549], [175, 548], [176, 548], [177, 549], [177, 548], [176, 547], [175, 546], [175, 545], [174, 544], [173, 543], [173, 542], [173, 541], [174, 540], [175, 540], [174, 539], [173, 539]]]]","[[], 177]"
91,91,"[[[56, 525]], [[55, 526]], [[54, 526]], [[54, 527]], [[53, 528]], [[53, 529]], [[52, 530]], [[52, 531]], [[52, 532]], [[52, 533]], [[52, 534]], [[53, 535]], [[53, 536]], [[53, 537]], [[54, 538]], [[54, 539]], [[54, 540]], [[54, 541]], [[55, 542]], [[55, 543]], [[55, 544]], [[55, 545]], [[55, 546]], [[56, 547]], [[56, 548]], [[57, 549]], [[57, 550]], [[57, 551]], [[57, 552]], [[57, 553]], [[58, 554]], [[58, 555]], [[58, 556]], [[58, 557]], [[59, 558]], [[59, 559]], [[59, 560]], [[60, 561]], [[60, 562]], [[60, 563]], [[60, 564]], [[61, 565]], [[61, 566]], [[62, 566]], [[63, 566]], [[64, 565]], [[65, 565]], [[66, 566]], [[67, 566]], [[68, 565]], [[69, 565]], [[70, 565]], [[71, 565]], [[72, 565]], [[73, 565]], [[74, 564]], [[75, 564]], [[76, 564]], [[77, 565]], [[78, 566]], [[78, 567]], [[78, 568]], [[79, 569]], [[79, 570]], [[79, 571]], [[79, 572]], [[79, 573]], [[80, 574]], [[80, 575]], [[81, 576]], [[82, 576]], [[83, 577]], [[83, 578]], [[84, 579]], [[84, 580]], [[84, 581]], [[84, 582]], [[85, 583]], [[84, 584]], [[84, 585]], [[85, 586]], [[86, 587]], [[86, 588]], [[86, 589]], [[86, 590]], [[85, 591]], [[84, 590]], [[83, 591]], [[82, 591]], [[81, 592]], [[80, 593]], [[79, 592]], [[78, 592]], [[77, 593]], [[76, 594]], [[77, 595]], [[78, 596]], [[78, 597]], [[78, 598]], [[79, 599]], [[79, 600]], [[80, 599]], [[81, 599]], [[82, 600]], [[83, 600]], [[84, 600]], [[85, 600]], [[86, 600]], [[87, 600]], [[88, 599]], [[89, 599]], [[90, 598]], [[91, 598]], [[92, 599]], [[92, 600]], [[92, 601]], [[92, 602]], [[92, 603]], [[93, 604]], [[94, 604]], [[95, 604]], [[96, 605]], [[97, 605]], [[98, 606]], [[99, 606]], [[100, 606]], [[101, 606]], [[102, 607]], [[102, 608]], [[101, 609]], [[101, 610]], [[100, 611]], [[100, 612]], [[99, 613]], [[100, 614]], [[101, 615]], [[102, 615]], [[103, 616]], [[103, 617]], [[103, 618]], [[103, 619]], [[104, 620]], [[105, 619]], [[106, 619]], [[107, 619]], [[108, 620]], [[109, 620]], [[110, 621]], [[111, 621]], [[112, 622]], [[113, 623]], [[114, 623]], [[115, 623]], [[116, 623]], [[117, 624]], [[118, 623]], [[119, 623]], [[120, 623]], [[121, 622]], [[122, 621]], [[122, 620]], [[123, 619]], [[124, 618]], [[125, 617]], [[126, 616]], [[126, 615]], [[127, 614]], [[127, 613]], [[128, 612]], [[129, 611]], [[129, 610]], [[129, 609]], [[130, 608]], [[130, 607]], [[131, 606]], [[132, 605]], [[132, 604]], [[132, 603]], [[132, 602]], [[133, 601]], [[133, 600]], [[134, 599]], [[134, 598]], [[134, 597]], [[135, 596]], [[136, 595]], [[136, 594]], [[137, 593]], [[137, 592]], [[138, 591]], [[139, 590]], [[140, 589]], [[140, 588]], [[141, 587]], [[141, 586]], [[141, 585]], [[141, 584]], [[141, 583]], [[141, 582]], [[141, 581]], [[141, 580]], [[141, 579]], [[141, 578]], [[141, 577]], [[140, 576]], [[140, 575]], [[139, 574]], [[139, 573]], [[138, 572]], [[138, 571]], [[137, 570]], [[136, 570]], [[135, 569]], [[134, 569]], [[133, 568]], [[132, 568]], [[131, 567]], [[130, 568]], [[129, 567]], [[128, 568]], [[127, 567]], [[126, 567]], [[125, 567]], [[124, 567]], [[123, 567]], [[122, 567]], [[121, 566]], [[120, 566]], [[119, 566]], [[118, 565]], [[117, 565]], [[116, 565]], [[115, 564]], [[114, 564]], [[113, 564]], [[112, 563]], [[111, 562]], [[111, 563]], [[111, 564]], [[110, 565]], [[109, 565]], [[108, 565]], [[107, 565]], [[107, 566]], [[106, 567]], [[105, 567]], [[104, 566]], [[104, 565]], [[103, 564]], [[104, 563]], [[105, 562]], [[106, 562]], [[107, 562]], [[108, 561]], [[109, 561]], [[109, 560]], [[108, 561]], [[107, 561]], [[106, 562]], [[105, 561]], [[105, 560]], [[105, 559]], [[106, 558]], [[107, 557]], [[108, 557]], [[109, 557]], [[110, 557]], [[111, 556]], [[112, 555]], [[111, 555]], [[110, 555]], [[109, 554]], [[109, 553]], [[110, 552]], [[111, 551]], [[112, 551]], [[112, 550]], [[112, 549]], [[112, 548]], [[112, 547]], [[112, 546]], [[112, 545]], [[111, 544]], [[110, 544]], [[109, 544]], [[108, 543]], [[107, 542]], [[106, 541]], [[105, 541]], [[104, 541]], [[103, 541]], [[102, 540]], [[101, 540]], [[100, 539]], [[100, 538]], [[100, 537]], [[100, 536]], [[100, 535]], [[99, 535]], [[98, 536]], [[98, 537]], [[99, 538]], [[98, 539]], [[97, 540]], [[96, 541]], [[96, 542]], [[95, 543]], [[95, 544]], [[95, 545]], [[94, 546]], [[94, 547]], [[94, 548]], [[94, 549]], [[94, 550]], [[94, 551]], [[94, 552]], [[95, 552]], [[96, 553]], [[97, 554]], [[96, 555]], [[95, 555]], [[94, 555]], [[93, 555]], [[92, 555]], [[91, 554]], [[90, 554]], [[89, 553]], [[88, 553]], [[87, 553]], [[86, 553]], [[85, 553]], [[84, 554]], [[83, 554]], [[82, 553]], [[81, 553]], [[80, 552]], [[80, 551]], [[80, 550]], [[81, 549]], [[81, 548]], [[80, 547]], [[80, 546]], [[80, 545]], [[79, 544]], [[78, 543]], [[79, 542]], [[78, 541]], [[78, 540]], [[78, 539]], [[78, 538]], [[77, 537]], [[77, 536]], [[76, 535]], [[76, 534]], [[75, 533]], [[74, 532]], [[74, 531]], [[73, 532]], [[72, 532]], [[71, 532]], [[70, 531]], [[69, 531]], [[68, 530]], [[67, 529]], [[67, 528]], [[67, 527]], [[67, 526]], [[66, 525]], [[65, 525]], [[64, 525]], [[63, 525]], [[62, 525]], [[61, 525]], [[60, 525]], [[59, 525]], [[58, 525]], [[57, 525]]]","[[], [[[44, 530], [44, 531], [44, 532], [43, 533], [44, 534], [45, 535], [44, 536], [43, 536], [42, 536], [41, 536], [40, 535], [41, 534], [40, 533], [40, 532], [39, 532], [39, 533], [39, 534], [39, 535], [40, 536], [39, 537], [38, 538], [37, 538], [36, 538], [35, 539], [36, 539], [37, 539], [38, 538], [39, 538], [40, 538], [41, 538], [42, 537], [43, 537], [44, 538], [45, 538], [46, 538], [47, 538], [48, 538], [49, 538], [50, 538], [51, 539], [52, 539], [53, 540], [53, 539], [53, 538], [52, 537], [52, 536], [52, 535], [51, 534], [50, 534], [50, 535], [49, 536], [48, 536], [47, 536], [46, 536], [45, 535], [45, 534], [45, 533], [44, 532], [44, 531]]], [[[54, 542], [54, 543], [54, 544], [53, 545], [52, 545], [51, 546], [51, 547], [52, 546], [53, 547], [53, 548], [52, 549], [52, 550], [53, 551], [53, 552], [53, 553], [54, 553], [55, 553], [56, 552], [56, 551], [56, 550], [56, 549], [55, 548], [55, 547], [54, 546], [54, 545], [54, 544], [54, 543]]], [[[81, 580], [80, 581], [79, 582], [78, 582], [79, 583], [80, 583], [81, 584], [80, 585], [79, 586], [78, 585], [77, 585], [77, 586], [77, 587], [77, 588], [77, 589], [78, 590], [79, 590], [80, 589], [81, 589], [82, 590], [83, 590], [84, 589], [85, 590], [85, 589], [85, 588], [85, 587], [84, 586], [83, 585], [83, 584], [84, 583], [83, 582], [83, 581], [83, 580], [82, 580]]], [[[90, 599], [89, 600], [88, 601], [87, 601], [86, 601], [85, 601], [84, 601], [83, 601], [82, 601], [81, 601], [81, 602], [82, 602], [83, 603], [84, 603], [85, 603], [86, 602], [87, 601], [88, 601], [89, 601], [90, 602], [90, 603], [90, 604], [91, 605], [91, 606], [91, 607], [92, 607], [93, 607], [94, 607], [94, 606], [93, 605], [92, 604], [91, 603], [91, 602], [91, 601], [91, 600], [91, 599]]], [[[110, 558], [110, 559], [110, 560], [110, 561], [109, 562], [108, 562], [107, 563], [106, 563], [105, 563], [104, 564], [105, 565], [105, 566], [106, 566], [106, 565], [107, 564], [108, 564], [109, 564], [110, 564], [110, 563], [110, 562], [111, 561], [112, 562], [112, 561], [112, 560], [112, 559], [111, 558]]], [[[113, 546], [113, 547], [113, 548], [113, 549], [113, 550], [113, 551], [112, 552], [111, 552], [110, 553], [110, 554], [111, 554], [112, 554], [113, 554], [114, 553], [115, 552], [114, 551], [114, 550], [115, 549], [116, 549], [117, 550], [118, 551], [118, 550], [118, 549], [117, 548], [116, 548], [115, 547], [114, 547]]], [[[103, 525], [102, 526], [101, 526], [101, 527], [101, 528], [101, 529], [100, 530], [99, 530], [98, 530], [97, 530], [96, 530], [96, 531], [96, 532], [96, 533], [97, 534], [96, 535], [97, 534], [98, 534], [99, 534], [100, 534], [101, 535], [101, 536], [101, 537], [101, 538], [101, 539], [102, 539], [103, 540], [104, 540], [105, 540], [106, 540], [107, 541], [108, 542], [109, 543], [110, 543], [111, 543], [111, 542], [111, 541], [110, 542], [109, 541], [108, 541], [107, 540], [106, 540], [105, 539], [104, 538], [103, 537], [103, 536], [102, 535], [102, 534], [102, 533], [102, 532], [102, 531], [102, 530], [103, 529], [104, 529], [105, 529], [106, 528], [106, 527], [106, 526], [105, 526], [104, 525]]], [[[84, 545], [84, 546], [85, 547], [86, 548], [86, 549], [86, 550], [86, 551], [85, 552], [84, 552], [83, 552], [82, 551], [82, 550], [81, 550], [81, 551], [81, 552], [82, 552], [83, 553], [84, 553], [85, 552], [86, 552], [87, 552], [88, 552], [89, 552], [90, 553], [91, 553], [92, 554], [93, 554], [94, 554], [95, 554], [96, 554], [95, 553], [94, 553], [93, 552], [93, 551], [93, 550], [93, 549], [93, 548], [92, 547], [91, 547], [91, 548], [91, 549], [90, 550], [89, 549], [88, 549], [87, 548], [86, 547], [86, 546], [85, 545]]]]","[[], 178, 179, 180, 181, 182, 183, 184, 185]"
92,92,"[[[543, 522]], [[542, 523]], [[541, 523]], [[540, 524]], [[539, 525]], [[538, 525]], [[537, 526]], [[536, 527]], [[536, 528]], [[535, 529]], [[534, 530]], [[533, 531]], [[532, 531]], [[531, 532]], [[530, 532]], [[529, 533]], [[528, 533]], [[527, 534]], [[526, 534]], [[525, 533]], [[525, 532]], [[524, 533]], [[523, 533]], [[522, 533]], [[522, 534]], [[521, 535]], [[520, 536]], [[519, 537]], [[518, 538]], [[517, 539]], [[516, 540]], [[515, 540]], [[514, 539]], [[513, 539]], [[512, 539]], [[511, 539]], [[510, 538]], [[509, 538]], [[508, 538]], [[507, 538]], [[506, 538]], [[505, 539]], [[504, 539]], [[503, 539]], [[502, 539]], [[501, 539]], [[500, 539]], [[499, 540]], [[498, 540]], [[497, 540]], [[496, 540]], [[495, 541]], [[494, 541]], [[494, 542]], [[493, 543]], [[492, 544]], [[491, 545]], [[491, 546]], [[491, 547]], [[490, 548]], [[490, 549]], [[490, 550]], [[490, 551]], [[490, 552]], [[489, 553]], [[488, 554]], [[487, 555]], [[486, 555]], [[485, 556]], [[484, 557]], [[483, 558]], [[482, 559]], [[483, 560]], [[482, 561]], [[482, 562]], [[482, 563]], [[482, 564]], [[482, 565]], [[482, 566]], [[483, 567]], [[483, 568]], [[483, 569]], [[484, 570]], [[484, 571]], [[484, 572]], [[485, 573]], [[486, 574]], [[487, 575]], [[488, 576]], [[489, 577]], [[490, 577]], [[491, 578]], [[492, 579]], [[492, 580]], [[492, 581]], [[492, 582]], [[492, 583]], [[491, 584]], [[490, 584]], [[489, 585]], [[488, 585]], [[487, 585]], [[486, 586]], [[485, 586]], [[484, 587]], [[483, 588]], [[482, 588]], [[481, 588]], [[480, 588]], [[479, 589]], [[479, 590]], [[479, 591]], [[479, 592]], [[479, 593]], [[479, 594]], [[478, 595]], [[478, 596]], [[479, 597]], [[479, 598]], [[480, 599]], [[480, 600]], [[481, 601]], [[482, 602]], [[483, 603]], [[484, 603]], [[485, 604]], [[486, 604]], [[487, 604]], [[488, 605]], [[489, 605]], [[490, 605]], [[491, 604]], [[492, 604]], [[493, 604]], [[493, 603]], [[494, 602]], [[495, 602]], [[496, 602]], [[497, 601]], [[497, 600]], [[497, 599]], [[497, 598]], [[498, 597]], [[499, 597]], [[500, 597]], [[501, 597]], [[502, 598]], [[503, 598]], [[504, 598]], [[505, 598]], [[506, 598]], [[507, 599]], [[506, 600]], [[506, 601]], [[506, 602]], [[506, 601]], [[506, 600]], [[507, 599]], [[508, 599]], [[509, 599]], [[510, 599]], [[511, 600]], [[512, 600]], [[513, 600]], [[514, 600]], [[515, 601]], [[516, 601]], [[517, 602]], [[516, 603]], [[515, 604]], [[516, 605]], [[517, 605]], [[518, 605]], [[519, 606]], [[520, 606]], [[521, 607]], [[522, 607]], [[523, 608]], [[524, 608]], [[525, 609]], [[526, 610]], [[527, 611]], [[527, 612]], [[526, 613]], [[525, 614]], [[524, 614]], [[523, 614]], [[522, 613]], [[521, 613]], [[520, 613]], [[519, 612]], [[518, 611]], [[517, 610]], [[516, 610]], [[515, 609]], [[514, 609]], [[513, 608]], [[512, 607]], [[511, 607]], [[510, 607]], [[509, 606]], [[508, 605]], [[507, 604]], [[506, 604]], [[505, 604]], [[504, 604]], [[503, 605]], [[502, 606]], [[502, 607]], [[502, 608]], [[502, 609]], [[502, 610]], [[502, 611]], [[501, 612]], [[502, 613]], [[502, 614]], [[503, 615]], [[503, 616]], [[504, 617]], [[504, 618]], [[505, 618]], [[506, 619]], [[507, 620]], [[508, 621]], [[508, 622]], [[509, 623]], [[510, 624]], [[511, 625]], [[512, 625]], [[513, 626]], [[514, 627]], [[514, 628]], [[515, 628]], [[516, 628]], [[517, 629]], [[518, 629]], [[519, 629]], [[520, 629]], [[521, 629]], [[522, 629]], [[523, 628]], [[524, 627]], [[525, 628]], [[525, 627]], [[525, 626]], [[526, 625]], [[526, 624]], [[527, 623]], [[526, 622]], [[526, 621]], [[526, 620]], [[525, 619]], [[525, 618]], [[525, 617]], [[525, 616]], [[526, 615]], [[527, 615]], [[528, 615]], [[529, 615]], [[530, 614]], [[531, 613]], [[532, 613]], [[533, 613]], [[534, 614]], [[535, 615]], [[536, 615]], [[537, 616]], [[537, 617]], [[538, 617]], [[539, 618]], [[540, 618]], [[541, 619]], [[542, 619]], [[543, 619]], [[544, 620]], [[545, 620]], [[546, 620]], [[547, 621]], [[548, 621]], [[549, 621]], [[550, 621]], [[551, 621]], [[552, 621]], [[553, 621]], [[554, 621]], [[555, 621]], [[556, 620]], [[557, 620]], [[558, 620]], [[559, 620]], [[560, 620]], [[561, 620]], [[562, 620]], [[563, 619]], [[563, 618]], [[563, 617]], [[563, 616]], [[563, 615]], [[564, 614]], [[564, 613]], [[564, 612]], [[564, 611]], [[564, 610]], [[564, 609]], [[564, 608]], [[564, 607]], [[563, 606]], [[563, 605]], [[563, 604]], [[563, 603]], [[563, 602]], [[564, 601]], [[565, 601]], [[566, 602]], [[565, 603]], [[565, 604]], [[566, 604]], [[567, 604]], [[568, 604]], [[569, 604]], [[570, 605]], [[570, 606]], [[570, 607]], [[571, 606]], [[572, 607]], [[573, 607]], [[574, 606]], [[575, 606]], [[576, 606]], [[577, 606]], [[577, 605]], [[578, 604]], [[578, 603]], [[579, 602]], [[579, 601]], [[579, 600]], [[579, 599]], [[579, 598]], [[579, 597]], [[579, 596]], [[579, 595]], [[579, 594]], [[579, 593]], [[579, 592]], [[579, 591]], [[579, 590]], [[579, 589]], [[579, 588]], [[578, 587]], [[577, 586]], [[577, 585]], [[577, 584]], [[577, 583]], [[576, 582]], [[575, 582]], [[574, 583]], [[573, 584]], [[572, 584]], [[571, 584]], [[570, 584]], [[569, 584]], [[568, 583]], [[567, 582]], [[567, 583]], [[566, 584]], [[565, 585]], [[564, 586]], [[563, 586]], [[562, 587]], [[561, 586]], [[561, 585]], [[560, 584]], [[560, 583]], [[560, 582]], [[560, 581]], [[560, 580]], [[560, 579]], [[560, 578]], [[559, 577]], [[559, 576]], [[559, 575]], [[559, 574]], [[559, 573]], [[559, 572]], [[558, 571]], [[558, 570]], [[558, 569]], [[558, 568]], [[558, 567]], [[558, 566]], [[558, 565]], [[558, 564]], [[558, 563]], [[557, 562]], [[557, 561]], [[557, 560]], [[557, 559]], [[557, 558]], [[557, 557]], [[557, 556]], [[557, 555]], [[556, 554]], [[555, 553]], [[554, 553]], [[553, 552]], [[552, 551]], [[551, 550]], [[551, 549]], [[551, 548]], [[551, 547]], [[552, 546]], [[553, 545]], [[553, 544]], [[553, 543]], [[553, 542]], [[554, 541]], [[555, 540]], [[555, 539]], [[555, 538]], [[555, 537]], [[555, 536]], [[555, 535]], [[554, 534]], [[554, 533]], [[553, 532]], [[553, 531]], [[552, 530]], [[552, 529]], [[551, 528]], [[550, 527]], [[549, 526]], [[548, 525]], [[547, 524]], [[546, 524]], [[545, 523]], [[544, 523]]]","[[[[544, 520], [543, 521], [542, 521], [541, 522], [540, 522], [539, 522], [538, 523], [537, 523], [536, 523], [535, 523], [534, 523], [533, 523], [532, 523], [533, 523], [534, 523], [535, 524], [534, 525], [535, 525], [536, 525], [537, 525], [538, 524], [539, 524], [540, 523], [541, 522], [542, 522], [543, 521], [544, 522], [545, 522], [545, 521], [545, 520]]], [], [[[492, 533], [492, 534], [492, 535], [493, 536], [493, 537], [492, 538], [491, 538], [491, 539], [492, 539], [493, 539], [492, 538], [493, 537], [494, 536], [495, 537], [495, 538], [495, 539], [495, 540], [496, 539], [497, 539], [498, 539], [499, 539], [500, 538], [501, 538], [502, 538], [503, 538], [504, 538], [505, 538], [506, 537], [507, 537], [508, 537], [509, 537], [510, 537], [511, 536], [510, 536], [509, 536], [508, 536], [507, 537], [506, 537], [505, 537], [504, 537], [503, 537], [502, 537], [501, 537], [500, 538], [499, 538], [498, 537], [497, 536], [496, 535], [496, 534], [495, 533], [494, 533], [493, 533]]], [[[580, 602], [580, 603], [580, 604], [580, 605], [581, 606], [582, 607], [581, 608], [580, 608], [579, 607], [578, 607], [577, 608], [576, 609], [577, 609], [578, 610], [578, 611], [578, 612], [579, 612], [580, 612], [581, 612], [581, 611], [582, 610], [582, 609], [581, 608], [582, 607], [583, 607], [583, 606], [582, 605], [582, 604], [582, 603], [581, 602]]]]","[186, [], 187, 188]"
93,93,"[[[503, 521]], [[502, 522]], [[501, 522]], [[500, 523]], [[499, 523]], [[498, 524]], [[498, 525]], [[497, 526]], [[497, 527]], [[496, 528]], [[496, 529]], [[496, 530]], [[496, 531]], [[496, 532]], [[497, 533]], [[497, 534]], [[497, 535]], [[498, 536]], [[499, 536]], [[500, 536]], [[501, 536]], [[502, 536]], [[503, 536]], [[504, 536]], [[505, 536]], [[506, 536]], [[507, 535]], [[508, 535]], [[509, 535]], [[510, 534]], [[511, 533]], [[511, 532]], [[511, 531]], [[511, 530]], [[512, 529]], [[512, 528]], [[512, 527]], [[512, 526]], [[512, 525]], [[511, 524]], [[510, 523]], [[509, 523]], [[508, 522]], [[507, 522]], [[506, 522]], [[505, 521]], [[504, 521]]]","[[[[492, 533], [492, 534], [492, 535], [493, 536], [493, 537], [492, 538], [491, 538], [491, 539], [492, 539], [493, 539], [492, 538], [493, 537], [494, 536], [495, 537], [495, 538], [495, 539], [495, 540], [496, 539], [497, 539], [498, 539], [499, 539], [500, 538], [501, 538], [502, 538], [503, 538], [504, 538], [505, 538], [506, 537], [507, 537], [508, 537], [509, 537], [510, 537], [511, 536], [510, 536], [509, 536], [508, 536], [507, 537], [506, 537], [505, 537], [504, 537], [503, 537], [502, 537], [501, 537], [500, 538], [499, 538], [498, 537], [497, 536], [496, 535], [496, 534], [495, 533], [494, 533], [493, 533]]], []]","[187, []]"
94,94,"[[[726, 517]], [[726, 518]], [[726, 519]], [[727, 520]], [[726, 521]], [[726, 522]], [[726, 523]], [[726, 524]], [[726, 525]], [[726, 526]], [[726, 527]], [[726, 528]], [[726, 529]], [[727, 529]], [[728, 530]], [[728, 531]], [[729, 531]], [[730, 531]], [[731, 532]], [[730, 533]], [[731, 532]], [[732, 532]], [[733, 531]], [[734, 530]], [[734, 529]], [[734, 528]], [[734, 527]], [[734, 526]], [[735, 525]], [[735, 524]], [[734, 523]], [[734, 522]], [[733, 521]], [[732, 520]], [[731, 520]], [[730, 519]], [[729, 518]], [[728, 517]], [[727, 517]]]","[[], [[[726, 530], [726, 531], [726, 532], [725, 533], [726, 533], [727, 533], [728, 533], [729, 534], [729, 535], [728, 536], [727, 536], [727, 537], [726, 538], [725, 538], [724, 538], [723, 539], [723, 540], [724, 540], [725, 540], [726, 539], [727, 539], [728, 539], [729, 539], [730, 539], [729, 538], [729, 537], [728, 536], [729, 535], [729, 534], [729, 533], [730, 532], [729, 532], [728, 532], [727, 531], [727, 530]]]]","[[], 190]"
95,95,"[[[121, 490]], [[120, 491]], [[119, 491]], [[118, 491]], [[117, 491]], [[116, 491]], [[115, 492]], [[114, 492]], [[113, 493]], [[112, 493]], [[112, 494]], [[112, 495]], [[112, 496]], [[112, 497]], [[112, 498]], [[111, 499]], [[110, 499]], [[109, 499]], [[108, 499]], [[107, 498]], [[106, 498]], [[105, 498]], [[104, 498]], [[104, 499]], [[103, 500]], [[102, 501]], [[101, 500]], [[100, 500]], [[100, 501]], [[99, 502]], [[99, 503]], [[98, 504]], [[97, 505]], [[96, 506]], [[96, 507]], [[96, 508]], [[96, 509]], [[95, 510]], [[94, 510]], [[93, 511]], [[93, 512]], [[92, 513]], [[92, 514]], [[92, 515]], [[92, 516]], [[91, 517]], [[92, 518]], [[92, 519]], [[92, 520]], [[93, 521]], [[94, 522]], [[94, 523]], [[95, 524]], [[96, 524]], [[97, 525]], [[98, 525]], [[99, 526]], [[100, 527]], [[100, 526]], [[101, 525]], [[102, 525]], [[103, 524]], [[104, 524]], [[105, 525]], [[106, 525]], [[107, 525]], [[108, 525]], [[109, 526]], [[109, 527]], [[109, 528]], [[109, 529]], [[109, 530]], [[109, 531]], [[110, 532]], [[110, 533]], [[111, 533]], [[112, 534]], [[112, 535]], [[112, 536]], [[113, 536]], [[114, 535]], [[115, 535]], [[116, 535]], [[117, 535]], [[118, 535]], [[119, 534]], [[120, 533]], [[121, 532]], [[122, 531]], [[122, 530]], [[123, 529]], [[124, 528]], [[125, 527]], [[125, 526]], [[126, 525]], [[126, 524]], [[126, 523]], [[126, 522]], [[126, 521]], [[127, 520]], [[128, 519]], [[129, 520]], [[129, 521]], [[129, 522]], [[129, 523]], [[129, 524]], [[129, 525]], [[130, 526]], [[130, 527]], [[130, 528]], [[131, 529]], [[132, 529]], [[132, 528]], [[132, 527]], [[133, 526]], [[134, 525]], [[134, 524]], [[134, 523]], [[135, 522]], [[135, 521]], [[135, 520]], [[135, 519]], [[134, 518]], [[134, 517]], [[134, 516]], [[134, 515]], [[134, 514]], [[134, 513]], [[134, 512]], [[134, 511]], [[134, 510]], [[134, 509]], [[134, 508]], [[134, 507]], [[133, 506]], [[133, 505]], [[134, 504]], [[135, 503]], [[134, 503]], [[133, 502]], [[132, 501]], [[131, 501]], [[130, 500]], [[129, 499]], [[129, 498]], [[130, 497]], [[130, 496]], [[130, 495]], [[129, 494]], [[128, 493]], [[127, 493]], [[126, 493]], [[125, 492]], [[124, 492]], [[123, 491]], [[122, 491]]]","[[], [[[103, 525], [102, 526], [101, 526], [101, 527], [101, 528], [101, 529], [100, 530], [99, 530], [98, 530], [97, 530], [96, 530], [96, 531], [96, 532], [96, 533], [97, 534], [96, 535], [97, 534], [98, 534], [99, 534], [100, 534], [101, 535], [101, 536], [101, 537], [101, 538], [101, 539], [102, 539], [103, 540], [104, 540], [105, 540], [106, 540], [107, 541], [108, 542], [109, 543], [110, 543], [111, 543], [111, 542], [111, 541], [110, 542], [109, 541], [108, 541], [107, 540], [106, 540], [105, 539], [104, 538], [103, 537], [103, 536], [102, 535], [102, 534], [102, 533], [102, 532], [102, 531], [102, 530], [103, 529], [104, 529], [105, 529], [106, 528], [106, 527], [106, 526], [105, 526], [104, 525]]], [[[140, 491], [139, 492], [139, 493], [139, 494], [139, 495], [138, 496], [137, 497], [136, 497], [135, 497], [134, 498], [133, 498], [132, 498], [131, 497], [130, 498], [130, 499], [131, 500], [132, 500], [133, 501], [134, 502], [135, 502], [136, 502], [136, 501], [136, 500], [136, 499], [136, 498], [137, 497], [138, 498], [139, 497], [139, 496], [139, 495], [139, 494], [140, 493], [141, 492], [141, 491]]]]","[[], 184, 192]"
96,96,"[[[585, 489]], [[584, 490]], [[583, 490]], [[583, 491]], [[582, 492]], [[581, 492]], [[580, 493]], [[580, 494]], [[579, 495]], [[579, 496]], [[579, 497]], [[578, 498]], [[577, 498]], [[576, 499]], [[576, 500]], [[575, 501]], [[574, 502]], [[573, 503]], [[572, 504]], [[572, 505]], [[571, 506]], [[570, 506]], [[570, 507]], [[569, 508]], [[569, 509]], [[568, 510]], [[567, 511]], [[566, 512]], [[565, 513]], [[565, 514]], [[565, 515]], [[565, 516]], [[564, 517]], [[564, 518]], [[564, 519]], [[563, 520]], [[563, 521]], [[563, 522]], [[563, 523]], [[563, 524]], [[563, 525]], [[563, 526]], [[563, 527]], [[564, 528]], [[565, 529]], [[565, 530]], [[566, 531]], [[566, 532]], [[565, 533]], [[565, 534]], [[565, 535]], [[564, 536]], [[563, 535]], [[562, 536]], [[561, 536]], [[562, 537]], [[563, 538]], [[563, 539]], [[563, 540]], [[563, 541]], [[563, 542]], [[563, 543]], [[564, 544]], [[564, 545]], [[564, 546]], [[564, 547]], [[564, 548]], [[564, 549]], [[564, 550]], [[563, 551]], [[562, 551]], [[561, 552]], [[561, 553]], [[561, 554]], [[560, 555]], [[560, 556]], [[560, 557]], [[561, 557]], [[562, 558]], [[562, 559]], [[562, 560]], [[563, 561]], [[564, 562]], [[564, 563]], [[564, 564]], [[565, 565]], [[565, 566]], [[566, 567]], [[567, 567]], [[568, 567]], [[569, 568]], [[570, 569]], [[571, 570]], [[572, 571]], [[573, 571]], [[573, 570]], [[573, 569]], [[573, 568]], [[574, 567]], [[575, 566]], [[576, 565]], [[577, 566]], [[578, 566]], [[579, 567]], [[580, 566]], [[581, 566]], [[582, 566]], [[583, 566]], [[583, 565]], [[583, 564]], [[584, 563]], [[585, 564]], [[585, 565]], [[585, 566]], [[585, 567]], [[585, 568]], [[586, 569]], [[587, 570]], [[588, 571]], [[589, 572]], [[590, 573]], [[591, 573]], [[592, 573]], [[593, 573]], [[594, 573]], [[595, 572]], [[596, 572]], [[597, 572]], [[598, 571]], [[599, 571]], [[600, 571]], [[601, 570]], [[602, 570]], [[603, 569]], [[604, 568]], [[605, 568]], [[606, 567]], [[607, 568]], [[608, 568]], [[609, 567]], [[610, 567]], [[611, 567]], [[612, 566]], [[613, 565]], [[614, 564]], [[615, 563]], [[615, 562]], [[615, 561]], [[615, 560]], [[614, 559]], [[614, 558]], [[614, 557]], [[614, 556]], [[614, 555]], [[614, 554]], [[613, 553]], [[613, 552]], [[612, 551]], [[612, 550]], [[611, 549]], [[611, 548]], [[611, 547]], [[610, 546]], [[610, 545]], [[611, 544]], [[612, 543]], [[613, 542]], [[614, 541]], [[615, 540]], [[616, 539]], [[617, 539]], [[618, 538]], [[619, 538]], [[620, 537]], [[621, 537]], [[622, 536]], [[622, 535]], [[623, 534]], [[623, 533]], [[624, 532]], [[625, 532]], [[626, 531]], [[627, 531]], [[628, 530]], [[628, 529]], [[628, 528]], [[628, 527]], [[628, 526]], [[628, 525]], [[628, 524]], [[628, 523]], [[628, 522]], [[628, 521]], [[628, 520]], [[629, 519]], [[628, 518]], [[628, 517]], [[628, 516]], [[628, 515]], [[628, 514]], [[628, 513]], [[627, 512]], [[627, 511]], [[626, 510]], [[626, 509]], [[625, 509]], [[624, 508]], [[623, 508]], [[622, 507]], [[621, 507]], [[620, 506]], [[619, 506]], [[618, 506]], [[617, 507]], [[616, 508]], [[615, 509]], [[614, 509]], [[613, 510]], [[612, 510]], [[611, 511]], [[610, 511]], [[609, 512]], [[608, 512]], [[608, 513]], [[607, 514]], [[606, 514]], [[605, 515]], [[605, 516]], [[604, 517]], [[603, 517]], [[602, 516]], [[602, 515]], [[602, 514]], [[602, 513]], [[602, 512]], [[602, 511]], [[602, 510]], [[601, 509]], [[601, 508]], [[600, 507]], [[600, 506]], [[599, 505]], [[598, 504]], [[597, 503]], [[597, 502]], [[596, 501]], [[596, 500]], [[595, 499]], [[595, 498]], [[594, 497]], [[594, 496]], [[593, 495]], [[592, 494]], [[592, 493]], [[592, 492]], [[591, 491]], [[590, 491]], [[589, 491]], [[588, 490]], [[587, 490]], [[586, 489]]]","[[[[577, 486], [577, 487], [576, 488], [575, 488], [575, 489], [575, 490], [574, 491], [573, 492], [573, 493], [574, 494], [573, 495], [573, 496], [572, 497], [572, 498], [572, 499], [572, 500], [572, 501], [571, 502], [570, 503], [570, 504], [570, 505], [571, 505], [571, 504], [572, 503], [573, 502], [574, 501], [575, 500], [575, 499], [576, 498], [577, 497], [578, 497], [578, 496], [578, 495], [579, 494], [579, 493], [578, 492], [578, 491], [579, 490], [579, 489], [579, 488], [579, 487], [578, 486]]], [], [[[606, 568], [605, 569], [604, 570], [603, 571], [602, 572], [601, 572], [600, 573], [599, 573], [598, 573], [597, 573], [596, 573], [596, 574], [595, 575], [595, 576], [594, 577], [595, 578], [596, 578], [597, 577], [598, 577], [599, 577], [600, 576], [601, 576], [602, 577], [602, 578], [602, 579], [602, 580], [603, 580], [604, 581], [603, 582], [603, 583], [602, 584], [602, 585], [602, 586], [602, 587], [603, 586], [604, 585], [604, 584], [605, 583], [605, 582], [604, 581], [604, 580], [605, 579], [606, 579], [605, 578], [604, 577], [603, 576], [603, 575], [602, 574], [603, 573], [604, 572], [605, 571], [606, 571], [606, 570], [607, 569]]], [[[588, 484], [588, 485], [588, 486], [589, 487], [589, 488], [589, 489], [589, 490], [590, 490], [591, 490], [592, 491], [593, 492], [593, 493], [593, 494], [593, 493], [593, 492], [593, 491], [594, 490], [594, 489], [593, 489], [592, 488], [592, 487], [592, 486], [592, 485], [591, 485], [590, 485], [589, 485]]]]","[193, [], 194, 195]"
97,97,"[[[428, 483]], [[427, 484]], [[427, 485]], [[428, 486]], [[428, 487]], [[427, 488]], [[427, 489]], [[427, 490]], [[427, 491]], [[426, 492]], [[426, 493]], [[425, 494]], [[424, 494]], [[423, 495]], [[423, 496]], [[423, 497]], [[422, 498]], [[422, 499]], [[421, 500]], [[421, 501]], [[421, 502]], [[420, 503]], [[419, 504]], [[418, 504]], [[418, 505]], [[418, 506]], [[417, 507]], [[417, 508]], [[417, 509]], [[417, 510]], [[417, 511]], [[417, 512]], [[417, 513]], [[418, 514]], [[418, 515]], [[418, 516]], [[419, 517]], [[419, 518]], [[419, 519]], [[419, 520]], [[420, 521]], [[421, 522]], [[422, 522]], [[423, 522]], [[424, 523]], [[425, 523]], [[426, 523]], [[427, 524]], [[428, 524]], [[429, 525]], [[430, 526]], [[431, 526]], [[432, 526]], [[433, 526]], [[434, 527]], [[435, 527]], [[436, 527]], [[437, 527]], [[438, 527]], [[439, 527]], [[440, 527]], [[441, 527]], [[442, 527]], [[443, 527]], [[444, 527]], [[445, 528]], [[446, 528]], [[447, 528]], [[448, 528]], [[449, 528]], [[450, 528]], [[451, 527]], [[452, 527]], [[453, 526]], [[454, 526]], [[455, 525]], [[456, 525]], [[457, 525]], [[458, 525]], [[459, 525]], [[460, 525]], [[461, 524]], [[462, 524]], [[463, 524]], [[464, 524]], [[464, 523]], [[465, 522]], [[465, 521]], [[466, 520]], [[466, 519]], [[466, 518]], [[466, 517]], [[467, 516]], [[467, 515]], [[468, 514]], [[468, 513]], [[469, 512]], [[469, 511]], [[470, 510]], [[471, 509]], [[472, 508]], [[472, 507]], [[473, 506]], [[473, 505]], [[473, 504]], [[474, 503]], [[474, 502]], [[474, 501]], [[475, 500]], [[475, 499]], [[475, 498]], [[476, 497]], [[476, 496]], [[475, 495]], [[475, 494]], [[475, 493]], [[474, 492]], [[475, 491]], [[475, 490]], [[475, 489]], [[476, 488]], [[477, 487]], [[478, 487]], [[478, 486]], [[479, 485]], [[478, 484]], [[477, 484]], [[476, 485]], [[475, 485]], [[474, 486]], [[473, 487]], [[472, 487]], [[471, 487]], [[470, 488]], [[469, 488]], [[468, 489]], [[467, 490]], [[466, 489]], [[465, 489]], [[464, 489]], [[463, 489]], [[462, 489]], [[461, 489]], [[460, 488]], [[459, 488]], [[458, 487]], [[457, 487]], [[456, 487]], [[455, 487]], [[454, 486]], [[453, 486]], [[452, 486]], [[451, 486]], [[450, 486]], [[449, 485]], [[448, 485]], [[447, 485]], [[446, 485]], [[445, 485]], [[444, 485]], [[443, 485]], [[442, 485]], [[441, 485]], [[440, 485]], [[439, 484]], [[438, 484]], [[437, 484]], [[436, 484]], [[435, 484]], [[434, 484]], [[433, 484]], [[432, 484]], [[431, 483]], [[430, 483]], [[429, 483]]]","[[], [[[468, 456], [468, 457], [468, 458], [469, 459], [469, 460], [470, 461], [470, 462], [470, 463], [470, 464], [469, 465], [468, 465], [467, 465], [467, 466], [467, 467], [466, 468], [466, 469], [467, 469], [468, 468], [469, 468], [470, 467], [471, 467], [472, 468], [472, 469], [473, 470], [473, 471], [473, 472], [473, 473], [472, 474], [473, 475], [474, 476], [475, 477], [475, 478], [475, 479], [475, 480], [475, 481], [474, 482], [473, 483], [473, 484], [472, 485], [471, 486], [470, 486], [469, 485], [468, 484], [468, 483], [467, 483], [466, 484], [465, 484], [464, 484], [463, 485], [462, 484], [462, 483], [462, 482], [461, 481], [460, 481], [459, 481], [458, 481], [458, 482], [458, 483], [458, 484], [457, 485], [456, 485], [455, 484], [454, 484], [453, 484], [452, 483], [451, 482], [450, 482], [449, 482], [448, 482], [447, 481], [447, 480], [447, 479], [448, 478], [449, 478], [450, 478], [451, 479], [450, 478], [450, 477], [451, 476], [452, 475], [453, 475], [454, 475], [455, 476], [455, 477], [456, 478], [456, 479], [456, 478], [456, 477], [456, 476], [455, 475], [456, 474], [457, 474], [458, 473], [459, 472], [458, 472], [457, 472], [456, 472], [455, 472], [454, 472], [453, 472], [452, 473], [451, 473], [450, 474], [450, 475], [449, 476], [448, 477], [447, 478], [446, 479], [445, 479], [444, 480], [444, 481], [445, 482], [446, 483], [445, 484], [444, 484], [445, 484], [446, 484], [447, 484], [448, 484], [449, 484], [450, 485], [451, 485], [452, 485], [453, 485], [454, 485], [455, 486], [456, 486], [457, 486], [458, 486], [459, 487], [460, 487], [461, 488], [462, 488], [463, 488], [464, 488], [465, 488], [466, 488], [467, 489], [468, 488], [469, 487], [470, 487], [471, 486], [472, 486], [473, 486], [474, 485], [475, 484], [476, 484], [477, 483], [478, 483], [479, 484], [480, 485], [479, 486], [479, 487], [478, 488], [477, 489], [476, 489], [476, 490], [476, 491], [476, 492], [477, 492], [478, 491], [479, 491], [480, 490], [481, 491], [481, 492], [481, 493], [480, 494], [480, 495], [481, 495], [481, 494], [482, 493], [482, 492], [483, 491], [482, 490], [482, 489], [482, 488], [481, 487], [480, 486], [480, 485], [480, 484], [480, 483], [481, 482], [480, 481], [479, 480], [479, 479], [479, 478], [480, 477], [479, 477], [478, 476], [477, 475], [477, 474], [477, 473], [476, 472], [476, 471], [477, 470], [478, 470], [479, 469], [479, 468], [479, 467], [480, 466], [481, 466], [482, 466], [483, 466], [484, 466], [484, 465], [483, 464], [482, 464], [481, 463], [480, 463], [479, 462], [478, 462], [477, 463], [476, 464], [475, 463], [474, 463], [473, 462], [472, 461], [471, 460], [470, 459], [470, 458], [470, 457], [469, 456]]], [[[436, 477], [435, 478], [434, 479], [433, 479], [434, 480], [434, 481], [433, 482], [432, 483], [433, 483], [434, 483], [435, 483], [436, 483], [436, 482], [436, 481], [436, 480], [437, 479], [437, 478], [438, 477], [439, 478], [440, 479], [441, 478], [442, 478], [443, 478], [442, 478], [441, 477], [440, 477], [439, 477], [438, 477], [437, 477]]]]","[[], 196, 197]"
98,98,"[[[332, 461]], [[331, 462]], [[330, 462]], [[329, 463]], [[329, 464]], [[328, 465]], [[328, 466]], [[328, 467]], [[328, 468]], [[327, 469]], [[327, 470]], [[327, 471]], [[327, 472]], [[327, 473]], [[327, 474]], [[327, 475]], [[326, 476]], [[327, 477]], [[328, 478]], [[329, 479]], [[328, 480]], [[328, 481]], [[329, 482]], [[329, 483]], [[329, 484]], [[330, 485]], [[331, 486]], [[330, 487]], [[330, 488]], [[330, 489]], [[330, 490]], [[330, 491]], [[330, 492]], [[330, 493]], [[331, 493]], [[332, 494]], [[333, 495]], [[333, 496]], [[333, 497]], [[334, 498]], [[334, 499]], [[335, 500]], [[334, 501]], [[335, 501]], [[336, 502]], [[335, 503]], [[336, 504]], [[335, 505]], [[335, 506]], [[335, 507]], [[336, 508]], [[337, 508]], [[338, 508]], [[339, 508]], [[340, 507]], [[341, 507]], [[342, 507]], [[343, 508]], [[344, 508]], [[345, 509]], [[346, 510]], [[347, 510]], [[348, 511]], [[349, 512]], [[350, 513]], [[351, 513]], [[352, 514]], [[353, 514]], [[354, 515]], [[355, 516]], [[356, 516]], [[357, 517]], [[358, 517]], [[359, 518]], [[360, 518]], [[361, 518]], [[362, 518]], [[363, 518]], [[364, 519]], [[365, 520]], [[366, 520]], [[367, 520]], [[368, 520]], [[369, 519]], [[369, 518]], [[370, 517]], [[371, 518]], [[372, 518]], [[371, 518]], [[370, 517]], [[371, 516]], [[372, 516]], [[373, 516]], [[374, 515]], [[375, 515]], [[376, 515]], [[377, 515]], [[378, 515]], [[379, 514]], [[380, 514]], [[381, 514]], [[382, 513]], [[383, 513]], [[384, 513]], [[385, 512]], [[386, 512]], [[387, 512]], [[388, 512]], [[389, 512]], [[390, 512]], [[391, 512]], [[392, 512]], [[393, 512]], [[394, 511]], [[395, 511]], [[396, 511]], [[397, 510]], [[398, 510]], [[399, 509]], [[400, 508]], [[401, 507]], [[401, 506]], [[401, 505]], [[401, 504]], [[401, 503]], [[401, 502]], [[401, 501]], [[400, 500]], [[400, 499]], [[400, 498]], [[399, 497]], [[399, 496]], [[399, 495]], [[399, 494]], [[398, 493]], [[398, 492]], [[398, 491]], [[397, 490]], [[397, 489]], [[396, 488]], [[396, 487]], [[396, 486]], [[396, 485]], [[396, 484]], [[395, 483]], [[395, 482]], [[395, 481]], [[395, 480]], [[394, 479]], [[393, 478]], [[392, 477]], [[391, 476]], [[390, 475]], [[389, 475]], [[388, 475]], [[387, 475]], [[386, 475]], [[385, 475]], [[384, 474]], [[383, 474]], [[382, 474]], [[381, 474]], [[380, 475]], [[379, 475]], [[378, 476]], [[378, 477]], [[377, 478]], [[376, 478]], [[375, 478]], [[374, 477]], [[374, 476]], [[373, 475]], [[372, 474]], [[371, 473]], [[370, 472]], [[369, 471]], [[368, 470]], [[367, 469]], [[366, 469]], [[365, 468]], [[364, 468]], [[363, 469]], [[362, 470]], [[361, 471]], [[361, 472]], [[360, 473]], [[359, 474]], [[358, 475]], [[357, 475]], [[356, 476]], [[355, 477]], [[354, 478]], [[353, 478]], [[354, 479]], [[353, 480]], [[353, 481]], [[352, 482]], [[351, 483]], [[350, 484]], [[350, 485]], [[349, 486]], [[348, 485]], [[347, 484]], [[347, 483]], [[347, 482]], [[346, 481]], [[346, 480]], [[346, 479]], [[346, 478]], [[346, 477]], [[346, 476]], [[346, 475]], [[346, 474]], [[345, 473]], [[345, 472]], [[345, 471]], [[345, 470]], [[345, 469]], [[345, 468]], [[345, 467]], [[345, 466]], [[344, 466]], [[343, 465]], [[342, 464]], [[341, 463]], [[340, 462]], [[339, 462]], [[338, 461]], [[337, 461]], [[336, 461]], [[335, 461]], [[334, 461]], [[333, 461]]]","[[], [[[376, 517], [375, 518], [374, 519], [373, 519], [372, 519], [371, 519], [370, 520], [370, 521], [371, 521], [372, 522], [373, 523], [373, 524], [372, 525], [372, 526], [373, 526], [374, 526], [375, 527], [376, 528], [377, 529], [378, 529], [378, 528], [377, 527], [377, 526], [376, 525], [376, 524], [377, 523], [377, 522], [376, 521], [376, 520], [376, 519], [377, 518], [377, 517]]]]","[[], 198]"
99,99,"[[[795, 459]], [[794, 460]], [[793, 460]], [[792, 460]], [[791, 461]], [[790, 462]], [[790, 463]], [[789, 464]], [[788, 464]], [[787, 465]], [[786, 465]], [[785, 466]], [[784, 467]], [[783, 467]], [[783, 468]], [[782, 469]], [[782, 470]], [[781, 471]], [[781, 472]], [[781, 473]], [[781, 474]], [[782, 475]], [[782, 476]], [[783, 477]], [[783, 478]], [[784, 479]], [[784, 480]], [[784, 481]], [[785, 482]], [[786, 483]], [[786, 484]], [[787, 485]], [[788, 486]], [[788, 487]], [[789, 488]], [[789, 489]], [[790, 490]], [[791, 491]], [[792, 492]], [[793, 493]], [[794, 493]], [[795, 494]], [[796, 494]], [[797, 494]], [[798, 494]], [[799, 494]], [[800, 494]], [[801, 493]], [[802, 492]], [[803, 491]], [[803, 490]], [[803, 489]], [[804, 488]], [[805, 487]], [[806, 487]], [[807, 486]], [[808, 485]], [[809, 485]], [[810, 486]], [[811, 486]], [[812, 486]], [[813, 487]], [[814, 488]], [[815, 487]], [[815, 486]], [[815, 485]], [[815, 484]], [[815, 483]], [[815, 482]], [[814, 481]], [[814, 480]], [[814, 479]], [[813, 479]], [[812, 478]], [[811, 477]], [[811, 476]], [[811, 475]], [[810, 474]], [[811, 473]], [[810, 472]], [[809, 471]], [[809, 470]], [[809, 469]], [[808, 468]], [[807, 467]], [[806, 466]], [[806, 465]], [[805, 464]], [[804, 463]], [[803, 462]], [[802, 461]], [[801, 461]], [[800, 460]], [[799, 460]], [[798, 459]], [[797, 459]], [[796, 459]]]",[[]],[]
100,100,"[[[744, 455]], [[743, 456]], [[742, 456]], [[741, 456]], [[740, 457]], [[739, 457]], [[738, 457]], [[737, 457]], [[736, 457]], [[735, 458]], [[734, 459]], [[733, 460]], [[733, 461]], [[732, 462]], [[731, 462]], [[730, 462]], [[729, 462]], [[728, 462]], [[728, 463]], [[727, 464]], [[727, 465]], [[726, 466]], [[726, 467]], [[726, 468]], [[726, 469]], [[726, 470]], [[726, 471]], [[726, 472]], [[725, 473]], [[725, 474]], [[725, 475]], [[725, 476]], [[725, 477]], [[725, 478]], [[725, 479]], [[725, 480]], [[724, 481]], [[725, 482]], [[725, 483]], [[725, 484]], [[725, 485]], [[726, 486]], [[727, 487]], [[726, 488]], [[726, 489]], [[726, 490]], [[726, 491]], [[726, 492]], [[726, 493]], [[725, 494]], [[724, 494]], [[723, 494]], [[723, 495]], [[723, 496]], [[723, 497]], [[724, 498]], [[724, 499]], [[724, 500]], [[724, 501]], [[724, 502]], [[724, 503]], [[725, 504]], [[724, 505]], [[723, 505]], [[723, 506]], [[724, 507]], [[724, 508]], [[725, 508]], [[726, 509]], [[726, 510]], [[725, 511]], [[724, 512]], [[725, 512]], [[726, 512]], [[727, 512]], [[728, 513]], [[729, 514]], [[730, 515]], [[731, 515]], [[732, 515]], [[733, 515]], [[734, 515]], [[735, 514]], [[736, 514]], [[737, 514]], [[738, 513]], [[739, 513]], [[740, 513]], [[741, 513]], [[742, 513]], [[743, 512]], [[744, 512]], [[745, 512]], [[746, 511]], [[747, 511]], [[748, 511]], [[749, 511]], [[750, 511]], [[751, 511]], [[752, 511]], [[753, 510]], [[754, 510]], [[755, 510]], [[756, 511]], [[757, 511]], [[758, 511]], [[759, 511]], [[760, 511]], [[761, 510]], [[762, 510]], [[763, 509]], [[764, 508]], [[765, 508]], [[766, 507]], [[767, 507]], [[768, 506]], [[768, 505]], [[768, 504]], [[768, 503]], [[768, 502]], [[768, 501]], [[768, 500]], [[769, 499]], [[769, 498]], [[770, 497]], [[770, 496]], [[770, 495]], [[770, 494]], [[770, 493]], [[769, 492]], [[768, 491]], [[768, 490]], [[769, 489]], [[769, 488]], [[769, 487]], [[769, 486]], [[768, 485]], [[769, 484]], [[769, 483]], [[770, 482]], [[771, 481]], [[771, 480]], [[772, 479]], [[772, 478]], [[772, 477]], [[773, 476]], [[772, 475]], [[772, 474]], [[772, 473]], [[772, 472]], [[772, 471]], [[772, 470]], [[772, 469]], [[771, 468]], [[770, 467]], [[770, 466]], [[769, 466]], [[768, 466]], [[767, 465]], [[766, 465]], [[765, 464]], [[764, 464]], [[763, 464]], [[762, 463]], [[761, 463]], [[760, 464]], [[759, 464]], [[758, 463]], [[757, 462]], [[757, 461]], [[757, 460]], [[756, 459]], [[755, 458]], [[754, 457]], [[753, 457]], [[752, 456]], [[751, 456]], [[750, 455]], [[749, 455]], [[748, 455]], [[747, 455]], [[746, 455]], [[745, 455]]]","[[], [[[755, 450], [754, 451], [754, 452], [754, 453], [753, 454], [752, 455], [753, 456], [754, 456], [755, 457], [756, 458], [757, 458], [758, 459], [758, 460], [758, 461], [758, 462], [759, 463], [760, 463], [761, 462], [762, 462], [763, 463], [764, 463], [763, 462], [762, 462], [761, 461], [761, 460], [760, 459], [759, 458], [760, 457], [761, 457], [762, 456], [762, 455], [762, 454], [762, 453], [761, 453], [760, 452], [760, 453], [759, 454], [758, 454], [757, 453], [757, 452], [757, 451], [756, 450]]]]","[[], 199]"
101,101,"[[[347, 449]], [[346, 450]], [[345, 450]], [[344, 450]], [[344, 451]], [[344, 452]], [[344, 453]], [[345, 454]], [[345, 455]], [[346, 456]], [[347, 456]], [[348, 456]], [[349, 457]], [[349, 458]], [[350, 458]], [[351, 459]], [[352, 459]], [[353, 459]], [[354, 460]], [[355, 459]], [[356, 459]], [[357, 459]], [[358, 458]], [[358, 457]], [[358, 456]], [[358, 455]], [[359, 454]], [[359, 453]], [[359, 452]], [[359, 451]], [[358, 450]], [[357, 450]], [[356, 449]], [[355, 449]], [[354, 449]], [[353, 449]], [[352, 449]], [[351, 449]], [[350, 449]], [[349, 449]], [[348, 449]]]",[[]],[]
102,102,"[[[493, 436]], [[492, 437]], [[491, 437]], [[490, 437]], [[489, 438]], [[488, 439]], [[487, 440]], [[486, 441]], [[485, 442]], [[484, 443]], [[484, 444]], [[483, 445]], [[482, 446]], [[481, 447]], [[480, 446]], [[480, 445]], [[479, 445]], [[478, 444]], [[477, 444]], [[476, 444]], [[475, 445]], [[474, 445]], [[474, 446]], [[474, 447]], [[475, 447]], [[476, 448]], [[477, 448]], [[478, 449]], [[477, 450]], [[477, 451]], [[476, 452]], [[475, 453]], [[474, 454]], [[473, 455]], [[473, 456]], [[473, 457]], [[472, 458]], [[471, 457]], [[470, 456]], [[469, 455]], [[468, 455]], [[467, 454]], [[466, 453]], [[465, 453]], [[464, 452]], [[464, 451]], [[463, 450]], [[463, 449]], [[462, 448]], [[461, 448]], [[460, 447]], [[459, 446]], [[458, 446]], [[457, 446]], [[456, 446]], [[455, 445]], [[454, 445]], [[453, 445]], [[452, 445]], [[451, 445]], [[450, 445]], [[449, 445]], [[448, 446]], [[448, 447]], [[447, 448]], [[446, 447]], [[446, 448]], [[446, 449]], [[445, 450]], [[446, 451]], [[446, 452]], [[447, 453]], [[447, 454]], [[448, 455]], [[448, 456]], [[449, 457]], [[450, 458]], [[450, 459]], [[449, 460]], [[449, 461]], [[449, 462]], [[449, 463]], [[448, 464]], [[448, 465]], [[448, 466]], [[447, 467]], [[448, 468]], [[448, 469]], [[449, 469]], [[450, 470]], [[451, 470]], [[452, 471]], [[453, 471]], [[454, 471]], [[455, 470]], [[456, 471]], [[457, 471]], [[458, 471]], [[459, 471]], [[460, 470]], [[461, 470]], [[462, 470]], [[463, 470]], [[464, 469]], [[465, 468]], [[466, 467]], [[466, 466]], [[465, 465]], [[466, 464]], [[467, 463]], [[468, 462]], [[469, 462]], [[469, 461]], [[468, 460]], [[468, 459]], [[467, 458]], [[467, 457]], [[467, 456]], [[468, 455]], [[469, 455]], [[470, 456]], [[471, 457]], [[471, 458]], [[471, 459]], [[472, 460]], [[473, 461]], [[474, 461]], [[475, 461]], [[476, 461]], [[477, 461]], [[478, 461]], [[479, 461]], [[480, 461]], [[481, 461]], [[482, 462]], [[483, 463]], [[484, 464]], [[485, 465]], [[485, 466]], [[486, 467]], [[486, 468]], [[487, 468]], [[488, 468]], [[489, 468]], [[490, 469]], [[491, 470]], [[491, 471]], [[492, 471]], [[493, 470]], [[494, 470]], [[495, 470]], [[496, 470]], [[497, 471]], [[497, 472]], [[496, 473]], [[495, 473]], [[494, 473]], [[493, 473]], [[492, 473]], [[492, 474]], [[491, 475]], [[491, 476]], [[491, 477]], [[490, 478]], [[489, 478]], [[488, 479]], [[487, 480]], [[486, 481]], [[485, 482]], [[484, 483]], [[483, 483]], [[482, 484]], [[481, 484]], [[481, 485]], [[481, 486]], [[482, 487]], [[483, 488]], [[483, 489]], [[483, 490]], [[484, 491]], [[484, 492]], [[484, 493]], [[485, 494]], [[485, 495]], [[486, 496]], [[487, 497]], [[488, 497]], [[489, 498]], [[490, 498]], [[491, 497]], [[492, 497]], [[493, 497]], [[494, 497]], [[495, 497]], [[496, 496]], [[497, 495]], [[498, 495]], [[499, 494]], [[500, 494]], [[501, 494]], [[502, 493]], [[503, 492]], [[504, 492]], [[505, 491]], [[506, 491]], [[506, 490]], [[506, 489]], [[507, 488]], [[508, 489]], [[508, 490]], [[509, 491]], [[509, 492]], [[509, 493]], [[510, 494]], [[511, 495]], [[511, 496]], [[511, 497]], [[511, 498]], [[512, 498]], [[513, 498]], [[514, 498]], [[515, 499]], [[516, 499]], [[517, 500]], [[517, 501]], [[517, 502]], [[518, 503]], [[519, 504]], [[519, 505]], [[520, 506]], [[521, 507]], [[522, 507]], [[523, 508]], [[524, 508]], [[525, 509]], [[526, 510]], [[527, 511]], [[528, 512]], [[529, 513]], [[530, 514]], [[531, 514]], [[532, 514]], [[533, 514]], [[534, 515]], [[535, 515]], [[536, 515]], [[537, 515]], [[538, 515]], [[539, 515]], [[540, 515]], [[541, 514]], [[542, 514]], [[543, 514]], [[544, 514]], [[545, 513]], [[546, 512]], [[547, 512]], [[548, 512]], [[549, 511]], [[550, 511]], [[551, 511]], [[552, 511]], [[553, 511]], [[554, 511]], [[555, 511]], [[556, 510]], [[557, 510]], [[558, 509]], [[559, 509]], [[560, 508]], [[561, 508]], [[562, 507]], [[563, 506]], [[564, 505]], [[565, 504]], [[566, 504]], [[567, 503]], [[568, 503]], [[569, 502]], [[570, 501]], [[570, 500]], [[571, 499]], [[571, 498]], [[571, 497]], [[572, 496]], [[572, 495]], [[572, 494]], [[572, 493]], [[572, 492]], [[572, 491]], [[572, 490]], [[573, 489]], [[574, 488]], [[574, 487]], [[574, 486]], [[575, 485]], [[576, 486]], [[576, 487]], [[576, 486]], [[576, 485]], [[576, 484]], [[577, 483]], [[578, 482]], [[579, 481]], [[579, 480]], [[579, 479]], [[579, 478]], [[579, 477]], [[579, 476]], [[579, 475]], [[579, 474]], [[580, 473]], [[580, 472]], [[580, 471]], [[581, 470]], [[582, 470]], [[583, 469]], [[584, 468]], [[584, 467]], [[583, 467]], [[582, 467]], [[581, 468]], [[580, 467]], [[579, 467]], [[578, 467]], [[577, 467]], [[576, 466]], [[576, 465]], [[575, 465]], [[574, 465]], [[573, 465]], [[572, 466]], [[571, 465]], [[570, 464]], [[570, 463]], [[570, 462]], [[571, 461]], [[572, 460]], [[572, 459]], [[573, 458]], [[572, 457]], [[572, 456]], [[572, 455]], [[571, 454]], [[571, 453]], [[571, 452]], [[570, 451]], [[570, 450]], [[569, 450]], [[568, 449]], [[567, 448]], [[566, 448]], [[565, 448]], [[564, 448]], [[563, 448]], [[562, 448]], [[561, 448]], [[560, 448]], [[559, 448]], [[558, 448]], [[557, 448]], [[556, 447]], [[555, 446]], [[554, 446]], [[553, 446]], [[552, 446]], [[551, 446]], [[550, 446]], [[549, 446]], [[548, 446]], [[547, 446]], [[546, 445]], [[545, 444]], [[544, 443]], [[543, 442]], [[542, 441]], [[541, 440]], [[541, 439]], [[540, 439]], [[539, 439]], [[538, 440]], [[537, 440]], [[536, 440]], [[535, 439]], [[534, 438]], [[533, 437]], [[532, 438]], [[531, 437]], [[530, 437]], [[529, 437]], [[528, 436]], [[528, 437]], [[529, 437]], [[530, 437]], [[531, 437]], [[532, 438]], [[531, 439]], [[530, 439]], [[529, 439]], [[528, 439]], [[527, 440]], [[526, 440]], [[525, 440]], [[524, 440]], [[523, 440]], [[522, 439]], [[521, 439]], [[520, 439]], [[519, 439]], [[518, 440]], [[517, 441]], [[516, 442]], [[516, 443]], [[515, 444]], [[515, 445]], [[515, 446]], [[515, 447]], [[515, 448]], [[514, 449]], [[513, 448]], [[513, 447]], [[513, 446]], [[513, 445]], [[512, 444]], [[512, 443]], [[511, 443]], [[510, 442]], [[509, 441]], [[508, 441]], [[507, 441]], [[506, 440]], [[505, 440]], [[504, 439]], [[503, 439]], [[502, 438]], [[501, 438]], [[500, 438]], [[499, 437]], [[498, 437]], [[497, 437]], [[496, 436]], [[495, 436]], [[494, 436]]]","[[[[468, 456], [468, 457], [468, 458], [469, 459], [469, 460], [470, 461], [470, 462], [470, 463], [470, 464], [469, 465], [468, 465], [467, 465], [467, 466], [467, 467], [466, 468], [466, 469], [467, 469], [468, 468], [469, 468], [470, 467], [471, 467], [472, 468], [472, 469], [473, 470], [473, 471], [473, 472], [473, 473], [472, 474], [473, 475], [474, 476], [475, 477], [475, 478], [475, 479], [475, 480], [475, 481], [474, 482], [473, 483], [473, 484], [472, 485], [471, 486], [470, 486], [469, 485], [468, 484], [468, 483], [467, 483], [466, 484], [465, 484], [464, 484], [463, 485], [462, 484], [462, 483], [462, 482], [461, 481], [460, 481], [459, 481], [458, 481], [458, 482], [458, 483], [458, 484], [457, 485], [456, 485], [455, 484], [454, 484], [453, 484], [452, 483], [451, 482], [450, 482], [449, 482], [448, 482], [447, 481], [447, 480], [447, 479], [448, 478], [449, 478], [450, 478], [451, 479], [450, 478], [450, 477], [451, 476], [452, 475], [453, 475], [454, 475], [455, 476], [455, 477], [456, 478], [456, 479], [456, 478], [456, 477], [456, 476], [455, 475], [456, 474], [457, 474], [458, 473], [459, 472], [458, 472], [457, 472], [456, 472], [455, 472], [454, 472], [453, 472], [452, 473], [451, 473], [450, 474], [450, 475], [449, 476], [448, 477], [447, 478], [446, 479], [445, 479], [444, 480], [444, 481], [445, 482], [446, 483], [445, 484], [444, 484], [445, 484], [446, 484], [447, 484], [448, 484], [449, 484], [450, 485], [451, 485], [452, 485], [453, 485], [454, 485], [455, 486], [456, 486], [457, 486], [458, 486], [459, 487], [460, 487], [461, 488], [462, 488], [463, 488], [464, 488], [465, 488], [466, 488], [467, 489], [468, 488], [469, 487], [470, 487], [471, 486], [472, 486], [473, 486], [474, 485], [475, 484], [476, 484], [477, 483], [478, 483], [479, 484], [480, 485], [479, 486], [479, 487], [478, 488], [477, 489], [476, 489], [476, 490], [476, 491], [476, 492], [477, 492], [478, 491], [479, 491], [480, 490], [481, 491], [481, 492], [481, 493], [480, 494], [480, 495], [481, 495], [481, 494], [482, 493], [482, 492], [483, 491], [482, 490], [482, 489], [482, 488], [481, 487], [480, 486], [480, 485], [480, 484], [480, 483], [481, 482], [480, 481], [479, 480], [479, 479], [479, 478], [480, 477], [479, 477], [478, 476], [477, 475], [477, 474], [477, 473], [476, 472], [476, 471], [477, 470], [478, 470], [479, 469], [479, 468], [479, 467], [480, 466], [481, 466], [482, 466], [483, 466], [484, 466], [484, 465], [483, 464], [482, 464], [481, 463], [480, 463], [479, 462], [478, 462], [477, 463], [476, 464], [475, 463], [474, 463], [473, 462], [472, 461], [471, 460], [470, 459], [470, 458], [470, 457], [469, 456]]], [], [[[577, 486], [577, 487], [576, 488], [575, 488], [575, 489], [575, 490], [574, 491], [573, 492], [573, 493], [574, 494], [573, 495], [573, 496], [572, 497], [572, 498], [572, 499], [572, 500], [572, 501], [571, 502], [570, 503], [570, 504], [570, 505], [571, 505], [571, 504], [572, 503], [573, 502], [574, 501], [575, 500], [575, 499], [576, 498], [577, 497], [578, 497], [578, 496], [578, 495], [579, 494], [579, 493], [578, 492], [578, 491], [579, 490], [579, 489], [579, 488], [579, 487], [578, 486]]], [[[586, 460], [585, 461], [586, 462], [587, 462], [588, 463], [587, 464], [587, 465], [587, 466], [586, 467], [586, 468], [587, 469], [586, 470], [585, 470], [584, 470], [585, 471], [586, 471], [587, 470], [588, 470], [589, 471], [589, 472], [590, 473], [590, 474], [591, 474], [592, 474], [592, 473], [592, 472], [591, 471], [592, 470], [591, 470], [590, 470], [589, 469], [588, 468], [588, 467], [587, 466], [587, 465], [588, 464], [589, 464], [590, 465], [591, 466], [591, 465], [591, 464], [591, 463], [590, 463], [589, 462], [588, 461], [588, 460], [587, 460]]], [[[518, 435], [517, 436], [517, 437], [516, 438], [516, 439], [515, 440], [515, 441], [516, 441], [517, 440], [518, 439], [519, 438], [520, 438], [521, 438], [522, 438], [523, 439], [524, 439], [525, 439], [526, 439], [527, 439], [527, 438], [526, 438], [525, 437], [525, 436], [524, 435], [523, 435], [522, 436], [521, 436], [520, 436], [519, 436]]]]","[196, [], 193, 202, 203]"
103,103,"[[[372, 414]], [[371, 415]], [[370, 415]], [[369, 416]], [[368, 416]], [[367, 417]], [[366, 417]], [[366, 418]], [[367, 418]], [[368, 418]], [[369, 419]], [[369, 420]], [[368, 421]], [[369, 422]], [[369, 423]], [[369, 424]], [[370, 424]], [[371, 424]], [[372, 424]], [[373, 425]], [[374, 425]], [[375, 425]], [[376, 426]], [[377, 425]], [[378, 425]], [[379, 425]], [[380, 424]], [[381, 423]], [[381, 422]], [[382, 421]], [[383, 421]], [[383, 420]], [[383, 419]], [[382, 418]], [[381, 417]], [[381, 416]], [[380, 415]], [[379, 414]], [[378, 414]], [[377, 414]], [[376, 414]], [[375, 414]], [[374, 414]], [[373, 414]]]","[[], [[[362, 423], [361, 424], [362, 424], [363, 424], [364, 424], [365, 425], [366, 425], [367, 425], [368, 426], [369, 426], [370, 426], [371, 426], [372, 427], [373, 427], [374, 428], [375, 428], [376, 428], [377, 428], [378, 428], [379, 428], [380, 428], [381, 428], [381, 427], [380, 427], [379, 427], [378, 427], [377, 427], [376, 427], [375, 426], [374, 426], [373, 426], [372, 426], [371, 426], [370, 426], [369, 425], [368, 424], [367, 424], [366, 424], [365, 424], [364, 424], [363, 423]]], [[[384, 420], [384, 421], [384, 422], [385, 423], [384, 424], [383, 424], [382, 425], [383, 425], [384, 425], [385, 425], [386, 426], [386, 427], [385, 428], [384, 429], [383, 429], [383, 430], [384, 431], [384, 432], [384, 433], [383, 434], [382, 434], [381, 435], [380, 436], [381, 437], [381, 438], [381, 439], [380, 440], [379, 440], [378, 440], [379, 440], [380, 440], [381, 440], [381, 439], [381, 438], [382, 437], [383, 437], [384, 437], [385, 437], [386, 437], [387, 436], [387, 435], [387, 434], [386, 433], [386, 432], [386, 431], [385, 430], [385, 429], [386, 428], [387, 427], [388, 426], [389, 425], [390, 424], [389, 424], [388, 424], [387, 424], [386, 423], [386, 422], [386, 421], [385, 420]]]]","[[], 204, 205]"
104,104,"[[[710, 410]], [[709, 411]], [[709, 412]], [[708, 413]], [[708, 414]], [[708, 415]], [[708, 416]], [[708, 417]], [[707, 418]], [[706, 417]], [[706, 416]], [[706, 415]], [[706, 416]], [[706, 417]], [[706, 418]], [[706, 419]], [[705, 420]], [[706, 419]], [[707, 419]], [[708, 420]], [[709, 420]], [[710, 419]], [[710, 418]], [[710, 417]], [[710, 416]], [[711, 415]], [[711, 414]], [[712, 413]], [[713, 412]], [[713, 411]], [[712, 411]], [[711, 411]]]","[[[[711, 408], [711, 409], [712, 410], [713, 410], [714, 411], [714, 412], [715, 412], [716, 412], [717, 413], [718, 413], [719, 413], [720, 414], [721, 414], [722, 415], [723, 415], [724, 414], [725, 414], [726, 414], [726, 413], [725, 412], [724, 411], [723, 412], [722, 413], [721, 413], [720, 413], [719, 413], [718, 412], [717, 411], [716, 411], [715, 410], [714, 410], [713, 410], [712, 409]]], [[[706, 392], [706, 393], [707, 394], [707, 395], [706, 396], [705, 395], [704, 394], [704, 393], [704, 394], [703, 395], [703, 396], [703, 397], [703, 398], [703, 399], [703, 400], [702, 401], [703, 402], [703, 403], [703, 404], [703, 405], [702, 406], [702, 407], [701, 408], [700, 409], [699, 409], [699, 410], [699, 411], [699, 412], [699, 413], [699, 414], [700, 414], [701, 414], [702, 415], [702, 416], [701, 417], [700, 417], [699, 417], [698, 417], [698, 418], [699, 419], [699, 420], [699, 421], [699, 422], [700, 423], [701, 423], [702, 424], [703, 425], [704, 426], [705, 427], [706, 428], [706, 429], [707, 430], [707, 431], [708, 432], [709, 432], [710, 432], [710, 431], [710, 430], [709, 429], [708, 428], [708, 427], [708, 426], [707, 425], [706, 425], [705, 425], [704, 424], [703, 423], [703, 422], [704, 421], [704, 420], [705, 419], [705, 418], [705, 417], [705, 416], [705, 415], [706, 414], [705, 414], [704, 413], [704, 412], [705, 411], [706, 410], [707, 410], [707, 409], [708, 408], [708, 407], [707, 407], [706, 406], [706, 405], [706, 404], [706, 403], [706, 402], [706, 401], [707, 400], [708, 399], [707, 398], [707, 397], [707, 396], [707, 395], [707, 394], [707, 393], [707, 392]]], []]","[206, 207, []]"
105,105,"[[[755, 403]], [[754, 404]], [[753, 404]], [[752, 405]], [[752, 406]], [[751, 407]], [[750, 406]], [[749, 407]], [[748, 407]], [[747, 407]], [[746, 407]], [[745, 408]], [[744, 409]], [[744, 410]], [[744, 411]], [[744, 412]], [[744, 413]], [[743, 414]], [[743, 415]], [[742, 416]], [[742, 417]], [[742, 418]], [[742, 419]], [[743, 420]], [[744, 420]], [[745, 420]], [[746, 420]], [[747, 419]], [[748, 419]], [[749, 419]], [[750, 419]], [[751, 420]], [[752, 421]], [[752, 422]], [[753, 423]], [[754, 423]], [[755, 424]], [[756, 425]], [[756, 426]], [[756, 427]], [[757, 428]], [[757, 429]], [[758, 430]], [[759, 431]], [[759, 432]], [[759, 433]], [[760, 434]], [[760, 435]], [[760, 436]], [[761, 436]], [[762, 437]], [[761, 438]], [[760, 438]], [[759, 438]], [[759, 439]], [[759, 440]], [[758, 441]], [[757, 441]], [[757, 442]], [[757, 443]], [[757, 444]], [[756, 445]], [[757, 445]], [[758, 446]], [[757, 447]], [[757, 448]], [[757, 449]], [[758, 450]], [[759, 450]], [[760, 451]], [[761, 452]], [[762, 452]], [[763, 452]], [[764, 452]], [[765, 452]], [[766, 452]], [[767, 452]], [[768, 451]], [[768, 450]], [[769, 449]], [[769, 448]], [[769, 447]], [[769, 446]], [[769, 445]], [[768, 444]], [[768, 443]], [[767, 442]], [[767, 441]], [[766, 440]], [[767, 439]], [[768, 439]], [[769, 439]], [[770, 439]], [[771, 440]], [[770, 441]], [[769, 441]], [[770, 441]], [[771, 441]], [[771, 440]], [[772, 439]], [[773, 438]], [[774, 438]], [[775, 438]], [[776, 437]], [[777, 436]], [[777, 435]], [[777, 434]], [[778, 433]], [[779, 432]], [[779, 431]], [[780, 430]], [[781, 429]], [[781, 428]], [[781, 427]], [[781, 426]], [[782, 425]], [[782, 424]], [[783, 423]], [[783, 422]], [[783, 421]], [[783, 420]], [[782, 419]], [[781, 418]], [[780, 418]], [[779, 418]], [[778, 418]], [[777, 418]], [[776, 418]], [[775, 418]], [[774, 417]], [[773, 416]], [[773, 415]], [[772, 414]], [[772, 413]], [[771, 412]], [[770, 411]], [[769, 410]], [[768, 409]], [[767, 408]], [[767, 407]], [[766, 406]], [[765, 406]], [[764, 406]], [[763, 405]], [[762, 405]], [[761, 406]], [[760, 405]], [[759, 405]], [[758, 404]], [[757, 404]], [[756, 404]]]","[[[[736, 406], [736, 407], [735, 408], [734, 409], [734, 410], [734, 411], [734, 412], [733, 413], [732, 413], [731, 413], [730, 413], [730, 414], [730, 415], [731, 415], [732, 415], [733, 415], [734, 414], [735, 414], [736, 414], [737, 413], [738, 413], [739, 413], [740, 414], [741, 413], [742, 412], [743, 411], [743, 410], [742, 410], [741, 409], [740, 409], [739, 409], [739, 410], [740, 411], [739, 412], [738, 412], [737, 413], [736, 413], [735, 413], [734, 412], [734, 411], [735, 410], [736, 410], [737, 409], [737, 408], [737, 407], [737, 406]]], [], [[[755, 450], [754, 451], [754, 452], [754, 453], [753, 454], [752, 455], [753, 456], [754, 456], [755, 457], [756, 458], [757, 458], [758, 459], [758, 460], [758, 461], [758, 462], [759, 463], [760, 463], [761, 462], [762, 462], [763, 463], [764, 463], [763, 462], [762, 462], [761, 461], [761, 460], [760, 459], [759, 458], [760, 457], [761, 457], [762, 456], [762, 455], [762, 454], [762, 453], [761, 453], [760, 452], [760, 453], [759, 454], [758, 454], [757, 453], [757, 452], [757, 451], [756, 450]]], [[[774, 439], [774, 440], [774, 441], [774, 442], [773, 443], [772, 443], [771, 443], [770, 442], [769, 442], [768, 441], [769, 440], [770, 440], [769, 440], [768, 440], [767, 440], [766, 441], [765, 441], [764, 440], [763, 440], [764, 440], [765, 441], [766, 441], [767, 440], [768, 441], [768, 442], [769, 443], [769, 444], [770, 445], [770, 446], [770, 447], [770, 448], [770, 449], [770, 450], [770, 451], [770, 452], [770, 453], [771, 453], [772, 453], [772, 452], [773, 451], [774, 450], [774, 449], [774, 448], [774, 447], [774, 446], [774, 445], [775, 444], [775, 443], [775, 442], [775, 441], [776, 440], [777, 440], [776, 439], [775, 439]]]]","[208, [], 199, 210]"
106,106,"[[[261, 393]], [[260, 394]], [[259, 394]], [[258, 395]], [[257, 395]], [[256, 395]], [[255, 396]], [[255, 397]], [[255, 398]], [[254, 399]], [[254, 400]], [[254, 401]], [[253, 402]], [[252, 402]], [[251, 402]], [[250, 402]], [[249, 402]], [[248, 402]], [[247, 401]], [[246, 401]], [[245, 400]], [[244, 399]], [[243, 398]], [[242, 397]], [[241, 397]], [[240, 396]], [[239, 396]], [[238, 396]], [[237, 396]], [[236, 397]], [[235, 397]], [[234, 397]], [[233, 397]], [[232, 398]], [[231, 399]], [[230, 399]], [[229, 398]], [[229, 397]], [[229, 396]], [[228, 395]], [[227, 394]], [[226, 394]], [[225, 394]], [[224, 394]], [[223, 395]], [[222, 396]], [[221, 397]], [[220, 398]], [[219, 399]], [[219, 400]], [[218, 401]], [[218, 402]], [[217, 403]], [[216, 403]], [[215, 404]], [[214, 403]], [[213, 403]], [[212, 403]], [[211, 403]], [[210, 403]], [[209, 403]], [[208, 403]], [[207, 403]], [[206, 404]], [[205, 405]], [[204, 406]], [[203, 406]], [[202, 407]], [[201, 408]], [[200, 409]], [[200, 410]], [[199, 411]], [[198, 412]], [[198, 413]], [[197, 414]], [[196, 415]], [[196, 416]], [[196, 417]], [[196, 418]], [[197, 419]], [[197, 420]], [[197, 421]], [[197, 422]], [[197, 423]], [[196, 424]], [[196, 425]], [[196, 426]], [[196, 427]], [[196, 428]], [[196, 429]], [[196, 430]], [[197, 431]], [[197, 432]], [[198, 433]], [[198, 434]], [[197, 435]], [[196, 436]], [[195, 437]], [[194, 438]], [[193, 438]], [[192, 439]], [[191, 439]], [[191, 440]], [[191, 441]], [[190, 442]], [[190, 443]], [[190, 444]], [[189, 445]], [[189, 446]], [[189, 447]], [[189, 448]], [[189, 449]], [[189, 450]], [[189, 451]], [[189, 452]], [[189, 453]], [[190, 454]], [[190, 455]], [[191, 456]], [[192, 457]], [[192, 458]], [[192, 459]], [[192, 460]], [[192, 461]], [[192, 462]], [[191, 463]], [[191, 464]], [[191, 465]], [[191, 466]], [[190, 467]], [[190, 468]], [[189, 469]], [[188, 470]], [[188, 471]], [[187, 472]], [[187, 473]], [[187, 474]], [[187, 475]], [[187, 476]], [[187, 477]], [[187, 478]], [[187, 479]], [[187, 480]], [[187, 481]], [[188, 482]], [[188, 483]], [[188, 484]], [[188, 485]], [[189, 486]], [[189, 487]], [[189, 488]], [[189, 489]], [[190, 490]], [[190, 491]], [[191, 492]], [[192, 493]], [[192, 494]], [[192, 495]], [[193, 496]], [[194, 497]], [[195, 497]], [[196, 498]], [[197, 498]], [[198, 499]], [[199, 499]], [[200, 500]], [[201, 501]], [[202, 502]], [[203, 502]], [[204, 503]], [[205, 503]], [[206, 504]], [[207, 505]], [[208, 506]], [[209, 507]], [[210, 508]], [[211, 508]], [[212, 509]], [[213, 510]], [[214, 511]], [[215, 512]], [[216, 512]], [[217, 513]], [[218, 513]], [[219, 514]], [[220, 514]], [[221, 515]], [[222, 515]], [[223, 515]], [[224, 515]], [[225, 515]], [[226, 515]], [[227, 515]], [[228, 516]], [[229, 515]], [[230, 516]], [[231, 516]], [[232, 517]], [[232, 518]], [[231, 519]], [[230, 519]], [[231, 520]], [[232, 521]], [[233, 521]], [[234, 522]], [[235, 522]], [[236, 522]], [[237, 523]], [[238, 523]], [[239, 523]], [[240, 523]], [[241, 523]], [[242, 523]], [[243, 523]], [[244, 522]], [[245, 522]], [[246, 521]], [[247, 521]], [[248, 520]], [[249, 520]], [[250, 519]], [[251, 518]], [[252, 517]], [[252, 516]], [[253, 515]], [[254, 515]], [[255, 514]], [[256, 513]], [[257, 513]], [[258, 513]], [[259, 513]], [[260, 512]], [[261, 512]], [[262, 512]], [[263, 512]], [[264, 511]], [[265, 511]], [[266, 511]], [[267, 510]], [[268, 509]], [[269, 508]], [[270, 508]], [[270, 507]], [[271, 506]], [[272, 505]], [[273, 505]], [[274, 504]], [[275, 504]], [[276, 504]], [[277, 504]], [[278, 504]], [[279, 505]], [[280, 505]], [[281, 505]], [[282, 505]], [[283, 505]], [[284, 504]], [[285, 504]], [[286, 503]], [[287, 502]], [[288, 501]], [[288, 500]], [[289, 499]], [[290, 498]], [[291, 497]], [[292, 497]], [[292, 496]], [[292, 495]], [[293, 494]], [[294, 493]], [[294, 492]], [[295, 491]], [[296, 490]], [[297, 489]], [[298, 488]], [[299, 487]], [[300, 487]], [[301, 486]], [[302, 485]], [[302, 484]], [[303, 483]], [[303, 482]], [[304, 481]], [[304, 480]], [[305, 479]], [[305, 478]], [[305, 477]], [[305, 476]], [[305, 475]], [[304, 474]], [[304, 473]], [[303, 472]], [[302, 471]], [[301, 470]], [[301, 469]], [[300, 468]], [[300, 467]], [[300, 466]], [[300, 465]], [[300, 464]], [[300, 463]], [[300, 462]], [[300, 461]], [[301, 460]], [[301, 459]], [[302, 458]], [[303, 457]], [[303, 456]], [[304, 455]], [[305, 454]], [[305, 453]], [[305, 452]], [[306, 451]], [[306, 450]], [[307, 449]], [[307, 448]], [[307, 447]], [[307, 446]], [[308, 445]], [[308, 444]], [[309, 443]], [[309, 442]], [[310, 441]], [[310, 440]], [[311, 439]], [[311, 438]], [[312, 437]], [[312, 436]], [[312, 435]], [[312, 434]], [[312, 433]], [[312, 432]], [[312, 431]], [[311, 430]], [[311, 429]], [[311, 428]], [[310, 427]], [[310, 426]], [[310, 425]], [[309, 424]], [[309, 423]], [[309, 422]], [[308, 421]], [[307, 420]], [[307, 419]], [[306, 418]], [[306, 417]], [[305, 417]], [[304, 416]], [[303, 415]], [[302, 414]], [[301, 414]], [[300, 413]], [[299, 413]], [[298, 412]], [[297, 411]], [[296, 411]], [[295, 410]], [[294, 410]], [[293, 410]], [[292, 410]], [[291, 409]], [[290, 409]], [[289, 408]], [[288, 408]], [[287, 408]], [[286, 408]], [[285, 408]], [[284, 408]], [[283, 408]], [[282, 408]], [[281, 407]], [[281, 406]], [[280, 406]], [[279, 406]], [[278, 405]], [[277, 405]], [[276, 404]], [[275, 404]], [[274, 403]], [[273, 402]], [[273, 401]], [[272, 400]], [[271, 399]], [[271, 398]], [[270, 397]], [[270, 396]], [[270, 395]], [[269, 394]], [[268, 394]], [[267, 394]], [[266, 394]], [[265, 394]], [[264, 393]], [[263, 393]], [[262, 393]]]",[[]],[]
107,107,"[[[268, 374]], [[267, 375]], [[268, 376]], [[268, 377]], [[267, 378]], [[268, 378]], [[269, 379]], [[269, 380]], [[270, 381]], [[270, 382]], [[271, 383]], [[271, 384]], [[272, 385]], [[273, 385]], [[274, 385]], [[275, 384]], [[276, 383]], [[277, 383]], [[278, 383]], [[279, 384]], [[279, 385]], [[278, 386]], [[279, 386]], [[280, 386]], [[281, 386]], [[282, 386]], [[283, 385]], [[284, 385]], [[285, 384]], [[285, 383]], [[285, 382]], [[285, 381]], [[284, 380]], [[283, 379]], [[282, 378]], [[281, 377]], [[280, 376]], [[279, 376]], [[278, 375]], [[277, 374]], [[276, 374]], [[275, 374]], [[274, 374]], [[273, 374]], [[272, 374]], [[271, 374]], [[270, 374]], [[269, 374]]]","[[], [[[269, 383], [269, 384], [268, 385], [269, 386], [269, 387], [270, 388], [271, 389], [270, 390], [271, 390], [272, 391], [273, 391], [274, 391], [275, 390], [275, 389], [275, 388], [276, 387], [277, 386], [278, 385], [278, 384], [277, 384], [276, 384], [275, 385], [274, 386], [273, 387], [272, 387], [271, 387], [270, 386], [271, 385], [270, 384], [270, 383]]]]","[[], 211]"
108,108,"[[[512, 371]], [[511, 372]], [[510, 372]], [[509, 372]], [[508, 373]], [[507, 373]], [[506, 373]], [[505, 373]], [[504, 374]], [[503, 375]], [[502, 376]], [[501, 376]], [[500, 377]], [[499, 377]], [[499, 378]], [[499, 379]], [[499, 380]], [[498, 381]], [[497, 382]], [[496, 382]], [[496, 383]], [[495, 384]], [[496, 385]], [[496, 386]], [[496, 387]], [[496, 388]], [[497, 389]], [[497, 390]], [[497, 391]], [[498, 392]], [[499, 393]], [[500, 394]], [[501, 395]], [[501, 396]], [[501, 397]], [[502, 398]], [[503, 398]], [[504, 399]], [[504, 400]], [[503, 401]], [[502, 401]], [[501, 401]], [[500, 400]], [[499, 399]], [[498, 399]], [[497, 399]], [[496, 398]], [[495, 398]], [[494, 397]], [[493, 398]], [[492, 398]], [[491, 398]], [[490, 398]], [[489, 397]], [[488, 397]], [[487, 397]], [[486, 396]], [[485, 396]], [[484, 396]], [[483, 396]], [[482, 396]], [[481, 396]], [[480, 397]], [[480, 398]], [[479, 399]], [[479, 400]], [[479, 401]], [[479, 402]], [[478, 403]], [[478, 404]], [[477, 405]], [[477, 406]], [[476, 407]], [[475, 407]], [[474, 407]], [[473, 408]], [[472, 409]], [[471, 410]], [[471, 411]], [[471, 412]], [[470, 413]], [[471, 414]], [[471, 415]], [[470, 416]], [[471, 416]], [[472, 415]], [[473, 416]], [[474, 415]], [[475, 414]], [[476, 414]], [[476, 413]], [[477, 412]], [[478, 413]], [[479, 413]], [[480, 413]], [[481, 413]], [[482, 413]], [[483, 413]], [[484, 412]], [[485, 413]], [[486, 413]], [[487, 413]], [[488, 412]], [[489, 412]], [[490, 412]], [[491, 412]], [[492, 411]], [[493, 411]], [[494, 410]], [[495, 409]], [[496, 409]], [[497, 409]], [[498, 410]], [[499, 410]], [[500, 409]], [[501, 408]], [[502, 407]], [[502, 406]], [[502, 405]], [[503, 404]], [[503, 403]], [[504, 402]], [[505, 401]], [[506, 402]], [[507, 403]], [[508, 404]], [[509, 405]], [[510, 406]], [[510, 407]], [[511, 408]], [[511, 409]], [[512, 410]], [[513, 411]], [[514, 412]], [[515, 413]], [[516, 413]], [[517, 414]], [[518, 413]], [[519, 413]], [[520, 413]], [[521, 413]], [[522, 412]], [[523, 411]], [[524, 410]], [[525, 409]], [[526, 408]], [[527, 407]], [[528, 407]], [[529, 407]], [[530, 407]], [[531, 406]], [[532, 405]], [[533, 404]], [[534, 403]], [[535, 402]], [[536, 401]], [[537, 401]], [[538, 401]], [[538, 400]], [[539, 399]], [[540, 398]], [[541, 397]], [[541, 396]], [[541, 395]], [[542, 394]], [[542, 393]], [[542, 392]], [[541, 391]], [[540, 390]], [[539, 389]], [[539, 388]], [[538, 387]], [[537, 386]], [[536, 386]], [[535, 385]], [[534, 384]], [[533, 383]], [[533, 382]], [[532, 381]], [[531, 380]], [[530, 379]], [[529, 378]], [[528, 377]], [[527, 376]], [[527, 375]], [[526, 374]], [[525, 373]], [[524, 372]], [[523, 372]], [[522, 372]], [[521, 372]], [[520, 371]], [[519, 371]], [[518, 371]], [[517, 371]], [[516, 371]], [[515, 371]], [[514, 371]], [[513, 371]]]","[[[[505, 369], [504, 370], [504, 371], [504, 372], [503, 373], [502, 373], [501, 372], [500, 372], [499, 373], [499, 374], [499, 375], [500, 376], [501, 375], [502, 375], [503, 374], [504, 373], [505, 372], [506, 372], [507, 372], [508, 372], [509, 371], [510, 371], [511, 371], [512, 370], [513, 370], [514, 370], [515, 370], [516, 370], [517, 370], [518, 370], [519, 370], [520, 370], [521, 371], [522, 371], [523, 371], [523, 370], [522, 370], [521, 370], [520, 370], [519, 370], [518, 370], [517, 369], [516, 369], [515, 369], [514, 369], [513, 369], [512, 369], [511, 369], [510, 369], [509, 369], [508, 370], [507, 370], [506, 369]]], [], [[[496, 389], [495, 390], [495, 391], [496, 392], [496, 393], [496, 394], [496, 395], [496, 396], [497, 397], [498, 397], [499, 398], [500, 399], [501, 400], [502, 400], [503, 400], [503, 399], [502, 399], [501, 398], [500, 397], [500, 396], [500, 395], [499, 394], [498, 393], [497, 392], [496, 391], [496, 390]]], [[[496, 410], [495, 411], [496, 412], [495, 413], [494, 414], [493, 415], [493, 416], [494, 417], [493, 418], [492, 418], [491, 419], [492, 419], [493, 419], [494, 420], [495, 420], [496, 419], [497, 419], [498, 419], [499, 420], [500, 420], [500, 419], [501, 418], [502, 418], [503, 417], [504, 416], [504, 415], [503, 415], [502, 414], [502, 413], [501, 414], [500, 414], [499, 415], [498, 415], [497, 415], [496, 414], [495, 413], [496, 412], [497, 412], [498, 411], [497, 410]]], [[[525, 372], [526, 373], [527, 374], [528, 375], [528, 376], [529, 377], [530, 378], [531, 378], [532, 379], [532, 380], [533, 381], [534, 382], [534, 383], [535, 384], [536, 385], [537, 385], [538, 386], [539, 387], [540, 388], [540, 389], [541, 390], [542, 391], [543, 391], [544, 391], [545, 390], [546, 390], [547, 390], [548, 391], [549, 391], [550, 391], [551, 391], [552, 392], [553, 392], [554, 392], [555, 392], [554, 391], [553, 391], [552, 391], [551, 390], [550, 390], [549, 389], [548, 389], [547, 389], [546, 388], [545, 388], [545, 389], [544, 390], [543, 390], [542, 389], [542, 388], [541, 388], [540, 387], [540, 386], [540, 385], [539, 385], [538, 385], [537, 384], [536, 383], [535, 382], [534, 381], [534, 380], [533, 380], [532, 379], [532, 378], [531, 378], [530, 377], [530, 376], [529, 375], [528, 374], [528, 373], [527, 372], [526, 372]]]]","[212, [], 213, 214, 215]"
109,109,"[[[178, 370]], [[177, 371]], [[176, 372]], [[175, 373]], [[174, 373]], [[173, 373]], [[172, 372]], [[171, 372]], [[170, 372]], [[169, 372]], [[168, 373]], [[168, 374]], [[168, 375]], [[167, 376]], [[167, 377]], [[167, 378]], [[167, 379]], [[167, 380]], [[167, 381]], [[167, 382]], [[168, 383]], [[168, 384]], [[168, 385]], [[168, 386]], [[168, 387]], [[168, 388]], [[169, 389]], [[169, 390]], [[170, 391]], [[170, 392]], [[170, 393]], [[171, 394]], [[171, 395]], [[171, 396]], [[171, 397]], [[172, 398]], [[173, 399]], [[173, 400]], [[174, 400]], [[175, 401]], [[175, 402]], [[176, 403]], [[176, 404]], [[177, 405]], [[178, 405]], [[179, 406]], [[180, 407]], [[181, 408]], [[182, 408]], [[183, 408]], [[184, 408]], [[185, 407]], [[186, 407]], [[187, 407]], [[188, 407]], [[189, 407]], [[190, 407]], [[191, 407]], [[192, 407]], [[193, 406]], [[194, 405]], [[195, 404]], [[196, 403]], [[197, 402]], [[198, 401]], [[199, 401]], [[200, 400]], [[201, 400]], [[202, 399]], [[203, 399]], [[204, 398]], [[205, 397]], [[205, 396]], [[206, 395]], [[207, 395]], [[208, 394]], [[209, 393]], [[210, 392]], [[211, 391]], [[211, 390]], [[211, 389]], [[211, 388]], [[211, 387]], [[211, 386]], [[211, 385]], [[211, 384]], [[211, 383]], [[211, 382]], [[211, 381]], [[210, 380]], [[210, 379]], [[209, 378]], [[208, 377]], [[207, 377]], [[206, 377]], [[205, 377]], [[204, 378]], [[203, 378]], [[202, 378]], [[201, 378]], [[200, 378]], [[199, 378]], [[198, 378]], [[197, 377]], [[196, 377]], [[195, 377]], [[194, 377]], [[193, 376]], [[192, 375]], [[191, 375]], [[190, 375]], [[189, 374]], [[188, 374]], [[187, 373]], [[186, 372]], [[185, 371]], [[184, 370]], [[183, 370]], [[182, 370]], [[181, 370]], [[180, 370]], [[179, 370]]]",[[]],[]
110,110,"[[[244, 364]], [[244, 365]], [[243, 366]], [[242, 366]], [[241, 366]], [[240, 366]], [[239, 367]], [[239, 368]], [[238, 369]], [[237, 369]], [[236, 369]], [[235, 370]], [[234, 371]], [[233, 372]], [[232, 373]], [[232, 374]], [[231, 375]], [[231, 376]], [[230, 377]], [[230, 378]], [[230, 379]], [[231, 380]], [[232, 381]], [[232, 382]], [[232, 383]], [[233, 384]], [[233, 385]], [[234, 386]], [[234, 387]], [[235, 387]], [[236, 388]], [[237, 389]], [[238, 390]], [[239, 390]], [[240, 390]], [[241, 390]], [[242, 389]], [[243, 389]], [[244, 388]], [[245, 388]], [[246, 387]], [[247, 387]], [[248, 387]], [[249, 386]], [[250, 386]], [[251, 385]], [[252, 385]], [[253, 384]], [[254, 384]], [[255, 383]], [[256, 383]], [[257, 383]], [[257, 382]], [[258, 381]], [[259, 380]], [[260, 379]], [[260, 378]], [[260, 377]], [[261, 376]], [[261, 375]], [[260, 374]], [[260, 373]], [[259, 372]], [[258, 371]], [[257, 371]], [[256, 371]], [[255, 370]], [[254, 370]], [[253, 370]], [[252, 369]], [[251, 368]], [[250, 367]], [[249, 366]], [[248, 366]], [[247, 365]], [[246, 365]], [[245, 365]]]","[[[[226, 355], [225, 356], [224, 357], [223, 358], [223, 359], [224, 359], [225, 358], [226, 357], [227, 358], [228, 359], [228, 360], [229, 361], [230, 361], [231, 362], [232, 362], [233, 362], [234, 362], [235, 362], [236, 363], [237, 364], [238, 365], [239, 365], [240, 365], [241, 365], [242, 365], [243, 365], [243, 364], [244, 363], [244, 362], [243, 361], [242, 361], [241, 361], [240, 361], [239, 361], [238, 361], [237, 361], [236, 361], [235, 361], [234, 360], [233, 360], [232, 360], [231, 360], [230, 360], [229, 360], [228, 359], [227, 358], [227, 357], [227, 356], [227, 355]]], []]","[216, []]"
111,111,"[[[77, 364]], [[76, 365]], [[75, 366]], [[74, 366]], [[73, 367]], [[72, 368]], [[71, 369]], [[71, 370]], [[71, 371]], [[70, 372]], [[71, 373]], [[70, 374]], [[70, 375]], [[70, 376]], [[70, 377]], [[71, 378]], [[71, 379]], [[71, 380]], [[72, 381]], [[72, 382]], [[72, 383]], [[72, 384]], [[73, 385]], [[73, 386]], [[73, 387]], [[74, 388]], [[74, 389]], [[74, 390]], [[75, 391]], [[75, 392]], [[76, 393]], [[76, 394]], [[76, 395]], [[76, 396]], [[77, 397]], [[77, 398]], [[77, 399]], [[78, 400]], [[79, 401]], [[80, 402]], [[80, 403]], [[81, 404]], [[82, 405]], [[82, 406]], [[82, 407]], [[83, 408]], [[84, 409]], [[85, 409]], [[86, 410]], [[87, 410]], [[88, 411]], [[89, 411]], [[90, 411]], [[91, 411]], [[92, 411]], [[93, 411]], [[94, 412]], [[95, 412]], [[96, 412]], [[97, 412]], [[98, 413]], [[99, 413]], [[100, 413]], [[101, 414]], [[102, 414]], [[103, 413]], [[104, 412]], [[105, 412]], [[106, 412]], [[107, 412]], [[108, 411]], [[109, 411]], [[110, 411]], [[111, 411]], [[112, 410]], [[113, 410]], [[114, 409]], [[115, 409]], [[116, 409]], [[117, 408]], [[118, 407]], [[119, 407]], [[120, 406]], [[121, 406]], [[122, 405]], [[123, 404]], [[124, 403]], [[125, 402]], [[126, 402]], [[126, 401]], [[127, 400]], [[127, 399]], [[128, 398]], [[129, 397]], [[130, 396]], [[130, 395]], [[130, 394]], [[130, 393]], [[129, 392]], [[129, 391]], [[129, 390]], [[129, 389]], [[130, 388]], [[131, 389]], [[132, 390]], [[133, 390]], [[134, 390]], [[135, 389]], [[136, 388]], [[137, 388]], [[138, 388]], [[139, 387]], [[140, 387]], [[141, 388]], [[142, 389]], [[143, 389]], [[144, 389]], [[145, 390]], [[146, 390]], [[147, 390]], [[148, 390]], [[149, 390]], [[150, 390]], [[151, 389]], [[152, 388]], [[152, 387]], [[152, 386]], [[151, 385]], [[151, 384]], [[151, 383]], [[150, 382]], [[149, 381]], [[149, 380]], [[148, 379]], [[148, 378]], [[147, 377]], [[146, 376]], [[145, 375]], [[144, 374]], [[144, 373]], [[143, 372]], [[142, 371]], [[141, 371]], [[140, 370]], [[139, 369]], [[138, 368]], [[137, 368]], [[136, 368]], [[135, 368]], [[134, 368]], [[133, 368]], [[132, 368]], [[131, 369]], [[130, 370]], [[129, 371]], [[129, 372]], [[129, 373]], [[129, 374]], [[129, 375]], [[128, 376]], [[128, 377]], [[129, 378]], [[129, 379]], [[129, 380]], [[130, 381]], [[130, 382]], [[131, 382]], [[132, 383]], [[132, 384]], [[131, 385]], [[131, 386]], [[131, 387]], [[130, 388]], [[129, 388]], [[128, 387]], [[127, 387]], [[126, 387]], [[125, 386]], [[124, 386]], [[123, 386]], [[122, 386]], [[121, 385]], [[121, 384]], [[120, 383]], [[119, 382]], [[118, 381]], [[118, 380]], [[118, 379]], [[119, 378]], [[120, 378]], [[119, 378]], [[118, 378]], [[117, 378]], [[116, 378]], [[115, 377]], [[114, 377]], [[113, 377]], [[112, 377]], [[111, 377]], [[110, 377]], [[109, 377]], [[108, 377]], [[107, 376]], [[106, 376]], [[105, 375]], [[104, 375]], [[103, 375]], [[102, 375]], [[101, 375]], [[100, 375]], [[99, 374]], [[98, 373]], [[97, 372]], [[96, 372]], [[95, 372]], [[94, 371]], [[93, 371]], [[92, 370]], [[91, 369]], [[90, 369]], [[89, 368]], [[88, 368]], [[87, 367]], [[86, 367]], [[85, 366]], [[84, 365]], [[83, 364]], [[82, 364]], [[81, 364]], [[80, 364]], [[79, 364]], [[78, 364]]]","[[], [[[130, 389], [130, 390], [130, 391], [130, 392], [131, 393], [132, 394], [132, 395], [132, 396], [132, 397], [132, 398], [132, 399], [132, 400], [132, 401], [132, 402], [132, 403], [132, 404], [133, 404], [134, 404], [135, 404], [134, 403], [134, 402], [133, 402], [132, 401], [132, 400], [132, 399], [132, 398], [133, 397], [133, 396], [133, 395], [132, 394], [132, 393], [133, 392], [134, 392], [133, 391], [132, 391], [131, 390]]], [[[123, 370], [122, 371], [121, 371], [120, 371], [119, 371], [118, 371], [117, 372], [116, 373], [116, 374], [115, 375], [114, 375], [114, 376], [115, 376], [116, 377], [117, 377], [118, 377], [119, 377], [120, 377], [121, 377], [121, 376], [121, 375], [121, 374], [121, 373], [122, 372], [123, 371], [124, 371], [124, 370]]]]","[[], 217, 218]"
112,112,"[[[653, 357]], [[652, 358]], [[651, 358]], [[650, 359]], [[649, 359]], [[648, 360]], [[647, 360]], [[646, 360]], [[646, 361]], [[645, 362]], [[644, 362]], [[643, 363]], [[642, 363]], [[643, 364]], [[643, 365]], [[643, 366]], [[643, 367]], [[643, 368]], [[643, 369]], [[643, 370]], [[643, 371]], [[643, 372]], [[644, 373]], [[643, 374]], [[642, 375]], [[641, 374]], [[640, 373]], [[639, 373]], [[638, 372]], [[637, 372]], [[636, 373]], [[635, 373]], [[634, 373]], [[633, 374]], [[632, 374]], [[631, 374]], [[630, 374]], [[629, 375]], [[628, 376]], [[627, 376]], [[626, 377]], [[625, 377]], [[624, 377]], [[623, 377]], [[622, 376]], [[621, 376]], [[620, 376]], [[619, 375]], [[619, 376]], [[618, 377]], [[617, 377]], [[616, 376]], [[615, 376]], [[614, 377]], [[613, 377]], [[613, 378]], [[612, 379]], [[611, 380]], [[610, 380]], [[609, 380]], [[609, 381]], [[608, 382]], [[607, 383]], [[606, 383]], [[606, 384]], [[605, 385]], [[605, 386]], [[605, 387]], [[604, 388]], [[604, 389]], [[604, 390]], [[604, 391]], [[605, 392]], [[605, 393]], [[605, 394]], [[605, 395]], [[605, 396]], [[605, 397]], [[605, 398]], [[605, 399]], [[605, 400]], [[605, 401]], [[605, 402]], [[605, 403]], [[605, 404]], [[604, 405]], [[603, 405]], [[602, 406]], [[601, 406]], [[600, 407]], [[599, 408]], [[599, 409]], [[599, 410]], [[599, 411]], [[599, 412]], [[600, 413]], [[600, 414]], [[600, 415]], [[600, 416]], [[600, 417]], [[601, 418]], [[601, 419]], [[601, 420]], [[601, 421]], [[602, 422]], [[602, 423]], [[602, 424]], [[602, 425]], [[602, 426]], [[603, 427]], [[603, 428]], [[603, 429]], [[604, 430]], [[604, 431]], [[604, 432]], [[605, 433]], [[606, 434]], [[607, 434]], [[608, 434]], [[609, 435]], [[610, 434]], [[611, 435]], [[612, 434]], [[613, 434]], [[614, 434]], [[615, 434]], [[616, 433]], [[616, 432]], [[617, 431]], [[618, 430]], [[618, 429]], [[619, 428]], [[620, 428]], [[621, 428]], [[622, 428]], [[623, 428]], [[624, 429]], [[624, 430]], [[624, 431]], [[624, 432]], [[624, 433]], [[625, 434]], [[626, 434]], [[627, 434]], [[628, 435]], [[629, 436]], [[629, 437]], [[630, 438]], [[630, 439]], [[629, 440]], [[630, 441]], [[630, 442]], [[629, 443]], [[628, 443]], [[627, 443]], [[626, 444]], [[625, 444]], [[624, 445]], [[623, 445]], [[623, 446]], [[622, 447]], [[622, 448]], [[622, 449]], [[622, 450]], [[623, 451]], [[624, 452]], [[624, 453]], [[623, 454]], [[622, 454]], [[623, 455]], [[624, 456]], [[625, 457]], [[625, 458]], [[626, 459]], [[626, 460]], [[627, 461]], [[627, 462]], [[627, 463]], [[627, 464]], [[628, 465]], [[628, 466]], [[629, 466]], [[630, 467]], [[631, 467]], [[632, 468]], [[633, 468]], [[634, 469]], [[635, 469]], [[636, 469]], [[637, 469]], [[638, 470]], [[639, 470]], [[640, 471]], [[641, 472]], [[642, 473]], [[643, 473]], [[644, 473]], [[645, 474]], [[646, 474]], [[647, 474]], [[648, 474]], [[649, 474]], [[650, 474]], [[651, 473]], [[652, 473]], [[653, 473]], [[654, 473]], [[655, 473]], [[656, 473]], [[657, 473]], [[658, 473]], [[659, 473]], [[660, 473]], [[661, 473]], [[662, 472]], [[663, 472]], [[664, 471]], [[665, 471]], [[666, 470]], [[667, 469]], [[668, 468]], [[669, 467]], [[669, 466]], [[670, 465]], [[671, 464]], [[672, 463]], [[673, 462]], [[674, 462]], [[675, 462]], [[676, 462]], [[677, 462]], [[678, 462]], [[679, 462]], [[680, 462]], [[681, 462]], [[682, 463]], [[683, 463]], [[684, 464]], [[685, 464]], [[686, 465]], [[687, 465]], [[688, 464]], [[689, 464]], [[690, 464]], [[691, 464]], [[692, 464]], [[693, 463]], [[694, 463]], [[695, 462]], [[696, 462]], [[697, 461]], [[698, 461]], [[699, 460]], [[700, 459]], [[701, 458]], [[702, 457]], [[703, 456]], [[704, 455]], [[705, 454]], [[705, 453]], [[705, 452]], [[706, 451]], [[707, 450]], [[707, 449]], [[707, 448]], [[708, 447]], [[707, 446]], [[708, 445]], [[709, 444]], [[710, 444]], [[711, 444]], [[712, 444]], [[711, 444]], [[710, 444]], [[709, 444]], [[708, 443]], [[708, 442]], [[708, 441]], [[708, 440]], [[708, 439]], [[708, 438]], [[708, 437]], [[708, 436]], [[708, 435]], [[708, 434]], [[708, 433]], [[707, 432]], [[706, 431]], [[706, 430]], [[705, 429]], [[705, 428]], [[704, 427]], [[703, 426]], [[702, 425]], [[701, 424]], [[700, 424]], [[699, 423]], [[698, 423]], [[697, 424]], [[696, 425]], [[695, 425]], [[694, 424]], [[694, 423]], [[695, 422]], [[695, 421]], [[694, 420]], [[693, 420]], [[692, 419]], [[693, 418]], [[694, 417]], [[695, 418]], [[696, 417]], [[697, 417]], [[698, 416]], [[699, 415]], [[698, 414]], [[698, 413]], [[698, 412]], [[698, 411]], [[698, 410]], [[698, 409]], [[699, 408]], [[700, 408]], [[701, 407]], [[701, 406]], [[702, 405]], [[702, 404]], [[702, 403]], [[702, 402]], [[701, 401]], [[702, 400]], [[702, 399]], [[702, 398]], [[702, 397]], [[702, 396]], [[702, 395]], [[702, 394]], [[702, 393]], [[702, 392]], [[702, 391]], [[702, 390]], [[702, 389]], [[702, 388]], [[702, 387]], [[702, 386]], [[701, 385]], [[701, 384]], [[700, 384]], [[699, 383]], [[699, 382]], [[698, 381]], [[698, 380]], [[697, 380]], [[696, 379]], [[695, 379]], [[694, 379]], [[693, 378]], [[692, 377]], [[691, 376]], [[692, 375]], [[692, 374]], [[691, 373]], [[691, 372]], [[690, 371]], [[689, 370]], [[688, 369]], [[688, 368]], [[688, 367]], [[687, 366]], [[687, 365]], [[686, 364]], [[686, 363]], [[685, 363]], [[684, 362]], [[683, 361]], [[682, 360]], [[683, 359]], [[682, 359]], [[681, 359]], [[680, 359]], [[679, 359]], [[678, 359]], [[677, 359]], [[676, 359]], [[675, 359]], [[674, 359]], [[674, 360]], [[673, 361]], [[672, 361]], [[671, 361]], [[670, 362]], [[669, 362]], [[668, 361]], [[667, 360]], [[666, 359]], [[665, 358]], [[664, 358]], [[663, 358]], [[662, 357]], [[661, 357]], [[660, 357]], [[659, 357]], [[658, 357]], [[657, 357]], [[656, 357]], [[655, 357]], [[654, 357]]]","[[[[658, 350], [657, 351], [656, 351], [656, 352], [657, 352], [658, 352], [659, 352], [660, 353], [659, 354], [658, 354], [657, 354], [656, 355], [655, 355], [654, 355], [653, 355], [652, 356], [651, 356], [650, 357], [649, 358], [648, 358], [647, 359], [646, 359], [647, 359], [648, 359], [649, 358], [650, 358], [651, 357], [652, 357], [653, 356], [654, 356], [655, 356], [656, 356], [657, 356], [658, 356], [659, 356], [660, 356], [660, 355], [661, 354], [661, 353], [660, 352], [659, 352], [658, 351]]], [[[635, 351], [635, 352], [635, 353], [636, 354], [637, 355], [637, 356], [637, 357], [638, 358], [637, 359], [636, 360], [635, 361], [635, 362], [634, 363], [633, 363], [632, 363], [631, 364], [630, 364], [629, 364], [628, 364], [627, 364], [626, 365], [625, 365], [624, 365], [623, 365], [622, 365], [621, 364], [621, 363], [620, 363], [619, 363], [620, 364], [621, 364], [622, 365], [622, 366], [623, 366], [624, 366], [625, 366], [626, 367], [626, 368], [627, 369], [628, 370], [629, 370], [629, 369], [629, 368], [628, 367], [629, 366], [629, 365], [630, 364], [631, 364], [632, 364], [633, 365], [634, 364], [635, 365], [636, 365], [636, 364], [636, 363], [637, 362], [637, 361], [638, 360], [639, 360], [640, 361], [640, 362], [641, 362], [642, 362], [643, 362], [644, 361], [645, 361], [644, 361], [643, 361], [642, 360], [641, 360], [640, 360], [639, 360], [638, 359], [638, 358], [639, 357], [640, 356], [641, 356], [642, 356], [643, 356], [643, 355], [642, 355], [641, 355], [640, 355], [639, 355], [638, 354], [637, 353], [636, 352]]], [], [[[609, 370], [609, 371], [610, 372], [611, 373], [610, 374], [609, 375], [608, 375], [607, 374], [606, 374], [605, 374], [605, 375], [606, 376], [607, 377], [608, 378], [608, 379], [607, 380], [606, 381], [605, 382], [605, 383], [606, 382], [607, 382], [608, 381], [608, 380], [609, 379], [610, 379], [611, 379], [612, 378], [612, 377], [613, 376], [614, 376], [615, 375], [616, 375], [617, 376], [618, 376], [618, 375], [619, 374], [619, 373], [618, 372], [617, 372], [616, 373], [615, 373], [614, 373], [613, 372], [612, 371], [611, 370], [610, 370]]], [[[604, 392], [604, 393], [604, 394], [603, 395], [603, 396], [602, 397], [602, 398], [602, 399], [601, 400], [601, 401], [600, 402], [600, 403], [599, 404], [598, 405], [597, 406], [597, 407], [597, 408], [597, 409], [598, 410], [598, 411], [598, 412], [598, 413], [599, 414], [599, 415], [599, 416], [599, 417], [598, 418], [599, 419], [599, 420], [600, 421], [600, 422], [600, 423], [600, 424], [600, 425], [601, 426], [600, 427], [600, 428], [600, 429], [601, 430], [602, 430], [602, 429], [602, 428], [602, 427], [601, 426], [601, 425], [601, 424], [601, 423], [601, 422], [600, 421], [600, 420], [600, 419], [600, 418], [599, 417], [599, 416], [599, 415], [599, 414], [599, 413], [598, 412], [598, 411], [598, 410], [598, 409], [598, 408], [599, 407], [600, 406], [601, 405], [602, 405], [603, 404], [604, 404], [604, 403], [604, 402], [604, 401], [604, 400], [604, 399], [604, 398], [604, 397], [604, 396], [604, 395], [604, 394], [604, 393]]], [[[706, 392], [706, 393], [707, 394], [707, 395], [706, 396], [705, 395], [704, 394], [704, 393], [704, 394], [703, 395], [703, 396], [703, 397], [703, 398], [703, 399], [703, 400], [702, 401], [703, 402], [703, 403], [703, 404], [703, 405], [702, 406], [702, 407], [701, 408], [700, 409], [699, 409], [699, 410], [699, 411], [699, 412], [699, 413], [699, 414], [700, 414], [701, 414], [702, 415], [702, 416], [701, 417], [700, 417], [699, 417], [698, 417], [698, 418], [699, 419], [699, 420], [699, 421], [699, 422], [700, 423], [701, 423], [702, 424], [703, 425], [704, 426], [705, 427], [706, 428], [706, 429], [707, 430], [707, 431], [708, 432], [709, 432], [710, 432], [710, 431], [710, 430], [709, 429], [708, 428], [708, 427], [708, 426], [707, 425], [706, 425], [705, 425], [704, 424], [703, 423], [703, 422], [704, 421], [704, 420], [705, 419], [705, 418], [705, 417], [705, 416], [705, 415], [706, 414], [705, 414], [704, 413], [704, 412], [705, 411], [706, 410], [707, 410], [707, 409], [708, 408], [708, 407], [707, 407], [706, 406], [706, 405], [706, 404], [706, 403], [706, 402], [706, 401], [707, 400], [708, 399], [707, 398], [707, 397], [707, 396], [707, 395], [707, 394], [707, 393], [707, 392]]], [[[677, 350], [676, 351], [677, 352], [678, 353], [679, 354], [680, 355], [681, 355], [682, 356], [683, 357], [684, 357], [685, 358], [686, 358], [687, 358], [688, 359], [689, 359], [690, 358], [691, 358], [692, 358], [693, 359], [694, 359], [695, 360], [696, 361], [696, 362], [697, 363], [697, 364], [696, 365], [696, 366], [697, 366], [698, 366], [699, 367], [700, 366], [701, 365], [701, 364], [701, 363], [702, 362], [703, 362], [704, 362], [705, 362], [705, 361], [704, 361], [703, 361], [702, 361], [701, 361], [700, 361], [699, 361], [698, 360], [698, 359], [697, 358], [696, 358], [695, 357], [694, 357], [693, 357], [692, 357], [691, 357], [690, 357], [689, 357], [688, 357], [687, 357], [686, 356], [685, 356], [684, 355], [684, 354], [683, 353], [682, 352], [681, 351], [681, 350], [680, 350], [681, 351], [682, 352], [681, 353], [680, 353], [679, 352], [678, 352], [677, 351]]]]","[219, 220, [], 221, 222, 207, 224]"
113,113,"[[[266, 351]], [[265, 352]], [[264, 353]], [[264, 354]], [[264, 355]], [[264, 356]], [[264, 357]], [[263, 358]], [[262, 359]], [[262, 360]], [[263, 360]], [[264, 361]], [[265, 361]], [[266, 362]], [[267, 362]], [[268, 363]], [[269, 363]], [[270, 363]], [[271, 362]], [[272, 362]], [[272, 361]], [[273, 360]], [[273, 359]], [[274, 358]], [[275, 357]], [[275, 356]], [[275, 355]], [[274, 354]], [[273, 353]], [[272, 352]], [[271, 352]], [[270, 352]], [[269, 351]], [[268, 351]], [[267, 351]]]","[[[[249, 355], [248, 356], [247, 357], [247, 358], [248, 359], [249, 359], [250, 360], [251, 360], [252, 359], [253, 359], [254, 359], [255, 360], [256, 360], [257, 361], [258, 362], [258, 363], [259, 364], [260, 365], [260, 366], [261, 366], [262, 365], [263, 365], [264, 365], [265, 366], [266, 366], [267, 366], [268, 367], [269, 366], [270, 366], [271, 366], [270, 366], [269, 365], [269, 364], [268, 364], [267, 363], [266, 363], [265, 363], [264, 362], [263, 362], [262, 363], [261, 363], [260, 363], [259, 362], [258, 361], [258, 360], [258, 359], [257, 358], [257, 357], [256, 357], [255, 357], [254, 356], [253, 357], [252, 358], [251, 357], [251, 356], [250, 355]]]]",[225]
114,114,"[[[733, 349]], [[732, 350]], [[731, 350]], [[730, 350]], [[729, 350]], [[728, 350]], [[727, 351]], [[726, 351]], [[725, 352]], [[724, 352]], [[723, 352]], [[722, 353]], [[721, 353]], [[720, 354]], [[719, 354]], [[718, 355]], [[717, 355]], [[716, 355]], [[715, 356]], [[714, 357]], [[714, 358]], [[713, 359]], [[713, 360]], [[713, 361]], [[712, 362]], [[711, 363]], [[711, 364]], [[711, 365]], [[711, 366]], [[711, 367]], [[712, 368]], [[713, 368]], [[714, 368]], [[715, 368]], [[716, 368]], [[717, 368]], [[718, 368]], [[719, 368]], [[720, 368]], [[721, 367]], [[722, 366]], [[723, 366]], [[724, 365]], [[725, 365]], [[726, 365]], [[727, 365]], [[728, 364]], [[729, 363]], [[730, 362]], [[731, 362]], [[732, 361]], [[732, 360]], [[733, 359]], [[733, 358]], [[733, 357]], [[733, 356]], [[733, 355]], [[734, 354]], [[734, 353]], [[735, 352]], [[735, 351]], [[735, 350]], [[734, 349]]]","[[], [[[710, 364], [709, 365], [708, 366], [707, 366], [706, 366], [705, 366], [706, 366], [707, 367], [708, 368], [708, 369], [709, 369], [710, 370], [710, 371], [710, 372], [710, 373], [709, 374], [708, 374], [708, 375], [707, 376], [706, 376], [707, 377], [707, 378], [708, 378], [708, 377], [709, 376], [709, 375], [710, 374], [710, 373], [711, 372], [712, 372], [713, 371], [714, 371], [715, 371], [716, 371], [717, 371], [718, 371], [719, 371], [720, 370], [720, 369], [719, 369], [718, 369], [717, 370], [716, 371], [715, 371], [714, 371], [713, 371], [712, 370], [711, 369], [711, 368], [710, 367], [710, 366], [710, 365]]], [[[730, 363], [730, 364], [731, 365], [732, 365], [733, 366], [732, 367], [732, 368], [731, 369], [730, 370], [729, 370], [728, 369], [727, 368], [726, 367], [726, 366], [725, 366], [724, 366], [723, 367], [723, 368], [724, 368], [725, 368], [726, 368], [727, 369], [728, 370], [729, 370], [730, 370], [731, 369], [732, 368], [733, 367], [734, 367], [733, 366], [733, 365], [733, 364], [732, 363], [731, 363]]]]","[[], 226, 227]"
115,115,"[[[243, 349]], [[242, 350]], [[241, 350]], [[240, 351]], [[239, 351]], [[238, 351]], [[237, 351]], [[236, 350]], [[235, 351]], [[234, 351]], [[233, 351]], [[232, 351]], [[231, 352]], [[230, 352]], [[229, 352]], [[228, 352]], [[228, 353]], [[228, 354]], [[228, 355]], [[228, 356]], [[228, 357]], [[228, 358]], [[229, 359]], [[230, 359]], [[231, 359]], [[232, 359]], [[233, 359]], [[234, 359]], [[235, 360]], [[236, 360]], [[237, 360]], [[238, 360]], [[239, 359]], [[240, 359]], [[241, 359]], [[242, 359]], [[243, 359]], [[244, 359]], [[245, 359]], [[246, 358]], [[246, 357]], [[247, 356]], [[248, 355]], [[249, 354]], [[250, 354]], [[251, 353]], [[250, 352]], [[249, 352]], [[248, 351]], [[247, 350]], [[246, 349]], [[245, 349]], [[244, 349]]]","[[[[226, 355], [225, 356], [224, 357], [223, 358], [223, 359], [224, 359], [225, 358], [226, 357], [227, 358], [228, 359], [228, 360], [229, 361], [230, 361], [231, 362], [232, 362], [233, 362], [234, 362], [235, 362], [236, 363], [237, 364], [238, 365], [239, 365], [240, 365], [241, 365], [242, 365], [243, 365], [243, 364], [244, 363], [244, 362], [243, 361], [242, 361], [241, 361], [240, 361], [239, 361], [238, 361], [237, 361], [236, 361], [235, 361], [234, 360], [233, 360], [232, 360], [231, 360], [230, 360], [229, 360], [228, 359], [227, 358], [227, 357], [227, 356], [227, 355]]], [[[249, 355], [248, 356], [247, 357], [247, 358], [248, 359], [249, 359], [250, 360], [251, 360], [252, 359], [253, 359], [254, 359], [255, 360], [256, 360], [257, 361], [258, 362], [258, 363], [259, 364], [260, 365], [260, 366], [261, 366], [262, 365], [263, 365], [264, 365], [265, 366], [266, 366], [267, 366], [268, 367], [269, 366], [270, 366], [271, 366], [270, 366], [269, 365], [269, 364], [268, 364], [267, 363], [266, 363], [265, 363], [264, 362], [263, 362], [262, 363], [261, 363], [260, 363], [259, 362], [258, 361], [258, 360], [258, 359], [257, 358], [257, 357], [256, 357], [255, 357], [254, 356], [253, 357], [252, 358], [251, 357], [251, 356], [250, 355]]], []]","[216, 225, []]"
116,116,"[[[784, 347]], [[783, 348]], [[782, 348]], [[781, 348]], [[780, 348]], [[779, 348]], [[778, 349]], [[777, 349]], [[776, 349]], [[776, 350]], [[775, 351]], [[775, 352]], [[775, 353]], [[775, 354]], [[776, 355]], [[777, 356]], [[777, 357]], [[778, 358]], [[779, 358]], [[780, 359]], [[781, 359]], [[782, 359]], [[783, 359]], [[784, 359]], [[785, 359]], [[786, 359]], [[787, 358]], [[788, 358]], [[789, 357]], [[789, 356]], [[789, 355]], [[789, 354]], [[788, 353]], [[787, 352]], [[787, 351]], [[786, 350]], [[786, 349]], [[785, 348]]]","[[], [[[751, 359], [751, 360], [752, 360], [753, 360], [754, 360], [755, 360], [756, 360], [757, 361], [757, 362], [757, 363], [758, 364], [758, 365], [759, 366], [760, 367], [759, 368], [758, 369], [757, 369], [756, 369], [755, 369], [754, 370], [753, 370], [752, 370], [751, 370], [750, 370], [749, 369], [749, 368], [748, 367], [747, 366], [747, 365], [746, 365], [745, 364], [744, 363], [743, 362], [743, 361], [742, 361], [741, 361], [740, 361], [739, 361], [738, 361], [738, 362], [738, 363], [739, 363], [740, 363], [741, 363], [742, 364], [743, 364], [744, 364], [745, 365], [746, 366], [747, 367], [747, 368], [748, 369], [749, 370], [749, 371], [750, 371], [751, 371], [752, 371], [753, 370], [754, 370], [755, 371], [756, 372], [757, 371], [758, 371], [759, 371], [760, 370], [761, 370], [762, 370], [763, 370], [764, 371], [764, 372], [765, 373], [766, 373], [767, 374], [767, 375], [768, 376], [769, 377], [770, 378], [771, 379], [772, 380], [773, 381], [774, 381], [775, 382], [776, 383], [777, 382], [776, 381], [775, 381], [774, 381], [773, 380], [772, 379], [772, 378], [771, 377], [770, 376], [770, 375], [769, 374], [769, 373], [769, 372], [768, 372], [767, 372], [766, 371], [765, 370], [764, 369], [764, 368], [765, 367], [765, 366], [764, 366], [763, 366], [762, 366], [761, 365], [760, 364], [759, 363], [758, 362], [757, 361], [757, 360], [756, 360], [755, 359], [754, 359], [753, 360], [752, 359]]]]","[[], 230]"
117,117,"[[[427, 345]], [[426, 346]], [[425, 346]], [[424, 347]], [[423, 348]], [[422, 349]], [[422, 350]], [[421, 351]], [[420, 352]], [[419, 353]], [[418, 353]], [[417, 353]], [[416, 354]], [[415, 354]], [[414, 354]], [[413, 354]], [[412, 354]], [[411, 354]], [[410, 354]], [[409, 354]], [[408, 354]], [[407, 354]], [[406, 355]], [[405, 355]], [[404, 355]], [[403, 356]], [[402, 356]], [[401, 356]], [[400, 357]], [[399, 357]], [[398, 357]], [[397, 358]], [[396, 359]], [[395, 360]], [[395, 361]], [[394, 362]], [[395, 363]], [[395, 364]], [[395, 365]], [[395, 366]], [[396, 367]], [[396, 368]], [[396, 369]], [[397, 370]], [[397, 371]], [[398, 372]], [[399, 372]], [[400, 373]], [[400, 374]], [[401, 375]], [[402, 376]], [[403, 377]], [[403, 378]], [[404, 379]], [[405, 380]], [[406, 380]], [[407, 381]], [[408, 382]], [[409, 382]], [[410, 382]], [[411, 382]], [[412, 382]], [[413, 382]], [[414, 382]], [[415, 382]], [[416, 382]], [[417, 381]], [[418, 381]], [[419, 381]], [[420, 381]], [[421, 381]], [[422, 380]], [[423, 379]], [[424, 379]], [[425, 379]], [[426, 379]], [[427, 380]], [[427, 381]], [[427, 382]], [[427, 383]], [[426, 384]], [[427, 385]], [[427, 386]], [[427, 387]], [[426, 388]], [[426, 389]], [[426, 390]], [[426, 391]], [[427, 392]], [[428, 392]], [[429, 392]], [[430, 393]], [[431, 392]], [[432, 392]], [[433, 391]], [[434, 392]], [[435, 393]], [[435, 394]], [[436, 395]], [[437, 395]], [[438, 396]], [[439, 395]], [[440, 396]], [[440, 397]], [[441, 397]], [[442, 398]], [[443, 398]], [[444, 398]], [[445, 399]], [[446, 399]], [[447, 400]], [[448, 400]], [[449, 401]], [[450, 401]], [[451, 401]], [[452, 401]], [[453, 401]], [[454, 402]], [[455, 403]], [[456, 403]], [[457, 403]], [[458, 404]], [[459, 404]], [[460, 405]], [[461, 406]], [[462, 407]], [[463, 408]], [[464, 408]], [[465, 408]], [[466, 408]], [[467, 408]], [[468, 407]], [[469, 406]], [[470, 405]], [[470, 404]], [[471, 403]], [[471, 402]], [[471, 401]], [[471, 400]], [[471, 399]], [[472, 398]], [[472, 397]], [[472, 396]], [[472, 395]], [[472, 394]], [[472, 393]], [[472, 392]], [[471, 391]], [[471, 390]], [[470, 389]], [[469, 388]], [[469, 387]], [[470, 386]], [[471, 386]], [[472, 386]], [[473, 386]], [[474, 385]], [[475, 385]], [[476, 385]], [[477, 384]], [[478, 383]], [[479, 383]], [[480, 382]], [[481, 381]], [[482, 380]], [[483, 379]], [[483, 378]], [[483, 377]], [[484, 376]], [[485, 376]], [[485, 375]], [[485, 374]], [[485, 373]], [[485, 372]], [[484, 371]], [[483, 370]], [[483, 369]], [[482, 369]], [[481, 368]], [[480, 368]], [[479, 368]], [[478, 367]], [[477, 367]], [[476, 367]], [[475, 367]], [[474, 367]], [[473, 367]], [[472, 367]], [[471, 367]], [[470, 367]], [[469, 366]], [[468, 366]], [[467, 366]], [[466, 365]], [[466, 364]], [[466, 363]], [[465, 362]], [[465, 361]], [[465, 360]], [[464, 360]], [[463, 360]], [[462, 360]], [[461, 360]], [[460, 360]], [[459, 360]], [[458, 360]], [[457, 361]], [[456, 361]], [[455, 362]], [[454, 362]], [[454, 363]], [[453, 364]], [[453, 365]], [[452, 366]], [[452, 367]], [[452, 368]], [[452, 369]], [[452, 370]], [[452, 371]], [[452, 372]], [[452, 373]], [[452, 374]], [[452, 375]], [[452, 376]], [[452, 377]], [[453, 378]], [[454, 378]], [[455, 379]], [[456, 380]], [[457, 380]], [[458, 380]], [[459, 380]], [[460, 381]], [[461, 382]], [[462, 383]], [[463, 383]], [[464, 384]], [[465, 385]], [[466, 385]], [[467, 386]], [[468, 387]], [[467, 388]], [[466, 388]], [[465, 388]], [[464, 387]], [[463, 386]], [[462, 386]], [[461, 386]], [[460, 385]], [[459, 385]], [[458, 385]], [[457, 384]], [[456, 384]], [[455, 384]], [[454, 384]], [[453, 383]], [[452, 383]], [[451, 383]], [[450, 383]], [[449, 383]], [[448, 382]], [[447, 383]], [[446, 382]], [[445, 382]], [[444, 382]], [[443, 383]], [[442, 383]], [[441, 382]], [[441, 381]], [[441, 380]], [[440, 379]], [[440, 378]], [[440, 377]], [[440, 376]], [[441, 375]], [[442, 374]], [[443, 373]], [[444, 372]], [[445, 371]], [[446, 370]], [[446, 369]], [[447, 368]], [[448, 367]], [[448, 366]], [[449, 365]], [[448, 364]], [[447, 363]], [[447, 362]], [[446, 362]], [[445, 363]], [[444, 362]], [[443, 362]], [[442, 361]], [[441, 360]], [[440, 359]], [[440, 358]], [[440, 357]], [[439, 356]], [[439, 355]], [[439, 354]], [[438, 353]], [[437, 352]], [[436, 351]], [[436, 350]], [[435, 349]], [[435, 348]], [[435, 347]], [[434, 346]], [[433, 345]], [[432, 345]], [[431, 345]], [[430, 345]], [[429, 345]], [[428, 345]]]","[[[[399, 373], [399, 374], [399, 375], [398, 376], [399, 377], [400, 378], [401, 379], [402, 380], [403, 381], [403, 382], [404, 382], [405, 382], [406, 383], [407, 383], [408, 384], [409, 385], [409, 386], [409, 387], [409, 388], [410, 388], [411, 388], [412, 387], [413, 387], [414, 387], [414, 386], [415, 385], [415, 384], [415, 383], [414, 383], [413, 383], [414, 384], [413, 385], [412, 385], [411, 384], [410, 384], [409, 383], [408, 383], [407, 382], [406, 381], [405, 381], [404, 380], [403, 379], [402, 378], [402, 377], [401, 376], [400, 375], [399, 374]]], [[[423, 380], [423, 381], [424, 382], [424, 383], [423, 384], [422, 384], [421, 383], [420, 382], [419, 382], [418, 382], [418, 383], [419, 383], [420, 384], [421, 384], [422, 385], [422, 386], [423, 387], [423, 388], [423, 389], [424, 390], [425, 391], [425, 392], [424, 393], [423, 392], [422, 391], [421, 390], [420, 390], [419, 390], [419, 391], [420, 391], [421, 392], [422, 393], [423, 393], [424, 393], [425, 393], [426, 393], [427, 394], [427, 395], [428, 395], [429, 395], [430, 396], [431, 397], [432, 398], [433, 397], [434, 397], [435, 397], [436, 397], [437, 396], [436, 396], [435, 395], [434, 394], [434, 393], [433, 392], [432, 393], [431, 394], [430, 394], [429, 394], [428, 394], [427, 393], [426, 393], [425, 392], [425, 391], [425, 390], [425, 389], [425, 388], [426, 387], [426, 386], [426, 385], [425, 384], [426, 383], [426, 382], [426, 381], [426, 380], [425, 380], [424, 380]]], [], [[[455, 360], [454, 361], [453, 362], [452, 362], [451, 363], [450, 363], [450, 364], [450, 365], [450, 366], [450, 367], [449, 368], [448, 369], [447, 370], [446, 371], [446, 372], [445, 373], [444, 373], [443, 374], [442, 375], [441, 376], [441, 377], [441, 378], [441, 379], [442, 380], [442, 381], [442, 382], [443, 382], [444, 381], [445, 381], [446, 381], [447, 382], [448, 381], [449, 381], [448, 381], [447, 382], [446, 381], [445, 381], [444, 381], [443, 380], [444, 379], [445, 378], [446, 378], [445, 377], [444, 376], [445, 375], [446, 375], [447, 375], [447, 374], [447, 373], [448, 372], [449, 371], [450, 371], [451, 370], [451, 369], [451, 368], [451, 367], [451, 366], [452, 365], [452, 364], [453, 363], [453, 362], [454, 361], [455, 361], [456, 360]]]]","[231, 232, [], 233]"
118,118,"[[[543, 343]], [[542, 344]], [[541, 344]], [[540, 344]], [[539, 345]], [[538, 345]], [[537, 346]], [[536, 347]], [[535, 348]], [[534, 349]], [[534, 350]], [[533, 351]], [[533, 352]], [[533, 353]], [[533, 354]], [[532, 355]], [[532, 356]], [[532, 357]], [[532, 358]], [[532, 359]], [[532, 360]], [[532, 361]], [[532, 362]], [[533, 363]], [[533, 364]], [[534, 365]], [[535, 366]], [[535, 367]], [[535, 368]], [[536, 369]], [[536, 370]], [[537, 371]], [[538, 372]], [[538, 373]], [[539, 374]], [[539, 375]], [[540, 376]], [[540, 377]], [[541, 377]], [[542, 378]], [[543, 378]], [[544, 378]], [[545, 378]], [[546, 378]], [[547, 378]], [[548, 379]], [[549, 379]], [[550, 379]], [[551, 378]], [[552, 378]], [[553, 378]], [[554, 378]], [[555, 377]], [[556, 377]], [[557, 377]], [[558, 376]], [[559, 375]], [[560, 374]], [[561, 374]], [[562, 373]], [[563, 373]], [[564, 373]], [[565, 372]], [[566, 371]], [[567, 370]], [[568, 369]], [[569, 370]], [[569, 371]], [[568, 372]], [[568, 373]], [[568, 374]], [[567, 375]], [[567, 376]], [[566, 377]], [[566, 378]], [[566, 379]], [[566, 380]], [[566, 381]], [[566, 382]], [[567, 383]], [[568, 383]], [[569, 383]], [[570, 384]], [[570, 385]], [[570, 386]], [[570, 387]], [[570, 388]], [[569, 389]], [[569, 390]], [[570, 390]], [[571, 391]], [[572, 392]], [[572, 393]], [[572, 394]], [[572, 395]], [[572, 396]], [[572, 397]], [[572, 398]], [[573, 399]], [[574, 399]], [[575, 399]], [[576, 399]], [[577, 398]], [[578, 398]], [[579, 398]], [[580, 399]], [[581, 399]], [[582, 399]], [[583, 398]], [[584, 398]], [[585, 398]], [[586, 397]], [[587, 397]], [[587, 396]], [[587, 395]], [[587, 394]], [[588, 393]], [[589, 392]], [[589, 391]], [[590, 390]], [[590, 389]], [[591, 388]], [[592, 387]], [[593, 386]], [[594, 386]], [[595, 386]], [[596, 385]], [[597, 385]], [[597, 384]], [[597, 383]], [[597, 382]], [[597, 381]], [[597, 380]], [[597, 379]], [[596, 378]], [[596, 377]], [[596, 376]], [[595, 375]], [[595, 374]], [[594, 373]], [[594, 372]], [[594, 371]], [[593, 370]], [[593, 369]], [[593, 368]], [[593, 367]], [[592, 367]], [[591, 366]], [[590, 366]], [[589, 366]], [[588, 365]], [[587, 364]], [[586, 363]], [[585, 363]], [[584, 363]], [[583, 363]], [[582, 362]], [[581, 363]], [[581, 364]], [[580, 365]], [[579, 366]], [[578, 366]], [[577, 366]], [[576, 366]], [[575, 366]], [[574, 366]], [[573, 366]], [[572, 367]], [[571, 367]], [[571, 368]], [[570, 369]], [[569, 368]], [[569, 367]], [[569, 366]], [[569, 365]], [[569, 364]], [[569, 363]], [[569, 362]], [[569, 361]], [[569, 360]], [[568, 359]], [[568, 358]], [[567, 357]], [[567, 356]], [[567, 355]], [[566, 354]], [[566, 353]], [[565, 352]], [[564, 351]], [[563, 350]], [[563, 349]], [[562, 348]], [[561, 347]], [[560, 346]], [[559, 346]], [[558, 346]], [[557, 347]], [[556, 347]], [[555, 347]], [[554, 347]], [[553, 346]], [[552, 345]], [[551, 345]], [[550, 344]], [[549, 343]], [[548, 343]], [[547, 343]], [[546, 343]], [[545, 343]], [[544, 343]]]","[[[[539, 343], [538, 344], [537, 344], [536, 344], [535, 345], [534, 345], [533, 346], [532, 347], [532, 348], [532, 349], [531, 350], [532, 351], [531, 352], [531, 353], [531, 354], [531, 355], [531, 356], [531, 357], [530, 358], [529, 359], [529, 360], [530, 361], [529, 362], [528, 362], [527, 363], [526, 363], [525, 363], [526, 364], [527, 364], [528, 363], [529, 363], [530, 362], [530, 361], [531, 360], [531, 359], [531, 358], [531, 357], [531, 356], [531, 355], [532, 354], [532, 353], [532, 352], [532, 351], [533, 350], [533, 349], [534, 348], [535, 347], [536, 346], [537, 345], [538, 344], [539, 344], [540, 343], [541, 343], [540, 343]]], [], [[[567, 384], [566, 385], [565, 385], [565, 386], [565, 387], [565, 388], [566, 388], [567, 389], [567, 390], [567, 391], [567, 392], [568, 393], [567, 394], [567, 395], [567, 396], [568, 396], [569, 397], [570, 397], [570, 396], [569, 395], [569, 394], [570, 393], [571, 392], [570, 391], [569, 391], [568, 390], [568, 389], [569, 388], [569, 387], [569, 386], [569, 385], [569, 384], [568, 384]]]]","[234, [], 235]"
119,119,"[[[370, 337]], [[369, 338]], [[368, 338]], [[367, 338]], [[367, 339]], [[367, 340]], [[366, 341]], [[366, 342]], [[366, 343]], [[365, 344]], [[365, 345]], [[365, 346]], [[364, 347]], [[364, 348]], [[365, 349]], [[365, 350]], [[365, 351]], [[366, 352]], [[366, 353]], [[367, 354]], [[368, 355]], [[369, 356]], [[370, 357]], [[371, 358]], [[372, 359]], [[373, 360]], [[374, 360]], [[375, 361]], [[376, 361]], [[377, 362]], [[378, 363]], [[379, 364]], [[379, 365]], [[380, 366]], [[381, 366]], [[382, 366]], [[383, 366]], [[384, 366]], [[385, 365]], [[386, 365]], [[387, 365]], [[387, 364]], [[388, 363]], [[389, 362]], [[389, 361]], [[390, 360]], [[390, 359]], [[391, 358]], [[391, 357]], [[392, 356]], [[392, 355]], [[393, 354]], [[393, 353]], [[393, 352]], [[393, 351]], [[393, 350]], [[393, 349]], [[393, 348]], [[393, 347]], [[393, 346]], [[392, 346]], [[391, 346]], [[390, 345]], [[389, 345]], [[388, 345]], [[387, 344]], [[386, 343]], [[385, 342]], [[384, 342]], [[383, 341]], [[382, 341]], [[381, 340]], [[380, 339]], [[379, 339]], [[378, 338]], [[377, 338]], [[376, 338]], [[375, 338]], [[374, 337]], [[373, 337]], [[372, 337]], [[371, 337]]]","[[], [[[346, 334], [346, 335], [347, 335], [348, 336], [349, 337], [350, 337], [351, 337], [352, 337], [353, 336], [354, 336], [355, 336], [356, 336], [357, 335], [358, 335], [359, 335], [360, 335], [361, 336], [361, 337], [361, 338], [360, 339], [360, 340], [360, 341], [361, 341], [362, 341], [362, 340], [362, 339], [363, 338], [364, 338], [365, 339], [365, 340], [365, 341], [365, 342], [365, 341], [366, 340], [366, 339], [366, 338], [366, 337], [365, 336], [364, 335], [365, 334], [364, 334], [363, 334], [362, 335], [361, 334], [360, 334], [359, 334], [358, 334], [357, 334], [356, 335], [355, 335], [354, 336], [353, 336], [352, 336], [351, 335], [350, 335], [349, 335], [348, 335], [347, 334]]], [[[363, 348], [363, 349], [363, 350], [363, 351], [363, 352], [364, 353], [365, 354], [365, 355], [366, 356], [367, 357], [367, 358], [367, 359], [367, 360], [367, 361], [368, 362], [369, 362], [370, 362], [371, 362], [372, 362], [373, 363], [374, 364], [375, 365], [376, 366], [377, 366], [378, 367], [378, 368], [379, 368], [380, 369], [381, 369], [382, 368], [383, 368], [384, 368], [385, 369], [386, 370], [387, 370], [388, 371], [389, 372], [390, 372], [391, 373], [392, 374], [393, 374], [394, 374], [395, 374], [395, 373], [394, 372], [393, 372], [392, 372], [391, 371], [391, 370], [390, 369], [389, 368], [389, 367], [388, 367], [387, 367], [386, 367], [385, 367], [384, 367], [383, 367], [382, 368], [381, 367], [380, 367], [379, 366], [378, 365], [378, 364], [377, 363], [376, 362], [375, 362], [374, 361], [373, 361], [372, 360], [371, 359], [370, 358], [369, 357], [368, 356], [367, 355], [366, 354], [365, 353], [365, 352], [364, 351], [364, 350], [364, 349]]]]","[[], 236, 237]"
120,120,"[[[14, 326]], [[13, 327]], [[12, 328]], [[11, 329]], [[10, 329]], [[9, 330]], [[8, 331]], [[8, 332]], [[8, 333]], [[8, 334]], [[8, 335]], [[8, 336]], [[9, 337]], [[9, 338]], [[9, 339]], [[9, 340]], [[10, 341]], [[10, 342]], [[10, 343]], [[11, 344]], [[11, 345]], [[11, 346]], [[11, 347]], [[11, 348]], [[11, 349]], [[11, 350]], [[12, 351]], [[12, 352]], [[11, 353]], [[12, 353]], [[13, 354]], [[14, 355]], [[15, 356]], [[16, 357]], [[17, 358]], [[18, 358]], [[19, 358]], [[20, 359]], [[21, 358]], [[22, 357]], [[23, 357]], [[24, 357]], [[25, 356]], [[26, 355]], [[27, 354]], [[28, 353]], [[29, 353]], [[30, 352]], [[31, 351]], [[31, 350]], [[32, 349]], [[33, 348]], [[34, 347]], [[34, 346]], [[34, 345]], [[34, 344]], [[33, 343]], [[33, 342]], [[32, 341]], [[32, 340]], [[32, 339]], [[31, 338]], [[30, 337]], [[29, 336]], [[29, 335]], [[28, 334]], [[27, 333]], [[26, 332]], [[25, 331]], [[24, 330]], [[23, 329]], [[22, 329]], [[21, 328]], [[20, 327]], [[19, 326]], [[18, 326]], [[17, 326]], [[16, 326]], [[15, 326]]]",[[]],[]
121,121,"[[[522, 306]], [[522, 307]], [[522, 308]], [[521, 309]], [[521, 310]], [[521, 311]], [[520, 312]], [[520, 313]], [[520, 314]], [[519, 315]], [[518, 314]], [[518, 315]], [[518, 316]], [[518, 317]], [[518, 318]], [[519, 319]], [[520, 320]], [[520, 321]], [[521, 322]], [[522, 323]], [[522, 324]], [[523, 324]], [[524, 323]], [[525, 323]], [[526, 323]], [[526, 322]], [[527, 321]], [[528, 321]], [[528, 320]], [[529, 319]], [[528, 318]], [[528, 317]], [[528, 316]], [[528, 315]], [[527, 314]], [[527, 313]], [[527, 312]], [[527, 311]], [[526, 310]], [[526, 309]], [[526, 308]], [[525, 307]], [[524, 307]], [[523, 307]]]",[[]],[]
122,122,"[[[704, 298]], [[703, 299]], [[702, 299]], [[701, 300]], [[700, 300]], [[699, 301]], [[699, 302]], [[698, 303]], [[697, 304]], [[696, 304]], [[695, 304]], [[694, 305]], [[693, 305]], [[692, 306]], [[691, 306]], [[690, 306]], [[689, 307]], [[688, 307]], [[687, 308]], [[686, 308]], [[685, 308]], [[684, 309]], [[683, 310]], [[684, 311]], [[683, 312]], [[683, 313]], [[683, 314]], [[682, 315]], [[682, 316]], [[682, 317]], [[682, 318]], [[682, 319]], [[683, 320]], [[684, 321]], [[684, 322]], [[684, 323]], [[684, 324]], [[683, 325]], [[683, 326]], [[682, 327]], [[681, 328]], [[680, 329]], [[680, 330]], [[679, 331]], [[678, 332]], [[677, 333]], [[677, 334]], [[677, 335]], [[677, 336]], [[677, 337]], [[676, 338]], [[676, 339]], [[676, 340]], [[677, 341]], [[677, 342]], [[677, 343]], [[678, 344]], [[679, 345]], [[679, 346]], [[680, 347]], [[681, 348]], [[682, 348]], [[683, 349]], [[684, 349]], [[685, 350]], [[686, 351]], [[687, 350]], [[688, 350]], [[689, 350]], [[690, 350]], [[690, 349]], [[691, 348]], [[692, 347]], [[693, 346]], [[694, 346]], [[695, 347]], [[696, 347]], [[697, 347]], [[698, 347]], [[699, 348]], [[700, 349]], [[701, 349]], [[702, 350]], [[703, 350]], [[704, 351]], [[703, 352]], [[702, 352]], [[703, 353]], [[704, 353]], [[704, 352]], [[705, 351]], [[706, 352]], [[706, 353]], [[707, 352]], [[708, 353]], [[709, 352]], [[710, 351]], [[711, 350]], [[712, 350]], [[713, 349]], [[713, 348]], [[714, 347]], [[714, 346]], [[715, 345]], [[715, 344]], [[715, 343]], [[715, 342]], [[715, 341]], [[716, 340]], [[716, 339]], [[717, 338]], [[718, 337]], [[719, 337]], [[720, 337]], [[721, 338]], [[722, 338]], [[723, 338]], [[724, 338]], [[725, 337]], [[726, 336]], [[727, 335]], [[727, 334]], [[727, 333]], [[727, 332]], [[726, 331]], [[726, 330]], [[725, 329]], [[724, 328]], [[724, 327]], [[724, 326]], [[723, 326]], [[722, 325]], [[721, 325]], [[720, 326]], [[719, 326]], [[718, 326]], [[717, 325]], [[716, 325]], [[715, 325]], [[714, 324]], [[713, 324]], [[712, 324]], [[711, 323]], [[710, 323]], [[709, 323]], [[708, 322]], [[708, 321]], [[708, 320]], [[709, 319]], [[710, 318]], [[711, 317]], [[711, 316]], [[711, 315]], [[712, 314]], [[713, 313]], [[713, 312]], [[714, 311]], [[715, 310]], [[715, 309]], [[715, 308]], [[715, 307]], [[715, 306]], [[714, 305]], [[714, 304]], [[713, 303]], [[712, 302]], [[711, 301]], [[710, 300]], [[709, 299]], [[708, 298]], [[707, 298]], [[706, 298]], [[705, 298]]]","[[], [[[656, 341], [657, 342], [658, 342], [659, 343], [660, 343], [661, 343], [662, 343], [663, 343], [664, 343], [665, 343], [666, 343], [667, 344], [668, 343], [669, 344], [669, 345], [670, 346], [671, 347], [672, 348], [673, 349], [674, 349], [675, 349], [675, 348], [676, 347], [677, 348], [678, 348], [679, 348], [678, 347], [677, 347], [676, 346], [675, 345], [674, 344], [675, 345], [675, 346], [676, 347], [675, 348], [674, 348], [673, 348], [672, 348], [671, 347], [671, 346], [670, 345], [669, 344], [668, 343], [667, 342], [666, 342], [665, 342], [664, 342], [663, 342], [662, 342], [661, 342], [660, 341], [659, 341], [658, 341], [657, 341]]], [[[677, 350], [676, 351], [677, 352], [678, 353], [679, 354], [680, 355], [681, 355], [682, 356], [683, 357], [684, 357], [685, 358], [686, 358], [687, 358], [688, 359], [689, 359], [690, 358], [691, 358], [692, 358], [693, 359], [694, 359], [695, 360], [696, 361], [696, 362], [697, 363], [697, 364], [696, 365], [696, 366], [697, 366], [698, 366], [699, 367], [700, 366], [701, 365], [701, 364], [701, 363], [702, 362], [703, 362], [704, 362], [705, 362], [705, 361], [704, 361], [703, 361], [702, 361], [701, 361], [700, 361], [699, 361], [698, 360], [698, 359], [697, 358], [696, 358], [695, 357], [694, 357], [693, 357], [692, 357], [691, 357], [690, 357], [689, 357], [688, 357], [687, 357], [686, 356], [685, 356], [684, 355], [684, 354], [683, 353], [682, 352], [681, 351], [681, 350], [680, 350], [681, 351], [682, 352], [681, 353], [680, 353], [679, 352], [678, 352], [677, 351]]]]","[[], 238, 224]"
123,123,"[[[300, 294]], [[299, 295]], [[298, 295]], [[297, 296]], [[296, 297]], [[295, 298]], [[294, 298]], [[294, 299]], [[294, 300]], [[294, 301]], [[293, 302]], [[293, 303]], [[293, 304]], [[293, 305]], [[293, 306]], [[293, 307]], [[292, 308]], [[291, 308]], [[290, 308]], [[289, 308]], [[288, 307]], [[289, 306]], [[290, 305]], [[291, 305]], [[291, 304]], [[291, 303]], [[291, 302]], [[291, 301]], [[291, 300]], [[292, 299]], [[292, 298]], [[291, 297]], [[290, 296]], [[289, 295]], [[288, 295]], [[287, 295]], [[286, 295]], [[285, 295]], [[284, 296]], [[283, 296]], [[282, 296]], [[281, 297]], [[281, 298]], [[281, 299]], [[281, 300]], [[281, 301]], [[281, 302]], [[281, 303]], [[281, 304]], [[281, 305]], [[281, 306]], [[281, 307]], [[281, 308]], [[282, 309]], [[282, 310]], [[283, 310]], [[284, 311]], [[285, 311]], [[286, 311]], [[287, 312]], [[287, 313]], [[287, 314]], [[287, 315]], [[286, 316]], [[286, 317]], [[286, 318]], [[285, 319]], [[284, 320]], [[285, 321]], [[285, 322]], [[285, 323]], [[285, 324]], [[285, 325]], [[286, 326]], [[286, 327]], [[287, 328]], [[288, 329]], [[289, 329]], [[290, 330]], [[291, 331]], [[292, 332]], [[293, 332]], [[294, 332]], [[295, 331]], [[296, 331]], [[297, 331]], [[298, 331]], [[299, 330]], [[299, 329]], [[300, 328]], [[300, 327]], [[301, 326]], [[302, 325]], [[302, 324]], [[303, 323]], [[304, 322]], [[305, 321]], [[306, 321]], [[307, 321]], [[308, 320]], [[309, 320]], [[310, 319]], [[311, 319]], [[312, 319]], [[313, 319]], [[314, 319]], [[315, 318]], [[316, 318]], [[317, 318]], [[318, 318]], [[319, 318]], [[320, 318]], [[321, 318]], [[322, 318]], [[323, 317]], [[324, 317]], [[325, 316]], [[326, 316]], [[326, 315]], [[326, 314]], [[327, 313]], [[327, 312]], [[327, 311]], [[327, 310]], [[326, 309]], [[326, 308]], [[325, 307]], [[324, 306]], [[323, 305]], [[322, 305]], [[321, 304]], [[320, 304]], [[319, 303]], [[318, 303]], [[317, 302]], [[316, 302]], [[315, 301]], [[314, 301]], [[313, 300]], [[312, 299]], [[311, 299]], [[310, 298]], [[309, 298]], [[308, 297]], [[307, 296]], [[306, 296]], [[305, 295]], [[304, 294]], [[303, 294]], [[302, 294]], [[301, 294]]]","[[], [[[282, 320], [281, 321], [281, 322], [281, 323], [281, 324], [281, 325], [280, 326], [279, 327], [278, 328], [277, 328], [277, 329], [278, 330], [279, 331], [279, 332], [280, 332], [280, 331], [279, 330], [279, 329], [280, 328], [281, 327], [282, 327], [283, 326], [284, 325], [284, 324], [284, 323], [284, 322], [284, 321], [283, 320]]], [[[285, 328], [285, 329], [286, 330], [287, 331], [288, 332], [289, 333], [290, 333], [291, 333], [292, 333], [293, 334], [294, 335], [294, 336], [294, 337], [295, 337], [296, 337], [297, 337], [298, 337], [298, 336], [297, 336], [296, 336], [295, 335], [294, 334], [293, 333], [292, 333], [291, 332], [290, 331], [289, 330], [288, 330], [287, 329], [286, 328]]], [[[334, 304], [333, 305], [332, 306], [332, 307], [331, 308], [330, 309], [329, 309], [328, 309], [328, 310], [328, 311], [328, 312], [329, 313], [330, 313], [330, 312], [330, 311], [329, 310], [330, 309], [331, 308], [332, 308], [333, 309], [334, 309], [335, 309], [336, 310], [336, 311], [336, 312], [336, 313], [337, 314], [337, 315], [337, 316], [337, 315], [337, 314], [338, 313], [338, 312], [338, 311], [338, 310], [337, 309], [336, 308], [336, 307], [337, 306], [338, 307], [339, 307], [338, 306], [337, 305], [336, 304], [335, 304]]], [[[297, 286], [297, 287], [298, 288], [299, 288], [300, 289], [301, 290], [302, 290], [303, 291], [304, 292], [304, 293], [305, 294], [306, 295], [307, 295], [308, 296], [309, 297], [310, 297], [311, 298], [312, 298], [313, 299], [314, 300], [315, 300], [316, 301], [317, 301], [318, 301], [319, 301], [320, 302], [319, 301], [318, 301], [317, 300], [316, 300], [315, 299], [314, 298], [313, 298], [312, 298], [311, 297], [310, 296], [309, 296], [308, 296], [307, 295], [306, 294], [306, 293], [305, 292], [305, 291], [306, 290], [307, 289], [308, 289], [309, 289], [310, 289], [311, 290], [312, 291], [313, 292], [313, 291], [314, 290], [315, 289], [316, 289], [317, 289], [318, 290], [319, 290], [320, 291], [320, 292], [320, 293], [321, 294], [321, 293], [321, 292], [321, 291], [320, 291], [319, 290], [318, 289], [317, 289], [316, 289], [315, 289], [314, 288], [313, 288], [312, 288], [311, 288], [310, 288], [309, 288], [308, 288], [307, 288], [306, 288], [305, 288], [304, 287], [303, 287], [302, 287], [301, 287], [300, 287], [299, 287], [298, 287]]]]","[[], 240, 241, 242, 243]"
124,124,"[[[796, 293]], [[796, 294]], [[795, 295]], [[795, 296]], [[795, 297]], [[795, 298]], [[796, 299]], [[796, 300]], [[796, 301]], [[796, 302]], [[796, 303]], [[797, 304]], [[797, 305]], [[797, 306]], [[797, 307]], [[797, 308]], [[797, 309]], [[797, 310]], [[798, 311]], [[799, 311]], [[800, 310]], [[800, 309]], [[800, 308]], [[801, 307]], [[801, 306]], [[801, 305]], [[802, 304]], [[802, 303]], [[801, 302]], [[801, 301]], [[801, 300]], [[801, 299]], [[801, 298]], [[801, 297]], [[800, 296]], [[800, 295]], [[800, 294]], [[799, 293]], [[798, 293]], [[797, 293]]]",[[]],[]
125,125,"[[[767, 288]], [[766, 289]], [[765, 289]], [[764, 289]], [[763, 290]], [[762, 290]], [[761, 291]], [[760, 291]], [[759, 291]], [[758, 292]], [[757, 292]], [[756, 292]], [[755, 293]], [[754, 294]], [[753, 295]], [[752, 295]], [[751, 296]], [[750, 296]], [[749, 296]], [[748, 297]], [[747, 298]], [[746, 299]], [[745, 299]], [[744, 300]], [[743, 301]], [[742, 301]], [[741, 302]], [[740, 302]], [[739, 303]], [[738, 304]], [[738, 305]], [[738, 306]], [[738, 307]], [[738, 308]], [[738, 309]], [[738, 310]], [[738, 311]], [[738, 312]], [[739, 313]], [[739, 314]], [[739, 315]], [[740, 316]], [[741, 317]], [[741, 318]], [[741, 319]], [[742, 320]], [[742, 321]], [[742, 322]], [[743, 323]], [[744, 324]], [[744, 325]], [[745, 326]], [[746, 327]], [[747, 328]], [[748, 329]], [[749, 329]], [[750, 330]], [[751, 330]], [[752, 329]], [[753, 329]], [[754, 329]], [[755, 329]], [[756, 329]], [[757, 328]], [[758, 328]], [[759, 327]], [[760, 327]], [[761, 327]], [[762, 326]], [[763, 326]], [[764, 326]], [[765, 325]], [[766, 325]], [[767, 324]], [[768, 323]], [[769, 323]], [[770, 322]], [[771, 321]], [[772, 320]], [[773, 319]], [[774, 319]], [[774, 318]], [[774, 317]], [[774, 316]], [[775, 315]], [[775, 314]], [[776, 313]], [[777, 312]], [[777, 311]], [[777, 310]], [[778, 309]], [[778, 308]], [[778, 307]], [[778, 306]], [[778, 305]], [[777, 304]], [[777, 303]], [[776, 302]], [[776, 301]], [[775, 300]], [[775, 299]], [[775, 298]], [[774, 297]], [[774, 296]], [[773, 295]], [[773, 294]], [[773, 293]], [[773, 292]], [[773, 291]], [[773, 290]], [[773, 289]], [[772, 288]], [[771, 288]], [[770, 288]], [[769, 288]], [[768, 288]]]","[[], [[[773, 321], [772, 322], [771, 323], [770, 324], [769, 325], [768, 326], [767, 327], [766, 327], [765, 327], [764, 328], [763, 328], [762, 328], [761, 328], [760, 329], [759, 329], [760, 329], [761, 329], [762, 330], [763, 330], [764, 330], [765, 329], [766, 329], [767, 328], [768, 328], [769, 328], [770, 328], [771, 328], [772, 328], [773, 327], [773, 326], [773, 325], [774, 324], [775, 324], [776, 324], [776, 323], [775, 322], [775, 321], [774, 321]]]]","[[], 244]"
126,126,"[[[464, 264]], [[464, 265]], [[463, 266]], [[462, 267]], [[462, 268]], [[462, 269]], [[461, 270]], [[461, 271]], [[460, 272]], [[460, 273]], [[459, 274]], [[459, 275]], [[460, 276]], [[460, 277]], [[460, 278]], [[460, 279]], [[461, 280]], [[462, 281]], [[462, 282]], [[463, 283]], [[463, 284]], [[463, 285]], [[464, 285]], [[465, 286]], [[465, 287]], [[465, 288]], [[465, 289]], [[465, 290]], [[466, 291]], [[466, 292]], [[466, 293]], [[467, 294]], [[468, 295]], [[468, 296]], [[468, 297]], [[469, 298]], [[469, 299]], [[470, 299]], [[471, 299]], [[472, 300]], [[473, 300]], [[474, 300]], [[475, 300]], [[476, 300]], [[477, 300]], [[478, 300]], [[479, 301]], [[480, 301]], [[481, 301]], [[482, 301]], [[483, 301]], [[484, 301]], [[485, 301]], [[486, 301]], [[487, 301]], [[488, 301]], [[489, 300]], [[489, 299]], [[490, 298]], [[490, 297]], [[490, 296]], [[489, 295]], [[489, 294]], [[489, 293]], [[489, 292]], [[489, 291]], [[489, 290]], [[489, 289]], [[489, 288]], [[490, 287]], [[491, 286]], [[491, 285]], [[491, 284]], [[491, 283]], [[492, 282]], [[492, 281]], [[493, 280]], [[494, 281]], [[495, 282]], [[495, 283]], [[495, 284]], [[496, 285]], [[497, 285]], [[498, 286]], [[499, 286]], [[499, 285]], [[499, 284]], [[499, 283]], [[499, 282]], [[499, 281]], [[498, 281]], [[497, 280]], [[496, 279]], [[495, 278]], [[494, 277]], [[494, 278]], [[493, 279]], [[492, 279]], [[491, 278]], [[490, 277]], [[490, 276]], [[489, 275]], [[489, 274]], [[488, 273]], [[487, 272]], [[486, 271]], [[486, 270]], [[485, 269]], [[484, 268]], [[483, 267]], [[482, 267]], [[481, 267]], [[480, 267]], [[479, 268]], [[479, 269]], [[478, 270]], [[477, 269]], [[476, 268]], [[475, 268]], [[474, 267]], [[473, 267]], [[472, 266]], [[471, 266]], [[470, 265]], [[469, 265]], [[468, 265]], [[467, 265]], [[466, 264]], [[465, 264]]]","[[], [[[459, 280], [460, 281], [460, 282], [460, 283], [460, 284], [460, 285], [461, 285], [462, 286], [463, 287], [463, 288], [463, 289], [464, 290], [464, 291], [464, 292], [465, 293], [465, 292], [465, 291], [464, 290], [464, 289], [463, 288], [463, 287], [463, 286], [462, 285], [462, 284], [462, 283], [461, 282], [461, 281], [460, 280]]], [[[493, 281], [493, 282], [492, 283], [492, 284], [492, 285], [492, 286], [492, 287], [491, 288], [490, 288], [490, 289], [490, 290], [490, 291], [490, 292], [490, 293], [491, 293], [492, 293], [493, 293], [494, 292], [493, 291], [494, 290], [495, 290], [496, 290], [497, 290], [498, 290], [498, 289], [497, 289], [496, 288], [496, 287], [496, 286], [495, 285], [494, 284], [494, 283], [494, 282]]]]","[[], 245, 246]"
127,127,"[[[241, 250]], [[240, 251]], [[239, 251]], [[238, 252]], [[237, 252]], [[236, 252]], [[235, 253]], [[234, 253]], [[233, 253]], [[232, 254]], [[231, 255]], [[230, 256]], [[230, 257]], [[229, 258]], [[229, 259]], [[228, 260]], [[228, 261]], [[228, 262]], [[228, 263]], [[227, 264]], [[227, 265]], [[227, 266]], [[227, 267]], [[227, 268]], [[226, 269]], [[225, 270]], [[224, 271]], [[223, 272]], [[222, 272]], [[221, 272]], [[220, 272]], [[219, 272]], [[218, 272]], [[217, 272]], [[216, 272]], [[215, 272]], [[214, 273]], [[213, 273]], [[212, 274]], [[211, 275]], [[210, 276]], [[211, 277]], [[211, 278]], [[210, 279]], [[210, 280]], [[210, 281]], [[210, 282]], [[210, 283]], [[209, 284]], [[208, 284]], [[208, 285]], [[208, 286]], [[209, 287]], [[209, 288]], [[209, 289]], [[209, 290]], [[210, 291]], [[211, 292]], [[212, 293]], [[213, 294]], [[214, 295]], [[213, 296]], [[212, 297]], [[211, 297]], [[210, 297]], [[209, 297]], [[208, 298]], [[208, 299]], [[207, 300]], [[206, 301]], [[206, 302]], [[206, 303]], [[206, 304]], [[207, 304]], [[208, 305]], [[208, 306]], [[209, 307]], [[209, 308]], [[210, 309]], [[210, 310]], [[211, 311]], [[211, 312]], [[212, 312]], [[213, 313]], [[214, 313]], [[215, 313]], [[216, 313]], [[217, 312]], [[218, 312]], [[219, 311]], [[220, 310]], [[221, 310]], [[222, 309]], [[223, 309]], [[224, 308]], [[224, 307]], [[224, 306]], [[224, 305]], [[223, 304]], [[224, 303]], [[223, 302]], [[223, 301]], [[222, 300]], [[222, 299]], [[223, 298]], [[224, 298]], [[225, 299]], [[226, 300]], [[227, 299]], [[228, 300]], [[229, 300]], [[230, 300]], [[231, 300]], [[232, 300]], [[233, 301]], [[234, 302]], [[235, 303]], [[236, 304]], [[237, 304]], [[238, 304]], [[239, 305]], [[239, 306]], [[240, 307]], [[241, 308]], [[241, 309]], [[242, 310]], [[243, 310]], [[244, 310]], [[245, 311]], [[246, 311]], [[247, 311]], [[248, 312]], [[249, 313]], [[250, 313]], [[251, 314]], [[252, 314]], [[253, 314]], [[254, 314]], [[255, 314]], [[256, 313]], [[257, 312]], [[258, 312]], [[259, 311]], [[260, 311]], [[261, 310]], [[262, 309]], [[263, 308]], [[263, 307]], [[263, 306]], [[264, 305]], [[265, 304]], [[265, 303]], [[266, 302]], [[266, 301]], [[266, 300]], [[266, 299]], [[266, 298]], [[266, 297]], [[266, 296]], [[266, 295]], [[267, 294]], [[267, 293]], [[267, 292]], [[268, 291]], [[268, 290]], [[269, 289]], [[269, 288]], [[269, 287]], [[269, 286]], [[269, 285]], [[269, 284]], [[269, 283]], [[269, 282]], [[269, 281]], [[269, 280]], [[269, 279]], [[268, 278]], [[267, 277]], [[267, 276]], [[266, 275]], [[266, 274]], [[266, 273]], [[265, 272]], [[264, 271]], [[264, 270]], [[264, 269]], [[264, 268]], [[263, 268]], [[262, 267]], [[261, 266]], [[260, 265]], [[259, 265]], [[258, 264]], [[257, 264]], [[256, 263]], [[255, 262]], [[255, 261]], [[255, 260]], [[254, 259]], [[253, 258]], [[252, 257]], [[251, 256]], [[250, 255]], [[249, 254]], [[248, 253]], [[247, 252]], [[246, 252]], [[245, 251]], [[244, 251]], [[243, 250]], [[242, 250]]]","[[], [[[193, 290], [193, 291], [194, 292], [195, 293], [195, 294], [196, 295], [196, 296], [196, 297], [196, 298], [196, 299], [195, 300], [196, 301], [197, 301], [198, 301], [199, 301], [200, 302], [201, 302], [202, 302], [203, 302], [204, 303], [205, 303], [205, 302], [205, 301], [204, 301], [203, 302], [202, 301], [201, 300], [200, 300], [199, 300], [198, 299], [198, 298], [198, 297], [198, 296], [198, 295], [197, 294], [197, 293], [196, 292], [196, 291], [195, 290], [194, 290]]]]","[[], 247]"
128,128,"[[[333, 243]], [[332, 244]], [[331, 244]], [[330, 244]], [[329, 244]], [[328, 245]], [[327, 245]], [[326, 246]], [[325, 246]], [[324, 247]], [[323, 248]], [[322, 248]], [[321, 247]], [[321, 246]], [[321, 245]], [[320, 245]], [[319, 244]], [[318, 244]], [[317, 244]], [[316, 245]], [[315, 245]], [[314, 245]], [[313, 246]], [[312, 246]], [[311, 247]], [[310, 248]], [[309, 248]], [[308, 249]], [[307, 250]], [[306, 250]], [[305, 251]], [[304, 252]], [[304, 253]], [[303, 254]], [[302, 255]], [[302, 256]], [[301, 257]], [[300, 258]], [[301, 259]], [[300, 260]], [[299, 260]], [[298, 260]], [[299, 261]], [[299, 262]], [[299, 263]], [[299, 264]], [[298, 265]], [[299, 266]], [[299, 267]], [[300, 268]], [[301, 269]], [[302, 270]], [[303, 271]], [[304, 272]], [[305, 272]], [[306, 272]], [[307, 272]], [[308, 272]], [[309, 273]], [[309, 274]], [[309, 275]], [[309, 276]], [[309, 277]], [[308, 278]], [[308, 279]], [[307, 280]], [[306, 280]], [[307, 281]], [[308, 282]], [[308, 283]], [[308, 284]], [[308, 285]], [[308, 286]], [[309, 287]], [[310, 287]], [[311, 286]], [[312, 287]], [[313, 287]], [[314, 287]], [[315, 288]], [[316, 288]], [[317, 288]], [[318, 288]], [[319, 289]], [[320, 290]], [[321, 290]], [[322, 290]], [[323, 290]], [[324, 290]], [[325, 289]], [[326, 289]], [[327, 289]], [[328, 290]], [[329, 290]], [[330, 290]], [[331, 290]], [[332, 290]], [[333, 290]], [[334, 291]], [[333, 292]], [[332, 292]], [[331, 292]], [[330, 293]], [[329, 293]], [[328, 293]], [[327, 293]], [[326, 293]], [[327, 294]], [[327, 295]], [[328, 296]], [[329, 297]], [[330, 298]], [[330, 299]], [[331, 300]], [[332, 301]], [[333, 302]], [[334, 303]], [[335, 303]], [[336, 303]], [[337, 304]], [[338, 305]], [[339, 306]], [[340, 307]], [[341, 307]], [[342, 308]], [[343, 308]], [[344, 309]], [[344, 310]], [[345, 311]], [[345, 312]], [[346, 313]], [[346, 314]], [[347, 315]], [[348, 316]], [[349, 317]], [[350, 318]], [[351, 319]], [[352, 319]], [[353, 320]], [[354, 320]], [[355, 320]], [[356, 319]], [[357, 319]], [[358, 319]], [[359, 319]], [[360, 318]], [[361, 318]], [[362, 318]], [[363, 317]], [[364, 317]], [[365, 317]], [[366, 317]], [[367, 317]], [[368, 316]], [[369, 316]], [[370, 316]], [[371, 315]], [[372, 314]], [[373, 314]], [[374, 313]], [[375, 312]], [[376, 311]], [[377, 310]], [[377, 309]], [[377, 308]], [[377, 307]], [[377, 306]], [[377, 305]], [[377, 304]], [[377, 303]], [[377, 302]], [[377, 301]], [[377, 300]], [[378, 299]], [[379, 299]], [[378, 299]], [[377, 298]], [[377, 297]], [[377, 296]], [[377, 295]], [[377, 294]], [[377, 293]], [[377, 292]], [[377, 291]], [[377, 290]], [[377, 289]], [[376, 288]], [[376, 287]], [[375, 286]], [[375, 285]], [[374, 284]], [[373, 283]], [[372, 283]], [[371, 283]], [[370, 282]], [[370, 281]], [[370, 280]], [[369, 279]], [[368, 279]], [[367, 279]], [[366, 278]], [[366, 279]], [[365, 280]], [[364, 280]], [[363, 279]], [[362, 279]], [[361, 278]], [[361, 277]], [[361, 276]], [[362, 275]], [[363, 274]], [[364, 275]], [[364, 274]], [[364, 273]], [[365, 272]], [[365, 271]], [[366, 270]], [[367, 269]], [[368, 268]], [[368, 267]], [[369, 266]], [[370, 265]], [[370, 264]], [[370, 263]], [[370, 262]], [[371, 261]], [[372, 260]], [[372, 259]], [[372, 258]], [[373, 257]], [[373, 256]], [[373, 255]], [[372, 254]], [[371, 253]], [[370, 253]], [[369, 252]], [[368, 251]], [[367, 250]], [[366, 249]], [[365, 248]], [[364, 248]], [[363, 248]], [[362, 249]], [[362, 250]], [[361, 251]], [[361, 252]], [[360, 253]], [[359, 254]], [[358, 255]], [[357, 254]], [[356, 253]], [[356, 252]], [[355, 252]], [[354, 253]], [[353, 252]], [[352, 252]], [[351, 252]], [[350, 252]], [[349, 252]], [[348, 252]], [[347, 252]], [[346, 252]], [[345, 252]], [[344, 251]], [[343, 250]], [[342, 249]], [[341, 248]], [[341, 247]], [[340, 246]], [[339, 245]], [[338, 244]], [[337, 244]], [[336, 244]], [[335, 243]], [[334, 243]]]","[[], [[[297, 286], [297, 287], [298, 288], [299, 288], [300, 289], [301, 290], [302, 290], [303, 291], [304, 292], [304, 293], [305, 294], [306, 295], [307, 295], [308, 296], [309, 297], [310, 297], [311, 298], [312, 298], [313, 299], [314, 300], [315, 300], [316, 301], [317, 301], [318, 301], [319, 301], [320, 302], [319, 301], [318, 301], [317, 300], [316, 300], [315, 299], [314, 298], [313, 298], [312, 298], [311, 297], [310, 296], [309, 296], [308, 296], [307, 295], [306, 294], [306, 293], [305, 292], [305, 291], [306, 290], [307, 289], [308, 289], [309, 289], [310, 289], [311, 290], [312, 291], [313, 292], [313, 291], [314, 290], [315, 289], [316, 289], [317, 289], [318, 290], [319, 290], [320, 291], [320, 292], [320, 293], [321, 294], [321, 293], [321, 292], [321, 291], [320, 291], [319, 290], [318, 289], [317, 289], [316, 289], [315, 289], [314, 288], [313, 288], [312, 288], [311, 288], [310, 288], [309, 288], [308, 288], [307, 288], [306, 288], [305, 288], [304, 287], [303, 287], [302, 287], [301, 287], [300, 287], [299, 287], [298, 287]]], [[[334, 304], [333, 305], [332, 306], [332, 307], [331, 308], [330, 309], [329, 309], [328, 309], [328, 310], [328, 311], [328, 312], [329, 313], [330, 313], [330, 312], [330, 311], [329, 310], [330, 309], [331, 308], [332, 308], [333, 309], [334, 309], [335, 309], [336, 310], [336, 311], [336, 312], [336, 313], [337, 314], [337, 315], [337, 316], [337, 315], [337, 314], [338, 313], [338, 312], [338, 311], [338, 310], [337, 309], [336, 308], [336, 307], [337, 306], [338, 307], [339, 307], [338, 306], [337, 305], [336, 304], [335, 304]]]]","[[], 243, 242]"
129,129,"[[[406, 241]], [[405, 242]], [[404, 243]], [[403, 244]], [[403, 245]], [[402, 246]], [[402, 247]], [[402, 248]], [[402, 249]], [[402, 250]], [[402, 251]], [[402, 252]], [[402, 253]], [[401, 254]], [[400, 254]], [[401, 255]], [[401, 256]], [[400, 257]], [[399, 258]], [[398, 259]], [[397, 260]], [[396, 260]], [[396, 261]], [[396, 262]], [[396, 263]], [[395, 264]], [[396, 265]], [[397, 266]], [[397, 267]], [[398, 268]], [[398, 269]], [[399, 270]], [[400, 270]], [[401, 271]], [[401, 272]], [[400, 273]], [[400, 274]], [[401, 275]], [[401, 276]], [[400, 277]], [[400, 278]], [[401, 279]], [[402, 280]], [[403, 281]], [[404, 281]], [[405, 282]], [[406, 283]], [[406, 284]], [[407, 285]], [[408, 286]], [[409, 286]], [[410, 287]], [[411, 287]], [[412, 288]], [[413, 288]], [[414, 289]], [[414, 290]], [[415, 291]], [[416, 292]], [[416, 293]], [[416, 294]], [[417, 295]], [[418, 295]], [[419, 296]], [[420, 297]], [[421, 297]], [[422, 297]], [[423, 298]], [[423, 299]], [[424, 300]], [[425, 301]], [[425, 302]], [[426, 303]], [[426, 304]], [[427, 305]], [[427, 306]], [[428, 307]], [[428, 308]], [[429, 309]], [[429, 310]], [[430, 311]], [[431, 312]], [[431, 313]], [[432, 314]], [[433, 315]], [[434, 316]], [[435, 317]], [[436, 318]], [[437, 318]], [[438, 318]], [[439, 318]], [[440, 318]], [[441, 317]], [[442, 317]], [[443, 317]], [[444, 316]], [[445, 315]], [[446, 314]], [[447, 314]], [[447, 313]], [[448, 312]], [[448, 311]], [[448, 310]], [[449, 309]], [[449, 308]], [[449, 307]], [[449, 306]], [[449, 305]], [[449, 304]], [[449, 303]], [[449, 302]], [[449, 301]], [[449, 300]], [[449, 299]], [[449, 298]], [[448, 297]], [[448, 296]], [[447, 295]], [[446, 294]], [[445, 293]], [[445, 292]], [[444, 291]], [[443, 290]], [[442, 290]], [[441, 289]], [[440, 289]], [[439, 288]], [[438, 288]], [[437, 287]], [[436, 287]], [[435, 287]], [[434, 287]], [[433, 287]], [[432, 287]], [[431, 287]], [[430, 286]], [[430, 285]], [[431, 284]], [[432, 284]], [[433, 284]], [[434, 283]], [[434, 282]], [[434, 281]], [[434, 280]], [[435, 279]], [[436, 278]], [[437, 278]], [[437, 277]], [[438, 276]], [[439, 275]], [[440, 275]], [[441, 274]], [[441, 273]], [[442, 272]], [[443, 273]], [[444, 273]], [[443, 273]], [[442, 272]], [[442, 271]], [[442, 270]], [[443, 269]], [[444, 268]], [[445, 267]], [[445, 266]], [[445, 265]], [[445, 264]], [[445, 263]], [[445, 262]], [[445, 261]], [[444, 260]], [[444, 259]], [[444, 258]], [[443, 257]], [[443, 256]], [[442, 255]], [[442, 254]], [[441, 254]], [[440, 254]], [[439, 253]], [[438, 254]], [[437, 255]], [[436, 254]], [[435, 254]], [[434, 254]], [[433, 254]], [[432, 253]], [[431, 253]], [[430, 252]], [[429, 252]], [[428, 252]], [[427, 252]], [[426, 252]], [[425, 252]], [[424, 252]], [[423, 252]], [[422, 253]], [[421, 253]], [[420, 253]], [[419, 252]], [[419, 251]], [[419, 250]], [[420, 249]], [[421, 249]], [[420, 249]], [[419, 248]], [[419, 247]], [[418, 246]], [[418, 245]], [[417, 244]], [[416, 243]], [[415, 243]], [[414, 242]], [[413, 242]], [[412, 242]], [[411, 242]], [[410, 241]], [[409, 241]], [[408, 241]], [[407, 241]]]","[[], [[[431, 285], [431, 286], [432, 286], [433, 286], [434, 286], [435, 286], [436, 286], [437, 286], [438, 287], [439, 287], [440, 288], [441, 288], [442, 289], [443, 289], [444, 290], [445, 291], [446, 292], [446, 293], [447, 294], [448, 295], [449, 296], [450, 296], [450, 295], [449, 294], [449, 293], [448, 292], [447, 292], [446, 291], [446, 290], [445, 290], [444, 289], [443, 288], [442, 288], [441, 287], [440, 287], [439, 287], [438, 286], [437, 285], [436, 285], [435, 285], [434, 285], [433, 285], [432, 286]]]]","[[], 250]"
130,130,"[[[528, 230]], [[527, 231]], [[526, 231]], [[525, 231]], [[525, 232]], [[524, 233]], [[523, 234]], [[523, 235]], [[522, 236]], [[522, 237]], [[522, 238]], [[522, 239]], [[523, 240]], [[523, 241]], [[523, 242]], [[524, 243]], [[524, 244]], [[525, 244]], [[526, 245]], [[527, 246]], [[528, 247]], [[529, 247]], [[530, 247]], [[531, 248]], [[532, 248]], [[533, 248]], [[534, 249]], [[535, 249]], [[536, 249]], [[537, 249]], [[538, 249]], [[539, 249]], [[540, 249]], [[541, 248]], [[542, 248]], [[543, 247]], [[544, 246]], [[545, 245]], [[545, 244]], [[546, 243]], [[547, 242]], [[548, 241]], [[548, 240]], [[548, 239]], [[548, 238]], [[548, 237]], [[548, 236]], [[548, 235]], [[547, 234]], [[546, 234]], [[545, 234]], [[544, 234]], [[543, 234]], [[542, 234]], [[541, 234]], [[540, 233]], [[539, 233]], [[538, 232]], [[537, 232]], [[536, 231]], [[535, 231]], [[534, 231]], [[533, 230]], [[532, 230]], [[531, 230]], [[530, 230]], [[529, 230]]]","[[], [[[550, 227], [549, 228], [548, 229], [548, 230], [547, 231], [547, 232], [547, 233], [548, 234], [549, 235], [549, 236], [549, 237], [549, 238], [549, 239], [549, 240], [549, 241], [549, 242], [550, 242], [551, 242], [552, 242], [552, 241], [552, 240], [552, 239], [552, 238], [552, 237], [551, 236], [550, 235], [550, 234], [550, 233], [551, 232], [552, 232], [552, 231], [553, 230], [553, 229], [553, 228], [553, 227], [552, 227], [551, 227]]]]","[[], 251]"
131,131,"[[[148, 230]], [[147, 231]], [[146, 232]], [[145, 232]], [[144, 233]], [[143, 234]], [[142, 235]], [[141, 235]], [[140, 236]], [[139, 237]], [[138, 237]], [[137, 237]], [[136, 238]], [[135, 239]], [[134, 240]], [[133, 240]], [[132, 240]], [[131, 240]], [[130, 240]], [[129, 240]], [[128, 240]], [[127, 240]], [[126, 239]], [[125, 239]], [[124, 239]], [[123, 239]], [[122, 239]], [[121, 240]], [[120, 240]], [[119, 240]], [[118, 241]], [[117, 241]], [[116, 242]], [[115, 243]], [[115, 244]], [[114, 245]], [[113, 246]], [[113, 247]], [[113, 248]], [[112, 249]], [[111, 250]], [[110, 250]], [[109, 251]], [[108, 252]], [[108, 253]], [[108, 254]], [[108, 255]], [[107, 256]], [[107, 257]], [[107, 258]], [[107, 259]], [[107, 260]], [[107, 261]], [[106, 262]], [[105, 263]], [[104, 263]], [[103, 264]], [[102, 265]], [[102, 266]], [[101, 267]], [[101, 268]], [[100, 269]], [[100, 270]], [[99, 271]], [[99, 272]], [[99, 273]], [[99, 274]], [[99, 275]], [[98, 276]], [[98, 277]], [[98, 278]], [[98, 279]], [[99, 280]], [[99, 281]], [[99, 282]], [[98, 283]], [[98, 284]], [[97, 285]], [[96, 286]], [[96, 287]], [[96, 288]], [[95, 289]], [[95, 290]], [[95, 291]], [[95, 292]], [[94, 293]], [[94, 294]], [[94, 295]], [[93, 296]], [[93, 297]], [[92, 298]], [[91, 299]], [[92, 300]], [[92, 301]], [[91, 302]], [[91, 303]], [[91, 304]], [[91, 305]], [[91, 306]], [[91, 307]], [[91, 308]], [[92, 309]], [[93, 310]], [[94, 311]], [[95, 312]], [[95, 313]], [[96, 314]], [[97, 315]], [[98, 315]], [[99, 316]], [[100, 316]], [[101, 316]], [[102, 316]], [[103, 316]], [[104, 317]], [[105, 318]], [[106, 318]], [[107, 319]], [[108, 319]], [[109, 320]], [[110, 321]], [[111, 322]], [[112, 323]], [[113, 323]], [[114, 324]], [[115, 325]], [[116, 326]], [[117, 326]], [[118, 327]], [[119, 327]], [[120, 328]], [[121, 328]], [[122, 328]], [[123, 329]], [[124, 329]], [[125, 329]], [[126, 330]], [[127, 330]], [[128, 331]], [[129, 331]], [[130, 331]], [[131, 331]], [[132, 331]], [[133, 331]], [[134, 330]], [[135, 329]], [[136, 329]], [[137, 329]], [[138, 328]], [[139, 328]], [[140, 327]], [[141, 326]], [[142, 325]], [[143, 324]], [[143, 323]], [[143, 322]], [[144, 321]], [[144, 320]], [[144, 319]], [[144, 318]], [[144, 317]], [[144, 316]], [[145, 315]], [[146, 314]], [[146, 313]], [[147, 312]], [[148, 311]], [[149, 311]], [[150, 310]], [[151, 310]], [[152, 311]], [[153, 312]], [[154, 312]], [[155, 312]], [[156, 313]], [[157, 313]], [[158, 313]], [[159, 313]], [[160, 313]], [[161, 313]], [[162, 313]], [[163, 313]], [[164, 313]], [[165, 313]], [[166, 313]], [[167, 314]], [[167, 315]], [[168, 316]], [[169, 317]], [[170, 318]], [[170, 319]], [[171, 319]], [[172, 320]], [[173, 320]], [[174, 321]], [[175, 321]], [[176, 321]], [[177, 321]], [[178, 321]], [[179, 321]], [[180, 320]], [[181, 319]], [[182, 318]], [[183, 317]], [[184, 316]], [[185, 316]], [[186, 315]], [[186, 314]], [[187, 313]], [[187, 312]], [[188, 311]], [[189, 311]], [[190, 310]], [[191, 309]], [[192, 308]], [[193, 307]], [[193, 306]], [[193, 305]], [[193, 304]], [[194, 303]], [[194, 302]], [[194, 301]], [[194, 300]], [[195, 299]], [[195, 298]], [[195, 297]], [[195, 296]], [[195, 295]], [[194, 294]], [[194, 293]], [[193, 292]], [[192, 291]], [[192, 290]], [[192, 289]], [[192, 288]], [[191, 287]], [[190, 287]], [[189, 286]], [[188, 286]], [[187, 286]], [[186, 285]], [[185, 285]], [[184, 284]], [[183, 284]], [[182, 284]], [[181, 284]], [[180, 284]], [[179, 283]], [[178, 282]], [[178, 281]], [[179, 280]], [[180, 279]], [[180, 278]], [[180, 277]], [[180, 276]], [[180, 275]], [[181, 274]], [[181, 273]], [[182, 272]], [[181, 271]], [[181, 270]], [[181, 269]], [[182, 268]], [[182, 267]], [[181, 266]], [[180, 267]], [[179, 267]], [[178, 267]], [[177, 267]], [[176, 268]], [[175, 269]], [[174, 269]], [[173, 268]], [[172, 267]], [[171, 266]], [[170, 266]], [[169, 265]], [[168, 265]], [[167, 265]], [[166, 265]], [[165, 265]], [[164, 264]], [[163, 263]], [[163, 262]], [[162, 261]], [[162, 260]], [[163, 259]], [[163, 258]], [[164, 257]], [[165, 256]], [[166, 256]], [[166, 255]], [[167, 254]], [[168, 253]], [[168, 252]], [[169, 251]], [[169, 250]], [[169, 249]], [[169, 248]], [[169, 247]], [[169, 246]], [[169, 245]], [[168, 244]], [[168, 243]], [[168, 242]], [[168, 241]], [[167, 240]], [[166, 239]], [[166, 238]], [[165, 237]], [[164, 236]], [[163, 235]], [[163, 234]], [[162, 234]], [[161, 234]], [[160, 234]], [[159, 233]], [[158, 232]], [[157, 232]], [[156, 231]], [[155, 231]], [[154, 231]], [[153, 231]], [[152, 230]], [[151, 230]], [[150, 230]], [[149, 230]]]","[[[[144, 230], [144, 231], [143, 232], [142, 232], [141, 232], [140, 232], [139, 233], [139, 234], [138, 235], [137, 236], [136, 236], [135, 236], [134, 236], [133, 235], [133, 234], [133, 233], [132, 233], [131, 232], [130, 232], [129, 232], [128, 232], [127, 232], [126, 232], [125, 232], [126, 232], [127, 232], [128, 232], [129, 233], [130, 233], [131, 233], [132, 233], [133, 234], [133, 235], [133, 236], [134, 237], [135, 237], [136, 236], [137, 236], [138, 236], [139, 236], [140, 235], [141, 234], [142, 234], [143, 233], [144, 232], [145, 231], [146, 231], [146, 230], [145, 230]]], [[[116, 239], [115, 240], [114, 241], [113, 242], [112, 243], [112, 244], [112, 245], [111, 246], [110, 247], [110, 248], [109, 249], [108, 250], [107, 250], [106, 251], [105, 251], [104, 251], [104, 252], [104, 253], [104, 254], [103, 255], [104, 256], [105, 257], [105, 258], [104, 259], [103, 259], [102, 260], [101, 260], [100, 260], [100, 261], [100, 262], [99, 263], [99, 264], [98, 265], [98, 266], [98, 267], [98, 268], [98, 269], [97, 270], [96, 271], [96, 272], [95, 273], [95, 274], [96, 275], [96, 276], [95, 277], [94, 276], [93, 276], [92, 275], [91, 275], [91, 276], [91, 277], [91, 278], [92, 278], [93, 278], [94, 279], [95, 280], [95, 281], [95, 282], [95, 283], [95, 284], [95, 285], [94, 286], [94, 287], [94, 288], [94, 289], [94, 290], [93, 291], [92, 292], [91, 292], [91, 293], [91, 294], [90, 295], [90, 296], [90, 297], [89, 298], [88, 299], [89, 300], [90, 301], [91, 301], [91, 300], [90, 299], [91, 298], [92, 297], [92, 296], [93, 295], [93, 294], [93, 293], [94, 292], [94, 291], [94, 290], [94, 289], [95, 288], [95, 287], [95, 286], [96, 285], [97, 284], [97, 283], [98, 282], [98, 281], [98, 280], [97, 279], [97, 278], [97, 277], [97, 276], [98, 275], [98, 274], [98, 273], [98, 272], [98, 271], [99, 270], [99, 269], [100, 268], [100, 267], [101, 266], [101, 265], [102, 264], [103, 263], [104, 262], [105, 262], [106, 261], [106, 260], [106, 259], [106, 258], [106, 257], [106, 256], [107, 255], [107, 254], [107, 253], [107, 252], [108, 251], [109, 250], [110, 249], [111, 249], [112, 248], [112, 247], [112, 246], [113, 245], [114, 244], [114, 243], [115, 242], [116, 241], [117, 240], [118, 240], [118, 239], [117, 239]]], [], [[[195, 304], [194, 305], [194, 306], [194, 307], [193, 308], [192, 309], [191, 310], [191, 311], [192, 312], [192, 313], [192, 314], [191, 315], [190, 316], [189, 317], [188, 316], [188, 315], [189, 314], [189, 313], [188, 313], [187, 314], [187, 315], [187, 316], [186, 317], [186, 318], [187, 318], [188, 318], [189, 318], [190, 318], [191, 317], [192, 317], [193, 317], [193, 316], [193, 315], [193, 314], [193, 313], [193, 312], [193, 311], [194, 310], [195, 310], [195, 309], [195, 308], [195, 307], [195, 306], [195, 305]]], [[[193, 290], [193, 291], [194, 292], [195, 293], [195, 294], [196, 295], [196, 296], [196, 297], [196, 298], [196, 299], [195, 300], [196, 301], [197, 301], [198, 301], [199, 301], [200, 302], [201, 302], [202, 302], [203, 302], [204, 303], [205, 303], [205, 302], [205, 301], [204, 301], [203, 302], [202, 301], [201, 300], [200, 300], [199, 300], [198, 299], [198, 298], [198, 297], [198, 296], [198, 295], [197, 294], [197, 293], [196, 292], [196, 291], [195, 290], [194, 290]]], [[[164, 233], [164, 234], [164, 235], [165, 236], [166, 237], [167, 238], [167, 239], [168, 240], [169, 241], [170, 242], [170, 243], [170, 244], [171, 243], [172, 243], [173, 244], [174, 245], [173, 246], [172, 246], [173, 246], [174, 246], [175, 246], [176, 247], [177, 248], [177, 249], [178, 249], [179, 249], [180, 249], [180, 248], [179, 247], [178, 247], [177, 246], [176, 245], [175, 244], [174, 244], [173, 243], [172, 242], [171, 241], [170, 240], [169, 239], [168, 238], [167, 237], [166, 236], [165, 235], [165, 234]]]]","[252, 253, [], 254, 247, 256]"
132,132,"[[[644, 227]], [[643, 228]], [[642, 229]], [[642, 230]], [[641, 231]], [[640, 231]], [[639, 231]], [[638, 231]], [[637, 232]], [[636, 232]], [[635, 232]], [[634, 232]], [[633, 232]], [[632, 232]], [[631, 232]], [[630, 232]], [[629, 232]], [[628, 231]], [[627, 231]], [[626, 231]], [[625, 231]], [[624, 230]], [[623, 231]], [[622, 231]], [[621, 231]], [[620, 232]], [[619, 232]], [[619, 233]], [[618, 234]], [[617, 235]], [[616, 236]], [[615, 237]], [[614, 237]], [[613, 238]], [[612, 238]], [[611, 239]], [[610, 240]], [[610, 241]], [[609, 242]], [[608, 242]], [[608, 243]], [[607, 244]], [[607, 245]], [[607, 246]], [[607, 247]], [[606, 248]], [[607, 249]], [[607, 250]], [[608, 251]], [[608, 252]], [[608, 253]], [[607, 254]], [[606, 254]], [[605, 254]], [[604, 254]], [[604, 255]], [[605, 256]], [[604, 257]], [[603, 258]], [[602, 258]], [[601, 259]], [[600, 259]], [[599, 259]], [[598, 260]], [[597, 260]], [[596, 261]], [[595, 261]], [[594, 262]], [[593, 263]], [[593, 264]], [[592, 265]], [[591, 266]], [[591, 267]], [[591, 268]], [[591, 269]], [[591, 270]], [[590, 271]], [[589, 272]], [[588, 273]], [[587, 274]], [[587, 275]], [[587, 276]], [[587, 277]], [[587, 278]], [[587, 279]], [[586, 280]], [[586, 281]], [[586, 282]], [[586, 283]], [[586, 284]], [[586, 285]], [[586, 286]], [[587, 287]], [[587, 288]], [[586, 289]], [[586, 290]], [[586, 291]], [[586, 292]], [[587, 293]], [[587, 294]], [[587, 295]], [[587, 296]], [[586, 297]], [[586, 298]], [[587, 299]], [[587, 300]], [[587, 301]], [[588, 302]], [[589, 303]], [[590, 303]], [[591, 304]], [[592, 304]], [[593, 304]], [[594, 304]], [[595, 304]], [[596, 304]], [[597, 303]], [[598, 303]], [[599, 303]], [[600, 303]], [[601, 303]], [[602, 302]], [[603, 302]], [[604, 303]], [[605, 303]], [[606, 303]], [[607, 303]], [[608, 304]], [[607, 305]], [[606, 306]], [[605, 307]], [[605, 308]], [[604, 309]], [[604, 310]], [[604, 311]], [[604, 312]], [[604, 313]], [[605, 314]], [[605, 315]], [[605, 316]], [[606, 317]], [[606, 318]], [[606, 319]], [[605, 320]], [[606, 321]], [[605, 322]], [[605, 323]], [[604, 324]], [[603, 324]], [[602, 325]], [[601, 325]], [[600, 325]], [[599, 325]], [[598, 325]], [[598, 326]], [[598, 327]], [[597, 328]], [[597, 329]], [[598, 330]], [[598, 331]], [[599, 331]], [[600, 332]], [[601, 332]], [[602, 332]], [[603, 333]], [[604, 333]], [[605, 333]], [[606, 333]], [[607, 334]], [[608, 335]], [[609, 336]], [[608, 337]], [[608, 338]], [[608, 339]], [[608, 340]], [[609, 340]], [[610, 340]], [[611, 340]], [[612, 341]], [[613, 341]], [[614, 341]], [[615, 341]], [[616, 340]], [[617, 340]], [[618, 340]], [[619, 340]], [[620, 339]], [[621, 338]], [[622, 338]], [[623, 337]], [[624, 337]], [[625, 337]], [[626, 336]], [[627, 336]], [[628, 335]], [[629, 335]], [[630, 334]], [[631, 333]], [[632, 333]], [[633, 333]], [[634, 332]], [[635, 331]], [[636, 331]], [[636, 330]], [[637, 329]], [[638, 328]], [[639, 328]], [[640, 328]], [[641, 328]], [[642, 327]], [[643, 327]], [[644, 326]], [[645, 326]], [[646, 325]], [[647, 325]], [[648, 324]], [[649, 324]], [[650, 323]], [[651, 323]], [[652, 322]], [[653, 322]], [[654, 321]], [[655, 320]], [[656, 320]], [[657, 319]], [[658, 318]], [[658, 317]], [[659, 316]], [[659, 315]], [[660, 314]], [[661, 314]], [[662, 314]], [[663, 314]], [[664, 314]], [[665, 313]], [[666, 313]], [[667, 312]], [[668, 312]], [[669, 311]], [[669, 310]], [[670, 309]], [[671, 308]], [[671, 307]], [[672, 306]], [[673, 305]], [[674, 304]], [[674, 303]], [[674, 302]], [[674, 301]], [[674, 300]], [[674, 299]], [[674, 298]], [[675, 297]], [[676, 296]], [[677, 295]], [[678, 294]], [[679, 293]], [[680, 293]], [[681, 292]], [[682, 291]], [[682, 290]], [[683, 289]], [[684, 288]], [[684, 287]], [[685, 286]], [[685, 285]], [[685, 284]], [[685, 283]], [[685, 282]], [[685, 281]], [[686, 280]], [[686, 279]], [[686, 278]], [[686, 277]], [[687, 276]], [[686, 275]], [[686, 274]], [[686, 273]], [[686, 272]], [[686, 271]], [[685, 270]], [[684, 269]], [[684, 268]], [[683, 267]], [[683, 266]], [[683, 265]], [[682, 264]], [[682, 263]], [[681, 262]], [[680, 261]], [[679, 260]], [[679, 259]], [[680, 258]], [[681, 257]], [[682, 257]], [[683, 257]], [[683, 256]], [[683, 255]], [[683, 254]], [[683, 253]], [[683, 252]], [[682, 252]], [[681, 251]], [[680, 250]], [[680, 249]], [[679, 248]], [[679, 247]], [[679, 246]], [[678, 246]], [[677, 245]], [[676, 245]], [[675, 245]], [[674, 244]], [[673, 243]], [[673, 242]], [[672, 241]], [[671, 240]], [[671, 239]], [[670, 238]], [[670, 237]], [[670, 236]], [[669, 235]], [[668, 234]], [[667, 234]], [[666, 234]], [[665, 234]], [[664, 233]], [[663, 233]], [[662, 233]], [[661, 232]], [[660, 232]], [[659, 232]], [[658, 232]], [[657, 231]], [[656, 230]], [[655, 230]], [[654, 229]], [[653, 228]], [[652, 228]], [[651, 228]], [[650, 227]], [[649, 227]], [[648, 227]], [[647, 227]], [[646, 227]], [[645, 227]]]","[[], [[[640, 329], [639, 330], [638, 330], [637, 331], [636, 332], [635, 332], [634, 333], [633, 334], [632, 334], [631, 334], [630, 335], [629, 336], [628, 336], [629, 337], [630, 337], [631, 336], [632, 336], [633, 335], [634, 335], [635, 335], [636, 335], [637, 334], [638, 335], [638, 336], [638, 337], [639, 337], [640, 337], [640, 336], [640, 335], [639, 334], [639, 333], [640, 332], [640, 331], [641, 330]]]]","[[], 257]"
133,133,"[[[249, 223]], [[248, 224]], [[247, 224]], [[246, 225]], [[245, 225]], [[244, 226]], [[243, 227]], [[242, 227]], [[241, 227]], [[241, 228]], [[240, 229]], [[240, 230]], [[239, 231]], [[239, 232]], [[238, 233]], [[237, 234]], [[238, 235]], [[237, 236]], [[237, 237]], [[238, 238]], [[239, 239]], [[240, 240]], [[240, 241]], [[241, 241]], [[242, 242]], [[243, 242]], [[244, 242]], [[245, 242]], [[246, 242]], [[247, 242]], [[248, 241]], [[249, 241]], [[250, 241]], [[251, 241]], [[252, 240]], [[253, 240]], [[253, 239]], [[253, 238]], [[254, 237]], [[255, 236]], [[256, 235]], [[256, 234]], [[256, 233]], [[257, 232]], [[257, 231]], [[257, 230]], [[258, 229]], [[258, 228]], [[259, 227]], [[258, 228]], [[257, 227]], [[256, 226]], [[255, 225]], [[254, 225]], [[253, 224]], [[252, 224]], [[251, 223]], [[250, 223]]]","[[], [[[244, 209], [244, 210], [244, 211], [245, 212], [244, 213], [245, 214], [246, 215], [247, 215], [248, 215], [249, 216], [249, 217], [250, 218], [250, 219], [251, 220], [252, 221], [253, 222], [254, 223], [255, 223], [256, 224], [256, 225], [257, 225], [256, 224], [255, 223], [254, 222], [253, 221], [253, 220], [253, 219], [253, 218], [253, 217], [254, 216], [253, 215], [252, 214], [251, 213], [250, 212], [249, 212], [248, 211], [247, 211], [246, 210], [245, 209]]]]","[[], 258]"
134,134,"[[[631, 216]], [[631, 217]], [[630, 218]], [[629, 218]], [[628, 218]], [[627, 218]], [[626, 218]], [[625, 218]], [[624, 218]], [[623, 219]], [[622, 220]], [[622, 221]], [[623, 222]], [[624, 223]], [[625, 224]], [[626, 223]], [[627, 223]], [[628, 223]], [[629, 223]], [[630, 223]], [[631, 223]], [[632, 223]], [[633, 223]], [[634, 223]], [[635, 223]], [[636, 223]], [[637, 222]], [[638, 222]], [[639, 222]], [[639, 221]], [[639, 220]], [[638, 219]], [[637, 218]], [[636, 218]], [[635, 217]], [[634, 217]], [[633, 216]], [[632, 216]]]",[[]],[]
135,135,"[[[767, 215]], [[766, 216]], [[765, 216]], [[764, 217]], [[764, 218]], [[764, 219]], [[763, 220]], [[763, 221]], [[762, 222]], [[762, 223]], [[763, 224]], [[763, 225]], [[763, 226]], [[764, 227]], [[765, 228]], [[765, 229]], [[766, 230]], [[766, 231]], [[767, 232]], [[767, 233]], [[768, 234]], [[768, 235]], [[769, 236]], [[770, 237]], [[771, 238]], [[772, 239]], [[773, 240]], [[772, 241]], [[771, 242]], [[770, 241]], [[770, 240]], [[769, 240]], [[768, 239]], [[767, 238]], [[766, 237]], [[765, 237]], [[764, 237]], [[763, 237]], [[762, 237]], [[761, 236]], [[760, 236]], [[759, 235]], [[758, 235]], [[757, 234]], [[756, 234]], [[755, 233]], [[754, 233]], [[753, 233]], [[752, 233]], [[751, 233]], [[750, 233]], [[749, 233]], [[748, 232]], [[747, 232]], [[746, 232]], [[745, 232]], [[744, 232]], [[743, 233]], [[742, 233]], [[741, 233]], [[740, 232]], [[739, 232]], [[738, 232]], [[737, 232]], [[736, 233]], [[735, 233]], [[734, 233]], [[733, 234]], [[732, 235]], [[731, 235]], [[730, 236]], [[729, 236]], [[728, 237]], [[727, 238]], [[726, 239]], [[725, 240]], [[724, 240]], [[723, 240]], [[722, 241]], [[721, 241]], [[720, 241]], [[720, 242]], [[720, 243]], [[720, 244]], [[719, 245]], [[719, 246]], [[718, 247]], [[717, 248]], [[717, 249]], [[717, 250]], [[716, 251]], [[716, 252]], [[716, 253]], [[716, 254]], [[716, 255]], [[716, 256]], [[715, 257]], [[715, 258]], [[715, 259]], [[714, 260]], [[714, 261]], [[714, 262]], [[714, 263]], [[715, 264]], [[715, 265]], [[715, 266]], [[716, 267]], [[716, 268]], [[716, 269]], [[717, 270]], [[718, 271]], [[718, 272]], [[718, 273]], [[719, 273]], [[720, 274]], [[721, 275]], [[721, 276]], [[721, 277]], [[722, 277]], [[723, 277]], [[724, 277]], [[725, 277]], [[726, 278]], [[727, 279]], [[728, 280]], [[729, 280]], [[730, 281]], [[731, 282]], [[732, 282]], [[733, 283]], [[734, 284]], [[735, 285]], [[736, 286]], [[736, 287]], [[737, 286]], [[738, 287]], [[739, 287]], [[740, 287]], [[741, 288]], [[742, 288]], [[743, 288]], [[744, 289]], [[745, 289]], [[746, 289]], [[747, 288]], [[748, 288]], [[749, 288]], [[750, 288]], [[751, 288]], [[752, 287]], [[753, 287]], [[754, 287]], [[755, 286]], [[756, 286]], [[757, 286]], [[758, 286]], [[759, 285]], [[760, 285]], [[761, 284]], [[762, 284]], [[763, 284]], [[764, 284]], [[765, 284]], [[766, 284]], [[767, 284]], [[768, 284]], [[769, 284]], [[770, 283]], [[771, 282]], [[771, 281]], [[772, 280]], [[772, 279]], [[772, 278]], [[772, 277]], [[773, 276]], [[773, 275]], [[773, 274]], [[773, 273]], [[773, 272]], [[773, 271]], [[773, 270]], [[773, 269]], [[773, 268]], [[773, 267]], [[773, 266]], [[772, 265]], [[773, 264]], [[772, 263]], [[773, 262]], [[774, 261]], [[773, 260]], [[772, 259]], [[773, 258]], [[773, 257]], [[773, 256]], [[773, 255]], [[773, 254]], [[773, 253]], [[773, 252]], [[773, 251]], [[773, 250]], [[773, 249]], [[773, 248]], [[773, 247]], [[774, 246]], [[774, 245]], [[775, 244]], [[776, 244]], [[777, 245]], [[778, 246]], [[778, 247]], [[778, 248]], [[779, 248]], [[780, 249]], [[781, 250]], [[781, 251]], [[782, 251]], [[783, 252]], [[784, 253]], [[784, 254]], [[784, 255]], [[784, 256]], [[785, 257]], [[786, 257]], [[787, 258]], [[788, 258]], [[789, 259]], [[790, 260]], [[791, 261]], [[792, 262]], [[793, 263]], [[794, 264]], [[795, 264]], [[796, 265]], [[797, 265]], [[798, 265]], [[799, 265]], [[800, 264]], [[801, 264]], [[802, 263]], [[802, 262]], [[803, 261]], [[803, 260]], [[804, 259]], [[805, 258]], [[804, 257]], [[805, 256]], [[805, 255]], [[805, 254]], [[805, 253]], [[805, 252]], [[805, 251]], [[805, 250]], [[804, 250]], [[803, 249]], [[802, 248]], [[801, 247]], [[800, 246]], [[799, 245]], [[798, 244]], [[798, 243]], [[797, 242]], [[796, 241]], [[795, 240]], [[795, 239]], [[795, 238]], [[794, 238]], [[793, 237]], [[792, 236]], [[791, 236]], [[790, 235]], [[789, 234]], [[788, 233]], [[788, 232]], [[787, 231]], [[786, 230]], [[785, 229]], [[784, 228]], [[784, 227]], [[783, 227]], [[782, 226]], [[781, 225]], [[780, 224]], [[779, 223]], [[778, 222]], [[777, 221]], [[776, 220]], [[775, 219]], [[774, 218]], [[773, 218]], [[772, 217]], [[771, 216]], [[770, 215]], [[769, 215]], [[768, 215]]]","[[], [[[776, 249], [776, 250], [775, 251], [775, 252], [775, 253], [775, 254], [775, 255], [774, 256], [774, 257], [774, 258], [774, 259], [775, 259], [776, 259], [776, 258], [776, 257], [777, 256], [778, 255], [779, 254], [780, 254], [781, 255], [782, 255], [783, 255], [783, 254], [783, 253], [782, 252], [781, 252], [780, 251], [780, 250], [779, 250], [778, 249], [777, 249]]], [[[801, 234], [800, 235], [799, 235], [798, 236], [797, 236], [796, 237], [796, 238], [796, 239], [796, 240], [797, 240], [798, 240], [798, 239], [798, 238], [799, 237], [800, 238], [801, 238], [802, 238], [803, 239], [803, 240], [804, 241], [804, 242], [803, 243], [802, 243], [801, 243], [800, 243], [800, 244], [800, 245], [801, 245], [802, 246], [802, 247], [803, 248], [804, 249], [805, 249], [806, 250], [806, 251], [806, 252], [806, 253], [806, 254], [806, 255], [806, 256], [805, 257], [806, 258], [805, 259], [806, 260], [807, 261], [808, 260], [809, 260], [810, 260], [810, 259], [809, 258], [808, 257], [808, 256], [808, 255], [808, 254], [808, 253], [808, 252], [807, 251], [807, 250], [807, 249], [806, 248], [806, 247], [806, 246], [806, 245], [806, 244], [805, 243], [805, 242], [805, 241], [804, 241], [803, 240], [803, 239], [803, 238], [803, 237], [803, 236], [802, 235], [802, 234]]]]","[[], 259, 260]"
136,136,"[[[438, 201]], [[437, 202]], [[436, 202]], [[435, 203]], [[435, 204]], [[434, 205]], [[433, 206]], [[433, 207]], [[433, 208]], [[433, 209]], [[433, 210]], [[433, 211]], [[432, 212]], [[432, 213]], [[433, 214]], [[433, 215]], [[433, 216]], [[434, 217]], [[435, 218]], [[436, 219]], [[437, 219]], [[438, 219]], [[439, 220]], [[440, 221]], [[441, 221]], [[442, 221]], [[443, 222]], [[444, 222]], [[445, 222]], [[446, 222]], [[447, 222]], [[448, 222]], [[449, 222]], [[450, 222]], [[451, 222]], [[452, 222]], [[453, 222]], [[454, 222]], [[455, 221]], [[456, 221]], [[457, 221]], [[458, 222]], [[459, 222]], [[460, 222]], [[461, 222]], [[462, 222]], [[463, 222]], [[464, 222]], [[465, 222]], [[466, 222]], [[467, 223]], [[468, 222]], [[469, 222]], [[470, 221]], [[471, 221]], [[471, 220]], [[471, 219]], [[472, 218]], [[472, 217]], [[471, 216]], [[471, 215]], [[470, 214]], [[469, 213]], [[468, 212]], [[467, 212]], [[466, 212]], [[465, 212]], [[464, 211]], [[463, 210]], [[463, 209]], [[463, 208]], [[462, 207]], [[461, 206]], [[460, 206]], [[459, 206]], [[458, 205]], [[457, 204]], [[456, 204]], [[455, 204]], [[454, 204]], [[453, 204]], [[452, 203]], [[451, 203]], [[450, 203]], [[449, 203]], [[448, 203]], [[447, 203]], [[446, 203]], [[445, 202]], [[444, 202]], [[443, 202]], [[442, 201]], [[441, 201]], [[440, 201]], [[439, 201]]]","[[], [[[461, 223], [462, 224], [463, 224], [464, 225], [465, 226], [466, 226], [467, 227], [466, 228], [466, 229], [467, 229], [468, 230], [469, 230], [470, 230], [471, 230], [470, 229], [469, 228], [468, 228], [467, 227], [467, 226], [468, 225], [469, 224], [470, 224], [469, 224], [468, 224], [467, 224], [466, 223], [465, 223], [464, 223], [463, 223], [462, 223]]], [[[458, 204], [459, 205], [460, 205], [461, 205], [462, 206], [463, 207], [464, 208], [464, 209], [464, 210], [465, 211], [466, 211], [467, 211], [468, 211], [469, 212], [469, 211], [468, 210], [468, 209], [468, 208], [467, 207], [466, 207], [465, 207], [464, 207], [463, 206], [462, 206], [461, 205], [460, 204], [459, 204]]]]","[[], 261, 262]"
137,137,"[[[798, 182]], [[797, 183]], [[796, 183]], [[795, 183]], [[794, 184]], [[793, 184]], [[792, 185]], [[791, 186]], [[791, 187]], [[790, 188]], [[790, 189]], [[790, 190]], [[791, 190]], [[792, 191]], [[793, 191]], [[794, 192]], [[795, 193]], [[796, 193]], [[797, 194]], [[798, 195]], [[799, 196]], [[800, 197]], [[801, 198]], [[801, 199]], [[802, 200]], [[803, 201]], [[803, 202]], [[804, 202]], [[805, 202]], [[806, 203]], [[807, 203]], [[808, 203]], [[809, 202]], [[810, 202]], [[811, 201]], [[812, 201]], [[813, 200]], [[813, 199]], [[814, 198]], [[814, 197]], [[814, 196]], [[813, 195]], [[813, 194]], [[812, 194]], [[811, 193]], [[810, 192]], [[809, 191]], [[809, 190]], [[808, 189]], [[807, 188]], [[806, 188]], [[805, 187]], [[804, 186]], [[803, 186]], [[802, 185]], [[801, 185]], [[800, 184]], [[799, 183]]]",[[]],[]
138,138,"[[[653, 176]], [[652, 177]], [[651, 177]], [[650, 177]], [[649, 178]], [[648, 179]], [[647, 179]], [[646, 179]], [[646, 180]], [[646, 181]], [[645, 182]], [[645, 183]], [[645, 184]], [[645, 185]], [[645, 186]], [[644, 187]], [[645, 188]], [[645, 189]], [[646, 190]], [[646, 191]], [[646, 192]], [[646, 193]], [[646, 194]], [[646, 195]], [[647, 196]], [[648, 197]], [[649, 198]], [[650, 198]], [[651, 198]], [[652, 198]], [[653, 198]], [[654, 199]], [[655, 199]], [[656, 199]], [[657, 199]], [[658, 199]], [[659, 199]], [[660, 199]], [[661, 199]], [[662, 198]], [[663, 198]], [[664, 197]], [[665, 196]], [[666, 195]], [[667, 195]], [[668, 194]], [[669, 193]], [[670, 192]], [[671, 192]], [[671, 191]], [[671, 190]], [[671, 189]], [[671, 188]], [[672, 187]], [[672, 186]], [[672, 185]], [[672, 184]], [[671, 183]], [[670, 182]], [[670, 181]], [[669, 180]], [[668, 179]], [[667, 179]], [[666, 178]], [[665, 178]], [[664, 178]], [[663, 178]], [[662, 178]], [[661, 177]], [[660, 176]], [[659, 176]], [[658, 176]], [[657, 176]], [[656, 176]], [[655, 176]], [[654, 176]]]","[[[[653, 171], [653, 172], [652, 173], [651, 174], [650, 175], [649, 176], [648, 177], [647, 177], [646, 177], [645, 177], [644, 177], [645, 178], [646, 178], [647, 178], [648, 178], [649, 177], [650, 176], [651, 176], [652, 176], [653, 175], [654, 175], [655, 175], [656, 175], [657, 175], [658, 175], [659, 175], [660, 175], [661, 176], [662, 177], [663, 177], [664, 177], [665, 177], [666, 177], [667, 178], [668, 178], [669, 179], [670, 180], [670, 179], [669, 179], [668, 178], [667, 177], [666, 176], [665, 176], [664, 175], [663, 175], [662, 175], [661, 174], [661, 173], [660, 173], [659, 173], [658, 173], [657, 173], [656, 172], [655, 172], [654, 171]]], []]","[263, []]"
139,139,"[[[695, 173]], [[694, 174]], [[693, 174]], [[692, 174]], [[691, 174]], [[690, 174]], [[689, 175]], [[688, 175]], [[687, 175]], [[686, 176]], [[685, 176]], [[684, 177]], [[683, 177]], [[682, 178]], [[681, 179]], [[680, 180]], [[679, 181]], [[678, 181]], [[678, 182]], [[677, 183]], [[677, 184]], [[677, 185]], [[677, 186]], [[677, 187]], [[677, 188]], [[677, 189]], [[678, 189]], [[679, 190]], [[680, 191]], [[681, 192]], [[681, 193]], [[682, 193]], [[683, 194]], [[684, 195]], [[684, 196]], [[685, 197]], [[686, 198]], [[687, 199]], [[688, 200]], [[689, 201]], [[689, 202]], [[690, 203]], [[691, 204]], [[692, 204]], [[693, 204]], [[694, 205]], [[695, 205]], [[696, 205]], [[697, 206]], [[698, 206]], [[699, 206]], [[700, 206]], [[701, 206]], [[702, 206]], [[703, 205]], [[704, 205]], [[705, 204]], [[706, 204]], [[707, 204]], [[708, 204]], [[709, 204]], [[710, 204]], [[711, 204]], [[712, 204]], [[713, 204]], [[714, 205]], [[715, 205]], [[716, 205]], [[717, 205]], [[718, 205]], [[719, 205]], [[720, 205]], [[721, 206]], [[722, 206]], [[723, 206]], [[724, 206]], [[725, 207]], [[726, 208]], [[727, 208]], [[728, 208]], [[729, 208]], [[730, 208]], [[731, 208]], [[732, 208]], [[733, 208]], [[734, 208]], [[735, 208]], [[735, 207]], [[735, 206]], [[736, 205]], [[735, 205]], [[734, 204]], [[734, 203]], [[734, 202]], [[733, 201]], [[732, 200]], [[731, 199]], [[730, 198]], [[729, 197]], [[728, 197]], [[727, 196]], [[726, 195]], [[726, 194]], [[725, 193]], [[724, 192]], [[723, 191]], [[722, 191]], [[721, 190]], [[720, 189]], [[719, 188]], [[718, 187]], [[717, 186]], [[716, 185]], [[716, 184]], [[715, 183]], [[714, 182]], [[713, 181]], [[713, 180]], [[712, 180]], [[711, 179]], [[710, 179]], [[709, 178]], [[708, 177]], [[708, 176]], [[707, 175]], [[706, 175]], [[705, 175]], [[704, 174]], [[703, 174]], [[702, 174]], [[701, 174]], [[700, 174]], [[699, 173]], [[698, 173]], [[697, 173]], [[696, 173]]]","[[[[677, 171], [676, 172], [675, 173], [675, 174], [676, 174], [677, 174], [678, 174], [679, 175], [679, 176], [679, 177], [680, 177], [680, 176], [681, 175], [682, 175], [683, 175], [684, 176], [685, 175], [686, 175], [687, 174], [686, 173], [685, 173], [684, 173], [683, 173], [682, 174], [681, 173], [680, 174], [679, 173], [679, 172], [678, 171]]], []]","[264, []]"
140,140,"[[[158, 172]], [[158, 173]], [[158, 174]], [[158, 175]], [[158, 176]], [[158, 177]], [[157, 178]], [[156, 177]], [[155, 176]], [[154, 175]], [[154, 174]], [[153, 173]], [[152, 174]], [[151, 175]], [[150, 175]], [[149, 175]], [[148, 176]], [[147, 177]], [[148, 178]], [[148, 179]], [[147, 180]], [[147, 181]], [[146, 182]], [[145, 182]], [[144, 183]], [[143, 183]], [[143, 184]], [[143, 185]], [[144, 186]], [[144, 187]], [[143, 188]], [[142, 188]], [[141, 188]], [[140, 187]], [[139, 186]], [[138, 186]], [[137, 186]], [[136, 187]], [[135, 187]], [[134, 188]], [[133, 189]], [[132, 190]], [[131, 191]], [[130, 192]], [[130, 193]], [[130, 194]], [[130, 195]], [[131, 196]], [[131, 197]], [[131, 198]], [[131, 199]], [[132, 200]], [[132, 201]], [[132, 202]], [[133, 203]], [[133, 204]], [[133, 205]], [[132, 206]], [[131, 207]], [[130, 208]], [[129, 209]], [[128, 209]], [[128, 210]], [[129, 211]], [[129, 212]], [[129, 213]], [[129, 214]], [[128, 215]], [[127, 216]], [[128, 216]], [[128, 215]], [[129, 214]], [[130, 215]], [[130, 216]], [[131, 217]], [[132, 218]], [[133, 217]], [[133, 216]], [[134, 215]], [[135, 214]], [[136, 214]], [[137, 214]], [[138, 214]], [[138, 213]], [[139, 212]], [[140, 212]], [[141, 212]], [[142, 212]], [[143, 211]], [[143, 210]], [[144, 209]], [[144, 208]], [[145, 207]], [[146, 206]], [[147, 206]], [[148, 205]], [[149, 205]], [[150, 204]], [[151, 203]], [[152, 203]], [[153, 202]], [[154, 202]], [[155, 201]], [[156, 201]], [[157, 200]], [[158, 200]], [[159, 200]], [[160, 199]], [[161, 198]], [[162, 198]], [[162, 197]], [[163, 196]], [[163, 195]], [[164, 194]], [[164, 193]], [[165, 192]], [[165, 191]], [[166, 190]], [[165, 189]], [[165, 188]], [[166, 187]], [[166, 186]], [[166, 185]], [[166, 184]], [[166, 183]], [[166, 182]], [[166, 181]], [[166, 180]], [[165, 179]], [[165, 178]], [[165, 177]], [[165, 176]], [[164, 175]], [[164, 174]], [[163, 173]], [[162, 173]], [[161, 172]], [[160, 172]], [[159, 172]]]","[[], [[[147, 171], [146, 172], [145, 173], [144, 174], [145, 175], [145, 176], [144, 177], [143, 177], [142, 178], [141, 179], [140, 179], [140, 180], [141, 181], [141, 182], [142, 182], [143, 182], [144, 182], [145, 181], [146, 181], [146, 180], [147, 179], [147, 178], [146, 177], [145, 176], [146, 175], [147, 175], [148, 175], [149, 174], [150, 174], [151, 174], [152, 173], [151, 172], [151, 171], [151, 172], [150, 173], [149, 173], [148, 174], [147, 173], [147, 172], [148, 171]]]]","[[], 265]"
141,141,"[[[790, 161]], [[789, 162]], [[788, 163]], [[788, 164]], [[787, 165]], [[786, 166]], [[786, 167]], [[786, 168]], [[787, 169]], [[787, 170]], [[788, 171]], [[788, 172]], [[788, 173]], [[788, 174]], [[789, 174]], [[790, 175]], [[791, 175]], [[792, 175]], [[793, 175]], [[794, 175]], [[795, 174]], [[796, 173]], [[797, 172]], [[798, 171]], [[799, 171]], [[799, 170]], [[800, 169]], [[801, 169]], [[802, 168]], [[802, 167]], [[802, 166]], [[802, 165]], [[801, 164]], [[800, 164]], [[799, 164]], [[798, 164]], [[797, 164]], [[796, 163]], [[795, 162]], [[794, 162]], [[793, 161]], [[792, 161]], [[791, 161]]]",[[]],[]
142,142,"[[[356, 152]], [[355, 153]], [[354, 153]], [[354, 154]], [[353, 155]], [[352, 155]], [[351, 156]], [[350, 157]], [[349, 158]], [[349, 159]], [[349, 160]], [[350, 160]], [[351, 161]], [[352, 161]], [[353, 161]], [[354, 161]], [[355, 160]], [[356, 161]], [[357, 161]], [[358, 161]], [[359, 160]], [[358, 159]], [[358, 158]], [[359, 157]], [[360, 156]], [[361, 155]], [[361, 154]], [[360, 154]], [[359, 154]], [[358, 153]], [[357, 152]]]",[[]],[]
143,143,"[[[204, 144]], [[203, 145]], [[202, 145]], [[201, 145]], [[200, 145]], [[199, 146]], [[198, 146]], [[197, 147]], [[198, 148]], [[198, 149]], [[198, 150]], [[198, 151]], [[198, 152]], [[198, 153]], [[198, 154]], [[198, 155]], [[199, 156]], [[200, 156]], [[201, 157]], [[202, 158]], [[203, 159]], [[204, 158]], [[205, 159]], [[206, 159]], [[207, 159]], [[208, 159]], [[209, 159]], [[209, 158]], [[210, 157]], [[211, 157]], [[211, 156]], [[212, 155]], [[211, 154]], [[212, 153]], [[213, 153]], [[213, 152]], [[212, 151]], [[211, 150]], [[211, 149]], [[210, 148]], [[210, 147]], [[209, 146]], [[209, 145]], [[208, 145]], [[207, 145]], [[206, 145]], [[205, 144]]]","[[], [[[214, 151], [214, 152], [214, 153], [214, 154], [215, 155], [216, 156], [216, 157], [215, 158], [214, 158], [213, 158], [212, 158], [211, 158], [210, 159], [209, 160], [208, 160], [207, 160], [206, 161], [205, 162], [204, 162], [203, 162], [203, 163], [204, 164], [205, 163], [206, 163], [207, 163], [208, 162], [209, 162], [210, 161], [211, 160], [212, 160], [213, 160], [214, 161], [215, 161], [216, 161], [217, 161], [218, 161], [217, 160], [218, 159], [218, 158], [217, 157], [217, 156], [217, 155], [217, 154], [216, 153], [215, 152]]]]","[[], 266]"
144,144,"[[[235, 133]], [[235, 134]], [[236, 135]], [[236, 136]], [[236, 137]], [[236, 138]], [[236, 139]], [[237, 140]], [[237, 141]], [[238, 142]], [[238, 143]], [[239, 144]], [[240, 144]], [[241, 144]], [[242, 144]], [[243, 143]], [[244, 143]], [[245, 144]], [[246, 143]], [[247, 143]], [[247, 142]], [[247, 141]], [[247, 140]], [[246, 139]], [[246, 138]], [[245, 137]], [[245, 136]], [[244, 135]], [[243, 134]], [[242, 133]], [[241, 133]], [[240, 133]], [[239, 133]], [[238, 133]], [[237, 133]], [[236, 133]]]","[[[[232, 122], [233, 123], [233, 124], [233, 125], [233, 126], [232, 127], [232, 128], [232, 129], [232, 130], [233, 131], [234, 131], [235, 132], [236, 132], [237, 132], [238, 132], [239, 132], [239, 131], [238, 131], [237, 131], [236, 131], [235, 130], [234, 130], [233, 129], [233, 128], [234, 127], [234, 126], [234, 125], [234, 124], [234, 123], [234, 122], [233, 122]]], []]","[267, []]"
145,145,"[[[628, 123]], [[627, 124]], [[626, 125]], [[625, 126]], [[624, 127]], [[624, 128]], [[623, 129]], [[623, 130]], [[624, 131]], [[624, 132]], [[625, 133]], [[625, 134]], [[626, 135]], [[627, 135]], [[628, 136]], [[629, 137]], [[629, 138]], [[630, 139]], [[630, 140]], [[631, 141]], [[632, 142]], [[632, 143]], [[633, 143]], [[634, 143]], [[635, 143]], [[636, 142]], [[637, 142]], [[638, 141]], [[639, 140]], [[639, 139]], [[639, 138]], [[639, 137]], [[640, 136]], [[641, 135]], [[642, 134]], [[642, 133]], [[642, 132]], [[642, 131]], [[641, 130]], [[641, 129]], [[640, 128]], [[639, 127]], [[638, 126]], [[637, 125]], [[636, 125]], [[635, 124]], [[634, 123]], [[633, 123]], [[632, 123]], [[631, 123]], [[630, 123]], [[629, 123]]]",[[]],[]
146,146,"[[[711, 116]], [[710, 117]], [[709, 118]], [[708, 119]], [[708, 120]], [[708, 121]], [[707, 122]], [[706, 121]], [[706, 120]], [[705, 120]], [[706, 121]], [[706, 122]], [[707, 123]], [[706, 124]], [[706, 125]], [[707, 126]], [[707, 127]], [[708, 128]], [[709, 129]], [[709, 130]], [[709, 131]], [[710, 132]], [[710, 133]], [[711, 134]], [[711, 135]], [[711, 136]], [[712, 137]], [[713, 137]], [[714, 137]], [[715, 137]], [[716, 137]], [[717, 137]], [[718, 136]], [[719, 136]], [[720, 136]], [[721, 136]], [[722, 136]], [[723, 135]], [[724, 135]], [[725, 135]], [[726, 135]], [[727, 135]], [[728, 135]], [[729, 134]], [[729, 133]], [[729, 132]], [[729, 131]], [[729, 130]], [[729, 129]], [[729, 128]], [[729, 127]], [[729, 126]], [[729, 125]], [[728, 124]], [[728, 123]], [[728, 122]], [[728, 121]], [[727, 120]], [[726, 120]], [[725, 119]], [[724, 118]], [[723, 117]], [[723, 116]], [[722, 117]], [[721, 117]], [[720, 117]], [[719, 116]], [[718, 116]], [[717, 116]], [[716, 116]], [[715, 116]], [[714, 116]], [[713, 116]], [[712, 116]]]",[[]],[]
147,147,"[[[337, 112]], [[337, 113]], [[337, 114]], [[336, 115]], [[335, 115]], [[335, 116]], [[335, 117]], [[335, 118]], [[334, 119]], [[334, 120]], [[334, 121]], [[334, 122]], [[335, 123]], [[335, 124]], [[336, 125]], [[336, 126]], [[337, 126]], [[338, 126]], [[339, 126]], [[340, 127]], [[341, 127]], [[342, 127]], [[343, 126]], [[344, 126]], [[345, 126]], [[346, 125]], [[347, 124]], [[347, 123]], [[347, 122]], [[347, 121]], [[347, 120]], [[347, 119]], [[347, 118]], [[346, 117]], [[345, 116]], [[344, 116]], [[343, 116]], [[342, 115]], [[341, 115]], [[340, 114]], [[339, 113]], [[338, 113]]]","[[[[337, 96], [336, 97], [335, 98], [335, 99], [336, 100], [337, 100], [338, 101], [338, 102], [338, 103], [338, 104], [338, 105], [338, 106], [338, 107], [337, 108], [337, 109], [336, 110], [335, 111], [334, 111], [333, 112], [332, 112], [332, 113], [333, 114], [333, 115], [333, 116], [332, 117], [332, 118], [332, 119], [333, 119], [334, 118], [334, 117], [334, 116], [334, 115], [335, 114], [336, 114], [336, 113], [336, 112], [337, 111], [338, 110], [339, 110], [340, 109], [340, 108], [341, 107], [342, 107], [343, 107], [344, 107], [345, 107], [346, 107], [346, 106], [346, 105], [345, 105], [344, 104], [343, 105], [342, 105], [341, 104], [341, 103], [341, 102], [341, 101], [340, 100], [339, 100], [338, 99], [337, 98], [338, 97], [338, 96]]], [], [[[347, 125], [346, 126], [346, 127], [346, 128], [346, 129], [345, 130], [344, 130], [343, 129], [343, 128], [342, 128], [341, 128], [340, 128], [339, 127], [338, 127], [338, 128], [337, 129], [336, 129], [337, 129], [338, 128], [339, 129], [340, 129], [341, 130], [341, 131], [342, 131], [343, 131], [344, 132], [345, 132], [346, 133], [347, 133], [347, 132], [347, 131], [347, 130], [348, 129], [348, 128], [349, 127], [348, 126]]]]","[268, [], 269]"
148,148,"[[[217, 112]], [[216, 113]], [[216, 114]], [[215, 115]], [[214, 115]], [[214, 116]], [[214, 117]], [[215, 118]], [[214, 119]], [[214, 120]], [[214, 121]], [[214, 122]], [[214, 123]], [[215, 124]], [[216, 125]], [[217, 126]], [[217, 127]], [[217, 128]], [[217, 129]], [[218, 130]], [[219, 131]], [[219, 132]], [[220, 132]], [[221, 133]], [[222, 132]], [[223, 133]], [[224, 132]], [[225, 132]], [[226, 133]], [[226, 134]], [[227, 135]], [[226, 136]], [[227, 137]], [[228, 137]], [[229, 137]], [[230, 138]], [[231, 137]], [[231, 136]], [[231, 135]], [[232, 134]], [[232, 133]], [[231, 132]], [[230, 131]], [[229, 131]], [[228, 130]], [[228, 129]], [[228, 130]], [[227, 131]], [[226, 131]], [[225, 130]], [[224, 129]], [[224, 128]], [[224, 127]], [[225, 126]], [[225, 125]], [[226, 124]], [[226, 123]], [[225, 123]], [[224, 122]], [[223, 121]], [[223, 120]], [[222, 119]], [[222, 118]], [[221, 117]], [[221, 116]], [[220, 115]], [[220, 114]], [[219, 113]], [[218, 112]]]","[[[[209, 112], [210, 113], [210, 114], [211, 115], [211, 116], [211, 117], [211, 118], [211, 119], [211, 120], [210, 121], [210, 122], [210, 123], [211, 123], [212, 124], [212, 125], [213, 126], [213, 127], [214, 127], [215, 128], [215, 129], [216, 130], [217, 131], [217, 132], [217, 133], [218, 134], [219, 134], [220, 134], [221, 134], [222, 135], [223, 135], [224, 136], [225, 136], [226, 137], [226, 138], [226, 139], [227, 140], [227, 141], [228, 142], [229, 142], [230, 143], [229, 144], [229, 145], [230, 145], [230, 144], [231, 143], [231, 142], [231, 141], [230, 140], [230, 139], [229, 138], [228, 138], [227, 138], [226, 137], [225, 136], [226, 135], [225, 134], [225, 133], [224, 133], [223, 134], [222, 134], [221, 134], [220, 133], [219, 133], [218, 132], [218, 131], [217, 130], [216, 129], [216, 128], [216, 127], [216, 126], [215, 125], [214, 124], [213, 123], [213, 122], [213, 121], [213, 120], [213, 119], [214, 118], [213, 117], [213, 116], [213, 115], [213, 114], [212, 113], [211, 112], [210, 112]], [[214, 106], [214, 107], [215, 108], [214, 109], [213, 109], [212, 109], [212, 110], [213, 111], [214, 111], [215, 110], [216, 109], [217, 109], [218, 110], [219, 110], [220, 111], [221, 111], [222, 112], [223, 112], [224, 113], [224, 114], [225, 114], [226, 114], [227, 113], [226, 112], [225, 111], [224, 111], [223, 111], [222, 110], [221, 109], [220, 109], [219, 109], [218, 109], [217, 108], [217, 107], [216, 107], [215, 106]]], [[[209, 112], [210, 113], [210, 114], [211, 115], [211, 116], [211, 117], [211, 118], [211, 119], [211, 120], [210, 121], [210, 122], [210, 123], [211, 123], [212, 124], [212, 125], [213, 126], [213, 127], [214, 127], [215, 128], [215, 129], [216, 130], [217, 131], [217, 132], [217, 133], [218, 134], [219, 134], [220, 134], [221, 134], [222, 135], [223, 135], [224, 136], [225, 136], [226, 137], [226, 138], [226, 139], [227, 140], [227, 141], [228, 142], [229, 142], [230, 143], [229, 144], [229, 145], [230, 145], [230, 144], [231, 143], [231, 142], [231, 141], [230, 140], [230, 139], [229, 138], [228, 138], [227, 138], [226, 137], [225, 136], [226, 135], [225, 134], [225, 133], [224, 133], [223, 134], [222, 134], [221, 134], [220, 133], [219, 133], [218, 132], [218, 131], [217, 130], [216, 129], [216, 128], [216, 127], [216, 126], [215, 125], [214, 124], [213, 123], [213, 122], [213, 121], [213, 120], [213, 119], [214, 118], [213, 117], [213, 116], [213, 115], [213, 114], [212, 113], [211, 112], [210, 112]]]]","[270, 271]"
149,149,"[[[427, 106]], [[426, 107]], [[425, 108]], [[424, 109]], [[423, 109]], [[422, 110]], [[422, 111]], [[422, 112]], [[421, 113]], [[421, 114]], [[420, 115]], [[420, 116]], [[421, 117]], [[421, 118]], [[421, 119]], [[422, 120]], [[423, 121]], [[424, 121]], [[425, 121]], [[426, 121]], [[427, 121]], [[428, 120]], [[429, 120]], [[430, 120]], [[431, 120]], [[432, 119]], [[433, 118]], [[433, 117]], [[434, 116]], [[434, 115]], [[434, 114]], [[434, 113]], [[433, 112]], [[433, 111]], [[433, 110]], [[433, 109]], [[432, 108]], [[432, 107]], [[431, 107]], [[430, 107]], [[429, 107]], [[428, 106]]]","[[[[426, 103], [426, 104], [426, 105], [426, 106], [425, 107], [424, 106], [423, 107], [422, 107], [421, 108], [421, 109], [421, 110], [421, 111], [420, 112], [420, 113], [419, 114], [418, 115], [417, 115], [416, 115], [417, 116], [418, 117], [419, 118], [420, 118], [420, 117], [419, 116], [419, 115], [419, 114], [420, 113], [420, 112], [421, 111], [421, 110], [422, 109], [423, 108], [424, 108], [425, 107], [426, 106], [427, 105], [428, 105], [429, 106], [430, 106], [431, 106], [432, 106], [433, 106], [434, 105], [434, 104], [433, 104], [432, 104], [431, 104], [430, 104], [429, 103], [428, 103], [427, 103]]]]",[272]
150,150,"[[[144, 106]], [[143, 107]], [[142, 108]], [[141, 108]], [[141, 109]], [[141, 110]], [[140, 111]], [[140, 112]], [[140, 113]], [[140, 114]], [[140, 115]], [[140, 116]], [[140, 117]], [[140, 118]], [[140, 119]], [[141, 120]], [[141, 121]], [[141, 122]], [[142, 123]], [[143, 124]], [[142, 125]], [[141, 125]], [[140, 126]], [[139, 126]], [[138, 126]], [[137, 126]], [[136, 126]], [[135, 126]], [[134, 126]], [[133, 127]], [[132, 128]], [[131, 128]], [[130, 128]], [[129, 127]], [[128, 127]], [[127, 126]], [[126, 126]], [[125, 125]], [[124, 125]], [[123, 124]], [[122, 124]], [[121, 124]], [[120, 124]], [[119, 124]], [[118, 123]], [[117, 124]], [[116, 124]], [[115, 125]], [[114, 125]], [[113, 126]], [[112, 126]], [[111, 126]], [[111, 127]], [[110, 128]], [[109, 128]], [[108, 129]], [[108, 130]], [[107, 131]], [[106, 132]], [[106, 133]], [[105, 134]], [[105, 135]], [[105, 136]], [[104, 137]], [[104, 138]], [[103, 139]], [[103, 140]], [[102, 141]], [[102, 142]], [[101, 143]], [[101, 144]], [[101, 145]], [[100, 146]], [[100, 147]], [[100, 148]], [[100, 149]], [[100, 150]], [[100, 151]], [[100, 152]], [[101, 153]], [[102, 154]], [[102, 155]], [[102, 156]], [[103, 157]], [[103, 158]], [[104, 159]], [[105, 160]], [[105, 161]], [[105, 162]], [[106, 163]], [[106, 164]], [[107, 165]], [[107, 166]], [[108, 167]], [[109, 168]], [[110, 168]], [[111, 169]], [[112, 169]], [[113, 169]], [[114, 169]], [[115, 170]], [[116, 170]], [[117, 170]], [[118, 170]], [[119, 170]], [[120, 171]], [[121, 170]], [[122, 170]], [[123, 170]], [[124, 169]], [[125, 169]], [[126, 170]], [[127, 171]], [[128, 171]], [[129, 172]], [[130, 172]], [[131, 173]], [[132, 173]], [[133, 173]], [[134, 173]], [[135, 174]], [[136, 174]], [[137, 173]], [[138, 173]], [[139, 173]], [[140, 173]], [[141, 172]], [[142, 172]], [[143, 172]], [[144, 172]], [[145, 171]], [[146, 170]], [[147, 169]], [[148, 168]], [[147, 167]], [[148, 166]], [[148, 165]], [[149, 164]], [[150, 165]], [[151, 164]], [[152, 164]], [[153, 164]], [[154, 163]], [[155, 163]], [[156, 163]], [[157, 163]], [[158, 163]], [[159, 162]], [[160, 161]], [[161, 160]], [[161, 159]], [[162, 158]], [[162, 157]], [[162, 156]], [[163, 155]], [[163, 154]], [[163, 153]], [[164, 152]], [[164, 151]], [[165, 150]], [[165, 149]], [[165, 148]], [[165, 147]], [[166, 146]], [[166, 145]], [[166, 144]], [[167, 143]], [[167, 142]], [[167, 141]], [[167, 140]], [[166, 139]], [[166, 138]], [[166, 137]], [[166, 136]], [[166, 135]], [[166, 134]], [[165, 133]], [[164, 132]], [[163, 131]], [[162, 130]], [[161, 130]], [[160, 129]], [[159, 128]], [[158, 127]], [[158, 126]], [[157, 125]], [[156, 125]], [[155, 125]], [[154, 125]], [[153, 125]], [[152, 125]], [[151, 125]], [[150, 125]], [[149, 124]], [[148, 123]], [[148, 122]], [[148, 121]], [[149, 120]], [[149, 119]], [[149, 118]], [[150, 117]], [[151, 116]], [[150, 115]], [[150, 114]], [[151, 113]], [[152, 112]], [[151, 111]], [[150, 110]], [[149, 109]], [[149, 108]], [[148, 107]], [[148, 106]], [[147, 106]], [[146, 107]], [[145, 107]]]","[[], [[[125, 107], [124, 108], [123, 109], [122, 110], [121, 110], [120, 110], [119, 109], [118, 109], [117, 109], [116, 109], [115, 110], [114, 111], [113, 111], [112, 111], [111, 112], [110, 113], [109, 114], [108, 115], [108, 116], [109, 116], [110, 117], [110, 118], [111, 118], [112, 118], [113, 119], [114, 119], [115, 119], [116, 120], [116, 121], [116, 122], [115, 123], [116, 123], [117, 123], [118, 122], [119, 122], [119, 121], [119, 120], [120, 119], [120, 118], [119, 119], [118, 118], [117, 118], [116, 118], [115, 118], [114, 117], [113, 116], [113, 115], [113, 114], [114, 113], [115, 113], [116, 113], [117, 113], [118, 114], [119, 115], [120, 116], [121, 116], [121, 115], [122, 114], [123, 113], [123, 112], [123, 111], [124, 110], [125, 110], [126, 111], [126, 110], [126, 109], [126, 108], [126, 107]]], [[[96, 120], [95, 121], [96, 122], [97, 122], [98, 122], [99, 123], [100, 123], [101, 123], [102, 123], [103, 123], [104, 122], [105, 123], [106, 123], [107, 124], [108, 125], [107, 126], [107, 127], [107, 128], [107, 129], [108, 128], [109, 127], [110, 127], [110, 126], [111, 125], [110, 125], [109, 125], [108, 125], [107, 124], [107, 123], [107, 122], [106, 121], [105, 120], [105, 121], [104, 122], [103, 121], [102, 121], [101, 120], [100, 120], [99, 120], [98, 120], [97, 120]]], [[[96, 153], [96, 154], [97, 155], [98, 155], [99, 155], [100, 155], [101, 156], [102, 157], [102, 158], [101, 159], [100, 159], [101, 160], [102, 161], [103, 161], [104, 161], [104, 160], [103, 159], [102, 158], [102, 157], [101, 156], [101, 155], [101, 154], [100, 153], [99, 153], [98, 153], [97, 153]]], [[[147, 171], [146, 172], [145, 173], [144, 174], [145, 175], [145, 176], [144, 177], [143, 177], [142, 178], [141, 179], [140, 179], [140, 180], [141, 181], [141, 182], [142, 182], [143, 182], [144, 182], [145, 181], [146, 181], [146, 180], [147, 179], [147, 178], [146, 177], [145, 176], [146, 175], [147, 175], [148, 175], [149, 174], [150, 174], [151, 174], [152, 173], [151, 172], [151, 171], [151, 172], [150, 173], [149, 173], [148, 174], [147, 173], [147, 172], [148, 171]]], [[[167, 145], [167, 146], [166, 147], [166, 148], [166, 149], [166, 150], [165, 151], [165, 152], [164, 153], [164, 154], [164, 155], [163, 156], [163, 157], [163, 158], [163, 159], [163, 160], [163, 159], [164, 158], [165, 157], [166, 156], [166, 155], [166, 154], [166, 153], [166, 152], [167, 151], [168, 150], [169, 150], [170, 149], [171, 149], [172, 149], [173, 149], [174, 150], [175, 150], [176, 150], [175, 149], [174, 149], [173, 149], [172, 148], [171, 147], [170, 146], [169, 145], [168, 145]]]]","[[], 273, 274, 275, 265, 277]"
151,151,"[[[570, 89]], [[569, 90]], [[568, 90]], [[567, 90]], [[566, 90]], [[565, 90]], [[564, 90]], [[563, 90]], [[562, 90]], [[561, 90]], [[560, 90]], [[559, 90]], [[558, 90]], [[557, 90]], [[556, 90]], [[555, 90]], [[554, 91]], [[553, 91]], [[552, 91]], [[551, 91]], [[550, 90]], [[549, 90]], [[548, 90]], [[547, 90]], [[546, 90]], [[545, 90]], [[544, 90]], [[543, 90]], [[542, 90]], [[541, 91]], [[540, 91]], [[539, 91]], [[538, 91]], [[537, 92]], [[536, 93]], [[535, 94]], [[534, 95]], [[533, 95]], [[532, 96]], [[531, 97]], [[530, 98]], [[529, 99]], [[528, 99]], [[527, 99]], [[526, 99]], [[525, 99]], [[524, 99]], [[523, 98]], [[522, 97]], [[521, 96]], [[522, 95]], [[521, 94]], [[521, 93]], [[521, 92]], [[520, 91]], [[519, 90]], [[518, 90]], [[517, 90]], [[516, 90]], [[515, 90]], [[514, 91]], [[513, 91]], [[512, 92]], [[512, 93]], [[512, 94]], [[512, 95]], [[511, 96]], [[511, 97]], [[511, 98]], [[510, 99]], [[509, 99]], [[508, 99]], [[507, 99]], [[506, 98]], [[505, 98]], [[504, 99]], [[503, 100]], [[502, 100]], [[502, 101]], [[501, 102]], [[501, 103]], [[501, 104]], [[501, 105]], [[501, 106]], [[502, 107]], [[502, 108]], [[502, 109]], [[503, 110]], [[504, 109]], [[505, 109]], [[506, 110]], [[506, 111]], [[505, 112]], [[506, 112]], [[507, 112]], [[508, 113]], [[509, 112]], [[510, 113]], [[511, 114]], [[510, 115]], [[509, 115]], [[508, 115]], [[509, 116]], [[509, 117]], [[509, 118]], [[510, 119]], [[509, 120]], [[509, 121]], [[510, 122]], [[511, 123]], [[511, 124]], [[512, 125]], [[512, 126]], [[512, 127]], [[511, 128]], [[510, 127]], [[509, 126]], [[509, 125]], [[508, 124]], [[507, 123]], [[507, 122]], [[506, 122]], [[505, 121]], [[505, 120]], [[504, 119]], [[503, 119]], [[502, 120]], [[501, 119]], [[500, 118]], [[500, 117]], [[500, 116]], [[500, 115]], [[500, 114]], [[500, 113]], [[499, 114]], [[498, 115]], [[497, 116]], [[496, 116]], [[496, 117]], [[495, 118]], [[494, 119]], [[493, 119]], [[492, 119]], [[491, 119]], [[490, 119]], [[489, 119]], [[488, 120]], [[487, 120]], [[486, 119]], [[485, 119]], [[484, 119]], [[483, 119]], [[482, 118]], [[481, 118]], [[480, 119]], [[479, 119]], [[478, 119]], [[477, 119]], [[476, 119]], [[475, 118]], [[474, 119]], [[473, 119]], [[472, 120]], [[471, 120]], [[470, 119]], [[470, 120]], [[469, 121]], [[468, 122]], [[468, 123]], [[467, 124]], [[467, 125]], [[467, 126]], [[466, 127]], [[465, 128]], [[466, 129]], [[467, 130]], [[467, 131]], [[468, 132]], [[468, 133]], [[467, 134]], [[466, 135]], [[467, 136]], [[467, 137]], [[467, 138]], [[467, 139]], [[467, 140]], [[467, 141]], [[467, 142]], [[467, 143]], [[467, 144]], [[467, 145]], [[467, 146]], [[467, 147]], [[468, 148]], [[468, 149]], [[469, 150]], [[469, 151]], [[470, 152]], [[470, 153]], [[471, 154]], [[472, 155]], [[473, 156]], [[474, 157]], [[474, 158]], [[474, 159]], [[475, 160]], [[475, 161]], [[476, 161]], [[477, 162]], [[478, 163]], [[479, 164]], [[480, 164]], [[481, 165]], [[482, 165]], [[483, 165]], [[484, 166]], [[485, 166]], [[486, 166]], [[487, 166]], [[488, 166]], [[489, 165]], [[490, 165]], [[491, 164]], [[492, 163]], [[493, 163]], [[494, 162]], [[495, 161]], [[496, 161]], [[497, 160]], [[498, 160]], [[499, 159]], [[500, 158]], [[501, 158]], [[502, 157]], [[502, 156]], [[503, 155]], [[504, 154]], [[505, 154]], [[506, 153]], [[507, 152]], [[508, 152]], [[509, 151]], [[510, 151]], [[511, 150]], [[512, 149]], [[513, 148]], [[514, 147]], [[515, 146]], [[516, 146]], [[517, 146]], [[518, 146]], [[519, 146]], [[520, 146]], [[521, 146]], [[522, 146]], [[523, 146]], [[524, 145]], [[525, 145]], [[525, 144]], [[526, 143]], [[527, 143]], [[528, 144]], [[528, 145]], [[529, 146]], [[530, 147]], [[531, 148]], [[532, 149]], [[532, 150]], [[533, 150]], [[534, 151]], [[534, 152]], [[533, 153]], [[534, 154]], [[533, 155]], [[533, 156]], [[532, 157]], [[533, 158]], [[533, 159]], [[532, 160]], [[532, 161]], [[532, 162]], [[533, 163]], [[532, 164]], [[531, 164]], [[531, 165]], [[531, 166]], [[530, 167]], [[530, 168]], [[530, 169]], [[530, 170]], [[529, 171]], [[529, 172]], [[529, 173]], [[529, 174]], [[529, 175]], [[529, 176]], [[529, 177]], [[529, 178]], [[530, 179]], [[530, 180]], [[530, 181]], [[531, 182]], [[531, 183]], [[531, 184]], [[531, 185]], [[532, 186]], [[533, 187]], [[534, 187]], [[535, 187]], [[536, 188]], [[537, 189]], [[537, 190]], [[538, 191]], [[539, 191]], [[540, 191]], [[541, 191]], [[542, 191]], [[543, 191]], [[544, 191]], [[545, 190]], [[546, 190]], [[547, 190]], [[548, 190]], [[549, 190]], [[550, 190]], [[551, 190]], [[552, 190]], [[553, 189]], [[554, 189]], [[555, 189]], [[556, 189]], [[557, 188]], [[558, 188]], [[559, 187]], [[560, 187]], [[561, 186]], [[562, 186]], [[563, 186]], [[564, 185]], [[565, 185]], [[566, 185]], [[567, 184]], [[568, 184]], [[569, 183]], [[570, 183]], [[571, 182]], [[572, 181]], [[573, 181]], [[574, 180]], [[575, 179]], [[576, 178]], [[576, 177]], [[577, 176]], [[577, 175]], [[578, 174]], [[578, 173]], [[578, 172]], [[579, 171]], [[580, 170]], [[581, 170]], [[582, 171]], [[582, 172]], [[582, 173]], [[581, 174]], [[581, 175]], [[581, 176]], [[581, 177]], [[581, 178]], [[581, 179]], [[581, 180]], [[581, 181]], [[581, 182]], [[580, 183]], [[580, 184]], [[580, 185]], [[579, 186]], [[578, 186]], [[577, 186]], [[576, 187]], [[575, 188]], [[575, 189]], [[575, 190]], [[575, 191]], [[576, 192]], [[576, 193]], [[577, 194]], [[578, 195]], [[579, 195]], [[580, 196]], [[580, 197]], [[579, 198]], [[579, 199]], [[579, 200]], [[579, 201]], [[578, 202]], [[578, 203]], [[578, 204]], [[578, 205]], [[578, 206]], [[577, 207]], [[576, 208]], [[576, 209]], [[576, 210]], [[577, 211]], [[578, 212]], [[579, 212]], [[580, 212]], [[581, 212]], [[582, 212]], [[583, 212]], [[584, 212]], [[585, 213]], [[585, 214]], [[586, 214]], [[587, 215]], [[587, 216]], [[587, 217]], [[588, 217]], [[589, 218]], [[590, 218]], [[591, 219]], [[592, 219]], [[593, 220]], [[594, 220]], [[595, 220]], [[596, 220]], [[597, 220]], [[598, 220]], [[599, 219]], [[600, 219]], [[601, 218]], [[602, 218]], [[603, 217]], [[603, 216]], [[603, 215]], [[603, 214]], [[604, 213]], [[604, 212]], [[604, 211]], [[604, 210]], [[604, 209]], [[603, 208]], [[603, 207]], [[604, 206]], [[604, 205]], [[604, 204]], [[604, 203]], [[604, 202]], [[605, 201]], [[606, 200]], [[607, 199]], [[608, 199]], [[609, 198]], [[610, 198]], [[610, 197]], [[611, 196]], [[610, 195]], [[610, 194]], [[611, 193]], [[612, 192]], [[613, 192]], [[614, 191]], [[615, 192]], [[615, 193]], [[615, 194]], [[614, 195]], [[615, 196]], [[615, 197]], [[616, 198]], [[616, 199]], [[616, 200]], [[617, 201]], [[617, 202]], [[617, 203]], [[617, 204]], [[617, 205]], [[616, 206]], [[615, 205]], [[616, 206]], [[617, 206]], [[618, 206]], [[619, 205]], [[620, 205]], [[620, 204]], [[621, 203]], [[621, 202]], [[622, 201]], [[623, 200]], [[624, 199]], [[624, 198]], [[624, 197]], [[625, 196]], [[625, 195]], [[624, 194]], [[624, 193]], [[624, 192]], [[624, 191]], [[624, 190]], [[625, 189]], [[624, 189]], [[623, 188]], [[622, 188]], [[621, 188]], [[620, 187]], [[620, 186]], [[620, 185]], [[621, 184]], [[621, 183]], [[622, 182]], [[622, 181]], [[622, 180]], [[622, 179]], [[621, 178]], [[621, 177]], [[620, 177]], [[619, 176]], [[618, 175]], [[617, 175]], [[616, 174]], [[615, 173]], [[615, 172]], [[614, 171]], [[614, 170]], [[613, 169]], [[613, 168]], [[613, 167]], [[612, 167]], [[611, 166]], [[610, 165]], [[609, 164]], [[608, 164]], [[607, 164]], [[606, 164]], [[605, 164]], [[604, 164]], [[603, 165]], [[602, 165]], [[601, 166]], [[600, 166]], [[599, 166]], [[598, 166]], [[597, 165]], [[597, 164]], [[596, 163]], [[595, 162]], [[594, 162]], [[593, 162]], [[592, 161]], [[591, 162]], [[590, 162]], [[589, 162]], [[588, 162]], [[587, 163]], [[586, 163]], [[585, 164]], [[584, 164]], [[583, 164]], [[582, 165]], [[581, 165]], [[580, 166]], [[579, 165]], [[578, 165]], [[577, 165]], [[576, 164]], [[576, 163]], [[575, 162]], [[574, 162]], [[573, 161]], [[572, 161]], [[571, 161]], [[570, 161]], [[569, 160]], [[569, 159]], [[570, 158]], [[571, 158]], [[572, 158]], [[572, 157]], [[572, 156]], [[572, 155]], [[572, 154]], [[573, 153]], [[573, 152]], [[573, 151]], [[573, 150]], [[574, 149]], [[574, 148]], [[574, 147]], [[574, 146]], [[574, 145]], [[574, 144]], [[574, 143]], [[574, 142]], [[574, 141]], [[574, 140]], [[574, 139]], [[574, 138]], [[574, 137]], [[574, 136]], [[574, 135]], [[574, 134]], [[574, 133]], [[573, 132]], [[572, 131]], [[571, 130]], [[571, 129]], [[571, 128]], [[570, 127]], [[569, 126]], [[569, 125]], [[568, 124]], [[568, 123]], [[567, 123]], [[566, 123]], [[565, 123]], [[564, 122]], [[563, 121]], [[563, 120]], [[564, 119]], [[565, 120]], [[566, 119]], [[567, 119]], [[568, 119]], [[569, 119]], [[569, 118]], [[569, 117]], [[570, 116]], [[571, 115]], [[571, 114]], [[572, 113]], [[573, 112]], [[574, 112]], [[575, 111]], [[575, 110]], [[575, 109]], [[576, 108]], [[576, 107]], [[577, 106]], [[578, 106]], [[579, 105]], [[580, 105]], [[581, 104]], [[582, 104]], [[583, 103]], [[583, 102]], [[584, 101]], [[585, 101]], [[585, 100]], [[585, 99]], [[584, 98]], [[584, 97]], [[584, 96]], [[583, 95]], [[583, 94]], [[583, 93]], [[582, 92]], [[581, 91]], [[580, 90]], [[579, 90]], [[578, 89]], [[577, 89]], [[576, 89]], [[575, 89]], [[574, 89]], [[573, 89]], [[572, 89]], [[571, 89]]]","[[], [[[508, 90], [507, 91], [506, 92], [505, 92], [504, 92], [503, 92], [503, 93], [502, 94], [502, 95], [503, 96], [503, 97], [502, 98], [501, 99], [502, 99], [503, 99], [504, 98], [505, 97], [506, 97], [507, 98], [508, 98], [509, 98], [510, 98], [510, 97], [510, 96], [510, 95], [509, 94], [508, 93], [508, 92], [509, 91], [510, 91], [511, 91], [511, 90], [510, 90], [509, 90]]], [[[460, 118], [459, 119], [459, 120], [458, 121], [458, 122], [457, 123], [456, 124], [456, 125], [456, 126], [456, 127], [457, 128], [458, 128], [458, 127], [459, 126], [459, 125], [459, 124], [459, 123], [460, 122], [461, 122], [462, 123], [462, 124], [463, 125], [463, 126], [463, 127], [463, 128], [464, 129], [464, 130], [465, 131], [464, 132], [463, 133], [462, 133], [461, 133], [460, 134], [459, 133], [460, 134], [461, 134], [462, 134], [463, 134], [464, 134], [465, 134], [466, 134], [467, 133], [467, 132], [466, 131], [466, 130], [465, 129], [464, 128], [465, 127], [464, 126], [463, 125], [462, 124], [462, 123], [461, 122], [461, 121], [461, 120], [460, 119]]]]","[[], 278, 279]"
152,152,"[[[196, 84]], [[195, 85]], [[195, 86]], [[195, 87]], [[194, 88]], [[193, 89]], [[193, 90]], [[193, 91]], [[192, 92]], [[192, 93]], [[191, 94]], [[190, 95]], [[189, 96]], [[189, 97]], [[188, 98]], [[188, 99]], [[187, 100]], [[188, 101]], [[189, 102]], [[189, 103]], [[189, 104]], [[189, 105]], [[190, 105]], [[191, 106]], [[192, 106]], [[193, 106]], [[194, 105]], [[195, 104]], [[196, 103]], [[197, 102]], [[198, 102]], [[199, 101]], [[200, 100]], [[201, 100]], [[202, 100]], [[203, 99]], [[204, 99]], [[205, 99]], [[206, 98]], [[207, 98]], [[208, 97]], [[209, 96]], [[210, 96]], [[211, 97]], [[212, 97]], [[212, 96]], [[213, 95]], [[213, 94]], [[213, 93]], [[213, 92]], [[213, 91]], [[213, 90]], [[212, 89]], [[211, 90]], [[210, 90]], [[209, 89]], [[209, 88]], [[209, 87]], [[208, 86]], [[207, 87]], [[206, 86]], [[205, 85]], [[204, 85]], [[203, 84]], [[202, 84]], [[201, 84]], [[200, 84]], [[199, 84]], [[198, 84]], [[197, 84]]]","[[[[199, 79], [198, 80], [197, 80], [197, 81], [196, 82], [195, 83], [195, 84], [194, 85], [193, 86], [192, 86], [192, 87], [192, 88], [193, 88], [194, 87], [194, 86], [194, 85], [195, 84], [196, 83], [197, 83], [198, 83], [199, 83], [200, 83], [201, 83], [202, 83], [203, 83], [204, 84], [205, 84], [206, 85], [207, 86], [207, 85], [206, 84], [205, 83], [204, 83], [203, 82], [202, 82], [201, 81], [200, 80], [201, 79], [200, 79]]], []]","[280, []]"
153,153,"[[[704, 79]], [[704, 80]], [[704, 81]], [[703, 82]], [[702, 82]], [[702, 83]], [[701, 84]], [[701, 85]], [[701, 86]], [[701, 87]], [[701, 88]], [[701, 89]], [[701, 90]], [[701, 91]], [[700, 92]], [[700, 93]], [[699, 94]], [[698, 95]], [[698, 96]], [[699, 96]], [[700, 96]], [[700, 95]], [[700, 94]], [[701, 93]], [[702, 93]], [[703, 93]], [[704, 93]], [[705, 94]], [[706, 95]], [[707, 96]], [[707, 97]], [[708, 98]], [[709, 99]], [[710, 100]], [[711, 101]], [[711, 102]], [[712, 103]], [[712, 104]], [[713, 105]], [[714, 106]], [[714, 107]], [[715, 108]], [[715, 109]], [[716, 110]], [[717, 111]], [[717, 112]], [[718, 113]], [[719, 113]], [[720, 113]], [[721, 113]], [[722, 113]], [[723, 113]], [[724, 113]], [[725, 112]], [[726, 112]], [[727, 111]], [[728, 110]], [[729, 109]], [[730, 108]], [[730, 107]], [[730, 106]], [[730, 105]], [[730, 104]], [[730, 103]], [[730, 102]], [[729, 101]], [[728, 100]], [[727, 99]], [[726, 98]], [[726, 97]], [[725, 96]], [[725, 95]], [[724, 94]], [[723, 93]], [[723, 92]], [[722, 91]], [[721, 90]], [[720, 89]], [[719, 88]], [[718, 87]], [[718, 86]], [[717, 85]], [[717, 84]], [[716, 84]], [[715, 83]], [[715, 82]], [[714, 81]], [[713, 80]], [[712, 79]], [[711, 79]], [[710, 79]], [[709, 79]], [[708, 79]], [[707, 79]], [[706, 80]], [[705, 79]]]",[[]],[]
154,154,"[[[124, 65]], [[124, 66]], [[124, 67]], [[123, 68]], [[123, 69]], [[124, 70]], [[124, 71]], [[124, 72]], [[124, 73]], [[124, 74]], [[125, 75]], [[125, 76]], [[126, 77]], [[126, 78]], [[126, 79]], [[127, 80]], [[127, 81]], [[128, 82]], [[129, 83]], [[130, 84]], [[130, 85]], [[131, 85]], [[132, 86]], [[133, 87]], [[134, 87]], [[135, 87]], [[136, 87]], [[137, 87]], [[138, 86]], [[139, 85]], [[139, 84]], [[139, 83]], [[139, 82]], [[139, 81]], [[139, 80]], [[140, 79]], [[139, 78]], [[139, 77]], [[138, 76]], [[137, 76]], [[136, 75]], [[136, 74]], [[136, 73]], [[136, 72]], [[135, 71]], [[134, 70]], [[133, 70]], [[132, 70]], [[131, 69]], [[130, 69]], [[129, 68]], [[128, 67]], [[128, 66]], [[128, 65]], [[127, 66]], [[126, 65]], [[125, 65]]]",[],[]
155,155,"[[[85, 47]], [[85, 48]], [[84, 49]], [[84, 50]], [[84, 51]], [[84, 52]], [[83, 53]], [[83, 54]], [[83, 55]], [[84, 56]], [[84, 57]], [[84, 58]], [[85, 59]], [[85, 60]], [[86, 61]], [[87, 62]], [[88, 63]], [[89, 63]], [[90, 63]], [[91, 63]], [[92, 63]], [[93, 62]], [[94, 62]], [[95, 62]], [[96, 62]], [[97, 62]], [[98, 62]], [[99, 62]], [[100, 61]], [[100, 60]], [[101, 59]], [[102, 58]], [[102, 57]], [[103, 56]], [[103, 55]], [[103, 54]], [[102, 53]], [[101, 52]], [[100, 52]], [[99, 51]], [[98, 51]], [[97, 50]], [[96, 49]], [[95, 49]], [[94, 48]], [[93, 48]], [[92, 48]], [[91, 47]], [[90, 48]], [[89, 48]], [[88, 47]], [[87, 47]], [[86, 47]]]",[[]],[]
156,156,"[[[226, 46]], [[225, 47]], [[224, 48]], [[223, 48]], [[222, 49]], [[221, 50]], [[220, 50]], [[219, 51]], [[218, 51]], [[217, 51]], [[216, 51]], [[215, 51]], [[214, 51]], [[213, 51]], [[212, 52]], [[211, 53]], [[210, 54]], [[210, 55]], [[210, 56]], [[210, 57]], [[211, 58]], [[210, 59]], [[209, 60]], [[209, 61]], [[210, 62]], [[209, 63]], [[209, 64]], [[209, 65]], [[209, 66]], [[209, 67]], [[208, 68]], [[207, 69]], [[208, 70]], [[208, 71]], [[209, 72]], [[209, 73]], [[210, 74]], [[210, 75]], [[211, 76]], [[211, 77]], [[212, 78]], [[213, 78]], [[214, 79]], [[215, 80]], [[216, 81]], [[217, 81]], [[218, 81]], [[219, 81]], [[220, 81]], [[221, 80]], [[222, 80]], [[223, 79]], [[223, 78]], [[224, 77]], [[224, 76]], [[225, 75]], [[225, 74]], [[226, 73]], [[226, 72]], [[226, 71]], [[227, 70]], [[227, 69]], [[227, 68]], [[228, 67]], [[228, 66]], [[228, 65]], [[228, 64]], [[228, 63]], [[229, 62]], [[229, 61]], [[229, 60]], [[229, 59]], [[230, 58]], [[230, 57]], [[230, 56]], [[230, 55]], [[230, 54]], [[230, 53]], [[231, 52]], [[231, 51]], [[231, 50]], [[231, 49]], [[230, 48]], [[229, 47]], [[228, 46]], [[227, 46]]]","[[[[206, 52], [206, 53], [207, 54], [207, 55], [208, 56], [208, 57], [207, 58], [206, 59], [205, 59], [204, 59], [203, 58], [202, 57], [201, 57], [201, 58], [202, 59], [203, 59], [204, 60], [205, 60], [206, 61], [206, 62], [207, 63], [207, 64], [207, 65], [208, 65], [208, 64], [208, 63], [209, 62], [208, 61], [207, 60], [207, 59], [208, 58], [209, 59], [210, 58], [209, 57], [209, 56], [209, 55], [208, 54], [208, 53], [207, 52]]], []]","[281, []]"
157,157,"[[[733, 34]], [[732, 35]], [[731, 36]], [[730, 36]], [[729, 36]], [[728, 37]], [[727, 38]], [[727, 39]], [[727, 40]], [[726, 41]], [[726, 42]], [[726, 43]], [[726, 44]], [[727, 45]], [[727, 46]], [[727, 47]], [[727, 48]], [[727, 49]], [[728, 50]], [[729, 51]], [[730, 51]], [[731, 51]], [[732, 51]], [[733, 51]], [[734, 50]], [[735, 50]], [[736, 50]], [[737, 50]], [[738, 50]], [[739, 50]], [[740, 49]], [[741, 49]], [[742, 49]], [[742, 48]], [[743, 47]], [[743, 46]], [[743, 45]], [[743, 44]], [[743, 43]], [[742, 42]], [[742, 41]], [[741, 40]], [[741, 39]], [[740, 38]], [[739, 37]], [[738, 36]], [[738, 35]], [[737, 35]], [[736, 34]], [[735, 34]], [[734, 34]]]",[[]],[]
158,158,"[[[406, 34]], [[405, 35]], [[404, 35]], [[403, 36]], [[402, 36]], [[401, 36]], [[400, 36]], [[399, 37]], [[398, 38]], [[397, 38]], [[396, 39]], [[395, 39]], [[394, 40]], [[394, 41]], [[393, 42]], [[392, 43]], [[392, 44]], [[391, 45]], [[391, 46]], [[390, 47]], [[389, 47]], [[388, 47]], [[387, 47]], [[386, 47]], [[385, 47]], [[384, 47]], [[383, 48]], [[383, 49]], [[382, 50]], [[382, 51]], [[382, 52]], [[381, 53]], [[381, 54]], [[381, 55]], [[380, 56]], [[380, 57]], [[380, 58]], [[379, 59]], [[378, 60]], [[377, 61]], [[377, 62]], [[376, 63]], [[376, 64]], [[377, 65]], [[378, 66]], [[378, 67]], [[379, 66]], [[380, 67]], [[381, 68]], [[382, 68]], [[383, 69]], [[384, 70]], [[385, 70]], [[386, 70]], [[387, 70]], [[388, 70]], [[389, 70]], [[390, 70]], [[391, 71]], [[392, 72]], [[392, 73]], [[392, 74]], [[392, 75]], [[393, 76]], [[394, 77]], [[395, 78]], [[394, 79]], [[393, 80]], [[392, 80]], [[391, 79]], [[390, 79]], [[389, 79]], [[389, 80]], [[388, 81]], [[387, 82]], [[387, 83]], [[387, 84]], [[386, 85]], [[386, 86]], [[385, 87]], [[385, 88]], [[385, 89]], [[385, 90]], [[385, 91]], [[384, 92]], [[384, 93]], [[384, 94]], [[383, 95]], [[382, 95]], [[381, 95]], [[380, 95]], [[379, 95]], [[378, 95]], [[377, 95]], [[376, 95]], [[375, 95]], [[374, 94]], [[373, 94]], [[372, 94]], [[371, 94]], [[370, 94]], [[369, 94]], [[368, 94]], [[367, 94]], [[366, 95]], [[365, 95]], [[365, 96]], [[364, 97]], [[363, 98]], [[363, 99]], [[363, 100]], [[363, 101]], [[363, 102]], [[363, 103]], [[363, 104]], [[364, 105]], [[364, 106]], [[364, 107]], [[364, 108]], [[365, 108]], [[366, 109]], [[367, 110]], [[367, 111]], [[367, 112]], [[367, 113]], [[368, 114]], [[368, 115]], [[368, 116]], [[369, 116]], [[370, 117]], [[371, 117]], [[372, 118]], [[373, 118]], [[374, 119]], [[375, 119]], [[376, 120]], [[377, 121]], [[378, 120]], [[379, 120]], [[380, 120]], [[381, 120]], [[382, 120]], [[383, 120]], [[384, 121]], [[385, 121]], [[386, 120]], [[387, 120]], [[388, 120]], [[389, 119]], [[390, 118]], [[390, 117]], [[391, 116]], [[391, 115]], [[391, 114]], [[392, 113]], [[393, 112]], [[393, 111]], [[393, 110]], [[394, 109]], [[394, 108]], [[394, 107]], [[393, 106]], [[394, 105]], [[395, 104]], [[396, 103]], [[397, 103]], [[397, 102]], [[398, 101]], [[398, 100]], [[398, 99]], [[399, 98]], [[398, 97]], [[399, 96]], [[399, 95]], [[399, 94]], [[399, 93]], [[399, 92]], [[399, 91]], [[399, 90]], [[399, 89]], [[399, 88]], [[400, 87]], [[401, 88]], [[402, 89]], [[402, 90]], [[402, 91]], [[403, 90]], [[404, 91]], [[405, 92]], [[406, 93]], [[407, 93]], [[408, 93]], [[409, 93]], [[410, 93]], [[411, 93]], [[412, 93]], [[413, 92]], [[414, 92]], [[415, 91]], [[416, 91]], [[417, 91]], [[418, 91]], [[419, 91]], [[420, 91]], [[421, 91]], [[422, 91]], [[423, 91]], [[424, 91]], [[425, 91]], [[426, 92]], [[427, 91]], [[428, 92]], [[429, 92]], [[430, 92]], [[431, 91]], [[432, 91]], [[433, 91]], [[434, 90]], [[435, 89]], [[436, 89]], [[437, 88]], [[438, 87]], [[438, 86]], [[439, 85]], [[439, 84]], [[440, 83]], [[440, 82]], [[440, 81]], [[440, 80]], [[440, 79]], [[439, 78]], [[439, 77]], [[438, 76]], [[438, 75]], [[437, 74]], [[437, 73]], [[436, 72]], [[435, 71]], [[435, 70]], [[434, 69]], [[434, 68]], [[433, 67]], [[433, 66]], [[432, 65]], [[431, 64]], [[431, 63]], [[430, 62]], [[430, 61]], [[430, 60]], [[429, 59]], [[429, 58]], [[428, 57]], [[428, 56]], [[428, 55]], [[427, 54]], [[427, 53]], [[426, 52]], [[425, 51]], [[425, 50]], [[424, 49]], [[424, 48]], [[424, 47]], [[423, 46]], [[423, 45]], [[423, 44]], [[423, 43]], [[422, 43]], [[421, 42]], [[420, 41]], [[419, 40]], [[419, 39]], [[418, 38]], [[417, 37]], [[416, 36]], [[415, 35]], [[414, 35]], [[413, 35]], [[412, 35]], [[411, 35]], [[410, 35]], [[409, 35]], [[408, 35]], [[407, 34]]]","[[], [[[368, 117], [368, 118], [368, 119], [367, 120], [366, 120], [365, 120], [364, 120], [363, 121], [362, 122], [363, 123], [364, 123], [365, 123], [366, 123], [367, 124], [368, 125], [368, 126], [368, 127], [369, 127], [368, 126], [368, 125], [368, 124], [369, 123], [370, 123], [371, 123], [372, 124], [373, 125], [373, 124], [373, 123], [374, 122], [374, 121], [374, 120], [373, 119], [372, 119], [371, 118], [370, 118], [369, 117]]], [[[393, 113], [392, 114], [392, 115], [392, 116], [391, 117], [391, 118], [391, 119], [390, 120], [389, 121], [388, 121], [387, 121], [386, 121], [386, 122], [386, 123], [387, 123], [388, 123], [389, 123], [390, 124], [390, 123], [390, 122], [390, 121], [390, 120], [391, 119], [392, 118], [393, 117], [394, 116], [394, 115], [395, 114], [396, 115], [396, 116], [396, 117], [397, 117], [398, 118], [399, 117], [400, 117], [401, 117], [401, 116], [400, 115], [399, 115], [398, 115], [397, 115], [396, 114], [395, 114], [394, 113]]], [[[400, 89], [400, 90], [400, 91], [400, 92], [400, 93], [400, 94], [400, 95], [400, 96], [399, 97], [400, 98], [400, 99], [401, 99], [401, 98], [401, 97], [401, 96], [401, 95], [402, 94], [403, 94], [404, 94], [405, 94], [405, 93], [404, 92], [403, 92], [402, 92], [401, 91], [401, 90], [401, 89]]]]","[[], 282, 283, 284]"
159,159,"[[[609, 30]], [[608, 31]], [[607, 31]], [[606, 31]], [[605, 32]], [[605, 33]], [[604, 34]], [[603, 35]], [[603, 36]], [[603, 37]], [[602, 38]], [[602, 39]], [[601, 40]], [[601, 41]], [[600, 42]], [[599, 42]], [[598, 43]], [[597, 44]], [[596, 45]], [[596, 46]], [[596, 47]], [[597, 48]], [[598, 49]], [[598, 50]], [[599, 51]], [[600, 52]], [[601, 53]], [[602, 54]], [[602, 55]], [[601, 56]], [[600, 57]], [[599, 57]], [[598, 57]], [[597, 58]], [[596, 59]], [[595, 60]], [[594, 61]], [[594, 62]], [[594, 63]], [[594, 64]], [[594, 65]], [[593, 66]], [[593, 67]], [[593, 68]], [[593, 69]], [[594, 70]], [[595, 71]], [[596, 71]], [[597, 72]], [[598, 72]], [[599, 72]], [[600, 72]], [[601, 73]], [[602, 73]], [[603, 74]], [[604, 75]], [[604, 76]], [[605, 77]], [[605, 78]], [[605, 79]], [[605, 80]], [[606, 81]], [[606, 82]], [[607, 83]], [[608, 83]], [[609, 83]], [[610, 83]], [[611, 83]], [[612, 83]], [[613, 83]], [[614, 83]], [[615, 83]], [[616, 82]], [[617, 81]], [[618, 81]], [[619, 81]], [[620, 81]], [[621, 81]], [[622, 81]], [[623, 81]], [[624, 81]], [[625, 81]], [[626, 80]], [[627, 80]], [[628, 80]], [[629, 80]], [[630, 80]], [[631, 80]], [[632, 80]], [[633, 80]], [[634, 80]], [[635, 79]], [[636, 79]], [[637, 78]], [[638, 77]], [[639, 76]], [[640, 76]], [[641, 75]], [[642, 74]], [[643, 73]], [[644, 73]], [[645, 72]], [[646, 71]], [[647, 70]], [[648, 69]], [[648, 68]], [[649, 67]], [[650, 66]], [[651, 65]], [[651, 64]], [[652, 63]], [[652, 62]], [[653, 61]], [[652, 60]], [[651, 59]], [[651, 58]], [[651, 57]], [[650, 57]], [[649, 56]], [[648, 55]], [[648, 54]], [[647, 53]], [[646, 52]], [[645, 51]], [[644, 50]], [[643, 49]], [[642, 48]], [[641, 48]], [[640, 47]], [[639, 47]], [[638, 47]], [[637, 47]], [[636, 47]], [[635, 47]], [[634, 48]], [[633, 48]], [[632, 49]], [[631, 49]], [[630, 49]], [[629, 49]], [[628, 49]], [[627, 50]], [[626, 51]], [[626, 52]], [[625, 53]], [[624, 53]], [[623, 53]], [[622, 53]], [[621, 53]], [[620, 52]], [[619, 51]], [[620, 50]], [[621, 49]], [[622, 48]], [[623, 47]], [[624, 46]], [[625, 45]], [[625, 44]], [[625, 43]], [[626, 42]], [[626, 41]], [[626, 40]], [[626, 39]], [[625, 38]], [[625, 37]], [[625, 36]], [[624, 35]], [[624, 34]], [[623, 33]], [[622, 33]], [[621, 33]], [[620, 32]], [[619, 32]], [[618, 32]], [[617, 31]], [[616, 30]], [[615, 30]], [[614, 30]], [[613, 30]], [[612, 30]], [[611, 30]], [[610, 30]]]",[[]],[]
160,160,"[[[763, 11]], [[762, 12]], [[761, 12]], [[760, 12]], [[759, 12]], [[758, 13]], [[757, 13]], [[756, 14]], [[755, 15]], [[754, 15]], [[753, 16]], [[752, 17]], [[751, 17]], [[750, 17]], [[749, 18]], [[748, 18]], [[747, 19]], [[746, 19]], [[745, 20]], [[745, 21]], [[745, 22]], [[745, 23]], [[744, 24]], [[743, 25]], [[744, 26]], [[744, 27]], [[744, 28]], [[744, 29]], [[745, 30]], [[745, 31]], [[745, 32]], [[745, 33]], [[746, 34]], [[747, 35]], [[747, 36]], [[748, 37]], [[748, 38]], [[748, 39]], [[748, 40]], [[748, 41]], [[748, 42]], [[747, 43]], [[747, 44]], [[747, 45]], [[747, 46]], [[747, 47]], [[747, 48]], [[747, 49]], [[746, 50]], [[746, 51]], [[746, 52]], [[746, 53]], [[746, 54]], [[746, 55]], [[747, 56]], [[747, 57]], [[748, 58]], [[748, 59]], [[749, 60]], [[749, 61]], [[749, 62]], [[750, 63]], [[750, 64]], [[751, 65]], [[751, 66]], [[751, 67]], [[752, 68]], [[753, 68]], [[754, 69]], [[755, 69]], [[756, 69]], [[757, 69]], [[758, 69]], [[759, 69]], [[760, 69]], [[761, 68]], [[762, 67]], [[763, 67]], [[763, 66]], [[764, 65]], [[765, 64]], [[765, 63]], [[766, 62]], [[766, 61]], [[767, 60]], [[767, 59]], [[767, 58]], [[767, 57]], [[767, 56]], [[768, 55]], [[769, 54]], [[770, 54]], [[771, 54]], [[772, 54]], [[773, 54]], [[774, 54]], [[775, 55]], [[776, 55]], [[777, 55]], [[778, 55]], [[779, 56]], [[780, 56]], [[781, 56]], [[782, 56]], [[783, 57]], [[784, 57]], [[785, 57]], [[786, 57]], [[787, 57]], [[788, 57]], [[789, 57]], [[790, 56]], [[791, 56]], [[792, 55]], [[793, 54]], [[794, 54]], [[795, 53]], [[796, 52]], [[797, 51]], [[797, 50]], [[797, 49]], [[797, 48]], [[798, 47]], [[798, 46]], [[798, 45]], [[798, 44]], [[798, 43]], [[798, 42]], [[797, 41]], [[797, 40]], [[797, 39]], [[797, 38]], [[796, 37]], [[796, 36]], [[795, 35]], [[795, 34]], [[794, 33]], [[794, 32]], [[793, 31]], [[793, 30]], [[792, 29]], [[791, 28]], [[791, 27]], [[790, 26]], [[789, 26]], [[788, 25]], [[787, 24]], [[787, 23]], [[786, 22]], [[785, 21]], [[784, 20]], [[783, 20]], [[782, 19]], [[781, 18]], [[781, 17]], [[780, 16]], [[779, 15]], [[778, 15]], [[777, 14]], [[776, 14]], [[775, 14]], [[774, 14]], [[773, 13]], [[772, 13]], [[771, 13]], [[770, 13]], [[769, 12]], [[768, 12]], [[767, 12]], [[766, 12]], [[765, 12]], [[764, 11]]]","[[[[764, 9], [763, 10], [762, 10], [761, 10], [760, 10], [759, 10], [758, 11], [757, 12], [756, 12], [755, 13], [754, 14], [753, 15], [752, 15], [751, 16], [750, 16], [749, 16], [748, 17], [747, 17], [748, 17], [749, 17], [750, 16], [751, 16], [752, 15], [753, 15], [754, 14], [755, 14], [756, 13], [757, 12], [758, 11], [759, 11], [760, 11], [761, 11], [762, 10], [763, 10], [764, 10], [765, 11], [766, 11], [767, 11], [768, 11], [769, 11], [770, 12], [771, 12], [772, 12], [773, 12], [774, 12], [773, 11], [772, 11], [771, 11], [770, 11], [769, 10], [768, 10], [767, 10], [766, 10], [765, 10]]], []]","[285, []]"
