,ncm_ind,ncm_cordi,pore,pore_ind
0,0,"[[[209, 1162]], [[208, 1163]], [[207, 1163]], [[206, 1164]], [[206, 1165]], [[206, 1166]], [[207, 1166]], [[208, 1167]], [[209, 1167]], [[210, 1166]], [[211, 1166]], [[212, 1166]], [[213, 1166]], [[214, 1167]], [[215, 1168]], [[216, 1168]], [[217, 1168]], [[218, 1168]], [[218, 1167]], [[218, 1166]], [[217, 1165]], [[216, 1164]], [[217, 1163]], [[217, 1162]], [[216, 1162]], [[215, 1162]], [[214, 1162]], [[214, 1163]], [[213, 1164]], [[212, 1165]], [[211, 1166]], [[210, 1165]], [[209, 1164]], [[209, 1163]], [[210, 1162]]]","[[], [[[218, 1163], [217, 1164], [218, 1165], [219, 1166], [220, 1167], [220, 1168], [221, 1169], [222, 1169], [223, 1170], [223, 1171], [224, 1172], [224, 1171], [225, 1170], [226, 1170], [226, 1169], [226, 1168], [225, 1168], [224, 1167], [225, 1166], [224, 1165], [223, 1164], [222, 1164], [223, 1165], [223, 1166], [222, 1167], [221, 1167], [220, 1167], [219, 1166], [219, 1165], [220, 1164], [219, 1163]]]]","[[], 0]"
1,1,"[[[184, 1158]], [[183, 1159]], [[183, 1160]], [[182, 1161]], [[181, 1161]], [[180, 1161]], [[181, 1162]], [[181, 1163]], [[182, 1164]], [[183, 1164]], [[184, 1165]], [[184, 1166]], [[184, 1167]], [[183, 1168]], [[184, 1169]], [[185, 1169]], [[186, 1169]], [[187, 1169]], [[188, 1169]], [[189, 1168]], [[189, 1167]], [[190, 1166]], [[190, 1165]], [[191, 1164]], [[190, 1163]], [[190, 1162]], [[189, 1162]], [[188, 1162]], [[187, 1161]], [[186, 1160]], [[186, 1159]], [[186, 1158]], [[185, 1158]]]",[[]],[]
2,2,"[[[409, 1150]], [[408, 1151]], [[407, 1151]], [[406, 1151]], [[405, 1152]], [[404, 1153]], [[403, 1154]], [[402, 1154]], [[401, 1155]], [[401, 1156]], [[400, 1157]], [[399, 1157]], [[399, 1158]], [[399, 1159]], [[398, 1160]], [[397, 1161]], [[396, 1161]], [[395, 1162]], [[395, 1163]], [[394, 1164]], [[394, 1165]], [[393, 1166]], [[393, 1167]], [[392, 1168]], [[392, 1169]], [[392, 1170]], [[392, 1171]], [[392, 1172]], [[392, 1173]], [[393, 1174]], [[393, 1175]], [[393, 1176]], [[394, 1177]], [[395, 1178]], [[395, 1179]], [[395, 1178]], [[396, 1177]], [[397, 1178]], [[398, 1178]], [[399, 1178]], [[400, 1179]], [[401, 1179]], [[402, 1179]], [[403, 1179]], [[404, 1179]], [[405, 1178]], [[406, 1178]], [[407, 1177]], [[408, 1176]], [[409, 1175]], [[408, 1174]], [[409, 1173]], [[409, 1172]], [[409, 1171]], [[409, 1170]], [[410, 1169]], [[410, 1168]], [[410, 1167]], [[410, 1166]], [[410, 1165]], [[411, 1164]], [[412, 1163]], [[413, 1163]], [[414, 1163]], [[415, 1162]], [[416, 1162]], [[417, 1161]], [[418, 1160]], [[417, 1159]], [[417, 1158]], [[417, 1157]], [[417, 1156]], [[417, 1155]], [[417, 1154]], [[417, 1153]], [[416, 1152]], [[415, 1151]], [[414, 1151]], [[413, 1150]], [[412, 1151]], [[411, 1150]], [[410, 1150]]]","[[], [[[391, 1170], [390, 1171], [389, 1172], [388, 1172], [388, 1173], [389, 1173], [390, 1174], [390, 1175], [390, 1176], [390, 1177], [390, 1178], [390, 1179], [391, 1178], [392, 1179], [392, 1180], [392, 1181], [393, 1181], [394, 1180], [394, 1179], [394, 1178], [393, 1177], [392, 1176], [392, 1175], [392, 1174], [391, 1173], [391, 1172], [391, 1171]]], [[[415, 1163], [414, 1164], [413, 1164], [412, 1165], [411, 1165], [411, 1166], [411, 1167], [411, 1168], [411, 1169], [410, 1170], [410, 1171], [410, 1172], [410, 1173], [409, 1174], [410, 1175], [410, 1176], [411, 1176], [412, 1176], [413, 1176], [413, 1175], [414, 1174], [414, 1173], [414, 1172], [414, 1171], [414, 1170], [414, 1169], [415, 1168], [414, 1168], [413, 1167], [413, 1166], [414, 1165], [415, 1165], [416, 1166], [417, 1166], [418, 1166], [418, 1165], [417, 1165], [416, 1164]]]]","[[], 1, 2]"
3,3,"[[[90, 1146]], [[89, 1147]], [[88, 1147]], [[87, 1148]], [[86, 1148]], [[85, 1148]], [[84, 1148]], [[83, 1148]], [[82, 1149]], [[81, 1150]], [[80, 1151]], [[79, 1151]], [[78, 1151]], [[77, 1151]], [[76, 1151]], [[75, 1151]], [[74, 1150]], [[73, 1150]], [[72, 1150]], [[71, 1150]], [[70, 1151]], [[69, 1151]], [[68, 1152]], [[67, 1152]], [[66, 1153]], [[65, 1153]], [[64, 1153]], [[63, 1154]], [[62, 1154]], [[61, 1154]], [[60, 1154]], [[59, 1154]], [[58, 1154]], [[57, 1155]], [[56, 1155]], [[55, 1156]], [[54, 1156]], [[53, 1157]], [[52, 1158]], [[51, 1158]], [[50, 1158]], [[49, 1159]], [[49, 1160]], [[49, 1161]], [[48, 1162]], [[48, 1163]], [[48, 1164]], [[48, 1165]], [[48, 1166]], [[48, 1167]], [[48, 1168]], [[49, 1169]], [[50, 1170]], [[50, 1171]], [[51, 1171]], [[52, 1172]], [[52, 1173]], [[53, 1174]], [[54, 1175]], [[55, 1176]], [[56, 1176]], [[57, 1176]], [[58, 1177]], [[59, 1177]], [[60, 1178]], [[61, 1178]], [[62, 1178]], [[63, 1178]], [[64, 1179]], [[65, 1179]], [[66, 1179]], [[67, 1179]], [[68, 1179]], [[69, 1179]], [[70, 1179]], [[71, 1179]], [[72, 1180]], [[73, 1180]], [[74, 1181]], [[75, 1181]], [[76, 1181]], [[77, 1181]], [[78, 1181]], [[79, 1182]], [[80, 1182]], [[81, 1183]], [[82, 1183]], [[83, 1184]], [[84, 1184]], [[85, 1184]], [[86, 1184]], [[87, 1184]], [[88, 1184]], [[89, 1185]], [[90, 1184]], [[91, 1185]], [[92, 1185]], [[93, 1184]], [[94, 1184]], [[95, 1183]], [[96, 1183]], [[97, 1182]], [[97, 1181]], [[98, 1180]], [[98, 1179]], [[99, 1178]], [[100, 1177]], [[101, 1176]], [[102, 1176]], [[103, 1175]], [[103, 1174]], [[103, 1173]], [[104, 1172]], [[104, 1171]], [[105, 1170]], [[106, 1170]], [[106, 1169]], [[106, 1168]], [[105, 1167]], [[105, 1166]], [[104, 1165]], [[104, 1164]], [[103, 1163]], [[103, 1162]], [[102, 1161]], [[102, 1160]], [[101, 1159]], [[101, 1158]], [[101, 1157]], [[101, 1156]], [[100, 1155]], [[100, 1154]], [[99, 1154]], [[98, 1153]], [[98, 1152]], [[98, 1151]], [[98, 1150]], [[97, 1149]], [[96, 1149]], [[95, 1148]], [[95, 1147]], [[94, 1146]], [[93, 1146]], [[92, 1146]], [[91, 1146]]]","[[], [[[105, 1141], [105, 1142], [105, 1143], [104, 1144], [103, 1144], [102, 1144], [101, 1145], [100, 1145], [99, 1145], [98, 1145], [97, 1145], [96, 1145], [96, 1146], [96, 1147], [96, 1148], [97, 1148], [98, 1147], [99, 1146], [100, 1146], [101, 1146], [102, 1146], [103, 1146], [104, 1147], [105, 1147], [106, 1148], [107, 1148], [107, 1147], [107, 1146], [107, 1145], [107, 1144], [107, 1143], [107, 1142], [106, 1142]]]]","[[], 3]"
4,4,"[[[369, 1137]], [[368, 1138]], [[368, 1139]], [[368, 1140]], [[367, 1141]], [[367, 1142]], [[366, 1143]], [[366, 1144]], [[365, 1145]], [[364, 1145]], [[364, 1146]], [[364, 1147]], [[364, 1148]], [[364, 1149]], [[365, 1150]], [[366, 1151]], [[367, 1152]], [[368, 1152]], [[369, 1152]], [[370, 1153]], [[371, 1153]], [[372, 1154]], [[373, 1154]], [[374, 1155]], [[375, 1156]], [[376, 1157]], [[377, 1158]], [[378, 1158]], [[379, 1158]], [[380, 1159]], [[381, 1159]], [[382, 1159]], [[383, 1159]], [[384, 1158]], [[384, 1157]], [[385, 1156]], [[385, 1155]], [[386, 1154]], [[386, 1153]], [[386, 1152]], [[386, 1151]], [[386, 1150]], [[386, 1149]], [[386, 1148]], [[386, 1147]], [[385, 1146]], [[384, 1145]], [[383, 1144]], [[382, 1144]], [[381, 1143]], [[380, 1143]], [[379, 1142]], [[378, 1141]], [[377, 1141]], [[376, 1140]], [[375, 1140]], [[374, 1139]], [[373, 1139]], [[372, 1138]], [[371, 1137]], [[370, 1137]]]","[[[[375, 1129], [374, 1130], [373, 1130], [374, 1131], [374, 1132], [373, 1133], [372, 1133], [371, 1134], [370, 1135], [369, 1134], [368, 1134], [368, 1135], [369, 1135], [370, 1136], [371, 1136], [372, 1137], [373, 1138], [374, 1138], [374, 1137], [373, 1136], [373, 1135], [373, 1134], [373, 1133], [374, 1132], [374, 1131], [375, 1130]]], [], [[[387, 1149], [387, 1150], [387, 1151], [387, 1152], [387, 1153], [387, 1154], [386, 1155], [386, 1156], [385, 1157], [385, 1158], [385, 1159], [384, 1160], [383, 1160], [382, 1160], [383, 1161], [384, 1162], [385, 1161], [385, 1160], [385, 1159], [386, 1158], [387, 1157], [387, 1156], [388, 1155], [388, 1154], [388, 1153], [388, 1152], [388, 1151], [388, 1150], [388, 1149]]]]","[4, [], 5]"
5,5,"[[[741, 1135]], [[740, 1136]], [[739, 1136]], [[738, 1137]], [[737, 1137]], [[737, 1138]], [[736, 1139]], [[735, 1140]], [[735, 1141]], [[734, 1142]], [[734, 1143]], [[733, 1144]], [[733, 1145]], [[732, 1146]], [[731, 1147]], [[731, 1148]], [[731, 1149]], [[731, 1150]], [[732, 1151]], [[732, 1152]], [[731, 1153]], [[731, 1154]], [[731, 1155]], [[731, 1156]], [[731, 1157]], [[730, 1158]], [[730, 1159]], [[730, 1160]], [[730, 1161]], [[730, 1162]], [[729, 1163]], [[729, 1164]], [[729, 1165]], [[729, 1166]], [[729, 1167]], [[728, 1168]], [[728, 1169]], [[728, 1170]], [[727, 1171]], [[727, 1172]], [[728, 1172]], [[729, 1173]], [[730, 1174]], [[730, 1175]], [[730, 1176]], [[730, 1177]], [[731, 1178]], [[730, 1179]], [[731, 1180]], [[731, 1181]], [[732, 1181]], [[733, 1181]], [[734, 1181]], [[735, 1182]], [[736, 1182]], [[737, 1183]], [[738, 1183]], [[739, 1183]], [[740, 1184]], [[741, 1184]], [[742, 1184]], [[743, 1185]], [[744, 1185]], [[745, 1185]], [[746, 1185]], [[747, 1185]], [[748, 1185]], [[749, 1185]], [[750, 1184]], [[751, 1183]], [[751, 1182]], [[752, 1181]], [[753, 1180]], [[753, 1179]], [[753, 1178]], [[754, 1177]], [[754, 1176]], [[754, 1175]], [[754, 1174]], [[754, 1173]], [[754, 1172]], [[754, 1171]], [[754, 1170]], [[754, 1169]], [[754, 1168]], [[755, 1167]], [[756, 1166]], [[756, 1165]], [[757, 1164]], [[756, 1163]], [[756, 1162]], [[756, 1161]], [[757, 1160]], [[758, 1159]], [[759, 1158]], [[759, 1157]], [[759, 1156]], [[759, 1155]], [[759, 1154]], [[758, 1153]], [[758, 1152]], [[759, 1151]], [[759, 1150]], [[759, 1149]], [[759, 1148]], [[759, 1147]], [[759, 1146]], [[759, 1145]], [[759, 1144]], [[759, 1143]], [[759, 1142]], [[759, 1141]], [[758, 1140]], [[757, 1139]], [[756, 1138]], [[755, 1138]], [[754, 1137]], [[753, 1137]], [[752, 1137]], [[751, 1136]], [[750, 1136]], [[749, 1136]], [[748, 1136]], [[747, 1135]], [[746, 1135]], [[745, 1135]], [[744, 1135]], [[743, 1135]], [[742, 1135]]]","[[], [[[755, 1168], [755, 1169], [755, 1170], [755, 1171], [755, 1172], [755, 1173], [755, 1174], [755, 1175], [756, 1176], [757, 1176], [758, 1177], [759, 1178], [758, 1179], [757, 1180], [756, 1179], [755, 1179], [756, 1180], [757, 1180], [758, 1180], [759, 1180], [760, 1180], [761, 1180], [762, 1180], [763, 1180], [762, 1179], [761, 1178], [760, 1177], [759, 1176], [759, 1175], [759, 1174], [759, 1173], [760, 1172], [760, 1171], [760, 1170], [760, 1169], [759, 1169], [758, 1169], [757, 1169], [756, 1168]]]]","[[], 6]"
6,6,"[[[150, 1120]], [[149, 1121]], [[148, 1122]], [[147, 1123]], [[146, 1124]], [[145, 1124]], [[144, 1124]], [[143, 1125]], [[143, 1126]], [[142, 1127]], [[141, 1128]], [[141, 1129]], [[140, 1130]], [[139, 1130]], [[139, 1131]], [[140, 1132]], [[140, 1133]], [[141, 1134]], [[141, 1135]], [[141, 1136]], [[142, 1137]], [[142, 1138]], [[142, 1139]], [[142, 1140]], [[141, 1141]], [[140, 1142]], [[139, 1143]], [[138, 1144]], [[137, 1145]], [[137, 1146]], [[137, 1147]], [[137, 1148]], [[137, 1149]], [[137, 1150]], [[137, 1151]], [[137, 1152]], [[137, 1153]], [[137, 1154]], [[137, 1155]], [[136, 1156]], [[136, 1157]], [[137, 1158]], [[136, 1159]], [[136, 1160]], [[135, 1161]], [[135, 1162]], [[135, 1163]], [[135, 1164]], [[135, 1165]], [[136, 1166]], [[136, 1167]], [[136, 1168]], [[136, 1169]], [[136, 1170]], [[136, 1171]], [[135, 1172]], [[135, 1173]], [[135, 1174]], [[135, 1175]], [[136, 1176]], [[137, 1177]], [[138, 1177]], [[139, 1178]], [[140, 1178]], [[141, 1178]], [[142, 1178]], [[143, 1179]], [[144, 1178]], [[145, 1178]], [[146, 1178]], [[147, 1177]], [[148, 1177]], [[149, 1177]], [[150, 1177]], [[151, 1176]], [[152, 1176]], [[153, 1176]], [[154, 1175]], [[155, 1175]], [[156, 1174]], [[156, 1173]], [[156, 1172]], [[157, 1171]], [[157, 1170]], [[157, 1169]], [[157, 1168]], [[157, 1167]], [[157, 1166]], [[158, 1165]], [[159, 1165]], [[160, 1165]], [[161, 1164]], [[162, 1164]], [[162, 1163]], [[163, 1162]], [[164, 1161]], [[165, 1161]], [[166, 1160]], [[167, 1159]], [[168, 1159]], [[169, 1158]], [[170, 1158]], [[171, 1157]], [[172, 1157]], [[173, 1157]], [[174, 1157]], [[175, 1158]], [[176, 1157]], [[177, 1157]], [[178, 1156]], [[179, 1155]], [[180, 1154]], [[181, 1153]], [[181, 1152]], [[182, 1151]], [[182, 1150]], [[182, 1149]], [[183, 1148]], [[183, 1147]], [[183, 1146]], [[182, 1145]], [[181, 1144]], [[181, 1143]], [[181, 1142]], [[180, 1141]], [[179, 1141]], [[178, 1141]], [[177, 1141]], [[176, 1140]], [[175, 1139]], [[174, 1139]], [[173, 1139]], [[172, 1138]], [[171, 1137]], [[170, 1137]], [[169, 1137]], [[168, 1136]], [[167, 1135]], [[166, 1134]], [[165, 1133]], [[165, 1132]], [[165, 1131]], [[165, 1130]], [[164, 1129]], [[164, 1128]], [[163, 1127]], [[162, 1126]], [[161, 1125]], [[161, 1124]], [[160, 1123]], [[159, 1123]], [[158, 1122]], [[157, 1122]], [[156, 1122]], [[155, 1121]], [[154, 1120]], [[153, 1120]], [[152, 1120]], [[151, 1120]]]","[[], [[[136, 1140], [136, 1141], [135, 1142], [134, 1143], [134, 1144], [133, 1145], [132, 1145], [131, 1146], [131, 1147], [131, 1148], [131, 1149], [131, 1150], [131, 1151], [132, 1152], [133, 1153], [134, 1152], [133, 1151], [133, 1150], [134, 1149], [135, 1148], [136, 1148], [136, 1147], [136, 1146], [136, 1145], [137, 1144], [138, 1143], [139, 1142], [140, 1141], [140, 1140], [139, 1140], [138, 1140], [137, 1140]]], [[[177, 1129], [176, 1130], [176, 1131], [177, 1132], [178, 1132], [179, 1133], [179, 1134], [180, 1134], [181, 1134], [182, 1135], [182, 1136], [183, 1137], [184, 1137], [185, 1137], [186, 1136], [187, 1137], [188, 1137], [189, 1137], [190, 1136], [191, 1137], [192, 1137], [193, 1137], [194, 1138], [194, 1139], [195, 1140], [196, 1140], [197, 1140], [198, 1140], [199, 1140], [200, 1141], [200, 1142], [201, 1142], [202, 1143], [203, 1144], [203, 1145], [202, 1146], [201, 1146], [201, 1147], [200, 1148], [200, 1149], [199, 1150], [198, 1151], [199, 1152], [200, 1153], [201, 1153], [202, 1153], [203, 1152], [204, 1152], [205, 1151], [204, 1150], [204, 1149], [204, 1148], [204, 1147], [204, 1146], [205, 1145], [205, 1144], [205, 1143], [204, 1143], [203, 1142], [202, 1142], [201, 1142], [200, 1141], [199, 1140], [198, 1140], [197, 1139], [196, 1139], [195, 1139], [194, 1138], [194, 1137], [193, 1136], [192, 1135], [191, 1134], [190, 1134], [189, 1134], [188, 1134], [187, 1135], [186, 1135], [185, 1135], [184, 1135], [183, 1134], [184, 1133], [185, 1133], [185, 1132], [184, 1132], [183, 1132], [182, 1132], [181, 1131], [180, 1131], [179, 1130], [178, 1129]]]]","[[], 7, 8]"
7,7,"[[[346, 1116]], [[345, 1117]], [[345, 1118]], [[344, 1119]], [[344, 1120]], [[343, 1121]], [[343, 1122]], [[342, 1123]], [[342, 1124]], [[341, 1125]], [[340, 1126]], [[340, 1127]], [[340, 1128]], [[340, 1129]], [[339, 1130]], [[339, 1131]], [[339, 1132]], [[338, 1133]], [[337, 1134]], [[336, 1135]], [[335, 1136]], [[335, 1137]], [[334, 1138]], [[333, 1138]], [[332, 1139]], [[331, 1140]], [[330, 1140]], [[330, 1141]], [[329, 1142]], [[328, 1142]], [[329, 1143]], [[329, 1144]], [[329, 1145]], [[329, 1146]], [[329, 1147]], [[328, 1148]], [[329, 1149]], [[330, 1150]], [[331, 1151]], [[331, 1152]], [[331, 1153]], [[332, 1154]], [[333, 1155]], [[333, 1156]], [[333, 1157]], [[334, 1158]], [[335, 1158]], [[336, 1158]], [[337, 1158]], [[338, 1158]], [[339, 1158]], [[340, 1157]], [[341, 1156]], [[341, 1155]], [[342, 1154]], [[343, 1153]], [[344, 1153]], [[344, 1152]], [[344, 1151]], [[345, 1150]], [[346, 1150]], [[347, 1149]], [[348, 1149]], [[349, 1148]], [[350, 1147]], [[351, 1147]], [[352, 1147]], [[353, 1146]], [[354, 1145]], [[355, 1145]], [[356, 1144]], [[356, 1143]], [[356, 1142]], [[357, 1141]], [[358, 1140]], [[359, 1139]], [[360, 1139]], [[360, 1138]], [[359, 1137]], [[359, 1136]], [[359, 1135]], [[359, 1134]], [[359, 1133]], [[359, 1132]], [[359, 1131]], [[359, 1130]], [[358, 1131]], [[357, 1130]], [[357, 1129]], [[357, 1128]], [[357, 1127]], [[356, 1126]], [[356, 1125]], [[356, 1124]], [[356, 1123]], [[355, 1122]], [[355, 1121]], [[355, 1120]], [[354, 1119]], [[354, 1118]], [[353, 1117]], [[352, 1116]], [[351, 1116]], [[350, 1116]], [[349, 1116]], [[348, 1116]], [[347, 1116]]]",[[]],[]
8,8,"[[[614, 1097]], [[613, 1098]], [[612, 1099]], [[611, 1099]], [[610, 1099]], [[609, 1100]], [[608, 1099]], [[608, 1100]], [[608, 1101]], [[607, 1102]], [[608, 1103]], [[608, 1104]], [[609, 1105]], [[609, 1106]], [[609, 1107]], [[609, 1108]], [[609, 1109]], [[609, 1110]], [[610, 1110]], [[611, 1111]], [[612, 1111]], [[613, 1110]], [[614, 1110]], [[614, 1109]], [[615, 1108]], [[616, 1107]], [[617, 1107]], [[618, 1108]], [[618, 1109]], [[618, 1108]], [[618, 1107]], [[619, 1106]], [[620, 1105]], [[620, 1104]], [[620, 1103]], [[620, 1102]], [[620, 1101]], [[619, 1100]], [[619, 1099]], [[619, 1098]], [[618, 1097]], [[617, 1097]], [[616, 1097]], [[615, 1097]]]","[[[[613, 1090], [614, 1090], [615, 1091], [615, 1092], [616, 1092], [617, 1093], [618, 1094], [617, 1095], [616, 1095], [615, 1096], [614, 1096], [613, 1095], [613, 1094], [612, 1094], [611, 1093], [610, 1093], [609, 1093], [609, 1094], [609, 1095], [608, 1096], [608, 1097], [607, 1098], [606, 1098], [606, 1099], [605, 1100], [606, 1100], [607, 1099], [608, 1098], [609, 1097], [609, 1096], [610, 1095], [611, 1095], [612, 1096], [613, 1096], [614, 1096], [615, 1096], [616, 1096], [617, 1096], [618, 1096], [619, 1097], [620, 1097], [621, 1097], [622, 1097], [621, 1097], [620, 1096], [621, 1095], [622, 1095], [623, 1095], [624, 1095], [625, 1096], [626, 1096], [627, 1095], [628, 1095], [627, 1095], [626, 1095], [625, 1095], [624, 1094], [623, 1094], [622, 1095], [621, 1094], [620, 1094], [619, 1093], [618, 1092], [617, 1092], [616, 1091], [616, 1090], [615, 1090], [614, 1090]]], []]","[9, []]"
9,9,"[[[66, 1087]], [[65, 1088]], [[64, 1088]], [[63, 1088]], [[62, 1089]], [[61, 1089]], [[60, 1090]], [[60, 1091]], [[59, 1092]], [[58, 1093]], [[57, 1093]], [[56, 1094]], [[55, 1095]], [[55, 1096]], [[55, 1097]], [[55, 1098]], [[55, 1099]], [[55, 1100]], [[56, 1101]], [[56, 1102]], [[56, 1103]], [[56, 1104]], [[56, 1105]], [[57, 1106]], [[57, 1107]], [[57, 1108]], [[58, 1109]], [[58, 1110]], [[58, 1111]], [[59, 1112]], [[59, 1113]], [[60, 1114]], [[60, 1115]], [[61, 1116]], [[61, 1117]], [[61, 1118]], [[62, 1119]], [[63, 1119]], [[64, 1120]], [[65, 1120]], [[66, 1121]], [[66, 1122]], [[66, 1123]], [[67, 1123]], [[68, 1123]], [[69, 1123]], [[70, 1122]], [[71, 1122]], [[72, 1123]], [[72, 1124]], [[72, 1125]], [[72, 1126]], [[71, 1127]], [[70, 1127]], [[69, 1127]], [[68, 1128]], [[68, 1129]], [[69, 1129]], [[70, 1129]], [[71, 1129]], [[72, 1130]], [[72, 1131]], [[73, 1132]], [[73, 1133]], [[74, 1134]], [[74, 1135]], [[75, 1136]], [[75, 1137]], [[76, 1138]], [[77, 1138]], [[78, 1138]], [[79, 1138]], [[80, 1138]], [[81, 1137]], [[82, 1137]], [[82, 1136]], [[83, 1135]], [[84, 1134]], [[85, 1134]], [[85, 1133]], [[86, 1132]], [[87, 1131]], [[87, 1130]], [[87, 1129]], [[87, 1128]], [[87, 1127]], [[88, 1126]], [[88, 1125]], [[88, 1124]], [[88, 1123]], [[88, 1122]], [[88, 1121]], [[89, 1120]], [[89, 1119]], [[90, 1118]], [[90, 1117]], [[90, 1116]], [[90, 1115]], [[90, 1114]], [[90, 1113]], [[90, 1112]], [[90, 1111]], [[90, 1110]], [[89, 1109]], [[89, 1108]], [[89, 1107]], [[89, 1106]], [[89, 1105]], [[89, 1104]], [[89, 1103]], [[88, 1102]], [[88, 1101]], [[88, 1100]], [[89, 1099]], [[88, 1098]], [[87, 1097]], [[87, 1096]], [[87, 1095]], [[87, 1094]], [[86, 1093]], [[86, 1092]], [[85, 1091]], [[84, 1091]], [[83, 1090]], [[82, 1090]], [[81, 1090]], [[80, 1090]], [[79, 1090]], [[78, 1089]], [[77, 1089]], [[76, 1089]], [[75, 1088]], [[74, 1088]], [[73, 1087]], [[72, 1087]], [[71, 1087]], [[70, 1087]], [[69, 1087]], [[68, 1087]], [[67, 1087]]]","[[[[63, 1082], [62, 1083], [61, 1083], [60, 1083], [59, 1083], [58, 1083], [58, 1084], [58, 1085], [58, 1086], [58, 1087], [58, 1088], [57, 1089], [56, 1089], [55, 1089], [54, 1089], [53, 1088], [52, 1087], [52, 1088], [52, 1089], [52, 1090], [53, 1090], [54, 1090], [55, 1090], [56, 1091], [57, 1091], [58, 1090], [59, 1089], [59, 1088], [60, 1087], [61, 1087], [62, 1086], [63, 1085], [64, 1085], [65, 1085], [66, 1085], [67, 1086], [68, 1086], [69, 1086], [70, 1086], [71, 1086], [72, 1086], [73, 1086], [74, 1087], [75, 1087], [76, 1088], [77, 1088], [78, 1088], [79, 1088], [80, 1089], [81, 1089], [82, 1089], [83, 1089], [84, 1090], [85, 1090], [86, 1091], [87, 1092], [87, 1093], [88, 1093], [89, 1092], [90, 1091], [90, 1090], [89, 1090], [88, 1090], [87, 1089], [86, 1088], [85, 1088], [84, 1087], [83, 1087], [82, 1087], [81, 1088], [80, 1088], [79, 1088], [78, 1088], [77, 1087], [76, 1087], [75, 1086], [74, 1085], [74, 1084], [73, 1085], [72, 1084], [71, 1084], [70, 1083], [69, 1083], [68, 1083], [67, 1083], [66, 1082], [65, 1082], [64, 1082]]], []]","[10, []]"
10,10,"[[[396, 1063]], [[395, 1064]], [[394, 1065]], [[393, 1066]], [[392, 1067]], [[391, 1068]], [[390, 1067]], [[390, 1068]], [[390, 1069]], [[389, 1070]], [[388, 1071]], [[387, 1071]], [[386, 1072]], [[385, 1071]], [[385, 1072]], [[385, 1073]], [[385, 1074]], [[385, 1075]], [[385, 1076]], [[385, 1077]], [[385, 1078]], [[384, 1079]], [[383, 1080]], [[382, 1079]], [[381, 1079]], [[380, 1080]], [[379, 1081]], [[378, 1082]], [[377, 1082]], [[376, 1083]], [[375, 1083]], [[374, 1082]], [[373, 1082]], [[372, 1082]], [[371, 1082]], [[370, 1082]], [[369, 1081]], [[368, 1082]], [[368, 1083]], [[369, 1084]], [[369, 1085]], [[368, 1086]], [[368, 1087]], [[369, 1088]], [[369, 1089]], [[369, 1090]], [[369, 1091]], [[370, 1091]], [[371, 1092]], [[371, 1093]], [[371, 1094]], [[372, 1095]], [[373, 1096]], [[374, 1097]], [[374, 1098]], [[374, 1099]], [[375, 1100]], [[374, 1101]], [[374, 1102]], [[373, 1103]], [[372, 1103]], [[372, 1104]], [[371, 1105]], [[370, 1106]], [[370, 1107]], [[370, 1108]], [[371, 1109]], [[371, 1110]], [[371, 1111]], [[371, 1112]], [[372, 1112]], [[373, 1113]], [[374, 1114]], [[375, 1115]], [[376, 1116]], [[377, 1116]], [[378, 1117]], [[379, 1117]], [[380, 1117]], [[381, 1116]], [[382, 1116]], [[383, 1115]], [[383, 1114]], [[384, 1113]], [[385, 1113]], [[386, 1113]], [[387, 1113]], [[388, 1114]], [[389, 1115]], [[389, 1116]], [[390, 1116]], [[391, 1116]], [[392, 1116]], [[393, 1116]], [[394, 1116]], [[395, 1115]], [[396, 1115]], [[397, 1115]], [[397, 1114]], [[398, 1113]], [[399, 1113]], [[400, 1112]], [[401, 1111]], [[402, 1111]], [[403, 1112]], [[404, 1111]], [[405, 1111]], [[406, 1111]], [[407, 1111]], [[408, 1111]], [[409, 1110]], [[410, 1110]], [[411, 1109]], [[411, 1108]], [[411, 1107]], [[411, 1106]], [[411, 1105]], [[412, 1104]], [[413, 1103]], [[413, 1102]], [[413, 1101]], [[413, 1100]], [[413, 1099]], [[413, 1098]], [[413, 1097]], [[413, 1096]], [[413, 1095]], [[413, 1094]], [[413, 1093]], [[413, 1092]], [[413, 1091]], [[413, 1090]], [[413, 1089]], [[413, 1088]], [[413, 1087]], [[413, 1086]], [[413, 1085]], [[413, 1084]], [[413, 1083]], [[413, 1082]], [[413, 1081]], [[413, 1080]], [[413, 1079]], [[412, 1078]], [[411, 1077]], [[411, 1076]], [[410, 1075]], [[409, 1075]], [[408, 1075]], [[407, 1075]], [[406, 1075]], [[405, 1074]], [[404, 1075]], [[403, 1075]], [[402, 1074]], [[402, 1073]], [[403, 1072]], [[403, 1071]], [[403, 1070]], [[403, 1069]], [[403, 1068]], [[402, 1067]], [[402, 1066]], [[402, 1065]], [[401, 1064]], [[400, 1063]], [[399, 1063]], [[398, 1063]], [[397, 1063]]]","[[], [[[401, 1112], [400, 1113], [399, 1114], [398, 1115], [397, 1116], [396, 1116], [395, 1117], [394, 1117], [393, 1117], [392, 1117], [391, 1117], [390, 1117], [391, 1118], [392, 1118], [393, 1118], [394, 1118], [395, 1118], [396, 1118], [397, 1118], [398, 1117], [399, 1117], [399, 1116], [400, 1115], [401, 1114], [402, 1114], [403, 1114], [404, 1115], [404, 1116], [405, 1116], [406, 1116], [407, 1116], [408, 1117], [408, 1118], [408, 1119], [409, 1119], [410, 1120], [410, 1121], [409, 1122], [410, 1123], [411, 1123], [412, 1123], [413, 1124], [414, 1124], [415, 1125], [416, 1126], [416, 1127], [417, 1128], [418, 1129], [419, 1130], [420, 1130], [420, 1129], [419, 1128], [419, 1127], [419, 1126], [419, 1125], [419, 1124], [418, 1124], [417, 1124], [416, 1124], [415, 1124], [414, 1124], [413, 1124], [412, 1123], [413, 1122], [412, 1121], [412, 1120], [411, 1119], [411, 1118], [412, 1117], [413, 1117], [414, 1118], [415, 1118], [416, 1117], [417, 1116], [416, 1116], [415, 1116], [414, 1116], [413, 1117], [412, 1117], [411, 1117], [410, 1117], [409, 1117], [408, 1117], [407, 1116], [406, 1115], [405, 1114], [406, 1113], [407, 1112], [408, 1112], [409, 1113], [409, 1112], [408, 1112], [407, 1112], [406, 1112], [405, 1112], [404, 1112], [403, 1113], [402, 1112]]], [[[425, 1080], [424, 1081], [424, 1082], [424, 1083], [423, 1084], [422, 1084], [421, 1085], [420, 1085], [419, 1086], [418, 1086], [417, 1086], [416, 1085], [415, 1085], [414, 1085], [414, 1086], [414, 1087], [414, 1088], [414, 1089], [414, 1090], [414, 1091], [414, 1092], [414, 1093], [414, 1094], [414, 1093], [414, 1092], [415, 1091], [416, 1090], [417, 1090], [418, 1091], [419, 1091], [420, 1092], [421, 1093], [420, 1094], [420, 1095], [420, 1096], [421, 1096], [422, 1097], [423, 1097], [424, 1096], [425, 1096], [425, 1095], [425, 1094], [426, 1093], [426, 1092], [426, 1091], [425, 1091], [424, 1090], [423, 1091], [422, 1091], [421, 1091], [420, 1090], [420, 1089], [421, 1088], [422, 1088], [423, 1087], [424, 1087], [424, 1086], [424, 1085], [424, 1084], [424, 1083], [425, 1082], [426, 1081], [427, 1080], [426, 1080]]]]","[[], 11, 12]"
11,11,"[[[468, 1059]], [[467, 1060]], [[466, 1060]], [[465, 1061]], [[464, 1062]], [[464, 1063]], [[464, 1064]], [[464, 1065]], [[463, 1066]], [[463, 1067]], [[462, 1068]], [[461, 1069]], [[460, 1069]], [[459, 1069]], [[458, 1068]], [[457, 1068]], [[456, 1067]], [[455, 1067]], [[454, 1066]], [[453, 1065]], [[452, 1065]], [[451, 1065]], [[450, 1065]], [[449, 1065]], [[448, 1065]], [[447, 1066]], [[446, 1067]], [[446, 1068]], [[445, 1069]], [[444, 1070]], [[444, 1071]], [[443, 1072]], [[442, 1073]], [[442, 1074]], [[442, 1075]], [[441, 1076]], [[441, 1077]], [[441, 1078]], [[440, 1079]], [[440, 1080]], [[441, 1081]], [[441, 1082]], [[441, 1083]], [[441, 1084]], [[440, 1085]], [[439, 1086]], [[438, 1086]], [[437, 1087]], [[436, 1087]], [[436, 1088]], [[435, 1089]], [[434, 1090]], [[434, 1091]], [[434, 1092]], [[434, 1093]], [[433, 1094]], [[433, 1095]], [[433, 1096]], [[433, 1097]], [[434, 1098]], [[434, 1099]], [[435, 1100]], [[435, 1101]], [[436, 1102]], [[437, 1103]], [[438, 1104]], [[438, 1105]], [[438, 1106]], [[438, 1107]], [[438, 1108]], [[438, 1109]], [[439, 1110]], [[438, 1111]], [[438, 1112]], [[438, 1113]], [[438, 1114]], [[438, 1115]], [[438, 1116]], [[437, 1117]], [[437, 1118]], [[437, 1119]], [[437, 1120]], [[436, 1121]], [[436, 1122]], [[436, 1123]], [[435, 1124]], [[435, 1125]], [[435, 1126]], [[434, 1127]], [[434, 1128]], [[434, 1129]], [[434, 1130]], [[433, 1131]], [[433, 1132]], [[433, 1133]], [[433, 1134]], [[432, 1135]], [[432, 1136]], [[432, 1137]], [[433, 1138]], [[434, 1139]], [[435, 1140]], [[435, 1141]], [[435, 1142]], [[435, 1143]], [[435, 1144]], [[436, 1145]], [[437, 1145]], [[438, 1145]], [[439, 1146]], [[440, 1147]], [[440, 1148]], [[440, 1149]], [[441, 1150]], [[441, 1151]], [[442, 1152]], [[443, 1153]], [[443, 1154]], [[444, 1155]], [[444, 1156]], [[445, 1156]], [[446, 1157]], [[447, 1157]], [[448, 1158]], [[449, 1159]], [[450, 1160]], [[451, 1160]], [[452, 1161]], [[453, 1162]], [[454, 1162]], [[455, 1162]], [[456, 1162]], [[457, 1162]], [[458, 1161]], [[459, 1162]], [[460, 1163]], [[459, 1164]], [[460, 1164]], [[461, 1164]], [[462, 1164]], [[463, 1164]], [[464, 1164]], [[465, 1164]], [[466, 1164]], [[467, 1164]], [[468, 1164]], [[469, 1164]], [[470, 1164]], [[471, 1164]], [[472, 1164]], [[473, 1163]], [[474, 1162]], [[475, 1162]], [[476, 1162]], [[477, 1162]], [[478, 1163]], [[479, 1164]], [[480, 1165]], [[480, 1166]], [[480, 1167]], [[480, 1168]], [[479, 1169]], [[478, 1169]], [[477, 1170]], [[476, 1170]], [[475, 1170]], [[474, 1170]], [[473, 1171]], [[472, 1171]], [[471, 1170]], [[470, 1169]], [[469, 1168]], [[468, 1168]], [[467, 1167]], [[468, 1166]], [[467, 1167]], [[466, 1167]], [[465, 1167]], [[464, 1168]], [[463, 1168]], [[462, 1168]], [[461, 1168]], [[460, 1168]], [[459, 1168]], [[458, 1168]], [[457, 1168]], [[456, 1169]], [[455, 1169]], [[454, 1169]], [[454, 1170]], [[454, 1171]], [[454, 1172]], [[454, 1173]], [[454, 1174]], [[455, 1175]], [[456, 1175]], [[457, 1176]], [[457, 1177]], [[457, 1178]], [[458, 1178]], [[459, 1179]], [[460, 1180]], [[461, 1180]], [[462, 1180]], [[463, 1181]], [[464, 1181]], [[465, 1181]], [[466, 1182]], [[467, 1182]], [[468, 1183]], [[469, 1183]], [[470, 1184]], [[471, 1184]], [[472, 1184]], [[473, 1184]], [[474, 1184]], [[475, 1184]], [[476, 1184]], [[477, 1185]], [[478, 1185]], [[479, 1185]], [[480, 1185]], [[481, 1184]], [[482, 1184]], [[483, 1183]], [[484, 1182]], [[485, 1182]], [[486, 1182]], [[487, 1181]], [[488, 1181]], [[489, 1180]], [[490, 1180]], [[490, 1179]], [[490, 1178]], [[490, 1177]], [[490, 1176]], [[489, 1175]], [[488, 1174]], [[489, 1173]], [[490, 1173]], [[491, 1172]], [[492, 1172]], [[493, 1172]], [[494, 1172]], [[495, 1173]], [[496, 1173]], [[497, 1173]], [[498, 1173]], [[499, 1173]], [[500, 1173]], [[501, 1173]], [[502, 1172]], [[503, 1172]], [[504, 1172]], [[505, 1172]], [[506, 1171]], [[507, 1171]], [[508, 1171]], [[509, 1170]], [[510, 1169]], [[511, 1168]], [[512, 1167]], [[513, 1166]], [[514, 1165]], [[515, 1164]], [[516, 1163]], [[516, 1162]], [[517, 1161]], [[518, 1161]], [[519, 1160]], [[520, 1159]], [[521, 1159]], [[522, 1158]], [[523, 1157]], [[524, 1156]], [[524, 1155]], [[525, 1154]], [[525, 1153]], [[525, 1152]], [[525, 1151]], [[525, 1150]], [[525, 1149]], [[525, 1148]], [[524, 1147]], [[524, 1146]], [[523, 1145]], [[523, 1144]], [[522, 1144]], [[521, 1144]], [[520, 1143]], [[519, 1143]], [[518, 1142]], [[518, 1141]], [[519, 1140]], [[520, 1140]], [[521, 1139]], [[522, 1138]], [[523, 1138]], [[524, 1138]], [[525, 1138]], [[526, 1138]], [[527, 1138]], [[528, 1138]], [[529, 1137]], [[529, 1136]], [[529, 1135]], [[530, 1134]], [[531, 1133]], [[531, 1132]], [[532, 1131]], [[531, 1130]], [[531, 1129]], [[531, 1128]], [[531, 1127]], [[531, 1126]], [[531, 1125]], [[531, 1124]], [[531, 1123]], [[530, 1122]], [[530, 1121]], [[529, 1120]], [[528, 1119]], [[528, 1118]], [[527, 1117]], [[526, 1117]], [[525, 1117]], [[524, 1116]], [[523, 1116]], [[522, 1115]], [[522, 1114]], [[522, 1113]], [[521, 1112]], [[521, 1111]], [[521, 1110]], [[520, 1109]], [[520, 1108]], [[519, 1108]], [[518, 1107]], [[517, 1106]], [[516, 1106]], [[515, 1106]], [[514, 1105]], [[514, 1104]], [[514, 1103]], [[514, 1102]], [[514, 1101]], [[515, 1100]], [[515, 1099]], [[515, 1098]], [[514, 1097]], [[514, 1096]], [[514, 1095]], [[514, 1094]], [[513, 1093]], [[513, 1092]], [[513, 1091]], [[513, 1090]], [[513, 1089]], [[512, 1088]], [[512, 1087]], [[511, 1086]], [[510, 1085]], [[509, 1085]], [[508, 1085]], [[507, 1084]], [[506, 1084]], [[505, 1084]], [[504, 1083]], [[504, 1082]], [[504, 1081]], [[504, 1080]], [[504, 1079]], [[505, 1078]], [[506, 1077]], [[506, 1076]], [[506, 1075]], [[507, 1074]], [[508, 1073]], [[508, 1072]], [[507, 1071]], [[507, 1070]], [[507, 1069]], [[506, 1068]], [[506, 1067]], [[505, 1066]], [[505, 1065]], [[504, 1064]], [[503, 1063]], [[502, 1062]], [[501, 1062]], [[500, 1061]], [[499, 1061]], [[498, 1061]], [[497, 1061]], [[496, 1061]], [[495, 1061]], [[494, 1061]], [[493, 1061]], [[492, 1062]], [[491, 1062]], [[490, 1062]], [[489, 1062]], [[488, 1063]], [[487, 1063]], [[486, 1063]], [[485, 1064]], [[484, 1064]], [[483, 1065]], [[482, 1065]], [[481, 1065]], [[480, 1065]], [[479, 1064]], [[478, 1064]], [[477, 1064]], [[476, 1064]], [[475, 1064]], [[474, 1063]], [[474, 1062]], [[473, 1061]], [[472, 1060]], [[471, 1060]], [[470, 1060]], [[469, 1059]]]","[[], [[[464, 1165], [463, 1166], [462, 1167], [461, 1167], [460, 1166], [459, 1166], [458, 1166], [457, 1166], [456, 1167], [455, 1167], [454, 1167], [453, 1167], [452, 1167], [452, 1168], [453, 1169], [452, 1170], [451, 1171], [451, 1172], [451, 1173], [452, 1174], [452, 1175], [451, 1176], [450, 1176], [449, 1176], [448, 1176], [448, 1177], [449, 1177], [450, 1177], [451, 1177], [452, 1176], [453, 1177], [454, 1177], [455, 1177], [456, 1177], [456, 1176], [455, 1176], [454, 1175], [453, 1174], [453, 1173], [453, 1172], [453, 1171], [453, 1170], [453, 1169], [454, 1168], [455, 1168], [456, 1168], [457, 1167], [458, 1167], [459, 1167], [460, 1167], [461, 1167], [462, 1167], [463, 1167], [464, 1167], [465, 1166], [466, 1166], [467, 1166], [468, 1165], [467, 1165], [466, 1165], [465, 1165]]], [[[507, 1075], [507, 1076], [507, 1077], [506, 1078], [505, 1079], [505, 1080], [505, 1081], [505, 1082], [505, 1083], [506, 1083], [507, 1083], [508, 1084], [509, 1084], [510, 1084], [509, 1083], [509, 1082], [508, 1082], [507, 1082], [506, 1081], [507, 1080], [508, 1080], [509, 1080], [510, 1080], [510, 1079], [510, 1078], [510, 1077], [509, 1076], [509, 1075], [508, 1075]]]]","[[], 13, 14]"
12,12,"[[[600, 1053]], [[599, 1054]], [[598, 1054]], [[597, 1054]], [[596, 1054]], [[595, 1054]], [[594, 1054]], [[593, 1055]], [[592, 1055]], [[591, 1056]], [[590, 1057]], [[589, 1058]], [[589, 1059]], [[589, 1060]], [[588, 1061]], [[588, 1062]], [[588, 1063]], [[587, 1064]], [[587, 1065]], [[587, 1066]], [[587, 1067]], [[587, 1068]], [[587, 1069]], [[587, 1070]], [[587, 1071]], [[587, 1072]], [[587, 1073]], [[588, 1074]], [[587, 1075]], [[587, 1076]], [[588, 1076]], [[589, 1077]], [[590, 1078]], [[590, 1079]], [[591, 1079]], [[592, 1080]], [[593, 1080]], [[594, 1080]], [[595, 1080]], [[596, 1081]], [[597, 1081]], [[598, 1081]], [[599, 1081]], [[600, 1081]], [[601, 1082]], [[602, 1083]], [[603, 1084]], [[604, 1084]], [[605, 1084]], [[606, 1085]], [[607, 1086]], [[606, 1087]], [[607, 1087]], [[608, 1088]], [[609, 1089]], [[610, 1089]], [[611, 1089]], [[612, 1089]], [[613, 1089]], [[614, 1089]], [[615, 1089]], [[616, 1089]], [[617, 1090]], [[617, 1091]], [[618, 1091]], [[619, 1092]], [[620, 1093]], [[621, 1093]], [[622, 1094]], [[623, 1093]], [[624, 1093]], [[625, 1094]], [[626, 1094]], [[627, 1094]], [[628, 1094]], [[629, 1093]], [[630, 1093]], [[630, 1092]], [[631, 1091]], [[632, 1090]], [[633, 1089]], [[634, 1088]], [[635, 1087]], [[635, 1086]], [[636, 1085]], [[637, 1085]], [[637, 1084]], [[637, 1083]], [[638, 1082]], [[638, 1081]], [[638, 1080]], [[639, 1079]], [[639, 1078]], [[639, 1077]], [[640, 1076]], [[639, 1075]], [[639, 1074]], [[639, 1073]], [[639, 1072]], [[639, 1071]], [[638, 1071]], [[637, 1070]], [[636, 1069]], [[635, 1068]], [[634, 1068]], [[633, 1068]], [[632, 1068]], [[631, 1069]], [[630, 1069]], [[629, 1069]], [[628, 1068]], [[628, 1067]], [[627, 1066]], [[628, 1065]], [[627, 1066]], [[626, 1065]], [[626, 1064]], [[625, 1064]], [[624, 1064]], [[623, 1064]], [[622, 1064]], [[621, 1063]], [[620, 1062]], [[619, 1061]], [[619, 1060]], [[619, 1061]], [[618, 1062]], [[617, 1062]], [[616, 1061]], [[615, 1060]], [[614, 1060]], [[613, 1060]], [[612, 1059]], [[611, 1058]], [[610, 1058]], [[609, 1057]], [[608, 1057]], [[607, 1056]], [[606, 1056]], [[605, 1055]], [[604, 1055]], [[603, 1054]], [[602, 1054]], [[601, 1053]]]","[[[[593, 1051], [593, 1052], [592, 1053], [591, 1054], [590, 1054], [589, 1053], [588, 1052], [587, 1053], [587, 1054], [588, 1055], [587, 1056], [588, 1057], [588, 1058], [587, 1059], [587, 1060], [587, 1061], [587, 1062], [587, 1063], [586, 1064], [586, 1065], [585, 1066], [584, 1067], [585, 1068], [585, 1069], [585, 1070], [585, 1071], [586, 1071], [586, 1070], [586, 1069], [586, 1068], [586, 1067], [586, 1066], [586, 1065], [586, 1064], [587, 1063], [587, 1062], [587, 1061], [588, 1060], [588, 1059], [588, 1058], [589, 1057], [590, 1056], [591, 1055], [592, 1054], [593, 1054], [594, 1053], [595, 1053], [596, 1053], [597, 1053], [598, 1053], [599, 1053], [600, 1052], [599, 1052], [598, 1051], [597, 1052], [596, 1052], [595, 1052], [594, 1052]]], [], [[[613, 1090], [614, 1090], [615, 1091], [615, 1092], [616, 1092], [617, 1093], [618, 1094], [617, 1095], [616, 1095], [615, 1096], [614, 1096], [613, 1095], [613, 1094], [612, 1094], [611, 1093], [610, 1093], [609, 1093], [609, 1094], [609, 1095], [608, 1096], [608, 1097], [607, 1098], [606, 1098], [606, 1099], [605, 1100], [606, 1100], [607, 1099], [608, 1098], [609, 1097], [609, 1096], [610, 1095], [611, 1095], [612, 1096], [613, 1096], [614, 1096], [615, 1096], [616, 1096], [617, 1096], [618, 1096], [619, 1097], [620, 1097], [621, 1097], [622, 1097], [621, 1097], [620, 1096], [621, 1095], [622, 1095], [623, 1095], [624, 1095], [625, 1096], [626, 1096], [627, 1095], [628, 1095], [627, 1095], [626, 1095], [625, 1095], [624, 1094], [623, 1094], [622, 1095], [621, 1094], [620, 1094], [619, 1093], [618, 1092], [617, 1092], [616, 1091], [616, 1090], [615, 1090], [614, 1090]]], [[[621, 1061], [621, 1062], [622, 1063], [623, 1063], [624, 1063], [625, 1063], [626, 1063], [627, 1064], [627, 1065], [628, 1064], [629, 1064], [630, 1064], [631, 1064], [632, 1065], [632, 1066], [632, 1067], [633, 1066], [634, 1066], [635, 1067], [636, 1068], [637, 1069], [638, 1069], [638, 1068], [638, 1067], [638, 1066], [637, 1066], [636, 1066], [635, 1067], [634, 1066], [634, 1065], [634, 1064], [633, 1063], [633, 1062], [632, 1062], [631, 1062], [630, 1063], [629, 1062], [628, 1062], [627, 1062], [626, 1062], [625, 1062], [624, 1061], [623, 1061], [622, 1061]]], [[[621, 1061], [621, 1062], [622, 1063], [623, 1063], [624, 1063], [625, 1063], [626, 1063], [627, 1064], [627, 1065], [628, 1064], [629, 1064], [630, 1064], [631, 1064], [632, 1065], [632, 1066], [632, 1067], [633, 1066], [634, 1066], [635, 1067], [636, 1068], [637, 1069], [638, 1069], [638, 1068], [638, 1067], [638, 1066], [637, 1066], [636, 1066], [635, 1067], [634, 1066], [634, 1065], [634, 1064], [633, 1063], [633, 1062], [632, 1062], [631, 1062], [630, 1063], [629, 1062], [628, 1062], [627, 1062], [626, 1062], [625, 1062], [624, 1061], [623, 1061], [622, 1061]], [[626, 1054], [627, 1055], [627, 1056], [627, 1057], [628, 1058], [629, 1057], [630, 1056], [631, 1057], [631, 1058], [631, 1059], [632, 1059], [633, 1058], [634, 1058], [635, 1058], [636, 1059], [636, 1060], [637, 1061], [638, 1061], [639, 1062], [640, 1063], [640, 1064], [641, 1064], [642, 1064], [642, 1063], [641, 1062], [640, 1061], [640, 1060], [639, 1060], [638, 1060], [637, 1059], [636, 1058], [635, 1057], [634, 1057], [633, 1056], [633, 1055], [632, 1054], [631, 1054], [630, 1054], [629, 1055], [628, 1055], [627, 1054]]], [[[621, 1061], [621, 1062], [622, 1063], [623, 1063], [624, 1063], [625, 1063], [626, 1063], [627, 1064], [627, 1065], [628, 1064], [629, 1064], [630, 1064], [631, 1064], [632, 1065], [632, 1066], [632, 1067], [633, 1066], [634, 1066], [635, 1067], [636, 1068], [637, 1069], [638, 1069], [638, 1068], [638, 1067], [638, 1066], [637, 1066], [636, 1066], [635, 1067], [634, 1066], [634, 1065], [634, 1064], [633, 1063], [633, 1062], [632, 1062], [631, 1062], [630, 1063], [629, 1062], [628, 1062], [627, 1062], [626, 1062], [625, 1062], [624, 1061], [623, 1061], [622, 1061]], [[617, 1038], [617, 1039], [617, 1040], [616, 1041], [617, 1042], [617, 1043], [618, 1044], [619, 1045], [618, 1046], [618, 1047], [617, 1048], [618, 1049], [618, 1050], [617, 1051], [616, 1051], [616, 1052], [617, 1053], [617, 1054], [617, 1055], [616, 1056], [615, 1055], [614, 1055], [613, 1055], [613, 1056], [613, 1057], [613, 1058], [614, 1059], [615, 1059], [616, 1060], [617, 1061], [618, 1061], [618, 1060], [618, 1059], [617, 1058], [617, 1057], [618, 1056], [619, 1055], [620, 1055], [621, 1055], [621, 1054], [622, 1053], [623, 1053], [623, 1052], [623, 1051], [623, 1050], [623, 1049], [623, 1050], [623, 1051], [622, 1052], [621, 1052], [620, 1051], [619, 1050], [619, 1049], [620, 1048], [621, 1047], [622, 1047], [623, 1047], [622, 1047], [621, 1047], [620, 1046], [619, 1045], [619, 1044], [619, 1043], [618, 1042], [619, 1041], [618, 1040], [618, 1039]]], [[[617, 1038], [617, 1039], [617, 1040], [616, 1041], [617, 1042], [617, 1043], [618, 1044], [619, 1045], [618, 1046], [618, 1047], [617, 1048], [618, 1049], [618, 1050], [617, 1051], [616, 1051], [616, 1052], [617, 1053], [617, 1054], [617, 1055], [616, 1056], [615, 1055], [614, 1055], [613, 1055], [613, 1056], [613, 1057], [613, 1058], [614, 1059], [615, 1059], [616, 1060], [617, 1061], [618, 1061], [618, 1060], [618, 1059], [617, 1058], [617, 1057], [618, 1056], [619, 1055], [620, 1055], [621, 1055], [621, 1054], [622, 1053], [623, 1053], [623, 1052], [623, 1051], [623, 1050], [623, 1049], [623, 1050], [623, 1051], [622, 1052], [621, 1052], [620, 1051], [619, 1050], [619, 1049], [620, 1048], [621, 1047], [622, 1047], [623, 1047], [622, 1047], [621, 1047], [620, 1046], [619, 1045], [619, 1044], [619, 1043], [618, 1042], [619, 1041], [618, 1040], [618, 1039]]]]","[15, [], 9, 17, 18, 19, 20]"
13,13,"[[[425, 1043]], [[424, 1044]], [[423, 1044]], [[422, 1044]], [[421, 1044]], [[420, 1044]], [[419, 1045]], [[418, 1045]], [[417, 1045]], [[417, 1046]], [[416, 1047]], [[416, 1048]], [[415, 1049]], [[414, 1050]], [[413, 1051]], [[413, 1052]], [[413, 1053]], [[413, 1054]], [[413, 1055]], [[412, 1056]], [[411, 1056]], [[411, 1057]], [[411, 1058]], [[411, 1059]], [[411, 1060]], [[412, 1060]], [[413, 1061]], [[414, 1061]], [[415, 1061]], [[416, 1061]], [[417, 1061]], [[418, 1061]], [[419, 1061]], [[420, 1061]], [[421, 1061]], [[422, 1061]], [[423, 1061]], [[424, 1060]], [[425, 1060]], [[426, 1061]], [[427, 1061]], [[428, 1061]], [[429, 1061]], [[430, 1062]], [[431, 1061]], [[432, 1061]], [[433, 1061]], [[434, 1060]], [[435, 1060]], [[436, 1060]], [[437, 1060]], [[438, 1060]], [[439, 1060]], [[440, 1060]], [[441, 1060]], [[442, 1060]], [[443, 1060]], [[444, 1060]], [[445, 1060]], [[446, 1059]], [[447, 1059]], [[448, 1059]], [[449, 1058]], [[450, 1057]], [[450, 1056]], [[450, 1055]], [[450, 1054]], [[450, 1053]], [[450, 1052]], [[450, 1051]], [[450, 1050]], [[450, 1049]], [[449, 1048]], [[448, 1048]], [[447, 1047]], [[447, 1046]], [[446, 1046]], [[445, 1047]], [[444, 1047]], [[443, 1046]], [[442, 1045]], [[441, 1045]], [[440, 1045]], [[439, 1045]], [[438, 1045]], [[437, 1045]], [[436, 1045]], [[435, 1044]], [[434, 1044]], [[433, 1043]], [[432, 1043]], [[431, 1043]], [[430, 1043]], [[429, 1043]], [[428, 1043]], [[427, 1043]], [[426, 1043]]]",[[]],[]
14,14,"[[[589, 1038]], [[588, 1039]], [[587, 1039]], [[586, 1039]], [[585, 1039]], [[584, 1039]], [[585, 1039]], [[586, 1040]], [[586, 1041]], [[585, 1042]], [[584, 1042]], [[584, 1043]], [[584, 1044]], [[584, 1045]], [[584, 1044]], [[585, 1043]], [[586, 1044]], [[586, 1045]], [[586, 1046]], [[587, 1046]], [[588, 1046]], [[589, 1046]], [[590, 1046]], [[591, 1045]], [[590, 1044]], [[591, 1043]], [[591, 1042]], [[590, 1041]], [[590, 1040]], [[591, 1039]], [[592, 1039]], [[593, 1039]], [[594, 1039]], [[594, 1038]], [[593, 1039]], [[592, 1039]], [[591, 1038]], [[590, 1038]]]",[[]],[]
15,15,"[[[357, 1035]], [[356, 1036]], [[355, 1037]], [[354, 1037]], [[353, 1038]], [[352, 1039]], [[351, 1040]], [[350, 1041]], [[350, 1042]], [[349, 1043]], [[349, 1044]], [[348, 1045]], [[347, 1046]], [[346, 1047]], [[345, 1048]], [[345, 1049]], [[345, 1050]], [[344, 1051]], [[344, 1052]], [[344, 1053]], [[344, 1054]], [[344, 1055]], [[344, 1056]], [[343, 1057]], [[342, 1058]], [[342, 1059]], [[342, 1060]], [[342, 1061]], [[342, 1062]], [[342, 1063]], [[342, 1064]], [[342, 1065]], [[341, 1066]], [[341, 1067]], [[341, 1068]], [[341, 1069]], [[341, 1070]], [[342, 1071]], [[342, 1072]], [[342, 1073]], [[342, 1074]], [[342, 1075]], [[343, 1076]], [[343, 1077]], [[343, 1078]], [[344, 1077]], [[345, 1077]], [[346, 1077]], [[347, 1077]], [[348, 1077]], [[349, 1077]], [[350, 1077]], [[351, 1077]], [[352, 1077]], [[353, 1077]], [[354, 1077]], [[355, 1078]], [[355, 1079]], [[356, 1079]], [[357, 1080]], [[358, 1080]], [[359, 1080]], [[360, 1080]], [[361, 1079]], [[361, 1078]], [[362, 1077]], [[363, 1077]], [[364, 1077]], [[365, 1078]], [[366, 1078]], [[367, 1078]], [[367, 1077]], [[367, 1076]], [[368, 1075]], [[368, 1074]], [[368, 1073]], [[368, 1072]], [[368, 1071]], [[368, 1070]], [[368, 1069]], [[369, 1068]], [[369, 1067]], [[370, 1066]], [[369, 1065]], [[369, 1064]], [[369, 1063]], [[369, 1062]], [[369, 1061]], [[369, 1060]], [[370, 1059]], [[371, 1058]], [[371, 1057]], [[370, 1056]], [[371, 1055]], [[371, 1054]], [[372, 1053]], [[372, 1052]], [[371, 1051]], [[372, 1050]], [[373, 1049]], [[374, 1050]], [[375, 1049]], [[376, 1049]], [[377, 1049]], [[378, 1049]], [[379, 1048]], [[379, 1047]], [[379, 1046]], [[380, 1045]], [[380, 1044]], [[380, 1043]], [[380, 1042]], [[380, 1041]], [[380, 1040]], [[379, 1039]], [[379, 1038]], [[378, 1038]], [[377, 1037]], [[376, 1037]], [[375, 1037]], [[374, 1037]], [[373, 1037]], [[372, 1037]], [[371, 1038]], [[370, 1039]], [[370, 1040]], [[369, 1041]], [[369, 1042]], [[369, 1043]], [[368, 1044]], [[367, 1043]], [[366, 1042]], [[366, 1041]], [[366, 1040]], [[365, 1040]], [[364, 1041]], [[363, 1040]], [[362, 1039]], [[361, 1038]], [[360, 1037]], [[359, 1036]], [[358, 1036]]]","[[[[359, 1031], [358, 1032], [357, 1033], [356, 1033], [355, 1034], [354, 1034], [353, 1034], [352, 1035], [352, 1036], [351, 1037], [350, 1038], [349, 1039], [349, 1040], [348, 1041], [347, 1041], [346, 1040], [346, 1039], [347, 1038], [346, 1037], [345, 1038], [344, 1038], [343, 1039], [343, 1040], [343, 1041], [343, 1042], [344, 1042], [345, 1043], [345, 1044], [344, 1045], [343, 1046], [342, 1047], [342, 1048], [342, 1049], [342, 1050], [341, 1051], [340, 1051], [339, 1051], [338, 1050], [337, 1050], [336, 1050], [335, 1049], [334, 1049], [333, 1049], [333, 1050], [333, 1051], [334, 1051], [335, 1051], [336, 1050], [337, 1050], [338, 1051], [338, 1052], [339, 1052], [340, 1052], [341, 1051], [342, 1052], [342, 1053], [342, 1054], [343, 1054], [343, 1053], [343, 1052], [343, 1051], [344, 1050], [344, 1049], [344, 1048], [345, 1047], [346, 1046], [347, 1045], [348, 1044], [348, 1043], [349, 1042], [349, 1041], [350, 1040], [351, 1039], [352, 1038], [353, 1037], [354, 1036], [355, 1036], [356, 1035], [357, 1034], [358, 1035], [359, 1035], [360, 1036], [361, 1037], [362, 1038], [363, 1039], [364, 1040], [365, 1039], [366, 1039], [365, 1038], [364, 1037], [363, 1037], [362, 1036], [362, 1035], [363, 1034], [364, 1034], [364, 1033], [363, 1032], [362, 1032], [361, 1032], [360, 1031]]], [], [[[341, 1077], [341, 1078], [341, 1079], [341, 1080], [340, 1081], [339, 1082], [339, 1083], [338, 1084], [339, 1084], [340, 1084], [341, 1084], [342, 1083], [341, 1082], [340, 1081], [341, 1080], [342, 1079], [343, 1079], [344, 1080], [345, 1081], [346, 1081], [347, 1080], [347, 1079], [348, 1078], [349, 1079], [350, 1079], [351, 1080], [352, 1080], [353, 1079], [354, 1080], [355, 1081], [356, 1082], [356, 1083], [356, 1084], [357, 1084], [358, 1084], [359, 1084], [360, 1083], [359, 1082], [358, 1081], [357, 1081], [356, 1080], [355, 1080], [354, 1079], [354, 1078], [353, 1078], [352, 1078], [351, 1078], [350, 1078], [349, 1078], [348, 1078], [347, 1078], [346, 1078], [345, 1079], [344, 1080], [343, 1079], [342, 1078]]]]","[21, [], 22]"
16,16,"[[[527, 1029]], [[527, 1030]], [[526, 1031]], [[525, 1032]], [[524, 1032]], [[523, 1033]], [[522, 1034]], [[522, 1035]], [[522, 1036]], [[521, 1037]], [[520, 1038]], [[519, 1039]], [[518, 1038]], [[517, 1038]], [[518, 1039]], [[517, 1040]], [[516, 1040]], [[515, 1040]], [[514, 1040]], [[513, 1041]], [[512, 1041]], [[511, 1041]], [[510, 1041]], [[509, 1041]], [[508, 1041]], [[507, 1041]], [[506, 1041]], [[505, 1042]], [[504, 1043]], [[503, 1043]], [[502, 1043]], [[501, 1044]], [[500, 1045]], [[500, 1046]], [[500, 1047]], [[500, 1048]], [[500, 1049]], [[501, 1050]], [[502, 1050]], [[503, 1050]], [[504, 1050]], [[505, 1050]], [[506, 1051]], [[507, 1051]], [[508, 1051]], [[509, 1051]], [[510, 1051]], [[511, 1052]], [[512, 1052]], [[513, 1052]], [[514, 1053]], [[515, 1053]], [[516, 1053]], [[517, 1053]], [[518, 1053]], [[519, 1053]], [[520, 1054]], [[521, 1054]], [[522, 1054]], [[523, 1053]], [[524, 1052]], [[525, 1052]], [[524, 1051]], [[523, 1050]], [[524, 1049]], [[525, 1048]], [[526, 1048]], [[527, 1048]], [[528, 1047]], [[529, 1047]], [[530, 1046]], [[531, 1046]], [[532, 1045]], [[533, 1044]], [[533, 1043]], [[534, 1042]], [[534, 1041]], [[535, 1040]], [[535, 1039]], [[535, 1038]], [[535, 1037]], [[534, 1036]], [[534, 1035]], [[534, 1034]], [[534, 1033]], [[533, 1032]], [[532, 1031]], [[531, 1030]], [[530, 1030]], [[529, 1029]], [[528, 1029]]]","[[[[513, 1029], [512, 1030], [512, 1031], [512, 1032], [511, 1033], [510, 1033], [510, 1034], [511, 1033], [512, 1034], [513, 1034], [514, 1033], [515, 1033], [516, 1033], [517, 1033], [518, 1033], [519, 1033], [520, 1033], [521, 1033], [522, 1033], [521, 1032], [520, 1032], [519, 1031], [518, 1030], [517, 1030], [516, 1029], [515, 1029], [514, 1029]]], [], [[[503, 1051], [502, 1052], [501, 1052], [500, 1052], [499, 1053], [498, 1053], [499, 1053], [500, 1053], [501, 1053], [502, 1053], [503, 1053], [504, 1052], [505, 1052], [506, 1052], [507, 1052], [508, 1053], [508, 1054], [509, 1054], [510, 1054], [511, 1055], [512, 1055], [513, 1054], [514, 1054], [513, 1053], [512, 1053], [511, 1053], [510, 1053], [509, 1052], [508, 1052], [507, 1052], [506, 1052], [505, 1052], [504, 1052]]], [[[536, 1036], [537, 1036], [538, 1037], [537, 1038], [536, 1039], [536, 1040], [535, 1041], [535, 1042], [534, 1043], [534, 1044], [533, 1045], [532, 1046], [531, 1047], [530, 1048], [529, 1049], [528, 1048], [527, 1049], [526, 1049], [525, 1049], [524, 1050], [525, 1051], [526, 1051], [527, 1050], [528, 1051], [528, 1052], [527, 1053], [526, 1054], [527, 1054], [528, 1055], [528, 1054], [529, 1053], [529, 1052], [530, 1051], [531, 1050], [532, 1050], [533, 1049], [533, 1048], [534, 1047], [534, 1046], [535, 1045], [536, 1044], [536, 1043], [537, 1042], [538, 1041], [539, 1042], [539, 1043], [539, 1044], [540, 1045], [541, 1044], [541, 1043], [540, 1043], [539, 1042], [539, 1041], [539, 1040], [539, 1039], [539, 1038], [539, 1037], [538, 1037], [537, 1036]]]]","[23, [], 24, 25]"
17,17,"[[[198, 1028]], [[197, 1029]], [[196, 1029]], [[195, 1029]], [[194, 1030]], [[193, 1031]], [[192, 1032]], [[191, 1032]], [[190, 1033]], [[189, 1033]], [[189, 1034]], [[189, 1035]], [[189, 1036]], [[189, 1037]], [[190, 1038]], [[189, 1039]], [[188, 1039]], [[187, 1039]], [[186, 1039]], [[185, 1039]], [[184, 1039]], [[184, 1040]], [[184, 1041]], [[183, 1042]], [[183, 1043]], [[183, 1044]], [[183, 1045]], [[182, 1046]], [[183, 1047]], [[183, 1048]], [[183, 1049]], [[184, 1050]], [[184, 1051]], [[185, 1051]], [[186, 1051]], [[187, 1051]], [[188, 1052]], [[188, 1053]], [[188, 1054]], [[189, 1054]], [[190, 1055]], [[191, 1054]], [[192, 1054]], [[192, 1053]], [[192, 1052]], [[193, 1051]], [[193, 1050]], [[193, 1049]], [[194, 1048]], [[195, 1048]], [[196, 1048]], [[197, 1048]], [[198, 1049]], [[199, 1049]], [[200, 1049]], [[201, 1049]], [[202, 1050]], [[203, 1051]], [[204, 1052]], [[205, 1052]], [[206, 1051]], [[207, 1050]], [[208, 1049]], [[208, 1048]], [[209, 1047]], [[209, 1046]], [[210, 1045]], [[211, 1044]], [[212, 1043]], [[212, 1042]], [[212, 1041]], [[212, 1040]], [[212, 1039]], [[212, 1038]], [[211, 1037]], [[210, 1036]], [[209, 1035]], [[209, 1034]], [[209, 1033]], [[208, 1032]], [[208, 1031]], [[207, 1030]], [[206, 1029]], [[205, 1029]], [[204, 1029]], [[203, 1029]], [[202, 1028]], [[201, 1028]], [[200, 1028]], [[199, 1028]]]","[[], [[[180, 1042], [179, 1043], [180, 1043], [181, 1044], [180, 1045], [179, 1045], [178, 1045], [177, 1045], [177, 1046], [177, 1047], [178, 1048], [178, 1049], [178, 1050], [177, 1051], [177, 1052], [177, 1053], [177, 1054], [177, 1055], [177, 1056], [178, 1056], [179, 1056], [179, 1055], [180, 1054], [179, 1053], [179, 1052], [178, 1051], [178, 1050], [178, 1049], [178, 1048], [179, 1047], [179, 1046], [180, 1045], [181, 1046], [182, 1045], [182, 1044], [182, 1043], [181, 1042]]], [[[195, 1050], [194, 1051], [194, 1052], [194, 1053], [194, 1054], [194, 1055], [194, 1056], [193, 1057], [192, 1058], [191, 1057], [190, 1056], [189, 1055], [188, 1055], [187, 1054], [187, 1053], [187, 1052], [186, 1052], [185, 1052], [185, 1053], [185, 1054], [184, 1055], [185, 1056], [186, 1057], [185, 1058], [184, 1058], [183, 1059], [182, 1060], [183, 1060], [184, 1060], [185, 1059], [186, 1059], [187, 1060], [186, 1061], [185, 1062], [184, 1062], [183, 1063], [182, 1064], [183, 1065], [182, 1066], [182, 1067], [183, 1067], [184, 1067], [185, 1068], [186, 1068], [187, 1067], [186, 1066], [185, 1065], [184, 1064], [185, 1063], [186, 1062], [187, 1062], [188, 1061], [189, 1061], [190, 1061], [191, 1061], [192, 1061], [193, 1061], [194, 1060], [194, 1059], [194, 1058], [195, 1057], [196, 1057], [197, 1057], [198, 1056], [198, 1055], [198, 1054], [198, 1053], [197, 1052], [196, 1051]]]]","[[], 26, 27]"
18,18,"[[[419, 1012]], [[418, 1013]], [[418, 1014]], [[418, 1015]], [[418, 1016]], [[418, 1017]], [[418, 1018]], [[418, 1019]], [[418, 1020]], [[418, 1021]], [[417, 1022]], [[416, 1023]], [[415, 1023]], [[415, 1024]], [[415, 1025]], [[415, 1026]], [[415, 1027]], [[415, 1028]], [[415, 1029]], [[415, 1030]], [[416, 1030]], [[417, 1031]], [[417, 1032]], [[418, 1033]], [[418, 1034]], [[419, 1033]], [[420, 1034]], [[421, 1035]], [[422, 1035]], [[423, 1034]], [[424, 1033]], [[424, 1032]], [[425, 1031]], [[425, 1030]], [[426, 1029]], [[427, 1028]], [[427, 1027]], [[428, 1026]], [[427, 1025]], [[427, 1024]], [[427, 1023]], [[427, 1022]], [[427, 1021]], [[427, 1020]], [[426, 1019]], [[425, 1018]], [[424, 1019]], [[423, 1019]], [[422, 1019]], [[421, 1018]], [[421, 1017]], [[421, 1016]], [[420, 1015]], [[420, 1014]], [[420, 1013]], [[420, 1012]]]","[[[[413, 1022], [412, 1023], [411, 1024], [411, 1025], [411, 1026], [411, 1027], [410, 1028], [409, 1029], [408, 1029], [407, 1029], [406, 1030], [406, 1031], [406, 1032], [405, 1033], [404, 1033], [403, 1034], [404, 1034], [405, 1034], [406, 1034], [407, 1033], [408, 1033], [408, 1032], [409, 1031], [410, 1031], [411, 1032], [412, 1031], [413, 1031], [414, 1031], [414, 1030], [414, 1029], [414, 1028], [414, 1027], [414, 1026], [414, 1025], [414, 1024], [414, 1023]]], [[[431, 1015], [430, 1016], [429, 1017], [428, 1017], [428, 1018], [428, 1019], [429, 1019], [430, 1018], [431, 1019], [432, 1020], [433, 1020], [434, 1019], [435, 1019], [436, 1019], [437, 1020], [437, 1021], [436, 1022], [436, 1023], [437, 1023], [438, 1023], [439, 1022], [440, 1022], [441, 1022], [440, 1021], [440, 1020], [441, 1019], [442, 1018], [443, 1018], [444, 1018], [443, 1018], [442, 1018], [441, 1018], [440, 1019], [439, 1019], [438, 1018], [437, 1018], [436, 1017], [435, 1017], [434, 1016], [434, 1015], [433, 1015], [432, 1015]]]]","[28, 29]"
19,19,"[[[260, 1010]], [[259, 1011]], [[258, 1012]], [[257, 1012]], [[256, 1012]], [[255, 1012]], [[254, 1012]], [[253, 1012]], [[252, 1013]], [[252, 1014]], [[251, 1015]], [[250, 1016]], [[250, 1017]], [[250, 1018]], [[250, 1019]], [[251, 1020]], [[251, 1021]], [[251, 1022]], [[252, 1023]], [[253, 1024]], [[254, 1025]], [[255, 1026]], [[255, 1027]], [[256, 1028]], [[256, 1029]], [[257, 1030]], [[257, 1031]], [[256, 1032]], [[255, 1032]], [[254, 1031]], [[253, 1031]], [[252, 1031]], [[251, 1031]], [[250, 1031]], [[249, 1031]], [[248, 1031]], [[247, 1030]], [[246, 1030]], [[245, 1029]], [[244, 1029]], [[243, 1029]], [[242, 1029]], [[241, 1030]], [[240, 1031]], [[240, 1032]], [[240, 1033]], [[239, 1034]], [[239, 1035]], [[239, 1036]], [[238, 1037]], [[237, 1038]], [[237, 1039]], [[237, 1040]], [[236, 1041]], [[236, 1042]], [[236, 1043]], [[236, 1044]], [[236, 1045]], [[236, 1046]], [[236, 1047]], [[237, 1048]], [[237, 1049]], [[237, 1050]], [[237, 1051]], [[238, 1052]], [[239, 1053]], [[240, 1054]], [[239, 1055]], [[238, 1055]], [[239, 1056]], [[240, 1056]], [[241, 1057]], [[241, 1058]], [[241, 1059]], [[241, 1060]], [[242, 1060]], [[243, 1061]], [[242, 1062]], [[241, 1062]], [[240, 1062]], [[239, 1063]], [[238, 1063]], [[237, 1063]], [[236, 1063]], [[235, 1063]], [[234, 1063]], [[233, 1063]], [[232, 1063]], [[231, 1063]], [[230, 1063]], [[229, 1062]], [[228, 1062]], [[227, 1062]], [[226, 1062]], [[225, 1062]], [[224, 1062]], [[223, 1062]], [[222, 1062]], [[221, 1061]], [[221, 1060]], [[220, 1060]], [[219, 1060]], [[218, 1059]], [[217, 1059]], [[216, 1059]], [[215, 1058]], [[214, 1058]], [[213, 1058]], [[212, 1057]], [[211, 1057]], [[210, 1057]], [[209, 1057]], [[208, 1057]], [[207, 1057]], [[206, 1057]], [[205, 1057]], [[204, 1056]], [[203, 1056]], [[202, 1056]], [[201, 1056]], [[200, 1056]], [[199, 1056]], [[198, 1057]], [[197, 1058]], [[196, 1058]], [[195, 1058]], [[195, 1059]], [[195, 1060]], [[194, 1061]], [[194, 1062]], [[194, 1063]], [[194, 1064]], [[194, 1065]], [[194, 1066]], [[194, 1067]], [[194, 1068]], [[193, 1069]], [[192, 1070]], [[191, 1070]], [[190, 1070]], [[189, 1069]], [[188, 1069]], [[187, 1068]], [[186, 1069]], [[185, 1069]], [[184, 1069]], [[183, 1069]], [[182, 1069]], [[181, 1070]], [[180, 1071]], [[180, 1072]], [[179, 1073]], [[178, 1072]], [[178, 1073]], [[178, 1074]], [[177, 1075]], [[177, 1076]], [[178, 1077]], [[177, 1078]], [[177, 1079]], [[177, 1080]], [[176, 1081]], [[176, 1082]], [[176, 1083]], [[176, 1084]], [[176, 1085]], [[176, 1086]], [[176, 1087]], [[176, 1088]], [[176, 1089]], [[177, 1090]], [[178, 1091]], [[178, 1092]], [[177, 1093]], [[176, 1093]], [[175, 1092]], [[176, 1093]], [[177, 1093]], [[178, 1093]], [[179, 1094]], [[179, 1095]], [[178, 1096]], [[178, 1097]], [[179, 1097]], [[180, 1097]], [[181, 1097]], [[182, 1098]], [[183, 1098]], [[184, 1099]], [[184, 1100]], [[184, 1101]], [[184, 1102]], [[185, 1103]], [[186, 1104]], [[185, 1105]], [[184, 1106]], [[183, 1107]], [[182, 1107]], [[182, 1108]], [[182, 1109]], [[181, 1110]], [[181, 1111]], [[181, 1112]], [[181, 1113]], [[181, 1114]], [[181, 1115]], [[181, 1116]], [[181, 1117]], [[181, 1118]], [[180, 1119]], [[181, 1120]], [[181, 1121]], [[180, 1122]], [[180, 1123]], [[181, 1124]], [[182, 1125]], [[182, 1126]], [[183, 1127]], [[183, 1128]], [[183, 1129]], [[183, 1130]], [[183, 1131]], [[184, 1131]], [[184, 1130]], [[185, 1129]], [[186, 1130]], [[186, 1131]], [[187, 1132]], [[186, 1133]], [[185, 1134]], [[184, 1134]], [[185, 1134]], [[186, 1134]], [[187, 1134]], [[188, 1133]], [[189, 1133]], [[190, 1133]], [[191, 1132]], [[192, 1132]], [[193, 1132]], [[194, 1132]], [[195, 1132]], [[196, 1131]], [[197, 1131]], [[198, 1131]], [[199, 1130]], [[200, 1130]], [[201, 1130]], [[202, 1130]], [[203, 1130]], [[204, 1130]], [[205, 1131]], [[206, 1131]], [[207, 1132]], [[208, 1132]], [[209, 1132]], [[210, 1133]], [[211, 1134]], [[212, 1134]], [[213, 1134]], [[214, 1135]], [[215, 1135]], [[216, 1136]], [[217, 1136]], [[218, 1136]], [[219, 1136]], [[220, 1136]], [[221, 1135]], [[222, 1135]], [[223, 1135]], [[224, 1134]], [[225, 1134]], [[226, 1133]], [[226, 1132]], [[226, 1131]], [[226, 1130]], [[227, 1129]], [[228, 1129]], [[229, 1128]], [[229, 1127]], [[230, 1126]], [[230, 1125]], [[231, 1124]], [[232, 1123]], [[232, 1122]], [[233, 1121]], [[233, 1120]], [[233, 1119]], [[233, 1118]], [[234, 1117]], [[235, 1116]], [[236, 1115]], [[237, 1114]], [[237, 1113]], [[238, 1112]], [[238, 1111]], [[238, 1110]], [[239, 1109]], [[239, 1108]], [[240, 1107]], [[240, 1106]], [[241, 1105]], [[240, 1104]], [[240, 1103]], [[240, 1102]], [[241, 1101]], [[241, 1100]], [[242, 1099]], [[243, 1098]], [[244, 1098]], [[245, 1098]], [[246, 1098]], [[247, 1098]], [[248, 1097]], [[249, 1097]], [[250, 1096]], [[250, 1095]], [[251, 1094]], [[251, 1093]], [[252, 1092]], [[252, 1091]], [[252, 1090]], [[253, 1089]], [[254, 1088]], [[255, 1088]], [[255, 1087]], [[254, 1086]], [[253, 1085]], [[253, 1084]], [[253, 1083]], [[253, 1082]], [[253, 1081]], [[253, 1080]], [[253, 1079]], [[253, 1078]], [[253, 1077]], [[252, 1076]], [[252, 1075]], [[252, 1074]], [[252, 1073]], [[251, 1073]], [[250, 1072]], [[250, 1071]], [[249, 1070]], [[248, 1070]], [[247, 1069]], [[247, 1068]], [[247, 1067]], [[246, 1066]], [[245, 1066]], [[244, 1065]], [[243, 1064]], [[244, 1063]], [[245, 1063]], [[246, 1063]], [[247, 1064]], [[248, 1064]], [[249, 1065]], [[250, 1065]], [[251, 1066]], [[252, 1066]], [[253, 1066]], [[254, 1067]], [[255, 1068]], [[255, 1069]], [[256, 1068]], [[257, 1068]], [[258, 1068]], [[259, 1068]], [[260, 1069]], [[261, 1069]], [[262, 1069]], [[263, 1070]], [[264, 1071]], [[263, 1072]], [[263, 1073]], [[264, 1073]], [[265, 1073]], [[266, 1073]], [[267, 1073]], [[268, 1073]], [[268, 1072]], [[268, 1071]], [[268, 1070]], [[268, 1069]], [[269, 1068]], [[269, 1067]], [[270, 1066]], [[269, 1065]], [[269, 1064]], [[270, 1063]], [[270, 1062]], [[271, 1061]], [[271, 1060]], [[271, 1059]], [[271, 1058]], [[271, 1057]], [[271, 1056]], [[270, 1055]], [[270, 1054]], [[270, 1053]], [[270, 1052]], [[270, 1051]], [[269, 1050]], [[269, 1049]], [[269, 1048]], [[269, 1047]], [[269, 1046]], [[269, 1045]], [[269, 1044]], [[269, 1043]], [[268, 1042]], [[268, 1041]], [[267, 1040]], [[267, 1039]], [[267, 1038]], [[266, 1037]], [[265, 1036]], [[264, 1035]], [[263, 1034]], [[263, 1033]], [[263, 1032]], [[262, 1031]], [[262, 1030]], [[262, 1029]], [[262, 1028]], [[262, 1027]], [[262, 1026]], [[262, 1025]], [[262, 1024]], [[262, 1023]], [[262, 1022]], [[261, 1021]], [[261, 1020]], [[261, 1019]], [[261, 1018]], [[261, 1017]], [[262, 1016]], [[263, 1016]], [[262, 1016]], [[261, 1015]], [[261, 1014]], [[260, 1013]], [[261, 1012]], [[260, 1011]]]","[[[[259, 1001], [259, 1002], [258, 1003], [257, 1004], [256, 1004], [255, 1005], [254, 1005], [254, 1006], [253, 1007], [252, 1006], [251, 1006], [250, 1006], [249, 1006], [248, 1006], [247, 1006], [246, 1006], [245, 1006], [244, 1006], [243, 1006], [243, 1007], [243, 1008], [244, 1008], [245, 1008], [246, 1008], [247, 1008], [248, 1009], [249, 1009], [250, 1008], [251, 1008], [252, 1009], [252, 1010], [252, 1011], [253, 1011], [254, 1011], [255, 1011], [256, 1011], [257, 1011], [258, 1011], [258, 1010], [257, 1010], [256, 1009], [256, 1008], [256, 1007], [257, 1006], [258, 1006], [259, 1006], [260, 1006], [261, 1007], [262, 1007], [262, 1006], [262, 1005], [262, 1004], [262, 1003], [262, 1002], [261, 1002], [260, 1001]]], [], [[[195, 1050], [194, 1051], [194, 1052], [194, 1053], [194, 1054], [194, 1055], [194, 1056], [193, 1057], [192, 1058], [191, 1057], [190, 1056], [189, 1055], [188, 1055], [187, 1054], [187, 1053], [187, 1052], [186, 1052], [185, 1052], [185, 1053], [185, 1054], [184, 1055], [185, 1056], [186, 1057], [185, 1058], [184, 1058], [183, 1059], [182, 1060], [183, 1060], [184, 1060], [185, 1059], [186, 1059], [187, 1060], [186, 1061], [185, 1062], [184, 1062], [183, 1063], [182, 1064], [183, 1065], [182, 1066], [182, 1067], [183, 1067], [184, 1067], [185, 1068], [186, 1068], [187, 1067], [186, 1066], [185, 1065], [184, 1064], [185, 1063], [186, 1062], [187, 1062], [188, 1061], [189, 1061], [190, 1061], [191, 1061], [192, 1061], [193, 1061], [194, 1060], [194, 1059], [194, 1058], [195, 1057], [196, 1057], [197, 1057], [198, 1056], [198, 1055], [198, 1054], [198, 1053], [197, 1052], [196, 1051]]], [[[177, 1129], [176, 1130], [176, 1131], [177, 1132], [178, 1132], [179, 1133], [179, 1134], [180, 1134], [181, 1134], [182, 1135], [182, 1136], [183, 1137], [184, 1137], [185, 1137], [186, 1136], [187, 1137], [188, 1137], [189, 1137], [190, 1136], [191, 1137], [192, 1137], [193, 1137], [194, 1138], [194, 1139], [195, 1140], [196, 1140], [197, 1140], [198, 1140], [199, 1140], [200, 1141], [200, 1142], [201, 1142], [202, 1143], [203, 1144], [203, 1145], [202, 1146], [201, 1146], [201, 1147], [200, 1148], [200, 1149], [199, 1150], [198, 1151], [199, 1152], [200, 1153], [201, 1153], [202, 1153], [203, 1152], [204, 1152], [205, 1151], [204, 1150], [204, 1149], [204, 1148], [204, 1147], [204, 1146], [205, 1145], [205, 1144], [205, 1143], [204, 1143], [203, 1142], [202, 1142], [201, 1142], [200, 1141], [199, 1140], [198, 1140], [197, 1139], [196, 1139], [195, 1139], [194, 1138], [194, 1137], [193, 1136], [192, 1135], [191, 1134], [190, 1134], [189, 1134], [188, 1134], [187, 1135], [186, 1135], [185, 1135], [184, 1135], [183, 1134], [184, 1133], [185, 1133], [185, 1132], [184, 1132], [183, 1132], [182, 1132], [181, 1131], [180, 1131], [179, 1130], [178, 1129]]], [[[244, 1064], [245, 1065], [246, 1065], [247, 1066], [248, 1067], [248, 1068], [249, 1068], [250, 1068], [251, 1069], [252, 1070], [252, 1071], [253, 1070], [254, 1071], [255, 1071], [255, 1070], [254, 1069], [254, 1068], [253, 1068], [252, 1068], [251, 1067], [250, 1066], [249, 1066], [248, 1065], [247, 1065], [246, 1064], [245, 1064]]], [[[262, 1012], [261, 1013], [262, 1014], [262, 1015], [263, 1015], [264, 1015], [265, 1016], [266, 1016], [267, 1016], [268, 1017], [269, 1018], [270, 1018], [271, 1019], [272, 1019], [273, 1020], [273, 1021], [273, 1022], [272, 1023], [273, 1023], [274, 1024], [274, 1025], [274, 1026], [274, 1027], [274, 1026], [275, 1025], [275, 1024], [276, 1023], [277, 1022], [278, 1022], [279, 1022], [280, 1022], [281, 1022], [282, 1022], [283, 1022], [283, 1021], [282, 1021], [281, 1021], [280, 1020], [279, 1019], [278, 1018], [277, 1017], [277, 1018], [277, 1019], [276, 1020], [275, 1020], [274, 1019], [273, 1018], [272, 1018], [271, 1018], [270, 1018], [269, 1017], [268, 1016], [267, 1015], [267, 1014], [266, 1014], [265, 1013], [264, 1013], [263, 1012]]]]","[30, [], 27, 8, 33, 34]"
20,20,"[[[381, 1005]], [[380, 1006]], [[379, 1007]], [[378, 1008]], [[377, 1009]], [[376, 1009]], [[375, 1010]], [[374, 1009]], [[373, 1009]], [[372, 1009]], [[371, 1009]], [[370, 1009]], [[369, 1010]], [[368, 1011]], [[367, 1012]], [[366, 1012]], [[365, 1013]], [[364, 1013]], [[363, 1013]], [[362, 1014]], [[361, 1015]], [[360, 1016]], [[360, 1017]], [[359, 1018]], [[359, 1019]], [[359, 1020]], [[359, 1021]], [[359, 1022]], [[359, 1023]], [[360, 1024]], [[360, 1025]], [[360, 1026]], [[360, 1027]], [[360, 1028]], [[360, 1029]], [[360, 1030]], [[361, 1031]], [[362, 1031]], [[363, 1031]], [[364, 1032]], [[365, 1033]], [[366, 1033]], [[367, 1032]], [[368, 1032]], [[369, 1032]], [[370, 1032]], [[371, 1031]], [[372, 1031]], [[373, 1031]], [[374, 1030]], [[375, 1030]], [[376, 1030]], [[377, 1030]], [[378, 1030]], [[379, 1029]], [[380, 1028]], [[381, 1028]], [[382, 1027]], [[383, 1027]], [[384, 1026]], [[385, 1026]], [[386, 1025]], [[387, 1025]], [[388, 1025]], [[389, 1025]], [[390, 1024]], [[391, 1024]], [[392, 1023]], [[393, 1022]], [[394, 1022]], [[394, 1021]], [[395, 1020]], [[395, 1019]], [[395, 1018]], [[395, 1017]], [[395, 1016]], [[394, 1015]], [[393, 1014]], [[392, 1013]], [[391, 1012]], [[390, 1011]], [[390, 1010]], [[389, 1009]], [[388, 1008]], [[388, 1007]], [[387, 1006]], [[386, 1006]], [[385, 1005]], [[384, 1005]], [[383, 1005]], [[382, 1005]]]","[[[[391, 999], [390, 1000], [391, 1001], [390, 1002], [389, 1003], [388, 1004], [387, 1004], [386, 1003], [387, 1002], [386, 1001], [385, 1001], [384, 1001], [383, 1001], [383, 1002], [383, 1003], [382, 1004], [383, 1004], [384, 1004], [385, 1004], [386, 1004], [387, 1005], [388, 1004], [389, 1003], [390, 1003], [391, 1002], [392, 1002], [392, 1001], [392, 1000]]], [], [[[359, 1031], [358, 1032], [357, 1033], [356, 1033], [355, 1034], [354, 1034], [353, 1034], [352, 1035], [352, 1036], [351, 1037], [350, 1038], [349, 1039], [349, 1040], [348, 1041], [347, 1041], [346, 1040], [346, 1039], [347, 1038], [346, 1037], [345, 1038], [344, 1038], [343, 1039], [343, 1040], [343, 1041], [343, 1042], [344, 1042], [345, 1043], [345, 1044], [344, 1045], [343, 1046], [342, 1047], [342, 1048], [342, 1049], [342, 1050], [341, 1051], [340, 1051], [339, 1051], [338, 1050], [337, 1050], [336, 1050], [335, 1049], [334, 1049], [333, 1049], [333, 1050], [333, 1051], [334, 1051], [335, 1051], [336, 1050], [337, 1050], [338, 1051], [338, 1052], [339, 1052], [340, 1052], [341, 1051], [342, 1052], [342, 1053], [342, 1054], [343, 1054], [343, 1053], [343, 1052], [343, 1051], [344, 1050], [344, 1049], [344, 1048], [345, 1047], [346, 1046], [347, 1045], [348, 1044], [348, 1043], [349, 1042], [349, 1041], [350, 1040], [351, 1039], [352, 1038], [353, 1037], [354, 1036], [355, 1036], [356, 1035], [357, 1034], [358, 1035], [359, 1035], [360, 1036], [361, 1037], [362, 1038], [363, 1039], [364, 1040], [365, 1039], [366, 1039], [365, 1038], [364, 1037], [363, 1037], [362, 1036], [362, 1035], [363, 1034], [364, 1034], [364, 1033], [363, 1032], [362, 1032], [361, 1032], [360, 1031]]]]","[35, [], 21]"
21,21,"[[[622, 998]], [[621, 999]], [[621, 1000]], [[621, 1001]], [[621, 1002]], [[621, 1003]], [[621, 1004]], [[621, 1005]], [[621, 1006]], [[621, 1007]], [[621, 1008]], [[621, 1009]], [[621, 1010]], [[621, 1011]], [[621, 1012]], [[621, 1013]], [[621, 1014]], [[622, 1015]], [[622, 1016]], [[623, 1016]], [[624, 1015]], [[625, 1016]], [[625, 1017]], [[626, 1017]], [[627, 1016]], [[627, 1015]], [[628, 1014]], [[628, 1013]], [[629, 1012]], [[628, 1011]], [[628, 1010]], [[628, 1009]], [[628, 1008]], [[628, 1007]], [[628, 1006]], [[627, 1005]], [[627, 1004]], [[627, 1003]], [[627, 1002]], [[627, 1001]], [[627, 1000]], [[627, 999]], [[626, 999]], [[625, 999]], [[624, 998]], [[623, 998]]]",[[]],[]
22,22,"[[[18, 997]], [[17, 998]], [[16, 998]], [[15, 999]], [[14, 999]], [[13, 1000]], [[12, 1000]], [[12, 1001]], [[11, 1002]], [[11, 1003]], [[12, 1004]], [[13, 1004]], [[14, 1005]], [[14, 1006]], [[14, 1007]], [[15, 1008]], [[15, 1009]], [[15, 1010]], [[16, 1011]], [[17, 1010]], [[18, 1010]], [[19, 1011]], [[19, 1010]], [[20, 1009]], [[21, 1009]], [[22, 1010]], [[23, 1011]], [[22, 1012]], [[23, 1013]], [[24, 1014]], [[23, 1015]], [[24, 1015]], [[25, 1015]], [[26, 1016]], [[26, 1017]], [[26, 1018]], [[26, 1019]], [[25, 1020]], [[24, 1021]], [[24, 1022]], [[23, 1023]], [[23, 1024]], [[23, 1025]], [[22, 1026]], [[21, 1027]], [[21, 1028]], [[20, 1029]], [[19, 1030]], [[18, 1030]], [[18, 1031]], [[17, 1032]], [[17, 1033]], [[16, 1034]], [[16, 1035]], [[16, 1036]], [[17, 1036]], [[18, 1037]], [[19, 1037]], [[20, 1038]], [[21, 1039]], [[22, 1040]], [[23, 1040]], [[24, 1039]], [[25, 1038]], [[26, 1037]], [[26, 1036]], [[27, 1035]], [[27, 1034]], [[28, 1033]], [[28, 1032]], [[29, 1031]], [[30, 1030]], [[31, 1029]], [[32, 1030]], [[32, 1031]], [[32, 1030]], [[32, 1029]], [[32, 1028]], [[32, 1027]], [[32, 1026]], [[32, 1025]], [[32, 1024]], [[31, 1023]], [[31, 1022]], [[31, 1021]], [[31, 1020]], [[30, 1019]], [[29, 1019]], [[28, 1019]], [[27, 1019]], [[26, 1018]], [[26, 1017]], [[26, 1016]], [[27, 1015]], [[28, 1014]], [[29, 1013]], [[30, 1013]], [[31, 1012]], [[30, 1011]], [[30, 1010]], [[30, 1009]], [[29, 1008]], [[28, 1007]], [[29, 1006]], [[30, 1005]], [[29, 1004]], [[28, 1003]], [[28, 1002]], [[27, 1002]], [[26, 1001]], [[25, 1000]], [[24, 1000]], [[23, 999]], [[22, 998]], [[21, 998]], [[20, 997]], [[19, 997]]]","[[], [[[12, 1008], [12, 1009], [13, 1009], [14, 1010], [13, 1011], [12, 1012], [12, 1013], [12, 1014], [13, 1013], [14, 1013], [15, 1013], [16, 1014], [15, 1015], [14, 1015], [15, 1015], [16, 1015], [17, 1016], [17, 1017], [17, 1018], [18, 1018], [19, 1018], [20, 1018], [21, 1019], [21, 1020], [21, 1021], [20, 1022], [19, 1023], [19, 1024], [19, 1025], [19, 1026], [18, 1027], [17, 1028], [16, 1029], [16, 1030], [17, 1030], [18, 1029], [19, 1029], [20, 1028], [20, 1027], [21, 1026], [22, 1025], [22, 1024], [22, 1023], [23, 1022], [23, 1021], [24, 1020], [25, 1019], [25, 1018], [25, 1017], [24, 1017], [23, 1016], [22, 1015], [23, 1014], [22, 1013], [21, 1013], [20, 1014], [19, 1014], [18, 1014], [17, 1013], [16, 1012], [15, 1011], [14, 1010], [14, 1009], [13, 1008]]], [[[30, 1031], [29, 1032], [30, 1033], [31, 1034], [32, 1035], [33, 1035], [34, 1035], [35, 1035], [36, 1036], [37, 1035], [38, 1036], [38, 1037], [37, 1038], [37, 1039], [36, 1040], [35, 1039], [34, 1039], [33, 1039], [33, 1040], [34, 1041], [35, 1042], [36, 1043], [37, 1042], [37, 1041], [37, 1040], [37, 1039], [38, 1038], [38, 1037], [38, 1036], [38, 1035], [39, 1034], [38, 1034], [37, 1035], [36, 1035], [35, 1034], [34, 1033], [33, 1033], [32, 1033], [31, 1034], [30, 1033], [30, 1032]]]]","[[], 37, 38]"
23,23,"[[[61, 990]], [[60, 991]], [[59, 992]], [[58, 992]], [[57, 992]], [[56, 993]], [[55, 992]], [[54, 993]], [[53, 993]], [[53, 994]], [[53, 995]], [[52, 996]], [[52, 997]], [[53, 998]], [[53, 999]], [[53, 1000]], [[53, 1001]], [[54, 1002]], [[55, 1002]], [[56, 1003]], [[57, 1003]], [[58, 1002]], [[59, 1002]], [[60, 1002]], [[61, 1002]], [[62, 1001]], [[63, 1001]], [[64, 1000]], [[65, 1000]], [[66, 999]], [[67, 999]], [[67, 998]], [[67, 997]], [[68, 996]], [[68, 995]], [[68, 994]], [[67, 993]], [[67, 992]], [[66, 991]], [[65, 991]], [[64, 990]], [[63, 990]], [[62, 990]]]","[[], [[[66, 989], [65, 990], [66, 990], [67, 991], [68, 992], [69, 993], [69, 994], [70, 995], [70, 996], [69, 997], [69, 998], [68, 999], [69, 1000], [69, 999], [70, 998], [71, 997], [72, 996], [73, 996], [74, 995], [74, 994], [73, 994], [72, 994], [71, 994], [70, 994], [69, 993], [68, 992], [69, 991], [68, 990], [67, 990]]]]","[[], 39]"
24,24,"[[[284, 980]], [[283, 981]], [[282, 982]], [[281, 982]], [[280, 982]], [[279, 982]], [[278, 982]], [[277, 981]], [[278, 982]], [[277, 983]], [[276, 984]], [[275, 985]], [[275, 986]], [[274, 987]], [[274, 988]], [[274, 989]], [[273, 990]], [[273, 991]], [[273, 992]], [[273, 993]], [[272, 994]], [[272, 995]], [[272, 996]], [[271, 997]], [[271, 998]], [[271, 999]], [[271, 1000]], [[272, 1001]], [[273, 1001]], [[274, 1002]], [[274, 1003]], [[275, 1004]], [[276, 1005]], [[277, 1005]], [[278, 1004]], [[279, 1004]], [[280, 1003]], [[281, 1002]], [[282, 1002]], [[283, 1003]], [[283, 1004]], [[284, 1005]], [[284, 1004]], [[285, 1003]], [[286, 1002]], [[287, 1002]], [[288, 1002]], [[289, 1002]], [[290, 1001]], [[291, 1001]], [[292, 1001]], [[293, 1001]], [[294, 1000]], [[295, 999]], [[296, 998]], [[297, 998]], [[297, 997]], [[298, 996]], [[297, 995]], [[297, 994]], [[297, 993]], [[296, 992]], [[296, 991]], [[296, 990]], [[296, 989]], [[295, 988]], [[295, 987]], [[294, 986]], [[294, 985]], [[293, 984]], [[292, 983]], [[291, 983]], [[290, 982]], [[289, 981]], [[288, 981]], [[287, 981]], [[286, 980]], [[285, 980]]]",[[]],[]
25,25,"[[[830, 977]], [[829, 978]], [[828, 978]], [[827, 978]], [[826, 979]], [[825, 979]], [[824, 979]], [[823, 979]], [[822, 980]], [[821, 980]], [[820, 980]], [[819, 980]], [[818, 980]], [[817, 980]], [[816, 981]], [[815, 982]], [[814, 982]], [[813, 982]], [[812, 983]], [[811, 983]], [[810, 983]], [[809, 983]], [[808, 982]], [[809, 983]], [[808, 984]], [[807, 985]], [[807, 986]], [[806, 987]], [[807, 988]], [[807, 989]], [[808, 990]], [[807, 991]], [[807, 992]], [[808, 992]], [[809, 992]], [[810, 992]], [[811, 993]], [[812, 993]], [[813, 993]], [[814, 994]], [[815, 995]], [[815, 996]], [[816, 995]], [[817, 995]], [[818, 995]], [[819, 995]], [[820, 995]], [[821, 995]], [[822, 994]], [[823, 994]], [[824, 993]], [[825, 993]], [[826, 992]], [[827, 992]], [[828, 992]], [[829, 992]], [[830, 991]], [[831, 991]], [[832, 990]], [[833, 989]], [[834, 988]], [[834, 987]], [[835, 986]], [[835, 985]], [[836, 984]], [[836, 983]], [[836, 982]], [[836, 981]], [[836, 980]], [[836, 979]], [[835, 978]], [[835, 977]], [[834, 977]], [[833, 977]], [[832, 977]], [[831, 977]]]","[[], [[[808, 979], [807, 980], [806, 980], [805, 981], [804, 981], [803, 982], [802, 982], [801, 982], [800, 982], [799, 981], [798, 980], [797, 980], [796, 980], [795, 981], [796, 982], [797, 982], [798, 982], [799, 982], [800, 983], [801, 983], [802, 983], [803, 983], [804, 984], [805, 983], [806, 982], [807, 982], [808, 981], [809, 981], [810, 980], [810, 979], [809, 979]]]]","[[], 40]"
26,26,"[[[132, 971]], [[131, 972]], [[130, 973]], [[129, 973]], [[128, 974]], [[127, 975]], [[126, 976]], [[125, 977]], [[124, 978]], [[123, 979]], [[123, 980]], [[122, 981]], [[121, 982]], [[120, 983]], [[120, 984]], [[120, 985]], [[119, 986]], [[118, 987]], [[118, 988]], [[117, 989]], [[117, 990]], [[117, 991]], [[116, 992]], [[116, 993]], [[116, 994]], [[115, 995]], [[115, 996]], [[115, 997]], [[115, 998]], [[115, 999]], [[115, 1000]], [[116, 1001]], [[117, 1001]], [[118, 1002]], [[119, 1003]], [[120, 1003]], [[121, 1004]], [[122, 1005]], [[123, 1005]], [[124, 1005]], [[125, 1005]], [[126, 1006]], [[127, 1006]], [[128, 1007]], [[128, 1008]], [[129, 1009]], [[129, 1010]], [[129, 1011]], [[129, 1012]], [[129, 1013]], [[130, 1014]], [[131, 1015]], [[130, 1016]], [[131, 1016]], [[132, 1016]], [[133, 1016]], [[134, 1017]], [[134, 1018]], [[133, 1019]], [[132, 1019]], [[131, 1018]], [[130, 1019]], [[129, 1018]], [[128, 1018]], [[128, 1019]], [[128, 1020]], [[127, 1021]], [[127, 1022]], [[126, 1023]], [[126, 1024]], [[125, 1025]], [[124, 1026]], [[123, 1027]], [[122, 1027]], [[121, 1028]], [[120, 1029]], [[119, 1030]], [[118, 1031]], [[117, 1032]], [[117, 1033]], [[116, 1034]], [[115, 1035]], [[114, 1036]], [[114, 1037]], [[113, 1038]], [[113, 1039]], [[112, 1040]], [[112, 1041]], [[111, 1042]], [[110, 1043]], [[109, 1044]], [[108, 1044]], [[108, 1045]], [[107, 1046]], [[106, 1046]], [[106, 1047]], [[105, 1048]], [[104, 1049]], [[103, 1050]], [[102, 1050]], [[101, 1051]], [[100, 1052]], [[99, 1052]], [[98, 1053]], [[97, 1053]], [[96, 1054]], [[95, 1054]], [[94, 1053]], [[93, 1053]], [[92, 1053]], [[91, 1053]], [[91, 1054]], [[91, 1055]], [[91, 1056]], [[91, 1057]], [[92, 1058]], [[92, 1059]], [[92, 1060]], [[92, 1061]], [[92, 1062]], [[92, 1063]], [[92, 1064]], [[92, 1065]], [[92, 1066]], [[91, 1067]], [[90, 1067]], [[89, 1067]], [[88, 1067]], [[87, 1066]], [[86, 1066]], [[85, 1066]], [[85, 1067]], [[84, 1068]], [[83, 1068]], [[82, 1067]], [[82, 1066]], [[82, 1065]], [[83, 1064]], [[84, 1063]], [[84, 1062]], [[85, 1061]], [[84, 1060]], [[83, 1059]], [[84, 1058]], [[83, 1057]], [[82, 1057]], [[81, 1057]], [[80, 1056]], [[79, 1056]], [[78, 1055]], [[78, 1054]], [[77, 1053]], [[76, 1052]], [[76, 1051]], [[75, 1050]], [[75, 1049]], [[75, 1048]], [[75, 1047]], [[75, 1046]], [[75, 1045]], [[75, 1044]], [[74, 1043]], [[74, 1042]], [[73, 1041]], [[73, 1040]], [[73, 1039]], [[72, 1038]], [[71, 1038]], [[70, 1038]], [[69, 1037]], [[68, 1036]], [[67, 1035]], [[68, 1034]], [[68, 1033]], [[68, 1032]], [[69, 1031]], [[69, 1030]], [[69, 1029]], [[69, 1028]], [[70, 1027]], [[70, 1026]], [[71, 1025]], [[70, 1024]], [[71, 1023]], [[71, 1022]], [[71, 1021]], [[71, 1020]], [[72, 1019]], [[73, 1020]], [[74, 1021]], [[74, 1022]], [[75, 1023]], [[75, 1024]], [[75, 1025]], [[76, 1025]], [[77, 1026]], [[78, 1027]], [[79, 1028]], [[80, 1028]], [[81, 1028]], [[82, 1028]], [[83, 1027]], [[84, 1026]], [[85, 1026]], [[86, 1027]], [[86, 1028]], [[87, 1028]], [[88, 1027]], [[89, 1026]], [[90, 1025]], [[90, 1024]], [[90, 1023]], [[90, 1022]], [[90, 1021]], [[91, 1020]], [[92, 1019]], [[92, 1018]], [[91, 1017]], [[91, 1016]], [[92, 1015]], [[92, 1014]], [[92, 1013]], [[92, 1012]], [[92, 1011]], [[91, 1010]], [[91, 1009]], [[91, 1008]], [[90, 1008]], [[89, 1008]], [[88, 1008]], [[87, 1009]], [[86, 1009]], [[85, 1008]], [[84, 1008]], [[83, 1008]], [[82, 1009]], [[81, 1009]], [[80, 1008]], [[79, 1008]], [[78, 1008]], [[77, 1008]], [[76, 1008]], [[75, 1007]], [[74, 1007]], [[73, 1006]], [[72, 1006]], [[71, 1006]], [[70, 1006]], [[69, 1006]], [[68, 1006]], [[67, 1006]], [[66, 1006]], [[65, 1006]], [[65, 1007]], [[64, 1008]], [[64, 1009]], [[64, 1010]], [[64, 1011]], [[63, 1012]], [[62, 1012]], [[61, 1012]], [[60, 1012]], [[59, 1012]], [[58, 1012]], [[57, 1012]], [[56, 1013]], [[56, 1014]], [[56, 1015]], [[56, 1016]], [[56, 1017]], [[55, 1018]], [[55, 1019]], [[54, 1020]], [[54, 1021]], [[53, 1022]], [[53, 1023]], [[52, 1024]], [[52, 1025]], [[52, 1026]], [[52, 1027]], [[51, 1028]], [[51, 1029]], [[51, 1030]], [[50, 1031]], [[50, 1032]], [[49, 1033]], [[48, 1034]], [[48, 1035]], [[48, 1036]], [[48, 1037]], [[47, 1038]], [[47, 1039]], [[47, 1040]], [[47, 1041]], [[46, 1042]], [[46, 1043]], [[46, 1044]], [[46, 1045]], [[45, 1046]], [[45, 1047]], [[44, 1048]], [[44, 1049]], [[43, 1050]], [[43, 1051]], [[43, 1052]], [[43, 1053]], [[43, 1054]], [[43, 1055]], [[44, 1056]], [[44, 1057]], [[45, 1058]], [[46, 1059]], [[47, 1060]], [[48, 1061]], [[48, 1062]], [[49, 1063]], [[50, 1064]], [[51, 1065]], [[51, 1066]], [[52, 1067]], [[52, 1068]], [[53, 1068]], [[54, 1068]], [[55, 1067]], [[56, 1067]], [[57, 1068]], [[57, 1069]], [[58, 1070]], [[59, 1070]], [[60, 1071]], [[61, 1071]], [[62, 1072]], [[62, 1073]], [[61, 1074]], [[62, 1074]], [[63, 1074]], [[64, 1075]], [[65, 1075]], [[66, 1076]], [[67, 1076]], [[68, 1076]], [[69, 1076]], [[70, 1076]], [[71, 1076]], [[72, 1075]], [[73, 1075]], [[74, 1075]], [[75, 1075]], [[76, 1075]], [[77, 1075]], [[78, 1075]], [[79, 1075]], [[80, 1074]], [[81, 1073]], [[81, 1072]], [[82, 1071]], [[83, 1070]], [[84, 1070]], [[83, 1070]], [[82, 1069]], [[83, 1068]], [[84, 1068]], [[85, 1068]], [[86, 1069]], [[86, 1070]], [[86, 1071]], [[87, 1071]], [[88, 1072]], [[87, 1073]], [[87, 1074]], [[87, 1075]], [[88, 1075]], [[89, 1075]], [[90, 1075]], [[91, 1075]], [[92, 1075]], [[93, 1076]], [[94, 1077]], [[95, 1077]], [[96, 1078]], [[97, 1079]], [[98, 1080]], [[99, 1081]], [[100, 1082]], [[101, 1082]], [[102, 1083]], [[103, 1084]], [[103, 1085]], [[104, 1086]], [[105, 1086]], [[106, 1086]], [[107, 1086]], [[108, 1087]], [[109, 1087]], [[110, 1087]], [[111, 1088]], [[112, 1088]], [[113, 1088]], [[114, 1088]], [[115, 1089]], [[116, 1089]], [[117, 1090]], [[118, 1090]], [[119, 1091]], [[120, 1091]], [[121, 1091]], [[122, 1092]], [[123, 1093]], [[123, 1094]], [[124, 1095]], [[125, 1096]], [[126, 1096]], [[127, 1097]], [[128, 1098]], [[129, 1099]], [[130, 1100]], [[131, 1101]], [[132, 1101]], [[133, 1101]], [[134, 1100]], [[135, 1100]], [[136, 1099]], [[137, 1099]], [[138, 1098]], [[139, 1098]], [[140, 1097]], [[141, 1096]], [[142, 1096]], [[143, 1095]], [[144, 1095]], [[145, 1095]], [[146, 1094]], [[147, 1094]], [[148, 1094]], [[149, 1093]], [[150, 1093]], [[151, 1093]], [[152, 1093]], [[153, 1092]], [[154, 1091]], [[155, 1091]], [[156, 1090]], [[156, 1089]], [[156, 1088]], [[156, 1087]], [[155, 1086]], [[155, 1085]], [[154, 1084]], [[154, 1083]], [[154, 1082]], [[154, 1081]], [[154, 1080]], [[155, 1079]], [[155, 1078]], [[155, 1077]], [[154, 1076]], [[153, 1075]], [[152, 1074]], [[152, 1073]], [[152, 1072]], [[152, 1071]], [[152, 1070]], [[152, 1069]], [[151, 1068]], [[151, 1067]], [[150, 1066]], [[149, 1065]], [[149, 1064]], [[149, 1063]], [[148, 1062]], [[148, 1061]], [[148, 1060]], [[147, 1059]], [[146, 1058]], [[145, 1057]], [[145, 1056]], [[145, 1055]], [[144, 1054]], [[144, 1053]], [[143, 1052]], [[144, 1051]], [[144, 1050]], [[144, 1049]], [[145, 1048]], [[144, 1047]], [[143, 1046]], [[143, 1045]], [[143, 1044]], [[143, 1043]], [[142, 1042]], [[142, 1041]], [[142, 1040]], [[142, 1039]], [[141, 1038]], [[140, 1037]], [[140, 1036]], [[140, 1035]], [[139, 1034]], [[138, 1034]], [[137, 1033]], [[137, 1032]], [[137, 1031]], [[136, 1030]], [[136, 1029]], [[135, 1028]], [[135, 1027]], [[135, 1026]], [[134, 1025]], [[135, 1024]], [[135, 1023]], [[136, 1022]], [[137, 1021]], [[138, 1021]], [[139, 1021]], [[140, 1020]], [[141, 1019]], [[141, 1018]], [[140, 1017]], [[140, 1016]], [[140, 1015]], [[141, 1014]], [[141, 1013]], [[141, 1012]], [[142, 1011]], [[143, 1011]], [[144, 1011]], [[145, 1011]], [[146, 1012]], [[146, 1013]], [[147, 1014]], [[147, 1015]], [[147, 1016]], [[146, 1017]], [[147, 1018]], [[148, 1019]], [[149, 1020]], [[150, 1021]], [[151, 1022]], [[151, 1023]], [[151, 1024]], [[152, 1025]], [[152, 1026]], [[152, 1027]], [[153, 1027]], [[154, 1027]], [[155, 1027]], [[156, 1028]], [[156, 1027]], [[156, 1026]], [[156, 1025]], [[155, 1024]], [[155, 1023]], [[156, 1022]], [[157, 1021]], [[158, 1021]], [[159, 1021]], [[160, 1022]], [[160, 1023]], [[161, 1024]], [[161, 1025]], [[161, 1026]], [[161, 1027]], [[160, 1028]], [[160, 1029]], [[159, 1030]], [[158, 1031]], [[159, 1032]], [[160, 1033]], [[159, 1034]], [[159, 1035]], [[159, 1036]], [[158, 1037]], [[157, 1038]], [[156, 1038]], [[155, 1038]], [[154, 1038]], [[153, 1039]], [[152, 1040]], [[152, 1041]], [[152, 1042]], [[151, 1043]], [[151, 1044]], [[151, 1045]], [[151, 1046]], [[152, 1047]], [[152, 1048]], [[152, 1049]], [[152, 1050]], [[151, 1051]], [[151, 1052]], [[152, 1052]], [[153, 1052]], [[154, 1053]], [[154, 1054]], [[155, 1055]], [[156, 1056]], [[157, 1055]], [[158, 1054]], [[159, 1053]], [[160, 1053]], [[161, 1054]], [[161, 1055]], [[162, 1055]], [[163, 1056]], [[163, 1055]], [[164, 1054]], [[164, 1053]], [[165, 1052]], [[165, 1051]], [[165, 1050]], [[165, 1049]], [[165, 1048]], [[165, 1047]], [[165, 1046]], [[165, 1045]], [[165, 1044]], [[165, 1043]], [[165, 1042]], [[165, 1041]], [[165, 1040]], [[166, 1039]], [[167, 1038]], [[168, 1038]], [[168, 1037]], [[169, 1036]], [[170, 1036]], [[171, 1036]], [[172, 1035]], [[173, 1034]], [[173, 1033]], [[174, 1032]], [[174, 1031]], [[173, 1030]], [[173, 1029]], [[173, 1028]], [[173, 1027]], [[173, 1026]], [[173, 1025]], [[174, 1024]], [[175, 1024]], [[176, 1025]], [[177, 1025]], [[178, 1026]], [[177, 1027]], [[176, 1027]], [[176, 1028]], [[177, 1028]], [[178, 1027]], [[179, 1027]], [[180, 1026]], [[181, 1026]], [[181, 1025]], [[181, 1024]], [[181, 1023]], [[182, 1022]], [[182, 1021]], [[183, 1020]], [[182, 1019]], [[182, 1018]], [[182, 1017]], [[182, 1016]], [[182, 1015]], [[182, 1014]], [[181, 1013]], [[180, 1012]], [[179, 1011]], [[178, 1010]], [[177, 1010]], [[176, 1010]], [[175, 1010]], [[174, 1009]], [[173, 1009]], [[172, 1008]], [[172, 1007]], [[171, 1007]], [[170, 1006]], [[169, 1007]], [[168, 1008]], [[167, 1008]], [[166, 1007]], [[165, 1007]], [[164, 1006]], [[163, 1006]], [[162, 1007]], [[161, 1006]], [[161, 1007]], [[161, 1008]], [[160, 1009]], [[161, 1010]], [[161, 1011]], [[161, 1012]], [[160, 1013]], [[159, 1013]], [[158, 1012]], [[157, 1013]], [[156, 1014]], [[155, 1013]], [[155, 1012]], [[154, 1012]], [[153, 1011]], [[153, 1010]], [[152, 1011]], [[151, 1012]], [[151, 1013]], [[151, 1014]], [[150, 1015]], [[149, 1015]], [[149, 1016]], [[148, 1017]], [[147, 1016]], [[147, 1015]], [[147, 1014]], [[146, 1013]], [[147, 1012]], [[148, 1011]], [[148, 1010]], [[149, 1009]], [[149, 1008]], [[149, 1007]], [[149, 1006]], [[150, 1005]], [[150, 1004]], [[151, 1003]], [[152, 1002]], [[153, 1001]], [[154, 1001]], [[155, 1002]], [[156, 1003]], [[157, 1003]], [[158, 1004]], [[159, 1004]], [[160, 1003]], [[161, 1003]], [[161, 1002]], [[161, 1001]], [[161, 1000]], [[162, 999]], [[163, 998]], [[164, 998]], [[165, 998]], [[166, 998]], [[165, 997]], [[164, 998]], [[163, 997]], [[162, 996]], [[162, 995]], [[162, 994]], [[162, 993]], [[161, 992]], [[161, 991]], [[160, 990]], [[159, 989]], [[159, 988]], [[159, 987]], [[158, 988]], [[157, 988]], [[156, 989]], [[155, 990]], [[154, 990]], [[153, 990]], [[152, 989]], [[151, 988]], [[150, 987]], [[150, 986]], [[149, 985]], [[149, 984]], [[149, 983]], [[149, 982]], [[149, 981]], [[148, 980]], [[147, 979]], [[146, 978]], [[145, 978]], [[144, 977]], [[143, 977]], [[142, 976]], [[141, 976]], [[140, 976]], [[139, 975]], [[138, 974]], [[137, 974]], [[136, 973]], [[135, 972]], [[134, 971]], [[133, 971]]]","[[], [[[126, 1009], [125, 1010], [126, 1011], [127, 1012], [127, 1013], [128, 1014], [127, 1015], [127, 1016], [126, 1017], [125, 1017], [124, 1018], [124, 1019], [125, 1020], [126, 1020], [127, 1020], [127, 1019], [127, 1018], [128, 1017], [129, 1017], [130, 1017], [131, 1017], [132, 1018], [133, 1018], [133, 1017], [132, 1017], [131, 1017], [130, 1017], [129, 1016], [130, 1015], [129, 1014], [128, 1013], [128, 1012], [128, 1011], [128, 1010], [128, 1009], [127, 1009]]], [[[98, 1086], [99, 1087], [100, 1088], [101, 1089], [101, 1090], [102, 1091], [103, 1091], [104, 1092], [105, 1092], [105, 1091], [106, 1090], [106, 1089], [107, 1088], [108, 1089], [109, 1089], [110, 1089], [111, 1090], [112, 1090], [113, 1090], [114, 1091], [115, 1091], [116, 1092], [117, 1093], [117, 1094], [116, 1095], [116, 1096], [117, 1097], [117, 1098], [117, 1099], [116, 1100], [115, 1101], [114, 1101], [114, 1102], [114, 1103], [114, 1104], [115, 1104], [116, 1103], [117, 1103], [117, 1102], [117, 1101], [118, 1100], [119, 1100], [120, 1100], [121, 1101], [122, 1102], [122, 1103], [123, 1103], [124, 1103], [125, 1102], [126, 1102], [127, 1102], [127, 1101], [126, 1100], [125, 1099], [124, 1098], [123, 1099], [122, 1098], [121, 1098], [120, 1097], [120, 1096], [120, 1095], [121, 1094], [122, 1094], [122, 1093], [121, 1092], [120, 1092], [119, 1092], [118, 1091], [117, 1091], [116, 1090], [115, 1090], [114, 1089], [113, 1089], [112, 1089], [111, 1089], [110, 1088], [109, 1088], [108, 1088], [107, 1087], [106, 1087], [106, 1088], [105, 1089], [104, 1090], [103, 1090], [102, 1090], [101, 1089], [100, 1088], [100, 1087], [99, 1086]]], [[[142, 1012], [142, 1013], [142, 1014], [141, 1015], [141, 1016], [141, 1017], [142, 1018], [142, 1019], [141, 1020], [140, 1021], [139, 1022], [138, 1022], [137, 1022], [137, 1023], [137, 1024], [137, 1025], [138, 1025], [137, 1024], [138, 1023], [139, 1022], [140, 1022], [141, 1022], [142, 1021], [143, 1020], [143, 1019], [144, 1018], [145, 1017], [146, 1016], [146, 1015], [146, 1014], [145, 1013], [145, 1012], [144, 1012], [143, 1012]]], [[[153, 1002], [152, 1003], [151, 1004], [151, 1005], [150, 1006], [150, 1007], [150, 1008], [150, 1009], [149, 1010], [149, 1011], [150, 1011], [151, 1011], [152, 1010], [151, 1011], [150, 1010], [150, 1009], [151, 1008], [152, 1007], [153, 1006], [154, 1006], [155, 1007], [156, 1007], [157, 1007], [158, 1008], [159, 1008], [160, 1008], [160, 1007], [160, 1006], [160, 1005], [159, 1005], [158, 1005], [157, 1004], [156, 1004], [155, 1003], [154, 1002]]], [[[172, 986], [171, 987], [170, 988], [169, 988], [168, 988], [167, 989], [168, 990], [169, 991], [169, 992], [169, 993], [168, 994], [167, 994], [166, 994], [165, 994], [164, 993], [163, 993], [163, 994], [164, 995], [164, 996], [165, 996], [166, 996], [167, 996], [168, 997], [169, 997], [169, 996], [170, 995], [170, 994], [169, 993], [170, 992], [171, 991], [172, 990], [172, 989], [172, 988], [173, 987]]]]","[[], 41, 42, 43, 44, 45]"
27,27,"[[[804, 957]], [[803, 958]], [[802, 959]], [[801, 960]], [[801, 961]], [[801, 962]], [[801, 963]], [[800, 964]], [[799, 963]], [[798, 964]], [[797, 965]], [[796, 966]], [[796, 967]], [[796, 968]], [[797, 969]], [[797, 970]], [[797, 971]], [[796, 972]], [[796, 973]], [[796, 974]], [[796, 975]], [[796, 976]], [[796, 977]], [[797, 978]], [[797, 979]], [[798, 979]], [[799, 980]], [[800, 981]], [[801, 980]], [[802, 980]], [[803, 980]], [[804, 979]], [[805, 979]], [[806, 979]], [[807, 978]], [[808, 978]], [[809, 978]], [[810, 977]], [[811, 976]], [[812, 975]], [[812, 974]], [[812, 973]], [[812, 972]], [[812, 971]], [[812, 970]], [[812, 969]], [[813, 968]], [[813, 967]], [[813, 966]], [[813, 965]], [[813, 964]], [[813, 963]], [[812, 962]], [[812, 961]], [[811, 960]], [[810, 959]], [[809, 959]], [[808, 959]], [[807, 958]], [[806, 958]], [[805, 957]]]","[[], [[[808, 979], [807, 980], [806, 980], [805, 981], [804, 981], [803, 982], [802, 982], [801, 982], [800, 982], [799, 981], [798, 980], [797, 980], [796, 980], [795, 981], [796, 982], [797, 982], [798, 982], [799, 982], [800, 983], [801, 983], [802, 983], [803, 983], [804, 984], [805, 983], [806, 982], [807, 982], [808, 981], [809, 981], [810, 980], [810, 979], [809, 979]]]]","[[], 40]"
28,28,"[[[490, 955]], [[489, 956]], [[488, 956]], [[488, 957]], [[487, 958]], [[487, 959]], [[486, 960]], [[485, 961]], [[484, 962]], [[483, 962]], [[483, 963]], [[483, 964]], [[482, 965]], [[482, 966]], [[481, 967]], [[480, 968]], [[480, 969]], [[480, 970]], [[480, 971]], [[479, 972]], [[479, 973]], [[478, 974]], [[479, 975]], [[479, 976]], [[480, 977]], [[480, 978]], [[480, 979]], [[480, 980]], [[481, 981]], [[482, 980]], [[483, 980]], [[484, 980]], [[485, 980]], [[486, 980]], [[487, 979]], [[488, 978]], [[489, 977]], [[490, 976]], [[490, 975]], [[490, 974]], [[490, 973]], [[491, 972]], [[492, 972]], [[493, 971]], [[494, 970]], [[494, 969]], [[494, 968]], [[495, 967]], [[496, 966]], [[497, 965]], [[497, 964]], [[497, 963]], [[498, 962]], [[499, 961]], [[499, 960]], [[499, 959]], [[498, 958]], [[498, 957]], [[497, 956]], [[496, 956]], [[495, 956]], [[494, 956]], [[493, 955]], [[492, 955]], [[491, 955]]]","[[[[479, 952], [479, 953], [479, 954], [480, 955], [480, 956], [481, 957], [482, 958], [481, 959], [480, 959], [479, 959], [478, 959], [478, 960], [479, 961], [480, 962], [480, 963], [481, 964], [480, 965], [480, 966], [481, 966], [481, 965], [481, 964], [482, 963], [482, 962], [483, 961], [484, 961], [484, 960], [483, 959], [483, 958], [484, 957], [484, 956], [483, 956], [482, 955], [481, 954], [482, 953], [483, 953], [482, 953], [481, 952], [480, 952]]], [], [[[496, 967], [495, 968], [495, 969], [495, 970], [494, 971], [493, 972], [492, 973], [491, 973], [491, 974], [491, 975], [491, 976], [491, 977], [492, 978], [492, 979], [493, 978], [494, 979], [495, 979], [496, 979], [497, 979], [498, 979], [498, 978], [497, 979], [496, 979], [495, 979], [494, 979], [493, 978], [492, 978], [491, 977], [491, 976], [491, 975], [492, 974], [493, 974], [494, 973], [494, 972], [495, 971], [496, 970], [497, 969], [497, 968]]]]","[47, [], 48]"
29,29,"[[[591, 951]], [[591, 952]], [[590, 953]], [[589, 954]], [[588, 955]], [[587, 955]], [[586, 955]], [[585, 955]], [[584, 956]], [[583, 957]], [[582, 958]], [[581, 958]], [[580, 959]], [[579, 960]], [[579, 961]], [[578, 962]], [[578, 963]], [[578, 964]], [[577, 965]], [[577, 966]], [[577, 967]], [[577, 968]], [[576, 969]], [[576, 970]], [[576, 971]], [[575, 972]], [[574, 972]], [[575, 973]], [[576, 973]], [[577, 974]], [[577, 975]], [[577, 976]], [[577, 977]], [[577, 978]], [[578, 979]], [[578, 980]], [[579, 981]], [[580, 982]], [[581, 983]], [[582, 982]], [[583, 983]], [[583, 984]], [[583, 985]], [[583, 986]], [[584, 985]], [[585, 985]], [[586, 986]], [[587, 987]], [[588, 986]], [[589, 986]], [[590, 987]], [[590, 988]], [[591, 988]], [[592, 987]], [[592, 986]], [[592, 985]], [[593, 984]], [[594, 983]], [[595, 983]], [[595, 982]], [[596, 981]], [[597, 981]], [[598, 981]], [[599, 980]], [[600, 979]], [[601, 978]], [[600, 978]], [[599, 977]], [[599, 976]], [[599, 975]], [[600, 974]], [[601, 974]], [[602, 973]], [[603, 973]], [[604, 973]], [[603, 973]], [[602, 972]], [[601, 971]], [[601, 970]], [[601, 969]], [[602, 968]], [[603, 967]], [[604, 967]], [[605, 967]], [[605, 966]], [[604, 966]], [[603, 965]], [[603, 964]], [[604, 963]], [[605, 963]], [[605, 962]], [[605, 961]], [[605, 960]], [[604, 959]], [[605, 958]], [[605, 957]], [[605, 956]], [[605, 957]], [[604, 958]], [[603, 958]], [[602, 958]], [[601, 957]], [[601, 956]], [[601, 955]], [[600, 955]], [[599, 956]], [[598, 955]], [[597, 955]], [[596, 954]], [[595, 954]], [[594, 953]], [[593, 953]], [[592, 952]]]","[[], [[[589, 951], [588, 952], [587, 952], [586, 952], [585, 953], [584, 954], [583, 955], [582, 956], [581, 957], [580, 957], [579, 958], [578, 958], [577, 958], [578, 959], [579, 959], [580, 958], [581, 957], [582, 957], [583, 956], [584, 955], [585, 954], [586, 954], [587, 954], [588, 954], [589, 953], [590, 952]]], [[[573, 961], [574, 962], [575, 963], [575, 964], [574, 965], [573, 966], [572, 966], [571, 966], [570, 966], [571, 967], [572, 968], [573, 968], [574, 969], [574, 970], [575, 970], [575, 969], [576, 968], [576, 967], [576, 966], [576, 965], [577, 964], [577, 963], [577, 962], [577, 961], [576, 962], [575, 961], [574, 961]]], [[[576, 979], [576, 980], [576, 981], [577, 982], [577, 983], [577, 984], [578, 985], [579, 986], [579, 987], [580, 988], [580, 989], [580, 990], [581, 991], [582, 990], [583, 990], [584, 989], [583, 988], [583, 987], [582, 986], [582, 985], [582, 984], [582, 983], [581, 984], [580, 983], [579, 982], [578, 981], [577, 980]]], [[[596, 982], [596, 983], [595, 984], [594, 984], [593, 985], [593, 986], [593, 987], [592, 988], [591, 989], [590, 989], [589, 988], [589, 987], [588, 987], [588, 988], [587, 989], [586, 990], [586, 991], [586, 992], [586, 993], [586, 994], [585, 995], [584, 994], [583, 993], [582, 994], [581, 993], [580, 993], [579, 994], [578, 994], [577, 995], [576, 995], [575, 994], [575, 993], [574, 992], [573, 992], [572, 993], [573, 994], [574, 995], [573, 996], [572, 997], [571, 998], [570, 998], [570, 999], [571, 999], [572, 999], [573, 1000], [574, 1000], [574, 999], [574, 998], [574, 997], [574, 996], [575, 995], [576, 995], [577, 995], [578, 994], [579, 994], [580, 994], [581, 994], [582, 994], [583, 994], [584, 994], [585, 995], [584, 996], [583, 997], [582, 997], [581, 998], [582, 999], [583, 999], [584, 1000], [584, 1001], [584, 1002], [584, 1001], [585, 1000], [586, 999], [587, 999], [587, 998], [587, 997], [587, 996], [587, 995], [587, 994], [587, 993], [587, 992], [588, 991], [589, 991], [590, 992], [590, 993], [589, 994], [590, 995], [591, 995], [592, 994], [593, 993], [594, 993], [594, 992], [593, 991], [592, 990], [592, 989], [593, 988], [594, 987], [595, 987], [595, 986], [595, 985], [595, 984], [596, 983], [597, 983], [598, 983], [599, 982], [598, 982], [597, 982]], [[576, 979], [576, 980], [576, 981], [577, 982], [577, 983], [577, 984], [578, 985], [579, 986], [579, 987], [580, 988], [580, 989], [580, 990], [581, 991], [582, 990], [583, 990], [584, 989], [583, 988], [583, 987], [582, 986], [582, 985], [582, 984], [582, 983], [581, 984], [580, 983], [579, 982], [578, 981], [577, 980]]], [[[596, 982], [596, 983], [595, 984], [594, 984], [593, 985], [593, 986], [593, 987], [592, 988], [591, 989], [590, 989], [589, 988], [589, 987], [588, 987], [588, 988], [587, 989], [586, 990], [586, 991], [586, 992], [586, 993], [586, 994], [585, 995], [584, 994], [583, 993], [582, 994], [581, 993], [580, 993], [579, 994], [578, 994], [577, 995], [576, 995], [575, 994], [575, 993], [574, 992], [573, 992], [572, 993], [573, 994], [574, 995], [573, 996], [572, 997], [571, 998], [570, 998], [570, 999], [571, 999], [572, 999], [573, 1000], [574, 1000], [574, 999], [574, 998], [574, 997], [574, 996], [575, 995], [576, 995], [577, 995], [578, 994], [579, 994], [580, 994], [581, 994], [582, 994], [583, 994], [584, 994], [585, 995], [584, 996], [583, 997], [582, 997], [581, 998], [582, 999], [583, 999], [584, 1000], [584, 1001], [584, 1002], [584, 1001], [585, 1000], [586, 999], [587, 999], [587, 998], [587, 997], [587, 996], [587, 995], [587, 994], [587, 993], [587, 992], [588, 991], [589, 991], [590, 992], [590, 993], [589, 994], [590, 995], [591, 995], [592, 994], [593, 993], [594, 993], [594, 992], [593, 991], [592, 990], [592, 989], [593, 988], [594, 987], [595, 987], [595, 986], [595, 985], [595, 984], [596, 983], [597, 983], [598, 983], [599, 982], [598, 982], [597, 982]]], [[[606, 962], [606, 963], [605, 964], [604, 964], [604, 965], [605, 965], [606, 966], [606, 967], [605, 968], [604, 968], [603, 968], [602, 969], [602, 970], [602, 971], [603, 972], [604, 972], [605, 971], [605, 970], [606, 969], [607, 969], [608, 969], [609, 969], [610, 969], [611, 970], [611, 971], [611, 972], [611, 971], [611, 970], [610, 969], [609, 968], [608, 967], [607, 966], [607, 965], [606, 964], [606, 963]]]]","[[], 49, 50, 51, 52, 53, 54]"
30,30,"[[[113, 946]], [[112, 947]], [[111, 947]], [[110, 947]], [[109, 947]], [[108, 947]], [[108, 948]], [[107, 949]], [[107, 950]], [[107, 951]], [[106, 952]], [[105, 953]], [[104, 953]], [[103, 952]], [[102, 951]], [[101, 950]], [[100, 949]], [[100, 948]], [[99, 948]], [[98, 947]], [[97, 947]], [[96, 947]], [[95, 947]], [[94, 948]], [[94, 949]], [[94, 950]], [[93, 951]], [[93, 952]], [[93, 953]], [[93, 954]], [[93, 955]], [[94, 956]], [[94, 957]], [[95, 957]], [[96, 958]], [[96, 959]], [[97, 959]], [[98, 960]], [[99, 960]], [[100, 961]], [[101, 961]], [[102, 961]], [[103, 962]], [[104, 963]], [[105, 963]], [[106, 964]], [[107, 964]], [[108, 964]], [[109, 964]], [[110, 964]], [[111, 964]], [[112, 963]], [[113, 963]], [[114, 962]], [[115, 962]], [[116, 962]], [[117, 961]], [[118, 961]], [[118, 960]], [[118, 959]], [[118, 958]], [[119, 957]], [[119, 956]], [[119, 955]], [[119, 954]], [[119, 953]], [[120, 952]], [[120, 951]], [[120, 950]], [[120, 949]], [[120, 948]], [[119, 947]], [[118, 946]], [[117, 946]], [[116, 946]], [[115, 946]], [[114, 946]]]","[[], [[[116, 963], [115, 964], [114, 964], [113, 965], [112, 965], [111, 965], [111, 966], [112, 965], [113, 965], [114, 964], [115, 965], [115, 966], [116, 967], [115, 968], [114, 968], [113, 968], [112, 968], [112, 969], [113, 969], [114, 969], [115, 969], [116, 968], [116, 967], [117, 966], [118, 966], [118, 965], [118, 964], [117, 963]]]]","[[], 55]"
31,31,"[[[310, 930]], [[309, 931]], [[308, 932]], [[307, 932]], [[306, 932]], [[305, 932]], [[304, 932]], [[303, 932]], [[302, 932]], [[301, 932]], [[301, 933]], [[301, 934]], [[300, 935]], [[299, 936]], [[298, 937]], [[298, 938]], [[299, 939]], [[300, 939]], [[301, 938]], [[302, 938]], [[303, 939]], [[303, 940]], [[304, 940]], [[304, 939]], [[305, 938]], [[306, 938]], [[307, 937]], [[308, 937]], [[309, 937]], [[310, 937]], [[311, 937]], [[312, 937]], [[313, 937]], [[314, 937]], [[315, 937]], [[316, 936]], [[317, 935]], [[317, 934]], [[316, 933]], [[315, 932]], [[314, 932]], [[313, 931]], [[313, 930]], [[312, 930]], [[311, 930]]]","[[[[301, 940], [300, 941], [299, 941], [299, 942], [299, 943], [299, 944], [298, 945], [297, 945], [296, 946], [296, 947], [297, 947], [298, 948], [298, 949], [299, 949], [300, 950], [300, 951], [301, 952], [302, 953], [303, 953], [304, 954], [305, 955], [305, 956], [306, 956], [307, 956], [308, 956], [307, 956], [306, 955], [305, 954], [304, 953], [304, 952], [303, 951], [303, 950], [302, 950], [301, 949], [300, 948], [300, 947], [300, 946], [300, 945], [300, 944], [301, 943], [302, 942], [303, 942], [304, 941], [303, 941], [302, 940]]]]",[56]
32,32,"[[[236, 923]], [[236, 924]], [[236, 925]], [[237, 926]], [[237, 927]], [[237, 928]], [[237, 929]], [[237, 930]], [[238, 931]], [[238, 932]], [[239, 933]], [[240, 934]], [[241, 934]], [[242, 934]], [[243, 934]], [[244, 935]], [[245, 935]], [[246, 934]], [[246, 933]], [[246, 932]], [[246, 931]], [[246, 930]], [[246, 929]], [[245, 928]], [[244, 928]], [[243, 927]], [[242, 926]], [[241, 925]], [[240, 924]], [[240, 923]], [[239, 923]], [[238, 923]], [[237, 923]]]",[],[]
33,33,"[[[511, 913]], [[510, 914]], [[509, 914]], [[508, 914]], [[507, 915]], [[506, 915]], [[505, 916]], [[504, 916]], [[503, 917]], [[502, 917]], [[501, 918]], [[500, 918]], [[500, 919]], [[500, 920]], [[499, 921]], [[500, 922]], [[501, 923]], [[501, 924]], [[501, 925]], [[500, 926]], [[499, 926]], [[499, 927]], [[498, 928]], [[497, 929]], [[497, 930]], [[497, 931]], [[497, 932]], [[498, 932]], [[499, 931]], [[500, 930]], [[501, 929]], [[502, 928]], [[503, 928]], [[503, 927]], [[503, 926]], [[503, 925]], [[503, 924]], [[503, 923]], [[503, 922]], [[504, 921]], [[505, 922]], [[506, 922]], [[507, 923]], [[506, 924]], [[506, 925]], [[507, 926]], [[507, 927]], [[507, 928]], [[508, 928]], [[509, 929]], [[510, 929]], [[511, 928]], [[512, 927]], [[513, 927]], [[514, 926]], [[514, 925]], [[515, 924]], [[515, 923]], [[515, 922]], [[515, 921]], [[514, 920]], [[513, 919]], [[513, 918]], [[513, 917]], [[514, 916]], [[514, 915]], [[514, 914]], [[513, 914]], [[512, 914]]]","[[[[507, 903], [507, 904], [507, 905], [507, 906], [507, 907], [507, 908], [508, 909], [508, 910], [508, 911], [507, 912], [506, 912], [505, 913], [504, 913], [503, 912], [503, 911], [503, 910], [502, 909], [501, 909], [501, 910], [501, 911], [502, 912], [502, 913], [501, 914], [501, 915], [501, 916], [500, 917], [501, 917], [502, 916], [503, 916], [504, 915], [505, 915], [506, 914], [507, 914], [508, 913], [509, 913], [510, 913], [511, 912], [511, 911], [510, 910], [510, 909], [509, 908], [508, 907], [507, 906], [507, 905], [508, 904]]], [[[489, 916], [488, 917], [487, 917], [488, 917], [489, 918], [489, 919], [489, 920], [488, 921], [487, 921], [486, 921], [485, 920], [485, 921], [486, 921], [487, 922], [488, 923], [489, 923], [488, 922], [488, 921], [489, 920], [490, 920], [491, 920], [492, 921], [493, 922], [493, 923], [493, 924], [494, 925], [495, 926], [496, 927], [496, 928], [496, 929], [497, 928], [498, 927], [497, 926], [496, 926], [495, 926], [494, 925], [494, 924], [494, 923], [494, 922], [495, 921], [495, 920], [496, 919], [497, 920], [498, 920], [498, 919], [497, 919], [496, 919], [495, 919], [495, 920], [494, 921], [493, 921], [492, 920], [491, 920], [490, 919], [490, 918], [491, 917], [490, 916]]], []]","[57, 58, []]"
34,34,"[[[144, 892]], [[143, 893]], [[142, 893]], [[141, 894]], [[140, 894]], [[139, 894]], [[138, 895]], [[137, 895]], [[136, 895]], [[135, 895]], [[134, 895]], [[133, 896]], [[133, 897]], [[132, 898]], [[131, 899]], [[130, 899]], [[129, 899]], [[128, 899]], [[127, 899]], [[126, 900]], [[126, 901]], [[126, 902]], [[126, 903]], [[125, 904]], [[124, 905]], [[123, 905]], [[123, 906]], [[124, 907]], [[125, 907]], [[126, 907]], [[127, 908]], [[128, 908]], [[129, 908]], [[130, 908]], [[131, 908]], [[132, 909]], [[133, 909]], [[134, 910]], [[135, 911]], [[136, 911]], [[137, 912]], [[138, 912]], [[139, 912]], [[140, 912]], [[141, 912]], [[142, 912]], [[143, 912]], [[144, 911]], [[145, 910]], [[146, 910]], [[147, 909]], [[148, 909]], [[149, 908]], [[149, 907]], [[149, 906]], [[150, 905]], [[150, 904]], [[151, 903]], [[152, 902]], [[152, 901]], [[153, 900]], [[153, 899]], [[152, 898]], [[151, 898]], [[150, 897]], [[150, 896]], [[149, 895]], [[148, 894]], [[147, 893]], [[146, 892]], [[145, 892]]]","[[[[148, 886], [147, 887], [146, 888], [145, 889], [144, 889], [143, 890], [142, 891], [141, 891], [140, 892], [139, 891], [138, 891], [137, 892], [136, 892], [135, 893], [134, 893], [133, 894], [132, 894], [131, 894], [130, 894], [129, 894], [128, 894], [127, 895], [127, 896], [128, 896], [129, 897], [130, 897], [131, 898], [132, 897], [132, 896], [133, 895], [134, 894], [135, 894], [136, 894], [137, 894], [138, 894], [139, 893], [140, 893], [141, 893], [142, 892], [143, 892], [143, 891], [144, 890], [145, 890], [146, 891], [147, 892], [148, 893], [149, 894], [149, 893], [149, 892], [149, 891], [150, 890], [150, 889], [150, 888], [150, 887], [150, 886], [149, 886]]], [], [[[156, 874], [156, 875], [157, 876], [157, 877], [157, 878], [157, 879], [157, 880], [157, 881], [157, 882], [158, 882], [159, 883], [159, 884], [159, 885], [159, 886], [159, 887], [160, 888], [159, 889], [158, 890], [157, 890], [156, 890], [155, 890], [155, 891], [155, 892], [155, 893], [155, 894], [154, 895], [153, 896], [152, 896], [151, 896], [151, 897], [152, 897], [153, 896], [154, 895], [155, 895], [156, 895], [157, 894], [158, 894], [159, 893], [159, 892], [159, 891], [160, 890], [161, 889], [162, 890], [162, 891], [163, 892], [163, 893], [163, 894], [163, 895], [164, 896], [165, 897], [165, 896], [164, 895], [164, 894], [163, 893], [163, 892], [164, 891], [164, 890], [164, 889], [164, 888], [164, 887], [165, 886], [166, 886], [167, 886], [168, 887], [169, 888], [170, 889], [170, 888], [170, 887], [169, 886], [168, 886], [167, 885], [166, 884], [165, 884], [165, 885], [165, 886], [164, 887], [163, 887], [162, 887], [161, 886], [161, 885], [161, 884], [161, 883], [160, 882], [161, 881], [160, 881], [159, 881], [158, 880], [158, 879], [159, 878], [159, 877], [158, 876], [157, 875], [157, 874]]]]","[59, [], 60]"
35,35,"[[[605, 887]], [[604, 888]], [[604, 889]], [[604, 890]], [[604, 891]], [[604, 892]], [[603, 893]], [[603, 894]], [[602, 895]], [[603, 896]], [[603, 897]], [[603, 898]], [[603, 899]], [[603, 900]], [[602, 901]], [[601, 901]], [[600, 901]], [[599, 900]], [[598, 900]], [[597, 900]], [[596, 899]], [[595, 899]], [[594, 898]], [[593, 898]], [[592, 898]], [[591, 897]], [[590, 897]], [[589, 897]], [[588, 897]], [[587, 897]], [[586, 897]], [[585, 897]], [[584, 897]], [[583, 897]], [[582, 897]], [[581, 898]], [[580, 898]], [[579, 898]], [[579, 899]], [[578, 900]], [[578, 901]], [[577, 902]], [[577, 903]], [[576, 904]], [[576, 905]], [[577, 906]], [[578, 907]], [[578, 908]], [[578, 909]], [[578, 910]], [[578, 911]], [[578, 912]], [[579, 913]], [[579, 914]], [[579, 915]], [[579, 916]], [[579, 917]], [[579, 918]], [[578, 919]], [[577, 920]], [[576, 920]], [[575, 921]], [[574, 922]], [[573, 923]], [[572, 924]], [[573, 925]], [[572, 926]], [[571, 927]], [[571, 928]], [[571, 929]], [[570, 930]], [[570, 931]], [[570, 932]], [[569, 933]], [[569, 934]], [[569, 935]], [[570, 936]], [[571, 937]], [[571, 938]], [[571, 939]], [[572, 940]], [[573, 940]], [[574, 941]], [[574, 942]], [[574, 943]], [[575, 944]], [[576, 945]], [[577, 945]], [[578, 945]], [[579, 945]], [[580, 946]], [[581, 946]], [[582, 946]], [[583, 946]], [[584, 946]], [[585, 946]], [[586, 946]], [[587, 946]], [[588, 946]], [[589, 946]], [[590, 946]], [[591, 946]], [[592, 945]], [[593, 944]], [[594, 943]], [[594, 942]], [[595, 941]], [[596, 940]], [[597, 939]], [[597, 938]], [[597, 937]], [[598, 936]], [[599, 935]], [[600, 934]], [[601, 933]], [[602, 932]], [[603, 931]], [[603, 930]], [[603, 929]], [[603, 928]], [[603, 927]], [[603, 926]], [[603, 925]], [[602, 924]], [[602, 923]], [[602, 922]], [[602, 921]], [[602, 920]], [[603, 919]], [[604, 918]], [[605, 917]], [[605, 916]], [[606, 915]], [[607, 914]], [[608, 915]], [[609, 916]], [[610, 917]], [[611, 918]], [[612, 918]], [[613, 918]], [[614, 917]], [[615, 917]], [[616, 917]], [[617, 917]], [[618, 917]], [[619, 918]], [[620, 918]], [[621, 918]], [[622, 918]], [[623, 917]], [[624, 918]], [[625, 918]], [[626, 918]], [[627, 918]], [[628, 918]], [[629, 918]], [[630, 918]], [[631, 917]], [[631, 916]], [[631, 915]], [[632, 914]], [[632, 913]], [[633, 912]], [[634, 911]], [[635, 910]], [[635, 909]], [[635, 908]], [[634, 907]], [[633, 906]], [[632, 906]], [[631, 906]], [[630, 906]], [[629, 905]], [[628, 904]], [[628, 903]], [[628, 902]], [[627, 901]], [[627, 900]], [[627, 899]], [[626, 898]], [[626, 897]], [[626, 896]], [[625, 895]], [[624, 894]], [[623, 894]], [[622, 894]], [[621, 893]], [[620, 892]], [[620, 891]], [[621, 890]], [[620, 890]], [[619, 889]], [[618, 889]], [[617, 889]], [[616, 888]], [[615, 888]], [[614, 888]], [[613, 888]], [[612, 888]], [[611, 889]], [[610, 888]], [[609, 887]], [[608, 887]], [[607, 887]], [[606, 887]]]","[[], [[[564, 934], [563, 935], [562, 936], [562, 937], [561, 938], [560, 938], [559, 938], [558, 938], [557, 938], [556, 939], [555, 939], [554, 940], [555, 941], [556, 941], [557, 941], [558, 941], [559, 941], [560, 941], [560, 940], [560, 939], [561, 938], [562, 937], [563, 937], [564, 938], [564, 937], [565, 936], [566, 936], [567, 936], [568, 936], [569, 937], [569, 938], [570, 938], [570, 937], [569, 937], [568, 936], [568, 935], [568, 934], [567, 935], [566, 934], [565, 934]]], [[[604, 927], [604, 928], [604, 929], [604, 930], [604, 931], [604, 932], [604, 933], [605, 934], [605, 935], [605, 936], [605, 937], [604, 938], [603, 938], [603, 939], [602, 940], [601, 940], [600, 940], [599, 940], [598, 940], [597, 941], [596, 941], [596, 942], [597, 942], [598, 942], [599, 943], [600, 943], [601, 942], [602, 942], [603, 943], [604, 943], [605, 943], [605, 942], [606, 941], [605, 940], [605, 939], [606, 938], [607, 938], [608, 937], [609, 938], [609, 939], [609, 940], [610, 940], [610, 939], [609, 938], [609, 937], [609, 936], [609, 935], [609, 934], [609, 933], [610, 932], [610, 931], [610, 930], [609, 930], [608, 930], [607, 930], [606, 929], [606, 928], [606, 927], [605, 927]]], [[[613, 883], [613, 884], [612, 885], [611, 886], [612, 887], [613, 887], [614, 887], [615, 887], [616, 887], [617, 888], [618, 888], [619, 888], [620, 889], [621, 889], [622, 890], [621, 891], [621, 892], [622, 892], [623, 892], [623, 891], [622, 890], [622, 889], [623, 888], [622, 887], [621, 887], [620, 887], [619, 887], [618, 887], [617, 886], [617, 885], [616, 885], [615, 884], [614, 883]]]]","[[], 61, 62, 63]"
36,36,"[[[429, 885]], [[428, 886]], [[427, 886]], [[426, 887]], [[425, 888]], [[424, 889]], [[423, 890]], [[423, 891]], [[423, 892]], [[423, 893]], [[422, 894]], [[421, 895]], [[420, 895]], [[419, 896]], [[418, 896]], [[417, 896]], [[416, 897]], [[415, 898]], [[414, 898]], [[413, 898]], [[412, 899]], [[411, 899]], [[410, 900]], [[409, 901]], [[408, 901]], [[409, 902]], [[408, 903]], [[408, 904]], [[407, 905]], [[407, 906]], [[406, 907]], [[405, 908]], [[405, 909]], [[405, 910]], [[405, 911]], [[404, 912]], [[404, 913]], [[404, 914]], [[404, 915]], [[404, 916]], [[404, 917]], [[405, 918]], [[405, 919]], [[406, 919]], [[407, 920]], [[408, 921]], [[409, 922]], [[410, 923]], [[410, 924]], [[410, 925]], [[410, 926]], [[410, 927]], [[409, 928]], [[408, 929]], [[407, 930]], [[406, 931]], [[406, 932]], [[405, 933]], [[406, 934]], [[406, 935]], [[406, 936]], [[406, 937]], [[406, 938]], [[406, 939]], [[406, 940]], [[405, 941]], [[406, 942]], [[406, 943]], [[405, 944]], [[405, 945]], [[405, 946]], [[405, 947]], [[404, 948]], [[404, 949]], [[404, 950]], [[404, 951]], [[405, 952]], [[406, 953]], [[407, 954]], [[406, 955]], [[406, 956]], [[406, 957]], [[407, 957]], [[408, 958]], [[409, 957]], [[410, 957]], [[411, 957]], [[412, 957]], [[413, 958]], [[413, 959]], [[412, 960]], [[411, 961]], [[411, 962]], [[410, 963]], [[409, 963]], [[409, 964]], [[410, 965]], [[410, 966]], [[410, 967]], [[410, 968]], [[410, 969]], [[410, 970]], [[411, 971]], [[412, 972]], [[413, 972]], [[414, 972]], [[415, 972]], [[416, 972]], [[417, 973]], [[418, 973]], [[419, 973]], [[420, 974]], [[420, 975]], [[421, 976]], [[422, 977]], [[423, 978]], [[424, 978]], [[425, 978]], [[426, 978]], [[427, 978]], [[428, 978]], [[429, 978]], [[430, 979]], [[431, 979]], [[432, 979]], [[433, 979]], [[434, 979]], [[435, 979]], [[436, 978]], [[437, 978]], [[438, 978]], [[439, 978]], [[440, 978]], [[441, 978]], [[442, 979]], [[443, 979]], [[444, 979]], [[445, 979]], [[446, 978]], [[447, 978]], [[448, 977]], [[449, 977]], [[450, 977]], [[451, 977]], [[452, 976]], [[453, 976]], [[454, 975]], [[455, 975]], [[456, 974]], [[456, 973]], [[457, 972]], [[457, 971]], [[458, 970]], [[459, 969]], [[460, 968]], [[461, 967]], [[461, 966]], [[462, 965]], [[463, 964]], [[464, 963]], [[465, 962]], [[465, 961]], [[465, 960]], [[465, 959]], [[465, 958]], [[466, 957]], [[466, 956]], [[466, 955]], [[467, 954]], [[468, 953]], [[469, 953]], [[470, 953]], [[470, 952]], [[470, 951]], [[471, 950]], [[472, 949]], [[473, 948]], [[472, 947]], [[472, 946]], [[473, 945]], [[473, 944]], [[473, 943]], [[474, 942]], [[475, 942]], [[476, 941]], [[476, 940]], [[476, 939]], [[476, 938]], [[475, 937]], [[475, 936]], [[475, 935]], [[474, 934]], [[474, 933]], [[473, 933]], [[472, 934]], [[471, 933]], [[471, 932]], [[470, 931]], [[470, 930]], [[470, 929]], [[469, 928]], [[469, 927]], [[468, 926]], [[468, 925]], [[468, 924]], [[467, 923]], [[467, 922]], [[467, 921]], [[467, 920]], [[467, 919]], [[468, 918]], [[468, 917]], [[468, 916]], [[469, 915]], [[469, 914]], [[469, 913]], [[469, 912]], [[468, 911]], [[468, 910]], [[467, 909]], [[467, 908]], [[467, 907]], [[467, 906]], [[466, 905]], [[465, 904]], [[464, 903]], [[464, 902]], [[464, 901]], [[464, 900]], [[463, 899]], [[463, 898]], [[462, 897]], [[461, 896]], [[461, 895]], [[460, 894]], [[459, 893]], [[458, 892]], [[457, 891]], [[456, 890]], [[455, 890]], [[454, 890]], [[453, 890]], [[452, 890]], [[451, 890]], [[450, 890]], [[449, 891]], [[448, 890]], [[447, 890]], [[446, 889]], [[445, 889]], [[444, 888]], [[443, 887]], [[442, 886]], [[441, 886]], [[440, 886]], [[439, 886]], [[438, 886]], [[437, 887]], [[436, 887]], [[435, 887]], [[434, 887]], [[433, 887]], [[432, 887]], [[431, 886]], [[430, 886]]]","[[], [[[403, 945], [402, 946], [401, 946], [400, 947], [399, 948], [398, 948], [397, 949], [397, 950], [398, 951], [398, 952], [397, 953], [397, 954], [398, 954], [399, 953], [400, 953], [401, 953], [402, 953], [403, 953], [404, 954], [405, 955], [406, 954], [405, 953], [404, 952], [403, 951], [403, 950], [403, 949], [403, 948], [404, 947], [404, 946], [404, 945]]], [[[400, 968], [400, 969], [401, 969], [402, 970], [402, 971], [402, 972], [403, 972], [404, 972], [405, 973], [406, 974], [407, 974], [408, 974], [409, 975], [410, 976], [410, 977], [410, 978], [411, 978], [411, 977], [410, 976], [410, 975], [409, 974], [408, 974], [407, 973], [406, 973], [405, 973], [404, 972], [404, 971], [403, 971], [402, 970], [402, 969], [401, 968]]]]","[[], 64, 65]"
37,37,"[[[225, 883]], [[224, 884]], [[223, 885]], [[223, 886]], [[223, 887]], [[223, 888]], [[222, 889]], [[222, 890]], [[222, 891]], [[222, 892]], [[222, 893]], [[222, 894]], [[221, 895]], [[221, 896]], [[220, 897]], [[220, 898]], [[220, 899]], [[219, 900]], [[219, 901]], [[219, 902]], [[219, 903]], [[219, 904]], [[219, 905]], [[220, 905]], [[221, 905]], [[222, 906]], [[222, 907]], [[223, 907]], [[224, 908]], [[225, 909]], [[226, 910]], [[227, 911]], [[228, 910]], [[229, 910]], [[230, 911]], [[231, 912]], [[231, 913]], [[231, 914]], [[231, 913]], [[231, 912]], [[231, 911]], [[232, 910]], [[233, 910]], [[234, 909]], [[235, 910]], [[235, 911]], [[236, 911]], [[235, 910]], [[235, 909]], [[236, 908]], [[237, 907]], [[238, 907]], [[239, 906]], [[240, 906]], [[241, 905]], [[242, 905]], [[243, 905]], [[244, 904]], [[245, 904]], [[246, 903]], [[247, 904]], [[247, 905]], [[247, 906]], [[247, 907]], [[248, 907]], [[249, 906]], [[250, 906]], [[249, 906]], [[248, 907]], [[247, 906]], [[247, 905]], [[247, 904]], [[247, 903]], [[246, 902]], [[246, 901]], [[246, 900]], [[246, 899]], [[246, 898]], [[246, 897]], [[246, 896]], [[246, 895]], [[246, 894]], [[246, 893]], [[246, 892]], [[246, 891]], [[246, 890]], [[245, 890]], [[244, 889]], [[243, 888]], [[242, 888]], [[241, 887]], [[240, 887]], [[239, 887]], [[238, 886]], [[237, 885]], [[236, 886]], [[235, 886]], [[234, 885]], [[233, 885]], [[232, 885]], [[231, 885]], [[230, 884]], [[229, 884]], [[228, 884]], [[227, 883]], [[226, 883]]]","[[], [[[218, 906], [217, 907], [217, 908], [218, 907], [219, 907], [220, 907], [221, 907], [222, 908], [222, 909], [223, 910], [224, 911], [224, 912], [225, 913], [225, 914], [225, 915], [224, 916], [225, 917], [226, 917], [226, 916], [225, 915], [225, 914], [225, 913], [226, 912], [227, 912], [228, 913], [229, 914], [230, 914], [230, 913], [230, 912], [229, 912], [228, 911], [227, 912], [226, 911], [225, 910], [224, 909], [223, 908], [222, 908], [221, 907], [221, 906], [220, 906], [219, 906]]], [[[244, 905], [243, 906], [242, 906], [241, 906], [240, 907], [239, 907], [238, 908], [237, 908], [237, 909], [238, 909], [239, 909], [240, 910], [239, 911], [239, 912], [240, 912], [241, 913], [241, 914], [241, 915], [242, 915], [243, 916], [244, 916], [245, 916], [246, 915], [247, 915], [248, 915], [249, 915], [250, 915], [250, 914], [249, 914], [248, 914], [247, 914], [246, 913], [247, 912], [248, 911], [249, 910], [250, 910], [251, 909], [252, 909], [253, 909], [254, 909], [254, 908], [254, 907], [253, 907], [252, 908], [251, 908], [250, 908], [249, 909], [248, 910], [247, 911], [246, 912], [245, 912], [244, 912], [243, 911], [243, 910], [243, 909], [244, 908], [245, 908], [246, 907], [246, 906], [246, 905], [245, 905]]]]","[[], 66, 67]"
38,38,"[[[119, 868]], [[118, 869]], [[117, 869]], [[116, 870]], [[115, 870]], [[114, 869]], [[113, 869]], [[112, 870]], [[111, 870]], [[110, 870]], [[109, 870]], [[108, 871]], [[107, 871]], [[106, 871]], [[105, 871]], [[104, 871]], [[103, 872]], [[102, 872]], [[102, 873]], [[102, 874]], [[102, 875]], [[102, 876]], [[102, 877]], [[101, 878]], [[100, 879]], [[100, 880]], [[100, 881]], [[100, 882]], [[101, 883]], [[101, 884]], [[100, 885]], [[100, 886]], [[100, 887]], [[101, 888]], [[102, 888]], [[103, 889]], [[104, 889]], [[105, 889]], [[106, 889]], [[107, 890]], [[108, 890]], [[109, 890]], [[110, 891]], [[110, 892]], [[111, 892]], [[112, 893]], [[113, 892]], [[114, 893]], [[115, 894]], [[116, 894]], [[117, 894]], [[118, 895]], [[119, 896]], [[120, 896]], [[121, 896]], [[122, 896]], [[123, 896]], [[124, 896]], [[125, 895]], [[126, 895]], [[127, 894]], [[128, 893]], [[129, 892]], [[130, 892]], [[131, 892]], [[132, 891]], [[133, 890]], [[133, 889]], [[134, 888]], [[135, 887]], [[136, 886]], [[136, 885]], [[136, 884]], [[136, 883]], [[136, 882]], [[136, 881]], [[136, 880]], [[137, 879]], [[137, 878]], [[137, 877]], [[138, 876]], [[138, 875]], [[138, 874]], [[139, 873]], [[140, 873]], [[139, 873]], [[138, 874]], [[137, 873]], [[137, 872]], [[138, 871]], [[138, 870]], [[137, 871]], [[136, 872]], [[135, 871]], [[134, 871]], [[133, 871]], [[132, 871]], [[131, 871]], [[130, 870]], [[129, 869]], [[129, 870]], [[129, 871]], [[128, 872]], [[127, 871]], [[126, 871]], [[125, 870]], [[125, 869]], [[125, 868]], [[124, 868]], [[123, 868]], [[122, 868]], [[121, 868]], [[120, 868]]]","[[], [[[148, 886], [147, 887], [146, 888], [145, 889], [144, 889], [143, 890], [142, 891], [141, 891], [140, 892], [139, 891], [138, 891], [137, 892], [136, 892], [135, 893], [134, 893], [133, 894], [132, 894], [131, 894], [130, 894], [129, 894], [128, 894], [127, 895], [127, 896], [128, 896], [129, 897], [130, 897], [131, 898], [132, 897], [132, 896], [133, 895], [134, 894], [135, 894], [136, 894], [137, 894], [138, 894], [139, 893], [140, 893], [141, 893], [142, 892], [143, 892], [143, 891], [144, 890], [145, 890], [146, 891], [147, 892], [148, 893], [149, 894], [149, 893], [149, 892], [149, 891], [150, 890], [150, 889], [150, 888], [150, 887], [150, 886], [149, 886]]], [[[139, 870], [139, 871], [138, 872], [138, 873], [139, 874], [139, 875], [139, 876], [138, 877], [138, 878], [138, 879], [137, 880], [137, 881], [137, 882], [138, 882], [139, 881], [139, 880], [139, 879], [140, 878], [140, 877], [140, 876], [140, 875], [139, 874], [138, 873], [139, 872], [140, 872], [141, 872], [142, 871], [141, 870], [140, 870]]]]","[[], 59, 69]"
39,39,"[[[795, 862]], [[794, 863]], [[793, 863]], [[792, 863]], [[791, 864]], [[790, 864]], [[790, 865]], [[790, 866]], [[790, 867]], [[791, 868]], [[791, 869]], [[790, 870]], [[789, 870]], [[788, 869]], [[788, 868]], [[788, 867]], [[787, 866]], [[786, 865]], [[786, 864]], [[785, 864]], [[784, 865]], [[783, 865]], [[783, 866]], [[782, 867]], [[781, 868]], [[781, 869]], [[780, 870]], [[779, 870]], [[778, 870]], [[777, 870]], [[776, 871]], [[776, 872]], [[775, 873]], [[774, 874]], [[773, 874]], [[773, 875]], [[772, 876]], [[771, 877]], [[771, 878]], [[770, 879]], [[770, 880]], [[770, 881]], [[770, 882]], [[770, 883]], [[769, 884]], [[770, 885]], [[770, 886]], [[770, 887]], [[770, 888]], [[771, 889]], [[771, 890]], [[772, 891]], [[772, 892]], [[773, 893]], [[774, 894]], [[775, 894]], [[776, 895]], [[777, 895]], [[778, 895]], [[779, 896]], [[780, 897]], [[781, 896]], [[782, 895]], [[783, 894]], [[783, 893]], [[784, 892]], [[783, 891]], [[783, 890]], [[783, 889]], [[783, 888]], [[784, 887]], [[785, 888]], [[785, 889]], [[786, 890]], [[786, 891]], [[786, 892]], [[787, 893]], [[788, 894]], [[789, 895]], [[790, 895]], [[791, 894]], [[792, 894]], [[793, 893]], [[793, 892]], [[793, 891]], [[793, 890]], [[794, 889]], [[794, 888]], [[795, 887]], [[795, 886]], [[795, 885]], [[796, 884]], [[796, 883]], [[797, 882]], [[797, 881]], [[797, 880]], [[797, 879]], [[798, 878]], [[798, 877]], [[798, 876]], [[798, 875]], [[797, 874]], [[796, 874]], [[795, 874]], [[794, 873]], [[793, 873]], [[792, 873]], [[791, 872]], [[791, 871]], [[791, 870]], [[792, 869]], [[793, 869]], [[794, 869]], [[794, 868]], [[794, 867]], [[795, 866]], [[796, 865]], [[796, 864]], [[796, 863]]]","[[[[807, 852], [806, 853], [805, 853], [804, 854], [803, 854], [803, 855], [802, 856], [801, 857], [800, 858], [799, 859], [798, 860], [797, 860], [796, 860], [795, 860], [794, 860], [793, 861], [792, 861], [791, 861], [790, 862], [789, 862], [789, 863], [790, 863], [791, 863], [792, 862], [793, 861], [794, 860], [795, 860], [796, 861], [797, 861], [798, 860], [799, 860], [800, 859], [801, 859], [802, 859], [803, 860], [804, 860], [805, 860], [806, 860], [807, 860], [808, 860], [809, 861], [810, 862], [810, 863], [810, 864], [811, 864], [812, 863], [811, 862], [811, 861], [810, 860], [809, 859], [808, 859], [807, 859], [806, 859], [805, 859], [804, 859], [803, 858], [802, 857], [803, 856], [804, 856], [805, 855], [806, 855], [807, 854], [807, 853]]], []]","[70, []]"
40,40,"[[[524, 852]], [[523, 853]], [[522, 853]], [[522, 854]], [[521, 855]], [[520, 855]], [[519, 855]], [[518, 855]], [[517, 854]], [[516, 854]], [[515, 854]], [[514, 855]], [[513, 855]], [[512, 855]], [[512, 856]], [[512, 857]], [[511, 858]], [[511, 859]], [[512, 860]], [[512, 861]], [[512, 862]], [[513, 863]], [[514, 864]], [[515, 865]], [[516, 866]], [[517, 867]], [[517, 868]], [[518, 869]], [[518, 870]], [[519, 871]], [[520, 871]], [[521, 872]], [[522, 873]], [[522, 874]], [[523, 875]], [[523, 876]], [[524, 877]], [[525, 878]], [[525, 879]], [[526, 880]], [[527, 881]], [[527, 882]], [[528, 883]], [[529, 883]], [[530, 884]], [[531, 885]], [[531, 886]], [[532, 886]], [[533, 887]], [[534, 888]], [[535, 889]], [[535, 890]], [[536, 891]], [[536, 892]], [[537, 893]], [[538, 893]], [[539, 894]], [[540, 895]], [[541, 896]], [[542, 897]], [[542, 898]], [[543, 899]], [[543, 900]], [[544, 900]], [[545, 901]], [[545, 902]], [[546, 903]], [[547, 903]], [[548, 903]], [[549, 903]], [[550, 902]], [[550, 901]], [[551, 900]], [[552, 899]], [[553, 899]], [[554, 899]], [[555, 899]], [[556, 899]], [[557, 899]], [[558, 899]], [[559, 899]], [[560, 898]], [[561, 898]], [[562, 897]], [[563, 897]], [[563, 896]], [[564, 895]], [[564, 894]], [[565, 893]], [[565, 892]], [[565, 891]], [[565, 890]], [[566, 889]], [[567, 888]], [[567, 887]], [[566, 886]], [[567, 885]], [[567, 884]], [[568, 883]], [[568, 882]], [[568, 881]], [[568, 880]], [[569, 879]], [[570, 878]], [[571, 877]], [[571, 876]], [[571, 875]], [[571, 874]], [[571, 873]], [[572, 872]], [[571, 872]], [[570, 871]], [[570, 870]], [[571, 869]], [[572, 868]], [[573, 869]], [[573, 870]], [[574, 869]], [[575, 868]], [[575, 867]], [[574, 867]], [[573, 867]], [[572, 866]], [[571, 865]], [[571, 864]], [[571, 863]], [[570, 862]], [[570, 861]], [[569, 860]], [[568, 859]], [[567, 859]], [[566, 860]], [[565, 859]], [[564, 859]], [[563, 859]], [[562, 859]], [[561, 859]], [[560, 859]], [[559, 859]], [[558, 859]], [[557, 860]], [[556, 860]], [[555, 861]], [[554, 861]], [[553, 861]], [[552, 860]], [[551, 860]], [[550, 861]], [[549, 861]], [[548, 862]], [[547, 862]], [[546, 863]], [[545, 864]], [[544, 864]], [[543, 864]], [[542, 863]], [[541, 862]], [[540, 861]], [[539, 861]], [[538, 860]], [[537, 860]], [[536, 859]], [[535, 859]], [[534, 858]], [[533, 857]], [[532, 856]], [[531, 856]], [[530, 855]], [[529, 854]], [[528, 853]], [[527, 853]], [[526, 852]], [[525, 852]]]",[[]],[]
41,41,"[[[728, 851]], [[727, 852]], [[727, 853]], [[726, 854]], [[726, 855]], [[726, 856]], [[726, 857]], [[726, 858]], [[726, 859]], [[727, 860]], [[727, 861]], [[728, 862]], [[728, 863]], [[729, 863]], [[730, 864]], [[731, 865]], [[732, 865]], [[733, 865]], [[734, 865]], [[735, 866]], [[736, 866]], [[737, 867]], [[738, 866]], [[739, 866]], [[740, 866]], [[741, 866]], [[742, 866]], [[743, 866]], [[744, 866]], [[745, 865]], [[746, 865]], [[747, 865]], [[748, 864]], [[749, 864]], [[750, 863]], [[751, 862]], [[752, 861]], [[753, 861]], [[752, 861]], [[751, 860]], [[751, 859]], [[750, 858]], [[750, 857]], [[749, 856]], [[748, 855]], [[747, 855]], [[746, 855]], [[745, 855]], [[744, 855]], [[743, 855]], [[742, 855]], [[741, 855]], [[740, 855]], [[739, 855]], [[738, 854]], [[737, 853]], [[736, 853]], [[735, 853]], [[734, 853]], [[733, 852]], [[732, 852]], [[731, 851]], [[730, 851]], [[729, 851]]]","[[[[736, 848], [735, 849], [734, 849], [733, 849], [732, 849], [731, 849], [730, 849], [729, 849], [729, 850], [730, 850], [731, 850], [732, 851], [733, 850], [734, 850], [735, 850], [736, 851], [736, 852], [737, 852], [738, 852], [739, 852], [740, 852], [741, 851], [742, 851], [743, 851], [744, 852], [744, 853], [745, 853], [745, 852], [745, 851], [744, 850], [743, 850], [742, 850], [741, 850], [740, 849], [739, 849], [738, 849], [737, 849]]]]",[71]
42,42,"[[[627, 850]], [[627, 851]], [[626, 852]], [[626, 853]], [[626, 854]], [[626, 855]], [[625, 856]], [[624, 857]], [[623, 856]], [[622, 855]], [[622, 854]], [[621, 853]], [[620, 853]], [[619, 854]], [[618, 855]], [[618, 856]], [[618, 857]], [[617, 858]], [[617, 859]], [[617, 860]], [[617, 861]], [[617, 862]], [[617, 863]], [[618, 864]], [[618, 865]], [[618, 866]], [[618, 867]], [[618, 868]], [[618, 869]], [[618, 870]], [[618, 871]], [[619, 872]], [[620, 873]], [[620, 874]], [[620, 875]], [[620, 876]], [[619, 877]], [[619, 878]], [[619, 879]], [[618, 880]], [[618, 881]], [[618, 882]], [[618, 883]], [[619, 884]], [[619, 885]], [[619, 886]], [[620, 886]], [[621, 886]], [[622, 886]], [[623, 885]], [[624, 885]], [[625, 886]], [[626, 887]], [[626, 888]], [[627, 889]], [[627, 890]], [[628, 890]], [[629, 891]], [[630, 891]], [[631, 890]], [[632, 890]], [[633, 889]], [[634, 888]], [[635, 887]], [[636, 886]], [[637, 885]], [[638, 885]], [[638, 884]], [[639, 883]], [[639, 882]], [[640, 881]], [[641, 881]], [[641, 880]], [[641, 879]], [[642, 878]], [[643, 879]], [[644, 878]], [[645, 879]], [[646, 879]], [[647, 880]], [[648, 880]], [[649, 880]], [[650, 880]], [[651, 880]], [[652, 880]], [[653, 879]], [[652, 878]], [[652, 877]], [[652, 876]], [[652, 875]], [[652, 874]], [[652, 873]], [[652, 872]], [[652, 871]], [[652, 870]], [[652, 869]], [[652, 868]], [[652, 867]], [[651, 866]], [[652, 865]], [[653, 865]], [[654, 865]], [[655, 865]], [[656, 865]], [[657, 864]], [[657, 863]], [[657, 862]], [[657, 861]], [[658, 860]], [[657, 859]], [[657, 858]], [[657, 857]], [[657, 856]], [[657, 855]], [[658, 854]], [[658, 853]], [[658, 852]], [[657, 851]], [[656, 850]], [[655, 850]], [[654, 851]], [[653, 852]], [[653, 853]], [[654, 854]], [[653, 855]], [[652, 856]], [[651, 857]], [[650, 857]], [[649, 857]], [[648, 856]], [[647, 855]], [[646, 854]], [[646, 853]], [[645, 852]], [[644, 852]], [[643, 852]], [[642, 852]], [[641, 852]], [[640, 852]], [[639, 852]], [[638, 852]], [[637, 852]], [[636, 853]], [[635, 854]], [[634, 854]], [[633, 853]], [[632, 852]], [[631, 851]], [[631, 850]], [[630, 850]], [[629, 850]], [[628, 850]]]","[[], [[[613, 883], [613, 884], [612, 885], [611, 886], [612, 887], [613, 887], [614, 887], [615, 887], [616, 887], [617, 888], [618, 888], [619, 888], [620, 889], [621, 889], [622, 890], [621, 891], [621, 892], [622, 892], [623, 892], [623, 891], [622, 890], [622, 889], [623, 888], [622, 887], [621, 887], [620, 887], [619, 887], [618, 887], [617, 886], [617, 885], [616, 885], [615, 884], [614, 883]]]]","[[], 63]"
43,43,"[[[735, 832]], [[734, 833]], [[733, 834]], [[732, 834]], [[731, 835]], [[731, 836]], [[730, 837]], [[730, 838]], [[729, 839]], [[730, 840]], [[730, 841]], [[730, 842]], [[730, 843]], [[731, 844]], [[732, 844]], [[733, 845]], [[734, 845]], [[735, 845]], [[736, 846]], [[737, 847]], [[738, 847]], [[739, 848]], [[740, 848]], [[741, 848]], [[742, 848]], [[743, 848]], [[744, 849]], [[745, 849]], [[746, 849]], [[747, 849]], [[748, 848]], [[749, 848]], [[750, 848]], [[751, 848]], [[751, 847]], [[752, 846]], [[752, 845]], [[752, 844]], [[751, 843]], [[750, 843]], [[749, 843]], [[748, 843]], [[747, 843]], [[746, 842]], [[745, 841]], [[744, 840]], [[744, 839]], [[743, 838]], [[742, 837]], [[741, 836]], [[740, 835]], [[739, 834]], [[738, 833]], [[738, 832]], [[737, 832]], [[736, 832]]]","[[], [[[736, 848], [735, 849], [734, 849], [733, 849], [732, 849], [731, 849], [730, 849], [729, 849], [729, 850], [730, 850], [731, 850], [732, 851], [733, 850], [734, 850], [735, 850], [736, 851], [736, 852], [737, 852], [738, 852], [739, 852], [740, 852], [741, 851], [742, 851], [743, 851], [744, 852], [744, 853], [745, 853], [745, 852], [745, 851], [744, 850], [743, 850], [742, 850], [741, 850], [740, 849], [739, 849], [738, 849], [737, 849]]]]","[[], 71]"
44,44,"[[[68, 829]], [[67, 830]], [[66, 830]], [[65, 830]], [[64, 830]], [[63, 830]], [[62, 830]], [[61, 830]], [[60, 830]], [[59, 830]], [[58, 830]], [[57, 831]], [[56, 831]], [[55, 831]], [[54, 832]], [[53, 833]], [[53, 834]], [[52, 835]], [[52, 836]], [[52, 837]], [[52, 838]], [[52, 839]], [[52, 840]], [[51, 841]], [[51, 842]], [[52, 843]], [[52, 844]], [[52, 845]], [[53, 846]], [[54, 847]], [[55, 847]], [[56, 848]], [[57, 847]], [[58, 847]], [[59, 848]], [[60, 848]], [[61, 848]], [[62, 848]], [[63, 848]], [[64, 848]], [[65, 848]], [[66, 848]], [[67, 849]], [[67, 850]], [[68, 850]], [[69, 851]], [[69, 852]], [[69, 853]], [[70, 853]], [[71, 853]], [[72, 854]], [[73, 854]], [[74, 854]], [[75, 854]], [[75, 853]], [[76, 852]], [[77, 851]], [[78, 850]], [[79, 850]], [[80, 850]], [[81, 850]], [[82, 850]], [[83, 850]], [[84, 849]], [[85, 848]], [[85, 847]], [[85, 846]], [[86, 845]], [[87, 844]], [[86, 843]], [[85, 842]], [[85, 841]], [[85, 840]], [[85, 839]], [[85, 838]], [[84, 837]], [[84, 836]], [[84, 835]], [[83, 834]], [[83, 833]], [[82, 832]], [[81, 832]], [[80, 832]], [[79, 833]], [[78, 833]], [[77, 832]], [[76, 832]], [[75, 831]], [[74, 831]], [[73, 830]], [[72, 830]], [[71, 829]], [[70, 829]], [[69, 829]]]",[[]],[]
45,45,"[[[556, 828]], [[555, 829]], [[555, 830]], [[554, 831]], [[554, 832]], [[553, 833]], [[553, 834]], [[552, 835]], [[552, 836]], [[552, 837]], [[552, 838]], [[552, 839]], [[551, 840]], [[551, 841]], [[550, 842]], [[550, 843]], [[550, 844]], [[550, 845]], [[550, 846]], [[549, 847]], [[550, 846]], [[551, 846]], [[552, 847]], [[552, 848]], [[553, 848]], [[554, 848]], [[555, 847]], [[556, 846]], [[557, 846]], [[557, 845]], [[558, 844]], [[558, 843]], [[558, 842]], [[559, 841]], [[560, 840]], [[559, 839]], [[559, 838]], [[560, 837]], [[561, 837]], [[562, 836]], [[562, 835]], [[562, 834]], [[562, 833]], [[562, 832]], [[561, 833]], [[560, 832]], [[559, 831]], [[559, 830]], [[558, 829]], [[557, 829]]]","[[[[554, 816], [554, 817], [555, 817], [556, 818], [556, 819], [555, 820], [556, 821], [557, 822], [557, 823], [557, 824], [557, 825], [556, 826], [555, 826], [554, 827], [554, 828], [555, 828], [556, 827], [557, 828], [558, 828], [559, 829], [560, 830], [560, 831], [561, 832], [562, 831], [563, 831], [564, 830], [565, 830], [565, 829], [564, 829], [563, 829], [562, 830], [561, 830], [560, 830], [559, 829], [559, 828], [559, 827], [558, 826], [558, 825], [558, 824], [558, 823], [559, 822], [558, 821], [558, 820], [558, 819], [558, 818], [558, 817], [557, 816], [556, 816], [555, 816]]], [], [[[547, 839], [548, 840], [548, 841], [549, 842], [549, 843], [548, 844], [548, 845], [548, 846], [547, 847], [546, 848], [545, 848], [544, 848], [543, 848], [542, 847], [541, 847], [540, 847], [540, 848], [541, 848], [542, 849], [543, 850], [544, 851], [544, 852], [544, 853], [544, 854], [545, 853], [546, 853], [546, 852], [546, 851], [547, 850], [548, 850], [548, 849], [548, 848], [548, 847], [549, 846], [549, 845], [549, 844], [549, 843], [549, 842], [550, 841], [550, 840], [550, 839], [549, 839], [548, 839]]]]","[74, [], 75]"
46,46,"[[[307, 825]], [[306, 826]], [[305, 826]], [[304, 827]], [[303, 827]], [[302, 827]], [[301, 828]], [[300, 828]], [[299, 828]], [[298, 828]], [[297, 829]], [[297, 830]], [[296, 831]], [[295, 832]], [[295, 833]], [[294, 834]], [[293, 835]], [[292, 836]], [[291, 837]], [[291, 838]], [[290, 839]], [[289, 839]], [[289, 840]], [[288, 841]], [[287, 841]], [[287, 842]], [[287, 843]], [[287, 844]], [[286, 845]], [[285, 846]], [[284, 847]], [[283, 847]], [[282, 848]], [[281, 848]], [[280, 848]], [[279, 848]], [[278, 848]], [[277, 848]], [[276, 848]], [[275, 849]], [[274, 850]], [[273, 850]], [[273, 851]], [[272, 852]], [[271, 852]], [[270, 852]], [[269, 853]], [[268, 853]], [[267, 854]], [[266, 855]], [[265, 856]], [[264, 856]], [[263, 857]], [[263, 858]], [[262, 859]], [[261, 859]], [[260, 859]], [[259, 860]], [[258, 860]], [[258, 861]], [[258, 862]], [[258, 863]], [[257, 864]], [[257, 865]], [[256, 866]], [[255, 867]], [[254, 868]], [[253, 869]], [[253, 870]], [[253, 871]], [[252, 872]], [[252, 873]], [[252, 874]], [[252, 875]], [[252, 876]], [[252, 877]], [[253, 878]], [[253, 879]], [[254, 880]], [[253, 881]], [[254, 882]], [[254, 883]], [[254, 884]], [[255, 885]], [[256, 886]], [[256, 887]], [[257, 888]], [[257, 889]], [[258, 889]], [[259, 889]], [[260, 889]], [[261, 888]], [[262, 888]], [[263, 889]], [[264, 890]], [[264, 891]], [[265, 892]], [[266, 892]], [[267, 892]], [[268, 893]], [[268, 894]], [[269, 895]], [[269, 896]], [[269, 897]], [[270, 898]], [[271, 899]], [[272, 899]], [[273, 898]], [[273, 897]], [[274, 896]], [[275, 895]], [[276, 894]], [[277, 894]], [[278, 895]], [[279, 896]], [[279, 897]], [[278, 898]], [[279, 899]], [[280, 900]], [[280, 901]], [[281, 901]], [[282, 901]], [[283, 901]], [[284, 900]], [[285, 900]], [[286, 899]], [[286, 898]], [[287, 897]], [[288, 896]], [[289, 895]], [[290, 894]], [[291, 894]], [[292, 895]], [[293, 895]], [[294, 895]], [[295, 895]], [[296, 895]], [[297, 895]], [[298, 895]], [[299, 895]], [[300, 895]], [[301, 895]], [[302, 895]], [[303, 896]], [[304, 897]], [[305, 898]], [[306, 898]], [[307, 899]], [[308, 900]], [[309, 900]], [[310, 900]], [[311, 901]], [[312, 901]], [[313, 901]], [[314, 902]], [[315, 903]], [[316, 904]], [[317, 904]], [[318, 904]], [[319, 904]], [[320, 904]], [[321, 904]], [[322, 904]], [[323, 904]], [[324, 904]], [[325, 904]], [[326, 904]], [[327, 904]], [[328, 903]], [[329, 903]], [[330, 903]], [[331, 903]], [[332, 903]], [[333, 903]], [[334, 902]], [[335, 902]], [[336, 902]], [[337, 903]], [[336, 904]], [[336, 905]], [[336, 904]], [[337, 903]], [[338, 902]], [[338, 901]], [[339, 900]], [[338, 899]], [[338, 898]], [[339, 897]], [[339, 896]], [[339, 895]], [[339, 894]], [[339, 893]], [[339, 892]], [[339, 891]], [[339, 890]], [[339, 889]], [[338, 888]], [[338, 887]], [[338, 886]], [[338, 885]], [[339, 884]], [[339, 883]], [[339, 882]], [[340, 881]], [[340, 880]], [[340, 879]], [[341, 878]], [[342, 879]], [[343, 879]], [[344, 880]], [[344, 881]], [[344, 882]], [[343, 883]], [[344, 884]], [[344, 885]], [[345, 886]], [[345, 887]], [[345, 888]], [[345, 889]], [[345, 890]], [[345, 891]], [[344, 892]], [[345, 893]], [[344, 894]], [[345, 895]], [[345, 896]], [[346, 897]], [[347, 897]], [[348, 897]], [[349, 898]], [[350, 897]], [[351, 897]], [[352, 896]], [[353, 896]], [[353, 895]], [[353, 894]], [[353, 893]], [[354, 892]], [[353, 891]], [[353, 890]], [[354, 889]], [[355, 889]], [[354, 889]], [[353, 888]], [[353, 887]], [[353, 886]], [[353, 885]], [[353, 884]], [[353, 883]], [[354, 882]], [[355, 881]], [[355, 880]], [[356, 879]], [[357, 879]], [[358, 878]], [[359, 877]], [[360, 876]], [[361, 876]], [[362, 877]], [[363, 878]], [[364, 878]], [[365, 878]], [[366, 878]], [[366, 877]], [[366, 876]], [[366, 875]], [[366, 874]], [[366, 873]], [[366, 872]], [[366, 871]], [[366, 870]], [[366, 869]], [[366, 868]], [[365, 867]], [[364, 866]], [[363, 865]], [[362, 865]], [[361, 865]], [[360, 865]], [[359, 866]], [[358, 865]], [[357, 864]], [[356, 863]], [[356, 862]], [[355, 861]], [[355, 860]], [[354, 859]], [[353, 859]], [[352, 858]], [[351, 859]], [[350, 860]], [[350, 861]], [[350, 862]], [[351, 863]], [[350, 864]], [[349, 864]], [[348, 864]], [[347, 864]], [[346, 863]], [[346, 862]], [[346, 861]], [[345, 860]], [[345, 859]], [[344, 858]], [[343, 857]], [[342, 856]], [[341, 856]], [[340, 856]], [[339, 856]], [[338, 856]], [[337, 856]], [[336, 855]], [[335, 854]], [[334, 854]], [[333, 853]], [[332, 852]], [[331, 852]], [[330, 851]], [[329, 850]], [[328, 849]], [[329, 848]], [[329, 847]], [[329, 846]], [[329, 845]], [[330, 844]], [[330, 843]], [[331, 842]], [[330, 842]], [[329, 841]], [[329, 840]], [[329, 839]], [[328, 838]], [[327, 837]], [[327, 836]], [[326, 835]], [[325, 834]], [[324, 833]], [[323, 832]], [[322, 831]], [[323, 830]], [[322, 829]], [[321, 829]], [[320, 829]], [[319, 829]], [[318, 828]], [[317, 828]], [[316, 827]], [[315, 827]], [[314, 827]], [[313, 827]], [[312, 827]], [[311, 827]], [[310, 827]], [[309, 826]], [[308, 826]]]","[[], [[[374, 885], [373, 886], [373, 887], [372, 888], [371, 889], [370, 890], [369, 890], [369, 891], [368, 892], [367, 892], [366, 892], [365, 893], [364, 893], [363, 893], [363, 894], [362, 895], [361, 895], [360, 896], [359, 896], [358, 896], [357, 895], [356, 894], [356, 893], [356, 892], [355, 891], [355, 892], [354, 893], [354, 894], [355, 895], [356, 895], [357, 896], [356, 897], [355, 898], [354, 898], [353, 898], [352, 899], [351, 899], [350, 899], [350, 900], [351, 900], [352, 900], [353, 900], [354, 899], [355, 899], [356, 898], [357, 898], [358, 897], [359, 897], [360, 897], [361, 897], [362, 896], [363, 896], [364, 895], [365, 895], [366, 894], [367, 894], [368, 894], [369, 893], [370, 893], [371, 892], [372, 891], [373, 891], [374, 891], [374, 890], [375, 889], [376, 890], [377, 889], [376, 889], [375, 889], [374, 888], [374, 887], [374, 886]]], [[[368, 868], [368, 869], [368, 870], [368, 871], [368, 872], [367, 873], [368, 873], [369, 873], [370, 873], [371, 873], [372, 872], [373, 873], [374, 873], [375, 873], [376, 873], [377, 873], [377, 872], [377, 871], [376, 870], [375, 870], [374, 871], [373, 872], [372, 872], [371, 872], [370, 872], [369, 871], [369, 870], [368, 869]]]]","[[], 76, 77]"
47,47,"[[[334, 824]], [[335, 825]], [[335, 826]], [[335, 827]], [[335, 828]], [[335, 829]], [[335, 830]], [[336, 831]], [[335, 832]], [[334, 832]], [[333, 831]], [[332, 830]], [[331, 829]], [[330, 830]], [[329, 831]], [[330, 831]], [[331, 831]], [[332, 832]], [[333, 833]], [[334, 833]], [[335, 832]], [[336, 832]], [[337, 832]], [[338, 832]], [[338, 831]], [[339, 830]], [[339, 829]], [[338, 828]], [[337, 829]], [[336, 828]], [[335, 827]], [[335, 826]], [[335, 825]]]","[[[[325, 823], [324, 824], [325, 824], [326, 824], [327, 825], [328, 826], [329, 826], [330, 827], [331, 828], [332, 829], [333, 830], [334, 831], [335, 831], [334, 830], [334, 829], [334, 828], [334, 827], [334, 826], [333, 826], [332, 826], [331, 826], [330, 826], [329, 825], [328, 824], [327, 824], [326, 823]]], []]","[78, []]"
48,48,"[[[273, 811]], [[272, 812]], [[271, 812]], [[270, 812]], [[269, 813]], [[268, 814]], [[267, 814]], [[266, 815]], [[265, 816]], [[264, 816]], [[263, 817]], [[262, 818]], [[261, 818]], [[260, 819]], [[259, 819]], [[258, 819]], [[257, 820]], [[256, 820]], [[255, 821]], [[254, 821]], [[253, 821]], [[252, 822]], [[251, 823]], [[250, 823]], [[249, 824]], [[248, 824]], [[248, 825]], [[247, 826]], [[246, 827]], [[245, 828]], [[245, 829]], [[244, 830]], [[244, 831]], [[244, 832]], [[244, 833]], [[244, 834]], [[244, 835]], [[244, 836]], [[244, 837]], [[245, 838]], [[245, 839]], [[245, 840]], [[246, 841]], [[247, 841]], [[248, 841]], [[249, 842]], [[249, 843]], [[249, 844]], [[250, 843]], [[251, 843]], [[252, 843]], [[253, 842]], [[254, 842]], [[255, 842]], [[256, 842]], [[256, 841]], [[257, 840]], [[258, 839]], [[259, 838]], [[260, 837]], [[261, 837]], [[262, 836]], [[263, 835]], [[264, 835]], [[265, 834]], [[266, 833]], [[267, 833]], [[268, 833]], [[269, 834]], [[270, 834]], [[271, 834]], [[272, 834]], [[273, 834]], [[274, 833]], [[275, 832]], [[275, 831]], [[276, 830]], [[277, 829]], [[278, 828]], [[279, 828]], [[280, 827]], [[281, 827]], [[282, 827]], [[283, 826]], [[283, 825]], [[283, 824]], [[283, 823]], [[283, 822]], [[283, 821]], [[283, 820]], [[283, 819]], [[284, 818]], [[285, 817]], [[284, 816]], [[283, 815]], [[282, 814]], [[281, 814]], [[280, 814]], [[279, 813]], [[278, 813]], [[277, 813]], [[276, 812]], [[275, 812]], [[274, 812]]]","[[[[273, 805], [274, 806], [274, 807], [274, 808], [274, 809], [273, 810], [272, 810], [271, 810], [270, 811], [269, 811], [270, 811], [271, 811], [272, 811], [273, 810], [274, 810], [275, 811], [276, 811], [277, 812], [278, 812], [279, 812], [280, 813], [281, 813], [282, 813], [283, 814], [284, 814], [284, 813], [283, 812], [282, 812], [281, 812], [280, 811], [279, 811], [278, 811], [277, 810], [277, 809], [277, 808], [276, 807], [276, 806], [277, 805], [276, 805], [275, 805], [274, 805]]], [], [[[235, 836], [235, 837], [235, 838], [235, 839], [236, 839], [237, 839], [238, 840], [237, 841], [238, 841], [239, 841], [240, 842], [240, 843], [241, 844], [242, 844], [243, 844], [244, 845], [244, 846], [245, 847], [245, 848], [244, 849], [244, 850], [245, 850], [246, 851], [246, 850], [246, 849], [245, 848], [245, 847], [246, 846], [246, 845], [245, 844], [246, 843], [247, 843], [248, 843], [248, 842], [247, 842], [246, 842], [245, 843], [244, 842], [243, 841], [242, 841], [241, 842], [240, 842], [239, 841], [238, 840], [237, 839], [237, 838], [236, 837], [236, 836]]], [[[288, 813], [289, 814], [289, 815], [289, 816], [288, 817], [287, 818], [286, 818], [285, 818], [284, 819], [284, 820], [284, 821], [284, 822], [284, 823], [284, 824], [285, 824], [286, 824], [287, 823], [288, 822], [288, 821], [289, 820], [289, 819], [289, 818], [290, 817], [291, 816], [291, 815], [290, 814], [289, 813]]], [[[288, 813], [289, 814], [289, 815], [289, 816], [288, 817], [287, 818], [286, 818], [285, 818], [284, 819], [284, 820], [284, 821], [284, 822], [284, 823], [284, 824], [285, 824], [286, 824], [287, 823], [288, 822], [288, 821], [289, 820], [289, 819], [289, 818], [290, 817], [291, 816], [291, 815], [290, 814], [289, 813]], [[273, 805], [274, 806], [274, 807], [274, 808], [274, 809], [273, 810], [272, 810], [271, 810], [270, 811], [269, 811], [270, 811], [271, 811], [272, 811], [273, 810], [274, 810], [275, 811], [276, 811], [277, 812], [278, 812], [279, 812], [280, 813], [281, 813], [282, 813], [283, 814], [284, 814], [284, 813], [283, 812], [282, 812], [281, 812], [280, 811], [279, 811], [278, 811], [277, 810], [277, 809], [277, 808], [276, 807], [276, 806], [277, 805], [276, 805], [275, 805], [274, 805]]]]","[79, [], 80, 81, 82]"
49,49,"[[[776, 802]], [[775, 803]], [[774, 803]], [[773, 803]], [[772, 803]], [[771, 804]], [[770, 804]], [[769, 804]], [[768, 805]], [[767, 806]], [[767, 807]], [[767, 808]], [[766, 809]], [[766, 810]], [[765, 811]], [[764, 811]], [[763, 811]], [[762, 810]], [[761, 809]], [[760, 809]], [[759, 809]], [[758, 810]], [[757, 810]], [[756, 810]], [[755, 811]], [[754, 812]], [[753, 813]], [[752, 813]], [[751, 813]], [[750, 814]], [[750, 815]], [[749, 816]], [[749, 817]], [[748, 818]], [[748, 819]], [[749, 819]], [[750, 820]], [[750, 821]], [[751, 822]], [[751, 823]], [[751, 824]], [[750, 825]], [[750, 826]], [[750, 827]], [[751, 827]], [[752, 828]], [[753, 829]], [[753, 830]], [[753, 831]], [[753, 832]], [[754, 833]], [[755, 833]], [[756, 834]], [[757, 835]], [[758, 836]], [[758, 837]], [[759, 838]], [[760, 839]], [[761, 840]], [[761, 841]], [[761, 842]], [[762, 841]], [[763, 841]], [[764, 841]], [[765, 841]], [[765, 840]], [[765, 839]], [[766, 838]], [[766, 837]], [[766, 836]], [[767, 835]], [[767, 834]], [[768, 833]], [[769, 833]], [[770, 834]], [[771, 835]], [[772, 835]], [[773, 834]], [[774, 834]], [[775, 833]], [[776, 833]], [[777, 833]], [[778, 834]], [[777, 835]], [[778, 836]], [[778, 837]], [[778, 838]], [[779, 839]], [[779, 840]], [[780, 840]], [[781, 840]], [[782, 840]], [[783, 840]], [[784, 840]], [[785, 840]], [[786, 840]], [[787, 841]], [[787, 842]], [[787, 843]], [[788, 844]], [[789, 844]], [[790, 844]], [[791, 844]], [[792, 844]], [[793, 844]], [[794, 844]], [[795, 844]], [[796, 843]], [[797, 843]], [[798, 843]], [[799, 842]], [[800, 841]], [[801, 841]], [[802, 840]], [[803, 840]], [[804, 839]], [[805, 839]], [[806, 838]], [[807, 837]], [[808, 837]], [[809, 836]], [[810, 836]], [[811, 836]], [[812, 836]], [[813, 835]], [[814, 834]], [[815, 834]], [[816, 834]], [[817, 833]], [[818, 833]], [[819, 832]], [[820, 831]], [[821, 831]], [[822, 830]], [[823, 830]], [[823, 829]], [[822, 828]], [[822, 827]], [[823, 826]], [[823, 825]], [[823, 824]], [[823, 823]], [[823, 822]], [[822, 821]], [[822, 820]], [[822, 819]], [[822, 818]], [[822, 817]], [[821, 816]], [[820, 815]], [[819, 814]], [[819, 813]], [[818, 812]], [[817, 811]], [[816, 810]], [[815, 810]], [[814, 809]], [[813, 809]], [[812, 809]], [[811, 809]], [[810, 809]], [[809, 809]], [[808, 809]], [[807, 809]], [[806, 809]], [[805, 810]], [[804, 810]], [[803, 810]], [[803, 811]], [[803, 812]], [[802, 813]], [[801, 814]], [[800, 814]], [[799, 815]], [[798, 815]], [[797, 816]], [[796, 817]], [[795, 818]], [[794, 818]], [[793, 818]], [[792, 818]], [[791, 817]], [[790, 817]], [[789, 817]], [[788, 816]], [[787, 816]], [[786, 816]], [[785, 815]], [[784, 814]], [[784, 813]], [[784, 812]], [[783, 811]], [[783, 810]], [[783, 809]], [[782, 808]], [[782, 807]], [[782, 806]], [[781, 805]], [[780, 804]], [[779, 803]], [[778, 803]], [[777, 803]]]","[[], [[[812, 805], [812, 806], [811, 807], [811, 808], [812, 808], [813, 808], [814, 808], [815, 809], [816, 809], [817, 810], [818, 811], [819, 812], [820, 813], [820, 814], [821, 815], [822, 816], [823, 817], [823, 818], [823, 819], [823, 820], [823, 821], [824, 822], [825, 823], [826, 823], [827, 823], [828, 822], [829, 822], [830, 822], [831, 822], [832, 822], [832, 821], [831, 821], [830, 821], [829, 821], [828, 822], [827, 822], [826, 822], [825, 821], [825, 820], [824, 819], [823, 818], [823, 817], [823, 816], [823, 815], [822, 814], [822, 813], [821, 812], [821, 811], [821, 810], [820, 810], [819, 810], [818, 809], [817, 808], [816, 808], [815, 807], [814, 807], [813, 806], [813, 805]]]]","[[], 83]"
50,50,"[[[198, 801]], [[197, 802]], [[196, 802]], [[195, 803]], [[195, 804]], [[194, 805]], [[193, 806]], [[193, 807]], [[193, 808]], [[192, 809]], [[192, 810]], [[192, 811]], [[192, 812]], [[193, 813]], [[194, 813]], [[195, 814]], [[196, 815]], [[197, 816]], [[198, 816]], [[199, 817]], [[200, 817]], [[201, 817]], [[202, 818]], [[203, 818]], [[204, 819]], [[205, 820]], [[206, 821]], [[207, 822]], [[208, 822]], [[209, 823]], [[210, 823]], [[211, 824]], [[212, 824]], [[213, 825]], [[214, 825]], [[215, 826]], [[214, 827]], [[213, 828]], [[212, 829]], [[212, 830]], [[211, 831]], [[211, 832]], [[210, 833]], [[209, 833]], [[208, 833]], [[207, 834]], [[206, 834]], [[205, 834]], [[204, 834]], [[203, 834]], [[202, 834]], [[201, 835]], [[200, 835]], [[199, 836]], [[198, 836]], [[197, 836]], [[196, 837]], [[195, 838]], [[194, 839]], [[193, 840]], [[192, 840]], [[191, 841]], [[190, 842]], [[189, 843]], [[188, 844]], [[188, 845]], [[187, 846]], [[187, 847]], [[186, 848]], [[185, 849]], [[184, 850]], [[183, 851]], [[182, 852]], [[181, 852]], [[180, 853]], [[180, 854]], [[180, 855]], [[179, 856]], [[179, 857]], [[178, 858]], [[177, 859]], [[177, 860]], [[177, 861]], [[177, 862]], [[176, 863]], [[176, 864]], [[175, 865]], [[175, 866]], [[175, 867]], [[174, 868]], [[174, 869]], [[173, 870]], [[172, 869]], [[171, 869]], [[170, 868]], [[170, 867]], [[170, 866]], [[171, 865]], [[170, 864]], [[170, 863]], [[170, 862]], [[170, 861]], [[169, 860]], [[169, 859]], [[168, 858]], [[168, 857]], [[168, 856]], [[167, 857]], [[166, 857]], [[165, 857]], [[164, 857]], [[163, 858]], [[162, 858]], [[161, 859]], [[160, 860]], [[159, 860]], [[159, 861]], [[158, 862]], [[157, 863]], [[157, 864]], [[157, 865]], [[157, 866]], [[158, 867]], [[157, 868]], [[157, 869]], [[157, 870]], [[158, 871]], [[157, 872]], [[158, 872]], [[159, 873]], [[160, 872]], [[161, 872]], [[162, 872]], [[163, 872]], [[164, 873]], [[165, 873]], [[166, 873]], [[167, 873]], [[168, 872]], [[169, 871]], [[170, 871]], [[171, 870]], [[172, 869]], [[173, 870]], [[173, 871]], [[173, 872]], [[174, 873]], [[174, 874]], [[174, 875]], [[174, 876]], [[174, 877]], [[173, 878]], [[173, 879]], [[173, 880]], [[173, 881]], [[172, 882]], [[172, 883]], [[172, 884]], [[172, 885]], [[172, 886]], [[172, 887]], [[171, 888]], [[172, 889]], [[172, 890]], [[172, 891]], [[172, 892]], [[172, 893]], [[171, 894]], [[170, 893]], [[169, 892]], [[168, 891]], [[168, 890]], [[168, 891]], [[167, 892]], [[166, 892]], [[165, 891]], [[165, 890]], [[165, 889]], [[165, 890]], [[165, 891]], [[164, 892]], [[164, 893]], [[165, 894]], [[165, 895]], [[166, 896]], [[167, 895]], [[168, 896]], [[169, 896]], [[170, 897]], [[171, 897]], [[171, 896]], [[172, 895]], [[173, 896]], [[174, 896]], [[175, 896]], [[176, 897]], [[177, 898]], [[178, 899]], [[179, 899]], [[180, 900]], [[181, 901]], [[181, 902]], [[181, 903]], [[182, 903]], [[183, 904]], [[184, 905]], [[185, 905]], [[186, 905]], [[187, 906]], [[188, 906]], [[189, 907]], [[190, 908]], [[190, 909]], [[191, 909]], [[192, 910]], [[193, 910]], [[194, 910]], [[195, 910]], [[196, 911]], [[197, 911]], [[198, 911]], [[199, 911]], [[200, 911]], [[201, 911]], [[202, 910]], [[203, 910]], [[204, 909]], [[205, 908]], [[205, 907]], [[206, 906]], [[206, 905]], [[206, 904]], [[207, 903]], [[208, 902]], [[209, 901]], [[210, 900]], [[210, 899]], [[211, 898]], [[211, 897]], [[211, 896]], [[212, 895]], [[213, 894]], [[213, 893]], [[214, 892]], [[214, 891]], [[215, 890]], [[216, 889]], [[217, 888]], [[218, 887]], [[218, 886]], [[219, 885]], [[219, 884]], [[220, 883]], [[221, 882]], [[222, 881]], [[223, 880]], [[224, 879]], [[224, 878]], [[225, 877]], [[226, 877]], [[226, 876]], [[227, 875]], [[227, 874]], [[227, 873]], [[228, 872]], [[229, 871]], [[230, 870]], [[231, 870]], [[231, 869]], [[232, 868]], [[233, 867]], [[234, 866]], [[234, 865]], [[235, 864]], [[236, 863]], [[236, 862]], [[237, 861]], [[237, 860]], [[236, 859]], [[236, 858]], [[236, 857]], [[236, 856]], [[236, 855]], [[236, 854]], [[237, 853]], [[236, 852]], [[236, 851]], [[237, 850]], [[237, 849]], [[238, 848]], [[238, 847]], [[238, 846]], [[238, 845]], [[238, 844]], [[237, 843]], [[237, 842]], [[236, 841]], [[237, 840]], [[236, 840]], [[235, 840]], [[234, 840]], [[233, 839]], [[232, 839]], [[231, 838]], [[230, 838]], [[229, 837]], [[228, 836]], [[227, 835]], [[226, 834]], [[226, 833]], [[226, 832]], [[226, 831]], [[226, 830]], [[226, 829]], [[225, 828]], [[225, 827]], [[226, 826]], [[227, 826]], [[227, 825]], [[227, 824]], [[228, 823]], [[228, 822]], [[228, 821]], [[228, 820]], [[228, 819]], [[227, 818]], [[227, 817]], [[226, 816]], [[225, 815]], [[224, 814]], [[223, 813]], [[222, 812]], [[221, 811]], [[220, 811]], [[219, 810]], [[218, 810]], [[217, 809]], [[216, 809]], [[215, 808]], [[214, 808]], [[213, 808]], [[212, 808]], [[211, 808]], [[210, 808]], [[209, 808]], [[208, 807]], [[207, 806]], [[206, 805]], [[205, 805]], [[204, 804]], [[204, 803]], [[203, 802]], [[202, 802]], [[201, 802]], [[200, 801]], [[199, 801]]]","[[[[198, 798], [197, 799], [196, 800], [196, 801], [195, 802], [194, 802], [193, 803], [193, 804], [192, 805], [191, 806], [190, 806], [189, 806], [190, 806], [191, 806], [192, 806], [193, 805], [194, 804], [194, 803], [195, 802], [196, 801], [197, 801], [198, 800], [199, 800], [200, 799], [201, 799], [200, 799], [199, 798]]], [], [[[181, 849], [181, 850], [180, 851], [179, 852], [178, 851], [177, 851], [177, 852], [177, 853], [177, 854], [176, 855], [175, 856], [174, 856], [173, 855], [172, 855], [171, 855], [170, 856], [169, 856], [169, 857], [169, 858], [170, 859], [170, 860], [171, 860], [172, 860], [172, 859], [171, 858], [172, 857], [173, 856], [174, 857], [174, 858], [174, 859], [175, 859], [176, 860], [175, 861], [174, 861], [173, 862], [172, 862], [171, 863], [172, 864], [172, 865], [171, 866], [171, 867], [171, 868], [172, 868], [173, 869], [173, 868], [174, 867], [174, 866], [174, 865], [175, 864], [175, 863], [176, 862], [176, 861], [176, 860], [176, 859], [177, 858], [178, 857], [178, 856], [179, 855], [179, 854], [179, 853], [179, 852], [180, 851], [181, 851], [182, 851], [183, 850], [182, 849]]], [[[156, 874], [156, 875], [157, 876], [157, 877], [157, 878], [157, 879], [157, 880], [157, 881], [157, 882], [158, 882], [159, 883], [159, 884], [159, 885], [159, 886], [159, 887], [160, 888], [159, 889], [158, 890], [157, 890], [156, 890], [155, 890], [155, 891], [155, 892], [155, 893], [155, 894], [154, 895], [153, 896], [152, 896], [151, 896], [151, 897], [152, 897], [153, 896], [154, 895], [155, 895], [156, 895], [157, 894], [158, 894], [159, 893], [159, 892], [159, 891], [160, 890], [161, 889], [162, 890], [162, 891], [163, 892], [163, 893], [163, 894], [163, 895], [164, 896], [165, 897], [165, 896], [164, 895], [164, 894], [163, 893], [163, 892], [164, 891], [164, 890], [164, 889], [164, 888], [164, 887], [165, 886], [166, 886], [167, 886], [168, 887], [169, 888], [170, 889], [170, 888], [170, 887], [169, 886], [168, 886], [167, 885], [166, 884], [165, 884], [165, 885], [165, 886], [164, 887], [163, 887], [162, 887], [161, 886], [161, 885], [161, 884], [161, 883], [160, 882], [161, 881], [160, 881], [159, 881], [158, 880], [158, 879], [159, 878], [159, 877], [158, 876], [157, 875], [157, 874]]], [[[194, 912], [195, 912], [196, 913], [197, 913], [198, 914], [199, 914], [200, 913], [201, 913], [202, 913], [203, 913], [204, 913], [205, 914], [206, 915], [207, 916], [207, 915], [206, 914], [205, 913], [204, 912], [203, 912], [202, 912], [201, 912], [200, 913], [199, 913], [198, 913], [197, 912], [196, 912], [195, 912]]], [[[245, 854], [244, 855], [243, 856], [242, 857], [242, 858], [242, 859], [242, 860], [241, 861], [240, 861], [239, 862], [238, 862], [237, 863], [237, 864], [236, 865], [235, 866], [235, 867], [236, 867], [237, 867], [237, 866], [237, 865], [238, 864], [239, 864], [240, 864], [241, 864], [242, 863], [243, 862], [244, 861], [244, 860], [244, 859], [245, 858], [245, 857], [246, 856], [246, 855]]], [[[235, 836], [235, 837], [235, 838], [235, 839], [236, 839], [237, 839], [238, 840], [237, 841], [238, 841], [239, 841], [240, 842], [240, 843], [241, 844], [242, 844], [243, 844], [244, 845], [244, 846], [245, 847], [245, 848], [244, 849], [244, 850], [245, 850], [246, 851], [246, 850], [246, 849], [245, 848], [245, 847], [246, 846], [246, 845], [245, 844], [246, 843], [247, 843], [248, 843], [248, 842], [247, 842], [246, 842], [245, 843], [244, 842], [243, 841], [242, 841], [241, 842], [240, 842], [239, 841], [238, 840], [237, 839], [237, 838], [236, 837], [236, 836]]], [[[212, 792], [211, 793], [210, 793], [209, 794], [210, 795], [211, 796], [211, 797], [210, 798], [209, 798], [208, 797], [207, 796], [206, 795], [206, 796], [206, 797], [206, 798], [205, 799], [204, 800], [203, 800], [203, 801], [204, 801], [205, 801], [206, 800], [207, 800], [208, 799], [209, 798], [210, 799], [211, 799], [212, 800], [213, 800], [214, 800], [215, 800], [215, 799], [214, 798], [213, 798], [212, 797], [211, 796], [211, 795], [212, 794], [213, 794], [213, 793], [213, 792]]]]","[84, [], 85, 60, 87, 88, 80, 90]"
51,51,"[[[370, 796]], [[369, 797]], [[368, 798]], [[367, 798]], [[367, 799]], [[366, 800]], [[366, 801]], [[367, 802]], [[368, 803]], [[368, 804]], [[369, 804]], [[370, 804]], [[371, 805]], [[372, 805]], [[373, 806]], [[373, 807]], [[374, 808]], [[375, 809]], [[376, 809]], [[377, 809]], [[378, 809]], [[379, 809]], [[380, 809]], [[381, 809]], [[382, 809]], [[383, 808]], [[384, 808]], [[384, 807]], [[383, 806]], [[382, 805]], [[382, 804]], [[381, 803]], [[381, 802]], [[381, 801]], [[380, 800]], [[379, 800]], [[378, 800]], [[377, 799]], [[376, 799]], [[375, 798]], [[375, 797]], [[374, 796]], [[373, 796]], [[372, 796]], [[371, 796]]]","[[[[386, 800], [386, 801], [387, 802], [387, 803], [388, 804], [388, 805], [387, 806], [386, 806], [385, 805], [384, 804], [383, 803], [383, 802], [382, 802], [382, 803], [383, 804], [383, 805], [384, 806], [385, 807], [386, 807], [387, 808], [388, 809], [389, 809], [390, 809], [389, 808], [388, 807], [389, 806], [390, 806], [391, 806], [392, 806], [393, 806], [393, 805], [394, 804], [393, 803], [393, 802], [392, 802], [393, 803], [393, 804], [393, 805], [392, 806], [391, 805], [390, 805], [389, 805], [388, 804], [388, 803], [388, 802], [389, 801], [388, 801], [387, 801]]], []]","[91, []]"
52,52,"[[[131, 789]], [[130, 790]], [[129, 791]], [[128, 792]], [[127, 793]], [[126, 794]], [[126, 795]], [[126, 796]], [[125, 797]], [[124, 798]], [[124, 799]], [[123, 800]], [[122, 801]], [[121, 801]], [[120, 801]], [[119, 801]], [[118, 801]], [[117, 800]], [[116, 800]], [[115, 800]], [[114, 800]], [[113, 800]], [[112, 799]], [[111, 798]], [[111, 797]], [[110, 797]], [[109, 796]], [[109, 795]], [[109, 794]], [[108, 794]], [[107, 793]], [[106, 793]], [[105, 792]], [[104, 792]], [[103, 792]], [[102, 791]], [[101, 791]], [[100, 790]], [[99, 790]], [[98, 790]], [[97, 790]], [[96, 790]], [[95, 791]], [[95, 792]], [[94, 793]], [[94, 794]], [[94, 795]], [[93, 796]], [[92, 797]], [[91, 797]], [[91, 798]], [[91, 799]], [[92, 800]], [[92, 801]], [[91, 802]], [[91, 803]], [[91, 804]], [[92, 805]], [[93, 805]], [[94, 806]], [[94, 807]], [[94, 808]], [[95, 809]], [[96, 810]], [[96, 811]], [[96, 812]], [[97, 812]], [[98, 813]], [[99, 813]], [[100, 814]], [[101, 814]], [[102, 814]], [[103, 815]], [[104, 815]], [[105, 816]], [[105, 817]], [[104, 818]], [[103, 818]], [[102, 818]], [[101, 817]], [[100, 817]], [[99, 817]], [[98, 816]], [[97, 817]], [[97, 818]], [[97, 819]], [[97, 820]], [[97, 821]], [[97, 822]], [[97, 823]], [[97, 824]], [[97, 825]], [[97, 826]], [[97, 827]], [[97, 828]], [[97, 829]], [[97, 830]], [[98, 831]], [[98, 832]], [[98, 833]], [[98, 834]], [[98, 835]], [[98, 836]], [[97, 837]], [[97, 838]], [[97, 839]], [[97, 840]], [[97, 841]], [[97, 842]], [[96, 843]], [[95, 843]], [[95, 844]], [[95, 845]], [[96, 846]], [[96, 847]], [[97, 848]], [[97, 849]], [[97, 850]], [[97, 851]], [[98, 852]], [[98, 853]], [[99, 853]], [[100, 854]], [[101, 854]], [[102, 854]], [[103, 854]], [[104, 854]], [[105, 854]], [[106, 853]], [[107, 852]], [[108, 851]], [[109, 851]], [[109, 850]], [[109, 849]], [[109, 848]], [[108, 848]], [[107, 847]], [[106, 846]], [[107, 845]], [[108, 844]], [[109, 844]], [[110, 844]], [[111, 845]], [[112, 845]], [[113, 845]], [[114, 845]], [[115, 845]], [[116, 846]], [[117, 846]], [[118, 847]], [[119, 847]], [[120, 847]], [[121, 848]], [[122, 848]], [[123, 848]], [[124, 848]], [[125, 849]], [[126, 849]], [[127, 849]], [[128, 849]], [[129, 849]], [[130, 849]], [[131, 849]], [[131, 848]], [[132, 847]], [[133, 846]], [[134, 845]], [[134, 844]], [[135, 843]], [[135, 842]], [[135, 841]], [[135, 840]], [[135, 839]], [[135, 838]], [[135, 837]], [[135, 836]], [[135, 835]], [[134, 834]], [[134, 833]], [[133, 832]], [[133, 831]], [[133, 830]], [[132, 829]], [[131, 829]], [[130, 828]], [[129, 828]], [[128, 827]], [[127, 827]], [[126, 827]], [[125, 827]], [[124, 827]], [[123, 827]], [[122, 826]], [[121, 826]], [[120, 825]], [[119, 825]], [[118, 824]], [[117, 824]], [[116, 824]], [[115, 824]], [[114, 823]], [[113, 823]], [[112, 823]], [[111, 822]], [[112, 821]], [[113, 820]], [[114, 820]], [[115, 821]], [[116, 821]], [[117, 821]], [[118, 821]], [[119, 821]], [[120, 821]], [[121, 821]], [[122, 820]], [[123, 819]], [[124, 818]], [[125, 817]], [[126, 816]], [[126, 815]], [[127, 814]], [[128, 813]], [[129, 813]], [[130, 813]], [[131, 812]], [[132, 812]], [[133, 812]], [[133, 811]], [[134, 810]], [[135, 810]], [[136, 810]], [[136, 809]], [[136, 808]], [[136, 807]], [[137, 806]], [[136, 805]], [[136, 804]], [[136, 803]], [[136, 802]], [[136, 801]], [[136, 800]], [[136, 799]], [[136, 798]], [[136, 797]], [[136, 796]], [[136, 795]], [[136, 794]], [[136, 793]], [[136, 792]], [[135, 791]], [[135, 790]], [[134, 790]], [[133, 789]], [[132, 789]]]",[[]],[]
53,53,"[[[700, 787]], [[700, 788]], [[699, 789]], [[699, 790]], [[698, 791]], [[697, 792]], [[697, 793]], [[696, 794]], [[695, 794]], [[695, 795]], [[695, 796]], [[695, 797]], [[694, 798]], [[694, 799]], [[693, 800]], [[692, 801]], [[692, 802]], [[692, 803]], [[691, 804]], [[690, 803]], [[691, 804]], [[691, 805]], [[690, 806]], [[690, 807]], [[691, 807]], [[692, 807]], [[693, 806]], [[694, 806]], [[695, 805]], [[696, 804]], [[697, 804]], [[698, 804]], [[699, 803]], [[700, 802]], [[701, 801]], [[702, 801]], [[703, 801]], [[704, 801]], [[705, 801]], [[706, 802]], [[705, 801]], [[706, 800]], [[707, 799]], [[707, 798]], [[708, 797]], [[708, 796]], [[708, 795]], [[708, 794]], [[708, 793]], [[708, 792]], [[707, 791]], [[706, 790]], [[705, 789]], [[704, 788]], [[704, 787]], [[703, 787]], [[702, 788]], [[701, 788]]]",[[]],[]
54,54,"[[[776, 786]], [[775, 787]], [[774, 787]], [[773, 787]], [[772, 787]], [[771, 787]], [[770, 787]], [[769, 788]], [[768, 788]], [[767, 789]], [[766, 790]], [[765, 790]], [[765, 791]], [[764, 792]], [[763, 792]], [[763, 793]], [[763, 794]], [[763, 795]], [[763, 796]], [[763, 797]], [[763, 798]], [[763, 799]], [[763, 800]], [[763, 801]], [[764, 802]], [[765, 802]], [[766, 802]], [[767, 802]], [[768, 802]], [[769, 802]], [[770, 801]], [[771, 801]], [[772, 801]], [[773, 801]], [[774, 800]], [[775, 799]], [[775, 798]], [[775, 797]], [[775, 796]], [[775, 795]], [[776, 794]], [[776, 793]], [[777, 792]], [[778, 792]], [[779, 791]], [[779, 790]], [[779, 789]], [[778, 788]], [[778, 787]], [[777, 787]]]",[[]],[]
55,55,"[[[459, 780]], [[459, 781]], [[458, 782]], [[458, 783]], [[457, 784]], [[456, 785]], [[455, 786]], [[454, 787]], [[453, 787]], [[452, 788]], [[451, 789]], [[450, 790]], [[449, 791]], [[449, 792]], [[448, 793]], [[448, 794]], [[447, 795]], [[447, 796]], [[447, 797]], [[447, 798]], [[446, 799]], [[446, 800]], [[446, 801]], [[445, 802]], [[445, 803]], [[444, 804]], [[445, 805]], [[444, 806]], [[444, 807]], [[444, 808]], [[444, 809]], [[443, 810]], [[442, 809]], [[442, 810]], [[442, 811]], [[442, 812]], [[442, 813]], [[442, 814]], [[442, 815]], [[442, 816]], [[442, 817]], [[441, 818]], [[440, 818]], [[439, 819]], [[438, 818]], [[437, 817]], [[437, 818]], [[438, 819]], [[438, 820]], [[438, 821]], [[437, 822]], [[436, 822]], [[435, 822]], [[434, 823]], [[434, 824]], [[434, 825]], [[434, 826]], [[435, 826]], [[436, 826]], [[437, 827]], [[438, 828]], [[438, 829]], [[439, 830]], [[439, 831]], [[439, 832]], [[440, 833]], [[440, 834]], [[441, 835]], [[442, 835]], [[443, 835]], [[444, 835]], [[445, 834]], [[446, 834]], [[447, 833]], [[448, 833]], [[449, 833]], [[450, 832]], [[451, 832]], [[452, 832]], [[453, 832]], [[454, 832]], [[455, 832]], [[456, 832]], [[457, 832]], [[458, 832]], [[459, 832]], [[460, 832]], [[461, 833]], [[461, 834]], [[461, 835]], [[461, 836]], [[461, 837]], [[460, 838]], [[461, 838]], [[462, 839]], [[462, 840]], [[463, 841]], [[464, 842]], [[465, 843]], [[465, 844]], [[466, 845]], [[467, 846]], [[467, 847]], [[468, 848]], [[468, 849]], [[468, 850]], [[468, 851]], [[469, 852]], [[469, 853]], [[470, 853]], [[471, 853]], [[472, 853]], [[473, 853]], [[474, 853]], [[475, 853]], [[476, 853]], [[477, 852]], [[478, 852]], [[479, 852]], [[480, 851]], [[481, 850]], [[482, 850]], [[483, 849]], [[484, 848]], [[485, 847]], [[486, 847]], [[487, 846]], [[488, 846]], [[489, 845]], [[490, 845]], [[491, 845]], [[492, 844]], [[493, 844]], [[494, 843]], [[495, 843]], [[496, 843]], [[497, 842]], [[498, 842]], [[499, 841]], [[500, 841]], [[501, 840]], [[502, 840]], [[503, 839]], [[504, 838]], [[505, 837]], [[506, 836]], [[507, 836]], [[507, 835]], [[508, 834]], [[509, 834]], [[509, 833]], [[509, 832]], [[510, 831]], [[509, 830]], [[509, 829]], [[509, 828]], [[508, 827]], [[508, 826]], [[508, 825]], [[508, 824]], [[507, 823]], [[507, 822]], [[506, 821]], [[506, 820]], [[506, 819]], [[506, 818]], [[505, 817]], [[504, 816]], [[503, 816]], [[502, 817]], [[502, 818]], [[502, 819]], [[501, 820]], [[501, 821]], [[502, 822]], [[501, 823]], [[501, 824]], [[501, 825]], [[501, 826]], [[502, 827]], [[502, 828]], [[502, 829]], [[502, 830]], [[502, 831]], [[501, 832]], [[500, 833]], [[499, 834]], [[498, 834]], [[497, 833]], [[496, 833]], [[495, 833]], [[494, 832]], [[493, 831]], [[494, 830]], [[494, 829]], [[494, 828]], [[494, 827]], [[495, 826]], [[495, 825]], [[495, 824]], [[495, 823]], [[495, 822]], [[495, 821]], [[496, 820]], [[497, 819]], [[498, 818]], [[498, 817]], [[499, 816]], [[499, 815]], [[499, 814]], [[500, 813]], [[501, 813]], [[502, 812]], [[503, 811]], [[503, 810]], [[504, 809]], [[503, 808]], [[504, 807]], [[504, 806]], [[504, 805]], [[504, 804]], [[504, 803]], [[504, 802]], [[503, 801]], [[503, 800]], [[503, 799]], [[504, 798]], [[504, 797]], [[504, 796]], [[503, 795]], [[502, 794]], [[502, 793]], [[501, 792]], [[501, 791]], [[500, 791]], [[499, 791]], [[498, 790]], [[497, 790]], [[496, 790]], [[495, 789]], [[494, 789]], [[493, 789]], [[492, 788]], [[491, 788]], [[490, 787]], [[489, 787]], [[488, 788]], [[487, 788]], [[486, 788]], [[485, 788]], [[484, 787]], [[483, 787]], [[482, 787]], [[481, 786]], [[480, 786]], [[479, 786]], [[478, 786]], [[477, 785]], [[476, 785]], [[475, 784]], [[474, 783]], [[473, 782]], [[472, 782]], [[471, 781]], [[470, 781]], [[469, 780]], [[468, 780]], [[467, 780]], [[466, 780]], [[465, 780]], [[464, 780]], [[463, 780]], [[462, 780]], [[461, 780]], [[460, 780]]]","[[], [[[464, 852], [464, 853], [465, 853], [466, 853], [467, 854], [468, 854], [469, 855], [470, 855], [471, 855], [472, 855], [473, 855], [474, 855], [475, 855], [476, 854], [477, 854], [478, 854], [478, 853], [477, 854], [476, 854], [475, 854], [474, 855], [473, 854], [472, 854], [471, 854], [470, 854], [469, 854], [468, 853], [468, 852], [467, 852], [466, 852], [465, 852]]], [[[507, 814], [506, 815], [506, 816], [507, 817], [507, 818], [508, 819], [508, 820], [508, 821], [508, 822], [508, 823], [509, 824], [509, 825], [509, 826], [509, 827], [510, 828], [510, 829], [511, 830], [511, 831], [511, 832], [510, 833], [510, 834], [509, 835], [509, 836], [510, 836], [511, 837], [512, 837], [513, 837], [514, 837], [514, 836], [513, 835], [513, 834], [512, 833], [513, 832], [513, 831], [513, 830], [512, 829], [511, 829], [510, 828], [510, 827], [510, 826], [509, 825], [509, 824], [509, 823], [510, 822], [510, 821], [510, 820], [510, 819], [510, 818], [510, 817], [509, 817], [508, 816], [508, 815], [508, 814]]]]","[[], 92, 93]"
56,56,"[[[295, 779]], [[294, 780]], [[293, 781]], [[292, 782]], [[291, 782]], [[292, 783]], [[293, 783]], [[294, 784]], [[295, 784]], [[296, 784]], [[297, 785]], [[298, 786]], [[298, 787]], [[297, 788]], [[298, 789]], [[298, 790]], [[299, 789]], [[300, 789]], [[301, 790]], [[302, 789]], [[301, 788]], [[301, 787]], [[301, 786]], [[302, 785]], [[302, 784]], [[302, 783]], [[302, 782]], [[301, 782]], [[300, 781]], [[299, 781]], [[298, 781]], [[297, 780]], [[296, 781]], [[295, 780]]]","[[], [[[303, 788], [303, 789], [303, 790], [302, 791], [301, 792], [300, 792], [299, 792], [298, 791], [297, 790], [297, 789], [296, 789], [295, 789], [295, 790], [296, 791], [296, 792], [297, 793], [298, 794], [298, 795], [298, 794], [299, 793], [300, 794], [301, 793], [302, 793], [303, 792], [304, 791], [305, 791], [304, 790], [304, 789]]]]","[[], 94]"
57,57,"[[[607, 776]], [[606, 777]], [[605, 778]], [[604, 779]], [[603, 778]], [[602, 779]], [[601, 779]], [[600, 779]], [[600, 780]], [[599, 781]], [[598, 782]], [[598, 783]], [[598, 784]], [[597, 785]], [[596, 786]], [[596, 787]], [[595, 788]], [[594, 788]], [[594, 789]], [[594, 790]], [[595, 791]], [[596, 792]], [[597, 793]], [[598, 794]], [[599, 794]], [[600, 795]], [[601, 795]], [[602, 796]], [[603, 796]], [[604, 797]], [[605, 798]], [[605, 799]], [[604, 800]], [[603, 800]], [[602, 800]], [[601, 800]], [[600, 800]], [[599, 800]], [[598, 799]], [[597, 799]], [[596, 799]], [[595, 798]], [[594, 798]], [[593, 798]], [[592, 798]], [[591, 797]], [[590, 797]], [[589, 797]], [[588, 798]], [[587, 798]], [[586, 798]], [[585, 798]], [[584, 798]], [[583, 798]], [[582, 798]], [[581, 797]], [[580, 798]], [[579, 797]], [[578, 798]], [[577, 797]], [[576, 798]], [[575, 798]], [[574, 799]], [[573, 799]], [[573, 800]], [[572, 801]], [[572, 802]], [[572, 803]], [[572, 804]], [[571, 805]], [[572, 806]], [[571, 807]], [[571, 808]], [[571, 809]], [[571, 810]], [[572, 811]], [[572, 812]], [[572, 813]], [[573, 814]], [[573, 815]], [[573, 816]], [[574, 817]], [[575, 817]], [[576, 817]], [[577, 818]], [[578, 818]], [[579, 818]], [[580, 819]], [[581, 820]], [[582, 820]], [[583, 820]], [[584, 820]], [[585, 820]], [[586, 820]], [[587, 820]], [[588, 820]], [[589, 820]], [[590, 821]], [[591, 821]], [[592, 822]], [[593, 822]], [[594, 822]], [[595, 822]], [[596, 822]], [[597, 822]], [[598, 822]], [[599, 822]], [[600, 822]], [[601, 822]], [[602, 821]], [[603, 821]], [[604, 821]], [[605, 820]], [[605, 819]], [[606, 818]], [[606, 817]], [[607, 816]], [[607, 815]], [[608, 814]], [[609, 813]], [[609, 812]], [[609, 811]], [[609, 810]], [[610, 809]], [[610, 808]], [[609, 807]], [[609, 806]], [[610, 805]], [[611, 804]], [[612, 805]], [[613, 805]], [[614, 806]], [[615, 806]], [[616, 807]], [[617, 807]], [[618, 807]], [[619, 808]], [[620, 808]], [[620, 807]], [[620, 806]], [[620, 805]], [[620, 804]], [[619, 803]], [[619, 802]], [[620, 801]], [[620, 800]], [[620, 799]], [[620, 798]], [[620, 797]], [[621, 796]], [[621, 795]], [[621, 794]], [[621, 793]], [[622, 792]], [[622, 791]], [[623, 790]], [[623, 789]], [[623, 788]], [[622, 787]], [[622, 786]], [[623, 785]], [[622, 784]], [[622, 783]], [[622, 782]], [[621, 781]], [[620, 780]], [[620, 779]], [[619, 778]], [[618, 778]], [[617, 777]], [[616, 777]], [[615, 777]], [[614, 777]], [[613, 777]], [[612, 777]], [[611, 776]], [[610, 776]], [[609, 776]], [[608, 776]]]",[[]],[]
58,58,"[[[89, 763]], [[88, 764]], [[87, 764]], [[86, 764]], [[85, 764]], [[84, 764]], [[83, 765]], [[82, 765]], [[81, 766]], [[80, 766]], [[79, 766]], [[78, 767]], [[77, 766]], [[76, 766]], [[75, 766]], [[74, 766]], [[74, 767]], [[74, 768]], [[74, 769]], [[74, 770]], [[74, 771]], [[73, 772]], [[72, 773]], [[73, 774]], [[73, 775]], [[73, 776]], [[73, 777]], [[73, 778]], [[72, 779]], [[71, 779]], [[71, 780]], [[72, 781]], [[72, 782]], [[73, 783]], [[73, 784]], [[74, 784]], [[75, 784]], [[76, 785]], [[76, 786]], [[76, 787]], [[77, 787]], [[78, 787]], [[79, 788]], [[80, 788]], [[81, 788]], [[82, 787]], [[83, 787]], [[84, 786]], [[85, 786]], [[86, 786]], [[87, 786]], [[88, 786]], [[89, 786]], [[90, 785]], [[90, 784]], [[91, 783]], [[91, 782]], [[91, 781]], [[91, 780]], [[91, 779]], [[91, 778]], [[91, 777]], [[91, 776]], [[91, 775]], [[91, 774]], [[90, 773]], [[90, 772]], [[90, 771]], [[91, 770]], [[91, 769]], [[91, 768]], [[92, 767]], [[92, 766]], [[92, 765]], [[91, 764]], [[90, 763]]]",[[]],[]
59,59,"[[[640, 755]], [[639, 756]], [[638, 757]], [[637, 757]], [[636, 758]], [[635, 758]], [[634, 759]], [[633, 759]], [[632, 760]], [[631, 760]], [[631, 761]], [[630, 762]], [[629, 762]], [[628, 763]], [[627, 763]], [[626, 763]], [[625, 764]], [[624, 765]], [[623, 766]], [[622, 767]], [[621, 768]], [[621, 769]], [[621, 770]], [[621, 771]], [[622, 772]], [[623, 773]], [[624, 774]], [[625, 775]], [[626, 776]], [[625, 777]], [[624, 777]], [[625, 777]], [[626, 778]], [[626, 779]], [[627, 779]], [[628, 779]], [[629, 780]], [[630, 781]], [[631, 782]], [[632, 782]], [[633, 783]], [[634, 784]], [[635, 784]], [[636, 784]], [[637, 785]], [[638, 785]], [[639, 785]], [[640, 786]], [[641, 786]], [[642, 786]], [[643, 786]], [[644, 786]], [[645, 786]], [[646, 786]], [[647, 786]], [[648, 785]], [[649, 785]], [[650, 784]], [[651, 784]], [[652, 783]], [[653, 782]], [[654, 781]], [[654, 780]], [[654, 779]], [[654, 778]], [[655, 777]], [[655, 776]], [[655, 775]], [[655, 774]], [[656, 773]], [[656, 772]], [[655, 771]], [[654, 770]], [[653, 769]], [[652, 768]], [[652, 767]], [[651, 766]], [[650, 765]], [[650, 764]], [[650, 763]], [[650, 762]], [[649, 761]], [[649, 760]], [[649, 759]], [[648, 759]], [[647, 759]], [[646, 758]], [[645, 757]], [[644, 756]], [[643, 755]], [[642, 755]], [[641, 755]]]",[[]],[]
60,60,"[[[159, 752]], [[158, 753]], [[157, 753]], [[156, 754]], [[155, 755]], [[154, 756]], [[154, 757]], [[154, 758]], [[154, 759]], [[154, 760]], [[154, 761]], [[154, 762]], [[154, 763]], [[154, 764]], [[154, 765]], [[154, 766]], [[155, 767]], [[156, 768]], [[156, 769]], [[156, 770]], [[156, 771]], [[156, 772]], [[157, 772]], [[158, 773]], [[159, 773]], [[160, 773]], [[161, 772]], [[162, 772]], [[163, 771]], [[164, 770]], [[165, 770]], [[166, 769]], [[167, 768]], [[167, 767]], [[168, 766]], [[168, 765]], [[169, 764]], [[169, 763]], [[169, 762]], [[170, 761]], [[170, 760]], [[170, 759]], [[169, 758]], [[168, 757]], [[167, 756]], [[166, 756]], [[165, 755]], [[164, 754]], [[163, 753]], [[162, 753]], [[161, 752]], [[160, 752]]]",[[]],[]
61,61,"[[[797, 746]], [[796, 747]], [[795, 747]], [[794, 748]], [[793, 748]], [[792, 749]], [[791, 749]], [[790, 750]], [[790, 751]], [[790, 752]], [[789, 753]], [[789, 754]], [[789, 755]], [[789, 756]], [[788, 757]], [[787, 757]], [[786, 758]], [[786, 759]], [[787, 759]], [[788, 760]], [[788, 761]], [[789, 762]], [[789, 763]], [[789, 764]], [[790, 765]], [[791, 765]], [[792, 765]], [[793, 765]], [[794, 765]], [[795, 764]], [[796, 764]], [[797, 764]], [[798, 763]], [[799, 762]], [[800, 762]], [[801, 762]], [[801, 761]], [[801, 760]], [[802, 759]], [[803, 758]], [[804, 757]], [[805, 756]], [[806, 755]], [[807, 755]], [[808, 755]], [[808, 754]], [[808, 753]], [[808, 752]], [[807, 752]], [[806, 752]], [[805, 751]], [[806, 750]], [[807, 749]], [[808, 749]], [[809, 749]], [[809, 748]], [[808, 748]], [[807, 748]], [[806, 748]], [[805, 748]], [[804, 749]], [[803, 749]], [[802, 748]], [[801, 747]], [[801, 746]], [[800, 746]], [[799, 746]], [[798, 746]]]","[[[[795, 736], [796, 737], [796, 738], [795, 739], [796, 740], [796, 741], [795, 742], [795, 743], [794, 744], [793, 745], [793, 746], [792, 747], [793, 747], [794, 747], [795, 746], [796, 746], [797, 745], [798, 745], [799, 745], [800, 745], [801, 745], [802, 746], [802, 747], [803, 748], [804, 748], [805, 747], [806, 747], [807, 747], [808, 747], [809, 747], [810, 748], [810, 749], [809, 750], [808, 750], [807, 750], [806, 751], [807, 751], [808, 751], [809, 752], [809, 753], [810, 753], [811, 752], [811, 751], [812, 750], [813, 750], [814, 749], [813, 749], [812, 749], [811, 748], [811, 747], [811, 746], [811, 745], [811, 744], [811, 743], [811, 742], [811, 741], [811, 740], [810, 740], [809, 740], [808, 741], [807, 742], [806, 742], [805, 742], [804, 741], [805, 740], [806, 739], [806, 738], [805, 737], [804, 737], [803, 737], [802, 737], [802, 738], [801, 739], [800, 739], [799, 739], [798, 739], [797, 740], [796, 739], [796, 738], [796, 737], [796, 736]]], [], [[[782, 757], [781, 758], [781, 759], [782, 760], [783, 760], [784, 760], [785, 761], [785, 762], [786, 763], [787, 764], [787, 765], [788, 766], [789, 766], [790, 767], [791, 767], [792, 767], [793, 767], [794, 767], [795, 766], [795, 765], [794, 766], [793, 766], [792, 766], [791, 766], [790, 766], [789, 765], [788, 764], [788, 763], [788, 762], [787, 761], [787, 760], [786, 760], [785, 759], [784, 758], [783, 757]]]]","[95, [], 96]"
62,62,"[[[768, 739]], [[767, 740]], [[766, 741]], [[765, 741]], [[764, 742]], [[763, 742]], [[762, 742]], [[761, 743]], [[760, 743]], [[759, 744]], [[758, 744]], [[757, 744]], [[756, 744]], [[756, 745]], [[755, 746]], [[754, 747]], [[754, 748]], [[754, 749]], [[754, 750]], [[755, 751]], [[755, 752]], [[756, 753]], [[756, 754]], [[757, 755]], [[758, 756]], [[759, 757]], [[760, 757]], [[761, 757]], [[762, 758]], [[762, 759]], [[762, 760]], [[763, 760]], [[764, 759]], [[765, 759]], [[766, 758]], [[767, 758]], [[768, 758]], [[769, 758]], [[770, 759]], [[771, 758]], [[772, 758]], [[773, 758]], [[774, 757]], [[775, 756]], [[776, 756]], [[777, 755]], [[778, 755]], [[779, 754]], [[779, 753]], [[780, 752]], [[780, 751]], [[780, 750]], [[780, 749]], [[780, 748]], [[780, 747]], [[780, 746]], [[780, 745]], [[779, 744]], [[779, 743]], [[779, 742]], [[779, 741]], [[779, 740]], [[778, 739]], [[777, 739]], [[776, 739]], [[775, 739]], [[774, 739]], [[773, 739]], [[772, 739]], [[771, 739]], [[770, 739]], [[769, 739]]]",[[]],[]
63,63,"[[[595, 725]], [[594, 726]], [[593, 727]], [[592, 727]], [[591, 728]], [[590, 727]], [[589, 727]], [[588, 727]], [[587, 727]], [[586, 728]], [[586, 729]], [[585, 730]], [[584, 731]], [[583, 732]], [[583, 733]], [[582, 734]], [[582, 735]], [[581, 736]], [[582, 737]], [[582, 738]], [[581, 739]], [[581, 740]], [[581, 741]], [[581, 742]], [[582, 742]], [[583, 743]], [[584, 744]], [[585, 745]], [[586, 746]], [[587, 746]], [[588, 747]], [[589, 747]], [[590, 748]], [[591, 748]], [[592, 747]], [[593, 746]], [[594, 745]], [[595, 744]], [[595, 743]], [[596, 742]], [[595, 741]], [[595, 740]], [[596, 739]], [[597, 739]], [[598, 738]], [[598, 737]], [[599, 736]], [[600, 736]], [[600, 735]], [[601, 734]], [[601, 733]], [[602, 732]], [[602, 731]], [[603, 730]], [[603, 729]], [[603, 728]], [[603, 727]], [[602, 726]], [[601, 726]], [[600, 726]], [[599, 725]], [[598, 725]], [[597, 725]], [[596, 725]]]","[[], [[[582, 744], [583, 745], [584, 746], [584, 747], [584, 748], [583, 749], [582, 750], [583, 751], [584, 751], [585, 751], [586, 752], [586, 753], [586, 754], [586, 755], [587, 755], [588, 756], [589, 756], [590, 755], [589, 754], [588, 754], [587, 753], [587, 752], [587, 751], [586, 750], [585, 749], [585, 748], [586, 747], [585, 746], [584, 745], [583, 744]]], [[[617, 715], [616, 716], [616, 717], [615, 718], [614, 719], [614, 720], [614, 721], [614, 722], [613, 723], [612, 723], [611, 722], [610, 722], [609, 722], [608, 721], [607, 721], [606, 721], [605, 721], [604, 721], [603, 721], [602, 720], [601, 720], [600, 720], [600, 721], [601, 721], [602, 721], [603, 721], [604, 722], [605, 722], [606, 722], [607, 722], [608, 723], [607, 724], [606, 724], [607, 724], [608, 724], [609, 724], [610, 723], [611, 723], [612, 724], [613, 725], [614, 726], [614, 727], [614, 728], [615, 728], [615, 727], [615, 726], [614, 725], [614, 724], [614, 723], [614, 722], [614, 721], [615, 720], [616, 719], [616, 718], [617, 717], [617, 716]]]]","[[], 97, 98]"
64,64,"[[[456, 724]], [[455, 725]], [[454, 726]], [[453, 726]], [[452, 727]], [[451, 727]], [[450, 728]], [[449, 729]], [[448, 729]], [[447, 730]], [[446, 730]], [[445, 730]], [[444, 730]], [[443, 730]], [[443, 731]], [[443, 732]], [[442, 733]], [[442, 734]], [[442, 735]], [[441, 736]], [[441, 737]], [[441, 738]], [[441, 739]], [[440, 740]], [[441, 741]], [[441, 742]], [[442, 743]], [[443, 744]], [[444, 744]], [[445, 745]], [[446, 745]], [[447, 745]], [[448, 746]], [[449, 746]], [[450, 746]], [[451, 746]], [[452, 746]], [[453, 746]], [[454, 745]], [[455, 744]], [[456, 744]], [[457, 743]], [[458, 742]], [[459, 741]], [[459, 740]], [[459, 739]], [[459, 738]], [[460, 737]], [[460, 736]], [[460, 735]], [[461, 734]], [[460, 733]], [[460, 732]], [[460, 731]], [[460, 730]], [[459, 729]], [[458, 728]], [[457, 727]], [[457, 726]], [[457, 725]]]","[[], [[[445, 720], [444, 721], [443, 721], [442, 721], [441, 722], [440, 723], [439, 723], [438, 723], [437, 724], [436, 724], [435, 724], [434, 725], [433, 726], [433, 727], [432, 728], [431, 729], [431, 730], [430, 731], [429, 731], [429, 732], [428, 733], [427, 734], [426, 734], [425, 734], [424, 734], [424, 735], [425, 735], [426, 736], [427, 737], [426, 738], [425, 738], [426, 739], [427, 740], [428, 741], [428, 742], [428, 743], [429, 743], [430, 743], [431, 743], [432, 744], [432, 745], [433, 745], [434, 745], [435, 746], [435, 745], [436, 744], [437, 744], [438, 744], [439, 744], [440, 744], [441, 745], [442, 745], [443, 745], [444, 745], [443, 745], [442, 744], [441, 743], [440, 742], [440, 741], [439, 741], [438, 741], [437, 742], [436, 743], [435, 744], [434, 743], [433, 743], [432, 744], [431, 743], [431, 742], [430, 741], [429, 740], [428, 739], [427, 738], [427, 737], [428, 736], [429, 735], [430, 734], [430, 733], [430, 732], [431, 731], [432, 730], [433, 729], [434, 728], [434, 727], [435, 726], [436, 725], [437, 725], [438, 725], [439, 724], [440, 723], [441, 723], [442, 723], [443, 723], [444, 724], [444, 725], [445, 725], [446, 725], [447, 725], [447, 724], [446, 723], [445, 722], [445, 721]]]]","[[], 99]"
65,65,"[[[183, 717]], [[182, 718]], [[181, 718]], [[180, 718]], [[180, 719]], [[180, 720]], [[179, 721]], [[179, 722]], [[179, 723]], [[179, 724]], [[178, 725]], [[178, 726]], [[178, 727]], [[178, 728]], [[178, 729]], [[178, 730]], [[178, 731]], [[178, 732]], [[178, 733]], [[179, 733]], [[180, 733]], [[181, 732]], [[182, 732]], [[183, 732]], [[184, 733]], [[185, 734]], [[184, 735]], [[183, 736]], [[182, 736]], [[181, 736]], [[180, 736]], [[179, 736]], [[179, 737]], [[178, 738]], [[177, 739]], [[177, 740]], [[177, 741]], [[176, 742]], [[175, 741]], [[175, 740]], [[175, 739]], [[175, 740]], [[175, 741]], [[175, 742]], [[176, 743]], [[176, 744]], [[176, 745]], [[176, 746]], [[176, 747]], [[176, 748]], [[176, 749]], [[175, 750]], [[174, 751]], [[174, 752]], [[174, 753]], [[174, 754]], [[174, 755]], [[173, 756]], [[173, 757]], [[173, 758]], [[173, 759]], [[174, 760]], [[175, 761]], [[176, 762]], [[177, 762]], [[178, 762]], [[179, 761]], [[180, 760]], [[181, 759]], [[182, 760]], [[182, 761]], [[183, 762]], [[183, 763]], [[184, 764]], [[184, 765]], [[185, 766]], [[186, 766]], [[187, 767]], [[188, 767]], [[189, 767]], [[190, 767]], [[191, 767]], [[192, 766]], [[193, 765]], [[194, 765]], [[195, 765]], [[196, 766]], [[196, 767]], [[195, 768]], [[194, 768]], [[194, 769]], [[193, 770]], [[192, 770]], [[192, 771]], [[191, 772]], [[190, 773]], [[190, 774]], [[190, 775]], [[189, 776]], [[189, 777]], [[190, 777]], [[191, 778]], [[192, 779]], [[193, 780]], [[194, 781]], [[195, 782]], [[196, 783]], [[197, 784]], [[198, 784]], [[199, 785]], [[200, 785]], [[201, 786]], [[202, 787]], [[203, 787]], [[204, 788]], [[205, 788]], [[206, 788]], [[207, 789]], [[208, 790]], [[208, 791]], [[208, 792]], [[209, 792]], [[210, 792]], [[211, 791]], [[212, 791]], [[212, 790]], [[212, 789]], [[213, 788]], [[214, 788]], [[215, 787]], [[216, 786]], [[217, 785]], [[218, 784]], [[219, 784]], [[220, 783]], [[221, 783]], [[222, 782]], [[223, 783]], [[224, 784]], [[224, 785]], [[225, 786]], [[226, 787]], [[226, 788]], [[227, 789]], [[228, 790]], [[229, 791]], [[230, 792]], [[231, 793]], [[231, 794]], [[231, 795]], [[232, 796]], [[232, 797]], [[233, 797]], [[234, 798]], [[234, 799]], [[235, 800]], [[236, 801]], [[237, 801]], [[238, 802]], [[239, 803]], [[240, 803]], [[241, 804]], [[242, 805]], [[243, 805]], [[244, 805]], [[245, 805]], [[246, 805]], [[247, 805]], [[248, 804]], [[249, 804]], [[250, 804]], [[251, 803]], [[252, 803]], [[253, 802]], [[254, 801]], [[255, 801]], [[255, 800]], [[256, 799]], [[257, 799]], [[258, 798]], [[259, 798]], [[260, 797]], [[261, 796]], [[262, 795]], [[263, 794]], [[263, 793]], [[264, 792]], [[265, 792]], [[266, 791]], [[267, 791]], [[268, 790]], [[269, 790]], [[270, 790]], [[271, 790]], [[271, 789]], [[271, 788]], [[272, 787]], [[272, 786]], [[273, 785]], [[274, 784]], [[275, 783]], [[275, 782]], [[276, 781]], [[276, 780]], [[276, 779]], [[277, 778]], [[277, 777]], [[278, 776]], [[279, 775]], [[280, 774]], [[281, 773]], [[282, 772]], [[283, 771]], [[283, 770]], [[284, 769]], [[285, 768]], [[286, 768]], [[287, 767]], [[288, 767]], [[289, 767]], [[290, 767]], [[291, 766]], [[292, 766]], [[293, 765]], [[294, 764]], [[294, 763]], [[294, 762]], [[295, 761]], [[294, 760]], [[294, 759]], [[295, 758]], [[295, 757]], [[295, 756]], [[295, 755]], [[296, 754]], [[296, 753]], [[295, 753]], [[294, 752]], [[295, 751]], [[296, 751]], [[296, 750]], [[295, 749]], [[295, 748]], [[295, 747]], [[295, 746]], [[295, 745]], [[294, 745]], [[293, 744]], [[292, 743]], [[291, 742]], [[290, 742]], [[289, 741]], [[288, 740]], [[287, 739]], [[286, 738]], [[286, 737]], [[286, 736]], [[285, 735]], [[285, 734]], [[284, 733]], [[284, 732]], [[283, 731]], [[283, 730]], [[282, 729]], [[281, 728]], [[280, 728]], [[279, 728]], [[278, 728]], [[278, 729]], [[277, 730]], [[276, 731]], [[275, 731]], [[274, 731]], [[273, 730]], [[272, 730]], [[271, 729]], [[270, 729]], [[269, 728]], [[268, 728]], [[267, 727]], [[266, 727]], [[265, 727]], [[264, 726]], [[263, 727]], [[262, 727]], [[261, 727]], [[260, 727]], [[259, 727]], [[258, 727]], [[257, 727]], [[256, 727]], [[255, 727]], [[254, 727]], [[253, 727]], [[252, 727]], [[251, 726]], [[250, 726]], [[249, 725]], [[248, 724]], [[247, 723]], [[247, 722]], [[246, 721]], [[246, 720]], [[245, 719]], [[244, 719]], [[243, 719]], [[242, 719]], [[241, 720]], [[240, 720]], [[239, 720]], [[238, 721]], [[237, 720]], [[236, 720]], [[235, 720]], [[234, 720]], [[233, 720]], [[232, 720]], [[231, 719]], [[230, 719]], [[229, 720]], [[228, 720]], [[228, 721]], [[227, 722]], [[226, 722]], [[225, 723]], [[224, 723]], [[223, 723]], [[222, 724]], [[222, 725]], [[221, 726]], [[221, 727]], [[222, 728]], [[222, 729]], [[222, 730]], [[223, 730]], [[224, 730]], [[225, 731]], [[226, 732]], [[226, 733]], [[225, 734]], [[224, 734]], [[224, 735]], [[223, 736]], [[223, 737]], [[222, 738]], [[222, 739]], [[221, 740]], [[220, 740]], [[219, 741]], [[218, 741]], [[217, 740]], [[217, 739]], [[216, 738]], [[216, 737]], [[216, 736]], [[215, 736]], [[214, 735]], [[213, 735]], [[212, 735]], [[211, 735]], [[210, 735]], [[209, 735]], [[208, 734]], [[207, 733]], [[206, 733]], [[205, 732]], [[204, 732]], [[203, 732]], [[202, 732]], [[201, 731]], [[200, 731]], [[200, 732]], [[200, 733]], [[199, 734]], [[198, 734]], [[197, 735]], [[196, 736]], [[195, 737]], [[195, 738]], [[195, 739]], [[195, 740]], [[194, 741]], [[193, 740]], [[192, 740]], [[191, 740]], [[190, 739]], [[189, 738]], [[188, 737]], [[187, 736]], [[188, 735]], [[189, 734]], [[190, 733]], [[191, 733]], [[192, 734]], [[193, 734]], [[193, 733]], [[194, 732]], [[195, 732]], [[195, 731]], [[196, 730]], [[196, 729]], [[197, 728]], [[198, 728]], [[199, 728]], [[198, 728]], [[197, 728]], [[196, 727]], [[195, 726]], [[195, 725]], [[195, 724]], [[195, 723]], [[194, 724]], [[193, 724]], [[192, 723]], [[192, 722]], [[191, 721]], [[191, 720]], [[190, 720]], [[189, 720]], [[188, 719]], [[187, 718]], [[186, 718]], [[185, 718]], [[184, 717]]]","[[[[179, 709], [178, 710], [178, 711], [178, 712], [179, 713], [178, 714], [179, 713], [180, 713], [181, 713], [182, 713], [183, 714], [183, 715], [183, 716], [184, 716], [185, 716], [186, 717], [187, 717], [188, 718], [188, 717], [189, 716], [189, 715], [188, 715], [187, 715], [186, 715], [185, 714], [184, 714], [183, 714], [182, 713], [182, 712], [182, 711], [182, 710], [181, 711], [180, 710]]], [[[170, 715], [169, 716], [168, 717], [167, 718], [167, 719], [168, 719], [169, 718], [170, 718], [171, 717], [172, 717], [173, 717], [174, 718], [175, 719], [176, 719], [177, 720], [177, 721], [178, 721], [179, 720], [179, 719], [179, 718], [178, 717], [178, 718], [177, 719], [176, 718], [175, 717], [174, 717], [173, 716], [173, 715], [172, 715], [171, 715]], [[179, 709], [178, 710], [178, 711], [178, 712], [179, 713], [178, 714], [179, 713], [180, 713], [181, 713], [182, 713], [183, 714], [183, 715], [183, 716], [184, 716], [185, 716], [186, 717], [187, 717], [188, 718], [188, 717], [189, 716], [189, 715], [188, 715], [187, 715], [186, 715], [185, 714], [184, 714], [183, 714], [182, 713], [182, 712], [182, 711], [182, 710], [181, 711], [180, 710]]], [[[170, 715], [169, 716], [168, 717], [167, 718], [167, 719], [168, 719], [169, 718], [170, 718], [171, 717], [172, 717], [173, 717], [174, 718], [175, 719], [176, 719], [177, 720], [177, 721], [178, 721], [179, 720], [179, 719], [179, 718], [178, 717], [178, 718], [177, 719], [176, 718], [175, 717], [174, 717], [173, 716], [173, 715], [172, 715], [171, 715]]], [], [[[181, 760], [180, 761], [180, 762], [181, 763], [181, 764], [182, 765], [182, 766], [183, 767], [184, 768], [184, 769], [185, 769], [186, 770], [187, 770], [188, 771], [188, 772], [187, 773], [187, 774], [187, 775], [186, 776], [185, 776], [184, 776], [183, 776], [183, 777], [183, 778], [184, 778], [185, 778], [186, 778], [187, 779], [188, 779], [189, 780], [190, 780], [190, 779], [189, 779], [188, 778], [188, 777], [188, 776], [189, 775], [189, 774], [189, 773], [190, 772], [191, 771], [191, 770], [192, 769], [191, 768], [190, 768], [189, 768], [188, 768], [187, 768], [186, 767], [185, 767], [184, 766], [183, 765], [183, 764], [182, 763], [182, 762], [181, 761]]], [[[212, 792], [211, 793], [210, 793], [209, 794], [210, 795], [211, 796], [211, 797], [210, 798], [209, 798], [208, 797], [207, 796], [206, 795], [206, 796], [206, 797], [206, 798], [205, 799], [204, 800], [203, 800], [203, 801], [204, 801], [205, 801], [206, 800], [207, 800], [208, 799], [209, 798], [210, 799], [211, 799], [212, 800], [213, 800], [214, 800], [215, 800], [215, 799], [214, 798], [213, 798], [212, 797], [211, 796], [211, 795], [212, 794], [213, 794], [213, 793], [213, 792]]], [[[276, 783], [275, 784], [276, 784], [277, 784], [278, 784], [279, 784], [280, 784], [281, 785], [282, 786], [283, 786], [284, 786], [285, 786], [286, 786], [287, 786], [288, 785], [287, 784], [286, 784], [285, 784], [284, 785], [283, 784], [282, 784], [281, 784], [280, 783], [279, 783], [278, 783], [277, 783]]], [[[303, 739], [303, 740], [302, 741], [302, 742], [303, 742], [304, 743], [304, 744], [304, 745], [304, 746], [305, 747], [305, 748], [304, 749], [303, 748], [302, 748], [301, 748], [300, 747], [299, 747], [298, 747], [297, 746], [297, 747], [298, 747], [299, 748], [299, 749], [299, 750], [298, 751], [298, 752], [298, 753], [297, 754], [297, 755], [297, 756], [296, 757], [296, 758], [295, 759], [295, 760], [296, 760], [297, 759], [298, 758], [299, 758], [300, 758], [301, 758], [301, 757], [301, 756], [300, 755], [299, 754], [299, 753], [299, 752], [299, 751], [300, 750], [301, 750], [302, 749], [303, 750], [304, 750], [305, 750], [306, 750], [306, 749], [306, 748], [305, 747], [305, 746], [304, 745], [304, 744], [304, 743], [304, 742], [304, 741], [304, 740]]], [[[197, 730], [197, 731], [196, 732], [195, 733], [195, 734], [194, 735], [193, 735], [192, 735], [191, 734], [190, 734], [189, 735], [188, 736], [189, 736], [190, 736], [191, 736], [192, 736], [193, 735], [194, 735], [195, 736], [196, 735], [197, 734], [198, 733], [199, 733], [199, 732], [199, 731], [199, 730], [198, 730]]]]","[100, 101, 102, [], 103, 90, 105, 106, 107]"
66,66,"[[[622, 712]], [[621, 713]], [[620, 714]], [[619, 715]], [[618, 716]], [[618, 717]], [[617, 718]], [[617, 719]], [[616, 720]], [[615, 721]], [[615, 722]], [[615, 723]], [[615, 724]], [[615, 725]], [[616, 726]], [[616, 727]], [[616, 728]], [[617, 729]], [[617, 730]], [[618, 731]], [[618, 730]], [[619, 729]], [[620, 728]], [[621, 728]], [[622, 728]], [[623, 727]], [[624, 727]], [[625, 728]], [[626, 729]], [[627, 730]], [[627, 731]], [[628, 732]], [[629, 733]], [[629, 732]], [[630, 731]], [[631, 731]], [[632, 730]], [[633, 730]], [[634, 731]], [[635, 732]], [[636, 732]], [[637, 732]], [[638, 733]], [[639, 733]], [[639, 732]], [[640, 731]], [[641, 730]], [[641, 729]], [[641, 728]], [[641, 727]], [[641, 726]], [[641, 725]], [[640, 724]], [[640, 723]], [[640, 722]], [[639, 721]], [[639, 720]], [[639, 719]], [[638, 718]], [[638, 717]], [[638, 716]], [[638, 715]], [[638, 714]], [[638, 713]], [[637, 713]], [[636, 713]], [[635, 713]], [[634, 714]], [[633, 714]], [[632, 714]], [[631, 713]], [[630, 712]], [[629, 712]], [[628, 712]], [[627, 712]], [[626, 712]], [[625, 712]], [[624, 712]], [[623, 712]]]","[[[[629, 705], [629, 706], [629, 707], [628, 708], [627, 708], [626, 707], [625, 707], [624, 707], [623, 707], [622, 707], [622, 708], [622, 709], [621, 710], [621, 711], [621, 712], [622, 711], [623, 711], [624, 711], [625, 711], [626, 711], [627, 711], [628, 711], [629, 711], [629, 710], [630, 709], [631, 709], [632, 709], [633, 710], [632, 711], [632, 712], [632, 713], [633, 713], [634, 713], [635, 712], [636, 712], [637, 712], [638, 712], [639, 712], [640, 713], [640, 712], [640, 711], [639, 711], [638, 710], [637, 710], [636, 709], [635, 710], [634, 710], [633, 710], [632, 709], [632, 708], [632, 707], [632, 706], [631, 705], [630, 705]]], [[[617, 715], [616, 716], [616, 717], [615, 718], [614, 719], [614, 720], [614, 721], [614, 722], [613, 723], [612, 723], [611, 722], [610, 722], [609, 722], [608, 721], [607, 721], [606, 721], [605, 721], [604, 721], [603, 721], [602, 720], [601, 720], [600, 720], [600, 721], [601, 721], [602, 721], [603, 721], [604, 722], [605, 722], [606, 722], [607, 722], [608, 723], [607, 724], [606, 724], [607, 724], [608, 724], [609, 724], [610, 723], [611, 723], [612, 724], [613, 725], [614, 726], [614, 727], [614, 728], [615, 728], [615, 727], [615, 726], [614, 725], [614, 724], [614, 723], [614, 722], [614, 721], [615, 720], [616, 719], [616, 718], [617, 717], [617, 716]]], []]","[108, 98, []]"
67,67,"[[[92, 703]], [[91, 704]], [[90, 704]], [[90, 705]], [[89, 706]], [[88, 706]], [[87, 707]], [[86, 707]], [[86, 708]], [[86, 709]], [[86, 710]], [[85, 711]], [[84, 712]], [[84, 713]], [[83, 714]], [[82, 715]], [[81, 716]], [[81, 717]], [[80, 718]], [[79, 719]], [[78, 718]], [[77, 718]], [[76, 718]], [[75, 718]], [[74, 717]], [[73, 716]], [[72, 715]], [[72, 714]], [[71, 715]], [[70, 715]], [[69, 716]], [[68, 716]], [[68, 717]], [[68, 718]], [[68, 719]], [[68, 720]], [[68, 721]], [[67, 722]], [[67, 723]], [[67, 724]], [[67, 725]], [[68, 726]], [[68, 727]], [[68, 728]], [[68, 729]], [[68, 730]], [[69, 731]], [[70, 732]], [[71, 733]], [[71, 734]], [[71, 735]], [[71, 736]], [[71, 737]], [[72, 738]], [[73, 739]], [[73, 740]], [[74, 741]], [[74, 742]], [[75, 743]], [[75, 744]], [[75, 745]], [[76, 746]], [[76, 747]], [[77, 748]], [[76, 749]], [[76, 750]], [[77, 751]], [[77, 752]], [[78, 753]], [[79, 754]], [[79, 755]], [[80, 756]], [[81, 757]], [[81, 758]], [[82, 758]], [[83, 758]], [[84, 758]], [[85, 758]], [[86, 758]], [[87, 758]], [[88, 758]], [[89, 757]], [[90, 757]], [[91, 756]], [[92, 755]], [[93, 754]], [[93, 753]], [[94, 752]], [[95, 751]], [[96, 750]], [[97, 750]], [[98, 749]], [[99, 749]], [[100, 750]], [[101, 751]], [[102, 752]], [[102, 753]], [[103, 754]], [[104, 755]], [[105, 756]], [[105, 757]], [[106, 758]], [[106, 759]], [[106, 760]], [[106, 761]], [[107, 761]], [[108, 762]], [[109, 762]], [[110, 762]], [[111, 763]], [[112, 763]], [[113, 763]], [[114, 763]], [[115, 763]], [[116, 762]], [[117, 762]], [[118, 762]], [[119, 761]], [[120, 761]], [[121, 760]], [[121, 759]], [[122, 758]], [[123, 757]], [[124, 756]], [[124, 755]], [[125, 754]], [[125, 753]], [[125, 752]], [[125, 751]], [[125, 750]], [[125, 749]], [[125, 748]], [[124, 747]], [[124, 746]], [[123, 746]], [[122, 745]], [[122, 744]], [[121, 743]], [[121, 742]], [[121, 741]], [[121, 740]], [[120, 739]], [[119, 738]], [[118, 737]], [[118, 736]], [[118, 735]], [[117, 734]], [[117, 733]], [[116, 732]], [[116, 731]], [[115, 730]], [[115, 729]], [[114, 728]], [[113, 728]], [[112, 727]], [[111, 727]], [[110, 727]], [[109, 727]], [[108, 728]], [[107, 728]], [[106, 728]], [[105, 728]], [[104, 729]], [[103, 728]], [[103, 727]], [[103, 728]], [[103, 729]], [[103, 730]], [[102, 731]], [[102, 732]], [[101, 733]], [[100, 732]], [[99, 731]], [[99, 730]], [[99, 729]], [[99, 728]], [[99, 727]], [[100, 726]], [[100, 725]], [[100, 724]], [[101, 723]], [[101, 722]], [[101, 721]], [[101, 720]], [[102, 719]], [[102, 718]], [[101, 717]], [[100, 716]], [[100, 715]], [[100, 714]], [[99, 713]], [[99, 712]], [[99, 711]], [[98, 710]], [[98, 709]], [[98, 708]], [[98, 707]], [[98, 706]], [[97, 705]], [[97, 704]], [[96, 703]], [[95, 703]], [[94, 703]], [[93, 703]]]",[[]],[]
68,68,"[[[543, 698]], [[542, 699]], [[541, 699]], [[540, 699]], [[539, 699]], [[538, 699]], [[537, 700]], [[537, 701]], [[536, 702]], [[535, 703]], [[534, 704]], [[533, 704]], [[532, 705]], [[531, 706]], [[530, 707]], [[529, 708]], [[528, 708]], [[527, 708]], [[526, 708]], [[525, 709]], [[524, 709]], [[523, 709]], [[522, 710]], [[521, 711]], [[520, 711]], [[519, 710]], [[518, 709]], [[517, 709]], [[516, 709]], [[515, 709]], [[514, 709]], [[513, 709]], [[512, 709]], [[511, 709]], [[510, 709]], [[509, 709]], [[508, 709]], [[507, 709]], [[506, 709]], [[505, 709]], [[504, 709]], [[503, 709]], [[502, 709]], [[501, 710]], [[500, 711]], [[499, 712]], [[498, 712]], [[497, 712]], [[496, 712]], [[495, 713]], [[494, 713]], [[493, 713]], [[492, 713]], [[491, 713]], [[490, 713]], [[489, 714]], [[488, 715]], [[487, 716]], [[486, 716]], [[485, 716]], [[484, 717]], [[483, 717]], [[482, 718]], [[481, 718]], [[480, 719]], [[479, 720]], [[478, 721]], [[477, 722]], [[476, 723]], [[476, 724]], [[475, 725]], [[475, 726]], [[474, 727]], [[473, 728]], [[473, 729]], [[473, 730]], [[472, 731]], [[472, 732]], [[473, 733]], [[473, 734]], [[473, 735]], [[474, 736]], [[474, 737]], [[475, 738]], [[475, 739]], [[475, 740]], [[475, 741]], [[475, 742]], [[475, 743]], [[475, 744]], [[475, 745]], [[474, 746]], [[473, 747]], [[472, 747]], [[471, 748]], [[470, 749]], [[469, 750]], [[468, 751]], [[468, 752]], [[468, 753]], [[469, 754]], [[469, 755]], [[469, 756]], [[470, 757]], [[471, 757]], [[472, 758]], [[473, 759]], [[474, 759]], [[475, 760]], [[476, 760]], [[477, 760]], [[478, 761]], [[479, 761]], [[480, 760]], [[481, 760]], [[482, 760]], [[483, 760]], [[484, 760]], [[485, 759]], [[486, 759]], [[487, 760]], [[487, 761]], [[487, 762]], [[488, 763]], [[489, 763]], [[490, 762]], [[491, 763]], [[492, 763]], [[493, 763]], [[494, 764]], [[495, 765]], [[495, 766]], [[496, 766]], [[497, 766]], [[498, 765]], [[499, 765]], [[500, 765]], [[501, 764]], [[502, 764]], [[503, 764]], [[504, 765]], [[505, 765]], [[506, 765]], [[507, 766]], [[508, 766]], [[509, 767]], [[510, 767]], [[511, 766]], [[512, 766]], [[513, 766]], [[514, 765]], [[515, 765]], [[516, 765]], [[517, 766]], [[518, 766]], [[519, 765]], [[520, 765]], [[521, 765]], [[522, 766]], [[523, 767]], [[524, 768]], [[524, 769]], [[525, 769]], [[526, 770]], [[527, 771]], [[527, 772]], [[528, 773]], [[529, 774]], [[530, 774]], [[531, 774]], [[532, 774]], [[533, 774]], [[534, 775]], [[535, 775]], [[536, 775]], [[537, 775]], [[538, 775]], [[539, 776]], [[540, 776]], [[541, 775]], [[542, 774]], [[543, 774]], [[544, 773]], [[545, 773]], [[546, 773]], [[547, 772]], [[548, 771]], [[549, 770]], [[550, 770]], [[551, 769]], [[552, 768]], [[553, 767]], [[553, 766]], [[553, 765]], [[552, 764]], [[553, 763]], [[554, 762]], [[555, 762]], [[556, 763]], [[557, 763]], [[558, 763]], [[559, 763]], [[560, 763]], [[561, 763]], [[562, 762]], [[563, 763]], [[563, 764]], [[563, 765]], [[563, 766]], [[563, 767]], [[563, 768]], [[563, 767]], [[563, 766]], [[563, 765]], [[563, 764]], [[563, 763]], [[563, 762]], [[563, 761]], [[564, 760]], [[564, 759]], [[564, 758]], [[563, 757]], [[562, 757]], [[561, 756]], [[561, 755]], [[560, 754]], [[559, 754]], [[558, 754]], [[557, 754]], [[556, 753]], [[555, 752]], [[554, 751]], [[554, 750]], [[554, 749]], [[554, 748]], [[555, 747]], [[555, 746]], [[556, 745]], [[557, 745]], [[557, 744]], [[558, 743]], [[558, 742]], [[559, 741]], [[560, 740]], [[561, 740]], [[562, 739]], [[562, 738]], [[563, 737]], [[563, 736]], [[563, 735]], [[564, 734]], [[565, 733]], [[566, 732]], [[566, 731]], [[567, 730]], [[567, 729]], [[567, 728]], [[568, 727]], [[569, 726]], [[570, 725]], [[571, 724]], [[572, 724]], [[573, 723]], [[574, 723]], [[575, 723]], [[575, 722]], [[576, 721]], [[576, 720]], [[576, 719]], [[576, 718]], [[576, 717]], [[575, 716]], [[574, 715]], [[573, 714]], [[573, 713]], [[572, 712]], [[572, 711]], [[571, 710]], [[570, 710]], [[569, 709]], [[568, 709]], [[567, 708]], [[566, 708]], [[565, 709]], [[564, 709]], [[563, 710]], [[562, 709]], [[561, 708]], [[561, 707]], [[560, 706]], [[559, 705]], [[559, 704]], [[559, 703]], [[558, 702]], [[557, 701]], [[556, 700]], [[555, 700]], [[554, 699]], [[553, 699]], [[552, 698]], [[551, 698]], [[550, 698]], [[549, 698]], [[548, 698]], [[547, 698]], [[546, 698]], [[545, 698]], [[544, 698]]]",[[]],[]
69,69,"[[[681, 690]], [[682, 691]], [[682, 692]], [[681, 693]], [[681, 694]], [[681, 695]], [[680, 696]], [[680, 697]], [[680, 698]], [[680, 699]], [[680, 700]], [[680, 701]], [[680, 702]], [[680, 703]], [[680, 704]], [[679, 705]], [[678, 706]], [[677, 707]], [[676, 708]], [[676, 709]], [[676, 710]], [[677, 710]], [[678, 710]], [[679, 710]], [[680, 710]], [[681, 710]], [[682, 710]], [[683, 710]], [[684, 710]], [[685, 710]], [[686, 710]], [[687, 710]], [[688, 710]], [[689, 710]], [[689, 709]], [[689, 708]], [[689, 707]], [[690, 706]], [[691, 706]], [[692, 707]], [[693, 708]], [[692, 709]], [[693, 709]], [[694, 708]], [[695, 708]], [[696, 708]], [[697, 707]], [[698, 706]], [[699, 706]], [[700, 705]], [[700, 704]], [[699, 703]], [[698, 702]], [[698, 701]], [[697, 700]], [[697, 699]], [[697, 698]], [[697, 697]], [[696, 696]], [[696, 695]], [[696, 694]], [[695, 693]], [[694, 692]], [[693, 692]], [[692, 692]], [[691, 692]], [[690, 692]], [[689, 692]], [[688, 691]], [[687, 691]], [[686, 691]], [[685, 690]], [[684, 690]], [[683, 690]], [[682, 690]]]","[[[[682, 687], [681, 688], [680, 689], [680, 690], [679, 691], [679, 692], [678, 693], [678, 694], [679, 694], [680, 693], [681, 692], [681, 691], [680, 690], [681, 689], [682, 689], [683, 689], [684, 689], [685, 689], [686, 690], [687, 690], [688, 690], [689, 691], [690, 691], [691, 691], [692, 691], [693, 691], [694, 691], [695, 692], [696, 693], [697, 694], [697, 695], [697, 696], [698, 697], [698, 698], [698, 699], [698, 700], [699, 701], [699, 702], [700, 703], [701, 703], [701, 702], [701, 701], [701, 700], [700, 699], [700, 698], [700, 697], [700, 696], [699, 695], [699, 694], [698, 693], [699, 692], [699, 691], [698, 691], [697, 691], [696, 690], [695, 690], [694, 690], [693, 689], [692, 688], [691, 687], [690, 687], [689, 687], [688, 687], [687, 687], [686, 687], [685, 687], [684, 687], [683, 687]]], [[[677, 696], [677, 697], [678, 698], [678, 699], [678, 700], [677, 701], [677, 702], [677, 703], [677, 704], [676, 705], [675, 706], [674, 706], [673, 706], [673, 707], [672, 708], [671, 708], [670, 709], [669, 709], [668, 709], [668, 710], [669, 711], [670, 711], [671, 711], [672, 711], [673, 711], [674, 711], [675, 710], [675, 709], [675, 708], [676, 707], [677, 706], [678, 705], [679, 704], [679, 703], [679, 702], [679, 701], [679, 700], [679, 699], [679, 698], [679, 697], [678, 698], [677, 697]], [[682, 687], [681, 688], [680, 689], [680, 690], [679, 691], [679, 692], [678, 693], [678, 694], [679, 694], [680, 693], [681, 692], [681, 691], [680, 690], [681, 689], [682, 689], [683, 689], [684, 689], [685, 689], [686, 690], [687, 690], [688, 690], [689, 691], [690, 691], [691, 691], [692, 691], [693, 691], [694, 691], [695, 692], [696, 693], [697, 694], [697, 695], [697, 696], [698, 697], [698, 698], [698, 699], [698, 700], [699, 701], [699, 702], [700, 703], [701, 703], [701, 702], [701, 701], [701, 700], [700, 699], [700, 698], [700, 697], [700, 696], [699, 695], [699, 694], [698, 693], [699, 692], [699, 691], [698, 691], [697, 691], [696, 690], [695, 690], [694, 690], [693, 689], [692, 688], [691, 687], [690, 687], [689, 687], [688, 687], [687, 687], [686, 687], [685, 687], [684, 687], [683, 687]]], [[[677, 696], [677, 697], [678, 698], [678, 699], [678, 700], [677, 701], [677, 702], [677, 703], [677, 704], [676, 705], [675, 706], [674, 706], [673, 706], [673, 707], [672, 708], [671, 708], [670, 709], [669, 709], [668, 709], [668, 710], [669, 711], [670, 711], [671, 711], [672, 711], [673, 711], [674, 711], [675, 710], [675, 709], [675, 708], [676, 707], [677, 706], [678, 705], [679, 704], [679, 703], [679, 702], [679, 701], [679, 700], [679, 699], [679, 698], [679, 697], [678, 698], [677, 697]]], []]","[110, 111, 112, []]"
70,70,"[[[663, 682]], [[662, 683]], [[662, 684]], [[661, 685]], [[660, 685]], [[659, 686]], [[659, 687]], [[658, 688]], [[657, 689]], [[657, 690]], [[656, 691]], [[655, 691]], [[654, 692]], [[653, 693]], [[652, 693]], [[651, 692]], [[651, 693]], [[650, 694]], [[650, 695]], [[651, 696]], [[650, 697]], [[650, 698]], [[649, 699]], [[649, 700]], [[648, 701]], [[647, 701]], [[646, 702]], [[646, 703]], [[646, 704]], [[645, 705]], [[645, 706]], [[645, 707]], [[645, 708]], [[645, 709]], [[646, 710]], [[647, 711]], [[647, 712]], [[647, 713]], [[647, 714]], [[647, 715]], [[648, 716]], [[649, 716]], [[650, 717]], [[651, 717]], [[652, 718]], [[653, 719]], [[654, 719]], [[655, 719]], [[656, 718]], [[657, 717]], [[658, 717]], [[659, 716]], [[660, 715]], [[661, 714]], [[662, 713]], [[663, 712]], [[664, 711]], [[665, 710]], [[666, 709]], [[666, 708]], [[667, 707]], [[667, 706]], [[667, 705]], [[667, 704]], [[667, 703]], [[667, 702]], [[668, 701]], [[668, 700]], [[669, 699]], [[670, 698]], [[671, 698]], [[672, 699]], [[672, 700]], [[672, 701]], [[672, 702]], [[672, 703]], [[673, 702]], [[673, 701]], [[673, 700]], [[674, 699]], [[674, 698]], [[674, 697]], [[675, 696]], [[675, 695]], [[675, 694]], [[675, 693]], [[676, 692]], [[676, 691]], [[677, 690]], [[677, 689]], [[677, 688]], [[676, 687]], [[675, 687]], [[674, 686]], [[673, 685]], [[672, 685]], [[671, 685]], [[670, 684]], [[669, 684]], [[668, 684]], [[667, 683]], [[666, 683]], [[665, 682]], [[664, 682]]]","[[[[649, 690], [649, 691], [649, 692], [648, 693], [648, 694], [648, 695], [648, 696], [647, 697], [647, 698], [646, 699], [646, 700], [645, 701], [644, 702], [643, 702], [642, 703], [643, 704], [643, 705], [643, 706], [643, 707], [642, 708], [641, 708], [642, 708], [643, 708], [644, 709], [644, 708], [644, 707], [644, 706], [644, 705], [645, 704], [645, 703], [645, 702], [646, 701], [647, 700], [648, 700], [648, 699], [649, 698], [649, 697], [650, 696], [649, 695], [649, 694], [650, 693], [650, 692], [650, 691], [650, 690]]]]",[113]
71,71,"[[[136, 679]], [[135, 680]], [[135, 681]], [[135, 682]], [[134, 683]], [[133, 684]], [[133, 685]], [[134, 686]], [[134, 687]], [[135, 688]], [[135, 689]], [[136, 690]], [[136, 691]], [[137, 691]], [[138, 692]], [[139, 692]], [[140, 692]], [[141, 692]], [[142, 691]], [[143, 690]], [[144, 689]], [[145, 689]], [[145, 688]], [[146, 687]], [[146, 686]], [[147, 685]], [[148, 684]], [[149, 684]], [[150, 684]], [[151, 685]], [[152, 685]], [[153, 686]], [[153, 685]], [[153, 684]], [[153, 683]], [[153, 682]], [[153, 681]], [[153, 680]], [[152, 680]], [[151, 680]], [[151, 681]], [[151, 682]], [[150, 683]], [[149, 683]], [[148, 683]], [[147, 682]], [[147, 681]], [[146, 680]], [[145, 679]], [[144, 679]], [[143, 679]], [[142, 679]], [[141, 679]], [[140, 679]], [[139, 679]], [[138, 679]], [[137, 679]]]","[[[[131, 682], [130, 683], [129, 683], [128, 684], [129, 685], [130, 686], [130, 687], [129, 688], [128, 689], [127, 690], [126, 690], [125, 690], [125, 691], [126, 692], [127, 693], [127, 694], [127, 695], [127, 696], [127, 697], [127, 698], [128, 698], [129, 698], [130, 697], [131, 697], [132, 697], [133, 696], [132, 696], [131, 696], [130, 695], [130, 694], [131, 693], [132, 693], [133, 693], [134, 693], [135, 694], [136, 695], [137, 696], [137, 697], [138, 697], [139, 696], [140, 697], [141, 697], [142, 697], [142, 696], [141, 695], [140, 695], [139, 695], [138, 694], [138, 693], [137, 692], [136, 692], [135, 691], [135, 690], [134, 689], [134, 688], [133, 687], [133, 686], [132, 685], [132, 684], [133, 683], [133, 682], [132, 682]]], []]","[114, []]"
72,72,"[[[350, 677]], [[349, 678]], [[348, 678]], [[347, 679]], [[346, 679]], [[345, 679]], [[344, 680]], [[343, 681]], [[343, 682]], [[344, 683]], [[343, 684]], [[343, 685]], [[343, 686]], [[343, 687]], [[343, 688]], [[343, 689]], [[343, 690]], [[343, 691]], [[343, 692]], [[342, 693]], [[342, 694]], [[342, 695]], [[342, 696]], [[342, 697]], [[342, 698]], [[341, 699]], [[340, 699]], [[339, 699]], [[338, 698]], [[337, 697]], [[336, 696]], [[335, 696]], [[334, 696]], [[333, 696]], [[332, 695]], [[331, 695]], [[330, 695]], [[329, 695]], [[328, 696]], [[327, 696]], [[326, 696]], [[325, 696]], [[324, 696]], [[323, 697]], [[323, 698]], [[322, 699]], [[322, 700]], [[321, 701]], [[321, 702]], [[320, 703]], [[321, 703]], [[322, 704]], [[323, 705]], [[323, 706]], [[324, 706]], [[325, 706]], [[326, 706]], [[327, 707]], [[328, 707]], [[329, 707]], [[330, 708]], [[331, 708]], [[332, 708]], [[333, 709]], [[334, 710]], [[334, 711]], [[334, 712]], [[335, 712]], [[336, 712]], [[337, 713]], [[337, 714]], [[336, 715]], [[335, 716]], [[335, 717]], [[334, 718]], [[335, 719]], [[334, 720]], [[334, 721]], [[334, 722]], [[334, 723]], [[334, 724]], [[334, 725]], [[334, 726]], [[334, 727]], [[334, 728]], [[334, 729]], [[333, 730]], [[332, 730]], [[331, 730]], [[330, 729]], [[330, 728]], [[329, 728]], [[328, 727]], [[327, 727]], [[326, 727]], [[325, 726]], [[324, 726]], [[323, 726]], [[322, 725]], [[321, 724]], [[320, 724]], [[319, 723]], [[318, 723]], [[317, 723]], [[316, 723]], [[315, 723]], [[314, 723]], [[313, 723]], [[312, 724]], [[312, 725]], [[311, 726]], [[310, 727]], [[309, 727]], [[308, 728]], [[307, 729]], [[307, 730]], [[306, 731]], [[305, 731]], [[304, 731]], [[304, 732]], [[304, 733]], [[304, 734]], [[304, 735]], [[304, 736]], [[304, 737]], [[304, 738]], [[304, 739]], [[305, 740]], [[305, 741]], [[305, 742]], [[305, 743]], [[305, 744]], [[306, 745]], [[306, 746]], [[306, 747]], [[307, 748]], [[307, 749]], [[307, 750]], [[306, 751]], [[305, 751]], [[304, 751]], [[303, 751]], [[302, 751]], [[301, 752]], [[300, 751]], [[300, 752]], [[300, 753]], [[300, 754]], [[301, 753]], [[302, 753]], [[303, 753]], [[304, 753]], [[305, 753]], [[306, 752]], [[306, 751]], [[307, 750]], [[308, 751]], [[308, 752]], [[309, 753]], [[309, 754]], [[309, 755]], [[310, 756]], [[311, 757]], [[312, 758]], [[313, 759]], [[313, 760]], [[313, 761]], [[313, 762]], [[314, 762]], [[315, 763]], [[314, 764]], [[315, 765]], [[316, 766]], [[317, 767]], [[318, 768]], [[319, 769]], [[319, 770]], [[319, 771]], [[319, 772]], [[320, 773]], [[321, 773]], [[322, 773]], [[323, 774]], [[322, 775]], [[321, 775]], [[321, 776]], [[322, 777]], [[323, 778]], [[324, 779]], [[323, 780]], [[322, 780]], [[322, 781]], [[322, 782]], [[321, 783]], [[321, 784]], [[322, 784]], [[323, 784]], [[324, 784]], [[324, 783]], [[325, 782]], [[326, 781]], [[327, 781]], [[328, 780]], [[328, 779]], [[327, 778]], [[327, 777]], [[328, 776]], [[329, 777]], [[330, 777]], [[331, 778]], [[330, 779]], [[330, 780]], [[330, 781]], [[330, 782]], [[329, 783]], [[329, 784]], [[330, 785]], [[330, 786]], [[330, 787]], [[329, 788]], [[328, 788]], [[327, 788]], [[326, 788]], [[325, 788]], [[324, 789]], [[324, 790]], [[324, 791]], [[324, 792]], [[324, 793]], [[324, 794]], [[324, 795]], [[324, 796]], [[324, 797]], [[325, 798]], [[326, 799]], [[327, 799]], [[328, 799]], [[329, 800]], [[329, 801]], [[329, 802]], [[330, 803]], [[331, 804]], [[332, 804]], [[333, 804]], [[334, 805]], [[335, 805]], [[336, 805]], [[337, 805]], [[338, 805]], [[339, 805]], [[340, 804]], [[341, 804]], [[342, 804]], [[343, 804]], [[344, 804]], [[345, 803]], [[346, 802]], [[347, 802]], [[348, 801]], [[349, 800]], [[350, 799]], [[351, 799]], [[352, 798]], [[352, 797]], [[352, 796]], [[352, 795]], [[352, 794]], [[352, 793]], [[352, 792]], [[351, 791]], [[351, 790]], [[350, 789]], [[349, 789]], [[348, 788]], [[347, 788]], [[346, 788]], [[345, 787]], [[344, 786]], [[344, 785]], [[344, 784]], [[344, 783]], [[345, 782]], [[345, 781]], [[344, 780]], [[344, 779]], [[344, 778]], [[344, 777]], [[344, 776]], [[345, 775]], [[345, 774]], [[345, 773]], [[345, 772]], [[345, 771]], [[346, 770]], [[346, 769]], [[346, 768]], [[346, 767]], [[346, 766]], [[347, 765]], [[347, 764]], [[347, 763]], [[347, 762]], [[348, 761]], [[349, 760]], [[350, 759]], [[351, 758]], [[351, 757]], [[352, 756]], [[353, 755]], [[354, 755]], [[355, 755]], [[356, 755]], [[357, 756]], [[358, 756]], [[359, 756]], [[360, 756]], [[361, 756]], [[362, 756]], [[363, 756]], [[364, 756]], [[365, 756]], [[366, 756]], [[367, 755]], [[368, 755]], [[369, 754]], [[370, 753]], [[371, 753]], [[372, 752]], [[373, 752]], [[374, 753]], [[375, 754]], [[376, 754]], [[377, 753]], [[378, 752]], [[379, 752]], [[380, 751]], [[381, 752]], [[381, 753]], [[381, 754]], [[381, 753]], [[381, 752]], [[380, 751]], [[380, 750]], [[380, 749]], [[380, 748]], [[380, 747]], [[380, 746]], [[380, 745]], [[380, 744]], [[379, 743]], [[379, 742]], [[380, 741]], [[381, 741]], [[382, 742]], [[383, 741]], [[384, 741]], [[385, 741]], [[386, 740]], [[387, 739]], [[388, 739]], [[389, 738]], [[390, 738]], [[391, 738]], [[392, 737]], [[393, 736]], [[394, 735]], [[394, 734]], [[394, 733]], [[395, 732]], [[396, 731]], [[395, 730]], [[396, 729]], [[396, 728]], [[396, 727]], [[396, 726]], [[396, 725]], [[396, 724]], [[395, 723]], [[395, 722]], [[395, 721]], [[395, 720]], [[395, 719]], [[395, 718]], [[395, 717]], [[394, 716]], [[394, 715]], [[393, 714]], [[392, 713]], [[391, 712]], [[390, 711]], [[389, 710]], [[388, 710]], [[387, 709]], [[387, 708]], [[387, 707]], [[387, 706]], [[387, 705]], [[386, 704]], [[386, 703]], [[386, 702]], [[387, 701]], [[386, 700]], [[385, 699]], [[384, 698]], [[384, 697]], [[385, 696]], [[384, 695]], [[383, 694]], [[383, 693]], [[383, 692]], [[382, 691]], [[381, 690]], [[380, 689]], [[379, 689]], [[378, 688]], [[377, 688]], [[376, 687]], [[375, 686]], [[374, 685]], [[373, 685]], [[372, 685]], [[371, 685]], [[370, 686]], [[369, 686]], [[368, 687]], [[367, 687]], [[366, 687]], [[365, 686]], [[364, 685]], [[363, 684]], [[362, 683]], [[362, 682]], [[361, 681]], [[360, 680]], [[359, 679]], [[358, 679]], [[357, 679]], [[356, 678]], [[355, 678]], [[354, 678]], [[353, 677]], [[352, 677]], [[351, 677]]]","[[[[349, 674], [350, 675], [349, 676], [348, 677], [347, 678], [346, 678], [345, 678], [344, 678], [343, 678], [344, 678], [345, 678], [346, 678], [347, 678], [348, 677], [349, 677], [350, 676], [351, 676], [352, 676], [353, 676], [354, 677], [355, 677], [356, 677], [357, 678], [358, 678], [357, 677], [356, 677], [355, 676], [354, 675], [353, 675], [352, 675], [351, 674], [350, 674]]], [], [[[324, 694], [323, 695], [322, 696], [322, 697], [321, 698], [320, 699], [319, 698], [318, 697], [317, 697], [316, 698], [316, 699], [316, 700], [317, 701], [318, 702], [319, 703], [320, 702], [320, 701], [320, 700], [321, 699], [321, 698], [322, 697], [323, 696], [324, 695], [325, 695], [326, 695], [326, 694], [325, 694]]], [[[321, 705], [322, 706], [322, 707], [323, 707], [324, 707], [325, 707], [326, 707], [327, 708], [328, 708], [329, 709], [330, 710], [331, 711], [332, 712], [333, 713], [333, 712], [333, 711], [333, 710], [332, 709], [331, 709], [330, 709], [329, 708], [328, 708], [327, 708], [326, 707], [325, 707], [324, 707], [323, 707], [322, 706], [322, 705]]], [[[303, 739], [303, 740], [302, 741], [302, 742], [303, 742], [304, 743], [304, 744], [304, 745], [304, 746], [305, 747], [305, 748], [304, 749], [303, 748], [302, 748], [301, 748], [300, 747], [299, 747], [298, 747], [297, 746], [297, 747], [298, 747], [299, 748], [299, 749], [299, 750], [298, 751], [298, 752], [298, 753], [297, 754], [297, 755], [297, 756], [296, 757], [296, 758], [295, 759], [295, 760], [296, 760], [297, 759], [298, 758], [299, 758], [300, 758], [301, 758], [301, 757], [301, 756], [300, 755], [299, 754], [299, 753], [299, 752], [299, 751], [300, 750], [301, 750], [302, 749], [303, 750], [304, 750], [305, 750], [306, 750], [306, 749], [306, 748], [305, 747], [305, 746], [304, 745], [304, 744], [304, 743], [304, 742], [304, 741], [304, 740]]], [[[314, 766], [313, 767], [314, 767], [315, 768], [314, 769], [314, 770], [315, 771], [316, 771], [317, 772], [316, 773], [315, 774], [315, 775], [316, 775], [317, 776], [318, 776], [319, 776], [320, 777], [320, 778], [321, 779], [322, 779], [323, 779], [322, 778], [321, 778], [320, 777], [320, 776], [320, 775], [321, 774], [322, 774], [321, 774], [320, 774], [319, 773], [318, 773], [317, 772], [318, 771], [318, 770], [318, 769], [317, 768], [316, 767], [315, 766]]], [[[314, 777], [314, 778], [313, 779], [312, 780], [312, 781], [313, 782], [313, 783], [313, 784], [314, 784], [315, 784], [315, 783], [316, 782], [317, 782], [318, 783], [318, 784], [318, 785], [319, 785], [320, 786], [320, 787], [321, 788], [322, 789], [322, 790], [321, 791], [322, 792], [322, 793], [321, 794], [321, 795], [321, 796], [322, 797], [322, 798], [323, 799], [324, 799], [324, 798], [323, 797], [323, 796], [323, 795], [323, 794], [323, 793], [323, 792], [323, 791], [323, 790], [323, 789], [324, 788], [325, 787], [325, 786], [324, 786], [323, 786], [322, 787], [321, 786], [321, 785], [320, 784], [320, 783], [319, 782], [319, 781], [318, 781], [317, 780], [316, 779], [316, 778], [315, 777]], [[314, 766], [313, 767], [314, 767], [315, 768], [314, 769], [314, 770], [315, 771], [316, 771], [317, 772], [316, 773], [315, 774], [315, 775], [316, 775], [317, 776], [318, 776], [319, 776], [320, 777], [320, 778], [321, 779], [322, 779], [323, 779], [322, 778], [321, 778], [320, 777], [320, 776], [320, 775], [321, 774], [322, 774], [321, 774], [320, 774], [319, 773], [318, 773], [317, 772], [318, 771], [318, 770], [318, 769], [317, 768], [316, 767], [315, 766]]], [[[314, 777], [314, 778], [313, 779], [312, 780], [312, 781], [313, 782], [313, 783], [313, 784], [314, 784], [315, 784], [315, 783], [316, 782], [317, 782], [318, 783], [318, 784], [318, 785], [319, 785], [320, 786], [320, 787], [321, 788], [322, 789], [322, 790], [321, 791], [322, 792], [322, 793], [321, 794], [321, 795], [321, 796], [322, 797], [322, 798], [323, 799], [324, 799], [324, 798], [323, 797], [323, 796], [323, 795], [323, 794], [323, 793], [323, 792], [323, 791], [323, 790], [323, 789], [324, 788], [325, 787], [325, 786], [324, 786], [323, 786], [322, 787], [321, 786], [321, 785], [320, 784], [320, 783], [319, 782], [319, 781], [318, 781], [317, 780], [316, 779], [316, 778], [315, 777]]], [[[349, 801], [350, 802], [351, 803], [351, 804], [351, 805], [352, 805], [353, 805], [354, 806], [355, 807], [355, 808], [356, 808], [357, 807], [358, 807], [359, 806], [360, 805], [360, 804], [361, 803], [362, 803], [363, 803], [362, 803], [361, 803], [360, 802], [359, 802], [358, 802], [357, 802], [356, 802], [355, 802], [354, 801], [353, 801], [352, 801], [351, 801], [350, 801]]], [[[380, 742], [380, 743], [381, 744], [381, 745], [381, 746], [381, 747], [381, 748], [381, 749], [381, 750], [381, 751], [382, 752], [383, 752], [384, 752], [385, 752], [386, 751], [385, 751], [384, 751], [383, 750], [383, 749], [383, 748], [383, 747], [383, 746], [383, 745], [383, 744], [382, 743], [381, 742]]], [[[380, 742], [380, 743], [381, 744], [381, 745], [381, 746], [381, 747], [381, 748], [381, 749], [381, 750], [381, 751], [382, 752], [383, 752], [384, 752], [385, 752], [386, 751], [385, 751], [384, 751], [383, 750], [383, 749], [383, 748], [383, 747], [383, 746], [383, 745], [383, 744], [382, 743], [381, 742]], [[389, 739], [388, 740], [387, 740], [386, 741], [385, 742], [386, 742], [387, 743], [387, 744], [388, 745], [388, 746], [388, 747], [389, 748], [389, 749], [389, 750], [388, 751], [389, 751], [390, 751], [391, 751], [391, 750], [391, 749], [391, 748], [391, 747], [390, 746], [389, 745], [388, 744], [388, 743], [389, 742], [390, 741], [391, 741], [391, 740], [391, 739], [390, 739]]], [[[389, 739], [388, 740], [387, 740], [386, 741], [385, 742], [386, 742], [387, 743], [387, 744], [388, 745], [388, 746], [388, 747], [389, 748], [389, 749], [389, 750], [388, 751], [389, 751], [390, 751], [391, 751], [391, 750], [391, 749], [391, 748], [391, 747], [390, 746], [389, 745], [388, 744], [388, 743], [389, 742], [390, 741], [391, 741], [391, 740], [391, 739], [390, 739]]], [[[385, 697], [385, 698], [386, 699], [387, 700], [388, 701], [387, 702], [387, 703], [387, 704], [388, 704], [389, 705], [389, 706], [390, 707], [389, 708], [388, 708], [388, 709], [389, 709], [390, 710], [391, 711], [392, 712], [393, 713], [394, 714], [394, 713], [393, 712], [392, 711], [392, 710], [392, 709], [393, 708], [394, 708], [395, 707], [395, 706], [395, 705], [394, 706], [393, 707], [392, 707], [391, 706], [391, 705], [391, 704], [391, 703], [390, 702], [389, 701], [388, 700], [388, 699], [387, 698], [386, 697]]]]","[115, [], 116, 117, 106, 119, 120, 121, 122, 123, 124, 125, 126]"
73,73,"[[[479, 661]], [[478, 662]], [[477, 662]], [[476, 663]], [[475, 664]], [[474, 665]], [[473, 665]], [[472, 664]], [[471, 664]], [[470, 664]], [[469, 664]], [[468, 664]], [[467, 664]], [[466, 664]], [[465, 664]], [[464, 664]], [[463, 664]], [[462, 665]], [[461, 665]], [[460, 665]], [[459, 666]], [[458, 667]], [[457, 668]], [[456, 669]], [[455, 670]], [[454, 671]], [[454, 672]], [[453, 673]], [[452, 673]], [[452, 674]], [[451, 675]], [[450, 676]], [[450, 677]], [[449, 678]], [[448, 679]], [[448, 680]], [[447, 681]], [[447, 682]], [[446, 683]], [[446, 684]], [[446, 685]], [[445, 686]], [[445, 687]], [[445, 688]], [[445, 689]], [[445, 690]], [[445, 691]], [[446, 691]], [[447, 691]], [[448, 691]], [[449, 690]], [[450, 691]], [[451, 691]], [[452, 691]], [[453, 692]], [[454, 692]], [[455, 692]], [[456, 692]], [[457, 693]], [[458, 693]], [[459, 693]], [[460, 693]], [[461, 693]], [[462, 693]], [[463, 693]], [[464, 694]], [[465, 695]], [[464, 696]], [[463, 696]], [[462, 696]], [[461, 696]], [[460, 696]], [[459, 696]], [[458, 697]], [[457, 698]], [[456, 699]], [[455, 699]], [[454, 699]], [[454, 700]], [[453, 701]], [[452, 702]], [[451, 703]], [[450, 704]], [[450, 705]], [[450, 706]], [[449, 707]], [[449, 708]], [[449, 709]], [[448, 710]], [[448, 711]], [[448, 712]], [[447, 713]], [[447, 714]], [[448, 715]], [[449, 716]], [[450, 717]], [[450, 718]], [[451, 719]], [[452, 719]], [[453, 719]], [[454, 719]], [[455, 719]], [[456, 719]], [[457, 719]], [[458, 719]], [[459, 718]], [[460, 718]], [[461, 718]], [[462, 717]], [[463, 717]], [[463, 716]], [[464, 715]], [[465, 714]], [[466, 713]], [[467, 712]], [[468, 711]], [[469, 710]], [[469, 709]], [[469, 708]], [[469, 707]], [[469, 706]], [[470, 705]], [[470, 704]], [[470, 703]], [[470, 702]], [[470, 701]], [[469, 700]], [[469, 699]], [[468, 698]], [[468, 697]], [[467, 696]], [[466, 695]], [[466, 694]], [[467, 693]], [[468, 693]], [[469, 693]], [[470, 694]], [[471, 694]], [[472, 695]], [[473, 695]], [[474, 695]], [[475, 695]], [[476, 696]], [[477, 696]], [[478, 697]], [[479, 698]], [[480, 698]], [[481, 698]], [[482, 699]], [[483, 699]], [[484, 699]], [[485, 699]], [[486, 699]], [[487, 699]], [[488, 698]], [[489, 697]], [[490, 696]], [[491, 695]], [[492, 695]], [[493, 695]], [[494, 694]], [[495, 693]], [[496, 693]], [[497, 692]], [[498, 691]], [[498, 690]], [[499, 689]], [[499, 688]], [[500, 687]], [[500, 686]], [[500, 685]], [[500, 684]], [[500, 683]], [[500, 682]], [[500, 681]], [[500, 680]], [[500, 679]], [[500, 678]], [[500, 677]], [[500, 676]], [[500, 675]], [[499, 674]], [[498, 673]], [[498, 672]], [[498, 671]], [[498, 670]], [[497, 669]], [[496, 668]], [[495, 667]], [[494, 666]], [[493, 666]], [[492, 665]], [[491, 664]], [[490, 664]], [[489, 664]], [[488, 664]], [[487, 663]], [[486, 663]], [[485, 663]], [[484, 662]], [[483, 661]], [[482, 661]], [[481, 661]], [[480, 661]]]","[[[[467, 661], [466, 662], [465, 662], [464, 662], [463, 662], [462, 662], [461, 663], [460, 663], [459, 663], [458, 664], [457, 665], [456, 665], [455, 666], [455, 667], [454, 668], [453, 669], [453, 670], [452, 671], [451, 672], [452, 672], [453, 672], [453, 671], [454, 670], [455, 669], [456, 668], [457, 667], [458, 666], [459, 665], [460, 664], [461, 664], [462, 664], [463, 663], [464, 663], [465, 663], [466, 663], [467, 663], [468, 663], [469, 663], [470, 663], [471, 663], [472, 663], [473, 663], [474, 664], [474, 663], [473, 663], [472, 663], [471, 662], [470, 662], [469, 662], [468, 661]]], [], [[[455, 694], [454, 695], [454, 696], [454, 697], [453, 698], [452, 699], [452, 700], [452, 701], [451, 702], [450, 702], [449, 703], [448, 703], [449, 704], [449, 705], [448, 706], [447, 706], [446, 706], [445, 706], [444, 706], [443, 706], [442, 705], [443, 704], [442, 704], [441, 704], [440, 704], [439, 704], [438, 704], [438, 705], [439, 705], [440, 705], [441, 706], [441, 707], [442, 707], [443, 707], [444, 708], [444, 709], [445, 710], [445, 711], [445, 712], [446, 713], [447, 712], [447, 711], [447, 710], [448, 709], [448, 708], [448, 707], [449, 706], [449, 705], [449, 704], [450, 703], [451, 702], [452, 701], [453, 700], [453, 699], [454, 698], [455, 698], [456, 698], [457, 697], [458, 696], [459, 695], [460, 695], [461, 695], [462, 695], [463, 695], [464, 695], [463, 694], [462, 694], [461, 694], [460, 694], [459, 694], [458, 694], [457, 694], [456, 694]]]]","[127, [], 128]"
74,74,"[[[748, 644]], [[748, 645]], [[748, 646]], [[748, 647]], [[748, 648]], [[748, 649]], [[748, 650]], [[749, 650]], [[750, 651]], [[750, 652]], [[751, 653]], [[752, 653]], [[753, 652]], [[754, 651]], [[755, 650]], [[756, 649]], [[757, 649]], [[758, 649]], [[759, 650]], [[759, 651]], [[758, 652]], [[759, 652]], [[760, 653]], [[760, 654]], [[760, 655]], [[760, 656]], [[759, 657]], [[759, 658]], [[759, 659]], [[758, 660]], [[758, 661]], [[758, 662]], [[758, 663]], [[758, 664]], [[758, 665]], [[757, 666]], [[756, 667]], [[755, 668]], [[754, 668]], [[753, 669]], [[752, 669]], [[751, 670]], [[751, 671]], [[751, 672]], [[751, 673]], [[751, 674]], [[751, 675]], [[751, 676]], [[751, 677]], [[751, 678]], [[751, 679]], [[751, 680]], [[750, 681]], [[749, 681]], [[749, 682]], [[750, 683]], [[750, 684]], [[751, 684]], [[752, 685]], [[753, 685]], [[754, 686]], [[755, 687]], [[755, 688]], [[755, 689]], [[755, 690]], [[754, 691]], [[753, 690]], [[752, 689]], [[751, 689]], [[750, 688]], [[750, 687]], [[749, 687]], [[748, 687]], [[747, 686]], [[746, 686]], [[745, 686]], [[744, 687]], [[743, 687]], [[742, 686]], [[742, 687]], [[741, 688]], [[740, 688]], [[739, 687]], [[738, 687]], [[737, 686]], [[736, 687]], [[735, 688]], [[734, 689]], [[733, 689]], [[732, 690]], [[731, 690]], [[730, 690]], [[729, 690]], [[728, 690]], [[727, 690]], [[726, 690]], [[725, 691]], [[725, 692]], [[724, 693]], [[723, 694]], [[722, 695]], [[722, 696]], [[722, 697]], [[721, 698]], [[722, 699]], [[722, 700]], [[723, 701]], [[723, 702]], [[724, 703]], [[724, 704]], [[725, 704]], [[726, 704]], [[727, 703]], [[728, 703]], [[729, 703]], [[730, 703]], [[731, 702]], [[732, 702]], [[733, 702]], [[734, 701]], [[735, 702]], [[736, 703]], [[737, 702]], [[738, 702]], [[739, 702]], [[740, 702]], [[741, 702]], [[742, 702]], [[743, 702]], [[744, 702]], [[745, 702]], [[746, 701]], [[747, 701]], [[748, 701]], [[749, 700]], [[750, 700]], [[750, 699]], [[751, 698]], [[752, 697]], [[753, 698]], [[754, 699]], [[754, 700]], [[754, 701]], [[754, 702]], [[754, 703]], [[754, 704]], [[753, 705]], [[753, 706]], [[753, 707]], [[753, 708]], [[753, 709]], [[753, 710]], [[753, 711]], [[754, 712]], [[755, 713]], [[756, 713]], [[757, 713]], [[758, 714]], [[759, 715]], [[760, 716]], [[760, 717]], [[761, 718]], [[761, 719]], [[761, 720]], [[762, 721]], [[763, 721]], [[764, 722]], [[765, 722]], [[766, 722]], [[767, 722]], [[768, 722]], [[769, 722]], [[770, 722]], [[771, 722]], [[772, 722]], [[773, 722]], [[774, 721]], [[775, 721]], [[776, 721]], [[777, 721]], [[778, 721]], [[779, 721]], [[780, 721]], [[781, 720]], [[782, 720]], [[783, 719]], [[784, 718]], [[785, 718]], [[786, 718]], [[787, 717]], [[788, 717]], [[789, 717]], [[790, 717]], [[791, 716]], [[792, 716]], [[793, 716]], [[794, 716]], [[795, 715]], [[796, 714]], [[797, 714]], [[798, 713]], [[799, 712]], [[800, 712]], [[801, 711]], [[802, 710]], [[803, 710]], [[804, 709]], [[804, 708]], [[805, 707]], [[804, 706]], [[804, 705]], [[804, 704]], [[805, 703]], [[805, 702]], [[805, 701]], [[805, 700]], [[804, 700]], [[803, 699]], [[804, 698]], [[805, 697]], [[806, 697]], [[805, 696]], [[805, 695]], [[805, 694]], [[806, 693]], [[807, 693]], [[808, 693]], [[809, 692]], [[810, 692]], [[811, 691]], [[811, 690]], [[812, 689]], [[812, 688]], [[811, 688]], [[810, 687]], [[811, 686]], [[811, 685]], [[811, 684]], [[811, 683]], [[811, 682]], [[811, 681]], [[812, 680]], [[812, 679]], [[811, 678]], [[811, 677]], [[810, 676]], [[810, 675]], [[810, 674]], [[809, 674]], [[808, 673]], [[807, 672]], [[806, 672]], [[805, 671]], [[804, 670]], [[803, 669]], [[802, 668]], [[801, 668]], [[800, 667]], [[799, 667]], [[798, 667]], [[797, 666]], [[796, 665]], [[795, 665]], [[794, 665]], [[793, 665]], [[792, 665]], [[791, 665]], [[790, 666]], [[790, 667]], [[789, 668]], [[788, 668]], [[787, 668]], [[786, 667]], [[785, 666]], [[785, 665]], [[784, 664]], [[784, 663]], [[783, 662]], [[783, 661]], [[782, 660]], [[782, 659]], [[781, 659]], [[780, 658]], [[780, 657]], [[780, 656]], [[780, 655]], [[779, 654]], [[778, 653]], [[778, 652]], [[777, 651]], [[777, 650]], [[776, 649]], [[775, 648]], [[775, 647]], [[775, 646]], [[774, 645]], [[773, 645]], [[772, 644]], [[771, 644]], [[770, 644]], [[769, 644]], [[768, 644]], [[767, 644]], [[766, 645]], [[765, 645]], [[764, 646]], [[763, 646]], [[762, 646]], [[761, 647]], [[760, 647]], [[759, 647]], [[758, 647]], [[757, 648]], [[756, 647]], [[755, 647]], [[754, 646]], [[753, 645]], [[752, 644]], [[751, 644]], [[750, 644]], [[749, 645]]]","[[], [[[745, 665], [745, 666], [746, 667], [746, 668], [746, 669], [747, 670], [748, 671], [748, 672], [749, 673], [748, 674], [749, 675], [749, 676], [750, 677], [750, 676], [750, 675], [750, 674], [750, 673], [750, 672], [750, 671], [750, 670], [750, 669], [749, 669], [748, 669], [747, 668], [746, 667], [746, 666]]], [[[720, 687], [719, 688], [720, 689], [720, 690], [719, 691], [718, 691], [717, 691], [716, 691], [715, 690], [714, 689], [714, 690], [714, 691], [714, 692], [715, 693], [715, 694], [716, 694], [717, 694], [718, 694], [719, 694], [720, 694], [721, 694], [722, 694], [722, 693], [722, 692], [722, 691], [723, 690], [724, 690], [723, 690], [722, 689], [722, 688], [721, 687]]], [[[733, 703], [732, 704], [731, 704], [730, 705], [729, 705], [728, 705], [727, 705], [726, 705], [725, 705], [724, 706], [724, 707], [723, 708], [723, 709], [724, 710], [725, 710], [726, 710], [727, 710], [728, 710], [729, 709], [730, 709], [731, 709], [732, 709], [733, 709], [733, 708], [733, 707], [734, 706], [735, 706], [736, 706], [737, 707], [737, 708], [738, 708], [739, 708], [740, 709], [740, 708], [739, 707], [739, 706], [738, 706], [737, 705], [736, 704], [735, 703], [734, 703]]], [[[792, 652], [792, 653], [793, 654], [792, 655], [791, 655], [790, 654], [789, 655], [788, 655], [787, 654], [786, 654], [785, 653], [784, 653], [784, 654], [785, 655], [786, 655], [787, 655], [788, 655], [789, 656], [790, 656], [791, 656], [792, 656], [793, 657], [794, 658], [793, 659], [792, 660], [793, 661], [792, 662], [791, 662], [790, 662], [790, 663], [791, 664], [792, 664], [793, 663], [793, 662], [794, 661], [795, 661], [796, 662], [797, 662], [798, 663], [799, 662], [799, 661], [798, 660], [798, 659], [798, 658], [797, 657], [796, 656], [797, 655], [796, 654], [796, 653], [795, 653], [794, 652], [793, 652]]]]","[[], 129, 130, 131, 132]"
75,75,"[[[553, 641]], [[552, 642]], [[551, 642]], [[550, 642]], [[549, 642]], [[548, 642]], [[547, 642]], [[546, 642]], [[545, 643]], [[544, 643]], [[543, 643]], [[542, 643]], [[541, 643]], [[540, 643]], [[539, 643]], [[538, 643]], [[537, 644]], [[536, 645]], [[536, 646]], [[535, 647]], [[535, 648]], [[535, 649]], [[535, 650]], [[534, 651]], [[533, 651]], [[532, 652]], [[532, 653]], [[532, 654]], [[532, 655]], [[533, 656]], [[533, 657]], [[533, 658]], [[534, 659]], [[534, 660]], [[534, 661]], [[534, 662]], [[534, 663]], [[535, 664]], [[536, 664]], [[537, 664]], [[538, 664]], [[539, 664]], [[540, 664]], [[541, 664]], [[542, 664]], [[543, 664]], [[544, 664]], [[545, 664]], [[546, 664]], [[547, 664]], [[548, 664]], [[549, 664]], [[550, 664]], [[551, 664]], [[552, 664]], [[553, 664]], [[554, 664]], [[555, 664]], [[556, 664]], [[557, 664]], [[558, 664]], [[559, 664]], [[560, 664]], [[561, 663]], [[562, 663]], [[563, 663]], [[564, 662]], [[565, 662]], [[566, 662]], [[567, 662]], [[568, 662]], [[569, 663]], [[569, 664]], [[569, 665]], [[569, 666]], [[568, 667]], [[569, 668]], [[568, 669]], [[568, 670]], [[569, 670]], [[570, 670]], [[571, 670]], [[572, 670]], [[573, 669]], [[574, 669]], [[575, 669]], [[576, 669]], [[577, 669]], [[578, 669]], [[579, 668]], [[579, 667]], [[580, 666]], [[581, 665]], [[582, 665]], [[583, 664]], [[582, 663]], [[582, 662]], [[581, 661]], [[581, 660]], [[580, 659]], [[580, 658]], [[580, 657]], [[579, 657]], [[578, 656]], [[577, 657]], [[576, 656]], [[575, 657]], [[574, 656]], [[573, 655]], [[574, 654]], [[574, 653]], [[574, 652]], [[574, 651]], [[574, 650]], [[575, 649]], [[575, 648]], [[574, 647]], [[574, 646]], [[573, 645]], [[573, 644]], [[572, 643]], [[571, 642]], [[570, 641]], [[569, 641]], [[568, 641]], [[567, 641]], [[566, 641]], [[565, 641]], [[564, 641]], [[563, 641]], [[562, 641]], [[561, 641]], [[560, 641]], [[559, 641]], [[558, 641]], [[557, 641]], [[556, 641]], [[555, 641]], [[554, 641]]]","[[[[530, 649], [529, 650], [529, 651], [528, 652], [527, 653], [527, 654], [528, 655], [528, 656], [529, 656], [530, 656], [531, 657], [531, 658], [531, 659], [531, 660], [530, 661], [529, 662], [530, 662], [531, 662], [532, 662], [533, 663], [534, 664], [533, 663], [533, 662], [533, 661], [533, 660], [533, 659], [532, 658], [532, 657], [531, 657], [530, 656], [529, 655], [530, 654], [531, 653], [531, 652], [531, 651], [531, 650]]], []]","[133, []]"
76,76,"[[[356, 633]], [[355, 634]], [[354, 634]], [[353, 634]], [[352, 634]], [[351, 634]], [[350, 635]], [[349, 636]], [[348, 637]], [[347, 638]], [[346, 638]], [[346, 639]], [[346, 640]], [[346, 641]], [[346, 642]], [[346, 643]], [[347, 644]], [[347, 645]], [[347, 646]], [[347, 647]], [[348, 648]], [[349, 649]], [[349, 650]], [[350, 651]], [[350, 652]], [[351, 653]], [[352, 652]], [[353, 652]], [[354, 653]], [[355, 653]], [[356, 653]], [[357, 653]], [[358, 654]], [[359, 655]], [[359, 656]], [[359, 657]], [[359, 658]], [[358, 659]], [[358, 660]], [[359, 660]], [[360, 661]], [[361, 662]], [[362, 662]], [[363, 662]], [[364, 663]], [[365, 663]], [[366, 662]], [[367, 663]], [[367, 662]], [[368, 661]], [[368, 660]], [[368, 659]], [[369, 658]], [[370, 657]], [[371, 656]], [[372, 656]], [[372, 655]], [[372, 654]], [[373, 653]], [[373, 652]], [[373, 651]], [[374, 650]], [[375, 649]], [[376, 648]], [[377, 647]], [[377, 646]], [[376, 646]], [[375, 645]], [[374, 644]], [[373, 644]], [[372, 643]], [[371, 643]], [[370, 642]], [[369, 642]], [[368, 641]], [[367, 640]], [[367, 639]], [[366, 639]], [[365, 638]], [[364, 637]], [[363, 636]], [[362, 635]], [[361, 634]], [[360, 634]], [[359, 634]], [[358, 633]], [[357, 633]]]","[[], [[[329, 649], [328, 650], [327, 651], [326, 651], [325, 650], [324, 651], [324, 652], [323, 653], [322, 653], [321, 653], [321, 654], [322, 655], [323, 655], [324, 656], [325, 657], [324, 656], [325, 655], [325, 654], [325, 653], [326, 652], [327, 651], [328, 651], [329, 652], [330, 653], [331, 654], [332, 653], [333, 652], [334, 652], [335, 652], [336, 651], [337, 651], [338, 650], [339, 650], [340, 650], [341, 650], [342, 650], [343, 651], [344, 651], [345, 651], [346, 651], [347, 651], [348, 652], [348, 653], [349, 654], [350, 654], [351, 655], [352, 655], [351, 654], [350, 653], [349, 652], [349, 651], [348, 650], [348, 649], [347, 649], [346, 650], [345, 650], [344, 649], [343, 649], [342, 649], [341, 649], [340, 649], [339, 649], [338, 650], [337, 650], [336, 651], [335, 651], [334, 651], [333, 651], [332, 651], [331, 651], [330, 650]]], [[[365, 635], [365, 636], [365, 637], [366, 638], [367, 638], [368, 639], [368, 640], [369, 641], [370, 641], [371, 642], [372, 642], [373, 643], [374, 643], [375, 644], [376, 645], [377, 645], [378, 645], [379, 646], [379, 645], [379, 644], [378, 645], [377, 644], [376, 643], [375, 642], [376, 641], [377, 641], [378, 641], [379, 641], [379, 640], [378, 639], [377, 639], [376, 639], [376, 640], [375, 641], [374, 641], [373, 641], [372, 641], [371, 641], [370, 640], [370, 639], [370, 638], [369, 637], [368, 636], [367, 635], [366, 635]]]]","[[], 134, 135]"
77,77,"[[[393, 606]], [[393, 607]], [[393, 608]], [[393, 609]], [[392, 610]], [[391, 610]], [[390, 610]], [[389, 610]], [[388, 610]], [[387, 610]], [[386, 610]], [[385, 610]], [[386, 611]], [[386, 612]], [[386, 613]], [[386, 614]], [[385, 615]], [[384, 616]], [[383, 617]], [[384, 618]], [[384, 619]], [[384, 620]], [[384, 621]], [[384, 622]], [[384, 623]], [[384, 624]], [[385, 625]], [[385, 626]], [[385, 627]], [[385, 628]], [[386, 629]], [[386, 630]], [[386, 631]], [[386, 632]], [[386, 633]], [[386, 634]], [[387, 634]], [[388, 633]], [[389, 633]], [[390, 634]], [[390, 635]], [[390, 636]], [[390, 637]], [[391, 637]], [[392, 638]], [[393, 639]], [[394, 639]], [[395, 640]], [[396, 640]], [[397, 641]], [[398, 642]], [[398, 643]], [[398, 644]], [[399, 645]], [[400, 646]], [[401, 647]], [[402, 648]], [[403, 648]], [[404, 649]], [[405, 649]], [[406, 649]], [[407, 649]], [[408, 648]], [[409, 648]], [[410, 647]], [[410, 646]], [[410, 645]], [[410, 644]], [[410, 643]], [[409, 642]], [[409, 641]], [[408, 640]], [[408, 639]], [[408, 638]], [[408, 637]], [[408, 636]], [[408, 635]], [[407, 634]], [[406, 634]], [[405, 633]], [[406, 632]], [[406, 631]], [[406, 630]], [[406, 629]], [[405, 628]], [[404, 627]], [[405, 626]], [[404, 626]], [[403, 625]], [[402, 624]], [[402, 623]], [[402, 622]], [[402, 621]], [[402, 620]], [[401, 619]], [[401, 618]], [[401, 617]], [[400, 616]], [[400, 615]], [[400, 614]], [[399, 613]], [[400, 612]], [[401, 612]], [[402, 611]], [[402, 610]], [[402, 609]], [[401, 609]], [[400, 609]], [[399, 608]], [[398, 608]], [[397, 608]], [[396, 607]], [[395, 606]], [[394, 607]]]","[[], [[[410, 612], [409, 613], [410, 614], [410, 615], [409, 616], [408, 615], [407, 615], [406, 615], [405, 616], [404, 616], [403, 615], [402, 615], [401, 614], [401, 613], [400, 613], [401, 614], [401, 615], [401, 616], [402, 617], [402, 618], [402, 619], [403, 620], [403, 621], [403, 622], [403, 623], [403, 624], [404, 625], [405, 625], [406, 626], [405, 627], [406, 628], [407, 629], [407, 630], [407, 631], [407, 632], [406, 633], [407, 633], [408, 634], [409, 635], [409, 636], [409, 635], [409, 634], [409, 633], [410, 632], [410, 631], [409, 631], [408, 630], [407, 629], [408, 628], [407, 627], [406, 626], [406, 625], [405, 624], [406, 623], [407, 623], [407, 622], [407, 621], [406, 621], [405, 620], [406, 619], [406, 618], [407, 617], [408, 617], [409, 617], [410, 617], [411, 617], [412, 618], [413, 617], [413, 616], [413, 615], [412, 614], [411, 613]]]]","[[], 136]"
78,78,"[[[439, 604]], [[439, 605]], [[438, 606]], [[438, 607]], [[437, 608]], [[436, 609]], [[435, 608]], [[434, 607]], [[433, 608]], [[432, 608]], [[431, 609]], [[430, 610]], [[429, 611]], [[429, 612]], [[428, 613]], [[427, 614]], [[428, 615]], [[428, 616]], [[428, 617]], [[428, 618]], [[427, 619]], [[426, 619]], [[425, 619]], [[424, 619]], [[424, 620]], [[425, 621]], [[426, 622]], [[427, 621]], [[428, 620]], [[429, 620]], [[430, 621]], [[430, 622]], [[430, 623]], [[431, 624]], [[432, 624]], [[433, 625]], [[434, 626]], [[435, 627]], [[436, 628]], [[435, 629]], [[434, 630]], [[433, 631]], [[432, 631]], [[431, 631]], [[430, 631]], [[429, 631]], [[428, 632]], [[428, 633]], [[428, 634]], [[427, 635]], [[427, 636]], [[427, 637]], [[427, 638]], [[427, 639]], [[426, 640]], [[426, 641]], [[425, 642]], [[425, 643]], [[425, 644]], [[425, 645]], [[426, 646]], [[426, 647]], [[425, 648]], [[425, 649]], [[426, 650]], [[426, 651]], [[427, 652]], [[427, 653]], [[428, 654]], [[429, 655]], [[429, 656]], [[430, 657]], [[431, 658]], [[432, 659]], [[433, 660]], [[434, 661]], [[435, 661]], [[436, 661]], [[437, 662]], [[438, 662]], [[439, 663]], [[440, 663]], [[441, 663]], [[442, 663]], [[443, 662]], [[444, 662]], [[445, 661]], [[446, 661]], [[446, 660]], [[447, 659]], [[448, 658]], [[449, 657]], [[449, 656]], [[448, 655]], [[448, 654]], [[449, 653]], [[449, 652]], [[450, 651]], [[449, 650]], [[450, 649]], [[450, 648]], [[450, 647]], [[451, 646]], [[451, 645]], [[451, 644]], [[451, 643]], [[452, 642]], [[452, 641]], [[452, 640]], [[452, 639]], [[452, 638]], [[452, 637]], [[453, 636]], [[452, 635]], [[452, 634]], [[451, 633]], [[451, 632]], [[451, 631]], [[450, 630]], [[449, 629]], [[448, 628]], [[447, 627]], [[446, 626]], [[445, 626]], [[444, 626]], [[443, 625]], [[442, 624]], [[443, 623]], [[444, 622]], [[445, 622]], [[446, 621]], [[446, 620]], [[447, 619]], [[446, 618]], [[445, 618]], [[444, 617]], [[444, 616]], [[444, 615]], [[443, 614]], [[443, 613]], [[443, 612]], [[444, 611]], [[444, 610]], [[443, 610]], [[442, 609]], [[442, 608]], [[441, 607]], [[442, 606]], [[443, 606]], [[443, 605]], [[442, 605]], [[441, 605]], [[440, 605]]]","[[], [[[431, 604], [431, 605], [431, 606], [430, 607], [429, 607], [428, 608], [427, 609], [426, 610], [425, 610], [424, 611], [424, 612], [424, 613], [423, 614], [422, 615], [422, 616], [422, 617], [423, 617], [424, 618], [425, 618], [426, 618], [427, 618], [427, 617], [427, 616], [427, 615], [426, 614], [427, 613], [428, 612], [428, 611], [429, 610], [430, 609], [431, 608], [431, 607], [431, 606], [432, 605]]]]","[[], 137]"
79,79,"[[[350, 597]], [[349, 598]], [[348, 598]], [[347, 598]], [[346, 599]], [[345, 599]], [[344, 600]], [[343, 600]], [[342, 601]], [[341, 601]], [[340, 602]], [[339, 602]], [[338, 603]], [[338, 604]], [[338, 605]], [[337, 606]], [[336, 607]], [[335, 608]], [[334, 608]], [[333, 609]], [[333, 610]], [[333, 611]], [[332, 612]], [[331, 612]], [[330, 613]], [[330, 614]], [[329, 615]], [[330, 616]], [[329, 617]], [[328, 618]], [[327, 619]], [[327, 620]], [[327, 621]], [[328, 622]], [[328, 623]], [[327, 624]], [[328, 624]], [[329, 625]], [[330, 626]], [[331, 627]], [[332, 628]], [[333, 628]], [[334, 628]], [[335, 629]], [[336, 629]], [[337, 628]], [[338, 628]], [[339, 627]], [[340, 627]], [[341, 627]], [[342, 626]], [[343, 626]], [[344, 625]], [[344, 624]], [[344, 623]], [[345, 622]], [[346, 621]], [[346, 620]], [[346, 619]], [[347, 618]], [[347, 617]], [[346, 616]], [[347, 615]], [[348, 614]], [[349, 614]], [[350, 614]], [[350, 613]], [[351, 612]], [[352, 611]], [[353, 610]], [[354, 609]], [[355, 608]], [[355, 607]], [[356, 606]], [[356, 605]], [[356, 604]], [[356, 603]], [[355, 602]], [[354, 601]], [[353, 600]], [[353, 599]], [[352, 598]], [[351, 597]]]","[[], [[[335, 599], [334, 600], [333, 601], [332, 601], [331, 601], [330, 601], [331, 602], [332, 603], [332, 604], [332, 605], [332, 606], [332, 607], [331, 608], [331, 609], [331, 610], [331, 611], [332, 611], [332, 610], [332, 609], [333, 608], [334, 607], [335, 607], [336, 606], [336, 605], [336, 604], [336, 603], [337, 602], [338, 602], [339, 601], [340, 601], [341, 600], [342, 599], [341, 599], [340, 600], [339, 601], [338, 601], [337, 601], [336, 600], [336, 599]]]]","[[], 138]"
80,80,"[[[462, 592]], [[461, 593]], [[460, 593]], [[459, 594]], [[458, 594]], [[457, 595]], [[457, 596]], [[456, 597]], [[455, 598]], [[454, 599]], [[453, 600]], [[454, 601]], [[453, 602]], [[453, 603]], [[453, 604]], [[452, 605]], [[451, 605]], [[450, 606]], [[449, 606]], [[448, 606]], [[447, 607]], [[446, 608]], [[446, 609]], [[446, 610]], [[447, 610]], [[448, 610]], [[449, 611]], [[450, 611]], [[451, 611]], [[452, 612]], [[453, 612]], [[454, 613]], [[455, 614]], [[456, 614]], [[457, 615]], [[458, 615]], [[459, 615]], [[460, 615]], [[461, 615]], [[462, 615]], [[463, 615]], [[464, 615]], [[465, 614]], [[466, 614]], [[467, 613]], [[467, 612]], [[468, 611]], [[468, 610]], [[468, 609]], [[469, 608]], [[469, 607]], [[469, 606]], [[469, 605]], [[469, 604]], [[469, 603]], [[469, 602]], [[470, 601]], [[470, 600]], [[470, 599]], [[469, 598]], [[469, 597]], [[469, 596]], [[468, 596]], [[467, 595]], [[466, 594]], [[465, 593]], [[464, 593]], [[463, 592]]]","[[[[459, 584], [459, 585], [460, 586], [460, 587], [461, 588], [461, 589], [461, 590], [460, 591], [459, 591], [458, 592], [457, 591], [457, 590], [457, 591], [456, 592], [456, 593], [457, 594], [458, 593], [459, 593], [460, 592], [461, 592], [462, 591], [462, 590], [463, 589], [463, 588], [463, 587], [462, 586], [462, 585], [462, 584], [461, 584], [460, 584]]], [[[448, 596], [447, 597], [448, 597], [449, 597], [450, 598], [450, 599], [451, 600], [450, 601], [449, 601], [448, 602], [447, 602], [447, 603], [447, 604], [446, 605], [445, 605], [446, 606], [447, 606], [448, 605], [449, 605], [450, 605], [451, 604], [452, 604], [452, 603], [452, 602], [453, 601], [452, 600], [452, 599], [452, 598], [451, 597], [450, 596], [449, 596]]], []]","[139, 140, []]"
81,81,"[[[659, 587]], [[658, 588]], [[657, 588]], [[656, 588]], [[655, 588]], [[654, 589]], [[653, 589]], [[652, 589]], [[651, 590]], [[650, 590]], [[649, 591]], [[648, 592]], [[647, 592]], [[646, 593]], [[645, 594]], [[644, 595]], [[644, 596]], [[643, 597]], [[642, 598]], [[641, 598]], [[640, 598]], [[639, 599]], [[639, 600]], [[640, 601]], [[639, 602]], [[639, 603]], [[638, 604]], [[637, 605]], [[637, 606]], [[637, 607]], [[636, 608]], [[635, 608]], [[636, 609]], [[636, 610]], [[635, 611]], [[635, 612]], [[636, 613]], [[635, 614]], [[635, 615]], [[634, 616]], [[634, 617]], [[633, 618]], [[632, 618]], [[631, 618]], [[630, 619]], [[629, 619]], [[628, 620]], [[627, 621]], [[626, 622]], [[625, 622]], [[624, 623]], [[623, 623]], [[622, 624]], [[621, 624]], [[620, 624]], [[619, 625]], [[618, 625]], [[617, 625]], [[617, 626]], [[616, 627]], [[615, 628]], [[614, 628]], [[613, 628]], [[612, 628]], [[611, 627]], [[610, 627]], [[609, 627]], [[608, 628]], [[608, 629]], [[608, 630]], [[608, 631]], [[608, 632]], [[609, 633]], [[609, 634]], [[610, 635]], [[610, 636]], [[610, 637]], [[610, 638]], [[610, 639]], [[609, 640]], [[608, 641]], [[607, 642]], [[607, 643]], [[607, 644]], [[607, 645]], [[607, 646]], [[607, 647]], [[608, 648]], [[608, 649]], [[609, 650]], [[610, 651]], [[611, 651]], [[612, 652]], [[613, 653]], [[614, 654]], [[614, 655]], [[615, 655]], [[616, 655]], [[617, 655]], [[618, 655]], [[619, 655]], [[620, 654]], [[621, 654]], [[622, 654]], [[623, 653]], [[624, 652]], [[625, 652]], [[626, 653]], [[625, 654]], [[624, 655]], [[623, 656]], [[622, 657]], [[622, 658]], [[622, 659]], [[621, 660]], [[620, 661]], [[621, 660]], [[622, 661]], [[623, 662]], [[623, 663]], [[623, 664]], [[623, 665]], [[624, 666]], [[624, 667]], [[625, 668]], [[626, 669]], [[626, 670]], [[626, 671]], [[626, 672]], [[627, 673]], [[627, 674]], [[627, 675]], [[627, 676]], [[628, 676]], [[629, 677]], [[630, 678]], [[630, 679]], [[631, 680]], [[632, 681]], [[633, 681]], [[634, 682]], [[635, 682]], [[636, 682]], [[637, 682]], [[638, 682]], [[639, 681]], [[640, 681]], [[641, 681]], [[642, 680]], [[643, 680]], [[644, 680]], [[645, 679]], [[645, 678]], [[645, 677]], [[646, 676]], [[647, 676]], [[648, 675]], [[649, 674]], [[649, 673]], [[650, 672]], [[651, 672]], [[652, 671]], [[652, 670]], [[651, 669]], [[652, 668]], [[653, 667]], [[654, 667]], [[655, 666]], [[656, 666]], [[656, 665]], [[657, 664]], [[658, 663]], [[659, 663]], [[660, 664]], [[661, 665]], [[662, 666]], [[662, 667]], [[663, 668]], [[664, 668]], [[665, 668]], [[666, 669]], [[667, 668]], [[668, 668]], [[669, 669]], [[670, 669]], [[671, 669]], [[672, 669]], [[673, 669]], [[674, 668]], [[674, 667]], [[674, 666]], [[674, 665]], [[674, 664]], [[674, 663]], [[675, 662]], [[676, 662]], [[677, 662]], [[678, 662]], [[679, 662]], [[680, 663]], [[680, 664]], [[680, 665]], [[680, 666]], [[679, 667]], [[679, 668]], [[678, 669]], [[678, 670]], [[678, 671]], [[678, 672]], [[678, 673]], [[679, 674]], [[679, 675]], [[680, 675]], [[681, 676]], [[681, 677]], [[682, 677]], [[683, 678]], [[684, 678]], [[685, 679]], [[686, 680]], [[687, 681]], [[687, 682]], [[688, 682]], [[689, 683]], [[689, 684]], [[688, 685]], [[689, 685]], [[690, 685]], [[691, 686]], [[692, 686]], [[693, 685]], [[693, 684]], [[694, 683]], [[695, 683]], [[696, 683]], [[697, 683]], [[698, 683]], [[699, 683]], [[700, 683]], [[701, 682]], [[702, 682]], [[703, 681]], [[704, 680]], [[705, 680]], [[706, 680]], [[706, 679]], [[707, 678]], [[708, 677]], [[709, 676]], [[710, 675]], [[711, 674]], [[712, 673]], [[712, 672]], [[713, 671]], [[713, 670]], [[714, 669]], [[714, 668]], [[715, 667]], [[715, 666]], [[715, 665]], [[715, 664]], [[716, 663]], [[717, 663]], [[718, 663]], [[719, 662]], [[720, 662]], [[720, 661]], [[721, 660]], [[722, 659]], [[723, 659]], [[724, 658]], [[725, 657]], [[725, 656]], [[725, 655]], [[725, 654]], [[725, 653]], [[725, 652]], [[726, 651]], [[726, 650]], [[726, 649]], [[725, 648]], [[725, 647]], [[725, 646]], [[724, 645]], [[723, 644]], [[722, 643]], [[722, 642]], [[721, 642]], [[720, 641]], [[720, 640]], [[720, 639]], [[720, 638]], [[720, 637]], [[720, 636]], [[719, 635]], [[719, 634]], [[719, 633]], [[718, 632]], [[718, 631]], [[719, 630]], [[720, 629]], [[721, 628]], [[722, 627]], [[723, 626]], [[723, 625]], [[724, 624]], [[725, 623]], [[725, 622]], [[726, 621]], [[727, 620]], [[727, 619]], [[727, 618]], [[728, 617]], [[729, 616]], [[730, 615]], [[730, 614]], [[730, 613]], [[730, 612]], [[730, 611]], [[730, 610]], [[729, 609]], [[729, 608]], [[728, 607]], [[727, 606]], [[726, 606]], [[725, 605]], [[724, 605]], [[723, 605]], [[722, 605]], [[721, 605]], [[720, 604]], [[719, 604]], [[718, 603]], [[717, 603]], [[716, 603]], [[715, 603]], [[714, 603]], [[713, 603]], [[712, 604]], [[711, 605]], [[710, 606]], [[709, 607]], [[709, 608]], [[708, 609]], [[707, 609]], [[706, 609]], [[705, 609]], [[704, 608]], [[703, 607]], [[702, 606]], [[701, 605]], [[700, 605]], [[699, 604]], [[698, 603]], [[697, 603]], [[696, 602]], [[695, 601]], [[695, 600]], [[694, 599]], [[694, 598]], [[694, 597]], [[693, 596]], [[692, 596]], [[691, 595]], [[690, 595]], [[689, 595]], [[688, 595]], [[687, 595]], [[686, 595]], [[685, 595]], [[684, 594]], [[683, 594]], [[682, 594]], [[681, 594]], [[680, 594]], [[679, 594]], [[678, 594]], [[677, 593]], [[676, 593]], [[675, 592]], [[674, 591]], [[674, 590]], [[673, 590]], [[672, 590]], [[671, 591]], [[670, 591]], [[669, 590]], [[668, 590]], [[667, 590]], [[666, 589]], [[665, 588]], [[664, 588]], [[663, 588]], [[662, 588]], [[661, 587]], [[660, 587]]]","[[[[672, 581], [672, 582], [672, 583], [672, 584], [672, 585], [672, 586], [672, 587], [671, 588], [670, 588], [669, 588], [668, 587], [667, 586], [666, 585], [665, 584], [664, 584], [663, 584], [662, 584], [661, 584], [660, 584], [659, 584], [659, 585], [658, 586], [657, 586], [656, 586], [655, 585], [654, 586], [653, 586], [652, 586], [651, 586], [650, 585], [649, 586], [648, 586], [647, 587], [646, 588], [645, 588], [644, 588], [643, 589], [642, 589], [641, 589], [640, 589], [639, 589], [638, 589], [638, 590], [638, 591], [637, 592], [636, 593], [635, 593], [634, 594], [633, 594], [634, 595], [635, 595], [636, 594], [637, 594], [638, 594], [639, 594], [640, 594], [641, 593], [642, 593], [643, 593], [644, 594], [645, 593], [646, 592], [647, 591], [648, 591], [649, 590], [650, 589], [651, 589], [652, 588], [653, 588], [654, 588], [655, 587], [656, 587], [657, 587], [658, 587], [659, 586], [660, 586], [661, 586], [662, 586], [663, 587], [664, 587], [665, 587], [666, 588], [667, 589], [668, 589], [669, 589], [670, 590], [671, 590], [672, 589], [673, 589], [674, 589], [675, 590], [675, 591], [676, 592], [677, 592], [678, 592], [679, 592], [680, 591], [681, 591], [682, 591], [683, 592], [683, 593], [684, 593], [685, 593], [686, 593], [687, 593], [688, 593], [689, 593], [690, 593], [691, 592], [692, 591], [692, 590], [693, 589], [694, 590], [695, 590], [696, 590], [697, 589], [698, 589], [699, 589], [700, 588], [700, 587], [699, 587], [698, 588], [697, 588], [696, 588], [695, 587], [694, 587], [693, 586], [692, 586], [691, 587], [690, 588], [690, 589], [689, 590], [688, 591], [687, 592], [686, 592], [685, 592], [684, 591], [684, 590], [683, 589], [682, 589], [681, 589], [680, 590], [679, 591], [678, 591], [677, 591], [676, 590], [675, 589], [675, 588], [675, 587], [675, 586], [674, 585], [674, 584], [674, 583], [673, 582], [673, 581]]], [[[626, 595], [626, 596], [626, 597], [627, 598], [627, 599], [627, 600], [628, 599], [629, 599], [630, 600], [631, 600], [632, 600], [633, 600], [634, 601], [635, 602], [635, 603], [636, 604], [637, 604], [638, 603], [638, 602], [639, 601], [638, 601], [637, 601], [636, 601], [635, 601], [634, 601], [633, 600], [632, 599], [632, 598], [632, 597], [631, 596], [630, 596], [629, 595], [628, 595], [627, 596]]], [], [[[649, 675], [649, 676], [650, 677], [651, 678], [650, 679], [649, 680], [648, 681], [647, 682], [646, 682], [646, 683], [646, 684], [646, 685], [645, 686], [644, 686], [643, 686], [642, 687], [642, 688], [643, 689], [644, 690], [645, 690], [646, 689], [647, 689], [648, 688], [648, 687], [648, 686], [648, 685], [649, 684], [650, 684], [650, 683], [650, 682], [650, 681], [651, 680], [652, 680], [653, 679], [654, 679], [655, 679], [655, 678], [654, 678], [653, 679], [652, 679], [651, 678], [650, 677], [650, 676], [650, 675]]], [[[682, 687], [681, 688], [680, 689], [680, 690], [679, 691], [679, 692], [678, 693], [678, 694], [679, 694], [680, 693], [681, 692], [681, 691], [680, 690], [681, 689], [682, 689], [683, 689], [684, 689], [685, 689], [686, 690], [687, 690], [688, 690], [689, 691], [690, 691], [691, 691], [692, 691], [693, 691], [694, 691], [695, 692], [696, 693], [697, 694], [697, 695], [697, 696], [698, 697], [698, 698], [698, 699], [698, 700], [699, 701], [699, 702], [700, 703], [701, 703], [701, 702], [701, 701], [701, 700], [700, 699], [700, 698], [700, 697], [700, 696], [699, 695], [699, 694], [698, 693], [699, 692], [699, 691], [698, 691], [697, 691], [696, 690], [695, 690], [694, 690], [693, 689], [692, 688], [691, 687], [690, 687], [689, 687], [688, 687], [687, 687], [686, 687], [685, 687], [684, 687], [683, 687]]], [[[711, 594], [710, 595], [711, 596], [712, 597], [713, 597], [714, 597], [715, 597], [716, 598], [716, 599], [716, 600], [717, 601], [718, 602], [719, 602], [720, 602], [721, 602], [722, 603], [723, 603], [724, 604], [725, 604], [726, 604], [726, 603], [726, 602], [726, 601], [725, 602], [724, 602], [723, 601], [722, 601], [721, 601], [720, 600], [719, 600], [718, 600], [717, 599], [716, 598], [717, 597], [716, 596], [715, 596], [714, 596], [713, 595], [712, 594]]]]","[141, 142, [], 143, 110, 145]"
82,82,"[[[720, 586]], [[719, 587]], [[718, 588]], [[718, 589]], [[719, 590]], [[718, 591]], [[718, 592]], [[718, 593]], [[718, 594]], [[717, 595]], [[717, 596]], [[718, 597]], [[717, 598]], [[718, 598]], [[719, 598]], [[720, 599]], [[721, 599]], [[722, 599]], [[722, 598]], [[723, 597]], [[724, 597]], [[724, 596]], [[724, 595]], [[723, 594]], [[723, 593]], [[723, 592]], [[722, 591]], [[722, 590]], [[722, 589]], [[723, 588]], [[723, 587]], [[722, 586]], [[721, 586]]]","[[[[714, 575], [714, 576], [715, 577], [716, 578], [715, 579], [714, 580], [714, 581], [713, 582], [712, 582], [711, 583], [710, 582], [710, 581], [710, 580], [709, 579], [709, 578], [710, 577], [709, 578], [709, 579], [708, 580], [708, 581], [708, 582], [707, 583], [707, 584], [706, 585], [705, 585], [704, 584], [703, 584], [702, 584], [702, 585], [703, 586], [704, 586], [705, 585], [706, 585], [707, 586], [708, 586], [709, 586], [710, 586], [711, 586], [712, 586], [713, 587], [714, 587], [715, 586], [715, 585], [715, 584], [716, 583], [717, 584], [717, 585], [718, 586], [718, 587], [719, 586], [719, 585], [719, 584], [718, 583], [718, 582], [719, 581], [720, 581], [720, 580], [720, 579], [720, 578], [720, 577], [719, 576], [718, 576], [717, 576], [716, 575], [715, 575]]], [], [[[711, 594], [710, 595], [711, 596], [712, 597], [713, 597], [714, 597], [715, 597], [716, 598], [716, 599], [716, 600], [717, 601], [718, 602], [719, 602], [720, 602], [721, 602], [722, 603], [723, 603], [724, 604], [725, 604], [726, 604], [726, 603], [726, 602], [726, 601], [725, 602], [724, 602], [723, 601], [722, 601], [721, 601], [720, 600], [719, 600], [718, 600], [717, 599], [716, 598], [717, 597], [716, 596], [715, 596], [714, 596], [713, 595], [712, 594]]], [[[726, 595], [725, 596], [725, 597], [724, 598], [724, 599], [725, 598], [726, 598], [727, 597], [728, 597], [729, 597], [730, 597], [731, 598], [732, 599], [733, 599], [734, 599], [735, 599], [736, 599], [736, 598], [735, 598], [734, 597], [733, 597], [732, 597], [731, 597], [730, 597], [729, 596], [728, 595], [727, 595]], [[711, 594], [710, 595], [711, 596], [712, 597], [713, 597], [714, 597], [715, 597], [716, 598], [716, 599], [716, 600], [717, 601], [718, 602], [719, 602], [720, 602], [721, 602], [722, 603], [723, 603], [724, 604], [725, 604], [726, 604], [726, 603], [726, 602], [726, 601], [725, 602], [724, 602], [723, 601], [722, 601], [721, 601], [720, 600], [719, 600], [718, 600], [717, 599], [716, 598], [717, 597], [716, 596], [715, 596], [714, 596], [713, 595], [712, 594]]]]","[146, [], 145, 148]"
83,83,"[[[299, 572]], [[298, 573]], [[297, 574]], [[296, 575]], [[295, 576]], [[294, 576]], [[293, 576]], [[292, 577]], [[291, 577]], [[291, 578]], [[290, 579]], [[289, 579]], [[288, 579]], [[288, 580]], [[288, 581]], [[287, 582]], [[287, 583]], [[286, 584]], [[286, 585]], [[286, 586]], [[286, 587]], [[286, 588]], [[286, 589]], [[286, 590]], [[285, 591]], [[285, 592]], [[285, 593]], [[285, 594]], [[284, 595]], [[284, 596]], [[284, 597]], [[284, 598]], [[283, 599]], [[282, 599]], [[281, 600]], [[280, 599]], [[279, 599]], [[278, 600]], [[277, 600]], [[276, 600]], [[275, 600]], [[274, 600]], [[273, 601]], [[272, 601]], [[271, 601]], [[270, 601]], [[269, 602]], [[268, 602]], [[267, 602]], [[266, 602]], [[265, 602]], [[264, 603]], [[263, 603]], [[262, 603]], [[261, 603]], [[260, 603]], [[259, 604]], [[258, 604]], [[257, 605]], [[256, 606]], [[255, 607]], [[255, 608]], [[254, 609]], [[254, 610]], [[254, 611]], [[253, 612]], [[253, 613]], [[253, 614]], [[254, 615]], [[254, 616]], [[254, 617]], [[254, 618]], [[254, 619]], [[254, 620]], [[254, 621]], [[254, 622]], [[254, 623]], [[254, 624]], [[254, 625]], [[254, 626]], [[254, 627]], [[253, 628]], [[252, 628]], [[251, 629]], [[250, 629]], [[249, 630]], [[248, 630]], [[247, 630]], [[246, 631]], [[245, 631]], [[244, 632]], [[243, 633]], [[242, 633]], [[241, 633]], [[240, 634]], [[239, 634]], [[238, 635]], [[237, 636]], [[236, 636]], [[235, 637]], [[234, 638]], [[233, 639]], [[232, 640]], [[232, 641]], [[232, 642]], [[231, 643]], [[231, 644]], [[230, 645]], [[229, 645]], [[229, 646]], [[229, 647]], [[229, 648]], [[229, 649]], [[229, 650]], [[229, 651]], [[229, 652]], [[228, 653]], [[228, 654]], [[228, 655]], [[229, 656]], [[229, 657]], [[229, 658]], [[229, 659]], [[229, 660]], [[229, 661]], [[229, 662]], [[229, 663]], [[229, 664]], [[229, 665]], [[229, 666]], [[230, 667]], [[230, 668]], [[230, 669]], [[230, 670]], [[231, 671]], [[230, 672]], [[230, 673]], [[231, 674]], [[230, 675]], [[229, 675]], [[228, 675]], [[227, 674]], [[226, 674]], [[225, 675]], [[224, 674]], [[224, 675]], [[223, 676]], [[222, 677]], [[221, 677]], [[220, 676]], [[219, 676]], [[218, 676]], [[217, 677]], [[216, 677]], [[216, 678]], [[216, 679]], [[216, 680]], [[216, 681]], [[216, 682]], [[215, 683]], [[214, 683]], [[214, 684]], [[214, 685]], [[214, 686]], [[215, 687]], [[216, 687]], [[217, 687]], [[218, 688]], [[219, 688]], [[220, 688]], [[221, 689]], [[222, 690]], [[223, 691]], [[223, 692]], [[222, 693]], [[221, 692]], [[220, 692]], [[219, 691]], [[218, 691]], [[217, 691]], [[216, 691]], [[215, 691]], [[214, 691]], [[213, 691]], [[212, 692]], [[211, 692]], [[210, 692]], [[209, 692]], [[208, 692]], [[207, 692]], [[206, 692]], [[205, 692]], [[204, 692]], [[203, 692]], [[202, 692]], [[201, 692]], [[200, 692]], [[199, 692]], [[198, 692]], [[197, 692]], [[196, 692]], [[195, 692]], [[194, 692]], [[193, 691]], [[192, 691]], [[191, 691]], [[190, 691]], [[189, 691]], [[188, 691]], [[187, 690]], [[186, 690]], [[185, 690]], [[184, 690]], [[184, 691]], [[183, 692]], [[182, 692]], [[181, 693]], [[181, 694]], [[181, 695]], [[181, 696]], [[181, 697]], [[181, 698]], [[181, 699]], [[181, 700]], [[182, 701]], [[182, 702]], [[182, 703]], [[183, 704]], [[184, 705]], [[185, 705]], [[186, 705]], [[187, 706]], [[188, 706]], [[189, 707]], [[190, 707]], [[191, 707]], [[192, 707]], [[193, 707]], [[194, 707]], [[195, 708]], [[196, 709]], [[197, 709]], [[198, 710]], [[199, 710]], [[200, 710]], [[201, 711]], [[202, 711]], [[203, 712]], [[204, 712]], [[205, 713]], [[206, 713]], [[207, 713]], [[208, 713]], [[209, 713]], [[210, 713]], [[211, 713]], [[212, 712]], [[213, 712]], [[214, 712]], [[215, 712]], [[216, 712]], [[217, 712]], [[218, 712]], [[219, 711]], [[220, 711]], [[221, 710]], [[222, 710]], [[222, 709]], [[222, 708]], [[223, 707]], [[224, 707]], [[225, 707]], [[226, 708]], [[226, 709]], [[226, 710]], [[225, 711]], [[226, 712]], [[227, 712]], [[228, 712]], [[229, 712]], [[230, 712]], [[231, 713]], [[231, 714]], [[231, 715]], [[231, 716]], [[232, 717]], [[233, 716]], [[234, 716]], [[235, 716]], [[236, 716]], [[237, 716]], [[238, 716]], [[239, 715]], [[240, 715]], [[241, 715]], [[242, 715]], [[243, 714]], [[244, 714]], [[245, 714]], [[246, 714]], [[247, 713]], [[248, 713]], [[249, 713]], [[250, 713]], [[251, 712]], [[250, 711]], [[249, 710]], [[248, 710]], [[247, 710]], [[246, 709]], [[245, 709]], [[244, 709]], [[243, 709]], [[242, 709]], [[241, 709]], [[240, 709]], [[239, 709]], [[238, 709]], [[237, 709]], [[236, 709]], [[235, 709]], [[234, 709]], [[233, 708]], [[232, 708]], [[231, 707]], [[230, 706]], [[229, 706]], [[228, 706]], [[227, 706]], [[226, 706]], [[225, 707]], [[224, 706]], [[224, 705]], [[224, 704]], [[225, 703]], [[225, 702]], [[225, 701]], [[226, 700]], [[225, 699]], [[225, 698]], [[224, 697]], [[223, 696]], [[223, 695]], [[223, 694]], [[222, 693]], [[223, 692]], [[224, 692]], [[225, 693]], [[226, 693]], [[227, 693]], [[228, 693]], [[229, 694]], [[230, 695]], [[231, 696]], [[232, 696]], [[233, 697]], [[234, 697]], [[235, 697]], [[236, 697]], [[237, 698]], [[238, 698]], [[239, 698]], [[240, 699]], [[241, 699]], [[242, 699]], [[243, 699]], [[244, 699]], [[245, 700]], [[245, 701]], [[246, 702]], [[247, 703]], [[248, 703]], [[249, 703]], [[250, 704]], [[251, 705]], [[252, 705]], [[253, 705]], [[254, 705]], [[255, 705]], [[256, 705]], [[257, 706]], [[258, 707]], [[258, 708]], [[259, 708]], [[260, 708]], [[261, 707]], [[262, 707]], [[263, 708]], [[264, 707]], [[265, 707]], [[266, 706]], [[267, 706]], [[268, 706]], [[269, 705]], [[270, 704]], [[271, 703]], [[272, 703]], [[273, 702]], [[274, 701]], [[274, 700]], [[275, 699]], [[275, 698]], [[276, 697]], [[276, 696]], [[276, 695]], [[277, 694]], [[278, 694]], [[278, 693]], [[278, 692]], [[278, 691]], [[279, 690]], [[279, 689]], [[280, 688]], [[281, 687]], [[282, 686]], [[283, 685]], [[284, 685]], [[285, 684]], [[286, 683]], [[287, 683]], [[288, 682]], [[289, 682]], [[290, 681]], [[291, 680]], [[291, 679]], [[292, 678]], [[293, 677]], [[294, 676]], [[295, 675]], [[296, 674]], [[297, 673]], [[298, 672]], [[298, 671]], [[299, 670]], [[299, 669]], [[299, 668]], [[299, 667]], [[300, 666]], [[300, 665]], [[300, 664]], [[300, 663]], [[300, 662]], [[300, 661]], [[301, 660]], [[301, 659]], [[302, 658]], [[302, 657]], [[302, 656]], [[301, 655]], [[301, 654]], [[301, 653]], [[300, 652]], [[300, 651]], [[299, 650]], [[299, 649]], [[298, 648]], [[297, 648]], [[296, 648]], [[295, 648]], [[294, 648]], [[293, 648]], [[292, 647]], [[292, 646]], [[291, 646]], [[290, 645]], [[290, 644]], [[289, 643]], [[288, 642]], [[288, 641]], [[287, 640]], [[287, 639]], [[287, 638]], [[286, 637]], [[286, 636]], [[285, 635]], [[285, 634]], [[284, 633]], [[283, 632]], [[283, 631]], [[282, 630]], [[282, 629]], [[282, 628]], [[281, 627]], [[280, 626]], [[280, 625]], [[281, 624]], [[282, 623]], [[283, 623]], [[284, 622]], [[285, 621]], [[286, 620]], [[286, 619]], [[286, 618]], [[287, 617]], [[288, 616]], [[288, 615]], [[288, 614]], [[287, 613]], [[287, 612]], [[288, 611]], [[288, 610]], [[288, 609]], [[288, 608]], [[288, 607]], [[287, 606]], [[287, 605]], [[287, 604]], [[288, 603]], [[289, 604]], [[290, 604]], [[291, 604]], [[292, 604]], [[293, 604]], [[294, 603]], [[295, 603]], [[296, 602]], [[297, 603]], [[298, 602]], [[299, 602]], [[300, 602]], [[301, 601]], [[302, 601]], [[303, 601]], [[304, 601]], [[305, 601]], [[306, 600]], [[307, 600]], [[308, 600]], [[309, 600]], [[310, 600]], [[311, 599]], [[312, 599]], [[312, 598]], [[313, 597]], [[312, 596]], [[312, 595]], [[312, 594]], [[313, 593]], [[313, 592]], [[312, 591]], [[312, 590]], [[312, 589]], [[313, 588]], [[313, 587]], [[312, 586]], [[312, 585]], [[311, 585]], [[310, 584]], [[309, 583]], [[308, 582]], [[307, 581]], [[306, 580]], [[306, 579]], [[306, 578]], [[306, 577]], [[305, 576]], [[304, 575]], [[303, 574]], [[303, 573]], [[302, 572]], [[301, 572]], [[300, 572]]]","[[[[249, 600], [250, 601], [249, 602], [248, 602], [247, 603], [247, 604], [248, 605], [249, 605], [250, 606], [250, 607], [251, 607], [252, 607], [253, 607], [254, 606], [254, 605], [253, 604], [253, 603], [252, 603], [251, 603], [250, 603], [249, 602], [250, 601], [251, 601], [252, 601], [253, 601], [253, 600], [252, 600], [251, 600], [250, 600]]], [[[232, 629], [232, 630], [232, 631], [233, 632], [233, 633], [233, 634], [232, 635], [231, 636], [230, 637], [230, 638], [230, 639], [230, 640], [230, 641], [230, 642], [229, 643], [228, 643], [227, 644], [226, 645], [226, 646], [227, 647], [228, 648], [228, 647], [228, 646], [228, 645], [229, 644], [230, 644], [230, 643], [231, 642], [231, 641], [231, 640], [232, 639], [233, 638], [234, 637], [235, 636], [236, 635], [237, 635], [238, 634], [239, 633], [240, 633], [241, 632], [242, 632], [243, 631], [244, 631], [245, 630], [246, 630], [247, 629], [246, 629], [245, 630], [244, 629], [243, 629], [243, 630], [243, 631], [242, 632], [241, 631], [240, 631], [239, 632], [238, 632], [237, 632], [236, 631], [235, 631], [234, 630], [233, 629]]], [], [[[213, 687], [212, 688], [211, 688], [212, 689], [211, 690], [210, 690], [210, 691], [211, 691], [212, 691], [213, 690], [214, 690], [215, 690], [216, 690], [217, 690], [218, 690], [219, 690], [220, 691], [221, 691], [222, 692], [223, 693], [222, 692], [222, 691], [221, 690], [220, 689], [219, 689], [218, 689], [217, 688], [216, 688], [215, 688], [214, 687]]], [[[186, 680], [186, 681], [187, 682], [187, 683], [188, 683], [189, 684], [190, 685], [191, 686], [191, 687], [190, 688], [191, 689], [192, 690], [193, 690], [194, 690], [195, 691], [196, 691], [197, 691], [198, 691], [199, 691], [200, 691], [201, 691], [202, 691], [203, 690], [203, 689], [204, 688], [205, 688], [206, 688], [205, 688], [204, 688], [203, 689], [202, 689], [201, 689], [200, 689], [199, 689], [198, 689], [197, 689], [196, 688], [195, 688], [194, 687], [193, 687], [192, 686], [192, 685], [192, 684], [191, 683], [190, 682], [189, 682], [188, 681], [187, 680]]], [[[179, 700], [179, 701], [179, 702], [178, 703], [177, 704], [177, 705], [178, 705], [179, 704], [180, 704], [181, 705], [182, 706], [183, 706], [184, 707], [184, 708], [185, 708], [186, 708], [187, 708], [188, 709], [189, 710], [190, 710], [191, 710], [192, 711], [191, 712], [192, 712], [193, 712], [194, 712], [195, 711], [196, 711], [197, 712], [196, 713], [197, 713], [198, 713], [199, 712], [200, 712], [201, 712], [202, 712], [201, 712], [200, 711], [199, 711], [198, 711], [197, 710], [196, 710], [195, 709], [194, 708], [193, 708], [192, 708], [191, 708], [190, 708], [189, 708], [188, 707], [187, 707], [186, 706], [185, 706], [184, 706], [183, 705], [182, 704], [181, 703], [181, 702], [181, 701], [180, 700]]], [[[280, 690], [279, 691], [279, 692], [279, 693], [279, 694], [278, 695], [277, 696], [277, 697], [276, 698], [276, 699], [275, 700], [275, 701], [275, 702], [275, 703], [276, 703], [277, 702], [277, 701], [277, 700], [277, 699], [278, 698], [279, 698], [279, 697], [279, 696], [280, 695], [281, 695], [282, 695], [283, 696], [283, 695], [283, 694], [282, 693], [282, 692], [282, 691], [281, 690]]], [[[288, 617], [287, 618], [287, 619], [287, 620], [286, 621], [285, 622], [284, 623], [283, 624], [282, 624], [281, 625], [281, 626], [282, 626], [283, 626], [284, 626], [285, 627], [285, 628], [284, 629], [283, 629], [283, 630], [284, 631], [284, 630], [285, 629], [286, 629], [287, 629], [288, 630], [289, 629], [290, 629], [289, 628], [288, 627], [288, 626], [287, 625], [288, 624], [288, 623], [288, 622], [288, 621], [288, 620], [289, 619], [290, 619], [289, 618], [289, 617]]], [[[313, 590], [313, 591], [314, 591], [315, 592], [316, 592], [317, 593], [318, 594], [319, 594], [320, 595], [320, 596], [321, 596], [322, 596], [323, 596], [324, 596], [324, 595], [324, 594], [323, 594], [322, 594], [321, 594], [320, 595], [319, 594], [319, 593], [319, 592], [318, 592], [317, 591], [316, 590], [315, 590], [314, 590]]]]","[149, 150, [], 151, 152, 153, 154, 155, 156]"
84,84,"[[[354, 569]], [[353, 570]], [[352, 570]], [[351, 570]], [[350, 570]], [[350, 571]], [[350, 572]], [[350, 573]], [[349, 574]], [[348, 575]], [[347, 575]], [[347, 576]], [[346, 577]], [[346, 578]], [[346, 579]], [[346, 580]], [[345, 581]], [[345, 582]], [[345, 583]], [[346, 584]], [[347, 583]], [[348, 584]], [[349, 584]], [[350, 583]], [[351, 583]], [[352, 583]], [[353, 582]], [[354, 582]], [[355, 581]], [[356, 580]], [[356, 579]], [[357, 578]], [[358, 577]], [[359, 576]], [[359, 575]], [[359, 574]], [[359, 573]], [[358, 572]], [[357, 572]], [[356, 572]], [[355, 571]], [[354, 570]]]",[[]],[]
85,85,"[[[520, 564]], [[520, 565]], [[519, 566]], [[518, 566]], [[517, 566]], [[516, 567]], [[515, 567]], [[515, 568]], [[514, 569]], [[513, 570]], [[512, 571]], [[511, 572]], [[510, 573]], [[509, 572]], [[508, 572]], [[507, 572]], [[506, 571]], [[505, 571]], [[504, 571]], [[503, 571]], [[502, 571]], [[501, 571]], [[500, 570]], [[499, 570]], [[498, 570]], [[497, 570]], [[496, 569]], [[495, 569]], [[494, 569]], [[493, 569]], [[492, 568]], [[491, 568]], [[490, 568]], [[489, 568]], [[488, 568]], [[487, 569]], [[486, 569]], [[486, 570]], [[486, 571]], [[486, 572]], [[485, 573]], [[484, 574]], [[484, 575]], [[485, 575]], [[486, 576]], [[486, 577]], [[486, 578]], [[485, 579]], [[484, 580]], [[485, 581]], [[484, 582]], [[484, 583]], [[484, 584]], [[484, 585]], [[485, 586]], [[486, 587]], [[486, 588]], [[487, 589]], [[487, 590]], [[487, 591]], [[486, 592]], [[486, 593]], [[486, 594]], [[486, 595]], [[487, 596]], [[487, 597]], [[487, 598]], [[488, 599]], [[488, 600]], [[487, 601]], [[486, 601]], [[485, 601]], [[484, 601]], [[483, 601]], [[482, 601]], [[481, 602]], [[481, 603]], [[482, 604]], [[483, 605]], [[484, 606]], [[485, 607]], [[485, 608]], [[486, 609]], [[486, 610]], [[487, 610]], [[488, 611]], [[489, 611]], [[490, 611]], [[491, 611]], [[492, 611]], [[493, 612]], [[493, 613]], [[494, 614]], [[495, 614]], [[496, 614]], [[497, 615]], [[498, 616]], [[499, 617]], [[500, 617]], [[501, 617]], [[502, 617]], [[503, 617]], [[504, 617]], [[505, 616]], [[506, 615]], [[506, 614]], [[506, 613]], [[507, 612]], [[508, 611]], [[509, 611]], [[510, 611]], [[511, 611]], [[512, 611]], [[513, 611]], [[514, 611]], [[515, 610]], [[516, 610]], [[517, 610]], [[517, 609]], [[516, 609]], [[515, 608]], [[516, 607]], [[517, 607]], [[518, 606]], [[519, 606]], [[520, 606]], [[521, 606]], [[522, 606]], [[523, 605]], [[524, 604]], [[525, 604]], [[525, 603]], [[526, 602]], [[526, 601]], [[527, 600]], [[528, 599]], [[528, 598]], [[528, 597]], [[528, 596]], [[528, 595]], [[528, 594]], [[528, 593]], [[528, 592]], [[528, 591]], [[528, 590]], [[527, 590]], [[526, 590]], [[525, 589]], [[525, 588]], [[524, 587]], [[524, 586]], [[524, 585]], [[524, 584]], [[524, 583]], [[524, 582]], [[524, 581]], [[524, 580]], [[524, 579]], [[523, 578]], [[523, 577]], [[523, 576]], [[524, 575]], [[524, 574]], [[523, 573]], [[523, 572]], [[523, 571]], [[523, 570]], [[523, 569]], [[523, 568]], [[522, 567]], [[522, 566]], [[521, 565]]]","[[[[529, 555], [528, 556], [527, 556], [526, 557], [525, 557], [524, 558], [523, 557], [522, 557], [521, 557], [520, 558], [520, 559], [519, 560], [518, 561], [517, 561], [516, 560], [516, 559], [515, 558], [514, 557], [514, 556], [513, 557], [512, 558], [511, 559], [510, 560], [509, 560], [508, 561], [507, 561], [506, 562], [505, 563], [506, 563], [507, 563], [508, 563], [509, 563], [510, 564], [510, 565], [511, 565], [512, 565], [513, 565], [514, 565], [515, 566], [516, 566], [517, 565], [518, 565], [519, 565], [519, 564], [519, 563], [518, 562], [518, 561], [519, 560], [520, 560], [521, 560], [522, 560], [523, 560], [524, 560], [525, 560], [526, 559], [527, 559], [527, 558], [528, 557], [529, 556], [530, 556], [531, 557], [531, 556], [530, 555]]], [], [[[467, 555], [467, 556], [468, 557], [469, 558], [469, 559], [470, 560], [471, 559], [472, 559], [473, 560], [474, 560], [475, 561], [475, 562], [475, 563], [474, 564], [473, 564], [472, 564], [471, 563], [470, 563], [471, 564], [472, 564], [473, 564], [474, 564], [475, 565], [475, 566], [474, 567], [474, 568], [474, 569], [475, 569], [476, 569], [477, 568], [478, 568], [479, 569], [480, 569], [481, 569], [482, 570], [483, 571], [483, 572], [482, 573], [481, 572], [480, 572], [479, 571], [478, 571], [477, 572], [478, 573], [479, 573], [480, 574], [481, 574], [482, 574], [483, 575], [483, 576], [483, 577], [483, 578], [483, 579], [484, 579], [485, 578], [485, 577], [485, 576], [484, 576], [483, 575], [483, 574], [484, 573], [485, 572], [485, 571], [485, 570], [485, 569], [486, 568], [487, 568], [488, 567], [489, 567], [490, 567], [491, 567], [492, 567], [493, 568], [494, 568], [495, 568], [496, 568], [497, 569], [498, 569], [499, 569], [500, 569], [501, 570], [502, 570], [503, 570], [504, 570], [505, 570], [506, 570], [506, 569], [505, 568], [504, 569], [503, 568], [502, 568], [501, 568], [500, 568], [499, 568], [498, 568], [497, 567], [496, 567], [495, 567], [494, 567], [493, 567], [492, 566], [491, 566], [490, 566], [489, 567], [488, 567], [487, 566], [486, 566], [485, 566], [485, 567], [484, 568], [483, 568], [482, 567], [482, 566], [482, 565], [481, 564], [480, 563], [479, 563], [478, 563], [477, 563], [476, 562], [476, 561], [475, 560], [475, 559], [474, 559], [473, 559], [472, 559], [471, 559], [470, 558], [470, 557], [469, 556], [468, 555]]], [[[478, 583], [477, 584], [476, 584], [475, 584], [475, 585], [476, 585], [477, 585], [478, 585], [479, 585], [480, 585], [481, 585], [482, 586], [482, 587], [482, 588], [482, 589], [482, 590], [483, 591], [482, 592], [483, 592], [484, 592], [485, 592], [486, 591], [486, 590], [486, 589], [485, 588], [485, 587], [484, 586], [483, 585], [483, 584], [482, 584], [481, 585], [480, 584], [479, 583]]], [[[483, 595], [482, 596], [481, 596], [481, 597], [481, 598], [480, 599], [479, 599], [478, 599], [477, 599], [477, 600], [478, 601], [478, 602], [479, 603], [480, 604], [481, 605], [482, 606], [483, 607], [483, 606], [482, 605], [481, 604], [480, 603], [480, 602], [481, 601], [482, 600], [483, 599], [484, 598], [484, 597], [484, 596], [484, 595]]]]","[157, [], 158, 159, 160]"
86,86,"[[[604, 555]], [[604, 556]], [[604, 557]], [[604, 558]], [[604, 559]], [[604, 560]], [[605, 561]], [[606, 562]], [[607, 563]], [[607, 564]], [[607, 565]], [[608, 565]], [[609, 566]], [[610, 566]], [[611, 567]], [[611, 568]], [[611, 569]], [[610, 570]], [[609, 569]], [[609, 568]], [[608, 568]], [[607, 568]], [[606, 569]], [[605, 569]], [[604, 569]], [[603, 569]], [[602, 570]], [[601, 570]], [[600, 570]], [[599, 571]], [[598, 571]], [[597, 572]], [[596, 572]], [[595, 572]], [[594, 572]], [[593, 573]], [[592, 573]], [[591, 573]], [[590, 572]], [[589, 572]], [[588, 573]], [[587, 574]], [[586, 574]], [[585, 574]], [[584, 574]], [[583, 575]], [[583, 576]], [[582, 577]], [[583, 578]], [[583, 579]], [[584, 580]], [[585, 581]], [[586, 582]], [[586, 583]], [[587, 584]], [[588, 585]], [[588, 586]], [[589, 586]], [[590, 587]], [[591, 587]], [[592, 588]], [[592, 589]], [[592, 590]], [[593, 590]], [[594, 591]], [[595, 591]], [[596, 591]], [[597, 591]], [[598, 591]], [[599, 591]], [[600, 591]], [[601, 592]], [[602, 592]], [[603, 592]], [[604, 592]], [[605, 592]], [[606, 592]], [[607, 592]], [[608, 593]], [[609, 593]], [[610, 594]], [[610, 593]], [[611, 592]], [[612, 592]], [[613, 592]], [[614, 592]], [[615, 592]], [[616, 592]], [[617, 592]], [[618, 592]], [[619, 592]], [[620, 592]], [[621, 592]], [[622, 592]], [[623, 592]], [[624, 592]], [[625, 592]], [[626, 591]], [[627, 590]], [[628, 590]], [[628, 589]], [[628, 588]], [[628, 587]], [[629, 586]], [[629, 585]], [[629, 584]], [[629, 583]], [[629, 582]], [[629, 581]], [[629, 580]], [[630, 579]], [[629, 578]], [[629, 577]], [[629, 576]], [[629, 575]], [[628, 574]], [[628, 573]], [[627, 572]], [[626, 571]], [[625, 570]], [[624, 570]], [[623, 570]], [[622, 570]], [[621, 571]], [[620, 571]], [[619, 571]], [[618, 571]], [[617, 570]], [[616, 570]], [[615, 570]], [[614, 571]], [[613, 571]], [[612, 571]], [[611, 570]], [[611, 569]], [[612, 568]], [[613, 567]], [[613, 566]], [[614, 565]], [[615, 564]], [[616, 563]], [[616, 562]], [[616, 561]], [[617, 560]], [[617, 559]], [[616, 558]], [[615, 559]], [[614, 558]], [[613, 558]], [[612, 557]], [[611, 557]], [[610, 556]], [[609, 555]], [[608, 555]], [[607, 555]], [[606, 555]], [[605, 555]]]",[[]],[]
87,87,"[[[644, 548]], [[643, 549]], [[642, 550]], [[642, 551]], [[642, 552]], [[641, 553]], [[641, 554]], [[641, 555]], [[641, 556]], [[640, 557]], [[639, 558]], [[638, 559]], [[637, 560]], [[636, 561]], [[635, 562]], [[635, 563]], [[635, 564]], [[635, 565]], [[635, 566]], [[636, 567]], [[636, 568]], [[637, 569]], [[637, 570]], [[638, 571]], [[639, 571]], [[640, 572]], [[640, 573]], [[641, 573]], [[642, 574]], [[643, 575]], [[644, 575]], [[645, 576]], [[646, 577]], [[646, 578]], [[647, 578]], [[648, 579]], [[649, 579]], [[650, 580]], [[650, 581]], [[651, 582]], [[651, 583]], [[650, 584]], [[651, 584]], [[652, 584]], [[653, 584]], [[654, 584]], [[655, 584]], [[656, 585]], [[657, 585]], [[658, 584]], [[659, 583]], [[660, 583]], [[661, 583]], [[662, 583]], [[663, 583]], [[664, 582]], [[665, 582]], [[665, 581]], [[666, 580]], [[667, 580]], [[668, 581]], [[669, 581]], [[670, 582]], [[670, 583]], [[670, 582]], [[670, 581]], [[670, 580]], [[669, 581]], [[668, 581]], [[667, 580]], [[667, 579]], [[668, 578]], [[669, 577]], [[670, 577]], [[671, 578]], [[670, 577]], [[670, 576]], [[671, 575]], [[672, 574]], [[673, 574]], [[674, 574]], [[675, 575]], [[674, 576]], [[674, 577]], [[674, 578]], [[674, 579]], [[674, 580]], [[674, 581]], [[674, 582]], [[675, 583]], [[675, 584]], [[675, 585]], [[676, 586]], [[676, 587]], [[676, 588]], [[676, 589]], [[677, 590]], [[678, 590]], [[679, 589]], [[680, 589]], [[681, 588]], [[682, 588]], [[683, 588]], [[684, 589]], [[685, 590]], [[685, 591]], [[686, 591]], [[687, 590]], [[688, 590]], [[689, 589]], [[689, 588]], [[690, 587]], [[691, 586]], [[692, 585]], [[693, 585]], [[694, 586]], [[695, 586]], [[696, 587]], [[697, 587]], [[698, 586]], [[699, 585]], [[700, 585]], [[701, 584]], [[702, 583]], [[703, 583]], [[704, 583]], [[705, 583]], [[706, 582]], [[707, 581]], [[707, 580]], [[708, 579]], [[708, 578]], [[708, 577]], [[709, 576]], [[710, 575]], [[710, 574]], [[711, 573]], [[711, 572]], [[711, 571]], [[711, 570]], [[712, 569]], [[713, 568]], [[712, 567]], [[712, 566]], [[712, 565]], [[712, 564]], [[712, 563]], [[713, 562]], [[713, 561]], [[714, 560]], [[713, 559]], [[713, 558]], [[712, 557]], [[711, 556]], [[710, 556]], [[709, 555]], [[708, 555]], [[707, 555]], [[706, 555]], [[705, 554]], [[704, 554]], [[703, 553]], [[702, 553]], [[701, 554]], [[700, 554]], [[699, 555]], [[698, 555]], [[697, 555]], [[696, 556]], [[695, 556]], [[694, 557]], [[693, 558]], [[693, 559]], [[693, 560]], [[693, 561]], [[692, 562]], [[692, 563]], [[692, 564]], [[691, 565]], [[691, 566]], [[690, 567]], [[689, 568]], [[688, 569]], [[687, 569]], [[686, 570]], [[685, 570]], [[684, 570]], [[683, 571]], [[682, 570]], [[682, 569]], [[683, 568]], [[684, 567]], [[685, 567]], [[685, 566]], [[686, 565]], [[685, 564]], [[685, 563]], [[685, 562]], [[686, 561]], [[687, 560]], [[687, 559]], [[687, 558]], [[686, 557]], [[685, 556]], [[684, 556]], [[683, 555]], [[682, 554]], [[681, 553]], [[680, 553]], [[679, 553]], [[678, 553]], [[677, 553]], [[676, 554]], [[675, 554]], [[674, 554]], [[673, 555]], [[672, 556]], [[671, 556]], [[670, 557]], [[669, 557]], [[668, 557]], [[667, 557]], [[666, 557]], [[665, 557]], [[664, 557]], [[663, 557]], [[662, 557]], [[661, 556]], [[660, 555]], [[659, 556]], [[658, 555]], [[658, 554]], [[658, 553]], [[658, 552]], [[658, 551]], [[657, 550]], [[656, 549]], [[655, 548]], [[654, 548]], [[653, 548]], [[652, 548]], [[651, 548]], [[650, 548]], [[649, 548]], [[648, 549]], [[647, 549]], [[646, 549]], [[645, 548]]]","[[], [[[672, 581], [672, 582], [672, 583], [672, 584], [672, 585], [672, 586], [672, 587], [671, 588], [670, 588], [669, 588], [668, 587], [667, 586], [666, 585], [665, 584], [664, 584], [663, 584], [662, 584], [661, 584], [660, 584], [659, 584], [659, 585], [658, 586], [657, 586], [656, 586], [655, 585], [654, 586], [653, 586], [652, 586], [651, 586], [650, 585], [649, 586], [648, 586], [647, 587], [646, 588], [645, 588], [644, 588], [643, 589], [642, 589], [641, 589], [640, 589], [639, 589], [638, 589], [638, 590], [638, 591], [637, 592], [636, 593], [635, 593], [634, 594], [633, 594], [634, 595], [635, 595], [636, 594], [637, 594], [638, 594], [639, 594], [640, 594], [641, 593], [642, 593], [643, 593], [644, 594], [645, 593], [646, 592], [647, 591], [648, 591], [649, 590], [650, 589], [651, 589], [652, 588], [653, 588], [654, 588], [655, 587], [656, 587], [657, 587], [658, 587], [659, 586], [660, 586], [661, 586], [662, 586], [663, 587], [664, 587], [665, 587], [666, 588], [667, 589], [668, 589], [669, 589], [670, 590], [671, 590], [672, 589], [673, 589], [674, 589], [675, 590], [675, 591], [676, 592], [677, 592], [678, 592], [679, 592], [680, 591], [681, 591], [682, 591], [683, 592], [683, 593], [684, 593], [685, 593], [686, 593], [687, 593], [688, 593], [689, 593], [690, 593], [691, 592], [692, 591], [692, 590], [693, 589], [694, 590], [695, 590], [696, 590], [697, 589], [698, 589], [699, 589], [700, 588], [700, 587], [699, 587], [698, 588], [697, 588], [696, 588], [695, 587], [694, 587], [693, 586], [692, 586], [691, 587], [690, 588], [690, 589], [689, 590], [688, 591], [687, 592], [686, 592], [685, 592], [684, 591], [684, 590], [683, 589], [682, 589], [681, 589], [680, 590], [679, 591], [678, 591], [677, 591], [676, 590], [675, 589], [675, 588], [675, 587], [675, 586], [674, 585], [674, 584], [674, 583], [673, 582], [673, 581]]], [[[714, 575], [714, 576], [715, 577], [716, 578], [715, 579], [714, 580], [714, 581], [713, 582], [712, 582], [711, 583], [710, 582], [710, 581], [710, 580], [709, 579], [709, 578], [710, 577], [709, 578], [709, 579], [708, 580], [708, 581], [708, 582], [707, 583], [707, 584], [706, 585], [705, 585], [704, 584], [703, 584], [702, 584], [702, 585], [703, 586], [704, 586], [705, 585], [706, 585], [707, 586], [708, 586], [709, 586], [710, 586], [711, 586], [712, 586], [713, 587], [714, 587], [715, 586], [715, 585], [715, 584], [716, 583], [717, 584], [717, 585], [718, 586], [718, 587], [719, 586], [719, 585], [719, 584], [718, 583], [718, 582], [719, 581], [720, 581], [720, 580], [720, 579], [720, 578], [720, 577], [719, 576], [718, 576], [717, 576], [716, 575], [715, 575]]], [[[692, 560], [691, 561], [690, 561], [689, 561], [688, 561], [687, 562], [686, 562], [686, 563], [686, 564], [687, 564], [688, 565], [687, 566], [686, 567], [685, 568], [684, 568], [683, 569], [683, 570], [684, 569], [685, 569], [686, 569], [687, 568], [688, 568], [689, 567], [690, 566], [690, 565], [691, 564], [691, 563], [691, 562], [692, 561]]]]","[[], 141, 146, 163]"
88,88,"[[[333, 540]], [[332, 541]], [[331, 541]], [[330, 541]], [[330, 542]], [[329, 543]], [[328, 542]], [[327, 542]], [[326, 542]], [[325, 542]], [[324, 542]], [[323, 542]], [[322, 542]], [[321, 542]], [[320, 542]], [[319, 543]], [[318, 543]], [[317, 544]], [[316, 544]], [[315, 544]], [[314, 544]], [[313, 544]], [[312, 544]], [[311, 545]], [[310, 545]], [[310, 546]], [[309, 547]], [[309, 548]], [[308, 549]], [[307, 550]], [[307, 551]], [[308, 552]], [[308, 553]], [[308, 554]], [[309, 554]], [[310, 555]], [[310, 556]], [[310, 557]], [[310, 558]], [[311, 559]], [[311, 560]], [[311, 561]], [[311, 562]], [[312, 563]], [[312, 564]], [[313, 565]], [[314, 566]], [[314, 567]], [[315, 568]], [[315, 569]], [[316, 569]], [[317, 570]], [[318, 571]], [[319, 571]], [[320, 572]], [[321, 573]], [[322, 574]], [[322, 575]], [[323, 576]], [[324, 576]], [[325, 576]], [[326, 576]], [[327, 575]], [[328, 574]], [[328, 573]], [[327, 572]], [[327, 571]], [[327, 570]], [[327, 569]], [[328, 568]], [[329, 568]], [[330, 568]], [[330, 567]], [[330, 566]], [[331, 565]], [[332, 565]], [[333, 565]], [[333, 564]], [[334, 563]], [[335, 562]], [[336, 561]], [[337, 561]], [[338, 560]], [[339, 559]], [[339, 558]], [[340, 557]], [[340, 556]], [[339, 555]], [[340, 554]], [[340, 553]], [[340, 552]], [[340, 551]], [[340, 552]], [[339, 553]], [[338, 553]], [[337, 553]], [[336, 552]], [[335, 551]], [[335, 550]], [[335, 549]], [[336, 548]], [[336, 547]], [[337, 546]], [[337, 545]], [[336, 544]], [[335, 543]], [[335, 542]], [[334, 541]]]","[[], [[[300, 542], [299, 543], [298, 544], [297, 545], [296, 545], [295, 545], [294, 546], [293, 547], [292, 547], [291, 547], [290, 547], [289, 547], [288, 547], [287, 547], [288, 548], [289, 548], [290, 548], [291, 548], [292, 548], [293, 549], [294, 549], [295, 550], [296, 550], [297, 551], [298, 552], [299, 552], [300, 552], [301, 552], [302, 553], [303, 553], [304, 553], [305, 552], [306, 552], [306, 551], [306, 550], [305, 549], [304, 549], [303, 549], [302, 548], [302, 547], [302, 546], [302, 545], [302, 544], [302, 543], [302, 542], [301, 542]]], [[[336, 562], [335, 563], [335, 564], [335, 565], [334, 566], [334, 567], [334, 568], [333, 569], [332, 570], [331, 570], [330, 569], [329, 569], [328, 569], [329, 569], [330, 570], [330, 571], [331, 572], [332, 572], [333, 572], [333, 571], [334, 570], [335, 570], [336, 570], [337, 569], [338, 570], [339, 571], [340, 572], [340, 573], [340, 572], [340, 571], [340, 570], [340, 569], [340, 568], [339, 568], [338, 567], [338, 566], [337, 565], [337, 564], [338, 563], [338, 562], [337, 562]]]]","[[], 164, 165]"
89,89,"[[[623, 533]], [[622, 534]], [[621, 534]], [[620, 534]], [[619, 534]], [[618, 534]], [[617, 534]], [[616, 535]], [[615, 534]], [[616, 535]], [[615, 536]], [[614, 536]], [[615, 537]], [[616, 538]], [[615, 539]], [[614, 540]], [[613, 539]], [[613, 540]], [[612, 541]], [[612, 542]], [[612, 543]], [[612, 544]], [[612, 545]], [[612, 546]], [[613, 547]], [[613, 548]], [[614, 548]], [[615, 549]], [[616, 550]], [[617, 551]], [[618, 551]], [[619, 552]], [[620, 551]], [[621, 551]], [[622, 550]], [[623, 549]], [[624, 549]], [[625, 549]], [[626, 549]], [[627, 550]], [[628, 551]], [[629, 551]], [[630, 552]], [[631, 552]], [[632, 552]], [[633, 552]], [[634, 551]], [[635, 550]], [[635, 549]], [[636, 548]], [[636, 547]], [[637, 546]], [[637, 545]], [[638, 544]], [[637, 543]], [[637, 542]], [[638, 541]], [[637, 540]], [[637, 539]], [[637, 538]], [[636, 537]], [[635, 536]], [[634, 535]], [[633, 535]], [[632, 534]], [[631, 534]], [[630, 534]], [[629, 534]], [[628, 533]], [[627, 533]], [[626, 533]], [[625, 533]], [[624, 533]]]",[[]],[]
90,90,"[[[352, 516]], [[351, 517]], [[350, 518]], [[349, 518]], [[348, 519]], [[349, 520]], [[348, 521]], [[348, 522]], [[348, 523]], [[348, 524]], [[349, 525]], [[349, 526]], [[349, 527]], [[350, 528]], [[350, 529]], [[350, 530]], [[351, 531]], [[352, 531]], [[353, 531]], [[354, 531]], [[355, 530]], [[356, 530]], [[357, 529]], [[358, 528]], [[358, 527]], [[359, 526]], [[359, 525]], [[359, 524]], [[359, 523]], [[359, 522]], [[359, 521]], [[358, 520]], [[357, 520]], [[356, 519]], [[355, 518]], [[354, 517]], [[353, 517]]]",[[]],[]
91,91,"[[[649, 513]], [[648, 514]], [[647, 514]], [[646, 515]], [[646, 516]], [[646, 517]], [[646, 518]], [[646, 519]], [[646, 520]], [[645, 521]], [[646, 522]], [[646, 523]], [[646, 524]], [[646, 525]], [[645, 526]], [[646, 527]], [[646, 528]], [[645, 529]], [[646, 530]], [[646, 531]], [[647, 531]], [[648, 531]], [[649, 530]], [[650, 529]], [[651, 528]], [[652, 527]], [[652, 526]], [[652, 525]], [[651, 524]], [[651, 523]], [[650, 522]], [[650, 521]], [[650, 520]], [[650, 519]], [[650, 518]], [[650, 517]], [[650, 516]], [[650, 515]], [[651, 514]], [[650, 513]]]","[[], [[[654, 510], [653, 511], [652, 512], [651, 512], [651, 513], [652, 514], [651, 515], [651, 516], [651, 517], [651, 518], [651, 519], [651, 520], [651, 521], [651, 522], [652, 523], [652, 524], [653, 524], [654, 523], [655, 522], [656, 521], [656, 520], [655, 519], [655, 518], [655, 517], [654, 516], [653, 515], [653, 514], [653, 513], [654, 512], [654, 511], [655, 510], [656, 510], [655, 510]]]]","[[], 166]"
92,92,"[[[401, 476]], [[400, 477]], [[399, 477]], [[398, 477]], [[397, 477]], [[396, 477]], [[395, 478]], [[394, 479]], [[393, 480]], [[392, 479]], [[391, 479]], [[390, 480]], [[389, 481]], [[390, 482]], [[390, 483]], [[391, 483]], [[392, 484]], [[393, 485]], [[393, 486]], [[393, 487]], [[394, 488]], [[394, 489]], [[394, 490]], [[394, 491]], [[394, 492]], [[393, 493]], [[392, 494]], [[392, 495]], [[392, 496]], [[392, 497]], [[392, 498]], [[392, 499]], [[392, 500]], [[392, 501]], [[392, 502]], [[393, 503]], [[393, 504]], [[394, 505]], [[395, 506]], [[395, 507]], [[395, 508]], [[396, 509]], [[397, 509]], [[398, 509]], [[399, 510]], [[400, 511]], [[400, 512]], [[401, 513]], [[402, 514]], [[403, 515]], [[404, 516]], [[405, 517]], [[405, 518]], [[404, 519]], [[403, 520]], [[402, 520]], [[401, 521]], [[400, 522]], [[399, 522]], [[398, 523]], [[397, 524]], [[396, 524]], [[395, 525]], [[394, 525]], [[393, 525]], [[392, 525]], [[391, 525]], [[391, 526]], [[390, 527]], [[389, 528]], [[388, 528]], [[387, 528]], [[387, 529]], [[386, 530]], [[386, 531]], [[386, 532]], [[386, 533]], [[386, 534]], [[387, 535]], [[388, 536]], [[389, 537]], [[389, 538]], [[390, 539]], [[390, 540]], [[390, 541]], [[391, 542]], [[391, 543]], [[392, 544]], [[393, 544]], [[394, 545]], [[395, 546]], [[396, 547]], [[397, 548]], [[397, 549]], [[397, 550]], [[398, 551]], [[399, 552]], [[399, 553]], [[400, 553]], [[401, 554]], [[402, 555]], [[403, 556]], [[403, 557]], [[403, 558]], [[404, 559]], [[404, 560]], [[405, 561]], [[406, 562]], [[407, 563]], [[407, 564]], [[408, 565]], [[409, 566]], [[410, 567]], [[410, 568]], [[411, 569]], [[412, 569]], [[413, 569]], [[414, 569]], [[415, 569]], [[416, 568]], [[417, 568]], [[418, 567]], [[419, 566]], [[420, 565]], [[421, 564]], [[422, 564]], [[423, 563]], [[424, 562]], [[425, 561]], [[425, 560]], [[425, 559]], [[424, 558]], [[424, 557]], [[423, 556]], [[423, 555]], [[422, 554]], [[422, 553]], [[422, 552]], [[422, 551]], [[422, 550]], [[423, 549]], [[423, 548]], [[424, 547]], [[425, 546]], [[425, 545]], [[425, 544]], [[426, 543]], [[426, 542]], [[427, 541]], [[427, 540]], [[428, 539]], [[428, 538]], [[428, 537]], [[428, 536]], [[428, 535]], [[428, 534]], [[428, 533]], [[428, 532]], [[429, 531]], [[428, 530]], [[427, 529]], [[428, 528]], [[427, 527]], [[426, 527]], [[425, 526]], [[424, 525]], [[423, 525]], [[422, 524]], [[422, 523]], [[422, 522]], [[422, 521]], [[423, 520]], [[424, 520]], [[425, 520]], [[426, 520]], [[427, 519]], [[428, 519]], [[429, 519]], [[430, 518]], [[431, 518]], [[432, 519]], [[433, 519]], [[434, 518]], [[435, 518]], [[435, 517]], [[435, 516]], [[436, 515]], [[437, 515]], [[438, 515]], [[438, 514]], [[438, 513]], [[439, 512]], [[439, 511]], [[440, 510]], [[441, 509]], [[441, 508]], [[442, 507]], [[442, 506]], [[443, 505]], [[444, 505]], [[445, 506]], [[445, 507]], [[445, 508]], [[444, 509]], [[444, 510]], [[444, 511]], [[444, 512]], [[444, 513]], [[444, 514]], [[444, 515]], [[445, 516]], [[445, 517]], [[446, 518]], [[447, 519]], [[447, 520]], [[448, 520]], [[449, 521]], [[450, 521]], [[451, 522]], [[452, 522]], [[453, 522]], [[454, 522]], [[455, 522]], [[456, 522]], [[457, 521]], [[458, 521]], [[459, 521]], [[460, 521]], [[461, 520]], [[462, 519]], [[462, 518]], [[463, 517]], [[463, 516]], [[463, 515]], [[463, 514]], [[464, 513]], [[464, 512]], [[465, 511]], [[466, 511]], [[467, 510]], [[468, 509]], [[469, 508]], [[469, 507]], [[470, 506]], [[470, 505]], [[470, 504]], [[471, 503]], [[472, 502]], [[473, 502]], [[473, 501]], [[474, 500]], [[474, 499]], [[474, 498]], [[474, 497]], [[474, 496]], [[475, 495]], [[475, 494]], [[475, 493]], [[476, 492]], [[475, 491]], [[475, 490]], [[474, 490]], [[473, 490]], [[472, 489]], [[471, 489]], [[470, 488]], [[469, 487]], [[469, 486]], [[468, 485]], [[467, 484]], [[466, 483]], [[465, 483]], [[464, 483]], [[463, 483]], [[463, 484]], [[463, 485]], [[462, 486]], [[461, 487]], [[460, 487]], [[459, 487]], [[458, 488]], [[457, 488]], [[456, 489]], [[455, 488]], [[454, 488]], [[453, 487]], [[452, 486]], [[452, 485]], [[451, 484]], [[451, 483]], [[450, 483]], [[449, 483]], [[449, 484]], [[448, 485]], [[447, 486]], [[447, 487]], [[446, 488]], [[445, 489]], [[444, 489]], [[443, 488]], [[443, 487]], [[442, 486]], [[441, 485]], [[441, 484]], [[440, 483]], [[441, 482]], [[440, 481]], [[440, 480]], [[439, 480]], [[438, 479]], [[437, 479]], [[437, 480]], [[437, 481]], [[436, 482]], [[435, 482]], [[434, 482]], [[433, 482]], [[432, 483]], [[431, 483]], [[430, 483]], [[429, 483]], [[428, 483]], [[427, 483]], [[426, 483]], [[425, 483]], [[424, 483]], [[423, 484]], [[422, 485]], [[421, 485]], [[420, 485]], [[419, 484]], [[419, 483]], [[418, 482]], [[417, 482]], [[416, 481]], [[415, 480]], [[414, 479]], [[414, 478]], [[413, 477]], [[412, 477]], [[411, 476]], [[410, 476]], [[409, 476]], [[408, 477]], [[407, 476]], [[406, 476]], [[405, 476]], [[404, 476]], [[403, 476]], [[402, 476]]]","[[], [[[441, 510], [440, 511], [440, 512], [439, 513], [439, 514], [439, 515], [438, 516], [437, 516], [436, 516], [436, 517], [436, 518], [436, 519], [435, 520], [436, 521], [437, 520], [438, 519], [439, 518], [440, 518], [441, 519], [442, 519], [443, 520], [443, 521], [442, 522], [441, 523], [441, 524], [441, 525], [442, 526], [443, 527], [443, 528], [442, 529], [441, 529], [440, 529], [440, 530], [441, 531], [442, 532], [443, 532], [444, 533], [445, 534], [446, 535], [447, 535], [446, 534], [446, 533], [446, 532], [445, 531], [444, 530], [444, 529], [444, 528], [443, 527], [444, 526], [445, 525], [446, 525], [447, 525], [448, 525], [449, 526], [449, 527], [449, 528], [450, 528], [451, 527], [452, 526], [453, 525], [454, 526], [455, 526], [456, 526], [457, 527], [456, 528], [457, 529], [458, 529], [459, 528], [460, 528], [461, 529], [462, 530], [462, 531], [463, 531], [464, 530], [463, 529], [462, 528], [461, 528], [460, 527], [461, 526], [460, 526], [459, 525], [459, 524], [459, 523], [458, 523], [457, 523], [456, 523], [455, 524], [454, 524], [453, 524], [452, 525], [451, 525], [450, 524], [450, 523], [450, 522], [449, 522], [448, 522], [447, 522], [446, 521], [446, 520], [446, 519], [445, 518], [444, 517], [444, 516], [443, 515], [443, 514], [443, 513], [443, 512], [443, 511], [442, 511]]], [[[477, 492], [476, 493], [476, 494], [476, 495], [475, 496], [475, 497], [475, 498], [475, 499], [475, 500], [474, 501], [475, 502], [475, 503], [475, 504], [476, 504], [477, 505], [478, 506], [478, 507], [478, 508], [479, 508], [478, 507], [478, 506], [477, 505], [476, 504], [476, 503], [476, 502], [476, 501], [475, 500], [475, 499], [475, 498], [476, 497], [476, 496], [477, 495], [478, 494], [478, 493]]], [[[470, 478], [469, 479], [468, 479], [467, 480], [466, 481], [465, 481], [464, 481], [463, 481], [462, 481], [462, 482], [462, 483], [462, 484], [462, 485], [461, 486], [460, 486], [459, 486], [458, 486], [459, 486], [460, 486], [461, 486], [462, 485], [462, 484], [462, 483], [463, 482], [464, 482], [465, 482], [466, 482], [467, 481], [468, 481], [469, 481], [470, 482], [470, 483], [471, 484], [471, 485], [471, 486], [470, 487], [471, 488], [472, 488], [471, 487], [471, 486], [471, 485], [472, 484], [471, 483], [471, 482], [470, 481], [470, 480], [470, 479], [471, 478]]], [[[431, 475], [430, 476], [429, 477], [428, 478], [427, 479], [426, 479], [425, 479], [424, 479], [423, 480], [422, 481], [421, 481], [420, 481], [420, 482], [420, 483], [420, 484], [421, 484], [422, 484], [423, 483], [424, 482], [425, 482], [426, 482], [427, 482], [428, 482], [429, 482], [430, 482], [431, 482], [432, 482], [433, 481], [434, 481], [435, 481], [436, 481], [436, 480], [436, 479], [437, 478], [438, 478], [439, 478], [440, 478], [441, 478], [442, 478], [442, 477], [441, 476], [440, 476], [439, 477], [438, 477], [437, 477], [436, 477], [435, 478], [434, 478], [433, 477], [432, 476]]], [[[413, 468], [413, 469], [413, 470], [412, 471], [411, 472], [410, 471], [409, 472], [408, 472], [409, 472], [410, 473], [409, 474], [408, 474], [407, 474], [406, 474], [405, 474], [404, 474], [403, 474], [403, 475], [404, 475], [405, 475], [406, 475], [407, 475], [408, 476], [409, 475], [410, 475], [411, 475], [412, 476], [413, 476], [414, 477], [415, 478], [415, 479], [416, 480], [417, 481], [418, 480], [417, 479], [418, 478], [418, 477], [418, 476], [417, 476], [416, 476], [415, 476], [414, 475], [413, 474], [412, 473], [412, 472], [413, 471], [413, 470], [414, 469], [415, 469], [416, 469], [416, 468], [415, 468], [414, 468]]]]","[[], 167, 168, 169, 170, 171]"
93,93,"[[[321, 451]], [[321, 452]], [[321, 453]], [[321, 454]], [[322, 455]], [[321, 456]], [[320, 456]], [[319, 455]], [[319, 454]], [[318, 454]], [[317, 454]], [[316, 455]], [[315, 455]], [[314, 456]], [[313, 456]], [[312, 457]], [[311, 458]], [[310, 459]], [[310, 460]], [[309, 461]], [[308, 462]], [[307, 463]], [[307, 464]], [[306, 465]], [[306, 466]], [[305, 467]], [[305, 468]], [[304, 469]], [[304, 470]], [[304, 471]], [[305, 472]], [[305, 471]], [[306, 470]], [[307, 470]], [[308, 469]], [[309, 469]], [[310, 470]], [[311, 471]], [[311, 472]], [[310, 473]], [[309, 474]], [[310, 474]], [[311, 474]], [[312, 474]], [[313, 475]], [[314, 474]], [[315, 474]], [[316, 474]], [[317, 474]], [[318, 474]], [[319, 473]], [[320, 473]], [[320, 472]], [[320, 471]], [[320, 470]], [[321, 469]], [[322, 469]], [[323, 468]], [[324, 467]], [[324, 466]], [[324, 465]], [[325, 464]], [[325, 463]], [[325, 462]], [[325, 461]], [[325, 460]], [[324, 459]], [[324, 458]], [[324, 457]], [[323, 457]], [[322, 456]], [[322, 455]], [[322, 454]], [[323, 453]], [[323, 452]], [[322, 452]]]","[[[[311, 438], [311, 439], [311, 440], [311, 441], [312, 442], [313, 443], [314, 443], [315, 443], [316, 444], [316, 445], [316, 446], [316, 447], [316, 448], [317, 448], [318, 448], [319, 448], [320, 449], [319, 450], [318, 451], [317, 451], [316, 451], [315, 451], [314, 451], [313, 450], [312, 449], [311, 448], [310, 448], [310, 449], [311, 450], [311, 451], [310, 452], [309, 451], [309, 452], [309, 453], [310, 453], [311, 454], [310, 455], [309, 456], [309, 457], [308, 458], [307, 458], [306, 457], [306, 456], [306, 455], [305, 454], [305, 453], [304, 453], [303, 453], [303, 454], [303, 455], [303, 456], [303, 457], [303, 458], [304, 458], [305, 459], [304, 460], [305, 461], [304, 462], [304, 463], [304, 464], [303, 465], [302, 465], [301, 465], [300, 465], [300, 466], [301, 466], [302, 466], [303, 467], [303, 468], [304, 468], [304, 467], [305, 466], [305, 465], [306, 464], [306, 463], [307, 462], [308, 461], [309, 460], [309, 459], [310, 458], [311, 457], [312, 456], [313, 455], [314, 455], [315, 454], [316, 454], [317, 453], [318, 453], [319, 453], [320, 454], [320, 455], [321, 455], [320, 454], [320, 453], [320, 452], [320, 451], [321, 450], [322, 450], [321, 449], [320, 448], [320, 447], [320, 446], [320, 445], [319, 444], [318, 444], [317, 444], [316, 444], [315, 443], [315, 442], [314, 441], [314, 440], [313, 439], [312, 438]]], [[[308, 470], [307, 471], [306, 471], [306, 472], [306, 473], [306, 474], [306, 475], [307, 475], [308, 475], [309, 476], [309, 477], [309, 478], [310, 479], [311, 478], [312, 479], [313, 479], [314, 479], [315, 479], [315, 478], [314, 479], [313, 478], [312, 477], [311, 476], [310, 476], [309, 475], [308, 474], [309, 473], [310, 472], [310, 471], [309, 470]]], []]","[172, 173, []]"
94,94,"[[[467, 437]], [[466, 438]], [[465, 438]], [[464, 438]], [[463, 439]], [[462, 439]], [[461, 440]], [[460, 441]], [[459, 441]], [[458, 442]], [[457, 443]], [[456, 443]], [[455, 444]], [[454, 444]], [[453, 444]], [[452, 445]], [[451, 445]], [[451, 446]], [[451, 447]], [[451, 448]], [[452, 449]], [[452, 450]], [[453, 451]], [[453, 452]], [[453, 453]], [[453, 454]], [[454, 455]], [[455, 456]], [[456, 457]], [[457, 457]], [[458, 458]], [[459, 458]], [[460, 458]], [[461, 457]], [[462, 457]], [[463, 457]], [[464, 456]], [[465, 456]], [[466, 455]], [[467, 455]], [[468, 454]], [[469, 454]], [[470, 453]], [[471, 453]], [[472, 453]], [[473, 452]], [[474, 452]], [[475, 452]], [[476, 451]], [[477, 450]], [[477, 449]], [[477, 448]], [[478, 447]], [[478, 446]], [[477, 445]], [[477, 444]], [[476, 443]], [[475, 442]], [[474, 441]], [[473, 440]], [[472, 439]], [[471, 438]], [[470, 438]], [[469, 437]], [[468, 437]]]","[[[[468, 434], [467, 435], [467, 436], [468, 436], [469, 436], [470, 437], [471, 437], [472, 438], [473, 439], [474, 440], [475, 441], [476, 442], [477, 443], [478, 443], [479, 443], [480, 444], [480, 445], [481, 446], [482, 446], [483, 445], [482, 444], [481, 444], [480, 443], [480, 442], [479, 442], [478, 442], [477, 442], [476, 441], [475, 440], [474, 439], [473, 439], [472, 438], [472, 437], [472, 436], [471, 436], [470, 435], [469, 435]]], [[[463, 437], [462, 438], [461, 438], [460, 438], [459, 439], [458, 440], [457, 441], [456, 441], [455, 441], [454, 442], [453, 442], [452, 442], [451, 441], [450, 441], [449, 440], [448, 440], [447, 439], [446, 439], [445, 438], [444, 438], [444, 439], [443, 440], [442, 440], [441, 440], [441, 441], [442, 441], [443, 441], [444, 441], [445, 440], [446, 440], [447, 441], [448, 441], [449, 442], [449, 443], [449, 444], [450, 444], [451, 444], [452, 443], [453, 443], [454, 443], [455, 443], [456, 442], [457, 442], [458, 441], [459, 440], [460, 440], [461, 439], [462, 438], [463, 437], [464, 437]]], []]","[174, 175, []]"
95,95,"[[[572, 415]], [[571, 416]], [[570, 417]], [[569, 418]], [[568, 419]], [[567, 420]], [[566, 420]], [[565, 419]], [[564, 419]], [[563, 420]], [[562, 420]], [[561, 419]], [[561, 418]], [[560, 417]], [[560, 416]], [[559, 417]], [[558, 417]], [[557, 417]], [[556, 417]], [[555, 418]], [[554, 418]], [[553, 418]], [[552, 417]], [[551, 418]], [[550, 418]], [[549, 418]], [[548, 419]], [[547, 419]], [[546, 420]], [[545, 420]], [[544, 420]], [[543, 420]], [[542, 420]], [[541, 421]], [[541, 422]], [[540, 423]], [[540, 424]], [[540, 425]], [[540, 426]], [[540, 427]], [[540, 428]], [[540, 429]], [[541, 430]], [[542, 431]], [[542, 432]], [[543, 433]], [[544, 433]], [[545, 433]], [[546, 433]], [[547, 433]], [[548, 433]], [[549, 433]], [[550, 432]], [[551, 432]], [[552, 432]], [[553, 432]], [[554, 431]], [[555, 431]], [[555, 430]], [[556, 429]], [[556, 428]], [[557, 427]], [[558, 427]], [[559, 427]], [[560, 426]], [[561, 426]], [[562, 425]], [[562, 424]], [[563, 423]], [[563, 422]], [[563, 421]], [[564, 420]], [[565, 420]], [[566, 421]], [[567, 422]], [[566, 423]], [[565, 424]], [[565, 425]], [[565, 426]], [[564, 427]], [[563, 427]], [[564, 428]], [[565, 429]], [[566, 429]], [[567, 429]], [[568, 429]], [[569, 429]], [[570, 429]], [[571, 429]], [[572, 429]], [[573, 430]], [[574, 430]], [[575, 430]], [[576, 429]], [[577, 429]], [[578, 429]], [[579, 428]], [[580, 427]], [[581, 426]], [[581, 425]], [[581, 424]], [[581, 423]], [[580, 422]], [[579, 421]], [[579, 420]], [[579, 419]], [[579, 418]], [[578, 418]], [[577, 417]], [[576, 416]], [[575, 415]], [[574, 415]], [[573, 415]]]","[[], [[[538, 430], [538, 431], [538, 432], [539, 433], [539, 434], [540, 435], [541, 436], [542, 436], [543, 436], [544, 435], [545, 435], [546, 435], [547, 435], [548, 435], [549, 435], [549, 434], [548, 434], [547, 434], [546, 435], [545, 435], [544, 435], [543, 435], [542, 434], [542, 433], [541, 432], [541, 431], [540, 430], [539, 430]]]]","[[], 176]"
96,96,"[[[468, 411]], [[468, 412]], [[468, 413]], [[468, 414]], [[468, 415]], [[467, 416]], [[467, 417]], [[467, 418]], [[467, 419]], [[468, 420]], [[468, 421]], [[468, 422]], [[469, 423]], [[470, 423]], [[471, 424]], [[472, 424]], [[473, 424]], [[474, 423]], [[475, 423]], [[476, 423]], [[477, 423]], [[478, 423]], [[479, 423]], [[480, 422]], [[481, 421]], [[481, 420]], [[481, 419]], [[481, 418]], [[481, 417]], [[481, 416]], [[480, 416]], [[479, 415]], [[478, 414]], [[477, 413]], [[476, 413]], [[475, 412]], [[474, 411]], [[473, 411]], [[472, 411]], [[471, 411]], [[470, 411]], [[469, 411]]]",[[]],[]
97,97,"[[[763, 377]], [[762, 378]], [[761, 378]], [[760, 379]], [[759, 379]], [[758, 380]], [[757, 381]], [[756, 382]], [[756, 383]], [[756, 384]], [[756, 385]], [[757, 386]], [[757, 387]], [[757, 388]], [[757, 389]], [[757, 390]], [[758, 391]], [[759, 392]], [[759, 393]], [[760, 394]], [[760, 395]], [[761, 395]], [[762, 396]], [[762, 397]], [[763, 398]], [[764, 398]], [[765, 398]], [[766, 399]], [[767, 399]], [[768, 399]], [[769, 399]], [[770, 400]], [[771, 399]], [[772, 399]], [[773, 400]], [[774, 399]], [[775, 399]], [[776, 399]], [[777, 399]], [[778, 399]], [[779, 398]], [[780, 398]], [[781, 397]], [[781, 396]], [[782, 395]], [[783, 394]], [[783, 393]], [[783, 392]], [[783, 391]], [[783, 390]], [[783, 389]], [[783, 388]], [[783, 387]], [[782, 386]], [[781, 385]], [[780, 385]], [[779, 384]], [[778, 384]], [[777, 384]], [[776, 383]], [[775, 382]], [[774, 381]], [[773, 380]], [[772, 380]], [[771, 379]], [[770, 378]], [[769, 378]], [[768, 378]], [[767, 378]], [[766, 378]], [[765, 377]], [[764, 377]]]",[[]],[]
98,98,"[[[138, 376]], [[137, 377]], [[137, 378]], [[137, 379]], [[137, 380]], [[136, 381]], [[136, 382]], [[136, 383]], [[136, 384]], [[136, 385]], [[136, 386]], [[137, 386]], [[138, 387]], [[139, 387]], [[140, 386]], [[141, 386]], [[142, 386]], [[143, 386]], [[144, 387]], [[144, 386]], [[145, 385]], [[146, 385]], [[146, 384]], [[147, 383]], [[147, 382]], [[147, 381]], [[147, 380]], [[146, 380]], [[145, 381]], [[144, 380]], [[143, 379]], [[142, 378]], [[141, 377]], [[141, 376]], [[140, 376]], [[139, 376]]]","[[[[138, 371], [138, 372], [138, 373], [138, 374], [137, 375], [136, 374], [135, 374], [134, 374], [133, 373], [132, 372], [131, 372], [132, 372], [133, 373], [133, 374], [134, 375], [135, 376], [135, 377], [135, 378], [136, 378], [136, 377], [137, 376], [137, 375], [138, 374], [139, 374], [140, 374], [141, 375], [142, 375], [143, 375], [142, 374], [141, 373], [140, 372], [140, 371], [139, 371]]], []]","[177, []]"
99,99,"[[[67, 373]], [[66, 374]], [[65, 375]], [[64, 376]], [[63, 377]], [[62, 378]], [[62, 379]], [[62, 380]], [[61, 381]], [[61, 382]], [[60, 383]], [[60, 384]], [[60, 385]], [[60, 386]], [[60, 387]], [[61, 387]], [[62, 388]], [[63, 388]], [[64, 389]], [[65, 389]], [[66, 390]], [[67, 391]], [[68, 391]], [[69, 392]], [[70, 392]], [[71, 393]], [[72, 393]], [[73, 394]], [[74, 395]], [[73, 396]], [[72, 396]], [[71, 396]], [[70, 396]], [[69, 395]], [[68, 395]], [[67, 395]], [[66, 394]], [[65, 394]], [[64, 393]], [[63, 393]], [[62, 393]], [[61, 393]], [[60, 393]], [[59, 393]], [[58, 393]], [[57, 393]], [[56, 393]], [[56, 394]], [[56, 395]], [[55, 396]], [[54, 397]], [[54, 398]], [[54, 399]], [[53, 400]], [[53, 401]], [[52, 402]], [[52, 403]], [[52, 404]], [[53, 405]], [[53, 406]], [[54, 407]], [[54, 408]], [[55, 408]], [[56, 409]], [[57, 410]], [[58, 411]], [[58, 412]], [[59, 412]], [[60, 413]], [[61, 414]], [[60, 415]], [[59, 415]], [[58, 415]], [[57, 415]], [[56, 414]], [[55, 414]], [[54, 414]], [[53, 413]], [[53, 412]], [[52, 411]], [[51, 410]], [[51, 409]], [[51, 408]], [[50, 408]], [[49, 407]], [[48, 406]], [[47, 405]], [[46, 405]], [[45, 405]], [[44, 405]], [[43, 405]], [[42, 405]], [[41, 405]], [[40, 405]], [[39, 405]], [[38, 405]], [[37, 404]], [[36, 404]], [[35, 404]], [[34, 404]], [[33, 404]], [[32, 405]], [[31, 404]], [[30, 405]], [[29, 405]], [[28, 405]], [[28, 406]], [[27, 407]], [[26, 408]], [[25, 408]], [[24, 408]], [[23, 408]], [[22, 408]], [[21, 409]], [[20, 409]], [[19, 410]], [[18, 410]], [[17, 411]], [[16, 412]], [[16, 413]], [[15, 414]], [[15, 415]], [[14, 416]], [[14, 417]], [[13, 418]], [[13, 419]], [[13, 420]], [[13, 421]], [[12, 422]], [[12, 423]], [[12, 424]], [[11, 425]], [[11, 426]], [[11, 427]], [[11, 428]], [[12, 429]], [[12, 430]], [[11, 431]], [[10, 431]], [[10, 432]], [[10, 433]], [[10, 434]], [[9, 435]], [[9, 436]], [[9, 437]], [[9, 438]], [[9, 439]], [[9, 440]], [[8, 441]], [[8, 442]], [[8, 443]], [[8, 444]], [[8, 445]], [[8, 446]], [[8, 447]], [[8, 448]], [[7, 449]], [[7, 450]], [[7, 451]], [[8, 452]], [[9, 453]], [[9, 454]], [[9, 455]], [[9, 456]], [[9, 457]], [[9, 458]], [[9, 459]], [[9, 460]], [[9, 461]], [[9, 462]], [[9, 463]], [[9, 464]], [[9, 465]], [[8, 466]], [[8, 467]], [[8, 468]], [[7, 469]], [[6, 469]], [[6, 470]], [[6, 471]], [[6, 472]], [[7, 472]], [[8, 472]], [[9, 471]], [[10, 470]], [[11, 470]], [[12, 471]], [[12, 472]], [[12, 473]], [[12, 474]], [[12, 475]], [[11, 476]], [[10, 476]], [[10, 477]], [[9, 478]], [[9, 479]], [[10, 479]], [[11, 480]], [[12, 481]], [[12, 482]], [[11, 483]], [[11, 484]], [[11, 485]], [[12, 486]], [[12, 487]], [[12, 488]], [[12, 489]], [[12, 490]], [[12, 491]], [[12, 492]], [[12, 493]], [[12, 494]], [[12, 495]], [[12, 496]], [[12, 497]], [[12, 498]], [[13, 499]], [[14, 500]], [[15, 501]], [[15, 502]], [[16, 502]], [[17, 502]], [[18, 503]], [[19, 503]], [[20, 503]], [[21, 503]], [[22, 503]], [[23, 503]], [[24, 503]], [[25, 503]], [[26, 503]], [[27, 503]], [[28, 502]], [[29, 501]], [[30, 501]], [[30, 500]], [[31, 499]], [[32, 498]], [[33, 498]], [[34, 497]], [[35, 496]], [[36, 496]], [[37, 495]], [[37, 494]], [[38, 493]], [[38, 492]], [[38, 491]], [[38, 490]], [[38, 489]], [[38, 488]], [[39, 487]], [[40, 486]], [[41, 486]], [[42, 485]], [[43, 485]], [[44, 484]], [[45, 483]], [[46, 482]], [[47, 482]], [[48, 481]], [[49, 481]], [[50, 481]], [[51, 481]], [[52, 481]], [[53, 482]], [[53, 483]], [[53, 484]], [[54, 485]], [[54, 486]], [[55, 486]], [[56, 486]], [[57, 487]], [[58, 487]], [[59, 487]], [[60, 488]], [[61, 489]], [[62, 489]], [[63, 489]], [[64, 489]], [[65, 489]], [[66, 489]], [[67, 488]], [[68, 489]], [[69, 490]], [[70, 490]], [[71, 490]], [[72, 490]], [[73, 489]], [[74, 489]], [[75, 490]], [[76, 491]], [[77, 491]], [[78, 491]], [[79, 490]], [[80, 490]], [[81, 490]], [[82, 490]], [[83, 490]], [[83, 489]], [[84, 488]], [[85, 488]], [[86, 488]], [[87, 488]], [[88, 489]], [[89, 490]], [[90, 489]], [[91, 489]], [[92, 488]], [[93, 487]], [[93, 486]], [[93, 485]], [[94, 484]], [[94, 483]], [[95, 482]], [[96, 481]], [[97, 481]], [[98, 482]], [[99, 481]], [[100, 481]], [[100, 480]], [[101, 479]], [[102, 479]], [[103, 478]], [[104, 477]], [[105, 477]], [[106, 477]], [[106, 476]], [[107, 475]], [[107, 474]], [[108, 473]], [[108, 472]], [[109, 471]], [[109, 470]], [[110, 469]], [[110, 468]], [[110, 467]], [[110, 466]], [[110, 465]], [[110, 464]], [[109, 463]], [[109, 462]], [[108, 461]], [[108, 460]], [[108, 459]], [[107, 458]], [[106, 457]], [[106, 456]], [[105, 455]], [[104, 454]], [[104, 453]], [[104, 452]], [[104, 451]], [[104, 450]], [[103, 449]], [[103, 448]], [[102, 447]], [[102, 446]], [[101, 445]], [[100, 445]], [[99, 444]], [[98, 443]], [[97, 442]], [[98, 441]], [[99, 441]], [[100, 441]], [[101, 441]], [[102, 440]], [[103, 440]], [[104, 440]], [[105, 440]], [[106, 441]], [[107, 442]], [[108, 442]], [[109, 442]], [[110, 442]], [[111, 442]], [[112, 442]], [[113, 442]], [[114, 441]], [[115, 441]], [[116, 440]], [[117, 440]], [[118, 440]], [[119, 440]], [[120, 439]], [[121, 439]], [[121, 438]], [[121, 437]], [[122, 436]], [[123, 435]], [[124, 434]], [[124, 433]], [[125, 432]], [[125, 431]], [[125, 430]], [[126, 429]], [[126, 428]], [[126, 427]], [[126, 426]], [[126, 425]], [[127, 424]], [[127, 423]], [[127, 422]], [[127, 421]], [[127, 420]], [[127, 419]], [[127, 418]], [[128, 417]], [[128, 416]], [[128, 415]], [[128, 414]], [[129, 413]], [[129, 412]], [[129, 411]], [[129, 410]], [[130, 409]], [[130, 408]], [[131, 407]], [[132, 406]], [[132, 405]], [[132, 404]], [[133, 403]], [[134, 402]], [[134, 401]], [[134, 400]], [[133, 399]], [[133, 398]], [[133, 397]], [[133, 396]], [[133, 395]], [[133, 394]], [[133, 393]], [[132, 392]], [[132, 391]], [[132, 390]], [[132, 389]], [[131, 388]], [[130, 387]], [[129, 386]], [[128, 386]], [[127, 386]], [[126, 385]], [[125, 385]], [[124, 385]], [[123, 384]], [[122, 384]], [[121, 384]], [[121, 385]], [[120, 386]], [[119, 386]], [[118, 386]], [[117, 386]], [[116, 386]], [[115, 386]], [[114, 385]], [[113, 385]], [[112, 385]], [[111, 385]], [[110, 385]], [[109, 385]], [[108, 384]], [[107, 384]], [[106, 383]], [[105, 382]], [[104, 382]], [[103, 381]], [[102, 380]], [[101, 379]], [[100, 379]], [[99, 378]], [[98, 378]], [[97, 378]], [[96, 378]], [[95, 378]], [[94, 378]], [[93, 378]], [[93, 379]], [[92, 380]], [[91, 380]], [[90, 380]], [[89, 379]], [[88, 379]], [[87, 378]], [[86, 378]], [[85, 377]], [[84, 377]], [[83, 377]], [[82, 376]], [[81, 376]], [[80, 375]], [[79, 375]], [[78, 375]], [[77, 374]], [[76, 374]], [[75, 375]], [[74, 375]], [[73, 375]], [[72, 375]], [[71, 375]], [[70, 374]], [[69, 374]], [[68, 373]]]","[[], [[[57, 389], [57, 390], [56, 391], [56, 392], [57, 392], [58, 392], [59, 392], [60, 392], [61, 392], [62, 392], [63, 392], [64, 392], [65, 393], [66, 393], [67, 394], [68, 394], [69, 394], [70, 395], [71, 395], [72, 395], [73, 395], [72, 394], [71, 394], [70, 394], [69, 393], [68, 393], [67, 392], [66, 392], [65, 391], [64, 390], [63, 390], [62, 390], [61, 389], [60, 389], [59, 389], [58, 389]]], [[[30, 502], [30, 503], [29, 504], [29, 505], [28, 506], [27, 507], [26, 506], [25, 506], [24, 507], [23, 507], [22, 506], [22, 507], [22, 508], [23, 509], [24, 510], [25, 510], [26, 510], [27, 509], [28, 509], [29, 509], [30, 509], [31, 509], [31, 508], [31, 507], [31, 506], [31, 505], [32, 504], [33, 505], [34, 506], [35, 506], [36, 506], [35, 505], [34, 504], [33, 503], [32, 502], [31, 502]]]]","[[], 178, 179]"
100,100,"[[[271, 372]], [[270, 373]], [[269, 373]], [[268, 374]], [[267, 375]], [[266, 376]], [[265, 376]], [[264, 376]], [[264, 377]], [[263, 378]], [[263, 379]], [[263, 380]], [[262, 381]], [[262, 382]], [[262, 383]], [[262, 384]], [[262, 385]], [[262, 386]], [[262, 387]], [[263, 388]], [[263, 389]], [[264, 390]], [[265, 391]], [[266, 392]], [[267, 392]], [[268, 392]], [[269, 392]], [[270, 392]], [[271, 392]], [[272, 391]], [[273, 391]], [[274, 391]], [[275, 391]], [[276, 391]], [[277, 391]], [[278, 391]], [[279, 390]], [[280, 390]], [[281, 389]], [[282, 388]], [[283, 388]], [[283, 387]], [[284, 386]], [[284, 385]], [[284, 384]], [[284, 383]], [[284, 382]], [[284, 381]], [[284, 380]], [[284, 379]], [[284, 378]], [[283, 377]], [[282, 376]], [[281, 375]], [[280, 374]], [[279, 374]], [[278, 374]], [[277, 374]], [[276, 373]], [[275, 373]], [[274, 372]], [[273, 372]], [[272, 372]]]","[[], [[[260, 388], [260, 389], [260, 390], [260, 391], [261, 391], [262, 391], [263, 392], [263, 393], [264, 393], [265, 394], [266, 394], [267, 394], [268, 394], [269, 395], [270, 395], [271, 395], [272, 395], [271, 394], [270, 394], [269, 394], [268, 393], [267, 393], [266, 393], [265, 392], [264, 391], [263, 390], [262, 389], [262, 388], [261, 388]]]]","[[], 180]"
101,101,"[[[412, 365]], [[411, 366]], [[410, 366]], [[409, 366]], [[408, 366]], [[407, 367]], [[406, 367]], [[405, 368]], [[404, 369]], [[404, 370]], [[403, 371]], [[403, 372]], [[402, 373]], [[402, 374]], [[402, 375]], [[401, 376]], [[400, 377]], [[399, 377]], [[398, 377]], [[397, 378]], [[396, 379]], [[395, 379]], [[395, 380]], [[395, 381]], [[394, 382]], [[394, 383]], [[393, 384]], [[392, 385]], [[391, 386]], [[391, 387]], [[391, 388]], [[391, 389]], [[391, 390]], [[391, 391]], [[391, 392]], [[392, 393]], [[392, 394]], [[392, 395]], [[393, 396]], [[393, 397]], [[393, 398]], [[393, 399]], [[393, 400]], [[393, 401]], [[393, 402]], [[392, 403]], [[392, 404]], [[392, 405]], [[393, 405]], [[394, 405]], [[395, 405]], [[396, 405]], [[397, 404]], [[398, 404]], [[399, 404]], [[400, 404]], [[401, 404]], [[402, 404]], [[403, 405]], [[404, 405]], [[405, 405]], [[406, 405]], [[407, 406]], [[408, 406]], [[409, 406]], [[410, 406]], [[411, 406]], [[412, 406]], [[413, 406]], [[414, 406]], [[415, 405]], [[416, 404]], [[417, 404]], [[418, 403]], [[419, 403]], [[420, 402]], [[421, 401]], [[422, 400]], [[423, 400]], [[424, 400]], [[425, 400]], [[426, 400]], [[427, 400]], [[428, 399]], [[428, 398]], [[428, 397]], [[428, 396]], [[429, 395]], [[429, 394]], [[429, 393]], [[429, 392]], [[428, 391]], [[427, 390]], [[427, 389]], [[427, 388]], [[427, 387]], [[426, 386]], [[426, 385]], [[425, 384]], [[425, 383]], [[424, 382]], [[424, 381]], [[423, 380]], [[423, 379]], [[423, 378]], [[422, 377]], [[421, 377]], [[420, 376]], [[419, 375]], [[420, 374]], [[419, 373]], [[419, 372]], [[418, 371]], [[418, 370]], [[417, 369]], [[416, 368]], [[416, 367]], [[417, 366]], [[418, 366]], [[419, 366]], [[419, 365]], [[418, 365]], [[417, 366]], [[416, 366]], [[415, 365]], [[414, 365]], [[413, 365]]]","[[[[389, 365], [388, 366], [389, 367], [390, 367], [391, 368], [392, 368], [393, 369], [393, 370], [394, 371], [394, 372], [394, 373], [394, 374], [394, 375], [394, 376], [393, 377], [392, 378], [392, 379], [392, 380], [392, 381], [391, 382], [391, 383], [391, 384], [390, 385], [389, 386], [388, 386], [388, 387], [388, 388], [388, 389], [389, 389], [390, 390], [390, 389], [390, 388], [390, 387], [390, 386], [391, 385], [392, 384], [393, 383], [393, 382], [394, 381], [394, 380], [394, 379], [395, 378], [394, 377], [394, 376], [395, 375], [396, 374], [397, 373], [398, 373], [398, 372], [398, 371], [398, 370], [397, 369], [396, 369], [395, 368], [394, 368], [393, 367], [392, 367], [391, 366], [390, 366]]], []]","[181, []]"
102,102,"[[[197, 364]], [[196, 365]], [[195, 365]], [[194, 365]], [[193, 365]], [[192, 365]], [[191, 365]], [[190, 365]], [[189, 366]], [[188, 366]], [[187, 366]], [[186, 366]], [[185, 367]], [[184, 367]], [[183, 367]], [[182, 368]], [[181, 368]], [[180, 369]], [[179, 370]], [[178, 371]], [[177, 372]], [[176, 371]], [[175, 372]], [[174, 372]], [[173, 373]], [[172, 374]], [[171, 375]], [[171, 376]], [[170, 377]], [[169, 378]], [[169, 379]], [[168, 380]], [[167, 380]], [[166, 381]], [[165, 381]], [[164, 381]], [[163, 381]], [[162, 382]], [[161, 382]], [[160, 382]], [[159, 381]], [[158, 381]], [[157, 381]], [[156, 382]], [[155, 382]], [[154, 383]], [[154, 384]], [[154, 385]], [[155, 386]], [[155, 387]], [[155, 388]], [[156, 388]], [[157, 389]], [[158, 390]], [[159, 391]], [[159, 392]], [[159, 393]], [[158, 394]], [[157, 394]], [[156, 394]], [[155, 395]], [[154, 395]], [[153, 396]], [[152, 396]], [[151, 397]], [[150, 398]], [[149, 399]], [[149, 400]], [[148, 401]], [[148, 402]], [[147, 403]], [[147, 404]], [[146, 405]], [[146, 406]], [[146, 407]], [[146, 408]], [[145, 409]], [[145, 410]], [[145, 411]], [[144, 412]], [[144, 413]], [[143, 414]], [[143, 415]], [[144, 416]], [[144, 417]], [[144, 418]], [[144, 419]], [[145, 419]], [[146, 420]], [[147, 421]], [[148, 422]], [[148, 423]], [[149, 424]], [[149, 425]], [[149, 426]], [[150, 427]], [[150, 428]], [[151, 429]], [[151, 430]], [[152, 429]], [[153, 429]], [[154, 429]], [[155, 429]], [[156, 429]], [[157, 430]], [[158, 431]], [[157, 432]], [[156, 432]], [[155, 432]], [[154, 433]], [[154, 434]], [[153, 435]], [[152, 435]], [[151, 436]], [[150, 437]], [[150, 438]], [[149, 439]], [[148, 440]], [[148, 441]], [[148, 442]], [[148, 443]], [[148, 444]], [[147, 445]], [[148, 446]], [[148, 447]], [[148, 448]], [[148, 449]], [[148, 450]], [[148, 451]], [[148, 452]], [[147, 453]], [[147, 454]], [[147, 455]], [[147, 456]], [[147, 457]], [[147, 458]], [[146, 459]], [[146, 460]], [[146, 461]], [[146, 462]], [[146, 463]], [[146, 464]], [[146, 465]], [[146, 466]], [[145, 467]], [[145, 468]], [[146, 469]], [[146, 470]], [[147, 471]], [[147, 472]], [[148, 473]], [[149, 474]], [[150, 474]], [[151, 474]], [[152, 474]], [[153, 474]], [[154, 474]], [[155, 474]], [[156, 475]], [[157, 475]], [[158, 475]], [[159, 475]], [[160, 476]], [[161, 475]], [[162, 475]], [[163, 475]], [[164, 474]], [[165, 474]], [[166, 473]], [[167, 472]], [[168, 471]], [[169, 470]], [[169, 469]], [[170, 468]], [[170, 467]], [[171, 466]], [[171, 465]], [[171, 464]], [[171, 463]], [[171, 462]], [[171, 461]], [[172, 460]], [[173, 461]], [[174, 461]], [[174, 460]], [[174, 459]], [[173, 458]], [[173, 457]], [[174, 456]], [[174, 455]], [[173, 454]], [[173, 453]], [[173, 452]], [[173, 451]], [[173, 450]], [[173, 449]], [[173, 448]], [[173, 447]], [[173, 446]], [[173, 445]], [[173, 444]], [[173, 443]], [[173, 442]], [[173, 441]], [[174, 440]], [[174, 439]], [[174, 438]], [[173, 437]], [[173, 436]], [[173, 435]], [[172, 434]], [[171, 434]], [[170, 434]], [[169, 433]], [[168, 433]], [[167, 432]], [[168, 431]], [[169, 431]], [[170, 431]], [[171, 431]], [[172, 432]], [[173, 432]], [[174, 432]], [[175, 432]], [[176, 433]], [[177, 432]], [[178, 432]], [[179, 432]], [[180, 431]], [[180, 430]], [[181, 429]], [[182, 429]], [[183, 429]], [[184, 429]], [[185, 429]], [[186, 428]], [[187, 428]], [[188, 429]], [[189, 429]], [[190, 428]], [[191, 428]], [[192, 428]], [[193, 428]], [[194, 427]], [[195, 427]], [[196, 428]], [[196, 429]], [[196, 430]], [[196, 431]], [[196, 432]], [[196, 433]], [[197, 434]], [[197, 435]], [[197, 436]], [[197, 437]], [[197, 438]], [[197, 439]], [[197, 440]], [[197, 441]], [[197, 442]], [[197, 443]], [[197, 444]], [[197, 445]], [[197, 446]], [[198, 447]], [[198, 448]], [[199, 449]], [[200, 450]], [[201, 451]], [[201, 452]], [[202, 453]], [[202, 454]], [[202, 455]], [[201, 456]], [[200, 457]], [[200, 458]], [[200, 457]], [[201, 456]], [[202, 457]], [[202, 458]], [[202, 459]], [[202, 460]], [[203, 460]], [[204, 461]], [[205, 462]], [[206, 462]], [[207, 462]], [[208, 463]], [[209, 464]], [[209, 465]], [[208, 466]], [[208, 467]], [[209, 468]], [[209, 469]], [[209, 470]], [[210, 471]], [[210, 472]], [[211, 472]], [[212, 473]], [[213, 473]], [[214, 474]], [[215, 475]], [[216, 475]], [[217, 475]], [[218, 475]], [[219, 476]], [[220, 477]], [[220, 478]], [[220, 479]], [[219, 480]], [[219, 481]], [[219, 482]], [[219, 483]], [[219, 484]], [[219, 485]], [[219, 486]], [[219, 487]], [[220, 488]], [[220, 489]], [[220, 490]], [[221, 491]], [[222, 492]], [[223, 493]], [[224, 493]], [[225, 494]], [[226, 494]], [[227, 494]], [[228, 494]], [[229, 495]], [[230, 496]], [[230, 497]], [[231, 498]], [[232, 499]], [[232, 500]], [[233, 501]], [[234, 501]], [[235, 502]], [[235, 503]], [[235, 504]], [[235, 505]], [[236, 506]], [[236, 507]], [[237, 508]], [[238, 508]], [[239, 509]], [[240, 510]], [[241, 511]], [[242, 511]], [[243, 512]], [[244, 513]], [[245, 513]], [[246, 514]], [[247, 514]], [[248, 514]], [[249, 514]], [[250, 515]], [[251, 516]], [[252, 516]], [[253, 516]], [[254, 516]], [[255, 515]], [[256, 515]], [[257, 514]], [[258, 514]], [[259, 513]], [[260, 513]], [[261, 512]], [[262, 511]], [[263, 511]], [[264, 510]], [[265, 509]], [[266, 508]], [[267, 507]], [[268, 506]], [[269, 505]], [[270, 504]], [[270, 503]], [[270, 502]], [[270, 501]], [[271, 500]], [[271, 499]], [[271, 498]], [[271, 497]], [[272, 496]], [[272, 495]], [[273, 494]], [[274, 494]], [[275, 493]], [[276, 493]], [[277, 492]], [[278, 492]], [[278, 491]], [[279, 490]], [[280, 490]], [[281, 489]], [[282, 489]], [[283, 488]], [[284, 488]], [[285, 488]], [[286, 487]], [[287, 487]], [[288, 487]], [[289, 487]], [[290, 487]], [[291, 486]], [[291, 485]], [[291, 484]], [[292, 483]], [[292, 482]], [[293, 481]], [[294, 480]], [[295, 479]], [[295, 478]], [[295, 477]], [[295, 476]], [[295, 475]], [[295, 474]], [[295, 473]], [[295, 472]], [[295, 471]], [[295, 470]], [[296, 469]], [[297, 468]], [[298, 468]], [[299, 467]], [[299, 466]], [[298, 465]], [[299, 464]], [[300, 463]], [[300, 462]], [[300, 461]], [[301, 460]], [[301, 459]], [[302, 458]], [[302, 457]], [[302, 456]], [[302, 455]], [[302, 454]], [[302, 453]], [[303, 452]], [[303, 451]], [[303, 450]], [[303, 449]], [[303, 448]], [[303, 447]], [[303, 446]], [[303, 445]], [[303, 444]], [[303, 443]], [[302, 442]], [[301, 441]], [[302, 440]], [[303, 440]], [[304, 440]], [[303, 439]], [[302, 439]], [[301, 438]], [[301, 437]], [[300, 436]], [[299, 436]], [[298, 436]], [[297, 436]], [[296, 436]], [[295, 435]], [[295, 434]], [[295, 433]], [[295, 432]], [[294, 431]], [[294, 430]], [[294, 429]], [[293, 428]], [[293, 427]], [[292, 426]], [[291, 425]], [[291, 424]], [[290, 423]], [[289, 422]], [[289, 421]], [[288, 420]], [[287, 419]], [[286, 418]], [[285, 417]], [[284, 416]], [[283, 415]], [[282, 414]], [[281, 413]], [[281, 412]], [[280, 411]], [[279, 411]], [[278, 411]], [[277, 411]], [[276, 411]], [[275, 411]], [[274, 411]], [[273, 410]], [[273, 409]], [[274, 408]], [[275, 407]], [[276, 406]], [[276, 405]], [[276, 404]], [[276, 403]], [[275, 402]], [[275, 401]], [[274, 400]], [[274, 399]], [[273, 398]], [[272, 397]], [[271, 396]], [[270, 396]], [[269, 396]], [[268, 395]], [[267, 395]], [[266, 395]], [[265, 395]], [[264, 394]], [[263, 394]], [[262, 393]], [[261, 393]], [[260, 394]], [[259, 394]], [[258, 395]], [[257, 396]], [[256, 396]], [[255, 396]], [[254, 396]], [[253, 396]], [[252, 396]], [[251, 396]], [[250, 396]], [[249, 396]], [[248, 396]], [[247, 397]], [[247, 398]], [[246, 399]], [[245, 399]], [[244, 399]], [[243, 399]], [[242, 399]], [[241, 399]], [[240, 399]], [[239, 399]], [[238, 398]], [[237, 398]], [[236, 397]], [[235, 397]], [[234, 396]], [[233, 396]], [[232, 396]], [[231, 396]], [[230, 396]], [[229, 396]], [[228, 397]], [[227, 396]], [[226, 397]], [[225, 397]], [[224, 398]], [[223, 398]], [[222, 399]], [[222, 400]], [[221, 401]], [[220, 402]], [[221, 403]], [[221, 404]], [[222, 405]], [[222, 406]], [[223, 407]], [[223, 408]], [[222, 409]], [[221, 409]], [[220, 410]], [[219, 411]], [[218, 412]], [[217, 413]], [[216, 414]], [[215, 415]], [[215, 416]], [[214, 417]], [[213, 418]], [[212, 418]], [[211, 419]], [[210, 419]], [[209, 419]], [[208, 420]], [[207, 420]], [[206, 420]], [[205, 420]], [[204, 419]], [[203, 418]], [[202, 419]], [[201, 419]], [[200, 418]], [[199, 417]], [[200, 416]], [[200, 415]], [[200, 414]], [[200, 413]], [[200, 412]], [[200, 411]], [[200, 410]], [[201, 409]], [[202, 408]], [[203, 408]], [[204, 408]], [[205, 408]], [[206, 407]], [[207, 407]], [[208, 407]], [[209, 406]], [[210, 407]], [[211, 406]], [[212, 406]], [[213, 405]], [[214, 405]], [[215, 404]], [[215, 403]], [[216, 402]], [[216, 401]], [[216, 400]], [[217, 399]], [[217, 398]], [[218, 397]], [[219, 396]], [[220, 395]], [[221, 394]], [[222, 393]], [[223, 392]], [[223, 391]], [[223, 390]], [[223, 389]], [[224, 388]], [[224, 387]], [[224, 386]], [[224, 385]], [[225, 384]], [[225, 383]], [[224, 382]], [[224, 381]], [[224, 380]], [[224, 379]], [[223, 378]], [[223, 377]], [[223, 376]], [[223, 375]], [[222, 374]], [[222, 373]], [[222, 372]], [[222, 371]], [[221, 370]], [[221, 369]], [[221, 368]], [[220, 367]], [[220, 366]], [[219, 366]], [[218, 366]], [[217, 366]], [[216, 365]], [[215, 365]], [[214, 365]], [[213, 365]], [[212, 365]], [[211, 365]], [[210, 365]], [[209, 365]], [[208, 365]], [[207, 365]], [[206, 365]], [[205, 365]], [[204, 364]], [[203, 364]], [[202, 364]], [[201, 365]], [[200, 365]], [[199, 364]], [[198, 364]]]","[[[[211, 355], [210, 356], [209, 356], [208, 357], [207, 358], [206, 358], [205, 359], [204, 359], [203, 359], [202, 358], [201, 358], [200, 358], [199, 358], [198, 358], [197, 359], [196, 360], [195, 361], [194, 361], [193, 362], [192, 362], [191, 363], [192, 364], [193, 364], [194, 363], [195, 362], [196, 361], [197, 361], [198, 361], [199, 361], [200, 361], [201, 360], [202, 360], [203, 360], [204, 360], [205, 360], [206, 360], [207, 359], [208, 359], [209, 358], [210, 358], [211, 357], [212, 357], [213, 357], [214, 357], [215, 357], [216, 357], [217, 357], [218, 358], [219, 358], [220, 358], [221, 359], [222, 360], [221, 361], [222, 361], [223, 361], [224, 362], [225, 363], [225, 362], [224, 361], [224, 360], [224, 359], [223, 358], [222, 357], [221, 356], [220, 356], [219, 355], [218, 355], [217, 355], [216, 355], [215, 355], [214, 355], [213, 355], [212, 355]]], [[[172, 354], [172, 355], [172, 356], [173, 356], [174, 357], [175, 357], [176, 358], [177, 358], [178, 359], [179, 360], [178, 361], [178, 362], [178, 363], [179, 363], [180, 364], [180, 365], [180, 366], [180, 367], [181, 366], [182, 366], [183, 365], [184, 365], [185, 366], [186, 365], [186, 364], [185, 364], [184, 363], [183, 362], [182, 361], [181, 360], [180, 359], [179, 359], [178, 358], [177, 357], [176, 357], [175, 356], [174, 355], [173, 354]]], [], [[[137, 417], [137, 418], [137, 419], [138, 420], [139, 421], [140, 422], [141, 423], [142, 424], [141, 425], [140, 426], [140, 427], [139, 428], [140, 428], [141, 427], [142, 427], [143, 427], [144, 428], [145, 428], [146, 427], [147, 427], [148, 428], [148, 429], [149, 430], [149, 431], [150, 431], [150, 430], [150, 429], [149, 428], [149, 427], [148, 426], [148, 425], [148, 424], [147, 423], [147, 422], [146, 421], [145, 420], [145, 421], [145, 422], [144, 423], [143, 422], [142, 422], [141, 421], [140, 421], [139, 420], [139, 419], [139, 418], [139, 417], [138, 417]]], [[[177, 448], [177, 449], [177, 450], [177, 451], [176, 452], [175, 451], [174, 451], [174, 452], [174, 453], [174, 454], [175, 455], [176, 456], [177, 455], [178, 454], [179, 453], [180, 453], [181, 453], [182, 452], [183, 453], [184, 454], [184, 455], [185, 455], [186, 455], [187, 456], [188, 457], [187, 458], [188, 459], [189, 460], [190, 461], [191, 460], [190, 459], [190, 458], [189, 457], [189, 456], [188, 456], [187, 455], [186, 454], [186, 453], [185, 452], [185, 451], [184, 450], [183, 450], [182, 450], [181, 449], [180, 448], [179, 448], [178, 448]]], [[[186, 429], [186, 430], [185, 431], [184, 431], [183, 430], [182, 430], [181, 430], [181, 431], [181, 432], [180, 433], [179, 433], [178, 433], [177, 434], [177, 435], [178, 436], [179, 436], [180, 435], [181, 435], [180, 434], [180, 433], [181, 432], [182, 431], [183, 431], [184, 431], [185, 431], [186, 430], [187, 430], [187, 429]]], [[[235, 507], [235, 508], [235, 509], [236, 510], [237, 511], [238, 512], [239, 513], [240, 513], [241, 513], [242, 514], [242, 515], [243, 515], [244, 516], [245, 516], [246, 517], [247, 518], [248, 517], [249, 517], [250, 518], [251, 518], [252, 518], [251, 517], [250, 516], [249, 515], [248, 515], [247, 515], [246, 515], [245, 514], [244, 514], [243, 513], [242, 512], [241, 512], [240, 511], [239, 510], [238, 509], [237, 509], [236, 508]]], [[[311, 438], [311, 439], [311, 440], [311, 441], [312, 442], [313, 443], [314, 443], [315, 443], [316, 444], [316, 445], [316, 446], [316, 447], [316, 448], [317, 448], [318, 448], [319, 448], [320, 449], [319, 450], [318, 451], [317, 451], [316, 451], [315, 451], [314, 451], [313, 450], [312, 449], [311, 448], [310, 448], [310, 449], [311, 450], [311, 451], [310, 452], [309, 451], [309, 452], [309, 453], [310, 453], [311, 454], [310, 455], [309, 456], [309, 457], [308, 458], [307, 458], [306, 457], [306, 456], [306, 455], [305, 454], [305, 453], [304, 453], [303, 453], [303, 454], [303, 455], [303, 456], [303, 457], [303, 458], [304, 458], [305, 459], [304, 460], [305, 461], [304, 462], [304, 463], [304, 464], [303, 465], [302, 465], [301, 465], [300, 465], [300, 466], [301, 466], [302, 466], [303, 467], [303, 468], [304, 468], [304, 467], [305, 466], [305, 465], [306, 464], [306, 463], [307, 462], [308, 461], [309, 460], [309, 459], [310, 458], [311, 457], [312, 456], [313, 455], [314, 455], [315, 454], [316, 454], [317, 453], [318, 453], [319, 453], [320, 454], [320, 455], [321, 455], [320, 454], [320, 453], [320, 452], [320, 451], [321, 450], [322, 450], [321, 449], [320, 448], [320, 447], [320, 446], [320, 445], [319, 444], [318, 444], [317, 444], [316, 444], [315, 443], [315, 442], [314, 441], [314, 440], [313, 439], [312, 438]]], [[[260, 388], [260, 389], [260, 390], [260, 391], [261, 391], [262, 391], [263, 392], [263, 393], [264, 393], [265, 394], [266, 394], [267, 394], [268, 394], [269, 395], [270, 395], [271, 395], [272, 395], [271, 394], [270, 394], [269, 394], [268, 393], [267, 393], [266, 393], [265, 392], [264, 391], [263, 390], [262, 389], [262, 388], [261, 388]]]]","[182, 183, [], 184, 185, 186, 187, 172, 180]"
103,103,"[[[132, 344]], [[131, 345]], [[130, 345]], [[129, 345]], [[128, 346]], [[127, 346]], [[126, 346]], [[125, 347]], [[124, 347]], [[123, 348]], [[122, 349]], [[121, 350]], [[120, 351]], [[119, 352]], [[118, 353]], [[118, 354]], [[117, 355]], [[117, 356]], [[117, 357]], [[116, 358]], [[116, 359]], [[116, 360]], [[117, 361]], [[117, 362]], [[117, 363]], [[117, 364]], [[118, 365]], [[118, 366]], [[119, 367]], [[120, 367]], [[121, 367]], [[122, 368]], [[123, 368]], [[124, 367]], [[125, 367]], [[126, 367]], [[127, 366]], [[128, 366]], [[129, 366]], [[130, 366]], [[131, 366]], [[132, 366]], [[133, 367]], [[134, 367]], [[135, 367]], [[136, 367]], [[137, 367]], [[138, 367]], [[139, 367]], [[140, 367]], [[141, 368]], [[142, 368]], [[143, 369]], [[144, 369]], [[145, 369]], [[146, 369]], [[147, 369]], [[148, 369]], [[149, 369]], [[150, 368]], [[150, 367]], [[151, 366]], [[152, 366]], [[153, 365]], [[154, 364]], [[155, 363]], [[155, 362]], [[156, 361]], [[157, 360]], [[157, 359]], [[157, 358]], [[156, 357]], [[156, 356]], [[156, 355]], [[155, 354]], [[154, 353]], [[153, 352]], [[152, 351]], [[152, 350]], [[151, 349]], [[150, 349]], [[149, 348]], [[149, 347]], [[149, 346]], [[148, 345]], [[147, 345]], [[146, 345]], [[145, 345]], [[144, 345]], [[143, 344]], [[142, 344]], [[141, 344]], [[140, 344]], [[139, 344]], [[138, 344]], [[137, 344]], [[136, 344]], [[135, 344]], [[134, 344]], [[133, 344]]]","[[], [[[158, 362], [157, 363], [156, 363], [155, 364], [155, 365], [156, 366], [157, 366], [158, 366], [159, 367], [160, 367], [161, 368], [162, 368], [163, 368], [164, 369], [165, 370], [165, 371], [166, 371], [166, 370], [166, 369], [166, 368], [166, 367], [165, 367], [164, 367], [163, 366], [162, 365], [161, 365], [160, 364], [160, 363], [160, 362], [159, 362]]]]","[[], 190]"
104,104,"[[[435, 337]], [[434, 338]], [[433, 338]], [[432, 338]], [[431, 338]], [[430, 338]], [[429, 339]], [[429, 340]], [[429, 341]], [[428, 342]], [[427, 342]], [[427, 343]], [[427, 344]], [[427, 345]], [[427, 346]], [[427, 347]], [[427, 348]], [[427, 349]], [[428, 350]], [[429, 350]], [[430, 350]], [[431, 351]], [[432, 352]], [[432, 353]], [[432, 354]], [[432, 355]], [[431, 356]], [[431, 357]], [[431, 358]], [[431, 359]], [[431, 360]], [[432, 361]], [[432, 362]], [[433, 362]], [[434, 362]], [[435, 362]], [[436, 363]], [[437, 362]], [[438, 363]], [[439, 363]], [[440, 363]], [[441, 362]], [[442, 362]], [[443, 361]], [[444, 360]], [[444, 359]], [[445, 358]], [[446, 357]], [[447, 357]], [[448, 356]], [[449, 355]], [[450, 354]], [[450, 353]], [[451, 352]], [[451, 351]], [[451, 350]], [[451, 349]], [[452, 348]], [[453, 348]], [[453, 347]], [[452, 348]], [[451, 348]], [[450, 347]], [[450, 346]], [[450, 345]], [[450, 344]], [[449, 343]], [[449, 342]], [[450, 341]], [[451, 341]], [[451, 340]], [[450, 339]], [[450, 338]], [[449, 338]], [[448, 338]], [[447, 338]], [[446, 338]], [[445, 338]], [[444, 338]], [[443, 337]], [[442, 337]], [[441, 337]], [[440, 337]], [[439, 337]], [[438, 337]], [[437, 337]], [[436, 337]]]","[[[[438, 334], [437, 335], [436, 336], [435, 336], [434, 336], [433, 335], [432, 335], [431, 335], [430, 335], [431, 336], [432, 337], [433, 337], [434, 337], [435, 336], [436, 336], [437, 336], [438, 336], [439, 336], [440, 336], [441, 336], [442, 336], [443, 336], [444, 337], [445, 337], [446, 337], [447, 337], [448, 337], [449, 337], [448, 337], [447, 336], [446, 335], [445, 336], [444, 336], [443, 336], [442, 335], [441, 335], [440, 334], [439, 334]]], []]","[191, []]"
105,105,"[[[92, 331]], [[91, 332]], [[90, 333]], [[90, 334]], [[90, 335]], [[89, 336]], [[88, 335]], [[87, 335]], [[86, 336]], [[85, 337]], [[84, 338]], [[83, 338]], [[82, 338]], [[81, 338]], [[80, 337]], [[79, 336]], [[78, 335]], [[77, 334]], [[76, 334]], [[75, 335]], [[74, 335]], [[73, 336]], [[72, 336]], [[71, 337]], [[70, 338]], [[70, 339]], [[70, 340]], [[70, 341]], [[70, 342]], [[70, 343]], [[71, 344]], [[72, 345]], [[73, 345]], [[74, 345]], [[75, 345]], [[76, 345]], [[77, 345]], [[78, 346]], [[78, 347]], [[79, 348]], [[79, 349]], [[80, 349]], [[81, 349]], [[82, 349]], [[83, 348]], [[84, 348]], [[84, 347]], [[84, 346]], [[84, 345]], [[85, 344]], [[86, 344]], [[87, 345]], [[88, 345]], [[89, 345]], [[90, 345]], [[91, 344]], [[91, 343]], [[92, 342]], [[92, 341]], [[93, 340]], [[93, 339]], [[93, 338]], [[92, 337]], [[92, 336]], [[93, 335]], [[94, 335]], [[95, 334]], [[95, 333]], [[95, 332]], [[94, 331]], [[93, 331]]]","[[], [[[93, 342], [92, 343], [92, 344], [91, 345], [90, 346], [89, 346], [88, 346], [87, 346], [86, 345], [85, 345], [85, 346], [85, 347], [86, 348], [85, 349], [85, 350], [86, 351], [87, 351], [88, 352], [89, 351], [89, 350], [88, 349], [87, 348], [88, 347], [89, 347], [90, 347], [91, 347], [91, 346], [92, 345], [93, 344], [94, 344], [94, 343]]]]","[[], 192]"
106,106,"[[[813, 304]], [[812, 305]], [[811, 306]], [[810, 306]], [[809, 307]], [[808, 307]], [[807, 307]], [[806, 307]], [[805, 308]], [[805, 309]], [[805, 310]], [[805, 311]], [[805, 312]], [[806, 313]], [[807, 314]], [[808, 315]], [[808, 316]], [[809, 317]], [[809, 318]], [[810, 318]], [[811, 318]], [[812, 317]], [[813, 318]], [[814, 317]], [[815, 317]], [[816, 317]], [[817, 317]], [[818, 317]], [[819, 316]], [[820, 316]], [[821, 315]], [[822, 314]], [[822, 313]], [[822, 312]], [[821, 311]], [[821, 310]], [[821, 309]], [[821, 308]], [[820, 307]], [[820, 306]], [[819, 305]], [[818, 305]], [[817, 304]], [[816, 304]], [[815, 304]], [[814, 304]]]","[[], [[[823, 314], [822, 315], [821, 316], [820, 317], [819, 317], [818, 318], [817, 318], [816, 318], [815, 318], [814, 318], [813, 319], [814, 319], [815, 319], [816, 319], [817, 320], [817, 321], [818, 321], [819, 321], [819, 320], [820, 319], [821, 319], [822, 319], [823, 318], [823, 317], [824, 316], [825, 316], [826, 317], [826, 318], [826, 319], [826, 320], [827, 320], [828, 319], [829, 319], [830, 318], [831, 317], [830, 318], [829, 317], [828, 317], [827, 317], [826, 316], [825, 315], [824, 314]]]]","[[], 193]"
107,107,"[[[735, 299]], [[734, 300]], [[733, 300]], [[732, 301]], [[731, 302]], [[730, 303]], [[729, 303]], [[728, 303]], [[727, 304]], [[726, 304]], [[725, 305]], [[724, 305]], [[723, 306]], [[722, 307]], [[721, 307]], [[720, 307]], [[719, 308]], [[718, 309]], [[717, 310]], [[717, 311]], [[716, 312]], [[716, 313]], [[716, 314]], [[716, 315]], [[716, 316]], [[716, 317]], [[717, 318]], [[717, 319]], [[717, 320]], [[718, 321]], [[718, 322]], [[718, 323]], [[718, 324]], [[718, 325]], [[719, 326]], [[719, 327]], [[719, 328]], [[719, 329]], [[719, 330]], [[718, 331]], [[719, 332]], [[720, 333]], [[720, 334]], [[720, 335]], [[720, 336]], [[720, 337]], [[719, 338]], [[719, 339]], [[720, 340]], [[721, 341]], [[721, 342]], [[721, 343]], [[721, 344]], [[721, 345]], [[721, 346]], [[721, 347]], [[722, 348]], [[723, 349]], [[723, 350]], [[724, 351]], [[725, 351]], [[726, 352]], [[726, 353]], [[727, 354]], [[728, 355]], [[729, 355]], [[730, 356]], [[731, 356]], [[732, 357]], [[731, 358]], [[731, 359]], [[731, 360]], [[732, 360]], [[733, 361]], [[734, 362]], [[735, 363]], [[736, 364]], [[737, 365]], [[737, 366]], [[738, 367]], [[739, 368]], [[740, 369]], [[741, 369]], [[742, 370]], [[743, 370]], [[744, 370]], [[745, 370]], [[746, 370]], [[747, 370]], [[748, 370]], [[749, 371]], [[750, 371]], [[751, 371]], [[752, 370]], [[753, 370]], [[754, 370]], [[755, 369]], [[756, 369]], [[757, 368]], [[758, 367]], [[759, 366]], [[760, 365]], [[760, 364]], [[761, 363]], [[761, 362]], [[762, 361]], [[763, 360]], [[764, 360]], [[765, 359]], [[766, 358]], [[767, 357]], [[767, 356]], [[768, 355]], [[768, 354]], [[768, 353]], [[768, 352]], [[769, 351]], [[770, 350]], [[770, 349]], [[770, 348]], [[770, 347]], [[771, 346]], [[772, 345]], [[771, 345]], [[770, 344]], [[769, 343]], [[769, 342]], [[769, 341]], [[769, 340]], [[769, 339]], [[769, 338]], [[768, 337]], [[768, 336]], [[768, 335]], [[767, 334]], [[767, 333]], [[766, 332]], [[766, 331]], [[766, 330]], [[766, 329]], [[765, 328]], [[765, 327]], [[765, 326]], [[765, 325]], [[764, 324]], [[764, 323]], [[763, 322]], [[763, 321]], [[762, 320]], [[762, 319]], [[761, 318]], [[761, 317]], [[760, 316]], [[759, 315]], [[758, 314]], [[757, 313]], [[756, 312]], [[756, 311]], [[755, 310]], [[755, 309]], [[754, 308]], [[754, 307]], [[753, 307]], [[752, 306]], [[751, 306]], [[750, 306]], [[749, 305]], [[748, 304]], [[747, 304]], [[746, 303]], [[745, 302]], [[744, 301]], [[743, 300]], [[742, 300]], [[741, 300]], [[740, 299]], [[739, 299]], [[738, 299]], [[737, 299]], [[736, 299]]]","[[], [[[714, 351], [714, 352], [715, 353], [716, 353], [717, 353], [718, 353], [719, 353], [720, 353], [721, 353], [722, 353], [723, 353], [724, 353], [725, 354], [725, 355], [726, 356], [727, 357], [728, 358], [729, 359], [730, 359], [730, 358], [731, 357], [732, 356], [733, 356], [734, 356], [735, 355], [734, 354], [733, 355], [732, 356], [731, 357], [730, 357], [729, 357], [728, 356], [727, 355], [726, 354], [725, 353], [725, 352], [724, 352], [723, 351], [722, 352], [721, 352], [720, 352], [719, 351], [718, 351], [717, 351], [716, 351], [715, 351]]], [[[741, 371], [741, 372], [741, 373], [741, 374], [740, 375], [740, 376], [740, 377], [741, 377], [742, 377], [743, 376], [744, 376], [745, 376], [745, 375], [746, 374], [747, 373], [748, 373], [749, 373], [750, 373], [751, 372], [750, 372], [749, 372], [748, 371], [747, 371], [746, 371], [745, 371], [744, 371], [743, 371], [742, 371]]], [[[764, 361], [763, 362], [762, 363], [761, 364], [761, 365], [760, 366], [759, 367], [758, 368], [759, 369], [760, 370], [759, 371], [760, 371], [761, 371], [762, 371], [761, 370], [761, 369], [760, 368], [760, 367], [761, 366], [762, 365], [763, 365], [764, 366], [764, 365], [765, 364], [766, 363], [767, 362], [767, 361], [766, 361], [765, 361]]], [[[739, 297], [738, 298], [739, 298], [740, 298], [741, 299], [742, 299], [743, 299], [744, 300], [745, 301], [746, 302], [747, 303], [748, 303], [749, 304], [750, 305], [751, 305], [752, 305], [753, 305], [754, 306], [755, 307], [756, 308], [756, 307], [756, 306], [755, 305], [754, 305], [753, 305], [752, 305], [751, 304], [750, 304], [749, 303], [748, 302], [747, 301], [746, 301], [745, 301], [744, 300], [743, 299], [742, 299], [741, 298], [740, 298]]]]","[[], 194, 195, 196, 197]"
108,108,"[[[66, 299]], [[65, 300]], [[64, 300]], [[63, 300]], [[62, 300]], [[61, 300]], [[60, 301]], [[59, 301]], [[58, 302]], [[58, 303]], [[57, 304]], [[56, 304]], [[55, 304]], [[54, 304]], [[53, 305]], [[52, 306]], [[51, 307]], [[51, 308]], [[51, 309]], [[51, 310]], [[52, 310]], [[53, 311]], [[54, 312]], [[54, 313]], [[55, 314]], [[55, 315]], [[56, 315]], [[57, 315]], [[58, 315]], [[59, 314]], [[60, 314]], [[61, 314]], [[62, 313]], [[63, 313]], [[64, 313]], [[65, 312]], [[66, 311]], [[67, 311]], [[68, 311]], [[69, 311]], [[70, 311]], [[71, 310]], [[72, 310]], [[73, 309]], [[74, 310]], [[74, 309]], [[74, 308]], [[74, 307]], [[74, 306]], [[73, 305]], [[73, 304]], [[72, 303]], [[71, 302]], [[71, 301]], [[70, 300]], [[69, 299]], [[68, 299]], [[67, 299]]]","[[], [[[72, 301], [72, 302], [73, 303], [74, 304], [74, 305], [75, 306], [75, 307], [76, 308], [77, 307], [78, 307], [79, 307], [80, 306], [81, 305], [81, 304], [80, 303], [79, 302], [78, 302], [78, 303], [78, 304], [78, 305], [77, 306], [76, 305], [75, 304], [74, 303], [74, 302], [73, 301]]]]","[[], 198]"
109,109,"[[[22, 297]], [[21, 298]], [[21, 299]], [[21, 300]], [[21, 301]], [[21, 302]], [[20, 303]], [[21, 304]], [[21, 305]], [[21, 306]], [[22, 307]], [[21, 308]], [[21, 309]], [[21, 310]], [[21, 311]], [[22, 311]], [[22, 310]], [[22, 309]], [[21, 308]], [[22, 307]], [[23, 306]], [[24, 306]], [[25, 305]], [[26, 304]], [[27, 303]], [[27, 302]], [[27, 301]], [[27, 300]], [[27, 299]], [[26, 298]], [[25, 297]], [[24, 297]], [[23, 297]]]",[[]],[]
110,110,"[[[533, 285]], [[532, 286]], [[531, 286]], [[530, 286]], [[529, 286]], [[528, 286]], [[527, 287]], [[526, 287]], [[525, 287]], [[525, 288]], [[525, 289]], [[524, 290]], [[524, 291]], [[524, 292]], [[523, 293]], [[523, 294]], [[523, 295]], [[523, 296]], [[522, 297]], [[522, 298]], [[522, 299]], [[522, 300]], [[522, 301]], [[522, 302]], [[521, 303]], [[521, 304]], [[520, 305]], [[520, 306]], [[521, 307]], [[521, 308]], [[521, 309]], [[521, 310]], [[522, 311]], [[522, 312]], [[522, 313]], [[522, 314]], [[522, 315]], [[523, 316]], [[523, 317]], [[523, 318]], [[523, 319]], [[524, 320]], [[524, 321]], [[524, 322]], [[524, 323]], [[524, 324]], [[524, 325]], [[524, 326]], [[524, 327]], [[524, 328]], [[524, 329]], [[525, 330]], [[525, 331]], [[526, 332]], [[526, 333]], [[526, 334]], [[527, 335]], [[527, 336]], [[527, 337]], [[528, 338]], [[529, 339]], [[530, 340]], [[531, 341]], [[532, 342]], [[533, 343]], [[533, 344]], [[533, 345]], [[534, 345]], [[535, 346]], [[536, 346]], [[537, 346]], [[538, 346]], [[539, 346]], [[540, 346]], [[541, 346]], [[542, 345]], [[543, 345]], [[544, 345]], [[545, 345]], [[546, 344]], [[547, 344]], [[548, 343]], [[549, 343]], [[550, 342]], [[550, 341]], [[550, 340]], [[550, 339]], [[550, 338]], [[550, 337]], [[550, 336]], [[550, 335]], [[550, 334]], [[550, 333]], [[550, 332]], [[550, 331]], [[549, 330]], [[549, 329]], [[550, 328]], [[550, 327]], [[549, 326]], [[549, 325]], [[549, 324]], [[549, 323]], [[549, 322]], [[548, 321]], [[548, 320]], [[548, 319]], [[548, 318]], [[548, 317]], [[548, 316]], [[548, 315]], [[547, 314]], [[547, 313]], [[547, 312]], [[546, 311]], [[546, 310]], [[546, 309]], [[546, 308]], [[546, 307]], [[546, 306]], [[546, 305]], [[546, 304]], [[545, 303]], [[545, 302]], [[545, 301]], [[545, 300]], [[545, 299]], [[545, 298]], [[544, 297]], [[545, 296]], [[545, 295]], [[545, 294]], [[545, 293]], [[545, 292]], [[544, 291]], [[544, 290]], [[544, 289]], [[544, 288]], [[543, 287]], [[542, 287]], [[541, 286]], [[540, 286]], [[539, 286]], [[538, 286]], [[537, 285]], [[536, 285]], [[535, 285]], [[534, 285]]]","[[], [[[515, 298], [515, 299], [515, 300], [515, 301], [516, 302], [517, 303], [518, 304], [519, 305], [518, 306], [519, 307], [519, 308], [519, 309], [519, 310], [518, 311], [518, 312], [518, 313], [518, 314], [519, 314], [520, 314], [521, 315], [520, 316], [520, 317], [521, 318], [521, 319], [522, 320], [522, 319], [522, 318], [522, 317], [522, 316], [521, 315], [521, 314], [521, 313], [521, 312], [521, 311], [520, 310], [520, 309], [520, 308], [520, 307], [519, 306], [519, 305], [520, 304], [520, 303], [519, 303], [518, 302], [518, 301], [517, 300], [517, 299], [516, 298]]], [[[547, 304], [547, 305], [547, 306], [547, 307], [547, 308], [547, 309], [547, 310], [547, 311], [548, 312], [548, 313], [548, 314], [549, 315], [549, 316], [549, 317], [549, 318], [549, 317], [549, 316], [549, 315], [549, 314], [549, 313], [548, 312], [548, 311], [549, 310], [548, 309], [548, 308], [547, 307], [547, 306], [547, 305]]]]","[[], 199, 200]"
111,111,"[[[478, 272]], [[477, 273]], [[476, 273]], [[475, 274]], [[474, 275]], [[473, 276]], [[472, 276]], [[471, 277]], [[471, 278]], [[470, 279]], [[470, 280]], [[470, 281]], [[470, 282]], [[470, 283]], [[470, 284]], [[470, 285]], [[469, 286]], [[468, 286]], [[468, 287]], [[467, 288]], [[466, 289]], [[466, 290]], [[466, 291]], [[465, 292]], [[465, 293]], [[464, 294]], [[464, 295]], [[464, 296]], [[464, 297]], [[465, 298]], [[465, 299]], [[465, 300]], [[464, 301]], [[464, 302]], [[464, 303]], [[464, 304]], [[464, 305]], [[463, 306]], [[463, 307]], [[463, 308]], [[462, 309]], [[462, 310]], [[461, 311]], [[461, 312]], [[460, 313]], [[460, 314]], [[459, 315]], [[458, 316]], [[457, 317]], [[457, 318]], [[456, 319]], [[455, 320]], [[454, 319]], [[453, 319]], [[452, 320]], [[452, 321]], [[451, 322]], [[451, 323]], [[450, 324]], [[450, 325]], [[451, 326]], [[452, 326]], [[453, 327]], [[454, 326]], [[455, 326]], [[456, 325]], [[457, 325]], [[458, 325]], [[459, 326]], [[460, 327]], [[461, 328]], [[462, 329]], [[463, 330]], [[464, 331]], [[465, 332]], [[466, 332]], [[467, 333]], [[468, 333]], [[469, 334]], [[470, 335]], [[471, 335]], [[472, 336]], [[473, 336]], [[474, 337]], [[475, 337]], [[476, 337]], [[477, 338]], [[478, 338]], [[479, 338]], [[480, 338]], [[481, 338]], [[482, 339]], [[483, 338]], [[484, 338]], [[485, 337]], [[486, 337]], [[487, 337]], [[488, 337]], [[489, 336]], [[490, 336]], [[491, 335]], [[492, 334]], [[493, 334]], [[494, 333]], [[495, 333]], [[496, 332]], [[497, 332]], [[498, 331]], [[498, 330]], [[499, 329]], [[500, 328]], [[500, 327]], [[500, 326]], [[501, 325]], [[501, 324]], [[501, 323]], [[501, 322]], [[502, 321]], [[502, 320]], [[502, 319]], [[503, 318]], [[503, 317]], [[502, 316]], [[502, 315]], [[503, 314]], [[503, 313]], [[503, 312]], [[503, 311]], [[504, 310]], [[504, 309]], [[503, 308]], [[503, 307]], [[503, 306]], [[503, 305]], [[503, 304]], [[502, 303]], [[502, 302]], [[502, 301]], [[501, 300]], [[500, 299]], [[499, 299]], [[498, 298]], [[497, 298]], [[496, 297]], [[495, 297]], [[494, 296]], [[494, 295]], [[494, 294]], [[494, 293]], [[494, 292]], [[495, 291]], [[495, 290]], [[494, 289]], [[494, 288]], [[494, 287]], [[494, 286]], [[494, 285]], [[493, 284]], [[492, 283]], [[491, 282]], [[491, 281]], [[490, 281]], [[489, 280]], [[488, 279]], [[487, 278]], [[486, 277]], [[485, 276]], [[484, 275]], [[483, 274]], [[482, 273]], [[481, 273]], [[480, 273]], [[479, 272]]]","[[], [[[450, 319], [449, 320], [449, 321], [448, 322], [447, 323], [446, 324], [445, 325], [445, 326], [444, 327], [443, 328], [442, 329], [442, 330], [443, 330], [444, 330], [445, 330], [445, 329], [445, 328], [445, 327], [446, 326], [447, 325], [448, 325], [449, 326], [449, 325], [449, 324], [450, 323], [450, 322], [451, 321], [451, 320]]]]","[[], 201]"
112,112,"[[[325, 259]], [[325, 260]], [[324, 261]], [[324, 262]], [[324, 263]], [[323, 264]], [[322, 263]], [[321, 263]], [[321, 264]], [[321, 265]], [[320, 266]], [[319, 267]], [[319, 268]], [[319, 269]], [[319, 270]], [[318, 271]], [[318, 272]], [[318, 273]], [[318, 274]], [[318, 275]], [[318, 276]], [[319, 277]], [[319, 278]], [[320, 279]], [[321, 279]], [[322, 279]], [[323, 279]], [[324, 279]], [[325, 279]], [[326, 278]], [[326, 277]], [[326, 276]], [[326, 275]], [[326, 274]], [[326, 273]], [[326, 272]], [[326, 271]], [[326, 270]], [[327, 269]], [[328, 270]], [[328, 271]], [[328, 272]], [[329, 273]], [[329, 274]], [[330, 275]], [[331, 276]], [[332, 276]], [[333, 276]], [[334, 277]], [[335, 277]], [[336, 278]], [[337, 278]], [[338, 279]], [[338, 280]], [[337, 281]], [[337, 282]], [[336, 283]], [[335, 284]], [[334, 285]], [[334, 286]], [[335, 286]], [[336, 286]], [[337, 286]], [[338, 287]], [[339, 288]], [[339, 289]], [[339, 290]], [[339, 291]], [[340, 292]], [[341, 293]], [[342, 294]], [[343, 294]], [[344, 295]], [[345, 296]], [[346, 297]], [[347, 297]], [[348, 298]], [[349, 298]], [[350, 299]], [[351, 299]], [[352, 299]], [[353, 299]], [[354, 299]], [[355, 299]], [[356, 299]], [[357, 299]], [[358, 299]], [[359, 299]], [[360, 299]], [[361, 299]], [[362, 298]], [[363, 298]], [[364, 299]], [[365, 299]], [[366, 300]], [[367, 299]], [[368, 299]], [[369, 298]], [[370, 297]], [[370, 296]], [[371, 295]], [[371, 294]], [[371, 293]], [[370, 292]], [[370, 291]], [[370, 290]], [[371, 289]], [[371, 288]], [[371, 287]], [[371, 286]], [[371, 285]], [[371, 284]], [[371, 283]], [[371, 282]], [[370, 281]], [[370, 280]], [[370, 279]], [[371, 278]], [[372, 277]], [[373, 277]], [[374, 278]], [[374, 277]], [[374, 276]], [[373, 276]], [[372, 276]], [[371, 275]], [[370, 275]], [[369, 274]], [[368, 274]], [[367, 273]], [[366, 273]], [[365, 273]], [[364, 273]], [[363, 273]], [[362, 272]], [[361, 272]], [[360, 271]], [[359, 271]], [[358, 271]], [[357, 271]], [[356, 271]], [[355, 271]], [[354, 271]], [[353, 270]], [[352, 269]], [[351, 269]], [[350, 268]], [[349, 268]], [[348, 267]], [[347, 266]], [[346, 265]], [[345, 264]], [[344, 264]], [[343, 263]], [[342, 263]], [[341, 262]], [[340, 262]], [[339, 262]], [[338, 262]], [[337, 262]], [[336, 262]], [[335, 263]], [[334, 263]], [[333, 263]], [[332, 263]], [[331, 262]], [[331, 261]], [[330, 260]], [[330, 259]], [[329, 259]], [[328, 259]], [[327, 259]], [[326, 259]]]","[[[[312, 249], [311, 250], [311, 251], [312, 251], [313, 252], [314, 253], [314, 254], [314, 255], [313, 256], [312, 256], [311, 257], [310, 257], [309, 257], [308, 257], [307, 257], [306, 256], [305, 255], [304, 254], [303, 254], [303, 255], [302, 256], [301, 256], [300, 256], [299, 255], [298, 254], [297, 253], [297, 252], [296, 251], [295, 251], [294, 251], [294, 252], [293, 253], [293, 254], [292, 255], [292, 256], [292, 257], [292, 258], [291, 259], [290, 259], [290, 260], [291, 260], [292, 261], [293, 261], [294, 261], [295, 260], [296, 259], [297, 259], [298, 260], [298, 261], [299, 262], [300, 263], [299, 262], [299, 261], [299, 260], [299, 259], [300, 258], [301, 258], [302, 258], [303, 259], [304, 260], [305, 261], [305, 262], [304, 263], [305, 264], [305, 263], [306, 262], [306, 261], [306, 260], [307, 259], [308, 259], [309, 259], [310, 259], [311, 260], [312, 260], [313, 261], [313, 260], [313, 259], [313, 258], [313, 257], [313, 256], [314, 255], [315, 255], [316, 255], [317, 255], [318, 256], [319, 256], [320, 256], [321, 256], [321, 255], [322, 254], [323, 255], [324, 255], [325, 255], [326, 254], [327, 254], [328, 254], [329, 254], [328, 253], [327, 253], [326, 252], [325, 251], [325, 250], [324, 250], [323, 250], [322, 250], [323, 250], [324, 251], [323, 252], [322, 252], [322, 253], [322, 254], [321, 255], [320, 255], [319, 255], [318, 255], [317, 255], [316, 255], [315, 254], [315, 253], [315, 252], [314, 251], [314, 250], [313, 249]]], [[[318, 265], [317, 266], [316, 266], [315, 266], [315, 267], [316, 268], [315, 269], [314, 269], [313, 269], [313, 270], [314, 271], [314, 272], [314, 273], [314, 274], [314, 275], [314, 276], [313, 277], [314, 278], [315, 279], [315, 280], [316, 279], [317, 279], [318, 279], [319, 279], [318, 278], [318, 277], [317, 276], [317, 275], [317, 274], [317, 273], [317, 272], [317, 271], [318, 270], [318, 269], [318, 268], [318, 267], [319, 266], [319, 265]]], [], [[[371, 280], [372, 281], [373, 281], [374, 281], [375, 282], [375, 283], [375, 284], [375, 285], [375, 286], [374, 287], [373, 287], [372, 287], [372, 288], [372, 289], [373, 289], [374, 289], [375, 289], [376, 288], [377, 288], [377, 287], [377, 286], [376, 285], [375, 284], [376, 283], [377, 282], [376, 281], [375, 281], [374, 280], [373, 280], [372, 280]]], [[[332, 254], [332, 255], [333, 255], [334, 256], [334, 257], [335, 257], [336, 257], [337, 258], [338, 258], [339, 259], [338, 260], [337, 260], [336, 261], [335, 261], [334, 261], [333, 260], [332, 260], [332, 261], [332, 262], [333, 262], [334, 262], [335, 262], [336, 261], [337, 261], [338, 261], [339, 261], [340, 260], [341, 260], [342, 261], [343, 262], [344, 263], [345, 263], [346, 263], [347, 264], [348, 264], [349, 265], [350, 265], [351, 266], [350, 265], [349, 264], [348, 263], [347, 262], [346, 262], [345, 262], [344, 261], [343, 260], [342, 259], [341, 258], [340, 257], [340, 256], [340, 255], [339, 255], [338, 256], [337, 256], [336, 256], [335, 256], [334, 255], [334, 254], [333, 254]]]]","[202, 203, [], 204, 205]"
113,113,"[[[423, 247]], [[422, 248]], [[421, 248]], [[420, 248]], [[419, 248]], [[418, 248]], [[417, 249]], [[416, 249]], [[415, 250]], [[414, 250]], [[413, 249]], [[412, 249]], [[411, 249]], [[410, 249]], [[409, 249]], [[408, 249]], [[407, 249]], [[406, 249]], [[405, 249]], [[404, 250]], [[403, 250]], [[402, 250]], [[401, 251]], [[400, 251]], [[400, 252]], [[400, 253]], [[399, 254]], [[399, 255]], [[398, 256]], [[397, 257]], [[397, 258]], [[397, 259]], [[397, 260]], [[396, 261]], [[395, 262]], [[394, 262]], [[393, 262]], [[392, 262]], [[391, 262]], [[390, 262]], [[389, 263]], [[388, 264]], [[387, 264]], [[386, 265]], [[385, 265]], [[384, 266]], [[383, 267]], [[382, 268]], [[381, 269]], [[381, 270]], [[380, 271]], [[379, 272]], [[379, 273]], [[378, 274]], [[378, 275]], [[378, 276]], [[379, 277]], [[379, 278]], [[378, 279]], [[378, 280]], [[378, 281]], [[378, 282]], [[377, 283]], [[376, 284]], [[377, 285]], [[378, 286]], [[378, 287]], [[378, 288]], [[377, 289]], [[376, 289]], [[377, 290]], [[378, 290]], [[379, 291]], [[380, 292]], [[381, 293]], [[382, 294]], [[383, 295]], [[384, 296]], [[384, 297]], [[385, 297]], [[386, 298]], [[387, 298]], [[388, 299]], [[389, 300]], [[389, 301]], [[390, 301]], [[391, 302]], [[392, 302]], [[393, 303]], [[393, 304]], [[393, 305]], [[393, 306]], [[393, 307]], [[393, 308]], [[393, 309]], [[393, 310]], [[393, 311]], [[393, 312]], [[393, 313]], [[393, 314]], [[393, 315]], [[394, 316]], [[394, 317]], [[395, 318]], [[395, 319]], [[395, 320]], [[395, 321]], [[396, 322]], [[396, 323]], [[397, 324]], [[398, 325]], [[399, 325]], [[400, 326]], [[401, 327]], [[402, 328]], [[403, 329]], [[404, 330]], [[405, 330]], [[406, 331]], [[407, 332]], [[408, 333]], [[409, 333]], [[410, 333]], [[411, 333]], [[412, 333]], [[413, 333]], [[414, 332]], [[415, 332]], [[416, 332]], [[417, 331]], [[418, 330]], [[419, 330]], [[419, 329]], [[420, 328]], [[420, 327]], [[420, 326]], [[420, 325]], [[421, 324]], [[422, 323]], [[423, 322]], [[424, 322]], [[425, 322]], [[426, 323]], [[427, 323]], [[428, 323]], [[429, 323]], [[430, 323]], [[431, 322]], [[432, 322]], [[433, 321]], [[434, 320]], [[435, 319]], [[436, 318]], [[437, 317]], [[438, 316]], [[439, 315]], [[440, 314]], [[440, 313]], [[441, 312]], [[441, 311]], [[442, 310]], [[443, 309]], [[444, 308]], [[445, 307]], [[445, 306]], [[445, 305]], [[445, 304]], [[445, 303]], [[445, 302]], [[445, 301]], [[446, 300]], [[447, 299]], [[448, 299]], [[449, 299]], [[450, 299]], [[451, 299]], [[452, 298]], [[453, 298]], [[454, 297]], [[455, 297]], [[456, 296]], [[457, 295]], [[458, 294]], [[458, 293]], [[458, 292]], [[458, 291]], [[457, 290]], [[456, 289]], [[456, 288]], [[455, 287]], [[454, 286]], [[453, 285]], [[452, 285]], [[451, 284]], [[450, 283]], [[450, 282]], [[450, 281]], [[451, 280]], [[451, 279]], [[451, 278]], [[451, 277]], [[452, 276]], [[452, 275]], [[452, 274]], [[453, 273]], [[454, 272]], [[454, 271]], [[454, 270]], [[454, 269]], [[454, 268]], [[454, 267]], [[454, 266]], [[455, 265]], [[456, 264]], [[455, 263]], [[455, 262]], [[455, 261]], [[454, 260]], [[454, 259]], [[454, 258]], [[454, 257]], [[453, 257]], [[452, 256]], [[451, 256]], [[450, 256]], [[449, 256]], [[448, 257]], [[447, 258]], [[447, 259]], [[446, 260]], [[445, 261]], [[444, 261]], [[443, 262]], [[442, 263]], [[441, 263]], [[440, 263]], [[439, 263]], [[438, 263]], [[437, 262]], [[437, 261]], [[436, 260]], [[436, 259]], [[435, 258]], [[435, 257]], [[434, 256]], [[433, 255]], [[433, 254]], [[432, 253]], [[431, 252]], [[430, 251]], [[429, 251]], [[428, 250]], [[427, 249]], [[426, 248]], [[425, 248]], [[424, 248]]]","[[], [[[371, 280], [372, 281], [373, 281], [374, 281], [375, 282], [375, 283], [375, 284], [375, 285], [375, 286], [374, 287], [373, 287], [372, 287], [372, 288], [372, 289], [373, 289], [374, 289], [375, 289], [376, 288], [377, 288], [377, 287], [377, 286], [376, 285], [375, 284], [376, 283], [377, 282], [376, 281], [375, 281], [374, 280], [373, 280], [372, 280]]]]","[[], 204]"
114,114,"[[[561, 223]], [[560, 224]], [[559, 224]], [[558, 224]], [[557, 225]], [[556, 225]], [[555, 226]], [[554, 226]], [[553, 226]], [[552, 226]], [[551, 226]], [[550, 225]], [[549, 226]], [[548, 227]], [[547, 227]], [[546, 228]], [[546, 229]], [[546, 230]], [[545, 231]], [[546, 231]], [[547, 232]], [[547, 233]], [[548, 233]], [[549, 233]], [[550, 233]], [[551, 234]], [[552, 234]], [[553, 233]], [[554, 234]], [[555, 234]], [[556, 235]], [[557, 235]], [[558, 236]], [[559, 237]], [[560, 238]], [[561, 239]], [[562, 239]], [[563, 239]], [[564, 239]], [[565, 239]], [[566, 238]], [[566, 237]], [[566, 236]], [[566, 235]], [[567, 234]], [[567, 233]], [[567, 232]], [[567, 231]], [[567, 230]], [[566, 229]], [[566, 228]], [[567, 227]], [[567, 226]], [[566, 225]], [[565, 224]], [[565, 223]], [[564, 223]], [[563, 223]], [[562, 223]]]","[[[[541, 215], [540, 216], [540, 217], [541, 217], [542, 217], [543, 217], [544, 217], [545, 217], [546, 218], [547, 219], [548, 220], [549, 220], [550, 220], [551, 220], [552, 221], [551, 222], [550, 222], [549, 222], [549, 223], [549, 224], [550, 224], [551, 225], [552, 225], [553, 225], [554, 225], [555, 225], [556, 224], [557, 224], [558, 223], [559, 223], [560, 223], [561, 222], [562, 222], [563, 222], [564, 222], [565, 222], [566, 223], [567, 223], [567, 222], [566, 221], [565, 221], [564, 221], [563, 221], [562, 221], [561, 221], [560, 221], [559, 221], [558, 220], [557, 219], [556, 219], [556, 220], [556, 221], [555, 222], [554, 222], [553, 222], [552, 221], [552, 220], [552, 219], [552, 218], [552, 217], [552, 216], [551, 216], [550, 216], [549, 216], [548, 217], [547, 217], [546, 217], [545, 216], [544, 216], [543, 217], [542, 216]]], []]","[207, []]"
115,115,"[[[770, 219]], [[769, 220]], [[768, 220]], [[767, 220]], [[766, 220]], [[765, 221]], [[764, 221]], [[763, 221]], [[762, 221]], [[761, 221]], [[760, 222]], [[759, 222]], [[758, 222]], [[757, 222]], [[756, 223]], [[755, 223]], [[754, 224]], [[753, 225]], [[752, 225]], [[752, 226]], [[752, 227]], [[753, 228]], [[753, 229]], [[753, 230]], [[753, 231]], [[754, 232]], [[755, 233]], [[756, 233]], [[757, 234]], [[758, 235]], [[759, 236]], [[760, 237]], [[761, 237]], [[762, 238]], [[763, 239]], [[764, 240]], [[764, 241]], [[765, 242]], [[765, 243]], [[765, 244]], [[766, 245]], [[766, 246]], [[767, 246]], [[768, 246]], [[769, 247]], [[769, 248]], [[770, 248]], [[771, 249]], [[772, 249]], [[773, 250]], [[774, 250]], [[775, 250]], [[776, 249]], [[777, 249]], [[778, 249]], [[779, 249]], [[780, 248]], [[781, 248]], [[782, 248]], [[783, 248]], [[784, 247]], [[785, 247]], [[786, 247]], [[787, 246]], [[787, 245]], [[787, 244]], [[788, 243]], [[788, 242]], [[788, 241]], [[788, 240]], [[788, 239]], [[788, 238]], [[788, 237]], [[788, 236]], [[787, 235]], [[787, 234]], [[786, 233]], [[785, 232]], [[784, 232]], [[783, 232]], [[782, 231]], [[781, 230]], [[780, 229]], [[779, 228]], [[778, 227]], [[778, 226]], [[778, 225]], [[778, 224]], [[778, 223]], [[777, 222]], [[776, 221]], [[775, 220]], [[774, 220]], [[773, 219]], [[772, 219]], [[771, 219]]]","[[], [[[761, 238], [760, 239], [760, 240], [759, 241], [758, 241], [757, 241], [756, 241], [755, 241], [754, 241], [753, 241], [752, 240], [751, 241], [751, 242], [752, 242], [753, 243], [754, 243], [755, 243], [756, 244], [757, 243], [758, 242], [759, 243], [760, 243], [761, 244], [761, 245], [760, 246], [760, 247], [760, 248], [761, 249], [762, 250], [762, 251], [763, 252], [764, 252], [765, 252], [766, 251], [767, 251], [768, 251], [769, 250], [770, 251], [771, 251], [772, 251], [773, 251], [774, 251], [775, 252], [776, 252], [777, 253], [778, 253], [779, 254], [780, 255], [780, 254], [780, 253], [781, 252], [782, 251], [783, 251], [784, 252], [785, 252], [786, 252], [785, 251], [784, 250], [783, 249], [782, 249], [781, 249], [780, 250], [779, 250], [778, 250], [777, 250], [776, 250], [775, 251], [774, 251], [773, 251], [772, 250], [771, 250], [770, 249], [769, 249], [768, 248], [768, 247], [767, 247], [768, 248], [769, 249], [768, 250], [767, 250], [766, 249], [765, 249], [764, 248], [763, 247], [762, 246], [762, 245], [763, 244], [764, 244], [764, 243], [764, 242], [763, 241], [763, 240], [762, 239]]]]","[[], 208]"
116,116,"[[[722, 217]], [[721, 218]], [[720, 218]], [[719, 219]], [[718, 219]], [[717, 219]], [[716, 219]], [[715, 219]], [[714, 220]], [[713, 220]], [[713, 221]], [[712, 222]], [[711, 223]], [[711, 224]], [[710, 225]], [[710, 226]], [[710, 227]], [[710, 228]], [[710, 229]], [[710, 230]], [[710, 231]], [[710, 232]], [[710, 233]], [[710, 234]], [[711, 235]], [[711, 236]], [[711, 237]], [[710, 238]], [[711, 239]], [[712, 240]], [[713, 240]], [[714, 240]], [[715, 241]], [[716, 241]], [[717, 241]], [[718, 240]], [[719, 240]], [[720, 240]], [[721, 240]], [[722, 239]], [[723, 240]], [[724, 240]], [[725, 240]], [[726, 240]], [[727, 240]], [[728, 239]], [[729, 239]], [[730, 239]], [[731, 239]], [[732, 239]], [[733, 239]], [[734, 239]], [[735, 239]], [[736, 240]], [[736, 241]], [[737, 242]], [[737, 243]], [[738, 243]], [[739, 243]], [[740, 243]], [[741, 243]], [[742, 242]], [[743, 242]], [[744, 241]], [[745, 240]], [[745, 239]], [[746, 238]], [[746, 237]], [[746, 236]], [[747, 235]], [[747, 234]], [[748, 233]], [[748, 232]], [[748, 231]], [[748, 230]], [[748, 229]], [[748, 228]], [[748, 227]], [[747, 227]], [[746, 226]], [[745, 225]], [[745, 224]], [[744, 224]], [[743, 224]], [[742, 224]], [[741, 225]], [[740, 225]], [[739, 225]], [[738, 225]], [[737, 226]], [[736, 226]], [[735, 226]], [[734, 226]], [[733, 225]], [[733, 224]], [[733, 223]], [[733, 222]], [[732, 222]], [[731, 223]], [[730, 222]], [[729, 221]], [[729, 220]], [[728, 219]], [[727, 219]], [[726, 218]], [[725, 218]], [[724, 217]], [[723, 217]]]",[[]],[]
117,117,"[[[412, 207]], [[411, 208]], [[410, 208]], [[410, 209]], [[410, 210]], [[409, 211]], [[410, 212]], [[411, 213]], [[411, 214]], [[412, 215]], [[413, 215]], [[414, 216]], [[415, 216]], [[416, 217]], [[417, 217]], [[418, 217]], [[419, 217]], [[420, 216]], [[421, 216]], [[422, 215]], [[422, 214]], [[423, 213]], [[422, 212]], [[421, 212]], [[420, 211]], [[419, 210]], [[418, 210]], [[417, 210]], [[416, 209]], [[415, 209]], [[414, 208]], [[413, 208]]]",[[]],[]
118,118,"[[[71, 202]], [[70, 203]], [[69, 204]], [[68, 204]], [[67, 204]], [[66, 205]], [[65, 205]], [[64, 206]], [[63, 207]], [[62, 207]], [[61, 207]], [[60, 207]], [[59, 207]], [[58, 206]], [[57, 206]], [[56, 205]], [[55, 205]], [[54, 205]], [[53, 205]], [[52, 206]], [[52, 207]], [[52, 208]], [[52, 209]], [[52, 210]], [[51, 211]], [[50, 212]], [[49, 212]], [[48, 212]], [[47, 212]], [[46, 212]], [[45, 213]], [[44, 213]], [[44, 214]], [[43, 215]], [[43, 216]], [[43, 217]], [[43, 218]], [[43, 219]], [[43, 220]], [[43, 221]], [[43, 222]], [[43, 223]], [[43, 224]], [[44, 225]], [[44, 226]], [[44, 227]], [[44, 228]], [[44, 229]], [[44, 230]], [[44, 231]], [[45, 232]], [[45, 233]], [[45, 234]], [[45, 235]], [[45, 236]], [[45, 237]], [[46, 238]], [[46, 239]], [[47, 239]], [[48, 240]], [[49, 241]], [[49, 242]], [[49, 243]], [[49, 244]], [[49, 245]], [[50, 246]], [[51, 247]], [[52, 248]], [[53, 248]], [[54, 248]], [[55, 249]], [[55, 250]], [[54, 251]], [[54, 252]], [[55, 252]], [[56, 252]], [[57, 253]], [[57, 254]], [[56, 255]], [[55, 256]], [[54, 255]], [[53, 256]], [[52, 257]], [[52, 258]], [[52, 259]], [[52, 260]], [[53, 260]], [[54, 259]], [[55, 260]], [[56, 259]], [[57, 259]], [[58, 259]], [[59, 259]], [[60, 258]], [[61, 258]], [[62, 259]], [[63, 258]], [[64, 258]], [[65, 259]], [[66, 258]], [[67, 259]], [[68, 259]], [[69, 259]], [[70, 260]], [[71, 261]], [[72, 262]], [[73, 263]], [[74, 264]], [[75, 265]], [[76, 266]], [[77, 267]], [[78, 267]], [[79, 268]], [[80, 268]], [[81, 268]], [[82, 269]], [[83, 269]], [[84, 269]], [[85, 268]], [[86, 269]], [[86, 270]], [[86, 271]], [[85, 272]], [[85, 273]], [[85, 274]], [[84, 275]], [[84, 276]], [[84, 277]], [[84, 278]], [[84, 279]], [[84, 280]], [[85, 281]], [[86, 281]], [[87, 281]], [[88, 282]], [[89, 282]], [[90, 283]], [[91, 283]], [[92, 284]], [[92, 285]], [[92, 286]], [[92, 287]], [[92, 288]], [[92, 289]], [[91, 290]], [[90, 290]], [[89, 291]], [[88, 291]], [[87, 292]], [[86, 293]], [[85, 294]], [[85, 295]], [[84, 296]], [[84, 297]], [[83, 298]], [[83, 299]], [[83, 300]], [[84, 301]], [[84, 302]], [[85, 303]], [[85, 304]], [[85, 305]], [[85, 306]], [[86, 307]], [[85, 308]], [[84, 308]], [[85, 308]], [[86, 309]], [[86, 310]], [[86, 311]], [[86, 312]], [[85, 313]], [[85, 314]], [[86, 315]], [[87, 316]], [[88, 317]], [[89, 318]], [[89, 319]], [[90, 320]], [[91, 321]], [[92, 321]], [[93, 321]], [[94, 321]], [[95, 321]], [[96, 321]], [[97, 321]], [[98, 322]], [[99, 323]], [[100, 324]], [[101, 325]], [[102, 326]], [[103, 326]], [[104, 327]], [[105, 328]], [[106, 329]], [[107, 329]], [[108, 329]], [[109, 329]], [[110, 330]], [[111, 330]], [[112, 331]], [[113, 331]], [[114, 331]], [[115, 331]], [[116, 331]], [[117, 330]], [[118, 329]], [[119, 329]], [[120, 330]], [[121, 331]], [[122, 331]], [[123, 332]], [[124, 332]], [[125, 332]], [[126, 332]], [[127, 332]], [[128, 331]], [[129, 331]], [[130, 330]], [[131, 330]], [[132, 329]], [[132, 328]], [[133, 327]], [[134, 327]], [[135, 328]], [[136, 328]], [[137, 328]], [[138, 328]], [[139, 329]], [[140, 329]], [[141, 330]], [[142, 331]], [[143, 332]], [[144, 332]], [[145, 333]], [[146, 333]], [[147, 333]], [[148, 333]], [[149, 333]], [[150, 333]], [[151, 333]], [[152, 333]], [[153, 332]], [[154, 332]], [[155, 332]], [[156, 331]], [[157, 331]], [[158, 331]], [[159, 331]], [[159, 330]], [[159, 329]], [[159, 328]], [[160, 327]], [[161, 327]], [[161, 326]], [[162, 325]], [[162, 324]], [[163, 323]], [[164, 322]], [[165, 321]], [[166, 321]], [[167, 320]], [[168, 320]], [[169, 320]], [[170, 321]], [[171, 322]], [[172, 322]], [[173, 323]], [[174, 323]], [[175, 323]], [[176, 323]], [[177, 324]], [[176, 325]], [[175, 326]], [[174, 327]], [[173, 328]], [[173, 329]], [[173, 330]], [[172, 331]], [[171, 332]], [[171, 333]], [[171, 334]], [[171, 335]], [[170, 336]], [[171, 337]], [[171, 338]], [[171, 339]], [[171, 340]], [[171, 341]], [[170, 342]], [[171, 343]], [[171, 344]], [[171, 345]], [[171, 346]], [[172, 347]], [[173, 348]], [[173, 349]], [[173, 350]], [[173, 351]], [[173, 352]], [[173, 353]], [[174, 354]], [[175, 355]], [[176, 356]], [[177, 356]], [[178, 357]], [[179, 358]], [[180, 358]], [[181, 359]], [[182, 360]], [[183, 361]], [[184, 362]], [[185, 362]], [[186, 362]], [[187, 361]], [[188, 361]], [[189, 360]], [[190, 360]], [[191, 359]], [[192, 359]], [[193, 359]], [[194, 359]], [[195, 358]], [[196, 358]], [[197, 357]], [[198, 357]], [[199, 357]], [[200, 357]], [[201, 357]], [[202, 357]], [[203, 358]], [[204, 358]], [[205, 357]], [[206, 357]], [[207, 356]], [[208, 356]], [[209, 355]], [[210, 355]], [[211, 354]], [[212, 354]], [[213, 354]], [[214, 354]], [[215, 354]], [[216, 354]], [[217, 354]], [[218, 354]], [[219, 354]], [[220, 355]], [[221, 355]], [[222, 356]], [[223, 357]], [[224, 358]], [[225, 359]], [[225, 360]], [[225, 361]], [[226, 362]], [[227, 363]], [[228, 363]], [[229, 363]], [[230, 363]], [[231, 363]], [[232, 363]], [[233, 363]], [[234, 362]], [[235, 362]], [[236, 362]], [[237, 363]], [[238, 362]], [[239, 362]], [[240, 362]], [[241, 362]], [[242, 362]], [[243, 361]], [[244, 361]], [[245, 360]], [[246, 360]], [[247, 359]], [[248, 358]], [[249, 357]], [[250, 357]], [[251, 357]], [[252, 356]], [[253, 356]], [[254, 356]], [[255, 355]], [[256, 354]], [[256, 353]], [[257, 352]], [[257, 351]], [[258, 350]], [[259, 349]], [[260, 348]], [[261, 347]], [[261, 346]], [[261, 345]], [[261, 344]], [[262, 343]], [[262, 342]], [[262, 341]], [[262, 340]], [[262, 339]], [[263, 338]], [[264, 338]], [[265, 338]], [[266, 338]], [[267, 337]], [[267, 336]], [[268, 335]], [[268, 334]], [[269, 333]], [[269, 332]], [[269, 331]], [[270, 330]], [[270, 329]], [[269, 328]], [[268, 327]], [[267, 326]], [[266, 326]], [[265, 325]], [[264, 324]], [[264, 323]], [[263, 322]], [[262, 322]], [[261, 321]], [[260, 321]], [[259, 320]], [[259, 319]], [[259, 318]], [[259, 317]], [[259, 316]], [[260, 315]], [[260, 314]], [[260, 313]], [[260, 312]], [[260, 311]], [[260, 310]], [[260, 309]], [[259, 309]], [[258, 308]], [[258, 307]], [[258, 306]], [[258, 305]], [[258, 304]], [[258, 303]], [[258, 302]], [[257, 301]], [[257, 300]], [[256, 299]], [[255, 298]], [[254, 297]], [[253, 297]], [[252, 297]], [[251, 298]], [[250, 298]], [[249, 299]], [[248, 299]], [[247, 298]], [[246, 297]], [[247, 296]], [[248, 295]], [[249, 295]], [[248, 294]], [[249, 293]], [[250, 292]], [[251, 291]], [[252, 291]], [[253, 291]], [[254, 290]], [[255, 290]], [[256, 290]], [[257, 289]], [[258, 289]], [[259, 289]], [[260, 288]], [[261, 287]], [[261, 286]], [[262, 285]], [[262, 284]], [[262, 283]], [[262, 282]], [[261, 281]], [[260, 281]], [[259, 280]], [[258, 279]], [[258, 278]], [[257, 277]], [[257, 276]], [[256, 275]], [[256, 274]], [[256, 273]], [[256, 272]], [[256, 271]], [[256, 270]], [[256, 269]], [[256, 268]], [[256, 267]], [[255, 266]], [[254, 265]], [[253, 264]], [[252, 264]], [[251, 264]], [[250, 263]], [[250, 262]], [[251, 261]], [[252, 260]], [[253, 261]], [[253, 260]], [[252, 259]], [[252, 258]], [[252, 257]], [[252, 256]], [[252, 255]], [[251, 254]], [[250, 253]], [[249, 252]], [[248, 252]], [[247, 251]], [[246, 251]], [[245, 251]], [[244, 250]], [[243, 250]], [[242, 250]], [[241, 250]], [[240, 249]], [[239, 249]], [[238, 249]], [[237, 249]], [[236, 250]], [[235, 250]], [[234, 250]], [[233, 251]], [[232, 251]], [[231, 252]], [[230, 253]], [[229, 253]], [[228, 254]], [[228, 255]], [[227, 256]], [[226, 257]], [[226, 258]], [[225, 259]], [[224, 260]], [[224, 261]], [[223, 262]], [[223, 263]], [[222, 264]], [[222, 265]], [[222, 266]], [[222, 267]], [[221, 268]], [[220, 269]], [[220, 270]], [[220, 271]], [[220, 272]], [[220, 273]], [[221, 274]], [[221, 275]], [[221, 276]], [[221, 277]], [[222, 278]], [[222, 279]], [[221, 280]], [[220, 281]], [[220, 282]], [[219, 283]], [[219, 284]], [[218, 285]], [[218, 286]], [[218, 287]], [[217, 288]], [[217, 289]], [[217, 290]], [[216, 291]], [[216, 292]], [[217, 293]], [[217, 294]], [[218, 295]], [[219, 295]], [[220, 295]], [[221, 295]], [[222, 296]], [[223, 296]], [[224, 296]], [[225, 297]], [[226, 297]], [[227, 298]], [[228, 298]], [[229, 298]], [[230, 298]], [[231, 299]], [[232, 300]], [[233, 300]], [[234, 301]], [[235, 301]], [[236, 300]], [[237, 300]], [[238, 300]], [[239, 300]], [[240, 300]], [[241, 301]], [[241, 302]], [[241, 303]], [[241, 304]], [[241, 305]], [[241, 306]], [[240, 307]], [[239, 308]], [[238, 309]], [[237, 309]], [[236, 309]], [[235, 310]], [[234, 310]], [[233, 311]], [[232, 312]], [[231, 312]], [[230, 312]], [[229, 313]], [[228, 313]], [[227, 313]], [[226, 313]], [[225, 313]], [[224, 313]], [[223, 312]], [[222, 313]], [[221, 313]], [[220, 313]], [[219, 313]], [[218, 314]], [[217, 314]], [[216, 314]], [[215, 314]], [[214, 314]], [[213, 314]], [[212, 314]], [[211, 314]], [[210, 314]], [[209, 314]], [[208, 315]], [[207, 316]], [[206, 316]], [[205, 315]], [[204, 315]], [[203, 315]], [[202, 315]], [[201, 315]], [[200, 316]], [[200, 317]], [[200, 318]], [[199, 319]], [[200, 320]], [[200, 321]], [[199, 322]], [[198, 322]], [[197, 322]], [[196, 322]], [[195, 323]], [[194, 323]], [[193, 323]], [[192, 323]], [[191, 323]], [[190, 323]], [[189, 322]], [[188, 321]], [[188, 320]], [[189, 319]], [[190, 318]], [[191, 317]], [[191, 316]], [[192, 315]], [[193, 314]], [[194, 313]], [[195, 312]], [[195, 311]], [[196, 310]], [[196, 309]], [[195, 308]], [[195, 307]], [[195, 306]], [[195, 305]], [[196, 304]], [[195, 303]], [[195, 302]], [[194, 301]], [[194, 300]], [[194, 299]], [[193, 298]], [[193, 297]], [[192, 296]], [[192, 295]], [[192, 294]], [[192, 293]], [[191, 292]], [[191, 291]], [[192, 290]], [[193, 290]], [[194, 291]], [[194, 292]], [[194, 293]], [[194, 292]], [[194, 291]], [[195, 290]], [[195, 289]], [[196, 288]], [[197, 288]], [[198, 287]], [[198, 286]], [[197, 285]], [[197, 284]], [[197, 283]], [[197, 282]], [[198, 281]], [[198, 280]], [[198, 279]], [[198, 278]], [[199, 277]], [[199, 276]], [[198, 275]], [[198, 274]], [[197, 273]], [[196, 273]], [[195, 272]], [[195, 271]], [[194, 271]], [[193, 271]], [[192, 270]], [[191, 270]], [[190, 270]], [[189, 270]], [[188, 270]], [[187, 269]], [[187, 268]], [[186, 267]], [[186, 266]], [[186, 265]], [[186, 264]], [[186, 263]], [[186, 262]], [[186, 261]], [[186, 260]], [[186, 259]], [[185, 258]], [[185, 257]], [[185, 256]], [[185, 255]], [[185, 254]], [[184, 253]], [[183, 253]], [[182, 252]], [[182, 251]], [[181, 251]], [[180, 250]], [[180, 249]], [[179, 248]], [[178, 248]], [[177, 247]], [[177, 246]], [[177, 245]], [[177, 244]], [[176, 243]], [[175, 243]], [[174, 242]], [[173, 242]], [[172, 242]], [[171, 242]], [[170, 242]], [[169, 241]], [[168, 241]], [[167, 241]], [[166, 241]], [[165, 241]], [[164, 241]], [[163, 240]], [[162, 240]], [[161, 240]], [[160, 239]], [[159, 239]], [[158, 239]], [[157, 239]], [[156, 239]], [[155, 238]], [[154, 238]], [[153, 238]], [[152, 237]], [[151, 237]], [[150, 238]], [[149, 239]], [[149, 240]], [[148, 241]], [[147, 242]], [[147, 243]], [[147, 244]], [[146, 245]], [[145, 244]], [[145, 245]], [[145, 246]], [[144, 247]], [[143, 247]], [[142, 246]], [[142, 245]], [[141, 244]], [[140, 245]], [[139, 245]], [[138, 246]], [[137, 246]], [[136, 246]], [[135, 247]], [[134, 248]], [[133, 248]], [[132, 249]], [[131, 249]], [[130, 249]], [[129, 249]], [[128, 249]], [[127, 249]], [[126, 249]], [[125, 249]], [[124, 250]], [[123, 250]], [[122, 250]], [[121, 251]], [[120, 252]], [[119, 252]], [[118, 253]], [[117, 252]], [[116, 252]], [[115, 251]], [[114, 251]], [[113, 250]], [[112, 250]], [[111, 250]], [[110, 250]], [[109, 250]], [[108, 250]], [[107, 251]], [[106, 251]], [[105, 252]], [[104, 253]], [[103, 253]], [[102, 254]], [[101, 254]], [[100, 254]], [[99, 254]], [[98, 255]], [[97, 255]], [[96, 254]], [[96, 253]], [[97, 252]], [[98, 251]], [[99, 251]], [[100, 250]], [[101, 250]], [[100, 249]], [[100, 248]], [[101, 247]], [[101, 246]], [[102, 245]], [[102, 244]], [[102, 243]], [[102, 242]], [[102, 241]], [[102, 240]], [[102, 239]], [[101, 238]], [[101, 237]], [[101, 236]], [[101, 235]], [[102, 234]], [[101, 233]], [[100, 232]], [[99, 232]], [[98, 231]], [[97, 231]], [[96, 231]], [[95, 231]], [[94, 231]], [[93, 231]], [[92, 231]], [[91, 230]], [[91, 231]], [[90, 232]], [[89, 232]], [[88, 231]], [[88, 230]], [[87, 229]], [[87, 228]], [[86, 227]], [[87, 226]], [[87, 225]], [[87, 224]], [[87, 223]], [[87, 222]], [[86, 221]], [[86, 220]], [[85, 219]], [[85, 218]], [[84, 217]], [[84, 216]], [[83, 215]], [[83, 214]], [[83, 213]], [[83, 212]], [[83, 211]], [[83, 210]], [[83, 209]], [[83, 208]], [[83, 207]], [[83, 206]], [[83, 205]], [[82, 204]], [[81, 203]], [[81, 202]], [[80, 202]], [[79, 202]], [[78, 202]], [[77, 202]], [[76, 202]], [[75, 203]], [[74, 203]], [[73, 203]], [[72, 202]]]","[[], [[[85, 282], [86, 283], [87, 284], [86, 285], [85, 285], [85, 286], [85, 287], [84, 288], [83, 287], [82, 287], [81, 287], [82, 288], [83, 289], [82, 290], [81, 291], [81, 292], [81, 293], [81, 294], [81, 295], [82, 296], [82, 297], [82, 298], [83, 297], [83, 296], [84, 295], [84, 294], [85, 293], [86, 292], [87, 291], [87, 290], [86, 289], [86, 288], [86, 287], [87, 286], [88, 286], [88, 285], [88, 284], [88, 283], [87, 282], [86, 282]]], [[[96, 322], [97, 323], [98, 323], [99, 324], [99, 325], [100, 326], [101, 327], [102, 328], [103, 329], [103, 330], [104, 331], [105, 331], [106, 331], [107, 331], [108, 331], [109, 332], [110, 332], [111, 332], [112, 332], [113, 332], [112, 332], [111, 331], [110, 331], [109, 330], [108, 330], [107, 330], [106, 330], [105, 329], [104, 328], [103, 327], [102, 327], [101, 326], [100, 325], [99, 324], [98, 323], [97, 322]]], [[[172, 354], [172, 355], [172, 356], [173, 356], [174, 357], [175, 357], [176, 358], [177, 358], [178, 359], [179, 360], [178, 361], [178, 362], [178, 363], [179, 363], [180, 364], [180, 365], [180, 366], [180, 367], [181, 366], [182, 366], [183, 365], [184, 365], [185, 366], [186, 365], [186, 364], [185, 364], [184, 363], [183, 362], [182, 361], [181, 360], [180, 359], [179, 359], [178, 358], [177, 357], [176, 357], [175, 356], [174, 355], [173, 354]]], [[[211, 355], [210, 356], [209, 356], [208, 357], [207, 358], [206, 358], [205, 359], [204, 359], [203, 359], [202, 358], [201, 358], [200, 358], [199, 358], [198, 358], [197, 359], [196, 360], [195, 361], [194, 361], [193, 362], [192, 362], [191, 363], [192, 364], [193, 364], [194, 363], [195, 362], [196, 361], [197, 361], [198, 361], [199, 361], [200, 361], [201, 360], [202, 360], [203, 360], [204, 360], [205, 360], [206, 360], [207, 359], [208, 359], [209, 358], [210, 358], [211, 357], [212, 357], [213, 357], [214, 357], [215, 357], [216, 357], [217, 357], [218, 358], [219, 358], [220, 358], [221, 359], [222, 360], [221, 361], [222, 361], [223, 361], [224, 362], [225, 363], [225, 362], [224, 361], [224, 360], [224, 359], [223, 358], [222, 357], [221, 356], [220, 356], [219, 355], [218, 355], [217, 355], [216, 355], [215, 355], [214, 355], [213, 355], [212, 355]]], [[[249, 358], [248, 359], [247, 360], [246, 361], [245, 361], [246, 362], [247, 362], [248, 362], [249, 362], [250, 362], [251, 363], [252, 363], [253, 364], [254, 365], [255, 366], [256, 366], [256, 365], [256, 364], [257, 363], [258, 363], [259, 363], [260, 363], [261, 363], [260, 362], [259, 361], [258, 362], [257, 363], [256, 363], [255, 364], [254, 363], [253, 362], [252, 361], [252, 360], [251, 359], [250, 358]]], [[[192, 291], [192, 292], [193, 293], [193, 294], [193, 295], [193, 296], [194, 297], [194, 298], [195, 299], [195, 300], [195, 301], [196, 302], [196, 303], [197, 303], [198, 303], [199, 302], [200, 303], [200, 304], [201, 305], [201, 306], [202, 306], [203, 305], [204, 305], [205, 304], [206, 304], [207, 305], [208, 305], [208, 304], [209, 303], [210, 302], [211, 303], [212, 304], [213, 304], [214, 304], [215, 303], [216, 303], [217, 303], [218, 303], [218, 302], [217, 302], [216, 301], [215, 301], [214, 301], [213, 302], [212, 301], [211, 301], [210, 301], [209, 301], [208, 302], [207, 301], [206, 300], [205, 299], [205, 298], [205, 297], [205, 296], [204, 296], [203, 296], [202, 296], [201, 296], [200, 296], [199, 297], [198, 297], [197, 297], [196, 297], [195, 296], [195, 295], [194, 294], [193, 293], [193, 292], [193, 291]]], [[[109, 248], [108, 249], [109, 249], [110, 249], [111, 249], [112, 249], [113, 249], [114, 249], [115, 250], [116, 250], [117, 250], [118, 249], [119, 249], [120, 249], [121, 249], [122, 249], [123, 249], [124, 249], [123, 249], [122, 249], [121, 249], [120, 249], [119, 249], [118, 249], [117, 249], [116, 248], [115, 248], [114, 248], [113, 248], [112, 249], [111, 249], [110, 248]]]]","[[], 209, 210, 183, 182, 213, 214, 215]"
119,119,"[[[702, 196]], [[701, 197]], [[700, 197]], [[700, 198]], [[700, 199]], [[700, 200]], [[701, 201]], [[701, 202]], [[701, 203]], [[701, 204]], [[701, 205]], [[701, 206]], [[702, 207]], [[703, 208]], [[703, 209]], [[704, 210]], [[704, 211]], [[705, 212]], [[705, 213]], [[705, 214]], [[706, 215]], [[707, 216]], [[708, 217]], [[708, 218]], [[708, 219]], [[709, 219]], [[710, 219]], [[711, 219]], [[711, 218]], [[712, 217]], [[712, 216]], [[712, 215]], [[713, 214]], [[713, 213]], [[714, 212]], [[713, 211]], [[713, 210]], [[713, 209]], [[713, 208]], [[713, 207]], [[713, 206]], [[713, 205]], [[712, 204]], [[712, 203]], [[711, 202]], [[710, 202]], [[709, 201]], [[708, 200]], [[707, 199]], [[706, 199]], [[705, 198]], [[704, 197]], [[703, 197]]]",[[]],[]
120,120,"[[[423, 176]], [[422, 177]], [[422, 178]], [[421, 179]], [[420, 180]], [[420, 181]], [[419, 182]], [[418, 183]], [[418, 184]], [[417, 185]], [[417, 186]], [[417, 187]], [[417, 188]], [[417, 189]], [[418, 190]], [[419, 191]], [[420, 192]], [[421, 193]], [[422, 193]], [[423, 194]], [[424, 195]], [[425, 196]], [[424, 197]], [[425, 198]], [[425, 199]], [[426, 200]], [[427, 201]], [[428, 202]], [[428, 203]], [[429, 204]], [[430, 205]], [[431, 206]], [[432, 206]], [[433, 207]], [[434, 207]], [[435, 207]], [[436, 208]], [[436, 209]], [[436, 210]], [[436, 211]], [[436, 212]], [[435, 213]], [[434, 214]], [[434, 215]], [[435, 216]], [[435, 217]], [[434, 218]], [[434, 219]], [[434, 220]], [[434, 221]], [[435, 221]], [[436, 221]], [[437, 221]], [[438, 222]], [[439, 223]], [[440, 224]], [[440, 225]], [[441, 226]], [[441, 227]], [[442, 228]], [[443, 229]], [[444, 230]], [[444, 231]], [[445, 231]], [[446, 232]], [[446, 233]], [[447, 234]], [[448, 235]], [[449, 236]], [[449, 237]], [[450, 238]], [[450, 239]], [[451, 240]], [[451, 241]], [[452, 242]], [[452, 243]], [[453, 244]], [[454, 245]], [[454, 246]], [[455, 246]], [[456, 247]], [[457, 247]], [[458, 248]], [[459, 248]], [[460, 248]], [[461, 248]], [[462, 248]], [[463, 247]], [[464, 246]], [[465, 246]], [[466, 245]], [[466, 244]], [[467, 243]], [[467, 242]], [[467, 241]], [[467, 240]], [[467, 239]], [[467, 238]], [[467, 237]], [[467, 236]], [[467, 235]], [[467, 234]], [[466, 233]], [[466, 232]], [[466, 231]], [[465, 230]], [[465, 229]], [[465, 228]], [[464, 227]], [[463, 226]], [[463, 225]], [[463, 224]], [[462, 223]], [[461, 223]], [[460, 222]], [[459, 221]], [[458, 220]], [[457, 219]], [[456, 218]], [[456, 217]], [[455, 216]], [[454, 215]], [[454, 214]], [[453, 213]], [[452, 212]], [[452, 211]], [[452, 210]], [[451, 209]], [[451, 208]], [[450, 207]], [[450, 206]], [[449, 205]], [[448, 205]], [[447, 204]], [[446, 204]], [[445, 204]], [[444, 204]], [[443, 204]], [[442, 204]], [[441, 203]], [[442, 202]], [[443, 201]], [[443, 200]], [[444, 199]], [[445, 198]], [[445, 197]], [[445, 196]], [[445, 195]], [[444, 194]], [[444, 193]], [[443, 192]], [[442, 191]], [[442, 190]], [[441, 189]], [[441, 188]], [[440, 187]], [[439, 186]], [[438, 185]], [[438, 184]], [[437, 183]], [[436, 182]], [[435, 181]], [[434, 180]], [[433, 180]], [[432, 179]], [[431, 178]], [[430, 178]], [[429, 177]], [[428, 177]], [[427, 176]], [[426, 176]], [[425, 176]], [[424, 176]]]","[[], [[[423, 196], [423, 197], [423, 198], [423, 199], [422, 200], [422, 201], [423, 202], [423, 203], [422, 204], [422, 205], [423, 204], [423, 203], [424, 202], [425, 202], [426, 202], [427, 203], [427, 204], [428, 205], [428, 206], [429, 206], [430, 207], [430, 206], [429, 205], [428, 204], [427, 203], [427, 202], [426, 201], [425, 200], [424, 199], [424, 198], [423, 197], [424, 196]]], [[[428, 209], [428, 210], [427, 211], [426, 212], [427, 213], [427, 214], [428, 214], [429, 215], [430, 215], [431, 216], [431, 217], [431, 218], [431, 219], [431, 220], [431, 221], [432, 222], [433, 222], [434, 222], [433, 221], [433, 220], [433, 219], [433, 218], [434, 217], [434, 216], [433, 215], [433, 214], [432, 214], [431, 213], [430, 213], [429, 212], [428, 211], [428, 210]]]]","[[], 216, 217]"
121,121,"[[[818, 173]], [[817, 174]], [[816, 174]], [[815, 174]], [[814, 174]], [[813, 175]], [[812, 176]], [[812, 177]], [[813, 178]], [[813, 179]], [[814, 180]], [[815, 181]], [[816, 182]], [[816, 183]], [[817, 184]], [[818, 184]], [[819, 184]], [[820, 184]], [[821, 184]], [[822, 185]], [[822, 186]], [[822, 187]], [[822, 188]], [[822, 189]], [[822, 190]], [[822, 191]], [[823, 192]], [[823, 191]], [[823, 190]], [[823, 189]], [[824, 188]], [[825, 187]], [[825, 186]], [[825, 185]], [[825, 184]], [[825, 183]], [[825, 182]], [[824, 181]], [[824, 180]], [[824, 179]], [[824, 178]], [[824, 177]], [[824, 176]], [[824, 175]], [[824, 174]], [[823, 174]], [[822, 174]], [[821, 173]], [[820, 173]], [[819, 173]]]",[],[]
122,122,"[[[603, 173]], [[602, 174]], [[601, 174]], [[600, 175]], [[599, 176]], [[598, 177]], [[597, 177]], [[596, 176]], [[596, 177]], [[596, 178]], [[596, 179]], [[595, 180]], [[594, 180]], [[594, 181]], [[593, 182]], [[592, 182]], [[592, 183]], [[592, 184]], [[591, 185]], [[591, 186]], [[591, 187]], [[591, 188]], [[590, 189]], [[590, 190]], [[590, 191]], [[590, 192]], [[591, 193]], [[592, 193]], [[593, 194]], [[594, 193]], [[595, 193]], [[596, 193]], [[597, 193]], [[598, 193]], [[599, 192]], [[600, 192]], [[601, 191]], [[602, 191]], [[603, 190]], [[604, 190]], [[605, 189]], [[606, 189]], [[607, 189]], [[607, 188]], [[608, 187]], [[608, 186]], [[608, 185]], [[608, 184]], [[608, 183]], [[609, 182]], [[609, 181]], [[609, 180]], [[609, 179]], [[609, 178]], [[609, 177]], [[608, 176]], [[608, 175]], [[607, 174]], [[606, 173]], [[605, 173]], [[604, 173]]]","[[[[592, 172], [592, 173], [592, 174], [593, 175], [593, 176], [593, 177], [592, 178], [591, 179], [591, 180], [591, 181], [590, 182], [589, 182], [588, 182], [587, 181], [586, 181], [585, 181], [585, 182], [585, 183], [585, 184], [584, 185], [584, 186], [584, 187], [585, 188], [586, 189], [587, 189], [588, 189], [589, 189], [590, 188], [590, 187], [590, 186], [590, 185], [591, 184], [591, 183], [591, 182], [592, 181], [593, 181], [593, 180], [594, 179], [595, 179], [595, 178], [595, 177], [595, 176], [595, 175], [595, 174], [594, 173], [593, 172]]]]",[218]
123,123,"[[[570, 172]], [[569, 173]], [[568, 173]], [[567, 174]], [[566, 175]], [[565, 176]], [[564, 177]], [[563, 178]], [[562, 179]], [[561, 179]], [[560, 180]], [[559, 181]], [[558, 182]], [[557, 182]], [[556, 182]], [[555, 183]], [[554, 184]], [[554, 185]], [[553, 186]], [[552, 187]], [[551, 188]], [[550, 189]], [[549, 189]], [[548, 190]], [[547, 191]], [[547, 192]], [[546, 193]], [[546, 194]], [[546, 195]], [[545, 196]], [[545, 197]], [[545, 198]], [[544, 199]], [[545, 200]], [[545, 201]], [[545, 202]], [[546, 203]], [[546, 204]], [[546, 205]], [[546, 206]], [[547, 207]], [[548, 208]], [[548, 209]], [[549, 210]], [[550, 210]], [[551, 211]], [[552, 211]], [[553, 211]], [[554, 211]], [[555, 211]], [[556, 211]], [[557, 211]], [[558, 210]], [[559, 210]], [[560, 210]], [[561, 209]], [[562, 209]], [[563, 208]], [[564, 208]], [[565, 207]], [[566, 207]], [[567, 206]], [[568, 205]], [[569, 204]], [[570, 204]], [[571, 203]], [[572, 202]], [[573, 201]], [[574, 200]], [[574, 199]], [[575, 198]], [[576, 197]], [[577, 196]], [[578, 196]], [[579, 195]], [[580, 194]], [[581, 193]], [[582, 192]], [[582, 191]], [[583, 190]], [[584, 189]], [[584, 188]], [[583, 187]], [[583, 186]], [[583, 185]], [[584, 184]], [[584, 183]], [[584, 182]], [[584, 181]], [[584, 180]], [[584, 179]], [[584, 178]], [[584, 177]], [[584, 176]], [[584, 175]], [[583, 175]], [[582, 174]], [[581, 174]], [[580, 174]], [[579, 173]], [[578, 173]], [[577, 173]], [[576, 172]], [[575, 172]], [[574, 172]], [[573, 172]], [[572, 172]], [[571, 172]]]","[[], [[[592, 172], [592, 173], [592, 174], [593, 175], [593, 176], [593, 177], [592, 178], [591, 179], [591, 180], [591, 181], [590, 182], [589, 182], [588, 182], [587, 181], [586, 181], [585, 181], [585, 182], [585, 183], [585, 184], [584, 185], [584, 186], [584, 187], [585, 188], [586, 189], [587, 189], [588, 189], [589, 189], [590, 188], [590, 187], [590, 186], [590, 185], [591, 184], [591, 183], [591, 182], [592, 181], [593, 181], [593, 180], [594, 179], [595, 179], [595, 178], [595, 177], [595, 176], [595, 175], [595, 174], [594, 173], [593, 172]]]]","[[], 218]"
124,124,"[[[307, 169]], [[306, 170]], [[305, 170]], [[304, 170]], [[304, 171]], [[303, 172]], [[302, 172]], [[301, 173]], [[300, 174]], [[299, 174]], [[298, 175]], [[297, 176]], [[297, 177]], [[297, 178]], [[297, 179]], [[296, 180]], [[296, 181]], [[296, 182]], [[296, 183]], [[296, 184]], [[296, 185]], [[296, 186]], [[297, 187]], [[298, 188]], [[298, 189]], [[299, 190]], [[300, 191]], [[301, 192]], [[301, 193]], [[302, 193]], [[303, 194]], [[304, 195]], [[304, 196]], [[305, 197]], [[306, 198]], [[307, 199]], [[308, 200]], [[309, 201]], [[310, 202]], [[310, 203]], [[311, 204]], [[312, 205]], [[313, 205]], [[314, 205]], [[315, 205]], [[316, 205]], [[317, 206]], [[318, 206]], [[319, 206]], [[320, 206]], [[321, 206]], [[322, 205]], [[323, 205]], [[324, 205]], [[325, 205]], [[326, 204]], [[327, 203]], [[328, 202]], [[329, 202]], [[330, 201]], [[330, 200]], [[330, 199]], [[331, 198]], [[331, 197]], [[331, 196]], [[331, 195]], [[331, 194]], [[330, 193]], [[330, 192]], [[330, 191]], [[329, 190]], [[328, 189]], [[327, 188]], [[326, 187]], [[326, 186]], [[325, 185]], [[325, 184]], [[324, 183]], [[323, 182]], [[322, 181]], [[321, 180]], [[320, 179]], [[319, 178]], [[318, 177]], [[318, 176]], [[317, 175]], [[316, 174]], [[316, 173]], [[315, 172]], [[314, 171]], [[313, 171]], [[312, 170]], [[311, 170]], [[310, 169]], [[309, 169]], [[308, 169]]]","[[], [[[298, 190], [298, 191], [298, 192], [299, 193], [300, 193], [301, 194], [301, 195], [301, 196], [301, 197], [301, 198], [300, 199], [301, 199], [302, 199], [303, 200], [304, 200], [305, 201], [304, 202], [304, 203], [305, 204], [305, 203], [305, 202], [305, 201], [306, 200], [305, 199], [305, 198], [304, 197], [303, 196], [303, 195], [302, 194], [301, 194], [300, 193], [300, 192], [299, 191]]], [[[332, 203], [331, 204], [330, 204], [329, 204], [328, 204], [328, 205], [328, 206], [327, 207], [327, 208], [328, 209], [327, 210], [328, 210], [329, 211], [329, 210], [329, 209], [330, 208], [331, 208], [332, 209], [332, 210], [332, 211], [333, 211], [334, 211], [335, 211], [335, 210], [335, 209], [335, 208], [334, 208], [333, 208], [332, 208], [331, 207], [330, 206], [331, 205], [332, 204], [333, 204], [334, 204], [334, 203], [333, 203]]]]","[[], 220, 221]"
125,125,"[[[649, 166]], [[648, 167]], [[647, 167]], [[646, 167]], [[645, 167]], [[644, 168]], [[643, 169]], [[642, 169]], [[643, 170]], [[643, 171]], [[643, 172]], [[644, 173]], [[644, 174]], [[643, 175]], [[643, 176]], [[643, 177]], [[643, 178]], [[642, 179]], [[642, 180]], [[642, 181]], [[643, 181]], [[644, 182]], [[645, 181]], [[646, 181]], [[647, 181]], [[648, 182]], [[649, 182]], [[650, 182]], [[651, 182]], [[652, 183]], [[653, 183]], [[654, 183]], [[655, 183]], [[656, 183]], [[657, 183]], [[658, 183]], [[659, 184]], [[660, 184]], [[661, 184]], [[662, 184]], [[663, 185]], [[664, 185]], [[665, 185]], [[666, 185]], [[667, 186]], [[668, 186]], [[669, 185]], [[670, 185]], [[671, 184]], [[671, 183]], [[671, 182]], [[671, 181]], [[671, 180]], [[671, 179]], [[671, 178]], [[670, 177]], [[670, 176]], [[669, 175]], [[669, 174]], [[668, 174]], [[667, 174]], [[666, 174]], [[665, 173]], [[664, 173]], [[663, 172]], [[662, 172]], [[661, 172]], [[660, 172]], [[659, 171]], [[658, 171]], [[657, 171]], [[656, 170]], [[655, 169]], [[654, 169]], [[653, 168]], [[652, 168]], [[651, 167]], [[650, 167]]]","[[[[633, 180], [634, 180], [635, 180], [636, 181], [637, 181], [638, 181], [639, 181], [640, 182], [641, 182], [642, 183], [643, 183], [644, 184], [645, 184], [646, 183], [647, 183], [648, 183], [649, 183], [650, 184], [651, 184], [652, 184], [653, 185], [654, 185], [655, 185], [656, 185], [657, 186], [658, 186], [659, 186], [660, 187], [661, 187], [662, 188], [663, 188], [664, 188], [665, 188], [666, 189], [667, 190], [668, 191], [669, 190], [669, 189], [670, 188], [671, 188], [672, 188], [673, 188], [674, 188], [673, 187], [672, 186], [671, 186], [670, 187], [669, 187], [668, 187], [667, 187], [666, 187], [665, 186], [664, 186], [663, 186], [662, 186], [661, 185], [660, 185], [659, 185], [658, 185], [657, 184], [656, 184], [655, 184], [654, 184], [653, 184], [652, 184], [651, 183], [650, 183], [649, 183], [648, 183], [647, 182], [646, 182], [645, 183], [644, 183], [643, 182], [642, 182], [641, 181], [640, 181], [639, 181], [638, 181], [637, 180], [636, 180], [635, 180], [634, 180]]]]",[222]
126,126,"[[[337, 149]], [[336, 150]], [[335, 150]], [[335, 151]], [[334, 152]], [[333, 152]], [[332, 151]], [[331, 151]], [[330, 151]], [[330, 152]], [[330, 153]], [[329, 154]], [[328, 154]], [[328, 155]], [[327, 156]], [[327, 157]], [[326, 158]], [[325, 159]], [[324, 159]], [[323, 160]], [[323, 161]], [[324, 162]], [[325, 163]], [[325, 164]], [[325, 165]], [[326, 165]], [[327, 166]], [[327, 167]], [[327, 168]], [[328, 168]], [[329, 168]], [[330, 168]], [[331, 168]], [[332, 168]], [[333, 168]], [[334, 168]], [[335, 167]], [[336, 168]], [[337, 168]], [[338, 168]], [[339, 168]], [[339, 167]], [[340, 166]], [[341, 166]], [[342, 166]], [[343, 165]], [[343, 164]], [[343, 163]], [[344, 162]], [[345, 161]], [[346, 160]], [[346, 159]], [[345, 158]], [[345, 157]], [[344, 157]], [[343, 157]], [[342, 156]], [[341, 155]], [[341, 154]], [[341, 153]], [[341, 152]], [[340, 151]], [[340, 150]], [[339, 150]], [[338, 149]]]","[[[[337, 145], [336, 146], [336, 147], [336, 148], [336, 149], [337, 148], [338, 148], [339, 149], [340, 149], [341, 150], [341, 151], [342, 152], [342, 153], [342, 154], [342, 155], [343, 156], [344, 156], [345, 156], [346, 157], [346, 158], [347, 159], [348, 160], [349, 161], [349, 162], [350, 163], [351, 162], [352, 162], [351, 161], [350, 160], [349, 159], [348, 158], [347, 157], [346, 156], [345, 156], [344, 156], [343, 155], [343, 154], [343, 153], [343, 152], [342, 151], [342, 150], [342, 149], [342, 148], [342, 147], [341, 147], [340, 146], [339, 146], [338, 145]]], [[[320, 146], [319, 147], [318, 147], [317, 147], [317, 148], [317, 149], [318, 149], [319, 149], [320, 150], [321, 150], [322, 151], [323, 150], [324, 151], [324, 152], [325, 153], [324, 154], [324, 155], [323, 156], [322, 157], [321, 158], [320, 157], [319, 156], [318, 157], [319, 158], [320, 158], [321, 159], [322, 160], [322, 161], [322, 162], [321, 163], [320, 164], [319, 164], [318, 165], [319, 165], [320, 165], [321, 165], [321, 164], [322, 163], [323, 163], [322, 162], [322, 161], [322, 160], [323, 159], [324, 158], [325, 157], [326, 157], [326, 156], [327, 155], [327, 154], [328, 153], [329, 153], [329, 152], [329, 151], [330, 150], [331, 150], [332, 150], [333, 151], [334, 151], [334, 150], [333, 150], [332, 149], [331, 148], [330, 147], [330, 146], [329, 146], [329, 147], [330, 148], [330, 149], [330, 150], [329, 151], [328, 151], [327, 151], [326, 151], [325, 151], [324, 151], [323, 150], [323, 149], [323, 148], [323, 147], [322, 147], [321, 147]]], [[[324, 166], [323, 167], [323, 168], [322, 169], [323, 169], [324, 169], [325, 170], [326, 171], [327, 171], [328, 172], [328, 173], [329, 174], [330, 175], [331, 174], [332, 174], [333, 175], [333, 176], [334, 176], [335, 176], [336, 177], [337, 176], [338, 176], [339, 175], [340, 176], [341, 175], [342, 176], [343, 176], [344, 177], [345, 178], [345, 179], [345, 180], [346, 180], [347, 181], [348, 180], [347, 179], [346, 178], [345, 177], [345, 176], [344, 175], [343, 175], [342, 175], [341, 175], [340, 174], [339, 174], [338, 173], [338, 172], [338, 171], [338, 170], [339, 169], [340, 169], [341, 169], [340, 168], [339, 169], [338, 169], [337, 169], [336, 169], [335, 168], [334, 169], [333, 170], [332, 169], [331, 169], [330, 169], [329, 169], [328, 169], [327, 169], [326, 168], [326, 167], [326, 166], [325, 166]]]]","[223, 224, 225]"
127,127,"[[[52, 149]], [[51, 150]], [[50, 150]], [[49, 151]], [[48, 151]], [[47, 152]], [[47, 153]], [[46, 154]], [[45, 154]], [[44, 155]], [[44, 156]], [[44, 157]], [[45, 158]], [[46, 159]], [[46, 160]], [[47, 161]], [[48, 161]], [[49, 162]], [[50, 162]], [[51, 161]], [[52, 161]], [[53, 160]], [[54, 160]], [[55, 159]], [[56, 158]], [[57, 157]], [[57, 156]], [[57, 155]], [[58, 154]], [[58, 153]], [[58, 152]], [[58, 151]], [[57, 151]], [[56, 150]], [[55, 150]], [[54, 150]], [[53, 150]]]",[],[]
128,128,"[[[713, 122]], [[712, 123]], [[711, 124]], [[710, 125]], [[709, 125]], [[708, 125]], [[707, 125]], [[706, 126]], [[705, 127]], [[706, 128]], [[705, 129]], [[705, 130]], [[705, 131]], [[705, 132]], [[705, 133]], [[705, 134]], [[706, 135]], [[705, 136]], [[704, 136]], [[703, 136]], [[704, 137]], [[704, 138]], [[705, 139]], [[706, 139]], [[707, 140]], [[707, 141]], [[708, 142]], [[709, 143]], [[710, 143]], [[711, 143]], [[712, 143]], [[713, 142]], [[714, 141]], [[715, 140]], [[716, 139]], [[717, 139]], [[717, 138]], [[718, 137]], [[719, 136]], [[719, 135]], [[719, 134]], [[720, 133]], [[720, 132]], [[720, 131]], [[719, 130]], [[718, 129]], [[718, 128]], [[717, 127]], [[717, 126]], [[716, 125]], [[716, 124]], [[715, 123]], [[714, 122]]]","[[[[701, 117], [701, 118], [701, 119], [702, 120], [703, 121], [702, 122], [701, 123], [700, 123], [699, 123], [698, 122], [697, 121], [697, 122], [698, 123], [699, 124], [700, 124], [701, 125], [701, 126], [701, 127], [702, 128], [703, 128], [704, 128], [704, 127], [704, 126], [704, 125], [705, 124], [706, 124], [705, 123], [704, 122], [703, 121], [703, 120], [702, 119], [702, 118], [702, 117]]], []]","[226, []]"
129,129,"[[[615, 116]], [[614, 117]], [[613, 117]], [[612, 117]], [[611, 117]], [[610, 117]], [[609, 118]], [[608, 118]], [[608, 119]], [[607, 120]], [[606, 120]], [[605, 120]], [[604, 120]], [[603, 119]], [[602, 119]], [[601, 119]], [[600, 119]], [[599, 120]], [[598, 120]], [[597, 119]], [[596, 119]], [[595, 119]], [[594, 119]], [[593, 119]], [[593, 120]], [[593, 121]], [[593, 122]], [[594, 123]], [[594, 124]], [[593, 125]], [[593, 126]], [[592, 127]], [[591, 127]], [[590, 128]], [[590, 129]], [[589, 130]], [[589, 131]], [[589, 132]], [[589, 133]], [[589, 134]], [[589, 135]], [[589, 136]], [[589, 137]], [[590, 138]], [[591, 139]], [[591, 140]], [[591, 141]], [[591, 142]], [[591, 143]], [[592, 144]], [[592, 145]], [[592, 146]], [[592, 147]], [[592, 148]], [[593, 149]], [[594, 149]], [[595, 150]], [[595, 151]], [[595, 152]], [[596, 151]], [[597, 151]], [[598, 152]], [[599, 152]], [[600, 152]], [[601, 152]], [[602, 152]], [[603, 152]], [[604, 152]], [[605, 152]], [[606, 152]], [[607, 152]], [[608, 151]], [[609, 151]], [[610, 151]], [[611, 150]], [[612, 150]], [[613, 150]], [[614, 149]], [[615, 149]], [[616, 148]], [[617, 148]], [[618, 148]], [[619, 148]], [[619, 147]], [[620, 146]], [[620, 145]], [[620, 144]], [[620, 143]], [[621, 142]], [[622, 141]], [[623, 140]], [[624, 139]], [[625, 138]], [[626, 137]], [[627, 136]], [[627, 135]], [[627, 134]], [[628, 133]], [[629, 132]], [[629, 131]], [[629, 130]], [[629, 129]], [[629, 128]], [[629, 127]], [[629, 126]], [[629, 125]], [[628, 124]], [[628, 123]], [[627, 122]], [[627, 121]], [[626, 120]], [[625, 120]], [[624, 119]], [[623, 119]], [[622, 120]], [[621, 121]], [[620, 121]], [[619, 120]], [[619, 119]], [[619, 118]], [[619, 117]], [[618, 116]], [[617, 116]], [[616, 116]]]","[[], [[[600, 113], [600, 114], [600, 115], [599, 116], [598, 116], [597, 115], [596, 115], [596, 116], [596, 117], [596, 118], [597, 118], [598, 119], [599, 119], [600, 118], [601, 118], [602, 118], [603, 118], [604, 119], [605, 119], [606, 119], [607, 119], [607, 118], [608, 117], [608, 116], [608, 115], [607, 115], [606, 115], [605, 114], [604, 114], [603, 114], [602, 113], [601, 113]]], [[[584, 136], [584, 137], [584, 138], [584, 139], [584, 140], [584, 141], [584, 142], [584, 143], [585, 144], [585, 145], [585, 146], [585, 147], [586, 146], [587, 146], [587, 145], [587, 144], [586, 143], [585, 142], [586, 141], [586, 140], [587, 139], [588, 140], [589, 141], [590, 141], [590, 140], [590, 139], [589, 138], [588, 138], [587, 138], [586, 137], [585, 136]]], [[[590, 149], [590, 150], [590, 151], [589, 152], [588, 152], [589, 153], [590, 153], [591, 153], [592, 153], [593, 153], [594, 154], [594, 155], [595, 155], [596, 156], [597, 156], [598, 156], [599, 156], [600, 156], [601, 155], [601, 154], [600, 154], [599, 154], [598, 155], [597, 155], [596, 154], [595, 153], [594, 152], [594, 151], [594, 150], [593, 150], [592, 149], [591, 149]]]]","[[], 227, 228, 229]"
130,130,"[[[771, 111]], [[770, 112]], [[769, 112]], [[768, 112]], [[767, 112]], [[766, 112]], [[766, 113]], [[766, 114]], [[765, 115]], [[764, 116]], [[763, 115]], [[762, 115]], [[763, 116]], [[763, 117]], [[763, 118]], [[763, 119]], [[763, 120]], [[764, 121]], [[763, 122]], [[762, 122]], [[761, 122]], [[760, 122]], [[759, 122]], [[759, 123]], [[759, 124]], [[760, 125]], [[759, 126]], [[760, 126]], [[760, 125]], [[761, 124]], [[762, 124]], [[763, 125]], [[763, 126]], [[762, 127]], [[762, 128]], [[762, 129]], [[763, 129]], [[764, 129]], [[765, 130]], [[766, 131]], [[765, 132]], [[764, 132]], [[763, 132]], [[762, 132]], [[761, 133]], [[760, 133]], [[759, 134]], [[758, 135]], [[758, 136]], [[758, 137]], [[758, 138]], [[759, 139]], [[759, 140]], [[759, 141]], [[760, 142]], [[761, 142]], [[762, 143]], [[763, 142]], [[764, 142]], [[765, 142]], [[766, 142]], [[767, 141]], [[767, 140]], [[768, 139]], [[768, 138]], [[768, 137]], [[768, 136]], [[768, 135]], [[768, 134]], [[769, 133]], [[770, 132]], [[771, 132]], [[772, 131]], [[773, 131]], [[774, 132]], [[775, 132]], [[776, 132]], [[777, 132]], [[777, 131]], [[778, 130]], [[778, 129]], [[777, 128]], [[777, 127]], [[778, 126]], [[777, 125]], [[777, 124]], [[778, 123]], [[778, 122]], [[778, 121]], [[778, 120]], [[779, 119]], [[779, 118]], [[779, 117]], [[779, 116]], [[778, 115]], [[777, 114]], [[777, 113]], [[776, 113]], [[775, 113]], [[774, 112]], [[774, 111]], [[773, 111]], [[772, 111]]]","[[[[766, 102], [765, 103], [764, 104], [765, 104], [766, 104], [767, 104], [768, 104], [769, 105], [768, 106], [768, 107], [769, 108], [768, 109], [767, 110], [766, 110], [765, 110], [764, 110], [763, 109], [762, 109], [762, 110], [763, 111], [764, 111], [765, 111], [766, 111], [767, 111], [768, 111], [769, 111], [770, 111], [771, 110], [772, 110], [773, 110], [774, 110], [775, 111], [775, 112], [776, 112], [777, 112], [778, 112], [779, 112], [780, 112], [780, 111], [780, 110], [779, 109], [778, 108], [778, 107], [777, 106], [776, 106], [775, 107], [774, 107], [773, 107], [772, 108], [771, 109], [770, 109], [769, 108], [770, 107], [770, 106], [770, 105], [769, 105], [768, 104], [769, 103], [768, 102], [767, 102]]], [[[743, 115], [743, 116], [744, 117], [745, 118], [746, 118], [747, 118], [748, 118], [749, 118], [750, 118], [751, 119], [751, 120], [752, 121], [752, 122], [752, 123], [752, 122], [753, 121], [754, 122], [755, 122], [756, 123], [756, 124], [757, 125], [757, 126], [756, 127], [757, 127], [758, 127], [758, 126], [759, 125], [758, 124], [758, 123], [758, 122], [759, 121], [760, 121], [761, 121], [762, 121], [763, 121], [762, 120], [762, 119], [762, 118], [762, 117], [762, 116], [761, 115], [760, 115], [759, 115], [758, 116], [757, 116], [756, 116], [755, 116], [754, 117], [753, 117], [752, 117], [751, 116], [750, 116], [749, 116], [748, 116], [747, 116], [746, 116], [745, 116], [744, 116]]], []]","[230, 231, []]"
131,131,"[[[217, 103]], [[216, 104]], [[215, 104]], [[214, 104]], [[213, 104]], [[212, 105]], [[212, 106]], [[211, 107]], [[210, 107]], [[210, 108]], [[209, 109]], [[208, 109]], [[207, 110]], [[207, 111]], [[206, 112]], [[205, 113]], [[204, 114]], [[203, 115]], [[203, 116]], [[203, 117]], [[204, 118]], [[205, 119]], [[206, 120]], [[206, 121]], [[207, 122]], [[208, 123]], [[209, 123]], [[210, 122]], [[211, 122]], [[212, 122]], [[213, 122]], [[214, 121]], [[215, 121]], [[216, 122]], [[217, 122]], [[218, 122]], [[219, 122]], [[220, 122]], [[221, 121]], [[222, 120]], [[223, 119]], [[224, 119]], [[225, 119]], [[225, 118]], [[226, 117]], [[227, 117]], [[228, 117]], [[229, 117]], [[230, 116]], [[231, 117]], [[232, 118]], [[233, 117]], [[234, 116]], [[235, 116]], [[235, 115]], [[236, 114]], [[235, 114]], [[234, 113]], [[233, 112]], [[232, 111]], [[231, 111]], [[230, 110]], [[230, 109]], [[229, 109]], [[228, 108]], [[227, 107]], [[226, 106]], [[225, 106]], [[224, 106]], [[223, 105]], [[222, 105]], [[221, 104]], [[220, 104]], [[219, 104]], [[218, 104]]]",[[]],[]
132,132,"[[[653, 93]], [[652, 94]], [[651, 95]], [[651, 96]], [[650, 97]], [[649, 98]], [[649, 99]], [[648, 100]], [[648, 101]], [[648, 102]], [[648, 103]], [[648, 104]], [[648, 105]], [[648, 106]], [[648, 107]], [[648, 108]], [[648, 109]], [[649, 110]], [[649, 111]], [[649, 112]], [[649, 113]], [[650, 114]], [[651, 115]], [[652, 116]], [[653, 117]], [[654, 117]], [[655, 117]], [[656, 118]], [[657, 118]], [[658, 119]], [[659, 119]], [[660, 120]], [[661, 121]], [[662, 122]], [[663, 122]], [[664, 123]], [[665, 124]], [[666, 125]], [[667, 126]], [[668, 126]], [[669, 127]], [[670, 128]], [[670, 129]], [[671, 130]], [[671, 131]], [[672, 132]], [[672, 133]], [[672, 134]], [[672, 135]], [[672, 136]], [[671, 137]], [[672, 138]], [[673, 139]], [[673, 140]], [[674, 141]], [[674, 142]], [[674, 143]], [[674, 144]], [[675, 145]], [[675, 146]], [[675, 147]], [[675, 148]], [[676, 149]], [[676, 150]], [[676, 151]], [[676, 152]], [[676, 153]], [[677, 154]], [[677, 155]], [[678, 156]], [[678, 157]], [[677, 158]], [[678, 159]], [[679, 160]], [[680, 161]], [[681, 161]], [[682, 161]], [[683, 161]], [[684, 161]], [[685, 161]], [[686, 160]], [[687, 159]], [[688, 158]], [[689, 157]], [[690, 157]], [[691, 156]], [[692, 155]], [[693, 155]], [[694, 155]], [[695, 155]], [[696, 155]], [[697, 155]], [[698, 154]], [[699, 153]], [[699, 152]], [[700, 151]], [[701, 150]], [[701, 149]], [[702, 148]], [[702, 147]], [[703, 146]], [[703, 145]], [[703, 144]], [[703, 143]], [[702, 142]], [[702, 141]], [[701, 140]], [[701, 139]], [[700, 138]], [[700, 137]], [[700, 136]], [[699, 135]], [[699, 134]], [[698, 133]], [[698, 132]], [[698, 131]], [[697, 130]], [[697, 129]], [[697, 128]], [[697, 127]], [[697, 126]], [[696, 125]], [[696, 124]], [[696, 123]], [[696, 122]], [[695, 121]], [[695, 120]], [[695, 119]], [[695, 118]], [[694, 117]], [[694, 116]], [[693, 115]], [[693, 114]], [[693, 113]], [[693, 112]], [[692, 111]], [[691, 110]], [[691, 109]], [[690, 109]], [[689, 108]], [[688, 108]], [[687, 108]], [[686, 107]], [[685, 108]], [[684, 107]], [[683, 107]], [[682, 106]], [[681, 105]], [[681, 104]], [[681, 103]], [[681, 102]], [[681, 101]], [[680, 100]], [[680, 99]], [[681, 98]], [[680, 97]], [[680, 96]], [[679, 95]], [[678, 95]], [[677, 94]], [[676, 94]], [[675, 94]], [[674, 93]], [[673, 94]], [[672, 94]], [[671, 94]], [[670, 94]], [[669, 95]], [[668, 95]], [[667, 95]], [[666, 95]], [[665, 95]], [[664, 94]], [[663, 94]], [[662, 94]], [[661, 94]], [[660, 94]], [[659, 94]], [[658, 93]], [[657, 93]], [[656, 93]], [[655, 93]], [[654, 93]]]","[[], [[[701, 117], [701, 118], [701, 119], [702, 120], [703, 121], [702, 122], [701, 123], [700, 123], [699, 123], [698, 122], [697, 121], [697, 122], [698, 123], [699, 124], [700, 124], [701, 125], [701, 126], [701, 127], [702, 128], [703, 128], [704, 128], [704, 127], [704, 126], [704, 125], [705, 124], [706, 124], [705, 123], [704, 122], [703, 121], [703, 120], [702, 119], [702, 118], [702, 117]]]]","[[], 226]"
133,133,"[[[432, 89]], [[431, 90]], [[430, 91]], [[429, 91]], [[428, 92]], [[427, 93]], [[427, 94]], [[427, 95]], [[427, 96]], [[426, 97]], [[426, 98]], [[426, 99]], [[426, 100]], [[426, 101]], [[426, 102]], [[426, 103]], [[426, 104]], [[427, 105]], [[427, 106]], [[428, 107]], [[429, 107]], [[430, 107]], [[431, 106]], [[432, 107]], [[433, 107]], [[434, 107]], [[435, 107]], [[436, 107]], [[437, 106]], [[438, 105]], [[439, 104]], [[439, 103]], [[439, 102]], [[439, 101]], [[439, 100]], [[439, 99]], [[439, 98]], [[440, 97]], [[440, 96]], [[439, 95]], [[439, 94]], [[439, 93]], [[438, 92]], [[437, 91]], [[436, 90]], [[435, 89]], [[434, 89]], [[433, 89]]]",[[]],[]
134,134,"[[[714, 79]], [[713, 80]], [[712, 81]], [[711, 81]], [[710, 82]], [[709, 83]], [[710, 84]], [[710, 85]], [[710, 86]], [[709, 87]], [[708, 87]], [[707, 87]], [[706, 87]], [[705, 87]], [[704, 86]], [[703, 86]], [[702, 86]], [[701, 85]], [[700, 85]], [[699, 85]], [[698, 85]], [[697, 85]], [[696, 84]], [[695, 84]], [[694, 85]], [[693, 85]], [[692, 86]], [[692, 87]], [[692, 88]], [[692, 89]], [[692, 90]], [[692, 91]], [[692, 92]], [[693, 93]], [[693, 94]], [[693, 95]], [[694, 96]], [[694, 97]], [[695, 98]], [[695, 99]], [[696, 99]], [[697, 100]], [[698, 100]], [[699, 101]], [[700, 102]], [[700, 103]], [[701, 103]], [[702, 104]], [[703, 104]], [[704, 105]], [[705, 105]], [[706, 106]], [[707, 106]], [[708, 107]], [[709, 107]], [[710, 107]], [[711, 107]], [[712, 107]], [[713, 107]], [[714, 107]], [[715, 107]], [[716, 107]], [[717, 107]], [[717, 106]], [[718, 105]], [[718, 104]], [[719, 103]], [[720, 103]], [[720, 102]], [[721, 101]], [[721, 100]], [[722, 99]], [[723, 99]], [[723, 98]], [[723, 97]], [[723, 96]], [[723, 95]], [[724, 94]], [[723, 93]], [[723, 92]], [[722, 91]], [[721, 90]], [[720, 90]], [[719, 89]], [[718, 89]], [[717, 88]], [[716, 88]], [[715, 87]], [[715, 86]], [[715, 85]], [[716, 84]], [[717, 85]], [[716, 84]], [[717, 83]], [[718, 82]], [[718, 81]], [[717, 81]], [[716, 80]], [[715, 79]]]","[[[[691, 85], [690, 86], [690, 87], [690, 88], [689, 89], [688, 90], [688, 91], [689, 92], [689, 93], [688, 94], [688, 95], [689, 96], [689, 97], [689, 98], [689, 99], [690, 98], [691, 98], [692, 97], [693, 97], [693, 96], [692, 95], [692, 94], [692, 93], [691, 92], [691, 91], [691, 90], [691, 89], [691, 88], [691, 87], [691, 86]]], []]","[233, []]"
135,135,"[[[123, 79]], [[122, 80]], [[121, 80]], [[120, 81]], [[119, 82]], [[118, 82]], [[117, 83]], [[117, 84]], [[116, 85]], [[116, 86]], [[115, 87]], [[115, 88]], [[114, 89]], [[113, 90]], [[113, 91]], [[112, 92]], [[113, 93]], [[112, 94]], [[112, 95]], [[112, 96]], [[111, 97]], [[110, 98]], [[110, 99]], [[109, 100]], [[109, 101]], [[109, 102]], [[108, 103]], [[108, 104]], [[107, 105]], [[107, 106]], [[106, 107]], [[106, 108]], [[106, 109]], [[105, 110]], [[105, 111]], [[105, 112]], [[104, 113]], [[104, 114]], [[103, 115]], [[103, 116]], [[103, 117]], [[103, 118]], [[103, 119]], [[102, 120]], [[102, 121]], [[103, 122]], [[103, 123]], [[104, 124]], [[104, 125]], [[105, 126]], [[105, 127]], [[106, 128]], [[107, 129]], [[108, 129]], [[109, 130]], [[109, 131]], [[110, 131]], [[111, 132]], [[112, 132]], [[113, 133]], [[114, 133]], [[115, 133]], [[116, 133]], [[117, 133]], [[118, 133]], [[119, 134]], [[120, 135]], [[120, 136]], [[121, 137]], [[121, 138]], [[121, 139]], [[122, 140]], [[122, 141]], [[123, 142]], [[123, 143]], [[124, 144]], [[124, 145]], [[123, 146]], [[122, 147]], [[121, 148]], [[120, 148]], [[119, 149]], [[118, 149]], [[117, 150]], [[116, 151]], [[115, 152]], [[114, 153]], [[113, 154]], [[112, 155]], [[111, 156]], [[111, 157]], [[110, 158]], [[109, 158]], [[110, 159]], [[110, 160]], [[110, 161]], [[110, 162]], [[111, 163]], [[111, 164]], [[111, 165]], [[111, 166]], [[111, 167]], [[112, 168]], [[113, 169]], [[113, 170]], [[113, 171]], [[113, 172]], [[113, 173]], [[113, 174]], [[114, 175]], [[115, 175]], [[116, 175]], [[117, 175]], [[118, 175]], [[119, 175]], [[120, 175]], [[121, 175]], [[122, 174]], [[123, 173]], [[124, 173]], [[125, 172]], [[125, 171]], [[126, 170]], [[127, 169]], [[127, 168]], [[128, 167]], [[129, 166]], [[130, 166]], [[131, 166]], [[132, 165]], [[133, 165]], [[134, 165]], [[135, 164]], [[136, 164]], [[137, 164]], [[138, 164]], [[139, 164]], [[140, 165]], [[141, 166]], [[141, 167]], [[140, 168]], [[139, 169]], [[138, 170]], [[137, 170]], [[136, 171]], [[135, 172]], [[134, 173]], [[133, 174]], [[132, 175]], [[131, 175]], [[130, 175]], [[129, 175]], [[128, 176]], [[127, 176]], [[126, 176]], [[125, 177]], [[124, 178]], [[123, 179]], [[122, 180]], [[121, 181]], [[120, 182]], [[119, 183]], [[118, 183]], [[117, 184]], [[116, 184]], [[115, 185]], [[114, 186]], [[113, 187]], [[112, 188]], [[111, 189]], [[111, 190]], [[110, 191]], [[109, 191]], [[110, 192]], [[110, 193]], [[109, 194]], [[109, 195]], [[108, 196]], [[108, 197]], [[108, 198]], [[108, 199]], [[107, 200]], [[107, 201]], [[107, 202]], [[107, 203]], [[107, 204]], [[107, 205]], [[107, 206]], [[107, 207]], [[107, 208]], [[107, 209]], [[108, 210]], [[108, 211]], [[108, 212]], [[109, 213]], [[109, 214]], [[109, 215]], [[109, 216]], [[110, 217]], [[111, 218]], [[111, 219]], [[111, 220]], [[110, 221]], [[111, 221]], [[112, 222]], [[112, 223]], [[112, 224]], [[112, 225]], [[113, 226]], [[114, 227]], [[114, 228]], [[113, 229]], [[114, 229]], [[115, 230]], [[116, 231]], [[117, 232]], [[118, 233]], [[119, 233]], [[120, 233]], [[121, 234]], [[122, 235]], [[123, 236]], [[124, 237]], [[125, 236]], [[126, 236]], [[127, 235]], [[128, 235]], [[129, 235]], [[130, 235]], [[131, 236]], [[132, 236]], [[133, 237]], [[134, 237]], [[135, 238]], [[136, 238]], [[137, 238]], [[138, 237]], [[139, 237]], [[140, 236]], [[140, 235]], [[140, 234]], [[140, 233]], [[140, 232]], [[140, 231]], [[140, 230]], [[140, 229]], [[140, 228]], [[140, 227]], [[140, 226]], [[140, 225]], [[140, 224]], [[141, 223]], [[142, 223]], [[143, 222]], [[144, 222]], [[145, 222]], [[146, 221]], [[147, 221]], [[148, 221]], [[149, 221]], [[150, 222]], [[151, 222]], [[152, 223]], [[153, 223]], [[154, 224]], [[155, 224]], [[156, 224]], [[157, 225]], [[158, 226]], [[159, 227]], [[159, 228]], [[160, 229]], [[161, 230]], [[162, 231]], [[163, 232]], [[164, 232]], [[165, 232]], [[166, 232]], [[167, 231]], [[168, 231]], [[169, 230]], [[170, 230]], [[171, 229]], [[171, 228]], [[172, 227]], [[173, 227]], [[174, 226]], [[175, 226]], [[176, 225]], [[177, 225]], [[178, 224]], [[179, 223]], [[179, 222]], [[180, 221]], [[181, 220]], [[182, 220]], [[183, 219]], [[183, 218]], [[183, 217]], [[184, 216]], [[184, 215]], [[185, 214]], [[185, 213]], [[186, 212]], [[187, 211]], [[187, 210]], [[188, 209]], [[188, 208]], [[188, 207]], [[188, 206]], [[188, 205]], [[188, 204]], [[188, 203]], [[188, 202]], [[189, 201]], [[189, 200]], [[189, 199]], [[188, 198]], [[188, 197]], [[188, 196]], [[188, 195]], [[188, 194]], [[188, 193]], [[188, 192]], [[188, 191]], [[187, 190]], [[187, 189]], [[186, 189]], [[185, 189]], [[184, 189]], [[183, 188]], [[182, 188]], [[181, 187]], [[181, 186]], [[181, 185]], [[181, 184]], [[181, 183]], [[181, 182]], [[181, 181]], [[181, 180]], [[181, 179]], [[180, 178]], [[180, 177]], [[179, 176]], [[178, 175]], [[177, 175]], [[176, 174]], [[175, 174]], [[174, 175]], [[173, 175]], [[172, 176]], [[171, 177]], [[170, 177]], [[169, 178]], [[168, 178]], [[167, 177]], [[166, 176]], [[166, 175]], [[165, 175]], [[164, 176]], [[163, 176]], [[163, 177]], [[162, 178]], [[161, 179]], [[160, 179]], [[159, 178]], [[159, 177]], [[159, 176]], [[160, 175]], [[161, 174]], [[162, 173]], [[161, 172]], [[160, 171]], [[159, 170]], [[158, 169]], [[158, 168]], [[158, 167]], [[158, 166]], [[159, 165]], [[160, 164]], [[160, 163]], [[161, 162]], [[162, 162]], [[163, 161]], [[164, 161]], [[165, 161]], [[166, 161]], [[167, 161]], [[168, 161]], [[169, 161]], [[170, 160]], [[171, 159]], [[172, 158]], [[172, 157]], [[173, 156]], [[174, 155]], [[174, 154]], [[174, 153]], [[174, 152]], [[175, 151]], [[175, 150]], [[175, 149]], [[175, 148]], [[175, 147]], [[174, 146]], [[174, 145]], [[175, 144]], [[176, 144]], [[176, 143]], [[177, 142]], [[178, 143]], [[178, 144]], [[179, 143]], [[180, 143]], [[181, 144]], [[182, 145]], [[182, 146]], [[182, 147]], [[183, 148]], [[183, 149]], [[183, 150]], [[183, 151]], [[183, 152]], [[184, 153]], [[185, 154]], [[186, 153]], [[187, 153]], [[188, 152]], [[189, 152]], [[190, 151]], [[191, 151]], [[192, 151]], [[193, 151]], [[194, 152]], [[195, 153]], [[196, 154]], [[196, 155]], [[195, 156]], [[194, 156]], [[193, 157]], [[192, 157]], [[191, 158]], [[190, 158]], [[190, 159]], [[189, 160]], [[188, 161]], [[188, 162]], [[187, 163]], [[187, 164]], [[187, 165]], [[188, 166]], [[189, 166]], [[190, 167]], [[190, 168]], [[191, 168]], [[192, 169]], [[193, 170]], [[194, 170]], [[195, 171]], [[196, 172]], [[197, 173]], [[198, 174]], [[198, 175]], [[199, 176]], [[200, 177]], [[201, 177]], [[202, 178]], [[202, 179]], [[203, 179]], [[204, 179]], [[205, 180]], [[206, 180]], [[207, 181]], [[208, 182]], [[209, 183]], [[210, 183]], [[211, 183]], [[212, 183]], [[213, 184]], [[214, 184]], [[215, 184]], [[216, 184]], [[217, 183]], [[217, 182]], [[218, 181]], [[218, 180]], [[218, 179]], [[219, 178]], [[219, 177]], [[219, 176]], [[218, 175]], [[217, 175]], [[216, 174]], [[215, 173]], [[214, 172]], [[214, 171]], [[214, 170]], [[213, 169]], [[212, 168]], [[212, 167]], [[212, 166]], [[212, 165]], [[211, 164]], [[210, 163]], [[210, 162]], [[210, 161]], [[210, 160]], [[209, 159]], [[208, 158]], [[207, 157]], [[206, 156]], [[205, 155]], [[204, 155]], [[203, 155]], [[202, 154]], [[203, 153]], [[204, 152]], [[205, 151]], [[206, 150]], [[206, 149]], [[207, 148]], [[207, 147]], [[208, 146]], [[209, 145]], [[210, 145]], [[211, 145]], [[212, 145]], [[213, 144]], [[214, 143]], [[214, 142]], [[214, 141]], [[215, 140]], [[215, 139]], [[214, 138]], [[214, 137]], [[213, 136]], [[212, 136]], [[211, 135]], [[210, 134]], [[209, 133]], [[208, 132]], [[207, 132]], [[206, 131]], [[205, 131]], [[204, 131]], [[203, 131]], [[202, 131]], [[201, 131]], [[200, 131]], [[199, 131]], [[198, 131]], [[197, 131]], [[196, 131]], [[195, 131]], [[194, 131]], [[193, 131]], [[192, 132]], [[191, 132]], [[190, 132]], [[189, 132]], [[188, 132]], [[187, 132]], [[186, 132]], [[185, 132]], [[184, 131]], [[183, 130]], [[183, 129]], [[183, 128]], [[183, 127]], [[183, 126]], [[183, 125]], [[182, 124]], [[182, 123]], [[182, 122]], [[181, 121]], [[181, 120]], [[181, 119]], [[180, 118]], [[180, 117]], [[180, 116]], [[179, 115]], [[179, 114]], [[178, 113]], [[178, 112]], [[178, 111]], [[177, 110]], [[177, 109]], [[177, 108]], [[176, 107]], [[176, 106]], [[176, 105]], [[175, 104]], [[174, 103]], [[174, 102]], [[175, 101]], [[174, 102]], [[173, 101]], [[172, 100]], [[172, 99]], [[172, 98]], [[172, 97]], [[172, 96]], [[172, 95]], [[172, 94]], [[171, 93]], [[171, 92]], [[171, 91]], [[170, 91]], [[169, 91]], [[168, 90]], [[167, 90]], [[166, 90]], [[165, 89]], [[164, 89]], [[163, 89]], [[162, 89]], [[161, 90]], [[160, 90]], [[159, 90]], [[158, 90]], [[157, 90]], [[156, 90]], [[155, 90]], [[154, 90]], [[153, 89]], [[152, 89]], [[151, 89]], [[150, 89]], [[149, 90]], [[148, 91]], [[147, 91]], [[146, 92]], [[145, 92]], [[144, 92]], [[143, 92]], [[142, 91]], [[142, 90]], [[141, 89]], [[140, 88]], [[140, 87]], [[139, 86]], [[138, 85]], [[138, 84]], [[137, 83]], [[137, 82]], [[136, 81]], [[135, 80]], [[134, 80]], [[133, 80]], [[132, 80]], [[131, 79]], [[130, 79]], [[129, 79]], [[128, 79]], [[127, 79]], [[126, 79]], [[125, 79]], [[124, 79]]]","[[], [[[190, 152], [189, 153], [188, 153], [187, 154], [186, 155], [185, 155], [184, 154], [183, 153], [182, 154], [183, 155], [184, 156], [185, 157], [186, 157], [187, 157], [186, 156], [186, 155], [187, 154], [188, 154], [189, 155], [190, 154], [191, 154], [192, 155], [193, 155], [194, 155], [195, 155], [195, 154], [194, 153], [193, 152], [192, 152], [191, 152]]]]","[[], 234]"
136,136,"[[[512, 68]], [[511, 69]], [[510, 69]], [[509, 69]], [[508, 69]], [[507, 70]], [[506, 70]], [[505, 70]], [[505, 71]], [[504, 72]], [[503, 72]], [[502, 73]], [[501, 72]], [[500, 72]], [[499, 71]], [[498, 71]], [[497, 71]], [[496, 70]], [[495, 70]], [[494, 70]], [[493, 70]], [[492, 70]], [[491, 71]], [[490, 71]], [[489, 72]], [[488, 72]], [[487, 72]], [[486, 73]], [[485, 73]], [[485, 74]], [[484, 75]], [[483, 75]], [[482, 76]], [[481, 77]], [[480, 77]], [[479, 78]], [[478, 79]], [[478, 80]], [[477, 81]], [[477, 82]], [[476, 83]], [[475, 84]], [[475, 85]], [[474, 86]], [[474, 87]], [[474, 88]], [[473, 89]], [[472, 90]], [[471, 91]], [[471, 92]], [[471, 93]], [[471, 94]], [[470, 95]], [[470, 96]], [[470, 97]], [[469, 98]], [[468, 99]], [[469, 100]], [[469, 101]], [[470, 102]], [[470, 103]], [[470, 104]], [[470, 105]], [[470, 106]], [[471, 107]], [[472, 108]], [[472, 109]], [[473, 110]], [[473, 111]], [[474, 112]], [[474, 113]], [[474, 114]], [[473, 115]], [[473, 116]], [[473, 117]], [[474, 118]], [[474, 119]], [[474, 120]], [[475, 121]], [[475, 122]], [[475, 123]], [[475, 124]], [[475, 125]], [[475, 126]], [[474, 127]], [[473, 127]], [[472, 128]], [[471, 128]], [[470, 129]], [[469, 130]], [[468, 131]], [[468, 132]], [[467, 133]], [[466, 134]], [[466, 135]], [[465, 136]], [[464, 137]], [[464, 138]], [[464, 139]], [[463, 140]], [[464, 140]], [[465, 141]], [[465, 142]], [[465, 143]], [[466, 144]], [[466, 145]], [[467, 146]], [[467, 147]], [[467, 148]], [[467, 149]], [[468, 150]], [[469, 150]], [[470, 151]], [[471, 151]], [[472, 152]], [[473, 152]], [[474, 152]], [[475, 152]], [[476, 152]], [[477, 152]], [[478, 152]], [[479, 151]], [[480, 150]], [[481, 150]], [[482, 150]], [[483, 150]], [[484, 149]], [[485, 149]], [[486, 148]], [[487, 148]], [[488, 147]], [[489, 147]], [[490, 146]], [[491, 146]], [[492, 146]], [[493, 145]], [[494, 145]], [[495, 144]], [[496, 144]], [[497, 143]], [[498, 144]], [[499, 145]], [[500, 146]], [[501, 147]], [[502, 147]], [[503, 147]], [[504, 148]], [[505, 148]], [[506, 148]], [[507, 148]], [[508, 149]], [[509, 150]], [[509, 151]], [[510, 152]], [[510, 153]], [[511, 154]], [[512, 154]], [[513, 154]], [[514, 155]], [[515, 155]], [[516, 155]], [[517, 155]], [[518, 155]], [[519, 155]], [[520, 155]], [[521, 155]], [[522, 154]], [[523, 154]], [[524, 154]], [[525, 154]], [[525, 153]], [[525, 152]], [[526, 151]], [[527, 151]], [[528, 152]], [[528, 153]], [[528, 154]], [[529, 155]], [[529, 156]], [[529, 157]], [[530, 158]], [[530, 159]], [[530, 160]], [[530, 161]], [[531, 162]], [[532, 163]], [[532, 164]], [[532, 165]], [[533, 166]], [[533, 167]], [[533, 168]], [[534, 169]], [[534, 170]], [[534, 171]], [[535, 171]], [[536, 172]], [[536, 173]], [[537, 174]], [[538, 175]], [[539, 176]], [[540, 176]], [[541, 177]], [[542, 178]], [[543, 177]], [[544, 177]], [[545, 177]], [[546, 176]], [[547, 175]], [[547, 174]], [[548, 173]], [[549, 172]], [[550, 171]], [[551, 170]], [[552, 169]], [[553, 168]], [[553, 167]], [[553, 166]], [[554, 165]], [[554, 164]], [[554, 163]], [[555, 162]], [[556, 161]], [[557, 161]], [[558, 161]], [[559, 162]], [[560, 162]], [[561, 162]], [[562, 162]], [[563, 163]], [[564, 163]], [[565, 164]], [[566, 163]], [[567, 164]], [[568, 163]], [[569, 163]], [[570, 163]], [[571, 163]], [[572, 163]], [[573, 162]], [[574, 162]], [[575, 161]], [[576, 160]], [[577, 160]], [[578, 159]], [[579, 158]], [[579, 157]], [[579, 156]], [[580, 155]], [[581, 154]], [[581, 153]], [[582, 152]], [[582, 151]], [[583, 150]], [[583, 149]], [[583, 148]], [[583, 147]], [[583, 146]], [[584, 145]], [[583, 144]], [[583, 143]], [[583, 142]], [[583, 141]], [[583, 140]], [[583, 139]], [[582, 138]], [[582, 137]], [[581, 136]], [[581, 135]], [[581, 134]], [[582, 133]], [[582, 132]], [[583, 131]], [[583, 130]], [[584, 129]], [[585, 129]], [[585, 128]], [[586, 127]], [[587, 126]], [[586, 125]], [[585, 124]], [[585, 123]], [[585, 122]], [[585, 121]], [[585, 120]], [[585, 119]], [[584, 118]], [[584, 117]], [[583, 116]], [[582, 115]], [[581, 114]], [[580, 113]], [[580, 112]], [[579, 111]], [[578, 112]], [[577, 111]], [[576, 112]], [[575, 111]], [[575, 112]], [[574, 113]], [[573, 113]], [[572, 114]], [[571, 114]], [[570, 114]], [[570, 115]], [[569, 116]], [[568, 116]], [[567, 116]], [[566, 116]], [[565, 117]], [[564, 117]], [[563, 118]], [[562, 119]], [[561, 119]], [[560, 119]], [[559, 119]], [[558, 119]], [[557, 118]], [[556, 117]], [[556, 116]], [[555, 116]], [[554, 115]], [[553, 116]], [[552, 115]], [[551, 115]], [[550, 114]], [[549, 113]], [[549, 112]], [[550, 111]], [[550, 110]], [[550, 109]], [[549, 108]], [[548, 107]], [[548, 108]], [[547, 109]], [[546, 109]], [[546, 110]], [[546, 111]], [[545, 112]], [[546, 112]], [[547, 113]], [[548, 114]], [[548, 115]], [[548, 116]], [[549, 117]], [[550, 118]], [[551, 118]], [[552, 118]], [[553, 117]], [[554, 117]], [[555, 117]], [[556, 117]], [[557, 118]], [[558, 119]], [[557, 120]], [[556, 120]], [[555, 121]], [[554, 121]], [[553, 122]], [[552, 122]], [[551, 122]], [[550, 123]], [[549, 123]], [[548, 124]], [[547, 124]], [[546, 124]], [[545, 123]], [[544, 122]], [[544, 121]], [[543, 120]], [[542, 119]], [[542, 118]], [[541, 117]], [[540, 116]], [[540, 115]], [[539, 114]], [[538, 113]], [[538, 112]], [[537, 111]], [[537, 110]], [[537, 109]], [[536, 108]], [[535, 107]], [[535, 106]], [[534, 105]], [[533, 104]], [[532, 103]], [[533, 102]], [[534, 102]], [[535, 102]], [[536, 102]], [[537, 101]], [[538, 101]], [[538, 100]], [[539, 99]], [[539, 98]], [[540, 97]], [[541, 96]], [[542, 96]], [[543, 97]], [[543, 98]], [[542, 99]], [[541, 100]], [[541, 101]], [[540, 102]], [[541, 103]], [[542, 104]], [[543, 105]], [[544, 105]], [[545, 106]], [[546, 105]], [[547, 105]], [[548, 105]], [[548, 104]], [[549, 103]], [[549, 102]], [[550, 101]], [[550, 100]], [[550, 99]], [[549, 99]], [[548, 99]], [[547, 98]], [[546, 98]], [[545, 97]], [[545, 96]], [[545, 95]], [[545, 94]], [[545, 93]], [[544, 92]], [[544, 91]], [[544, 90]], [[543, 89]], [[543, 88]], [[542, 88]], [[541, 88]], [[540, 87]], [[539, 86]], [[538, 85]], [[537, 85]], [[536, 84]], [[535, 83]], [[534, 82]], [[533, 81]], [[532, 80]], [[532, 79]], [[531, 78]], [[531, 77]], [[531, 76]], [[530, 75]], [[530, 74]], [[530, 73]], [[529, 72]], [[528, 71]], [[527, 70]], [[526, 70]], [[525, 69]], [[524, 69]], [[523, 69]], [[522, 69]], [[521, 68]], [[520, 68]], [[519, 68]], [[518, 68]], [[517, 68]], [[516, 68]], [[515, 68]], [[514, 68]], [[513, 68]]]","[[], [[[519, 175], [518, 176], [519, 177], [520, 178], [521, 179], [522, 180], [523, 180], [524, 179], [525, 179], [526, 179], [527, 179], [528, 180], [529, 181], [530, 182], [530, 183], [530, 184], [531, 185], [532, 185], [533, 186], [534, 186], [535, 186], [536, 187], [537, 188], [538, 189], [538, 190], [538, 191], [538, 192], [537, 193], [536, 193], [536, 194], [536, 195], [537, 196], [538, 196], [539, 195], [539, 194], [538, 193], [538, 192], [539, 191], [540, 191], [539, 190], [539, 189], [538, 188], [538, 187], [538, 186], [537, 186], [536, 185], [535, 184], [536, 183], [537, 182], [538, 182], [539, 182], [540, 182], [541, 181], [541, 180], [541, 179], [540, 178], [540, 177], [539, 177], [538, 177], [538, 178], [538, 179], [537, 180], [536, 180], [535, 179], [534, 180], [533, 180], [532, 180], [531, 179], [530, 179], [529, 179], [528, 178], [527, 177], [526, 177], [525, 177], [524, 177], [523, 178], [522, 178], [521, 177], [520, 176]]], [[[584, 136], [584, 137], [584, 138], [584, 139], [584, 140], [584, 141], [584, 142], [584, 143], [585, 144], [585, 145], [585, 146], [585, 147], [586, 146], [587, 146], [587, 145], [587, 144], [586, 143], [585, 142], [586, 141], [586, 140], [587, 139], [588, 140], [589, 141], [590, 141], [590, 140], [590, 139], [589, 138], [588, 138], [587, 138], [586, 137], [585, 136]]], [[[541, 97], [540, 98], [540, 99], [539, 100], [539, 101], [538, 102], [537, 102], [536, 103], [535, 103], [534, 103], [533, 103], [534, 104], [535, 105], [536, 106], [536, 107], [537, 108], [538, 109], [538, 110], [538, 111], [539, 112], [539, 113], [540, 114], [541, 115], [541, 116], [542, 117], [543, 118], [543, 119], [544, 120], [545, 121], [545, 122], [546, 123], [547, 123], [548, 123], [549, 122], [550, 122], [551, 121], [552, 121], [553, 121], [554, 120], [555, 120], [554, 120], [553, 119], [552, 119], [551, 120], [550, 120], [549, 120], [548, 120], [547, 120], [546, 119], [545, 118], [544, 117], [544, 116], [544, 115], [544, 114], [544, 113], [544, 112], [545, 111], [545, 110], [545, 109], [545, 108], [545, 107], [544, 106], [543, 106], [542, 105], [541, 104], [540, 104], [539, 103], [539, 102], [540, 101], [540, 100], [541, 99], [542, 98], [542, 97]]]]","[[], 235, 228, 237]"
137,137,"[[[618, 58]], [[617, 59]], [[616, 59]], [[615, 59]], [[614, 59]], [[613, 59]], [[612, 60]], [[612, 61]], [[611, 62]], [[611, 63]], [[610, 64]], [[610, 65]], [[610, 66]], [[610, 67]], [[609, 68]], [[609, 69]], [[609, 70]], [[608, 71]], [[607, 72]], [[606, 73]], [[605, 74]], [[605, 75]], [[605, 76]], [[605, 77]], [[604, 78]], [[604, 79]], [[605, 80]], [[606, 81]], [[607, 81]], [[608, 82]], [[609, 82]], [[610, 83]], [[611, 84]], [[612, 84]], [[613, 84]], [[614, 85]], [[615, 85]], [[616, 85]], [[617, 85]], [[618, 85]], [[619, 85]], [[620, 86]], [[621, 86]], [[622, 86]], [[623, 86]], [[624, 86]], [[625, 85]], [[626, 85]], [[627, 85]], [[628, 85]], [[629, 84]], [[630, 83]], [[631, 83]], [[632, 82]], [[633, 81]], [[634, 81]], [[635, 80]], [[636, 79]], [[637, 78]], [[638, 77]], [[639, 77]], [[640, 76]], [[641, 75]], [[642, 74]], [[643, 73]], [[644, 72]], [[644, 71]], [[645, 70]], [[645, 69]], [[645, 68]], [[645, 67]], [[644, 67]], [[643, 66]], [[642, 65]], [[641, 65]], [[640, 64]], [[639, 64]], [[638, 64]], [[637, 63]], [[636, 63]], [[635, 62]], [[634, 62]], [[633, 62]], [[632, 61]], [[631, 61]], [[630, 61]], [[629, 61]], [[628, 61]], [[627, 61]], [[626, 60]], [[625, 60]], [[624, 60]], [[623, 60]], [[622, 59]], [[621, 59]], [[620, 58]], [[619, 58]]]",[[]],[]
138,138,"[[[80, 48]], [[79, 49]], [[78, 50]], [[77, 51]], [[76, 51]], [[75, 51]], [[74, 51]], [[73, 51]], [[72, 52]], [[71, 52]], [[70, 52]], [[70, 53]], [[69, 54]], [[70, 55]], [[70, 56]], [[70, 57]], [[70, 58]], [[71, 59]], [[72, 60]], [[73, 61]], [[74, 62]], [[75, 62]], [[76, 63]], [[77, 63]], [[78, 64]], [[78, 65]], [[79, 66]], [[79, 67]], [[80, 68]], [[80, 69]], [[81, 70]], [[82, 71]], [[82, 72]], [[83, 73]], [[84, 74]], [[85, 75]], [[85, 76]], [[86, 76]], [[87, 77]], [[88, 78]], [[89, 78]], [[90, 79]], [[91, 80]], [[92, 81]], [[92, 82]], [[93, 83]], [[94, 83]], [[95, 84]], [[96, 84]], [[97, 84]], [[98, 84]], [[99, 84]], [[100, 84]], [[101, 84]], [[102, 83]], [[103, 83]], [[104, 83]], [[105, 82]], [[106, 82]], [[107, 82]], [[108, 81]], [[109, 81]], [[110, 80]], [[111, 80]], [[112, 80]], [[113, 80]], [[114, 79]], [[115, 79]], [[115, 78]], [[115, 77]], [[115, 76]], [[115, 75]], [[114, 74]], [[114, 73]], [[114, 72]], [[113, 71]], [[113, 70]], [[112, 69]], [[112, 68]], [[111, 67]], [[111, 66]], [[110, 65]], [[109, 65]], [[108, 64]], [[107, 63]], [[106, 62]], [[105, 61]], [[104, 60]], [[103, 59]], [[102, 58]], [[102, 57]], [[101, 56]], [[101, 55]], [[100, 55]], [[99, 55]], [[98, 54]], [[97, 53]], [[96, 53]], [[95, 52]], [[94, 52]], [[93, 52]], [[92, 51]], [[91, 51]], [[90, 51]], [[89, 51]], [[88, 51]], [[87, 50]], [[86, 49]], [[85, 49]], [[84, 49]], [[83, 49]], [[82, 49]], [[81, 49]]]",[[]],[]
139,139,"[[[423, 39]], [[422, 40]], [[422, 41]], [[421, 42]], [[420, 42]], [[420, 43]], [[419, 44]], [[418, 45]], [[417, 45]], [[416, 45]], [[415, 46]], [[414, 47]], [[413, 47]], [[412, 48]], [[411, 49]], [[411, 50]], [[410, 51]], [[410, 52]], [[411, 53]], [[411, 54]], [[411, 55]], [[410, 56]], [[410, 57]], [[410, 58]], [[410, 59]], [[410, 60]], [[410, 61]], [[411, 62]], [[411, 63]], [[411, 64]], [[411, 65]], [[412, 66]], [[412, 67]], [[412, 68]], [[413, 69]], [[414, 69]], [[415, 70]], [[416, 71]], [[417, 72]], [[418, 72]], [[419, 72]], [[420, 72]], [[421, 71]], [[422, 71]], [[423, 71]], [[423, 70]], [[424, 69]], [[424, 68]], [[425, 67]], [[426, 66]], [[427, 65]], [[428, 64]], [[429, 63]], [[429, 62]], [[430, 61]], [[431, 61]], [[432, 61]], [[433, 61]], [[432, 60]], [[432, 59]], [[431, 59]], [[430, 58]], [[430, 57]], [[430, 56]], [[431, 55]], [[432, 54]], [[433, 54]], [[434, 53]], [[435, 53]], [[436, 52]], [[436, 51]], [[436, 50]], [[436, 49]], [[435, 49]], [[434, 48]], [[433, 47]], [[432, 47]], [[431, 46]], [[430, 45]], [[430, 44]], [[429, 43]], [[428, 42]], [[427, 41]], [[426, 40]], [[425, 39]], [[424, 39]]]",[[]],[]
140,140,"[[[518, 33]], [[517, 34]], [[517, 35]], [[517, 36]], [[517, 37]], [[516, 38]], [[516, 39]], [[516, 40]], [[516, 41]], [[515, 42]], [[514, 43]], [[514, 44]], [[513, 45]], [[513, 46]], [[513, 47]], [[513, 48]], [[513, 49]], [[513, 50]], [[514, 51]], [[514, 52]], [[515, 53]], [[516, 54]], [[517, 55]], [[518, 56]], [[519, 56]], [[520, 55]], [[521, 55]], [[522, 54]], [[523, 55]], [[524, 54]], [[525, 53]], [[526, 52]], [[527, 52]], [[528, 51]], [[529, 51]], [[530, 50]], [[531, 50]], [[532, 49]], [[533, 49]], [[533, 48]], [[533, 47]], [[533, 46]], [[532, 46]], [[531, 45]], [[531, 44]], [[530, 43]], [[530, 42]], [[530, 41]], [[530, 40]], [[530, 39]], [[530, 38]], [[529, 37]], [[528, 36]], [[527, 35]], [[526, 35]], [[525, 35]], [[524, 35]], [[523, 34]], [[522, 34]], [[521, 33]], [[520, 33]], [[519, 33]]]",[[]],[]
141,141,"[[[100, 10]], [[99, 11]], [[98, 11]], [[97, 12]], [[96, 12]], [[95, 13]], [[94, 13]], [[93, 13]], [[92, 13]], [[91, 14]], [[90, 14]], [[89, 15]], [[88, 15]], [[87, 15]], [[86, 16]], [[85, 16]], [[86, 17]], [[85, 18]], [[84, 19]], [[84, 20]], [[85, 20]], [[86, 21]], [[86, 22]], [[87, 23]], [[87, 24]], [[88, 25]], [[88, 26]], [[88, 27]], [[89, 28]], [[89, 29]], [[90, 30]], [[91, 30]], [[92, 31]], [[93, 32]], [[93, 33]], [[94, 34]], [[95, 34]], [[96, 34]], [[97, 35]], [[98, 35]], [[99, 35]], [[100, 35]], [[101, 35]], [[102, 35]], [[103, 35]], [[104, 35]], [[105, 35]], [[106, 35]], [[107, 35]], [[108, 34]], [[109, 34]], [[110, 34]], [[111, 34]], [[112, 34]], [[113, 34]], [[114, 34]], [[115, 34]], [[116, 34]], [[117, 34]], [[118, 34]], [[119, 34]], [[120, 34]], [[121, 34]], [[122, 34]], [[123, 34]], [[124, 34]], [[125, 34]], [[126, 34]], [[127, 34]], [[128, 33]], [[129, 33]], [[130, 33]], [[131, 32]], [[132, 31]], [[132, 30]], [[133, 29]], [[133, 28]], [[133, 27]], [[134, 26]], [[134, 25]], [[134, 24]], [[135, 23]], [[135, 22]], [[135, 21]], [[135, 20]], [[135, 19]], [[135, 18]], [[134, 17]], [[134, 16]], [[134, 15]], [[134, 14]], [[133, 13]], [[132, 13]], [[131, 13]], [[130, 13]], [[129, 13]], [[128, 12]], [[127, 12]], [[126, 12]], [[125, 12]], [[124, 12]], [[123, 12]], [[122, 13]], [[121, 13]], [[120, 13]], [[119, 13]], [[118, 12]], [[117, 12]], [[116, 12]], [[115, 12]], [[114, 12]], [[113, 12]], [[112, 12]], [[111, 12]], [[110, 12]], [[109, 12]], [[108, 12]], [[107, 12]], [[106, 12]], [[105, 12]], [[104, 12]], [[103, 12]], [[102, 11]], [[101, 11]]]",[[]],[]
