,ncm_ind,ncm_cordi,pore,pore_ind
0,0,"[[[14, 1150]], [[14, 1151]], [[13, 1152]], [[12, 1153]], [[12, 1154]], [[12, 1155]], [[12, 1156]], [[12, 1157]], [[13, 1158]], [[13, 1159]], [[13, 1160]], [[14, 1161]], [[15, 1162]], [[15, 1163]], [[16, 1164]], [[17, 1165]], [[18, 1166]], [[19, 1167]], [[20, 1168]], [[21, 1169]], [[21, 1170]], [[22, 1170]], [[23, 1170]], [[24, 1169]], [[25, 1168]], [[26, 1167]], [[26, 1166]], [[27, 1165]], [[28, 1164]], [[28, 1163]], [[28, 1162]], [[28, 1161]], [[28, 1160]], [[28, 1159]], [[28, 1158]], [[27, 1157]], [[27, 1156]], [[27, 1155]], [[26, 1154]], [[25, 1153]], [[24, 1152]], [[24, 1151]], [[23, 1151]], [[22, 1151]], [[21, 1150]], [[20, 1150]], [[19, 1150]], [[18, 1150]], [[17, 1150]], [[16, 1150]], [[15, 1150]]]","[[], [[[20, 1134], [19, 1135], [18, 1136], [18, 1137], [18, 1138], [18, 1139], [18, 1140], [17, 1141], [17, 1142], [18, 1143], [18, 1144], [17, 1145], [17, 1146], [16, 1147], [16, 1148], [17, 1148], [18, 1148], [19, 1149], [20, 1149], [20, 1148], [20, 1147], [19, 1146], [19, 1145], [20, 1144], [21, 1144], [22, 1144], [22, 1143], [21, 1142], [21, 1141], [20, 1140], [19, 1139], [19, 1138], [18, 1137], [19, 1136], [20, 1136], [21, 1135]]]]","[[], 0]"
1,1,"[[[619, 1138]], [[618, 1139]], [[617, 1139]], [[616, 1140]], [[615, 1141]], [[614, 1142]], [[613, 1143]], [[612, 1144]], [[611, 1145]], [[610, 1146]], [[609, 1147]], [[608, 1148]], [[608, 1149]], [[608, 1150]], [[608, 1151]], [[608, 1152]], [[608, 1153]], [[608, 1154]], [[608, 1155]], [[608, 1156]], [[608, 1157]], [[608, 1158]], [[608, 1159]], [[607, 1160]], [[607, 1161]], [[607, 1162]], [[606, 1163]], [[606, 1164]], [[606, 1165]], [[606, 1166]], [[607, 1167]], [[608, 1168]], [[609, 1168]], [[610, 1169]], [[611, 1170]], [[612, 1171]], [[613, 1171]], [[614, 1171]], [[615, 1172]], [[616, 1172]], [[617, 1172]], [[618, 1173]], [[619, 1173]], [[620, 1173]], [[621, 1173]], [[622, 1172]], [[623, 1172]], [[624, 1171]], [[625, 1171]], [[626, 1170]], [[627, 1170]], [[628, 1169]], [[629, 1168]], [[630, 1168]], [[631, 1168]], [[632, 1168]], [[633, 1168]], [[634, 1167]], [[635, 1166]], [[636, 1166]], [[637, 1166]], [[638, 1166]], [[639, 1165]], [[639, 1164]], [[639, 1163]], [[640, 1162]], [[640, 1161]], [[640, 1160]], [[641, 1159]], [[641, 1158]], [[640, 1157]], [[641, 1156]], [[641, 1155]], [[641, 1154]], [[641, 1153]], [[640, 1152]], [[639, 1151]], [[638, 1151]], [[637, 1150]], [[636, 1150]], [[635, 1149]], [[634, 1149]], [[633, 1148]], [[632, 1147]], [[632, 1146]], [[631, 1145]], [[631, 1144]], [[630, 1143]], [[629, 1143]], [[628, 1142]], [[627, 1142]], [[626, 1141]], [[625, 1141]], [[624, 1140]], [[623, 1140]], [[622, 1139]], [[621, 1138]], [[620, 1138]]]",[[]],[]
2,2,"[[[35, 1129]], [[34, 1130]], [[34, 1131]], [[33, 1132]], [[33, 1133]], [[33, 1134]], [[33, 1135]], [[33, 1136]], [[34, 1137]], [[34, 1138]], [[35, 1138]], [[36, 1139]], [[37, 1140]], [[38, 1141]], [[38, 1142]], [[39, 1142]], [[40, 1141]], [[41, 1140]], [[42, 1140]], [[43, 1139]], [[44, 1139]], [[45, 1138]], [[45, 1137]], [[45, 1136]], [[44, 1135]], [[44, 1134]], [[44, 1133]], [[43, 1132]], [[42, 1131]], [[41, 1130]], [[40, 1130]], [[39, 1130]], [[38, 1131]], [[37, 1130]], [[36, 1129]]]",[[]],[]
3,3,"[[[603, 1102]], [[602, 1103]], [[601, 1103]], [[600, 1104]], [[599, 1104]], [[598, 1104]], [[597, 1104]], [[596, 1104]], [[595, 1105]], [[594, 1105]], [[593, 1105]], [[592, 1105]], [[591, 1105]], [[590, 1105]], [[589, 1105]], [[588, 1105]], [[587, 1104]], [[586, 1104]], [[585, 1104]], [[584, 1103]], [[583, 1103]], [[582, 1103]], [[581, 1104]], [[580, 1104]], [[579, 1105]], [[578, 1105]], [[577, 1105]], [[576, 1105]], [[575, 1106]], [[574, 1106]], [[573, 1106]], [[572, 1106]], [[571, 1106]], [[570, 1107]], [[569, 1107]], [[568, 1108]], [[567, 1109]], [[567, 1110]], [[566, 1111]], [[566, 1112]], [[566, 1113]], [[566, 1114]], [[565, 1115]], [[565, 1116]], [[565, 1117]], [[565, 1118]], [[565, 1119]], [[565, 1120]], [[566, 1121]], [[567, 1121]], [[568, 1121]], [[569, 1122]], [[570, 1123]], [[571, 1124]], [[571, 1125]], [[572, 1126]], [[572, 1127]], [[573, 1128]], [[574, 1129]], [[575, 1129]], [[576, 1129]], [[577, 1129]], [[578, 1129]], [[579, 1129]], [[580, 1129]], [[581, 1130]], [[582, 1130]], [[583, 1130]], [[584, 1129]], [[585, 1129]], [[586, 1129]], [[587, 1129]], [[588, 1129]], [[589, 1129]], [[590, 1129]], [[591, 1129]], [[592, 1129]], [[593, 1129]], [[594, 1129]], [[595, 1128]], [[596, 1128]], [[597, 1128]], [[598, 1128]], [[599, 1128]], [[600, 1128]], [[601, 1127]], [[602, 1127]], [[603, 1126]], [[604, 1126]], [[605, 1126]], [[606, 1126]], [[607, 1127]], [[608, 1127]], [[609, 1128]], [[610, 1127]], [[611, 1127]], [[612, 1126]], [[613, 1126]], [[614, 1126]], [[615, 1126]], [[616, 1125]], [[617, 1124]], [[618, 1123]], [[618, 1122]], [[618, 1121]], [[619, 1120]], [[619, 1119]], [[620, 1118]], [[620, 1117]], [[620, 1116]], [[620, 1115]], [[620, 1114]], [[620, 1113]], [[620, 1112]], [[619, 1111]], [[619, 1110]], [[619, 1109]], [[618, 1108]], [[618, 1107]], [[618, 1106]], [[617, 1105]], [[616, 1104]], [[615, 1103]], [[614, 1103]], [[613, 1102]], [[612, 1102]], [[611, 1102]], [[610, 1102]], [[609, 1102]], [[608, 1102]], [[607, 1102]], [[606, 1102]], [[605, 1102]], [[604, 1102]]]","[[], [[[575, 1098], [576, 1099], [576, 1100], [576, 1101], [577, 1102], [577, 1103], [577, 1104], [578, 1104], [579, 1104], [579, 1103], [579, 1102], [580, 1101], [581, 1101], [582, 1101], [583, 1101], [584, 1101], [585, 1101], [586, 1101], [585, 1101], [584, 1101], [583, 1101], [582, 1101], [581, 1101], [580, 1100], [579, 1100], [578, 1099], [578, 1098], [577, 1098], [576, 1098]]], [[[568, 1101], [567, 1102], [568, 1103], [569, 1103], [570, 1104], [569, 1105], [568, 1106], [567, 1106], [566, 1105], [565, 1106], [564, 1107], [563, 1108], [562, 1109], [562, 1110], [562, 1111], [562, 1112], [562, 1113], [563, 1114], [563, 1115], [563, 1116], [564, 1116], [564, 1115], [565, 1114], [565, 1113], [565, 1112], [565, 1111], [566, 1110], [566, 1109], [567, 1108], [567, 1107], [568, 1106], [569, 1106], [570, 1105], [571, 1105], [572, 1105], [573, 1104], [574, 1104], [575, 1104], [575, 1103], [574, 1102], [573, 1103], [572, 1104], [571, 1104], [570, 1104], [569, 1103], [569, 1102]], [[575, 1098], [576, 1099], [576, 1100], [576, 1101], [577, 1102], [577, 1103], [577, 1104], [578, 1104], [579, 1104], [579, 1103], [579, 1102], [580, 1101], [581, 1101], [582, 1101], [583, 1101], [584, 1101], [585, 1101], [586, 1101], [585, 1101], [584, 1101], [583, 1101], [582, 1101], [581, 1101], [580, 1100], [579, 1100], [578, 1099], [578, 1098], [577, 1098], [576, 1098]]], [[[568, 1101], [567, 1102], [568, 1103], [569, 1103], [570, 1104], [569, 1105], [568, 1106], [567, 1106], [566, 1105], [565, 1106], [564, 1107], [563, 1108], [562, 1109], [562, 1110], [562, 1111], [562, 1112], [562, 1113], [563, 1114], [563, 1115], [563, 1116], [564, 1116], [564, 1115], [565, 1114], [565, 1113], [565, 1112], [565, 1111], [566, 1110], [566, 1109], [567, 1108], [567, 1107], [568, 1106], [569, 1106], [570, 1105], [571, 1105], [572, 1105], [573, 1104], [574, 1104], [575, 1104], [575, 1103], [574, 1102], [573, 1103], [572, 1104], [571, 1104], [570, 1104], [569, 1103], [569, 1102]]]]","[[], 1, 2, 3]"
4,4,"[[[361, 1100]], [[360, 1101]], [[359, 1101]], [[358, 1101]], [[357, 1101]], [[356, 1102]], [[355, 1102]], [[354, 1102]], [[353, 1102]], [[352, 1103]], [[351, 1103]], [[350, 1104]], [[349, 1104]], [[348, 1105]], [[347, 1105]], [[346, 1105]], [[345, 1106]], [[344, 1106]], [[343, 1107]], [[342, 1107]], [[342, 1108]], [[341, 1109]], [[341, 1110]], [[340, 1111]], [[340, 1112]], [[340, 1113]], [[340, 1114]], [[341, 1115]], [[341, 1116]], [[341, 1117]], [[341, 1118]], [[341, 1119]], [[341, 1120]], [[341, 1121]], [[341, 1122]], [[342, 1123]], [[342, 1124]], [[343, 1125]], [[343, 1126]], [[343, 1127]], [[343, 1128]], [[342, 1129]], [[341, 1130]], [[340, 1130]], [[339, 1131]], [[338, 1132]], [[337, 1132]], [[336, 1132]], [[335, 1133]], [[334, 1134]], [[334, 1135]], [[334, 1136]], [[334, 1137]], [[334, 1138]], [[335, 1139]], [[335, 1140]], [[335, 1141]], [[336, 1142]], [[336, 1143]], [[337, 1144]], [[337, 1145]], [[338, 1146]], [[338, 1147]], [[339, 1148]], [[340, 1149]], [[340, 1150]], [[341, 1151]], [[342, 1152]], [[343, 1153]], [[344, 1154]], [[345, 1154]], [[346, 1154]], [[347, 1154]], [[348, 1154]], [[349, 1153]], [[350, 1153]], [[351, 1153]], [[352, 1154]], [[353, 1155]], [[353, 1156]], [[354, 1157]], [[355, 1158]], [[356, 1159]], [[357, 1159]], [[358, 1159]], [[359, 1159]], [[360, 1158]], [[361, 1157]], [[362, 1156]], [[363, 1155]], [[364, 1154]], [[365, 1153]], [[366, 1154]], [[367, 1155]], [[368, 1156]], [[369, 1157]], [[369, 1158]], [[370, 1159]], [[371, 1159]], [[372, 1159]], [[373, 1159]], [[374, 1159]], [[375, 1159]], [[376, 1159]], [[376, 1158]], [[377, 1157]], [[378, 1156]], [[379, 1155]], [[380, 1155]], [[381, 1154]], [[382, 1154]], [[383, 1154]], [[384, 1154]], [[385, 1153]], [[386, 1152]], [[387, 1152]], [[388, 1152]], [[389, 1152]], [[390, 1151]], [[391, 1150]], [[392, 1149]], [[393, 1148]], [[394, 1147]], [[395, 1147]], [[396, 1147]], [[397, 1147]], [[398, 1147]], [[399, 1146]], [[400, 1146]], [[401, 1145]], [[402, 1145]], [[402, 1144]], [[402, 1143]], [[402, 1142]], [[403, 1141]], [[403, 1140]], [[403, 1139]], [[402, 1140]], [[401, 1139]], [[401, 1138]], [[401, 1137]], [[402, 1136]], [[402, 1135]], [[403, 1134]], [[403, 1133]], [[403, 1132]], [[404, 1131]], [[404, 1130]], [[403, 1130]], [[402, 1129]], [[402, 1128]], [[403, 1127]], [[403, 1126]], [[403, 1125]], [[403, 1124]], [[403, 1123]], [[403, 1122]], [[403, 1121]], [[402, 1120]], [[401, 1120]], [[400, 1119]], [[399, 1118]], [[399, 1117]], [[398, 1117]], [[397, 1116]], [[396, 1115]], [[395, 1115]], [[394, 1114]], [[393, 1115]], [[392, 1115]], [[391, 1116]], [[390, 1116]], [[389, 1116]], [[388, 1115]], [[387, 1114]], [[387, 1113]], [[387, 1112]], [[388, 1111]], [[387, 1111]], [[386, 1110]], [[385, 1111]], [[384, 1111]], [[383, 1111]], [[382, 1110]], [[381, 1109]], [[380, 1108]], [[379, 1108]], [[378, 1107]], [[378, 1106]], [[377, 1106]], [[376, 1105]], [[375, 1105]], [[374, 1105]], [[373, 1105]], [[372, 1104]], [[371, 1104]], [[370, 1103]], [[369, 1102]], [[369, 1101]], [[368, 1101]], [[367, 1101]], [[366, 1100]], [[365, 1100]], [[364, 1100]], [[363, 1100]], [[362, 1100]]]","[[[[357, 1096], [356, 1097], [355, 1098], [354, 1098], [353, 1097], [352, 1097], [351, 1097], [351, 1098], [350, 1099], [349, 1100], [348, 1101], [347, 1101], [346, 1101], [345, 1102], [344, 1103], [343, 1103], [342, 1104], [341, 1104], [340, 1104], [339, 1104], [338, 1104], [337, 1104], [336, 1104], [336, 1105], [335, 1106], [334, 1106], [333, 1106], [332, 1105], [332, 1104], [331, 1103], [330, 1102], [329, 1102], [328, 1101], [327, 1102], [326, 1103], [327, 1104], [328, 1105], [329, 1106], [328, 1107], [328, 1108], [328, 1109], [329, 1109], [330, 1109], [330, 1108], [331, 1107], [332, 1107], [333, 1107], [334, 1107], [335, 1107], [336, 1108], [335, 1109], [334, 1110], [333, 1111], [333, 1112], [334, 1113], [335, 1112], [336, 1112], [337, 1111], [338, 1111], [339, 1110], [340, 1109], [340, 1108], [341, 1107], [342, 1106], [343, 1105], [344, 1105], [345, 1105], [346, 1104], [347, 1104], [348, 1103], [349, 1103], [350, 1103], [351, 1102], [352, 1102], [353, 1101], [354, 1101], [355, 1101], [356, 1100], [356, 1099], [356, 1098], [357, 1097]]], [], [[[397, 1104], [396, 1105], [395, 1106], [394, 1107], [395, 1108], [396, 1108], [397, 1108], [398, 1108], [399, 1109], [399, 1110], [399, 1111], [399, 1112], [400, 1113], [400, 1114], [401, 1114], [402, 1115], [402, 1116], [401, 1117], [402, 1118], [403, 1118], [404, 1118], [405, 1119], [406, 1119], [407, 1118], [408, 1118], [409, 1117], [410, 1118], [411, 1118], [412, 1118], [413, 1117], [414, 1117], [415, 1118], [416, 1118], [417, 1117], [418, 1118], [419, 1118], [419, 1117], [419, 1116], [419, 1115], [418, 1115], [417, 1116], [416, 1115], [415, 1115], [414, 1116], [413, 1116], [412, 1116], [411, 1116], [410, 1116], [409, 1116], [408, 1116], [407, 1117], [406, 1117], [405, 1116], [404, 1115], [404, 1114], [403, 1113], [402, 1112], [401, 1111], [401, 1110], [400, 1109], [399, 1108], [398, 1107], [398, 1106], [397, 1105]]], [[[371, 1101], [371, 1102], [371, 1103], [372, 1103], [373, 1104], [374, 1104], [375, 1104], [376, 1104], [377, 1105], [378, 1105], [379, 1106], [379, 1107], [380, 1107], [381, 1108], [382, 1109], [383, 1110], [384, 1110], [385, 1110], [386, 1109], [387, 1109], [388, 1109], [389, 1110], [390, 1111], [391, 1110], [391, 1109], [391, 1108], [390, 1107], [389, 1107], [388, 1107], [387, 1107], [386, 1107], [385, 1108], [384, 1108], [383, 1107], [383, 1106], [382, 1106], [381, 1105], [380, 1105], [379, 1104], [378, 1104], [377, 1103], [376, 1102], [375, 1102], [374, 1102], [373, 1101], [372, 1101]]], [[[359, 1084], [358, 1085], [358, 1086], [358, 1087], [358, 1088], [358, 1089], [358, 1090], [359, 1091], [360, 1092], [359, 1093], [359, 1094], [359, 1095], [360, 1095], [361, 1096], [362, 1096], [363, 1097], [363, 1098], [364, 1098], [365, 1099], [366, 1099], [367, 1100], [368, 1100], [369, 1100], [370, 1099], [369, 1099], [368, 1098], [367, 1097], [366, 1096], [365, 1095], [364, 1095], [363, 1094], [362, 1094], [361, 1093], [360, 1092], [360, 1091], [360, 1090], [361, 1089], [361, 1088], [361, 1087], [361, 1086], [360, 1086], [359, 1085]]]]","[4, [], 5, 6, 7]"
5,5,"[[[160, 1090]], [[159, 1091]], [[158, 1091]], [[157, 1092]], [[157, 1093]], [[156, 1094]], [[155, 1095]], [[155, 1096]], [[155, 1097]], [[154, 1098]], [[153, 1099]], [[152, 1100]], [[151, 1101]], [[150, 1102]], [[150, 1103]], [[150, 1104]], [[149, 1105]], [[148, 1106]], [[147, 1107]], [[147, 1108]], [[146, 1109]], [[145, 1109]], [[144, 1110]], [[143, 1111]], [[142, 1112]], [[141, 1113]], [[140, 1113]], [[139, 1112]], [[139, 1111]], [[139, 1112]], [[138, 1113]], [[138, 1114]], [[138, 1115]], [[137, 1116]], [[137, 1117]], [[136, 1118]], [[136, 1119]], [[136, 1120]], [[136, 1121]], [[136, 1122]], [[136, 1123]], [[136, 1124]], [[136, 1125]], [[137, 1126]], [[137, 1127]], [[138, 1127]], [[139, 1128]], [[140, 1128]], [[141, 1128]], [[142, 1129]], [[142, 1130]], [[141, 1131]], [[140, 1132]], [[140, 1133]], [[139, 1134]], [[138, 1135]], [[137, 1135]], [[136, 1135]], [[135, 1134]], [[134, 1134]], [[133, 1134]], [[134, 1135]], [[134, 1136]], [[134, 1137]], [[135, 1138]], [[135, 1139]], [[136, 1139]], [[137, 1140]], [[137, 1141]], [[138, 1140]], [[139, 1139]], [[140, 1139]], [[141, 1139]], [[142, 1140]], [[143, 1141]], [[144, 1141]], [[145, 1142]], [[146, 1143]], [[146, 1144]], [[146, 1145]], [[146, 1146]], [[147, 1147]], [[147, 1148]], [[147, 1149]], [[147, 1150]], [[148, 1151]], [[149, 1151]], [[150, 1151]], [[151, 1151]], [[152, 1151]], [[153, 1151]], [[154, 1151]], [[155, 1151]], [[156, 1151]], [[157, 1150]], [[158, 1150]], [[159, 1151]], [[160, 1151]], [[161, 1150]], [[162, 1150]], [[163, 1151]], [[164, 1150]], [[165, 1150]], [[166, 1149]], [[167, 1149]], [[168, 1148]], [[169, 1148]], [[170, 1147]], [[171, 1147]], [[172, 1146]], [[173, 1145]], [[174, 1144]], [[175, 1143]], [[175, 1142]], [[175, 1141]], [[175, 1140]], [[175, 1139]], [[175, 1138]], [[176, 1137]], [[176, 1136]], [[176, 1135]], [[175, 1134]], [[175, 1133]], [[175, 1132]], [[175, 1131]], [[175, 1130]], [[175, 1129]], [[174, 1128]], [[174, 1127]], [[174, 1126]], [[174, 1125]], [[174, 1124]], [[173, 1123]], [[173, 1122]], [[173, 1121]], [[173, 1120]], [[172, 1120]], [[171, 1119]], [[170, 1119]], [[169, 1118]], [[168, 1119]], [[167, 1119]], [[166, 1119]], [[165, 1120]], [[164, 1120]], [[163, 1120]], [[162, 1121]], [[161, 1121]], [[160, 1121]], [[159, 1122]], [[158, 1122]], [[157, 1122]], [[156, 1123]], [[155, 1123]], [[154, 1124]], [[153, 1123]], [[152, 1122]], [[151, 1122]], [[150, 1123]], [[149, 1124]], [[148, 1123]], [[147, 1122]], [[148, 1121]], [[148, 1120]], [[149, 1119]], [[150, 1119]], [[151, 1118]], [[152, 1117]], [[153, 1117]], [[154, 1116]], [[155, 1116]], [[156, 1115]], [[157, 1115]], [[158, 1115]], [[159, 1115]], [[160, 1115]], [[161, 1115]], [[162, 1115]], [[163, 1115]], [[164, 1115]], [[165, 1115]], [[166, 1114]], [[167, 1114]], [[168, 1114]], [[168, 1113]], [[168, 1112]], [[169, 1111]], [[169, 1110]], [[170, 1109]], [[171, 1108]], [[171, 1107]], [[172, 1106]], [[172, 1105]], [[172, 1104]], [[172, 1103]], [[172, 1102]], [[172, 1101]], [[171, 1100]], [[170, 1099]], [[170, 1098]], [[170, 1097]], [[169, 1096]], [[168, 1095]], [[168, 1094]], [[167, 1093]], [[166, 1092]], [[165, 1092]], [[164, 1091]], [[163, 1091]], [[162, 1091]], [[161, 1091]]]","[[[[136, 1114], [136, 1115], [135, 1116], [134, 1117], [133, 1117], [133, 1118], [133, 1119], [133, 1120], [133, 1121], [134, 1122], [134, 1123], [134, 1124], [133, 1125], [133, 1126], [134, 1126], [135, 1126], [135, 1125], [135, 1124], [135, 1123], [135, 1122], [135, 1121], [135, 1120], [135, 1119], [135, 1118], [135, 1117], [135, 1116], [136, 1115], [137, 1114]]], [], [[[173, 1100], [173, 1101], [173, 1102], [173, 1103], [173, 1104], [174, 1104], [175, 1105], [176, 1105], [177, 1105], [178, 1106], [179, 1107], [179, 1108], [180, 1108], [181, 1108], [182, 1109], [183, 1109], [184, 1110], [185, 1111], [185, 1112], [185, 1113], [185, 1114], [185, 1115], [185, 1116], [184, 1117], [184, 1118], [183, 1119], [183, 1120], [184, 1120], [185, 1119], [185, 1118], [186, 1117], [187, 1116], [186, 1115], [186, 1114], [186, 1113], [187, 1112], [188, 1111], [188, 1110], [187, 1109], [186, 1109], [185, 1109], [184, 1108], [183, 1107], [182, 1106], [181, 1105], [180, 1104], [179, 1105], [178, 1104], [178, 1103], [177, 1102], [176, 1101], [175, 1100], [174, 1100]]]]","[8, [], 9]"
6,6,"[[[384, 1072]], [[383, 1073]], [[382, 1073]], [[381, 1073]], [[380, 1073]], [[379, 1073]], [[378, 1073]], [[377, 1074]], [[376, 1074]], [[375, 1074]], [[374, 1074]], [[373, 1074]], [[372, 1075]], [[371, 1076]], [[370, 1076]], [[369, 1076]], [[368, 1077]], [[367, 1077]], [[367, 1078]], [[366, 1079]], [[365, 1080]], [[365, 1081]], [[364, 1082]], [[364, 1083]], [[364, 1084]], [[363, 1085]], [[363, 1086]], [[363, 1087]], [[363, 1088]], [[363, 1089]], [[363, 1090]], [[363, 1091]], [[364, 1092]], [[364, 1093]], [[365, 1094]], [[366, 1095]], [[367, 1096]], [[368, 1096]], [[369, 1097]], [[370, 1097]], [[371, 1098]], [[372, 1099]], [[373, 1100]], [[374, 1101]], [[375, 1101]], [[376, 1101]], [[377, 1102]], [[378, 1102]], [[379, 1103]], [[380, 1103]], [[381, 1104]], [[382, 1105]], [[383, 1105]], [[384, 1106]], [[385, 1106]], [[386, 1106]], [[387, 1106]], [[388, 1106]], [[389, 1106]], [[390, 1106]], [[391, 1107]], [[392, 1106]], [[393, 1106]], [[394, 1106]], [[395, 1105]], [[396, 1104]], [[397, 1103]], [[398, 1104]], [[399, 1103]], [[400, 1103]], [[401, 1102]], [[400, 1101]], [[401, 1100]], [[402, 1099]], [[403, 1098]], [[404, 1098]], [[405, 1097]], [[405, 1096]], [[405, 1095]], [[405, 1094]], [[406, 1093]], [[407, 1093]], [[407, 1092]], [[408, 1091]], [[409, 1090]], [[409, 1089]], [[410, 1088]], [[411, 1089]], [[411, 1090]], [[411, 1091]], [[411, 1092]], [[410, 1093]], [[410, 1094]], [[410, 1095]], [[410, 1096]], [[410, 1097]], [[411, 1098]], [[411, 1099]], [[412, 1100]], [[412, 1101]], [[412, 1102]], [[413, 1103]], [[413, 1104]], [[413, 1105]], [[413, 1106]], [[414, 1107]], [[414, 1108]], [[414, 1109]], [[415, 1110]], [[416, 1110]], [[417, 1111]], [[418, 1112]], [[418, 1113]], [[419, 1113]], [[420, 1114]], [[421, 1114]], [[422, 1114]], [[423, 1113]], [[424, 1113]], [[425, 1112]], [[426, 1112]], [[427, 1113]], [[428, 1113]], [[429, 1113]], [[430, 1113]], [[431, 1112]], [[432, 1112]], [[433, 1111]], [[434, 1111]], [[435, 1110]], [[435, 1109]], [[436, 1108]], [[436, 1107]], [[435, 1106]], [[435, 1105]], [[435, 1104]], [[436, 1103]], [[436, 1102]], [[436, 1101]], [[436, 1100]], [[436, 1099]], [[437, 1098]], [[437, 1097]], [[437, 1096]], [[438, 1095]], [[438, 1094]], [[438, 1093]], [[438, 1092]], [[437, 1091]], [[437, 1090]], [[437, 1089]], [[436, 1088]], [[436, 1087]], [[435, 1086]], [[434, 1086]], [[433, 1085]], [[432, 1085]], [[431, 1084]], [[431, 1083]], [[430, 1082]], [[429, 1082]], [[428, 1081]], [[427, 1080]], [[426, 1080]], [[425, 1080]], [[424, 1080]], [[423, 1080]], [[422, 1081]], [[421, 1081]], [[420, 1081]], [[419, 1082]], [[418, 1082]], [[417, 1083]], [[416, 1083]], [[415, 1083]], [[414, 1083]], [[413, 1084]], [[412, 1084]], [[412, 1085]], [[412, 1086]], [[411, 1087]], [[410, 1086]], [[410, 1085]], [[409, 1084]], [[409, 1083]], [[408, 1082]], [[407, 1081]], [[407, 1080]], [[406, 1079]], [[406, 1078]], [[405, 1077]], [[405, 1076]], [[404, 1075]], [[403, 1075]], [[402, 1074]], [[401, 1074]], [[400, 1074]], [[399, 1074]], [[398, 1073]], [[397, 1073]], [[396, 1073]], [[395, 1073]], [[394, 1072]], [[393, 1072]], [[392, 1072]], [[391, 1072]], [[390, 1072]], [[389, 1072]], [[388, 1072]], [[387, 1072]], [[386, 1072]], [[385, 1072]]]","[[], [[[359, 1084], [358, 1085], [358, 1086], [358, 1087], [358, 1088], [358, 1089], [358, 1090], [359, 1091], [360, 1092], [359, 1093], [359, 1094], [359, 1095], [360, 1095], [361, 1096], [362, 1096], [363, 1097], [363, 1098], [364, 1098], [365, 1099], [366, 1099], [367, 1100], [368, 1100], [369, 1100], [370, 1099], [369, 1099], [368, 1098], [367, 1097], [366, 1096], [365, 1095], [364, 1095], [363, 1094], [362, 1094], [361, 1093], [360, 1092], [360, 1091], [360, 1090], [361, 1089], [361, 1088], [361, 1087], [361, 1086], [360, 1086], [359, 1085]]], [[[371, 1101], [371, 1102], [371, 1103], [372, 1103], [373, 1104], [374, 1104], [375, 1104], [376, 1104], [377, 1105], [378, 1105], [379, 1106], [379, 1107], [380, 1107], [381, 1108], [382, 1109], [383, 1110], [384, 1110], [385, 1110], [386, 1109], [387, 1109], [388, 1109], [389, 1110], [390, 1111], [391, 1110], [391, 1109], [391, 1108], [390, 1107], [389, 1107], [388, 1107], [387, 1107], [386, 1107], [385, 1108], [384, 1108], [383, 1107], [383, 1106], [382, 1106], [381, 1105], [380, 1105], [379, 1104], [378, 1104], [377, 1103], [376, 1102], [375, 1102], [374, 1102], [373, 1101], [372, 1101]]], [[[397, 1104], [396, 1105], [395, 1106], [394, 1107], [395, 1108], [396, 1108], [397, 1108], [398, 1108], [399, 1109], [399, 1110], [399, 1111], [399, 1112], [400, 1113], [400, 1114], [401, 1114], [402, 1115], [402, 1116], [401, 1117], [402, 1118], [403, 1118], [404, 1118], [405, 1119], [406, 1119], [407, 1118], [408, 1118], [409, 1117], [410, 1118], [411, 1118], [412, 1118], [413, 1117], [414, 1117], [415, 1118], [416, 1118], [417, 1117], [418, 1118], [419, 1118], [419, 1117], [419, 1116], [419, 1115], [418, 1115], [417, 1116], [416, 1115], [415, 1115], [414, 1116], [413, 1116], [412, 1116], [411, 1116], [410, 1116], [409, 1116], [408, 1116], [407, 1117], [406, 1117], [405, 1116], [404, 1115], [404, 1114], [403, 1113], [402, 1112], [401, 1111], [401, 1110], [400, 1109], [399, 1108], [398, 1107], [398, 1106], [397, 1105]]]]","[[], 7, 6, 5]"
7,7,"[[[437, 1062]], [[436, 1063]], [[435, 1064]], [[434, 1064]], [[433, 1065]], [[432, 1066]], [[431, 1067]], [[430, 1068]], [[429, 1069]], [[429, 1070]], [[429, 1071]], [[429, 1072]], [[429, 1073]], [[429, 1074]], [[429, 1075]], [[430, 1076]], [[431, 1077]], [[431, 1078]], [[432, 1079]], [[433, 1079]], [[434, 1080]], [[435, 1080]], [[436, 1081]], [[437, 1081]], [[438, 1082]], [[439, 1083]], [[440, 1084]], [[440, 1085]], [[440, 1084]], [[441, 1083]], [[441, 1082]], [[442, 1081]], [[443, 1081]], [[444, 1081]], [[445, 1082]], [[445, 1083]], [[445, 1084]], [[445, 1085]], [[445, 1086]], [[446, 1087]], [[446, 1088]], [[446, 1089]], [[447, 1090]], [[448, 1090]], [[449, 1090]], [[450, 1091]], [[451, 1091]], [[452, 1090]], [[453, 1090]], [[454, 1091]], [[455, 1091]], [[456, 1090]], [[457, 1090]], [[458, 1090]], [[459, 1091]], [[458, 1092]], [[458, 1093]], [[458, 1094]], [[458, 1095]], [[458, 1096]], [[458, 1097]], [[458, 1098]], [[458, 1099]], [[459, 1100]], [[459, 1101]], [[459, 1102]], [[459, 1103]], [[460, 1104]], [[460, 1105]], [[461, 1106]], [[462, 1107]], [[462, 1108]], [[463, 1109]], [[464, 1110]], [[464, 1111]], [[465, 1112]], [[466, 1112]], [[467, 1112]], [[468, 1112]], [[469, 1112]], [[470, 1112]], [[471, 1112]], [[472, 1112]], [[473, 1111]], [[474, 1111]], [[475, 1111]], [[476, 1110]], [[477, 1109]], [[478, 1109]], [[479, 1108]], [[480, 1107]], [[480, 1106]], [[481, 1105]], [[482, 1105]], [[483, 1106]], [[482, 1107]], [[482, 1108]], [[482, 1109]], [[481, 1110]], [[481, 1111]], [[480, 1112]], [[479, 1113]], [[479, 1114]], [[479, 1115]], [[479, 1116]], [[479, 1117]], [[479, 1118]], [[479, 1119]], [[479, 1120]], [[479, 1121]], [[479, 1122]], [[479, 1123]], [[480, 1124]], [[480, 1125]], [[481, 1126]], [[482, 1126]], [[483, 1127]], [[484, 1128]], [[484, 1129]], [[484, 1130]], [[483, 1131]], [[482, 1132]], [[481, 1133]], [[481, 1134]], [[481, 1135]], [[480, 1136]], [[480, 1137]], [[480, 1138]], [[479, 1139]], [[479, 1140]], [[480, 1141]], [[480, 1142]], [[480, 1143]], [[480, 1144]], [[480, 1145]], [[480, 1146]], [[480, 1147]], [[480, 1148]], [[480, 1149]], [[480, 1150]], [[481, 1151]], [[481, 1152]], [[481, 1153]], [[482, 1154]], [[482, 1155]], [[482, 1156]], [[483, 1156]], [[484, 1157]], [[485, 1158]], [[486, 1159]], [[487, 1160]], [[488, 1160]], [[489, 1161]], [[490, 1161]], [[491, 1161]], [[492, 1162]], [[493, 1162]], [[494, 1161]], [[495, 1161]], [[496, 1161]], [[497, 1161]], [[498, 1161]], [[499, 1162]], [[500, 1162]], [[501, 1162]], [[502, 1162]], [[503, 1162]], [[504, 1162]], [[505, 1161]], [[506, 1161]], [[507, 1161]], [[508, 1161]], [[509, 1161]], [[510, 1160]], [[511, 1160]], [[512, 1159]], [[513, 1159]], [[514, 1158]], [[515, 1157]], [[516, 1156]], [[516, 1155]], [[517, 1154]], [[517, 1153]], [[518, 1152]], [[518, 1151]], [[518, 1150]], [[519, 1149]], [[518, 1148]], [[518, 1147]], [[517, 1146]], [[518, 1145]], [[519, 1144]], [[520, 1143]], [[521, 1142]], [[522, 1143]], [[522, 1144]], [[522, 1145]], [[522, 1146]], [[523, 1147]], [[524, 1148]], [[525, 1148]], [[526, 1149]], [[527, 1149]], [[528, 1150]], [[528, 1151]], [[529, 1152]], [[530, 1152]], [[531, 1153]], [[532, 1153]], [[533, 1152]], [[534, 1152]], [[535, 1152]], [[536, 1151]], [[537, 1151]], [[538, 1150]], [[538, 1149]], [[538, 1148]], [[539, 1147]], [[538, 1146]], [[538, 1145]], [[538, 1144]], [[538, 1143]], [[538, 1142]], [[537, 1141]], [[537, 1140]], [[537, 1139]], [[536, 1138]], [[537, 1137]], [[537, 1136]], [[538, 1135]], [[539, 1134]], [[540, 1133]], [[540, 1132]], [[541, 1131]], [[542, 1130]], [[542, 1129]], [[543, 1128]], [[544, 1127]], [[545, 1127]], [[546, 1127]], [[547, 1127]], [[548, 1127]], [[549, 1127]], [[549, 1126]], [[550, 1125]], [[551, 1125]], [[552, 1125]], [[552, 1124]], [[552, 1123]], [[553, 1122]], [[553, 1121]], [[553, 1120]], [[554, 1119]], [[554, 1118]], [[555, 1117]], [[555, 1116]], [[556, 1115]], [[557, 1114]], [[558, 1113]], [[558, 1112]], [[559, 1111]], [[560, 1111]], [[561, 1110]], [[561, 1109]], [[562, 1108]], [[563, 1107]], [[564, 1106]], [[565, 1105]], [[565, 1104]], [[566, 1103]], [[566, 1102]], [[567, 1101]], [[568, 1100]], [[568, 1099]], [[569, 1098]], [[569, 1097]], [[570, 1096]], [[570, 1095]], [[570, 1094]], [[570, 1093]], [[570, 1092]], [[569, 1091]], [[569, 1090]], [[568, 1089]], [[567, 1088]], [[567, 1087]], [[566, 1087]], [[565, 1086]], [[564, 1086]], [[563, 1085]], [[562, 1085]], [[561, 1085]], [[560, 1085]], [[559, 1084]], [[558, 1084]], [[557, 1084]], [[556, 1084]], [[555, 1083]], [[554, 1083]], [[553, 1083]], [[552, 1083]], [[551, 1083]], [[550, 1083]], [[549, 1083]], [[548, 1083]], [[547, 1083]], [[546, 1084]], [[545, 1084]], [[544, 1084]], [[543, 1085]], [[542, 1085]], [[541, 1086]], [[540, 1086]], [[539, 1087]], [[538, 1087]], [[537, 1088]], [[536, 1088]], [[535, 1088]], [[534, 1089]], [[533, 1089]], [[532, 1089]], [[531, 1090]], [[530, 1090]], [[529, 1090]], [[528, 1090]], [[527, 1091]], [[526, 1091]], [[525, 1092]], [[524, 1092]], [[523, 1093]], [[522, 1094]], [[521, 1094]], [[520, 1095]], [[519, 1095]], [[518, 1096]], [[517, 1096]], [[516, 1097]], [[515, 1097]], [[514, 1097]], [[513, 1097]], [[512, 1096]], [[511, 1096]], [[510, 1096]], [[509, 1096]], [[508, 1096]], [[507, 1096]], [[506, 1096]], [[505, 1095]], [[506, 1094]], [[507, 1094]], [[507, 1093]], [[508, 1092]], [[509, 1092]], [[510, 1092]], [[511, 1093]], [[512, 1093]], [[513, 1092]], [[514, 1092]], [[515, 1092]], [[516, 1091]], [[517, 1090]], [[518, 1089]], [[519, 1089]], [[519, 1088]], [[520, 1087]], [[520, 1086]], [[520, 1085]], [[520, 1084]], [[519, 1083]], [[519, 1082]], [[518, 1081]], [[518, 1080]], [[518, 1079]], [[517, 1078]], [[517, 1077]], [[516, 1076]], [[515, 1075]], [[515, 1074]], [[514, 1073]], [[513, 1072]], [[512, 1071]], [[511, 1070]], [[510, 1070]], [[509, 1070]], [[508, 1070]], [[507, 1069]], [[506, 1069]], [[505, 1068]], [[504, 1068]], [[503, 1068]], [[502, 1068]], [[501, 1068]], [[500, 1068]], [[499, 1068]], [[498, 1068]], [[497, 1069]], [[496, 1069]], [[495, 1070]], [[494, 1070]], [[493, 1070]], [[492, 1071]], [[491, 1072]], [[491, 1073]], [[490, 1074]], [[490, 1075]], [[489, 1076]], [[488, 1076]], [[487, 1077]], [[486, 1077]], [[485, 1077]], [[484, 1078]], [[483, 1078]], [[482, 1079]], [[481, 1079]], [[480, 1079]], [[479, 1079]], [[478, 1078]], [[477, 1078]], [[476, 1079]], [[475, 1080]], [[474, 1080]], [[473, 1080]], [[472, 1081]], [[471, 1081]], [[470, 1082]], [[469, 1082]], [[468, 1082]], [[467, 1083]], [[466, 1083]], [[466, 1084]], [[466, 1085]], [[465, 1086]], [[464, 1087]], [[463, 1087]], [[462, 1088]], [[461, 1088]], [[460, 1088]], [[459, 1087]], [[460, 1086]], [[460, 1085]], [[461, 1084]], [[461, 1083]], [[462, 1082]], [[462, 1081]], [[462, 1080]], [[463, 1079]], [[463, 1078]], [[463, 1077]], [[463, 1076]], [[464, 1075]], [[464, 1074]], [[464, 1073]], [[464, 1072]], [[464, 1071]], [[464, 1070]], [[463, 1069]], [[463, 1068]], [[463, 1067]], [[462, 1066]], [[462, 1065]], [[461, 1064]], [[460, 1063]], [[459, 1063]], [[458, 1063]], [[458, 1064]], [[457, 1065]], [[456, 1066]], [[455, 1066]], [[454, 1067]], [[453, 1068]], [[452, 1069]], [[451, 1069]], [[450, 1068]], [[449, 1067]], [[448, 1066]], [[447, 1065]], [[447, 1064]], [[446, 1063]], [[445, 1063]], [[444, 1063]], [[443, 1062]], [[442, 1062]], [[441, 1062]], [[440, 1062]], [[439, 1062]], [[438, 1062]]]","[[], [[[457, 1104], [457, 1105], [456, 1106], [456, 1107], [457, 1107], [458, 1107], [459, 1107], [460, 1108], [461, 1109], [462, 1110], [462, 1111], [462, 1112], [462, 1113], [462, 1114], [462, 1115], [462, 1116], [463, 1117], [464, 1117], [465, 1117], [466, 1117], [467, 1118], [468, 1118], [469, 1117], [470, 1116], [471, 1115], [471, 1114], [470, 1114], [469, 1113], [468, 1113], [467, 1114], [466, 1114], [465, 1113], [464, 1112], [463, 1111], [462, 1110], [461, 1109], [461, 1108], [460, 1108], [459, 1107], [458, 1106], [458, 1105], [458, 1104]]], [[[480, 1127], [480, 1128], [480, 1129], [479, 1130], [478, 1131], [477, 1130], [476, 1131], [475, 1130], [474, 1130], [473, 1130], [472, 1130], [471, 1129], [470, 1129], [470, 1130], [470, 1131], [469, 1132], [469, 1133], [469, 1134], [469, 1135], [468, 1136], [467, 1136], [467, 1137], [468, 1138], [469, 1138], [470, 1137], [471, 1136], [472, 1135], [473, 1135], [474, 1134], [475, 1135], [476, 1134], [476, 1133], [477, 1132], [478, 1131], [479, 1131], [480, 1132], [480, 1133], [480, 1132], [481, 1131], [482, 1130], [483, 1129], [482, 1128], [481, 1127]]], [[[568, 1101], [567, 1102], [568, 1103], [569, 1103], [570, 1104], [569, 1105], [568, 1106], [567, 1106], [566, 1105], [565, 1106], [564, 1107], [563, 1108], [562, 1109], [562, 1110], [562, 1111], [562, 1112], [562, 1113], [563, 1114], [563, 1115], [563, 1116], [564, 1116], [564, 1115], [565, 1114], [565, 1113], [565, 1112], [565, 1111], [566, 1110], [566, 1109], [567, 1108], [567, 1107], [568, 1106], [569, 1106], [570, 1105], [571, 1105], [572, 1105], [573, 1104], [574, 1104], [575, 1104], [575, 1103], [574, 1102], [573, 1103], [572, 1104], [571, 1104], [570, 1104], [569, 1103], [569, 1102]]]]","[[], 13, 14, 3]"
8,8,"[[[717, 1056]], [[716, 1057]], [[715, 1057]], [[714, 1057]], [[713, 1057]], [[712, 1057]], [[711, 1057]], [[710, 1058]], [[709, 1058]], [[708, 1059]], [[707, 1060]], [[706, 1061]], [[705, 1062]], [[704, 1063]], [[704, 1064]], [[704, 1065]], [[703, 1066]], [[702, 1065]], [[701, 1064]], [[701, 1063]], [[701, 1062]], [[701, 1063]], [[701, 1064]], [[701, 1065]], [[701, 1066]], [[701, 1067]], [[700, 1068]], [[700, 1069]], [[700, 1070]], [[701, 1071]], [[702, 1070]], [[703, 1070]], [[704, 1071]], [[705, 1072]], [[705, 1073]], [[705, 1074]], [[705, 1075]], [[706, 1076]], [[706, 1077]], [[706, 1078]], [[706, 1079]], [[706, 1080]], [[706, 1081]], [[705, 1082]], [[704, 1082]], [[703, 1081]], [[702, 1080]], [[701, 1080]], [[700, 1079]], [[699, 1079]], [[698, 1079]], [[697, 1079]], [[696, 1080]], [[695, 1080]], [[694, 1080]], [[693, 1080]], [[692, 1080]], [[691, 1079]], [[690, 1079]], [[689, 1079]], [[689, 1080]], [[688, 1081]], [[688, 1082]], [[687, 1083]], [[686, 1083]], [[686, 1084]], [[685, 1085]], [[684, 1084]], [[683, 1083]], [[682, 1083]], [[681, 1083]], [[680, 1082]], [[679, 1081]], [[678, 1080]], [[677, 1081]], [[676, 1081]], [[675, 1081]], [[674, 1082]], [[673, 1082]], [[672, 1082]], [[671, 1083]], [[671, 1084]], [[670, 1085]], [[670, 1086]], [[670, 1087]], [[669, 1088]], [[669, 1089]], [[668, 1090]], [[668, 1091]], [[668, 1092]], [[669, 1093]], [[668, 1094]], [[667, 1095]], [[666, 1095]], [[665, 1096]], [[664, 1097]], [[663, 1097]], [[663, 1098]], [[662, 1099]], [[661, 1099]], [[660, 1099]], [[659, 1100]], [[659, 1101]], [[659, 1102]], [[659, 1103]], [[659, 1104]], [[660, 1105]], [[661, 1105]], [[662, 1106]], [[662, 1107]], [[663, 1108]], [[664, 1109]], [[665, 1110]], [[664, 1111]], [[665, 1112]], [[665, 1113]], [[665, 1114]], [[666, 1115]], [[667, 1116]], [[668, 1116]], [[669, 1117]], [[670, 1117]], [[671, 1118]], [[672, 1119]], [[673, 1119]], [[674, 1120]], [[674, 1121]], [[674, 1122]], [[674, 1123]], [[675, 1124]], [[675, 1125]], [[674, 1126]], [[674, 1127]], [[674, 1128]], [[675, 1129]], [[676, 1130]], [[676, 1131]], [[677, 1132]], [[677, 1133]], [[677, 1134]], [[677, 1135]], [[677, 1136]], [[678, 1137]], [[678, 1138]], [[678, 1139]], [[678, 1140]], [[678, 1141]], [[677, 1142]], [[677, 1143]], [[676, 1144]], [[676, 1145]], [[675, 1146]], [[675, 1147]], [[674, 1148]], [[673, 1148]], [[672, 1148]], [[671, 1148]], [[670, 1148]], [[669, 1148]], [[668, 1148]], [[667, 1148]], [[666, 1148]], [[665, 1148]], [[664, 1148]], [[663, 1148]], [[663, 1149]], [[663, 1150]], [[663, 1151]], [[663, 1152]], [[663, 1153]], [[664, 1154]], [[664, 1155]], [[664, 1156]], [[665, 1157]], [[666, 1158]], [[666, 1159]], [[667, 1160]], [[667, 1161]], [[667, 1162]], [[668, 1163]], [[668, 1164]], [[669, 1164]], [[670, 1164]], [[671, 1163]], [[672, 1163]], [[673, 1163]], [[674, 1162]], [[675, 1161]], [[676, 1160]], [[677, 1159]], [[677, 1158]], [[677, 1157]], [[677, 1156]], [[677, 1155]], [[677, 1154]], [[676, 1153]], [[676, 1152]], [[677, 1151]], [[678, 1152]], [[679, 1153]], [[680, 1154]], [[680, 1155]], [[681, 1156]], [[682, 1157]], [[683, 1157]], [[684, 1156]], [[685, 1156]], [[686, 1157]], [[687, 1158]], [[688, 1158]], [[689, 1158]], [[690, 1159]], [[691, 1160]], [[691, 1159]], [[692, 1158]], [[692, 1157]], [[693, 1156]], [[694, 1156]], [[695, 1156]], [[696, 1156]], [[697, 1157]], [[698, 1157]], [[699, 1158]], [[699, 1159]], [[699, 1158]], [[699, 1157]], [[700, 1156]], [[700, 1155]], [[701, 1154]], [[702, 1153]], [[703, 1152]], [[704, 1151]], [[705, 1151]], [[706, 1150]], [[707, 1149]], [[708, 1148]], [[709, 1148]], [[710, 1148]], [[710, 1147]], [[711, 1146]], [[711, 1145]], [[712, 1144]], [[713, 1143]], [[714, 1144]], [[714, 1145]], [[714, 1146]], [[715, 1147]], [[716, 1147]], [[717, 1147]], [[718, 1147]], [[719, 1146]], [[720, 1145]], [[721, 1144]], [[722, 1144]], [[723, 1143]], [[724, 1143]], [[724, 1142]], [[725, 1141]], [[726, 1140]], [[726, 1139]], [[726, 1138]], [[726, 1137]], [[726, 1136]], [[727, 1135]], [[727, 1134]], [[727, 1133]], [[727, 1132]], [[727, 1131]], [[727, 1130]], [[727, 1129]], [[727, 1128]], [[727, 1127]], [[728, 1126]], [[728, 1125]], [[729, 1124]], [[730, 1124]], [[731, 1123]], [[732, 1124]], [[732, 1125]], [[733, 1125]], [[734, 1125]], [[735, 1124]], [[736, 1123]], [[737, 1123]], [[738, 1123]], [[739, 1122]], [[739, 1121]], [[738, 1120]], [[738, 1119]], [[739, 1118]], [[740, 1117]], [[741, 1116]], [[742, 1116]], [[742, 1115]], [[742, 1114]], [[743, 1113]], [[744, 1113]], [[745, 1113]], [[746, 1113]], [[747, 1112]], [[748, 1112]], [[748, 1111]], [[749, 1110]], [[750, 1109]], [[750, 1108]], [[751, 1107]], [[751, 1106]], [[751, 1105]], [[752, 1104]], [[752, 1103]], [[752, 1102]], [[752, 1101]], [[752, 1100]], [[752, 1099]], [[752, 1098]], [[751, 1097]], [[751, 1096]], [[750, 1095]], [[750, 1094]], [[749, 1093]], [[748, 1093]], [[747, 1092]], [[746, 1092]], [[745, 1091]], [[744, 1091]], [[743, 1090]], [[742, 1090]], [[741, 1090]], [[740, 1089]], [[740, 1088]], [[739, 1087]], [[739, 1086]], [[738, 1085]], [[738, 1084]], [[738, 1083]], [[738, 1082]], [[737, 1081]], [[737, 1080]], [[737, 1079]], [[736, 1078]], [[736, 1077]], [[736, 1076]], [[735, 1075]], [[735, 1074]], [[735, 1073]], [[734, 1072]], [[734, 1071]], [[734, 1070]], [[733, 1069]], [[732, 1068]], [[732, 1067]], [[731, 1066]], [[730, 1066]], [[729, 1065]], [[728, 1064]], [[727, 1064]], [[726, 1063]], [[726, 1062]], [[725, 1062]], [[724, 1061]], [[723, 1060]], [[722, 1059]], [[721, 1058]], [[720, 1058]], [[719, 1058]], [[718, 1057]]]",[[]],[]
9,9,"[[[594, 1045]], [[593, 1046]], [[592, 1046]], [[591, 1047]], [[590, 1047]], [[589, 1047]], [[588, 1048]], [[588, 1049]], [[587, 1050]], [[586, 1050]], [[586, 1051]], [[586, 1052]], [[585, 1053]], [[584, 1053]], [[583, 1054]], [[583, 1055]], [[582, 1056]], [[581, 1057]], [[580, 1057]], [[579, 1058]], [[579, 1059]], [[578, 1060]], [[578, 1061]], [[577, 1062]], [[576, 1063]], [[575, 1064]], [[574, 1064]], [[573, 1065]], [[572, 1066]], [[572, 1067]], [[571, 1068]], [[570, 1069]], [[570, 1070]], [[571, 1071]], [[571, 1072]], [[571, 1073]], [[571, 1074]], [[572, 1075]], [[572, 1076]], [[573, 1077]], [[573, 1078]], [[573, 1079]], [[573, 1080]], [[574, 1081]], [[574, 1082]], [[574, 1083]], [[575, 1084]], [[575, 1085]], [[575, 1086]], [[575, 1087]], [[575, 1088]], [[574, 1089]], [[574, 1090]], [[574, 1091]], [[575, 1092]], [[576, 1092]], [[577, 1092]], [[578, 1093]], [[578, 1094]], [[579, 1095]], [[580, 1096]], [[581, 1097]], [[582, 1097]], [[583, 1098]], [[584, 1098]], [[585, 1098]], [[586, 1098]], [[587, 1099]], [[588, 1099]], [[589, 1098]], [[590, 1098]], [[591, 1098]], [[592, 1098]], [[593, 1099]], [[592, 1100]], [[593, 1099]], [[594, 1099]], [[595, 1098]], [[596, 1098]], [[597, 1098]], [[598, 1098]], [[599, 1098]], [[600, 1098]], [[601, 1098]], [[602, 1098]], [[603, 1098]], [[604, 1097]], [[605, 1096]], [[606, 1096]], [[607, 1095]], [[608, 1096]], [[609, 1097]], [[610, 1097]], [[611, 1097]], [[612, 1096]], [[613, 1096]], [[614, 1096]], [[614, 1095]], [[615, 1094]], [[616, 1093]], [[617, 1092]], [[618, 1091]], [[619, 1091]], [[620, 1090]], [[620, 1089]], [[620, 1088]], [[620, 1087]], [[620, 1086]], [[619, 1085]], [[619, 1084]], [[619, 1083]], [[619, 1082]], [[619, 1081]], [[619, 1080]], [[619, 1079]], [[619, 1078]], [[619, 1077]], [[618, 1076]], [[618, 1075]], [[618, 1074]], [[617, 1073]], [[617, 1072]], [[617, 1071]], [[616, 1070]], [[616, 1069]], [[616, 1068]], [[616, 1067]], [[615, 1066]], [[615, 1065]], [[615, 1064]], [[614, 1063]], [[615, 1062]], [[614, 1061]], [[613, 1060]], [[612, 1059]], [[611, 1058]], [[610, 1057]], [[609, 1056]], [[608, 1055]], [[608, 1054]], [[607, 1054]], [[606, 1053]], [[605, 1052]], [[604, 1051]], [[603, 1050]], [[602, 1050]], [[601, 1049]], [[600, 1048]], [[599, 1047]], [[598, 1047]], [[597, 1046]], [[596, 1046]], [[595, 1045]]]",[[]],[]
10,10,"[[[267, 1043]], [[266, 1044]], [[265, 1044]], [[264, 1045]], [[263, 1045]], [[262, 1046]], [[261, 1046]], [[260, 1046]], [[259, 1046]], [[258, 1046]], [[257, 1047]], [[256, 1047]], [[255, 1048]], [[254, 1049]], [[253, 1049]], [[252, 1050]], [[251, 1050]], [[250, 1050]], [[249, 1051]], [[248, 1051]], [[247, 1051]], [[246, 1051]], [[245, 1051]], [[244, 1051]], [[243, 1051]], [[242, 1051]], [[241, 1050]], [[240, 1050]], [[239, 1050]], [[238, 1051]], [[237, 1051]], [[236, 1051]], [[235, 1051]], [[234, 1051]], [[233, 1051]], [[232, 1051]], [[231, 1051]], [[230, 1052]], [[229, 1053]], [[229, 1054]], [[229, 1055]], [[229, 1056]], [[229, 1057]], [[230, 1058]], [[230, 1059]], [[230, 1060]], [[230, 1061]], [[230, 1062]], [[230, 1063]], [[231, 1064]], [[231, 1065]], [[232, 1066]], [[232, 1067]], [[232, 1068]], [[233, 1069]], [[233, 1070]], [[234, 1071]], [[234, 1072]], [[235, 1073]], [[235, 1074]], [[236, 1073]], [[237, 1073]], [[238, 1073]], [[239, 1073]], [[240, 1072]], [[241, 1072]], [[242, 1071]], [[243, 1071]], [[244, 1071]], [[245, 1071]], [[246, 1071]], [[247, 1071]], [[248, 1071]], [[249, 1070]], [[250, 1070]], [[251, 1069]], [[252, 1069]], [[253, 1068]], [[254, 1067]], [[255, 1067]], [[256, 1066]], [[257, 1065]], [[258, 1065]], [[258, 1064]], [[259, 1063]], [[260, 1062]], [[261, 1061]], [[262, 1060]], [[263, 1059]], [[264, 1059]], [[265, 1058]], [[266, 1058]], [[267, 1057]], [[268, 1057]], [[269, 1056]], [[270, 1056]], [[271, 1056]], [[272, 1056]], [[273, 1056]], [[274, 1056]], [[275, 1056]], [[276, 1055]], [[277, 1054]], [[277, 1053]], [[276, 1052]], [[276, 1051]], [[276, 1050]], [[276, 1049]], [[275, 1048]], [[274, 1047]], [[274, 1046]], [[273, 1045]], [[273, 1044]], [[272, 1043]], [[271, 1043]], [[270, 1043]], [[269, 1043]], [[268, 1043]]]","[[[[270, 1032], [269, 1033], [270, 1034], [270, 1035], [269, 1036], [268, 1037], [267, 1037], [267, 1038], [267, 1039], [267, 1040], [267, 1041], [267, 1042], [268, 1042], [268, 1041], [269, 1040], [270, 1041], [270, 1042], [271, 1042], [272, 1042], [273, 1043], [274, 1044], [275, 1045], [276, 1046], [276, 1047], [276, 1048], [277, 1049], [278, 1048], [279, 1047], [279, 1046], [278, 1045], [277, 1045], [276, 1045], [275, 1044], [275, 1043], [275, 1042], [275, 1041], [275, 1040], [276, 1039], [277, 1039], [278, 1039], [279, 1040], [280, 1040], [281, 1039], [282, 1039], [282, 1038], [281, 1039], [280, 1039], [279, 1039], [278, 1039], [277, 1039], [276, 1039], [275, 1038], [275, 1037], [274, 1036], [273, 1035], [273, 1034], [272, 1033], [272, 1032], [271, 1032]]], [], [[[274, 1061], [274, 1062], [273, 1063], [272, 1063], [271, 1064], [270, 1064], [269, 1065], [268, 1065], [267, 1066], [266, 1066], [265, 1067], [264, 1067], [263, 1067], [262, 1067], [261, 1067], [260, 1067], [259, 1068], [258, 1067], [257, 1066], [256, 1067], [255, 1068], [254, 1068], [253, 1069], [252, 1070], [251, 1070], [252, 1070], [253, 1070], [254, 1069], [255, 1069], [256, 1068], [257, 1069], [258, 1069], [259, 1069], [260, 1069], [261, 1069], [262, 1068], [263, 1069], [264, 1069], [265, 1069], [266, 1069], [267, 1068], [268, 1068], [269, 1067], [270, 1067], [271, 1066], [272, 1066], [273, 1066], [274, 1065], [275, 1065], [276, 1064], [277, 1064], [278, 1064], [279, 1064], [280, 1064], [281, 1064], [282, 1064], [283, 1065], [284, 1065], [285, 1065], [284, 1064], [285, 1063], [284, 1063], [283, 1063], [282, 1064], [281, 1063], [281, 1062], [281, 1061], [280, 1061], [279, 1061], [278, 1061], [277, 1061], [276, 1061], [275, 1061]]]]","[16, [], 17]"
11,11,"[[[645, 1039]], [[644, 1040]], [[643, 1040]], [[642, 1040]], [[641, 1041]], [[640, 1041]], [[639, 1041]], [[638, 1042]], [[637, 1042]], [[636, 1043]], [[635, 1044]], [[634, 1045]], [[633, 1045]], [[632, 1046]], [[631, 1047]], [[630, 1047]], [[629, 1047]], [[628, 1048]], [[628, 1049]], [[628, 1050]], [[628, 1051]], [[628, 1052]], [[628, 1053]], [[629, 1054]], [[629, 1055]], [[630, 1055]], [[631, 1056]], [[632, 1057]], [[633, 1057]], [[634, 1057]], [[635, 1057]], [[636, 1056]], [[637, 1056]], [[638, 1056]], [[639, 1056]], [[640, 1056]], [[641, 1055]], [[642, 1055]], [[643, 1054]], [[644, 1054]], [[645, 1053]], [[646, 1052]], [[646, 1051]], [[647, 1050]], [[648, 1049]], [[648, 1048]], [[649, 1047]], [[649, 1046]], [[648, 1045]], [[648, 1044]], [[648, 1043]], [[648, 1042]], [[647, 1041]], [[647, 1040]], [[646, 1039]]]",[[]],[]
12,12,"[[[344, 1038]], [[343, 1039]], [[342, 1040]], [[341, 1041]], [[340, 1042]], [[339, 1042]], [[338, 1043]], [[337, 1043]], [[336, 1043]], [[335, 1044]], [[334, 1045]], [[333, 1046]], [[332, 1046]], [[331, 1047]], [[330, 1047]], [[330, 1048]], [[329, 1049]], [[328, 1050]], [[327, 1050]], [[326, 1050]], [[325, 1050]], [[324, 1050]], [[323, 1049]], [[322, 1049]], [[321, 1049]], [[320, 1050]], [[319, 1051]], [[319, 1052]], [[319, 1053]], [[319, 1054]], [[319, 1055]], [[319, 1056]], [[319, 1057]], [[319, 1058]], [[319, 1059]], [[319, 1060]], [[319, 1061]], [[319, 1062]], [[319, 1063]], [[320, 1064]], [[320, 1065]], [[321, 1066]], [[321, 1067]], [[320, 1068]], [[319, 1069]], [[318, 1070]], [[318, 1071]], [[318, 1072]], [[318, 1073]], [[317, 1074]], [[317, 1075]], [[317, 1076]], [[317, 1077]], [[317, 1078]], [[317, 1079]], [[318, 1080]], [[318, 1081]], [[319, 1082]], [[319, 1083]], [[319, 1084]], [[319, 1085]], [[320, 1086]], [[320, 1087]], [[321, 1088]], [[322, 1088]], [[323, 1089]], [[324, 1089]], [[325, 1090]], [[326, 1090]], [[327, 1091]], [[328, 1091]], [[329, 1091]], [[330, 1091]], [[331, 1091]], [[332, 1091]], [[333, 1092]], [[334, 1091]], [[335, 1091]], [[336, 1090]], [[337, 1090]], [[338, 1090]], [[339, 1090]], [[340, 1090]], [[341, 1089]], [[341, 1088]], [[342, 1087]], [[342, 1086]], [[343, 1085]], [[344, 1085]], [[345, 1084]], [[346, 1084]], [[347, 1084]], [[348, 1084]], [[349, 1084]], [[350, 1083]], [[351, 1082]], [[351, 1081]], [[352, 1080]], [[352, 1079]], [[352, 1078]], [[352, 1077]], [[352, 1076]], [[352, 1075]], [[352, 1074]], [[352, 1073]], [[352, 1072]], [[352, 1071]], [[353, 1070]], [[353, 1069]], [[354, 1068]], [[354, 1067]], [[354, 1066]], [[354, 1065]], [[354, 1064]], [[354, 1063]], [[354, 1062]], [[354, 1061]], [[354, 1060]], [[354, 1059]], [[354, 1058]], [[354, 1057]], [[353, 1056]], [[354, 1055]], [[355, 1054]], [[355, 1053]], [[356, 1052]], [[356, 1051]], [[356, 1050]], [[356, 1049]], [[355, 1048]], [[355, 1047]], [[355, 1046]], [[355, 1045]], [[354, 1044]], [[354, 1043]], [[353, 1042]], [[353, 1041]], [[352, 1040]], [[351, 1039]], [[350, 1039]], [[349, 1038]], [[348, 1038]], [[347, 1038]], [[346, 1038]], [[345, 1038]]]","[[], [[[315, 1073], [315, 1074], [315, 1075], [315, 1076], [315, 1077], [315, 1078], [315, 1079], [315, 1080], [315, 1081], [315, 1082], [315, 1083], [316, 1084], [315, 1085], [316, 1086], [316, 1087], [316, 1088], [316, 1089], [316, 1090], [316, 1089], [317, 1088], [318, 1089], [318, 1090], [319, 1089], [320, 1089], [320, 1088], [319, 1087], [318, 1086], [318, 1085], [318, 1084], [318, 1083], [317, 1082], [317, 1081], [316, 1080], [316, 1079], [315, 1078], [315, 1077], [315, 1076], [316, 1075], [316, 1074], [316, 1073]]], [[[321, 1091], [322, 1092], [322, 1093], [321, 1094], [320, 1094], [319, 1094], [319, 1095], [319, 1096], [319, 1097], [319, 1098], [320, 1098], [321, 1098], [322, 1098], [323, 1098], [324, 1099], [324, 1100], [323, 1101], [322, 1101], [321, 1101], [320, 1101], [319, 1102], [318, 1103], [318, 1104], [319, 1104], [320, 1103], [321, 1103], [322, 1103], [323, 1103], [324, 1102], [324, 1101], [325, 1100], [326, 1099], [325, 1098], [325, 1097], [324, 1096], [323, 1095], [323, 1094], [324, 1093], [324, 1092], [324, 1091], [323, 1091], [322, 1091]]]]","[[], 18, 19]"
13,13,"[[[796, 1029]], [[795, 1030]], [[794, 1030]], [[793, 1030]], [[793, 1031]], [[793, 1032]], [[793, 1033]], [[792, 1034]], [[791, 1035]], [[791, 1036]], [[791, 1037]], [[791, 1038]], [[790, 1039]], [[789, 1040]], [[788, 1040]], [[787, 1039]], [[787, 1038]], [[786, 1037]], [[786, 1036]], [[786, 1037]], [[786, 1038]], [[786, 1039]], [[786, 1040]], [[785, 1041]], [[785, 1042]], [[784, 1043]], [[784, 1044]], [[784, 1045]], [[784, 1046]], [[784, 1047]], [[785, 1048]], [[786, 1047]], [[786, 1046]], [[787, 1045]], [[788, 1044]], [[789, 1044]], [[790, 1044]], [[791, 1045]], [[791, 1046]], [[791, 1047]], [[791, 1048]], [[791, 1049]], [[791, 1050]], [[792, 1051]], [[792, 1052]], [[793, 1053]], [[793, 1054]], [[794, 1053]], [[795, 1053]], [[796, 1052]], [[797, 1051]], [[797, 1050]], [[797, 1049]], [[798, 1048]], [[798, 1047]], [[799, 1046]], [[800, 1045]], [[801, 1045]], [[802, 1046]], [[802, 1047]], [[802, 1048]], [[803, 1049]], [[803, 1050]], [[803, 1051]], [[804, 1052]], [[804, 1053]], [[805, 1054]], [[805, 1055]], [[805, 1056]], [[806, 1057]], [[807, 1057]], [[808, 1058]], [[809, 1059]], [[809, 1060]], [[810, 1061]], [[810, 1062]], [[811, 1062]], [[812, 1063]], [[812, 1064]], [[813, 1065]], [[813, 1066]], [[814, 1066]], [[815, 1067]], [[816, 1067]], [[817, 1066]], [[818, 1066]], [[819, 1067]], [[820, 1066]], [[821, 1066]], [[822, 1065]], [[823, 1064]], [[824, 1064]], [[825, 1065]], [[826, 1065]], [[827, 1064]], [[828, 1063]], [[828, 1062]], [[828, 1061]], [[829, 1060]], [[829, 1059]], [[829, 1058]], [[828, 1057]], [[827, 1056]], [[826, 1055]], [[826, 1054]], [[826, 1053]], [[826, 1052]], [[826, 1051]], [[825, 1050]], [[825, 1049]], [[824, 1048]], [[824, 1047]], [[824, 1046]], [[823, 1045]], [[823, 1044]], [[822, 1043]], [[822, 1042]], [[821, 1041]], [[820, 1040]], [[820, 1039]], [[819, 1038]], [[818, 1037]], [[818, 1036]], [[817, 1035]], [[816, 1035]], [[815, 1035]], [[814, 1034]], [[813, 1035]], [[812, 1035]], [[811, 1035]], [[810, 1035]], [[809, 1035]], [[808, 1035]], [[807, 1035]], [[806, 1034]], [[805, 1033]], [[804, 1032]], [[804, 1031]], [[804, 1030]], [[803, 1029]], [[802, 1029]], [[801, 1029]], [[800, 1029]], [[799, 1029]], [[798, 1029]], [[797, 1029]]]",[[]],[]
14,14,"[[[378, 1027]], [[377, 1028]], [[376, 1028]], [[375, 1028]], [[374, 1029]], [[374, 1030]], [[373, 1031]], [[373, 1032]], [[373, 1033]], [[372, 1034]], [[372, 1035]], [[372, 1036]], [[372, 1037]], [[371, 1038]], [[371, 1039]], [[371, 1040]], [[372, 1041]], [[372, 1042]], [[372, 1043]], [[372, 1044]], [[373, 1045]], [[373, 1046]], [[374, 1047]], [[374, 1048]], [[374, 1049]], [[375, 1049]], [[376, 1050]], [[376, 1051]], [[377, 1052]], [[378, 1052]], [[379, 1052]], [[380, 1052]], [[381, 1052]], [[382, 1051]], [[383, 1050]], [[384, 1050]], [[385, 1051]], [[386, 1052]], [[386, 1053]], [[387, 1054]], [[388, 1055]], [[389, 1056]], [[390, 1057]], [[391, 1057]], [[392, 1058]], [[393, 1058]], [[394, 1059]], [[395, 1059]], [[396, 1059]], [[397, 1060]], [[398, 1060]], [[399, 1060]], [[400, 1060]], [[401, 1061]], [[402, 1061]], [[403, 1061]], [[404, 1061]], [[405, 1061]], [[406, 1061]], [[407, 1061]], [[408, 1061]], [[409, 1061]], [[410, 1062]], [[411, 1062]], [[412, 1061]], [[413, 1061]], [[414, 1061]], [[415, 1061]], [[416, 1060]], [[417, 1059]], [[417, 1058]], [[418, 1057]], [[418, 1056]], [[418, 1055]], [[418, 1054]], [[419, 1053]], [[419, 1052]], [[419, 1051]], [[420, 1050]], [[420, 1049]], [[420, 1048]], [[420, 1047]], [[420, 1046]], [[420, 1045]], [[419, 1045]], [[418, 1044]], [[417, 1044]], [[416, 1044]], [[415, 1043]], [[414, 1042]], [[413, 1041]], [[412, 1040]], [[411, 1040]], [[410, 1040]], [[409, 1040]], [[408, 1039]], [[407, 1039]], [[406, 1038]], [[405, 1038]], [[404, 1038]], [[403, 1038]], [[402, 1037]], [[401, 1037]], [[400, 1037]], [[399, 1037]], [[398, 1037]], [[397, 1037]], [[396, 1036]], [[395, 1035]], [[394, 1034]], [[393, 1033]], [[392, 1033]], [[391, 1032]], [[390, 1032]], [[389, 1032]], [[388, 1031]], [[388, 1030]], [[387, 1030]], [[386, 1030]], [[385, 1030]], [[384, 1029]], [[383, 1029]], [[382, 1028]], [[381, 1028]], [[380, 1027]], [[379, 1027]]]","[[], [[[373, 1021], [373, 1022], [372, 1023], [372, 1024], [373, 1025], [374, 1026], [374, 1027], [373, 1028], [372, 1028], [371, 1028], [371, 1029], [371, 1030], [371, 1031], [372, 1031], [372, 1030], [372, 1029], [373, 1028], [374, 1027], [375, 1027], [375, 1026], [374, 1025], [374, 1024], [374, 1023], [374, 1022], [375, 1021], [374, 1021]]]]","[[], 20]"
15,15,"[[[90, 1021]], [[89, 1022]], [[88, 1022]], [[87, 1022]], [[86, 1022]], [[85, 1023]], [[84, 1023]], [[83, 1023]], [[82, 1023]], [[81, 1023]], [[80, 1023]], [[79, 1024]], [[78, 1025]], [[77, 1025]], [[76, 1026]], [[75, 1027]], [[74, 1028]], [[73, 1028]], [[72, 1029]], [[71, 1030]], [[70, 1030]], [[69, 1031]], [[68, 1032]], [[67, 1033]], [[67, 1034]], [[67, 1035]], [[66, 1036]], [[66, 1037]], [[65, 1038]], [[65, 1039]], [[65, 1040]], [[66, 1041]], [[66, 1042]], [[66, 1043]], [[66, 1044]], [[66, 1045]], [[66, 1046]], [[66, 1047]], [[66, 1048]], [[65, 1049]], [[64, 1049]], [[63, 1048]], [[62, 1048]], [[62, 1049]], [[61, 1050]], [[60, 1050]], [[60, 1051]], [[59, 1052]], [[58, 1052]], [[57, 1052]], [[57, 1053]], [[56, 1054]], [[55, 1054]], [[54, 1055]], [[53, 1055]], [[52, 1056]], [[51, 1057]], [[51, 1058]], [[50, 1059]], [[49, 1060]], [[48, 1061]], [[47, 1062]], [[47, 1063]], [[47, 1064]], [[46, 1065]], [[45, 1066]], [[44, 1066]], [[44, 1067]], [[43, 1068]], [[43, 1069]], [[42, 1070]], [[41, 1071]], [[40, 1071]], [[40, 1072]], [[40, 1073]], [[40, 1074]], [[40, 1075]], [[40, 1076]], [[39, 1077]], [[39, 1078]], [[38, 1079]], [[38, 1080]], [[38, 1081]], [[38, 1082]], [[38, 1083]], [[38, 1084]], [[38, 1085]], [[37, 1086]], [[36, 1087]], [[35, 1087]], [[34, 1087]], [[33, 1087]], [[32, 1088]], [[31, 1089]], [[31, 1090]], [[30, 1091]], [[30, 1092]], [[30, 1093]], [[30, 1094]], [[31, 1095]], [[31, 1096]], [[32, 1097]], [[32, 1098]], [[32, 1099]], [[33, 1100]], [[33, 1101]], [[34, 1102]], [[35, 1103]], [[36, 1104]], [[36, 1105]], [[37, 1106]], [[37, 1107]], [[37, 1108]], [[37, 1109]], [[38, 1110]], [[39, 1111]], [[39, 1112]], [[40, 1112]], [[41, 1113]], [[42, 1114]], [[43, 1115]], [[43, 1116]], [[44, 1117]], [[45, 1116]], [[46, 1117]], [[47, 1117]], [[48, 1117]], [[49, 1117]], [[50, 1117]], [[51, 1118]], [[52, 1118]], [[53, 1119]], [[53, 1120]], [[53, 1121]], [[53, 1122]], [[53, 1123]], [[53, 1124]], [[53, 1125]], [[53, 1126]], [[53, 1127]], [[53, 1128]], [[54, 1129]], [[54, 1130]], [[54, 1131]], [[55, 1132]], [[56, 1133]], [[57, 1133]], [[58, 1133]], [[59, 1133]], [[60, 1134]], [[61, 1134]], [[62, 1134]], [[63, 1134]], [[64, 1134]], [[65, 1133]], [[66, 1133]], [[67, 1132]], [[68, 1132]], [[69, 1132]], [[70, 1132]], [[71, 1132]], [[72, 1131]], [[73, 1131]], [[74, 1131]], [[75, 1130]], [[76, 1130]], [[77, 1129]], [[78, 1129]], [[79, 1128]], [[80, 1128]], [[81, 1127]], [[82, 1126]], [[83, 1125]], [[84, 1124]], [[84, 1123]], [[85, 1122]], [[86, 1121]], [[86, 1120]], [[86, 1119]], [[87, 1118]], [[87, 1117]], [[88, 1116]], [[88, 1115]], [[89, 1114]], [[89, 1113]], [[89, 1112]], [[89, 1111]], [[88, 1110]], [[88, 1109]], [[88, 1108]], [[88, 1107]], [[88, 1106]], [[89, 1105]], [[90, 1104]], [[91, 1104]], [[92, 1105]], [[92, 1106]], [[92, 1107]], [[92, 1108]], [[92, 1109]], [[93, 1110]], [[93, 1111]], [[93, 1112]], [[93, 1113]], [[93, 1114]], [[93, 1115]], [[93, 1116]], [[94, 1117]], [[94, 1118]], [[95, 1119]], [[96, 1119]], [[97, 1119]], [[98, 1119]], [[99, 1119]], [[100, 1119]], [[101, 1119]], [[102, 1118]], [[103, 1117]], [[104, 1117]], [[105, 1116]], [[106, 1115]], [[106, 1114]], [[106, 1113]], [[107, 1112]], [[108, 1111]], [[109, 1112]], [[109, 1113]], [[109, 1114]], [[110, 1114]], [[111, 1115]], [[112, 1116]], [[113, 1116]], [[114, 1117]], [[115, 1117]], [[116, 1116]], [[117, 1116]], [[118, 1116]], [[119, 1116]], [[120, 1117]], [[121, 1117]], [[122, 1116]], [[123, 1116]], [[124, 1117]], [[125, 1116]], [[126, 1116]], [[127, 1115]], [[128, 1115]], [[129, 1115]], [[129, 1114]], [[129, 1113]], [[130, 1112]], [[130, 1111]], [[130, 1110]], [[131, 1109]], [[131, 1108]], [[132, 1107]], [[133, 1106]], [[132, 1105]], [[132, 1104]], [[132, 1103]], [[132, 1102]], [[132, 1103]], [[131, 1104]], [[130, 1103]], [[130, 1102]], [[130, 1101]], [[131, 1100]], [[132, 1100]], [[132, 1099]], [[133, 1098]], [[133, 1097]], [[134, 1096]], [[135, 1096]], [[135, 1095]], [[135, 1094]], [[134, 1093]], [[134, 1092]], [[134, 1091]], [[133, 1090]], [[132, 1089]], [[132, 1088]], [[132, 1087]], [[132, 1086]], [[131, 1085]], [[131, 1084]], [[131, 1083]], [[131, 1082]], [[131, 1081]], [[130, 1080]], [[131, 1079]], [[131, 1078]], [[132, 1077]], [[132, 1076]], [[133, 1075]], [[133, 1074]], [[134, 1073]], [[133, 1072]], [[134, 1071]], [[134, 1070]], [[134, 1069]], [[134, 1068]], [[134, 1067]], [[134, 1066]], [[134, 1065]], [[134, 1064]], [[133, 1063]], [[133, 1062]], [[133, 1061]], [[132, 1060]], [[132, 1059]], [[132, 1058]], [[132, 1057]], [[132, 1056]], [[132, 1055]], [[132, 1054]], [[131, 1053]], [[132, 1052]], [[132, 1051]], [[132, 1050]], [[131, 1050]], [[130, 1050]], [[129, 1050]], [[128, 1050]], [[128, 1051]], [[127, 1052]], [[126, 1052]], [[125, 1052]], [[124, 1051]], [[124, 1050]], [[124, 1049]], [[124, 1048]], [[124, 1047]], [[123, 1046]], [[123, 1045]], [[122, 1045]], [[121, 1044]], [[120, 1045]], [[119, 1046]], [[118, 1046]], [[118, 1047]], [[117, 1048]], [[117, 1049]], [[116, 1050]], [[115, 1049]], [[114, 1048]], [[113, 1047]], [[113, 1046]], [[113, 1045]], [[113, 1044]], [[112, 1043]], [[112, 1042]], [[112, 1041]], [[112, 1040]], [[112, 1039]], [[112, 1038]], [[112, 1037]], [[112, 1036]], [[112, 1035]], [[111, 1034]], [[111, 1033]], [[111, 1032]], [[110, 1031]], [[110, 1030]], [[110, 1029]], [[110, 1028]], [[109, 1027]], [[108, 1026]], [[107, 1025]], [[107, 1024]], [[106, 1024]], [[105, 1023]], [[104, 1022]], [[103, 1022]], [[102, 1021]], [[101, 1022]], [[100, 1022]], [[99, 1022]], [[98, 1022]], [[97, 1022]], [[96, 1022]], [[95, 1022]], [[94, 1022]], [[93, 1021]], [[92, 1021]], [[91, 1021]]]",[[]],[]
16,16,"[[[33, 1015]], [[32, 1016]], [[31, 1017]], [[31, 1018]], [[31, 1019]], [[31, 1020]], [[31, 1021]], [[31, 1022]], [[31, 1023]], [[32, 1024]], [[33, 1024]], [[34, 1025]], [[35, 1025]], [[36, 1026]], [[37, 1027]], [[38, 1027]], [[39, 1027]], [[40, 1027]], [[41, 1026]], [[42, 1025]], [[43, 1025]], [[44, 1025]], [[45, 1025]], [[46, 1024]], [[46, 1023]], [[46, 1022]], [[46, 1021]], [[46, 1020]], [[46, 1019]], [[46, 1018]], [[45, 1018]], [[44, 1018]], [[43, 1017]], [[42, 1017]], [[41, 1017]], [[40, 1017]], [[39, 1017]], [[38, 1016]], [[37, 1016]], [[36, 1015]], [[35, 1015]], [[34, 1015]]]",[[]],[]
17,17,"[[[787, 1012]], [[786, 1013]], [[785, 1014]], [[784, 1015]], [[783, 1015]], [[782, 1014]], [[781, 1014]], [[780, 1015]], [[779, 1016]], [[778, 1017]], [[777, 1017]], [[776, 1018]], [[776, 1019]], [[775, 1020]], [[774, 1020]], [[774, 1021]], [[773, 1022]], [[772, 1021]], [[771, 1021]], [[770, 1021]], [[769, 1021]], [[768, 1020]], [[767, 1019]], [[766, 1018]], [[766, 1017]], [[765, 1017]], [[764, 1017]], [[763, 1017]], [[762, 1017]], [[761, 1017]], [[760, 1017]], [[759, 1016]], [[758, 1016]], [[758, 1017]], [[757, 1018]], [[756, 1019]], [[755, 1020]], [[754, 1020]], [[753, 1020]], [[752, 1020]], [[751, 1020]], [[750, 1021]], [[749, 1022]], [[749, 1023]], [[748, 1024]], [[748, 1025]], [[748, 1026]], [[748, 1027]], [[748, 1028]], [[749, 1029]], [[750, 1030]], [[750, 1031]], [[750, 1032]], [[751, 1033]], [[752, 1034]], [[753, 1035]], [[754, 1035]], [[755, 1035]], [[756, 1036]], [[757, 1036]], [[758, 1035]], [[758, 1034]], [[759, 1033]], [[760, 1032]], [[761, 1031]], [[762, 1031]], [[763, 1031]], [[763, 1030]], [[764, 1029]], [[765, 1028]], [[766, 1028]], [[767, 1027]], [[768, 1026]], [[769, 1026]], [[770, 1027]], [[771, 1028]], [[772, 1029]], [[773, 1029]], [[774, 1028]], [[774, 1027]], [[775, 1026]], [[775, 1025]], [[776, 1024]], [[776, 1023]], [[776, 1022]], [[776, 1021]], [[777, 1020]], [[778, 1019]], [[779, 1019]], [[780, 1020]], [[780, 1021]], [[780, 1022]], [[780, 1023]], [[781, 1024]], [[781, 1025]], [[781, 1026]], [[781, 1027]], [[782, 1028]], [[782, 1029]], [[783, 1030]], [[783, 1031]], [[783, 1030]], [[784, 1029]], [[785, 1028]], [[785, 1027]], [[785, 1026]], [[786, 1025]], [[786, 1024]], [[787, 1023]], [[787, 1022]], [[788, 1021]], [[789, 1020]], [[790, 1020]], [[791, 1021]], [[792, 1021]], [[793, 1021]], [[794, 1021]], [[794, 1020]], [[794, 1019]], [[794, 1018]], [[793, 1017]], [[793, 1016]], [[792, 1015]], [[791, 1014]], [[790, 1014]], [[789, 1013]], [[788, 1013]]]","[[[[740, 1007], [740, 1008], [740, 1009], [739, 1010], [738, 1010], [737, 1010], [737, 1011], [737, 1012], [736, 1013], [735, 1013], [735, 1014], [735, 1015], [736, 1015], [736, 1014], [737, 1013], [738, 1012], [739, 1011], [740, 1010], [741, 1009], [742, 1010], [742, 1011], [742, 1012], [743, 1012], [744, 1012], [745, 1012], [746, 1012], [747, 1013], [748, 1012], [749, 1011], [750, 1011], [751, 1011], [752, 1012], [753, 1013], [754, 1013], [755, 1014], [756, 1014], [757, 1014], [758, 1014], [759, 1015], [760, 1015], [761, 1015], [762, 1016], [763, 1016], [764, 1015], [765, 1015], [765, 1014], [765, 1013], [764, 1014], [763, 1015], [762, 1015], [761, 1015], [760, 1015], [759, 1015], [758, 1014], [757, 1013], [756, 1012], [757, 1011], [756, 1011], [755, 1011], [754, 1011], [753, 1011], [752, 1011], [751, 1011], [750, 1010], [749, 1010], [748, 1009], [747, 1008], [746, 1007], [745, 1007], [744, 1008], [743, 1009], [742, 1008], [741, 1007]]], [], [[[778, 1024], [779, 1025], [779, 1026], [778, 1027], [777, 1027], [776, 1028], [776, 1029], [776, 1030], [776, 1031], [776, 1032], [777, 1031], [777, 1030], [778, 1029], [779, 1028], [780, 1029], [780, 1030], [780, 1031], [781, 1032], [781, 1033], [781, 1034], [782, 1035], [782, 1036], [782, 1037], [781, 1038], [780, 1038], [779, 1037], [779, 1038], [780, 1039], [780, 1040], [780, 1041], [781, 1041], [781, 1040], [781, 1039], [781, 1038], [782, 1037], [782, 1036], [782, 1035], [781, 1034], [781, 1033], [781, 1032], [780, 1031], [780, 1030], [780, 1029], [780, 1028], [779, 1027], [779, 1026], [779, 1025], [779, 1024]]]]","[21, [], 22]"
18,18,"[[[502, 1011]], [[501, 1012]], [[501, 1013]], [[501, 1014]], [[500, 1015]], [[499, 1016]], [[499, 1017]], [[499, 1018]], [[499, 1019]], [[500, 1019]], [[501, 1019]], [[502, 1020]], [[503, 1021]], [[504, 1022]], [[505, 1023]], [[505, 1024]], [[506, 1025]], [[507, 1025]], [[508, 1026]], [[509, 1027]], [[510, 1027]], [[511, 1028]], [[511, 1029]], [[512, 1030]], [[513, 1031]], [[514, 1030]], [[515, 1031]], [[516, 1031]], [[517, 1030]], [[518, 1029]], [[519, 1028]], [[520, 1027]], [[521, 1026]], [[521, 1025]], [[522, 1024]], [[522, 1023]], [[522, 1022]], [[522, 1021]], [[521, 1022]], [[520, 1022]], [[519, 1021]], [[518, 1020]], [[517, 1019]], [[517, 1018]], [[518, 1017]], [[518, 1016]], [[518, 1015]], [[517, 1014]], [[516, 1014]], [[515, 1014]], [[514, 1015]], [[513, 1015]], [[512, 1015]], [[511, 1014]], [[510, 1014]], [[509, 1013]], [[508, 1013]], [[507, 1012]], [[507, 1011]], [[506, 1011]], [[505, 1011]], [[504, 1011]], [[503, 1011]]]",[[]],[]
19,19,"[[[200, 1001]], [[199, 1002]], [[198, 1002]], [[197, 1003]], [[196, 1003]], [[195, 1004]], [[195, 1005]], [[194, 1006]], [[193, 1006]], [[192, 1007]], [[191, 1007]], [[190, 1008]], [[189, 1009]], [[188, 1010]], [[187, 1010]], [[187, 1011]], [[187, 1012]], [[187, 1013]], [[187, 1014]], [[187, 1015]], [[187, 1016]], [[187, 1017]], [[187, 1018]], [[188, 1018]], [[189, 1019]], [[189, 1020]], [[190, 1020]], [[191, 1020]], [[192, 1020]], [[193, 1019]], [[194, 1019]], [[195, 1018]], [[196, 1018]], [[197, 1017]], [[198, 1017]], [[199, 1016]], [[200, 1015]], [[201, 1015]], [[202, 1014]], [[203, 1013]], [[204, 1013]], [[205, 1012]], [[206, 1011]], [[206, 1010]], [[206, 1009]], [[206, 1008]], [[206, 1007]], [[206, 1006]], [[205, 1005]], [[205, 1004]], [[204, 1003]], [[204, 1002]], [[203, 1001]], [[202, 1001]], [[201, 1001]]]","[[[[188, 1019], [187, 1020], [188, 1021], [187, 1022], [186, 1023], [185, 1022], [185, 1023], [185, 1024], [184, 1025], [183, 1025], [183, 1026], [183, 1027], [183, 1028], [183, 1029], [184, 1030], [184, 1031], [183, 1032], [182, 1032], [181, 1032], [180, 1031], [179, 1031], [178, 1032], [178, 1033], [179, 1033], [180, 1034], [181, 1034], [182, 1034], [183, 1034], [183, 1033], [184, 1032], [185, 1032], [186, 1031], [186, 1030], [185, 1030], [184, 1030], [183, 1029], [183, 1028], [184, 1027], [185, 1026], [186, 1025], [187, 1024], [188, 1023], [189, 1023], [190, 1022], [190, 1021], [189, 1021], [188, 1020]]], []]","[23, []]"
20,20,"[[[774, 991]], [[774, 992]], [[774, 993]], [[774, 994]], [[774, 995]], [[773, 996]], [[772, 996]], [[771, 997]], [[770, 997]], [[769, 997]], [[768, 998]], [[768, 999]], [[767, 1000]], [[766, 1000]], [[765, 1001]], [[765, 1002]], [[764, 1003]], [[765, 1004]], [[765, 1005]], [[765, 1006]], [[766, 1007]], [[767, 1008]], [[768, 1009]], [[769, 1010]], [[770, 1011]], [[771, 1011]], [[772, 1011]], [[773, 1011]], [[774, 1011]], [[774, 1010]], [[775, 1009]], [[776, 1009]], [[777, 1008]], [[777, 1007]], [[778, 1006]], [[779, 1005]], [[780, 1005]], [[781, 1005]], [[782, 1005]], [[783, 1005]], [[784, 1005]], [[785, 1004]], [[786, 1003]], [[786, 1002]], [[787, 1001]], [[787, 1000]], [[788, 999]], [[788, 998]], [[788, 997]], [[787, 996]], [[786, 995]], [[786, 994]], [[785, 994]], [[784, 993]], [[783, 992]], [[782, 992]], [[781, 992]], [[780, 992]], [[779, 992]], [[778, 992]], [[777, 993]], [[776, 993]], [[775, 993]], [[774, 992]]]",[[]],[]
21,21,"[[[482, 990]], [[481, 991]], [[480, 992]], [[479, 993]], [[479, 994]], [[479, 995]], [[479, 996]], [[478, 997]], [[478, 998]], [[478, 999]], [[478, 1000]], [[477, 1001]], [[476, 1002]], [[475, 1002]], [[475, 1003]], [[475, 1004]], [[474, 1005]], [[474, 1006]], [[474, 1007]], [[475, 1008]], [[476, 1009]], [[477, 1010]], [[478, 1009]], [[479, 1009]], [[480, 1008]], [[481, 1008]], [[482, 1008]], [[483, 1008]], [[484, 1007]], [[485, 1007]], [[486, 1007]], [[487, 1007]], [[488, 1007]], [[489, 1006]], [[490, 1005]], [[491, 1005]], [[492, 1005]], [[493, 1004]], [[494, 1003]], [[495, 1002]], [[495, 1001]], [[495, 1000]], [[496, 999]], [[496, 998]], [[496, 997]], [[495, 996]], [[495, 995]], [[494, 994]], [[493, 994]], [[492, 993]], [[491, 992]], [[490, 991]], [[489, 991]], [[488, 990]], [[487, 990]], [[486, 990]], [[485, 990]], [[484, 990]], [[483, 990]]]",[[]],[]
22,22,"[[[425, 983]], [[424, 984]], [[423, 984]], [[422, 984]], [[422, 985]], [[421, 986]], [[420, 987]], [[419, 988]], [[418, 987]], [[417, 986]], [[417, 987]], [[416, 988]], [[415, 989]], [[414, 990]], [[414, 991]], [[413, 992]], [[412, 993]], [[411, 994]], [[410, 995]], [[409, 996]], [[408, 997]], [[407, 998]], [[406, 999]], [[406, 1000]], [[405, 1001]], [[405, 1002]], [[404, 1003]], [[404, 1004]], [[404, 1005]], [[404, 1006]], [[403, 1007]], [[403, 1008]], [[403, 1009]], [[403, 1010]], [[403, 1011]], [[404, 1012]], [[404, 1013]], [[404, 1014]], [[404, 1015]], [[405, 1016]], [[406, 1017]], [[407, 1018]], [[408, 1019]], [[409, 1019]], [[410, 1020]], [[411, 1021]], [[412, 1021]], [[413, 1022]], [[414, 1023]], [[415, 1023]], [[416, 1022]], [[417, 1022]], [[418, 1022]], [[419, 1021]], [[420, 1021]], [[421, 1021]], [[422, 1021]], [[423, 1021]], [[424, 1022]], [[425, 1022]], [[426, 1022]], [[427, 1023]], [[428, 1024]], [[429, 1024]], [[430, 1024]], [[431, 1024]], [[432, 1024]], [[433, 1023]], [[434, 1023]], [[435, 1023]], [[436, 1023]], [[437, 1023]], [[438, 1023]], [[439, 1023]], [[440, 1022]], [[441, 1021]], [[442, 1020]], [[441, 1019]], [[441, 1018]], [[441, 1017]], [[441, 1016]], [[442, 1015]], [[442, 1014]], [[442, 1013]], [[442, 1012]], [[442, 1011]], [[442, 1010]], [[443, 1009]], [[444, 1008]], [[444, 1007]], [[445, 1006]], [[446, 1006]], [[447, 1005]], [[448, 1004]], [[448, 1003]], [[448, 1002]], [[448, 1001]], [[448, 1000]], [[448, 999]], [[448, 998]], [[448, 997]], [[447, 996]], [[447, 995]], [[446, 994]], [[446, 993]], [[445, 992]], [[445, 991]], [[444, 991]], [[443, 990]], [[443, 989]], [[442, 988]], [[441, 988]], [[440, 988]], [[439, 987]], [[439, 986]], [[438, 986]], [[437, 985]], [[436, 984]], [[435, 984]], [[434, 984]], [[433, 984]], [[432, 984]], [[431, 983]], [[430, 983]], [[429, 983]], [[428, 983]], [[427, 983]], [[426, 983]]]",[[]],[]
23,23,"[[[338, 976]], [[337, 977]], [[336, 977]], [[335, 978]], [[334, 978]], [[333, 979]], [[332, 979]], [[331, 979]], [[330, 980]], [[329, 981]], [[328, 982]], [[327, 982]], [[326, 983]], [[325, 984]], [[324, 984]], [[323, 984]], [[322, 985]], [[321, 985]], [[320, 986]], [[319, 986]], [[318, 987]], [[317, 988]], [[316, 988]], [[315, 989]], [[315, 990]], [[315, 991]], [[314, 992]], [[314, 993]], [[313, 994]], [[313, 995]], [[313, 996]], [[313, 997]], [[312, 998]], [[312, 999]], [[312, 1000]], [[312, 1001]], [[311, 1002]], [[311, 1003]], [[312, 1004]], [[312, 1005]], [[312, 1006]], [[311, 1007]], [[311, 1008]], [[312, 1009]], [[312, 1010]], [[312, 1011]], [[312, 1012]], [[312, 1013]], [[313, 1013]], [[314, 1014]], [[315, 1015]], [[315, 1016]], [[315, 1017]], [[316, 1017]], [[317, 1018]], [[318, 1018]], [[319, 1018]], [[320, 1019]], [[320, 1020]], [[320, 1021]], [[321, 1022]], [[322, 1022]], [[323, 1023]], [[324, 1024]], [[325, 1025]], [[326, 1025]], [[327, 1026]], [[328, 1026]], [[329, 1027]], [[330, 1027]], [[331, 1028]], [[332, 1028]], [[333, 1028]], [[334, 1028]], [[335, 1027]], [[336, 1028]], [[337, 1028]], [[338, 1027]], [[339, 1027]], [[340, 1027]], [[341, 1026]], [[342, 1026]], [[343, 1026]], [[344, 1026]], [[345, 1025]], [[346, 1025]], [[347, 1025]], [[348, 1024]], [[349, 1023]], [[349, 1022]], [[350, 1021]], [[351, 1020]], [[352, 1020]], [[353, 1019]], [[354, 1018]], [[355, 1017]], [[355, 1016]], [[356, 1015]], [[357, 1014]], [[358, 1013]], [[358, 1012]], [[358, 1011]], [[358, 1010]], [[359, 1009]], [[359, 1008]], [[360, 1007]], [[360, 1006]], [[360, 1005]], [[360, 1004]], [[360, 1003]], [[360, 1002]], [[360, 1001]], [[360, 1000]], [[359, 999]], [[359, 998]], [[359, 997]], [[359, 996]], [[359, 995]], [[358, 994]], [[357, 994]], [[356, 993]], [[356, 992]], [[356, 991]], [[356, 990]], [[355, 989]], [[355, 988]], [[354, 987]], [[354, 986]], [[354, 985]], [[353, 984]], [[352, 983]], [[351, 982]], [[350, 981]], [[349, 980]], [[348, 980]], [[347, 979]], [[346, 978]], [[345, 977]], [[344, 977]], [[343, 976]], [[342, 976]], [[341, 976]], [[340, 976]], [[339, 976]]]","[[], [[[341, 1027], [340, 1028], [339, 1028], [338, 1028], [337, 1029], [336, 1029], [335, 1028], [334, 1029], [333, 1029], [332, 1029], [331, 1029], [331, 1030], [331, 1031], [332, 1031], [333, 1031], [334, 1030], [335, 1031], [336, 1032], [337, 1032], [337, 1031], [337, 1030], [338, 1029], [339, 1028], [340, 1029], [341, 1029], [342, 1028], [343, 1028], [344, 1028], [343, 1027], [342, 1027]]], [[[357, 1015], [356, 1016], [356, 1017], [355, 1018], [354, 1019], [353, 1020], [352, 1021], [351, 1021], [350, 1022], [350, 1023], [349, 1024], [348, 1025], [347, 1026], [346, 1027], [347, 1028], [348, 1027], [349, 1026], [350, 1025], [351, 1024], [351, 1023], [352, 1022], [353, 1021], [353, 1020], [354, 1019], [355, 1018], [356, 1018], [357, 1019], [358, 1018], [359, 1018], [358, 1017], [357, 1016]]]]","[[], 24, 25]"
24,24,"[[[504, 975]], [[503, 976]], [[502, 976]], [[501, 977]], [[500, 978]], [[499, 979]], [[498, 979]], [[497, 980]], [[496, 981]], [[495, 982]], [[495, 983]], [[495, 984]], [[495, 985]], [[495, 986]], [[495, 987]], [[495, 988]], [[495, 989]], [[495, 990]], [[496, 991]], [[497, 992]], [[498, 993]], [[499, 994]], [[499, 995]], [[500, 995]], [[501, 996]], [[501, 997]], [[501, 998]], [[502, 999]], [[503, 999]], [[504, 999]], [[505, 1000]], [[506, 1001]], [[507, 1002]], [[507, 1003]], [[508, 1003]], [[509, 1004]], [[510, 1005]], [[511, 1005]], [[512, 1006]], [[512, 1007]], [[513, 1008]], [[513, 1009]], [[514, 1010]], [[515, 1011]], [[516, 1011]], [[517, 1012]], [[518, 1012]], [[519, 1013]], [[520, 1014]], [[520, 1015]], [[521, 1016]], [[522, 1017]], [[523, 1018]], [[524, 1018]], [[525, 1018]], [[526, 1017]], [[527, 1017]], [[528, 1017]], [[529, 1017]], [[530, 1016]], [[531, 1016]], [[532, 1016]], [[533, 1015]], [[534, 1014]], [[535, 1014]], [[536, 1013]], [[537, 1012]], [[538, 1011]], [[538, 1010]], [[539, 1009]], [[538, 1008]], [[539, 1007]], [[539, 1006]], [[538, 1005]], [[538, 1004]], [[538, 1003]], [[537, 1002]], [[537, 1001]], [[537, 1000]], [[537, 999]], [[536, 998]], [[536, 997]], [[535, 997]], [[534, 996]], [[533, 995]], [[533, 994]], [[532, 994]], [[531, 994]], [[530, 994]], [[529, 994]], [[528, 993]], [[528, 992]], [[528, 991]], [[527, 990]], [[527, 989]], [[526, 988]], [[526, 987]], [[525, 986]], [[525, 985]], [[524, 985]], [[523, 985]], [[522, 985]], [[521, 984]], [[520, 984]], [[519, 984]], [[518, 983]], [[517, 982]], [[516, 982]], [[515, 982]], [[514, 981]], [[514, 980]], [[513, 980]], [[512, 979]], [[511, 979]], [[510, 978]], [[509, 978]], [[508, 977]], [[507, 976]], [[506, 976]], [[505, 976]]]",[[]],[]
25,25,"[[[114, 966]], [[113, 967]], [[112, 968]], [[112, 969]], [[111, 970]], [[110, 971]], [[110, 972]], [[110, 973]], [[110, 974]], [[110, 975]], [[111, 976]], [[111, 977]], [[111, 978]], [[111, 979]], [[112, 980]], [[112, 981]], [[113, 982]], [[113, 983]], [[114, 983]], [[115, 984]], [[116, 985]], [[116, 986]], [[117, 986]], [[118, 986]], [[119, 986]], [[120, 986]], [[121, 986]], [[122, 986]], [[123, 986]], [[124, 986]], [[125, 985]], [[126, 985]], [[127, 984]], [[128, 983]], [[129, 982]], [[130, 982]], [[129, 981]], [[130, 980]], [[129, 979]], [[128, 978]], [[128, 977]], [[127, 976]], [[127, 975]], [[127, 974]], [[126, 973]], [[125, 972]], [[124, 971]], [[123, 971]], [[122, 970]], [[121, 969]], [[120, 968]], [[119, 968]], [[118, 967]], [[117, 966]], [[116, 966]], [[115, 966]]]",[[]],[]
26,26,"[[[189, 962]], [[188, 963]], [[187, 963]], [[186, 964]], [[186, 965]], [[185, 966]], [[185, 967]], [[184, 968]], [[184, 969]], [[183, 970]], [[183, 971]], [[182, 972]], [[181, 973]], [[180, 973]], [[179, 973]], [[178, 974]], [[177, 974]], [[176, 974]], [[175, 975]], [[174, 976]], [[174, 977]], [[174, 978]], [[174, 979]], [[174, 980]], [[174, 981]], [[174, 982]], [[174, 983]], [[174, 984]], [[175, 985]], [[176, 986]], [[176, 987]], [[177, 988]], [[177, 989]], [[177, 990]], [[178, 991]], [[179, 992]], [[180, 993]], [[180, 994]], [[180, 995]], [[181, 996]], [[182, 997]], [[183, 997]], [[184, 997]], [[185, 998]], [[186, 997]], [[187, 996]], [[188, 996]], [[189, 996]], [[190, 996]], [[191, 996]], [[192, 996]], [[193, 995]], [[194, 995]], [[195, 994]], [[196, 993]], [[197, 993]], [[198, 992]], [[199, 992]], [[199, 991]], [[200, 990]], [[201, 989]], [[201, 988]], [[201, 987]], [[201, 986]], [[201, 985]], [[201, 984]], [[201, 983]], [[201, 982]], [[201, 981]], [[201, 980]], [[202, 979]], [[202, 978]], [[202, 977]], [[201, 976]], [[200, 975]], [[200, 974]], [[200, 973]], [[200, 972]], [[200, 971]], [[200, 970]], [[199, 969]], [[199, 968]], [[198, 967]], [[198, 966]], [[198, 965]], [[197, 964]], [[196, 964]], [[195, 963]], [[194, 962]], [[193, 962]], [[192, 962]], [[191, 962]], [[190, 962]]]",[[]],[]
27,27,"[[[147, 960]], [[146, 961]], [[145, 962]], [[144, 963]], [[143, 963]], [[142, 964]], [[143, 965]], [[143, 966]], [[144, 966]], [[145, 967]], [[146, 967]], [[147, 967]], [[148, 967]], [[149, 968]], [[149, 969]], [[150, 969]], [[151, 968]], [[152, 968]], [[153, 968]], [[154, 969]], [[155, 970]], [[155, 971]], [[156, 971]], [[156, 970]], [[156, 969]], [[156, 968]], [[156, 967]], [[155, 966]], [[155, 965]], [[154, 964]], [[154, 963]], [[154, 962]], [[153, 961]], [[152, 961]], [[151, 960]], [[150, 960]], [[149, 960]], [[148, 960]]]",[[]],[]
28,28,"[[[543, 955]], [[542, 956]], [[541, 956]], [[540, 956]], [[539, 956]], [[538, 957]], [[537, 957]], [[537, 958]], [[536, 959]], [[535, 959]], [[534, 960]], [[533, 960]], [[532, 960]], [[531, 961]], [[530, 961]], [[529, 961]], [[528, 961]], [[527, 961]], [[526, 962]], [[525, 961]], [[524, 960]], [[523, 960]], [[522, 961]], [[521, 961]], [[520, 961]], [[519, 961]], [[518, 962]], [[517, 961]], [[516, 961]], [[515, 961]], [[514, 962]], [[513, 962]], [[513, 963]], [[512, 964]], [[512, 965]], [[511, 966]], [[511, 967]], [[511, 968]], [[511, 969]], [[511, 970]], [[511, 971]], [[512, 972]], [[512, 973]], [[512, 974]], [[512, 975]], [[512, 976]], [[512, 977]], [[513, 977]], [[514, 978]], [[515, 978]], [[516, 979]], [[517, 979]], [[518, 979]], [[519, 978]], [[520, 978]], [[521, 977]], [[521, 976]], [[522, 975]], [[523, 975]], [[524, 974]], [[524, 973]], [[524, 972]], [[525, 971]], [[526, 970]], [[526, 969]], [[526, 968]], [[526, 967]], [[526, 966]], [[526, 965]], [[525, 965]], [[524, 964]], [[524, 963]], [[525, 962]], [[526, 962]], [[527, 962]], [[528, 963]], [[529, 963]], [[530, 964]], [[531, 965]], [[532, 964]], [[533, 964]], [[534, 964]], [[535, 964]], [[536, 965]], [[537, 964]], [[538, 964]], [[539, 964]], [[540, 965]], [[541, 965]], [[542, 965]], [[543, 964]], [[544, 964]], [[545, 963]], [[546, 963]], [[546, 962]], [[546, 961]], [[546, 960]], [[546, 959]], [[545, 958]], [[544, 957]], [[544, 956]]]",[[]],[]
29,29,"[[[249, 954]], [[248, 955]], [[247, 955]], [[246, 955]], [[245, 956]], [[244, 956]], [[243, 957]], [[242, 957]], [[241, 957]], [[240, 957]], [[239, 957]], [[238, 958]], [[237, 958]], [[236, 958]], [[235, 958]], [[234, 959]], [[233, 959]], [[232, 959]], [[231, 959]], [[230, 959]], [[229, 959]], [[228, 960]], [[228, 961]], [[228, 962]], [[227, 963]], [[226, 964]], [[225, 964]], [[224, 963]], [[223, 962]], [[222, 961]], [[221, 961]], [[220, 961]], [[219, 960]], [[218, 960]], [[217, 960]], [[216, 961]], [[216, 962]], [[215, 963]], [[214, 964]], [[213, 965]], [[213, 966]], [[213, 967]], [[212, 968]], [[212, 969]], [[212, 970]], [[211, 971]], [[211, 972]], [[211, 973]], [[211, 974]], [[210, 975]], [[211, 976]], [[210, 977]], [[210, 978]], [[210, 979]], [[210, 980]], [[210, 981]], [[210, 982]], [[210, 983]], [[210, 984]], [[210, 985]], [[210, 986]], [[210, 987]], [[211, 987]], [[212, 988]], [[213, 989]], [[214, 990]], [[214, 991]], [[215, 992]], [[216, 992]], [[217, 992]], [[218, 992]], [[219, 993]], [[219, 994]], [[219, 995]], [[219, 996]], [[219, 997]], [[219, 998]], [[219, 999]], [[220, 1000]], [[220, 1001]], [[221, 1002]], [[221, 1003]], [[221, 1004]], [[221, 1005]], [[222, 1006]], [[222, 1007]], [[222, 1008]], [[223, 1009]], [[224, 1010]], [[225, 1011]], [[225, 1012]], [[225, 1013]], [[225, 1014]], [[225, 1015]], [[225, 1016]], [[225, 1017]], [[225, 1018]], [[225, 1019]], [[226, 1020]], [[227, 1021]], [[228, 1021]], [[229, 1022]], [[230, 1022]], [[231, 1022]], [[232, 1023]], [[233, 1024]], [[234, 1024]], [[235, 1024]], [[236, 1023]], [[236, 1022]], [[236, 1021]], [[235, 1020]], [[235, 1019]], [[234, 1018]], [[234, 1017]], [[234, 1016]], [[233, 1015]], [[232, 1014]], [[231, 1013]], [[231, 1012]], [[230, 1012]], [[229, 1011]], [[228, 1010]], [[229, 1009]], [[230, 1008]], [[231, 1009]], [[232, 1009]], [[233, 1009]], [[234, 1010]], [[235, 1011]], [[236, 1011]], [[237, 1011]], [[238, 1011]], [[239, 1010]], [[240, 1011]], [[241, 1012]], [[241, 1013]], [[241, 1014]], [[241, 1015]], [[241, 1016]], [[241, 1017]], [[241, 1018]], [[242, 1019]], [[242, 1020]], [[242, 1021]], [[242, 1022]], [[242, 1023]], [[242, 1024]], [[243, 1025]], [[243, 1026]], [[244, 1027]], [[245, 1028]], [[246, 1029]], [[247, 1029]], [[248, 1029]], [[249, 1029]], [[250, 1028]], [[251, 1028]], [[252, 1027]], [[253, 1026]], [[254, 1025]], [[254, 1024]], [[255, 1023]], [[256, 1022]], [[257, 1021]], [[258, 1020]], [[259, 1019]], [[260, 1019]], [[261, 1018]], [[261, 1017]], [[261, 1016]], [[261, 1015]], [[261, 1014]], [[262, 1013]], [[263, 1013]], [[264, 1013]], [[265, 1013]], [[266, 1013]], [[267, 1012]], [[267, 1011]], [[268, 1010]], [[269, 1010]], [[270, 1009]], [[270, 1008]], [[270, 1007]], [[269, 1007]], [[268, 1007]], [[267, 1006]], [[267, 1005]], [[267, 1004]], [[267, 1003]], [[267, 1002]], [[267, 1001]], [[268, 1000]], [[268, 999]], [[269, 998]], [[270, 998]], [[271, 998]], [[272, 998]], [[273, 999]], [[274, 1000]], [[275, 1001]], [[276, 1002]], [[276, 1003]], [[277, 1003]], [[278, 1003]], [[278, 1002]], [[278, 1001]], [[278, 1000]], [[278, 999]], [[278, 998]], [[277, 997]], [[277, 996]], [[276, 996]], [[275, 996]], [[274, 995]], [[273, 996]], [[272, 995]], [[272, 994]], [[272, 993]], [[273, 992]], [[273, 991]], [[273, 990]], [[274, 989]], [[274, 988]], [[274, 987]], [[275, 986]], [[275, 985]], [[275, 984]], [[275, 983]], [[275, 982]], [[275, 981]], [[275, 980]], [[275, 979]], [[275, 978]], [[274, 977]], [[274, 976]], [[274, 975]], [[274, 974]], [[273, 973]], [[273, 972]], [[273, 971]], [[272, 970]], [[272, 969]], [[271, 968]], [[270, 967]], [[269, 966]], [[269, 965]], [[268, 964]], [[267, 963]], [[266, 962]], [[265, 962]], [[264, 961]], [[264, 960]], [[263, 959]], [[262, 959]], [[261, 959]], [[260, 958]], [[259, 957]], [[258, 957]], [[257, 956]], [[256, 956]], [[255, 955]], [[254, 954]], [[253, 954]], [[252, 954]], [[251, 954]], [[250, 954]]]",[[]],[]
30,30,"[[[685, 953]], [[685, 954]], [[685, 955]], [[684, 956]], [[683, 956]], [[682, 956]], [[681, 957]], [[680, 958]], [[679, 959]], [[678, 960]], [[677, 960]], [[676, 961]], [[675, 962]], [[674, 962]], [[673, 962]], [[672, 962]], [[671, 962]], [[670, 962]], [[669, 962]], [[668, 961]], [[667, 961]], [[666, 960]], [[665, 961]], [[664, 961]], [[663, 961]], [[662, 962]], [[661, 962]], [[661, 963]], [[661, 964]], [[661, 965]], [[660, 966]], [[660, 967]], [[660, 968]], [[660, 969]], [[660, 970]], [[660, 971]], [[660, 972]], [[660, 973]], [[660, 974]], [[659, 975]], [[658, 976]], [[657, 977]], [[656, 976]], [[656, 975]], [[655, 975]], [[654, 975]], [[653, 975]], [[652, 975]], [[651, 976]], [[650, 976]], [[649, 977]], [[648, 977]], [[647, 977]], [[646, 977]], [[645, 977]], [[644, 978]], [[643, 979]], [[642, 980]], [[641, 981]], [[640, 982]], [[639, 982]], [[638, 982]], [[637, 983]], [[636, 983]], [[635, 984]], [[634, 984]], [[633, 984]], [[632, 985]], [[631, 985]], [[630, 986]], [[629, 986]], [[628, 985]], [[627, 985]], [[626, 985]], [[625, 985]], [[624, 985]], [[624, 986]], [[623, 987]], [[623, 988]], [[623, 989]], [[623, 990]], [[623, 991]], [[623, 992]], [[624, 993]], [[624, 994]], [[624, 995]], [[625, 996]], [[625, 997]], [[625, 998]], [[625, 999]], [[625, 1000]], [[626, 1001]], [[627, 1002]], [[627, 1003]], [[627, 1004]], [[627, 1005]], [[627, 1006]], [[627, 1007]], [[627, 1008]], [[628, 1009]], [[629, 1010]], [[629, 1011]], [[630, 1012]], [[631, 1013]], [[632, 1014]], [[633, 1015]], [[634, 1016]], [[635, 1016]], [[636, 1017]], [[637, 1017]], [[638, 1018]], [[639, 1018]], [[640, 1019]], [[641, 1020]], [[641, 1021]], [[642, 1022]], [[643, 1023]], [[644, 1023]], [[645, 1023]], [[646, 1024]], [[647, 1025]], [[648, 1025]], [[649, 1025]], [[650, 1025]], [[651, 1025]], [[652, 1025]], [[653, 1025]], [[654, 1025]], [[655, 1025]], [[656, 1025]], [[657, 1026]], [[658, 1026]], [[659, 1026]], [[660, 1026]], [[661, 1026]], [[662, 1026]], [[663, 1027]], [[663, 1028]], [[664, 1029]], [[665, 1030]], [[666, 1031]], [[666, 1032]], [[667, 1033]], [[668, 1033]], [[669, 1034]], [[670, 1034]], [[671, 1035]], [[672, 1035]], [[673, 1035]], [[674, 1034]], [[675, 1034]], [[676, 1033]], [[677, 1033]], [[678, 1033]], [[679, 1033]], [[680, 1032]], [[681, 1032]], [[682, 1032]], [[683, 1032]], [[684, 1031]], [[685, 1030]], [[686, 1029]], [[687, 1028]], [[688, 1028]], [[689, 1028]], [[690, 1028]], [[690, 1027]], [[691, 1026]], [[692, 1025]], [[693, 1025]], [[694, 1025]], [[694, 1024]], [[695, 1023]], [[696, 1023]], [[697, 1023]], [[698, 1024]], [[698, 1023]], [[699, 1022]], [[700, 1021]], [[701, 1021]], [[702, 1020]], [[703, 1019]], [[703, 1018]], [[704, 1017]], [[705, 1016]], [[706, 1015]], [[707, 1014]], [[707, 1013]], [[707, 1012]], [[708, 1011]], [[708, 1010]], [[708, 1009]], [[708, 1008]], [[709, 1007]], [[709, 1006]], [[709, 1005]], [[709, 1004]], [[709, 1003]], [[709, 1002]], [[708, 1001]], [[707, 1000]], [[706, 999]], [[706, 998]], [[705, 997]], [[705, 996]], [[705, 995]], [[705, 994]], [[705, 993]], [[706, 992]], [[706, 991]], [[707, 990]], [[707, 989]], [[707, 988]], [[708, 987]], [[708, 986]], [[709, 985]], [[709, 984]], [[709, 983]], [[709, 982]], [[709, 981]], [[708, 980]], [[708, 979]], [[707, 978]], [[706, 977]], [[706, 976]], [[706, 975]], [[705, 975]], [[704, 974]], [[703, 973]], [[702, 972]], [[701, 972]], [[700, 972]], [[699, 971]], [[698, 971]], [[697, 971]], [[696, 971]], [[695, 971]], [[694, 970]], [[693, 969]], [[692, 968]], [[691, 967]], [[690, 966]], [[689, 965]], [[688, 964]], [[688, 963]], [[688, 962]], [[688, 961]], [[688, 960]], [[688, 959]], [[688, 958]], [[689, 957]], [[689, 956]], [[689, 955]], [[689, 954]], [[689, 953]], [[688, 953]], [[687, 953]], [[686, 953]]]","[[], [[[638, 1022], [638, 1023], [637, 1024], [636, 1024], [636, 1025], [637, 1026], [638, 1026], [639, 1025], [640, 1025], [641, 1025], [642, 1026], [643, 1026], [644, 1027], [645, 1028], [646, 1028], [647, 1028], [648, 1028], [649, 1027], [650, 1026], [651, 1026], [652, 1026], [653, 1027], [654, 1028], [655, 1028], [656, 1029], [656, 1030], [657, 1030], [657, 1029], [657, 1028], [656, 1027], [655, 1027], [654, 1027], [653, 1026], [652, 1026], [651, 1026], [650, 1026], [649, 1026], [648, 1026], [647, 1026], [646, 1025], [645, 1025], [644, 1025], [643, 1024], [642, 1024], [641, 1023], [640, 1023], [639, 1022]]], [[[706, 993], [706, 994], [706, 995], [706, 996], [706, 997], [707, 998], [707, 999], [708, 1000], [709, 1001], [710, 1002], [710, 1003], [711, 1004], [711, 1003], [711, 1002], [712, 1001], [712, 1000], [713, 999], [714, 1000], [715, 1001], [716, 1001], [716, 1000], [716, 999], [717, 998], [717, 997], [716, 997], [715, 996], [715, 997], [714, 998], [713, 999], [712, 999], [711, 1000], [710, 999], [710, 998], [709, 997], [708, 996], [707, 995], [707, 994]]]]","[[], 26, 27]"
31,31,"[[[371, 953]], [[370, 954]], [[369, 955]], [[368, 955]], [[367, 955]], [[366, 956]], [[365, 956]], [[364, 957]], [[363, 957]], [[362, 957]], [[361, 958]], [[360, 958]], [[359, 958]], [[358, 959]], [[357, 959]], [[356, 959]], [[355, 959]], [[354, 960]], [[353, 960]], [[352, 961]], [[351, 962]], [[350, 963]], [[349, 964]], [[348, 964]], [[349, 965]], [[349, 966]], [[349, 967]], [[349, 968]], [[348, 969]], [[348, 970]], [[348, 971]], [[348, 972]], [[349, 973]], [[350, 973]], [[351, 973]], [[352, 974]], [[353, 975]], [[353, 976]], [[354, 976]], [[355, 976]], [[356, 976]], [[357, 977]], [[357, 978]], [[357, 979]], [[357, 980]], [[358, 981]], [[359, 981]], [[360, 981]], [[361, 981]], [[362, 980]], [[363, 981]], [[363, 982]], [[364, 982]], [[365, 983]], [[365, 984]], [[366, 985]], [[367, 986]], [[367, 987]], [[368, 988]], [[368, 989]], [[369, 990]], [[370, 990]], [[371, 991]], [[372, 991]], [[373, 990]], [[374, 990]], [[375, 990]], [[376, 990]], [[377, 990]], [[378, 989]], [[379, 988]], [[379, 987]], [[379, 986]], [[380, 985]], [[380, 984]], [[380, 983]], [[380, 982]], [[381, 981]], [[381, 980]], [[381, 979]], [[380, 978]], [[381, 977]], [[381, 976]], [[381, 975]], [[382, 974]], [[382, 973]], [[382, 972]], [[382, 971]], [[382, 970]], [[382, 969]], [[383, 968]], [[383, 967]], [[383, 966]], [[383, 965]], [[383, 964]], [[383, 963]], [[383, 962]], [[383, 961]], [[382, 960]], [[381, 959]], [[380, 958]], [[380, 957]], [[379, 956]], [[378, 956]], [[377, 955]], [[376, 955]], [[375, 954]], [[374, 954]], [[373, 953]], [[372, 953]]]",[[]],[]
32,32,"[[[778, 944]], [[778, 945]], [[777, 946]], [[776, 947]], [[775, 948]], [[775, 949]], [[774, 950]], [[773, 951]], [[772, 951]], [[772, 952]], [[771, 953]], [[770, 954]], [[769, 954]], [[768, 955]], [[767, 956]], [[766, 957]], [[765, 958]], [[765, 959]], [[764, 960]], [[763, 961]], [[762, 962]], [[761, 962]], [[760, 962]], [[759, 963]], [[758, 963]], [[757, 964]], [[756, 963]], [[755, 963]], [[754, 962]], [[753, 963]], [[753, 964]], [[752, 965]], [[751, 965]], [[750, 966]], [[749, 966]], [[748, 966]], [[747, 966]], [[746, 966]], [[745, 966]], [[744, 966]], [[743, 966]], [[742, 967]], [[741, 967]], [[740, 968]], [[739, 968]], [[739, 969]], [[738, 970]], [[738, 971]], [[737, 972]], [[736, 973]], [[735, 973]], [[735, 974]], [[736, 975]], [[736, 976]], [[736, 977]], [[736, 978]], [[736, 979]], [[736, 980]], [[736, 981]], [[737, 982]], [[737, 983]], [[737, 984]], [[737, 985]], [[737, 986]], [[737, 987]], [[737, 988]], [[737, 989]], [[737, 990]], [[737, 991]], [[737, 992]], [[737, 993]], [[737, 994]], [[737, 995]], [[738, 996]], [[738, 997]], [[738, 998]], [[739, 999]], [[739, 1000]], [[740, 1000]], [[741, 1000]], [[742, 1001]], [[743, 1002]], [[744, 1003]], [[745, 1004]], [[746, 1005]], [[747, 1006]], [[748, 1006]], [[749, 1005]], [[750, 1005]], [[751, 1005]], [[752, 1004]], [[753, 1004]], [[754, 1004]], [[755, 1004]], [[756, 1003]], [[757, 1002]], [[757, 1001]], [[758, 1000]], [[759, 999]], [[760, 998]], [[761, 997]], [[762, 996]], [[763, 995]], [[764, 995]], [[765, 994]], [[766, 994]], [[767, 993]], [[768, 993]], [[769, 992]], [[770, 991]], [[770, 990]], [[771, 989]], [[771, 988]], [[772, 987]], [[773, 987]], [[774, 986]], [[774, 985]], [[775, 984]], [[776, 983]], [[777, 982]], [[778, 981]], [[778, 980]], [[778, 979]], [[777, 978]], [[777, 977]], [[778, 976]], [[779, 976]], [[779, 975]], [[780, 974]], [[781, 973]], [[782, 972]], [[782, 971]], [[783, 970]], [[784, 969]], [[785, 968]], [[786, 967]], [[787, 968]], [[787, 969]], [[787, 970]], [[786, 971]], [[785, 972]], [[785, 973]], [[784, 974]], [[783, 975]], [[783, 976]], [[782, 977]], [[782, 978]], [[782, 979]], [[782, 980]], [[782, 981]], [[782, 982]], [[783, 983]], [[783, 984]], [[784, 985]], [[785, 986]], [[786, 986]], [[787, 986]], [[788, 985]], [[789, 985]], [[790, 985]], [[791, 986]], [[792, 986]], [[793, 986]], [[794, 985]], [[795, 985]], [[796, 985]], [[797, 984]], [[797, 983]], [[798, 982]], [[798, 981]], [[799, 980]], [[799, 979]], [[800, 978]], [[800, 977]], [[800, 976]], [[800, 975]], [[800, 974]], [[800, 973]], [[801, 972]], [[801, 971]], [[801, 970]], [[802, 969]], [[802, 968]], [[802, 967]], [[802, 966]], [[802, 965]], [[802, 964]], [[802, 963]], [[802, 962]], [[802, 961]], [[802, 960]], [[802, 959]], [[801, 958]], [[800, 957]], [[799, 957]], [[798, 956]], [[797, 956]], [[796, 956]], [[795, 955]], [[794, 955]], [[793, 954]], [[792, 954]], [[791, 953]], [[790, 952]], [[790, 951]], [[790, 950]], [[790, 949]], [[789, 948]], [[788, 948]], [[787, 947]], [[786, 946]], [[785, 946]], [[784, 945]], [[783, 945]], [[782, 945]], [[781, 945]], [[780, 944]], [[779, 944]]]","[[], [[[740, 1007], [740, 1008], [740, 1009], [739, 1010], [738, 1010], [737, 1010], [737, 1011], [737, 1012], [736, 1013], [735, 1013], [735, 1014], [735, 1015], [736, 1015], [736, 1014], [737, 1013], [738, 1012], [739, 1011], [740, 1010], [741, 1009], [742, 1010], [742, 1011], [742, 1012], [743, 1012], [744, 1012], [745, 1012], [746, 1012], [747, 1013], [748, 1012], [749, 1011], [750, 1011], [751, 1011], [752, 1012], [753, 1013], [754, 1013], [755, 1014], [756, 1014], [757, 1014], [758, 1014], [759, 1015], [760, 1015], [761, 1015], [762, 1016], [763, 1016], [764, 1015], [765, 1015], [765, 1014], [765, 1013], [764, 1014], [763, 1015], [762, 1015], [761, 1015], [760, 1015], [759, 1015], [758, 1014], [757, 1013], [756, 1012], [757, 1011], [756, 1011], [755, 1011], [754, 1011], [753, 1011], [752, 1011], [751, 1011], [750, 1010], [749, 1010], [748, 1009], [747, 1008], [746, 1007], [745, 1007], [744, 1008], [743, 1009], [742, 1008], [741, 1007]]]]","[[], 21]"
33,33,"[[[260, 937]], [[259, 938]], [[258, 939]], [[257, 939]], [[256, 940]], [[256, 941]], [[255, 942]], [[255, 943]], [[255, 944]], [[255, 945]], [[255, 946]], [[255, 947]], [[256, 948]], [[256, 949]], [[256, 950]], [[256, 951]], [[257, 952]], [[258, 953]], [[259, 952]], [[260, 951]], [[261, 951]], [[262, 952]], [[263, 952]], [[264, 952]], [[265, 952]], [[266, 952]], [[267, 952]], [[268, 952]], [[269, 951]], [[270, 951]], [[271, 951]], [[272, 950]], [[273, 950]], [[274, 950]], [[274, 949]], [[274, 948]], [[274, 947]], [[274, 946]], [[273, 945]], [[273, 944]], [[272, 944]], [[271, 943]], [[270, 942]], [[269, 941]], [[269, 940]], [[268, 940]], [[267, 940]], [[266, 939]], [[265, 939]], [[264, 938]], [[263, 938]], [[262, 937]], [[261, 937]]]","[[], [[[275, 932], [275, 933], [275, 934], [276, 935], [276, 936], [276, 937], [275, 938], [275, 939], [275, 940], [274, 941], [273, 941], [272, 941], [271, 941], [271, 942], [272, 942], [273, 943], [274, 943], [275, 942], [275, 941], [276, 940], [276, 939], [277, 938], [278, 937], [279, 937], [280, 937], [281, 937], [280, 937], [279, 937], [278, 937], [277, 936], [276, 935], [276, 934], [276, 933], [276, 932]]]]","[[], 29]"
34,34,"[[[331, 929]], [[330, 930]], [[329, 931]], [[328, 932]], [[327, 932]], [[326, 933]], [[325, 933]], [[324, 933]], [[323, 934]], [[322, 935]], [[321, 935]], [[320, 936]], [[319, 936]], [[318, 937]], [[317, 938]], [[317, 939]], [[317, 940]], [[318, 941]], [[318, 942]], [[318, 943]], [[319, 944]], [[319, 945]], [[320, 945]], [[321, 946]], [[321, 947]], [[322, 948]], [[323, 948]], [[324, 948]], [[325, 949]], [[326, 949]], [[327, 949]], [[328, 949]], [[329, 949]], [[330, 949]], [[331, 949]], [[331, 948]], [[332, 947]], [[333, 946]], [[334, 946]], [[334, 945]], [[335, 944]], [[335, 943]], [[336, 942]], [[337, 941]], [[338, 940]], [[338, 939]], [[337, 938]], [[338, 937]], [[338, 936]], [[338, 935]], [[338, 934]], [[338, 933]], [[338, 932]], [[338, 931]], [[337, 930]], [[337, 929]], [[336, 929]], [[335, 929]], [[334, 929]], [[333, 929]], [[332, 929]]]",[[]],[]
35,35,"[[[577, 921]], [[576, 922]], [[575, 922]], [[574, 923]], [[573, 924]], [[573, 925]], [[573, 926]], [[574, 927]], [[574, 928]], [[574, 929]], [[574, 930]], [[574, 931]], [[574, 932]], [[574, 933]], [[574, 934]], [[573, 935]], [[573, 936]], [[573, 937]], [[573, 938]], [[573, 939]], [[573, 940]], [[573, 941]], [[573, 942]], [[573, 943]], [[573, 944]], [[573, 945]], [[573, 946]], [[573, 947]], [[574, 948]], [[574, 949]], [[575, 950]], [[576, 950]], [[577, 951]], [[578, 952]], [[579, 952]], [[580, 952]], [[581, 952]], [[582, 952]], [[583, 952]], [[584, 952]], [[585, 952]], [[586, 951]], [[587, 950]], [[588, 949]], [[589, 948]], [[590, 947]], [[590, 946]], [[590, 945]], [[590, 944]], [[591, 943]], [[591, 942]], [[592, 941]], [[592, 940]], [[593, 939]], [[593, 938]], [[593, 937]], [[593, 936]], [[593, 935]], [[592, 934]], [[592, 933]], [[592, 932]], [[592, 931]], [[593, 930]], [[593, 929]], [[592, 929]], [[591, 929]], [[590, 929]], [[589, 928]], [[588, 927]], [[588, 926]], [[587, 925]], [[586, 924]], [[585, 924]], [[584, 924]], [[583, 924]], [[582, 923]], [[581, 923]], [[580, 922]], [[579, 922]], [[578, 921]]]","[[], [[[605, 931], [605, 932], [604, 933], [603, 933], [602, 933], [601, 934], [600, 935], [599, 936], [599, 937], [598, 938], [597, 939], [596, 940], [595, 940], [594, 940], [593, 940], [593, 941], [592, 942], [592, 943], [591, 944], [591, 945], [591, 946], [591, 947], [591, 948], [591, 949], [591, 950], [591, 951], [592, 951], [593, 950], [594, 950], [594, 949], [595, 948], [595, 947], [596, 946], [597, 946], [598, 946], [598, 945], [598, 944], [599, 943], [599, 942], [600, 941], [601, 940], [602, 939], [603, 939], [604, 938], [605, 938], [606, 939], [606, 940], [606, 941], [606, 942], [606, 943], [606, 944], [606, 945], [605, 946], [604, 946], [604, 947], [603, 948], [603, 949], [602, 950], [601, 951], [600, 952], [600, 953], [600, 954], [600, 955], [601, 956], [601, 957], [601, 958], [602, 958], [603, 958], [603, 957], [603, 956], [604, 955], [605, 956], [606, 957], [607, 958], [608, 959], [609, 960], [609, 959], [608, 958], [608, 957], [607, 956], [606, 955], [606, 954], [606, 953], [605, 952], [604, 951], [604, 950], [605, 949], [605, 948], [605, 947], [606, 946], [607, 946], [607, 945], [608, 944], [609, 943], [608, 942], [608, 941], [608, 940], [607, 939], [607, 938], [607, 937], [607, 936], [606, 935], [606, 934], [606, 933], [606, 932]]]]","[[], 30]"
36,36,"[[[321, 917]], [[321, 918]], [[320, 919]], [[320, 920]], [[320, 921]], [[320, 922]], [[320, 923]], [[320, 924]], [[319, 925]], [[319, 926]], [[319, 927]], [[320, 928]], [[320, 929]], [[321, 929]], [[322, 929]], [[323, 928]], [[323, 927]], [[324, 926]], [[325, 925]], [[326, 924]], [[326, 923]], [[327, 922]], [[327, 921]], [[327, 920]], [[327, 919]], [[327, 918]], [[326, 918]], [[325, 917]], [[324, 917]], [[323, 918]], [[322, 917]]]",[[]],[]
37,37,"[[[49, 917]], [[48, 918]], [[47, 918]], [[46, 919]], [[45, 920]], [[44, 921]], [[43, 922]], [[42, 923]], [[42, 924]], [[41, 925]], [[40, 926]], [[40, 927]], [[39, 928]], [[39, 929]], [[38, 930]], [[37, 931]], [[37, 932]], [[37, 933]], [[37, 934]], [[37, 935]], [[37, 936]], [[37, 937]], [[37, 938]], [[37, 939]], [[37, 940]], [[37, 941]], [[38, 942]], [[38, 943]], [[38, 944]], [[38, 945]], [[38, 946]], [[39, 946]], [[40, 947]], [[41, 948]], [[41, 949]], [[42, 949]], [[43, 949]], [[44, 950]], [[45, 950]], [[46, 951]], [[47, 951]], [[48, 952]], [[49, 952]], [[50, 953]], [[51, 953]], [[52, 954]], [[53, 955]], [[54, 955]], [[55, 955]], [[56, 955]], [[57, 955]], [[58, 956]], [[59, 956]], [[60, 956]], [[61, 957]], [[62, 957]], [[63, 957]], [[64, 957]], [[65, 958]], [[66, 958]], [[67, 958]], [[68, 958]], [[69, 958]], [[70, 957]], [[71, 957]], [[72, 957]], [[73, 956]], [[74, 955]], [[75, 954]], [[76, 954]], [[77, 953]], [[77, 952]], [[78, 951]], [[79, 950]], [[79, 949]], [[79, 948]], [[79, 947]], [[80, 946]], [[80, 945]], [[80, 944]], [[81, 943]], [[81, 942]], [[82, 941]], [[82, 940]], [[83, 939]], [[83, 938]], [[84, 937]], [[84, 936]], [[85, 935]], [[84, 934]], [[84, 933]], [[84, 932]], [[84, 931]], [[84, 930]], [[83, 929]], [[83, 928]], [[83, 927]], [[82, 926]], [[82, 925]], [[81, 925]], [[80, 925]], [[79, 924]], [[78, 924]], [[77, 924]], [[76, 923]], [[75, 923]], [[74, 923]], [[73, 923]], [[72, 922]], [[71, 922]], [[70, 922]], [[69, 922]], [[68, 922]], [[67, 921]], [[67, 920]], [[66, 920]], [[65, 920]], [[64, 920]], [[63, 920]], [[62, 919]], [[61, 919]], [[60, 919]], [[59, 919]], [[58, 918]], [[57, 918]], [[56, 918]], [[55, 918]], [[54, 918]], [[53, 918]], [[52, 918]], [[51, 918]], [[50, 917]]]","[[], [[[80, 947], [80, 948], [80, 949], [80, 950], [80, 951], [79, 952], [78, 952], [78, 953], [77, 954], [76, 955], [75, 955], [74, 956], [73, 957], [72, 958], [71, 958], [70, 958], [69, 959], [68, 959], [67, 959], [66, 959], [66, 960], [67, 961], [68, 961], [69, 961], [70, 960], [71, 960], [72, 959], [73, 959], [74, 959], [75, 959], [75, 958], [76, 957], [77, 958], [78, 959], [79, 959], [80, 958], [81, 958], [81, 957], [81, 956], [81, 955], [81, 954], [81, 953], [80, 952], [81, 951], [82, 950], [83, 949], [83, 948], [82, 948], [81, 947]]]]","[[], 31]"
38,38,"[[[617, 916]], [[617, 917]], [[616, 918]], [[616, 919]], [[615, 920]], [[614, 921]], [[613, 922]], [[612, 922]], [[611, 922]], [[610, 923]], [[609, 924]], [[608, 925]], [[607, 925]], [[607, 926]], [[606, 927]], [[606, 928]], [[606, 929]], [[607, 930]], [[607, 931]], [[607, 932]], [[608, 933]], [[608, 934]], [[608, 935]], [[608, 936]], [[608, 937]], [[609, 938]], [[609, 939]], [[609, 940]], [[609, 941]], [[610, 942]], [[610, 943]], [[609, 944]], [[608, 945]], [[608, 946]], [[608, 947]], [[607, 948]], [[607, 949]], [[607, 950]], [[607, 951]], [[607, 952]], [[607, 953]], [[608, 954]], [[608, 955]], [[608, 956]], [[609, 957]], [[610, 958]], [[611, 959]], [[612, 960]], [[613, 961]], [[614, 962]], [[614, 963]], [[614, 964]], [[614, 965]], [[613, 966]], [[612, 965]], [[611, 965]], [[610, 964]], [[610, 963]], [[610, 962]], [[609, 961]], [[608, 960]], [[607, 959]], [[606, 958]], [[605, 958]], [[604, 959]], [[603, 959]], [[602, 959]], [[601, 959]], [[600, 959]], [[599, 959]], [[598, 960]], [[598, 961]], [[597, 962]], [[596, 962]], [[595, 963]], [[594, 964]], [[593, 965]], [[592, 965]], [[591, 965]], [[590, 966]], [[589, 967]], [[588, 968]], [[587, 968]], [[586, 969]], [[585, 969]], [[584, 970]], [[583, 970]], [[583, 971]], [[583, 972]], [[583, 973]], [[584, 974]], [[584, 975]], [[585, 976]], [[585, 977]], [[585, 978]], [[586, 979]], [[586, 980]], [[586, 981]], [[587, 982]], [[587, 983]], [[587, 984]], [[588, 985]], [[588, 986]], [[588, 987]], [[588, 988]], [[588, 989]], [[587, 990]], [[586, 991]], [[585, 992]], [[585, 993]], [[585, 994]], [[585, 995]], [[585, 996]], [[585, 997]], [[586, 998]], [[587, 998]], [[588, 998]], [[589, 998]], [[590, 998]], [[591, 999]], [[592, 999]], [[593, 999]], [[594, 999]], [[595, 999]], [[596, 999]], [[597, 999]], [[598, 998]], [[599, 998]], [[600, 998]], [[601, 998]], [[602, 999]], [[603, 1000]], [[604, 1000]], [[605, 1000]], [[606, 1000]], [[607, 1001]], [[608, 1000]], [[609, 1000]], [[609, 999]], [[609, 998]], [[609, 997]], [[609, 996]], [[609, 995]], [[609, 994]], [[610, 993]], [[611, 992]], [[612, 991]], [[613, 990]], [[613, 989]], [[614, 988]], [[614, 987]], [[614, 986]], [[615, 985]], [[614, 984]], [[615, 983]], [[614, 982]], [[614, 981]], [[614, 980]], [[614, 979]], [[614, 978]], [[615, 977]], [[616, 976]], [[617, 975]], [[617, 974]], [[618, 973]], [[619, 972]], [[620, 972]], [[621, 971]], [[621, 970]], [[622, 969]], [[623, 969]], [[624, 969]], [[625, 970]], [[626, 970]], [[627, 970]], [[628, 970]], [[629, 970]], [[630, 970]], [[631, 969]], [[632, 969]], [[633, 968]], [[634, 967]], [[635, 966]], [[636, 966]], [[637, 965]], [[638, 964]], [[639, 964]], [[640, 963]], [[641, 962]], [[642, 962]], [[643, 961]], [[644, 960]], [[645, 959]], [[646, 958]], [[646, 957]], [[647, 956]], [[647, 955]], [[647, 954]], [[647, 953]], [[648, 952]], [[648, 951]], [[648, 950]], [[648, 949]], [[648, 948]], [[647, 947]], [[646, 946]], [[645, 945]], [[645, 944]], [[646, 943]], [[647, 942]], [[647, 941]], [[647, 940]], [[647, 939]], [[648, 938]], [[648, 937]], [[648, 936]], [[648, 935]], [[648, 934]], [[648, 933]], [[647, 932]], [[647, 931]], [[647, 930]], [[646, 930]], [[645, 931]], [[644, 931]], [[643, 930]], [[642, 929]], [[641, 928]], [[641, 927]], [[640, 926]], [[639, 926]], [[638, 926]], [[637, 927]], [[636, 927]], [[635, 928]], [[634, 928]], [[633, 929]], [[632, 929]], [[631, 928]], [[631, 927]], [[631, 926]], [[630, 925]], [[630, 924]], [[630, 923]], [[630, 922]], [[630, 921]], [[629, 920]], [[629, 919]], [[628, 918]], [[627, 918]], [[626, 918]], [[625, 917]], [[624, 916]], [[623, 917]], [[622, 917]], [[621, 916]], [[620, 916]], [[619, 916]], [[618, 916]]]","[[[[605, 931], [605, 932], [604, 933], [603, 933], [602, 933], [601, 934], [600, 935], [599, 936], [599, 937], [598, 938], [597, 939], [596, 940], [595, 940], [594, 940], [593, 940], [593, 941], [592, 942], [592, 943], [591, 944], [591, 945], [591, 946], [591, 947], [591, 948], [591, 949], [591, 950], [591, 951], [592, 951], [593, 950], [594, 950], [594, 949], [595, 948], [595, 947], [596, 946], [597, 946], [598, 946], [598, 945], [598, 944], [599, 943], [599, 942], [600, 941], [601, 940], [602, 939], [603, 939], [604, 938], [605, 938], [606, 939], [606, 940], [606, 941], [606, 942], [606, 943], [606, 944], [606, 945], [605, 946], [604, 946], [604, 947], [603, 948], [603, 949], [602, 950], [601, 951], [600, 952], [600, 953], [600, 954], [600, 955], [601, 956], [601, 957], [601, 958], [602, 958], [603, 958], [603, 957], [603, 956], [604, 955], [605, 956], [606, 957], [607, 958], [608, 959], [609, 960], [609, 959], [608, 958], [608, 957], [607, 956], [606, 955], [606, 954], [606, 953], [605, 952], [604, 951], [604, 950], [605, 949], [605, 948], [605, 947], [606, 946], [607, 946], [607, 945], [608, 944], [609, 943], [608, 942], [608, 941], [608, 940], [607, 939], [607, 938], [607, 937], [607, 936], [606, 935], [606, 934], [606, 933], [606, 932]]], []]","[30, []]"
39,39,"[[[412, 914]], [[411, 915]], [[410, 916]], [[409, 916]], [[408, 917]], [[407, 918]], [[406, 918]], [[405, 917]], [[404, 917]], [[403, 918]], [[403, 919]], [[402, 920]], [[401, 921]], [[401, 922]], [[400, 923]], [[400, 924]], [[400, 925]], [[401, 926]], [[402, 927]], [[402, 928]], [[403, 929]], [[404, 930]], [[405, 931]], [[405, 932]], [[405, 933]], [[405, 934]], [[405, 935]], [[405, 936]], [[406, 937]], [[406, 938]], [[406, 939]], [[405, 940]], [[406, 941]], [[406, 942]], [[406, 943]], [[407, 944]], [[408, 944]], [[409, 945]], [[410, 945]], [[411, 945]], [[412, 945]], [[413, 945]], [[414, 945]], [[415, 945]], [[415, 944]], [[416, 943]], [[417, 943]], [[418, 942]], [[419, 941]], [[420, 940]], [[421, 939]], [[421, 938]], [[422, 937]], [[423, 936]], [[423, 935]], [[424, 934]], [[424, 933]], [[424, 932]], [[425, 931]], [[426, 931]], [[427, 930]], [[427, 929]], [[428, 928]], [[428, 927]], [[429, 926]], [[429, 925]], [[429, 924]], [[429, 923]], [[429, 922]], [[429, 921]], [[428, 920]], [[428, 919]], [[427, 918]], [[426, 917]], [[425, 916]], [[424, 915]], [[423, 914]], [[422, 914]], [[421, 914]], [[420, 914]], [[419, 914]], [[418, 914]], [[417, 914]], [[416, 914]], [[415, 914]], [[414, 915]], [[413, 914]]]","[[[[408, 946], [408, 947], [409, 948], [410, 949], [410, 950], [411, 951], [412, 952], [412, 953], [412, 954], [412, 955], [411, 956], [411, 957], [410, 958], [409, 959], [409, 960], [410, 959], [411, 958], [412, 957], [413, 957], [414, 958], [414, 959], [414, 960], [413, 961], [413, 962], [412, 963], [412, 964], [411, 965], [410, 965], [411, 966], [411, 967], [410, 968], [409, 968], [410, 968], [411, 968], [411, 967], [411, 966], [412, 965], [412, 964], [413, 963], [414, 963], [415, 962], [416, 961], [417, 962], [418, 962], [419, 963], [420, 963], [419, 962], [418, 961], [418, 960], [417, 959], [416, 958], [415, 957], [414, 957], [413, 956], [412, 955], [412, 954], [412, 953], [413, 952], [414, 951], [414, 950], [414, 949], [414, 948], [414, 947], [415, 946], [414, 947], [413, 947], [412, 947], [411, 948], [410, 948], [409, 947], [409, 946]]]]",[33]
40,40,"[[[300, 910]], [[299, 911]], [[298, 912]], [[297, 913]], [[297, 914]], [[296, 915]], [[296, 916]], [[295, 917]], [[294, 917]], [[293, 918]], [[292, 919]], [[291, 919]], [[291, 920]], [[290, 921]], [[290, 922]], [[290, 923]], [[289, 924]], [[289, 925]], [[289, 926]], [[289, 927]], [[289, 928]], [[289, 929]], [[289, 930]], [[289, 931]], [[289, 932]], [[289, 933]], [[290, 934]], [[290, 935]], [[290, 936]], [[290, 937]], [[291, 938]], [[292, 939]], [[293, 940]], [[294, 941]], [[295, 942]], [[296, 942]], [[297, 942]], [[298, 942]], [[299, 942]], [[300, 942]], [[301, 942]], [[302, 942]], [[303, 942]], [[304, 942]], [[305, 942]], [[306, 941]], [[307, 942]], [[308, 941]], [[309, 941]], [[310, 940]], [[311, 939]], [[312, 939]], [[313, 938]], [[313, 937]], [[314, 936]], [[314, 935]], [[314, 934]], [[314, 933]], [[315, 932]], [[315, 931]], [[315, 930]], [[315, 929]], [[315, 928]], [[315, 927]], [[316, 926]], [[316, 925]], [[316, 924]], [[316, 923]], [[316, 922]], [[316, 921]], [[315, 920]], [[315, 919]], [[315, 918]], [[314, 917]], [[314, 916]], [[314, 915]], [[313, 914]], [[312, 914]], [[311, 914]], [[310, 914]], [[309, 913]], [[308, 913]], [[307, 912]], [[306, 911]], [[305, 911]], [[304, 911]], [[303, 910]], [[302, 910]], [[301, 910]]]","[[], [[[283, 926], [282, 927], [281, 928], [280, 928], [279, 928], [279, 929], [280, 929], [281, 929], [282, 930], [283, 931], [283, 932], [284, 932], [285, 933], [285, 934], [286, 934], [287, 935], [287, 936], [287, 937], [287, 938], [286, 939], [285, 940], [284, 941], [283, 940], [282, 940], [281, 941], [281, 942], [281, 943], [282, 943], [283, 943], [284, 944], [284, 945], [284, 946], [285, 947], [285, 948], [285, 949], [286, 950], [286, 949], [286, 948], [286, 947], [286, 946], [286, 945], [286, 944], [286, 943], [287, 942], [288, 942], [289, 943], [289, 944], [290, 945], [290, 946], [290, 947], [291, 947], [292, 947], [293, 946], [293, 945], [293, 944], [293, 943], [293, 942], [292, 941], [291, 940], [290, 939], [289, 939], [288, 939], [287, 938], [287, 937], [288, 936], [289, 936], [289, 935], [288, 934], [288, 933], [288, 932], [288, 931], [288, 930], [287, 929], [287, 928], [286, 927], [285, 927], [284, 927]]]]","[[], 34]"
41,41,"[[[126, 903]], [[125, 904]], [[125, 905]], [[124, 906]], [[124, 907]], [[123, 908]], [[122, 909]], [[121, 909]], [[121, 910]], [[120, 911]], [[119, 912]], [[118, 913]], [[117, 913]], [[116, 914]], [[115, 914]], [[114, 915]], [[113, 915]], [[112, 915]], [[112, 916]], [[111, 917]], [[110, 918]], [[109, 919]], [[108, 920]], [[107, 920]], [[107, 921]], [[106, 922]], [[106, 923]], [[106, 924]], [[107, 925]], [[108, 925]], [[109, 926]], [[109, 927]], [[109, 928]], [[110, 928]], [[111, 928]], [[112, 928]], [[113, 928]], [[114, 929]], [[114, 930]], [[115, 931]], [[116, 931]], [[117, 932]], [[118, 932]], [[119, 932]], [[120, 933]], [[121, 933]], [[122, 932]], [[123, 932]], [[124, 932]], [[125, 931]], [[126, 931]], [[127, 931]], [[128, 930]], [[129, 930]], [[130, 930]], [[131, 930]], [[132, 930]], [[133, 929]], [[134, 929]], [[135, 928]], [[136, 927]], [[137, 927]], [[138, 926]], [[138, 925]], [[139, 924]], [[140, 923]], [[140, 922]], [[141, 921]], [[142, 920]], [[142, 919]], [[141, 918]], [[142, 917]], [[141, 916]], [[141, 915]], [[141, 914]], [[140, 913]], [[140, 912]], [[139, 911]], [[138, 911]], [[137, 910]], [[137, 909]], [[136, 908]], [[136, 907]], [[136, 906]], [[135, 906]], [[134, 906]], [[133, 905]], [[132, 904]], [[131, 903]], [[130, 903]], [[129, 903]], [[128, 903]], [[127, 903]]]",[[]],[]
42,42,"[[[580, 900]], [[579, 901]], [[579, 902]], [[579, 903]], [[578, 904]], [[578, 905]], [[577, 906]], [[577, 907]], [[577, 908]], [[578, 909]], [[578, 910]], [[578, 911]], [[578, 912]], [[578, 913]], [[578, 914]], [[579, 915]], [[579, 916]], [[580, 916]], [[581, 917]], [[581, 918]], [[582, 918]], [[583, 919]], [[583, 918]], [[582, 917]], [[581, 916]], [[581, 915]], [[581, 914]], [[581, 913]], [[581, 912]], [[582, 911]], [[582, 910]], [[583, 909]], [[584, 908]], [[585, 907]], [[584, 906]], [[584, 905]], [[583, 904]], [[583, 903]], [[583, 902]], [[583, 901]], [[582, 900]], [[581, 900]]]",[[]],[]
43,43,"[[[554, 890]], [[553, 891]], [[552, 891]], [[551, 891]], [[550, 891]], [[549, 891]], [[548, 892]], [[548, 893]], [[548, 894]], [[548, 895]], [[548, 896]], [[547, 897]], [[547, 898]], [[546, 899]], [[545, 900]], [[544, 901]], [[544, 902]], [[544, 903]], [[544, 904]], [[544, 905]], [[544, 906]], [[544, 907]], [[544, 908]], [[543, 909]], [[542, 910]], [[542, 911]], [[542, 912]], [[542, 913]], [[542, 914]], [[542, 915]], [[542, 916]], [[542, 917]], [[542, 918]], [[543, 919]], [[543, 920]], [[544, 921]], [[545, 921]], [[546, 921]], [[547, 922]], [[548, 921]], [[549, 921]], [[550, 922]], [[551, 922]], [[552, 922]], [[553, 921]], [[554, 920]], [[555, 920]], [[556, 920]], [[557, 921]], [[557, 920]], [[558, 919]], [[559, 919]], [[560, 919]], [[561, 918]], [[562, 918]], [[563, 917]], [[564, 916]], [[565, 915]], [[565, 914]], [[566, 913]], [[566, 912]], [[566, 911]], [[566, 910]], [[567, 909]], [[568, 908]], [[568, 907]], [[568, 906]], [[568, 905]], [[569, 904]], [[569, 903]], [[568, 902]], [[568, 901]], [[568, 900]], [[567, 899]], [[567, 898]], [[566, 897]], [[566, 896]], [[565, 895]], [[564, 894]], [[563, 894]], [[562, 893]], [[561, 893]], [[560, 893]], [[559, 893]], [[558, 894]], [[557, 893]], [[556, 892]], [[555, 891]]]","[[[[555, 922], [554, 923], [553, 923], [553, 924], [552, 925], [551, 925], [551, 926], [551, 927], [552, 928], [552, 929], [551, 930], [551, 931], [550, 932], [550, 933], [549, 934], [549, 935], [550, 934], [550, 933], [551, 932], [551, 931], [552, 930], [553, 929], [554, 929], [555, 929], [556, 930], [557, 930], [558, 929], [559, 928], [560, 928], [561, 928], [562, 927], [562, 926], [562, 925], [561, 925], [560, 926], [559, 927], [558, 928], [557, 927], [556, 927], [555, 926], [554, 925], [555, 924], [556, 923], [557, 922], [556, 922]]], []]","[35, []]"
44,44,"[[[383, 884]], [[382, 885]], [[381, 885]], [[380, 886]], [[380, 887]], [[380, 888]], [[381, 889]], [[381, 890]], [[381, 891]], [[381, 892]], [[381, 893]], [[382, 893]], [[383, 894]], [[384, 894]], [[385, 895]], [[386, 894]], [[387, 894]], [[388, 894]], [[389, 895]], [[390, 895]], [[391, 896]], [[392, 897]], [[393, 898]], [[394, 899]], [[395, 899]], [[396, 898]], [[396, 897]], [[396, 896]], [[396, 895]], [[395, 894]], [[394, 893]], [[394, 892]], [[393, 892]], [[392, 891]], [[392, 890]], [[391, 889]], [[390, 888]], [[389, 887]], [[389, 886]], [[388, 885]], [[387, 884]], [[386, 884]], [[385, 884]], [[384, 884]]]",[[]],[]
45,45,"[[[26, 882]], [[25, 883]], [[24, 883]], [[23, 883]], [[22, 884]], [[21, 884]], [[20, 885]], [[19, 886]], [[19, 887]], [[19, 888]], [[19, 889]], [[19, 890]], [[20, 890]], [[21, 890]], [[22, 891]], [[23, 891]], [[24, 891]], [[25, 892]], [[26, 893]], [[27, 894]], [[28, 895]], [[29, 895]], [[30, 896]], [[31, 896]], [[32, 895]], [[32, 894]], [[32, 893]], [[32, 892]], [[33, 891]], [[33, 890]], [[33, 889]], [[33, 888]], [[33, 887]], [[33, 886]], [[33, 885]], [[32, 884]], [[32, 883]], [[31, 882]], [[30, 882]], [[29, 882]], [[28, 882]], [[27, 882]]]","[[], [[[24, 892], [24, 893], [25, 894], [25, 895], [25, 896], [24, 897], [23, 898], [22, 899], [21, 900], [20, 901], [19, 901], [18, 902], [17, 902], [16, 903], [17, 903], [18, 903], [19, 903], [20, 903], [21, 903], [22, 903], [23, 902], [24, 902], [25, 901], [25, 900], [24, 899], [25, 898], [26, 897], [27, 896], [27, 895], [26, 894], [25, 893]]]]","[[], 36]"
46,46,"[[[149, 872]], [[148, 873]], [[147, 874]], [[147, 875]], [[147, 876]], [[147, 877]], [[147, 878]], [[147, 879]], [[148, 880]], [[149, 880]], [[150, 881]], [[151, 881]], [[152, 881]], [[153, 882]], [[154, 881]], [[154, 880]], [[155, 879]], [[155, 878]], [[156, 877]], [[156, 876]], [[156, 875]], [[157, 874]], [[157, 873]], [[158, 872]], [[157, 872]], [[156, 872]], [[155, 872]], [[154, 872]], [[153, 872]], [[152, 873]], [[151, 873]], [[150, 873]]]",[[]],[]
47,47,"[[[651, 869]], [[650, 870]], [[649, 871]], [[649, 872]], [[649, 873]], [[648, 874]], [[647, 875]], [[646, 875]], [[645, 875]], [[644, 876]], [[643, 877]], [[642, 877]], [[641, 877]], [[640, 876]], [[639, 876]], [[638, 877]], [[637, 878]], [[636, 878]], [[635, 879]], [[634, 879]], [[633, 879]], [[632, 878]], [[631, 878]], [[630, 878]], [[629, 878]], [[628, 878]], [[627, 878]], [[626, 879]], [[625, 879]], [[624, 880]], [[623, 881]], [[622, 882]], [[621, 883]], [[620, 884]], [[619, 884]], [[618, 885]], [[618, 886]], [[618, 887]], [[617, 888]], [[616, 889]], [[615, 890]], [[614, 889]], [[613, 889]], [[612, 889]], [[611, 889]], [[610, 890]], [[609, 890]], [[608, 890]], [[607, 889]], [[607, 888]], [[608, 887]], [[608, 886]], [[609, 885]], [[609, 884]], [[609, 883]], [[609, 882]], [[609, 881]], [[609, 880]], [[609, 879]], [[608, 878]], [[607, 877]], [[606, 876]], [[605, 876]], [[604, 877]], [[603, 878]], [[602, 878]], [[601, 879]], [[600, 879]], [[599, 880]], [[598, 880]], [[597, 881]], [[596, 881]], [[595, 881]], [[594, 881]], [[593, 881]], [[592, 881]], [[591, 882]], [[590, 882]], [[591, 882]], [[592, 883]], [[593, 884]], [[594, 884]], [[595, 884]], [[596, 883]], [[597, 884]], [[597, 885]], [[597, 886]], [[597, 887]], [[598, 887]], [[599, 888]], [[600, 889]], [[601, 890]], [[602, 890]], [[603, 891]], [[604, 891]], [[605, 891]], [[606, 891]], [[607, 890]], [[608, 890]], [[609, 891]], [[608, 892]], [[607, 893]], [[606, 893]], [[606, 894]], [[606, 895]], [[607, 896]], [[608, 896]], [[609, 897]], [[610, 898]], [[611, 899]], [[612, 900]], [[613, 900]], [[614, 900]], [[615, 899]], [[616, 899]], [[616, 898]], [[617, 897]], [[618, 896]], [[619, 896]], [[620, 896]], [[621, 897]], [[622, 897]], [[623, 898]], [[624, 899]], [[624, 900]], [[624, 901]], [[625, 902]], [[625, 903]], [[626, 904]], [[626, 905]], [[626, 906]], [[626, 907]], [[626, 908]], [[626, 909]], [[626, 910]], [[627, 910]], [[628, 911]], [[629, 912]], [[629, 913]], [[630, 913]], [[631, 913]], [[632, 914]], [[633, 914]], [[634, 914]], [[635, 914]], [[636, 914]], [[637, 914]], [[638, 914]], [[639, 913]], [[640, 912]], [[641, 911]], [[642, 910]], [[642, 909]], [[642, 908]], [[643, 907]], [[644, 906]], [[644, 905]], [[644, 904]], [[644, 903]], [[644, 902]], [[643, 901]], [[643, 900]], [[643, 899]], [[643, 898]], [[643, 897]], [[642, 896]], [[642, 895]], [[641, 894]], [[641, 893]], [[640, 892]], [[639, 891]], [[638, 890]], [[638, 889]], [[638, 888]], [[638, 887]], [[638, 886]], [[638, 885]], [[637, 884]], [[637, 883]], [[638, 882]], [[639, 882]], [[640, 882]], [[641, 882]], [[642, 882]], [[643, 882]], [[644, 881]], [[645, 882]], [[646, 882]], [[647, 881]], [[648, 880]], [[649, 879]], [[650, 879]], [[651, 879]], [[652, 879]], [[653, 880]], [[653, 881]], [[653, 882]], [[654, 883]], [[654, 884]], [[654, 885]], [[654, 886]], [[655, 887]], [[655, 888]], [[656, 887]], [[657, 886]], [[658, 885]], [[659, 886]], [[660, 886]], [[661, 887]], [[661, 886]], [[662, 885]], [[662, 884]], [[662, 883]], [[662, 882]], [[662, 881]], [[662, 880]], [[662, 879]], [[662, 878]], [[662, 877]], [[661, 877]], [[660, 877]], [[659, 877]], [[658, 877]], [[657, 878]], [[656, 878]], [[655, 878]], [[654, 878]], [[653, 877]], [[654, 876]], [[654, 875]], [[654, 874]], [[654, 873]], [[653, 872]], [[653, 871]], [[652, 870]], [[652, 869]]]","[[[[627, 875], [626, 876], [625, 877], [624, 878], [623, 879], [622, 880], [621, 880], [620, 881], [619, 880], [618, 880], [617, 880], [617, 881], [617, 882], [618, 882], [619, 883], [620, 883], [621, 882], [622, 881], [623, 880], [624, 879], [625, 878], [626, 877], [627, 877], [628, 876], [629, 877], [630, 877], [631, 877], [632, 877], [633, 878], [634, 878], [635, 878], [636, 877], [636, 876], [636, 875], [635, 875], [634, 875], [633, 876], [632, 876], [631, 876], [630, 876], [629, 875], [628, 875]]], [], [[[593, 874], [592, 875], [592, 876], [591, 877], [590, 878], [589, 879], [588, 880], [587, 880], [586, 881], [585, 881], [584, 881], [583, 881], [583, 882], [583, 883], [584, 884], [585, 884], [586, 883], [586, 882], [587, 881], [588, 881], [589, 880], [590, 880], [591, 880], [592, 880], [593, 880], [594, 880], [595, 879], [595, 878], [595, 877], [595, 876], [595, 875], [594, 876], [593, 875]]]]","[37, [], 38]"
48,48,"[[[523, 864]], [[522, 865]], [[521, 866]], [[520, 866]], [[519, 866]], [[518, 866]], [[517, 866]], [[516, 867]], [[515, 868]], [[514, 869]], [[513, 870]], [[513, 871]], [[512, 872]], [[512, 873]], [[511, 874]], [[511, 875]], [[510, 876]], [[510, 877]], [[509, 878]], [[509, 879]], [[508, 880]], [[508, 881]], [[507, 882]], [[507, 883]], [[507, 884]], [[506, 885]], [[506, 886]], [[506, 887]], [[507, 888]], [[507, 889]], [[507, 890]], [[507, 891]], [[507, 892]], [[507, 893]], [[508, 894]], [[508, 895]], [[508, 896]], [[508, 897]], [[508, 898]], [[507, 899]], [[506, 898]], [[505, 898]], [[504, 898]], [[503, 898]], [[502, 899]], [[501, 900]], [[500, 901]], [[499, 901]], [[498, 901]], [[497, 902]], [[496, 902]], [[495, 903]], [[494, 904]], [[493, 905]], [[492, 906]], [[492, 907]], [[491, 908]], [[491, 909]], [[491, 910]], [[491, 911]], [[491, 912]], [[491, 913]], [[491, 914]], [[491, 915]], [[491, 916]], [[491, 917]], [[492, 918]], [[492, 919]], [[493, 920]], [[493, 921]], [[493, 922]], [[494, 923]], [[494, 924]], [[495, 925]], [[495, 926]], [[496, 927]], [[496, 928]], [[497, 929]], [[497, 930]], [[497, 931]], [[497, 932]], [[497, 933]], [[497, 934]], [[498, 935]], [[499, 936]], [[499, 937]], [[499, 938]], [[500, 939]], [[501, 940]], [[501, 941]], [[502, 942]], [[502, 943]], [[503, 943]], [[504, 943]], [[505, 944]], [[506, 944]], [[507, 945]], [[508, 945]], [[509, 945]], [[510, 945]], [[511, 945]], [[512, 945]], [[513, 944]], [[514, 944]], [[515, 944]], [[516, 945]], [[517, 944]], [[518, 944]], [[519, 944]], [[520, 943]], [[521, 942]], [[521, 941]], [[522, 940]], [[522, 939]], [[522, 938]], [[522, 937]], [[522, 936]], [[522, 935]], [[522, 934]], [[522, 933]], [[522, 932]], [[522, 931]], [[522, 930]], [[522, 929]], [[522, 928]], [[521, 927]], [[521, 926]], [[520, 925]], [[520, 924]], [[519, 923]], [[519, 922]], [[519, 921]], [[518, 922]], [[517, 921]], [[516, 920]], [[516, 919]], [[515, 918]], [[516, 917]], [[515, 916]], [[515, 915]], [[514, 914]], [[514, 913]], [[513, 912]], [[513, 911]], [[512, 910]], [[512, 909]], [[511, 908]], [[511, 907]], [[511, 906]], [[511, 905]], [[511, 904]], [[512, 903]], [[513, 904]], [[514, 905]], [[515, 906]], [[515, 907]], [[515, 908]], [[516, 909]], [[516, 910]], [[517, 911]], [[517, 912]], [[518, 913]], [[519, 913]], [[520, 914]], [[521, 914]], [[522, 914]], [[523, 914]], [[524, 914]], [[525, 913]], [[526, 913]], [[527, 913]], [[527, 912]], [[528, 911]], [[529, 911]], [[530, 910]], [[531, 910]], [[532, 909]], [[533, 908]], [[534, 907]], [[535, 906]], [[535, 905]], [[534, 904]], [[535, 903]], [[535, 902]], [[535, 901]], [[535, 900]], [[535, 899]], [[535, 898]], [[535, 897]], [[534, 896]], [[534, 895]], [[533, 894]], [[534, 893]], [[533, 892]], [[533, 891]], [[533, 890]], [[533, 889]], [[533, 888]], [[532, 887]], [[532, 886]], [[532, 885]], [[532, 884]], [[532, 883]], [[532, 882]], [[532, 881]], [[532, 880]], [[533, 879]], [[533, 878]], [[533, 877]], [[533, 876]], [[532, 875]], [[532, 874]], [[531, 873]], [[531, 872]], [[530, 871]], [[530, 870]], [[529, 869]], [[529, 868]], [[529, 867]], [[528, 866]], [[527, 865]], [[527, 864]], [[526, 864]], [[525, 864]], [[524, 864]]]",[[]],[]
49,49,"[[[578, 858]], [[577, 859]], [[576, 860]], [[576, 861]], [[576, 862]], [[575, 863]], [[574, 864]], [[574, 865]], [[574, 866]], [[575, 867]], [[576, 868]], [[577, 869]], [[577, 870]], [[577, 871]], [[578, 872]], [[578, 873]], [[578, 874]], [[578, 875]], [[579, 876]], [[579, 877]], [[580, 877]], [[581, 878]], [[581, 879]], [[582, 879]], [[583, 880]], [[584, 880]], [[585, 880]], [[586, 880]], [[587, 879]], [[588, 879]], [[589, 878]], [[590, 877]], [[591, 876]], [[591, 875]], [[592, 874]], [[592, 873]], [[593, 872]], [[594, 871]], [[594, 870]], [[595, 869]], [[595, 868]], [[596, 867]], [[595, 866]], [[595, 865]], [[594, 865]], [[593, 864]], [[592, 864]], [[591, 864]], [[590, 863]], [[590, 862]], [[590, 861]], [[589, 861]], [[588, 860]], [[587, 860]], [[586, 860]], [[585, 860]], [[584, 859]], [[583, 858]], [[582, 858]], [[581, 858]], [[580, 858]], [[579, 858]]]","[[], [[[593, 874], [592, 875], [592, 876], [591, 877], [590, 878], [589, 879], [588, 880], [587, 880], [586, 881], [585, 881], [584, 881], [583, 881], [583, 882], [583, 883], [584, 884], [585, 884], [586, 883], [586, 882], [587, 881], [588, 881], [589, 880], [590, 880], [591, 880], [592, 880], [593, 880], [594, 880], [595, 879], [595, 878], [595, 877], [595, 876], [595, 875], [594, 876], [593, 875]]]]","[[], 38]"
50,50,"[[[642, 855]], [[641, 856]], [[641, 857]], [[641, 858]], [[641, 859]], [[641, 860]], [[641, 861]], [[641, 862]], [[642, 862]], [[643, 863]], [[644, 863]], [[645, 863]], [[646, 863]], [[647, 864]], [[648, 863]], [[648, 862]], [[648, 861]], [[649, 860]], [[650, 860]], [[651, 860]], [[652, 861]], [[653, 862]], [[654, 863]], [[654, 862]], [[654, 861]], [[653, 860]], [[653, 859]], [[653, 858]], [[652, 858]], [[651, 857]], [[650, 857]], [[649, 857]], [[648, 856]], [[647, 856]], [[646, 856]], [[645, 855]], [[644, 855]], [[643, 855]]]",[],[]
51,51,"[[[187, 855]], [[186, 856]], [[185, 856]], [[184, 856]], [[183, 856]], [[182, 857]], [[181, 857]], [[180, 857]], [[179, 858]], [[178, 858]], [[177, 858]], [[176, 858]], [[175, 859]], [[174, 859]], [[173, 860]], [[172, 861]], [[171, 862]], [[170, 862]], [[169, 863]], [[168, 863]], [[167, 863]], [[167, 864]], [[166, 865]], [[166, 866]], [[165, 867]], [[164, 868]], [[164, 869]], [[163, 870]], [[162, 871]], [[162, 872]], [[161, 873]], [[160, 874]], [[159, 874]], [[159, 875]], [[159, 876]], [[159, 877]], [[159, 878]], [[159, 879]], [[159, 880]], [[160, 881]], [[160, 882]], [[161, 883]], [[161, 884]], [[161, 885]], [[162, 886]], [[163, 887]], [[164, 887]], [[165, 888]], [[166, 889]], [[167, 889]], [[168, 889]], [[169, 890]], [[170, 890]], [[171, 891]], [[172, 891]], [[173, 891]], [[174, 890]], [[175, 890]], [[176, 890]], [[177, 889]], [[178, 889]], [[179, 888]], [[180, 888]], [[181, 887]], [[182, 887]], [[182, 886]], [[183, 885]], [[183, 884]], [[184, 883]], [[185, 882]], [[186, 881]], [[186, 880]], [[187, 879]], [[188, 878]], [[189, 878]], [[190, 878]], [[190, 877]], [[191, 876]], [[191, 875]], [[192, 874]], [[192, 873]], [[192, 872]], [[192, 871]], [[193, 870]], [[194, 869]], [[194, 868]], [[194, 867]], [[194, 866]], [[194, 865]], [[194, 864]], [[194, 863]], [[194, 862]], [[194, 861]], [[194, 860]], [[193, 859]], [[192, 858]], [[191, 858]], [[190, 857]], [[189, 856]], [[188, 855]]]","[[], [[[196, 865], [196, 866], [195, 867], [195, 868], [195, 869], [194, 870], [193, 871], [193, 872], [193, 873], [193, 874], [192, 875], [192, 876], [191, 877], [191, 878], [191, 879], [190, 880], [191, 880], [192, 880], [193, 880], [194, 880], [195, 880], [196, 879], [196, 878], [195, 877], [194, 876], [194, 875], [193, 874], [193, 873], [193, 872], [194, 871], [195, 871], [195, 870], [195, 869], [195, 868], [196, 867], [196, 866]]]]","[[], 40]"
52,52,"[[[529, 837]], [[528, 838]], [[527, 838]], [[527, 839]], [[526, 840]], [[525, 841]], [[524, 842]], [[525, 843]], [[525, 844]], [[525, 845]], [[525, 846]], [[525, 847]], [[526, 848]], [[526, 849]], [[527, 850]], [[527, 851]], [[528, 852]], [[528, 853]], [[529, 854]], [[530, 854]], [[531, 855]], [[532, 856]], [[533, 856]], [[534, 856]], [[535, 857]], [[536, 857]], [[537, 858]], [[536, 859]], [[535, 860]], [[534, 861]], [[533, 862]], [[533, 863]], [[533, 864]], [[532, 865]], [[533, 866]], [[533, 867]], [[534, 868]], [[535, 868]], [[536, 868]], [[537, 867]], [[538, 867]], [[539, 866]], [[540, 866]], [[541, 866]], [[541, 865]], [[541, 864]], [[541, 863]], [[541, 862]], [[541, 861]], [[541, 860]], [[541, 859]], [[542, 858]], [[543, 858]], [[544, 858]], [[545, 858]], [[546, 858]], [[547, 857]], [[548, 857]], [[549, 856]], [[550, 856]], [[551, 855]], [[552, 854]], [[552, 853]], [[551, 852]], [[551, 851]], [[550, 850]], [[549, 849]], [[548, 848]], [[547, 847]], [[546, 846]], [[546, 845]], [[545, 844]], [[544, 844]], [[543, 843]], [[542, 843]], [[541, 842]], [[540, 842]], [[539, 841]], [[538, 841]], [[537, 841]], [[536, 841]], [[535, 841]], [[534, 841]], [[533, 840]], [[532, 839]], [[531, 838]], [[530, 838]]]","[[[[526, 853], [526, 854], [525, 855], [524, 856], [523, 857], [524, 858], [524, 859], [525, 860], [526, 860], [527, 860], [528, 860], [529, 859], [530, 860], [531, 861], [530, 862], [529, 862], [529, 863], [529, 864], [530, 864], [531, 864], [532, 863], [532, 862], [531, 861], [531, 860], [531, 859], [532, 858], [533, 858], [534, 859], [535, 859], [536, 858], [535, 858], [534, 857], [533, 858], [532, 858], [531, 857], [530, 856], [529, 855], [528, 854], [527, 853]]], []]","[41, []]"
53,53,"[[[673, 834]], [[672, 835]], [[671, 836]], [[670, 836]], [[669, 837]], [[668, 837]], [[667, 838]], [[666, 839]], [[666, 840]], [[666, 841]], [[666, 842]], [[666, 843]], [[666, 844]], [[666, 845]], [[667, 846]], [[667, 847]], [[667, 848]], [[668, 848]], [[669, 848]], [[670, 848]], [[671, 849]], [[672, 849]], [[673, 850]], [[674, 849]], [[675, 850]], [[676, 850]], [[677, 850]], [[678, 850]], [[679, 850]], [[680, 850]], [[681, 850]], [[682, 849]], [[683, 848]], [[684, 847]], [[685, 846]], [[685, 845]], [[685, 844]], [[685, 843]], [[685, 842]], [[685, 841]], [[685, 840]], [[684, 839]], [[684, 838]], [[683, 837]], [[682, 837]], [[681, 836]], [[680, 836]], [[679, 835]], [[678, 835]], [[677, 835]], [[676, 835]], [[675, 834]], [[674, 834]]]",[[]],[]
54,54,"[[[242, 820]], [[241, 821]], [[240, 822]], [[239, 823]], [[238, 824]], [[238, 825]], [[237, 826]], [[236, 826]], [[235, 827]], [[234, 828]], [[234, 829]], [[233, 830]], [[232, 831]], [[231, 832]], [[230, 833]], [[230, 834]], [[229, 835]], [[228, 836]], [[228, 837]], [[227, 838]], [[227, 839]], [[226, 840]], [[227, 839]], [[228, 840]], [[229, 841]], [[230, 842]], [[231, 843]], [[232, 844]], [[233, 844]], [[234, 845]], [[235, 845]], [[236, 845]], [[237, 845]], [[238, 844]], [[239, 843]], [[240, 843]], [[241, 842]], [[242, 841]], [[243, 840]], [[244, 839]], [[245, 838]], [[246, 838]], [[246, 837]], [[247, 836]], [[247, 835]], [[247, 834]], [[248, 833]], [[248, 832]], [[248, 831]], [[248, 830]], [[248, 829]], [[248, 828]], [[248, 827]], [[247, 826]], [[247, 825]], [[247, 824]], [[246, 823]], [[246, 822]], [[245, 822]], [[244, 821]], [[243, 820]]]","[[[[225, 830], [225, 831], [225, 832], [224, 833], [224, 834], [224, 835], [225, 836], [225, 837], [224, 838], [223, 838], [222, 839], [221, 839], [220, 840], [220, 841], [219, 842], [219, 843], [218, 844], [217, 845], [217, 846], [218, 846], [219, 845], [220, 844], [221, 843], [221, 842], [222, 841], [223, 840], [224, 839], [225, 838], [226, 837], [227, 836], [227, 835], [228, 834], [228, 833], [227, 832], [227, 831], [226, 830]]], [[[249, 833], [248, 834], [248, 835], [248, 836], [248, 837], [247, 838], [246, 839], [245, 839], [244, 840], [243, 841], [242, 842], [241, 843], [240, 844], [240, 845], [241, 845], [242, 845], [243, 845], [244, 846], [244, 847], [245, 847], [246, 848], [247, 848], [248, 848], [249, 847], [249, 846], [250, 845], [250, 844], [249, 844], [248, 844], [247, 844], [246, 844], [245, 843], [245, 842], [246, 841], [247, 841], [248, 840], [249, 839], [250, 838], [251, 838], [252, 838], [253, 838], [254, 838], [255, 837], [256, 836], [257, 836], [257, 835], [256, 835], [255, 835], [254, 836], [253, 836], [252, 836], [251, 835], [250, 834], [250, 833]]], [[[251, 816], [250, 817], [249, 818], [249, 819], [248, 820], [248, 821], [248, 822], [248, 823], [248, 824], [248, 825], [248, 826], [249, 827], [249, 828], [249, 829], [250, 829], [251, 828], [251, 827], [252, 826], [252, 825], [251, 825], [250, 824], [249, 823], [249, 822], [249, 821], [249, 820], [250, 819], [250, 818], [251, 817], [252, 817], [253, 816], [254, 817], [255, 818], [256, 817], [256, 816], [255, 816], [254, 816], [253, 816], [252, 816]]]]","[42, 43, 44]"
55,55,"[[[602, 809]], [[601, 810]], [[600, 810]], [[599, 810]], [[598, 810]], [[597, 810]], [[596, 811]], [[595, 811]], [[594, 812]], [[593, 813]], [[592, 813]], [[591, 814]], [[590, 814]], [[589, 815]], [[588, 816]], [[587, 816]], [[586, 817]], [[585, 817]], [[584, 818]], [[583, 818]], [[582, 819]], [[581, 820]], [[580, 821]], [[579, 821]], [[578, 822]], [[577, 822]], [[576, 823]], [[575, 824]], [[574, 825]], [[573, 826]], [[572, 826]], [[571, 826]], [[571, 827]], [[571, 828]], [[570, 829]], [[570, 830]], [[569, 831]], [[569, 832]], [[569, 833]], [[568, 834]], [[568, 835]], [[568, 836]], [[568, 837]], [[568, 838]], [[568, 839]], [[568, 840]], [[568, 841]], [[569, 841]], [[570, 842]], [[570, 843]], [[571, 844]], [[571, 845]], [[572, 846]], [[573, 847]], [[574, 848]], [[575, 848]], [[576, 849]], [[577, 848]], [[578, 848]], [[579, 848]], [[580, 849]], [[581, 850]], [[582, 849]], [[583, 848]], [[583, 847]], [[584, 846]], [[585, 846]], [[586, 846]], [[587, 846]], [[588, 846]], [[589, 846]], [[590, 845]], [[591, 844]], [[592, 843]], [[593, 843]], [[594, 843]], [[595, 842]], [[596, 841]], [[597, 840]], [[598, 839]], [[599, 838]], [[600, 837]], [[601, 836]], [[602, 836]], [[602, 835]], [[603, 834]], [[604, 833]], [[605, 832]], [[606, 831]], [[607, 830]], [[608, 830]], [[609, 830]], [[610, 829]], [[611, 828]], [[612, 827]], [[612, 826]], [[612, 825]], [[612, 824]], [[612, 823]], [[612, 822]], [[612, 821]], [[612, 820]], [[612, 819]], [[612, 818]], [[611, 818]], [[610, 817]], [[610, 816]], [[609, 815]], [[608, 814]], [[608, 813]], [[607, 812]], [[606, 811]], [[605, 810]], [[604, 809]], [[603, 809]]]",[[]],[]
56,56,"[[[480, 798]], [[479, 799]], [[478, 799]], [[477, 800]], [[476, 800]], [[475, 800]], [[474, 800]], [[473, 800]], [[472, 800]], [[471, 800]], [[470, 801]], [[469, 802]], [[468, 803]], [[467, 804]], [[466, 804]], [[465, 805]], [[464, 805]], [[463, 804]], [[462, 803]], [[461, 802]], [[460, 802]], [[459, 801]], [[458, 800]], [[457, 800]], [[456, 799]], [[455, 799]], [[454, 799]], [[453, 799]], [[452, 799]], [[451, 799]], [[450, 799]], [[449, 799]], [[448, 799]], [[447, 799]], [[446, 799]], [[445, 799]], [[444, 799]], [[443, 800]], [[442, 800]], [[441, 800]], [[440, 800]], [[439, 800]], [[438, 801]], [[437, 801]], [[436, 802]], [[436, 803]], [[436, 804]], [[436, 805]], [[435, 806]], [[434, 807]], [[433, 807]], [[432, 807]], [[431, 807]], [[430, 806]], [[429, 805]], [[429, 804]], [[428, 804]], [[427, 804]], [[426, 804]], [[425, 803]], [[424, 803]], [[423, 803]], [[422, 803]], [[421, 802]], [[420, 802]], [[419, 803]], [[418, 803]], [[417, 803]], [[416, 803]], [[415, 803]], [[414, 803]], [[413, 804]], [[412, 804]], [[411, 805]], [[410, 805]], [[409, 806]], [[409, 807]], [[408, 808]], [[408, 809]], [[407, 810]], [[407, 811]], [[407, 812]], [[406, 813]], [[406, 814]], [[406, 815]], [[405, 816]], [[404, 817]], [[403, 818]], [[403, 819]], [[402, 820]], [[402, 821]], [[402, 822]], [[401, 823]], [[401, 824]], [[400, 825]], [[400, 826]], [[400, 827]], [[400, 828]], [[400, 829]], [[400, 830]], [[400, 831]], [[400, 832]], [[400, 833]], [[400, 834]], [[400, 835]], [[401, 836]], [[401, 837]], [[401, 838]], [[402, 839]], [[403, 839]], [[404, 839]], [[405, 840]], [[405, 841]], [[405, 842]], [[405, 843]], [[405, 844]], [[406, 845]], [[407, 846]], [[408, 846]], [[409, 845]], [[410, 845]], [[409, 844]], [[410, 843]], [[411, 843]], [[412, 843]], [[413, 844]], [[414, 844]], [[415, 845]], [[415, 846]], [[415, 847]], [[415, 848]], [[414, 849]], [[413, 850]], [[412, 851]], [[412, 852]], [[411, 853]], [[411, 854]], [[410, 855]], [[410, 856]], [[410, 857]], [[409, 858]], [[409, 859]], [[409, 860]], [[409, 861]], [[409, 862]], [[409, 863]], [[410, 864]], [[410, 865]], [[409, 866]], [[408, 867]], [[407, 868]], [[407, 869]], [[407, 870]], [[407, 871]], [[407, 872]], [[406, 873]], [[406, 874]], [[405, 875]], [[405, 876]], [[405, 877]], [[405, 878]], [[405, 879]], [[405, 880]], [[405, 881]], [[405, 882]], [[405, 883]], [[406, 884]], [[407, 885]], [[408, 886]], [[409, 887]], [[410, 888]], [[411, 889]], [[412, 890]], [[412, 891]], [[413, 892]], [[414, 892]], [[415, 893]], [[416, 893]], [[417, 894]], [[418, 893]], [[419, 893]], [[420, 894]], [[421, 894]], [[422, 894]], [[423, 894]], [[424, 894]], [[425, 894]], [[426, 895]], [[426, 896]], [[426, 897]], [[426, 898]], [[426, 899]], [[426, 900]], [[427, 901]], [[427, 902]], [[427, 903]], [[427, 904]], [[427, 905]], [[427, 906]], [[427, 907]], [[427, 908]], [[428, 909]], [[428, 910]], [[429, 911]], [[429, 912]], [[430, 913]], [[431, 914]], [[432, 915]], [[433, 916]], [[434, 917]], [[435, 917]], [[436, 917]], [[437, 918]], [[438, 919]], [[439, 919]], [[440, 919]], [[441, 920]], [[441, 921]], [[441, 922]], [[441, 923]], [[441, 924]], [[441, 925]], [[442, 924]], [[443, 923]], [[444, 923]], [[445, 923]], [[446, 923]], [[447, 922]], [[448, 922]], [[448, 921]], [[448, 920]], [[448, 919]], [[448, 918]], [[449, 917]], [[450, 916]], [[450, 915]], [[450, 914]], [[451, 913]], [[450, 912]], [[450, 911]], [[450, 910]], [[450, 909]], [[451, 908]], [[452, 907]], [[453, 907]], [[454, 907]], [[455, 907]], [[456, 908]], [[457, 908]], [[458, 909]], [[459, 909]], [[460, 909]], [[461, 909]], [[462, 910]], [[463, 910]], [[464, 910]], [[465, 910]], [[466, 909]], [[467, 909]], [[468, 909]], [[469, 909]], [[470, 909]], [[471, 910]], [[472, 910]], [[473, 910]], [[474, 909]], [[475, 909]], [[476, 909]], [[477, 908]], [[478, 907]], [[479, 906]], [[480, 905]], [[481, 904]], [[481, 903]], [[481, 902]], [[482, 901]], [[483, 900]], [[484, 900]], [[484, 899]], [[484, 898]], [[484, 897]], [[485, 896]], [[485, 895]], [[486, 894]], [[486, 893]], [[486, 892]], [[487, 891]], [[487, 890]], [[487, 889]], [[487, 888]], [[487, 887]], [[488, 886]], [[488, 885]], [[488, 884]], [[488, 883]], [[488, 882]], [[487, 881]], [[486, 880]], [[486, 879]], [[486, 878]], [[486, 877]], [[486, 876]], [[486, 875]], [[486, 874]], [[486, 873]], [[486, 872]], [[486, 871]], [[487, 870]], [[488, 869]], [[489, 869]], [[489, 868]], [[490, 867]], [[490, 866]], [[490, 865]], [[490, 864]], [[491, 863]], [[491, 862]], [[491, 861]], [[492, 860]], [[493, 860]], [[494, 859]], [[495, 858]], [[496, 857]], [[497, 856]], [[498, 855]], [[499, 854]], [[499, 853]], [[500, 852]], [[500, 851]], [[501, 850]], [[502, 849]], [[503, 848]], [[503, 847]], [[503, 846]], [[503, 845]], [[503, 844]], [[503, 843]], [[503, 842]], [[504, 841]], [[504, 840]], [[503, 839]], [[502, 838]], [[501, 837]], [[500, 836]], [[499, 835]], [[499, 834]], [[499, 833]], [[499, 832]], [[499, 831]], [[499, 830]], [[499, 829]], [[499, 828]], [[500, 827]], [[499, 826]], [[499, 825]], [[499, 824]], [[498, 823]], [[498, 822]], [[497, 821]], [[497, 820]], [[496, 819]], [[496, 818]], [[495, 817]], [[495, 816]], [[494, 815]], [[494, 814]], [[493, 814]], [[492, 813]], [[491, 812]], [[491, 811]], [[490, 810]], [[489, 810]], [[488, 810]], [[487, 809]], [[487, 808]], [[487, 807]], [[486, 806]], [[486, 805]], [[485, 804]], [[484, 803]], [[484, 802]], [[483, 801]], [[482, 800]], [[482, 799]], [[481, 798]]]",[[]],[]
57,57,"[[[698, 793]], [[698, 794]], [[698, 795]], [[698, 796]], [[697, 797]], [[696, 798]], [[695, 799]], [[695, 800]], [[694, 801]], [[694, 802]], [[693, 803]], [[692, 804]], [[691, 805]], [[690, 806]], [[689, 806]], [[689, 807]], [[688, 808]], [[688, 809]], [[687, 810]], [[687, 811]], [[686, 812]], [[686, 813]], [[685, 814]], [[684, 815]], [[683, 816]], [[682, 817]], [[681, 818]], [[681, 819]], [[681, 820]], [[680, 821]], [[681, 822]], [[682, 822]], [[683, 822]], [[683, 821]], [[684, 820]], [[685, 820]], [[686, 819]], [[687, 819]], [[688, 820]], [[689, 820]], [[690, 819]], [[691, 818]], [[692, 817]], [[693, 817]], [[693, 816]], [[694, 815]], [[695, 815]], [[696, 814]], [[696, 813]], [[697, 812]], [[698, 811]], [[699, 810]], [[700, 810]], [[700, 809]], [[701, 808]], [[702, 807]], [[703, 807]], [[704, 806]], [[705, 805]], [[706, 805]], [[707, 804]], [[708, 803]], [[709, 802]], [[710, 801]], [[710, 800]], [[710, 799]], [[710, 798]], [[709, 797]], [[709, 796]], [[708, 796]], [[707, 795]], [[706, 796]], [[705, 796]], [[704, 796]], [[703, 796]], [[702, 795]], [[701, 794]], [[700, 793]], [[699, 793]]]",[[]],[]
58,58,"[[[726, 792]], [[725, 793]], [[724, 793]], [[723, 793]], [[722, 794]], [[721, 795]], [[720, 796]], [[719, 796]], [[718, 797]], [[717, 798]], [[716, 799]], [[716, 800]], [[716, 801]], [[715, 802]], [[715, 803]], [[715, 804]], [[714, 805]], [[714, 806]], [[714, 807]], [[713, 808]], [[713, 809]], [[713, 810]], [[712, 811]], [[712, 812]], [[712, 813]], [[712, 814]], [[711, 815]], [[710, 816]], [[711, 817]], [[711, 818]], [[711, 819]], [[712, 820]], [[712, 821]], [[711, 822]], [[711, 823]], [[711, 824]], [[711, 825]], [[710, 826]], [[710, 827]], [[709, 828]], [[709, 829]], [[709, 830]], [[709, 831]], [[709, 832]], [[709, 833]], [[709, 834]], [[709, 835]], [[709, 836]], [[709, 837]], [[710, 838]], [[711, 839]], [[712, 839]], [[713, 840]], [[714, 840]], [[715, 840]], [[716, 840]], [[717, 840]], [[718, 841]], [[719, 842]], [[720, 843]], [[720, 844]], [[720, 845]], [[720, 846]], [[720, 847]], [[719, 848]], [[719, 849]], [[718, 850]], [[717, 850]], [[716, 850]], [[715, 850]], [[714, 850]], [[713, 850]], [[712, 850]], [[711, 850]], [[710, 850]], [[709, 850]], [[708, 850]], [[707, 849]], [[706, 849]], [[705, 849]], [[705, 850]], [[705, 851]], [[704, 852]], [[704, 853]], [[703, 854]], [[703, 855]], [[703, 856]], [[702, 857]], [[702, 858]], [[701, 859]], [[701, 860]], [[700, 861]], [[699, 862]], [[699, 863]], [[698, 864]], [[698, 865]], [[698, 866]], [[697, 867]], [[697, 868]], [[696, 869]], [[696, 870]], [[696, 871]], [[695, 872]], [[695, 873]], [[695, 874]], [[695, 875]], [[696, 876]], [[696, 877]], [[696, 878]], [[697, 879]], [[697, 880]], [[697, 881]], [[697, 882]], [[697, 883]], [[697, 884]], [[697, 885]], [[697, 886]], [[698, 887]], [[698, 888]], [[698, 889]], [[698, 890]], [[698, 891]], [[698, 892]], [[697, 893]], [[696, 893]], [[695, 893]], [[694, 893]], [[693, 893]], [[692, 893]], [[691, 894]], [[690, 894]], [[689, 895]], [[689, 896]], [[689, 897]], [[689, 898]], [[688, 899]], [[687, 899]], [[686, 899]], [[685, 899]], [[684, 899]], [[683, 899]], [[682, 898]], [[681, 898]], [[680, 898]], [[679, 898]], [[678, 898]], [[677, 898]], [[676, 898]], [[675, 898]], [[674, 897]], [[673, 896]], [[672, 897]], [[672, 898]], [[671, 899]], [[671, 900]], [[670, 901]], [[669, 902]], [[669, 903]], [[668, 904]], [[667, 905]], [[666, 906]], [[665, 907]], [[665, 908]], [[665, 909]], [[664, 910]], [[664, 911]], [[664, 912]], [[663, 913]], [[663, 914]], [[663, 915]], [[663, 916]], [[663, 917]], [[663, 918]], [[663, 919]], [[663, 920]], [[663, 921]], [[664, 922]], [[664, 923]], [[665, 924]], [[666, 925]], [[666, 926]], [[667, 927]], [[667, 928]], [[668, 929]], [[668, 930]], [[668, 931]], [[669, 932]], [[670, 933]], [[671, 934]], [[672, 935]], [[673, 935]], [[674, 936]], [[674, 937]], [[675, 938]], [[676, 938]], [[677, 938]], [[678, 938]], [[679, 939]], [[680, 939]], [[681, 938]], [[682, 938]], [[683, 938]], [[684, 938]], [[685, 938]], [[686, 938]], [[687, 938]], [[688, 938]], [[689, 938]], [[690, 938]], [[691, 937]], [[692, 937]], [[693, 936]], [[694, 935]], [[695, 935]], [[696, 935]], [[697, 934]], [[698, 933]], [[698, 932]], [[699, 931]], [[700, 931]], [[701, 930]], [[701, 929]], [[701, 928]], [[701, 927]], [[701, 926]], [[700, 925]], [[700, 924]], [[699, 923]], [[699, 922]], [[699, 921]], [[698, 920]], [[698, 919]], [[697, 918]], [[697, 917]], [[696, 916]], [[696, 915]], [[696, 914]], [[696, 913]], [[696, 912]], [[695, 911]], [[695, 910]], [[695, 909]], [[695, 908]], [[695, 907]], [[695, 906]], [[694, 905]], [[694, 904]], [[695, 903]], [[696, 903]], [[697, 904]], [[697, 905]], [[697, 906]], [[698, 907]], [[698, 908]], [[698, 909]], [[698, 910]], [[699, 911]], [[699, 912]], [[699, 913]], [[700, 914]], [[700, 915]], [[701, 916]], [[701, 917]], [[702, 917]], [[703, 918]], [[704, 918]], [[705, 918]], [[706, 918]], [[707, 919]], [[708, 920]], [[708, 921]], [[709, 922]], [[709, 923]], [[709, 924]], [[710, 924]], [[711, 924]], [[712, 924]], [[713, 923]], [[714, 922]], [[714, 921]], [[714, 920]], [[714, 919]], [[714, 918]], [[713, 917]], [[712, 916]], [[713, 915]], [[714, 915]], [[715, 915]], [[716, 916]], [[716, 917]], [[716, 918]], [[717, 919]], [[717, 920]], [[717, 921]], [[717, 922]], [[718, 922]], [[719, 922]], [[720, 922]], [[721, 923]], [[722, 924]], [[723, 924]], [[724, 924]], [[725, 925]], [[725, 926]], [[725, 927]], [[725, 928]], [[725, 929]], [[725, 930]], [[726, 930]], [[727, 930]], [[728, 930]], [[729, 930]], [[730, 930]], [[731, 930]], [[732, 930]], [[733, 930]], [[734, 930]], [[735, 930]], [[736, 931]], [[737, 932]], [[737, 933]], [[738, 934]], [[739, 935]], [[740, 936]], [[741, 936]], [[741, 935]], [[742, 934]], [[743, 934]], [[744, 935]], [[745, 935]], [[746, 936]], [[745, 937]], [[744, 938]], [[743, 938]], [[742, 938]], [[741, 938]], [[741, 939]], [[740, 940]], [[740, 941]], [[739, 942]], [[739, 943]], [[739, 944]], [[740, 945]], [[740, 946]], [[740, 947]], [[740, 948]], [[740, 949]], [[739, 950]], [[738, 951]], [[738, 952]], [[737, 953]], [[738, 954]], [[738, 955]], [[738, 956]], [[739, 957]], [[740, 957]], [[741, 957]], [[742, 956]], [[743, 955]], [[744, 955]], [[745, 955]], [[746, 955]], [[747, 956]], [[748, 957]], [[749, 957]], [[750, 957]], [[751, 957]], [[752, 957]], [[752, 956]], [[752, 955]], [[752, 954]], [[752, 953]], [[752, 952]], [[752, 951]], [[752, 950]], [[752, 949]], [[752, 948]], [[753, 947]], [[754, 947]], [[755, 947]], [[756, 947]], [[757, 947]], [[758, 947]], [[759, 947]], [[760, 947]], [[761, 946]], [[762, 946]], [[763, 946]], [[764, 947]], [[765, 947]], [[766, 948]], [[767, 948]], [[768, 949]], [[769, 949]], [[770, 948]], [[771, 948]], [[772, 948]], [[772, 947]], [[773, 946]], [[773, 945]], [[773, 944]], [[772, 944]], [[771, 943]], [[770, 942]], [[770, 941]], [[769, 940]], [[768, 940]], [[767, 939]], [[766, 938]], [[765, 938]], [[764, 938]], [[763, 938]], [[762, 937]], [[761, 937]], [[760, 937]], [[759, 937]], [[758, 936]], [[757, 936]], [[756, 936]], [[755, 936]], [[754, 936]], [[753, 936]], [[752, 936]], [[751, 935]], [[752, 934]], [[753, 934]], [[753, 933]], [[753, 932]], [[754, 931]], [[754, 930]], [[755, 929]], [[756, 929]], [[757, 928]], [[758, 927]], [[758, 926]], [[759, 925]], [[760, 925]], [[761, 924]], [[762, 924]], [[762, 923]], [[762, 922]], [[763, 921]], [[764, 920]], [[765, 920]], [[766, 920]], [[767, 919]], [[768, 919]], [[769, 919]], [[770, 918]], [[770, 917]], [[771, 916]], [[771, 915]], [[771, 914]], [[771, 913]], [[770, 912]], [[770, 911]], [[770, 910]], [[770, 909]], [[770, 908]], [[771, 907]], [[772, 908]], [[772, 909]], [[772, 908]], [[772, 907]], [[771, 907]], [[770, 906]], [[769, 907]], [[768, 906]], [[767, 905]], [[767, 904]], [[767, 903]], [[768, 902]], [[769, 902]], [[770, 902]], [[771, 901]], [[772, 901]], [[773, 900]], [[774, 899]], [[775, 898]], [[776, 898]], [[777, 897]], [[778, 897]], [[779, 897]], [[780, 896]], [[781, 896]], [[782, 895]], [[783, 894]], [[783, 893]], [[784, 892]], [[785, 891]], [[786, 890]], [[786, 889]], [[787, 888]], [[788, 888]], [[789, 887]], [[789, 886]], [[790, 885]], [[790, 884]], [[791, 883]], [[791, 882]], [[791, 881]], [[790, 881]], [[789, 880]], [[788, 880]], [[787, 880]], [[786, 880]], [[785, 880]], [[784, 879]], [[783, 879]], [[782, 878]], [[782, 877]], [[782, 876]], [[782, 875]], [[782, 874]], [[781, 873]], [[781, 872]], [[781, 871]], [[781, 870]], [[780, 869]], [[779, 868]], [[778, 867]], [[778, 866]], [[777, 865]], [[776, 865]], [[775, 864]], [[774, 863]], [[774, 862]], [[774, 861]], [[775, 860]], [[775, 859]], [[776, 858]], [[776, 857]], [[777, 856]], [[778, 855]], [[778, 854]], [[779, 853]], [[780, 852]], [[780, 851]], [[780, 850]], [[780, 849]], [[779, 849]], [[778, 848]], [[777, 849]], [[776, 849]], [[775, 848]], [[774, 847]], [[773, 847]], [[772, 846]], [[771, 845]], [[770, 845]], [[769, 844]], [[768, 844]], [[767, 844]], [[766, 843]], [[765, 843]], [[764, 842]], [[763, 842]], [[762, 842]], [[761, 842]], [[760, 842]], [[759, 842]], [[758, 842]], [[757, 842]], [[756, 842]], [[755, 842]], [[754, 842]], [[753, 841]], [[753, 840]], [[753, 839]], [[752, 838]], [[752, 837]], [[751, 837]], [[750, 836]], [[749, 836]], [[748, 836]], [[747, 836]], [[746, 836]], [[745, 836]], [[744, 836]], [[743, 836]], [[742, 835]], [[741, 836]], [[741, 837]], [[741, 838]], [[741, 839]], [[741, 840]], [[742, 841]], [[742, 842]], [[741, 843]], [[741, 844]], [[740, 845]], [[739, 845]], [[738, 844]], [[738, 843]], [[738, 842]], [[738, 841]], [[738, 840]], [[739, 839]], [[739, 838]], [[739, 837]], [[738, 836]], [[737, 836]], [[736, 836]], [[735, 835]], [[734, 834]], [[733, 833]], [[732, 833]], [[731, 832]], [[732, 831]], [[733, 831]], [[734, 830]], [[735, 830]], [[736, 829]], [[737, 828]], [[738, 827]], [[739, 826]], [[740, 825]], [[740, 824]], [[740, 823]], [[740, 822]], [[740, 821]], [[741, 820]], [[741, 819]], [[741, 818]], [[741, 817]], [[740, 816]], [[740, 815]], [[740, 814]], [[740, 813]], [[739, 812]], [[739, 811]], [[739, 810]], [[739, 809]], [[738, 808]], [[738, 807]], [[737, 807]], [[736, 806]], [[735, 805]], [[735, 804]], [[735, 803]], [[736, 802]], [[736, 801]], [[736, 800]], [[736, 799]], [[736, 798]], [[736, 797]], [[735, 796]], [[734, 795]], [[734, 794]], [[733, 794]], [[732, 794]], [[731, 793]], [[730, 793]], [[729, 793]], [[728, 793]], [[727, 792]]]","[[], [[[772, 915], [772, 916], [772, 917], [771, 918], [770, 919], [769, 920], [768, 920], [767, 920], [766, 921], [765, 921], [764, 921], [763, 922], [763, 923], [763, 924], [763, 925], [764, 925], [765, 925], [766, 924], [766, 923], [766, 922], [767, 921], [768, 920], [769, 920], [770, 919], [771, 918], [772, 917], [772, 916]]], [[[791, 885], [791, 886], [790, 887], [789, 888], [790, 889], [791, 889], [791, 888], [791, 887], [792, 886], [793, 887], [794, 887], [795, 886], [796, 887], [797, 887], [798, 887], [799, 886], [800, 887], [801, 887], [802, 888], [802, 887], [802, 886], [801, 885], [800, 886], [799, 886], [798, 886], [797, 885], [796, 886], [795, 886], [794, 886], [793, 885], [792, 885]]], [[[751, 825], [750, 826], [749, 827], [749, 828], [748, 829], [747, 830], [746, 830], [745, 829], [745, 828], [744, 828], [743, 828], [743, 829], [743, 830], [743, 831], [743, 832], [743, 833], [744, 834], [745, 834], [746, 835], [747, 835], [748, 835], [749, 835], [750, 834], [750, 833], [749, 832], [748, 831], [749, 830], [750, 830], [751, 830], [751, 829], [752, 828], [752, 827], [752, 826]]]]","[[], 45, 46, 47]"
59,59,"[[[510, 792]], [[509, 793]], [[508, 793]], [[507, 793]], [[506, 794]], [[505, 794]], [[505, 795]], [[505, 796]], [[504, 797]], [[504, 798]], [[504, 799]], [[503, 800]], [[503, 801]], [[502, 802]], [[502, 803]], [[502, 804]], [[502, 805]], [[502, 806]], [[501, 807]], [[501, 808]], [[501, 809]], [[501, 810]], [[501, 811]], [[501, 812]], [[501, 813]], [[502, 814]], [[502, 815]], [[503, 816]], [[504, 817]], [[505, 817]], [[506, 817]], [[507, 817]], [[508, 818]], [[509, 817]], [[510, 817]], [[511, 818]], [[512, 819]], [[512, 820]], [[513, 820]], [[514, 821]], [[515, 822]], [[515, 823]], [[516, 824]], [[517, 825]], [[518, 825]], [[519, 826]], [[520, 826]], [[521, 825]], [[522, 825]], [[523, 824]], [[524, 823]], [[525, 822]], [[525, 821]], [[525, 820]], [[525, 819]], [[525, 818]], [[526, 817]], [[526, 816]], [[527, 815]], [[528, 814]], [[528, 813]], [[529, 812]], [[530, 811]], [[530, 810]], [[529, 809]], [[529, 808]], [[528, 807]], [[527, 806]], [[526, 805]], [[525, 804]], [[524, 803]], [[523, 802]], [[523, 801]], [[522, 801]], [[521, 800]], [[520, 800]], [[519, 800]], [[518, 799]], [[518, 798]], [[517, 797]], [[516, 796]], [[515, 795]], [[514, 794]], [[513, 793]], [[513, 792]], [[512, 792]], [[511, 792]]]","[[[[497, 805], [498, 806], [498, 807], [499, 808], [499, 809], [499, 810], [499, 811], [499, 812], [500, 813], [500, 814], [500, 815], [499, 816], [500, 817], [501, 818], [502, 819], [503, 818], [504, 819], [505, 820], [506, 819], [507, 818], [506, 818], [505, 818], [504, 818], [503, 818], [502, 817], [502, 816], [501, 815], [501, 814], [500, 813], [500, 812], [500, 811], [499, 810], [499, 809], [499, 808], [499, 807], [499, 806], [498, 806]]], []]","[48, []]"
60,60,"[[[160, 791]], [[159, 792]], [[158, 792]], [[157, 792]], [[156, 793]], [[155, 793]], [[154, 793]], [[153, 794]], [[152, 794]], [[151, 795]], [[151, 796]], [[150, 797]], [[149, 797]], [[148, 797]], [[148, 798]], [[147, 799]], [[146, 800]], [[145, 801]], [[144, 802]], [[143, 803]], [[142, 803]], [[142, 804]], [[141, 805]], [[140, 806]], [[140, 807]], [[139, 808]], [[138, 808]], [[137, 809]], [[137, 810]], [[136, 811]], [[135, 812]], [[134, 812]], [[133, 812]], [[132, 812]], [[131, 813]], [[130, 814]], [[130, 815]], [[130, 816]], [[130, 817]], [[130, 818]], [[130, 819]], [[131, 820]], [[130, 821]], [[129, 822]], [[128, 822]], [[127, 823]], [[127, 824]], [[127, 825]], [[128, 826]], [[128, 827]], [[129, 828]], [[130, 829]], [[130, 830]], [[131, 831]], [[132, 832]], [[133, 832]], [[134, 833]], [[134, 834]], [[135, 835]], [[135, 836]], [[134, 837]], [[134, 838]], [[134, 839]], [[134, 840]], [[135, 841]], [[135, 842]], [[136, 842]], [[137, 843]], [[138, 844]], [[138, 845]], [[138, 846]], [[137, 847]], [[136, 847]], [[135, 847]], [[134, 847]], [[133, 847]], [[132, 846]], [[131, 845]], [[131, 844]], [[131, 843]], [[130, 842]], [[130, 841]], [[129, 841]], [[128, 840]], [[127, 839]], [[126, 839]], [[125, 838]], [[124, 839]], [[123, 839]], [[122, 839]], [[121, 839]], [[120, 840]], [[119, 840]], [[118, 840]], [[117, 841]], [[117, 842]], [[116, 843]], [[115, 844]], [[115, 845]], [[114, 846]], [[113, 846]], [[112, 847]], [[112, 848]], [[113, 849]], [[113, 850]], [[113, 851]], [[114, 852]], [[114, 853]], [[113, 854]], [[114, 855]], [[114, 856]], [[114, 857]], [[114, 858]], [[114, 859]], [[113, 860]], [[114, 861]], [[114, 862]], [[114, 863]], [[114, 864]], [[114, 865]], [[114, 866]], [[114, 867]], [[114, 868]], [[115, 869]], [[115, 870]], [[115, 871]], [[116, 872]], [[116, 873]], [[117, 873]], [[118, 873]], [[119, 873]], [[120, 873]], [[121, 873]], [[122, 873]], [[123, 873]], [[124, 873]], [[125, 872]], [[126, 872]], [[127, 871]], [[128, 871]], [[129, 871]], [[130, 872]], [[131, 873]], [[131, 874]], [[132, 875]], [[133, 875]], [[134, 875]], [[135, 875]], [[136, 874]], [[137, 874]], [[138, 874]], [[139, 874]], [[140, 874]], [[141, 874]], [[142, 874]], [[143, 874]], [[144, 874]], [[144, 873]], [[144, 872]], [[145, 871]], [[145, 870]], [[146, 869]], [[147, 868]], [[148, 868]], [[149, 868]], [[150, 869]], [[151, 868]], [[152, 868]], [[153, 867]], [[153, 866]], [[153, 865]], [[153, 864]], [[153, 863]], [[153, 862]], [[152, 861]], [[152, 860]], [[152, 859]], [[151, 858]], [[151, 857]], [[150, 856]], [[150, 855]], [[150, 854]], [[149, 853]], [[148, 852]], [[147, 852]], [[146, 851]], [[145, 850]], [[145, 849]], [[144, 848]], [[144, 847]], [[144, 846]], [[145, 845]], [[145, 844]], [[145, 843]], [[146, 842]], [[147, 841]], [[148, 840]], [[149, 839]], [[150, 839]], [[150, 838]], [[150, 837]], [[151, 836]], [[152, 836]], [[153, 837]], [[154, 837]], [[155, 837]], [[156, 837]], [[157, 837]], [[158, 837]], [[159, 836]], [[160, 835]], [[161, 835]], [[161, 834]], [[162, 833]], [[163, 832]], [[163, 831]], [[164, 830]], [[164, 829]], [[165, 828]], [[166, 827]], [[166, 826]], [[167, 825]], [[167, 824]], [[168, 823]], [[168, 822]], [[169, 821]], [[170, 820]], [[171, 819]], [[171, 818]], [[172, 817]], [[172, 816]], [[173, 815]], [[173, 814]], [[174, 813]], [[174, 812]], [[175, 811]], [[175, 810]], [[175, 809]], [[176, 808]], [[176, 807]], [[177, 806]], [[178, 806]], [[178, 805]], [[178, 804]], [[178, 803]], [[178, 802]], [[178, 801]], [[178, 800]], [[177, 799]], [[176, 799]], [[175, 798]], [[174, 798]], [[173, 799]], [[172, 800]], [[171, 799]], [[170, 798]], [[170, 797]], [[170, 796]], [[169, 795]], [[168, 794]], [[167, 793]], [[166, 792]], [[165, 792]], [[164, 792]], [[163, 791]], [[162, 791]], [[161, 791]]]","[[], [[[102, 855], [101, 856], [100, 857], [99, 856], [99, 857], [98, 858], [97, 859], [96, 860], [95, 860], [94, 861], [93, 861], [94, 862], [95, 862], [96, 862], [97, 863], [98, 862], [98, 861], [99, 860], [100, 861], [101, 862], [102, 863], [102, 864], [103, 863], [104, 863], [105, 864], [106, 865], [107, 865], [107, 864], [107, 863], [107, 862], [107, 861], [107, 860], [108, 859], [109, 858], [110, 858], [111, 859], [112, 859], [112, 858], [112, 857], [112, 856], [112, 855], [111, 855], [110, 856], [109, 856], [108, 856], [107, 857], [107, 858], [106, 859], [106, 860], [106, 861], [106, 862], [105, 863], [104, 863], [103, 863], [102, 862], [102, 861], [102, 860], [103, 859], [103, 858], [103, 857], [103, 856], [103, 855]]]]","[[], 49]"
61,61,"[[[496, 786]], [[495, 787]], [[494, 787]], [[493, 787]], [[492, 787]], [[491, 788]], [[490, 788]], [[489, 788]], [[488, 788]], [[487, 789]], [[486, 790]], [[486, 791]], [[486, 792]], [[486, 793]], [[486, 794]], [[486, 795]], [[487, 796]], [[488, 797]], [[489, 798]], [[490, 799]], [[491, 799]], [[492, 800]], [[493, 800]], [[494, 799]], [[495, 799]], [[496, 799]], [[497, 799]], [[498, 798]], [[499, 798]], [[499, 797]], [[500, 796]], [[501, 796]], [[501, 795]], [[501, 794]], [[501, 793]], [[501, 792]], [[501, 791]], [[501, 790]], [[501, 789]], [[501, 788]], [[500, 787]], [[499, 787]], [[498, 786]], [[497, 786]]]",[[]],[]
62,62,"[[[214, 780]], [[213, 781]], [[212, 782]], [[212, 783]], [[211, 784]], [[210, 785]], [[209, 786]], [[209, 787]], [[208, 788]], [[208, 789]], [[208, 790]], [[209, 791]], [[209, 792]], [[210, 793]], [[211, 794]], [[212, 794]], [[213, 795]], [[214, 796]], [[215, 796]], [[216, 797]], [[217, 797]], [[218, 797]], [[219, 798]], [[218, 799]], [[218, 800]], [[218, 801]], [[219, 802]], [[219, 803]], [[219, 804]], [[219, 805]], [[219, 806]], [[220, 806]], [[221, 807]], [[221, 808]], [[222, 809]], [[223, 809]], [[224, 809]], [[225, 810]], [[226, 810]], [[227, 810]], [[228, 810]], [[229, 810]], [[230, 810]], [[231, 810]], [[232, 811]], [[233, 811]], [[234, 811]], [[235, 811]], [[236, 811]], [[237, 810]], [[238, 810]], [[239, 809]], [[240, 808]], [[241, 807]], [[242, 807]], [[243, 806]], [[244, 806]], [[245, 805]], [[245, 804]], [[246, 803]], [[246, 802]], [[247, 801]], [[248, 800]], [[248, 799]], [[249, 798]], [[249, 797]], [[249, 796]], [[249, 795]], [[249, 794]], [[250, 793]], [[250, 792]], [[250, 791]], [[250, 790]], [[250, 789]], [[249, 788]], [[248, 787]], [[248, 786]], [[247, 786]], [[246, 785]], [[245, 785]], [[244, 785]], [[243, 784]], [[242, 784]], [[241, 784]], [[240, 784]], [[239, 784]], [[238, 784]], [[237, 784]], [[236, 784]], [[235, 783]], [[234, 783]], [[233, 783]], [[232, 783]], [[231, 782]], [[230, 782]], [[229, 782]], [[228, 782]], [[227, 782]], [[226, 782]], [[225, 782]], [[224, 782]], [[223, 782]], [[222, 782]], [[221, 782]], [[220, 781]], [[219, 781]], [[218, 780]], [[217, 780]], [[216, 780]], [[215, 780]]]",[[]],[]
63,63,"[[[214, 760]], [[213, 761]], [[212, 761]], [[211, 761]], [[210, 761]], [[209, 761]], [[208, 762]], [[207, 762]], [[207, 763]], [[206, 764]], [[206, 765]], [[206, 766]], [[206, 767]], [[206, 768]], [[207, 769]], [[207, 770]], [[208, 771]], [[208, 772]], [[209, 773]], [[210, 774]], [[211, 774]], [[212, 773]], [[213, 773]], [[214, 774]], [[215, 774]], [[216, 774]], [[217, 775]], [[218, 775]], [[219, 775]], [[220, 775]], [[221, 774]], [[222, 774]], [[223, 774]], [[224, 773]], [[225, 773]], [[226, 772]], [[226, 771]], [[227, 770]], [[227, 769]], [[227, 768]], [[227, 767]], [[228, 766]], [[228, 765]], [[228, 764]], [[228, 763]], [[228, 762]], [[227, 761]], [[226, 762]], [[225, 762]], [[224, 762]], [[223, 762]], [[222, 762]], [[221, 762]], [[220, 762]], [[219, 762]], [[218, 761]], [[217, 760]], [[216, 760]], [[215, 760]]]",[],[]
64,64,"[[[285, 758]], [[284, 759]], [[283, 760]], [[282, 760]], [[281, 761]], [[280, 762]], [[279, 762]], [[278, 762]], [[277, 763]], [[277, 764]], [[276, 765]], [[276, 766]], [[275, 767]], [[275, 768]], [[275, 769]], [[275, 770]], [[274, 771]], [[274, 772]], [[275, 773]], [[274, 774]], [[275, 775]], [[275, 776]], [[275, 777]], [[276, 778]], [[277, 779]], [[277, 780]], [[277, 781]], [[278, 782]], [[278, 783]], [[278, 784]], [[278, 785]], [[279, 786]], [[279, 787]], [[280, 788]], [[281, 789]], [[281, 790]], [[281, 791]], [[282, 792]], [[282, 793]], [[282, 794]], [[282, 795]], [[283, 796]], [[283, 797]], [[284, 798]], [[284, 799]], [[284, 800]], [[285, 801]], [[285, 802]], [[285, 803]], [[285, 804]], [[285, 805]], [[285, 806]], [[284, 807]], [[283, 806]], [[283, 805]], [[282, 805]], [[281, 805]], [[280, 805]], [[279, 805]], [[278, 805]], [[277, 806]], [[276, 806]], [[275, 807]], [[274, 807]], [[273, 808]], [[272, 808]], [[272, 809]], [[271, 810]], [[270, 811]], [[269, 812]], [[269, 813]], [[268, 814]], [[268, 815]], [[267, 816]], [[267, 817]], [[266, 818]], [[266, 819]], [[265, 820]], [[264, 821]], [[264, 822]], [[263, 823]], [[262, 824]], [[262, 825]], [[261, 826]], [[261, 827]], [[260, 828]], [[260, 829]], [[259, 830]], [[259, 831]], [[259, 832]], [[258, 833]], [[258, 834]], [[258, 835]], [[258, 836]], [[258, 837]], [[258, 838]], [[258, 839]], [[258, 840]], [[258, 841]], [[258, 842]], [[258, 843]], [[259, 844]], [[259, 845]], [[259, 846]], [[259, 847]], [[260, 848]], [[261, 849]], [[262, 850]], [[263, 851]], [[264, 852]], [[265, 853]], [[266, 853]], [[267, 853]], [[268, 854]], [[267, 855]], [[266, 855]], [[265, 855]], [[264, 855]], [[263, 854]], [[262, 853]], [[261, 853]], [[260, 852]], [[259, 851]], [[258, 851]], [[257, 850]], [[256, 850]], [[255, 850]], [[254, 850]], [[253, 850]], [[252, 850]], [[251, 850]], [[250, 850]], [[249, 850]], [[248, 850]], [[248, 851]], [[247, 852]], [[246, 852]], [[245, 852]], [[244, 853]], [[243, 854]], [[243, 855]], [[243, 856]], [[243, 857]], [[244, 857]], [[245, 858]], [[245, 859]], [[246, 859]], [[247, 860]], [[248, 861]], [[249, 861]], [[250, 862]], [[251, 863]], [[251, 864]], [[251, 865]], [[251, 866]], [[251, 867]], [[250, 868]], [[250, 869]], [[249, 870]], [[249, 871]], [[248, 872]], [[248, 873]], [[248, 874]], [[248, 875]], [[248, 876]], [[248, 877]], [[248, 878]], [[247, 879]], [[247, 880]], [[247, 881]], [[247, 882]], [[247, 883]], [[248, 884]], [[248, 885]], [[248, 886]], [[248, 887]], [[248, 888]], [[249, 889]], [[249, 890]], [[250, 890]], [[251, 891]], [[252, 891]], [[253, 891]], [[254, 891]], [[255, 891]], [[256, 892]], [[256, 893]], [[255, 894]], [[254, 895]], [[253, 896]], [[253, 897]], [[252, 898]], [[252, 899]], [[252, 900]], [[251, 901]], [[251, 902]], [[251, 903]], [[250, 904]], [[250, 905]], [[249, 906]], [[249, 907]], [[249, 908]], [[249, 909]], [[249, 910]], [[249, 911]], [[249, 912]], [[249, 913]], [[249, 914]], [[249, 915]], [[249, 916]], [[249, 917]], [[249, 918]], [[250, 919]], [[250, 920]], [[251, 921]], [[251, 922]], [[251, 923]], [[251, 924]], [[252, 925]], [[252, 926]], [[253, 927]], [[254, 928]], [[255, 929]], [[256, 930]], [[256, 931]], [[257, 932]], [[258, 933]], [[259, 933]], [[260, 933]], [[261, 932]], [[262, 932]], [[263, 931]], [[264, 932]], [[264, 931]], [[265, 930]], [[265, 929]], [[266, 928]], [[266, 927]], [[266, 926]], [[266, 925]], [[266, 924]], [[266, 923]], [[266, 922]], [[266, 921]], [[266, 920]], [[265, 919]], [[265, 918]], [[264, 917]], [[264, 916]], [[264, 915]], [[264, 914]], [[264, 913]], [[264, 912]], [[264, 911]], [[265, 910]], [[265, 909]], [[265, 908]], [[265, 907]], [[265, 906]], [[265, 905]], [[266, 904]], [[266, 903]], [[266, 902]], [[267, 901]], [[268, 900]], [[268, 899]], [[268, 898]], [[268, 897]], [[268, 896]], [[269, 895]], [[270, 895]], [[271, 894]], [[272, 894]], [[273, 894]], [[274, 895]], [[275, 895]], [[276, 895]], [[277, 895]], [[278, 894]], [[279, 894]], [[280, 894]], [[281, 893]], [[282, 892]], [[283, 891]], [[284, 890]], [[285, 889]], [[285, 888]], [[285, 887]], [[285, 886]], [[285, 885]], [[285, 884]], [[285, 883]], [[285, 882]], [[285, 881]], [[286, 880]], [[286, 879]], [[286, 878]], [[286, 877]], [[286, 876]], [[286, 875]], [[286, 874]], [[286, 873]], [[286, 872]], [[286, 871]], [[286, 870]], [[286, 869]], [[285, 869]], [[284, 868]], [[284, 867]], [[284, 866]], [[284, 865]], [[285, 864]], [[286, 865]], [[287, 865]], [[288, 865]], [[289, 865]], [[290, 865]], [[291, 865]], [[292, 866]], [[293, 866]], [[294, 866]], [[295, 867]], [[296, 867]], [[297, 867]], [[298, 868]], [[299, 868]], [[300, 868]], [[301, 868]], [[302, 868]], [[303, 868]], [[304, 868]], [[305, 868]], [[306, 868]], [[307, 868]], [[308, 867]], [[309, 867]], [[310, 866]], [[311, 866]], [[312, 865]], [[312, 864]], [[313, 863]], [[313, 862]], [[314, 861]], [[314, 860]], [[314, 859]], [[314, 858]], [[314, 857]], [[315, 856]], [[315, 855]], [[315, 854]], [[316, 853]], [[315, 852]], [[316, 851]], [[317, 850]], [[317, 849]], [[318, 848]], [[318, 847]], [[318, 846]], [[318, 845]], [[318, 844]], [[318, 843]], [[318, 842]], [[318, 841]], [[318, 840]], [[317, 839]], [[317, 838]], [[317, 837]], [[317, 836]], [[317, 835]], [[316, 834]], [[316, 833]], [[316, 832]], [[316, 831]], [[316, 830]], [[316, 829]], [[315, 828]], [[315, 827]], [[314, 826]], [[314, 825]], [[313, 824]], [[312, 823]], [[312, 822]], [[311, 821]], [[310, 820]], [[309, 819]], [[308, 818]], [[307, 817]], [[306, 816]], [[305, 816]], [[304, 815]], [[303, 814]], [[302, 813]], [[301, 813]], [[300, 813]], [[299, 812]], [[299, 811]], [[299, 810]], [[300, 809]], [[301, 809]], [[301, 808]], [[302, 807]], [[303, 807]], [[304, 806]], [[305, 806]], [[306, 805]], [[307, 804]], [[308, 803]], [[309, 802]], [[309, 801]], [[310, 800]], [[310, 799]], [[311, 798]], [[311, 797]], [[311, 796]], [[312, 795]], [[312, 794]], [[313, 793]], [[314, 792]], [[315, 791]], [[316, 790]], [[316, 789]], [[317, 788]], [[317, 787]], [[317, 786]], [[317, 785]], [[317, 784]], [[317, 783]], [[317, 782]], [[317, 781]], [[317, 780]], [[316, 779]], [[316, 778]], [[315, 777]], [[314, 776]], [[313, 776]], [[312, 775]], [[311, 775]], [[310, 775]], [[309, 774]], [[308, 773]], [[307, 772]], [[306, 771]], [[306, 770]], [[305, 769]], [[304, 768]], [[303, 767]], [[303, 766]], [[302, 765]], [[302, 764]], [[301, 763]], [[300, 762]], [[299, 761]], [[298, 760]], [[297, 759]], [[296, 759]], [[295, 758]], [[294, 758]], [[293, 758]], [[292, 758]], [[291, 758]], [[290, 758]], [[289, 758]], [[288, 758]], [[287, 758]], [[286, 758]]]","[[], [[[281, 795], [281, 796], [281, 797], [281, 798], [280, 799], [279, 800], [278, 801], [278, 802], [278, 803], [278, 804], [279, 804], [280, 803], [281, 804], [282, 804], [283, 804], [284, 805], [284, 806], [284, 805], [284, 804], [284, 803], [284, 802], [283, 801], [283, 800], [283, 799], [282, 798], [282, 797], [281, 796]]], [[[269, 809], [268, 810], [267, 811], [266, 812], [267, 813], [267, 814], [266, 815], [265, 816], [265, 817], [264, 818], [264, 819], [263, 820], [262, 821], [261, 821], [260, 821], [259, 822], [258, 822], [258, 823], [258, 824], [258, 825], [259, 825], [260, 826], [260, 825], [260, 824], [260, 823], [260, 822], [261, 821], [262, 821], [263, 821], [263, 820], [264, 819], [265, 818], [265, 817], [266, 816], [266, 815], [267, 814], [267, 813], [268, 812], [268, 811], [269, 810], [270, 809]]], [[[249, 833], [248, 834], [248, 835], [248, 836], [248, 837], [247, 838], [246, 839], [245, 839], [244, 840], [243, 841], [242, 842], [241, 843], [240, 844], [240, 845], [241, 845], [242, 845], [243, 845], [244, 846], [244, 847], [245, 847], [246, 848], [247, 848], [248, 848], [249, 847], [249, 846], [250, 845], [250, 844], [249, 844], [248, 844], [247, 844], [246, 844], [245, 843], [245, 842], [246, 841], [247, 841], [248, 840], [249, 839], [250, 838], [251, 838], [252, 838], [253, 838], [254, 838], [255, 837], [256, 836], [257, 836], [257, 835], [256, 835], [255, 835], [254, 836], [253, 836], [252, 836], [251, 835], [250, 834], [250, 833]]], [[[257, 843], [256, 844], [256, 845], [255, 846], [255, 847], [255, 848], [256, 849], [257, 849], [258, 850], [259, 850], [260, 851], [261, 852], [262, 852], [263, 853], [264, 854], [265, 854], [266, 854], [267, 854], [266, 854], [265, 854], [264, 853], [263, 852], [262, 851], [261, 850], [260, 849], [259, 848], [258, 847], [258, 846], [258, 845], [258, 844]], [[249, 833], [248, 834], [248, 835], [248, 836], [248, 837], [247, 838], [246, 839], [245, 839], [244, 840], [243, 841], [242, 842], [241, 843], [240, 844], [240, 845], [241, 845], [242, 845], [243, 845], [244, 846], [244, 847], [245, 847], [246, 848], [247, 848], [248, 848], [249, 847], [249, 846], [250, 845], [250, 844], [249, 844], [248, 844], [247, 844], [246, 844], [245, 843], [245, 842], [246, 841], [247, 841], [248, 840], [249, 839], [250, 838], [251, 838], [252, 838], [253, 838], [254, 838], [255, 837], [256, 836], [257, 836], [257, 835], [256, 835], [255, 835], [254, 836], [253, 836], [252, 836], [251, 835], [250, 834], [250, 833]]], [[[257, 843], [256, 844], [256, 845], [255, 846], [255, 847], [255, 848], [256, 849], [257, 849], [258, 850], [259, 850], [260, 851], [261, 852], [262, 852], [263, 853], [264, 854], [265, 854], [266, 854], [267, 854], [266, 854], [265, 854], [264, 853], [263, 852], [262, 851], [261, 850], [260, 849], [259, 848], [258, 847], [258, 846], [258, 845], [258, 844]]], [[[315, 861], [314, 862], [314, 863], [313, 864], [313, 865], [313, 866], [312, 867], [311, 867], [310, 868], [309, 869], [308, 870], [307, 870], [306, 870], [305, 870], [304, 870], [303, 869], [302, 870], [301, 869], [300, 869], [299, 869], [298, 869], [297, 868], [296, 868], [295, 868], [294, 868], [293, 867], [292, 867], [291, 866], [290, 866], [289, 866], [288, 866], [287, 866], [286, 866], [285, 865], [285, 866], [285, 867], [286, 868], [287, 868], [288, 867], [289, 866], [290, 867], [291, 868], [292, 869], [293, 869], [294, 870], [295, 871], [296, 872], [295, 873], [294, 873], [293, 874], [294, 875], [295, 875], [295, 874], [296, 873], [297, 873], [298, 873], [299, 874], [299, 875], [298, 876], [299, 877], [299, 878], [299, 879], [300, 878], [301, 877], [302, 878], [303, 878], [304, 879], [304, 880], [303, 881], [302, 882], [301, 882], [300, 882], [299, 883], [298, 883], [298, 884], [297, 885], [298, 885], [299, 885], [300, 885], [301, 885], [301, 884], [302, 883], [303, 883], [304, 884], [305, 884], [306, 884], [306, 883], [307, 882], [307, 881], [307, 880], [306, 879], [305, 879], [304, 878], [303, 877], [302, 877], [301, 877], [300, 876], [300, 875], [301, 874], [302, 873], [303, 872], [304, 872], [305, 872], [306, 873], [307, 874], [308, 874], [309, 875], [310, 875], [311, 874], [312, 874], [313, 873], [314, 872], [314, 871], [314, 870], [314, 869], [314, 868], [314, 867], [315, 866], [316, 865], [316, 864], [317, 863], [317, 862], [316, 862]]]]","[[], 50, 51, 43, 53, 54, 55]"
65,65,"[[[81, 753]], [[80, 754]], [[79, 754]], [[78, 755]], [[77, 756]], [[76, 757]], [[75, 757]], [[74, 758]], [[74, 759]], [[73, 760]], [[72, 761]], [[71, 761]], [[71, 762]], [[70, 763]], [[69, 764]], [[68, 765]], [[67, 766]], [[66, 767]], [[66, 768]], [[66, 769]], [[66, 770]], [[65, 771]], [[65, 772]], [[65, 773]], [[65, 774]], [[65, 775]], [[65, 776]], [[65, 777]], [[65, 778]], [[64, 779]], [[63, 780]], [[62, 780]], [[61, 780]], [[60, 779]], [[60, 778]], [[60, 777]], [[60, 776]], [[60, 775]], [[60, 774]], [[59, 773]], [[58, 772]], [[57, 771]], [[57, 770]], [[56, 770]], [[55, 770]], [[54, 770]], [[53, 770]], [[52, 770]], [[51, 770]], [[50, 770]], [[49, 770]], [[48, 771]], [[47, 772]], [[46, 772]], [[45, 772]], [[44, 772]], [[43, 772]], [[42, 772]], [[41, 772]], [[40, 772]], [[39, 771]], [[38, 772]], [[37, 772]], [[36, 772]], [[36, 773]], [[36, 774]], [[36, 775]], [[36, 776]], [[36, 777]], [[36, 778]], [[37, 779]], [[37, 780]], [[37, 781]], [[38, 782]], [[39, 783]], [[39, 784]], [[40, 784]], [[41, 785]], [[41, 786]], [[42, 787]], [[43, 788]], [[43, 789]], [[44, 790]], [[45, 791]], [[46, 791]], [[47, 791]], [[48, 791]], [[49, 791]], [[50, 790]], [[51, 790]], [[51, 789]], [[52, 788]], [[53, 788]], [[54, 789]], [[54, 790]], [[53, 791]], [[52, 792]], [[52, 793]], [[52, 794]], [[52, 795]], [[53, 796]], [[52, 797]], [[53, 798]], [[54, 798]], [[55, 799]], [[56, 799]], [[57, 799]], [[58, 799]], [[59, 799]], [[60, 799]], [[61, 799]], [[62, 799]], [[63, 799]], [[64, 799]], [[65, 799]], [[66, 800]], [[67, 800]], [[68, 800]], [[69, 800]], [[70, 801]], [[71, 801]], [[72, 801]], [[73, 801]], [[74, 801]], [[75, 801]], [[76, 801]], [[77, 801]], [[78, 801]], [[79, 802]], [[80, 802]], [[81, 802]], [[82, 802]], [[83, 802]], [[84, 802]], [[85, 802]], [[86, 802]], [[87, 801]], [[88, 802]], [[88, 803]], [[88, 804]], [[88, 805]], [[88, 806]], [[88, 807]], [[88, 808]], [[88, 809]], [[88, 810]], [[88, 811]], [[89, 812]], [[89, 813]], [[90, 814]], [[91, 815]], [[91, 816]], [[92, 817]], [[93, 818]], [[94, 819]], [[95, 820]], [[96, 821]], [[97, 821]], [[98, 821]], [[99, 821]], [[100, 822]], [[101, 822]], [[102, 822]], [[103, 822]], [[104, 822]], [[105, 822]], [[106, 822]], [[107, 822]], [[108, 822]], [[109, 821]], [[110, 821]], [[111, 820]], [[112, 819]], [[112, 818]], [[113, 817]], [[113, 816]], [[114, 815]], [[114, 814]], [[114, 813]], [[113, 812]], [[114, 811]], [[113, 810]], [[113, 809]], [[114, 808]], [[114, 807]], [[115, 806]], [[116, 805]], [[116, 804]], [[116, 803]], [[117, 802]], [[117, 801]], [[117, 800]], [[118, 799]], [[118, 798]], [[118, 797]], [[118, 796]], [[117, 795]], [[117, 794]], [[117, 793]], [[117, 792]], [[117, 791]], [[116, 790]], [[115, 789]], [[114, 788]], [[114, 787]], [[113, 786]], [[112, 785]], [[111, 785]], [[110, 784]], [[109, 783]], [[108, 784]], [[107, 783]], [[107, 782]], [[106, 781]], [[106, 780]], [[105, 779]], [[105, 778]], [[104, 777]], [[104, 776]], [[103, 775]], [[103, 774]], [[102, 774]], [[101, 773]], [[101, 772]], [[100, 771]], [[100, 770]], [[99, 769]], [[98, 768]], [[98, 767]], [[97, 766]], [[96, 765]], [[95, 764]], [[94, 764]], [[93, 764]], [[92, 763]], [[91, 763]], [[90, 763]], [[89, 762]], [[88, 761]], [[88, 760]], [[88, 759]], [[88, 758]], [[88, 757]], [[87, 756]], [[86, 755]], [[85, 755]], [[84, 754]], [[83, 754]], [[82, 753]]]","[[], [[[74, 802], [73, 803], [72, 803], [71, 803], [72, 804], [73, 805], [73, 806], [73, 807], [74, 808], [74, 809], [74, 810], [75, 811], [75, 810], [75, 809], [75, 808], [76, 807], [77, 806], [78, 807], [79, 808], [79, 809], [79, 810], [80, 811], [81, 812], [82, 813], [82, 814], [83, 815], [84, 816], [85, 815], [85, 814], [85, 813], [84, 813], [83, 812], [82, 811], [82, 810], [82, 809], [81, 808], [81, 807], [81, 806], [80, 805], [79, 804], [78, 803], [77, 803], [76, 803], [75, 802]]], [[[93, 820], [92, 821], [91, 821], [90, 821], [89, 822], [88, 822], [87, 822], [87, 823], [88, 824], [89, 825], [89, 826], [89, 827], [89, 828], [90, 828], [90, 827], [91, 826], [91, 825], [92, 824], [93, 823], [94, 823], [95, 823], [96, 823], [97, 824], [98, 825], [99, 826], [100, 826], [101, 826], [101, 825], [102, 824], [103, 824], [104, 823], [105, 823], [104, 823], [103, 823], [102, 823], [101, 823], [100, 823], [99, 822], [98, 822], [97, 822], [96, 822], [95, 821], [94, 821]]]]","[[], 56, 57]"
66,66,"[[[750, 741]], [[750, 742]], [[750, 743]], [[750, 744]], [[749, 745]], [[749, 746]], [[750, 747]], [[750, 748]], [[750, 749]], [[751, 750]], [[751, 751]], [[751, 752]], [[752, 753]], [[752, 754]], [[752, 755]], [[753, 756]], [[753, 757]], [[754, 757]], [[755, 758]], [[756, 759]], [[757, 759]], [[758, 760]], [[759, 760]], [[760, 760]], [[761, 760]], [[762, 760]], [[763, 760]], [[764, 760]], [[765, 759]], [[766, 759]], [[767, 759]], [[768, 760]], [[769, 760]], [[770, 761]], [[771, 762]], [[772, 761]], [[773, 760]], [[774, 760]], [[774, 759]], [[773, 758]], [[774, 757]], [[775, 757]], [[776, 758]], [[777, 757]], [[778, 756]], [[779, 756]], [[780, 755]], [[780, 754]], [[780, 753]], [[780, 752]], [[780, 751]], [[779, 750]], [[778, 750]], [[777, 750]], [[776, 749]], [[775, 749]], [[774, 750]], [[773, 750]], [[772, 750]], [[771, 750]], [[770, 750]], [[769, 750]], [[768, 750]], [[767, 750]], [[766, 750]], [[765, 750]], [[764, 750]], [[763, 750]], [[762, 749]], [[761, 748]], [[760, 747]], [[759, 746]], [[758, 745]], [[757, 745]], [[756, 744]], [[755, 743]], [[754, 742]], [[753, 741]], [[752, 741]], [[751, 741]]]",[[]],[]
67,67,"[[[540, 735]], [[539, 736]], [[538, 736]], [[537, 737]], [[536, 737]], [[535, 737]], [[534, 737]], [[533, 737]], [[532, 737]], [[531, 737]], [[530, 737]], [[529, 738]], [[529, 739]], [[529, 740]], [[529, 741]], [[529, 742]], [[528, 743]], [[528, 744]], [[528, 745]], [[527, 746]], [[527, 747]], [[527, 748]], [[527, 749]], [[527, 750]], [[527, 751]], [[528, 751]], [[529, 752]], [[530, 752]], [[531, 752]], [[532, 751]], [[533, 751]], [[534, 750]], [[535, 750]], [[536, 749]], [[537, 748]], [[538, 748]], [[539, 748]], [[540, 748]], [[541, 747]], [[542, 747]], [[543, 746]], [[544, 746]], [[545, 746]], [[546, 745]], [[546, 744]], [[547, 743]], [[547, 742]], [[547, 741]], [[546, 740]], [[546, 739]], [[545, 738]], [[545, 737]], [[544, 736]], [[544, 735]], [[543, 735]], [[542, 735]], [[541, 735]]]",[],[]
68,68,"[[[183, 732]], [[183, 733]], [[183, 734]], [[183, 735]], [[183, 736]], [[184, 737]], [[184, 738]], [[184, 739]], [[185, 740]], [[185, 741]], [[184, 742]], [[183, 743]], [[182, 744]], [[181, 745]], [[181, 746]], [[180, 747]], [[179, 747]], [[178, 747]], [[177, 746]], [[176, 745]], [[175, 745]], [[174, 745]], [[173, 745]], [[172, 744]], [[171, 744]], [[170, 744]], [[169, 743]], [[168, 744]], [[167, 744]], [[166, 744]], [[165, 744]], [[164, 744]], [[163, 744]], [[162, 744]], [[161, 743]], [[160, 742]], [[159, 742]], [[158, 742]], [[157, 742]], [[156, 742]], [[155, 742]], [[154, 743]], [[153, 744]], [[153, 745]], [[153, 746]], [[153, 747]], [[153, 748]], [[154, 749]], [[154, 750]], [[153, 751]], [[153, 752]], [[153, 753]], [[154, 754]], [[154, 755]], [[154, 756]], [[154, 757]], [[154, 758]], [[154, 759]], [[153, 760]], [[153, 761]], [[153, 762]], [[153, 763]], [[153, 764]], [[153, 765]], [[153, 766]], [[153, 767]], [[153, 768]], [[153, 769]], [[154, 770]], [[155, 771]], [[155, 772]], [[156, 773]], [[156, 774]], [[157, 774]], [[158, 774]], [[159, 774]], [[160, 774]], [[161, 774]], [[162, 775]], [[163, 775]], [[164, 774]], [[165, 774]], [[166, 774]], [[167, 774]], [[168, 775]], [[169, 775]], [[170, 774]], [[171, 774]], [[172, 773]], [[173, 773]], [[174, 773]], [[175, 772]], [[176, 771]], [[177, 771]], [[178, 770]], [[179, 771]], [[179, 770]], [[180, 769]], [[181, 768]], [[182, 767]], [[183, 766]], [[184, 765]], [[185, 764]], [[186, 764]], [[187, 764]], [[188, 764]], [[189, 764]], [[190, 765]], [[191, 765]], [[192, 765]], [[193, 765]], [[194, 765]], [[195, 765]], [[196, 764]], [[197, 764]], [[198, 764]], [[199, 764]], [[200, 763]], [[201, 763]], [[202, 762]], [[203, 761]], [[204, 760]], [[204, 759]], [[204, 758]], [[204, 757]], [[204, 756]], [[204, 755]], [[203, 754]], [[202, 753]], [[202, 752]], [[201, 751]], [[200, 750]], [[200, 749]], [[200, 748]], [[199, 747]], [[198, 746]], [[197, 745]], [[197, 744]], [[196, 743]], [[195, 743]], [[194, 742]], [[193, 742]], [[192, 742]], [[191, 742]], [[190, 741]], [[190, 740]], [[189, 740]], [[188, 739]], [[188, 738]], [[187, 737]], [[187, 736]], [[186, 735]], [[186, 734]], [[186, 733]], [[185, 733]], [[184, 733]]]",[[]],[]
69,69,"[[[352, 711]], [[351, 712]], [[350, 713]], [[350, 714]], [[350, 715]], [[349, 716]], [[348, 716]], [[347, 717]], [[346, 717]], [[345, 717]], [[344, 718]], [[343, 718]], [[342, 718]], [[341, 718]], [[340, 718]], [[339, 718]], [[338, 718]], [[337, 717]], [[336, 717]], [[335, 717]], [[334, 718]], [[333, 718]], [[332, 718]], [[331, 719]], [[330, 719]], [[329, 720]], [[328, 720]], [[327, 720]], [[326, 720]], [[325, 720]], [[324, 721]], [[323, 721]], [[323, 722]], [[323, 723]], [[322, 724]], [[322, 725]], [[321, 726]], [[320, 726]], [[319, 726]], [[318, 725]], [[317, 726]], [[316, 727]], [[315, 727]], [[314, 727]], [[313, 727]], [[312, 728]], [[311, 728]], [[310, 728]], [[309, 728]], [[308, 728]], [[307, 729]], [[306, 729]], [[306, 730]], [[305, 731]], [[305, 732]], [[304, 733]], [[304, 734]], [[304, 735]], [[304, 736]], [[304, 737]], [[304, 738]], [[304, 739]], [[304, 740]], [[304, 741]], [[305, 742]], [[306, 743]], [[306, 744]], [[307, 745]], [[308, 746]], [[308, 747]], [[309, 748]], [[310, 748]], [[311, 749]], [[312, 750]], [[313, 751]], [[314, 752]], [[315, 753]], [[316, 754]], [[316, 755]], [[317, 756]], [[318, 757]], [[319, 757]], [[320, 757]], [[321, 758]], [[322, 758]], [[323, 758]], [[324, 759]], [[325, 759]], [[326, 760]], [[326, 761]], [[327, 762]], [[328, 763]], [[329, 764]], [[330, 764]], [[331, 765]], [[331, 766]], [[332, 767]], [[333, 768]], [[334, 769]], [[335, 770]], [[335, 771]], [[335, 772]], [[335, 773]], [[334, 774]], [[334, 775]], [[334, 776]], [[334, 777]], [[334, 778]], [[335, 779]], [[335, 780]], [[335, 781]], [[335, 782]], [[335, 783]], [[335, 784]], [[336, 785]], [[335, 786]], [[335, 787]], [[334, 788]], [[334, 789]], [[333, 790]], [[333, 791]], [[333, 792]], [[333, 793]], [[332, 794]], [[332, 795]], [[331, 796]], [[331, 797]], [[331, 798]], [[332, 799]], [[332, 800]], [[332, 801]], [[332, 802]], [[332, 803]], [[332, 804]], [[333, 805]], [[333, 806]], [[333, 807]], [[334, 807]], [[335, 808]], [[335, 809]], [[335, 810]], [[336, 811]], [[337, 812]], [[338, 812]], [[339, 812]], [[340, 813]], [[341, 814]], [[342, 814]], [[343, 814]], [[344, 814]], [[345, 815]], [[346, 815]], [[347, 814]], [[348, 814]], [[349, 814]], [[350, 814]], [[351, 814]], [[352, 813]], [[353, 812]], [[354, 811]], [[355, 811]], [[356, 811]], [[356, 810]], [[357, 809]], [[357, 808]], [[358, 807]], [[358, 806]], [[359, 805]], [[359, 804]], [[360, 803]], [[361, 802]], [[362, 803]], [[363, 802]], [[363, 801]], [[364, 800]], [[365, 799]], [[366, 798]], [[367, 797]], [[368, 797]], [[368, 796]], [[369, 795]], [[369, 794]], [[370, 793]], [[370, 792]], [[371, 791]], [[372, 791]], [[373, 790]], [[374, 789]], [[375, 789]], [[376, 789]], [[376, 788]], [[376, 787]], [[377, 786]], [[377, 785]], [[377, 784]], [[377, 783]], [[377, 782]], [[378, 781]], [[379, 781]], [[380, 781]], [[381, 782]], [[382, 783]], [[383, 783]], [[384, 783]], [[385, 783]], [[385, 782]], [[386, 781]], [[386, 780]], [[386, 779]], [[386, 778]], [[386, 777]], [[386, 776]], [[386, 775]], [[386, 774]], [[385, 773]], [[385, 772]], [[386, 771]], [[386, 770]], [[386, 769]], [[387, 768]], [[388, 767]], [[388, 766]], [[389, 765]], [[389, 764]], [[389, 763]], [[390, 762]], [[390, 761]], [[390, 760]], [[391, 759]], [[391, 758]], [[391, 757]], [[392, 756]], [[393, 755]], [[394, 754]], [[394, 753]], [[395, 752]], [[396, 751]], [[396, 750]], [[396, 749]], [[397, 748]], [[397, 747]], [[398, 746]], [[398, 745]], [[398, 744]], [[399, 743]], [[399, 742]], [[400, 741]], [[400, 740]], [[400, 739]], [[400, 738]], [[400, 737]], [[399, 736]], [[399, 735]], [[399, 734]], [[398, 733]], [[398, 732]], [[398, 731]], [[398, 730]], [[397, 729]], [[396, 729]], [[395, 728]], [[394, 728]], [[393, 728]], [[392, 727]], [[391, 727]], [[390, 726]], [[389, 726]], [[388, 726]], [[387, 726]], [[386, 727]], [[385, 727]], [[384, 726]], [[383, 725]], [[383, 724]], [[382, 723]], [[382, 722]], [[381, 721]], [[381, 720]], [[380, 719]], [[379, 718]], [[378, 717]], [[377, 716]], [[377, 715]], [[376, 715]], [[375, 715]], [[374, 714]], [[373, 714]], [[372, 714]], [[371, 714]], [[370, 713]], [[370, 712]], [[369, 712]], [[368, 712]], [[367, 711]], [[366, 711]], [[365, 711]], [[364, 711]], [[363, 711]], [[362, 711]], [[361, 711]], [[360, 711]], [[359, 711]], [[358, 711]], [[357, 711]], [[356, 711]], [[355, 711]], [[354, 711]], [[353, 711]]]",[[]],[]
70,70,"[[[646, 710]], [[645, 711]], [[645, 712]], [[644, 713]], [[643, 714]], [[643, 715]], [[643, 716]], [[642, 717]], [[642, 718]], [[642, 719]], [[642, 720]], [[642, 721]], [[641, 722]], [[640, 723]], [[639, 723]], [[638, 724]], [[637, 724]], [[636, 725]], [[635, 725]], [[634, 726]], [[633, 726]], [[632, 726]], [[631, 726]], [[630, 726]], [[629, 727]], [[628, 728]], [[627, 728]], [[626, 729]], [[625, 729]], [[624, 730]], [[623, 730]], [[622, 730]], [[621, 729]], [[620, 728]], [[619, 728]], [[618, 728]], [[617, 727]], [[616, 727]], [[615, 728]], [[614, 728]], [[614, 729]], [[614, 730]], [[613, 731]], [[613, 732]], [[613, 733]], [[613, 734]], [[613, 735]], [[613, 736]], [[613, 737]], [[613, 738]], [[613, 739]], [[613, 740]], [[613, 741]], [[614, 741]], [[615, 742]], [[615, 743]], [[616, 744]], [[616, 745]], [[617, 746]], [[617, 747]], [[618, 748]], [[618, 749]], [[618, 750]], [[618, 751]], [[618, 752]], [[619, 753]], [[619, 754]], [[619, 755]], [[619, 756]], [[618, 757]], [[617, 757]], [[616, 757]], [[615, 756]], [[615, 755]], [[615, 754]], [[615, 753]], [[615, 752]], [[615, 751]], [[615, 750]], [[614, 749]], [[614, 748]], [[613, 748]], [[612, 747]], [[611, 746]], [[610, 746]], [[609, 747]], [[608, 746]], [[607, 745]], [[606, 745]], [[605, 745]], [[604, 745]], [[603, 745]], [[602, 746]], [[601, 746]], [[600, 747]], [[599, 748]], [[598, 748]], [[597, 748]], [[596, 749]], [[595, 750]], [[594, 751]], [[593, 751]], [[592, 751]], [[591, 751]], [[590, 751]], [[589, 751]], [[588, 750]], [[587, 749]], [[586, 748]], [[585, 748]], [[584, 748]], [[583, 748]], [[582, 748]], [[581, 748]], [[580, 749]], [[579, 750]], [[578, 750]], [[577, 750]], [[576, 750]], [[575, 750]], [[574, 750]], [[573, 750]], [[572, 751]], [[571, 751]], [[570, 752]], [[570, 753]], [[570, 754]], [[569, 755]], [[569, 756]], [[569, 757]], [[569, 758]], [[568, 759]], [[568, 760]], [[567, 761]], [[567, 762]], [[566, 763]], [[566, 764]], [[566, 765]], [[566, 766]], [[566, 767]], [[566, 768]], [[566, 769]], [[567, 770]], [[568, 771]], [[569, 772]], [[569, 773]], [[569, 774]], [[569, 775]], [[568, 776]], [[567, 777]], [[566, 777]], [[565, 778]], [[565, 779]], [[565, 780]], [[566, 781]], [[566, 782]], [[567, 783]], [[568, 784]], [[568, 785]], [[568, 786]], [[569, 786]], [[570, 786]], [[571, 786]], [[572, 787]], [[572, 788]], [[573, 789]], [[573, 790]], [[573, 791]], [[573, 792]], [[574, 793]], [[575, 794]], [[575, 795]], [[576, 796]], [[576, 797]], [[576, 798]], [[577, 799]], [[577, 800]], [[577, 801]], [[578, 800]], [[579, 801]], [[580, 801]], [[581, 802]], [[582, 802]], [[583, 802]], [[584, 803]], [[585, 803]], [[586, 803]], [[587, 804]], [[587, 805]], [[588, 805]], [[589, 806]], [[590, 806]], [[591, 806]], [[592, 806]], [[593, 806]], [[594, 806]], [[595, 806]], [[596, 806]], [[597, 806]], [[598, 806]], [[599, 806]], [[600, 806]], [[601, 805]], [[602, 805]], [[603, 804]], [[604, 803]], [[605, 802]], [[606, 802]], [[607, 801]], [[608, 801]], [[609, 801]], [[610, 801]], [[611, 800]], [[612, 800]], [[613, 800]], [[614, 799]], [[615, 798]], [[616, 798]], [[617, 797]], [[618, 797]], [[619, 797]], [[620, 797]], [[621, 797]], [[622, 796]], [[623, 796]], [[624, 796]], [[624, 795]], [[625, 794]], [[625, 793]], [[626, 792]], [[627, 791]], [[627, 790]], [[627, 789]], [[628, 788]], [[628, 787]], [[628, 786]], [[629, 785]], [[629, 784]], [[630, 783]], [[630, 782]], [[630, 781]], [[631, 780]], [[631, 779]], [[631, 778]], [[632, 777]], [[632, 776]], [[632, 775]], [[632, 774]], [[632, 773]], [[632, 772]], [[632, 771]], [[632, 770]], [[631, 769]], [[631, 768]], [[630, 767]], [[630, 766]], [[630, 765]], [[630, 764]], [[630, 763]], [[630, 762]], [[629, 761]], [[629, 760]], [[629, 759]], [[629, 758]], [[628, 758]], [[627, 758]], [[626, 758]], [[625, 758]], [[624, 758]], [[623, 757]], [[622, 756]], [[622, 755]], [[623, 754]], [[624, 754]], [[625, 754]], [[625, 753]], [[626, 752]], [[627, 751]], [[628, 750]], [[629, 751]], [[630, 752]], [[631, 752]], [[632, 752]], [[633, 751]], [[634, 751]], [[635, 750]], [[636, 749]], [[637, 748]], [[638, 747]], [[639, 747]], [[640, 747]], [[641, 747]], [[642, 747]], [[643, 747]], [[644, 747]], [[645, 748]], [[646, 747]], [[647, 747]], [[648, 747]], [[649, 747]], [[650, 746]], [[651, 746]], [[652, 745]], [[653, 745]], [[654, 745]], [[655, 745]], [[656, 746]], [[657, 745]], [[658, 744]], [[659, 744]], [[660, 745]], [[661, 746]], [[662, 747]], [[662, 748]], [[663, 749]], [[663, 750]], [[663, 751]], [[664, 752]], [[665, 753]], [[666, 754]], [[667, 755]], [[667, 756]], [[666, 757]], [[666, 758]], [[665, 759]], [[664, 760]], [[664, 761]], [[663, 762]], [[662, 763]], [[661, 763]], [[660, 762]], [[660, 761]], [[659, 760]], [[658, 761]], [[658, 762]], [[657, 763]], [[656, 762]], [[655, 761]], [[654, 761]], [[653, 760]], [[652, 759]], [[651, 758]], [[650, 758]], [[649, 758]], [[648, 757]], [[647, 757]], [[646, 757]], [[645, 758]], [[644, 758]], [[643, 758]], [[642, 758]], [[641, 758]], [[641, 759]], [[640, 760]], [[639, 761]], [[638, 762]], [[638, 763]], [[637, 764]], [[636, 765]], [[636, 766]], [[635, 767]], [[636, 768]], [[636, 769]], [[636, 770]], [[636, 771]], [[636, 772]], [[636, 773]], [[637, 774]], [[637, 775]], [[638, 775]], [[639, 776]], [[640, 777]], [[640, 778]], [[640, 779]], [[639, 780]], [[638, 780]], [[637, 780]], [[636, 781]], [[635, 782]], [[634, 782]], [[633, 783]], [[633, 784]], [[632, 785]], [[632, 786]], [[632, 787]], [[632, 788]], [[632, 789]], [[632, 790]], [[632, 791]], [[632, 792]], [[632, 793]], [[632, 794]], [[633, 795]], [[633, 796]], [[634, 797]], [[635, 798]], [[636, 799]], [[637, 800]], [[638, 801]], [[639, 802]], [[640, 803]], [[641, 804]], [[642, 804]], [[643, 804]], [[644, 804]], [[645, 804]], [[646, 804]], [[647, 804]], [[648, 803]], [[649, 804]], [[650, 803]], [[651, 803]], [[652, 803]], [[653, 803]], [[654, 802]], [[655, 802]], [[656, 802]], [[657, 801]], [[658, 801]], [[659, 801]], [[660, 802]], [[660, 803]], [[660, 804]], [[660, 805]], [[661, 806]], [[661, 807]], [[662, 807]], [[663, 808]], [[662, 809]], [[662, 810]], [[662, 811]], [[662, 812]], [[663, 812]], [[664, 812]], [[665, 812]], [[666, 812]], [[667, 813]], [[668, 813]], [[669, 813]], [[670, 812]], [[671, 812]], [[672, 813]], [[673, 813]], [[674, 812]], [[675, 812]], [[676, 811]], [[677, 810]], [[678, 809]], [[679, 808]], [[680, 807]], [[681, 806]], [[682, 805]], [[683, 805]], [[684, 805]], [[684, 804]], [[685, 803]], [[686, 803]], [[687, 802]], [[687, 801]], [[687, 800]], [[687, 799]], [[687, 798]], [[687, 797]], [[688, 796]], [[689, 795]], [[689, 794]], [[690, 793]], [[691, 792]], [[692, 793]], [[692, 794]], [[692, 793]], [[693, 792]], [[694, 792]], [[694, 791]], [[695, 790]], [[695, 789]], [[694, 789]], [[693, 788]], [[692, 787]], [[691, 786]], [[692, 785]], [[692, 784]], [[692, 783]], [[692, 782]], [[692, 781]], [[692, 780]], [[692, 779]], [[693, 778]], [[693, 777]], [[693, 776]], [[693, 775]], [[693, 774]], [[692, 773]], [[692, 772]], [[691, 771]], [[690, 771]], [[689, 772]], [[688, 773]], [[687, 773]], [[686, 773]], [[685, 774]], [[684, 774]], [[683, 774]], [[682, 775]], [[681, 775]], [[680, 776]], [[679, 776]], [[678, 777]], [[677, 778]], [[676, 778]], [[675, 778]], [[674, 777]], [[673, 776]], [[673, 775]], [[673, 774]], [[673, 773]], [[673, 772]], [[673, 771]], [[674, 770]], [[674, 769]], [[674, 768]], [[674, 767]], [[674, 766]], [[675, 765]], [[675, 764]], [[675, 763]], [[676, 762]], [[676, 761]], [[676, 760]], [[676, 759]], [[676, 758]], [[676, 757]], [[676, 756]], [[677, 755]], [[677, 754]], [[677, 753]], [[678, 752]], [[678, 751]], [[678, 750]], [[678, 749]], [[678, 748]], [[678, 747]], [[678, 746]], [[678, 745]], [[677, 744]], [[677, 743]], [[677, 742]], [[677, 741]], [[678, 740]], [[677, 739]], [[677, 738]], [[676, 737]], [[675, 737]], [[674, 736]], [[673, 736]], [[672, 736]], [[671, 735]], [[670, 734]], [[669, 733]], [[668, 733]], [[667, 733]], [[666, 732]], [[665, 732]], [[664, 732]], [[663, 732]], [[662, 733]], [[661, 733]], [[660, 734]], [[659, 734]], [[658, 735]], [[657, 734]], [[656, 733]], [[656, 732]], [[656, 731]], [[656, 730]], [[656, 729]], [[656, 728]], [[657, 727]], [[656, 726]], [[656, 725]], [[656, 724]], [[656, 723]], [[656, 722]], [[655, 721]], [[655, 720]], [[654, 719]], [[654, 718]], [[653, 717]], [[653, 716]], [[653, 715]], [[653, 714]], [[652, 713]], [[652, 712]], [[652, 711]], [[651, 710]], [[650, 710]], [[649, 710]], [[648, 710]], [[647, 710]]]","[[], [[[570, 744], [569, 745], [568, 745], [568, 746], [569, 745], [570, 746], [571, 747], [572, 748], [571, 749], [570, 749], [569, 750], [570, 750], [571, 749], [572, 748], [573, 748], [574, 749], [575, 749], [576, 749], [577, 749], [578, 749], [579, 749], [578, 749], [577, 749], [576, 748], [575, 747], [574, 747], [573, 746], [572, 745], [571, 744]]], [[[569, 794], [569, 795], [569, 796], [570, 796], [571, 797], [571, 798], [571, 799], [572, 799], [573, 800], [574, 801], [575, 802], [576, 803], [577, 804], [578, 804], [579, 804], [578, 803], [577, 803], [576, 802], [575, 801], [575, 800], [575, 799], [575, 798], [574, 797], [573, 797], [572, 797], [571, 797], [570, 796], [570, 795]]], [[[674, 733], [674, 734], [675, 734], [676, 735], [677, 736], [678, 737], [678, 738], [679, 739], [680, 740], [681, 740], [682, 741], [683, 740], [683, 739], [684, 738], [685, 737], [686, 737], [687, 736], [688, 736], [688, 735], [687, 735], [686, 735], [685, 736], [684, 737], [683, 737], [682, 737], [681, 737], [680, 736], [680, 735], [680, 734], [679, 734], [678, 734], [677, 735], [676, 735], [675, 734], [675, 733]]], [[[671, 725], [671, 726], [670, 727], [669, 727], [668, 727], [667, 727], [666, 726], [665, 726], [665, 727], [665, 728], [664, 729], [663, 730], [662, 730], [662, 731], [663, 731], [663, 730], [664, 729], [665, 729], [666, 728], [667, 729], [667, 730], [667, 731], [668, 731], [669, 730], [670, 729], [671, 728], [672, 728], [673, 727], [672, 726], [672, 725]]], [[[653, 707], [652, 708], [651, 708], [650, 709], [651, 709], [652, 710], [653, 710], [654, 711], [654, 712], [654, 713], [654, 714], [654, 715], [654, 716], [654, 717], [655, 718], [655, 719], [656, 720], [656, 721], [656, 720], [656, 719], [656, 718], [656, 717], [657, 716], [657, 715], [657, 714], [656, 713], [656, 712], [655, 711], [654, 711], [653, 710], [653, 709], [653, 708]]]]","[[], 58, 59, 60, 61, 62]"
71,71,"[[[530, 704]], [[529, 705]], [[528, 706]], [[527, 706]], [[526, 706]], [[525, 707]], [[524, 708]], [[523, 709]], [[523, 710]], [[522, 711]], [[521, 712]], [[520, 712]], [[519, 712]], [[518, 712]], [[517, 712]], [[516, 712]], [[515, 713]], [[514, 713]], [[513, 713]], [[513, 714]], [[513, 715]], [[513, 716]], [[512, 717]], [[512, 718]], [[512, 719]], [[512, 720]], [[511, 721]], [[511, 722]], [[512, 723]], [[513, 724]], [[514, 724]], [[515, 725]], [[516, 725]], [[517, 724]], [[518, 724]], [[519, 724]], [[520, 723]], [[521, 722]], [[522, 722]], [[523, 721]], [[524, 721]], [[525, 720]], [[526, 720]], [[526, 719]], [[527, 718]], [[528, 717]], [[529, 717]], [[530, 716]], [[531, 715]], [[532, 715]], [[532, 714]], [[532, 713]], [[532, 712]], [[532, 711]], [[532, 710]], [[532, 709]], [[532, 708]], [[532, 707]], [[531, 706]], [[531, 705]], [[531, 704]]]",[[]],[]
72,72,"[[[458, 703]], [[457, 704]], [[456, 705]], [[455, 706]], [[455, 707]], [[454, 708]], [[454, 709]], [[454, 710]], [[454, 711]], [[454, 712]], [[455, 713]], [[456, 714]], [[456, 715]], [[457, 715]], [[458, 716]], [[459, 717]], [[459, 718]], [[460, 719]], [[461, 719]], [[462, 720]], [[463, 720]], [[464, 721]], [[465, 722]], [[466, 722]], [[467, 721]], [[468, 721]], [[469, 721]], [[470, 720]], [[471, 720]], [[472, 720]], [[473, 721]], [[474, 721]], [[475, 720]], [[476, 720]], [[477, 719]], [[478, 719]], [[478, 718]], [[477, 717]], [[477, 716]], [[476, 715]], [[476, 714]], [[476, 713]], [[475, 712]], [[474, 711]], [[473, 710]], [[472, 709]], [[471, 709]], [[470, 709]], [[469, 708]], [[468, 708]], [[467, 708]], [[466, 707]], [[466, 706]], [[465, 705]], [[464, 704]], [[463, 704]], [[462, 704]], [[461, 703]], [[460, 703]], [[459, 703]]]",[[]],[]
73,73,"[[[296, 700]], [[295, 701]], [[294, 701]], [[293, 702]], [[292, 703]], [[292, 704]], [[292, 705]], [[291, 706]], [[291, 707]], [[290, 708]], [[289, 708]], [[288, 709]], [[288, 710]], [[288, 711]], [[288, 712]], [[287, 713]], [[287, 714]], [[287, 715]], [[287, 716]], [[286, 717]], [[287, 718]], [[287, 719]], [[288, 720]], [[288, 721]], [[289, 722]], [[290, 723]], [[291, 723]], [[292, 723]], [[293, 724]], [[294, 724]], [[295, 723]], [[296, 722]], [[297, 722]], [[298, 722]], [[299, 722]], [[300, 721]], [[301, 721]], [[302, 721]], [[303, 720]], [[304, 720]], [[305, 720]], [[306, 720]], [[307, 719]], [[308, 720]], [[309, 720]], [[310, 720]], [[311, 719]], [[312, 718]], [[313, 717]], [[314, 716]], [[314, 715]], [[313, 714]], [[313, 713]], [[312, 712]], [[312, 711]], [[311, 710]], [[310, 709]], [[309, 708]], [[309, 707]], [[309, 706]], [[308, 705]], [[307, 704]], [[306, 703]], [[305, 702]], [[304, 701]], [[303, 701]], [[302, 700]], [[301, 700]], [[300, 700]], [[299, 700]], [[298, 700]], [[297, 700]]]",[[]],[]
74,74,"[[[770, 698]], [[769, 699]], [[768, 699]], [[767, 699]], [[766, 700]], [[765, 701]], [[764, 702]], [[763, 703]], [[762, 704]], [[761, 704]], [[760, 705]], [[759, 706]], [[758, 707]], [[757, 708]], [[757, 709]], [[756, 710]], [[756, 711]], [[755, 712]], [[754, 712]], [[754, 713]], [[753, 714]], [[753, 715]], [[753, 716]], [[753, 717]], [[753, 718]], [[753, 719]], [[754, 718]], [[755, 718]], [[756, 718]], [[757, 717]], [[758, 716]], [[759, 716]], [[760, 715]], [[761, 715]], [[762, 714]], [[763, 714]], [[764, 713]], [[765, 713]], [[766, 712]], [[767, 711]], [[768, 711]], [[768, 710]], [[769, 709]], [[770, 709]], [[770, 708]], [[770, 707]], [[771, 706]], [[772, 706]], [[772, 705]], [[772, 704]], [[772, 703]], [[772, 702]], [[772, 701]], [[772, 700]], [[772, 699]], [[771, 698]]]","[[], [[[776, 696], [776, 697], [776, 698], [776, 699], [776, 700], [777, 701], [777, 702], [776, 703], [775, 703], [774, 703], [773, 704], [773, 705], [774, 705], [775, 705], [776, 706], [777, 706], [778, 705], [778, 704], [778, 703], [778, 702], [778, 701], [777, 701], [776, 700], [777, 699], [777, 698], [778, 697], [779, 697], [778, 697], [777, 697]]]]","[[], 63]"
75,75,"[[[502, 694]], [[501, 695]], [[500, 696]], [[499, 697]], [[498, 698]], [[497, 699]], [[496, 699]], [[495, 698]], [[494, 698]], [[493, 698]], [[492, 697]], [[491, 697]], [[490, 697]], [[489, 697]], [[488, 697]], [[487, 697]], [[486, 697]], [[485, 698]], [[485, 699]], [[485, 700]], [[485, 701]], [[484, 702]], [[484, 703]], [[483, 704]], [[482, 704]], [[481, 705]], [[481, 706]], [[480, 707]], [[481, 708]], [[481, 709]], [[481, 710]], [[482, 711]], [[483, 712]], [[484, 713]], [[484, 714]], [[484, 715]], [[484, 716]], [[484, 717]], [[485, 717]], [[486, 716]], [[487, 717]], [[487, 718]], [[488, 719]], [[489, 718]], [[490, 718]], [[491, 718]], [[492, 718]], [[493, 717]], [[494, 716]], [[495, 716]], [[496, 716]], [[497, 717]], [[498, 717]], [[499, 717]], [[500, 717]], [[501, 716]], [[502, 715]], [[502, 714]], [[503, 713]], [[503, 712]], [[504, 711]], [[504, 710]], [[504, 709]], [[504, 708]], [[504, 707]], [[505, 706]], [[506, 706]], [[506, 705]], [[507, 704]], [[507, 703]], [[507, 702]], [[506, 701]], [[506, 700]], [[506, 699]], [[506, 698]], [[506, 697]], [[506, 696]], [[506, 695]], [[505, 694]], [[504, 694]], [[503, 694]]]",[[]],[]
76,76,"[[[163, 688]], [[162, 689]], [[161, 689]], [[161, 690]], [[160, 691]], [[160, 692]], [[159, 693]], [[158, 694]], [[158, 695]], [[158, 696]], [[158, 697]], [[158, 698]], [[158, 699]], [[157, 700]], [[157, 701]], [[156, 702]], [[156, 703]], [[157, 703]], [[158, 704]], [[159, 705]], [[160, 705]], [[161, 705]], [[162, 706]], [[163, 706]], [[164, 706]], [[165, 706]], [[166, 706]], [[167, 705]], [[168, 704]], [[169, 704]], [[170, 703]], [[170, 702]], [[171, 701]], [[172, 700]], [[172, 699]], [[173, 698]], [[173, 697]], [[174, 696]], [[174, 695]], [[173, 694]], [[172, 694]], [[171, 693]], [[170, 692]], [[170, 691]], [[170, 690]], [[169, 690]], [[168, 690]], [[167, 689]], [[166, 689]], [[165, 689]], [[164, 688]]]",[[]],[]
77,77,"[[[576, 687]], [[575, 688]], [[574, 688]], [[573, 688]], [[572, 689]], [[571, 690]], [[570, 691]], [[569, 691]], [[568, 692]], [[567, 692]], [[566, 693]], [[565, 694]], [[564, 694]], [[564, 695]], [[564, 696]], [[564, 697]], [[563, 698]], [[563, 699]], [[562, 700]], [[561, 701]], [[561, 702]], [[560, 703]], [[560, 704]], [[560, 705]], [[559, 706]], [[559, 707]], [[559, 708]], [[558, 709]], [[558, 710]], [[558, 711]], [[558, 712]], [[557, 713]], [[558, 714]], [[558, 715]], [[557, 716]], [[557, 717]], [[557, 718]], [[557, 719]], [[557, 720]], [[558, 721]], [[558, 722]], [[558, 723]], [[559, 724]], [[560, 724]], [[561, 724]], [[562, 724]], [[563, 724]], [[564, 724]], [[565, 724]], [[566, 724]], [[567, 724]], [[567, 723]], [[568, 722]], [[569, 722]], [[570, 721]], [[571, 720]], [[572, 720]], [[573, 720]], [[574, 721]], [[575, 721]], [[576, 721]], [[577, 722]], [[578, 722]], [[579, 721]], [[580, 722]], [[581, 721]], [[582, 720]], [[583, 720]], [[584, 720]], [[585, 721]], [[586, 721]], [[587, 721]], [[588, 721]], [[589, 721]], [[590, 720]], [[591, 721]], [[592, 721]], [[593, 721]], [[594, 720]], [[595, 719]], [[595, 718]], [[595, 717]], [[595, 716]], [[596, 715]], [[596, 714]], [[596, 713]], [[596, 712]], [[597, 711]], [[596, 710]], [[597, 709]], [[597, 708]], [[596, 707]], [[596, 706]], [[595, 705]], [[594, 704]], [[594, 703]], [[594, 702]], [[594, 701]], [[594, 700]], [[594, 699]], [[594, 698]], [[594, 697]], [[593, 696]], [[593, 695]], [[593, 694]], [[592, 693]], [[591, 692]], [[590, 691]], [[589, 690]], [[588, 689]], [[587, 689]], [[586, 688]], [[585, 688]], [[584, 687]], [[583, 687]], [[582, 687]], [[581, 687]], [[580, 687]], [[579, 687]], [[578, 687]], [[577, 687]]]",[[]],[]
78,78,"[[[380, 684]], [[379, 685]], [[379, 686]], [[378, 687]], [[378, 688]], [[378, 689]], [[379, 690]], [[380, 691]], [[381, 692]], [[381, 693]], [[380, 694]], [[379, 695]], [[378, 696]], [[377, 696]], [[377, 697]], [[376, 698]], [[377, 699]], [[377, 700]], [[377, 701]], [[377, 702]], [[378, 702]], [[379, 703]], [[380, 704]], [[381, 704]], [[382, 704]], [[383, 704]], [[384, 705]], [[385, 705]], [[386, 705]], [[387, 705]], [[388, 705]], [[389, 704]], [[390, 703]], [[390, 702]], [[391, 701]], [[391, 700]], [[391, 699]], [[391, 698]], [[390, 697]], [[390, 696]], [[389, 695]], [[388, 694]], [[387, 694]], [[386, 694]], [[385, 693]], [[384, 692]], [[383, 691]], [[383, 690]], [[383, 689]], [[383, 688]], [[383, 687]], [[383, 686]], [[382, 685]], [[382, 684]], [[381, 684]]]",[[]],[]
79,79,"[[[231, 684]], [[230, 685]], [[229, 686]], [[228, 687]], [[228, 688]], [[228, 689]], [[227, 690]], [[227, 691]], [[226, 692]], [[225, 693]], [[224, 694]], [[223, 695]], [[222, 696]], [[222, 697]], [[221, 698]], [[221, 699]], [[220, 700]], [[219, 701]], [[218, 702]], [[218, 703]], [[217, 704]], [[217, 705]], [[217, 706]], [[217, 707]], [[217, 708]], [[217, 709]], [[217, 710]], [[218, 711]], [[218, 712]], [[218, 713]], [[218, 714]], [[217, 715]], [[217, 716]], [[217, 717]], [[217, 718]], [[218, 719]], [[219, 720]], [[220, 720]], [[221, 721]], [[222, 721]], [[223, 721]], [[224, 720]], [[225, 720]], [[226, 720]], [[227, 719]], [[228, 718]], [[229, 717]], [[230, 716]], [[231, 716]], [[232, 715]], [[233, 714]], [[234, 714]], [[235, 715]], [[235, 716]], [[236, 716]], [[237, 715]], [[238, 715]], [[239, 714]], [[240, 713]], [[241, 712]], [[242, 711]], [[243, 710]], [[244, 709]], [[245, 708]], [[246, 708]], [[247, 708]], [[248, 709]], [[249, 709]], [[250, 709]], [[251, 708]], [[251, 707]], [[251, 706]], [[252, 705]], [[252, 704]], [[252, 703]], [[252, 702]], [[252, 701]], [[253, 700]], [[253, 699]], [[253, 698]], [[253, 697]], [[253, 696]], [[253, 695]], [[253, 694]], [[252, 693]], [[251, 692]], [[250, 692]], [[249, 692]], [[248, 693]], [[247, 694]], [[246, 694]], [[245, 694]], [[244, 695]], [[243, 694]], [[243, 693]], [[243, 692]], [[242, 691]], [[242, 690]], [[242, 689]], [[242, 688]], [[241, 687]], [[240, 686]], [[239, 685]], [[238, 684]], [[237, 684]], [[236, 684]], [[235, 684]], [[234, 684]], [[233, 684]], [[232, 684]]]",[[]],[]
80,80,"[[[626, 681]], [[626, 682]], [[626, 683]], [[626, 684]], [[626, 685]], [[625, 686]], [[625, 687]], [[625, 688]], [[624, 689]], [[624, 690]], [[624, 691]], [[624, 692]], [[624, 693]], [[624, 694]], [[625, 695]], [[625, 696]], [[625, 697]], [[625, 698]], [[626, 699]], [[627, 700]], [[628, 701]], [[628, 702]], [[628, 703]], [[628, 704]], [[629, 705]], [[629, 706]], [[630, 707]], [[631, 708]], [[632, 708]], [[633, 709]], [[634, 709]], [[635, 709]], [[636, 709]], [[637, 709]], [[638, 709]], [[639, 709]], [[640, 709]], [[641, 708]], [[641, 707]], [[641, 706]], [[642, 705]], [[642, 704]], [[642, 703]], [[642, 702]], [[641, 701]], [[641, 700]], [[641, 699]], [[641, 698]], [[640, 697]], [[640, 696]], [[639, 695]], [[639, 694]], [[639, 693]], [[638, 692]], [[638, 691]], [[638, 690]], [[637, 689]], [[636, 688]], [[636, 687]], [[636, 686]], [[635, 685]], [[634, 684]], [[633, 683]], [[633, 682]], [[632, 681]], [[631, 681]], [[630, 681]], [[629, 681]], [[628, 681]], [[627, 681]]]","[[], [[[648, 688], [647, 689], [646, 689], [645, 690], [645, 691], [645, 692], [644, 693], [644, 694], [644, 695], [643, 696], [642, 697], [642, 698], [642, 699], [642, 700], [642, 701], [643, 702], [643, 703], [643, 704], [644, 704], [644, 703], [645, 702], [646, 701], [647, 700], [648, 699], [649, 700], [650, 701], [650, 700], [649, 700], [648, 699], [648, 698], [648, 697], [648, 696], [648, 695], [648, 694], [648, 693], [648, 692], [649, 691], [650, 690], [650, 689], [649, 688]]]]","[[], 64]"
81,81,"[[[132, 675]], [[131, 676]], [[130, 677]], [[130, 678]], [[129, 679]], [[129, 680]], [[129, 681]], [[130, 682]], [[130, 683]], [[130, 684]], [[131, 685]], [[131, 686]], [[132, 686]], [[133, 687]], [[134, 688]], [[135, 688]], [[136, 688]], [[137, 687]], [[138, 686]], [[139, 685]], [[140, 684]], [[140, 683]], [[140, 682]], [[140, 681]], [[140, 680]], [[139, 679]], [[138, 678]], [[137, 677]], [[136, 677]], [[135, 676]], [[134, 675]], [[133, 675]]]",[[]],[]
82,82,"[[[732, 668]], [[731, 669]], [[730, 670]], [[730, 671]], [[729, 672]], [[728, 673]], [[727, 674]], [[727, 675]], [[727, 676]], [[727, 677]], [[727, 678]], [[727, 679]], [[728, 680]], [[728, 681]], [[729, 682]], [[729, 683]], [[729, 684]], [[730, 685]], [[730, 686]], [[731, 686]], [[732, 687]], [[732, 688]], [[733, 689]], [[733, 690]], [[734, 691]], [[735, 691]], [[736, 691]], [[737, 692]], [[738, 692]], [[739, 692]], [[740, 692]], [[741, 692]], [[742, 692]], [[743, 691]], [[744, 690]], [[745, 690]], [[746, 690]], [[747, 689]], [[748, 688]], [[749, 687]], [[750, 687]], [[751, 686]], [[751, 685]], [[752, 684]], [[753, 683]], [[753, 682]], [[753, 681]], [[753, 680]], [[753, 679]], [[752, 679]], [[751, 678]], [[751, 677]], [[750, 676]], [[749, 675]], [[748, 674]], [[747, 674]], [[746, 673]], [[746, 672]], [[745, 671]], [[744, 670]], [[743, 670]], [[742, 669]], [[741, 669]], [[740, 669]], [[739, 669]], [[738, 669]], [[737, 669]], [[736, 669]], [[735, 669]], [[734, 668]], [[733, 668]]]",[[]],[]
83,83,"[[[351, 663]], [[350, 664]], [[349, 664]], [[349, 665]], [[349, 666]], [[349, 667]], [[349, 668]], [[348, 669]], [[348, 670]], [[348, 671]], [[348, 672]], [[348, 673]], [[347, 674]], [[347, 675]], [[347, 676]], [[348, 676]], [[349, 676]], [[350, 676]], [[351, 676]], [[352, 676]], [[353, 675]], [[354, 675]], [[355, 674]], [[356, 673]], [[357, 672]], [[357, 671]], [[357, 670]], [[357, 669]], [[356, 669]], [[355, 669]], [[354, 668]], [[354, 667]], [[354, 666]], [[353, 665]], [[353, 664]], [[352, 664]]]",[[]],[]
84,84,"[[[308, 656]], [[308, 657]], [[307, 658]], [[307, 659]], [[306, 660]], [[305, 660]], [[304, 661]], [[304, 662]], [[304, 663]], [[304, 664]], [[304, 665]], [[304, 666]], [[303, 667]], [[302, 668]], [[301, 668]], [[300, 669]], [[299, 669]], [[298, 669]], [[297, 670]], [[296, 670]], [[295, 671]], [[294, 672]], [[293, 673]], [[292, 674]], [[291, 674]], [[290, 675]], [[289, 675]], [[288, 676]], [[287, 676]], [[286, 675]], [[285, 675]], [[284, 675]], [[283, 674]], [[282, 674]], [[281, 674]], [[280, 675]], [[279, 675]], [[278, 676]], [[277, 676]], [[277, 677]], [[276, 678]], [[275, 678]], [[274, 679]], [[273, 679]], [[272, 680]], [[272, 681]], [[272, 682]], [[272, 683]], [[272, 684]], [[272, 685]], [[272, 686]], [[272, 687]], [[272, 688]], [[272, 689]], [[273, 690]], [[274, 690]], [[275, 691]], [[276, 691]], [[277, 692]], [[277, 693]], [[278, 693]], [[279, 693]], [[280, 693]], [[281, 694]], [[282, 695]], [[283, 695]], [[284, 694]], [[285, 694]], [[286, 694]], [[287, 695]], [[287, 694]], [[288, 693]], [[288, 692]], [[289, 691]], [[290, 691]], [[291, 690]], [[291, 689]], [[291, 688]], [[291, 687]], [[291, 686]], [[292, 685]], [[293, 685]], [[294, 685]], [[295, 686]], [[296, 687]], [[296, 688]], [[297, 689]], [[298, 689]], [[299, 689]], [[300, 688]], [[301, 688]], [[302, 688]], [[303, 687]], [[304, 687]], [[305, 686]], [[306, 686]], [[307, 685]], [[308, 684]], [[309, 683]], [[309, 682]], [[309, 681]], [[309, 680]], [[309, 679]], [[309, 678]], [[309, 677]], [[309, 676]], [[308, 675]], [[308, 674]], [[309, 673]], [[310, 672]], [[310, 671]], [[311, 670]], [[310, 669]], [[311, 668]], [[312, 668]], [[313, 668]], [[312, 667]], [[313, 666]], [[314, 666]], [[315, 666]], [[316, 665]], [[317, 665]], [[316, 664]], [[315, 664]], [[314, 664]], [[313, 664]], [[312, 664]], [[311, 663]], [[311, 662]], [[312, 661]], [[312, 660]], [[311, 659]], [[311, 658]], [[311, 657]], [[311, 656]], [[310, 656]], [[309, 656]]]",[[]],[]
85,85,"[[[786, 640]], [[785, 641]], [[784, 641]], [[783, 641]], [[782, 642]], [[781, 642]], [[780, 642]], [[779, 643]], [[778, 643]], [[777, 643]], [[776, 643]], [[776, 644]], [[775, 645]], [[775, 646]], [[775, 647]], [[774, 648]], [[774, 649]], [[773, 650]], [[772, 649]], [[772, 650]], [[772, 651]], [[772, 652]], [[772, 653]], [[772, 654]], [[773, 655]], [[774, 656]], [[774, 657]], [[774, 658]], [[774, 659]], [[774, 660]], [[775, 661]], [[775, 662]], [[775, 663]], [[775, 664]], [[775, 665]], [[775, 666]], [[775, 667]], [[775, 668]], [[775, 669]], [[775, 670]], [[775, 671]], [[775, 672]], [[775, 673]], [[776, 674]], [[777, 675]], [[778, 676]], [[778, 677]], [[778, 678]], [[779, 679]], [[779, 680]], [[779, 681]], [[780, 682]], [[780, 683]], [[780, 684]], [[780, 685]], [[780, 686]], [[781, 687]], [[782, 688]], [[782, 689]], [[782, 690]], [[783, 691]], [[783, 692]], [[784, 693]], [[784, 694]], [[785, 694]], [[786, 694]], [[787, 695]], [[788, 695]], [[789, 695]], [[790, 696]], [[791, 696]], [[792, 696]], [[793, 697]], [[793, 698]], [[793, 699]], [[793, 700]], [[794, 700]], [[795, 700]], [[795, 699]], [[796, 698]], [[797, 697]], [[798, 697]], [[799, 697]], [[800, 698]], [[801, 698]], [[802, 699]], [[803, 699]], [[804, 700]], [[805, 700]], [[806, 700]], [[807, 701]], [[807, 702]], [[807, 703]], [[807, 704]], [[806, 705]], [[805, 706]], [[804, 706]], [[803, 706]], [[802, 706]], [[801, 707]], [[800, 708]], [[799, 708]], [[798, 708]], [[797, 709]], [[796, 710]], [[796, 711]], [[796, 712]], [[797, 713]], [[797, 714]], [[797, 715]], [[797, 716]], [[798, 716]], [[799, 716]], [[800, 716]], [[801, 716]], [[802, 716]], [[803, 717]], [[804, 717]], [[805, 717]], [[806, 718]], [[807, 717]], [[808, 718]], [[809, 717]], [[810, 717]], [[811, 718]], [[812, 718]], [[813, 719]], [[814, 719]], [[815, 719]], [[816, 719]], [[817, 720]], [[818, 720]], [[819, 720]], [[820, 720]], [[821, 720]], [[822, 720]], [[823, 720]], [[823, 719]], [[824, 718]], [[824, 717]], [[825, 716]], [[825, 715]], [[825, 714]], [[825, 713]], [[825, 712]], [[825, 711]], [[826, 710]], [[826, 709]], [[826, 708]], [[825, 707]], [[824, 706]], [[824, 705]], [[823, 705]], [[822, 704]], [[821, 704]], [[820, 704]], [[819, 703]], [[818, 703]], [[817, 702]], [[816, 701]], [[817, 700]], [[818, 699]], [[819, 698]], [[820, 697]], [[821, 696]], [[822, 696]], [[823, 695]], [[824, 694]], [[824, 693]], [[825, 692]], [[826, 692]], [[827, 691]], [[827, 690]], [[827, 689]], [[827, 688]], [[827, 687]], [[827, 686]], [[827, 685]], [[827, 684]], [[827, 683]], [[826, 682]], [[826, 681]], [[825, 680]], [[824, 679]], [[824, 678]], [[824, 677]], [[823, 676]], [[823, 675]], [[822, 674]], [[822, 673]], [[821, 672]], [[820, 671]], [[819, 670]], [[818, 670]], [[817, 669]], [[816, 668]], [[815, 668]], [[814, 667]], [[813, 666]], [[813, 665]], [[812, 664]], [[811, 663]], [[811, 662]], [[810, 661]], [[810, 660]], [[810, 659]], [[809, 658]], [[809, 657]], [[809, 656]], [[808, 655]], [[808, 654]], [[808, 653]], [[807, 652]], [[806, 651]], [[806, 650]], [[806, 649]], [[805, 648]], [[805, 647]], [[804, 646]], [[804, 645]], [[803, 644]], [[803, 643]], [[802, 642]], [[802, 641]], [[801, 641]], [[800, 641]], [[799, 641]], [[798, 641]], [[797, 641]], [[796, 641]], [[795, 641]], [[794, 640]], [[793, 640]], [[792, 640]], [[791, 640]], [[790, 640]], [[789, 640]], [[788, 640]], [[787, 640]]]",[[]],[]
86,86,"[[[548, 629]], [[547, 630]], [[546, 630]], [[545, 630]], [[544, 631]], [[543, 632]], [[542, 632]], [[542, 633]], [[541, 634]], [[540, 635]], [[540, 636]], [[540, 637]], [[540, 638]], [[540, 639]], [[540, 640]], [[540, 641]], [[540, 642]], [[541, 643]], [[541, 644]], [[542, 645]], [[543, 645]], [[544, 645]], [[545, 645]], [[546, 646]], [[547, 646]], [[548, 646]], [[549, 647]], [[549, 648]], [[548, 649]], [[547, 649]], [[546, 649]], [[545, 650]], [[544, 650]], [[543, 651]], [[542, 651]], [[542, 652]], [[541, 653]], [[540, 654]], [[539, 655]], [[538, 656]], [[537, 657]], [[536, 658]], [[535, 659]], [[534, 659]], [[533, 660]], [[532, 661]], [[532, 662]], [[532, 663]], [[532, 664]], [[533, 665]], [[533, 666]], [[534, 667]], [[534, 668]], [[534, 669]], [[534, 670]], [[535, 671]], [[534, 672]], [[534, 673]], [[534, 674]], [[534, 675]], [[535, 675]], [[536, 674]], [[537, 674]], [[537, 673]], [[538, 672]], [[539, 671]], [[540, 670]], [[541, 670]], [[542, 670]], [[543, 670]], [[544, 671]], [[545, 671]], [[546, 671]], [[547, 671]], [[548, 671]], [[549, 671]], [[550, 672]], [[551, 672]], [[552, 671]], [[553, 671]], [[554, 671]], [[555, 671]], [[556, 671]], [[557, 672]], [[558, 673]], [[559, 673]], [[560, 673]], [[561, 674]], [[562, 673]], [[563, 673]], [[563, 672]], [[564, 671]], [[564, 670]], [[564, 669]], [[565, 668]], [[566, 667]], [[566, 666]], [[567, 665]], [[568, 664]], [[569, 663]], [[570, 662]], [[570, 661]], [[570, 660]], [[571, 659]], [[571, 658]], [[571, 657]], [[571, 656]], [[570, 655]], [[570, 654]], [[570, 653]], [[570, 652]], [[569, 651]], [[569, 650]], [[568, 649]], [[567, 648]], [[567, 647]], [[566, 647]], [[565, 647]], [[564, 646]], [[563, 646]], [[562, 647]], [[561, 647]], [[560, 646]], [[559, 646]], [[558, 646]], [[557, 646]], [[556, 646]], [[555, 646]], [[554, 645]], [[555, 644]], [[556, 644]], [[557, 644]], [[558, 644]], [[558, 643]], [[559, 642]], [[560, 642]], [[560, 641]], [[560, 640]], [[560, 639]], [[560, 638]], [[560, 637]], [[560, 636]], [[560, 635]], [[560, 634]], [[559, 633]], [[558, 632]], [[557, 631]], [[556, 630]], [[555, 630]], [[554, 630]], [[553, 629]], [[552, 629]], [[551, 629]], [[550, 629]], [[549, 629]]]",[[]],[]
87,87,"[[[729, 618]], [[728, 619]], [[727, 619]], [[726, 620]], [[725, 621]], [[724, 622]], [[723, 623]], [[722, 624]], [[721, 625]], [[720, 626]], [[719, 626]], [[718, 627]], [[717, 628]], [[717, 629]], [[716, 630]], [[716, 631]], [[715, 632]], [[715, 633]], [[715, 634]], [[715, 635]], [[715, 636]], [[715, 637]], [[715, 638]], [[715, 639]], [[716, 640]], [[716, 641]], [[716, 642]], [[716, 643]], [[717, 644]], [[717, 645]], [[718, 646]], [[718, 647]], [[718, 648]], [[718, 649]], [[719, 650]], [[719, 651]], [[720, 652]], [[720, 653]], [[720, 654]], [[721, 655]], [[721, 656]], [[722, 657]], [[723, 658]], [[723, 659]], [[724, 660]], [[725, 660]], [[726, 660]], [[727, 660]], [[728, 660]], [[729, 661]], [[730, 662]], [[731, 663]], [[732, 663]], [[733, 664]], [[734, 664]], [[735, 664]], [[736, 665]], [[737, 665]], [[738, 665]], [[739, 664]], [[740, 664]], [[741, 663]], [[742, 662]], [[743, 662]], [[744, 661]], [[745, 660]], [[746, 659]], [[747, 660]], [[748, 661]], [[749, 661]], [[750, 661]], [[751, 661]], [[752, 660]], [[753, 661]], [[754, 660]], [[755, 660]], [[756, 659]], [[757, 658]], [[757, 657]], [[758, 656]], [[758, 655]], [[758, 654]], [[759, 653]], [[759, 652]], [[759, 651]], [[759, 650]], [[759, 649]], [[759, 648]], [[760, 647]], [[760, 646]], [[760, 645]], [[760, 644]], [[759, 643]], [[759, 642]], [[759, 641]], [[758, 640]], [[758, 639]], [[757, 638]], [[756, 637]], [[756, 636]], [[755, 635]], [[754, 634]], [[753, 633]], [[753, 632]], [[752, 631]], [[752, 630]], [[751, 629]], [[751, 628]], [[750, 628]], [[749, 627]], [[749, 626]], [[748, 625]], [[747, 624]], [[747, 623]], [[746, 622]], [[746, 621]], [[745, 620]], [[745, 619]], [[744, 618]], [[743, 618]], [[742, 618]], [[741, 619]], [[740, 620]], [[739, 620]], [[738, 619]], [[737, 619]], [[736, 619]], [[735, 618]], [[734, 618]], [[733, 618]], [[732, 618]], [[731, 618]], [[730, 618]]]",[[]],[]
88,88,"[[[541, 607]], [[540, 608]], [[539, 608]], [[538, 608]], [[537, 609]], [[536, 609]], [[535, 609]], [[534, 610]], [[533, 609]], [[532, 609]], [[531, 609]], [[530, 610]], [[530, 611]], [[529, 612]], [[529, 613]], [[528, 614]], [[528, 615]], [[528, 616]], [[528, 617]], [[527, 618]], [[527, 619]], [[527, 620]], [[527, 621]], [[526, 622]], [[526, 623]], [[526, 624]], [[526, 625]], [[526, 626]], [[526, 627]], [[526, 628]], [[527, 628]], [[528, 628]], [[529, 628]], [[530, 629]], [[531, 630]], [[531, 631]], [[532, 632]], [[533, 633]], [[534, 633]], [[535, 633]], [[536, 634]], [[537, 633]], [[538, 633]], [[538, 632]], [[538, 631]], [[539, 630]], [[539, 629]], [[539, 628]], [[540, 627]], [[540, 626]], [[541, 625]], [[541, 624]], [[542, 623]], [[542, 622]], [[543, 621]], [[544, 621]], [[545, 620]], [[546, 620]], [[547, 619]], [[547, 618]], [[548, 617]], [[548, 616]], [[549, 615]], [[549, 614]], [[548, 613]], [[548, 612]], [[547, 611]], [[547, 610]], [[546, 609]], [[545, 608]], [[544, 608]], [[543, 607]], [[542, 607]]]",[[]],[]
89,89,"[[[460, 595]], [[459, 596]], [[459, 597]], [[458, 598]], [[457, 599]], [[457, 600]], [[457, 601]], [[457, 602]], [[457, 603]], [[456, 604]], [[455, 605]], [[455, 606]], [[456, 607]], [[455, 608]], [[454, 609]], [[454, 610]], [[453, 611]], [[453, 612]], [[453, 613]], [[452, 614]], [[452, 615]], [[452, 616]], [[453, 617]], [[454, 618]], [[455, 619]], [[455, 620]], [[456, 620]], [[457, 620]], [[458, 620]], [[459, 621]], [[460, 620]], [[461, 620]], [[462, 620]], [[463, 619]], [[463, 618]], [[464, 617]], [[464, 616]], [[464, 615]], [[464, 614]], [[465, 613]], [[465, 612]], [[465, 611]], [[465, 610]], [[466, 609]], [[466, 608]], [[466, 607]], [[466, 606]], [[466, 605]], [[467, 604]], [[467, 603]], [[467, 602]], [[467, 601]], [[467, 600]], [[466, 599]], [[465, 599]], [[464, 599]], [[463, 598]], [[462, 597]], [[461, 596]]]",[[]],[]
90,90,"[[[390, 589]], [[389, 590]], [[388, 590]], [[388, 591]], [[388, 592]], [[387, 593]], [[386, 594]], [[385, 595]], [[384, 596]], [[383, 597]], [[383, 598]], [[382, 599]], [[381, 600]], [[381, 601]], [[382, 602]], [[382, 603]], [[383, 604]], [[383, 605]], [[384, 606]], [[385, 606]], [[386, 606]], [[387, 607]], [[388, 608]], [[388, 609]], [[389, 610]], [[389, 611]], [[390, 612]], [[390, 613]], [[390, 614]], [[390, 615]], [[390, 616]], [[390, 617]], [[390, 618]], [[391, 619]], [[391, 620]], [[392, 620]], [[393, 620]], [[394, 620]], [[395, 620]], [[396, 621]], [[397, 620]], [[397, 619]], [[398, 618]], [[399, 617]], [[400, 616]], [[401, 616]], [[401, 615]], [[401, 614]], [[401, 613]], [[401, 612]], [[401, 611]], [[401, 610]], [[401, 609]], [[400, 609]], [[399, 609]], [[398, 608]], [[399, 607]], [[399, 606]], [[400, 605]], [[401, 606]], [[402, 606]], [[402, 605]], [[403, 604]], [[404, 604]], [[405, 603]], [[406, 603]], [[406, 602]], [[406, 601]], [[407, 600]], [[408, 599]], [[409, 599]], [[410, 599]], [[411, 599]], [[412, 600]], [[413, 600]], [[414, 601]], [[415, 601]], [[416, 602]], [[416, 601]], [[416, 600]], [[417, 599]], [[417, 598]], [[416, 597]], [[416, 596]], [[415, 595]], [[415, 594]], [[414, 593]], [[413, 592]], [[412, 592]], [[411, 592]], [[410, 592]], [[409, 592]], [[408, 592]], [[407, 592]], [[406, 591]], [[405, 591]], [[404, 590]], [[403, 590]], [[402, 590]], [[401, 590]], [[400, 590]], [[399, 590]], [[398, 590]], [[397, 589]], [[396, 590]], [[395, 590]], [[394, 590]], [[393, 589]], [[392, 589]], [[391, 589]]]","[[[[388, 578], [389, 579], [389, 580], [390, 581], [390, 582], [391, 583], [391, 584], [391, 585], [391, 586], [390, 587], [389, 587], [389, 588], [390, 588], [391, 588], [391, 587], [391, 586], [392, 585], [393, 585], [394, 584], [395, 584], [396, 585], [396, 586], [395, 587], [395, 588], [396, 588], [397, 588], [398, 588], [399, 589], [399, 588], [398, 587], [398, 586], [398, 585], [397, 584], [396, 583], [397, 582], [396, 582], [395, 582], [394, 582], [393, 583], [392, 583], [391, 583], [390, 582], [390, 581], [390, 580], [390, 579], [390, 578], [389, 578]]], []]","[65, []]"
91,91,"[[[775, 581]], [[774, 582]], [[773, 582]], [[772, 582]], [[771, 582]], [[770, 582]], [[769, 583]], [[768, 583]], [[767, 584]], [[766, 585]], [[766, 586]], [[766, 587]], [[765, 588]], [[765, 589]], [[765, 590]], [[764, 591]], [[764, 592]], [[764, 593]], [[763, 594]], [[763, 595]], [[763, 596]], [[762, 597]], [[762, 598]], [[762, 599]], [[763, 600]], [[763, 601]], [[763, 602]], [[764, 603]], [[765, 603]], [[766, 603]], [[767, 604]], [[767, 605]], [[768, 606]], [[769, 607]], [[769, 608]], [[769, 609]], [[770, 610]], [[770, 611]], [[770, 612]], [[771, 612]], [[772, 613]], [[773, 613]], [[774, 613]], [[775, 614]], [[776, 615]], [[777, 616]], [[778, 616]], [[779, 616]], [[780, 616]], [[781, 616]], [[782, 616]], [[783, 616]], [[784, 616]], [[785, 616]], [[786, 616]], [[787, 615]], [[788, 615]], [[789, 615]], [[790, 615]], [[791, 615]], [[792, 615]], [[793, 615]], [[794, 615]], [[795, 614]], [[795, 613]], [[796, 612]], [[796, 611]], [[796, 610]], [[796, 609]], [[796, 608]], [[797, 607]], [[798, 606]], [[798, 605]], [[798, 604]], [[798, 603]], [[797, 602]], [[796, 602]], [[795, 601]], [[795, 600]], [[795, 599]], [[794, 598]], [[793, 597]], [[792, 596]], [[792, 595]], [[791, 594]], [[791, 593]], [[790, 592]], [[789, 592]], [[788, 591]], [[787, 591]], [[786, 591]], [[785, 591]], [[784, 590]], [[783, 589]], [[782, 588]], [[782, 587]], [[782, 586]], [[781, 585]], [[780, 584]], [[779, 583]], [[779, 582]], [[778, 582]], [[777, 582]], [[776, 582]]]",[[]],[]
92,92,"[[[183, 579]], [[182, 580]], [[181, 580]], [[180, 581]], [[179, 581]], [[178, 581]], [[177, 582]], [[176, 583]], [[175, 584]], [[174, 585]], [[174, 586]], [[174, 587]], [[174, 588]], [[174, 589]], [[174, 590]], [[174, 591]], [[174, 592]], [[173, 593]], [[172, 594]], [[171, 595]], [[170, 595]], [[169, 596]], [[168, 596]], [[167, 597]], [[166, 598]], [[165, 598]], [[165, 599]], [[164, 600]], [[163, 601]], [[162, 602]], [[162, 603]], [[162, 604]], [[161, 605]], [[160, 606]], [[160, 607]], [[160, 608]], [[160, 609]], [[160, 610]], [[160, 611]], [[159, 612]], [[159, 613]], [[159, 614]], [[159, 615]], [[159, 616]], [[159, 617]], [[160, 618]], [[160, 619]], [[160, 620]], [[160, 621]], [[160, 622]], [[160, 623]], [[160, 624]], [[160, 625]], [[159, 626]], [[158, 625]], [[157, 624]], [[156, 623]], [[156, 622]], [[155, 622]], [[154, 621]], [[154, 620]], [[153, 619]], [[152, 618]], [[151, 618]], [[150, 618]], [[149, 618]], [[148, 617]], [[147, 617]], [[146, 616]], [[145, 616]], [[144, 615]], [[143, 614]], [[142, 613]], [[142, 612]], [[141, 612]], [[140, 611]], [[139, 610]], [[138, 609]], [[137, 609]], [[136, 608]], [[135, 607]], [[135, 606]], [[134, 605]], [[134, 604]], [[133, 603]], [[132, 602]], [[132, 601]], [[131, 600]], [[131, 599]], [[130, 598]], [[129, 597]], [[129, 596]], [[128, 595]], [[127, 594]], [[126, 593]], [[126, 592]], [[125, 591]], [[125, 590]], [[124, 589]], [[124, 588]], [[123, 587]], [[123, 586]], [[123, 585]], [[122, 585]], [[121, 584]], [[120, 584]], [[119, 583]], [[118, 582]], [[117, 582]], [[116, 582]], [[115, 582]], [[114, 583]], [[113, 584]], [[113, 585]], [[112, 586]], [[111, 587]], [[110, 588]], [[110, 589]], [[109, 590]], [[108, 591]], [[108, 592]], [[108, 593]], [[107, 594]], [[107, 595]], [[106, 596]], [[106, 597]], [[105, 598]], [[105, 599]], [[104, 600]], [[103, 601]], [[102, 602]], [[101, 602]], [[101, 603]], [[100, 604]], [[99, 605]], [[99, 606]], [[98, 607]], [[98, 608]], [[97, 609]], [[96, 610]], [[95, 611]], [[95, 612]], [[95, 613]], [[95, 614]], [[96, 615]], [[97, 616]], [[97, 617]], [[98, 618]], [[98, 619]], [[98, 620]], [[99, 621]], [[99, 622]], [[99, 623]], [[99, 624]], [[99, 625]], [[100, 626]], [[100, 627]], [[100, 628]], [[100, 629]], [[100, 630]], [[100, 631]], [[100, 632]], [[100, 633]], [[100, 634]], [[101, 635]], [[101, 636]], [[101, 637]], [[101, 638]], [[102, 639]], [[102, 640]], [[102, 641]], [[102, 642]], [[103, 643]], [[103, 644]], [[103, 645]], [[103, 646]], [[103, 647]], [[104, 648]], [[104, 649]], [[105, 650]], [[105, 651]], [[106, 652]], [[107, 653]], [[108, 654]], [[109, 655]], [[110, 656]], [[111, 657]], [[112, 658]], [[113, 659]], [[114, 660]], [[115, 660]], [[116, 660]], [[117, 659]], [[118, 660]], [[119, 659]], [[120, 659]], [[121, 659]], [[122, 658]], [[123, 658]], [[124, 657]], [[125, 656]], [[126, 655]], [[127, 655]], [[128, 654]], [[129, 654]], [[130, 653]], [[131, 653]], [[132, 653]], [[133, 654]], [[134, 654]], [[135, 654]], [[136, 654]], [[137, 654]], [[138, 655]], [[139, 654]], [[140, 654]], [[141, 654]], [[142, 653]], [[142, 652]], [[143, 651]], [[143, 650]], [[144, 649]], [[144, 648]], [[145, 647]], [[145, 646]], [[146, 645]], [[147, 644]], [[148, 643]], [[149, 642]], [[150, 641]], [[150, 640]], [[151, 639]], [[151, 638]], [[152, 637]], [[152, 636]], [[153, 635]], [[153, 634]], [[154, 633]], [[154, 632]], [[155, 631]], [[155, 630]], [[156, 629]], [[156, 628]], [[157, 627]], [[157, 626]], [[158, 625]], [[159, 626]], [[160, 625]], [[161, 626]], [[161, 627]], [[162, 628]], [[163, 629]], [[164, 630]], [[165, 630]], [[166, 631]], [[167, 632]], [[168, 632]], [[169, 633]], [[170, 634]], [[171, 635]], [[172, 635]], [[173, 635]], [[174, 636]], [[173, 637]], [[172, 637]], [[171, 638]], [[170, 638]], [[169, 639]], [[168, 640]], [[167, 641]], [[166, 642]], [[165, 642]], [[164, 643]], [[163, 643]], [[162, 644]], [[161, 645]], [[160, 645]], [[159, 646]], [[158, 646]], [[158, 647]], [[158, 648]], [[157, 649]], [[156, 649]], [[156, 650]], [[155, 651]], [[155, 652]], [[154, 653]], [[154, 654]], [[154, 655]], [[154, 656]], [[154, 657]], [[154, 658]], [[154, 659]], [[154, 660]], [[154, 661]], [[155, 662]], [[156, 663]], [[156, 664]], [[156, 665]], [[157, 666]], [[158, 667]], [[158, 668]], [[158, 669]], [[159, 670]], [[159, 671]], [[160, 671]], [[161, 672]], [[162, 672]], [[163, 672]], [[164, 672]], [[165, 672]], [[166, 672]], [[167, 673]], [[168, 673]], [[169, 674]], [[170, 674]], [[171, 674]], [[172, 674]], [[173, 674]], [[174, 674]], [[174, 673]], [[175, 672]], [[176, 671]], [[177, 670]], [[178, 670]], [[179, 670]], [[180, 670]], [[181, 669]], [[182, 669]], [[183, 668]], [[184, 668]], [[185, 667]], [[186, 667]], [[186, 666]], [[187, 665]], [[187, 664]], [[188, 663]], [[188, 662]], [[188, 661]], [[189, 660]], [[189, 659]], [[190, 658]], [[191, 657]], [[192, 656]], [[193, 656]], [[193, 655]], [[193, 654]], [[194, 653]], [[194, 652]], [[195, 651]], [[195, 650]], [[194, 649]], [[194, 648]], [[194, 647]], [[194, 646]], [[194, 645]], [[193, 644]], [[192, 644]], [[191, 644]], [[190, 644]], [[189, 643]], [[189, 642]], [[188, 642]], [[187, 641]], [[188, 640]], [[189, 639]], [[190, 638]], [[191, 637]], [[192, 636]], [[192, 635]], [[193, 634]], [[194, 633]], [[195, 632]], [[195, 631]], [[196, 630]], [[196, 629]], [[197, 628]], [[198, 627]], [[198, 626]], [[199, 625]], [[199, 624]], [[199, 623]], [[199, 622]], [[199, 621]], [[199, 620]], [[198, 619]], [[198, 618]], [[198, 617]], [[198, 616]], [[198, 615]], [[198, 614]], [[198, 613]], [[198, 612]], [[198, 611]], [[198, 610]], [[199, 609]], [[199, 608]], [[200, 607]], [[200, 606]], [[201, 605]], [[202, 604]], [[202, 603]], [[203, 602]], [[204, 601]], [[205, 600]], [[206, 599]], [[206, 598]], [[207, 597]], [[207, 596]], [[208, 595]], [[208, 594]], [[208, 593]], [[209, 592]], [[209, 591]], [[209, 590]], [[209, 589]], [[208, 588]], [[207, 587]], [[206, 586]], [[206, 585]], [[206, 584]], [[205, 583]], [[204, 583]], [[203, 583]], [[202, 583]], [[201, 583]], [[200, 582]], [[199, 583]], [[198, 582]], [[197, 582]], [[196, 581]], [[195, 581]], [[194, 580]], [[193, 580]], [[192, 580]], [[191, 580]], [[190, 580]], [[189, 579]], [[188, 579]], [[187, 579]], [[186, 579]], [[185, 579]], [[184, 579]]]","[[[[175, 567], [174, 568], [174, 569], [175, 570], [175, 571], [175, 572], [176, 572], [177, 572], [178, 573], [179, 574], [179, 575], [180, 576], [180, 577], [180, 578], [179, 579], [178, 579], [177, 579], [176, 579], [175, 579], [174, 579], [174, 580], [174, 581], [174, 582], [173, 583], [174, 583], [174, 582], [175, 581], [176, 580], [177, 580], [178, 579], [179, 579], [180, 578], [181, 578], [182, 578], [183, 578], [184, 578], [184, 577], [184, 576], [184, 575], [184, 574], [184, 573], [183, 574], [182, 574], [181, 573], [180, 572], [180, 571], [179, 570], [179, 569], [178, 568], [177, 568], [176, 568]]], [], [[[167, 634], [168, 635], [168, 636], [168, 637], [167, 638], [166, 639], [165, 640], [164, 641], [163, 641], [162, 642], [163, 642], [164, 641], [165, 640], [166, 640], [166, 639], [167, 638], [168, 637], [169, 636], [170, 637], [171, 637], [172, 636], [173, 636], [174, 635], [175, 634], [174, 635], [173, 636], [172, 636], [171, 636], [170, 635], [169, 634], [168, 634]]], [[[200, 622], [201, 623], [201, 624], [200, 625], [199, 626], [199, 627], [198, 628], [197, 629], [197, 630], [197, 631], [198, 630], [199, 630], [200, 630], [201, 630], [202, 630], [203, 631], [204, 632], [204, 633], [204, 634], [204, 635], [203, 636], [202, 637], [203, 636], [204, 636], [205, 635], [205, 634], [205, 633], [205, 632], [205, 631], [205, 630], [205, 629], [204, 628], [204, 627], [204, 626], [204, 625], [204, 624], [204, 623], [203, 623], [202, 623], [201, 622]]]]","[66, [], 67, 68]"
93,93,"[[[654, 572]], [[653, 573]], [[653, 574]], [[653, 575]], [[653, 576]], [[653, 577]], [[653, 578]], [[653, 579]], [[653, 580]], [[653, 581]], [[654, 582]], [[654, 583]], [[654, 584]], [[655, 585]], [[655, 586]], [[656, 587]], [[657, 588]], [[658, 589]], [[659, 589]], [[660, 589]], [[661, 589]], [[662, 588]], [[663, 588]], [[664, 588]], [[664, 587]], [[665, 586]], [[665, 585]], [[665, 584]], [[665, 583]], [[665, 582]], [[664, 581]], [[664, 580]], [[664, 579]], [[664, 578]], [[664, 577]], [[663, 576]], [[663, 575]], [[662, 574]], [[661, 573]], [[661, 572]], [[660, 572]], [[659, 572]], [[658, 572]], [[657, 572]], [[656, 572]], [[655, 572]]]","[[], [[[655, 587], [655, 588], [655, 589], [655, 590], [654, 591], [654, 592], [655, 593], [654, 594], [654, 595], [654, 596], [655, 597], [655, 596], [656, 595], [657, 594], [658, 593], [659, 592], [659, 591], [660, 590], [661, 591], [662, 591], [663, 590], [664, 589], [663, 589], [662, 589], [661, 590], [660, 590], [659, 590], [658, 590], [657, 589], [656, 588]]]]","[[], 69]"
94,94,"[[[584, 571]], [[583, 572]], [[582, 572]], [[581, 572]], [[580, 572]], [[579, 573]], [[578, 573]], [[577, 574]], [[577, 575]], [[576, 576]], [[575, 577]], [[574, 577]], [[573, 578]], [[572, 579]], [[572, 580]], [[572, 581]], [[571, 582]], [[571, 583]], [[570, 584]], [[570, 585]], [[569, 586]], [[569, 587]], [[568, 588]], [[567, 589]], [[566, 590]], [[565, 590]], [[564, 590]], [[563, 590]], [[562, 590]], [[561, 591]], [[560, 591]], [[559, 592]], [[558, 592]], [[557, 592]], [[556, 593]], [[555, 594]], [[555, 595]], [[555, 596]], [[555, 597]], [[555, 598]], [[555, 599]], [[555, 600]], [[556, 601]], [[556, 602]], [[556, 603]], [[557, 604]], [[557, 605]], [[557, 606]], [[558, 607]], [[558, 608]], [[559, 609]], [[559, 610]], [[559, 611]], [[559, 612]], [[559, 613]], [[560, 614]], [[560, 615]], [[560, 616]], [[560, 617]], [[560, 618]], [[560, 619]], [[560, 620]], [[561, 621]], [[562, 622]], [[563, 622]], [[564, 622]], [[565, 622]], [[566, 622]], [[567, 622]], [[568, 622]], [[569, 622]], [[570, 621]], [[570, 620]], [[571, 619]], [[572, 619]], [[573, 619]], [[574, 619]], [[575, 620]], [[576, 620]], [[577, 620]], [[578, 621]], [[579, 621]], [[580, 621]], [[581, 621]], [[582, 621]], [[583, 621]], [[584, 621]], [[585, 620]], [[586, 620]], [[587, 620]], [[588, 621]], [[588, 622]], [[588, 623]], [[587, 624]], [[586, 625]], [[586, 626]], [[585, 627]], [[585, 628]], [[585, 629]], [[585, 630]], [[585, 631]], [[585, 632]], [[585, 633]], [[584, 634]], [[584, 635]], [[584, 636]], [[584, 637]], [[585, 638]], [[585, 639]], [[586, 640]], [[587, 641]], [[587, 642]], [[587, 643]], [[588, 644]], [[589, 644]], [[590, 644]], [[591, 645]], [[592, 645]], [[592, 644]], [[593, 643]], [[594, 643]], [[595, 644]], [[596, 644]], [[597, 644]], [[598, 644]], [[599, 644]], [[600, 644]], [[601, 644]], [[602, 643]], [[603, 642]], [[604, 642]], [[605, 641]], [[606, 642]], [[607, 641]], [[608, 641]], [[608, 640]], [[609, 639]], [[610, 639]], [[611, 639]], [[612, 638]], [[613, 638]], [[614, 637]], [[615, 637]], [[616, 636]], [[617, 636]], [[618, 635]], [[619, 634]], [[620, 633]], [[621, 632]], [[622, 631]], [[623, 631]], [[623, 630]], [[623, 629]], [[623, 628]], [[623, 627]], [[623, 626]], [[624, 625]], [[624, 624]], [[624, 623]], [[624, 622]], [[624, 621]], [[624, 620]], [[624, 619]], [[623, 618]], [[623, 617]], [[623, 616]], [[623, 615]], [[623, 614]], [[623, 613]], [[624, 612]], [[624, 611]], [[624, 610]], [[624, 609]], [[624, 608]], [[624, 607]], [[624, 606]], [[623, 605]], [[623, 606]], [[623, 607]], [[622, 608]], [[622, 609]], [[622, 610]], [[621, 611]], [[620, 611]], [[619, 610]], [[618, 609]], [[617, 609]], [[616, 608]], [[615, 608]], [[614, 609]], [[613, 610]], [[612, 610]], [[611, 610]], [[610, 611]], [[609, 611]], [[608, 611]], [[607, 611]], [[606, 611]], [[605, 612]], [[604, 613]], [[603, 614]], [[602, 614]], [[601, 614]], [[600, 614]], [[599, 614]], [[598, 615]], [[598, 616]], [[597, 617]], [[596, 617]], [[595, 617]], [[594, 616]], [[594, 615]], [[594, 614]], [[595, 613]], [[595, 612]], [[596, 611]], [[596, 610]], [[597, 609]], [[597, 608]], [[598, 607]], [[598, 606]], [[599, 605]], [[600, 605]], [[600, 604]], [[600, 603]], [[600, 602]], [[601, 601]], [[602, 600]], [[602, 599]], [[603, 598]], [[603, 597]], [[604, 596]], [[604, 595]], [[604, 594]], [[604, 593]], [[604, 592]], [[604, 591]], [[604, 590]], [[604, 589]], [[604, 588]], [[604, 587]], [[604, 586]], [[604, 585]], [[603, 584]], [[602, 583]], [[602, 582]], [[601, 582]], [[600, 582]], [[599, 581]], [[598, 580]], [[597, 580]], [[596, 579]], [[595, 578]], [[594, 577]], [[593, 577]], [[592, 576]], [[591, 576]], [[590, 575]], [[590, 574]], [[589, 573]], [[588, 573]], [[587, 573]], [[586, 572]], [[585, 571]]]","[[], [[[593, 644], [593, 645], [593, 646], [593, 647], [594, 648], [594, 649], [594, 650], [593, 651], [592, 652], [591, 653], [590, 653], [590, 654], [590, 655], [589, 656], [588, 656], [587, 656], [586, 655], [586, 654], [587, 653], [586, 653], [585, 654], [584, 655], [583, 656], [582, 656], [581, 657], [580, 657], [581, 657], [582, 658], [583, 658], [584, 658], [585, 659], [585, 660], [584, 661], [583, 661], [582, 662], [583, 663], [583, 664], [583, 665], [583, 666], [584, 667], [584, 668], [584, 669], [583, 670], [582, 671], [581, 671], [582, 671], [583, 671], [584, 671], [584, 670], [585, 669], [585, 668], [584, 667], [584, 666], [583, 665], [583, 664], [583, 663], [583, 662], [584, 661], [585, 661], [586, 660], [587, 660], [588, 659], [589, 658], [590, 658], [590, 657], [590, 656], [591, 655], [591, 654], [592, 653], [593, 652], [594, 651], [594, 650], [595, 649], [595, 648], [596, 647], [595, 646], [595, 645], [594, 644]]]]","[[], 70]"
95,95,"[[[649, 553]], [[648, 554]], [[647, 554]], [[646, 554]], [[645, 554]], [[644, 554]], [[643, 554]], [[642, 555]], [[641, 555]], [[640, 555]], [[639, 555]], [[638, 555]], [[637, 556]], [[636, 556]], [[635, 556]], [[634, 557]], [[633, 558]], [[633, 559]], [[633, 560]], [[632, 561]], [[632, 562]], [[632, 563]], [[632, 564]], [[633, 565]], [[633, 566]], [[633, 567]], [[634, 567]], [[635, 567]], [[636, 567]], [[637, 566]], [[638, 566]], [[639, 566]], [[640, 565]], [[641, 565]], [[642, 565]], [[643, 565]], [[644, 565]], [[645, 565]], [[646, 565]], [[646, 564]], [[647, 563]], [[648, 562]], [[648, 561]], [[649, 560]], [[650, 559]], [[650, 558]], [[650, 557]], [[650, 556]], [[650, 555]], [[651, 554]], [[651, 553]], [[650, 553]]]","[[[[639, 547], [638, 548], [637, 548], [637, 549], [638, 550], [639, 551], [639, 552], [639, 553], [639, 554], [640, 554], [641, 554], [642, 553], [643, 553], [644, 553], [645, 553], [646, 553], [647, 552], [648, 552], [649, 552], [650, 551], [651, 551], [650, 551], [649, 551], [648, 551], [647, 551], [646, 552], [645, 553], [644, 553], [643, 553], [642, 553], [641, 552], [640, 551], [640, 550], [640, 549], [640, 548]]], [], [[[657, 545], [656, 546], [656, 547], [656, 548], [656, 549], [655, 550], [654, 551], [653, 552], [653, 553], [653, 554], [652, 555], [652, 556], [652, 557], [651, 558], [652, 559], [652, 560], [653, 561], [653, 562], [653, 563], [654, 564], [655, 563], [655, 562], [656, 561], [657, 561], [658, 561], [659, 561], [659, 560], [658, 559], [657, 558], [657, 557], [656, 556], [656, 555], [656, 554], [656, 553], [657, 552], [658, 552], [659, 551], [660, 550], [660, 549], [660, 548], [660, 547], [659, 546], [659, 545], [658, 545]]]]","[71, [], 72]"
96,96,"[[[326, 550]], [[325, 551]], [[324, 552]], [[323, 552]], [[322, 553]], [[321, 553]], [[320, 554]], [[320, 555]], [[320, 556]], [[319, 557]], [[319, 558]], [[319, 559]], [[319, 560]], [[319, 561]], [[320, 562]], [[320, 563]], [[320, 564]], [[319, 565]], [[319, 566]], [[319, 567]], [[319, 568]], [[319, 569]], [[320, 570]], [[319, 571]], [[319, 572]], [[320, 572]], [[321, 573]], [[322, 573]], [[323, 573]], [[324, 574]], [[325, 574]], [[326, 575]], [[327, 575]], [[328, 574]], [[329, 574]], [[330, 574]], [[331, 573]], [[332, 572]], [[333, 571]], [[334, 570]], [[335, 569]], [[336, 570]], [[336, 571]], [[335, 572]], [[335, 573]], [[334, 574]], [[334, 575]], [[333, 576]], [[333, 577]], [[332, 578]], [[332, 579]], [[331, 580]], [[330, 581]], [[329, 581]], [[328, 581]], [[327, 580]], [[326, 580]], [[325, 580]], [[324, 580]], [[323, 580]], [[322, 580]], [[321, 580]], [[320, 579]], [[319, 579]], [[318, 579]], [[317, 580]], [[316, 580]], [[315, 581]], [[315, 582]], [[315, 583]], [[314, 584]], [[314, 585]], [[314, 586]], [[315, 587]], [[315, 588]], [[315, 589]], [[315, 590]], [[315, 591]], [[316, 592]], [[317, 593]], [[318, 593]], [[319, 594]], [[320, 594]], [[321, 595]], [[322, 596]], [[322, 597]], [[323, 598]], [[324, 599]], [[324, 600]], [[323, 601]], [[323, 602]], [[322, 603]], [[321, 604]], [[321, 605]], [[321, 606]], [[321, 607]], [[320, 608]], [[321, 609]], [[321, 610]], [[320, 611]], [[319, 612]], [[318, 612]], [[317, 612]], [[316, 611]], [[315, 611]], [[314, 610]], [[313, 611]], [[312, 612]], [[311, 612]], [[310, 613]], [[309, 613]], [[308, 614]], [[308, 615]], [[308, 616]], [[308, 617]], [[308, 618]], [[308, 619]], [[308, 620]], [[308, 621]], [[308, 622]], [[309, 623]], [[310, 624]], [[310, 625]], [[311, 625]], [[312, 626]], [[313, 627]], [[314, 627]], [[315, 627]], [[316, 628]], [[317, 628]], [[318, 628]], [[319, 628]], [[320, 627]], [[321, 627]], [[321, 626]], [[321, 625]], [[321, 624]], [[321, 623]], [[321, 622]], [[321, 621]], [[321, 620]], [[321, 619]], [[321, 618]], [[322, 617]], [[323, 618]], [[324, 619]], [[324, 620]], [[325, 621]], [[326, 622]], [[326, 623]], [[327, 623]], [[328, 624]], [[329, 624]], [[330, 625]], [[331, 625]], [[332, 625]], [[333, 626]], [[334, 625]], [[335, 625]], [[336, 625]], [[337, 625]], [[338, 624]], [[339, 625]], [[340, 624]], [[341, 625]], [[341, 624]], [[341, 623]], [[342, 622]], [[342, 621]], [[342, 620]], [[343, 619]], [[343, 618]], [[343, 617]], [[343, 616]], [[344, 615]], [[345, 614]], [[345, 613]], [[346, 612]], [[346, 611]], [[345, 610]], [[344, 609]], [[343, 608]], [[342, 607]], [[341, 607]], [[340, 607]], [[339, 606]], [[338, 606]], [[337, 605]], [[336, 605]], [[335, 604]], [[334, 603]], [[334, 602]], [[333, 601]], [[333, 600]], [[332, 599]], [[333, 598]], [[334, 597]], [[335, 597]], [[335, 596]], [[336, 595]], [[336, 594]], [[337, 593]], [[338, 593]], [[339, 594]], [[340, 593]], [[341, 593]], [[342, 593]], [[343, 593]], [[344, 593]], [[345, 592]], [[345, 591]], [[346, 590]], [[346, 589]], [[347, 588]], [[347, 587]], [[347, 586]], [[347, 585]], [[348, 584]], [[348, 583]], [[348, 582]], [[347, 581]], [[347, 580]], [[348, 579]], [[348, 578]], [[348, 577]], [[348, 576]], [[348, 575]], [[348, 574]], [[348, 573]], [[348, 572]], [[347, 572]], [[346, 571]], [[345, 570]], [[345, 569]], [[344, 569]], [[343, 568]], [[342, 568]], [[341, 568]], [[340, 569]], [[339, 569]], [[338, 570]], [[337, 570]], [[336, 570]], [[335, 569]], [[336, 568]], [[336, 567]], [[337, 566]], [[338, 565]], [[339, 564]], [[339, 563]], [[339, 562]], [[339, 561]], [[339, 560]], [[338, 559]], [[338, 558]], [[337, 557]], [[337, 556]], [[336, 555]], [[336, 554]], [[335, 553]], [[334, 552]], [[333, 552]], [[332, 551]], [[331, 551]], [[330, 551]], [[329, 551]], [[328, 551]], [[327, 550]]]",[[]],[]
97,97,"[[[205, 537]], [[204, 538]], [[203, 538]], [[202, 538]], [[201, 538]], [[200, 539]], [[200, 540]], [[199, 541]], [[199, 542]], [[199, 543]], [[199, 544]], [[199, 545]], [[200, 546]], [[200, 547]], [[200, 548]], [[200, 549]], [[201, 550]], [[201, 551]], [[202, 552]], [[202, 553]], [[203, 553]], [[204, 554]], [[204, 555]], [[204, 556]], [[204, 557]], [[205, 558]], [[206, 559]], [[207, 560]], [[207, 561]], [[208, 562]], [[209, 562]], [[210, 562]], [[211, 562]], [[212, 562]], [[213, 563]], [[214, 563]], [[215, 563]], [[216, 562]], [[217, 561]], [[218, 561]], [[219, 562]], [[219, 563]], [[220, 564]], [[220, 565]], [[220, 566]], [[220, 567]], [[219, 568]], [[219, 569]], [[219, 570]], [[218, 571]], [[218, 572]], [[218, 573]], [[218, 574]], [[218, 575]], [[217, 576]], [[217, 577]], [[216, 578]], [[215, 578]], [[215, 579]], [[215, 580]], [[215, 581]], [[214, 582]], [[214, 583]], [[213, 584]], [[213, 585]], [[212, 586]], [[212, 587]], [[213, 588]], [[213, 589]], [[213, 590]], [[213, 591]], [[213, 592]], [[213, 593]], [[213, 594]], [[213, 595]], [[214, 595]], [[215, 596]], [[216, 597]], [[217, 598]], [[218, 599]], [[218, 600]], [[219, 601]], [[220, 602]], [[220, 603]], [[221, 604]], [[222, 605]], [[223, 605]], [[224, 605]], [[225, 605]], [[226, 606]], [[227, 606]], [[228, 606]], [[229, 606]], [[230, 605]], [[231, 606]], [[232, 606]], [[233, 606]], [[234, 607]], [[235, 607]], [[236, 608]], [[237, 607]], [[238, 607]], [[239, 607]], [[240, 608]], [[241, 609]], [[242, 609]], [[243, 609]], [[244, 610]], [[245, 609]], [[246, 609]], [[247, 609]], [[248, 609]], [[249, 608]], [[250, 607]], [[251, 607]], [[252, 606]], [[253, 605]], [[254, 604]], [[254, 603]], [[254, 602]], [[254, 601]], [[255, 600]], [[255, 599]], [[255, 598]], [[255, 597]], [[254, 596]], [[254, 595]], [[254, 594]], [[253, 593]], [[253, 592]], [[252, 591]], [[252, 590]], [[252, 589]], [[252, 588]], [[252, 587]], [[252, 586]], [[252, 585]], [[252, 584]], [[252, 583]], [[253, 582]], [[253, 581]], [[253, 580]], [[253, 579]], [[254, 578]], [[254, 577]], [[254, 576]], [[255, 575]], [[255, 574]], [[256, 573]], [[257, 572]], [[258, 572]], [[258, 571]], [[258, 570]], [[259, 569]], [[259, 568]], [[260, 567]], [[260, 566]], [[259, 565]], [[259, 564]], [[259, 563]], [[259, 562]], [[259, 561]], [[258, 560]], [[258, 559]], [[258, 558]], [[257, 558]], [[256, 557]], [[255, 557]], [[254, 557]], [[253, 557]], [[252, 557]], [[251, 556]], [[250, 556]], [[249, 556]], [[248, 555]], [[247, 555]], [[246, 555]], [[245, 555]], [[244, 554]], [[243, 554]], [[242, 554]], [[241, 553]], [[240, 553]], [[239, 553]], [[238, 553]], [[237, 553]], [[236, 553]], [[235, 553]], [[234, 552]], [[233, 552]], [[232, 552]], [[231, 552]], [[230, 552]], [[229, 552]], [[228, 552]], [[227, 553]], [[226, 553]], [[225, 554]], [[224, 553]], [[223, 553]], [[222, 552]], [[221, 551]], [[220, 550]], [[220, 549]], [[220, 548]], [[219, 547]], [[218, 546]], [[218, 545]], [[217, 544]], [[217, 543]], [[216, 542]], [[215, 541]], [[214, 541]], [[213, 540]], [[212, 539]], [[212, 538]], [[211, 538]], [[210, 538]], [[209, 538]], [[208, 538]], [[207, 537]], [[206, 537]]]","[[], [[[230, 606], [230, 607], [231, 608], [232, 608], [233, 609], [234, 610], [235, 611], [236, 611], [237, 612], [237, 613], [238, 613], [239, 613], [240, 613], [241, 613], [242, 612], [243, 612], [243, 611], [242, 611], [241, 611], [240, 611], [239, 611], [238, 611], [237, 611], [236, 610], [235, 609], [235, 608], [234, 608], [233, 607], [232, 607], [231, 607]]], [[[254, 579], [254, 580], [254, 581], [254, 582], [253, 583], [253, 584], [253, 585], [253, 586], [253, 587], [253, 588], [253, 589], [253, 590], [253, 591], [254, 592], [254, 593], [255, 593], [255, 592], [255, 591], [256, 590], [257, 591], [258, 591], [259, 591], [259, 590], [260, 589], [261, 588], [261, 587], [260, 586], [259, 585], [258, 584], [257, 583], [256, 582], [255, 581], [255, 580]]]]","[[], 73, 74]"
98,98,"[[[438, 534]], [[437, 535]], [[436, 536]], [[435, 536]], [[434, 535]], [[433, 535]], [[432, 535]], [[431, 535]], [[430, 535]], [[429, 535]], [[428, 535]], [[427, 535]], [[426, 536]], [[425, 536]], [[424, 536]], [[423, 536]], [[422, 537]], [[421, 538]], [[420, 538]], [[419, 538]], [[418, 539]], [[417, 539]], [[416, 539]], [[415, 540]], [[414, 541]], [[413, 542]], [[412, 542]], [[411, 542]], [[410, 543]], [[409, 543]], [[408, 543]], [[407, 543]], [[406, 544]], [[405, 545]], [[405, 546]], [[405, 547]], [[404, 548]], [[404, 549]], [[404, 550]], [[403, 551]], [[403, 552]], [[403, 553]], [[403, 554]], [[402, 555]], [[402, 556]], [[402, 557]], [[402, 558]], [[402, 559]], [[402, 560]], [[402, 561]], [[402, 562]], [[403, 563]], [[403, 564]], [[404, 564]], [[405, 565]], [[406, 566]], [[407, 567]], [[407, 568]], [[408, 569]], [[409, 569]], [[410, 569]], [[411, 570]], [[412, 570]], [[413, 571]], [[414, 571]], [[415, 572]], [[416, 572]], [[417, 573]], [[418, 572]], [[419, 571]], [[420, 571]], [[421, 572]], [[422, 572]], [[423, 572]], [[423, 571]], [[424, 570]], [[425, 569]], [[426, 568]], [[426, 567]], [[426, 566]], [[427, 565]], [[428, 565]], [[429, 565]], [[430, 566]], [[430, 567]], [[431, 568]], [[431, 567]], [[431, 566]], [[430, 565]], [[431, 564]], [[432, 563]], [[433, 563]], [[434, 563]], [[435, 562]], [[435, 561]], [[436, 560]], [[436, 559]], [[436, 558]], [[436, 557]], [[437, 556]], [[437, 555]], [[437, 554]], [[437, 553]], [[437, 552]], [[436, 552]], [[435, 552]], [[434, 551]], [[434, 550]], [[435, 549]], [[436, 549]], [[435, 548]], [[436, 547]], [[436, 546]], [[436, 545]], [[437, 544]], [[438, 544]], [[439, 543]], [[440, 544]], [[441, 544]], [[441, 543]], [[441, 542]], [[440, 541]], [[440, 540]], [[440, 539]], [[441, 538]], [[441, 537]], [[441, 536]], [[441, 535]], [[440, 534]], [[439, 534]]]",[[]],[]
99,99,"[[[669, 533]], [[668, 534]], [[667, 534]], [[666, 534]], [[665, 534]], [[665, 535]], [[664, 536]], [[663, 536]], [[662, 537]], [[662, 538]], [[662, 539]], [[662, 540]], [[662, 541]], [[662, 542]], [[662, 543]], [[662, 544]], [[663, 545]], [[663, 546]], [[663, 547]], [[664, 548]], [[664, 549]], [[664, 550]], [[664, 551]], [[665, 552]], [[665, 553]], [[665, 554]], [[666, 555]], [[667, 556]], [[668, 557]], [[669, 558]], [[669, 559]], [[670, 560]], [[670, 561]], [[671, 562]], [[671, 563]], [[671, 564]], [[672, 565]], [[672, 566]], [[673, 566]], [[674, 566]], [[675, 566]], [[676, 566]], [[677, 566]], [[678, 566]], [[679, 566]], [[679, 565]], [[680, 564]], [[681, 565]], [[681, 566]], [[681, 567]], [[680, 568]], [[681, 569]], [[680, 570]], [[679, 570]], [[678, 570]], [[677, 570]], [[676, 570]], [[675, 571]], [[674, 571]], [[673, 571]], [[673, 572]], [[673, 573]], [[673, 574]], [[672, 575]], [[671, 576]], [[671, 577]], [[672, 578]], [[671, 579]], [[671, 580]], [[670, 581]], [[670, 582]], [[671, 583]], [[670, 584]], [[670, 585]], [[671, 586]], [[670, 587]], [[670, 588]], [[669, 589]], [[669, 590]], [[669, 591]], [[669, 592]], [[668, 593]], [[668, 594]], [[668, 595]], [[668, 596]], [[668, 597]], [[668, 598]], [[667, 599]], [[667, 600]], [[667, 601]], [[667, 602]], [[667, 603]], [[666, 604]], [[666, 605]], [[666, 606]], [[666, 607]], [[666, 608]], [[666, 609]], [[666, 610]], [[667, 611]], [[667, 612]], [[668, 612]], [[669, 613]], [[670, 613]], [[671, 613]], [[672, 613]], [[673, 614]], [[674, 613]], [[675, 613]], [[676, 613]], [[677, 612]], [[678, 611]], [[678, 610]], [[678, 609]], [[678, 608]], [[679, 607]], [[679, 606]], [[679, 605]], [[678, 604]], [[678, 603]], [[678, 602]], [[678, 601]], [[678, 600]], [[678, 599]], [[678, 598]], [[678, 597]], [[678, 596]], [[678, 595]], [[678, 594]], [[679, 593]], [[680, 592]], [[681, 591]], [[682, 590]], [[683, 589]], [[683, 588]], [[683, 587]], [[683, 586]], [[683, 585]], [[683, 584]], [[682, 583]], [[682, 582]], [[682, 581]], [[682, 580]], [[683, 579]], [[684, 580]], [[685, 580]], [[686, 580]], [[686, 579]], [[686, 578]], [[686, 577]], [[685, 578]], [[684, 577]], [[684, 576]], [[684, 575]], [[684, 574]], [[683, 573]], [[683, 572]], [[683, 571]], [[683, 570]], [[682, 569]], [[683, 568]], [[684, 567]], [[685, 568]], [[685, 567]], [[685, 566]], [[685, 565]], [[686, 564]], [[686, 563]], [[686, 562]], [[687, 561]], [[687, 560]], [[686, 560]], [[685, 560]], [[684, 559]], [[684, 558]], [[685, 557]], [[685, 556]], [[684, 555]], [[684, 554]], [[684, 553]], [[684, 552]], [[684, 551]], [[684, 550]], [[684, 549]], [[684, 548]], [[684, 547]], [[684, 546]], [[683, 545]], [[683, 544]], [[683, 543]], [[683, 542]], [[683, 541]], [[683, 540]], [[682, 539]], [[682, 538]], [[682, 537]], [[682, 536]], [[681, 535]], [[681, 534]], [[680, 534]], [[679, 534]], [[678, 534]], [[677, 534]], [[676, 534]], [[675, 533]], [[674, 533]], [[673, 533]], [[672, 533]], [[671, 533]], [[670, 533]]]",[[]],[]
100,100,"[[[395, 530]], [[394, 531]], [[393, 532]], [[392, 532]], [[391, 532]], [[390, 532]], [[389, 532]], [[388, 533]], [[387, 534]], [[386, 534]], [[386, 535]], [[386, 536]], [[386, 537]], [[386, 538]], [[386, 539]], [[386, 540]], [[386, 541]], [[386, 542]], [[387, 543]], [[387, 544]], [[388, 545]], [[388, 546]], [[388, 547]], [[388, 548]], [[388, 549]], [[388, 550]], [[389, 551]], [[390, 552]], [[390, 553]], [[391, 552]], [[392, 552]], [[393, 552]], [[394, 552]], [[395, 552]], [[396, 551]], [[397, 550]], [[398, 550]], [[398, 549]], [[398, 548]], [[399, 547]], [[400, 546]], [[401, 545]], [[401, 544]], [[402, 543]], [[402, 542]], [[402, 541]], [[402, 540]], [[402, 539]], [[402, 538]], [[402, 537]], [[402, 536]], [[401, 535]], [[401, 534]], [[400, 533]], [[399, 532]], [[398, 531]], [[397, 530]], [[396, 530]]]",[],[]
101,101,"[[[112, 528]], [[112, 529]], [[111, 530]], [[111, 531]], [[111, 532]], [[111, 533]], [[111, 534]], [[111, 535]], [[112, 536]], [[113, 537]], [[113, 538]], [[114, 538]], [[115, 539]], [[116, 540]], [[117, 540]], [[118, 540]], [[119, 539]], [[119, 538]], [[120, 537]], [[121, 537]], [[122, 538]], [[122, 539]], [[122, 540]], [[122, 541]], [[122, 542]], [[122, 543]], [[123, 544]], [[123, 545]], [[124, 545]], [[125, 545]], [[125, 544]], [[126, 543]], [[127, 542]], [[127, 541]], [[128, 540]], [[128, 539]], [[129, 538]], [[129, 537]], [[129, 536]], [[129, 535]], [[130, 534]], [[130, 533]], [[129, 532]], [[129, 531]], [[128, 530]], [[127, 530]], [[126, 529]], [[125, 529]], [[124, 529]], [[123, 530]], [[122, 531]], [[121, 532]], [[120, 531]], [[119, 531]], [[118, 530]], [[117, 529]], [[116, 529]], [[115, 528]], [[114, 528]], [[113, 528]]]",[[]],[]
102,102,"[[[734, 507]], [[733, 508]], [[732, 508]], [[731, 508]], [[730, 508]], [[730, 509]], [[729, 510]], [[728, 510]], [[727, 510]], [[726, 511]], [[725, 510]], [[724, 509]], [[723, 509]], [[722, 509]], [[721, 509]], [[720, 509]], [[719, 509]], [[718, 509]], [[717, 508]], [[716, 508]], [[715, 508]], [[714, 508]], [[713, 508]], [[712, 509]], [[711, 509]], [[710, 509]], [[709, 509]], [[708, 509]], [[707, 509]], [[706, 510]], [[705, 510]], [[704, 510]], [[703, 509]], [[703, 508]], [[702, 509]], [[701, 509]], [[700, 509]], [[700, 510]], [[700, 511]], [[700, 512]], [[699, 513]], [[699, 514]], [[699, 515]], [[699, 516]], [[698, 517]], [[698, 518]], [[697, 519]], [[697, 520]], [[698, 521]], [[699, 521]], [[700, 522]], [[701, 523]], [[702, 524]], [[702, 525]], [[703, 526]], [[703, 527]], [[703, 528]], [[703, 529]], [[703, 530]], [[704, 531]], [[705, 532]], [[705, 533]], [[706, 534]], [[706, 535]], [[706, 536]], [[707, 537]], [[708, 537]], [[709, 538]], [[710, 539]], [[711, 539]], [[712, 539]], [[713, 539]], [[714, 539]], [[715, 540]], [[716, 540]], [[717, 541]], [[718, 540]], [[719, 540]], [[720, 540]], [[721, 541]], [[722, 541]], [[723, 540]], [[724, 540]], [[725, 539]], [[726, 538]], [[727, 538]], [[728, 538]], [[729, 538]], [[730, 538]], [[731, 538]], [[732, 538]], [[733, 539]], [[734, 538]], [[735, 537]], [[736, 537]], [[737, 536]], [[738, 535]], [[738, 534]], [[738, 533]], [[738, 532]], [[739, 531]], [[740, 532]], [[740, 533]], [[740, 532]], [[740, 531]], [[740, 530]], [[740, 529]], [[740, 528]], [[740, 527]], [[739, 526]], [[740, 525]], [[740, 524]], [[740, 523]], [[740, 522]], [[740, 521]], [[739, 520]], [[739, 519]], [[739, 518]], [[739, 517]], [[739, 516]], [[740, 515]], [[739, 514]], [[739, 513]], [[738, 512]], [[738, 511]], [[738, 510]], [[738, 509]], [[737, 508]], [[736, 507]], [[735, 507]]]",[],[]
103,103,"[[[353, 505]], [[352, 506]], [[351, 506]], [[350, 506]], [[350, 507]], [[349, 508]], [[349, 509]], [[349, 510]], [[348, 511]], [[347, 512]], [[347, 513]], [[346, 514]], [[346, 515]], [[346, 516]], [[346, 517]], [[346, 518]], [[345, 519]], [[345, 520]], [[344, 521]], [[344, 522]], [[344, 523]], [[343, 524]], [[343, 525]], [[343, 526]], [[342, 527]], [[342, 528]], [[342, 529]], [[342, 530]], [[341, 531]], [[341, 532]], [[341, 533]], [[340, 534]], [[340, 535]], [[340, 536]], [[339, 537]], [[339, 538]], [[338, 539]], [[338, 540]], [[337, 541]], [[337, 542]], [[337, 543]], [[337, 544]], [[337, 545]], [[337, 546]], [[337, 547]], [[338, 548]], [[338, 549]], [[339, 549]], [[340, 549]], [[341, 550]], [[341, 551]], [[342, 552]], [[343, 552]], [[344, 552]], [[345, 552]], [[346, 552]], [[347, 552]], [[348, 551]], [[349, 551]], [[350, 550]], [[351, 549]], [[351, 548]], [[352, 547]], [[352, 546]], [[352, 545]], [[352, 544]], [[353, 543]], [[353, 542]], [[354, 541]], [[354, 540]], [[355, 539]], [[355, 538]], [[355, 537]], [[356, 536]], [[356, 535]], [[357, 534]], [[357, 533]], [[357, 532]], [[357, 531]], [[358, 530]], [[358, 529]], [[358, 528]], [[359, 527]], [[359, 526]], [[359, 525]], [[360, 524]], [[361, 523]], [[362, 523]], [[362, 522]], [[363, 521]], [[364, 521]], [[364, 520]], [[364, 519]], [[364, 518]], [[364, 517]], [[365, 516]], [[364, 515]], [[364, 514]], [[364, 513]], [[364, 512]], [[364, 511]], [[363, 510]], [[363, 509]], [[362, 508]], [[362, 507]], [[361, 506]], [[360, 506]], [[359, 506]], [[358, 506]], [[357, 506]], [[356, 505]], [[355, 505]], [[354, 505]]]",[[]],[]
104,104,"[[[650, 499]], [[649, 500]], [[648, 500]], [[647, 501]], [[646, 501]], [[645, 501]], [[644, 502]], [[643, 502]], [[642, 503]], [[641, 504]], [[640, 505]], [[640, 506]], [[639, 507]], [[639, 508]], [[638, 509]], [[638, 510]], [[638, 511]], [[638, 512]], [[637, 513]], [[637, 514]], [[637, 515]], [[637, 516]], [[637, 517]], [[637, 518]], [[637, 519]], [[638, 520]], [[638, 521]], [[639, 522]], [[639, 523]], [[639, 524]], [[639, 525]], [[638, 526]], [[637, 526]], [[637, 527]], [[637, 528]], [[637, 529]], [[636, 530]], [[636, 531]], [[636, 532]], [[637, 531]], [[638, 531]], [[639, 531]], [[640, 531]], [[641, 531]], [[642, 531]], [[643, 531]], [[644, 530]], [[645, 530]], [[646, 530]], [[647, 529]], [[648, 529]], [[649, 528]], [[650, 528]], [[651, 527]], [[652, 527]], [[653, 527]], [[654, 528]], [[654, 529]], [[655, 529]], [[656, 529]], [[657, 529]], [[658, 528]], [[658, 527]], [[659, 526]], [[660, 525]], [[661, 525]], [[662, 524]], [[663, 524]], [[664, 524]], [[665, 524]], [[666, 523]], [[667, 523]], [[668, 522]], [[668, 521]], [[668, 520]], [[669, 519]], [[670, 518]], [[670, 517]], [[670, 516]], [[670, 515]], [[669, 514]], [[669, 513]], [[668, 512]], [[668, 511]], [[667, 510]], [[667, 509]], [[666, 508]], [[665, 507]], [[664, 506]], [[664, 505]], [[663, 504]], [[662, 503]], [[661, 502]], [[660, 502]], [[659, 501]], [[658, 501]], [[657, 501]], [[656, 501]], [[655, 500]], [[655, 499]], [[654, 499]], [[653, 499]], [[652, 499]], [[651, 499]]]",[[]],[]
105,105,"[[[272, 498]], [[272, 499]], [[272, 500]], [[272, 501]], [[273, 502]], [[273, 503]], [[273, 504]], [[274, 505]], [[274, 506]], [[274, 507]], [[274, 508]], [[275, 509]], [[275, 510]], [[274, 511]], [[274, 512]], [[274, 513]], [[275, 514]], [[275, 515]], [[276, 516]], [[276, 517]], [[277, 518]], [[278, 517]], [[279, 517]], [[280, 517]], [[281, 516]], [[282, 515]], [[283, 514]], [[284, 514]], [[285, 514]], [[286, 513]], [[286, 512]], [[286, 511]], [[287, 510]], [[287, 509]], [[287, 508]], [[287, 507]], [[286, 506]], [[285, 505]], [[284, 505]], [[283, 504]], [[283, 503]], [[282, 502]], [[281, 501]], [[280, 500]], [[279, 499]], [[278, 499]], [[277, 499]], [[276, 499]], [[275, 498]], [[274, 498]], [[273, 498]]]",[[]],[]
106,106,"[[[489, 477]], [[488, 478]], [[487, 478]], [[486, 479]], [[486, 480]], [[486, 481]], [[486, 482]], [[486, 483]], [[486, 484]], [[486, 485]], [[486, 486]], [[486, 487]], [[486, 488]], [[486, 489]], [[486, 490]], [[486, 491]], [[485, 492]], [[485, 493]], [[485, 494]], [[484, 495]], [[483, 495]], [[482, 495]], [[481, 494]], [[480, 494]], [[479, 493]], [[479, 492]], [[478, 491]], [[477, 491]], [[476, 491]], [[475, 491]], [[474, 491]], [[473, 491]], [[472, 491]], [[471, 491]], [[470, 490]], [[469, 490]], [[468, 490]], [[467, 490]], [[466, 490]], [[465, 490]], [[464, 490]], [[463, 490]], [[462, 490]], [[462, 491]], [[461, 492]], [[461, 493]], [[461, 494]], [[461, 495]], [[460, 496]], [[460, 497]], [[460, 498]], [[459, 499]], [[458, 500]], [[457, 500]], [[456, 501]], [[456, 502]], [[456, 503]], [[455, 504]], [[455, 505]], [[455, 506]], [[454, 507]], [[454, 508]], [[454, 509]], [[454, 510]], [[454, 511]], [[454, 512]], [[453, 513]], [[452, 514]], [[451, 515]], [[450, 516]], [[449, 517]], [[449, 518]], [[449, 519]], [[448, 520]], [[448, 521]], [[447, 522]], [[447, 523]], [[447, 524]], [[447, 525]], [[447, 526]], [[447, 527]], [[447, 528]], [[447, 529]], [[448, 530]], [[448, 531]], [[448, 532]], [[449, 533]], [[449, 534]], [[449, 535]], [[449, 536]], [[449, 537]], [[449, 538]], [[450, 539]], [[450, 540]], [[450, 541]], [[450, 542]], [[451, 543]], [[451, 544]], [[451, 545]], [[452, 546]], [[452, 547]], [[452, 548]], [[453, 549]], [[453, 550]], [[454, 551]], [[455, 552]], [[456, 553]], [[457, 554]], [[458, 554]], [[459, 554]], [[460, 554]], [[461, 555]], [[462, 556]], [[463, 556]], [[464, 557]], [[464, 558]], [[464, 559]], [[465, 560]], [[464, 561]], [[464, 562]], [[465, 563]], [[465, 564]], [[465, 565]], [[465, 566]], [[466, 567]], [[467, 567]], [[468, 568]], [[469, 568]], [[470, 569]], [[471, 570]], [[472, 570]], [[473, 570]], [[474, 569]], [[475, 569]], [[476, 570]], [[477, 571]], [[478, 572]], [[479, 572]], [[480, 572]], [[481, 572]], [[482, 573]], [[483, 574]], [[484, 574]], [[485, 574]], [[486, 574]], [[487, 574]], [[488, 574]], [[489, 574]], [[490, 573]], [[491, 573]], [[492, 574]], [[493, 573]], [[494, 572]], [[495, 572]], [[496, 572]], [[497, 572]], [[498, 572]], [[499, 572]], [[500, 571]], [[501, 571]], [[502, 571]], [[503, 571]], [[504, 571]], [[505, 571]], [[506, 571]], [[507, 572]], [[508, 573]], [[509, 573]], [[510, 573]], [[511, 572]], [[512, 572]], [[513, 571]], [[514, 571]], [[515, 571]], [[515, 570]], [[516, 569]], [[516, 568]], [[516, 567]], [[517, 566]], [[518, 565]], [[519, 564]], [[520, 563]], [[521, 563]], [[521, 562]], [[521, 561]], [[520, 560]], [[519, 559]], [[519, 558]], [[519, 557]], [[519, 556]], [[519, 555]], [[518, 554]], [[518, 553]], [[518, 552]], [[518, 551]], [[519, 550]], [[520, 549]], [[521, 548]], [[522, 547]], [[523, 546]], [[523, 545]], [[524, 544]], [[524, 543]], [[524, 542]], [[524, 541]], [[524, 540]], [[524, 539]], [[524, 538]], [[525, 537]], [[525, 536]], [[525, 535]], [[525, 534]], [[525, 533]], [[525, 532]], [[525, 531]], [[525, 530]], [[524, 529]], [[524, 528]], [[524, 527]], [[524, 526]], [[524, 525]], [[523, 524]], [[523, 523]], [[523, 522]], [[523, 521]], [[522, 520]], [[521, 521]], [[520, 522]], [[519, 522]], [[518, 523]], [[517, 522]], [[517, 521]], [[518, 520]], [[518, 519]], [[519, 518]], [[520, 517]], [[520, 516]], [[520, 515]], [[520, 514]], [[520, 513]], [[520, 512]], [[520, 511]], [[520, 510]], [[520, 509]], [[520, 508]], [[520, 507]], [[520, 506]], [[519, 505]], [[518, 505]], [[517, 504]], [[516, 503]], [[515, 502]], [[515, 501]], [[515, 500]], [[515, 499]], [[515, 498]], [[514, 497]], [[514, 496]], [[514, 495]], [[514, 494]], [[514, 493]], [[513, 492]], [[513, 491]], [[513, 490]], [[512, 489]], [[512, 488]], [[511, 487]], [[511, 486]], [[510, 486]], [[509, 485]], [[508, 484]], [[507, 483]], [[506, 483]], [[505, 482]], [[504, 481]], [[503, 480]], [[502, 480]], [[501, 480]], [[500, 480]], [[499, 480]], [[498, 479]], [[497, 479]], [[496, 479]], [[495, 478]], [[494, 477]], [[493, 477]], [[492, 477]], [[491, 477]], [[490, 477]]]",[[]],[]
107,107,"[[[731, 476]], [[730, 477]], [[729, 477]], [[728, 478]], [[728, 479]], [[728, 480]], [[728, 481]], [[727, 482]], [[728, 483]], [[728, 484]], [[729, 485]], [[730, 485]], [[731, 486]], [[732, 487]], [[733, 487]], [[734, 488]], [[735, 488]], [[736, 489]], [[737, 490]], [[738, 491]], [[739, 492]], [[740, 492]], [[741, 493]], [[741, 494]], [[742, 495]], [[742, 496]], [[743, 496]], [[744, 497]], [[744, 498]], [[744, 499]], [[745, 500]], [[746, 501]], [[747, 502]], [[747, 503]], [[748, 504]], [[749, 504]], [[750, 503]], [[751, 503]], [[752, 504]], [[753, 504]], [[754, 504]], [[755, 504]], [[756, 504]], [[757, 504]], [[758, 504]], [[759, 505]], [[758, 506]], [[759, 507]], [[758, 508]], [[758, 509]], [[758, 510]], [[757, 511]], [[757, 512]], [[757, 513]], [[756, 514]], [[755, 515]], [[755, 516]], [[755, 517]], [[755, 518]], [[755, 519]], [[756, 520]], [[756, 521]], [[757, 521]], [[758, 521]], [[759, 521]], [[759, 520]], [[759, 519]], [[759, 518]], [[759, 517]], [[759, 516]], [[760, 515]], [[761, 515]], [[762, 514]], [[762, 513]], [[763, 512]], [[762, 511]], [[761, 510]], [[760, 510]], [[759, 509]], [[759, 508]], [[759, 507]], [[759, 506]], [[760, 505]], [[759, 505]], [[758, 504]], [[758, 503]], [[759, 502]], [[760, 502]], [[760, 501]], [[761, 500]], [[761, 499]], [[761, 498]], [[761, 497]], [[760, 496]], [[760, 495]], [[760, 494]], [[759, 493]], [[759, 492]], [[759, 491]], [[758, 491]], [[757, 490]], [[757, 489]], [[756, 489]], [[755, 488]], [[754, 487]], [[753, 486]], [[752, 485]], [[751, 484]], [[750, 483]], [[749, 482]], [[748, 482]], [[747, 481]], [[746, 481]], [[745, 480]], [[744, 481]], [[743, 482]], [[742, 482]], [[741, 483]], [[740, 483]], [[739, 483]], [[738, 482]], [[737, 481]], [[736, 480]], [[735, 479]], [[735, 478]], [[734, 477]], [[733, 477]], [[732, 476]]]","[[], [[[745, 504], [744, 505], [744, 506], [744, 507], [744, 508], [744, 509], [745, 510], [745, 511], [745, 512], [746, 512], [747, 513], [748, 514], [749, 515], [750, 516], [750, 517], [751, 518], [752, 519], [752, 520], [752, 521], [753, 522], [752, 523], [751, 523], [750, 524], [751, 525], [752, 526], [752, 527], [753, 528], [754, 527], [755, 527], [755, 526], [755, 525], [755, 524], [754, 523], [753, 522], [754, 521], [754, 520], [754, 519], [754, 518], [753, 517], [753, 516], [752, 515], [752, 514], [751, 513], [750, 512], [749, 511], [748, 510], [747, 509], [746, 508], [746, 507], [746, 506], [746, 505]]]]","[[], 75]"
108,108,"[[[304, 476]], [[303, 477]], [[302, 477]], [[301, 478]], [[300, 479]], [[299, 480]], [[299, 481]], [[298, 482]], [[297, 483]], [[297, 484]], [[296, 485]], [[296, 486]], [[296, 487]], [[297, 488]], [[297, 489]], [[297, 490]], [[297, 491]], [[297, 492]], [[297, 493]], [[298, 494]], [[298, 495]], [[298, 496]], [[298, 497]], [[298, 498]], [[298, 499]], [[299, 500]], [[299, 501]], [[300, 502]], [[301, 503]], [[302, 504]], [[303, 505]], [[304, 506]], [[304, 507]], [[305, 508]], [[305, 509]], [[306, 510]], [[306, 511]], [[306, 512]], [[307, 513]], [[307, 514]], [[307, 515]], [[307, 516]], [[306, 517]], [[305, 518]], [[304, 519]], [[304, 520]], [[303, 521]], [[303, 522]], [[302, 523]], [[302, 524]], [[301, 525]], [[300, 526]], [[300, 527]], [[300, 528]], [[300, 529]], [[301, 530]], [[302, 531]], [[303, 532]], [[304, 532]], [[305, 533]], [[306, 534]], [[307, 534]], [[308, 534]], [[309, 533]], [[310, 533]], [[311, 533]], [[312, 534]], [[313, 534]], [[314, 534]], [[315, 535]], [[316, 536]], [[317, 537]], [[318, 537]], [[319, 536]], [[320, 537]], [[321, 538]], [[322, 538]], [[323, 539]], [[324, 540]], [[324, 541]], [[325, 542]], [[326, 543]], [[327, 543]], [[328, 543]], [[329, 543]], [[330, 543]], [[330, 542]], [[331, 541]], [[332, 540]], [[332, 539]], [[332, 538]], [[332, 537]], [[332, 536]], [[332, 535]], [[333, 534]], [[334, 533]], [[335, 533]], [[336, 532]], [[336, 531]], [[337, 530]], [[338, 529]], [[339, 528]], [[339, 527]], [[340, 526]], [[340, 525]], [[340, 524]], [[340, 523]], [[341, 522]], [[341, 521]], [[341, 520]], [[341, 519]], [[341, 518]], [[341, 517]], [[341, 516]], [[341, 515]], [[342, 514]], [[341, 513]], [[341, 512]], [[341, 511]], [[341, 510]], [[341, 509]], [[340, 508]], [[340, 507]], [[340, 506]], [[339, 505]], [[338, 504]], [[337, 504]], [[336, 504]], [[335, 503]], [[335, 502]], [[334, 501]], [[333, 501]], [[332, 500]], [[331, 500]], [[330, 499]], [[329, 498]], [[328, 497]], [[328, 496]], [[327, 495]], [[326, 494]], [[326, 493]], [[326, 492]], [[325, 491]], [[324, 490]], [[324, 489]], [[323, 489]], [[322, 488]], [[321, 487]], [[320, 486]], [[319, 486]], [[318, 486]], [[317, 485]], [[316, 484]], [[315, 483]], [[314, 482]], [[313, 482]], [[312, 481]], [[311, 480]], [[311, 479]], [[310, 478]], [[309, 478]], [[308, 477]], [[307, 476]], [[306, 476]], [[305, 476]]]","[[], [[[299, 531], [298, 532], [297, 532], [296, 532], [295, 532], [294, 533], [295, 534], [296, 534], [297, 535], [297, 536], [298, 536], [299, 536], [300, 536], [301, 537], [302, 538], [303, 537], [304, 537], [305, 538], [306, 538], [306, 537], [307, 536], [307, 535], [306, 535], [305, 535], [304, 534], [303, 533], [302, 532], [301, 532], [300, 531]]]]","[[], 76]"
109,109,"[[[252, 464]], [[251, 465]], [[250, 466]], [[250, 467]], [[250, 468]], [[250, 469]], [[249, 470]], [[249, 471]], [[248, 472]], [[247, 473]], [[246, 474]], [[246, 475]], [[246, 476]], [[246, 477]], [[245, 478]], [[244, 477]], [[244, 476]], [[243, 475]], [[243, 474]], [[242, 473]], [[242, 472]], [[241, 472]], [[240, 472]], [[240, 473]], [[239, 474]], [[238, 475]], [[237, 476]], [[236, 477]], [[235, 476]], [[234, 476]], [[233, 476]], [[232, 476]], [[231, 475]], [[230, 475]], [[229, 475]], [[228, 476]], [[227, 477]], [[226, 478]], [[225, 477]], [[224, 478]], [[223, 479]], [[222, 480]], [[222, 481]], [[222, 482]], [[222, 483]], [[223, 484]], [[224, 484]], [[225, 485]], [[226, 484]], [[227, 484]], [[227, 483]], [[228, 482]], [[229, 482]], [[230, 481]], [[231, 482]], [[232, 482]], [[233, 483]], [[233, 484]], [[233, 485]], [[233, 486]], [[232, 487]], [[231, 487]], [[230, 488]], [[229, 488]], [[229, 489]], [[228, 490]], [[228, 491]], [[228, 492]], [[228, 493]], [[228, 494]], [[228, 495]], [[229, 496]], [[230, 496]], [[231, 497]], [[232, 496]], [[233, 497]], [[234, 497]], [[235, 497]], [[236, 498]], [[237, 499]], [[238, 500]], [[238, 501]], [[238, 502]], [[239, 502]], [[240, 501]], [[241, 501]], [[242, 501]], [[243, 502]], [[243, 503]], [[243, 504]], [[242, 505]], [[241, 506]], [[241, 507]], [[240, 508]], [[240, 509]], [[239, 510]], [[239, 511]], [[238, 512]], [[237, 513]], [[236, 514]], [[236, 515]], [[236, 516]], [[236, 517]], [[236, 518]], [[236, 519]], [[235, 520]], [[235, 521]], [[235, 522]], [[234, 523]], [[234, 524]], [[234, 525]], [[235, 525]], [[236, 526]], [[237, 527]], [[237, 528]], [[238, 529]], [[239, 530]], [[240, 531]], [[241, 531]], [[242, 531]], [[243, 531]], [[243, 530]], [[244, 529]], [[245, 529]], [[246, 528]], [[247, 529]], [[246, 528]], [[247, 527]], [[248, 527]], [[249, 526]], [[249, 525]], [[250, 524]], [[251, 523]], [[252, 522]], [[252, 521]], [[253, 520]], [[254, 520]], [[255, 520]], [[256, 520]], [[257, 521]], [[258, 521]], [[259, 520]], [[259, 519]], [[260, 518]], [[261, 518]], [[262, 518]], [[262, 517]], [[263, 516]], [[263, 515]], [[263, 514]], [[263, 513]], [[264, 512]], [[265, 511]], [[265, 510]], [[265, 509]], [[265, 508]], [[266, 507]], [[266, 506]], [[266, 505]], [[266, 504]], [[266, 503]], [[266, 502]], [[266, 501]], [[266, 500]], [[265, 499]], [[264, 498]], [[263, 497]], [[263, 496]], [[262, 496]], [[261, 496]], [[260, 496]], [[259, 495]], [[258, 495]], [[257, 495]], [[256, 495]], [[255, 496]], [[254, 496]], [[253, 496]], [[252, 497]], [[251, 498]], [[250, 498]], [[249, 498]], [[248, 499]], [[247, 499]], [[246, 500]], [[245, 499]], [[245, 498]], [[244, 497]], [[245, 496]], [[246, 495]], [[247, 494]], [[248, 493]], [[249, 492]], [[249, 491]], [[250, 490]], [[251, 489]], [[251, 488]], [[251, 487]], [[251, 486]], [[251, 485]], [[251, 484]], [[251, 483]], [[251, 482]], [[251, 481]], [[252, 480]], [[252, 479]], [[253, 478]], [[254, 477]], [[255, 477]], [[256, 477]], [[256, 476]], [[256, 475]], [[257, 474]], [[258, 473]], [[259, 472]], [[259, 471]], [[259, 470]], [[259, 469]], [[259, 468]], [[258, 467]], [[257, 466]], [[256, 465]], [[255, 465]], [[254, 464]], [[253, 464]]]","[[], [[[231, 521], [231, 522], [231, 523], [232, 524], [232, 525], [232, 526], [232, 527], [232, 528], [231, 529], [230, 529], [231, 529], [232, 529], [233, 529], [234, 530], [235, 530], [236, 530], [237, 530], [238, 531], [239, 531], [238, 530], [237, 529], [236, 528], [235, 527], [234, 526], [233, 525], [233, 524], [233, 523], [233, 522], [233, 521], [232, 521]]]]","[[], 77]"
110,110,"[[[398, 454]], [[397, 455]], [[397, 456]], [[396, 457]], [[396, 458]], [[395, 459]], [[395, 460]], [[395, 461]], [[394, 462]], [[394, 463]], [[394, 464]], [[393, 465]], [[393, 466]], [[393, 467]], [[394, 468]], [[394, 469]], [[395, 470]], [[396, 470]], [[397, 471]], [[398, 471]], [[399, 471]], [[400, 472]], [[401, 473]], [[401, 474]], [[402, 475]], [[402, 476]], [[402, 477]], [[402, 478]], [[403, 479]], [[403, 480]], [[403, 481]], [[404, 482]], [[404, 483]], [[404, 484]], [[405, 485]], [[405, 486]], [[406, 487]], [[406, 488]], [[406, 489]], [[406, 490]], [[406, 491]], [[406, 492]], [[407, 493]], [[408, 494]], [[409, 494]], [[410, 495]], [[411, 495]], [[412, 495]], [[413, 495]], [[414, 495]], [[415, 496]], [[416, 496]], [[417, 496]], [[418, 496]], [[419, 495]], [[420, 494]], [[421, 494]], [[422, 493]], [[423, 492]], [[423, 491]], [[424, 490]], [[424, 489]], [[425, 488]], [[426, 487]], [[425, 487]], [[424, 486]], [[423, 485]], [[423, 484]], [[424, 483]], [[424, 482]], [[424, 481]], [[424, 480]], [[424, 479]], [[424, 478]], [[424, 477]], [[424, 476]], [[424, 475]], [[423, 474]], [[423, 473]], [[423, 472]], [[423, 471]], [[424, 470]], [[424, 469]], [[424, 468]], [[424, 467]], [[423, 466]], [[423, 465]], [[422, 464]], [[422, 463]], [[422, 462]], [[421, 461]], [[421, 460]], [[421, 459]], [[420, 458]], [[419, 457]], [[418, 457]], [[417, 457]], [[416, 456]], [[415, 456]], [[414, 456]], [[413, 456]], [[412, 456]], [[411, 456]], [[410, 456]], [[409, 456]], [[408, 456]], [[407, 455]], [[406, 454]], [[405, 455]], [[404, 455]], [[403, 454]], [[402, 454]], [[401, 455]], [[400, 454]], [[399, 454]]]","[[[[395, 419], [396, 420], [396, 421], [396, 422], [396, 423], [395, 424], [394, 423], [394, 422], [393, 422], [392, 422], [391, 422], [390, 422], [390, 423], [390, 424], [390, 425], [391, 426], [392, 426], [393, 427], [393, 428], [394, 429], [394, 430], [395, 431], [395, 432], [395, 433], [395, 434], [395, 435], [395, 436], [395, 437], [395, 438], [395, 439], [394, 440], [394, 441], [393, 442], [393, 443], [393, 444], [393, 445], [394, 444], [395, 445], [396, 445], [397, 445], [398, 446], [398, 447], [399, 448], [398, 449], [397, 450], [397, 451], [397, 452], [397, 453], [398, 452], [399, 451], [400, 451], [401, 451], [402, 451], [403, 452], [403, 451], [403, 450], [402, 450], [401, 449], [401, 448], [401, 447], [401, 446], [400, 446], [399, 445], [399, 444], [399, 443], [399, 442], [399, 441], [398, 440], [397, 439], [397, 438], [398, 437], [399, 436], [399, 435], [399, 434], [399, 433], [399, 432], [399, 431], [399, 430], [399, 429], [398, 428], [398, 427], [397, 426], [397, 425], [398, 424], [398, 423], [398, 422], [398, 421], [397, 420], [397, 419], [396, 419]]], [], [[[417, 445], [417, 446], [417, 447], [416, 448], [415, 447], [414, 447], [413, 447], [412, 447], [411, 447], [410, 447], [410, 448], [410, 449], [410, 450], [411, 450], [412, 451], [413, 451], [414, 451], [415, 452], [416, 452], [417, 452], [418, 453], [417, 454], [416, 455], [417, 456], [418, 456], [419, 456], [420, 457], [421, 457], [421, 456], [420, 456], [419, 455], [419, 454], [418, 453], [418, 452], [419, 451], [420, 451], [420, 450], [419, 450], [418, 450], [417, 449], [417, 448], [417, 447], [417, 446]]]]","[78, [], 79]"
111,111,"[[[734, 447]], [[733, 448]], [[732, 448]], [[731, 448]], [[730, 448]], [[729, 448]], [[728, 449]], [[728, 450]], [[727, 451]], [[727, 452]], [[727, 453]], [[726, 454]], [[726, 455]], [[726, 456]], [[726, 457]], [[726, 458]], [[726, 459]], [[725, 460]], [[725, 461]], [[725, 462]], [[725, 463]], [[726, 464]], [[727, 463]], [[728, 463]], [[729, 463]], [[730, 463]], [[731, 463]], [[732, 463]], [[733, 463]], [[734, 464]], [[735, 464]], [[736, 464]], [[737, 464]], [[738, 464]], [[739, 464]], [[740, 464]], [[741, 464]], [[742, 463]], [[743, 463]], [[744, 463]], [[745, 463]], [[746, 463]], [[747, 463]], [[748, 463]], [[749, 463]], [[750, 462]], [[751, 462]], [[752, 462]], [[753, 462]], [[754, 462]], [[755, 461]], [[755, 460]], [[756, 459]], [[756, 458]], [[755, 457]], [[754, 456]], [[753, 455]], [[752, 454]], [[751, 453]], [[751, 452]], [[750, 452]], [[749, 451]], [[748, 450]], [[747, 450]], [[746, 449]], [[745, 448]], [[744, 448]], [[743, 449]], [[742, 449]], [[741, 450]], [[740, 450]], [[739, 450]], [[738, 450]], [[737, 449]], [[737, 448]], [[736, 447]], [[735, 447]]]",[[]],[]
112,112,"[[[118, 443]], [[117, 444]], [[116, 444]], [[116, 445]], [[115, 446]], [[114, 447]], [[114, 448]], [[114, 449]], [[114, 450]], [[113, 451]], [[113, 452]], [[112, 453]], [[112, 454]], [[111, 455]], [[111, 456]], [[110, 457]], [[110, 458]], [[109, 459]], [[109, 460]], [[110, 461]], [[110, 462]], [[111, 463]], [[111, 464]], [[112, 465]], [[113, 466]], [[114, 467]], [[115, 466]], [[116, 465]], [[117, 465]], [[118, 465]], [[119, 465]], [[120, 464]], [[121, 463]], [[122, 462]], [[122, 461]], [[123, 460]], [[124, 459]], [[125, 459]], [[126, 458]], [[127, 458]], [[127, 457]], [[128, 456]], [[128, 455]], [[129, 454]], [[129, 453]], [[129, 452]], [[129, 451]], [[129, 450]], [[128, 449]], [[128, 448]], [[127, 447]], [[127, 446]], [[126, 445]], [[125, 444]], [[124, 443]], [[123, 444]], [[122, 444]], [[121, 444]], [[120, 443]], [[119, 443]]]",[[]],[]
113,113,"[[[769, 440]], [[768, 441]], [[767, 442]], [[766, 442]], [[765, 442]], [[765, 443]], [[765, 444]], [[766, 444]], [[767, 444]], [[768, 445]], [[768, 446]], [[769, 447]], [[770, 447]], [[771, 446]], [[772, 446]], [[773, 447]], [[772, 448]], [[772, 449]], [[772, 450]], [[771, 451]], [[770, 452]], [[769, 453]], [[768, 454]], [[767, 454]], [[767, 455]], [[766, 456]], [[765, 456]], [[764, 457]], [[763, 458]], [[763, 459]], [[763, 460]], [[763, 461]], [[763, 462]], [[763, 463]], [[763, 464]], [[763, 465]], [[763, 466]], [[764, 467]], [[764, 468]], [[765, 468]], [[766, 469]], [[767, 470]], [[767, 471]], [[767, 472]], [[767, 473]], [[767, 474]], [[767, 475]], [[766, 476]], [[766, 477]], [[766, 478]], [[766, 479]], [[766, 480]], [[766, 481]], [[766, 482]], [[767, 483]], [[768, 483]], [[769, 483]], [[770, 484]], [[771, 485]], [[772, 485]], [[773, 486]], [[774, 487]], [[775, 487]], [[776, 487]], [[777, 487]], [[778, 487]], [[779, 487]], [[780, 487]], [[781, 487]], [[782, 487]], [[783, 488]], [[784, 488]], [[785, 488]], [[786, 488]], [[787, 487]], [[788, 487]], [[789, 487]], [[790, 486]], [[791, 486]], [[792, 485]], [[793, 485]], [[794, 484]], [[795, 484]], [[796, 483]], [[797, 482]], [[798, 482]], [[799, 481]], [[800, 480]], [[801, 481]], [[802, 481]], [[803, 481]], [[804, 482]], [[805, 483]], [[806, 483]], [[807, 483]], [[808, 482]], [[809, 481]], [[810, 480]], [[809, 479]], [[809, 478]], [[809, 477]], [[809, 476]], [[809, 475]], [[810, 474]], [[810, 473]], [[810, 472]], [[810, 471]], [[810, 470]], [[810, 469]], [[811, 468]], [[811, 467]], [[811, 466]], [[810, 465]], [[810, 464]], [[809, 463]], [[809, 462]], [[808, 461]], [[808, 460]], [[807, 459]], [[806, 458]], [[806, 457]], [[805, 456]], [[804, 456]], [[803, 456]], [[802, 456]], [[802, 457]], [[801, 458]], [[800, 458]], [[799, 458]], [[798, 459]], [[797, 459]], [[796, 458]], [[795, 458]], [[794, 458]], [[793, 458]], [[792, 458]], [[791, 459]], [[790, 459]], [[789, 459]], [[788, 459]], [[787, 459]], [[786, 458]], [[785, 457]], [[784, 456]], [[784, 455]], [[783, 455]], [[782, 454]], [[781, 454]], [[780, 453]], [[779, 452]], [[780, 451]], [[781, 450]], [[782, 449]], [[783, 448]], [[784, 447]], [[785, 446]], [[785, 445]], [[785, 444]], [[785, 443]], [[784, 442]], [[783, 441]], [[782, 441]], [[781, 441]], [[780, 442]], [[779, 442]], [[778, 442]], [[777, 442]], [[776, 442]], [[775, 443]], [[774, 442]], [[773, 442]], [[772, 442]], [[771, 442]], [[770, 441]]]",[[]],[]
114,114,"[[[671, 439]], [[670, 440]], [[669, 440]], [[668, 440]], [[667, 440]], [[666, 441]], [[665, 442]], [[665, 443]], [[664, 444]], [[664, 445]], [[664, 446]], [[663, 447]], [[663, 448]], [[663, 449]], [[663, 450]], [[663, 451]], [[663, 452]], [[663, 453]], [[663, 454]], [[663, 455]], [[663, 456]], [[663, 457]], [[663, 458]], [[663, 459]], [[662, 460]], [[661, 460]], [[660, 461]], [[659, 461]], [[658, 461]], [[657, 462]], [[657, 463]], [[656, 464]], [[655, 464]], [[655, 465]], [[654, 466]], [[654, 467]], [[654, 468]], [[655, 469]], [[655, 470]], [[655, 471]], [[655, 472]], [[655, 473]], [[655, 474]], [[655, 475]], [[655, 476]], [[655, 477]], [[655, 478]], [[656, 479]], [[657, 479]], [[658, 479]], [[659, 479]], [[660, 480]], [[661, 481]], [[662, 482]], [[663, 482]], [[664, 482]], [[665, 482]], [[666, 482]], [[667, 482]], [[668, 482]], [[669, 483]], [[670, 484]], [[671, 485]], [[672, 485]], [[673, 485]], [[674, 486]], [[675, 487]], [[675, 488]], [[676, 489]], [[676, 490]], [[677, 491]], [[678, 492]], [[679, 493]], [[680, 492]], [[681, 492]], [[682, 491]], [[683, 490]], [[684, 489]], [[685, 490]], [[686, 491]], [[687, 491]], [[688, 491]], [[689, 491]], [[690, 490]], [[691, 489]], [[691, 488]], [[692, 487]], [[693, 487]], [[692, 486]], [[691, 485]], [[691, 484]], [[692, 483]], [[692, 482]], [[693, 481]], [[693, 480]], [[693, 479]], [[692, 478]], [[692, 477]], [[692, 476]], [[692, 475]], [[692, 474]], [[692, 473]], [[692, 472]], [[692, 471]], [[691, 470]], [[690, 470]], [[689, 470]], [[688, 469]], [[687, 469]], [[686, 469]], [[685, 470]], [[684, 470]], [[683, 471]], [[682, 471]], [[681, 471]], [[680, 472]], [[679, 472]], [[678, 471]], [[678, 470]], [[678, 469]], [[678, 468]], [[678, 467]], [[679, 466]], [[679, 465]], [[679, 464]], [[679, 463]], [[679, 462]], [[680, 461]], [[680, 460]], [[680, 459]], [[681, 458]], [[682, 457]], [[683, 456]], [[684, 456]], [[685, 456]], [[686, 456]], [[686, 455]], [[687, 454]], [[687, 453]], [[686, 452]], [[686, 451]], [[685, 450]], [[684, 450]], [[683, 449]], [[682, 448]], [[682, 447]], [[682, 446]], [[682, 445]], [[682, 444]], [[682, 443]], [[682, 442]], [[682, 441]], [[681, 440]], [[680, 439]], [[679, 439]], [[678, 440]], [[677, 441]], [[676, 442]], [[675, 441]], [[675, 440]], [[674, 440]], [[673, 440]], [[672, 439]]]",[[]],[]
115,115,"[[[150, 434]], [[149, 435]], [[148, 436]], [[148, 437]], [[147, 438]], [[146, 439]], [[145, 439]], [[144, 438]], [[144, 437]], [[143, 436]], [[142, 435]], [[141, 435]], [[140, 435]], [[139, 435]], [[138, 436]], [[138, 437]], [[139, 438]], [[139, 439]], [[139, 440]], [[139, 441]], [[138, 442]], [[137, 442]], [[137, 443]], [[136, 444]], [[135, 444]], [[134, 444]], [[133, 444]], [[132, 445]], [[132, 446]], [[133, 447]], [[133, 448]], [[133, 449]], [[134, 450]], [[134, 451]], [[135, 452]], [[135, 453]], [[135, 454]], [[135, 455]], [[135, 456]], [[136, 457]], [[136, 458]], [[137, 459]], [[138, 459]], [[139, 460]], [[139, 461]], [[140, 462]], [[141, 463]], [[142, 463]], [[143, 463]], [[144, 463]], [[145, 463]], [[146, 463]], [[147, 462]], [[148, 461]], [[149, 460]], [[150, 459]], [[151, 458]], [[152, 457]], [[153, 456]], [[154, 455]], [[155, 455]], [[156, 455]], [[157, 454]], [[158, 454]], [[159, 453]], [[160, 453]], [[161, 452]], [[162, 451]], [[163, 450]], [[164, 449]], [[165, 449]], [[165, 448]], [[165, 447]], [[165, 446]], [[165, 445]], [[165, 444]], [[165, 443]], [[164, 442]], [[164, 441]], [[164, 440]], [[163, 439]], [[162, 438]], [[161, 438]], [[160, 437]], [[159, 437]], [[158, 437]], [[157, 437]], [[156, 436]], [[155, 436]], [[154, 435]], [[153, 434]], [[152, 434]], [[151, 434]]]",[[]],[]
116,116,"[[[409, 422]], [[408, 423]], [[407, 423]], [[406, 424]], [[405, 425]], [[404, 426]], [[403, 427]], [[403, 428]], [[402, 429]], [[402, 430]], [[401, 431]], [[400, 432]], [[400, 433]], [[401, 434]], [[401, 435]], [[401, 436]], [[400, 437]], [[401, 438]], [[402, 439]], [[403, 439]], [[404, 440]], [[405, 440]], [[406, 440]], [[407, 440]], [[408, 440]], [[409, 441]], [[409, 440]], [[410, 439]], [[411, 439]], [[412, 438]], [[413, 438]], [[414, 437]], [[415, 437]], [[416, 437]], [[417, 437]], [[418, 437]], [[419, 436]], [[420, 436]], [[420, 435]], [[421, 434]], [[422, 434]], [[423, 434]], [[424, 435]], [[424, 436]], [[425, 436]], [[426, 435]], [[427, 435]], [[428, 436]], [[428, 437]], [[428, 438]], [[429, 437]], [[429, 436]], [[430, 435]], [[429, 434]], [[429, 433]], [[430, 432]], [[431, 432]], [[432, 431]], [[433, 432]], [[434, 432]], [[435, 432]], [[435, 431]], [[435, 430]], [[434, 430]], [[433, 430]], [[432, 429]], [[431, 429]], [[430, 428]], [[429, 428]], [[428, 427]], [[427, 427]], [[426, 427]], [[425, 427]], [[424, 427]], [[423, 427]], [[422, 427]], [[421, 427]], [[420, 427]], [[419, 427]], [[418, 426]], [[417, 425]], [[416, 425]], [[415, 425]], [[414, 424]], [[413, 423]], [[412, 422]], [[411, 422]], [[410, 422]]]","[[[[415, 410], [414, 411], [413, 412], [413, 413], [412, 414], [412, 415], [411, 416], [410, 416], [409, 417], [408, 418], [407, 419], [407, 420], [406, 421], [405, 422], [404, 423], [404, 424], [405, 423], [406, 422], [407, 421], [408, 421], [409, 421], [410, 421], [411, 421], [412, 421], [411, 420], [411, 419], [412, 418], [412, 417], [412, 416], [413, 415], [414, 414], [415, 413], [415, 412], [415, 411]]], [[[395, 419], [396, 420], [396, 421], [396, 422], [396, 423], [395, 424], [394, 423], [394, 422], [393, 422], [392, 422], [391, 422], [390, 422], [390, 423], [390, 424], [390, 425], [391, 426], [392, 426], [393, 427], [393, 428], [394, 429], [394, 430], [395, 431], [395, 432], [395, 433], [395, 434], [395, 435], [395, 436], [395, 437], [395, 438], [395, 439], [394, 440], [394, 441], [393, 442], [393, 443], [393, 444], [393, 445], [394, 444], [395, 445], [396, 445], [397, 445], [398, 446], [398, 447], [399, 448], [398, 449], [397, 450], [397, 451], [397, 452], [397, 453], [398, 452], [399, 451], [400, 451], [401, 451], [402, 451], [403, 452], [403, 451], [403, 450], [402, 450], [401, 449], [401, 448], [401, 447], [401, 446], [400, 446], [399, 445], [399, 444], [399, 443], [399, 442], [399, 441], [398, 440], [397, 439], [397, 438], [398, 437], [399, 436], [399, 435], [399, 434], [399, 433], [399, 432], [399, 431], [399, 430], [399, 429], [398, 428], [398, 427], [397, 426], [397, 425], [398, 424], [398, 423], [398, 422], [398, 421], [397, 420], [397, 419], [396, 419]]], []]","[80, 78, []]"
117,117,"[[[523, 421]], [[522, 422]], [[521, 422]], [[520, 423]], [[519, 424]], [[518, 424]], [[517, 424]], [[516, 425]], [[515, 425]], [[514, 426]], [[513, 426]], [[512, 427]], [[511, 428]], [[510, 429]], [[509, 429]], [[508, 429]], [[507, 430]], [[506, 431]], [[505, 431]], [[504, 431]], [[503, 432]], [[502, 433]], [[501, 434]], [[500, 434]], [[499, 435]], [[499, 436]], [[499, 437]], [[499, 438]], [[498, 439]], [[497, 440]], [[497, 441]], [[496, 442]], [[495, 442]], [[494, 442]], [[493, 442]], [[492, 443]], [[491, 443]], [[491, 444]], [[490, 445]], [[490, 446]], [[490, 447]], [[490, 448]], [[489, 449]], [[489, 450]], [[489, 451]], [[490, 452]], [[490, 453]], [[490, 454]], [[491, 455]], [[491, 456]], [[492, 457]], [[492, 458]], [[492, 459]], [[493, 460]], [[493, 461]], [[494, 462]], [[494, 463]], [[495, 464]], [[496, 465]], [[497, 466]], [[498, 466]], [[499, 466]], [[500, 467]], [[501, 467]], [[502, 467]], [[503, 467]], [[504, 467]], [[505, 467]], [[506, 468]], [[506, 469]], [[507, 470]], [[507, 471]], [[507, 472]], [[507, 473]], [[507, 474]], [[506, 475]], [[506, 476]], [[506, 477]], [[506, 478]], [[507, 479]], [[508, 480]], [[508, 481]], [[509, 482]], [[510, 483]], [[511, 484]], [[512, 484]], [[513, 484]], [[514, 484]], [[515, 484]], [[516, 484]], [[517, 484]], [[518, 483]], [[519, 483]], [[520, 483]], [[521, 483]], [[522, 483]], [[523, 483]], [[524, 482]], [[525, 482]], [[526, 483]], [[526, 484]], [[526, 485]], [[526, 486]], [[526, 487]], [[526, 488]], [[526, 489]], [[526, 490]], [[527, 491]], [[527, 492]], [[528, 492]], [[529, 493]], [[530, 494]], [[531, 494]], [[532, 494]], [[533, 495]], [[534, 495]], [[535, 495]], [[536, 495]], [[537, 495]], [[538, 496]], [[539, 496]], [[540, 495]], [[541, 494]], [[541, 493]], [[542, 492]], [[543, 492]], [[543, 491]], [[543, 490]], [[544, 489]], [[545, 488]], [[546, 487]], [[547, 486]], [[548, 485]], [[548, 484]], [[549, 483]], [[549, 482]], [[549, 481]], [[550, 480]], [[551, 479]], [[552, 478]], [[553, 477]], [[553, 476]], [[553, 475]], [[553, 474]], [[554, 473]], [[554, 472]], [[554, 471]], [[553, 470]], [[553, 469]], [[553, 468]], [[552, 467]], [[552, 466]], [[551, 465]], [[551, 464]], [[550, 463]], [[549, 463]], [[548, 462]], [[547, 461]], [[546, 461]], [[545, 461]], [[544, 461]], [[543, 461]], [[542, 462]], [[541, 463]], [[540, 463]], [[539, 464]], [[538, 465]], [[537, 465]], [[537, 466]], [[536, 467]], [[535, 468]], [[534, 469]], [[534, 470]], [[534, 471]], [[533, 472]], [[533, 473]], [[532, 474]], [[531, 475]], [[530, 475]], [[529, 474]], [[529, 473]], [[530, 472]], [[529, 471]], [[529, 470]], [[529, 469]], [[529, 468]], [[529, 467]], [[529, 466]], [[529, 465]], [[529, 464]], [[528, 463]], [[529, 462]], [[529, 461]], [[529, 460]], [[529, 459]], [[528, 458]], [[528, 457]], [[528, 456]], [[528, 455]], [[527, 454]], [[527, 453]], [[526, 452]], [[526, 451]], [[525, 450]], [[525, 449]], [[525, 448]], [[526, 447]], [[526, 446]], [[526, 445]], [[526, 444]], [[526, 443]], [[525, 442]], [[525, 441]], [[524, 440]], [[524, 439]], [[525, 438]], [[526, 437]], [[527, 436]], [[528, 436]], [[529, 436]], [[530, 436]], [[531, 436]], [[532, 436]], [[533, 435]], [[533, 434]], [[533, 433]], [[533, 432]], [[533, 431]], [[533, 430]], [[533, 429]], [[533, 428]], [[533, 427]], [[532, 426]], [[532, 425]], [[531, 424]], [[530, 423]], [[529, 423]], [[528, 422]], [[527, 422]], [[526, 422]], [[525, 422]], [[524, 421]]]",[[]],[]
118,118,"[[[683, 412]], [[682, 413]], [[681, 413]], [[680, 413]], [[679, 413]], [[678, 414]], [[677, 415]], [[677, 416]], [[676, 417]], [[676, 418]], [[675, 419]], [[675, 420]], [[675, 421]], [[674, 422]], [[673, 423]], [[673, 424]], [[672, 425]], [[672, 426]], [[672, 427]], [[672, 428]], [[673, 428]], [[674, 429]], [[674, 430]], [[675, 430]], [[676, 430]], [[677, 431]], [[678, 431]], [[679, 430]], [[680, 430]], [[681, 430]], [[682, 430]], [[683, 430]], [[684, 430]], [[685, 430]], [[686, 430]], [[687, 430]], [[688, 429]], [[689, 429]], [[690, 430]], [[691, 429]], [[692, 429]], [[693, 430]], [[694, 430]], [[695, 430]], [[696, 429]], [[697, 428]], [[698, 427]], [[698, 426]], [[698, 425]], [[699, 424]], [[700, 423]], [[700, 422]], [[699, 421]], [[699, 420]], [[698, 419]], [[697, 418]], [[696, 418]], [[695, 417]], [[694, 416]], [[694, 415]], [[693, 415]], [[692, 414]], [[691, 414]], [[690, 413]], [[689, 412]], [[688, 412]], [[687, 412]], [[686, 412]], [[685, 412]], [[684, 412]]]",[[]],[]
119,119,"[[[485, 410]], [[484, 411]], [[483, 411]], [[483, 412]], [[483, 413]], [[482, 414]], [[482, 415]], [[482, 416]], [[482, 417]], [[481, 418]], [[481, 419]], [[481, 420]], [[481, 421]], [[481, 422]], [[481, 423]], [[481, 424]], [[482, 425]], [[481, 426]], [[481, 427]], [[481, 428]], [[481, 429]], [[482, 430]], [[482, 431]], [[482, 432]], [[482, 433]], [[482, 434]], [[483, 434]], [[484, 434]], [[485, 435]], [[485, 436]], [[486, 436]], [[487, 437]], [[488, 436]], [[489, 435]], [[490, 435]], [[490, 434]], [[491, 433]], [[491, 432]], [[491, 431]], [[492, 430]], [[493, 430]], [[494, 429]], [[495, 428]], [[496, 427]], [[497, 426]], [[497, 425]], [[498, 424]], [[499, 423]], [[499, 422]], [[500, 421]], [[500, 420]], [[500, 419]], [[500, 418]], [[500, 417]], [[499, 416]], [[499, 415]], [[498, 414]], [[498, 413]], [[497, 412]], [[496, 412]], [[495, 412]], [[494, 412]], [[493, 411]], [[492, 410]], [[491, 410]], [[490, 410]], [[489, 410]], [[488, 410]], [[487, 410]], [[486, 410]]]",[[]],[]
120,120,"[[[584, 407]], [[583, 408]], [[582, 409]], [[581, 409]], [[580, 409]], [[579, 410]], [[578, 410]], [[577, 410]], [[576, 410]], [[575, 410]], [[574, 410]], [[573, 410]], [[573, 411]], [[572, 412]], [[571, 412]], [[570, 412]], [[569, 412]], [[568, 412]], [[567, 412]], [[566, 413]], [[565, 414]], [[565, 415]], [[565, 416]], [[564, 417]], [[563, 418]], [[563, 419]], [[563, 420]], [[563, 421]], [[563, 422]], [[564, 422]], [[565, 422]], [[566, 423]], [[567, 423]], [[568, 424]], [[569, 424]], [[570, 424]], [[571, 425]], [[572, 426]], [[573, 425]], [[574, 424]], [[575, 425]], [[575, 426]], [[575, 427]], [[574, 428]], [[573, 429]], [[572, 430]], [[571, 430]], [[570, 431]], [[570, 432]], [[569, 433]], [[569, 434]], [[568, 435]], [[567, 436]], [[566, 436]], [[565, 435]], [[566, 436]], [[567, 437]], [[567, 438]], [[567, 439]], [[567, 440]], [[567, 441]], [[568, 442]], [[568, 443]], [[569, 443]], [[570, 443]], [[571, 444]], [[571, 445]], [[571, 446]], [[571, 447]], [[571, 448]], [[572, 448]], [[573, 447]], [[574, 448]], [[575, 449]], [[575, 450]], [[575, 451]], [[574, 452]], [[574, 453]], [[574, 454]], [[575, 455]], [[575, 456]], [[574, 457]], [[573, 458]], [[572, 458]], [[571, 459]], [[570, 459]], [[569, 460]], [[568, 460]], [[567, 461]], [[566, 462]], [[566, 463]], [[566, 464]], [[566, 465]], [[566, 466]], [[566, 467]], [[566, 468]], [[566, 469]], [[566, 470]], [[566, 471]], [[566, 472]], [[566, 473]], [[566, 474]], [[567, 475]], [[567, 476]], [[568, 477]], [[569, 477]], [[570, 477]], [[571, 477]], [[572, 477]], [[573, 477]], [[574, 477]], [[575, 477]], [[576, 477]], [[577, 477]], [[578, 476]], [[579, 476]], [[580, 476]], [[581, 477]], [[582, 477]], [[583, 477]], [[584, 477]], [[585, 477]], [[586, 477]], [[587, 477]], [[588, 477]], [[589, 477]], [[590, 478]], [[591, 479]], [[592, 478]], [[593, 478]], [[594, 479]], [[595, 479]], [[596, 480]], [[597, 480]], [[598, 480]], [[599, 481]], [[600, 480]], [[601, 479]], [[602, 478]], [[603, 477]], [[604, 477]], [[605, 477]], [[606, 477]], [[607, 478]], [[608, 479]], [[608, 480]], [[609, 481]], [[610, 481]], [[611, 481]], [[612, 481]], [[613, 481]], [[614, 480]], [[615, 480]], [[616, 479]], [[617, 479]], [[618, 478]], [[618, 477]], [[618, 476]], [[618, 475]], [[618, 474]], [[618, 473]], [[618, 472]], [[618, 471]], [[618, 470]], [[619, 469]], [[620, 468]], [[621, 468]], [[622, 467]], [[623, 466]], [[624, 465]], [[625, 464]], [[626, 463]], [[626, 462]], [[627, 461]], [[627, 460]], [[628, 459]], [[628, 458]], [[628, 457]], [[629, 456]], [[629, 455]], [[630, 454]], [[630, 453]], [[629, 452]], [[629, 451]], [[629, 450]], [[629, 449]], [[629, 448]], [[629, 447]], [[629, 446]], [[629, 445]], [[629, 444]], [[629, 443]], [[629, 442]], [[629, 441]], [[629, 440]], [[628, 439]], [[628, 438]], [[628, 437]], [[628, 436]], [[628, 435]], [[627, 434]], [[627, 433]], [[627, 432]], [[626, 431]], [[626, 430]], [[626, 429]], [[625, 428]], [[625, 427]], [[624, 426]], [[624, 425]], [[623, 424]], [[622, 423]], [[621, 423]], [[620, 422]], [[619, 422]], [[618, 422]], [[617, 421]], [[616, 420]], [[615, 419]], [[614, 419]], [[613, 419]], [[612, 418]], [[611, 417]], [[610, 416]], [[609, 415]], [[608, 414]], [[607, 413]], [[607, 412]], [[606, 411]], [[605, 411]], [[604, 411]], [[603, 410]], [[602, 410]], [[601, 410]], [[600, 410]], [[599, 410]], [[598, 409]], [[597, 409]], [[596, 409]], [[595, 409]], [[594, 408]], [[593, 408]], [[592, 408]], [[591, 408]], [[590, 408]], [[589, 408]], [[588, 408]], [[587, 408]], [[586, 407]], [[585, 407]]]",[[]],[]
121,121,"[[[297, 407]], [[296, 408]], [[295, 408]], [[294, 409]], [[293, 409]], [[292, 409]], [[291, 410]], [[290, 411]], [[289, 411]], [[288, 412]], [[288, 413]], [[287, 414]], [[287, 415]], [[287, 416]], [[286, 417]], [[286, 418]], [[286, 419]], [[286, 420]], [[286, 421]], [[286, 422]], [[286, 423]], [[286, 424]], [[286, 425]], [[286, 426]], [[286, 427]], [[286, 428]], [[286, 429]], [[286, 430]], [[286, 431]], [[286, 432]], [[286, 433]], [[287, 434]], [[287, 435]], [[287, 436]], [[287, 437]], [[287, 438]], [[287, 439]], [[287, 440]], [[287, 441]], [[287, 442]], [[288, 443]], [[288, 444]], [[289, 444]], [[290, 445]], [[291, 445]], [[292, 445]], [[293, 446]], [[294, 446]], [[295, 447]], [[296, 447]], [[297, 447]], [[298, 447]], [[299, 447]], [[300, 447]], [[301, 447]], [[302, 446]], [[303, 446]], [[304, 445]], [[305, 444]], [[306, 444]], [[306, 443]], [[307, 442]], [[308, 441]], [[309, 440]], [[310, 441]], [[310, 442]], [[310, 443]], [[309, 444]], [[309, 445]], [[309, 446]], [[309, 447]], [[309, 448]], [[308, 449]], [[308, 450]], [[308, 451]], [[307, 452]], [[307, 453]], [[307, 454]], [[307, 455]], [[307, 456]], [[307, 457]], [[307, 458]], [[308, 459]], [[308, 460]], [[308, 461]], [[309, 462]], [[309, 463]], [[310, 464]], [[311, 465]], [[311, 466]], [[312, 466]], [[313, 467]], [[313, 468]], [[314, 469]], [[315, 470]], [[316, 471]], [[316, 472]], [[317, 472]], [[318, 473]], [[319, 473]], [[320, 473]], [[321, 474]], [[322, 475]], [[323, 475]], [[324, 475]], [[325, 476]], [[326, 477]], [[327, 478]], [[328, 477]], [[329, 477]], [[330, 476]], [[331, 476]], [[332, 476]], [[333, 476]], [[334, 476]], [[335, 476]], [[336, 475]], [[337, 475]], [[338, 475]], [[339, 475]], [[340, 475]], [[341, 475]], [[342, 474]], [[343, 474]], [[344, 473]], [[345, 473]], [[346, 473]], [[347, 473]], [[348, 473]], [[349, 474]], [[350, 475]], [[351, 475]], [[352, 476]], [[353, 477]], [[354, 478]], [[355, 478]], [[356, 479]], [[357, 480]], [[358, 480]], [[359, 480]], [[360, 480]], [[361, 480]], [[362, 480]], [[363, 479]], [[364, 479]], [[365, 479]], [[365, 478]], [[366, 477]], [[367, 476]], [[368, 476]], [[369, 475]], [[370, 475]], [[370, 474]], [[370, 473]], [[371, 472]], [[372, 471]], [[373, 470]], [[373, 469]], [[374, 468]], [[375, 467]], [[376, 467]], [[377, 467]], [[378, 467]], [[379, 466]], [[380, 465]], [[380, 464]], [[381, 463]], [[382, 462]], [[383, 462]], [[383, 461]], [[383, 460]], [[384, 459]], [[385, 458]], [[385, 457]], [[385, 456]], [[386, 455]], [[386, 454]], [[386, 453]], [[387, 452]], [[388, 451]], [[388, 450]], [[388, 449]], [[388, 448]], [[389, 447]], [[390, 446]], [[391, 445]], [[392, 444]], [[392, 443]], [[392, 442]], [[393, 441]], [[393, 440]], [[394, 439]], [[394, 438]], [[394, 437]], [[394, 436]], [[394, 435]], [[394, 434]], [[394, 433]], [[394, 432]], [[393, 431]], [[393, 430]], [[392, 429]], [[392, 428]], [[391, 427]], [[390, 426]], [[389, 425]], [[388, 424]], [[387, 423]], [[386, 422]], [[385, 422]], [[384, 422]], [[383, 421]], [[382, 422]], [[382, 423]], [[382, 424]], [[381, 425]], [[380, 426]], [[379, 427]], [[378, 428]], [[377, 428]], [[376, 428]], [[375, 428]], [[374, 429]], [[373, 429]], [[372, 429]], [[371, 430]], [[370, 430]], [[369, 430]], [[369, 431]], [[368, 432]], [[367, 433]], [[366, 434]], [[365, 434]], [[364, 434]], [[363, 435]], [[362, 435]], [[362, 436]], [[362, 437]], [[363, 438]], [[364, 439]], [[363, 440]], [[363, 441]], [[362, 442]], [[361, 442]], [[360, 441]], [[359, 440]], [[358, 440]], [[357, 440]], [[356, 439]], [[355, 438]], [[354, 437]], [[353, 437]], [[352, 436]], [[351, 436]], [[350, 436]], [[349, 436]], [[348, 436]], [[347, 435]], [[346, 435]], [[345, 435]], [[344, 434]], [[343, 434]], [[342, 434]], [[341, 434]], [[340, 434]], [[339, 434]], [[338, 434]], [[337, 434]], [[336, 434]], [[335, 434]], [[334, 434]], [[333, 434]], [[332, 434]], [[331, 434]], [[330, 434]], [[329, 435]], [[328, 435]], [[327, 435]], [[326, 435]], [[325, 435]], [[324, 435]], [[323, 435]], [[322, 436]], [[321, 435]], [[320, 435]], [[319, 435]], [[318, 435]], [[317, 435]], [[316, 436]], [[315, 437]], [[314, 438]], [[313, 438]], [[312, 439]], [[311, 439]], [[310, 438]], [[311, 437]], [[311, 436]], [[311, 435]], [[312, 434]], [[312, 433]], [[313, 432]], [[313, 431]], [[313, 430]], [[313, 429]], [[313, 428]], [[314, 427]], [[314, 426]], [[314, 425]], [[314, 424]], [[314, 423]], [[314, 422]], [[314, 421]], [[314, 420]], [[313, 419]], [[313, 418]], [[313, 417]], [[312, 416]], [[312, 415]], [[311, 414]], [[310, 413]], [[309, 412]], [[308, 411]], [[308, 410]], [[307, 409]], [[306, 408]], [[305, 408]], [[304, 408]], [[303, 407]], [[302, 407]], [[301, 408]], [[300, 407]], [[299, 407]], [[298, 407]]]","[[], [[[395, 419], [396, 420], [396, 421], [396, 422], [396, 423], [395, 424], [394, 423], [394, 422], [393, 422], [392, 422], [391, 422], [390, 422], [390, 423], [390, 424], [390, 425], [391, 426], [392, 426], [393, 427], [393, 428], [394, 429], [394, 430], [395, 431], [395, 432], [395, 433], [395, 434], [395, 435], [395, 436], [395, 437], [395, 438], [395, 439], [394, 440], [394, 441], [393, 442], [393, 443], [393, 444], [393, 445], [394, 444], [395, 445], [396, 445], [397, 445], [398, 446], [398, 447], [399, 448], [398, 449], [397, 450], [397, 451], [397, 452], [397, 453], [398, 452], [399, 451], [400, 451], [401, 451], [402, 451], [403, 452], [403, 451], [403, 450], [402, 450], [401, 449], [401, 448], [401, 447], [401, 446], [400, 446], [399, 445], [399, 444], [399, 443], [399, 442], [399, 441], [398, 440], [397, 439], [397, 438], [398, 437], [399, 436], [399, 435], [399, 434], [399, 433], [399, 432], [399, 431], [399, 430], [399, 429], [398, 428], [398, 427], [397, 426], [397, 425], [398, 424], [398, 423], [398, 422], [398, 421], [397, 420], [397, 419], [396, 419]]]]","[[], 78]"
122,122,"[[[666, 406]], [[665, 407]], [[664, 407]], [[663, 407]], [[662, 407]], [[661, 407]], [[660, 407]], [[659, 408]], [[659, 409]], [[659, 410]], [[658, 411]], [[657, 412]], [[657, 413]], [[658, 414]], [[658, 415]], [[659, 416]], [[660, 415]], [[661, 415]], [[662, 414]], [[663, 414]], [[664, 414]], [[665, 413]], [[666, 413]], [[667, 414]], [[668, 415]], [[669, 416]], [[670, 416]], [[671, 416]], [[672, 415]], [[673, 414]], [[674, 413]], [[674, 412]], [[674, 411]], [[675, 410]], [[675, 409]], [[674, 408]], [[673, 408]], [[672, 408]], [[671, 407]], [[670, 407]], [[669, 407]], [[668, 407]], [[667, 406]]]",[[]],[]
123,123,"[[[633, 405]], [[632, 406]], [[631, 406]], [[630, 407]], [[629, 408]], [[628, 409]], [[627, 410]], [[626, 411]], [[626, 412]], [[626, 413]], [[626, 414]], [[626, 415]], [[626, 416]], [[626, 417]], [[627, 418]], [[627, 419]], [[627, 420]], [[628, 421]], [[629, 421]], [[630, 422]], [[631, 422]], [[632, 422]], [[633, 422]], [[634, 421]], [[635, 420]], [[636, 419]], [[637, 419]], [[638, 419]], [[638, 418]], [[638, 417]], [[639, 416]], [[640, 415]], [[640, 414]], [[640, 413]], [[640, 412]], [[639, 411]], [[638, 410]], [[637, 409]], [[637, 408]], [[636, 407]], [[635, 406]], [[634, 405]]]",[[]],[]
124,124,"[[[40, 383]], [[39, 384]], [[38, 384]], [[37, 384]], [[36, 384]], [[35, 384]], [[34, 384]], [[33, 384]], [[32, 385]], [[31, 385]], [[30, 386]], [[29, 386]], [[29, 387]], [[28, 388]], [[28, 389]], [[27, 390]], [[26, 391]], [[25, 391]], [[24, 390]], [[24, 389]], [[24, 388]], [[23, 388]], [[22, 388]], [[21, 387]], [[20, 387]], [[19, 388]], [[18, 388]], [[18, 389]], [[17, 390]], [[16, 391]], [[15, 392]], [[14, 393]], [[13, 394]], [[13, 395]], [[12, 396]], [[12, 397]], [[11, 398]], [[11, 399]], [[11, 400]], [[11, 401]], [[11, 402]], [[11, 403]], [[11, 404]], [[11, 405]], [[11, 406]], [[11, 407]], [[10, 408]], [[10, 409]], [[10, 410]], [[10, 411]], [[10, 412]], [[11, 413]], [[11, 414]], [[11, 415]], [[12, 416]], [[13, 417]], [[14, 418]], [[15, 419]], [[16, 420]], [[17, 421]], [[17, 422]], [[16, 423]], [[16, 424]], [[15, 425]], [[15, 426]], [[14, 427]], [[14, 428]], [[14, 429]], [[14, 430]], [[13, 431]], [[12, 432]], [[11, 433]], [[10, 433]], [[9, 432]], [[9, 431]], [[9, 430]], [[9, 429]], [[8, 429]], [[7, 429]], [[6, 430]], [[5, 430]], [[5, 431]], [[6, 432]], [[6, 433]], [[6, 434]], [[7, 435]], [[7, 436]], [[8, 436]], [[9, 437]], [[10, 437]], [[11, 438]], [[11, 439]], [[11, 440]], [[11, 441]], [[11, 442]], [[12, 443]], [[13, 444]], [[13, 445]], [[14, 446]], [[14, 447]], [[14, 448]], [[15, 449]], [[15, 450]], [[16, 451]], [[17, 452]], [[18, 453]], [[19, 454]], [[20, 455]], [[20, 456]], [[20, 457]], [[19, 458]], [[18, 459]], [[17, 460]], [[17, 461]], [[17, 462]], [[16, 463]], [[16, 464]], [[15, 465]], [[14, 465]], [[13, 466]], [[12, 466]], [[11, 466]], [[10, 466]], [[9, 466]], [[8, 466]], [[7, 466]], [[6, 467]], [[5, 468]], [[4, 469]], [[3, 470]], [[3, 471]], [[2, 472]], [[2, 473]], [[2, 474]], [[2, 475]], [[2, 476]], [[2, 477]], [[1, 478]], [[1, 479]], [[2, 480]], [[2, 481]], [[2, 482]], [[2, 483]], [[2, 484]], [[3, 485]], [[4, 486]], [[5, 486]], [[6, 487]], [[7, 488]], [[8, 488]], [[9, 488]], [[10, 487]], [[11, 488]], [[12, 488]], [[13, 489]], [[14, 490]], [[14, 491]], [[15, 491]], [[16, 491]], [[17, 490]], [[18, 489]], [[19, 489]], [[20, 489]], [[21, 489]], [[22, 489]], [[23, 489]], [[24, 489]], [[25, 489]], [[26, 489]], [[27, 489]], [[28, 489]], [[29, 489]], [[30, 488]], [[31, 488]], [[32, 488]], [[33, 487]], [[34, 487]], [[35, 487]], [[36, 486]], [[37, 486]], [[38, 486]], [[38, 485]], [[38, 484]], [[38, 483]], [[37, 483]], [[36, 483]], [[35, 482]], [[35, 481]], [[35, 480]], [[34, 479]], [[34, 478]], [[35, 477]], [[35, 476]], [[36, 475]], [[37, 474]], [[37, 473]], [[37, 472]], [[38, 471]], [[38, 470]], [[38, 469]], [[38, 468]], [[38, 467]], [[37, 466]], [[37, 465]], [[36, 464]], [[35, 464]], [[34, 463]], [[33, 463]], [[32, 463]], [[31, 463]], [[30, 463]], [[29, 463]], [[28, 462]], [[28, 461]], [[29, 460]], [[30, 459]], [[31, 459]], [[32, 459]], [[33, 459]], [[34, 459]], [[35, 459]], [[36, 460]], [[37, 460]], [[38, 460]], [[39, 460]], [[40, 459]], [[41, 459]], [[42, 460]], [[42, 461]], [[42, 462]], [[42, 463]], [[42, 464]], [[42, 465]], [[43, 466]], [[44, 467]], [[45, 467]], [[46, 468]], [[47, 468]], [[48, 469]], [[49, 470]], [[50, 470]], [[51, 471]], [[52, 470]], [[53, 470]], [[54, 470]], [[55, 471]], [[56, 471]], [[57, 471]], [[58, 472]], [[59, 472]], [[60, 472]], [[61, 471]], [[62, 470]], [[63, 470]], [[63, 469]], [[64, 468]], [[65, 467]], [[65, 466]], [[66, 465]], [[67, 465]], [[68, 464]], [[68, 463]], [[68, 462]], [[68, 461]], [[69, 460]], [[69, 459]], [[69, 458]], [[69, 457]], [[70, 456]], [[70, 455]], [[70, 454]], [[70, 453]], [[70, 452]], [[71, 451]], [[72, 450]], [[72, 449]], [[73, 448]], [[72, 447]], [[72, 446]], [[72, 445]], [[72, 444]], [[72, 443]], [[72, 442]], [[72, 441]], [[72, 440]], [[73, 439]], [[73, 438]], [[73, 437]], [[73, 436]], [[73, 435]], [[73, 434]], [[73, 433]], [[73, 432]], [[73, 431]], [[73, 430]], [[74, 429]], [[74, 428]], [[74, 427]], [[74, 426]], [[74, 425]], [[74, 424]], [[74, 423]], [[74, 422]], [[74, 421]], [[75, 420]], [[74, 419]], [[74, 418]], [[74, 417]], [[74, 416]], [[74, 415]], [[74, 414]], [[74, 413]], [[74, 412]], [[74, 411]], [[75, 410]], [[76, 409]], [[77, 408]], [[77, 407]], [[78, 406]], [[78, 405]], [[78, 404]], [[78, 403]], [[78, 402]], [[78, 401]], [[78, 400]], [[78, 399]], [[77, 398]], [[77, 397]], [[77, 396]], [[77, 395]], [[77, 394]], [[77, 393]], [[77, 392]], [[76, 391]], [[76, 390]], [[75, 389]], [[74, 389]], [[73, 389]], [[72, 388]], [[72, 389]], [[72, 390]], [[72, 391]], [[72, 392]], [[73, 393]], [[72, 394]], [[71, 395]], [[71, 396]], [[71, 397]], [[70, 398]], [[69, 398]], [[68, 397]], [[68, 396]], [[68, 395]], [[68, 394]], [[68, 393]], [[67, 392]], [[67, 391]], [[67, 390]], [[67, 389]], [[66, 388]], [[65, 388]], [[64, 387]], [[63, 387]], [[62, 388]], [[61, 388]], [[60, 387]], [[59, 386]], [[58, 386]], [[57, 386]], [[56, 386]], [[55, 386]], [[54, 386]], [[53, 386]], [[52, 385]], [[51, 385]], [[50, 385]], [[49, 385]], [[48, 385]], [[47, 384]], [[46, 384]], [[45, 383]], [[44, 383]], [[43, 383]], [[42, 383]], [[41, 383]]]",[[]],[]
125,125,"[[[522, 378]], [[521, 379]], [[520, 379]], [[519, 379]], [[518, 379]], [[517, 379]], [[516, 379]], [[515, 380]], [[514, 380]], [[513, 380]], [[512, 380]], [[511, 380]], [[510, 380]], [[509, 380]], [[508, 381]], [[507, 381]], [[506, 381]], [[505, 381]], [[504, 382]], [[503, 382]], [[502, 382]], [[501, 382]], [[500, 382]], [[499, 382]], [[498, 382]], [[497, 382]], [[496, 382]], [[495, 382]], [[494, 383]], [[493, 384]], [[492, 384]], [[492, 385]], [[491, 386]], [[491, 387]], [[491, 388]], [[491, 389]], [[491, 390]], [[491, 391]], [[492, 392]], [[492, 393]], [[492, 394]], [[492, 395]], [[493, 395]], [[494, 396]], [[495, 396]], [[496, 396]], [[497, 396]], [[498, 396]], [[499, 396]], [[500, 396]], [[501, 395]], [[502, 395]], [[503, 395]], [[504, 395]], [[505, 394]], [[506, 394]], [[507, 394]], [[508, 394]], [[509, 394]], [[510, 394]], [[511, 393]], [[512, 393]], [[513, 393]], [[514, 393]], [[515, 393]], [[516, 393]], [[517, 393]], [[518, 393]], [[519, 392]], [[520, 393]], [[521, 392]], [[522, 393]], [[523, 393]], [[524, 393]], [[525, 393]], [[526, 393]], [[527, 392]], [[528, 392]], [[529, 391]], [[530, 390]], [[530, 389]], [[530, 388]], [[531, 387]], [[531, 386]], [[531, 385]], [[531, 384]], [[530, 383]], [[530, 382]], [[529, 381]], [[529, 380]], [[528, 380]], [[527, 379]], [[527, 378]], [[526, 379]], [[525, 379]], [[524, 378]], [[523, 378]]]","[[], [[[535, 381], [534, 382], [533, 383], [532, 383], [532, 384], [533, 385], [532, 386], [532, 387], [532, 388], [531, 389], [531, 390], [531, 391], [530, 392], [529, 393], [528, 393], [528, 394], [529, 395], [530, 395], [531, 395], [531, 394], [531, 393], [530, 392], [531, 391], [532, 391], [533, 391], [533, 390], [533, 389], [533, 388], [533, 387], [533, 386], [533, 385], [533, 384], [534, 383], [535, 382]]]]","[[], 83]"
126,126,"[[[89, 377]], [[88, 378]], [[87, 378]], [[86, 378]], [[85, 379]], [[85, 380]], [[84, 381]], [[84, 382]], [[84, 383]], [[84, 384]], [[83, 385]], [[82, 385]], [[83, 385]], [[84, 386]], [[85, 387]], [[86, 387]], [[87, 387]], [[88, 386]], [[89, 387]], [[90, 387]], [[91, 388]], [[91, 389]], [[91, 390]], [[91, 391]], [[92, 392]], [[93, 392]], [[94, 392]], [[95, 393]], [[96, 393]], [[97, 393]], [[98, 392]], [[99, 392]], [[100, 392]], [[101, 392]], [[102, 392]], [[103, 393]], [[104, 392]], [[104, 391]], [[104, 390]], [[104, 389]], [[103, 388]], [[103, 387]], [[102, 386]], [[101, 385]], [[101, 384]], [[100, 383]], [[99, 382]], [[98, 381]], [[97, 381]], [[96, 380]], [[95, 379]], [[94, 378]], [[93, 378]], [[92, 377]], [[91, 377]], [[90, 377]]]",[[]],[]
127,127,"[[[270, 367]], [[270, 368]], [[269, 369]], [[268, 370]], [[268, 371]], [[268, 372]], [[268, 373]], [[267, 374]], [[267, 375]], [[267, 376]], [[267, 377]], [[266, 378]], [[265, 379]], [[265, 380]], [[264, 381]], [[264, 382]], [[264, 383]], [[264, 384]], [[265, 385]], [[265, 386]], [[266, 387]], [[265, 388]], [[264, 389]], [[263, 389]], [[262, 389]], [[261, 389]], [[260, 389]], [[259, 389]], [[258, 390]], [[257, 390]], [[256, 391]], [[255, 392]], [[254, 393]], [[253, 394]], [[252, 395]], [[252, 396]], [[252, 397]], [[252, 398]], [[251, 399]], [[251, 400]], [[252, 401]], [[252, 402]], [[253, 403]], [[253, 404]], [[253, 405]], [[254, 406]], [[254, 407]], [[253, 408]], [[252, 409]], [[251, 410]], [[250, 410]], [[249, 409]], [[248, 408]], [[247, 408]], [[246, 407]], [[245, 407]], [[244, 406]], [[243, 406]], [[242, 406]], [[242, 407]], [[241, 408]], [[240, 409]], [[239, 410]], [[238, 411]], [[237, 412]], [[236, 413]], [[235, 413]], [[234, 413]], [[233, 414]], [[232, 414]], [[231, 414]], [[230, 414]], [[229, 413]], [[228, 414]], [[227, 414]], [[226, 415]], [[225, 415]], [[224, 415]], [[223, 415]], [[222, 415]], [[221, 416]], [[220, 416]], [[219, 416]], [[218, 416]], [[217, 417]], [[216, 418]], [[216, 419]], [[215, 420]], [[214, 420]], [[213, 420]], [[212, 420]], [[211, 420]], [[210, 420]], [[210, 421]], [[209, 422]], [[208, 423]], [[208, 424]], [[207, 425]], [[206, 426]], [[205, 427]], [[205, 428]], [[205, 429]], [[204, 430]], [[203, 431]], [[202, 431]], [[202, 432]], [[202, 433]], [[202, 434]], [[202, 435]], [[203, 436]], [[203, 437]], [[203, 438]], [[203, 439]], [[204, 440]], [[204, 441]], [[205, 442]], [[206, 442]], [[207, 442]], [[208, 442]], [[209, 442]], [[210, 442]], [[211, 443]], [[212, 443]], [[213, 443]], [[214, 444]], [[215, 444]], [[216, 443]], [[217, 443]], [[218, 444]], [[219, 444]], [[220, 445]], [[221, 446]], [[222, 447]], [[223, 448]], [[223, 449]], [[224, 450]], [[225, 451]], [[226, 452]], [[227, 453]], [[226, 454]], [[227, 455]], [[228, 455]], [[229, 456]], [[230, 456]], [[231, 457]], [[232, 458]], [[233, 458]], [[234, 458]], [[235, 459]], [[236, 459]], [[237, 458]], [[238, 458]], [[239, 457]], [[240, 456]], [[241, 457]], [[242, 457]], [[243, 458]], [[244, 459]], [[245, 460]], [[246, 461]], [[247, 462]], [[248, 462]], [[249, 463]], [[250, 462]], [[251, 462]], [[252, 462]], [[253, 461]], [[254, 460]], [[255, 460]], [[255, 459]], [[256, 458]], [[256, 457]], [[255, 456]], [[255, 455]], [[256, 454]], [[256, 453]], [[256, 452]], [[256, 451]], [[256, 450]], [[257, 449]], [[258, 449]], [[259, 448]], [[260, 447]], [[261, 446]], [[262, 445]], [[263, 444]], [[264, 443]], [[264, 442]], [[265, 441]], [[266, 441]], [[266, 440]], [[267, 439]], [[268, 438]], [[269, 437]], [[270, 436]], [[271, 435]], [[272, 434]], [[272, 433]], [[272, 432]], [[272, 431]], [[272, 430]], [[272, 429]], [[272, 428]], [[272, 427]], [[272, 426]], [[273, 425]], [[273, 424]], [[274, 423]], [[274, 422]], [[274, 421]], [[274, 420]], [[274, 419]], [[274, 418]], [[275, 417]], [[274, 416]], [[274, 415]], [[274, 414]], [[273, 413]], [[272, 412]], [[272, 411]], [[271, 410]], [[270, 409]], [[270, 408]], [[269, 408]], [[268, 408]], [[267, 407]], [[268, 406]], [[269, 405]], [[270, 404]], [[271, 404]], [[272, 404]], [[273, 403]], [[274, 403]], [[275, 403]], [[276, 403]], [[277, 403]], [[278, 402]], [[279, 402]], [[280, 401]], [[281, 400]], [[282, 399]], [[283, 398]], [[284, 397]], [[284, 396]], [[284, 395]], [[284, 394]], [[284, 393]], [[284, 392]], [[284, 391]], [[284, 390]], [[284, 389]], [[283, 388]], [[282, 388]], [[281, 388]], [[280, 388]], [[279, 388]], [[278, 387]], [[277, 386]], [[277, 385]], [[277, 384]], [[277, 383]], [[278, 382]], [[278, 381]], [[278, 380]], [[278, 379]], [[278, 378]], [[278, 377]], [[278, 376]], [[278, 375]], [[278, 374]], [[278, 373]], [[278, 372]], [[278, 371]], [[278, 370]], [[278, 369]], [[277, 368]], [[276, 368]], [[275, 367]], [[274, 367]], [[273, 367]], [[272, 367]], [[271, 367]]]",[[]],[]
128,128,"[[[440, 363]], [[439, 364]], [[438, 364]], [[437, 364]], [[436, 365]], [[437, 366]], [[436, 367]], [[436, 368]], [[437, 369]], [[437, 370]], [[436, 371]], [[435, 370]], [[434, 370]], [[433, 369]], [[432, 369]], [[431, 369]], [[430, 369]], [[429, 369]], [[428, 370]], [[428, 371]], [[428, 372]], [[428, 373]], [[428, 374]], [[428, 375]], [[427, 376]], [[426, 377]], [[426, 378]], [[425, 379]], [[425, 380]], [[424, 381]], [[424, 382]], [[423, 383]], [[423, 384]], [[423, 385]], [[423, 386]], [[423, 387]], [[423, 388]], [[423, 389]], [[423, 390]], [[423, 391]], [[423, 392]], [[423, 393]], [[424, 394]], [[424, 395]], [[425, 396]], [[425, 397]], [[425, 398]], [[426, 399]], [[427, 399]], [[428, 400]], [[428, 401]], [[428, 402]], [[429, 402]], [[430, 403]], [[430, 404]], [[431, 405]], [[432, 406]], [[433, 407]], [[434, 407]], [[435, 408]], [[435, 409]], [[436, 410]], [[436, 411]], [[435, 412]], [[434, 411]], [[433, 411]], [[432, 410]], [[431, 410]], [[430, 410]], [[429, 410]], [[428, 411]], [[428, 412]], [[428, 413]], [[428, 414]], [[428, 415]], [[429, 416]], [[429, 417]], [[430, 416]], [[431, 417]], [[432, 416]], [[433, 415]], [[434, 415]], [[435, 415]], [[436, 415]], [[437, 416]], [[438, 417]], [[438, 418]], [[438, 419]], [[439, 420]], [[440, 421]], [[441, 422]], [[441, 423]], [[441, 424]], [[440, 425]], [[440, 426]], [[440, 427]], [[440, 428]], [[440, 429]], [[441, 430]], [[441, 431]], [[442, 432]], [[443, 433]], [[443, 434]], [[444, 435]], [[445, 436]], [[444, 437]], [[445, 438]], [[444, 439]], [[443, 439]], [[443, 440]], [[443, 441]], [[443, 442]], [[443, 443]], [[443, 444]], [[444, 445]], [[444, 446]], [[445, 447]], [[446, 447]], [[447, 447]], [[448, 448]], [[449, 448]], [[450, 449]], [[451, 449]], [[452, 449]], [[453, 450]], [[454, 449]], [[454, 448]], [[455, 447]], [[456, 446]], [[456, 445]], [[457, 444]], [[458, 443]], [[459, 443]], [[460, 443]], [[461, 443]], [[462, 443]], [[463, 443]], [[464, 443]], [[465, 442]], [[466, 441]], [[467, 440]], [[468, 439]], [[468, 438]], [[468, 437]], [[469, 436]], [[469, 435]], [[469, 434]], [[470, 433]], [[470, 432]], [[471, 431]], [[471, 430]], [[471, 429]], [[471, 428]], [[471, 427]], [[472, 426]], [[472, 425]], [[473, 424]], [[474, 423]], [[474, 422]], [[473, 421]], [[473, 420]], [[472, 419]], [[472, 418]], [[473, 417]], [[473, 416]], [[473, 415]], [[473, 414]], [[473, 413]], [[474, 412]], [[474, 411]], [[475, 410]], [[475, 409]], [[476, 408]], [[476, 407]], [[476, 406]], [[477, 405]], [[477, 404]], [[477, 403]], [[477, 402]], [[477, 401]], [[477, 400]], [[477, 399]], [[476, 398]], [[475, 397]], [[474, 396]], [[474, 395]], [[473, 395]], [[472, 394]], [[472, 393]], [[472, 392]], [[471, 391]], [[471, 390]], [[470, 389]], [[469, 388]], [[468, 387]], [[468, 386]], [[467, 385]], [[467, 384]], [[467, 383]], [[468, 382]], [[468, 381]], [[468, 380]], [[468, 379]], [[468, 378]], [[467, 378]], [[466, 377]], [[465, 377]], [[464, 376]], [[463, 376]], [[462, 376]], [[461, 376]], [[460, 375]], [[459, 374]], [[458, 373]], [[457, 372]], [[457, 371]], [[457, 370]], [[456, 369]], [[455, 368]], [[454, 367]], [[453, 366]], [[452, 366]], [[451, 366]], [[450, 366]], [[449, 366]], [[448, 366]], [[447, 365]], [[446, 365]], [[445, 364]], [[444, 364]], [[443, 364]], [[442, 363]], [[441, 363]]]","[[], [[[421, 391], [420, 392], [419, 392], [418, 393], [417, 394], [417, 395], [417, 396], [416, 397], [415, 398], [415, 399], [414, 400], [413, 400], [413, 401], [412, 402], [411, 403], [412, 403], [413, 404], [414, 404], [415, 405], [416, 405], [417, 404], [418, 404], [419, 404], [420, 403], [421, 402], [422, 402], [423, 403], [423, 404], [423, 405], [423, 406], [424, 406], [425, 407], [426, 407], [427, 407], [428, 408], [428, 409], [428, 408], [428, 407], [427, 406], [426, 405], [425, 404], [424, 403], [423, 403], [422, 402], [421, 401], [420, 400], [420, 399], [421, 398], [422, 397], [423, 396], [423, 395], [422, 394], [422, 393], [421, 392]]]]","[[], 84]"
129,129,"[[[603, 362]], [[602, 363]], [[601, 363]], [[600, 364]], [[599, 364]], [[598, 364]], [[597, 365]], [[596, 366]], [[595, 367]], [[594, 368]], [[593, 369]], [[592, 370]], [[592, 371]], [[592, 372]], [[591, 373]], [[591, 374]], [[591, 375]], [[591, 376]], [[591, 377]], [[591, 378]], [[591, 379]], [[591, 380]], [[592, 381]], [[592, 382]], [[592, 383]], [[592, 384]], [[593, 385]], [[593, 386]], [[593, 387]], [[594, 388]], [[594, 389]], [[594, 390]], [[595, 391]], [[595, 392]], [[596, 393]], [[596, 394]], [[596, 395]], [[597, 396]], [[597, 397]], [[598, 398]], [[598, 399]], [[599, 400]], [[599, 401]], [[599, 402]], [[600, 403]], [[601, 404]], [[601, 405]], [[602, 405]], [[603, 406]], [[604, 406]], [[605, 407]], [[606, 407]], [[607, 408]], [[608, 408]], [[609, 408]], [[610, 407]], [[611, 407]], [[612, 407]], [[613, 406]], [[614, 406]], [[615, 405]], [[616, 404]], [[617, 404]], [[618, 404]], [[619, 403]], [[620, 402]], [[621, 401]], [[622, 401]], [[623, 400]], [[624, 399]], [[625, 398]], [[625, 397]], [[626, 396]], [[626, 395]], [[626, 394]], [[626, 393]], [[626, 392]], [[626, 391]], [[626, 390]], [[626, 389]], [[627, 388]], [[627, 387]], [[627, 386]], [[627, 385]], [[627, 384]], [[626, 383]], [[626, 382]], [[625, 382]], [[624, 381]], [[623, 380]], [[622, 379]], [[622, 378]], [[621, 377]], [[621, 376]], [[620, 375]], [[620, 374]], [[619, 373]], [[618, 372]], [[618, 371]], [[617, 370]], [[616, 369]], [[616, 368]], [[615, 367]], [[615, 366]], [[614, 366]], [[613, 365]], [[612, 364]], [[612, 363]], [[611, 362]], [[610, 362]], [[609, 362]], [[608, 362]], [[607, 362]], [[606, 362]], [[605, 362]], [[604, 362]]]","[[[[596, 360], [595, 361], [594, 362], [593, 362], [592, 362], [591, 362], [591, 363], [591, 364], [591, 365], [591, 366], [590, 367], [589, 367], [588, 367], [587, 367], [587, 368], [587, 369], [586, 370], [585, 371], [584, 371], [583, 371], [584, 372], [585, 372], [586, 372], [587, 373], [588, 372], [589, 372], [590, 372], [590, 371], [590, 370], [591, 369], [591, 368], [591, 367], [592, 366], [593, 366], [594, 366], [595, 365], [596, 364], [597, 363], [598, 362], [597, 361]]], []]","[85, []]"
130,130,"[[[667, 351]], [[666, 352]], [[665, 353]], [[664, 354]], [[663, 355]], [[662, 355]], [[661, 356]], [[660, 357]], [[659, 357]], [[658, 357]], [[657, 357]], [[656, 358]], [[655, 358]], [[654, 358]], [[653, 358]], [[652, 359]], [[651, 360]], [[651, 361]], [[650, 362]], [[649, 362]], [[648, 363]], [[648, 364]], [[647, 365]], [[646, 366]], [[645, 367]], [[645, 368]], [[644, 369]], [[644, 370]], [[644, 371]], [[644, 372]], [[644, 373]], [[644, 374]], [[644, 375]], [[644, 376]], [[644, 377]], [[644, 378]], [[644, 379]], [[645, 380]], [[645, 381]], [[645, 382]], [[646, 383]], [[646, 384]], [[647, 385]], [[647, 386]], [[648, 387]], [[648, 388]], [[649, 389]], [[649, 390]], [[650, 391]], [[650, 392]], [[650, 393]], [[651, 394]], [[652, 395]], [[652, 396]], [[653, 397]], [[654, 398]], [[655, 399]], [[655, 400]], [[656, 401]], [[656, 402]], [[656, 403]], [[657, 403]], [[658, 403]], [[659, 403]], [[660, 403]], [[661, 403]], [[662, 403]], [[663, 403]], [[664, 403]], [[665, 403]], [[666, 402]], [[667, 401]], [[668, 401]], [[669, 401]], [[670, 402]], [[671, 402]], [[672, 402]], [[673, 401]], [[674, 400]], [[675, 400]], [[676, 400]], [[677, 400]], [[678, 400]], [[679, 401]], [[680, 401]], [[681, 400]], [[682, 400]], [[683, 399]], [[684, 399]], [[685, 398]], [[685, 397]], [[685, 396]], [[686, 395]], [[686, 394]], [[686, 393]], [[687, 392]], [[688, 391]], [[688, 390]], [[689, 389]], [[690, 389]], [[690, 388]], [[689, 387]], [[689, 386]], [[690, 385]], [[690, 384]], [[691, 383]], [[691, 382]], [[692, 381]], [[692, 380]], [[692, 379]], [[692, 378]], [[692, 377]], [[692, 376]], [[692, 375]], [[692, 374]], [[692, 373]], [[692, 372]], [[692, 371]], [[691, 370]], [[691, 369]], [[691, 368]], [[690, 367]], [[690, 366]], [[689, 365]], [[689, 364]], [[688, 363]], [[687, 362]], [[686, 361]], [[685, 360]], [[685, 359]], [[685, 358]], [[684, 357]], [[683, 356]], [[682, 355]], [[681, 355]], [[680, 355]], [[679, 354]], [[678, 354]], [[677, 353]], [[676, 352]], [[675, 351]], [[674, 351]], [[673, 351]], [[672, 351]], [[671, 351]], [[670, 351]], [[669, 351]], [[668, 351]]]",[[]],[]
131,131,"[[[375, 348]], [[374, 349]], [[373, 349]], [[372, 350]], [[371, 350]], [[370, 351]], [[370, 352]], [[369, 353]], [[368, 354]], [[368, 355]], [[368, 356]], [[367, 357]], [[367, 358]], [[367, 359]], [[367, 360]], [[367, 361]], [[367, 362]], [[367, 363]], [[367, 364]], [[366, 365]], [[366, 366]], [[366, 367]], [[366, 368]], [[366, 369]], [[366, 370]], [[366, 371]], [[365, 372]], [[365, 373]], [[364, 374]], [[364, 375]], [[363, 376]], [[362, 377]], [[361, 378]], [[360, 379]], [[359, 380]], [[358, 381]], [[357, 381]], [[356, 382]], [[356, 383]], [[355, 384]], [[355, 385]], [[354, 386]], [[354, 387]], [[355, 388]], [[355, 389]], [[356, 390]], [[356, 391]], [[357, 391]], [[358, 390]], [[359, 390]], [[360, 390]], [[361, 390]], [[362, 389]], [[363, 389]], [[364, 389]], [[365, 388]], [[366, 388]], [[367, 388]], [[368, 387]], [[369, 387]], [[370, 387]], [[371, 386]], [[372, 386]], [[373, 386]], [[374, 386]], [[375, 385]], [[376, 385]], [[377, 385]], [[378, 384]], [[379, 383]], [[380, 382]], [[381, 381]], [[381, 380]], [[381, 379]], [[382, 378]], [[383, 377]], [[384, 376]], [[385, 375]], [[385, 374]], [[386, 373]], [[386, 372]], [[387, 371]], [[387, 370]], [[387, 369]], [[388, 368]], [[388, 367]], [[388, 366]], [[388, 365]], [[388, 364]], [[387, 363]], [[387, 362]], [[387, 361]], [[386, 360]], [[386, 359]], [[385, 358]], [[385, 357]], [[384, 356]], [[384, 355]], [[383, 354]], [[383, 353]], [[382, 352]], [[382, 351]], [[381, 350]], [[380, 349]], [[379, 348]], [[378, 348]], [[377, 348]], [[376, 348]]]",[[]],[]
132,132,"[[[769, 342]], [[769, 343]], [[768, 344]], [[767, 344]], [[766, 345]], [[765, 345]], [[764, 346]], [[764, 347]], [[763, 348]], [[763, 349]], [[763, 350]], [[763, 351]], [[762, 352]], [[762, 353]], [[761, 354]], [[761, 355]], [[760, 356]], [[760, 357]], [[759, 358]], [[758, 359]], [[757, 359]], [[756, 359]], [[755, 360]], [[754, 361]], [[753, 361]], [[752, 361]], [[751, 361]], [[750, 361]], [[749, 361]], [[748, 360]], [[747, 360]], [[746, 359]], [[745, 359]], [[744, 359]], [[743, 359]], [[742, 359]], [[741, 359]], [[740, 359]], [[739, 359]], [[738, 359]], [[737, 359]], [[736, 359]], [[735, 360]], [[735, 361]], [[735, 362]], [[735, 363]], [[736, 363]], [[737, 364]], [[737, 365]], [[737, 366]], [[738, 367]], [[738, 368]], [[738, 369]], [[738, 370]], [[738, 371]], [[738, 372]], [[738, 373]], [[738, 374]], [[737, 375]], [[736, 376]], [[735, 376]], [[735, 377]], [[734, 378]], [[734, 379]], [[733, 380]], [[733, 381]], [[732, 382]], [[732, 383]], [[732, 384]], [[732, 385]], [[731, 386]], [[731, 387]], [[732, 388]], [[732, 389]], [[732, 390]], [[732, 391]], [[732, 392]], [[732, 393]], [[732, 394]], [[732, 395]], [[732, 396]], [[732, 397]], [[732, 398]], [[732, 399]], [[732, 400]], [[732, 401]], [[731, 402]], [[730, 403]], [[730, 404]], [[731, 405]], [[731, 406]], [[731, 407]], [[731, 408]], [[731, 409]], [[732, 410]], [[732, 411]], [[732, 412]], [[731, 413]], [[731, 414]], [[731, 415]], [[731, 416]], [[732, 417]], [[732, 418]], [[733, 419]], [[733, 420]], [[733, 421]], [[734, 422]], [[734, 423]], [[734, 424]], [[734, 425]], [[734, 426]], [[734, 427]], [[735, 428]], [[735, 429]], [[735, 430]], [[736, 431]], [[737, 432]], [[737, 433]], [[737, 434]], [[738, 434]], [[739, 435]], [[740, 436]], [[740, 437]], [[741, 438]], [[742, 439]], [[742, 440]], [[742, 441]], [[743, 441]], [[744, 442]], [[745, 443]], [[746, 444]], [[746, 445]], [[747, 446]], [[748, 446]], [[749, 447]], [[750, 447]], [[751, 447]], [[752, 447]], [[753, 448]], [[754, 448]], [[755, 447]], [[756, 447]], [[757, 446]], [[758, 445]], [[759, 444]], [[760, 444]], [[760, 443]], [[761, 442]], [[762, 442]], [[762, 441]], [[762, 440]], [[762, 439]], [[763, 438]], [[763, 437]], [[764, 436]], [[765, 435]], [[766, 434]], [[767, 433]], [[768, 433]], [[769, 433]], [[770, 433]], [[771, 433]], [[772, 433]], [[773, 433]], [[774, 432]], [[775, 431]], [[776, 430]], [[777, 430]], [[778, 429]], [[779, 428]], [[780, 428]], [[781, 427]], [[782, 427]], [[783, 426]], [[784, 426]], [[785, 425]], [[786, 425]], [[787, 424]], [[788, 424]], [[789, 423]], [[790, 423]], [[790, 422]], [[791, 421]], [[792, 421]], [[792, 420]], [[793, 419]], [[794, 419]], [[793, 418]], [[793, 417]], [[793, 416]], [[794, 415]], [[795, 415]], [[796, 416]], [[796, 417]], [[796, 418]], [[796, 419]], [[797, 419]], [[798, 420]], [[798, 421]], [[798, 422]], [[798, 423]], [[799, 424]], [[799, 425]], [[800, 426]], [[801, 427]], [[801, 428]], [[802, 429]], [[803, 430]], [[804, 430]], [[805, 430]], [[806, 431]], [[807, 431]], [[808, 431]], [[809, 431]], [[810, 431]], [[811, 432]], [[811, 431]], [[812, 430]], [[813, 429]], [[814, 428]], [[815, 427]], [[815, 426]], [[816, 425]], [[816, 424]], [[816, 423]], [[816, 422]], [[816, 421]], [[815, 420]], [[815, 419]], [[815, 418]], [[816, 417]], [[817, 418]], [[818, 417]], [[819, 416]], [[819, 415]], [[820, 414]], [[820, 413]], [[820, 412]], [[821, 411]], [[821, 410]], [[822, 409]], [[823, 408]], [[823, 407]], [[824, 406]], [[824, 405]], [[824, 404]], [[824, 403]], [[824, 402]], [[823, 402]], [[822, 401]], [[821, 400]], [[820, 400]], [[819, 400]], [[818, 399]], [[817, 398]], [[816, 397]], [[815, 397]], [[814, 396]], [[813, 396]], [[812, 396]], [[811, 396]], [[810, 396]], [[809, 396]], [[808, 395]], [[807, 395]], [[806, 395]], [[805, 395]], [[804, 395]], [[803, 395]], [[802, 395]], [[801, 394]], [[801, 393]], [[801, 392]], [[800, 391]], [[800, 390]], [[800, 389]], [[799, 388]], [[798, 387]], [[798, 386]], [[797, 385]], [[797, 384]], [[796, 383]], [[796, 382]], [[796, 381]], [[796, 380]], [[796, 379]], [[796, 378]], [[795, 377]], [[795, 376]], [[796, 375]], [[795, 375]], [[794, 375]], [[793, 375]], [[792, 374]], [[791, 373]], [[791, 372]], [[791, 371]], [[792, 370]], [[793, 370]], [[794, 369]], [[795, 369]], [[796, 370]], [[795, 369]], [[796, 368]], [[796, 367]], [[797, 366]], [[797, 365]], [[797, 364]], [[797, 363]], [[797, 362]], [[798, 361]], [[798, 360]], [[798, 359]], [[799, 358]], [[799, 357]], [[799, 356]], [[799, 355]], [[799, 354]], [[799, 353]], [[799, 352]], [[799, 351]], [[798, 350]], [[798, 349]], [[797, 348]], [[796, 347]], [[796, 346]], [[795, 345]], [[794, 344]], [[793, 344]], [[792, 344]], [[791, 344]], [[790, 344]], [[789, 344]], [[788, 344]], [[787, 343]], [[786, 343]], [[785, 343]], [[784, 343]], [[783, 343]], [[782, 343]], [[781, 343]], [[780, 343]], [[779, 343]], [[778, 343]], [[777, 343]], [[776, 343]], [[775, 342]], [[774, 342]], [[773, 342]], [[772, 342]], [[771, 342]], [[770, 342]]]","[[], [[[823, 411], [823, 412], [822, 413], [821, 412], [821, 413], [821, 414], [821, 415], [821, 416], [820, 417], [819, 418], [818, 418], [817, 419], [816, 418], [816, 419], [816, 420], [817, 421], [818, 420], [819, 420], [820, 420], [820, 419], [820, 418], [821, 417], [822, 417], [823, 417], [824, 417], [825, 417], [825, 416], [825, 415], [826, 414], [826, 413], [825, 412], [824, 411]]], [[[798, 347], [798, 348], [799, 349], [799, 350], [800, 351], [800, 352], [800, 353], [800, 354], [800, 355], [800, 356], [800, 357], [800, 358], [799, 359], [799, 360], [799, 361], [798, 362], [798, 363], [798, 364], [798, 365], [798, 366], [797, 367], [797, 368], [796, 369], [795, 370], [794, 370], [793, 371], [792, 371], [792, 372], [792, 373], [793, 374], [794, 374], [795, 374], [795, 373], [796, 372], [795, 371], [795, 370], [796, 369], [797, 369], [798, 368], [799, 367], [799, 366], [799, 365], [800, 364], [801, 364], [802, 363], [801, 362], [802, 361], [803, 360], [804, 359], [805, 359], [806, 358], [807, 357], [808, 357], [809, 356], [809, 355], [808, 355], [807, 355], [806, 355], [805, 355], [804, 354], [804, 353], [804, 352], [803, 351], [803, 350], [802, 349], [801, 349], [800, 348], [799, 347]]]]","[[], 86, 87]"
133,133,"[[[575, 335]], [[574, 336]], [[573, 336]], [[572, 336]], [[571, 337]], [[570, 337]], [[569, 338]], [[568, 338]], [[567, 338]], [[566, 339]], [[565, 339]], [[564, 340]], [[563, 340]], [[562, 340]], [[561, 340]], [[560, 340]], [[559, 340]], [[558, 340]], [[557, 340]], [[556, 340]], [[555, 339]], [[554, 338]], [[553, 338]], [[552, 338]], [[551, 337]], [[550, 337]], [[549, 337]], [[548, 338]], [[547, 338]], [[546, 338]], [[545, 339]], [[545, 340]], [[544, 341]], [[544, 342]], [[543, 343]], [[542, 344]], [[541, 344]], [[540, 345]], [[539, 345]], [[538, 346]], [[537, 345]], [[536, 345]], [[535, 345]], [[534, 345]], [[533, 346]], [[532, 346]], [[531, 347]], [[530, 348]], [[530, 349]], [[530, 350]], [[529, 351]], [[528, 352]], [[527, 353]], [[527, 354]], [[527, 355]], [[527, 356]], [[527, 357]], [[527, 358]], [[527, 359]], [[527, 360]], [[527, 361]], [[528, 362]], [[528, 363]], [[528, 364]], [[529, 365]], [[530, 365]], [[531, 366]], [[531, 367]], [[532, 368]], [[533, 368]], [[534, 368]], [[535, 368]], [[536, 367]], [[537, 367]], [[538, 367]], [[539, 367]], [[540, 367]], [[541, 367]], [[542, 367]], [[543, 368]], [[544, 368]], [[545, 369]], [[546, 369]], [[547, 370]], [[548, 371]], [[549, 372]], [[548, 373]], [[548, 374]], [[547, 375]], [[547, 376]], [[547, 377]], [[547, 378]], [[546, 379]], [[545, 380]], [[544, 380]], [[543, 380]], [[542, 380]], [[542, 381]], [[543, 382]], [[543, 383]], [[543, 384]], [[543, 385]], [[543, 386]], [[543, 387]], [[542, 388]], [[542, 389]], [[542, 390]], [[542, 391]], [[543, 392]], [[544, 393]], [[544, 394]], [[545, 395]], [[545, 396]], [[546, 396]], [[547, 396]], [[548, 397]], [[549, 397]], [[550, 397]], [[551, 397]], [[552, 396]], [[553, 396]], [[554, 396]], [[555, 396]], [[556, 396]], [[557, 396]], [[558, 395]], [[559, 394]], [[559, 393]], [[559, 392]], [[560, 391]], [[560, 390]], [[560, 389]], [[561, 388]], [[562, 387]], [[562, 386]], [[562, 385]], [[562, 384]], [[561, 384]], [[560, 383]], [[560, 382]], [[560, 381]], [[559, 380]], [[558, 379]], [[558, 378]], [[558, 377]], [[559, 376]], [[560, 376]], [[559, 375]], [[560, 374]], [[559, 374]], [[558, 374]], [[557, 373]], [[557, 372]], [[558, 371]], [[559, 371]], [[560, 370]], [[560, 369]], [[561, 368]], [[562, 367]], [[562, 366]], [[562, 365]], [[562, 364]], [[562, 363]], [[562, 362]], [[562, 361]], [[563, 360]], [[564, 359]], [[565, 358]], [[566, 358]], [[567, 357]], [[568, 356]], [[569, 356]], [[570, 356]], [[571, 355]], [[572, 354]], [[573, 353]], [[574, 353]], [[575, 352]], [[576, 351]], [[577, 351]], [[578, 350]], [[579, 350]], [[580, 349]], [[580, 348]], [[580, 347]], [[581, 346]], [[581, 345]], [[581, 344]], [[581, 343]], [[581, 342]], [[581, 341]], [[581, 340]], [[580, 339]], [[579, 338]], [[578, 337]], [[578, 336]], [[577, 336]], [[576, 335]]]",[[]],[]
134,134,"[[[341, 309]], [[341, 310]], [[340, 311]], [[339, 312]], [[338, 312]], [[337, 313]], [[336, 314]], [[335, 315]], [[334, 315]], [[333, 316]], [[333, 317]], [[332, 318]], [[331, 319]], [[330, 320]], [[330, 321]], [[329, 322]], [[328, 323]], [[327, 324]], [[326, 324]], [[325, 324]], [[324, 323]], [[324, 322]], [[324, 321]], [[323, 320]], [[323, 319]], [[323, 318]], [[323, 317]], [[322, 316]], [[322, 315]], [[321, 314]], [[321, 313]], [[320, 312]], [[319, 313]], [[318, 313]], [[317, 314]], [[316, 314]], [[315, 314]], [[314, 315]], [[313, 315]], [[312, 316]], [[311, 316]], [[311, 317]], [[310, 318]], [[309, 318]], [[308, 319]], [[307, 320]], [[306, 320]], [[305, 320]], [[304, 320]], [[303, 320]], [[302, 320]], [[301, 320]], [[300, 321]], [[299, 321]], [[298, 321]], [[297, 320]], [[297, 319]], [[296, 318]], [[295, 317]], [[295, 316]], [[294, 316]], [[293, 315]], [[292, 315]], [[291, 314]], [[290, 314]], [[289, 314]], [[288, 313]], [[287, 313]], [[286, 312]], [[285, 313]], [[284, 313]], [[283, 313]], [[282, 313]], [[281, 314]], [[280, 314]], [[280, 315]], [[279, 316]], [[278, 317]], [[278, 318]], [[278, 319]], [[277, 320]], [[277, 321]], [[277, 322]], [[277, 323]], [[277, 324]], [[277, 325]], [[277, 326]], [[277, 327]], [[277, 328]], [[276, 329]], [[275, 330]], [[275, 331]], [[275, 332]], [[275, 333]], [[276, 333]], [[277, 334]], [[277, 335]], [[277, 336]], [[278, 337]], [[278, 338]], [[279, 339]], [[279, 340]], [[279, 341]], [[279, 342]], [[279, 343]], [[279, 344]], [[280, 345]], [[280, 346]], [[281, 347]], [[281, 348]], [[281, 349]], [[281, 350]], [[281, 351]], [[282, 352]], [[282, 353]], [[283, 354]], [[284, 355]], [[284, 356]], [[284, 357]], [[285, 358]], [[285, 359]], [[285, 360]], [[286, 361]], [[286, 362]], [[286, 363]], [[286, 364]], [[287, 365]], [[288, 366]], [[289, 366]], [[290, 367]], [[290, 368]], [[291, 369]], [[291, 370]], [[292, 371]], [[292, 372]], [[293, 373]], [[294, 374]], [[295, 374]], [[296, 375]], [[297, 376]], [[298, 376]], [[299, 376]], [[300, 377]], [[301, 378]], [[302, 378]], [[303, 379]], [[304, 380]], [[305, 380]], [[306, 381]], [[307, 381]], [[308, 382]], [[308, 383]], [[309, 384]], [[310, 385]], [[311, 385]], [[312, 385]], [[313, 386]], [[313, 387]], [[314, 388]], [[315, 389]], [[316, 390]], [[316, 391]], [[317, 391]], [[318, 391]], [[319, 391]], [[320, 392]], [[321, 391]], [[322, 390]], [[323, 390]], [[324, 389]], [[325, 388]], [[326, 387]], [[327, 387]], [[328, 387]], [[328, 386]], [[329, 385]], [[330, 384]], [[331, 383]], [[332, 382]], [[332, 381]], [[332, 380]], [[333, 379]], [[334, 378]], [[335, 378]], [[336, 378]], [[337, 377]], [[338, 376]], [[339, 375]], [[340, 374]], [[341, 373]], [[342, 372]], [[343, 371]], [[344, 371]], [[344, 370]], [[345, 369]], [[346, 368]], [[347, 367]], [[348, 367]], [[349, 367]], [[350, 367]], [[351, 367]], [[352, 367]], [[353, 367]], [[354, 367]], [[355, 367]], [[356, 367]], [[357, 366]], [[358, 366]], [[359, 365]], [[360, 365]], [[361, 364]], [[362, 363]], [[362, 362]], [[362, 361]], [[362, 360]], [[362, 359]], [[362, 358]], [[362, 357]], [[362, 356]], [[361, 355]], [[361, 354]], [[361, 353]], [[360, 352]], [[359, 351]], [[358, 351]], [[357, 350]], [[357, 349]], [[356, 348]], [[355, 347]], [[354, 346]], [[353, 345]], [[353, 344]], [[352, 343]], [[351, 342]], [[350, 341]], [[350, 340]], [[350, 339]], [[349, 338]], [[349, 337]], [[349, 336]], [[349, 335]], [[349, 334]], [[349, 333]], [[349, 332]], [[349, 331]], [[349, 330]], [[349, 329]], [[349, 328]], [[349, 327]], [[348, 326]], [[348, 325]], [[348, 324]], [[348, 323]], [[348, 322]], [[348, 321]], [[348, 320]], [[348, 319]], [[347, 318]], [[347, 317]], [[347, 316]], [[347, 315]], [[346, 314]], [[346, 313]], [[346, 312]], [[345, 311]], [[344, 310]], [[343, 309]], [[342, 309]]]","[[], [[[269, 330], [268, 331], [268, 332], [269, 333], [269, 334], [270, 335], [270, 336], [271, 337], [272, 337], [273, 338], [273, 339], [274, 340], [275, 341], [276, 341], [277, 342], [277, 343], [277, 342], [278, 341], [277, 340], [277, 339], [277, 338], [276, 337], [275, 336], [275, 335], [275, 334], [274, 334], [275, 335], [275, 336], [274, 337], [273, 337], [272, 336], [271, 335], [270, 334], [270, 333], [270, 332], [269, 331]]]]","[[], 88]"
135,135,"[[[413, 305]], [[412, 306]], [[411, 306]], [[410, 307]], [[409, 307]], [[408, 307]], [[407, 308]], [[407, 309]], [[406, 310]], [[405, 311]], [[404, 312]], [[403, 312]], [[402, 313]], [[402, 314]], [[401, 315]], [[400, 315]], [[399, 314]], [[398, 314]], [[397, 314]], [[396, 314]], [[395, 314]], [[396, 315]], [[396, 316]], [[396, 317]], [[395, 318]], [[394, 319]], [[393, 319]], [[392, 320]], [[391, 321]], [[390, 321]], [[389, 322]], [[388, 323]], [[387, 324]], [[386, 325]], [[385, 326]], [[386, 327]], [[386, 328]], [[386, 329]], [[386, 330]], [[386, 331]], [[386, 332]], [[386, 333]], [[386, 334]], [[386, 335]], [[386, 336]], [[386, 337]], [[386, 338]], [[386, 339]], [[386, 340]], [[386, 341]], [[386, 342]], [[386, 343]], [[386, 344]], [[387, 345]], [[387, 346]], [[388, 347]], [[388, 348]], [[389, 349]], [[390, 349]], [[391, 350]], [[392, 351]], [[392, 352]], [[392, 353]], [[392, 354]], [[392, 355]], [[392, 356]], [[392, 357]], [[392, 358]], [[393, 359]], [[393, 360]], [[393, 361]], [[393, 362]], [[394, 363]], [[394, 364]], [[395, 365]], [[395, 366]], [[395, 367]], [[395, 368]], [[396, 369]], [[396, 370]], [[397, 370]], [[398, 370]], [[398, 369]], [[399, 368]], [[400, 368]], [[401, 368]], [[402, 367]], [[402, 366]], [[403, 365]], [[404, 364]], [[404, 363]], [[405, 362]], [[406, 362]], [[407, 361]], [[408, 361]], [[409, 360]], [[410, 360]], [[411, 359]], [[412, 359]], [[413, 360]], [[413, 361]], [[412, 362]], [[411, 363]], [[411, 364]], [[410, 365]], [[410, 366]], [[410, 367]], [[410, 368]], [[410, 369]], [[411, 370]], [[411, 371]], [[411, 372]], [[412, 373]], [[412, 374]], [[412, 375]], [[411, 376]], [[411, 377]], [[411, 378]], [[411, 379]], [[412, 379]], [[413, 379]], [[414, 379]], [[415, 378]], [[416, 378]], [[417, 378]], [[418, 378]], [[419, 378]], [[420, 378]], [[421, 377]], [[421, 376]], [[422, 375]], [[423, 374]], [[424, 373]], [[424, 372]], [[425, 371]], [[425, 370]], [[425, 369]], [[425, 368]], [[425, 367]], [[425, 366]], [[425, 365]], [[425, 364]], [[425, 363]], [[425, 362]], [[426, 361]], [[427, 360]], [[428, 360]], [[429, 360]], [[429, 359]], [[430, 358]], [[430, 357]], [[431, 356]], [[432, 355]], [[432, 354]], [[432, 353]], [[432, 352]], [[432, 351]], [[432, 350]], [[432, 349]], [[431, 348]], [[431, 347]], [[431, 346]], [[431, 345]], [[431, 344]], [[431, 343]], [[431, 342]], [[431, 341]], [[431, 340]], [[431, 339]], [[431, 338]], [[432, 337]], [[432, 336]], [[432, 335]], [[433, 334]], [[433, 333]], [[433, 332]], [[433, 331]], [[432, 330]], [[432, 329]], [[432, 328]], [[432, 327]], [[432, 326]], [[432, 325]], [[432, 324]], [[432, 323]], [[432, 322]], [[431, 322]], [[430, 321]], [[430, 320]], [[429, 319]], [[429, 318]], [[428, 317]], [[428, 316]], [[427, 315]], [[427, 314]], [[426, 313]], [[426, 312]], [[425, 311]], [[424, 310]], [[424, 309]], [[424, 308]], [[423, 308]], [[422, 308]], [[421, 308]], [[420, 307]], [[419, 307]], [[418, 306]], [[417, 306]], [[416, 306]], [[415, 305]], [[414, 305]]]",[[]],[]
136,136,"[[[8, 291]], [[7, 292]], [[7, 293]], [[7, 294]], [[7, 295]], [[7, 296]], [[7, 297]], [[7, 298]], [[7, 299]], [[7, 300]], [[7, 301]], [[7, 302]], [[8, 303]], [[9, 303]], [[10, 303]], [[11, 302]], [[11, 301]], [[12, 300]], [[13, 300]], [[14, 300]], [[15, 300]], [[16, 299]], [[16, 298]], [[16, 297]], [[16, 296]], [[16, 295]], [[16, 294]], [[15, 293]], [[14, 292]], [[13, 292]], [[12, 292]], [[11, 291]], [[10, 291]], [[9, 291]]]","[[[[20, 301], [19, 302], [18, 303], [18, 304], [17, 305], [16, 306], [15, 306], [14, 305], [13, 304], [13, 305], [12, 306], [11, 306], [10, 306], [9, 306], [8, 305], [8, 304], [7, 304], [6, 303], [6, 302], [5, 302], [6, 303], [6, 304], [7, 305], [8, 306], [9, 307], [10, 308], [11, 309], [12, 308], [13, 308], [14, 307], [15, 307], [16, 307], [17, 308], [18, 307], [18, 306], [18, 305], [18, 304], [19, 303], [20, 303], [21, 304], [22, 305], [22, 306], [22, 307], [22, 308], [23, 309], [24, 309], [25, 309], [26, 309], [27, 310], [27, 311], [27, 312], [27, 311], [27, 310], [26, 309], [26, 308], [26, 307], [25, 306], [25, 305], [25, 304], [24, 303], [24, 302], [23, 301], [22, 301], [21, 301]]]]",[89]
137,137,"[[[677, 273]], [[676, 274]], [[675, 275]], [[676, 276]], [[675, 277]], [[675, 278]], [[675, 279]], [[675, 280]], [[675, 281]], [[675, 282]], [[674, 283]], [[674, 284]], [[674, 285]], [[674, 286]], [[674, 287]], [[674, 288]], [[674, 289]], [[674, 290]], [[673, 291]], [[673, 292]], [[673, 293]], [[673, 294]], [[673, 295]], [[672, 296]], [[672, 297]], [[672, 298]], [[672, 299]], [[672, 300]], [[672, 301]], [[672, 302]], [[672, 303]], [[672, 304]], [[672, 305]], [[672, 306]], [[672, 307]], [[672, 308]], [[672, 309]], [[673, 310]], [[673, 311]], [[673, 312]], [[674, 313]], [[675, 314]], [[676, 315]], [[676, 316]], [[677, 317]], [[677, 318]], [[678, 318]], [[679, 319]], [[680, 319]], [[681, 318]], [[682, 317]], [[683, 317]], [[684, 317]], [[685, 318]], [[686, 319]], [[687, 320]], [[688, 319]], [[689, 319]], [[690, 319]], [[691, 319]], [[692, 318]], [[693, 318]], [[694, 318]], [[695, 318]], [[696, 317]], [[697, 317]], [[698, 317]], [[699, 318]], [[700, 318]], [[701, 319]], [[701, 320]], [[702, 321]], [[702, 322]], [[703, 323]], [[703, 324]], [[704, 324]], [[705, 324]], [[706, 325]], [[706, 326]], [[707, 327]], [[708, 328]], [[709, 329]], [[710, 330]], [[710, 331]], [[711, 332]], [[712, 332]], [[713, 332]], [[714, 332]], [[715, 332]], [[716, 331]], [[717, 331]], [[718, 331]], [[719, 330]], [[720, 330]], [[721, 330]], [[722, 329]], [[723, 328]], [[724, 327]], [[725, 326]], [[726, 326]], [[727, 325]], [[727, 324]], [[728, 323]], [[729, 322]], [[729, 321]], [[730, 320]], [[731, 320]], [[732, 321]], [[732, 322]], [[732, 323]], [[732, 324]], [[732, 325]], [[733, 325]], [[734, 325]], [[735, 325]], [[736, 325]], [[737, 326]], [[738, 326]], [[739, 326]], [[740, 327]], [[741, 328]], [[742, 329]], [[743, 329]], [[744, 329]], [[745, 329]], [[746, 329]], [[747, 329]], [[748, 330]], [[749, 330]], [[750, 331]], [[751, 330]], [[752, 330]], [[753, 330]], [[754, 331]], [[755, 331]], [[756, 331]], [[757, 330]], [[758, 330]], [[759, 330]], [[760, 330]], [[761, 329]], [[761, 328]], [[762, 327]], [[762, 326]], [[762, 325]], [[762, 324]], [[762, 323]], [[762, 322]], [[762, 321]], [[763, 320]], [[764, 319]], [[765, 319]], [[766, 320]], [[766, 321]], [[766, 322]], [[766, 323]], [[766, 324]], [[766, 325]], [[767, 326]], [[767, 327]], [[768, 328]], [[769, 329]], [[770, 329]], [[771, 330]], [[772, 330]], [[773, 330]], [[774, 330]], [[775, 330]], [[776, 330]], [[777, 330]], [[778, 330]], [[779, 331]], [[780, 331]], [[781, 330]], [[782, 330]], [[783, 330]], [[784, 330]], [[785, 329]], [[786, 329]], [[787, 329]], [[788, 329]], [[789, 329]], [[790, 328]], [[791, 328]], [[792, 328]], [[793, 328]], [[794, 328]], [[795, 329]], [[796, 329]], [[797, 329]], [[798, 328]], [[799, 328]], [[800, 327]], [[801, 326]], [[801, 325]], [[802, 324]], [[802, 323]], [[803, 322]], [[803, 321]], [[803, 320]], [[803, 319]], [[803, 318]], [[804, 317]], [[804, 316]], [[804, 315]], [[805, 314]], [[805, 313]], [[804, 312]], [[804, 311]], [[803, 310]], [[803, 309]], [[804, 308]], [[804, 307]], [[804, 306]], [[805, 305]], [[805, 304]], [[805, 303]], [[805, 302]], [[805, 301]], [[805, 300]], [[805, 299]], [[804, 298]], [[803, 297]], [[802, 296]], [[802, 295]], [[801, 294]], [[800, 294]], [[799, 293]], [[798, 292]], [[797, 292]], [[796, 292]], [[795, 291]], [[794, 290]], [[793, 290]], [[792, 290]], [[791, 290]], [[790, 289]], [[789, 289]], [[788, 289]], [[787, 289]], [[786, 289]], [[785, 289]], [[784, 289]], [[783, 289]], [[782, 290]], [[781, 291]], [[780, 292]], [[779, 293]], [[778, 294]], [[777, 295]], [[776, 296]], [[775, 297]], [[774, 298]], [[773, 299]], [[772, 300]], [[772, 301]], [[771, 302]], [[770, 303]], [[770, 304]], [[769, 305]], [[769, 306]], [[768, 307]], [[768, 308]], [[768, 309]], [[768, 310]], [[768, 311]], [[768, 312]], [[768, 313]], [[767, 314]], [[766, 315]], [[765, 315]], [[764, 315]], [[763, 314]], [[763, 313]], [[762, 312]], [[762, 311]], [[762, 310]], [[762, 309]], [[762, 308]], [[762, 307]], [[762, 306]], [[761, 305]], [[761, 304]], [[760, 303]], [[760, 302]], [[759, 301]], [[758, 301]], [[757, 300]], [[756, 300]], [[755, 300]], [[754, 299]], [[753, 299]], [[752, 298]], [[751, 298]], [[750, 298]], [[749, 297]], [[748, 297]], [[747, 296]], [[746, 296]], [[745, 295]], [[744, 294]], [[743, 294]], [[742, 294]], [[741, 294]], [[740, 293]], [[740, 292]], [[739, 293]], [[738, 292]], [[737, 292]], [[736, 292]], [[735, 292]], [[734, 293]], [[733, 294]], [[732, 294]], [[731, 294]], [[730, 294]], [[729, 294]], [[729, 295]], [[728, 296]], [[727, 297]], [[726, 297]], [[725, 297]], [[724, 296]], [[723, 296]], [[722, 296]], [[721, 296]], [[720, 295]], [[720, 294]], [[719, 294]], [[718, 294]], [[717, 293]], [[716, 293]], [[715, 293]], [[714, 292]], [[713, 292]], [[712, 292]], [[711, 291]], [[710, 291]], [[709, 290]], [[708, 290]], [[707, 290]], [[706, 289]], [[705, 289]], [[704, 288]], [[703, 288]], [[702, 287]], [[702, 286]], [[702, 285]], [[702, 284]], [[702, 283]], [[702, 282]], [[702, 281]], [[702, 280]], [[701, 280]], [[700, 279]], [[700, 278]], [[699, 278]], [[698, 278]], [[697, 277]], [[696, 277]], [[695, 276]], [[694, 276]], [[693, 276]], [[692, 276]], [[691, 276]], [[690, 276]], [[689, 275]], [[688, 274]], [[687, 274]], [[686, 274]], [[685, 273]], [[684, 273]], [[683, 273]], [[682, 273]], [[681, 273]], [[680, 273]], [[679, 273]], [[678, 273]]]","[[], [[[802, 326], [801, 327], [800, 328], [799, 329], [798, 329], [797, 330], [796, 330], [795, 330], [794, 329], [793, 329], [792, 329], [791, 329], [790, 329], [789, 330], [788, 330], [789, 331], [790, 332], [791, 333], [792, 332], [793, 331], [794, 330], [795, 330], [796, 330], [797, 330], [798, 330], [799, 331], [800, 331], [801, 331], [801, 330], [802, 329], [802, 328], [802, 327]]], [[[806, 302], [806, 303], [806, 304], [806, 305], [805, 306], [805, 307], [805, 308], [804, 309], [804, 310], [805, 311], [805, 312], [806, 312], [807, 313], [808, 314], [808, 315], [807, 316], [806, 317], [805, 318], [804, 318], [804, 319], [804, 320], [804, 321], [804, 322], [805, 322], [806, 322], [807, 322], [806, 321], [806, 320], [806, 319], [807, 318], [808, 318], [809, 318], [810, 318], [810, 317], [810, 316], [810, 315], [810, 314], [811, 313], [812, 312], [812, 311], [811, 310], [810, 310], [809, 309], [808, 309], [807, 308], [807, 307], [808, 306], [809, 306], [809, 305], [809, 304], [808, 304], [807, 303], [807, 302]]], [[[791, 280], [791, 281], [792, 282], [793, 282], [794, 283], [795, 284], [796, 285], [796, 286], [795, 287], [794, 288], [793, 287], [792, 287], [791, 287], [790, 288], [789, 288], [788, 287], [787, 286], [786, 286], [785, 285], [784, 284], [783, 284], [782, 284], [781, 283], [780, 282], [779, 283], [778, 284], [777, 284], [776, 285], [775, 284], [774, 285], [773, 286], [772, 286], [771, 285], [771, 286], [771, 287], [771, 288], [772, 289], [773, 289], [773, 288], [774, 287], [775, 286], [776, 287], [777, 288], [778, 288], [779, 288], [780, 289], [781, 289], [782, 288], [783, 288], [784, 288], [785, 288], [786, 288], [787, 288], [788, 288], [789, 288], [790, 288], [791, 289], [792, 289], [793, 289], [794, 289], [795, 290], [796, 291], [797, 290], [798, 289], [799, 289], [798, 288], [798, 287], [797, 286], [796, 285], [795, 284], [795, 283], [794, 282], [793, 281], [792, 280]]], [[[702, 268], [702, 269], [702, 270], [702, 271], [701, 272], [701, 273], [701, 274], [702, 275], [702, 276], [702, 277], [701, 278], [701, 279], [702, 279], [703, 279], [704, 279], [705, 278], [705, 277], [705, 276], [705, 275], [704, 274], [705, 273], [704, 273], [703, 272], [703, 271], [704, 270], [704, 269], [703, 268]]]]","[[], 90, 91, 92, 93]"
138,138,"[[[327, 272]], [[326, 273]], [[325, 273]], [[324, 273]], [[323, 274]], [[322, 274]], [[321, 274]], [[320, 275]], [[319, 276]], [[318, 277]], [[317, 278]], [[317, 279]], [[316, 280]], [[315, 280]], [[314, 281]], [[313, 282]], [[313, 283]], [[313, 284]], [[312, 285]], [[311, 286]], [[311, 287]], [[311, 288]], [[311, 289]], [[311, 290]], [[312, 291]], [[312, 292]], [[311, 293]], [[312, 294]], [[312, 295]], [[313, 296]], [[314, 295]], [[315, 295]], [[316, 295]], [[317, 295]], [[318, 295]], [[319, 295]], [[320, 295]], [[321, 295]], [[322, 294]], [[323, 294]], [[324, 294]], [[325, 294]], [[326, 294]], [[327, 294]], [[328, 293]], [[329, 293]], [[330, 293]], [[331, 293]], [[332, 293]], [[333, 292]], [[334, 292]], [[335, 291]], [[336, 291]], [[337, 291]], [[338, 291]], [[338, 290]], [[339, 289]], [[339, 288]], [[340, 287]], [[340, 286]], [[340, 285]], [[340, 284]], [[340, 283]], [[340, 282]], [[339, 281]], [[338, 280]], [[337, 279]], [[336, 278]], [[335, 277]], [[334, 276]], [[333, 275]], [[332, 274]], [[331, 274]], [[330, 273]], [[329, 273]], [[328, 272]]]",[[]],[]
139,139,"[[[476, 271]], [[475, 272]], [[474, 272]], [[473, 273]], [[472, 273]], [[471, 273]], [[470, 274]], [[469, 274]], [[468, 274]], [[467, 275]], [[466, 275]], [[465, 275]], [[464, 276]], [[463, 276]], [[462, 276]], [[461, 276]], [[460, 276]], [[459, 276]], [[458, 277]], [[458, 278]], [[457, 279]], [[456, 280]], [[455, 280]], [[454, 281]], [[453, 281]], [[452, 282]], [[451, 282]], [[450, 283]], [[449, 283]], [[449, 284]], [[448, 285]], [[447, 286]], [[446, 287]], [[445, 288]], [[444, 289]], [[444, 290]], [[443, 291]], [[442, 292]], [[441, 293]], [[440, 294]], [[440, 295]], [[440, 296]], [[440, 297]], [[440, 298]], [[440, 299]], [[440, 300]], [[441, 301]], [[441, 302]], [[441, 303]], [[441, 304]], [[441, 305]], [[441, 306]], [[441, 307]], [[441, 308]], [[441, 309]], [[442, 310]], [[442, 311]], [[442, 312]], [[442, 313]], [[442, 314]], [[442, 315]], [[443, 316]], [[443, 317]], [[443, 318]], [[443, 319]], [[444, 320]], [[444, 321]], [[444, 322]], [[445, 323]], [[445, 324]], [[445, 325]], [[445, 326]], [[445, 327]], [[445, 328]], [[446, 329]], [[446, 330]], [[446, 331]], [[447, 332]], [[448, 332]], [[449, 332]], [[450, 332]], [[451, 331]], [[452, 332]], [[453, 333]], [[454, 334]], [[454, 335]], [[455, 336]], [[455, 337]], [[456, 338]], [[457, 339]], [[457, 340]], [[458, 341]], [[458, 342]], [[459, 341]], [[459, 340]], [[460, 339]], [[461, 338]], [[462, 338]], [[463, 339]], [[464, 340]], [[465, 340]], [[466, 341]], [[467, 341]], [[468, 341]], [[469, 342]], [[469, 343]], [[469, 344]], [[468, 345]], [[467, 346]], [[466, 346]], [[465, 347]], [[465, 348]], [[465, 349]], [[465, 350]], [[465, 351]], [[464, 352]], [[464, 353]], [[464, 354]], [[464, 355]], [[465, 356]], [[465, 357]], [[465, 358]], [[465, 359]], [[466, 359]], [[467, 358]], [[468, 358]], [[469, 359]], [[470, 360]], [[470, 361]], [[470, 362]], [[471, 363]], [[471, 364]], [[472, 365]], [[473, 366]], [[474, 366]], [[475, 365]], [[476, 364]], [[477, 363]], [[478, 363]], [[479, 364]], [[479, 365]], [[480, 365]], [[481, 365]], [[482, 365]], [[483, 364]], [[484, 364]], [[485, 364]], [[486, 364]], [[487, 364]], [[488, 363]], [[488, 362]], [[489, 361]], [[489, 360]], [[490, 359]], [[491, 358]], [[491, 357]], [[491, 356]], [[491, 355]], [[491, 354]], [[491, 353]], [[491, 352]], [[491, 351]], [[491, 350]], [[491, 349]], [[490, 348]], [[490, 347]], [[490, 346]], [[490, 345]], [[490, 344]], [[491, 343]], [[492, 343]], [[492, 342]], [[493, 341]], [[493, 340]], [[494, 339]], [[494, 338]], [[495, 337]], [[496, 336]], [[497, 335]], [[498, 335]], [[498, 334]], [[499, 333]], [[500, 332]], [[500, 331]], [[501, 330]], [[501, 329]], [[501, 328]], [[501, 327]], [[501, 326]], [[502, 325]], [[503, 324]], [[504, 323]], [[505, 322]], [[505, 321]], [[505, 320]], [[506, 319]], [[506, 318]], [[507, 317]], [[508, 316]], [[508, 315]], [[509, 314]], [[509, 313]], [[510, 312]], [[510, 311]], [[510, 310]], [[510, 309]], [[511, 308]], [[511, 307]], [[511, 306]], [[511, 305]], [[511, 304]], [[511, 303]], [[510, 302]], [[510, 301]], [[510, 300]], [[509, 299]], [[508, 298]], [[508, 297]], [[507, 296]], [[506, 295]], [[506, 294]], [[505, 293]], [[504, 292]], [[503, 291]], [[502, 290]], [[501, 290]], [[500, 289]], [[500, 288]], [[499, 288]], [[498, 287]], [[498, 286]], [[497, 286]], [[496, 285]], [[496, 284]], [[495, 284]], [[494, 283]], [[494, 282]], [[493, 282]], [[492, 281]], [[492, 280]], [[491, 280]], [[490, 279]], [[489, 278]], [[489, 277]], [[488, 276]], [[487, 276]], [[486, 275]], [[485, 274]], [[484, 273]], [[483, 272]], [[482, 272]], [[481, 272]], [[480, 272]], [[479, 271]], [[478, 271]], [[477, 271]]]","[[], [[[452, 276], [451, 277], [450, 278], [449, 279], [448, 280], [448, 281], [447, 282], [446, 283], [446, 284], [445, 285], [444, 286], [443, 287], [443, 288], [442, 289], [441, 290], [440, 291], [441, 291], [442, 291], [442, 290], [443, 289], [444, 288], [445, 287], [445, 286], [446, 285], [447, 284], [448, 283], [449, 282], [450, 282], [451, 281], [452, 280], [453, 280], [454, 279], [454, 278], [455, 277], [455, 276], [454, 277], [453, 277]]]]","[[], 94]"
140,140,"[[[244, 269]], [[243, 270]], [[242, 270]], [[241, 270]], [[240, 270]], [[239, 270]], [[238, 270]], [[237, 270]], [[236, 270]], [[235, 270]], [[234, 270]], [[233, 270]], [[232, 270]], [[231, 270]], [[230, 271]], [[229, 271]], [[228, 271]], [[227, 271]], [[226, 271]], [[225, 272]], [[224, 273]], [[223, 274]], [[222, 274]], [[221, 273]], [[222, 272]], [[221, 271]], [[220, 270]], [[219, 270]], [[218, 270]], [[217, 270]], [[216, 270]], [[215, 271]], [[214, 271]], [[213, 271]], [[212, 272]], [[211, 273]], [[210, 273]], [[209, 273]], [[208, 274]], [[207, 275]], [[206, 276]], [[206, 277]], [[206, 278]], [[206, 279]], [[206, 280]], [[206, 281]], [[206, 282]], [[206, 283]], [[205, 284]], [[205, 285]], [[205, 286]], [[205, 287]], [[205, 288]], [[205, 289]], [[205, 290]], [[205, 291]], [[205, 292]], [[206, 293]], [[207, 294]], [[208, 295]], [[209, 296]], [[210, 297]], [[211, 298]], [[212, 299]], [[212, 300]], [[213, 301]], [[214, 301]], [[215, 302]], [[215, 303]], [[216, 303]], [[217, 303]], [[218, 303]], [[219, 303]], [[220, 303]], [[221, 303]], [[222, 304]], [[222, 305]], [[222, 306]], [[222, 307]], [[223, 308]], [[223, 309]], [[223, 310]], [[224, 311]], [[224, 312]], [[224, 313]], [[225, 314]], [[226, 315]], [[226, 316]], [[227, 317]], [[228, 318]], [[228, 319]], [[229, 320]], [[230, 320]], [[231, 321]], [[231, 322]], [[232, 323]], [[233, 324]], [[234, 325]], [[235, 326]], [[236, 327]], [[236, 328]], [[237, 329]], [[237, 330]], [[236, 331]], [[235, 331]], [[234, 330]], [[233, 330]], [[232, 330]], [[231, 330]], [[230, 330]], [[229, 330]], [[228, 330]], [[227, 330]], [[226, 330]], [[225, 330]], [[224, 330]], [[223, 330]], [[222, 329]], [[222, 328]], [[222, 327]], [[222, 326]], [[222, 325]], [[222, 324]], [[221, 323]], [[221, 322]], [[220, 322]], [[219, 322]], [[218, 322]], [[217, 322]], [[216, 322]], [[215, 321]], [[214, 321]], [[213, 321]], [[212, 321]], [[211, 320]], [[210, 320]], [[209, 319]], [[208, 318]], [[207, 318]], [[207, 319]], [[207, 320]], [[207, 321]], [[208, 322]], [[209, 322]], [[210, 323]], [[211, 324]], [[212, 325]], [[213, 325]], [[214, 326]], [[215, 326]], [[216, 327]], [[216, 328]], [[216, 329]], [[215, 330]], [[214, 330]], [[213, 330]], [[212, 331]], [[211, 332]], [[210, 333]], [[210, 334]], [[209, 335]], [[208, 336]], [[207, 336]], [[206, 336]], [[205, 336]], [[204, 335]], [[203, 335]], [[202, 334]], [[201, 334]], [[200, 335]], [[199, 335]], [[198, 335]], [[197, 336]], [[196, 336]], [[195, 337]], [[194, 337]], [[193, 338]], [[192, 339]], [[191, 340]], [[190, 340]], [[189, 341]], [[188, 342]], [[188, 343]], [[188, 344]], [[188, 345]], [[187, 346]], [[187, 347]], [[186, 348]], [[186, 349]], [[186, 350]], [[186, 351]], [[186, 352]], [[186, 353]], [[187, 354]], [[187, 355]], [[188, 356]], [[188, 357]], [[189, 357]], [[190, 357]], [[191, 358]], [[192, 359]], [[192, 360]], [[192, 361]], [[192, 362]], [[192, 363]], [[192, 364]], [[191, 365]], [[190, 366]], [[189, 367]], [[189, 368]], [[189, 369]], [[189, 370]], [[189, 371]], [[189, 372]], [[188, 373]], [[188, 374]], [[188, 375]], [[189, 376]], [[189, 377]], [[190, 378]], [[190, 379]], [[190, 380]], [[190, 381]], [[191, 382]], [[191, 383]], [[192, 384]], [[193, 385]], [[194, 386]], [[195, 387]], [[196, 388]], [[197, 388]], [[198, 389]], [[199, 388]], [[200, 388]], [[201, 387]], [[202, 387]], [[203, 387]], [[204, 386]], [[205, 386]], [[206, 386]], [[207, 385]], [[208, 385]], [[209, 385]], [[210, 385]], [[211, 385]], [[212, 385]], [[213, 386]], [[214, 386]], [[215, 386]], [[216, 386]], [[217, 385]], [[218, 384]], [[219, 384]], [[220, 383]], [[221, 383]], [[222, 383]], [[223, 383]], [[224, 382]], [[225, 382]], [[226, 383]], [[227, 383]], [[228, 383]], [[229, 384]], [[230, 384]], [[231, 384]], [[232, 384]], [[233, 385]], [[234, 386]], [[234, 387]], [[234, 388]], [[235, 388]], [[236, 388]], [[237, 388]], [[238, 388]], [[239, 388]], [[239, 387]], [[240, 386]], [[241, 386]], [[242, 386]], [[243, 385]], [[244, 386]], [[245, 386]], [[245, 385]], [[246, 384]], [[247, 383]], [[248, 382]], [[249, 381]], [[249, 380]], [[250, 379]], [[250, 378]], [[251, 377]], [[251, 376]], [[251, 375]], [[252, 374]], [[252, 373]], [[252, 372]], [[252, 371]], [[253, 370]], [[253, 369]], [[253, 368]], [[253, 367]], [[253, 366]], [[253, 365]], [[252, 364]], [[252, 363]], [[252, 362]], [[251, 361]], [[250, 360]], [[250, 359]], [[250, 358]], [[250, 357]], [[250, 356]], [[250, 355]], [[249, 354]], [[249, 353]], [[249, 352]], [[250, 351]], [[250, 350]], [[250, 349]], [[250, 348]], [[249, 347]], [[249, 346]], [[248, 345]], [[248, 344]], [[247, 343]], [[246, 342]], [[246, 341]], [[246, 340]], [[245, 339]], [[244, 338]], [[243, 337]], [[243, 336]], [[244, 335]], [[245, 335]], [[246, 336]], [[247, 336]], [[248, 337]], [[249, 337]], [[250, 338]], [[251, 338]], [[252, 338]], [[253, 339]], [[254, 339]], [[255, 339]], [[256, 340]], [[257, 341]], [[257, 342]], [[258, 343]], [[258, 344]], [[259, 345]], [[260, 346]], [[261, 346]], [[262, 346]], [[263, 347]], [[264, 347]], [[264, 346]], [[265, 345]], [[266, 345]], [[266, 344]], [[267, 343]], [[267, 342]], [[268, 341]], [[268, 340]], [[268, 339]], [[269, 338]], [[269, 337]], [[269, 336]], [[268, 335]], [[267, 334]], [[267, 333]], [[267, 332]], [[267, 331]], [[267, 330]], [[267, 329]], [[268, 328]], [[268, 327]], [[268, 326]], [[268, 325]], [[267, 324]], [[267, 323]], [[267, 322]], [[267, 321]], [[267, 320]], [[267, 319]], [[267, 318]], [[268, 317]], [[268, 316]], [[268, 315]], [[269, 314]], [[270, 313]], [[271, 313]], [[272, 312]], [[273, 312]], [[274, 312]], [[275, 312]], [[276, 311]], [[277, 311]], [[278, 311]], [[279, 311]], [[280, 311]], [[281, 310]], [[282, 310]], [[282, 309]], [[282, 308]], [[283, 307]], [[284, 306]], [[284, 305]], [[285, 304]], [[285, 303]], [[286, 302]], [[287, 301]], [[287, 300]], [[288, 299]], [[288, 298]], [[288, 297]], [[288, 296]], [[289, 295]], [[289, 294]], [[289, 293]], [[288, 292]], [[288, 291]], [[288, 290]], [[287, 289]], [[286, 288]], [[285, 287]], [[284, 287]], [[283, 286]], [[282, 286]], [[281, 286]], [[280, 287]], [[279, 287]], [[278, 287]], [[277, 287]], [[276, 288]], [[275, 288]], [[274, 288]], [[273, 288]], [[272, 289]], [[271, 289]], [[270, 289]], [[269, 288]], [[268, 288]], [[267, 288]], [[266, 288]], [[265, 287]], [[265, 286]], [[265, 285]], [[265, 284]], [[265, 283]], [[264, 282]], [[264, 281]], [[264, 280]], [[264, 279]], [[264, 278]], [[263, 277]], [[262, 276]], [[261, 275]], [[260, 274]], [[259, 274]], [[258, 273]], [[257, 273]], [[256, 272]], [[255, 272]], [[254, 272]], [[253, 271]], [[252, 271]], [[251, 271]], [[250, 270]], [[249, 270]], [[248, 270]], [[247, 269]], [[246, 269]], [[245, 269]]]","[[], [[[269, 330], [268, 331], [268, 332], [269, 333], [269, 334], [270, 335], [270, 336], [271, 337], [272, 337], [273, 338], [273, 339], [274, 340], [275, 341], [276, 341], [277, 342], [277, 343], [277, 342], [278, 341], [277, 340], [277, 339], [277, 338], [276, 337], [275, 336], [275, 335], [275, 334], [274, 334], [275, 335], [275, 336], [274, 337], [273, 337], [272, 336], [271, 335], [270, 334], [270, 333], [270, 332], [269, 331]]]]","[[], 88]"
141,141,"[[[35, 265]], [[34, 266]], [[33, 266]], [[32, 267]], [[31, 267]], [[30, 268]], [[30, 269]], [[29, 270]], [[29, 271]], [[28, 272]], [[28, 273]], [[28, 274]], [[28, 275]], [[28, 276]], [[29, 277]], [[29, 278]], [[30, 279]], [[30, 280]], [[30, 281]], [[29, 282]], [[29, 283]], [[28, 284]], [[28, 285]], [[28, 286]], [[28, 287]], [[27, 288]], [[27, 289]], [[26, 290]], [[26, 291]], [[26, 292]], [[26, 293]], [[26, 294]], [[26, 295]], [[27, 296]], [[27, 297]], [[27, 298]], [[26, 299]], [[26, 300]], [[26, 301]], [[26, 302]], [[26, 303]], [[26, 304]], [[26, 305]], [[27, 306]], [[27, 307]], [[27, 308]], [[28, 309]], [[28, 310]], [[29, 311]], [[29, 312]], [[29, 313]], [[30, 314]], [[30, 315]], [[31, 316]], [[32, 317]], [[32, 318]], [[32, 319]], [[32, 320]], [[32, 321]], [[31, 322]], [[31, 323]], [[31, 324]], [[31, 325]], [[31, 326]], [[31, 327]], [[31, 328]], [[31, 329]], [[32, 330]], [[32, 331]], [[32, 332]], [[32, 333]], [[32, 334]], [[33, 335]], [[33, 336]], [[33, 337]], [[34, 338]], [[35, 339]], [[36, 340]], [[37, 341]], [[38, 341]], [[39, 342]], [[39, 343]], [[40, 343]], [[41, 343]], [[42, 343]], [[43, 343]], [[44, 343]], [[45, 343]], [[46, 343]], [[47, 343]], [[48, 343]], [[49, 343]], [[50, 343]], [[51, 343]], [[52, 343]], [[53, 344]], [[54, 345]], [[54, 346]], [[55, 347]], [[55, 348]], [[56, 349]], [[57, 350]], [[58, 350]], [[59, 350]], [[60, 349]], [[61, 349]], [[62, 348]], [[63, 349]], [[63, 350]], [[63, 351]], [[63, 352]], [[62, 353]], [[61, 354]], [[60, 355]], [[59, 355]], [[58, 355]], [[57, 356]], [[56, 357]], [[56, 358]], [[57, 359]], [[58, 360]], [[59, 361]], [[60, 362]], [[61, 363]], [[61, 364]], [[62, 364]], [[63, 365]], [[63, 366]], [[64, 365]], [[65, 364]], [[66, 364]], [[67, 363]], [[68, 362]], [[69, 361]], [[70, 360]], [[71, 360]], [[72, 359]], [[73, 358]], [[74, 358]], [[74, 357]], [[75, 356]], [[75, 355]], [[76, 354]], [[76, 353]], [[76, 352]], [[76, 351]], [[75, 350]], [[74, 349]], [[73, 349]], [[72, 348]], [[71, 348]], [[70, 348]], [[69, 348]], [[68, 348]], [[67, 348]], [[66, 348]], [[65, 347]], [[65, 346]], [[64, 346]], [[63, 345]], [[63, 344]], [[63, 343]], [[64, 342]], [[65, 341]], [[66, 341]], [[67, 340]], [[68, 340]], [[69, 340]], [[70, 339]], [[71, 338]], [[72, 337]], [[73, 337]], [[74, 336]], [[75, 335]], [[76, 335]], [[77, 334]], [[78, 333]], [[79, 332]], [[80, 331]], [[80, 330]], [[81, 329]], [[81, 328]], [[82, 327]], [[83, 328]], [[83, 329]], [[83, 330]], [[84, 331]], [[84, 332]], [[85, 332]], [[86, 332]], [[87, 333]], [[88, 333]], [[89, 333]], [[90, 334]], [[90, 335]], [[91, 336]], [[91, 337]], [[91, 338]], [[92, 339]], [[93, 340]], [[93, 341]], [[94, 342]], [[95, 342]], [[96, 342]], [[97, 343]], [[98, 343]], [[99, 343]], [[100, 343]], [[101, 343]], [[102, 342]], [[103, 342]], [[104, 341]], [[105, 340]], [[106, 339]], [[107, 339]], [[108, 339]], [[109, 338]], [[110, 337]], [[111, 336]], [[112, 336]], [[113, 336]], [[114, 336]], [[115, 336]], [[116, 335]], [[117, 335]], [[118, 334]], [[119, 333]], [[120, 333]], [[121, 333]], [[122, 332]], [[123, 331]], [[124, 331]], [[125, 331]], [[126, 331]], [[127, 330]], [[128, 329]], [[129, 328]], [[129, 327]], [[129, 326]], [[129, 325]], [[130, 324]], [[130, 323]], [[130, 322]], [[130, 321]], [[130, 320]], [[129, 319]], [[128, 318]], [[127, 317]], [[127, 316]], [[126, 315]], [[125, 315]], [[124, 314]], [[123, 313]], [[123, 312]], [[123, 311]], [[123, 310]], [[123, 309]], [[123, 308]], [[123, 307]], [[123, 306]], [[124, 305]], [[124, 304]], [[125, 303]], [[125, 302]], [[124, 301]], [[124, 300]], [[124, 299]], [[124, 298]], [[123, 297]], [[123, 296]], [[122, 295]], [[122, 294]], [[122, 293]], [[121, 292]], [[121, 291]], [[121, 290]], [[121, 289]], [[120, 288]], [[120, 287]], [[120, 286]], [[120, 285]], [[120, 284]], [[120, 283]], [[119, 282]], [[119, 281]], [[118, 280]], [[117, 279]], [[117, 278]], [[116, 277]], [[116, 276]], [[115, 275]], [[114, 274]], [[114, 273]], [[113, 272]], [[113, 271]], [[112, 270]], [[112, 269]], [[111, 268]], [[110, 268]], [[109, 268]], [[108, 267]], [[107, 267]], [[106, 267]], [[105, 267]], [[104, 267]], [[103, 267]], [[102, 267]], [[101, 267]], [[100, 268]], [[99, 268]], [[98, 268]], [[97, 268]], [[96, 268]], [[95, 267]], [[94, 267]], [[93, 267]], [[92, 266]], [[91, 266]], [[90, 266]], [[89, 266]], [[88, 266]], [[87, 266]], [[86, 266]], [[85, 266]], [[84, 267]], [[83, 268]], [[82, 268]], [[81, 268]], [[80, 267]], [[79, 266]], [[78, 266]], [[77, 266]], [[76, 266]], [[75, 267]], [[74, 268]], [[73, 268]], [[72, 269]], [[71, 270]], [[70, 270]], [[69, 270]], [[68, 270]], [[67, 271]], [[66, 271]], [[65, 271]], [[64, 271]], [[63, 271]], [[62, 271]], [[61, 270]], [[60, 270]], [[59, 270]], [[58, 269]], [[57, 269]], [[56, 268]], [[55, 268]], [[54, 268]], [[53, 268]], [[52, 268]], [[51, 268]], [[50, 268]], [[49, 267]], [[48, 266]], [[47, 266]], [[46, 266]], [[45, 266]], [[44, 266]], [[43, 266]], [[42, 266]], [[41, 266]], [[40, 265]], [[39, 265]], [[38, 265]], [[37, 265]], [[36, 265]]]","[[[[22, 266], [22, 267], [22, 268], [22, 269], [22, 270], [23, 271], [23, 272], [23, 273], [23, 274], [23, 275], [23, 276], [24, 277], [24, 278], [25, 279], [26, 280], [26, 281], [26, 282], [26, 283], [26, 284], [27, 284], [28, 283], [28, 282], [29, 281], [29, 280], [28, 279], [28, 278], [27, 277], [27, 276], [26, 275], [26, 274], [26, 273], [25, 272], [24, 271], [24, 270], [23, 269], [23, 268], [23, 267]]], [[[20, 301], [19, 302], [18, 303], [18, 304], [17, 305], [16, 306], [15, 306], [14, 305], [13, 304], [13, 305], [12, 306], [11, 306], [10, 306], [9, 306], [8, 305], [8, 304], [7, 304], [6, 303], [6, 302], [5, 302], [6, 303], [6, 304], [7, 305], [8, 306], [9, 307], [10, 308], [11, 309], [12, 308], [13, 308], [14, 307], [15, 307], [16, 307], [17, 308], [18, 307], [18, 306], [18, 305], [18, 304], [19, 303], [20, 303], [21, 304], [22, 305], [22, 306], [22, 307], [22, 308], [23, 309], [24, 309], [25, 309], [26, 309], [27, 310], [27, 311], [27, 312], [27, 311], [27, 310], [26, 309], [26, 308], [26, 307], [25, 306], [25, 305], [25, 304], [24, 303], [24, 302], [23, 301], [22, 301], [21, 301]]], [], [[[121, 286], [121, 287], [121, 288], [122, 289], [122, 290], [122, 291], [122, 292], [123, 293], [124, 293], [125, 294], [126, 295], [127, 296], [128, 296], [128, 295], [127, 294], [127, 293], [127, 292], [127, 291], [126, 290], [125, 291], [124, 292], [123, 292], [122, 291], [122, 290], [122, 289], [122, 288], [122, 287], [122, 286]]]]","[96, 89, [], 98]"
142,142,"[[[532, 262]], [[531, 263]], [[531, 264]], [[531, 265]], [[530, 266]], [[530, 267]], [[530, 268]], [[530, 269]], [[530, 270]], [[529, 271]], [[529, 272]], [[528, 273]], [[528, 274]], [[527, 275]], [[527, 276]], [[527, 277]], [[527, 278]], [[527, 279]], [[527, 280]], [[528, 281]], [[528, 282]], [[529, 282]], [[530, 282]], [[531, 282]], [[532, 282]], [[533, 283]], [[534, 283]], [[535, 284]], [[536, 284]], [[537, 284]], [[538, 285]], [[539, 284]], [[540, 285]], [[541, 285]], [[542, 285]], [[543, 284]], [[544, 285]], [[545, 285]], [[546, 286]], [[547, 286]], [[548, 285]], [[549, 284]], [[550, 284]], [[551, 285]], [[552, 285]], [[553, 285]], [[554, 286]], [[555, 285]], [[556, 285]], [[557, 285]], [[558, 285]], [[559, 285]], [[560, 284]], [[560, 283]], [[561, 282]], [[562, 281]], [[562, 280]], [[562, 279]], [[562, 278]], [[562, 277]], [[562, 276]], [[561, 275]], [[560, 274]], [[559, 274]], [[558, 273]], [[558, 272]], [[557, 271]], [[556, 271]], [[555, 270]], [[554, 269]], [[553, 268]], [[553, 267]], [[552, 267]], [[551, 267]], [[550, 266]], [[549, 265]], [[548, 265]], [[547, 264]], [[546, 264]], [[545, 263]], [[544, 263]], [[543, 263]], [[542, 263]], [[541, 262]], [[540, 262]], [[539, 262]], [[538, 262]], [[537, 262]], [[536, 262]], [[535, 262]], [[534, 262]], [[533, 262]]]",[[]],[]
143,143,"[[[153, 261]], [[152, 262]], [[151, 262]], [[150, 263]], [[149, 263]], [[149, 264]], [[148, 265]], [[147, 265]], [[146, 266]], [[146, 267]], [[146, 268]], [[146, 269]], [[147, 269]], [[148, 269]], [[149, 269]], [[150, 270]], [[151, 270]], [[152, 270]], [[153, 269]], [[154, 269]], [[155, 270]], [[155, 271]], [[154, 272]], [[153, 272]], [[154, 273]], [[153, 274]], [[153, 275]], [[152, 276]], [[151, 276]], [[150, 277]], [[149, 278]], [[149, 279]], [[148, 280]], [[148, 281]], [[147, 282]], [[147, 283]], [[146, 284]], [[145, 285]], [[144, 286]], [[143, 286]], [[143, 287]], [[142, 288]], [[142, 289]], [[141, 290]], [[140, 291]], [[139, 291]], [[139, 292]], [[138, 293]], [[138, 294]], [[137, 295]], [[137, 296]], [[136, 297]], [[136, 298]], [[136, 299]], [[136, 300]], [[136, 301]], [[135, 302]], [[135, 303]], [[135, 304]], [[136, 305]], [[135, 306]], [[136, 306]], [[137, 307]], [[138, 307]], [[139, 308]], [[139, 309]], [[140, 310]], [[140, 311]], [[141, 312]], [[141, 313]], [[142, 314]], [[143, 315]], [[144, 315]], [[145, 315]], [[146, 315]], [[147, 315]], [[148, 316]], [[149, 316]], [[150, 315]], [[151, 315]], [[151, 314]], [[152, 313]], [[152, 312]], [[152, 311]], [[152, 310]], [[152, 309]], [[153, 308]], [[153, 307]], [[153, 306]], [[154, 305]], [[154, 304]], [[154, 303]], [[154, 302]], [[155, 301]], [[155, 300]], [[156, 299]], [[156, 298]], [[156, 297]], [[157, 296]], [[157, 295]], [[158, 294]], [[158, 293]], [[158, 292]], [[158, 291]], [[158, 290]], [[158, 289]], [[159, 288]], [[160, 288]], [[161, 287]], [[161, 286]], [[161, 285]], [[162, 284]], [[162, 283]], [[162, 282]], [[163, 281]], [[162, 280]], [[162, 279]], [[162, 278]], [[161, 277]], [[161, 276]], [[162, 275]], [[162, 274]], [[163, 273]], [[164, 273]], [[164, 272]], [[165, 271]], [[165, 270]], [[166, 269]], [[166, 268]], [[166, 267]], [[166, 266]], [[166, 265]], [[165, 264]], [[164, 264]], [[163, 264]], [[162, 263]], [[161, 262]], [[160, 261]], [[159, 261]], [[158, 261]], [[157, 261]], [[156, 261]], [[155, 261]], [[154, 261]]]","[[], [[[139, 313], [139, 314], [138, 315], [138, 316], [138, 317], [139, 318], [140, 318], [141, 319], [142, 320], [143, 321], [144, 322], [144, 323], [144, 324], [144, 325], [144, 326], [144, 327], [145, 328], [146, 327], [147, 326], [148, 325], [149, 324], [149, 323], [148, 323], [147, 322], [146, 322], [145, 322], [144, 322], [143, 321], [143, 320], [143, 319], [143, 318], [143, 317], [143, 316], [142, 315], [141, 314], [140, 313]]], [[[153, 309], [153, 310], [153, 311], [153, 312], [154, 312], [155, 312], [156, 313], [156, 314], [156, 315], [156, 316], [156, 317], [157, 318], [157, 319], [157, 320], [157, 321], [158, 320], [158, 319], [157, 318], [157, 317], [158, 316], [159, 315], [160, 315], [160, 314], [160, 313], [159, 312], [159, 311], [158, 312], [157, 312], [156, 313], [155, 312], [155, 311], [154, 310], [154, 309]]]]","[[], 99, 100]"
144,144,"[[[581, 259]], [[581, 260]], [[581, 261]], [[582, 262]], [[582, 263]], [[583, 264]], [[584, 265]], [[585, 266]], [[586, 267]], [[585, 268]], [[585, 269]], [[585, 270]], [[585, 271]], [[586, 272]], [[586, 273]], [[587, 274]], [[588, 274]], [[589, 274]], [[590, 274]], [[591, 273]], [[592, 272]], [[593, 271]], [[594, 271]], [[594, 270]], [[595, 269]], [[594, 268]], [[594, 267]], [[594, 266]], [[593, 265]], [[592, 264]], [[591, 263]], [[590, 262]], [[589, 261]], [[588, 261]], [[587, 261]], [[586, 261]], [[585, 261]], [[584, 260]], [[583, 260]], [[582, 260]]]",[[]],[]
145,145,"[[[447, 254]], [[446, 255]], [[445, 256]], [[444, 256]], [[443, 256]], [[442, 257]], [[441, 257]], [[440, 257]], [[439, 257]], [[438, 257]], [[437, 257]], [[436, 257]], [[435, 257]], [[434, 257]], [[433, 257]], [[432, 257]], [[431, 257]], [[430, 257]], [[429, 257]], [[428, 257]], [[427, 257]], [[426, 257]], [[425, 258]], [[424, 258]], [[423, 258]], [[422, 258]], [[421, 258]], [[420, 258]], [[419, 259]], [[418, 259]], [[417, 259]], [[416, 260]], [[415, 261]], [[414, 261]], [[413, 262]], [[412, 262]], [[411, 262]], [[410, 263]], [[409, 263]], [[408, 263]], [[407, 264]], [[406, 264]], [[405, 265]], [[404, 265]], [[403, 264]], [[402, 265]], [[401, 265]], [[400, 266]], [[400, 267]], [[399, 268]], [[400, 269]], [[400, 270]], [[400, 271]], [[400, 272]], [[400, 273]], [[401, 274]], [[401, 275]], [[402, 276]], [[403, 276]], [[404, 277]], [[405, 278]], [[406, 279]], [[407, 280]], [[408, 281]], [[409, 281]], [[410, 281]], [[411, 282]], [[412, 282]], [[413, 283]], [[414, 284]], [[415, 284]], [[416, 285]], [[417, 285]], [[418, 286]], [[419, 286]], [[420, 287]], [[421, 288]], [[422, 288]], [[423, 289]], [[424, 289]], [[425, 289]], [[426, 290]], [[427, 290]], [[428, 290]], [[429, 291]], [[430, 291]], [[431, 292]], [[432, 292]], [[433, 292]], [[434, 292]], [[435, 292]], [[436, 291]], [[437, 291]], [[438, 290]], [[439, 289]], [[440, 289]], [[441, 289]], [[441, 288]], [[442, 287]], [[442, 286]], [[442, 285]], [[443, 284]], [[444, 283]], [[445, 282]], [[446, 281]], [[447, 280]], [[448, 279]], [[449, 278]], [[449, 277]], [[450, 276]], [[451, 275]], [[452, 274]], [[453, 273]], [[453, 272]], [[454, 271]], [[454, 270]], [[454, 269]], [[455, 268]], [[456, 267]], [[457, 266]], [[458, 265]], [[459, 264]], [[460, 263]], [[460, 262]], [[461, 261]], [[461, 260]], [[461, 259]], [[461, 258]], [[461, 257]], [[461, 256]], [[460, 256]], [[459, 256]], [[458, 256]], [[457, 256]], [[456, 256]], [[455, 255]], [[454, 255]], [[453, 255]], [[452, 255]], [[451, 255]], [[450, 255]], [[449, 254]], [[448, 254]]]","[[], [[[452, 276], [451, 277], [450, 278], [449, 279], [448, 280], [448, 281], [447, 282], [446, 283], [446, 284], [445, 285], [444, 286], [443, 287], [443, 288], [442, 289], [441, 290], [440, 291], [441, 291], [442, 291], [442, 290], [443, 289], [444, 288], [445, 287], [445, 286], [446, 285], [447, 284], [448, 283], [449, 282], [450, 282], [451, 281], [452, 280], [453, 280], [454, 279], [454, 278], [455, 277], [455, 276], [454, 277], [453, 277]]], [[[463, 259], [463, 260], [462, 261], [461, 262], [461, 263], [460, 264], [459, 265], [458, 266], [457, 267], [456, 268], [455, 269], [455, 270], [455, 271], [455, 272], [455, 273], [456, 273], [457, 274], [458, 273], [458, 272], [458, 271], [457, 270], [457, 269], [458, 268], [459, 267], [460, 267], [460, 266], [461, 265], [462, 264], [463, 264], [464, 265], [464, 266], [465, 266], [466, 265], [466, 264], [465, 264], [464, 264], [463, 263], [463, 262], [464, 261], [464, 260], [464, 259]]]]","[[], 94, 102]"
146,146,"[[[387, 241]], [[386, 242]], [[385, 242]], [[385, 243]], [[384, 244]], [[383, 244]], [[382, 245]], [[381, 246]], [[380, 247]], [[379, 248]], [[378, 248]], [[377, 249]], [[377, 250]], [[376, 251]], [[375, 252]], [[374, 253]], [[373, 254]], [[372, 255]], [[371, 255]], [[370, 256]], [[370, 257]], [[369, 258]], [[368, 259]], [[367, 260]], [[366, 260]], [[366, 261]], [[365, 262]], [[365, 263]], [[365, 264]], [[365, 265]], [[365, 266]], [[366, 267]], [[367, 268]], [[367, 269]], [[368, 269]], [[369, 270]], [[369, 271]], [[370, 271]], [[371, 272]], [[372, 271]], [[373, 271]], [[374, 270]], [[375, 270]], [[376, 269]], [[377, 268]], [[378, 267]], [[379, 267]], [[380, 266]], [[381, 265]], [[382, 264]], [[383, 263]], [[383, 262]], [[384, 261]], [[385, 261]], [[386, 260]], [[387, 259]], [[388, 258]], [[389, 257]], [[390, 256]], [[391, 255]], [[392, 254]], [[393, 253]], [[393, 252]], [[393, 251]], [[394, 250]], [[394, 249]], [[394, 248]], [[394, 247]], [[394, 246]], [[393, 245]], [[393, 244]], [[393, 243]], [[392, 243]], [[391, 242]], [[390, 242]], [[389, 241]], [[388, 241]]]",[[]],[]
147,147,"[[[66, 221]], [[65, 222]], [[64, 222]], [[63, 223]], [[63, 224]], [[62, 225]], [[62, 226]], [[62, 227]], [[61, 228]], [[61, 229]], [[61, 230]], [[61, 231]], [[62, 232]], [[62, 233]], [[63, 234]], [[63, 235]], [[64, 235]], [[65, 235]], [[66, 235]], [[67, 234]], [[68, 234]], [[69, 234]], [[70, 233]], [[71, 232]], [[71, 231]], [[71, 230]], [[71, 229]], [[71, 228]], [[71, 227]], [[72, 226]], [[72, 225]], [[72, 224]], [[72, 223]], [[72, 222]], [[71, 222]], [[70, 221]], [[69, 221]], [[68, 221]], [[67, 221]]]",[[]],[]
148,148,"[[[90, 212]], [[89, 213]], [[88, 214]], [[87, 215]], [[87, 216]], [[86, 217]], [[86, 218]], [[86, 219]], [[86, 220]], [[85, 221]], [[84, 222]], [[84, 223]], [[83, 224]], [[83, 225]], [[83, 226]], [[83, 227]], [[83, 228]], [[83, 229]], [[83, 230]], [[83, 231]], [[82, 232]], [[81, 233]], [[80, 233]], [[80, 234]], [[79, 235]], [[79, 236]], [[79, 237]], [[79, 238]], [[80, 239]], [[80, 240]], [[81, 241]], [[81, 242]], [[82, 243]], [[83, 244]], [[84, 245]], [[85, 246]], [[86, 247]], [[87, 248]], [[88, 249]], [[89, 250]], [[90, 251]], [[91, 251]], [[92, 251]], [[93, 251]], [[94, 251]], [[94, 250]], [[95, 249]], [[95, 248]], [[95, 247]], [[96, 246]], [[96, 245]], [[97, 244]], [[97, 243]], [[98, 242]], [[99, 241]], [[100, 241]], [[101, 240]], [[102, 239]], [[102, 238]], [[102, 237]], [[102, 236]], [[101, 235]], [[100, 234]], [[99, 233]], [[98, 232]], [[97, 232]], [[96, 231]], [[95, 230]], [[95, 229]], [[94, 229]], [[93, 229]], [[92, 229]], [[91, 230]], [[90, 229]], [[89, 229]], [[88, 229]], [[87, 229]], [[86, 230]], [[85, 230]], [[84, 231]], [[83, 230]], [[83, 229]], [[83, 228]], [[84, 227]], [[85, 226]], [[86, 225]], [[87, 224]], [[88, 224]], [[89, 224]], [[90, 224]], [[91, 224]], [[92, 224]], [[93, 224]], [[94, 225]], [[95, 225]], [[96, 226]], [[97, 226]], [[98, 226]], [[99, 226]], [[100, 225]], [[101, 225]], [[102, 225]], [[103, 225]], [[104, 224]], [[105, 224]], [[106, 223]], [[106, 222]], [[106, 221]], [[106, 220]], [[105, 219]], [[105, 218]], [[104, 217]], [[103, 216]], [[102, 215]], [[102, 214]], [[101, 214]], [[100, 213]], [[99, 213]], [[98, 213]], [[97, 212]], [[96, 212]], [[95, 213]], [[94, 213]], [[93, 213]], [[92, 213]], [[91, 212]]]",[[]],[]
149,149,"[[[238, 202]], [[237, 203]], [[236, 203]], [[235, 204]], [[234, 204]], [[233, 205]], [[232, 206]], [[231, 207]], [[230, 208]], [[229, 209]], [[228, 210]], [[227, 211]], [[226, 212]], [[226, 213]], [[226, 214]], [[226, 215]], [[225, 216]], [[225, 217]], [[224, 218]], [[223, 218]], [[222, 218]], [[221, 218]], [[220, 219]], [[219, 220]], [[219, 221]], [[218, 222]], [[217, 223]], [[217, 224]], [[216, 225]], [[216, 226]], [[216, 227]], [[215, 228]], [[215, 229]], [[214, 230]], [[214, 231]], [[214, 232]], [[214, 233]], [[214, 234]], [[214, 235]], [[214, 236]], [[215, 237]], [[215, 238]], [[215, 239]], [[215, 240]], [[215, 241]], [[216, 242]], [[216, 243]], [[216, 244]], [[217, 245]], [[217, 246]], [[217, 247]], [[217, 248]], [[218, 249]], [[219, 250]], [[219, 251]], [[220, 252]], [[220, 253]], [[221, 254]], [[222, 255]], [[223, 255]], [[224, 256]], [[225, 256]], [[226, 257]], [[227, 257]], [[228, 257]], [[229, 258]], [[230, 259]], [[230, 260]], [[231, 261]], [[232, 261]], [[233, 261]], [[234, 261]], [[235, 260]], [[236, 259]], [[237, 259]], [[238, 259]], [[239, 258]], [[240, 257]], [[241, 256]], [[242, 255]], [[243, 254]], [[244, 254]], [[245, 255]], [[245, 256]], [[244, 257]], [[244, 258]], [[244, 259]], [[244, 260]], [[245, 261]], [[245, 262]], [[245, 263]], [[246, 264]], [[247, 265]], [[248, 265]], [[249, 265]], [[250, 266]], [[251, 266]], [[252, 267]], [[252, 268]], [[253, 268]], [[254, 269]], [[255, 269]], [[256, 268]], [[257, 267]], [[258, 267]], [[259, 267]], [[260, 267]], [[261, 267]], [[262, 266]], [[263, 266]], [[264, 266]], [[265, 266]], [[266, 266]], [[267, 265]], [[268, 265]], [[269, 265]], [[270, 265]], [[271, 264]], [[272, 263]], [[273, 262]], [[274, 261]], [[274, 260]], [[275, 259]], [[275, 258]], [[276, 257]], [[276, 256]], [[276, 255]], [[277, 254]], [[277, 253]], [[277, 252]], [[278, 251]], [[278, 250]], [[278, 249]], [[278, 248]], [[278, 247]], [[278, 246]], [[278, 245]], [[278, 244]], [[277, 243]], [[277, 242]], [[277, 241]], [[277, 240]], [[277, 239]], [[276, 238]], [[275, 237]], [[274, 236]], [[273, 236]], [[272, 236]], [[271, 235]], [[270, 234]], [[271, 233]], [[272, 233]], [[273, 233]], [[274, 232]], [[275, 232]], [[276, 232]], [[277, 231]], [[277, 230]], [[277, 229]], [[278, 228]], [[278, 227]], [[278, 226]], [[278, 225]], [[277, 224]], [[276, 224]], [[275, 223]], [[275, 222]], [[274, 221]], [[274, 220]], [[274, 219]], [[274, 218]], [[273, 217]], [[273, 216]], [[272, 215]], [[271, 215]], [[270, 214]], [[270, 213]], [[269, 212]], [[268, 212]], [[267, 211]], [[266, 211]], [[265, 211]], [[264, 210]], [[263, 210]], [[262, 210]], [[261, 210]], [[260, 210]], [[259, 211]], [[258, 212]], [[257, 211]], [[256, 210]], [[256, 209]], [[255, 209]], [[254, 208]], [[253, 208]], [[252, 207]], [[251, 206]], [[250, 206]], [[249, 206]], [[248, 207]], [[247, 207]], [[246, 206]], [[245, 205]], [[245, 204]], [[244, 203]], [[243, 202]], [[242, 202]], [[241, 202]], [[240, 202]], [[239, 202]]]",[[]],[]
150,150,"[[[14, 196]], [[14, 197]], [[13, 198]], [[12, 199]], [[12, 200]], [[12, 201]], [[12, 202]], [[13, 203]], [[13, 204]], [[13, 205]], [[13, 206]], [[13, 207]], [[14, 207]], [[15, 208]], [[15, 209]], [[16, 209]], [[17, 210]], [[18, 211]], [[19, 212]], [[20, 212]], [[21, 212]], [[22, 213]], [[23, 214]], [[24, 214]], [[25, 214]], [[26, 215]], [[27, 215]], [[28, 216]], [[29, 216]], [[30, 217]], [[31, 217]], [[32, 218]], [[33, 219]], [[34, 219]], [[35, 219]], [[36, 220]], [[37, 220]], [[38, 220]], [[39, 220]], [[40, 220]], [[41, 220]], [[42, 220]], [[43, 220]], [[44, 219]], [[45, 219]], [[46, 218]], [[47, 218]], [[48, 219]], [[48, 220]], [[49, 221]], [[49, 222]], [[49, 223]], [[50, 224]], [[50, 225]], [[51, 226]], [[51, 227]], [[51, 228]], [[52, 228]], [[53, 229]], [[53, 230]], [[54, 230]], [[55, 230]], [[56, 229]], [[56, 228]], [[56, 227]], [[57, 226]], [[57, 225]], [[57, 224]], [[57, 223]], [[58, 222]], [[58, 221]], [[58, 220]], [[57, 219]], [[57, 218]], [[56, 217]], [[56, 216]], [[55, 216]], [[54, 215]], [[53, 215]], [[52, 214]], [[51, 214]], [[50, 214]], [[49, 213]], [[49, 212]], [[49, 211]], [[49, 210]], [[48, 209]], [[47, 209]], [[46, 209]], [[45, 209]], [[44, 208]], [[43, 207]], [[42, 207]], [[41, 206]], [[40, 206]], [[39, 206]], [[38, 205]], [[37, 204]], [[36, 204]], [[35, 203]], [[34, 202]], [[33, 201]], [[32, 200]], [[31, 200]], [[30, 199]], [[29, 199]], [[28, 198]], [[27, 198]], [[26, 198]], [[25, 198]], [[24, 198]], [[23, 198]], [[22, 198]], [[21, 197]], [[21, 196]], [[20, 196]], [[19, 196]], [[18, 196]], [[17, 196]], [[16, 196]], [[15, 196]]]","[[[[11, 206], [10, 207], [9, 208], [8, 209], [7, 210], [7, 211], [8, 211], [9, 210], [10, 210], [11, 210], [12, 210], [13, 210], [14, 211], [15, 212], [16, 213], [17, 213], [18, 214], [19, 215], [19, 214], [18, 213], [17, 212], [16, 211], [15, 211], [14, 210], [13, 209], [12, 208], [12, 207], [12, 206]]], []]","[103, []]"
151,151,"[[[667, 195]], [[666, 196]], [[665, 196]], [[664, 196]], [[664, 197]], [[663, 198]], [[662, 199]], [[662, 200]], [[661, 201]], [[661, 202]], [[661, 203]], [[660, 204]], [[659, 205]], [[659, 206]], [[659, 207]], [[659, 208]], [[660, 208]], [[661, 209]], [[662, 209]], [[663, 210]], [[664, 210]], [[665, 210]], [[666, 211]], [[667, 212]], [[668, 212]], [[669, 212]], [[670, 212]], [[671, 211]], [[672, 211]], [[673, 211]], [[674, 211]], [[675, 210]], [[676, 210]], [[677, 209]], [[677, 208]], [[678, 207]], [[678, 206]], [[678, 205]], [[677, 204]], [[677, 203]], [[676, 202]], [[676, 201]], [[676, 200]], [[675, 199]], [[674, 199]], [[673, 199]], [[672, 198]], [[671, 197]], [[670, 196]], [[669, 196]], [[668, 195]]]","[[[[692, 191], [691, 192], [690, 192], [690, 193], [689, 194], [688, 195], [687, 195], [686, 195], [685, 196], [684, 196], [685, 197], [686, 197], [687, 197], [688, 198], [688, 199], [687, 200], [686, 200], [685, 201], [684, 201], [683, 201], [682, 202], [681, 202], [680, 202], [679, 202], [678, 203], [678, 204], [679, 205], [679, 206], [679, 207], [678, 208], [678, 209], [677, 210], [676, 211], [675, 211], [674, 212], [673, 212], [672, 212], [671, 212], [670, 213], [669, 213], [668, 213], [667, 213], [667, 214], [668, 214], [669, 215], [670, 216], [670, 217], [671, 218], [672, 219], [672, 220], [673, 219], [673, 218], [673, 217], [673, 216], [673, 215], [673, 214], [674, 213], [675, 214], [676, 214], [677, 215], [677, 216], [677, 217], [677, 218], [678, 218], [678, 217], [679, 216], [680, 215], [680, 214], [680, 213], [681, 212], [682, 211], [682, 210], [682, 209], [682, 208], [683, 207], [684, 207], [685, 208], [685, 209], [686, 210], [687, 211], [688, 211], [688, 210], [688, 209], [689, 208], [689, 207], [690, 206], [690, 205], [690, 204], [690, 203], [690, 202], [690, 201], [690, 200], [690, 199], [690, 198], [690, 197], [691, 196], [691, 195], [692, 194], [693, 193], [694, 192], [694, 191], [693, 191]]], []]","[104, []]"
152,152,"[[[696, 194]], [[695, 195]], [[694, 196]], [[694, 197]], [[693, 198]], [[692, 199]], [[692, 200]], [[692, 201]], [[692, 202]], [[692, 203]], [[692, 204]], [[692, 205]], [[691, 206]], [[691, 207]], [[690, 208]], [[690, 209]], [[690, 210]], [[689, 211]], [[689, 212]], [[689, 213]], [[688, 214]], [[688, 215]], [[688, 216]], [[688, 217]], [[688, 218]], [[688, 219]], [[688, 220]], [[688, 221]], [[688, 222]], [[688, 223]], [[688, 224]], [[689, 225]], [[689, 226]], [[689, 227]], [[690, 227]], [[691, 227]], [[692, 228]], [[693, 228]], [[694, 228]], [[695, 229]], [[696, 229]], [[697, 229]], [[698, 229]], [[699, 229]], [[700, 228]], [[701, 227]], [[701, 226]], [[702, 225]], [[702, 224]], [[703, 223]], [[703, 222]], [[703, 221]], [[703, 220]], [[702, 219]], [[702, 218]], [[702, 217]], [[703, 216]], [[703, 215]], [[703, 214]], [[703, 213]], [[704, 212]], [[705, 211]], [[705, 210]], [[706, 209]], [[706, 208]], [[706, 207]], [[707, 206]], [[708, 205]], [[708, 204]], [[708, 203]], [[708, 202]], [[708, 201]], [[708, 200]], [[707, 200]], [[706, 199]], [[706, 198]], [[705, 197]], [[704, 196]], [[703, 196]], [[702, 196]], [[701, 196]], [[700, 195]], [[699, 195]], [[698, 194]], [[697, 194]]]","[[[[692, 191], [691, 192], [690, 192], [690, 193], [689, 194], [688, 195], [687, 195], [686, 195], [685, 196], [684, 196], [685, 197], [686, 197], [687, 197], [688, 198], [688, 199], [687, 200], [686, 200], [685, 201], [684, 201], [683, 201], [682, 202], [681, 202], [680, 202], [679, 202], [678, 203], [678, 204], [679, 205], [679, 206], [679, 207], [678, 208], [678, 209], [677, 210], [676, 211], [675, 211], [674, 212], [673, 212], [672, 212], [671, 212], [670, 213], [669, 213], [668, 213], [667, 213], [667, 214], [668, 214], [669, 215], [670, 216], [670, 217], [671, 218], [672, 219], [672, 220], [673, 219], [673, 218], [673, 217], [673, 216], [673, 215], [673, 214], [674, 213], [675, 214], [676, 214], [677, 215], [677, 216], [677, 217], [677, 218], [678, 218], [678, 217], [679, 216], [680, 215], [680, 214], [680, 213], [681, 212], [682, 211], [682, 210], [682, 209], [682, 208], [683, 207], [684, 207], [685, 208], [685, 209], [686, 210], [687, 211], [688, 211], [688, 210], [688, 209], [689, 208], [689, 207], [690, 206], [690, 205], [690, 204], [690, 203], [690, 202], [690, 201], [690, 200], [690, 199], [690, 198], [690, 197], [691, 196], [691, 195], [692, 194], [693, 193], [694, 192], [694, 191], [693, 191]]], []]","[104, []]"
153,153,"[[[603, 185]], [[602, 186]], [[601, 186]], [[600, 186]], [[599, 187]], [[598, 187]], [[597, 187]], [[596, 188]], [[595, 189]], [[594, 190]], [[593, 190]], [[592, 191]], [[591, 191]], [[590, 192]], [[590, 193]], [[589, 194]], [[590, 195]], [[590, 196]], [[590, 197]], [[589, 198]], [[589, 199]], [[589, 200]], [[589, 201]], [[589, 202]], [[589, 203]], [[589, 204]], [[589, 205]], [[589, 206]], [[590, 207]], [[590, 208]], [[590, 209]], [[590, 210]], [[590, 211]], [[590, 212]], [[590, 213]], [[591, 214]], [[591, 215]], [[592, 215]], [[593, 216]], [[594, 216]], [[595, 216]], [[596, 216]], [[597, 217]], [[598, 218]], [[599, 219]], [[600, 220]], [[600, 221]], [[600, 222]], [[601, 223]], [[601, 224]], [[601, 225]], [[601, 226]], [[601, 227]], [[602, 228]], [[602, 229]], [[601, 230]], [[602, 231]], [[602, 232]], [[602, 233]], [[602, 232]], [[603, 231]], [[604, 231]], [[605, 231]], [[606, 232]], [[606, 233]], [[607, 234]], [[607, 235]], [[607, 236]], [[607, 237]], [[607, 238]], [[608, 239]], [[608, 240]], [[608, 241]], [[608, 242]], [[609, 243]], [[609, 244]], [[609, 245]], [[610, 246]], [[610, 247]], [[611, 248]], [[611, 249]], [[611, 250]], [[612, 251]], [[612, 252]], [[612, 253]], [[613, 254]], [[614, 255]], [[614, 256]], [[615, 257]], [[615, 258]], [[616, 259]], [[617, 260]], [[618, 261]], [[619, 262]], [[620, 262]], [[621, 262]], [[622, 263]], [[623, 263]], [[624, 263]], [[625, 264]], [[626, 264]], [[627, 265]], [[628, 265]], [[629, 266]], [[630, 266]], [[631, 266]], [[632, 267]], [[632, 268]], [[631, 269]], [[630, 269]], [[629, 270]], [[628, 271]], [[627, 271]], [[626, 272]], [[625, 272]], [[624, 273]], [[623, 273]], [[622, 274]], [[622, 275]], [[622, 276]], [[622, 277]], [[622, 278]], [[622, 279]], [[623, 280]], [[624, 280]], [[625, 281]], [[626, 282]], [[627, 283]], [[628, 284]], [[629, 284]], [[630, 283]], [[631, 284]], [[632, 284]], [[633, 284]], [[634, 284]], [[635, 284]], [[636, 283]], [[637, 282]], [[637, 281]], [[638, 280]], [[638, 279]], [[638, 278]], [[639, 277]], [[639, 276]], [[639, 275]], [[639, 274]], [[639, 273]], [[639, 272]], [[639, 271]], [[638, 270]], [[639, 269]], [[640, 269]], [[641, 269]], [[642, 269]], [[643, 268]], [[644, 268]], [[645, 268]], [[646, 267]], [[646, 266]], [[647, 265]], [[648, 264]], [[648, 263]], [[649, 262]], [[649, 261]], [[649, 260]], [[649, 259]], [[649, 258]], [[650, 257]], [[650, 256]], [[650, 255]], [[651, 254]], [[651, 253]], [[651, 252]], [[651, 251]], [[651, 250]], [[652, 249]], [[652, 248]], [[652, 247]], [[652, 246]], [[652, 245]], [[652, 244]], [[652, 243]], [[652, 242]], [[652, 241]], [[652, 240]], [[652, 239]], [[653, 238]], [[654, 237]], [[654, 236]], [[653, 235]], [[653, 234]], [[653, 233]], [[653, 232]], [[653, 231]], [[653, 230]], [[653, 229]], [[653, 228]], [[653, 227]], [[653, 226]], [[653, 225]], [[652, 224]], [[651, 224]], [[650, 223]], [[649, 222]], [[649, 221]], [[649, 220]], [[648, 219]], [[647, 218]], [[647, 217]], [[646, 216]], [[645, 215]], [[644, 214]], [[644, 213]], [[643, 212]], [[642, 211]], [[642, 210]], [[642, 209]], [[641, 208]], [[640, 207]], [[639, 207]], [[638, 206]], [[637, 206]], [[636, 205]], [[636, 204]], [[635, 204]], [[634, 203]], [[633, 202]], [[632, 201]], [[632, 200]], [[631, 199]], [[630, 199]], [[629, 199]], [[628, 198]], [[627, 198]], [[626, 197]], [[626, 196]], [[626, 195]], [[625, 195]], [[624, 195]], [[623, 194]], [[622, 194]], [[621, 193]], [[620, 192]], [[619, 191]], [[618, 190]], [[617, 189]], [[616, 188]], [[615, 187]], [[614, 186]], [[613, 186]], [[612, 186]], [[611, 185]], [[610, 185]], [[609, 185]], [[608, 185]], [[607, 185]], [[606, 185]], [[605, 185]], [[604, 185]]]","[[], [[[667, 255], [667, 256], [667, 257], [667, 258], [666, 259], [665, 260], [664, 261], [663, 262], [662, 262], [661, 262], [660, 263], [659, 263], [658, 262], [657, 261], [656, 261], [655, 261], [654, 261], [655, 262], [655, 263], [654, 264], [653, 265], [652, 265], [651, 266], [650, 266], [649, 265], [649, 264], [648, 265], [647, 266], [647, 267], [646, 268], [645, 269], [644, 269], [643, 269], [642, 270], [641, 270], [640, 270], [640, 271], [640, 272], [641, 272], [642, 272], [643, 271], [644, 271], [645, 271], [646, 270], [647, 269], [648, 269], [649, 270], [650, 271], [651, 271], [652, 270], [652, 269], [653, 268], [654, 267], [655, 266], [656, 265], [657, 264], [658, 264], [659, 264], [660, 265], [661, 265], [662, 265], [663, 265], [664, 265], [665, 265], [666, 266], [666, 265], [666, 264], [665, 263], [666, 262], [667, 261], [667, 260], [667, 259], [667, 258], [668, 257], [668, 256]]]]","[[], 106]"
154,154,"[[[439, 182]], [[438, 183]], [[437, 183]], [[436, 183]], [[435, 184]], [[434, 184]], [[433, 185]], [[432, 186]], [[431, 187]], [[430, 188]], [[429, 188]], [[428, 188]], [[428, 189]], [[427, 190]], [[426, 190]], [[425, 191]], [[424, 192]], [[423, 193]], [[423, 194]], [[422, 195]], [[421, 196]], [[420, 197]], [[419, 198]], [[418, 198]], [[417, 199]], [[416, 199]], [[415, 199]], [[414, 199]], [[413, 199]], [[412, 200]], [[412, 201]], [[411, 202]], [[410, 203]], [[409, 204]], [[408, 205]], [[407, 206]], [[407, 207]], [[406, 208]], [[405, 209]], [[405, 210]], [[405, 211]], [[404, 212]], [[404, 213]], [[404, 214]], [[404, 215]], [[404, 216]], [[405, 217]], [[406, 218]], [[406, 219]], [[407, 220]], [[408, 221]], [[409, 222]], [[410, 223]], [[411, 224]], [[412, 224]], [[413, 225]], [[414, 226]], [[415, 227]], [[415, 228]], [[416, 228]], [[417, 229]], [[418, 229]], [[419, 230]], [[420, 230]], [[421, 229]], [[422, 229]], [[423, 229]], [[424, 229]], [[425, 229]], [[426, 229]], [[427, 229]], [[428, 228]], [[429, 228]], [[430, 228]], [[431, 228]], [[432, 228]], [[433, 227]], [[434, 227]], [[435, 226]], [[436, 227]], [[437, 228]], [[437, 229]], [[438, 229]], [[439, 229]], [[440, 230]], [[441, 231]], [[442, 231]], [[443, 232]], [[444, 232]], [[445, 232]], [[446, 232]], [[447, 232]], [[448, 232]], [[449, 233]], [[450, 234]], [[451, 235]], [[451, 236]], [[452, 236]], [[453, 236]], [[454, 237]], [[455, 237]], [[456, 238]], [[457, 238]], [[458, 239]], [[459, 239]], [[460, 240]], [[461, 240]], [[462, 240]], [[463, 241]], [[464, 241]], [[465, 241]], [[466, 241]], [[467, 240]], [[468, 240]], [[469, 240]], [[470, 240]], [[471, 240]], [[472, 241]], [[473, 242]], [[474, 242]], [[475, 242]], [[476, 241]], [[477, 241]], [[478, 241]], [[479, 241]], [[480, 242]], [[481, 241]], [[482, 240]], [[483, 240]], [[484, 240]], [[485, 241]], [[485, 242]], [[485, 243]], [[486, 244]], [[486, 245]], [[486, 246]], [[485, 247]], [[484, 247]], [[483, 248]], [[482, 249]], [[482, 250]], [[482, 251]], [[482, 252]], [[482, 253]], [[483, 254]], [[483, 255]], [[484, 256]], [[484, 257]], [[485, 258]], [[485, 259]], [[486, 260]], [[486, 261]], [[487, 262]], [[487, 263]], [[488, 264]], [[489, 265]], [[490, 266]], [[491, 267]], [[491, 268]], [[492, 268]], [[493, 268]], [[494, 268]], [[495, 267]], [[496, 267]], [[497, 266]], [[498, 266]], [[499, 265]], [[500, 264]], [[501, 263]], [[501, 262]], [[501, 261]], [[500, 260]], [[499, 260]], [[498, 259]], [[497, 258]], [[496, 257]], [[495, 256]], [[495, 255]], [[494, 254]], [[494, 253]], [[493, 253]], [[492, 252]], [[492, 251]], [[492, 250]], [[491, 249]], [[490, 248]], [[490, 247]], [[489, 246]], [[489, 245]], [[490, 244]], [[491, 243]], [[492, 243]], [[493, 243]], [[494, 243]], [[495, 242]], [[496, 242]], [[497, 241]], [[497, 240]], [[498, 239]], [[499, 238]], [[499, 237]], [[500, 236]], [[500, 235]], [[500, 234]], [[500, 233]], [[500, 232]], [[500, 231]], [[501, 230]], [[501, 229]], [[501, 228]], [[501, 227]], [[501, 226]], [[501, 225]], [[501, 224]], [[501, 223]], [[501, 222]], [[501, 221]], [[501, 220]], [[500, 219]], [[500, 218]], [[499, 217]], [[498, 217]], [[497, 218]], [[496, 218]], [[495, 219]], [[494, 220]], [[493, 221]], [[492, 222]], [[491, 221]], [[491, 220]], [[490, 219]], [[490, 218]], [[490, 217]], [[489, 216]], [[489, 215]], [[489, 214]], [[488, 213]], [[488, 212]], [[487, 211]], [[487, 210]], [[486, 209]], [[486, 208]], [[485, 207]], [[484, 206]], [[484, 205]], [[484, 204]], [[484, 203]], [[484, 202]], [[484, 201]], [[484, 200]], [[484, 199]], [[484, 198]], [[484, 197]], [[484, 196]], [[483, 195]], [[483, 194]], [[482, 193]], [[482, 192]], [[482, 191]], [[481, 190]], [[481, 189]], [[481, 188]], [[480, 187]], [[480, 186]], [[479, 186]], [[478, 186]], [[477, 186]], [[476, 186]], [[475, 187]], [[474, 187]], [[473, 188]], [[472, 188]], [[471, 187]], [[470, 187]], [[469, 187]], [[468, 187]], [[467, 187]], [[466, 186]], [[465, 186]], [[464, 186]], [[463, 186]], [[462, 186]], [[461, 186]], [[460, 186]], [[459, 185]], [[458, 185]], [[457, 186]], [[456, 186]], [[455, 186]], [[454, 185]], [[453, 185]], [[452, 185]], [[451, 185]], [[450, 185]], [[449, 185]], [[448, 184]], [[447, 183]], [[446, 183]], [[445, 183]], [[444, 183]], [[443, 183]], [[442, 183]], [[441, 182]], [[440, 182]]]","[[[[402, 215], [401, 216], [400, 216], [399, 216], [398, 217], [397, 217], [397, 218], [397, 219], [397, 220], [398, 221], [399, 222], [399, 221], [400, 220], [401, 219], [402, 220], [403, 220], [404, 221], [405, 222], [405, 223], [405, 224], [404, 225], [403, 225], [402, 225], [401, 225], [400, 224], [400, 225], [401, 226], [401, 227], [402, 228], [403, 228], [404, 228], [405, 228], [406, 227], [407, 226], [408, 226], [409, 226], [410, 227], [410, 228], [411, 228], [412, 228], [412, 227], [412, 226], [411, 226], [410, 225], [409, 224], [408, 223], [407, 222], [406, 221], [405, 220], [404, 219], [403, 218], [403, 217], [403, 216]]], []]","[107, []]"
155,155,"[[[321, 180]], [[320, 181]], [[319, 181]], [[318, 182]], [[317, 183]], [[316, 184]], [[315, 184]], [[314, 184]], [[313, 185]], [[312, 186]], [[311, 186]], [[310, 187]], [[309, 187]], [[308, 187]], [[307, 187]], [[306, 187]], [[305, 187]], [[304, 187]], [[303, 187]], [[302, 187]], [[302, 188]], [[301, 189]], [[301, 190]], [[301, 191]], [[301, 192]], [[301, 193]], [[301, 194]], [[301, 195]], [[300, 196]], [[300, 197]], [[300, 198]], [[300, 199]], [[299, 200]], [[299, 201]], [[299, 202]], [[298, 203]], [[298, 204]], [[298, 205]], [[298, 206]], [[299, 207]], [[299, 208]], [[299, 209]], [[299, 210]], [[300, 211]], [[300, 212]], [[300, 213]], [[301, 214]], [[301, 215]], [[301, 216]], [[302, 217]], [[303, 218]], [[303, 219]], [[304, 220]], [[305, 221]], [[306, 222]], [[307, 223]], [[307, 224]], [[308, 225]], [[308, 226]], [[308, 227]], [[309, 228]], [[309, 229]], [[310, 230]], [[310, 231]], [[311, 232]], [[311, 233]], [[312, 234]], [[312, 235]], [[313, 235]], [[314, 236]], [[315, 237]], [[316, 238]], [[317, 239]], [[317, 240]], [[318, 240]], [[319, 240]], [[320, 241]], [[320, 242]], [[321, 243]], [[322, 244]], [[323, 245]], [[324, 246]], [[325, 247]], [[325, 248]], [[326, 248]], [[327, 249]], [[328, 249]], [[329, 249]], [[330, 249]], [[331, 250]], [[332, 250]], [[333, 250]], [[334, 250]], [[335, 250]], [[336, 249]], [[337, 249]], [[338, 249]], [[339, 248]], [[340, 248]], [[340, 247]], [[341, 246]], [[342, 245]], [[343, 244]], [[344, 244]], [[344, 243]], [[345, 242]], [[346, 242]], [[347, 241]], [[348, 242]], [[348, 243]], [[348, 244]], [[349, 244]], [[350, 245]], [[350, 246]], [[350, 247]], [[351, 248]], [[351, 249]], [[352, 250]], [[353, 251]], [[354, 252]], [[355, 252]], [[356, 251]], [[357, 251]], [[358, 251]], [[359, 251]], [[360, 251]], [[361, 251]], [[362, 250]], [[363, 250]], [[364, 249]], [[365, 248]], [[365, 247]], [[365, 246]], [[365, 245]], [[365, 244]], [[366, 243]], [[366, 242]], [[367, 241]], [[368, 241]], [[368, 240]], [[368, 239]], [[368, 238]], [[369, 237]], [[369, 236]], [[369, 235]], [[370, 234]], [[371, 233]], [[372, 233]], [[373, 233]], [[374, 233]], [[375, 233]], [[376, 233]], [[377, 233]], [[378, 232]], [[379, 232]], [[380, 232]], [[381, 232]], [[382, 232]], [[383, 231]], [[384, 231]], [[385, 230]], [[386, 229]], [[386, 228]], [[387, 227]], [[387, 226]], [[388, 225]], [[388, 224]], [[388, 223]], [[389, 222]], [[389, 221]], [[389, 220]], [[389, 219]], [[388, 218]], [[388, 217]], [[388, 216]], [[388, 215]], [[388, 214]], [[387, 213]], [[387, 212]], [[386, 211]], [[386, 210]], [[385, 209]], [[385, 208]], [[384, 208]], [[383, 207]], [[382, 206]], [[381, 206]], [[380, 207]], [[379, 207]], [[378, 207]], [[377, 207]], [[376, 207]], [[375, 207]], [[374, 207]], [[373, 207]], [[372, 207]], [[371, 207]], [[370, 207]], [[369, 207]], [[368, 207]], [[367, 207]], [[366, 206]], [[366, 205]], [[366, 204]], [[366, 203]], [[366, 202]], [[366, 201]], [[366, 200]], [[366, 199]], [[366, 198]], [[366, 197]], [[365, 196]], [[364, 195]], [[363, 195]], [[362, 194]], [[361, 194]], [[360, 194]], [[359, 193]], [[358, 193]], [[357, 193]], [[356, 192]], [[355, 191]], [[355, 190]], [[354, 189]], [[354, 188]], [[353, 188]], [[352, 187]], [[351, 186]], [[350, 186]], [[349, 186]], [[348, 186]], [[347, 186]], [[346, 186]], [[345, 186]], [[344, 186]], [[343, 185]], [[342, 185]], [[341, 185]], [[340, 185]], [[339, 185]], [[338, 184]], [[337, 184]], [[336, 184]], [[335, 184]], [[334, 183]], [[333, 183]], [[332, 182]], [[331, 181]], [[330, 181]], [[329, 180]], [[328, 180]], [[327, 180]], [[326, 180]], [[325, 180]], [[324, 180]], [[323, 180]], [[322, 180]]]","[[], [[[301, 229], [301, 230], [301, 231], [302, 232], [302, 233], [302, 234], [302, 235], [303, 236], [304, 236], [305, 236], [306, 237], [306, 238], [307, 239], [308, 239], [309, 239], [310, 238], [311, 237], [312, 237], [313, 238], [313, 239], [314, 240], [314, 241], [315, 241], [316, 241], [316, 240], [315, 239], [314, 238], [313, 237], [312, 237], [311, 236], [311, 235], [310, 234], [309, 233], [309, 234], [309, 235], [308, 236], [307, 235], [306, 235], [305, 235], [304, 234], [303, 233], [303, 232], [303, 231], [303, 230], [302, 230]]]]","[[], 108]"
156,156,"[[[546, 176]], [[545, 177]], [[544, 178]], [[543, 178]], [[542, 179]], [[541, 180]], [[541, 181]], [[540, 182]], [[539, 183]], [[538, 184]], [[537, 184]], [[537, 185]], [[536, 186]], [[535, 187]], [[535, 188]], [[534, 189]], [[533, 190]], [[533, 191]], [[532, 192]], [[531, 193]], [[531, 194]], [[530, 195]], [[530, 196]], [[530, 197]], [[529, 198]], [[529, 199]], [[529, 200]], [[529, 201]], [[528, 202]], [[528, 203]], [[528, 204]], [[527, 205]], [[526, 206]], [[525, 206]], [[524, 206]], [[524, 207]], [[523, 208]], [[523, 209]], [[523, 210]], [[523, 211]], [[523, 212]], [[523, 213]], [[523, 214]], [[523, 215]], [[523, 216]], [[524, 217]], [[524, 218]], [[525, 218]], [[526, 219]], [[526, 220]], [[527, 220]], [[528, 221]], [[529, 222]], [[530, 221]], [[531, 221]], [[532, 221]], [[533, 221]], [[534, 221]], [[535, 222]], [[536, 221]], [[537, 221]], [[538, 221]], [[539, 220]], [[540, 219]], [[541, 219]], [[542, 219]], [[543, 219]], [[544, 219]], [[545, 219]], [[546, 219]], [[547, 219]], [[548, 219]], [[549, 219]], [[550, 219]], [[551, 219]], [[552, 219]], [[553, 218]], [[554, 218]], [[555, 218]], [[556, 217]], [[557, 216]], [[558, 216]], [[559, 217]], [[560, 217]], [[561, 217]], [[562, 217]], [[563, 216]], [[564, 215]], [[565, 214]], [[565, 213]], [[566, 212]], [[567, 211]], [[567, 210]], [[568, 209]], [[568, 208]], [[569, 207]], [[569, 206]], [[570, 205]], [[570, 204]], [[571, 203]], [[572, 202]], [[573, 201]], [[574, 200]], [[575, 199]], [[576, 199]], [[577, 198]], [[577, 197]], [[578, 196]], [[578, 195]], [[579, 194]], [[580, 194]], [[581, 193]], [[582, 192]], [[583, 192]], [[584, 191]], [[584, 190]], [[585, 189]], [[586, 188]], [[586, 187]], [[586, 186]], [[586, 185]], [[585, 184]], [[585, 183]], [[584, 182]], [[584, 181]], [[583, 180]], [[582, 180]], [[581, 180]], [[580, 180]], [[579, 180]], [[578, 180]], [[577, 180]], [[576, 180]], [[575, 181]], [[574, 181]], [[573, 180]], [[573, 179]], [[572, 178]], [[571, 178]], [[570, 177]], [[569, 177]], [[568, 177]], [[567, 177]], [[566, 177]], [[565, 176]], [[564, 176]], [[563, 176]], [[562, 176]], [[561, 176]], [[560, 176]], [[559, 177]], [[558, 177]], [[557, 177]], [[556, 177]], [[555, 178]], [[554, 177]], [[553, 177]], [[552, 176]], [[551, 176]], [[550, 176]], [[549, 176]], [[548, 176]], [[547, 176]]]",[[]],[]
157,157,"[[[218, 170]], [[217, 171]], [[216, 172]], [[215, 173]], [[215, 174]], [[214, 175]], [[214, 176]], [[213, 177]], [[213, 178]], [[212, 179]], [[211, 180]], [[211, 181]], [[210, 182]], [[210, 183]], [[209, 184]], [[208, 185]], [[208, 186]], [[207, 187]], [[207, 188]], [[206, 189]], [[205, 190]], [[204, 191]], [[203, 192]], [[203, 193]], [[202, 194]], [[202, 195]], [[201, 196]], [[200, 197]], [[200, 198]], [[199, 199]], [[199, 200]], [[199, 201]], [[198, 202]], [[198, 203]], [[198, 204]], [[197, 205]], [[196, 206]], [[196, 207]], [[196, 208]], [[195, 209]], [[194, 210]], [[194, 211]], [[194, 212]], [[194, 213]], [[194, 214]], [[194, 215]], [[193, 216]], [[193, 217]], [[193, 218]], [[194, 219]], [[195, 219]], [[196, 219]], [[197, 219]], [[198, 219]], [[199, 219]], [[200, 219]], [[201, 219]], [[202, 220]], [[203, 220]], [[204, 221]], [[205, 221]], [[206, 222]], [[207, 221]], [[208, 221]], [[209, 222]], [[210, 222]], [[211, 223]], [[212, 223]], [[213, 223]], [[213, 222]], [[214, 221]], [[214, 220]], [[215, 219]], [[215, 218]], [[216, 217]], [[216, 216]], [[217, 215]], [[218, 214]], [[219, 213]], [[220, 212]], [[220, 211]], [[221, 210]], [[221, 209]], [[222, 208]], [[223, 207]], [[223, 206]], [[224, 205]], [[224, 204]], [[225, 203]], [[225, 202]], [[226, 201]], [[227, 200]], [[228, 199]], [[228, 198]], [[229, 197]], [[230, 196]], [[230, 195]], [[231, 194]], [[231, 193]], [[232, 192]], [[232, 191]], [[233, 190]], [[233, 189]], [[234, 188]], [[234, 187]], [[234, 186]], [[234, 185]], [[234, 184]], [[234, 183]], [[235, 182]], [[235, 181]], [[235, 180]], [[235, 179]], [[235, 178]], [[235, 177]], [[235, 176]], [[234, 175]], [[234, 174]], [[233, 173]], [[232, 173]], [[231, 173]], [[230, 173]], [[229, 172]], [[228, 171]], [[227, 171]], [[226, 171]], [[225, 170]], [[224, 170]], [[223, 170]], [[222, 170]], [[221, 170]], [[220, 170]], [[219, 170]]]",[[]],[]
158,158,"[[[506, 168]], [[505, 169]], [[504, 169]], [[503, 169]], [[502, 169]], [[501, 169]], [[500, 170]], [[499, 170]], [[498, 171]], [[497, 172]], [[497, 173]], [[497, 174]], [[497, 175]], [[498, 176]], [[498, 177]], [[499, 178]], [[499, 179]], [[499, 180]], [[499, 181]], [[499, 182]], [[500, 183]], [[500, 184]], [[501, 185]], [[501, 186]], [[501, 187]], [[501, 188]], [[501, 189]], [[501, 190]], [[502, 191]], [[502, 192]], [[502, 193]], [[502, 194]], [[502, 195]], [[503, 196]], [[503, 197]], [[503, 198]], [[504, 199]], [[505, 200]], [[505, 201]], [[505, 202]], [[506, 203]], [[507, 203]], [[508, 203]], [[509, 204]], [[509, 205]], [[510, 205]], [[511, 205]], [[512, 206]], [[513, 205]], [[514, 204]], [[515, 204]], [[516, 204]], [[517, 204]], [[518, 203]], [[519, 203]], [[520, 202]], [[521, 201]], [[521, 200]], [[521, 199]], [[521, 198]], [[521, 197]], [[521, 196]], [[520, 195]], [[520, 194]], [[519, 194]], [[518, 193]], [[518, 192]], [[517, 191]], [[517, 190]], [[516, 189]], [[516, 188]], [[516, 187]], [[515, 186]], [[515, 185]], [[515, 184]], [[515, 183]], [[515, 182]], [[514, 181]], [[514, 180]], [[514, 179]], [[514, 178]], [[514, 177]], [[513, 176]], [[513, 175]], [[512, 174]], [[512, 173]], [[511, 172]], [[510, 171]], [[509, 170]], [[508, 169]], [[507, 168]]]",[[]],[]
159,159,"[[[463, 163]], [[462, 164]], [[462, 165]], [[462, 166]], [[462, 167]], [[461, 168]], [[461, 169]], [[461, 170]], [[461, 171]], [[461, 172]], [[462, 173]], [[463, 174]], [[463, 175]], [[464, 175]], [[465, 175]], [[466, 174]], [[467, 174]], [[468, 173]], [[469, 172]], [[470, 172]], [[471, 171]], [[471, 170]], [[471, 169]], [[471, 168]], [[471, 167]], [[470, 166]], [[470, 165]], [[469, 165]], [[468, 165]], [[467, 164]], [[466, 164]], [[465, 163]], [[464, 163]]]",[[]],[]
160,160,"[[[132, 148]], [[131, 149]], [[130, 150]], [[129, 151]], [[128, 152]], [[128, 153]], [[128, 154]], [[127, 155]], [[127, 156]], [[126, 157]], [[125, 157]], [[124, 158]], [[123, 158]], [[124, 159]], [[124, 160]], [[124, 161]], [[125, 162]], [[125, 163]], [[126, 164]], [[126, 165]], [[126, 166]], [[126, 167]], [[127, 168]], [[127, 169]], [[127, 170]], [[128, 171]], [[128, 172]], [[129, 173]], [[130, 174]], [[130, 175]], [[131, 176]], [[132, 177]], [[133, 178]], [[134, 178]], [[135, 178]], [[136, 177]], [[137, 177]], [[138, 177]], [[139, 178]], [[140, 178]], [[141, 179]], [[142, 180]], [[143, 180]], [[144, 180]], [[145, 180]], [[146, 180]], [[147, 180]], [[148, 181]], [[149, 181]], [[150, 181]], [[151, 181]], [[152, 182]], [[153, 182]], [[154, 182]], [[155, 182]], [[156, 182]], [[157, 182]], [[158, 182]], [[159, 182]], [[160, 183]], [[161, 184]], [[162, 185]], [[163, 186]], [[164, 187]], [[164, 188]], [[165, 189]], [[165, 190]], [[166, 191]], [[165, 192]], [[164, 193]], [[163, 192]], [[162, 193]], [[161, 193]], [[160, 193]], [[159, 193]], [[158, 192]], [[157, 192]], [[156, 191]], [[155, 191]], [[154, 191]], [[153, 191]], [[152, 191]], [[151, 191]], [[150, 191]], [[149, 191]], [[148, 192]], [[147, 192]], [[146, 192]], [[145, 193]], [[144, 194]], [[143, 195]], [[142, 196]], [[141, 196]], [[140, 196]], [[140, 197]], [[139, 198]], [[139, 199]], [[139, 200]], [[138, 201]], [[138, 202]], [[138, 203]], [[138, 204]], [[138, 205]], [[137, 206]], [[137, 207]], [[136, 208]], [[136, 209]], [[136, 210]], [[136, 211]], [[136, 212]], [[136, 213]], [[136, 214]], [[136, 215]], [[137, 216]], [[137, 217]], [[138, 217]], [[139, 218]], [[140, 218]], [[141, 218]], [[142, 218]], [[143, 218]], [[144, 218]], [[145, 218]], [[146, 218]], [[147, 218]], [[148, 218]], [[149, 219]], [[150, 220]], [[151, 220]], [[152, 221]], [[153, 222]], [[154, 222]], [[155, 223]], [[156, 223]], [[157, 223]], [[158, 224]], [[159, 224]], [[160, 224]], [[161, 224]], [[162, 224]], [[163, 224]], [[164, 224]], [[165, 224]], [[166, 224]], [[167, 223]], [[168, 224]], [[169, 224]], [[170, 224]], [[171, 223]], [[172, 223]], [[173, 223]], [[174, 223]], [[175, 223]], [[176, 222]], [[177, 222]], [[178, 221]], [[179, 221]], [[180, 221]], [[181, 220]], [[182, 219]], [[183, 219]], [[184, 218]], [[185, 218]], [[186, 217]], [[186, 216]], [[187, 215]], [[188, 214]], [[188, 213]], [[188, 212]], [[188, 211]], [[188, 210]], [[188, 209]], [[188, 208]], [[188, 207]], [[188, 206]], [[189, 205]], [[189, 204]], [[190, 203]], [[190, 202]], [[190, 201]], [[190, 200]], [[191, 199]], [[192, 199]], [[192, 198]], [[192, 197]], [[192, 196]], [[192, 195]], [[192, 194]], [[191, 193]], [[191, 192]], [[190, 191]], [[189, 190]], [[188, 189]], [[187, 188]], [[186, 187]], [[186, 186]], [[185, 186]], [[184, 185]], [[184, 184]], [[183, 183]], [[182, 182]], [[182, 181]], [[181, 180]], [[180, 179]], [[179, 178]], [[178, 178]], [[177, 177]], [[176, 176]], [[175, 175]], [[175, 174]], [[174, 173]], [[173, 172]], [[172, 171]], [[172, 170]], [[171, 170]], [[170, 169]], [[169, 169]], [[168, 168]], [[168, 167]], [[167, 166]], [[167, 165]], [[166, 164]], [[165, 164]], [[164, 164]], [[163, 163]], [[162, 162]], [[161, 162]], [[160, 161]], [[159, 161]], [[158, 161]], [[157, 161]], [[156, 160]], [[155, 159]], [[154, 158]], [[153, 157]], [[153, 156]], [[152, 155]], [[152, 154]], [[151, 153]], [[151, 152]], [[150, 151]], [[150, 150]], [[149, 150]], [[148, 149]], [[147, 149]], [[146, 148]], [[145, 148]], [[144, 148]], [[143, 149]], [[142, 149]], [[141, 149]], [[140, 148]], [[139, 148]], [[138, 148]], [[137, 148]], [[136, 148]], [[135, 148]], [[134, 148]], [[133, 148]]]","[[], [[[120, 160], [119, 161], [118, 162], [117, 163], [116, 164], [115, 163], [115, 164], [115, 165], [114, 166], [114, 167], [115, 168], [116, 168], [117, 167], [117, 166], [118, 165], [119, 164], [120, 164], [121, 164], [122, 165], [123, 166], [124, 167], [124, 168], [125, 169], [125, 170], [126, 170], [126, 169], [126, 168], [125, 167], [125, 166], [125, 165], [124, 164], [124, 163], [123, 163], [122, 162], [121, 161]]]]","[[], 109]"
161,161,"[[[556, 119]], [[555, 120]], [[554, 120]], [[553, 121]], [[552, 121]], [[551, 121]], [[550, 122]], [[549, 122]], [[548, 123]], [[548, 124]], [[547, 125]], [[547, 126]], [[547, 127]], [[547, 128]], [[547, 129]], [[547, 130]], [[547, 131]], [[548, 132]], [[548, 133]], [[548, 134]], [[548, 135]], [[548, 136]], [[549, 137]], [[549, 138]], [[549, 139]], [[550, 140]], [[550, 141]], [[550, 142]], [[550, 143]], [[551, 144]], [[551, 145]], [[551, 146]], [[552, 147]], [[552, 148]], [[552, 149]], [[552, 150]], [[553, 151]], [[553, 152]], [[553, 153]], [[553, 154]], [[554, 155]], [[554, 156]], [[554, 157]], [[554, 158]], [[554, 159]], [[554, 160]], [[555, 161]], [[555, 162]], [[555, 163]], [[556, 164]], [[557, 165]], [[558, 165]], [[559, 165]], [[560, 165]], [[561, 165]], [[562, 165]], [[563, 164]], [[564, 164]], [[565, 164]], [[566, 163]], [[567, 162]], [[568, 162]], [[569, 161]], [[570, 160]], [[571, 159]], [[572, 158]], [[573, 157]], [[574, 156]], [[575, 155]], [[575, 154]], [[576, 153]], [[576, 152]], [[576, 151]], [[576, 150]], [[576, 149]], [[576, 148]], [[576, 147]], [[576, 146]], [[576, 145]], [[575, 144]], [[575, 143]], [[575, 142]], [[574, 141]], [[574, 140]], [[574, 139]], [[574, 138]], [[574, 137]], [[573, 136]], [[573, 135]], [[572, 134]], [[572, 133]], [[573, 132]], [[572, 131]], [[572, 130]], [[572, 129]], [[571, 129]], [[570, 128]], [[570, 127]], [[571, 126]], [[571, 125]], [[571, 124]], [[570, 123]], [[570, 122]], [[570, 121]], [[569, 121]], [[568, 121]], [[567, 121]], [[566, 121]], [[565, 121]], [[564, 121]], [[563, 121]], [[562, 120]], [[561, 120]], [[560, 120]], [[559, 120]], [[558, 120]], [[557, 119]]]","[[[[538, 126], [538, 127], [539, 128], [540, 129], [540, 130], [541, 130], [542, 129], [543, 128], [544, 129], [545, 130], [545, 131], [545, 132], [546, 133], [547, 134], [546, 135], [545, 136], [545, 137], [545, 138], [545, 139], [546, 140], [546, 141], [547, 141], [548, 142], [549, 143], [549, 144], [548, 145], [548, 146], [548, 147], [548, 148], [548, 149], [549, 150], [550, 149], [550, 148], [550, 147], [550, 146], [550, 145], [550, 144], [549, 143], [549, 142], [549, 141], [548, 140], [548, 139], [548, 138], [548, 137], [547, 136], [547, 135], [547, 134], [546, 133], [546, 132], [546, 131], [546, 130], [546, 129], [545, 129], [544, 129], [543, 128], [542, 128], [541, 128], [540, 128], [539, 128], [538, 127]]], []]","[110, []]"
162,162,"[[[279, 118]], [[278, 119]], [[277, 119]], [[276, 120]], [[275, 120]], [[275, 121]], [[275, 122]], [[275, 123]], [[275, 124]], [[275, 125]], [[275, 126]], [[275, 127]], [[274, 128]], [[273, 128]], [[272, 128]], [[271, 127]], [[270, 127]], [[269, 126]], [[268, 125]], [[267, 124]], [[266, 124]], [[265, 124]], [[264, 123]], [[263, 123]], [[262, 123]], [[261, 123]], [[260, 123]], [[259, 123]], [[258, 122]], [[257, 123]], [[256, 123]], [[255, 123]], [[254, 123]], [[253, 124]], [[252, 124]], [[251, 125]], [[250, 125]], [[249, 126]], [[248, 127]], [[247, 128]], [[247, 129]], [[246, 130]], [[245, 131]], [[245, 132]], [[245, 133]], [[245, 134]], [[244, 135]], [[244, 136]], [[244, 137]], [[244, 138]], [[243, 139]], [[243, 140]], [[243, 141]], [[242, 142]], [[242, 143]], [[242, 144]], [[242, 145]], [[242, 146]], [[242, 147]], [[242, 148]], [[242, 149]], [[242, 150]], [[243, 151]], [[243, 152]], [[243, 153]], [[243, 154]], [[243, 155]], [[243, 156]], [[244, 157]], [[244, 158]], [[244, 159]], [[244, 160]], [[244, 161]], [[244, 162]], [[244, 163]], [[245, 164]], [[245, 165]], [[246, 166]], [[246, 167]], [[247, 168]], [[248, 168]], [[249, 169]], [[250, 169]], [[251, 169]], [[252, 169]], [[253, 169]], [[254, 170]], [[255, 171]], [[255, 172]], [[256, 172]], [[257, 173]], [[258, 173]], [[259, 173]], [[260, 173]], [[261, 174]], [[262, 174]], [[263, 174]], [[264, 174]], [[265, 174]], [[266, 174]], [[267, 174]], [[268, 174]], [[269, 175]], [[270, 176]], [[270, 177]], [[269, 178]], [[268, 179]], [[267, 180]], [[266, 181]], [[265, 181]], [[264, 181]], [[264, 182]], [[263, 183]], [[263, 184]], [[263, 185]], [[264, 186]], [[264, 187]], [[265, 187]], [[266, 187]], [[267, 187]], [[268, 188]], [[269, 188]], [[270, 188]], [[271, 188]], [[272, 189]], [[273, 189]], [[274, 188]], [[275, 188]], [[276, 188]], [[277, 188]], [[278, 189]], [[279, 189]], [[280, 189]], [[281, 188]], [[282, 188]], [[283, 188]], [[284, 187]], [[284, 186]], [[285, 185]], [[286, 185]], [[287, 184]], [[287, 183]], [[288, 182]], [[288, 181]], [[288, 180]], [[289, 179]], [[289, 178]], [[290, 177]], [[290, 176]], [[290, 175]], [[290, 174]], [[289, 173]], [[289, 172]], [[288, 171]], [[287, 170]], [[288, 169]], [[288, 168]], [[289, 167]], [[290, 167]], [[291, 167]], [[292, 167]], [[293, 166]], [[294, 166]], [[295, 166]], [[296, 165]], [[297, 165]], [[298, 164]], [[299, 163]], [[300, 163]], [[300, 162]], [[300, 161]], [[301, 160]], [[301, 159]], [[302, 158]], [[302, 157]], [[303, 156]], [[303, 155]], [[304, 154]], [[304, 153]], [[304, 152]], [[304, 151]], [[304, 150]], [[304, 149]], [[304, 148]], [[303, 147]], [[303, 146]], [[302, 145]], [[302, 144]], [[302, 143]], [[301, 142]], [[301, 141]], [[300, 141]], [[299, 140]], [[298, 139]], [[297, 139]], [[296, 140]], [[295, 140]], [[294, 140]], [[293, 140]], [[292, 140]], [[291, 140]], [[290, 139]], [[290, 138]], [[289, 138]], [[288, 138]], [[287, 138]], [[286, 137]], [[285, 136]], [[286, 135]], [[286, 134]], [[287, 133]], [[288, 133]], [[288, 132]], [[289, 131]], [[288, 130]], [[288, 129]], [[287, 128]], [[287, 127]], [[286, 126]], [[285, 125]], [[285, 124]], [[285, 123]], [[284, 122]], [[283, 121]], [[282, 120]], [[281, 120]], [[280, 119]], [[280, 118]]]",[[]],[]
163,163,"[[[397, 116]], [[396, 117]], [[395, 117]], [[394, 117]], [[393, 118]], [[392, 118]], [[392, 119]], [[391, 120]], [[391, 121]], [[391, 122]], [[391, 123]], [[392, 124]], [[392, 125]], [[392, 126]], [[392, 127]], [[391, 128]], [[391, 129]], [[391, 130]], [[391, 131]], [[391, 132]], [[391, 133]], [[391, 134]], [[390, 135]], [[390, 136]], [[390, 137]], [[390, 138]], [[390, 139]], [[390, 140]], [[390, 141]], [[390, 142]], [[390, 143]], [[390, 144]], [[390, 145]], [[390, 146]], [[390, 147]], [[390, 148]], [[390, 149]], [[390, 150]], [[389, 151]], [[389, 152]], [[389, 153]], [[388, 154]], [[388, 155]], [[388, 156]], [[388, 157]], [[388, 158]], [[387, 159]], [[387, 160]], [[387, 161]], [[387, 162]], [[388, 163]], [[388, 164]], [[388, 165]], [[389, 166]], [[389, 167]], [[389, 168]], [[389, 169]], [[389, 170]], [[389, 171]], [[389, 172]], [[389, 173]], [[390, 172]], [[391, 172]], [[392, 172]], [[393, 172]], [[394, 172]], [[395, 173]], [[396, 173]], [[397, 173]], [[398, 174]], [[399, 175]], [[400, 176]], [[401, 177]], [[402, 177]], [[403, 177]], [[404, 177]], [[405, 178]], [[406, 179]], [[407, 180]], [[408, 180]], [[409, 180]], [[410, 181]], [[411, 181]], [[412, 181]], [[413, 181]], [[414, 182]], [[415, 183]], [[416, 183]], [[417, 183]], [[418, 184]], [[419, 184]], [[420, 184]], [[421, 184]], [[422, 185]], [[423, 185]], [[424, 184]], [[425, 184]], [[426, 184]], [[426, 183]], [[427, 182]], [[427, 181]], [[427, 180]], [[428, 179]], [[428, 178]], [[428, 177]], [[428, 176]], [[428, 175]], [[429, 174]], [[429, 173]], [[430, 172]], [[430, 171]], [[431, 170]], [[432, 169]], [[433, 169]], [[434, 169]], [[435, 169]], [[436, 169]], [[437, 169]], [[438, 169]], [[439, 170]], [[440, 170]], [[441, 171]], [[442, 171]], [[443, 171]], [[444, 171]], [[445, 171]], [[446, 171]], [[447, 171]], [[448, 170]], [[449, 169]], [[449, 168]], [[450, 167]], [[451, 166]], [[451, 165]], [[452, 164]], [[453, 163]], [[454, 162]], [[454, 161]], [[454, 160]], [[455, 159]], [[455, 158]], [[456, 157]], [[456, 156]], [[457, 155]], [[458, 154]], [[458, 153]], [[458, 152]], [[458, 151]], [[458, 150]], [[458, 149]], [[458, 148]], [[457, 147]], [[456, 146]], [[455, 145]], [[454, 144]], [[453, 144]], [[452, 144]], [[451, 144]], [[450, 144]], [[449, 143]], [[449, 142]], [[448, 142]], [[447, 141]], [[446, 141]], [[445, 140]], [[444, 139]], [[443, 139]], [[442, 138]], [[441, 137]], [[440, 137]], [[439, 137]], [[438, 136]], [[437, 136]], [[436, 136]], [[435, 135]], [[434, 134]], [[434, 133]], [[433, 133]], [[432, 132]], [[432, 131]], [[431, 130]], [[430, 130]], [[429, 129]], [[429, 128]], [[429, 127]], [[428, 126]], [[427, 125]], [[426, 125]], [[425, 124]], [[424, 124]], [[423, 123]], [[422, 123]], [[421, 123]], [[420, 122]], [[419, 122]], [[418, 122]], [[417, 121]], [[416, 121]], [[415, 120]], [[414, 120]], [[413, 119]], [[412, 119]], [[411, 119]], [[410, 118]], [[409, 118]], [[408, 118]], [[407, 118]], [[406, 117]], [[405, 116]], [[404, 116]], [[403, 116]], [[402, 117]], [[401, 117]], [[400, 116]], [[399, 116]], [[398, 116]]]","[[], [[[368, 104], [368, 105], [368, 106], [368, 107], [369, 107], [370, 108], [371, 109], [372, 110], [373, 111], [373, 112], [374, 112], [375, 112], [376, 113], [377, 113], [378, 114], [379, 115], [380, 116], [381, 117], [382, 117], [383, 118], [383, 119], [384, 120], [384, 121], [384, 122], [384, 123], [384, 124], [384, 125], [384, 126], [384, 127], [385, 128], [384, 127], [384, 126], [384, 125], [384, 124], [385, 123], [386, 122], [387, 121], [388, 121], [389, 121], [389, 120], [390, 119], [390, 118], [391, 117], [392, 116], [391, 116], [390, 116], [389, 117], [389, 118], [388, 119], [387, 119], [386, 119], [385, 119], [384, 119], [383, 118], [383, 117], [382, 116], [382, 115], [381, 114], [380, 113], [379, 112], [379, 111], [378, 110], [377, 109], [376, 110], [375, 110], [374, 110], [373, 109], [372, 109], [371, 108], [371, 107], [371, 106], [371, 105], [370, 104], [369, 104]]]]","[[], 111]"
164,164,"[[[371, 114]], [[370, 115]], [[369, 115]], [[368, 116]], [[367, 116]], [[366, 116]], [[365, 116]], [[364, 117]], [[363, 117]], [[362, 117]], [[361, 118]], [[360, 118]], [[359, 118]], [[358, 119]], [[357, 119]], [[356, 119]], [[355, 120]], [[354, 120]], [[353, 121]], [[352, 121]], [[351, 121]], [[350, 121]], [[349, 122]], [[348, 122]], [[347, 122]], [[346, 122]], [[345, 122]], [[344, 122]], [[343, 122]], [[342, 123]], [[341, 123]], [[340, 124]], [[339, 124]], [[338, 124]], [[338, 125]], [[337, 126]], [[337, 127]], [[336, 128]], [[336, 129]], [[335, 130]], [[334, 131]], [[334, 132]], [[334, 133]], [[335, 134]], [[335, 135]], [[335, 136]], [[335, 137]], [[335, 138]], [[335, 139]], [[336, 140]], [[336, 141]], [[337, 142]], [[338, 142]], [[339, 143]], [[340, 144]], [[341, 145]], [[342, 146]], [[343, 146]], [[344, 146]], [[345, 146]], [[346, 147]], [[347, 148]], [[348, 148]], [[349, 147]], [[350, 147]], [[351, 146]], [[352, 146]], [[353, 145]], [[354, 145]], [[355, 145]], [[356, 145]], [[357, 144]], [[358, 144]], [[359, 144]], [[360, 144]], [[361, 144]], [[362, 144]], [[363, 144]], [[364, 143]], [[365, 143]], [[366, 143]], [[367, 143]], [[368, 143]], [[369, 142]], [[370, 142]], [[371, 141]], [[372, 141]], [[373, 141]], [[374, 141]], [[375, 140]], [[376, 139]], [[377, 138]], [[378, 138]], [[379, 137]], [[379, 136]], [[380, 135]], [[380, 134]], [[381, 133]], [[381, 132]], [[381, 131]], [[381, 130]], [[381, 129]], [[381, 128]], [[381, 127]], [[381, 126]], [[381, 125]], [[380, 124]], [[380, 123]], [[380, 122]], [[380, 121]], [[379, 120]], [[379, 119]], [[379, 118]], [[379, 117]], [[378, 116]], [[377, 115]], [[377, 114]], [[376, 114]], [[375, 114]], [[374, 114]], [[373, 114]], [[372, 114]]]","[[[[336, 112], [336, 113], [337, 114], [337, 115], [338, 116], [339, 117], [340, 118], [340, 119], [340, 120], [339, 121], [338, 120], [337, 119], [336, 118], [335, 119], [334, 120], [334, 121], [334, 122], [334, 123], [335, 123], [336, 124], [337, 124], [338, 123], [339, 123], [339, 122], [339, 121], [340, 120], [341, 120], [342, 120], [342, 119], [341, 118], [341, 117], [342, 116], [342, 115], [343, 114], [342, 113], [341, 113], [340, 113], [339, 113], [338, 113], [337, 114], [336, 113]]], [], [[[368, 104], [368, 105], [368, 106], [368, 107], [369, 107], [370, 108], [371, 109], [372, 110], [373, 111], [373, 112], [374, 112], [375, 112], [376, 113], [377, 113], [378, 114], [379, 115], [380, 116], [381, 117], [382, 117], [383, 118], [383, 119], [384, 120], [384, 121], [384, 122], [384, 123], [384, 124], [384, 125], [384, 126], [384, 127], [385, 128], [384, 127], [384, 126], [384, 125], [384, 124], [385, 123], [386, 122], [387, 121], [388, 121], [389, 121], [389, 120], [390, 119], [390, 118], [391, 117], [392, 116], [391, 116], [390, 116], [389, 117], [389, 118], [388, 119], [387, 119], [386, 119], [385, 119], [384, 119], [383, 118], [383, 117], [382, 116], [382, 115], [381, 114], [380, 113], [379, 112], [379, 111], [378, 110], [377, 109], [376, 110], [375, 110], [374, 110], [373, 109], [372, 109], [371, 108], [371, 107], [371, 106], [371, 105], [370, 104], [369, 104]]]]","[112, [], 111]"
165,165,"[[[151, 113]], [[150, 114]], [[150, 115]], [[149, 116]], [[149, 117]], [[148, 118]], [[149, 119]], [[150, 120]], [[150, 121]], [[150, 122]], [[150, 123]], [[150, 124]], [[150, 125]], [[151, 126]], [[151, 127]], [[151, 128]], [[151, 129]], [[152, 130]], [[153, 131]], [[154, 131]], [[155, 131]], [[156, 130]], [[157, 130]], [[158, 129]], [[159, 128]], [[160, 128]], [[160, 127]], [[161, 126]], [[162, 125]], [[162, 124]], [[162, 123]], [[161, 122]], [[161, 121]], [[161, 120]], [[160, 119]], [[160, 118]], [[160, 117]], [[160, 116]], [[159, 115]], [[158, 115]], [[157, 115]], [[156, 114]], [[155, 114]], [[154, 114]], [[153, 113]], [[152, 113]]]","[[], [[[154, 102], [155, 102], [156, 103], [156, 104], [157, 105], [157, 106], [157, 107], [158, 108], [158, 109], [159, 110], [159, 111], [158, 112], [158, 113], [159, 113], [160, 113], [161, 114], [162, 115], [162, 116], [161, 117], [161, 118], [162, 119], [162, 120], [163, 121], [163, 120], [163, 119], [163, 118], [162, 117], [162, 116], [162, 115], [162, 114], [162, 113], [162, 112], [161, 111], [161, 110], [160, 109], [160, 108], [160, 107], [159, 106], [158, 105], [158, 104], [157, 103], [156, 102], [155, 102]]]]","[[], 114]"
166,166,"[[[209, 107]], [[208, 108]], [[207, 108]], [[206, 108]], [[205, 109]], [[204, 110]], [[203, 111]], [[202, 112]], [[202, 113]], [[202, 114]], [[201, 115]], [[200, 116]], [[199, 116]], [[198, 117]], [[197, 118]], [[196, 118]], [[195, 119]], [[194, 120]], [[193, 121]], [[193, 122]], [[192, 123]], [[192, 124]], [[192, 125]], [[192, 126]], [[191, 127]], [[191, 128]], [[191, 129]], [[191, 130]], [[191, 131]], [[192, 132]], [[192, 133]], [[192, 134]], [[192, 135]], [[193, 136]], [[194, 137]], [[195, 137]], [[196, 138]], [[197, 138]], [[198, 138]], [[199, 139]], [[199, 140]], [[198, 141]], [[198, 142]], [[197, 143]], [[197, 144]], [[197, 145]], [[197, 146]], [[197, 147]], [[198, 148]], [[199, 149]], [[200, 150]], [[201, 151]], [[202, 152]], [[202, 153]], [[202, 154]], [[202, 155]], [[202, 156]], [[202, 157]], [[203, 158]], [[204, 159]], [[204, 160]], [[204, 161]], [[204, 162]], [[205, 162]], [[206, 162]], [[207, 162]], [[208, 162]], [[209, 162]], [[210, 161]], [[211, 161]], [[212, 161]], [[213, 161]], [[214, 162]], [[215, 163]], [[216, 164]], [[217, 164]], [[218, 164]], [[219, 164]], [[220, 163]], [[221, 163]], [[222, 162]], [[222, 161]], [[222, 160]], [[222, 159]], [[223, 158]], [[224, 157]], [[225, 156]], [[225, 155]], [[226, 154]], [[226, 153]], [[227, 152]], [[227, 151]], [[227, 150]], [[228, 149]], [[229, 148]], [[229, 147]], [[230, 146]], [[231, 145]], [[232, 145]], [[232, 144]], [[232, 143]], [[232, 142]], [[232, 141]], [[232, 140]], [[231, 139]], [[231, 138]], [[231, 137]], [[232, 136]], [[232, 135]], [[232, 134]], [[232, 133]], [[232, 132]], [[232, 131]], [[232, 130]], [[232, 129]], [[232, 128]], [[232, 127]], [[232, 126]], [[232, 125]], [[232, 124]], [[231, 123]], [[230, 122]], [[230, 121]], [[229, 120]], [[229, 119]], [[228, 118]], [[228, 117]], [[227, 116]], [[226, 115]], [[225, 114]], [[225, 113]], [[224, 112]], [[223, 111]], [[222, 110]], [[221, 110]], [[220, 109]], [[219, 108]], [[218, 108]], [[217, 107]], [[216, 107]], [[215, 107]], [[214, 107]], [[213, 107]], [[212, 107]], [[211, 107]], [[210, 107]]]",[[]],[]
167,167,"[[[590, 91]], [[589, 92]], [[588, 93]], [[588, 94]], [[589, 95]], [[590, 95]], [[591, 96]], [[592, 97]], [[593, 97]], [[594, 97]], [[595, 98]], [[596, 99]], [[596, 100]], [[596, 101]], [[597, 102]], [[597, 103]], [[596, 104]], [[596, 105]], [[596, 106]], [[596, 107]], [[596, 108]], [[596, 109]], [[597, 110]], [[598, 111]], [[599, 112]], [[600, 113]], [[601, 114]], [[601, 115]], [[602, 115]], [[603, 115]], [[604, 115]], [[605, 115]], [[606, 115]], [[607, 115]], [[608, 115]], [[609, 116]], [[610, 117]], [[610, 118]], [[611, 118]], [[612, 119]], [[612, 120]], [[613, 120]], [[614, 121]], [[615, 121]], [[616, 121]], [[617, 121]], [[618, 120]], [[618, 119]], [[619, 118]], [[620, 117]], [[620, 116]], [[620, 115]], [[620, 114]], [[620, 113]], [[619, 112]], [[619, 111]], [[619, 110]], [[618, 109]], [[617, 108]], [[616, 107]], [[615, 106]], [[614, 105]], [[614, 104]], [[613, 103]], [[612, 102]], [[611, 101]], [[610, 101]], [[609, 101]], [[608, 101]], [[607, 101]], [[606, 100]], [[605, 100]], [[604, 100]], [[603, 100]], [[602, 100]], [[601, 100]], [[600, 99]], [[599, 98]], [[598, 98]], [[597, 97]], [[597, 96]], [[596, 95]], [[596, 94]], [[595, 94]], [[594, 93]], [[593, 92]], [[593, 91]], [[592, 91]], [[591, 91]]]","[[], [[[627, 109], [626, 110], [625, 111], [625, 112], [624, 113], [623, 114], [623, 115], [622, 116], [621, 117], [620, 118], [619, 119], [619, 120], [618, 121], [619, 121], [620, 121], [621, 121], [621, 120], [622, 119], [623, 118], [623, 117], [624, 116], [624, 115], [624, 114], [625, 113], [626, 112], [627, 112], [628, 111], [628, 110], [628, 109]]]]","[[], 115]"
168,168,"[[[262, 87]], [[261, 88]], [[260, 88]], [[259, 88]], [[258, 89]], [[257, 90]], [[256, 90]], [[255, 91]], [[254, 91]], [[253, 91]], [[252, 91]], [[251, 91]], [[250, 90]], [[249, 90]], [[248, 90]], [[247, 89]], [[246, 88]], [[245, 88]], [[244, 88]], [[243, 88]], [[242, 88]], [[241, 89]], [[241, 90]], [[240, 91]], [[240, 92]], [[240, 93]], [[239, 94]], [[239, 95]], [[239, 96]], [[239, 97]], [[238, 98]], [[238, 99]], [[238, 100]], [[238, 101]], [[239, 102]], [[239, 103]], [[240, 104]], [[241, 105]], [[242, 105]], [[243, 106]], [[244, 106]], [[245, 107]], [[246, 107]], [[247, 107]], [[248, 107]], [[249, 106]], [[250, 106]], [[251, 105]], [[252, 105]], [[253, 105]], [[254, 105]], [[255, 104]], [[256, 104]], [[257, 104]], [[258, 103]], [[259, 103]], [[260, 103]], [[261, 103]], [[262, 103]], [[263, 102]], [[264, 102]], [[265, 101]], [[266, 100]], [[267, 99]], [[268, 98]], [[268, 97]], [[268, 96]], [[268, 95]], [[268, 94]], [[268, 93]], [[268, 92]], [[268, 91]], [[267, 90]], [[266, 89]], [[265, 88]], [[264, 87]], [[263, 87]]]","[[], [[[241, 85], [240, 86], [239, 86], [238, 86], [238, 87], [237, 88], [237, 89], [236, 90], [235, 91], [234, 92], [233, 93], [232, 93], [231, 93], [230, 94], [229, 94], [228, 94], [227, 94], [226, 95], [227, 95], [228, 96], [229, 96], [230, 96], [231, 96], [232, 96], [233, 97], [234, 98], [235, 99], [236, 99], [237, 99], [237, 98], [237, 97], [237, 96], [237, 95], [238, 94], [238, 93], [239, 92], [239, 91], [239, 90], [238, 89], [239, 88], [240, 87], [241, 87], [241, 86]]]]","[[], 116]"
169,169,"[[[103, 77]], [[102, 78]], [[101, 79]], [[100, 80]], [[99, 79]], [[98, 79]], [[97, 79]], [[96, 79]], [[95, 79]], [[94, 80]], [[94, 81]], [[93, 82]], [[92, 83]], [[92, 84]], [[92, 85]], [[91, 86]], [[90, 87]], [[89, 87]], [[88, 87]], [[87, 87]], [[86, 87]], [[85, 87]], [[84, 87]], [[83, 87]], [[82, 87]], [[81, 87]], [[80, 88]], [[79, 88]], [[79, 89]], [[79, 90]], [[79, 91]], [[78, 92]], [[78, 93]], [[78, 94]], [[78, 95]], [[78, 96]], [[78, 97]], [[77, 98]], [[77, 99]], [[77, 100]], [[76, 101]], [[76, 102]], [[75, 103]], [[74, 104]], [[73, 105]], [[72, 105]], [[71, 105]], [[70, 106]], [[69, 106]], [[68, 107]], [[67, 107]], [[66, 108]], [[65, 108]], [[64, 109]], [[63, 109]], [[62, 109]], [[61, 110]], [[60, 111]], [[59, 112]], [[58, 113]], [[58, 114]], [[58, 115]], [[57, 116]], [[56, 116]], [[56, 117]], [[55, 118]], [[56, 119]], [[56, 120]], [[56, 121]], [[55, 122]], [[54, 122]], [[53, 122]], [[52, 123]], [[51, 123]], [[50, 123]], [[49, 123]], [[48, 123]], [[47, 124]], [[46, 125]], [[45, 126]], [[45, 127]], [[44, 128]], [[44, 129]], [[44, 130]], [[44, 131]], [[44, 132]], [[44, 133]], [[43, 134]], [[43, 135]], [[43, 136]], [[43, 137]], [[43, 138]], [[43, 139]], [[43, 140]], [[43, 141]], [[44, 142]], [[44, 143]], [[44, 144]], [[45, 145]], [[45, 146]], [[46, 147]], [[46, 148]], [[46, 149]], [[46, 150]], [[46, 151]], [[46, 152]], [[46, 153]], [[45, 154]], [[44, 155]], [[43, 156]], [[42, 157]], [[42, 158]], [[42, 159]], [[41, 160]], [[40, 161]], [[40, 162]], [[40, 163]], [[40, 164]], [[40, 165]], [[39, 166]], [[39, 167]], [[38, 168]], [[38, 169]], [[38, 170]], [[38, 171]], [[38, 172]], [[38, 173]], [[38, 174]], [[38, 175]], [[37, 176]], [[37, 177]], [[37, 178]], [[37, 179]], [[37, 180]], [[38, 181]], [[38, 182]], [[39, 183]], [[39, 184]], [[40, 185]], [[41, 186]], [[42, 186]], [[43, 187]], [[44, 187]], [[45, 186]], [[46, 186]], [[47, 185]], [[48, 185]], [[49, 184]], [[50, 183]], [[51, 182]], [[51, 181]], [[52, 180]], [[52, 179]], [[53, 178]], [[54, 179]], [[55, 180]], [[55, 181]], [[55, 182]], [[55, 183]], [[55, 184]], [[55, 185]], [[56, 186]], [[56, 187]], [[56, 188]], [[56, 189]], [[56, 190]], [[57, 191]], [[57, 192]], [[57, 193]], [[57, 194]], [[58, 195]], [[58, 196]], [[58, 197]], [[58, 198]], [[59, 199]], [[59, 200]], [[60, 200]], [[61, 201]], [[62, 201]], [[63, 201]], [[64, 201]], [[65, 201]], [[66, 202]], [[67, 202]], [[68, 201]], [[69, 201]], [[70, 201]], [[71, 200]], [[72, 200]], [[73, 200]], [[74, 200]], [[75, 200]], [[76, 200]], [[77, 199]], [[78, 199]], [[79, 198]], [[80, 198]], [[81, 197]], [[82, 197]], [[83, 196]], [[83, 195]], [[84, 194]], [[85, 193]], [[85, 192]], [[85, 191]], [[85, 190]], [[85, 189]], [[85, 188]], [[85, 187]], [[85, 186]], [[85, 185]], [[85, 184]], [[85, 183]], [[85, 182]], [[85, 181]], [[86, 180]], [[86, 179]], [[87, 178]], [[88, 179]], [[89, 179]], [[89, 178]], [[90, 177]], [[90, 176]], [[89, 175]], [[88, 176]], [[87, 175]], [[86, 175]], [[85, 175]], [[84, 175]], [[83, 174]], [[82, 173]], [[82, 172]], [[81, 171]], [[81, 170]], [[81, 169]], [[81, 168]], [[81, 167]], [[81, 166]], [[81, 165]], [[82, 164]], [[83, 163]], [[84, 163]], [[85, 163]], [[86, 162]], [[87, 161]], [[88, 160]], [[88, 159]], [[88, 158]], [[88, 157]], [[87, 156]], [[87, 155]], [[87, 154]], [[86, 153]], [[85, 152]], [[85, 151]], [[84, 150]], [[83, 149]], [[82, 148]], [[81, 148]], [[80, 148]], [[79, 148]], [[78, 148]], [[77, 148]], [[76, 148]], [[75, 148]], [[74, 148]], [[73, 148]], [[72, 148]], [[71, 147]], [[70, 148]], [[70, 149]], [[69, 150]], [[68, 151]], [[67, 152]], [[67, 153]], [[66, 154]], [[65, 155]], [[64, 156]], [[63, 156]], [[62, 156]], [[61, 157]], [[60, 158]], [[59, 158]], [[58, 158]], [[57, 159]], [[56, 158]], [[55, 157]], [[55, 156]], [[56, 155]], [[57, 154]], [[58, 153]], [[59, 152]], [[60, 152]], [[61, 151]], [[62, 150]], [[63, 149]], [[64, 148]], [[64, 147]], [[65, 146]], [[65, 145]], [[65, 144]], [[66, 143]], [[66, 142]], [[66, 141]], [[66, 140]], [[66, 139]], [[66, 138]], [[66, 137]], [[66, 136]], [[66, 135]], [[66, 134]], [[66, 133]], [[66, 132]], [[67, 131]], [[68, 131]], [[69, 132]], [[70, 133]], [[70, 134]], [[70, 135]], [[71, 136]], [[72, 137]], [[73, 137]], [[74, 138]], [[75, 139]], [[76, 140]], [[77, 141]], [[78, 141]], [[79, 141]], [[80, 142]], [[81, 143]], [[82, 144]], [[83, 145]], [[84, 145]], [[85, 145]], [[86, 145]], [[87, 144]], [[87, 143]], [[87, 142]], [[88, 141]], [[88, 140]], [[88, 139]], [[89, 138]], [[89, 137]], [[90, 136]], [[90, 135]], [[91, 134]], [[92, 133]], [[92, 132]], [[92, 131]], [[93, 130]], [[93, 129]], [[94, 128]], [[95, 127]], [[96, 126]], [[96, 125]], [[97, 124]], [[98, 123]], [[99, 122]], [[99, 121]], [[99, 120]], [[100, 119]], [[100, 118]], [[101, 117]], [[101, 116]], [[102, 115]], [[103, 114]], [[104, 114]], [[105, 114]], [[106, 115]], [[106, 116]], [[107, 116]], [[108, 115]], [[109, 115]], [[110, 115]], [[111, 114]], [[112, 113]], [[113, 112]], [[114, 111]], [[115, 110]], [[116, 110]], [[117, 109]], [[118, 108]], [[119, 107]], [[120, 108]], [[121, 109]], [[121, 110]], [[121, 111]], [[122, 112]], [[122, 113]], [[123, 114]], [[124, 115]], [[125, 115]], [[126, 114]], [[127, 114]], [[128, 114]], [[129, 115]], [[130, 114]], [[131, 113]], [[132, 113]], [[133, 112]], [[134, 111]], [[135, 110]], [[136, 109]], [[137, 109]], [[138, 108]], [[139, 108]], [[140, 107]], [[140, 106]], [[140, 105]], [[140, 104]], [[141, 103]], [[141, 102]], [[141, 101]], [[141, 100]], [[141, 99]], [[141, 98]], [[141, 97]], [[141, 96]], [[141, 95]], [[140, 94]], [[140, 93]], [[139, 92]], [[138, 91]], [[138, 90]], [[138, 89]], [[138, 88]], [[137, 87]], [[137, 86]], [[137, 85]], [[136, 84]], [[135, 84]], [[134, 83]], [[134, 82]], [[133, 81]], [[132, 80]], [[132, 79]], [[131, 79]], [[130, 79]], [[129, 80]], [[128, 80]], [[127, 80]], [[126, 81]], [[125, 82]], [[124, 82]], [[123, 82]], [[123, 83]], [[122, 84]], [[121, 85]], [[120, 86]], [[119, 86]], [[118, 86]], [[117, 86]], [[116, 87]], [[115, 88]], [[114, 87]], [[114, 86]], [[113, 85]], [[112, 84]], [[112, 83]], [[112, 82]], [[111, 81]], [[110, 80]], [[110, 79]], [[109, 78]], [[108, 78]], [[107, 78]], [[106, 77]], [[105, 77]], [[104, 77]]]","[[], [[[127, 116], [126, 117], [125, 118], [125, 119], [125, 120], [125, 121], [125, 122], [124, 123], [125, 124], [125, 125], [125, 126], [125, 127], [125, 128], [125, 129], [125, 130], [126, 131], [126, 132], [127, 133], [127, 134], [128, 135], [127, 136], [127, 137], [127, 138], [126, 139], [126, 140], [126, 141], [126, 142], [126, 143], [126, 144], [126, 145], [127, 145], [128, 145], [128, 144], [129, 143], [129, 142], [129, 141], [130, 140], [131, 139], [132, 138], [133, 137], [134, 138], [134, 137], [134, 136], [133, 137], [132, 137], [131, 136], [130, 135], [129, 134], [128, 133], [127, 132], [127, 131], [126, 130], [126, 129], [125, 128], [126, 127], [127, 127], [127, 126], [127, 125], [127, 124], [127, 123], [126, 122], [126, 121], [126, 120], [126, 119], [126, 118], [126, 117], [127, 116], [128, 116]]]]","[[], 117]"
170,170,"[[[621, 74]], [[620, 75]], [[620, 76]], [[620, 77]], [[619, 78]], [[619, 79]], [[619, 80]], [[619, 81]], [[619, 82]], [[619, 83]], [[619, 84]], [[619, 85]], [[619, 86]], [[619, 87]], [[620, 88]], [[620, 89]], [[621, 90]], [[621, 91]], [[622, 91]], [[623, 90]], [[624, 90]], [[625, 89]], [[626, 89]], [[627, 89]], [[628, 88]], [[628, 87]], [[628, 86]], [[629, 85]], [[629, 84]], [[629, 83]], [[629, 82]], [[628, 81]], [[628, 80]], [[627, 79]], [[626, 78]], [[625, 77]], [[624, 76]], [[623, 75]], [[623, 74]], [[622, 74]]]",[[]],[]
171,171,"[[[518, 71]], [[517, 72]], [[516, 72]], [[515, 73]], [[514, 74]], [[513, 74]], [[512, 74]], [[511, 75]], [[511, 76]], [[510, 77]], [[509, 77]], [[508, 76]], [[507, 76]], [[506, 76]], [[505, 76]], [[504, 76]], [[503, 76]], [[502, 76]], [[501, 76]], [[500, 77]], [[499, 77]], [[498, 77]], [[497, 78]], [[496, 78]], [[496, 79]], [[495, 80]], [[495, 81]], [[494, 82]], [[493, 83]], [[492, 84]], [[492, 85]], [[492, 86]], [[492, 87]], [[492, 88]], [[492, 89]], [[492, 90]], [[492, 91]], [[492, 92]], [[492, 93]], [[492, 94]], [[493, 95]], [[493, 96]], [[494, 97]], [[494, 98]], [[495, 99]], [[495, 100]], [[496, 100]], [[497, 101]], [[498, 101]], [[499, 101]], [[500, 102]], [[501, 102]], [[502, 103]], [[502, 104]], [[503, 105]], [[503, 106]], [[503, 107]], [[504, 108]], [[504, 109]], [[505, 110]], [[506, 111]], [[507, 112]], [[508, 112]], [[509, 112]], [[510, 112]], [[511, 113]], [[512, 113]], [[513, 114]], [[513, 115]], [[514, 115]], [[515, 116]], [[516, 116]], [[517, 116]], [[518, 115]], [[519, 115]], [[520, 115]], [[521, 115]], [[522, 115]], [[523, 115]], [[524, 115]], [[525, 114]], [[526, 114]], [[527, 114]], [[528, 114]], [[529, 113]], [[530, 113]], [[531, 113]], [[532, 112]], [[533, 111]], [[534, 110]], [[535, 109]], [[536, 108]], [[536, 107]], [[536, 106]], [[537, 105]], [[537, 104]], [[537, 103]], [[538, 102]], [[538, 101]], [[538, 100]], [[537, 99]], [[537, 98]], [[536, 97]], [[536, 96]], [[536, 95]], [[536, 94]], [[536, 93]], [[536, 92]], [[536, 91]], [[536, 90]], [[536, 89]], [[536, 88]], [[537, 87]], [[537, 86]], [[537, 85]], [[537, 84]], [[537, 83]], [[537, 82]], [[537, 81]], [[537, 80]], [[536, 79]], [[536, 78]], [[535, 77]], [[534, 77]], [[533, 76]], [[532, 76]], [[531, 76]], [[530, 76]], [[529, 76]], [[528, 75]], [[527, 75]], [[526, 75]], [[525, 74]], [[524, 74]], [[523, 73]], [[522, 72]], [[521, 72]], [[520, 71]], [[519, 71]]]","[[[[485, 79], [484, 80], [485, 80], [486, 81], [486, 82], [487, 83], [487, 84], [488, 85], [489, 86], [489, 87], [489, 88], [489, 89], [489, 90], [489, 91], [489, 92], [490, 93], [489, 94], [488, 95], [488, 96], [489, 95], [490, 94], [490, 93], [491, 92], [491, 91], [491, 90], [490, 89], [490, 88], [490, 87], [490, 86], [490, 85], [490, 84], [490, 83], [490, 82], [489, 81], [488, 81], [487, 81], [486, 81], [485, 80]]]]",[118]
172,172,"[[[767, 66]], [[766, 67]], [[765, 67]], [[765, 68]], [[766, 69]], [[767, 70]], [[767, 71]], [[767, 72]], [[767, 73]], [[767, 74]], [[766, 75]], [[766, 76]], [[766, 77]], [[766, 78]], [[765, 79]], [[765, 80]], [[765, 81]], [[765, 82]], [[764, 83]], [[764, 84]], [[764, 85]], [[764, 86]], [[764, 87]], [[764, 88]], [[764, 89]], [[764, 90]], [[765, 90]], [[766, 90]], [[767, 91]], [[768, 92]], [[769, 92]], [[770, 92]], [[771, 93]], [[772, 94]], [[773, 94]], [[774, 95]], [[775, 95]], [[776, 95]], [[777, 96]], [[778, 96]], [[779, 96]], [[780, 97]], [[781, 97]], [[782, 97]], [[783, 97]], [[784, 98]], [[785, 98]], [[786, 98]], [[787, 97]], [[788, 97]], [[789, 96]], [[790, 95]], [[791, 94]], [[792, 93]], [[792, 92]], [[792, 91]], [[793, 90]], [[793, 89]], [[794, 88]], [[794, 87]], [[794, 86]], [[794, 85]], [[794, 84]], [[795, 83]], [[795, 82]], [[794, 81]], [[794, 80]], [[794, 79]], [[794, 78]], [[793, 77]], [[793, 76]], [[792, 75]], [[791, 74]], [[791, 73]], [[790, 72]], [[789, 71]], [[788, 71]], [[787, 70]], [[786, 70]], [[785, 70]], [[784, 70]], [[783, 71]], [[782, 70]], [[781, 70]], [[780, 70]], [[779, 70]], [[778, 70]], [[777, 70]], [[776, 70]], [[775, 70]], [[774, 70]], [[773, 70]], [[772, 69]], [[771, 68]], [[770, 67]], [[769, 67]], [[768, 67]]]","[[], [[[795, 78], [796, 79], [796, 80], [796, 81], [796, 82], [796, 83], [795, 84], [795, 85], [795, 86], [795, 87], [795, 88], [794, 89], [794, 90], [793, 91], [793, 92], [793, 93], [794, 94], [793, 95], [793, 96], [794, 97], [795, 97], [795, 96], [794, 95], [794, 94], [794, 93], [795, 92], [796, 92], [797, 92], [798, 91], [799, 91], [800, 92], [801, 92], [801, 91], [800, 91], [799, 90], [800, 89], [800, 88], [800, 87], [800, 86], [799, 85], [798, 84], [797, 83], [797, 82], [797, 81], [796, 80], [796, 79], [796, 78]]]]","[[], 119]"
173,173,"[[[273, 59]], [[272, 60]], [[271, 60]], [[270, 60]], [[269, 60]], [[268, 60]], [[267, 61]], [[266, 62]], [[265, 63]], [[264, 63]], [[263, 63]], [[262, 64]], [[261, 64]], [[260, 65]], [[259, 65]], [[258, 66]], [[258, 67]], [[257, 68]], [[258, 69]], [[258, 70]], [[258, 71]], [[258, 72]], [[259, 73]], [[260, 74]], [[261, 75]], [[262, 76]], [[263, 76]], [[264, 77]], [[265, 77]], [[266, 77]], [[267, 77]], [[268, 77]], [[269, 78]], [[270, 79]], [[271, 79]], [[272, 78]], [[273, 77]], [[274, 76]], [[275, 75]], [[276, 74]], [[276, 73]], [[277, 72]], [[277, 71]], [[278, 70]], [[278, 69]], [[278, 68]], [[278, 67]], [[278, 66]], [[277, 65]], [[277, 64]], [[277, 63]], [[277, 62]], [[276, 61]], [[276, 60]], [[275, 60]], [[274, 59]]]",[[]],[]
174,174,"[[[733, 58]], [[732, 59]], [[731, 59]], [[730, 60]], [[729, 60]], [[728, 61]], [[728, 62]], [[727, 63]], [[726, 64]], [[725, 65]], [[724, 66]], [[723, 67]], [[723, 68]], [[723, 69]], [[722, 70]], [[722, 71]], [[721, 72]], [[720, 73]], [[720, 74]], [[719, 75]], [[718, 76]], [[718, 77]], [[718, 78]], [[717, 79]], [[716, 80]], [[716, 81]], [[715, 82]], [[714, 83]], [[714, 84]], [[713, 85]], [[712, 86]], [[711, 86]], [[711, 87]], [[711, 88]], [[710, 89]], [[709, 89]], [[708, 90]], [[707, 91]], [[707, 92]], [[707, 93]], [[707, 94]], [[707, 95]], [[707, 96]], [[707, 97]], [[707, 98]], [[707, 99]], [[707, 100]], [[707, 101]], [[706, 102]], [[705, 103]], [[705, 104]], [[704, 105]], [[704, 106]], [[703, 107]], [[703, 108]], [[702, 109]], [[702, 110]], [[702, 111]], [[703, 111]], [[704, 112]], [[704, 113]], [[705, 114]], [[705, 115]], [[706, 116]], [[706, 117]], [[705, 118]], [[704, 118]], [[703, 118]], [[702, 118]], [[701, 118]], [[700, 117]], [[700, 116]], [[699, 115]], [[698, 114]], [[698, 113]], [[697, 112]], [[697, 111]], [[697, 110]], [[697, 109]], [[698, 108]], [[698, 107]], [[699, 106]], [[700, 106]], [[700, 105]], [[701, 104]], [[701, 103]], [[701, 102]], [[702, 101]], [[702, 100]], [[702, 99]], [[702, 98]], [[702, 97]], [[701, 96]], [[701, 95]], [[700, 94]], [[699, 94]], [[698, 93]], [[697, 93]], [[696, 93]], [[695, 94]], [[694, 94]], [[693, 94]], [[692, 95]], [[691, 95]], [[690, 95]], [[689, 96]], [[688, 96]], [[687, 96]], [[686, 96]], [[685, 96]], [[684, 96]], [[683, 97]], [[682, 97]], [[681, 98]], [[680, 99]], [[679, 99]], [[678, 100]], [[677, 100]], [[676, 101]], [[675, 102]], [[674, 103]], [[674, 104]], [[673, 105]], [[672, 106]], [[671, 107]], [[670, 108]], [[669, 109]], [[668, 110]], [[668, 111]], [[667, 112]], [[666, 113]], [[665, 114]], [[664, 115]], [[664, 116]], [[663, 117]], [[663, 118]], [[663, 119]], [[662, 120]], [[663, 121]], [[663, 122]], [[663, 123]], [[664, 124]], [[665, 124]], [[666, 125]], [[667, 126]], [[668, 127]], [[669, 128]], [[669, 129]], [[669, 130]], [[668, 131]], [[667, 132]], [[666, 132]], [[665, 132]], [[664, 131]], [[663, 132]], [[662, 132]], [[661, 132]], [[660, 133]], [[659, 133]], [[658, 132]], [[657, 132]], [[656, 131]], [[656, 130]], [[656, 129]], [[656, 128]], [[656, 127]], [[655, 127]], [[654, 126]], [[654, 125]], [[655, 124]], [[656, 123]], [[656, 122]], [[656, 121]], [[657, 120]], [[658, 119]], [[658, 118]], [[658, 117]], [[658, 116]], [[659, 115]], [[659, 114]], [[659, 113]], [[660, 112]], [[660, 111]], [[660, 110]], [[661, 109]], [[661, 108]], [[661, 107]], [[661, 106]], [[661, 105]], [[661, 104]], [[661, 103]], [[660, 102]], [[660, 101]], [[659, 100]], [[658, 100]], [[657, 100]], [[656, 100]], [[655, 100]], [[654, 100]], [[653, 100]], [[652, 100]], [[651, 101]], [[650, 101]], [[649, 102]], [[648, 102]], [[647, 103]], [[646, 103]], [[645, 103]], [[644, 103]], [[643, 103]], [[642, 103]], [[641, 104]], [[640, 104]], [[639, 103]], [[638, 103]], [[637, 104]], [[636, 104]], [[635, 104]], [[634, 105]], [[633, 105]], [[632, 106]], [[632, 107]], [[631, 108]], [[631, 109]], [[630, 110]], [[629, 111]], [[628, 112]], [[627, 113]], [[626, 113]], [[626, 114]], [[625, 115]], [[625, 116]], [[624, 117]], [[624, 118]], [[624, 119]], [[623, 120]], [[623, 121]], [[624, 122]], [[624, 123]], [[625, 123]], [[626, 124]], [[627, 125]], [[628, 126]], [[628, 127]], [[629, 127]], [[630, 127]], [[631, 128]], [[632, 128]], [[633, 128]], [[634, 129]], [[635, 129]], [[636, 130]], [[637, 131]], [[637, 132]], [[638, 133]], [[639, 134]], [[640, 134]], [[641, 135]], [[642, 135]], [[643, 135]], [[644, 135]], [[645, 135]], [[646, 134]], [[647, 134]], [[648, 133]], [[649, 133]], [[650, 133]], [[651, 133]], [[652, 134]], [[653, 134]], [[654, 135]], [[655, 136]], [[656, 137]], [[656, 138]], [[657, 139]], [[658, 140]], [[659, 141]], [[660, 141]], [[661, 141]], [[662, 142]], [[663, 143]], [[664, 144]], [[664, 145]], [[664, 146]], [[664, 147]], [[663, 148]], [[662, 147]], [[661, 147]], [[660, 146]], [[659, 146]], [[658, 147]], [[657, 148]], [[656, 148]], [[655, 148]], [[655, 149]], [[654, 150]], [[653, 151]], [[653, 152]], [[653, 153]], [[653, 154]], [[653, 155]], [[653, 156]], [[653, 157]], [[652, 158]], [[652, 159]], [[652, 160]], [[652, 161]], [[652, 162]], [[652, 163]], [[651, 164]], [[651, 165]], [[651, 166]], [[651, 167]], [[650, 168]], [[650, 169]], [[650, 170]], [[650, 171]], [[649, 172]], [[649, 173]], [[648, 174]], [[648, 175]], [[647, 176]], [[647, 177]], [[646, 178]], [[646, 179]], [[647, 180]], [[647, 181]], [[648, 182]], [[648, 183]], [[649, 184]], [[650, 185]], [[651, 186]], [[651, 187]], [[652, 188]], [[652, 189]], [[651, 190]], [[650, 191]], [[649, 191]], [[648, 190]], [[647, 189]], [[646, 188]], [[645, 188]], [[644, 188]], [[643, 188]], [[642, 187]], [[641, 187]], [[640, 186]], [[639, 186]], [[638, 186]], [[637, 186]], [[636, 186]], [[635, 185]], [[634, 184]], [[634, 183]], [[633, 183]], [[632, 182]], [[631, 181]], [[630, 180]], [[630, 181]], [[630, 182]], [[631, 183]], [[631, 184]], [[632, 185]], [[633, 186]], [[633, 187]], [[634, 188]], [[635, 189]], [[635, 190]], [[636, 191]], [[636, 192]], [[636, 193]], [[636, 194]], [[637, 195]], [[638, 195]], [[639, 195]], [[640, 196]], [[640, 197]], [[641, 197]], [[642, 198]], [[643, 198]], [[644, 199]], [[645, 199]], [[646, 200]], [[647, 199]], [[648, 199]], [[649, 198]], [[650, 198]], [[651, 197]], [[652, 196]], [[653, 195]], [[653, 194]], [[653, 193]], [[654, 192]], [[654, 191]], [[654, 190]], [[655, 189]], [[656, 189]], [[657, 189]], [[658, 190]], [[659, 190]], [[660, 190]], [[661, 191]], [[662, 191]], [[663, 191]], [[664, 191]], [[664, 190]], [[665, 189]], [[666, 188]], [[666, 187]], [[667, 186]], [[667, 185]], [[667, 184]], [[667, 183]], [[667, 182]], [[667, 181]], [[667, 180]], [[668, 179]], [[668, 178]], [[669, 177]], [[670, 177]], [[671, 177]], [[671, 176]], [[671, 175]], [[671, 174]], [[672, 173]], [[672, 172]], [[672, 171]], [[672, 170]], [[671, 169]], [[671, 168]], [[670, 167]], [[670, 166]], [[670, 165]], [[670, 164]], [[669, 163]], [[669, 162]], [[668, 161]], [[668, 160]], [[667, 159]], [[667, 158]], [[666, 157]], [[666, 156]], [[666, 155]], [[666, 154]], [[665, 153]], [[664, 152]], [[663, 151]], [[663, 150]], [[663, 149]], [[664, 148]], [[665, 147]], [[666, 147]], [[667, 147]], [[668, 148]], [[669, 149]], [[670, 150]], [[671, 149]], [[672, 149]], [[673, 149]], [[674, 148]], [[675, 148]], [[676, 148]], [[677, 149]], [[678, 150]], [[679, 150]], [[679, 149]], [[680, 148]], [[681, 148]], [[681, 147]], [[682, 146]], [[683, 145]], [[683, 144]], [[684, 143]], [[685, 142]], [[686, 141]], [[687, 140]], [[688, 140]], [[689, 140]], [[690, 140]], [[691, 140]], [[692, 140]], [[693, 139]], [[694, 139]], [[695, 139]], [[696, 138]], [[697, 137]], [[698, 136]], [[698, 135]], [[699, 134]], [[700, 133]], [[700, 132]], [[700, 131]], [[700, 130]], [[700, 129]], [[700, 128]], [[700, 127]], [[699, 126]], [[699, 125]], [[699, 124]], [[699, 123]], [[699, 122]], [[700, 121]], [[701, 122]], [[701, 123]], [[702, 124]], [[702, 125]], [[702, 126]], [[702, 127]], [[702, 128]], [[703, 128]], [[704, 129]], [[705, 129]], [[706, 129]], [[707, 130]], [[708, 131]], [[708, 132]], [[708, 133]], [[709, 134]], [[709, 135]], [[710, 136]], [[711, 137]], [[712, 137]], [[713, 138]], [[714, 139]], [[715, 140]], [[716, 140]], [[717, 140]], [[718, 139]], [[719, 140]], [[719, 141]], [[719, 142]], [[720, 143]], [[720, 144]], [[720, 145]], [[719, 146]], [[718, 146]], [[717, 146]], [[716, 146]], [[715, 146]], [[714, 147]], [[713, 148]], [[712, 149]], [[711, 150]], [[710, 150]], [[709, 150]], [[708, 151]], [[707, 151]], [[706, 150]], [[706, 149]], [[706, 148]], [[707, 147]], [[707, 146]], [[707, 145]], [[707, 144]], [[707, 143]], [[707, 142]], [[707, 141]], [[706, 140]], [[705, 139]], [[704, 140]], [[704, 141]], [[704, 142]], [[703, 143]], [[703, 144]], [[703, 145]], [[702, 146]], [[702, 147]], [[701, 148]], [[701, 149]], [[701, 150]], [[701, 151]], [[701, 152]], [[702, 152]], [[703, 153]], [[704, 154]], [[703, 155]], [[702, 156]], [[701, 157]], [[700, 158]], [[700, 159]], [[699, 160]], [[699, 161]], [[698, 162]], [[698, 163]], [[697, 164]], [[696, 164]], [[695, 164]], [[694, 164]], [[693, 164]], [[692, 164]], [[691, 164]], [[690, 165]], [[689, 165]], [[688, 166]], [[687, 166]], [[686, 166]], [[685, 166]], [[684, 167]], [[683, 167]], [[682, 166]], [[681, 167]], [[680, 168]], [[679, 168]], [[678, 169]], [[677, 170]], [[677, 171]], [[677, 172]], [[677, 173]], [[676, 174]], [[676, 175]], [[676, 176]], [[676, 177]], [[676, 178]], [[677, 179]], [[677, 180]], [[677, 181]], [[678, 181]], [[679, 182]], [[680, 183]], [[681, 184]], [[682, 184]], [[683, 183]], [[684, 183]], [[685, 183]], [[686, 184]], [[687, 184]], [[688, 184]], [[689, 184]], [[690, 184]], [[691, 183]], [[692, 183]], [[693, 182]], [[694, 182]], [[695, 181]], [[696, 181]], [[697, 180]], [[698, 179]], [[699, 180]], [[700, 180]], [[701, 180]], [[702, 181]], [[703, 181]], [[704, 181]], [[705, 181]], [[706, 181]], [[707, 181]], [[708, 182]], [[708, 183]], [[709, 184]], [[710, 185]], [[711, 186]], [[711, 187]], [[712, 187]], [[713, 186]], [[714, 186]], [[715, 187]], [[716, 187]], [[717, 188]], [[717, 189]], [[718, 189]], [[719, 190]], [[720, 191]], [[721, 192]], [[722, 193]], [[723, 194]], [[724, 194]], [[725, 194]], [[726, 193]], [[727, 193]], [[728, 194]], [[728, 195]], [[729, 196]], [[729, 197]], [[730, 198]], [[731, 199]], [[732, 200]], [[733, 201]], [[734, 201]], [[735, 201]], [[736, 202]], [[737, 203]], [[738, 204]], [[739, 205]], [[740, 206]], [[741, 206]], [[742, 207]], [[743, 207]], [[744, 207]], [[745, 207]], [[746, 207]], [[747, 208]], [[748, 209]], [[749, 209]], [[750, 209]], [[751, 210]], [[752, 210]], [[753, 210]], [[754, 211]], [[755, 212]], [[754, 213]], [[753, 214]], [[752, 214]], [[751, 214]], [[750, 214]], [[749, 215]], [[748, 215]], [[747, 215]], [[746, 215]], [[745, 214]], [[744, 214]], [[743, 213]], [[742, 213]], [[741, 213]], [[740, 213]], [[739, 213]], [[738, 214]], [[737, 214]], [[736, 214]], [[735, 214]], [[735, 215]], [[734, 216]], [[733, 217]], [[733, 218]], [[733, 219]], [[732, 220]], [[732, 221]], [[731, 222]], [[731, 223]], [[731, 224]], [[731, 225]], [[730, 226]], [[730, 227]], [[730, 228]], [[731, 229]], [[731, 230]], [[731, 231]], [[732, 232]], [[732, 233]], [[732, 234]], [[732, 235]], [[733, 236]], [[734, 236]], [[735, 235]], [[736, 235]], [[737, 236]], [[738, 237]], [[739, 238]], [[740, 239]], [[740, 240]], [[740, 241]], [[740, 242]], [[740, 243]], [[739, 244]], [[738, 244]], [[737, 245]], [[736, 246]], [[735, 247]], [[734, 246]], [[733, 245]], [[732, 246]], [[732, 247]], [[731, 248]], [[730, 249]], [[729, 250]], [[729, 251]], [[729, 252]], [[729, 253]], [[728, 254]], [[727, 255]], [[726, 256]], [[726, 257]], [[726, 258]], [[726, 259]], [[725, 260]], [[725, 261]], [[724, 262]], [[723, 263]], [[723, 264]], [[722, 265]], [[722, 266]], [[721, 267]], [[721, 268]], [[721, 269]], [[721, 270]], [[720, 271]], [[720, 272]], [[720, 273]], [[721, 274]], [[721, 275]], [[722, 276]], [[723, 277]], [[724, 278]], [[725, 278]], [[726, 278]], [[726, 277]], [[727, 276]], [[728, 276]], [[729, 277]], [[730, 278]], [[730, 279]], [[730, 280]], [[731, 281]], [[731, 282]], [[732, 283]], [[733, 283]], [[734, 282]], [[735, 282]], [[736, 282]], [[737, 283]], [[738, 284]], [[738, 285]], [[739, 286]], [[739, 287]], [[740, 287]], [[741, 287]], [[742, 288]], [[743, 288]], [[744, 288]], [[745, 287]], [[746, 287]], [[747, 287]], [[748, 287]], [[749, 286]], [[750, 286]], [[751, 285]], [[752, 285]], [[753, 284]], [[754, 284]], [[755, 284]], [[756, 283]], [[757, 283]], [[758, 282]], [[759, 281]], [[760, 281]], [[761, 280]], [[762, 279]], [[763, 279]], [[764, 278]], [[765, 277]], [[765, 276]], [[766, 275]], [[767, 275]], [[768, 275]], [[769, 274]], [[770, 274]], [[771, 273]], [[772, 273]], [[773, 274]], [[773, 275]], [[774, 276]], [[775, 276]], [[776, 276]], [[777, 276]], [[778, 277]], [[779, 278]], [[780, 278]], [[781, 278]], [[782, 278]], [[783, 277]], [[784, 277]], [[785, 277]], [[786, 276]], [[787, 275]], [[788, 275]], [[789, 275]], [[790, 274]], [[791, 275]], [[791, 276]], [[792, 276]], [[793, 275]], [[794, 274]], [[795, 274]], [[796, 275]], [[797, 275]], [[798, 275]], [[799, 275]], [[800, 275]], [[801, 275]], [[802, 275]], [[803, 276]], [[803, 277]], [[803, 278]], [[803, 279]], [[803, 280]], [[804, 281]], [[804, 282]], [[805, 283]], [[805, 284]], [[805, 285]], [[805, 286]], [[806, 287]], [[806, 288]], [[807, 289]], [[807, 290]], [[808, 290]], [[809, 290]], [[810, 291]], [[810, 292]], [[811, 291]], [[811, 290]], [[812, 289]], [[813, 289]], [[814, 289]], [[815, 289]], [[816, 289]], [[817, 288]], [[818, 288]], [[819, 288]], [[820, 288]], [[821, 287]], [[822, 287]], [[823, 287]], [[824, 288]], [[825, 287]], [[826, 286]], [[827, 285]], [[827, 284]], [[827, 283]], [[828, 282]], [[828, 281]], [[828, 280]], [[828, 279]], [[828, 278]], [[827, 277]], [[827, 276]], [[826, 276]], [[825, 275]], [[824, 275]], [[823, 275]], [[822, 275]], [[821, 275]], [[820, 275]], [[819, 275]], [[818, 276]], [[817, 276]], [[816, 276]], [[815, 277]], [[814, 277]], [[813, 277]], [[812, 277]], [[811, 277]], [[810, 277]], [[809, 276]], [[808, 276]], [[807, 276]], [[806, 276]], [[805, 276]], [[804, 276]], [[803, 275]], [[803, 274]], [[803, 273]], [[804, 272]], [[805, 271]], [[806, 271]], [[807, 270]], [[808, 269]], [[809, 268]], [[810, 267]], [[811, 266]], [[811, 265]], [[812, 264]], [[812, 263]], [[813, 262]], [[814, 261]], [[814, 260]], [[815, 259]], [[815, 258]], [[816, 257]], [[816, 256]], [[816, 255]], [[817, 254]], [[817, 253]], [[818, 252]], [[818, 251]], [[818, 250]], [[818, 249]], [[818, 248]], [[818, 247]], [[817, 246]], [[817, 245]], [[817, 244]], [[816, 243]], [[816, 242]], [[815, 241]], [[814, 240]], [[813, 239]], [[813, 238]], [[812, 238]], [[811, 237]], [[810, 236]], [[809, 235]], [[809, 234]], [[808, 233]], [[808, 232]], [[808, 231]], [[808, 230]], [[807, 229]], [[807, 228]], [[807, 227]], [[807, 226]], [[807, 225]], [[807, 224]], [[806, 223]], [[807, 222]], [[808, 222]], [[809, 221]], [[810, 222]], [[811, 223]], [[811, 224]], [[811, 225]], [[811, 226]], [[811, 227]], [[811, 228]], [[811, 229]], [[811, 230]], [[811, 231]], [[812, 232]], [[812, 233]], [[812, 234]], [[813, 233]], [[814, 233]], [[814, 232]], [[814, 231]], [[814, 230]], [[814, 229]], [[814, 228]], [[814, 227]], [[813, 226]], [[813, 225]], [[812, 224]], [[812, 223]], [[812, 222]], [[812, 221]], [[812, 220]], [[811, 219]], [[811, 218]], [[810, 217]], [[810, 216]], [[811, 215]], [[811, 214]], [[811, 213]], [[811, 212]], [[811, 211]], [[811, 210]], [[811, 209]], [[811, 208]], [[811, 207]], [[812, 206]], [[812, 205]], [[813, 204]], [[813, 203]], [[813, 202]], [[812, 201]], [[811, 200]], [[810, 199]], [[810, 198]], [[809, 197]], [[808, 197]], [[807, 197]], [[806, 196]], [[805, 197]], [[804, 197]], [[803, 197]], [[802, 197]], [[801, 198]], [[801, 199]], [[800, 200]], [[799, 201]], [[798, 202]], [[797, 203]], [[796, 204]], [[795, 205]], [[794, 206]], [[793, 206]], [[792, 205]], [[792, 204]], [[791, 203]], [[791, 202]], [[791, 201]], [[790, 201]], [[789, 200]], [[788, 200]], [[787, 200]], [[786, 200]], [[785, 199]], [[784, 199]], [[783, 199]], [[782, 199]], [[781, 200]], [[780, 201]], [[780, 202]], [[780, 203]], [[780, 204]], [[779, 205]], [[779, 206]], [[779, 207]], [[778, 208]], [[778, 209]], [[778, 210]], [[777, 211]], [[777, 212]], [[777, 213]], [[777, 214]], [[777, 215]], [[778, 216]], [[778, 217]], [[778, 218]], [[778, 219]], [[778, 220]], [[777, 221]], [[776, 222]], [[775, 222]], [[774, 222]], [[773, 221]], [[773, 220]], [[773, 219]], [[773, 218]], [[773, 217]], [[773, 216]], [[774, 215]], [[774, 214]], [[774, 213]], [[773, 212]], [[772, 211]], [[771, 210]], [[770, 210]], [[769, 210]], [[768, 211]], [[767, 211]], [[766, 211]], [[765, 211]], [[764, 211]], [[763, 211]], [[762, 211]], [[761, 211]], [[760, 211]], [[759, 210]], [[759, 209]], [[760, 208]], [[761, 207]], [[761, 206]], [[761, 205]], [[762, 204]], [[762, 203]], [[762, 202]], [[762, 201]], [[762, 200]], [[762, 199]], [[762, 198]], [[762, 197]], [[761, 196]], [[761, 195]], [[761, 194]], [[761, 193]], [[762, 192]], [[762, 191]], [[763, 190]], [[764, 190]], [[764, 189]], [[764, 188]], [[764, 187]], [[764, 186]], [[764, 185]], [[765, 184]], [[765, 183]], [[766, 182]], [[766, 181]], [[766, 180]], [[766, 179]], [[766, 178]], [[766, 177]], [[766, 176]], [[766, 175]], [[765, 174]], [[766, 173]], [[766, 172]], [[766, 171]], [[766, 170]], [[767, 169]], [[767, 168]], [[767, 167]], [[767, 166]], [[768, 165]], [[768, 164]], [[768, 163]], [[769, 162]], [[770, 161]], [[770, 160]], [[771, 159]], [[772, 159]], [[772, 158]], [[771, 157]], [[772, 156]], [[773, 156]], [[774, 155]], [[774, 154]], [[774, 153]], [[774, 152]], [[773, 151]], [[773, 150]], [[773, 149]], [[772, 148]], [[772, 147]], [[772, 146]], [[772, 145]], [[772, 144]], [[772, 143]], [[773, 142]], [[773, 141]], [[773, 140]], [[773, 139]], [[774, 138]], [[773, 137]], [[773, 136]], [[774, 135]], [[774, 134]], [[774, 133]], [[775, 132]], [[775, 131]], [[776, 130]], [[776, 129]], [[776, 128]], [[777, 127]], [[777, 126]], [[777, 125]], [[778, 124]], [[778, 123]], [[779, 122]], [[779, 121]], [[780, 120]], [[780, 119]], [[781, 118]], [[781, 117]], [[782, 116]], [[782, 115]], [[782, 114]], [[783, 113]], [[784, 112]], [[785, 111]], [[785, 110]], [[785, 109]], [[785, 108]], [[785, 107]], [[785, 106]], [[785, 105]], [[784, 104]], [[784, 103]], [[783, 103]], [[782, 102]], [[781, 102]], [[780, 102]], [[779, 101]], [[778, 101]], [[777, 101]], [[776, 100]], [[775, 100]], [[774, 100]], [[773, 99]], [[772, 99]], [[771, 99]], [[770, 98]], [[769, 98]], [[768, 97]], [[767, 97]], [[766, 96]], [[765, 96]], [[764, 96]], [[763, 96]], [[762, 96]], [[761, 96]], [[760, 96]], [[759, 96]], [[758, 97]], [[757, 98]], [[757, 99]], [[756, 100]], [[755, 100]], [[754, 101]], [[753, 101]], [[752, 102]], [[751, 102]], [[750, 102]], [[749, 101]], [[750, 100]], [[751, 99]], [[751, 98]], [[751, 97]], [[752, 96]], [[752, 95]], [[752, 94]], [[753, 93]], [[754, 92]], [[754, 91]], [[755, 90]], [[756, 89]], [[757, 88]], [[758, 87]], [[758, 86]], [[758, 85]], [[758, 84]], [[758, 83]], [[759, 82]], [[760, 81]], [[760, 80]], [[761, 79]], [[761, 78]], [[762, 77]], [[761, 76]], [[761, 75]], [[761, 74]], [[761, 73]], [[760, 72]], [[760, 71]], [[760, 70]], [[759, 69]], [[758, 68]], [[758, 67]], [[757, 66]], [[757, 65]], [[756, 64]], [[756, 63]], [[755, 62]], [[754, 61]], [[753, 60]], [[752, 60]], [[751, 60]], [[750, 60]], [[749, 59]], [[748, 59]], [[747, 59]], [[746, 59]], [[745, 59]], [[744, 59]], [[743, 59]], [[742, 59]], [[741, 59]], [[740, 59]], [[739, 59]], [[738, 59]], [[737, 59]], [[736, 59]], [[735, 59]], [[734, 59]]]","[[[[702, 58], [702, 59], [703, 60], [703, 61], [703, 62], [703, 63], [704, 64], [705, 65], [706, 66], [707, 67], [707, 68], [707, 69], [707, 70], [707, 71], [708, 72], [708, 73], [709, 74], [710, 75], [711, 76], [712, 77], [713, 78], [713, 79], [713, 80], [713, 81], [714, 81], [715, 81], [715, 80], [716, 79], [717, 78], [717, 77], [717, 76], [717, 75], [718, 74], [718, 73], [719, 72], [719, 71], [719, 72], [718, 73], [717, 73], [716, 73], [715, 74], [714, 74], [713, 73], [712, 72], [711, 71], [710, 70], [709, 69], [709, 68], [709, 67], [710, 66], [710, 65], [711, 64], [712, 63], [711, 62], [710, 62], [710, 63], [709, 64], [708, 65], [707, 65], [706, 64], [706, 63], [705, 62], [706, 61], [706, 60], [705, 59], [704, 59], [703, 59]]], [], [[[681, 82], [680, 83], [679, 83], [679, 84], [679, 85], [678, 86], [677, 87], [678, 87], [678, 86], [679, 85], [680, 86], [680, 87], [680, 88], [680, 89], [680, 90], [680, 91], [680, 92], [679, 93], [678, 94], [677, 95], [676, 96], [675, 96], [674, 97], [673, 98], [672, 99], [671, 100], [670, 100], [669, 100], [668, 101], [668, 102], [667, 103], [666, 103], [667, 103], [668, 104], [668, 105], [668, 106], [668, 107], [668, 108], [667, 109], [666, 109], [666, 110], [665, 111], [664, 111], [664, 112], [664, 113], [665, 112], [666, 111], [667, 110], [667, 109], [668, 108], [669, 107], [668, 106], [668, 105], [668, 104], [668, 103], [668, 102], [669, 101], [670, 101], [671, 101], [672, 101], [673, 100], [674, 99], [675, 98], [676, 99], [677, 99], [678, 99], [679, 98], [680, 98], [681, 97], [682, 96], [683, 95], [683, 94], [683, 93], [683, 92], [684, 91], [683, 90], [683, 89], [683, 88], [683, 87], [683, 86], [682, 85], [683, 84], [683, 83], [684, 82], [683, 82], [682, 82]]], [[[627, 109], [626, 110], [625, 111], [625, 112], [624, 113], [623, 114], [623, 115], [622, 116], [621, 117], [620, 118], [619, 119], [619, 120], [618, 121], [619, 121], [620, 121], [621, 121], [621, 120], [622, 119], [623, 118], [623, 117], [624, 116], [624, 115], [624, 114], [625, 113], [626, 112], [627, 112], [628, 111], [628, 110], [628, 109]]], [[[693, 140], [692, 141], [691, 141], [690, 141], [689, 141], [688, 142], [687, 142], [688, 143], [687, 144], [687, 145], [688, 144], [689, 144], [690, 145], [691, 145], [692, 146], [692, 147], [693, 147], [694, 148], [695, 149], [694, 150], [694, 151], [693, 152], [693, 153], [692, 154], [691, 154], [690, 153], [690, 152], [689, 152], [689, 153], [688, 154], [689, 155], [689, 156], [690, 157], [691, 156], [692, 155], [693, 155], [694, 154], [695, 153], [696, 152], [696, 151], [696, 150], [697, 149], [697, 148], [696, 147], [696, 146], [696, 145], [697, 144], [697, 143], [697, 142], [696, 141], [696, 140], [695, 140], [694, 140]]], [[[815, 262], [814, 263], [814, 264], [815, 264], [816, 265], [816, 266], [817, 266], [818, 266], [819, 267], [819, 268], [819, 269], [820, 270], [821, 271], [822, 271], [823, 270], [822, 270], [821, 269], [820, 268], [820, 267], [820, 266], [819, 265], [818, 265], [817, 265], [816, 264], [816, 263], [816, 262]]], [[[825, 237], [825, 238], [825, 239], [824, 240], [823, 240], [822, 241], [822, 242], [821, 243], [820, 243], [819, 243], [818, 243], [819, 244], [819, 245], [819, 246], [820, 247], [821, 247], [822, 247], [822, 246], [822, 245], [822, 244], [823, 243], [823, 242], [824, 241], [824, 240], [825, 239], [826, 238], [827, 238], [827, 237], [826, 237]]], [[[807, 223], [808, 224], [808, 225], [808, 226], [808, 227], [808, 228], [808, 229], [809, 230], [809, 231], [810, 232], [810, 233], [810, 234], [810, 235], [811, 236], [811, 235], [811, 234], [810, 233], [810, 232], [809, 231], [809, 230], [809, 229], [809, 228], [809, 227], [809, 226], [809, 225], [809, 224], [809, 223], [808, 223]]], [[[773, 170], [772, 171], [772, 172], [773, 173], [773, 174], [774, 174], [775, 175], [776, 176], [776, 177], [776, 178], [775, 179], [774, 179], [773, 180], [772, 180], [771, 180], [770, 180], [769, 181], [768, 182], [767, 182], [767, 183], [766, 184], [765, 185], [765, 186], [765, 187], [765, 188], [766, 189], [766, 190], [766, 191], [766, 192], [765, 193], [766, 193], [767, 193], [767, 192], [768, 191], [768, 190], [768, 189], [768, 188], [769, 187], [770, 186], [771, 185], [772, 185], [773, 185], [774, 185], [775, 185], [776, 184], [776, 183], [777, 182], [778, 181], [778, 180], [779, 179], [779, 178], [779, 177], [780, 176], [780, 175], [781, 174], [782, 174], [783, 174], [784, 174], [783, 173], [783, 172], [783, 171], [782, 171], [781, 171], [780, 172], [780, 173], [780, 174], [779, 175], [778, 175], [777, 175], [776, 174], [776, 173], [776, 172], [775, 171], [774, 170]]], [[[785, 114], [784, 115], [783, 115], [783, 116], [782, 117], [782, 118], [781, 119], [781, 120], [780, 121], [780, 122], [779, 123], [779, 124], [778, 125], [778, 126], [778, 127], [777, 128], [778, 127], [779, 127], [780, 126], [780, 125], [781, 124], [781, 123], [782, 122], [783, 121], [784, 120], [785, 120], [786, 119], [787, 120], [788, 120], [789, 120], [790, 120], [791, 119], [791, 118], [790, 117], [789, 116], [789, 115], [788, 115], [787, 115], [786, 114]]], [[[755, 58], [754, 59], [754, 60], [755, 60], [756, 60], [757, 61], [757, 62], [757, 63], [757, 64], [758, 65], [758, 66], [759, 67], [759, 68], [760, 68], [761, 68], [761, 67], [761, 66], [760, 65], [760, 64], [760, 63], [759, 62], [759, 61], [758, 61], [757, 61], [756, 60], [755, 59]]]]","[120, [], 121, 115, 123, 124, 125, 126, 127, 128, 129]"
175,175,"[[[218, 54]], [[218, 55]], [[218, 56]], [[217, 57]], [[217, 58]], [[217, 59]], [[216, 60]], [[216, 61]], [[215, 62]], [[214, 63]], [[213, 64]], [[212, 65]], [[211, 66]], [[211, 67]], [[210, 68]], [[209, 69]], [[209, 70]], [[209, 71]], [[209, 72]], [[209, 73]], [[209, 74]], [[209, 75]], [[210, 75]], [[211, 76]], [[212, 77]], [[213, 78]], [[213, 79]], [[214, 79]], [[215, 80]], [[216, 81]], [[217, 82]], [[218, 83]], [[219, 84]], [[220, 85]], [[221, 86]], [[222, 87]], [[222, 88]], [[223, 89]], [[223, 90]], [[223, 91]], [[224, 92]], [[225, 92]], [[226, 93]], [[227, 93]], [[228, 93]], [[229, 93]], [[230, 93]], [[231, 92]], [[232, 92]], [[233, 92]], [[234, 91]], [[235, 90]], [[236, 89]], [[236, 88]], [[237, 87]], [[237, 86]], [[238, 85]], [[239, 85]], [[239, 84]], [[240, 83]], [[240, 82]], [[241, 81]], [[242, 80]], [[242, 79]], [[243, 78]], [[244, 77]], [[244, 76]], [[244, 75]], [[244, 74]], [[244, 73]], [[244, 72]], [[244, 71]], [[244, 70]], [[244, 69]], [[244, 68]], [[244, 67]], [[244, 66]], [[244, 65]], [[243, 64]], [[243, 63]], [[242, 62]], [[241, 62]], [[240, 61]], [[239, 61]], [[238, 61]], [[237, 60]], [[236, 60]], [[235, 60]], [[234, 59]], [[233, 59]], [[232, 59]], [[231, 59]], [[230, 58]], [[229, 57]], [[228, 56]], [[227, 55]], [[226, 54]], [[225, 54]], [[224, 54]], [[223, 54]], [[222, 54]], [[221, 54]], [[220, 54]], [[219, 54]]]","[[], [[[241, 85], [240, 86], [239, 86], [238, 86], [238, 87], [237, 88], [237, 89], [236, 90], [235, 91], [234, 92], [233, 93], [232, 93], [231, 93], [230, 94], [229, 94], [228, 94], [227, 94], [226, 95], [227, 95], [228, 96], [229, 96], [230, 96], [231, 96], [232, 96], [233, 97], [234, 98], [235, 99], [236, 99], [237, 99], [237, 98], [237, 97], [237, 96], [237, 95], [238, 94], [238, 93], [239, 92], [239, 91], [239, 90], [238, 89], [239, 88], [240, 87], [241, 87], [241, 86]]]]","[[], 116]"
176,176,"[[[679, 42]], [[678, 43]], [[677, 43]], [[676, 44]], [[675, 45]], [[674, 45]], [[673, 46]], [[672, 47]], [[671, 47]], [[670, 47]], [[669, 47]], [[668, 48]], [[667, 48]], [[666, 48]], [[665, 48]], [[664, 49]], [[663, 50]], [[662, 50]], [[661, 51]], [[661, 52]], [[661, 53]], [[662, 54]], [[662, 55]], [[663, 56]], [[664, 57]], [[664, 58]], [[665, 59]], [[666, 59]], [[667, 60]], [[668, 61]], [[669, 62]], [[670, 62]], [[671, 63]], [[672, 62]], [[673, 63]], [[674, 63]], [[675, 62]], [[676, 62]], [[677, 62]], [[678, 63]], [[679, 64]], [[679, 65]], [[679, 66]], [[680, 67]], [[680, 68]], [[681, 69]], [[682, 69]], [[683, 70]], [[684, 70]], [[685, 70]], [[686, 70]], [[687, 70]], [[688, 70]], [[689, 70]], [[690, 69]], [[691, 69]], [[692, 68]], [[693, 67]], [[692, 66]], [[693, 65]], [[693, 64]], [[693, 63]], [[693, 62]], [[692, 61]], [[692, 60]], [[692, 59]], [[692, 58]], [[692, 57]], [[692, 56]], [[692, 55]], [[691, 54]], [[690, 53]], [[690, 52]], [[690, 51]], [[690, 50]], [[689, 49]], [[689, 48]], [[689, 47]], [[688, 46]], [[687, 46]], [[686, 45]], [[686, 44]], [[685, 44]], [[684, 43]], [[684, 42]], [[683, 42]], [[682, 42]], [[681, 42]], [[680, 42]]]",[[]],[]
177,177,"[[[235, 41]], [[234, 42]], [[233, 43]], [[233, 44]], [[233, 45]], [[234, 46]], [[234, 47]], [[234, 48]], [[235, 49]], [[236, 49]], [[237, 50]], [[238, 51]], [[239, 51]], [[240, 52]], [[241, 53]], [[242, 53]], [[243, 53]], [[244, 54]], [[245, 54]], [[246, 54]], [[247, 53]], [[248, 52]], [[249, 51]], [[249, 50]], [[248, 49]], [[248, 48]], [[248, 47]], [[247, 46]], [[247, 45]], [[246, 44]], [[245, 43]], [[244, 42]], [[243, 42]], [[242, 42]], [[241, 42]], [[240, 41]], [[239, 41]], [[238, 41]], [[237, 41]], [[236, 41]]]",[],[]
178,178,"[[[308, 33]], [[307, 34]], [[306, 34]], [[305, 35]], [[304, 35]], [[303, 36]], [[302, 36]], [[301, 36]], [[300, 37]], [[299, 37]], [[298, 38]], [[297, 38]], [[297, 39]], [[296, 40]], [[295, 41]], [[294, 42]], [[293, 43]], [[292, 43]], [[291, 44]], [[290, 45]], [[289, 45]], [[288, 46]], [[287, 46]], [[287, 47]], [[287, 48]], [[287, 49]], [[288, 50]], [[288, 51]], [[288, 52]], [[288, 53]], [[288, 54]], [[289, 55]], [[289, 56]], [[290, 56]], [[291, 56]], [[292, 57]], [[293, 57]], [[294, 57]], [[295, 57]], [[296, 57]], [[297, 58]], [[298, 59]], [[299, 59]], [[300, 59]], [[301, 58]], [[302, 58]], [[303, 58]], [[304, 57]], [[305, 57]], [[306, 56]], [[307, 55]], [[308, 54]], [[309, 55]], [[309, 56]], [[309, 57]], [[309, 58]], [[309, 59]], [[310, 59]], [[311, 59]], [[312, 59]], [[313, 59]], [[314, 59]], [[315, 59]], [[316, 59]], [[317, 58]], [[318, 58]], [[319, 57]], [[320, 56]], [[321, 55]], [[321, 54]], [[320, 53]], [[320, 52]], [[320, 51]], [[319, 50]], [[318, 49]], [[318, 48]], [[318, 47]], [[318, 46]], [[318, 45]], [[317, 44]], [[317, 43]], [[316, 42]], [[316, 41]], [[315, 40]], [[315, 39]], [[314, 38]], [[314, 37]], [[313, 36]], [[312, 35]], [[312, 34]], [[311, 34]], [[310, 33]], [[309, 33]]]",[[]],[]
179,179,"[[[405, 18]], [[404, 19]], [[403, 20]], [[402, 20]], [[401, 21]], [[400, 21]], [[399, 22]], [[398, 22]], [[398, 23]], [[398, 24]], [[398, 25]], [[398, 26]], [[399, 27]], [[399, 28]], [[400, 29]], [[400, 30]], [[401, 31]], [[401, 32]], [[401, 33]], [[401, 34]], [[400, 35]], [[400, 36]], [[399, 37]], [[398, 38]], [[397, 38]], [[396, 38]], [[395, 37]], [[394, 37]], [[393, 36]], [[392, 36]], [[392, 37]], [[391, 38]], [[391, 39]], [[391, 40]], [[391, 41]], [[391, 42]], [[391, 43]], [[391, 44]], [[391, 45]], [[391, 46]], [[392, 47]], [[392, 48]], [[392, 49]], [[391, 50]], [[391, 51]], [[390, 52]], [[391, 53]], [[391, 54]], [[391, 55]], [[391, 56]], [[391, 57]], [[392, 58]], [[392, 59]], [[393, 60]], [[394, 61]], [[395, 61]], [[396, 62]], [[397, 63]], [[397, 64]], [[398, 65]], [[399, 66]], [[399, 67]], [[400, 68]], [[401, 69]], [[402, 69]], [[403, 68]], [[404, 69]], [[405, 69]], [[406, 70]], [[407, 71]], [[408, 71]], [[409, 71]], [[410, 71]], [[411, 70]], [[412, 70]], [[413, 69]], [[414, 68]], [[415, 67]], [[416, 68]], [[417, 69]], [[417, 70]], [[417, 71]], [[417, 72]], [[418, 73]], [[418, 74]], [[419, 74]], [[420, 74]], [[421, 74]], [[422, 74]], [[423, 74]], [[424, 74]], [[425, 74]], [[426, 74]], [[427, 74]], [[428, 74]], [[429, 74]], [[430, 74]], [[431, 73]], [[432, 72]], [[433, 71]], [[434, 71]], [[435, 70]], [[436, 70]], [[437, 69]], [[438, 69]], [[438, 68]], [[439, 67]], [[440, 66]], [[440, 65]], [[440, 64]], [[440, 63]], [[440, 62]], [[440, 61]], [[440, 60]], [[440, 59]], [[441, 58]], [[442, 57]], [[442, 56]], [[443, 55]], [[444, 54]], [[444, 53]], [[445, 52]], [[446, 51]], [[446, 50]], [[446, 49]], [[447, 48]], [[447, 47]], [[447, 46]], [[447, 45]], [[447, 44]], [[447, 43]], [[446, 42]], [[446, 41]], [[446, 40]], [[445, 39]], [[445, 38]], [[445, 37]], [[444, 36]], [[444, 35]], [[444, 34]], [[443, 34]], [[442, 34]], [[441, 33]], [[440, 32]], [[440, 31]], [[440, 30]], [[439, 29]], [[439, 28]], [[438, 27]], [[438, 26]], [[437, 25]], [[436, 24]], [[435, 23]], [[434, 23]], [[433, 22]], [[432, 22]], [[431, 22]], [[430, 22]], [[429, 23]], [[428, 23]], [[427, 23]], [[426, 22]], [[425, 22]], [[424, 22]], [[423, 22]], [[422, 22]], [[421, 22]], [[420, 23]], [[419, 23]], [[418, 23]], [[417, 22]], [[416, 21]], [[415, 20]], [[414, 19]], [[413, 19]], [[412, 19]], [[411, 18]], [[410, 18]], [[409, 18]], [[408, 18]], [[407, 18]], [[406, 18]]]",[[]],[]
180,180,"[[[649, 17]], [[648, 18]], [[647, 18]], [[646, 19]], [[645, 18]], [[644, 19]], [[643, 19]], [[642, 20]], [[641, 20]], [[641, 21]], [[641, 22]], [[641, 23]], [[641, 24]], [[641, 25]], [[641, 26]], [[641, 27]], [[642, 28]], [[643, 29]], [[644, 29]], [[645, 29]], [[646, 30]], [[647, 30]], [[648, 30]], [[649, 31]], [[650, 31]], [[650, 30]], [[651, 29]], [[652, 29]], [[652, 28]], [[653, 27]], [[653, 26]], [[653, 25]], [[654, 24]], [[654, 23]], [[654, 22]], [[654, 21]], [[653, 20]], [[652, 20]], [[651, 19]], [[651, 18]], [[650, 17]]]",[],[]
181,181,"[[[774, 12]], [[773, 13]], [[772, 14]], [[773, 15]], [[772, 16]], [[773, 17]], [[773, 18]], [[773, 19]], [[773, 20]], [[774, 21]], [[774, 22]], [[774, 23]], [[775, 24]], [[776, 25]], [[777, 25]], [[778, 26]], [[779, 26]], [[780, 27]], [[781, 27]], [[782, 28]], [[783, 28]], [[784, 28]], [[785, 28]], [[785, 27]], [[786, 26]], [[787, 25]], [[787, 24]], [[787, 23]], [[788, 22]], [[788, 21]], [[787, 20]], [[787, 19]], [[786, 18]], [[786, 17]], [[785, 16]], [[784, 15]], [[783, 14]], [[782, 13]], [[781, 13]], [[780, 12]], [[779, 12]], [[778, 12]], [[777, 12]], [[776, 12]], [[775, 12]]]","[[[[808, 6], [807, 7], [806, 8], [805, 8], [804, 8], [803, 9], [802, 9], [801, 8], [800, 8], [799, 8], [798, 8], [797, 8], [797, 9], [797, 10], [797, 11], [798, 12], [798, 13], [799, 14], [799, 15], [799, 16], [799, 17], [798, 18], [797, 19], [796, 20], [795, 20], [794, 21], [793, 21], [792, 20], [791, 20], [790, 20], [789, 20], [788, 19], [789, 20], [789, 21], [789, 22], [788, 23], [788, 24], [788, 25], [787, 26], [788, 27], [788, 28], [788, 29], [787, 30], [786, 29], [785, 29], [784, 30], [783, 30], [782, 29], [781, 29], [780, 29], [779, 28], [778, 27], [777, 27], [776, 26], [775, 26], [774, 25], [773, 25], [772, 25], [772, 26], [772, 27], [771, 28], [770, 29], [769, 29], [768, 29], [767, 29], [766, 30], [765, 29], [765, 30], [765, 31], [764, 32], [763, 32], [762, 32], [761, 33], [760, 32], [759, 31], [758, 30], [757, 30], [756, 30], [756, 31], [756, 32], [755, 33], [754, 33], [753, 34], [752, 34], [751, 35], [752, 35], [753, 35], [754, 34], [755, 34], [756, 34], [757, 34], [758, 34], [759, 35], [760, 36], [760, 37], [760, 38], [760, 39], [759, 40], [759, 41], [759, 42], [759, 43], [758, 44], [759, 43], [760, 43], [761, 44], [762, 43], [762, 42], [763, 41], [764, 40], [765, 40], [766, 40], [767, 40], [768, 39], [769, 39], [770, 39], [770, 38], [771, 37], [772, 36], [773, 36], [774, 35], [775, 35], [776, 35], [777, 34], [776, 33], [775, 32], [776, 31], [777, 31], [778, 32], [779, 32], [780, 33], [781, 33], [782, 33], [783, 34], [784, 34], [785, 34], [786, 34], [787, 34], [788, 34], [789, 34], [790, 34], [791, 33], [792, 32], [792, 31], [792, 30], [793, 29], [792, 28], [792, 27], [793, 26], [794, 26], [795, 26], [796, 26], [797, 27], [798, 28], [799, 29], [800, 29], [801, 29], [801, 28], [801, 27], [801, 26], [800, 26], [799, 25], [799, 24], [799, 23], [800, 22], [801, 22], [802, 21], [803, 20], [804, 19], [805, 19], [806, 19], [807, 20], [808, 19], [807, 18], [806, 18], [805, 18], [804, 17], [805, 16], [806, 16], [807, 15], [808, 15], [809, 14], [810, 14], [811, 13], [811, 12], [812, 11], [813, 10], [813, 9], [813, 8], [812, 7], [811, 6], [810, 6], [809, 6]]]]",[131]
