,ncm_ind,ncm_cordi,pore,pore_ind
0,0,"[[[562, 1163]], [[562, 1164]], [[562, 1165]], [[562, 1166]], [[562, 1167]], [[562, 1168]], [[563, 1169]], [[563, 1170]], [[564, 1171]], [[564, 1172]], [[565, 1173]], [[565, 1174]], [[566, 1175]], [[566, 1176]], [[567, 1177]], [[568, 1176]], [[569, 1177]], [[570, 1177]], [[571, 1177]], [[572, 1177]], [[573, 1177]], [[574, 1176]], [[575, 1176]], [[576, 1176]], [[577, 1176]], [[578, 1176]], [[579, 1176]], [[579, 1175]], [[579, 1174]], [[579, 1173]], [[579, 1172]], [[578, 1171]], [[578, 1170]], [[578, 1169]], [[578, 1168]], [[577, 1168]], [[576, 1167]], [[575, 1166]], [[574, 1166]], [[573, 1165]], [[572, 1164]], [[571, 1164]], [[570, 1164]], [[569, 1164]], [[568, 1164]], [[567, 1164]], [[566, 1164]], [[565, 1164]], [[564, 1164]], [[563, 1163]]]","[[], [[[556, 1168], [556, 1169], [556, 1170], [557, 1171], [557, 1172], [557, 1173], [557, 1174], [557, 1175], [556, 1176], [555, 1177], [554, 1178], [553, 1178], [552, 1178], [551, 1178], [550, 1177], [549, 1178], [550, 1179], [550, 1180], [550, 1181], [550, 1182], [551, 1182], [551, 1181], [552, 1180], [553, 1180], [554, 1180], [555, 1181], [555, 1182], [555, 1183], [556, 1183], [556, 1182], [556, 1181], [556, 1180], [556, 1179], [557, 1178], [558, 1177], [559, 1178], [560, 1178], [561, 1179], [561, 1180], [562, 1180], [561, 1179], [560, 1178], [559, 1177], [558, 1177], [557, 1176], [557, 1175], [557, 1174], [558, 1173], [559, 1172], [560, 1172], [561, 1172], [562, 1173], [563, 1174], [564, 1175], [563, 1174], [563, 1173], [562, 1172], [562, 1171], [562, 1170], [561, 1169], [560, 1169], [559, 1169], [558, 1169], [557, 1168]]]]","[[], 0]"
1,1,"[[[536, 1163]], [[535, 1164]], [[534, 1164]], [[533, 1165]], [[532, 1166]], [[532, 1167]], [[532, 1168]], [[532, 1169]], [[533, 1170]], [[533, 1171]], [[534, 1171]], [[535, 1171]], [[536, 1170]], [[537, 1170]], [[538, 1171]], [[539, 1172]], [[539, 1173]], [[540, 1174]], [[540, 1175]], [[541, 1175]], [[542, 1175]], [[542, 1174]], [[542, 1173]], [[543, 1172]], [[543, 1171]], [[543, 1170]], [[542, 1169]], [[542, 1168]], [[542, 1167]], [[542, 1166]], [[541, 1165]], [[541, 1164]], [[540, 1163]], [[539, 1163]], [[538, 1163]], [[537, 1163]]]",[[]],[]
2,2,"[[[371, 1162]], [[371, 1163]], [[371, 1164]], [[372, 1165]], [[372, 1166]], [[373, 1166]], [[374, 1167]], [[375, 1167]], [[376, 1168]], [[377, 1169]], [[378, 1170]], [[379, 1170]], [[380, 1169]], [[381, 1169]], [[382, 1169]], [[383, 1168]], [[384, 1167]], [[385, 1166]], [[386, 1166]], [[387, 1165]], [[388, 1165]], [[388, 1164]], [[387, 1164]], [[386, 1163]], [[385, 1163]], [[384, 1163]], [[383, 1163]], [[382, 1163]], [[381, 1163]], [[380, 1163]], [[379, 1163]], [[378, 1163]], [[377, 1162]], [[376, 1162]], [[375, 1162]], [[374, 1162]], [[373, 1162]], [[372, 1162]]]",[[]],[]
3,3,"[[[485, 1152]], [[484, 1153]], [[483, 1153]], [[482, 1154]], [[482, 1155]], [[481, 1156]], [[480, 1157]], [[479, 1158]], [[478, 1159]], [[477, 1159]], [[476, 1158]], [[475, 1158]], [[474, 1158]], [[473, 1158]], [[472, 1157]], [[471, 1156]], [[470, 1155]], [[470, 1154]], [[469, 1154]], [[468, 1154]], [[467, 1154]], [[466, 1155]], [[466, 1156]], [[465, 1157]], [[464, 1157]], [[463, 1158]], [[462, 1158]], [[462, 1159]], [[462, 1160]], [[462, 1161]], [[462, 1162]], [[462, 1163]], [[462, 1164]], [[461, 1165]], [[461, 1166]], [[461, 1167]], [[460, 1168]], [[461, 1169]], [[461, 1170]], [[460, 1171]], [[461, 1172]], [[461, 1173]], [[461, 1174]], [[461, 1175]], [[462, 1176]], [[463, 1176]], [[464, 1177]], [[464, 1178]], [[465, 1179]], [[466, 1179]], [[467, 1180]], [[468, 1180]], [[469, 1180]], [[470, 1181]], [[470, 1182]], [[471, 1182]], [[472, 1183]], [[472, 1184]], [[473, 1185]], [[474, 1185]], [[475, 1186]], [[476, 1186]], [[477, 1186]], [[478, 1186]], [[479, 1187]], [[480, 1186]], [[481, 1186]], [[482, 1185]], [[483, 1185]], [[484, 1184]], [[485, 1183]], [[486, 1182]], [[487, 1181]], [[487, 1180]], [[488, 1179]], [[488, 1178]], [[488, 1177]], [[488, 1176]], [[488, 1175]], [[488, 1174]], [[488, 1173]], [[488, 1172]], [[487, 1171]], [[487, 1170]], [[488, 1169]], [[488, 1168]], [[489, 1167]], [[489, 1166]], [[489, 1165]], [[490, 1164]], [[490, 1163]], [[490, 1162]], [[490, 1161]], [[491, 1160]], [[490, 1159]], [[490, 1158]], [[490, 1157]], [[490, 1156]], [[489, 1155]], [[488, 1154]], [[487, 1153]], [[486, 1152]]]",[[]],[]
4,4,"[[[776, 1138]], [[775, 1139]], [[774, 1140]], [[773, 1141]], [[773, 1142]], [[772, 1143]], [[772, 1144]], [[772, 1145]], [[772, 1146]], [[773, 1147]], [[774, 1147]], [[775, 1147]], [[776, 1147]], [[777, 1148]], [[778, 1149]], [[778, 1150]], [[778, 1151]], [[779, 1152]], [[779, 1153]], [[780, 1154]], [[781, 1154]], [[782, 1154]], [[783, 1153]], [[784, 1153]], [[785, 1152]], [[785, 1151]], [[785, 1150]], [[785, 1149]], [[785, 1148]], [[785, 1147]], [[785, 1146]], [[785, 1145]], [[785, 1144]], [[784, 1143]], [[784, 1142]], [[784, 1141]], [[783, 1142]], [[783, 1143]], [[782, 1144]], [[781, 1143]], [[780, 1143]], [[779, 1143]], [[778, 1142]], [[778, 1141]], [[778, 1140]], [[778, 1139]], [[777, 1138]]]","[[[[772, 1138], [772, 1139], [771, 1140], [770, 1140], [769, 1141], [768, 1141], [767, 1140], [767, 1139], [766, 1139], [765, 1139], [765, 1140], [766, 1141], [767, 1140], [768, 1141], [769, 1142], [769, 1143], [769, 1144], [770, 1145], [771, 1144], [771, 1143], [771, 1142], [772, 1141], [772, 1140], [773, 1139], [774, 1139], [774, 1138], [773, 1138]]], []]","[1, []]"
5,5,"[[[557, 1130]], [[556, 1131]], [[555, 1132]], [[554, 1132]], [[553, 1133]], [[552, 1133]], [[551, 1134]], [[550, 1134]], [[549, 1135]], [[549, 1136]], [[549, 1137]], [[550, 1138]], [[551, 1138]], [[552, 1138]], [[553, 1139]], [[554, 1140]], [[555, 1141]], [[555, 1142]], [[556, 1143]], [[557, 1143]], [[558, 1143]], [[559, 1143]], [[560, 1143]], [[561, 1142]], [[562, 1142]], [[563, 1142]], [[564, 1142]], [[565, 1142]], [[566, 1142]], [[566, 1141]], [[566, 1140]], [[565, 1139]], [[565, 1138]], [[565, 1137]], [[565, 1136]], [[565, 1135]], [[565, 1134]], [[564, 1133]], [[563, 1132]], [[563, 1131]], [[562, 1131]], [[561, 1130]], [[560, 1130]], [[559, 1130]], [[558, 1130]]]",[[]],[]
6,6,"[[[622, 1123]], [[621, 1124]], [[620, 1124]], [[619, 1125]], [[618, 1126]], [[617, 1127]], [[617, 1128]], [[617, 1129]], [[617, 1130]], [[616, 1131]], [[616, 1132]], [[615, 1133]], [[615, 1134]], [[615, 1135]], [[614, 1136]], [[613, 1136]], [[612, 1135]], [[611, 1135]], [[610, 1134]], [[609, 1134]], [[609, 1135]], [[608, 1136]], [[608, 1137]], [[608, 1138]], [[608, 1139]], [[607, 1140]], [[608, 1141]], [[608, 1142]], [[609, 1143]], [[610, 1143]], [[611, 1144]], [[611, 1145]], [[611, 1146]], [[611, 1147]], [[610, 1148]], [[610, 1149]], [[611, 1150]], [[612, 1150]], [[613, 1149]], [[614, 1149]], [[615, 1150]], [[616, 1150]], [[617, 1150]], [[618, 1150]], [[619, 1150]], [[620, 1150]], [[621, 1149]], [[622, 1149]], [[622, 1148]], [[623, 1147]], [[624, 1146]], [[625, 1145]], [[626, 1145]], [[627, 1145]], [[628, 1144]], [[629, 1143]], [[630, 1142]], [[630, 1141]], [[630, 1140]], [[629, 1139]], [[629, 1138]], [[628, 1137]], [[628, 1136]], [[628, 1135]], [[628, 1134]], [[628, 1133]], [[628, 1132]], [[627, 1131]], [[626, 1130]], [[626, 1129]], [[625, 1128]], [[625, 1127]], [[625, 1126]], [[625, 1125]], [[624, 1124]], [[624, 1123]], [[623, 1123]]]","[[[[615, 1111], [615, 1112], [615, 1113], [615, 1114], [615, 1115], [615, 1116], [616, 1117], [616, 1118], [616, 1119], [616, 1120], [617, 1120], [618, 1120], [619, 1120], [620, 1121], [619, 1122], [620, 1122], [621, 1122], [622, 1122], [622, 1121], [621, 1121], [620, 1121], [619, 1120], [620, 1119], [621, 1119], [622, 1119], [623, 1119], [624, 1119], [625, 1118], [626, 1117], [627, 1117], [627, 1116], [626, 1116], [625, 1116], [624, 1117], [623, 1118], [622, 1118], [621, 1118], [620, 1117], [619, 1116], [618, 1115], [618, 1114], [617, 1113], [617, 1112], [616, 1111]]], []]","[2, []]"
7,7,"[[[39, 1122]], [[39, 1123]], [[38, 1124]], [[37, 1125]], [[36, 1125]], [[35, 1126]], [[34, 1127]], [[34, 1128]], [[34, 1129]], [[34, 1130]], [[34, 1131]], [[34, 1132]], [[34, 1133]], [[35, 1134]], [[35, 1135]], [[35, 1136]], [[36, 1137]], [[37, 1137]], [[38, 1138]], [[39, 1139]], [[40, 1139]], [[41, 1139]], [[42, 1140]], [[43, 1140]], [[44, 1141]], [[45, 1141]], [[46, 1141]], [[47, 1141]], [[48, 1141]], [[48, 1140]], [[49, 1139]], [[49, 1138]], [[49, 1137]], [[49, 1136]], [[49, 1135]], [[49, 1134]], [[49, 1133]], [[49, 1132]], [[49, 1131]], [[49, 1130]], [[49, 1129]], [[48, 1128]], [[48, 1127]], [[48, 1126]], [[47, 1125]], [[46, 1124]], [[45, 1123]], [[44, 1123]], [[43, 1123]], [[42, 1123]], [[41, 1122]], [[40, 1122]]]",[[]],[]
8,8,"[[[239, 1120]], [[239, 1121]], [[239, 1122]], [[239, 1123]], [[239, 1124]], [[239, 1125]], [[239, 1126]], [[240, 1126]], [[241, 1127]], [[241, 1128]], [[240, 1129]], [[239, 1129]], [[238, 1128]], [[237, 1128]], [[236, 1129]], [[236, 1130]], [[235, 1131]], [[234, 1132]], [[234, 1133]], [[233, 1134]], [[233, 1135]], [[233, 1136]], [[233, 1137]], [[234, 1138]], [[234, 1139]], [[235, 1140]], [[235, 1141]], [[235, 1142]], [[235, 1143]], [[235, 1144]], [[236, 1145]], [[236, 1146]], [[236, 1145]], [[237, 1144]], [[237, 1143]], [[237, 1142]], [[237, 1141]], [[237, 1140]], [[238, 1139]], [[238, 1138]], [[238, 1137]], [[238, 1136]], [[239, 1135]], [[240, 1134]], [[241, 1135]], [[242, 1136]], [[242, 1137]], [[242, 1138]], [[243, 1139]], [[244, 1140]], [[245, 1140]], [[246, 1140]], [[247, 1140]], [[248, 1139]], [[248, 1138]], [[248, 1137]], [[249, 1136]], [[249, 1135]], [[249, 1134]], [[250, 1133]], [[249, 1132]], [[249, 1131]], [[249, 1130]], [[248, 1129]], [[247, 1129]], [[246, 1128]], [[245, 1128]], [[244, 1128]], [[243, 1127]], [[242, 1126]], [[243, 1125]], [[244, 1125]], [[244, 1124]], [[244, 1123]], [[244, 1122]], [[243, 1122]], [[242, 1121]], [[242, 1120]], [[241, 1120]], [[240, 1120]]]","[[[[222, 1103], [222, 1104], [222, 1105], [222, 1106], [223, 1107], [224, 1107], [225, 1107], [226, 1107], [227, 1108], [228, 1109], [229, 1110], [229, 1111], [229, 1112], [228, 1113], [227, 1114], [226, 1115], [225, 1116], [224, 1117], [224, 1118], [225, 1119], [225, 1120], [226, 1121], [227, 1121], [228, 1120], [228, 1119], [228, 1118], [228, 1117], [228, 1116], [229, 1115], [230, 1115], [231, 1115], [232, 1116], [232, 1117], [233, 1118], [233, 1119], [233, 1120], [234, 1121], [235, 1122], [235, 1123], [235, 1124], [234, 1125], [234, 1126], [234, 1127], [233, 1128], [232, 1128], [231, 1129], [230, 1129], [229, 1128], [228, 1128], [227, 1128], [226, 1128], [225, 1129], [225, 1130], [226, 1130], [227, 1130], [228, 1130], [229, 1131], [230, 1131], [231, 1132], [232, 1133], [233, 1132], [233, 1131], [234, 1130], [234, 1129], [235, 1128], [236, 1127], [237, 1126], [238, 1127], [239, 1128], [240, 1128], [240, 1127], [239, 1127], [238, 1126], [238, 1125], [238, 1124], [238, 1123], [237, 1122], [236, 1121], [235, 1120], [235, 1119], [235, 1118], [234, 1117], [234, 1116], [233, 1115], [233, 1114], [232, 1114], [231, 1113], [230, 1112], [231, 1111], [232, 1111], [231, 1110], [231, 1109], [230, 1108], [230, 1107], [229, 1107], [228, 1107], [227, 1107], [226, 1106], [225, 1106], [224, 1106], [223, 1105], [223, 1104], [223, 1103]]], [], [[[250, 1129], [251, 1130], [251, 1131], [251, 1132], [251, 1133], [251, 1134], [251, 1135], [251, 1136], [250, 1137], [250, 1138], [250, 1139], [250, 1138], [251, 1137], [252, 1137], [253, 1138], [254, 1139], [255, 1139], [256, 1140], [256, 1141], [257, 1142], [256, 1143], [255, 1144], [255, 1145], [256, 1145], [257, 1144], [258, 1143], [259, 1144], [259, 1145], [259, 1146], [259, 1147], [259, 1148], [258, 1149], [257, 1150], [256, 1150], [256, 1151], [256, 1152], [255, 1153], [254, 1154], [255, 1154], [256, 1154], [257, 1154], [257, 1153], [258, 1152], [259, 1152], [260, 1152], [261, 1152], [262, 1153], [263, 1152], [263, 1151], [263, 1150], [262, 1149], [261, 1148], [261, 1147], [260, 1146], [260, 1145], [259, 1144], [259, 1143], [259, 1142], [258, 1141], [257, 1141], [256, 1140], [256, 1139], [255, 1138], [254, 1138], [253, 1137], [253, 1136], [252, 1135], [251, 1134], [251, 1133], [251, 1132], [252, 1131], [253, 1132], [253, 1133], [254, 1133], [255, 1133], [255, 1132], [254, 1131], [253, 1130], [253, 1129], [252, 1129], [251, 1129]]]]","[3, [], 4]"
9,9,"[[[438, 1118]], [[438, 1119]], [[438, 1120]], [[439, 1121]], [[439, 1122]], [[438, 1123]], [[437, 1124]], [[436, 1124]], [[435, 1124]], [[434, 1124]], [[433, 1124]], [[433, 1125]], [[432, 1126]], [[431, 1126]], [[430, 1127]], [[430, 1128]], [[430, 1129]], [[430, 1130]], [[430, 1131]], [[430, 1132]], [[430, 1133]], [[430, 1134]], [[430, 1135]], [[431, 1136]], [[431, 1137]], [[432, 1138]], [[432, 1139]], [[433, 1139]], [[434, 1140]], [[435, 1140]], [[436, 1140]], [[437, 1140]], [[438, 1140]], [[439, 1139]], [[440, 1140]], [[441, 1140]], [[442, 1139]], [[443, 1139]], [[444, 1138]], [[445, 1138]], [[446, 1138]], [[447, 1137]], [[448, 1137]], [[449, 1136]], [[450, 1135]], [[451, 1135]], [[452, 1135]], [[453, 1135]], [[454, 1135]], [[455, 1135]], [[456, 1134]], [[457, 1134]], [[457, 1133]], [[457, 1132]], [[457, 1131]], [[457, 1130]], [[457, 1129]], [[456, 1128]], [[456, 1127]], [[456, 1126]], [[455, 1125]], [[455, 1124]], [[454, 1123]], [[453, 1123]], [[452, 1122]], [[451, 1121]], [[450, 1121]], [[449, 1122]], [[448, 1122]], [[447, 1122]], [[446, 1122]], [[445, 1122]], [[444, 1122]], [[443, 1122]], [[442, 1121]], [[441, 1120]], [[441, 1119]], [[440, 1119]], [[439, 1120]], [[438, 1119]]]",[[]],[]
10,10,"[[[395, 1094]], [[394, 1095]], [[393, 1096]], [[392, 1096]], [[391, 1096]], [[390, 1097]], [[389, 1098]], [[388, 1098]], [[387, 1098]], [[386, 1098]], [[385, 1098]], [[384, 1098]], [[383, 1098]], [[382, 1099]], [[381, 1099]], [[380, 1099]], [[379, 1099]], [[378, 1100]], [[378, 1101]], [[378, 1102]], [[377, 1103]], [[377, 1104]], [[377, 1105]], [[376, 1106]], [[376, 1107]], [[377, 1108]], [[377, 1109]], [[378, 1110]], [[378, 1111]], [[379, 1112]], [[380, 1113]], [[381, 1114]], [[382, 1115]], [[383, 1115]], [[384, 1116]], [[385, 1117]], [[385, 1118]], [[386, 1119]], [[386, 1120]], [[386, 1121]], [[386, 1122]], [[385, 1123]], [[384, 1124]], [[383, 1123]], [[383, 1122]], [[382, 1122]], [[382, 1123]], [[382, 1124]], [[382, 1125]], [[381, 1126]], [[381, 1127]], [[381, 1128]], [[381, 1129]], [[381, 1130]], [[380, 1131]], [[379, 1131]], [[378, 1131]], [[377, 1131]], [[377, 1132]], [[377, 1133]], [[377, 1134]], [[376, 1135]], [[376, 1136]], [[376, 1137]], [[375, 1138]], [[376, 1139]], [[376, 1140]], [[377, 1141]], [[378, 1142]], [[377, 1143]], [[376, 1144]], [[375, 1145]], [[374, 1145]], [[373, 1144]], [[372, 1143]], [[371, 1143]], [[370, 1142]], [[369, 1143]], [[368, 1142]], [[368, 1141]], [[368, 1140]], [[367, 1139]], [[367, 1138]], [[366, 1137]], [[365, 1137]], [[364, 1136]], [[364, 1135]], [[364, 1134]], [[364, 1133]], [[364, 1132]], [[363, 1131]], [[363, 1130]], [[363, 1129]], [[363, 1128]], [[363, 1127]], [[363, 1126]], [[363, 1125]], [[362, 1124]], [[362, 1123]], [[362, 1122]], [[362, 1121]], [[361, 1120]], [[360, 1120]], [[359, 1119]], [[358, 1120]], [[357, 1120]], [[356, 1120]], [[355, 1120]], [[354, 1120]], [[353, 1119]], [[352, 1118]], [[351, 1117]], [[350, 1117]], [[349, 1116]], [[348, 1116]], [[347, 1116]], [[346, 1116]], [[345, 1116]], [[344, 1117]], [[343, 1117]], [[342, 1117]], [[341, 1117]], [[340, 1117]], [[339, 1118]], [[338, 1119]], [[337, 1120]], [[336, 1120]], [[335, 1120]], [[334, 1121]], [[333, 1122]], [[332, 1123]], [[332, 1124]], [[333, 1125]], [[333, 1126]], [[333, 1127]], [[333, 1128]], [[334, 1129]], [[334, 1130]], [[334, 1131]], [[335, 1132]], [[335, 1133]], [[336, 1134]], [[336, 1135]], [[337, 1136]], [[337, 1137]], [[338, 1138]], [[338, 1139]], [[338, 1140]], [[338, 1141]], [[338, 1142]], [[339, 1143]], [[339, 1144]], [[339, 1145]], [[340, 1146]], [[340, 1147]], [[341, 1148]], [[342, 1149]], [[343, 1150]], [[344, 1150]], [[345, 1150]], [[346, 1150]], [[347, 1151]], [[347, 1152]], [[348, 1153]], [[349, 1154]], [[350, 1155]], [[351, 1156]], [[352, 1157]], [[353, 1157]], [[354, 1157]], [[355, 1158]], [[356, 1158]], [[357, 1157]], [[358, 1157]], [[359, 1156]], [[360, 1155]], [[361, 1154]], [[362, 1153]], [[363, 1154]], [[364, 1155]], [[365, 1156]], [[366, 1157]], [[367, 1158]], [[368, 1158]], [[369, 1159]], [[370, 1158]], [[371, 1158]], [[372, 1157]], [[373, 1156]], [[374, 1155]], [[375, 1154]], [[376, 1153]], [[376, 1152]], [[377, 1151]], [[378, 1150]], [[379, 1150]], [[380, 1150]], [[381, 1150]], [[382, 1151]], [[383, 1152]], [[384, 1152]], [[385, 1152]], [[386, 1153]], [[387, 1153]], [[388, 1153]], [[389, 1153]], [[390, 1152]], [[391, 1152]], [[392, 1152]], [[393, 1152]], [[394, 1153]], [[395, 1153]], [[396, 1154]], [[397, 1155]], [[398, 1156]], [[398, 1157]], [[399, 1157]], [[400, 1157]], [[401, 1157]], [[402, 1157]], [[403, 1158]], [[404, 1158]], [[405, 1158]], [[406, 1158]], [[407, 1157]], [[408, 1157]], [[409, 1158]], [[410, 1158]], [[411, 1158]], [[412, 1158]], [[413, 1157]], [[414, 1157]], [[415, 1156]], [[416, 1156]], [[417, 1155]], [[418, 1155]], [[418, 1154]], [[418, 1153]], [[419, 1152]], [[420, 1152]], [[420, 1151]], [[420, 1150]], [[421, 1149]], [[421, 1148]], [[421, 1147]], [[421, 1146]], [[421, 1145]], [[421, 1144]], [[421, 1143]], [[421, 1142]], [[420, 1141]], [[420, 1140]], [[419, 1139]], [[418, 1138]], [[417, 1137]], [[417, 1136]], [[416, 1135]], [[416, 1134]], [[416, 1133]], [[415, 1133]], [[414, 1132]], [[414, 1131]], [[413, 1130]], [[413, 1129]], [[413, 1128]], [[412, 1128]], [[411, 1128]], [[410, 1127]], [[409, 1126]], [[409, 1125]], [[409, 1124]], [[409, 1123]], [[409, 1122]], [[408, 1121]], [[407, 1120]], [[406, 1120]], [[405, 1120]], [[404, 1120]], [[403, 1120]], [[402, 1120]], [[401, 1119]], [[400, 1120]], [[399, 1120]], [[398, 1120]], [[397, 1119]], [[396, 1119]], [[395, 1119]], [[394, 1119]], [[393, 1118]], [[392, 1117]], [[393, 1116]], [[394, 1115]], [[395, 1114]], [[396, 1114]], [[397, 1113]], [[398, 1112]], [[399, 1112]], [[400, 1112]], [[401, 1112]], [[402, 1112]], [[403, 1112]], [[404, 1112]], [[405, 1112]], [[406, 1111]], [[407, 1111]], [[408, 1111]], [[409, 1110]], [[410, 1110]], [[411, 1109]], [[411, 1108]], [[411, 1107]], [[411, 1106]], [[412, 1105]], [[412, 1104]], [[412, 1103]], [[412, 1102]], [[411, 1101]], [[411, 1100]], [[411, 1099]], [[411, 1098]], [[410, 1097]], [[409, 1097]], [[408, 1096]], [[407, 1096]], [[406, 1096]], [[405, 1095]], [[404, 1095]], [[403, 1094]], [[402, 1094]], [[401, 1094]], [[400, 1094]], [[399, 1094]], [[398, 1094]], [[397, 1094]], [[396, 1094]]]","[[], [[[384, 1091], [383, 1092], [383, 1093], [383, 1094], [383, 1095], [383, 1096], [383, 1097], [384, 1097], [385, 1097], [386, 1097], [387, 1096], [388, 1096], [389, 1095], [390, 1095], [391, 1095], [391, 1094], [390, 1094], [389, 1095], [388, 1096], [387, 1095], [386, 1094], [385, 1094], [384, 1093], [385, 1092], [386, 1092], [386, 1091], [385, 1091]]], [[[321, 1111], [322, 1112], [322, 1113], [322, 1114], [322, 1115], [323, 1115], [324, 1115], [325, 1116], [325, 1117], [324, 1118], [323, 1118], [323, 1119], [323, 1120], [323, 1121], [323, 1122], [324, 1122], [325, 1121], [326, 1120], [327, 1119], [328, 1120], [329, 1121], [330, 1122], [330, 1123], [331, 1123], [331, 1122], [331, 1121], [331, 1120], [330, 1119], [329, 1119], [328, 1118], [328, 1117], [327, 1116], [326, 1115], [326, 1114], [325, 1114], [324, 1114], [323, 1114], [322, 1113], [322, 1112], [322, 1111]]], [[[415, 1157], [414, 1158], [414, 1159], [415, 1160], [415, 1161], [415, 1162], [414, 1163], [414, 1164], [414, 1165], [415, 1164], [416, 1164], [416, 1163], [416, 1162], [416, 1161], [417, 1160], [418, 1160], [419, 1160], [420, 1159], [421, 1160], [421, 1159], [421, 1158], [420, 1158], [419, 1157], [418, 1157], [417, 1157], [416, 1157]]], [[[414, 1098], [414, 1099], [414, 1100], [414, 1101], [414, 1102], [414, 1103], [415, 1104], [414, 1105], [413, 1105], [413, 1106], [413, 1107], [413, 1108], [413, 1109], [414, 1110], [414, 1111], [415, 1112], [415, 1113], [416, 1114], [417, 1113], [417, 1112], [417, 1111], [417, 1110], [416, 1110], [415, 1110], [414, 1109], [415, 1108], [415, 1107], [415, 1106], [415, 1105], [415, 1104], [415, 1103], [416, 1102], [415, 1102], [414, 1101], [414, 1100], [414, 1099]]]]","[[], 5, 6, 7, 8]"
11,11,"[[[148, 1078]], [[147, 1079]], [[147, 1080]], [[146, 1081]], [[146, 1082]], [[146, 1083]], [[146, 1084]], [[147, 1085]], [[147, 1086]], [[148, 1087]], [[148, 1088]], [[148, 1089]], [[148, 1090]], [[149, 1091]], [[150, 1092]], [[151, 1092]], [[152, 1092]], [[153, 1092]], [[154, 1091]], [[154, 1090]], [[155, 1089]], [[156, 1088]], [[156, 1087]], [[157, 1086]], [[157, 1085]], [[158, 1084]], [[158, 1083]], [[158, 1082]], [[158, 1081]], [[157, 1080]], [[157, 1079]], [[156, 1078]], [[155, 1078]], [[154, 1078]], [[153, 1078]], [[152, 1078]], [[151, 1078]], [[150, 1078]], [[149, 1078]]]","[[[[148, 1066], [148, 1067], [148, 1068], [149, 1069], [148, 1070], [147, 1071], [147, 1072], [147, 1073], [147, 1074], [147, 1075], [147, 1076], [147, 1077], [147, 1078], [148, 1077], [148, 1076], [149, 1075], [149, 1074], [150, 1073], [150, 1072], [150, 1071], [151, 1070], [152, 1070], [153, 1070], [154, 1070], [155, 1070], [155, 1069], [156, 1068], [157, 1068], [158, 1068], [159, 1068], [160, 1068], [161, 1068], [161, 1067], [160, 1067], [159, 1068], [158, 1068], [157, 1068], [156, 1068], [155, 1068], [154, 1069], [153, 1069], [152, 1069], [151, 1069], [150, 1068], [150, 1067], [149, 1066]]], []]","[9, []]"
12,12,"[[[402, 1066]], [[402, 1067]], [[401, 1068]], [[400, 1069]], [[401, 1070]], [[401, 1071]], [[402, 1072]], [[402, 1073]], [[402, 1074]], [[403, 1075]], [[404, 1076]], [[404, 1077]], [[405, 1078]], [[406, 1079]], [[407, 1079]], [[408, 1080]], [[409, 1081]], [[410, 1081]], [[411, 1081]], [[412, 1081]], [[413, 1080]], [[413, 1079]], [[413, 1078]], [[414, 1077]], [[414, 1076]], [[414, 1075]], [[413, 1074]], [[413, 1073]], [[413, 1072]], [[413, 1071]], [[412, 1071]], [[411, 1070]], [[410, 1070]], [[409, 1069]], [[408, 1068]], [[407, 1068]], [[406, 1067]], [[405, 1067]], [[404, 1067]], [[403, 1067]]]",[[]],[]
13,13,"[[[285, 1065]], [[284, 1066]], [[283, 1067]], [[282, 1067]], [[281, 1068]], [[280, 1069]], [[279, 1070]], [[278, 1070]], [[277, 1071]], [[276, 1072]], [[275, 1073]], [[274, 1073]], [[273, 1073]], [[272, 1072]], [[272, 1073]], [[271, 1074]], [[270, 1074]], [[269, 1074]], [[268, 1073]], [[267, 1073]], [[266, 1073]], [[265, 1073]], [[264, 1073]], [[263, 1072]], [[262, 1072]], [[261, 1072]], [[260, 1072]], [[259, 1073]], [[258, 1074]], [[257, 1075]], [[256, 1075]], [[256, 1076]], [[255, 1077]], [[255, 1078]], [[254, 1079]], [[254, 1080]], [[254, 1081]], [[254, 1082]], [[254, 1083]], [[254, 1084]], [[254, 1085]], [[254, 1086]], [[254, 1087]], [[254, 1088]], [[253, 1089]], [[253, 1090]], [[253, 1091]], [[253, 1092]], [[252, 1093]], [[252, 1094]], [[252, 1095]], [[252, 1096]], [[252, 1097]], [[252, 1098]], [[252, 1099]], [[253, 1100]], [[253, 1101]], [[252, 1102]], [[252, 1103]], [[252, 1104]], [[253, 1105]], [[254, 1106]], [[255, 1107]], [[255, 1108]], [[254, 1109]], [[254, 1110]], [[254, 1111]], [[254, 1112]], [[254, 1113]], [[254, 1114]], [[255, 1115]], [[256, 1116]], [[256, 1117]], [[257, 1118]], [[258, 1118]], [[259, 1119]], [[260, 1119]], [[261, 1120]], [[262, 1120]], [[263, 1121]], [[263, 1122]], [[264, 1123]], [[265, 1124]], [[266, 1125]], [[266, 1126]], [[267, 1127]], [[267, 1128]], [[268, 1129]], [[269, 1129]], [[270, 1129]], [[271, 1128]], [[272, 1129]], [[272, 1130]], [[272, 1131]], [[273, 1132]], [[273, 1133]], [[273, 1134]], [[274, 1135]], [[274, 1134]], [[275, 1133]], [[275, 1132]], [[275, 1131]], [[276, 1130]], [[277, 1130]], [[278, 1131]], [[279, 1131]], [[280, 1130]], [[281, 1131]], [[281, 1132]], [[280, 1133]], [[279, 1134]], [[278, 1134]], [[278, 1135]], [[277, 1136]], [[277, 1137]], [[276, 1138]], [[276, 1139]], [[275, 1140]], [[275, 1141]], [[275, 1142]], [[275, 1143]], [[275, 1144]], [[275, 1145]], [[275, 1146]], [[276, 1147]], [[276, 1148]], [[276, 1149]], [[276, 1150]], [[276, 1151]], [[277, 1152]], [[277, 1153]], [[278, 1154]], [[278, 1155]], [[279, 1156]], [[280, 1156]], [[281, 1156]], [[282, 1156]], [[283, 1156]], [[284, 1156]], [[285, 1156]], [[286, 1156]], [[287, 1157]], [[288, 1157]], [[289, 1157]], [[290, 1158]], [[291, 1158]], [[292, 1158]], [[293, 1159]], [[294, 1160]], [[295, 1160]], [[295, 1159]], [[296, 1158]], [[297, 1158]], [[298, 1157]], [[299, 1157]], [[300, 1157]], [[301, 1156]], [[302, 1155]], [[302, 1154]], [[303, 1153]], [[303, 1152]], [[304, 1151]], [[305, 1151]], [[306, 1150]], [[307, 1149]], [[308, 1148]], [[309, 1147]], [[310, 1146]], [[311, 1145]], [[312, 1145]], [[313, 1144]], [[314, 1144]], [[315, 1143]], [[315, 1142]], [[316, 1141]], [[316, 1140]], [[317, 1139]], [[318, 1138]], [[318, 1137]], [[318, 1136]], [[318, 1135]], [[318, 1134]], [[318, 1133]], [[318, 1132]], [[318, 1131]], [[318, 1130]], [[318, 1129]], [[318, 1128]], [[318, 1127]], [[317, 1126]], [[316, 1125]], [[315, 1124]], [[314, 1124]], [[313, 1123]], [[312, 1122]], [[311, 1122]], [[310, 1122]], [[309, 1122]], [[308, 1122]], [[307, 1122]], [[306, 1122]], [[305, 1122]], [[304, 1122]], [[303, 1121]], [[302, 1121]], [[301, 1120]], [[300, 1120]], [[299, 1121]], [[298, 1121]], [[297, 1121]], [[296, 1121]], [[295, 1121]], [[294, 1121]], [[293, 1121]], [[292, 1122]], [[291, 1122]], [[290, 1122]], [[289, 1122]], [[288, 1122]], [[287, 1122]], [[286, 1121]], [[287, 1120]], [[288, 1120]], [[288, 1119]], [[288, 1118]], [[288, 1117]], [[288, 1116]], [[288, 1115]], [[288, 1114]], [[288, 1113]], [[289, 1112]], [[288, 1111]], [[288, 1110]], [[288, 1109]], [[288, 1108]], [[289, 1107]], [[289, 1106]], [[289, 1105]], [[288, 1104]], [[288, 1103]], [[288, 1102]], [[288, 1101]], [[288, 1100]], [[288, 1099]], [[288, 1098]], [[288, 1097]], [[288, 1096]], [[289, 1095]], [[289, 1094]], [[290, 1093]], [[290, 1092]], [[291, 1091]], [[292, 1090]], [[293, 1090]], [[294, 1089]], [[295, 1088]], [[296, 1087]], [[297, 1086]], [[298, 1085]], [[298, 1084]], [[299, 1083]], [[299, 1082]], [[299, 1081]], [[299, 1080]], [[298, 1079]], [[298, 1078]], [[297, 1078]], [[296, 1077]], [[295, 1077]], [[294, 1076]], [[294, 1075]], [[293, 1074]], [[293, 1073]], [[294, 1072]], [[294, 1071]], [[293, 1071]], [[292, 1070]], [[292, 1069]], [[293, 1068]], [[292, 1068]], [[291, 1068]], [[290, 1067]], [[290, 1066]], [[289, 1065]], [[288, 1065]], [[287, 1065]], [[286, 1065]]]","[[[[282, 1058], [281, 1059], [280, 1059], [280, 1060], [281, 1061], [282, 1060], [283, 1060], [284, 1059], [285, 1059], [286, 1059], [287, 1060], [287, 1061], [286, 1062], [285, 1063], [284, 1062], [284, 1063], [284, 1064], [285, 1064], [286, 1064], [287, 1064], [288, 1064], [289, 1064], [290, 1064], [290, 1063], [289, 1062], [289, 1061], [288, 1060], [287, 1059], [286, 1059], [285, 1058], [284, 1058], [283, 1058]]], [], [[[258, 1127], [259, 1127], [260, 1128], [261, 1128], [262, 1129], [262, 1130], [263, 1130], [264, 1131], [263, 1132], [262, 1133], [261, 1133], [261, 1134], [262, 1134], [263, 1134], [264, 1135], [265, 1136], [265, 1137], [266, 1136], [267, 1136], [268, 1137], [267, 1138], [266, 1139], [265, 1140], [265, 1141], [266, 1140], [267, 1140], [268, 1141], [267, 1142], [266, 1143], [267, 1144], [267, 1145], [267, 1146], [267, 1147], [268, 1147], [268, 1146], [268, 1145], [269, 1144], [269, 1143], [268, 1142], [269, 1141], [270, 1140], [270, 1139], [270, 1138], [270, 1137], [269, 1136], [268, 1135], [268, 1134], [268, 1133], [268, 1132], [267, 1131], [267, 1130], [266, 1129], [266, 1128], [266, 1127], [265, 1128], [264, 1129], [263, 1129], [262, 1128], [261, 1127], [260, 1128], [259, 1127]]], [[[311, 1119], [311, 1120], [312, 1121], [313, 1121], [314, 1122], [315, 1123], [316, 1124], [317, 1125], [318, 1126], [319, 1127], [320, 1128], [319, 1129], [319, 1130], [319, 1131], [319, 1132], [320, 1133], [319, 1134], [319, 1135], [319, 1136], [319, 1137], [320, 1137], [321, 1137], [321, 1136], [322, 1135], [323, 1134], [323, 1133], [322, 1132], [322, 1131], [322, 1130], [321, 1129], [321, 1128], [321, 1127], [320, 1126], [319, 1125], [318, 1124], [317, 1123], [316, 1123], [315, 1122], [314, 1122], [313, 1121], [313, 1120], [312, 1120]]]]","[10, [], 11, 12]"
14,14,"[[[473, 1046]], [[472, 1047]], [[471, 1048]], [[470, 1049]], [[469, 1050]], [[468, 1051]], [[468, 1052]], [[467, 1053]], [[466, 1054]], [[465, 1054]], [[464, 1054]], [[463, 1054]], [[462, 1054]], [[462, 1055]], [[461, 1056]], [[461, 1057]], [[461, 1058]], [[461, 1059]], [[460, 1060]], [[459, 1060]], [[458, 1061]], [[459, 1062]], [[458, 1063]], [[459, 1064]], [[459, 1065]], [[458, 1066]], [[458, 1067]], [[458, 1068]], [[458, 1069]], [[458, 1070]], [[458, 1071]], [[458, 1072]], [[458, 1073]], [[457, 1074]], [[457, 1075]], [[457, 1076]], [[457, 1077]], [[458, 1078]], [[458, 1079]], [[459, 1080]], [[459, 1081]], [[460, 1082]], [[461, 1083]], [[462, 1084]], [[463, 1085]], [[464, 1085]], [[465, 1085]], [[466, 1086]], [[466, 1087]], [[466, 1088]], [[466, 1089]], [[466, 1090]], [[466, 1091]], [[466, 1092]], [[465, 1093]], [[465, 1094]], [[465, 1095]], [[465, 1096]], [[465, 1097]], [[465, 1098]], [[464, 1099]], [[464, 1100]], [[464, 1101]], [[464, 1102]], [[464, 1103]], [[464, 1104]], [[464, 1105]], [[464, 1106]], [[464, 1107]], [[463, 1108]], [[463, 1109]], [[463, 1110]], [[463, 1111]], [[463, 1112]], [[463, 1113]], [[463, 1114]], [[463, 1115]], [[463, 1116]], [[463, 1117]], [[463, 1118]], [[463, 1119]], [[463, 1120]], [[464, 1121]], [[465, 1122]], [[466, 1122]], [[467, 1123]], [[468, 1123]], [[469, 1124]], [[470, 1124]], [[471, 1124]], [[472, 1123]], [[473, 1123]], [[474, 1123]], [[475, 1123]], [[476, 1123]], [[477, 1122]], [[478, 1122]], [[479, 1122]], [[480, 1122]], [[481, 1121]], [[482, 1121]], [[483, 1121]], [[484, 1121]], [[485, 1120]], [[486, 1120]], [[487, 1120]], [[488, 1120]], [[489, 1119]], [[490, 1119]], [[491, 1119]], [[492, 1118]], [[493, 1118]], [[494, 1117]], [[494, 1116]], [[495, 1115]], [[496, 1114]], [[497, 1114]], [[498, 1113]], [[499, 1113]], [[500, 1112]], [[501, 1112]], [[502, 1111]], [[503, 1111]], [[504, 1110]], [[505, 1109]], [[506, 1108]], [[507, 1107]], [[508, 1106]], [[509, 1105]], [[510, 1105]], [[511, 1104]], [[512, 1103]], [[512, 1102]], [[512, 1101]], [[513, 1100]], [[514, 1099]], [[515, 1098]], [[516, 1098]], [[517, 1097]], [[517, 1096]], [[518, 1095]], [[518, 1094]], [[519, 1093]], [[519, 1092]], [[519, 1091]], [[519, 1090]], [[519, 1089]], [[519, 1088]], [[518, 1087]], [[518, 1086]], [[518, 1085]], [[517, 1084]], [[517, 1083]], [[517, 1082]], [[516, 1081]], [[515, 1080]], [[514, 1079]], [[513, 1078]], [[512, 1077]], [[511, 1076]], [[510, 1075]], [[509, 1074]], [[508, 1073]], [[508, 1072]], [[507, 1071]], [[507, 1070]], [[507, 1069]], [[506, 1068]], [[506, 1067]], [[506, 1066]], [[506, 1065]], [[506, 1064]], [[505, 1063]], [[505, 1062]], [[504, 1062]], [[503, 1061]], [[502, 1060]], [[501, 1060]], [[500, 1060]], [[499, 1059]], [[498, 1059]], [[497, 1059]], [[496, 1058]], [[495, 1057]], [[494, 1056]], [[493, 1055]], [[492, 1054]], [[491, 1054]], [[490, 1053]], [[489, 1053]], [[488, 1052]], [[487, 1051]], [[486, 1051]], [[485, 1051]], [[484, 1051]], [[483, 1050]], [[482, 1050]], [[481, 1050]], [[480, 1050]], [[479, 1050]], [[478, 1050]], [[477, 1049]], [[476, 1049]], [[475, 1048]], [[475, 1047]], [[474, 1046]]]","[[[[472, 1044], [472, 1045], [471, 1046], [470, 1047], [469, 1048], [468, 1049], [467, 1050], [466, 1051], [465, 1051], [464, 1051], [463, 1050], [462, 1049], [461, 1048], [461, 1047], [460, 1046], [459, 1046], [458, 1047], [458, 1048], [459, 1049], [460, 1050], [460, 1051], [460, 1052], [460, 1053], [461, 1053], [462, 1053], [463, 1053], [464, 1053], [465, 1053], [466, 1053], [467, 1052], [467, 1051], [468, 1050], [468, 1049], [469, 1048], [470, 1048], [470, 1047], [471, 1046], [472, 1045], [473, 1045], [474, 1045], [475, 1045], [474, 1044], [473, 1044]]], [], [[[517, 1103], [516, 1104], [515, 1104], [515, 1105], [514, 1106], [513, 1107], [512, 1106], [511, 1105], [510, 1106], [509, 1106], [508, 1107], [507, 1108], [506, 1109], [505, 1110], [504, 1111], [504, 1112], [505, 1112], [505, 1111], [506, 1110], [507, 1110], [508, 1110], [509, 1111], [510, 1111], [510, 1110], [511, 1109], [512, 1108], [513, 1108], [514, 1108], [515, 1107], [516, 1107], [517, 1107], [518, 1107], [518, 1106], [517, 1105], [517, 1104]]], [[[521, 1093], [520, 1094], [519, 1094], [519, 1095], [518, 1096], [518, 1097], [517, 1098], [516, 1099], [515, 1099], [514, 1100], [513, 1101], [513, 1102], [513, 1103], [514, 1102], [515, 1101], [516, 1100], [517, 1099], [518, 1099], [519, 1099], [520, 1099], [521, 1099], [522, 1099], [522, 1098], [522, 1097], [521, 1096], [521, 1095], [521, 1094], [522, 1093], [523, 1093], [522, 1093]]], [[[517, 1103], [516, 1104], [515, 1104], [515, 1105], [514, 1106], [513, 1107], [512, 1106], [511, 1105], [510, 1106], [509, 1106], [508, 1107], [507, 1108], [506, 1109], [505, 1110], [504, 1111], [504, 1112], [505, 1112], [505, 1111], [506, 1110], [507, 1110], [508, 1110], [509, 1111], [510, 1111], [510, 1110], [511, 1109], [512, 1108], [513, 1108], [514, 1108], [515, 1107], [516, 1107], [517, 1107], [518, 1107], [518, 1106], [517, 1105], [517, 1104]], [[521, 1093], [520, 1094], [519, 1094], [519, 1095], [518, 1096], [518, 1097], [517, 1098], [516, 1099], [515, 1099], [514, 1100], [513, 1101], [513, 1102], [513, 1103], [514, 1102], [515, 1101], [516, 1100], [517, 1099], [518, 1099], [519, 1099], [520, 1099], [521, 1099], [522, 1099], [522, 1098], [522, 1097], [521, 1096], [521, 1095], [521, 1094], [522, 1093], [523, 1093], [522, 1093]]]]","[13, [], 14, 15, 16]"
15,15,"[[[430, 1039]], [[429, 1040]], [[428, 1040]], [[427, 1041]], [[426, 1042]], [[425, 1043]], [[424, 1044]], [[423, 1045]], [[422, 1046]], [[422, 1047]], [[422, 1048]], [[423, 1049]], [[423, 1050]], [[423, 1051]], [[424, 1052]], [[425, 1053]], [[426, 1054]], [[427, 1055]], [[428, 1055]], [[429, 1056]], [[430, 1056]], [[431, 1057]], [[432, 1057]], [[433, 1058]], [[432, 1059]], [[431, 1059]], [[430, 1060]], [[429, 1060]], [[428, 1060]], [[427, 1060]], [[426, 1059]], [[425, 1059]], [[424, 1058]], [[423, 1057]], [[422, 1057]], [[421, 1058]], [[420, 1058]], [[419, 1058]], [[420, 1058]], [[421, 1059]], [[421, 1060]], [[420, 1061]], [[420, 1062]], [[419, 1063]], [[418, 1064]], [[417, 1064]], [[417, 1065]], [[416, 1066]], [[416, 1067]], [[416, 1068]], [[416, 1069]], [[416, 1070]], [[416, 1071]], [[416, 1072]], [[416, 1073]], [[417, 1074]], [[417, 1075]], [[418, 1076]], [[418, 1077]], [[418, 1078]], [[419, 1079]], [[419, 1080]], [[420, 1081]], [[421, 1082]], [[422, 1083]], [[423, 1083]], [[424, 1084]], [[425, 1084]], [[426, 1084]], [[427, 1085]], [[428, 1085]], [[429, 1085]], [[430, 1085]], [[431, 1084]], [[432, 1084]], [[433, 1084]], [[434, 1084]], [[435, 1084]], [[436, 1083]], [[437, 1082]], [[437, 1081]], [[438, 1080]], [[439, 1079]], [[439, 1078]], [[439, 1077]], [[439, 1076]], [[440, 1075]], [[440, 1074]], [[441, 1073]], [[441, 1072]], [[441, 1071]], [[442, 1070]], [[442, 1069]], [[441, 1069]], [[440, 1068]], [[439, 1067]], [[439, 1066]], [[439, 1065]], [[438, 1065]], [[437, 1064]], [[436, 1064]], [[435, 1063]], [[435, 1062]], [[434, 1062]], [[433, 1061]], [[433, 1060]], [[433, 1059]], [[434, 1058]], [[435, 1059]], [[436, 1058]], [[437, 1057]], [[438, 1058]], [[439, 1057]], [[440, 1056]], [[441, 1056]], [[442, 1055]], [[443, 1055]], [[444, 1054]], [[445, 1054]], [[446, 1053]], [[446, 1052]], [[447, 1051]], [[447, 1050]], [[448, 1049]], [[448, 1048]], [[448, 1047]], [[449, 1046]], [[449, 1045]], [[448, 1044]], [[448, 1043]], [[448, 1042]], [[447, 1041]], [[446, 1041]], [[445, 1041]], [[444, 1041]], [[443, 1041]], [[442, 1041]], [[441, 1041]], [[440, 1041]], [[439, 1040]], [[438, 1040]], [[437, 1040]], [[436, 1040]], [[435, 1039]], [[434, 1039]], [[433, 1039]], [[432, 1039]], [[431, 1039]]]","[[], [[[441, 1066], [441, 1067], [442, 1067], [443, 1068], [443, 1069], [444, 1070], [443, 1071], [442, 1072], [442, 1073], [441, 1074], [441, 1075], [440, 1076], [440, 1077], [440, 1078], [441, 1077], [441, 1076], [442, 1075], [442, 1074], [443, 1073], [444, 1072], [444, 1071], [444, 1070], [444, 1069], [444, 1068], [444, 1067], [443, 1067], [442, 1067]]], [[[445, 1056], [445, 1057], [444, 1058], [443, 1059], [442, 1058], [441, 1057], [440, 1057], [439, 1058], [439, 1059], [439, 1060], [439, 1061], [438, 1062], [437, 1061], [438, 1062], [439, 1062], [439, 1061], [440, 1060], [441, 1059], [442, 1060], [443, 1061], [443, 1062], [444, 1062], [445, 1061], [445, 1060], [445, 1059], [445, 1058], [446, 1057], [446, 1056]]]]","[[], 17, 18]"
16,16,"[[[591, 1036]], [[590, 1037]], [[589, 1038]], [[588, 1038]], [[587, 1039]], [[586, 1039]], [[585, 1040]], [[584, 1040]], [[583, 1041]], [[582, 1041]], [[581, 1041]], [[580, 1041]], [[579, 1042]], [[578, 1042]], [[577, 1042]], [[576, 1042]], [[575, 1042]], [[574, 1043]], [[573, 1043]], [[572, 1043]], [[571, 1043]], [[570, 1044]], [[569, 1044]], [[568, 1045]], [[567, 1045]], [[567, 1046]], [[566, 1047]], [[566, 1048]], [[566, 1049]], [[566, 1050]], [[567, 1051]], [[567, 1052]], [[567, 1053]], [[567, 1054]], [[567, 1055]], [[567, 1056]], [[567, 1057]], [[567, 1058]], [[567, 1059]], [[566, 1060]], [[567, 1061]], [[568, 1061]], [[569, 1062]], [[569, 1063]], [[569, 1064]], [[569, 1065]], [[568, 1066]], [[568, 1067]], [[567, 1068]], [[566, 1067]], [[566, 1066]], [[565, 1067]], [[564, 1068]], [[565, 1069]], [[565, 1070]], [[565, 1071]], [[565, 1072]], [[566, 1073]], [[566, 1074]], [[567, 1075]], [[568, 1076]], [[568, 1077]], [[569, 1078]], [[569, 1079]], [[570, 1080]], [[571, 1081]], [[571, 1082]], [[572, 1083]], [[572, 1084]], [[572, 1085]], [[572, 1086]], [[572, 1087]], [[572, 1088]], [[573, 1089]], [[573, 1090]], [[574, 1091]], [[575, 1092]], [[575, 1093]], [[575, 1094]], [[576, 1095]], [[576, 1096]], [[577, 1096]], [[578, 1097]], [[579, 1098]], [[580, 1098]], [[581, 1098]], [[582, 1098]], [[583, 1098]], [[584, 1098]], [[585, 1098]], [[586, 1098]], [[587, 1098]], [[588, 1097]], [[589, 1097]], [[590, 1097]], [[591, 1097]], [[592, 1097]], [[593, 1096]], [[594, 1096]], [[595, 1096]], [[596, 1096]], [[597, 1096]], [[598, 1096]], [[599, 1096]], [[600, 1095]], [[601, 1094]], [[602, 1094]], [[603, 1093]], [[604, 1093]], [[605, 1093]], [[605, 1092]], [[606, 1091]], [[606, 1090]], [[606, 1089]], [[606, 1088]], [[606, 1087]], [[606, 1086]], [[606, 1085]], [[605, 1084]], [[605, 1083]], [[605, 1082]], [[605, 1081]], [[605, 1080]], [[605, 1079]], [[605, 1078]], [[605, 1077]], [[605, 1076]], [[605, 1075]], [[605, 1074]], [[605, 1073]], [[606, 1072]], [[606, 1071]], [[607, 1070]], [[607, 1069]], [[608, 1068]], [[607, 1067]], [[607, 1066]], [[606, 1066]], [[605, 1065]], [[605, 1064]], [[604, 1063]], [[604, 1062]], [[604, 1061]], [[604, 1060]], [[603, 1059]], [[603, 1058]], [[604, 1057]], [[604, 1056]], [[605, 1055]], [[605, 1054]], [[605, 1053]], [[606, 1052]], [[606, 1051]], [[606, 1050]], [[607, 1049]], [[607, 1048]], [[607, 1047]], [[608, 1046]], [[608, 1045]], [[608, 1044]], [[608, 1043]], [[608, 1042]], [[608, 1041]], [[607, 1041]], [[606, 1040]], [[605, 1039]], [[604, 1038]], [[603, 1037]], [[602, 1037]], [[601, 1037]], [[600, 1037]], [[599, 1036]], [[598, 1036]], [[597, 1036]], [[596, 1036]], [[595, 1036]], [[594, 1036]], [[593, 1036]], [[592, 1036]]]","[[], [[[620, 1067], [619, 1068], [618, 1069], [617, 1070], [616, 1070], [615, 1071], [615, 1072], [615, 1073], [615, 1074], [615, 1075], [615, 1076], [615, 1077], [615, 1078], [615, 1079], [615, 1080], [615, 1081], [615, 1082], [614, 1083], [613, 1083], [612, 1082], [612, 1083], [613, 1084], [612, 1085], [611, 1086], [610, 1087], [610, 1088], [610, 1089], [609, 1090], [609, 1091], [609, 1092], [608, 1093], [607, 1093], [607, 1094], [607, 1095], [608, 1096], [608, 1097], [608, 1098], [609, 1098], [610, 1097], [611, 1097], [611, 1096], [611, 1095], [612, 1094], [612, 1093], [612, 1092], [612, 1091], [612, 1090], [612, 1089], [613, 1088], [614, 1088], [614, 1087], [614, 1086], [614, 1085], [614, 1084], [614, 1083], [615, 1082], [615, 1081], [616, 1080], [616, 1079], [616, 1078], [616, 1077], [616, 1076], [616, 1075], [616, 1074], [616, 1073], [617, 1072], [618, 1071], [619, 1070], [620, 1069], [621, 1068], [622, 1067], [621, 1067]]], [[[608, 1047], [608, 1048], [608, 1049], [607, 1050], [608, 1049], [609, 1050], [610, 1051], [609, 1052], [608, 1053], [607, 1053], [606, 1053], [606, 1054], [606, 1055], [606, 1056], [607, 1057], [607, 1058], [607, 1059], [607, 1060], [608, 1060], [609, 1061], [610, 1060], [611, 1061], [612, 1062], [612, 1061], [612, 1060], [612, 1059], [612, 1058], [612, 1057], [611, 1056], [611, 1055], [611, 1054], [612, 1053], [612, 1052], [612, 1051], [612, 1050], [612, 1049], [611, 1048], [610, 1047], [609, 1047]]]]","[[], 19, 20]"
17,17,"[[[389, 1036]], [[388, 1037]], [[388, 1038]], [[388, 1039]], [[387, 1040]], [[386, 1040]], [[385, 1040]], [[384, 1040]], [[384, 1041]], [[383, 1042]], [[383, 1043]], [[382, 1044]], [[381, 1045]], [[380, 1046]], [[379, 1046]], [[378, 1046]], [[377, 1047]], [[376, 1047]], [[375, 1048]], [[375, 1049]], [[374, 1050]], [[373, 1051]], [[372, 1052]], [[371, 1053]], [[370, 1054]], [[369, 1055]], [[368, 1056]], [[367, 1057]], [[367, 1058]], [[367, 1059]], [[367, 1060]], [[366, 1061]], [[365, 1062]], [[364, 1062]], [[363, 1062]], [[362, 1063]], [[361, 1063]], [[361, 1064]], [[362, 1065]], [[362, 1066]], [[362, 1067]], [[362, 1068]], [[363, 1069]], [[363, 1070]], [[363, 1071]], [[364, 1072]], [[365, 1073]], [[366, 1074]], [[367, 1075]], [[368, 1075]], [[369, 1076]], [[370, 1077]], [[371, 1077]], [[372, 1078]], [[373, 1078]], [[374, 1078]], [[375, 1078]], [[376, 1079]], [[377, 1079]], [[378, 1079]], [[379, 1079]], [[380, 1078]], [[381, 1078]], [[381, 1077]], [[382, 1076]], [[382, 1075]], [[383, 1074]], [[384, 1073]], [[385, 1072]], [[386, 1072]], [[387, 1072]], [[388, 1071]], [[389, 1070]], [[390, 1070]], [[391, 1070]], [[392, 1069]], [[393, 1069]], [[394, 1068]], [[395, 1067]], [[396, 1066]], [[397, 1066]], [[398, 1066]], [[399, 1066]], [[400, 1066]], [[400, 1065]], [[401, 1064]], [[401, 1063]], [[401, 1062]], [[401, 1061]], [[401, 1060]], [[401, 1059]], [[401, 1058]], [[401, 1057]], [[401, 1056]], [[401, 1055]], [[401, 1054]], [[400, 1053]], [[400, 1052]], [[400, 1051]], [[400, 1050]], [[399, 1049]], [[399, 1048]], [[399, 1047]], [[399, 1046]], [[398, 1045]], [[398, 1044]], [[397, 1043]], [[397, 1042]], [[396, 1041]], [[396, 1040]], [[396, 1039]], [[395, 1038]], [[395, 1037]], [[394, 1036]], [[393, 1037]], [[392, 1037]], [[391, 1037]], [[390, 1038]], [[389, 1037]]]",[[]],[]
18,18,"[[[186, 1025]], [[185, 1026]], [[184, 1026]], [[183, 1027]], [[182, 1027]], [[181, 1028]], [[180, 1029]], [[180, 1030]], [[180, 1031]], [[181, 1032]], [[181, 1033]], [[181, 1034]], [[181, 1035]], [[181, 1036]], [[182, 1037]], [[182, 1038]], [[183, 1037]], [[183, 1036]], [[183, 1035]], [[184, 1034]], [[185, 1035]], [[185, 1036]], [[185, 1037]], [[186, 1038]], [[186, 1039]], [[186, 1040]], [[186, 1041]], [[185, 1042]], [[184, 1042]], [[184, 1043]], [[183, 1044]], [[184, 1045]], [[184, 1046]], [[184, 1047]], [[183, 1048]], [[182, 1047]], [[182, 1046]], [[181, 1046]], [[180, 1047]], [[179, 1048]], [[178, 1048]], [[177, 1049]], [[176, 1048]], [[176, 1047]], [[176, 1046]], [[176, 1045]], [[175, 1045]], [[174, 1045]], [[173, 1045]], [[172, 1045]], [[171, 1044]], [[170, 1045]], [[169, 1045]], [[168, 1046]], [[168, 1047]], [[168, 1048]], [[168, 1049]], [[168, 1050]], [[168, 1051]], [[169, 1052]], [[170, 1053]], [[171, 1053]], [[172, 1054]], [[173, 1054]], [[174, 1055]], [[175, 1055]], [[176, 1054]], [[176, 1053]], [[177, 1052]], [[178, 1052]], [[179, 1052]], [[180, 1052]], [[180, 1051]], [[181, 1050]], [[182, 1049]], [[183, 1049]], [[184, 1050]], [[184, 1051]], [[185, 1052]], [[185, 1053]], [[185, 1054]], [[185, 1055]], [[184, 1056]], [[184, 1057]], [[184, 1058]], [[184, 1059]], [[185, 1060]], [[185, 1061]], [[185, 1062]], [[186, 1063]], [[186, 1064]], [[185, 1065]], [[184, 1066]], [[184, 1067]], [[184, 1068]], [[183, 1069]], [[182, 1070]], [[181, 1070]], [[180, 1069]], [[180, 1068]], [[180, 1067]], [[179, 1067]], [[178, 1067]], [[177, 1067]], [[176, 1066]], [[176, 1065]], [[176, 1064]], [[176, 1063]], [[176, 1062]], [[176, 1061]], [[177, 1060]], [[177, 1059]], [[177, 1058]], [[176, 1058]], [[176, 1059]], [[176, 1060]], [[175, 1061]], [[175, 1062]], [[174, 1063]], [[173, 1063]], [[172, 1062]], [[172, 1061]], [[172, 1060]], [[172, 1059]], [[172, 1058]], [[171, 1057]], [[170, 1057]], [[169, 1057]], [[168, 1058]], [[168, 1059]], [[167, 1060]], [[166, 1061]], [[165, 1061]], [[164, 1062]], [[165, 1063]], [[166, 1064]], [[166, 1065]], [[166, 1066]], [[166, 1067]], [[165, 1068]], [[164, 1069]], [[164, 1070]], [[165, 1071]], [[165, 1072]], [[165, 1073]], [[166, 1074]], [[167, 1075]], [[168, 1076]], [[169, 1076]], [[170, 1076]], [[171, 1076]], [[172, 1076]], [[173, 1076]], [[174, 1077]], [[175, 1077]], [[176, 1077]], [[177, 1077]], [[178, 1077]], [[179, 1077]], [[180, 1077]], [[181, 1076]], [[182, 1075]], [[183, 1075]], [[184, 1075]], [[185, 1076]], [[186, 1076]], [[187, 1076]], [[188, 1077]], [[188, 1078]], [[188, 1079]], [[188, 1080]], [[189, 1081]], [[189, 1082]], [[190, 1081]], [[190, 1080]], [[191, 1079]], [[192, 1079]], [[193, 1080]], [[194, 1081]], [[195, 1081]], [[196, 1082]], [[196, 1083]], [[197, 1084]], [[197, 1085]], [[197, 1086]], [[198, 1087]], [[198, 1088]], [[199, 1088]], [[200, 1088]], [[201, 1087]], [[202, 1087]], [[203, 1087]], [[204, 1086]], [[205, 1086]], [[206, 1085]], [[207, 1086]], [[208, 1086]], [[209, 1087]], [[210, 1087]], [[211, 1087]], [[212, 1086]], [[213, 1085]], [[214, 1084]], [[215, 1083]], [[216, 1083]], [[217, 1083]], [[218, 1083]], [[219, 1083]], [[220, 1083]], [[221, 1082]], [[222, 1081]], [[222, 1080]], [[223, 1079]], [[222, 1078]], [[222, 1077]], [[223, 1076]], [[223, 1075]], [[223, 1074]], [[223, 1073]], [[223, 1072]], [[223, 1071]], [[223, 1070]], [[223, 1069]], [[224, 1068]], [[225, 1067]], [[226, 1066]], [[227, 1067]], [[228, 1068]], [[228, 1069]], [[229, 1068]], [[230, 1067]], [[231, 1067]], [[232, 1067]], [[233, 1067]], [[234, 1068]], [[235, 1068]], [[236, 1067]], [[237, 1068]], [[237, 1069]], [[236, 1070]], [[236, 1071]], [[236, 1072]], [[237, 1072]], [[238, 1072]], [[239, 1072]], [[239, 1071]], [[240, 1070]], [[241, 1069]], [[242, 1069]], [[243, 1069]], [[244, 1069]], [[245, 1068]], [[245, 1067]], [[245, 1066]], [[245, 1065]], [[246, 1064]], [[246, 1063]], [[245, 1062]], [[244, 1061]], [[243, 1060]], [[243, 1059]], [[243, 1058]], [[242, 1058]], [[241, 1058]], [[240, 1058]], [[239, 1059]], [[238, 1058]], [[238, 1057]], [[239, 1056]], [[239, 1055]], [[239, 1054]], [[239, 1053]], [[239, 1052]], [[238, 1051]], [[238, 1050]], [[238, 1049]], [[237, 1048]], [[237, 1047]], [[237, 1046]], [[237, 1045]], [[237, 1044]], [[237, 1043]], [[236, 1042]], [[236, 1041]], [[235, 1040]], [[235, 1039]], [[234, 1038]], [[233, 1038]], [[232, 1037]], [[231, 1037]], [[230, 1037]], [[229, 1036]], [[228, 1036]], [[227, 1036]], [[226, 1036]], [[225, 1036]], [[224, 1036]], [[223, 1036]], [[222, 1036]], [[221, 1036]], [[220, 1035]], [[219, 1034]], [[218, 1033]], [[218, 1032]], [[217, 1031]], [[217, 1030]], [[216, 1029]], [[216, 1028]], [[215, 1027]], [[214, 1027]], [[213, 1027]], [[212, 1027]], [[211, 1028]], [[210, 1028]], [[209, 1028]], [[208, 1028]], [[207, 1028]], [[206, 1028]], [[205, 1028]], [[204, 1027]], [[203, 1027]], [[202, 1027]], [[201, 1027]], [[200, 1027]], [[199, 1027]], [[198, 1028]], [[197, 1028]], [[196, 1028]], [[195, 1028]], [[194, 1027]], [[193, 1027]], [[192, 1027]], [[191, 1027]], [[190, 1027]], [[189, 1026]], [[188, 1026]], [[187, 1025]]]","[[], [[[226, 1029], [226, 1030], [225, 1031], [224, 1031], [223, 1031], [222, 1031], [221, 1031], [220, 1032], [220, 1033], [221, 1034], [222, 1034], [223, 1035], [224, 1035], [224, 1034], [225, 1033], [226, 1032], [227, 1031], [228, 1031], [229, 1032], [230, 1033], [230, 1034], [231, 1035], [231, 1036], [232, 1036], [233, 1036], [234, 1037], [235, 1037], [236, 1038], [236, 1039], [237, 1040], [237, 1041], [238, 1042], [239, 1041], [239, 1040], [238, 1039], [237, 1038], [236, 1038], [235, 1037], [235, 1036], [234, 1035], [233, 1035], [232, 1034], [231, 1033], [230, 1032], [230, 1031], [229, 1030], [228, 1029], [227, 1029]]]]","[[], 21]"
19,19,"[[[386, 1020]], [[385, 1021]], [[385, 1022]], [[384, 1023]], [[383, 1023]], [[383, 1024]], [[383, 1025]], [[383, 1026]], [[384, 1027]], [[384, 1028]], [[384, 1029]], [[385, 1029]], [[386, 1030]], [[387, 1030]], [[388, 1031]], [[389, 1031]], [[390, 1031]], [[391, 1030]], [[391, 1029]], [[391, 1028]], [[392, 1027]], [[392, 1026]], [[391, 1025]], [[391, 1024]], [[391, 1023]], [[391, 1022]], [[391, 1021]], [[390, 1020]], [[389, 1020]], [[388, 1020]], [[387, 1020]]]",[],[]
20,20,"[[[87, 1014]], [[86, 1015]], [[85, 1015]], [[84, 1015]], [[83, 1016]], [[82, 1016]], [[81, 1016]], [[80, 1017]], [[79, 1017]], [[78, 1017]], [[77, 1017]], [[76, 1017]], [[75, 1017]], [[74, 1018]], [[73, 1018]], [[72, 1018]], [[71, 1019]], [[70, 1019]], [[69, 1020]], [[68, 1020]], [[67, 1020]], [[66, 1020]], [[65, 1020]], [[64, 1021]], [[63, 1021]], [[62, 1022]], [[61, 1023]], [[60, 1024]], [[59, 1025]], [[58, 1026]], [[57, 1027]], [[56, 1028]], [[56, 1029]], [[55, 1030]], [[54, 1030]], [[53, 1031]], [[52, 1032]], [[52, 1033]], [[52, 1034]], [[52, 1035]], [[51, 1036]], [[51, 1037]], [[51, 1038]], [[51, 1039]], [[51, 1040]], [[51, 1041]], [[51, 1042]], [[51, 1043]], [[51, 1044]], [[51, 1045]], [[51, 1046]], [[52, 1047]], [[52, 1048]], [[52, 1049]], [[52, 1050]], [[52, 1051]], [[52, 1052]], [[52, 1053]], [[52, 1054]], [[52, 1055]], [[53, 1056]], [[53, 1057]], [[53, 1058]], [[53, 1059]], [[53, 1060]], [[52, 1061]], [[51, 1062]], [[50, 1062]], [[49, 1062]], [[48, 1063]], [[48, 1064]], [[47, 1065]], [[46, 1066]], [[45, 1067]], [[45, 1068]], [[44, 1069]], [[43, 1070]], [[43, 1071]], [[42, 1072]], [[42, 1073]], [[41, 1074]], [[41, 1075]], [[41, 1076]], [[41, 1077]], [[40, 1078]], [[40, 1079]], [[40, 1080]], [[40, 1081]], [[40, 1082]], [[40, 1083]], [[40, 1084]], [[40, 1085]], [[40, 1086]], [[40, 1087]], [[41, 1088]], [[42, 1089]], [[43, 1090]], [[43, 1091]], [[43, 1092]], [[43, 1093]], [[43, 1094]], [[43, 1095]], [[42, 1096]], [[42, 1097]], [[42, 1098]], [[42, 1099]], [[42, 1100]], [[42, 1101]], [[43, 1102]], [[43, 1103]], [[43, 1104]], [[43, 1105]], [[43, 1106]], [[44, 1106]], [[45, 1107]], [[45, 1108]], [[46, 1109]], [[46, 1110]], [[47, 1110]], [[48, 1110]], [[49, 1111]], [[49, 1112]], [[50, 1113]], [[51, 1114]], [[52, 1115]], [[53, 1116]], [[53, 1117]], [[54, 1118]], [[55, 1119]], [[56, 1118]], [[57, 1119]], [[58, 1119]], [[59, 1120]], [[60, 1121]], [[61, 1121]], [[62, 1122]], [[63, 1123]], [[64, 1124]], [[65, 1124]], [[66, 1125]], [[67, 1126]], [[68, 1127]], [[68, 1128]], [[69, 1129]], [[70, 1130]], [[71, 1131]], [[72, 1131]], [[73, 1131]], [[74, 1132]], [[75, 1133]], [[76, 1133]], [[77, 1133]], [[78, 1133]], [[79, 1134]], [[80, 1134]], [[81, 1134]], [[82, 1134]], [[83, 1134]], [[84, 1134]], [[85, 1134]], [[86, 1134]], [[87, 1134]], [[88, 1133]], [[89, 1133]], [[90, 1133]], [[91, 1133]], [[92, 1134]], [[92, 1135]], [[92, 1136]], [[92, 1137]], [[92, 1138]], [[92, 1139]], [[92, 1140]], [[91, 1141]], [[90, 1142]], [[89, 1142]], [[88, 1142]], [[87, 1141]], [[86, 1141]], [[85, 1141]], [[84, 1142]], [[83, 1142]], [[82, 1142]], [[81, 1143]], [[80, 1144]], [[79, 1144]], [[78, 1144]], [[77, 1144]], [[76, 1144]], [[75, 1144]], [[74, 1144]], [[73, 1144]], [[72, 1144]], [[71, 1145]], [[70, 1145]], [[69, 1145]], [[68, 1145]], [[67, 1145]], [[66, 1146]], [[65, 1146]], [[64, 1147]], [[63, 1147]], [[62, 1147]], [[61, 1147]], [[60, 1147]], [[59, 1148]], [[58, 1148]], [[57, 1149]], [[56, 1149]], [[55, 1150]], [[54, 1151]], [[54, 1152]], [[54, 1153]], [[54, 1154]], [[54, 1155]], [[55, 1156]], [[56, 1157]], [[56, 1158]], [[56, 1159]], [[56, 1160]], [[56, 1161]], [[56, 1162]], [[56, 1163]], [[56, 1164]], [[56, 1165]], [[56, 1166]], [[57, 1167]], [[57, 1168]], [[57, 1169]], [[57, 1170]], [[57, 1171]], [[58, 1172]], [[58, 1173]], [[58, 1174]], [[59, 1175]], [[59, 1176]], [[60, 1177]], [[60, 1178]], [[60, 1179]], [[61, 1180]], [[61, 1181]], [[62, 1180]], [[63, 1179]], [[64, 1180]], [[65, 1180]], [[66, 1180]], [[67, 1180]], [[68, 1179]], [[69, 1178]], [[70, 1177]], [[71, 1176]], [[72, 1176]], [[73, 1177]], [[73, 1178]], [[74, 1179]], [[74, 1180]], [[74, 1181]], [[74, 1182]], [[74, 1183]], [[75, 1184]], [[75, 1185]], [[75, 1186]], [[76, 1187]], [[76, 1188]], [[77, 1189]], [[77, 1190]], [[78, 1190]], [[79, 1190]], [[80, 1190]], [[81, 1190]], [[82, 1190]], [[83, 1190]], [[84, 1190]], [[85, 1190]], [[86, 1190]], [[87, 1190]], [[88, 1189]], [[89, 1189]], [[90, 1189]], [[91, 1189]], [[91, 1188]], [[92, 1187]], [[93, 1186]], [[94, 1185]], [[94, 1184]], [[93, 1183]], [[93, 1182]], [[94, 1181]], [[94, 1180]], [[95, 1179]], [[96, 1178]], [[97, 1179]], [[98, 1180]], [[99, 1181]], [[99, 1182]], [[100, 1183]], [[101, 1183]], [[102, 1183]], [[103, 1183]], [[104, 1183]], [[105, 1183]], [[106, 1184]], [[106, 1185]], [[107, 1186]], [[107, 1187]], [[108, 1188]], [[108, 1189]], [[109, 1189]], [[110, 1189]], [[111, 1189]], [[112, 1190]], [[113, 1190]], [[114, 1190]], [[115, 1191]], [[116, 1191]], [[117, 1191]], [[118, 1190]], [[119, 1189]], [[120, 1188]], [[121, 1187]], [[122, 1187]], [[123, 1187]], [[124, 1187]], [[125, 1186]], [[126, 1186]], [[127, 1186]], [[128, 1185]], [[129, 1184]], [[130, 1183]], [[130, 1182]], [[130, 1181]], [[131, 1180]], [[131, 1179]], [[131, 1178]], [[130, 1177]], [[130, 1176]], [[129, 1175]], [[129, 1174]], [[128, 1173]], [[127, 1173]], [[126, 1172]], [[126, 1171]], [[125, 1170]], [[124, 1170]], [[123, 1169]], [[123, 1168]], [[122, 1167]], [[122, 1166]], [[122, 1165]], [[121, 1164]], [[120, 1163]], [[119, 1162]], [[119, 1161]], [[119, 1160]], [[119, 1159]], [[119, 1158]], [[118, 1157]], [[117, 1156]], [[117, 1155]], [[116, 1154]], [[116, 1153]], [[115, 1152]], [[114, 1151]], [[113, 1150]], [[112, 1149]], [[112, 1148]], [[112, 1147]], [[111, 1146]], [[110, 1145]], [[109, 1144]], [[108, 1143]], [[107, 1142]], [[106, 1141]], [[105, 1141]], [[104, 1142]], [[103, 1142]], [[102, 1142]], [[101, 1143]], [[100, 1144]], [[100, 1145]], [[100, 1146]], [[100, 1147]], [[100, 1148]], [[100, 1149]], [[101, 1150]], [[101, 1151]], [[101, 1152]], [[100, 1153]], [[99, 1152]], [[98, 1151]], [[97, 1150]], [[96, 1149]], [[95, 1148]], [[95, 1147]], [[96, 1146]], [[97, 1147]], [[98, 1147]], [[98, 1146]], [[98, 1145]], [[98, 1144]], [[98, 1143]], [[98, 1142]], [[98, 1141]], [[99, 1140]], [[99, 1139]], [[99, 1138]], [[99, 1137]], [[99, 1136]], [[98, 1135]], [[98, 1134]], [[97, 1133]], [[96, 1132]], [[96, 1131]], [[97, 1130]], [[98, 1129]], [[99, 1128]], [[100, 1127]], [[100, 1126]], [[100, 1125]], [[100, 1124]], [[100, 1123]], [[100, 1122]], [[100, 1121]], [[100, 1120]], [[99, 1120]], [[98, 1119]], [[97, 1118]], [[97, 1117]], [[97, 1116]], [[97, 1115]], [[98, 1114]], [[99, 1113]], [[100, 1113]], [[101, 1113]], [[102, 1112]], [[103, 1111]], [[104, 1110]], [[104, 1109]], [[104, 1108]], [[105, 1107]], [[106, 1106]], [[107, 1106]], [[108, 1105]], [[108, 1104]], [[109, 1103]], [[110, 1102]], [[111, 1102]], [[112, 1102]], [[113, 1102]], [[114, 1102]], [[115, 1101]], [[116, 1101]], [[117, 1102]], [[118, 1102]], [[119, 1101]], [[120, 1101]], [[121, 1101]], [[122, 1100]], [[123, 1100]], [[124, 1100]], [[125, 1101]], [[126, 1102]], [[127, 1102]], [[128, 1101]], [[129, 1101]], [[129, 1100]], [[130, 1099]], [[131, 1098]], [[132, 1098]], [[133, 1098]], [[134, 1098]], [[135, 1097]], [[136, 1097]], [[137, 1097]], [[138, 1096]], [[138, 1095]], [[139, 1094]], [[139, 1093]], [[139, 1092]], [[139, 1091]], [[140, 1090]], [[141, 1089]], [[141, 1088]], [[141, 1087]], [[141, 1086]], [[141, 1085]], [[141, 1084]], [[142, 1083]], [[142, 1082]], [[143, 1081]], [[143, 1080]], [[143, 1079]], [[142, 1078]], [[143, 1077]], [[143, 1076]], [[144, 1075]], [[145, 1074]], [[144, 1073]], [[144, 1072]], [[144, 1071]], [[144, 1070]], [[144, 1069]], [[144, 1068]], [[143, 1067]], [[143, 1066]], [[142, 1065]], [[141, 1064]], [[140, 1063]], [[139, 1063]], [[138, 1063]], [[137, 1063]], [[136, 1062]], [[135, 1061]], [[134, 1061]], [[133, 1060]], [[132, 1060]], [[131, 1059]], [[130, 1060]], [[129, 1060]], [[128, 1059]], [[127, 1058]], [[126, 1057]], [[125, 1056]], [[124, 1056]], [[123, 1056]], [[122, 1056]], [[121, 1056]], [[120, 1056]], [[119, 1056]], [[118, 1055]], [[119, 1054]], [[120, 1053]], [[121, 1052]], [[121, 1051]], [[121, 1050]], [[121, 1049]], [[122, 1048]], [[123, 1048]], [[122, 1047]], [[121, 1046]], [[120, 1045]], [[120, 1044]], [[119, 1044]], [[118, 1043]], [[117, 1042]], [[116, 1043]], [[116, 1044]], [[116, 1045]], [[116, 1046]], [[115, 1047]], [[114, 1048]], [[113, 1047]], [[113, 1046]], [[113, 1045]], [[113, 1044]], [[113, 1043]], [[114, 1042]], [[114, 1041]], [[114, 1040]], [[114, 1039]], [[114, 1038]], [[114, 1037]], [[114, 1036]], [[114, 1035]], [[114, 1034]], [[114, 1033]], [[115, 1032]], [[115, 1031]], [[115, 1030]], [[115, 1029]], [[116, 1028]], [[116, 1027]], [[116, 1026]], [[116, 1025]], [[116, 1024]], [[116, 1023]], [[116, 1022]], [[115, 1022]], [[114, 1021]], [[114, 1020]], [[113, 1019]], [[112, 1019]], [[111, 1019]], [[110, 1019]], [[109, 1019]], [[108, 1019]], [[107, 1019]], [[106, 1019]], [[105, 1018]], [[104, 1018]], [[103, 1017]], [[102, 1017]], [[101, 1016]], [[100, 1016]], [[99, 1016]], [[98, 1016]], [[97, 1015]], [[96, 1015]], [[95, 1015]], [[94, 1015]], [[93, 1015]], [[92, 1014]], [[91, 1014]], [[90, 1014]], [[89, 1014]], [[88, 1014]]]","[[], [[[138, 1097], [137, 1098], [136, 1098], [135, 1098], [134, 1099], [133, 1099], [132, 1099], [131, 1099], [130, 1100], [130, 1101], [130, 1102], [130, 1103], [129, 1104], [129, 1105], [129, 1106], [129, 1107], [129, 1108], [129, 1109], [128, 1110], [127, 1111], [126, 1111], [126, 1112], [125, 1113], [124, 1114], [124, 1115], [125, 1115], [126, 1116], [127, 1116], [127, 1115], [128, 1114], [129, 1115], [129, 1116], [130, 1116], [130, 1115], [131, 1114], [132, 1114], [133, 1114], [134, 1113], [135, 1113], [135, 1112], [135, 1111], [136, 1110], [137, 1109], [138, 1108], [138, 1107], [138, 1106], [138, 1105], [139, 1104], [140, 1104], [141, 1103], [141, 1102], [140, 1102], [139, 1102], [138, 1102], [137, 1103], [136, 1104], [136, 1105], [136, 1106], [135, 1107], [134, 1107], [133, 1108], [132, 1108], [131, 1107], [131, 1106], [131, 1105], [131, 1104], [131, 1103], [132, 1102], [133, 1102], [134, 1101], [135, 1101], [136, 1100], [137, 1099], [138, 1099], [139, 1099], [140, 1099], [141, 1099], [142, 1099], [142, 1098], [141, 1097], [140, 1097], [139, 1097]]]]","[[], 22]"
21,21,"[[[224, 1008]], [[223, 1009]], [[222, 1010]], [[221, 1011]], [[221, 1012]], [[220, 1013]], [[220, 1014]], [[219, 1015]], [[219, 1016]], [[219, 1017]], [[219, 1018]], [[219, 1019]], [[220, 1020]], [[221, 1021]], [[222, 1022]], [[223, 1022]], [[224, 1022]], [[225, 1022]], [[226, 1023]], [[227, 1023]], [[228, 1023]], [[229, 1023]], [[230, 1024]], [[231, 1024]], [[232, 1023]], [[233, 1023]], [[234, 1023]], [[234, 1022]], [[235, 1021]], [[235, 1020]], [[235, 1019]], [[234, 1018]], [[234, 1017]], [[234, 1016]], [[233, 1015]], [[233, 1014]], [[232, 1013]], [[232, 1012]], [[231, 1011]], [[230, 1010]], [[229, 1009]], [[228, 1008]], [[227, 1008]], [[226, 1008]], [[225, 1008]]]",[[]],[]
22,22,"[[[42, 1007]], [[41, 1008]], [[40, 1009]], [[40, 1010]], [[39, 1011]], [[38, 1012]], [[37, 1011]], [[36, 1011]], [[35, 1011]], [[34, 1010]], [[33, 1010]], [[32, 1009]], [[31, 1009]], [[30, 1008]], [[29, 1009]], [[28, 1008]], [[27, 1008]], [[26, 1008]], [[25, 1008]], [[24, 1008]], [[23, 1008]], [[22, 1008]], [[21, 1008]], [[20, 1009]], [[19, 1009]], [[18, 1009]], [[17, 1009]], [[16, 1009]], [[15, 1010]], [[14, 1010]], [[13, 1009]], [[12, 1009]], [[11, 1009]], [[10, 1010]], [[9, 1011]], [[9, 1012]], [[9, 1013]], [[8, 1014]], [[8, 1015]], [[8, 1016]], [[8, 1017]], [[8, 1018]], [[7, 1019]], [[7, 1020]], [[7, 1021]], [[7, 1022]], [[7, 1023]], [[7, 1024]], [[7, 1025]], [[7, 1026]], [[8, 1027]], [[9, 1028]], [[9, 1029]], [[10, 1030]], [[10, 1031]], [[10, 1032]], [[11, 1033]], [[12, 1034]], [[13, 1035]], [[14, 1035]], [[15, 1035]], [[16, 1035]], [[17, 1035]], [[18, 1035]], [[19, 1036]], [[18, 1037]], [[17, 1037]], [[16, 1037]], [[15, 1038]], [[14, 1037]], [[13, 1037]], [[12, 1037]], [[11, 1036]], [[10, 1036]], [[9, 1036]], [[8, 1036]], [[7, 1037]], [[6, 1038]], [[6, 1039]], [[6, 1040]], [[6, 1041]], [[6, 1042]], [[6, 1043]], [[6, 1044]], [[7, 1045]], [[7, 1046]], [[8, 1047]], [[9, 1048]], [[9, 1049]], [[10, 1050]], [[10, 1051]], [[11, 1052]], [[11, 1053]], [[12, 1054]], [[13, 1055]], [[14, 1056]], [[15, 1057]], [[16, 1058]], [[16, 1059]], [[17, 1060]], [[17, 1061]], [[18, 1062]], [[19, 1063]], [[20, 1063]], [[21, 1063]], [[22, 1064]], [[23, 1064]], [[24, 1064]], [[25, 1063]], [[26, 1063]], [[27, 1063]], [[28, 1062]], [[29, 1062]], [[30, 1062]], [[31, 1061]], [[32, 1061]], [[33, 1060]], [[34, 1059]], [[34, 1058]], [[34, 1057]], [[35, 1056]], [[35, 1055]], [[35, 1054]], [[35, 1053]], [[35, 1052]], [[35, 1051]], [[34, 1050]], [[34, 1049]], [[34, 1048]], [[33, 1047]], [[33, 1046]], [[33, 1045]], [[32, 1044]], [[32, 1043]], [[32, 1042]], [[32, 1041]], [[32, 1040]], [[31, 1039]], [[31, 1038]], [[30, 1037]], [[30, 1036]], [[29, 1035]], [[30, 1034]], [[31, 1034]], [[32, 1035]], [[33, 1035]], [[34, 1035]], [[35, 1035]], [[36, 1035]], [[37, 1034]], [[38, 1034]], [[39, 1033]], [[40, 1032]], [[40, 1031]], [[40, 1030]], [[40, 1029]], [[40, 1028]], [[40, 1027]], [[40, 1026]], [[39, 1025]], [[39, 1024]], [[39, 1023]], [[39, 1022]], [[39, 1021]], [[39, 1020]], [[39, 1019]], [[39, 1018]], [[39, 1017]], [[39, 1016]], [[40, 1015]], [[41, 1015]], [[42, 1014]], [[42, 1013]], [[43, 1012]], [[43, 1011]], [[43, 1010]], [[43, 1009]], [[43, 1008]]]",[[]],[]
23,23,"[[[422, 1005]], [[421, 1006]], [[421, 1007]], [[421, 1008]], [[420, 1009]], [[420, 1010]], [[420, 1011]], [[420, 1012]], [[419, 1013]], [[419, 1014]], [[420, 1015]], [[421, 1015]], [[422, 1015]], [[423, 1016]], [[424, 1016]], [[425, 1016]], [[426, 1016]], [[427, 1016]], [[428, 1016]], [[428, 1015]], [[428, 1014]], [[428, 1013]], [[429, 1012]], [[429, 1011]], [[429, 1010]], [[428, 1009]], [[428, 1008]], [[427, 1007]], [[427, 1006]], [[426, 1006]], [[425, 1005]], [[424, 1005]], [[423, 1005]]]",[[]],[]
24,24,"[[[453, 989]], [[453, 990]], [[454, 991]], [[455, 992]], [[455, 993]], [[455, 994]], [[454, 995]], [[453, 996]], [[453, 997]], [[453, 998]], [[452, 999]], [[451, 1000]], [[452, 1000]], [[453, 1000]], [[454, 1001]], [[455, 1002]], [[455, 1003]], [[456, 1004]], [[457, 1005]], [[458, 1006]], [[459, 1006]], [[460, 1006]], [[461, 1006]], [[462, 1006]], [[463, 1006]], [[464, 1006]], [[465, 1006]], [[466, 1006]], [[467, 1005]], [[468, 1004]], [[469, 1003]], [[470, 1003]], [[471, 1004]], [[472, 1005]], [[473, 1006]], [[474, 1006]], [[475, 1005]], [[476, 1005]], [[477, 1006]], [[478, 1006]], [[479, 1005]], [[480, 1005]], [[480, 1004]], [[480, 1003]], [[480, 1002]], [[480, 1001]], [[479, 1000]], [[479, 999]], [[478, 998]], [[478, 997]], [[477, 997]], [[476, 996]], [[475, 996]], [[474, 996]], [[473, 996]], [[472, 997]], [[471, 997]], [[470, 996]], [[470, 995]], [[469, 994]], [[469, 993]], [[468, 992]], [[468, 991]], [[467, 991]], [[466, 990]], [[465, 990]], [[464, 989]], [[463, 989]], [[462, 989]], [[461, 989]], [[460, 989]], [[459, 989]], [[458, 990]], [[457, 991]], [[456, 992]], [[455, 991]], [[454, 990]], [[454, 989]]]",[[]],[]
25,25,"[[[431, 978]], [[430, 979]], [[429, 979]], [[428, 980]], [[428, 981]], [[427, 982]], [[427, 983]], [[428, 984]], [[428, 985]], [[429, 985]], [[430, 986]], [[430, 987]], [[431, 987]], [[432, 987]], [[433, 987]], [[434, 987]], [[435, 987]], [[436, 987]], [[437, 986]], [[438, 985]], [[439, 984]], [[439, 983]], [[440, 982]], [[439, 982]], [[438, 981]], [[438, 980]], [[437, 980]], [[436, 979]], [[435, 979]], [[434, 979]], [[433, 978]], [[432, 978]]]",[[]],[]
26,26,"[[[566, 975]], [[566, 976]], [[566, 977]], [[565, 978]], [[564, 978]], [[563, 979]], [[562, 979]], [[562, 980]], [[562, 981]], [[561, 982]], [[561, 983]], [[560, 984]], [[559, 985]], [[558, 985]], [[557, 985]], [[556, 986]], [[555, 987]], [[554, 988]], [[553, 988]], [[552, 989]], [[552, 990]], [[551, 991]], [[550, 992]], [[549, 993]], [[548, 994]], [[547, 995]], [[546, 996]], [[546, 997]], [[545, 998]], [[545, 999]], [[544, 1000]], [[544, 1001]], [[544, 1002]], [[544, 1003]], [[544, 1004]], [[544, 1005]], [[544, 1006]], [[544, 1007]], [[543, 1008]], [[543, 1009]], [[542, 1010]], [[542, 1011]], [[543, 1012]], [[544, 1013]], [[544, 1014]], [[544, 1015]], [[545, 1016]], [[545, 1017]], [[546, 1018]], [[546, 1019]], [[546, 1020]], [[546, 1021]], [[546, 1022]], [[547, 1023]], [[547, 1024]], [[548, 1024]], [[549, 1025]], [[550, 1026]], [[550, 1027]], [[550, 1028]], [[550, 1029]], [[551, 1030]], [[551, 1031]], [[552, 1031]], [[553, 1032]], [[554, 1033]], [[555, 1033]], [[556, 1033]], [[557, 1032]], [[558, 1031]], [[559, 1032]], [[559, 1033]], [[558, 1034]], [[558, 1035]], [[558, 1036]], [[558, 1037]], [[558, 1038]], [[559, 1039]], [[559, 1040]], [[560, 1040]], [[561, 1040]], [[562, 1040]], [[563, 1040]], [[564, 1039]], [[564, 1038]], [[565, 1037]], [[565, 1036]], [[566, 1035]], [[567, 1034]], [[568, 1034]], [[569, 1034]], [[570, 1035]], [[571, 1035]], [[572, 1036]], [[573, 1036]], [[574, 1037]], [[575, 1038]], [[576, 1038]], [[577, 1038]], [[578, 1038]], [[579, 1038]], [[580, 1039]], [[581, 1038]], [[582, 1037]], [[583, 1036]], [[583, 1035]], [[583, 1034]], [[584, 1033]], [[585, 1032]], [[585, 1031]], [[586, 1030]], [[586, 1029]], [[587, 1028]], [[588, 1027]], [[589, 1026]], [[590, 1025]], [[591, 1024]], [[591, 1023]], [[592, 1022]], [[592, 1021]], [[593, 1020]], [[594, 1019]], [[594, 1018]], [[595, 1017]], [[596, 1016]], [[597, 1015]], [[598, 1014]], [[598, 1013]], [[599, 1012]], [[599, 1011]], [[600, 1010]], [[600, 1009]], [[601, 1008]], [[601, 1007]], [[601, 1006]], [[602, 1005]], [[602, 1004]], [[603, 1003]], [[603, 1002]], [[603, 1001]], [[602, 1000]], [[602, 999]], [[603, 998]], [[604, 998]], [[605, 998]], [[606, 997]], [[607, 997]], [[608, 996]], [[609, 996]], [[610, 995]], [[610, 994]], [[610, 993]], [[609, 993]], [[608, 992]], [[608, 991]], [[607, 990]], [[608, 989]], [[607, 989]], [[606, 988]], [[605, 987]], [[604, 986]], [[604, 985]], [[603, 984]], [[603, 983]], [[602, 983]], [[601, 983]], [[600, 982]], [[599, 982]], [[598, 983]], [[597, 984]], [[597, 985]], [[596, 986]], [[595, 986]], [[594, 986]], [[593, 985]], [[593, 984]], [[592, 983]], [[592, 982]], [[591, 981]], [[591, 980]], [[591, 979]], [[591, 978]], [[590, 979]], [[589, 978]], [[588, 978]], [[587, 978]], [[586, 977]], [[585, 977]], [[584, 977]], [[583, 976]], [[582, 976]], [[581, 976]], [[580, 976]], [[579, 976]], [[578, 976]], [[577, 975]], [[576, 975]], [[575, 975]], [[574, 975]], [[573, 975]], [[572, 975]], [[571, 975]], [[570, 975]], [[569, 975]], [[568, 975]], [[567, 975]]]","[[], [[[577, 966], [576, 967], [575, 968], [574, 968], [573, 969], [573, 970], [573, 971], [573, 972], [572, 973], [572, 974], [573, 974], [574, 974], [575, 974], [576, 974], [577, 974], [578, 975], [579, 975], [580, 975], [581, 975], [582, 974], [583, 974], [584, 973], [584, 972], [583, 973], [582, 973], [581, 973], [580, 973], [579, 973], [578, 974], [577, 974], [576, 973], [575, 972], [574, 971], [574, 970], [575, 969], [576, 968], [576, 967], [577, 966], [578, 967], [579, 967], [580, 967], [580, 966], [579, 966], [578, 966]]]]","[[], 23]"
27,27,"[[[451, 973]], [[450, 974]], [[449, 974]], [[448, 974]], [[447, 974]], [[447, 975]], [[446, 976]], [[446, 977]], [[445, 978]], [[445, 979]], [[444, 980]], [[444, 981]], [[443, 982]], [[443, 983]], [[443, 984]], [[443, 985]], [[443, 986]], [[444, 986]], [[445, 986]], [[446, 986]], [[446, 985]], [[447, 984]], [[448, 984]], [[449, 984]], [[450, 983]], [[451, 983]], [[452, 983]], [[452, 982]], [[453, 981]], [[454, 981]], [[455, 980]], [[456, 979]], [[456, 978]], [[456, 977]], [[456, 976]], [[456, 975]], [[455, 974]], [[454, 973]], [[453, 973]], [[452, 973]]]",[[]],[]
28,28,"[[[493, 961]], [[492, 962]], [[492, 963]], [[491, 964]], [[490, 965]], [[489, 965]], [[488, 965]], [[487, 966]], [[486, 966]], [[485, 966]], [[484, 966]], [[483, 967]], [[483, 968]], [[482, 969]], [[482, 970]], [[481, 971]], [[480, 972]], [[480, 973]], [[480, 974]], [[480, 975]], [[480, 976]], [[480, 977]], [[480, 978]], [[480, 979]], [[480, 980]], [[480, 981]], [[481, 982]], [[481, 983]], [[482, 984]], [[483, 984]], [[484, 985]], [[485, 986]], [[486, 986]], [[487, 985]], [[488, 985]], [[489, 985]], [[490, 985]], [[491, 985]], [[492, 984]], [[493, 983]], [[494, 982]], [[495, 982]], [[496, 982]], [[497, 982]], [[498, 982]], [[499, 982]], [[500, 982]], [[501, 983]], [[502, 983]], [[503, 983]], [[504, 983]], [[505, 982]], [[506, 982]], [[507, 983]], [[508, 983]], [[509, 982]], [[510, 982]], [[510, 981]], [[511, 980]], [[511, 979]], [[511, 978]], [[511, 977]], [[511, 976]], [[511, 975]], [[511, 974]], [[511, 973]], [[511, 972]], [[510, 972]], [[509, 971]], [[508, 970]], [[507, 970]], [[506, 970]], [[505, 971]], [[504, 971]], [[503, 971]], [[502, 971]], [[501, 970]], [[500, 971]], [[499, 971]], [[498, 971]], [[497, 971]], [[496, 970]], [[496, 969]], [[496, 968]], [[496, 967]], [[495, 966]], [[495, 965]], [[494, 964]], [[494, 963]], [[494, 962]]]",[[]],[]
29,29,"[[[676, 948]], [[675, 949]], [[674, 949]], [[673, 950]], [[673, 951]], [[672, 952]], [[671, 953]], [[670, 954]], [[670, 955]], [[670, 956]], [[669, 957]], [[669, 958]], [[668, 959]], [[668, 960]], [[668, 961]], [[668, 962]], [[667, 963]], [[667, 964]], [[667, 965]], [[666, 966]], [[665, 967]], [[664, 967]], [[663, 968]], [[662, 969]], [[661, 970]], [[661, 971]], [[660, 972]], [[659, 972]], [[658, 973]], [[657, 973]], [[656, 974]], [[655, 974]], [[654, 974]], [[653, 974]], [[652, 974]], [[651, 975]], [[650, 975]], [[649, 976]], [[648, 976]], [[647, 976]], [[646, 976]], [[645, 977]], [[644, 977]], [[643, 977]], [[642, 977]], [[641, 977]], [[640, 978]], [[639, 978]], [[638, 977]], [[637, 976]], [[636, 976]], [[635, 976]], [[634, 976]], [[633, 976]], [[633, 977]], [[632, 978]], [[632, 979]], [[631, 980]], [[631, 981]], [[630, 982]], [[630, 983]], [[630, 984]], [[630, 985]], [[630, 986]], [[630, 987]], [[630, 988]], [[631, 989]], [[631, 990]], [[631, 991]], [[630, 992]], [[629, 993]], [[628, 993]], [[628, 994]], [[628, 995]], [[628, 996]], [[628, 997]], [[629, 998]], [[630, 999]], [[631, 999]], [[632, 1000]], [[632, 1001]], [[633, 1001]], [[634, 1001]], [[635, 1001]], [[636, 1001]], [[637, 1002]], [[638, 1003]], [[639, 1004]], [[640, 1004]], [[641, 1004]], [[642, 1004]], [[643, 1004]], [[644, 1005]], [[644, 1006]], [[645, 1007]], [[645, 1008]], [[645, 1009]], [[646, 1010]], [[646, 1011]], [[647, 1012]], [[648, 1012]], [[649, 1013]], [[650, 1013]], [[651, 1013]], [[652, 1013]], [[653, 1013]], [[654, 1013]], [[655, 1013]], [[656, 1012]], [[657, 1013]], [[658, 1013]], [[659, 1013]], [[660, 1014]], [[661, 1015]], [[661, 1016]], [[661, 1017]], [[661, 1018]], [[661, 1019]], [[661, 1020]], [[661, 1021]], [[661, 1022]], [[661, 1023]], [[662, 1024]], [[662, 1025]], [[663, 1026]], [[664, 1027]], [[665, 1027]], [[666, 1028]], [[667, 1028]], [[668, 1028]], [[669, 1029]], [[670, 1029]], [[671, 1029]], [[672, 1028]], [[673, 1028]], [[674, 1028]], [[675, 1027]], [[676, 1027]], [[677, 1026]], [[677, 1025]], [[678, 1024]], [[678, 1023]], [[678, 1022]], [[678, 1021]], [[679, 1020]], [[679, 1019]], [[679, 1018]], [[679, 1017]], [[679, 1016]], [[679, 1015]], [[680, 1014]], [[680, 1013]], [[679, 1012]], [[679, 1011]], [[680, 1010]], [[680, 1009]], [[681, 1008]], [[682, 1007]], [[682, 1006]], [[683, 1005]], [[684, 1004]], [[684, 1003]], [[684, 1002]], [[684, 1001]], [[685, 1000]], [[686, 999]], [[687, 999]], [[688, 1000]], [[689, 1000]], [[690, 999]], [[691, 999]], [[692, 999]], [[693, 998]], [[694, 997]], [[694, 996]], [[695, 995]], [[696, 995]], [[696, 994]], [[697, 993]], [[698, 993]], [[699, 993]], [[700, 993]], [[701, 993]], [[702, 993]], [[703, 993]], [[704, 992]], [[705, 991]], [[705, 990]], [[706, 989]], [[706, 988]], [[706, 987]], [[706, 986]], [[706, 985]], [[705, 984]], [[705, 983]], [[705, 982]], [[704, 981]], [[704, 980]], [[703, 979]], [[702, 978]], [[701, 977]], [[700, 977]], [[699, 977]], [[698, 976]], [[697, 975]], [[696, 974]], [[695, 973]], [[695, 972]], [[695, 971]], [[695, 970]], [[696, 969]], [[696, 968]], [[696, 967]], [[696, 966]], [[696, 965]], [[696, 964]], [[696, 963]], [[696, 962]], [[696, 961]], [[695, 960]], [[694, 959]], [[694, 958]], [[693, 957]], [[692, 956]], [[692, 955]], [[691, 954]], [[690, 953]], [[689, 952]], [[688, 952]], [[687, 952]], [[686, 952]], [[685, 952]], [[684, 951]], [[683, 950]], [[682, 949]], [[681, 949]], [[680, 949]], [[679, 948]], [[678, 948]], [[677, 948]]]","[[], [[[628, 972], [628, 973], [628, 974], [628, 975], [627, 976], [626, 977], [626, 978], [626, 979], [626, 980], [627, 981], [627, 982], [628, 983], [628, 984], [627, 985], [627, 986], [627, 987], [627, 988], [627, 989], [628, 990], [629, 991], [630, 991], [630, 990], [629, 989], [629, 988], [629, 987], [629, 986], [629, 985], [629, 984], [629, 983], [629, 982], [629, 981], [628, 981], [627, 981], [626, 980], [627, 979], [627, 978], [627, 977], [628, 976], [629, 976], [630, 976], [631, 977], [631, 976], [631, 975], [631, 974], [631, 973], [630, 973], [629, 973]]], [[[667, 1029], [666, 1030], [665, 1031], [664, 1031], [663, 1031], [662, 1031], [661, 1031], [660, 1031], [659, 1031], [659, 1032], [660, 1032], [661, 1033], [662, 1033], [663, 1033], [664, 1034], [665, 1034], [666, 1035], [667, 1035], [668, 1036], [669, 1037], [670, 1037], [671, 1037], [672, 1037], [673, 1037], [674, 1037], [675, 1037], [676, 1036], [677, 1036], [677, 1035], [676, 1034], [677, 1035], [676, 1036], [675, 1036], [674, 1036], [673, 1035], [672, 1035], [671, 1034], [670, 1034], [669, 1033], [669, 1032], [670, 1031], [670, 1030], [669, 1030], [668, 1029]]]]","[[], 24, 25]"
30,30,"[[[139, 929]], [[138, 930]], [[137, 931]], [[136, 932]], [[136, 933]], [[136, 934]], [[135, 935]], [[135, 936]], [[135, 937]], [[135, 938]], [[135, 939]], [[135, 940]], [[135, 941]], [[136, 942]], [[136, 943]], [[136, 944]], [[137, 945]], [[138, 946]], [[137, 947]], [[136, 947]], [[135, 947]], [[134, 948]], [[133, 948]], [[132, 949]], [[131, 950]], [[131, 951]], [[130, 952]], [[130, 953]], [[131, 954]], [[131, 955]], [[131, 956]], [[131, 957]], [[131, 958]], [[131, 959]], [[131, 960]], [[131, 961]], [[132, 962]], [[133, 962]], [[134, 962]], [[135, 962]], [[136, 962]], [[137, 963]], [[138, 963]], [[139, 963]], [[140, 963]], [[141, 963]], [[142, 963]], [[143, 963]], [[144, 964]], [[145, 964]], [[146, 963]], [[147, 964]], [[148, 964]], [[149, 964]], [[150, 964]], [[151, 965]], [[152, 964]], [[153, 964]], [[154, 964]], [[155, 963]], [[155, 962]], [[155, 961]], [[155, 960]], [[155, 959]], [[155, 958]], [[154, 957]], [[153, 957]], [[152, 956]], [[153, 955]], [[154, 955]], [[155, 955]], [[156, 955]], [[157, 955]], [[158, 955]], [[159, 956]], [[160, 956]], [[161, 956]], [[162, 955]], [[163, 955]], [[164, 954]], [[165, 953]], [[165, 952]], [[165, 951]], [[166, 950]], [[166, 949]], [[167, 948]], [[167, 947]], [[167, 946]], [[167, 945]], [[166, 944]], [[165, 943]], [[165, 942]], [[164, 941]], [[163, 940]], [[162, 940]], [[161, 940]], [[160, 939]], [[160, 938]], [[159, 938]], [[158, 937]], [[157, 936]], [[156, 935]], [[155, 934]], [[154, 933]], [[153, 933]], [[152, 933]], [[151, 933]], [[150, 933]], [[149, 932]], [[148, 932]], [[147, 931]], [[146, 930]], [[145, 930]], [[144, 929]], [[143, 929]], [[142, 929]], [[141, 929]], [[140, 929]]]",[[]],[]
31,31,"[[[225, 927]], [[224, 928]], [[223, 928]], [[222, 929]], [[222, 930]], [[222, 931]], [[221, 932]], [[221, 933]], [[221, 934]], [[222, 935]], [[223, 935]], [[224, 936]], [[224, 937]], [[224, 938]], [[224, 939]], [[223, 940]], [[222, 940]], [[222, 941]], [[222, 942]], [[221, 943]], [[221, 944]], [[220, 945]], [[220, 946]], [[220, 947]], [[219, 948]], [[219, 949]], [[219, 950]], [[220, 951]], [[220, 952]], [[220, 953]], [[220, 954]], [[219, 955]], [[218, 956]], [[217, 956]], [[216, 956]], [[215, 956]], [[214, 957]], [[213, 957]], [[212, 958]], [[212, 959]], [[211, 960]], [[210, 961]], [[209, 961]], [[208, 961]], [[207, 961]], [[206, 961]], [[205, 961]], [[204, 962]], [[204, 963]], [[203, 964]], [[202, 965]], [[201, 966]], [[201, 967]], [[200, 968]], [[200, 969]], [[200, 970]], [[200, 971]], [[199, 972]], [[199, 973]], [[198, 974]], [[198, 975]], [[198, 976]], [[198, 977]], [[197, 978]], [[197, 979]], [[196, 980]], [[196, 981]], [[196, 982]], [[196, 983]], [[197, 984]], [[197, 985]], [[197, 986]], [[197, 987]], [[198, 988]], [[198, 989]], [[199, 990]], [[200, 991]], [[200, 992]], [[201, 992]], [[202, 992]], [[203, 993]], [[204, 994]], [[205, 994]], [[206, 995]], [[207, 995]], [[208, 996]], [[209, 997]], [[210, 998]], [[211, 998]], [[212, 999]], [[213, 999]], [[214, 1000]], [[215, 999]], [[216, 999]], [[217, 999]], [[218, 1000]], [[219, 1000]], [[220, 1001]], [[221, 1000]], [[222, 999]], [[223, 999]], [[224, 998]], [[225, 998]], [[226, 999]], [[227, 999]], [[228, 999]], [[229, 1000]], [[230, 1001]], [[231, 1001]], [[232, 1002]], [[233, 1003]], [[234, 1003]], [[235, 1003]], [[236, 1004]], [[237, 1004]], [[238, 1005]], [[239, 1005]], [[240, 1005]], [[241, 1005]], [[242, 1005]], [[243, 1005]], [[244, 1005]], [[245, 1004]], [[246, 1003]], [[246, 1002]], [[247, 1001]], [[248, 1001]], [[249, 1001]], [[250, 1002]], [[250, 1003]], [[251, 1004]], [[252, 1004]], [[253, 1004]], [[254, 1005]], [[255, 1006]], [[256, 1007]], [[257, 1008]], [[258, 1008]], [[259, 1009]], [[260, 1009]], [[261, 1010]], [[262, 1010]], [[263, 1011]], [[264, 1011]], [[265, 1011]], [[266, 1011]], [[267, 1011]], [[268, 1011]], [[269, 1011]], [[270, 1011]], [[271, 1010]], [[272, 1011]], [[273, 1011]], [[274, 1011]], [[275, 1011]], [[276, 1011]], [[277, 1011]], [[278, 1010]], [[279, 1010]], [[280, 1010]], [[281, 1009]], [[282, 1008]], [[282, 1007]], [[282, 1006]], [[283, 1005]], [[283, 1004]], [[283, 1003]], [[283, 1002]], [[283, 1001]], [[283, 1000]], [[283, 999]], [[282, 998]], [[282, 997]], [[282, 996]], [[282, 995]], [[281, 994]], [[281, 993]], [[280, 992]], [[280, 991]], [[280, 990]], [[279, 989]], [[279, 988]], [[278, 987]], [[277, 986]], [[276, 986]], [[275, 986]], [[274, 986]], [[273, 985]], [[273, 984]], [[273, 983]], [[272, 982]], [[272, 981]], [[272, 980]], [[272, 979]], [[272, 978]], [[272, 977]], [[272, 976]], [[272, 975]], [[271, 974]], [[271, 973]], [[271, 972]], [[271, 971]], [[271, 970]], [[270, 969]], [[270, 968]], [[270, 967]], [[269, 966]], [[269, 965]], [[269, 964]], [[268, 963]], [[268, 962]], [[268, 961]], [[268, 960]], [[267, 959]], [[266, 958]], [[265, 958]], [[264, 957]], [[263, 957]], [[262, 957]], [[261, 958]], [[260, 958]], [[259, 958]], [[258, 958]], [[257, 958]], [[256, 959]], [[255, 958]], [[254, 957]], [[253, 956]], [[252, 955]], [[251, 954]], [[250, 954]], [[249, 953]], [[249, 952]], [[248, 951]], [[248, 950]], [[247, 949]], [[246, 948]], [[246, 947]], [[245, 946]], [[245, 945]], [[244, 944]], [[244, 943]], [[243, 942]], [[243, 941]], [[242, 940]], [[242, 939]], [[242, 938]], [[242, 937]], [[242, 936]], [[241, 935]], [[240, 934]], [[240, 933]], [[239, 932]], [[239, 931]], [[238, 930]], [[237, 930]], [[236, 930]], [[235, 930]], [[234, 929]], [[233, 928]], [[232, 928]], [[231, 928]], [[230, 927]], [[229, 928]], [[228, 928]], [[227, 928]], [[226, 928]]]",[[]],[]
32,32,"[[[33, 917]], [[32, 918]], [[31, 918]], [[30, 918]], [[29, 919]], [[28, 920]], [[27, 920]], [[26, 921]], [[26, 922]], [[26, 923]], [[26, 924]], [[25, 925]], [[25, 926]], [[25, 927]], [[25, 928]], [[26, 929]], [[26, 930]], [[26, 931]], [[26, 932]], [[27, 933]], [[27, 934]], [[28, 935]], [[29, 936]], [[30, 937]], [[31, 938]], [[32, 938]], [[33, 939]], [[34, 940]], [[35, 941]], [[36, 941]], [[37, 941]], [[38, 941]], [[39, 941]], [[40, 942]], [[41, 941]], [[42, 941]], [[43, 941]], [[44, 941]], [[45, 941]], [[46, 940]], [[47, 941]], [[48, 941]], [[49, 942]], [[50, 943]], [[51, 943]], [[52, 943]], [[53, 943]], [[54, 943]], [[55, 942]], [[56, 942]], [[57, 942]], [[58, 943]], [[58, 944]], [[57, 945]], [[58, 946]], [[59, 947]], [[59, 948]], [[59, 949]], [[59, 950]], [[60, 951]], [[60, 952]], [[60, 953]], [[60, 954]], [[61, 954]], [[62, 955]], [[63, 956]], [[63, 957]], [[64, 958]], [[64, 959]], [[65, 960]], [[65, 961]], [[66, 962]], [[67, 963]], [[67, 964]], [[68, 964]], [[69, 964]], [[70, 963]], [[71, 964]], [[72, 964]], [[73, 964]], [[74, 965]], [[75, 965]], [[76, 964]], [[77, 964]], [[78, 964]], [[79, 964]], [[80, 963]], [[81, 963]], [[82, 963]], [[83, 962]], [[84, 962]], [[85, 961]], [[86, 961]], [[87, 961]], [[88, 961]], [[89, 961]], [[90, 961]], [[91, 960]], [[92, 960]], [[93, 960]], [[94, 960]], [[95, 960]], [[96, 960]], [[97, 960]], [[98, 960]], [[99, 960]], [[100, 960]], [[101, 960]], [[102, 960]], [[103, 960]], [[104, 960]], [[105, 959]], [[106, 959]], [[107, 959]], [[108, 958]], [[109, 957]], [[110, 956]], [[111, 956]], [[112, 955]], [[113, 955]], [[114, 956]], [[113, 957]], [[112, 958]], [[111, 958]], [[111, 959]], [[110, 960]], [[109, 961]], [[108, 962]], [[107, 962]], [[106, 963]], [[105, 964]], [[104, 965]], [[103, 965]], [[102, 966]], [[101, 966]], [[100, 966]], [[99, 967]], [[98, 967]], [[97, 968]], [[96, 968]], [[95, 969]], [[94, 970]], [[93, 971]], [[92, 970]], [[91, 969]], [[90, 970]], [[89, 970]], [[88, 970]], [[87, 971]], [[86, 971]], [[85, 971]], [[84, 972]], [[83, 973]], [[82, 974]], [[82, 975]], [[81, 976]], [[81, 977]], [[81, 978]], [[81, 979]], [[81, 980]], [[81, 981]], [[81, 982]], [[81, 983]], [[81, 984]], [[82, 985]], [[81, 986]], [[82, 987]], [[82, 988]], [[83, 989]], [[83, 990]], [[83, 991]], [[83, 992]], [[84, 993]], [[84, 994]], [[85, 995]], [[85, 996]], [[86, 997]], [[86, 998]], [[86, 999]], [[86, 1000]], [[86, 1001]], [[86, 1002]], [[86, 1003]], [[87, 1004]], [[87, 1005]], [[87, 1006]], [[88, 1007]], [[89, 1007]], [[90, 1007]], [[91, 1008]], [[92, 1008]], [[93, 1008]], [[94, 1009]], [[95, 1009]], [[96, 1008]], [[97, 1008]], [[98, 1008]], [[99, 1008]], [[100, 1008]], [[101, 1009]], [[102, 1008]], [[103, 1008]], [[104, 1008]], [[105, 1008]], [[106, 1008]], [[107, 1008]], [[108, 1008]], [[109, 1007]], [[110, 1007]], [[111, 1006]], [[112, 1006]], [[113, 1005]], [[114, 1005]], [[115, 1005]], [[116, 1005]], [[117, 1004]], [[118, 1004]], [[119, 1005]], [[120, 1005]], [[121, 1005]], [[122, 1006]], [[123, 1007]], [[124, 1008]], [[124, 1009]], [[125, 1009]], [[126, 1009]], [[127, 1009]], [[128, 1009]], [[129, 1009]], [[130, 1009]], [[131, 1009]], [[132, 1008]], [[133, 1007]], [[134, 1006]], [[135, 1006]], [[135, 1005]], [[136, 1004]], [[137, 1004]], [[138, 1003]], [[139, 1002]], [[140, 1001]], [[141, 1000]], [[142, 1000]], [[142, 999]], [[142, 998]], [[142, 997]], [[142, 996]], [[142, 995]], [[142, 994]], [[142, 993]], [[142, 992]], [[141, 991]], [[140, 990]], [[140, 989]], [[140, 988]], [[140, 987]], [[140, 986]], [[140, 985]], [[139, 984]], [[139, 983]], [[140, 982]], [[140, 981]], [[140, 980]], [[141, 979]], [[141, 978]], [[141, 977]], [[140, 976]], [[140, 975]], [[140, 974]], [[140, 973]], [[139, 972]], [[139, 971]], [[138, 970]], [[137, 970]], [[136, 969]], [[136, 968]], [[135, 968]], [[134, 967]], [[133, 966]], [[132, 965]], [[131, 965]], [[130, 965]], [[129, 964]], [[128, 963]], [[127, 962]], [[126, 961]], [[126, 960]], [[125, 960]], [[124, 959]], [[124, 958]], [[123, 958]], [[122, 957]], [[121, 956]], [[120, 955]], [[119, 956]], [[118, 956]], [[117, 956]], [[116, 956]], [[115, 956]], [[114, 956]], [[113, 955]], [[114, 954]], [[115, 953]], [[116, 953]], [[117, 953]], [[118, 953]], [[119, 952]], [[120, 951]], [[120, 950]], [[121, 949]], [[122, 948]], [[122, 947]], [[122, 946]], [[121, 945]], [[122, 944]], [[122, 943]], [[122, 942]], [[121, 941]], [[121, 940]], [[120, 939]], [[120, 938]], [[119, 937]], [[119, 936]], [[118, 935]], [[117, 934]], [[116, 934]], [[115, 934]], [[114, 933]], [[113, 933]], [[112, 934]], [[111, 934]], [[110, 934]], [[109, 935]], [[108, 935]], [[107, 934]], [[106, 934]], [[105, 934]], [[104, 934]], [[103, 935]], [[102, 936]], [[101, 936]], [[100, 936]], [[99, 936]], [[98, 936]], [[97, 937]], [[96, 937]], [[95, 937]], [[94, 937]], [[93, 938]], [[92, 938]], [[91, 939]], [[90, 939]], [[89, 940]], [[88, 940]], [[87, 940]], [[86, 940]], [[85, 940]], [[84, 940]], [[83, 940]], [[82, 940]], [[81, 939]], [[80, 938]], [[79, 938]], [[78, 939]], [[77, 939]], [[76, 939]], [[75, 939]], [[74, 939]], [[73, 940]], [[72, 940]], [[71, 940]], [[70, 940]], [[69, 940]], [[68, 940]], [[67, 940]], [[66, 940]], [[65, 940]], [[64, 940]], [[63, 940]], [[62, 940]], [[61, 939]], [[61, 938]], [[61, 937]], [[60, 936]], [[60, 935]], [[60, 934]], [[60, 933]], [[60, 932]], [[60, 931]], [[59, 931]], [[58, 931]], [[57, 931]], [[56, 931]], [[55, 931]], [[54, 930]], [[53, 929]], [[53, 928]], [[52, 927]], [[51, 927]], [[50, 927]], [[49, 926]], [[48, 925]], [[48, 924]], [[47, 923]], [[46, 922]], [[45, 921]], [[45, 920]], [[44, 919]], [[43, 918]], [[43, 917]], [[42, 917]], [[41, 917]], [[40, 917]], [[39, 917]], [[38, 917]], [[37, 918]], [[36, 918]], [[35, 917]], [[34, 917]]]","[[], [[[144, 998], [144, 999], [144, 1000], [143, 1001], [143, 1002], [142, 1003], [142, 1004], [143, 1005], [143, 1006], [143, 1007], [142, 1008], [141, 1008], [140, 1008], [139, 1009], [139, 1010], [140, 1010], [141, 1009], [142, 1008], [143, 1008], [143, 1007], [144, 1006], [145, 1005], [145, 1004], [144, 1003], [144, 1002], [145, 1001], [145, 1000], [146, 999], [145, 998]]]]","[[], 26]"
33,33,"[[[285, 904]], [[284, 905]], [[283, 905]], [[282, 905]], [[281, 906]], [[280, 906]], [[279, 906]], [[278, 907]], [[277, 908]], [[276, 908]], [[275, 909]], [[274, 910]], [[273, 910]], [[272, 911]], [[271, 912]], [[270, 912]], [[269, 911]], [[268, 910]], [[267, 909]], [[267, 910]], [[267, 911]], [[266, 912]], [[266, 913]], [[266, 914]], [[266, 915]], [[266, 916]], [[266, 917]], [[266, 918]], [[266, 919]], [[266, 920]], [[267, 921]], [[267, 922]], [[268, 923]], [[268, 924]], [[268, 925]], [[267, 926]], [[266, 926]], [[265, 926]], [[264, 926]], [[263, 927]], [[262, 927]], [[261, 928]], [[261, 929]], [[260, 930]], [[260, 931]], [[259, 932]], [[259, 933]], [[259, 934]], [[258, 935]], [[257, 936]], [[256, 937]], [[256, 938]], [[257, 939]], [[257, 940]], [[258, 941]], [[259, 941]], [[260, 942]], [[261, 942]], [[262, 942]], [[263, 942]], [[264, 942]], [[265, 941]], [[266, 941]], [[267, 940]], [[268, 939]], [[268, 938]], [[269, 937]], [[270, 936]], [[271, 935]], [[272, 934]], [[273, 935]], [[274, 935]], [[275, 935]], [[276, 934]], [[277, 934]], [[278, 934]], [[279, 935]], [[280, 935]], [[281, 935]], [[282, 935]], [[283, 935]], [[284, 935]], [[285, 935]], [[286, 936]], [[286, 937]], [[287, 938]], [[287, 939]], [[288, 940]], [[289, 941]], [[290, 941]], [[291, 942]], [[291, 943]], [[291, 944]], [[291, 945]], [[291, 946]], [[290, 947]], [[290, 948]], [[290, 949]], [[290, 950]], [[290, 951]], [[291, 952]], [[292, 953]], [[291, 954]], [[290, 955]], [[289, 956]], [[288, 956]], [[288, 957]], [[287, 958]], [[287, 959]], [[288, 960]], [[288, 961]], [[289, 961]], [[290, 962]], [[291, 962]], [[292, 963]], [[293, 963]], [[294, 964]], [[295, 964]], [[296, 963]], [[297, 962]], [[297, 961]], [[297, 960]], [[297, 959]], [[297, 958]], [[296, 957]], [[295, 956]], [[295, 955]], [[296, 954]], [[297, 954]], [[298, 954]], [[299, 954]], [[300, 954]], [[301, 954]], [[302, 954]], [[303, 954]], [[304, 953]], [[305, 952]], [[306, 952]], [[306, 951]], [[307, 950]], [[307, 949]], [[307, 948]], [[307, 947]], [[307, 946]], [[307, 945]], [[307, 944]], [[307, 943]], [[307, 942]], [[306, 941]], [[306, 940]], [[306, 939]], [[305, 938]], [[305, 937]], [[305, 936]], [[305, 935]], [[306, 934]], [[306, 933]], [[307, 932]], [[307, 931]], [[308, 930]], [[308, 929]], [[309, 928]], [[309, 927]], [[308, 926]], [[308, 925]], [[308, 924]], [[308, 923]], [[308, 922]], [[308, 921]], [[307, 921]], [[306, 920]], [[306, 919]], [[306, 918]], [[305, 917]], [[305, 916]], [[304, 915]], [[304, 914]], [[303, 913]], [[302, 912]], [[301, 911]], [[301, 910]], [[300, 909]], [[300, 908]], [[299, 907]], [[299, 906]], [[298, 906]], [[297, 907]], [[296, 908]], [[295, 908]], [[294, 907]], [[293, 906]], [[292, 906]], [[291, 905]], [[290, 905]], [[289, 904]], [[288, 904]], [[287, 904]], [[286, 904]]]","[[], [[[257, 930], [256, 931], [255, 931], [254, 931], [253, 931], [252, 931], [251, 931], [250, 931], [251, 932], [250, 933], [249, 933], [248, 934], [247, 935], [247, 936], [247, 937], [248, 937], [249, 938], [249, 939], [250, 938], [249, 937], [249, 936], [250, 935], [251, 935], [252, 936], [252, 937], [252, 938], [253, 937], [254, 936], [255, 936], [255, 935], [256, 934], [256, 933], [256, 932], [257, 931]]], [[[272, 935], [271, 936], [271, 937], [272, 937], [273, 936], [274, 936], [275, 936], [276, 936], [277, 936], [278, 936], [279, 936], [280, 937], [281, 937], [282, 937], [283, 937], [284, 937], [284, 936], [283, 936], [282, 936], [281, 936], [280, 936], [279, 936], [278, 935], [277, 935], [276, 935], [275, 936], [274, 936], [273, 936]]], [[[290, 963], [290, 964], [291, 965], [291, 966], [291, 967], [292, 968], [292, 969], [292, 970], [292, 971], [293, 972], [294, 973], [294, 974], [293, 975], [292, 976], [292, 977], [293, 976], [294, 976], [295, 976], [296, 976], [296, 975], [296, 974], [295, 974], [294, 973], [293, 972], [294, 971], [294, 970], [294, 969], [294, 968], [295, 967], [296, 966], [296, 965], [296, 964], [295, 965], [294, 965], [293, 965], [292, 965], [291, 964], [291, 963]]]]","[[], 27, 28, 29]"
34,34,"[[[546, 900]], [[546, 901]], [[546, 902]], [[545, 903]], [[545, 904]], [[544, 905]], [[544, 906]], [[544, 907]], [[544, 908]], [[545, 908]], [[546, 909]], [[547, 909]], [[548, 910]], [[549, 911]], [[550, 912]], [[551, 913]], [[551, 914]], [[552, 914]], [[553, 914]], [[554, 914]], [[555, 913]], [[556, 914]], [[557, 915]], [[556, 916]], [[557, 916]], [[557, 915]], [[558, 914]], [[559, 914]], [[560, 915]], [[561, 915]], [[562, 915]], [[563, 916]], [[564, 915]], [[565, 915]], [[566, 914]], [[566, 913]], [[567, 912]], [[568, 911]], [[568, 910]], [[569, 909]], [[569, 908]], [[569, 907]], [[569, 906]], [[569, 905]], [[568, 904]], [[567, 904]], [[566, 904]], [[565, 903]], [[564, 902]], [[563, 902]], [[562, 901]], [[561, 901]], [[560, 901]], [[559, 901]], [[558, 900]], [[557, 900]], [[556, 900]], [[555, 901]], [[554, 902]], [[553, 901]], [[552, 901]], [[551, 901]], [[550, 900]], [[549, 900]], [[548, 900]], [[547, 900]]]","[[], [[[578, 904], [577, 905], [577, 906], [577, 907], [577, 908], [576, 909], [575, 909], [574, 908], [573, 907], [572, 908], [571, 908], [570, 909], [569, 910], [569, 911], [568, 912], [567, 913], [567, 914], [567, 915], [566, 916], [565, 917], [564, 918], [563, 919], [562, 919], [561, 919], [560, 919], [560, 920], [561, 920], [562, 921], [563, 921], [564, 920], [565, 919], [566, 918], [567, 917], [568, 917], [568, 916], [569, 915], [570, 914], [571, 913], [572, 913], [573, 913], [574, 913], [575, 913], [576, 913], [577, 912], [578, 912], [578, 911], [578, 910], [578, 909], [579, 908], [579, 907], [579, 906], [579, 905]]]]","[[], 30]"
35,35,"[[[482, 887]], [[481, 888]], [[480, 888]], [[479, 888]], [[478, 888]], [[477, 888]], [[476, 888]], [[475, 888]], [[474, 889]], [[473, 889]], [[472, 890]], [[471, 891]], [[470, 891]], [[469, 891]], [[468, 892]], [[467, 892]], [[466, 893]], [[465, 893]], [[464, 894]], [[463, 894]], [[462, 895]], [[461, 895]], [[460, 896]], [[459, 896]], [[458, 897]], [[457, 898]], [[457, 899]], [[456, 900]], [[455, 900]], [[454, 901]], [[454, 902]], [[454, 903]], [[454, 904]], [[454, 905]], [[454, 906]], [[454, 907]], [[454, 908]], [[454, 909]], [[454, 910]], [[454, 911]], [[454, 912]], [[455, 913]], [[455, 914]], [[456, 915]], [[456, 916]], [[457, 917]], [[457, 918]], [[457, 919]], [[458, 920]], [[459, 919]], [[460, 919]], [[461, 919]], [[462, 919]], [[463, 919]], [[464, 919]], [[465, 919]], [[466, 919]], [[467, 919]], [[468, 919]], [[469, 919]], [[470, 919]], [[471, 918]], [[472, 917]], [[473, 916]], [[474, 916]], [[475, 915]], [[476, 916]], [[477, 915]], [[478, 915]], [[479, 915]], [[480, 914]], [[481, 914]], [[482, 913]], [[483, 913]], [[484, 913]], [[485, 913]], [[486, 913]], [[487, 913]], [[488, 912]], [[489, 911]], [[489, 910]], [[490, 909]], [[491, 908]], [[492, 907]], [[493, 906]], [[493, 905]], [[494, 904]], [[495, 903]], [[495, 902]], [[495, 901]], [[496, 900]], [[496, 899]], [[496, 898]], [[497, 897]], [[496, 896]], [[497, 895]], [[497, 894]], [[497, 893]], [[497, 892]], [[496, 891]], [[496, 890]], [[495, 890]], [[494, 890]], [[493, 890]], [[492, 889]], [[491, 888]], [[490, 888]], [[489, 888]], [[488, 888]], [[487, 888]], [[486, 888]], [[485, 888]], [[484, 887]], [[483, 887]]]","[[], [[[482, 914], [481, 915], [480, 915], [479, 916], [478, 916], [477, 916], [476, 917], [475, 916], [474, 917], [473, 917], [472, 918], [471, 919], [471, 920], [470, 921], [470, 922], [471, 923], [471, 924], [471, 925], [470, 926], [470, 927], [471, 927], [472, 927], [473, 926], [474, 926], [474, 925], [474, 924], [473, 925], [472, 924], [471, 923], [471, 922], [472, 921], [473, 920], [474, 921], [475, 921], [475, 920], [475, 919], [476, 918], [477, 917], [478, 917], [479, 917], [480, 917], [481, 917], [482, 917], [482, 916], [483, 915], [484, 915], [485, 915], [486, 915], [486, 914], [485, 914], [484, 914], [483, 914]]]]","[[], 31]"
36,36,"[[[58, 876]], [[57, 877]], [[56, 878]], [[56, 879]], [[55, 880]], [[55, 881]], [[54, 882]], [[54, 883]], [[54, 884]], [[53, 885]], [[54, 886]], [[53, 887]], [[53, 888]], [[53, 889]], [[53, 890]], [[52, 891]], [[52, 892]], [[51, 893]], [[51, 894]], [[51, 895]], [[51, 896]], [[51, 897]], [[51, 898]], [[50, 899]], [[49, 900]], [[49, 901]], [[48, 902]], [[47, 903]], [[46, 903]], [[45, 904]], [[44, 905]], [[44, 906]], [[43, 907]], [[43, 908]], [[43, 909]], [[44, 909]], [[45, 909]], [[46, 909]], [[47, 910]], [[47, 911]], [[48, 911]], [[49, 911]], [[50, 910]], [[51, 911]], [[52, 912]], [[53, 912]], [[54, 913]], [[55, 914]], [[56, 914]], [[57, 915]], [[58, 915]], [[59, 916]], [[60, 915]], [[61, 915]], [[62, 914]], [[63, 914]], [[64, 914]], [[64, 913]], [[65, 912]], [[65, 911]], [[65, 910]], [[65, 909]], [[65, 908]], [[65, 907]], [[65, 906]], [[65, 905]], [[65, 904]], [[65, 903]], [[65, 902]], [[65, 901]], [[66, 900]], [[65, 899]], [[65, 898]], [[65, 897]], [[66, 896]], [[67, 895]], [[67, 894]], [[67, 893]], [[67, 892]], [[67, 891]], [[67, 890]], [[67, 889]], [[67, 888]], [[67, 887]], [[66, 886]], [[66, 885]], [[66, 884]], [[65, 883]], [[65, 882]], [[64, 881]], [[63, 880]], [[62, 879]], [[62, 878]], [[61, 878]], [[60, 877]], [[59, 876]]]",[[]],[]
37,37,"[[[188, 868]], [[187, 869]], [[187, 870]], [[186, 871]], [[186, 872]], [[185, 873]], [[184, 874]], [[183, 875]], [[182, 874]], [[182, 873]], [[182, 874]], [[181, 875]], [[180, 876]], [[179, 875]], [[178, 875]], [[177, 876]], [[177, 877]], [[176, 878]], [[175, 878]], [[174, 879]], [[173, 880]], [[172, 881]], [[173, 882]], [[173, 883]], [[173, 884]], [[173, 885]], [[174, 886]], [[174, 887]], [[174, 888]], [[175, 889]], [[175, 890]], [[175, 891]], [[176, 892]], [[176, 893]], [[176, 894]], [[177, 895]], [[176, 896]], [[177, 897]], [[177, 898]], [[177, 899]], [[178, 900]], [[179, 900]], [[180, 900]], [[181, 900]], [[182, 900]], [[183, 899]], [[184, 899]], [[185, 899]], [[186, 899]], [[187, 900]], [[188, 900]], [[189, 900]], [[190, 900]], [[191, 900]], [[192, 900]], [[193, 900]], [[194, 899]], [[195, 899]], [[196, 898]], [[197, 897]], [[197, 896]], [[198, 895]], [[199, 894]], [[200, 894]], [[201, 894]], [[202, 893]], [[203, 893]], [[204, 893]], [[205, 893]], [[206, 893]], [[207, 893]], [[208, 894]], [[209, 894]], [[210, 894]], [[211, 894]], [[212, 893]], [[212, 892]], [[213, 891]], [[214, 891]], [[215, 891]], [[216, 891]], [[217, 890]], [[218, 890]], [[219, 890]], [[219, 889]], [[220, 888]], [[220, 887]], [[221, 886]], [[222, 885]], [[222, 884]], [[223, 883]], [[223, 882]], [[223, 881]], [[223, 880]], [[223, 879]], [[223, 878]], [[223, 877]], [[223, 876]], [[223, 875]], [[222, 874]], [[222, 873]], [[221, 872]], [[220, 871]], [[219, 871]], [[218, 871]], [[217, 871]], [[216, 872]], [[216, 873]], [[215, 874]], [[214, 874]], [[213, 875]], [[212, 875]], [[211, 875]], [[210, 875]], [[209, 876]], [[209, 877]], [[209, 878]], [[209, 879]], [[208, 880]], [[208, 881]], [[208, 882]], [[207, 883]], [[206, 882]], [[205, 881]], [[204, 880]], [[204, 879]], [[203, 878]], [[203, 877]], [[202, 877]], [[201, 876]], [[200, 876]], [[199, 876]], [[198, 875]], [[197, 874]], [[196, 873]], [[195, 872]], [[194, 871]], [[193, 870]], [[192, 869]], [[191, 869]], [[190, 868]], [[189, 868]]]",[[]],[]
38,38,"[[[384, 862]], [[383, 863]], [[382, 864]], [[381, 864]], [[380, 864]], [[379, 865]], [[379, 866]], [[379, 867]], [[379, 868]], [[379, 869]], [[379, 870]], [[379, 871]], [[380, 872]], [[380, 873]], [[380, 874]], [[380, 875]], [[380, 876]], [[380, 877]], [[380, 878]], [[380, 879]], [[379, 880]], [[379, 881]], [[378, 882]], [[377, 882]], [[376, 881]], [[375, 881]], [[375, 882]], [[375, 883]], [[374, 884]], [[374, 885]], [[373, 886]], [[372, 886]], [[371, 886]], [[370, 885]], [[369, 885]], [[368, 884]], [[368, 883]], [[367, 882]], [[366, 881]], [[366, 880]], [[365, 880]], [[364, 880]], [[363, 880]], [[362, 880]], [[361, 879]], [[360, 878]], [[359, 877]], [[358, 876]], [[357, 876]], [[356, 875]], [[355, 875]], [[354, 874]], [[353, 873]], [[353, 874]], [[354, 875]], [[354, 876]], [[353, 877]], [[352, 877]], [[351, 877]], [[350, 877]], [[349, 878]], [[348, 878]], [[347, 879]], [[346, 880]], [[345, 880]], [[344, 881]], [[343, 882]], [[342, 883]], [[342, 884]], [[342, 885]], [[342, 886]], [[342, 887]], [[341, 888]], [[340, 889]], [[339, 889]], [[338, 890]], [[337, 891]], [[337, 892]], [[337, 893]], [[337, 894]], [[336, 895]], [[336, 896]], [[336, 897]], [[336, 898]], [[336, 899]], [[336, 900]], [[336, 901]], [[336, 902]], [[336, 903]], [[337, 904]], [[337, 905]], [[337, 906]], [[337, 907]], [[338, 908]], [[339, 909]], [[339, 910]], [[339, 911]], [[340, 912]], [[340, 913]], [[340, 914]], [[340, 915]], [[341, 916]], [[341, 917]], [[342, 918]], [[343, 919]], [[343, 920]], [[344, 921]], [[344, 922]], [[344, 923]], [[345, 924]], [[346, 925]], [[347, 926]], [[348, 927]], [[348, 928]], [[349, 929]], [[349, 930]], [[350, 931]], [[350, 932]], [[351, 933]], [[352, 934]], [[353, 935]], [[354, 936]], [[355, 936]], [[356, 937]], [[356, 938]], [[357, 939]], [[358, 940]], [[359, 940]], [[360, 940]], [[361, 940]], [[362, 941]], [[363, 942]], [[364, 943]], [[365, 943]], [[366, 944]], [[367, 944]], [[368, 944]], [[369, 944]], [[370, 943]], [[371, 943]], [[372, 943]], [[373, 942]], [[374, 942]], [[375, 942]], [[376, 941]], [[377, 941]], [[378, 941]], [[379, 941]], [[380, 940]], [[381, 941]], [[382, 940]], [[382, 939]], [[382, 938]], [[383, 937]], [[384, 936]], [[385, 936]], [[386, 936]], [[387, 936]], [[388, 936]], [[389, 936]], [[390, 935]], [[391, 935]], [[392, 935]], [[393, 935]], [[394, 935]], [[395, 935]], [[396, 935]], [[397, 935]], [[398, 934]], [[399, 933]], [[400, 932]], [[400, 931]], [[401, 930]], [[402, 929]], [[403, 928]], [[404, 927]], [[405, 926]], [[406, 926]], [[407, 925]], [[408, 925]], [[409, 925]], [[410, 925]], [[411, 924]], [[412, 924]], [[413, 923]], [[414, 923]], [[415, 922]], [[415, 921]], [[416, 920]], [[416, 919]], [[416, 918]], [[417, 917]], [[417, 916]], [[417, 915]], [[417, 914]], [[418, 913]], [[418, 912]], [[418, 911]], [[418, 910]], [[418, 909]], [[418, 908]], [[418, 907]], [[418, 906]], [[418, 905]], [[417, 904]], [[417, 903]], [[417, 902]], [[416, 901]], [[416, 900]], [[415, 899]], [[415, 898]], [[415, 897]], [[414, 896]], [[414, 895]], [[414, 894]], [[414, 893]], [[414, 892]], [[414, 891]], [[413, 890]], [[413, 889]], [[413, 888]], [[413, 887]], [[412, 886]], [[411, 885]], [[410, 884]], [[410, 883]], [[410, 882]], [[409, 881]], [[409, 880]], [[408, 879]], [[408, 878]], [[407, 877]], [[407, 876]], [[406, 875]], [[405, 875]], [[404, 874]], [[403, 874]], [[402, 874]], [[401, 874]], [[400, 874]], [[399, 874]], [[398, 874]], [[397, 875]], [[396, 874]], [[396, 873]], [[396, 872]], [[396, 871]], [[395, 870]], [[395, 869]], [[395, 868]], [[395, 867]], [[394, 866]], [[394, 865]], [[393, 864]], [[392, 864]], [[391, 864]], [[390, 864]], [[389, 863]], [[388, 862]], [[387, 862]], [[386, 862]], [[385, 862]]]","[[], [[[352, 871], [351, 872], [351, 873], [351, 874], [350, 875], [349, 876], [348, 876], [347, 876], [346, 876], [345, 876], [345, 877], [344, 878], [343, 878], [342, 879], [341, 880], [340, 881], [340, 882], [339, 883], [339, 884], [339, 885], [339, 886], [339, 887], [340, 887], [340, 886], [340, 885], [340, 884], [340, 883], [340, 882], [341, 881], [342, 880], [343, 880], [344, 880], [345, 879], [346, 879], [347, 878], [348, 877], [349, 877], [350, 876], [351, 876], [352, 876], [353, 876], [353, 875], [352, 874], [352, 873], [352, 872], [353, 871]]]]","[[], 32]"
39,39,"[[[518, 858]], [[517, 859]], [[516, 860]], [[515, 861]], [[514, 862]], [[513, 862]], [[513, 863]], [[512, 864]], [[511, 864]], [[510, 864]], [[509, 865]], [[509, 866]], [[508, 867]], [[508, 868]], [[507, 869]], [[507, 870]], [[506, 871]], [[506, 872]], [[506, 873]], [[505, 874]], [[505, 875]], [[504, 876]], [[503, 877]], [[503, 878]], [[502, 879]], [[503, 880]], [[503, 881]], [[503, 882]], [[503, 883]], [[504, 884]], [[505, 885]], [[506, 886]], [[507, 887]], [[507, 888]], [[508, 889]], [[509, 890]], [[510, 891]], [[511, 892]], [[511, 893]], [[512, 894]], [[513, 894]], [[514, 895]], [[515, 896]], [[516, 896]], [[517, 897]], [[518, 898]], [[519, 898]], [[520, 899]], [[521, 899]], [[522, 900]], [[523, 901]], [[524, 901]], [[525, 901]], [[526, 900]], [[527, 899]], [[527, 898]], [[527, 897]], [[528, 896]], [[528, 895]], [[529, 894]], [[530, 893]], [[530, 892]], [[531, 891]], [[531, 890]], [[531, 889]], [[531, 888]], [[531, 887]], [[532, 886]], [[533, 885]], [[534, 884]], [[535, 883]], [[536, 882]], [[537, 881]], [[537, 880]], [[537, 879]], [[538, 878]], [[538, 877]], [[538, 876]], [[537, 875]], [[536, 874]], [[535, 873]], [[535, 872]], [[534, 871]], [[533, 870]], [[532, 869]], [[531, 868]], [[530, 867]], [[529, 867]], [[528, 866]], [[527, 865]], [[526, 864]], [[526, 863]], [[525, 862]], [[524, 861]], [[524, 860]], [[523, 860]], [[522, 859]], [[521, 858]], [[520, 858]], [[519, 858]]]",[[]],[]
40,40,"[[[107, 835]], [[106, 836]], [[105, 837]], [[104, 838]], [[104, 839]], [[104, 840]], [[104, 841]], [[103, 842]], [[102, 842]], [[102, 843]], [[102, 844]], [[102, 845]], [[102, 846]], [[102, 847]], [[103, 848]], [[103, 849]], [[103, 850]], [[103, 851]], [[104, 851]], [[105, 851]], [[106, 851]], [[107, 851]], [[108, 850]], [[108, 849]], [[109, 848]], [[110, 848]], [[111, 849]], [[112, 849]], [[112, 848]], [[112, 847]], [[113, 846]], [[113, 845]], [[112, 844]], [[112, 843]], [[112, 842]], [[112, 841]], [[112, 840]], [[112, 839]], [[111, 838]], [[110, 837]], [[109, 837]], [[108, 836]]]",[[]],[]
41,41,"[[[692, 832]], [[691, 833]], [[690, 833]], [[689, 833]], [[688, 833]], [[687, 833]], [[686, 833]], [[685, 833]], [[684, 834]], [[683, 835]], [[682, 836]], [[681, 836]], [[680, 836]], [[679, 836]], [[678, 836]], [[677, 837]], [[676, 837]], [[675, 837]], [[674, 837]], [[673, 837]], [[672, 838]], [[671, 839]], [[671, 840]], [[671, 841]], [[671, 842]], [[671, 843]], [[671, 844]], [[670, 845]], [[670, 846]], [[670, 847]], [[670, 848]], [[670, 849]], [[670, 850]], [[671, 851]], [[671, 852]], [[671, 853]], [[671, 854]], [[672, 855]], [[672, 856]], [[672, 857]], [[673, 858]], [[673, 859]], [[674, 860]], [[675, 861]], [[676, 862]], [[677, 863]], [[678, 863]], [[679, 863]], [[680, 863]], [[681, 863]], [[682, 863]], [[683, 863]], [[684, 862]], [[685, 862]], [[686, 862]], [[687, 861]], [[688, 861]], [[689, 861]], [[690, 861]], [[691, 861]], [[692, 861]], [[693, 860]], [[694, 860]], [[695, 861]], [[695, 862]], [[695, 863]], [[695, 864]], [[695, 865]], [[695, 866]], [[696, 867]], [[696, 868]], [[696, 869]], [[697, 870]], [[697, 871]], [[698, 872]], [[698, 873]], [[699, 872]], [[700, 873]], [[700, 874]], [[700, 875]], [[700, 876]], [[700, 877]], [[700, 878]], [[700, 879]], [[699, 880]], [[699, 881]], [[699, 882]], [[699, 883]], [[699, 884]], [[699, 885]], [[699, 886]], [[699, 887]], [[699, 888]], [[698, 889]], [[698, 890]], [[698, 891]], [[698, 892]], [[698, 893]], [[697, 894]], [[697, 895]], [[697, 896]], [[697, 897]], [[697, 898]], [[697, 899]], [[697, 900]], [[697, 901]], [[697, 902]], [[698, 902]], [[699, 903]], [[700, 904]], [[701, 905]], [[702, 906]], [[703, 907]], [[704, 907]], [[705, 908]], [[705, 909]], [[705, 910]], [[705, 911]], [[706, 912]], [[707, 912]], [[708, 913]], [[709, 914]], [[710, 915]], [[711, 916]], [[711, 917]], [[712, 918]], [[712, 919]], [[713, 919]], [[714, 919]], [[715, 919]], [[716, 919]], [[717, 920]], [[718, 921]], [[719, 921]], [[720, 921]], [[721, 921]], [[722, 921]], [[723, 922]], [[723, 923]], [[723, 924]], [[723, 925]], [[724, 926]], [[724, 927]], [[724, 928]], [[724, 929]], [[724, 930]], [[725, 930]], [[726, 929]], [[727, 930]], [[727, 931]], [[728, 932]], [[728, 933]], [[729, 933]], [[730, 933]], [[731, 934]], [[732, 933]], [[733, 933]], [[733, 932]], [[734, 931]], [[735, 932]], [[735, 933]], [[736, 933]], [[737, 932]], [[738, 932]], [[739, 933]], [[739, 934]], [[739, 935]], [[739, 936]], [[738, 937]], [[737, 937]], [[736, 938]], [[735, 939]], [[736, 940]], [[736, 941]], [[736, 942]], [[737, 943]], [[738, 944]], [[739, 945]], [[740, 945]], [[741, 946]], [[741, 947]], [[742, 948]], [[742, 949]], [[741, 950]], [[740, 949]], [[739, 948]], [[738, 947]], [[737, 947]], [[736, 946]], [[735, 945]], [[734, 944]], [[733, 943]], [[732, 942]], [[731, 941]], [[730, 940]], [[729, 939]], [[728, 938]], [[727, 937]], [[726, 936]], [[725, 936]], [[724, 936]], [[723, 936]], [[722, 936]], [[721, 935]], [[721, 934]], [[720, 934]], [[719, 934]], [[718, 934]], [[717, 934]], [[716, 934]], [[716, 935]], [[716, 936]], [[716, 937]], [[716, 938]], [[715, 939]], [[715, 940]], [[716, 941]], [[716, 942]], [[717, 943]], [[717, 944]], [[717, 945]], [[718, 946]], [[718, 947]], [[719, 947]], [[720, 947]], [[721, 948]], [[721, 949]], [[721, 950]], [[720, 951]], [[719, 952]], [[718, 953]], [[718, 954]], [[717, 955]], [[716, 956]], [[715, 956]], [[715, 957]], [[715, 958]], [[715, 959]], [[716, 960]], [[716, 961]], [[716, 962]], [[717, 963]], [[717, 964]], [[718, 965]], [[717, 966]], [[717, 967]], [[717, 968]], [[716, 969]], [[715, 969]], [[714, 969]], [[713, 970]], [[713, 971]], [[713, 972]], [[712, 973]], [[711, 974]], [[711, 975]], [[711, 976]], [[711, 977]], [[711, 978]], [[712, 979]], [[712, 980]], [[712, 981]], [[712, 982]], [[713, 983]], [[713, 984]], [[714, 984]], [[715, 985]], [[716, 986]], [[716, 987]], [[716, 988]], [[716, 989]], [[717, 990]], [[718, 990]], [[719, 991]], [[719, 992]], [[720, 993]], [[719, 994]], [[718, 995]], [[717, 995]], [[716, 995]], [[715, 995]], [[714, 995]], [[714, 996]], [[714, 997]], [[713, 998]], [[713, 999]], [[713, 1000]], [[714, 1001]], [[714, 1002]], [[714, 1003]], [[715, 1004]], [[715, 1005]], [[716, 1006]], [[717, 1006]], [[718, 1006]], [[719, 1006]], [[720, 1007]], [[721, 1008]], [[722, 1008]], [[723, 1009]], [[724, 1009]], [[725, 1009]], [[726, 1010]], [[727, 1010]], [[728, 1011]], [[729, 1012]], [[730, 1012]], [[731, 1013]], [[732, 1014]], [[733, 1014]], [[734, 1013]], [[735, 1012]], [[736, 1011]], [[736, 1010]], [[736, 1009]], [[737, 1008]], [[738, 1007]], [[738, 1006]], [[738, 1005]], [[738, 1004]], [[738, 1003]], [[737, 1002]], [[736, 1002]], [[735, 1002]], [[734, 1002]], [[733, 1001]], [[732, 1000]], [[733, 999]], [[734, 999]], [[735, 999]], [[736, 1000]], [[737, 999]], [[738, 998]], [[739, 998]], [[740, 997]], [[741, 997]], [[742, 997]], [[743, 997]], [[744, 996]], [[745, 996]], [[746, 995]], [[747, 995]], [[747, 994]], [[748, 993]], [[749, 992]], [[750, 992]], [[751, 992]], [[752, 991]], [[753, 990]], [[754, 989]], [[755, 989]], [[756, 989]], [[757, 989]], [[758, 988]], [[759, 987]], [[760, 986]], [[760, 985]], [[761, 984]], [[762, 984]], [[762, 983]], [[762, 982]], [[763, 981]], [[764, 980]], [[765, 979]], [[766, 979]], [[767, 979]], [[768, 979]], [[769, 979]], [[770, 980]], [[770, 979]], [[771, 978]], [[772, 979]], [[773, 980]], [[774, 980]], [[775, 981]], [[776, 981]], [[777, 981]], [[778, 981]], [[779, 981]], [[780, 980]], [[781, 980]], [[782, 979]], [[783, 979]], [[783, 978]], [[784, 977]], [[784, 976]], [[784, 975]], [[785, 974]], [[786, 973]], [[787, 973]], [[788, 974]], [[789, 975]], [[790, 976]], [[791, 976]], [[792, 977]], [[793, 977]], [[794, 977]], [[795, 978]], [[796, 978]], [[797, 979]], [[798, 979]], [[799, 980]], [[800, 980]], [[801, 980]], [[802, 980]], [[803, 980]], [[804, 980]], [[805, 980]], [[806, 980]], [[807, 979]], [[808, 979]], [[809, 979]], [[810, 978]], [[811, 977]], [[812, 976]], [[812, 975]], [[812, 974]], [[812, 973]], [[812, 972]], [[811, 971]], [[810, 971]], [[809, 970]], [[809, 969]], [[808, 969]], [[807, 969]], [[806, 968]], [[806, 967]], [[806, 966]], [[806, 965]], [[805, 964]], [[805, 963]], [[805, 962]], [[805, 961]], [[806, 960]], [[806, 959]], [[807, 958]], [[807, 957]], [[807, 956]], [[807, 955]], [[807, 954]], [[807, 953]], [[807, 952]], [[807, 951]], [[808, 950]], [[808, 949]], [[808, 948]], [[809, 947]], [[809, 946]], [[809, 945]], [[809, 944]], [[808, 943]], [[808, 942]], [[807, 941]], [[806, 941]], [[805, 940]], [[804, 940]], [[803, 939]], [[802, 939]], [[801, 938]], [[800, 938]], [[799, 937]], [[798, 936]], [[797, 936]], [[796, 935]], [[795, 934]], [[794, 933]], [[793, 932]], [[792, 932]], [[791, 931]], [[790, 931]], [[789, 930]], [[788, 930]], [[787, 929]], [[786, 928]], [[785, 928]], [[784, 927]], [[783, 927]], [[782, 926]], [[781, 925]], [[780, 925]], [[779, 925]], [[778, 924]], [[778, 923]], [[777, 923]], [[776, 923]], [[775, 924]], [[774, 923]], [[773, 923]], [[772, 923]], [[771, 923]], [[770, 922]], [[770, 921]], [[771, 920]], [[772, 920]], [[773, 920]], [[774, 920]], [[775, 920]], [[776, 921]], [[777, 921]], [[778, 921]], [[779, 921]], [[780, 922]], [[781, 923]], [[782, 923]], [[783, 922]], [[784, 922]], [[785, 921]], [[786, 920]], [[787, 919]], [[788, 918]], [[788, 917]], [[789, 916]], [[789, 915]], [[789, 914]], [[789, 913]], [[790, 912]], [[791, 911]], [[792, 912]], [[792, 913]], [[793, 914]], [[792, 915]], [[793, 916]], [[793, 917]], [[793, 918]], [[794, 918]], [[795, 918]], [[796, 918]], [[797, 919]], [[797, 920]], [[798, 920]], [[799, 920]], [[800, 921]], [[801, 922]], [[802, 923]], [[803, 923]], [[804, 923]], [[805, 923]], [[806, 924]], [[807, 923]], [[808, 922]], [[808, 921]], [[809, 920]], [[809, 919]], [[809, 918]], [[810, 917]], [[810, 916]], [[810, 915]], [[811, 914]], [[812, 913]], [[811, 912]], [[811, 911]], [[811, 910]], [[811, 909]], [[810, 908]], [[810, 907]], [[809, 906]], [[809, 905]], [[808, 904]], [[808, 903]], [[808, 902]], [[807, 901]], [[806, 900]], [[806, 899]], [[805, 898]], [[804, 897]], [[804, 896]], [[803, 895]], [[803, 894]], [[802, 893]], [[801, 893]], [[800, 893]], [[799, 893]], [[798, 893]], [[797, 893]], [[796, 894]], [[795, 894]], [[794, 895]], [[793, 895]], [[792, 896]], [[791, 896]], [[790, 896]], [[789, 896]], [[788, 896]], [[788, 897]], [[787, 898]], [[787, 899]], [[787, 900]], [[787, 901]], [[787, 902]], [[786, 903]], [[785, 902]], [[784, 901]], [[783, 900]], [[782, 899]], [[781, 898]], [[780, 897]], [[779, 897]], [[778, 897]], [[777, 897]], [[776, 897]], [[775, 897]], [[774, 898]], [[773, 898]], [[772, 898]], [[771, 899]], [[770, 900]], [[770, 901]], [[769, 902]], [[768, 903]], [[768, 904]], [[768, 905]], [[768, 906]], [[769, 907]], [[769, 908]], [[769, 909]], [[768, 910]], [[767, 910]], [[766, 909]], [[766, 908]], [[765, 907]], [[764, 906]], [[763, 906]], [[762, 905]], [[763, 904]], [[764, 903]], [[764, 902]], [[765, 901]], [[765, 900]], [[765, 899]], [[765, 898]], [[765, 897]], [[766, 896]], [[766, 895]], [[766, 894]], [[767, 893]], [[767, 892]], [[767, 891]], [[767, 890]], [[767, 889]], [[767, 888]], [[766, 887]], [[766, 886]], [[767, 885]], [[768, 885]], [[769, 885]], [[770, 885]], [[771, 885]], [[772, 885]], [[773, 885]], [[774, 885]], [[775, 885]], [[776, 885]], [[777, 885]], [[778, 884]], [[779, 883]], [[780, 882]], [[781, 881]], [[782, 880]], [[782, 879]], [[782, 878]], [[782, 877]], [[782, 876]], [[782, 875]], [[782, 874]], [[782, 873]], [[781, 872]], [[780, 872]], [[779, 872]], [[778, 872]], [[777, 872]], [[776, 872]], [[775, 872]], [[774, 872]], [[773, 872]], [[772, 871]], [[772, 870]], [[772, 869]], [[772, 868]], [[771, 867]], [[771, 866]], [[770, 865]], [[769, 864]], [[768, 863]], [[768, 862]], [[768, 861]], [[768, 860]], [[768, 859]], [[767, 858]], [[766, 857]], [[765, 857]], [[764, 856]], [[763, 856]], [[762, 855]], [[761, 854]], [[760, 853]], [[759, 854]], [[758, 854]], [[757, 855]], [[756, 856]], [[755, 857]], [[754, 857]], [[753, 857]], [[752, 856]], [[752, 857]], [[752, 858]], [[752, 859]], [[751, 860]], [[751, 861]], [[750, 862]], [[749, 861]], [[749, 860]], [[748, 859]], [[748, 858]], [[749, 857]], [[750, 857]], [[750, 856]], [[750, 855]], [[749, 856]], [[748, 855]], [[747, 854]], [[746, 854]], [[745, 853]], [[744, 852]], [[744, 851]], [[744, 850]], [[744, 849]], [[745, 848]], [[746, 847]], [[746, 846]], [[746, 845]], [[745, 844]], [[744, 844]], [[743, 843]], [[742, 843]], [[741, 843]], [[740, 842]], [[739, 841]], [[738, 841]], [[737, 841]], [[736, 841]], [[735, 841]], [[734, 842]], [[733, 842]], [[732, 842]], [[731, 843]], [[730, 844]], [[729, 845]], [[728, 845]], [[727, 845]], [[726, 845]], [[725, 846]], [[724, 847]], [[723, 848]], [[722, 849]], [[722, 850]], [[722, 851]], [[722, 852]], [[721, 853]], [[720, 853]], [[719, 853]], [[718, 853]], [[717, 852]], [[716, 851]], [[716, 850]], [[716, 849]], [[715, 849]], [[714, 849]], [[713, 849]], [[712, 849]], [[711, 848]], [[710, 848]], [[709, 848]], [[708, 849]], [[707, 850]], [[706, 851]], [[705, 851]], [[704, 852]], [[704, 853]], [[704, 854]], [[703, 855]], [[702, 856]], [[701, 857]], [[700, 856]], [[700, 855]], [[700, 854]], [[700, 853]], [[700, 852]], [[700, 851]], [[700, 850]], [[700, 849]], [[699, 848]], [[699, 847]], [[699, 846]], [[699, 845]], [[699, 844]], [[699, 843]], [[699, 842]], [[699, 841]], [[698, 840]], [[698, 839]], [[698, 838]], [[698, 837]], [[698, 836]], [[698, 835]], [[698, 834]], [[698, 833]], [[698, 832]], [[697, 832]], [[696, 832]], [[695, 832]], [[694, 833]], [[693, 832]]]","[[], [[[699, 876], [699, 877], [698, 878], [698, 879], [697, 880], [697, 881], [697, 882], [696, 883], [696, 884], [696, 885], [695, 886], [696, 886], [697, 887], [697, 888], [697, 889], [696, 890], [697, 890], [697, 889], [697, 888], [697, 887], [697, 886], [697, 885], [697, 884], [698, 883], [698, 882], [698, 881], [698, 880], [698, 879], [699, 878], [699, 877]]], [[[686, 892], [686, 893], [687, 894], [687, 895], [687, 896], [686, 897], [687, 897], [688, 896], [689, 896], [690, 896], [691, 896], [692, 897], [693, 898], [694, 899], [693, 900], [693, 901], [694, 901], [695, 901], [696, 900], [696, 899], [696, 898], [696, 897], [696, 896], [695, 895], [694, 895], [693, 894], [692, 894], [691, 894], [690, 893], [689, 893], [688, 892], [687, 892]]], [[[691, 903], [691, 904], [691, 905], [691, 906], [691, 907], [691, 908], [690, 909], [689, 909], [688, 910], [687, 911], [686, 912], [687, 913], [688, 912], [689, 911], [690, 911], [691, 911], [692, 911], [693, 910], [694, 909], [695, 908], [696, 908], [697, 907], [698, 907], [699, 907], [700, 907], [701, 908], [701, 909], [702, 910], [703, 911], [703, 912], [704, 913], [704, 914], [704, 915], [705, 915], [706, 915], [707, 914], [706, 914], [705, 913], [704, 912], [704, 911], [703, 910], [703, 909], [703, 908], [702, 908], [701, 908], [700, 907], [699, 907], [698, 907], [697, 907], [696, 907], [695, 907], [694, 906], [693, 905], [692, 904], [692, 903]]], [[[723, 926], [722, 927], [721, 928], [720, 929], [720, 930], [720, 931], [721, 932], [722, 933], [722, 934], [722, 935], [723, 935], [724, 935], [725, 935], [726, 935], [727, 936], [728, 937], [729, 938], [730, 939], [731, 940], [732, 941], [733, 942], [734, 943], [735, 944], [736, 945], [737, 946], [738, 946], [739, 947], [740, 948], [741, 949], [741, 948], [740, 947], [740, 946], [739, 946], [738, 945], [737, 944], [736, 943], [735, 942], [735, 941], [735, 940], [734, 939], [735, 938], [735, 937], [735, 936], [734, 935], [734, 934], [734, 933], [734, 932], [734, 933], [733, 934], [732, 935], [731, 935], [730, 935], [729, 935], [728, 935], [727, 934], [726, 933], [726, 932], [725, 931], [724, 932], [723, 932], [722, 931], [722, 930], [722, 929], [722, 928], [722, 927]]], [[[710, 986], [709, 987], [708, 987], [708, 988], [708, 989], [709, 990], [710, 991], [711, 991], [711, 990], [711, 989], [712, 988], [713, 987], [714, 988], [714, 989], [714, 990], [714, 991], [713, 992], [713, 993], [714, 994], [715, 994], [716, 994], [717, 994], [718, 993], [719, 993], [720, 994], [721, 994], [720, 994], [719, 993], [718, 992], [718, 991], [717, 991], [716, 990], [715, 989], [715, 988], [715, 987], [714, 986], [713, 986], [712, 987], [711, 987]]], [[[792, 926], [791, 927], [790, 928], [789, 928], [788, 928], [787, 928], [788, 929], [789, 929], [790, 930], [791, 930], [792, 930], [793, 931], [794, 932], [795, 933], [796, 934], [797, 935], [798, 935], [799, 936], [800, 937], [801, 937], [802, 938], [803, 938], [804, 939], [805, 939], [806, 939], [807, 939], [808, 940], [809, 941], [810, 942], [810, 943], [811, 943], [812, 943], [813, 944], [813, 945], [813, 946], [813, 947], [814, 948], [813, 949], [812, 950], [811, 951], [811, 952], [811, 951], [812, 950], [813, 950], [814, 950], [815, 951], [816, 952], [816, 953], [817, 953], [817, 952], [816, 951], [815, 950], [815, 949], [816, 948], [817, 947], [818, 946], [819, 946], [820, 945], [821, 945], [822, 944], [823, 943], [824, 942], [825, 942], [825, 941], [824, 941], [823, 941], [822, 941], [821, 942], [820, 943], [819, 943], [818, 944], [817, 944], [816, 945], [815, 945], [814, 944], [813, 943], [812, 942], [811, 941], [810, 941], [809, 940], [808, 939], [807, 939], [806, 938], [806, 937], [805, 936], [804, 935], [803, 935], [802, 934], [801, 933], [800, 933], [799, 933], [798, 933], [797, 933], [796, 932], [795, 931], [794, 931], [793, 930], [793, 929], [793, 928], [793, 927]]], [[[810, 919], [810, 920], [810, 921], [809, 922], [808, 923], [807, 924], [807, 925], [807, 926], [807, 927], [807, 928], [806, 929], [805, 929], [806, 930], [807, 930], [808, 930], [809, 930], [810, 930], [810, 929], [810, 928], [810, 927], [810, 926], [809, 925], [809, 924], [809, 923], [809, 922], [810, 921], [811, 920]]], [[[834, 902], [833, 903], [832, 904], [831, 905], [830, 906], [829, 906], [828, 906], [827, 906], [827, 907], [827, 908], [826, 909], [826, 910], [825, 911], [824, 912], [823, 912], [822, 912], [821, 912], [820, 912], [819, 911], [818, 911], [817, 911], [816, 912], [815, 912], [814, 912], [813, 912], [813, 913], [814, 913], [815, 913], [816, 913], [817, 913], [818, 913], [819, 913], [820, 913], [821, 914], [822, 913], [823, 913], [824, 913], [825, 913], [825, 912], [826, 911], [827, 910], [828, 910], [829, 909], [830, 909], [831, 908], [832, 907], [833, 906], [834, 907], [835, 908], [836, 907], [836, 906], [837, 905], [838, 904], [839, 904], [839, 903], [838, 903], [837, 903], [836, 902], [835, 902]]], [[[785, 863], [785, 864], [786, 865], [786, 866], [787, 867], [787, 868], [787, 869], [787, 870], [788, 871], [788, 872], [787, 873], [787, 874], [786, 875], [786, 876], [787, 877], [787, 878], [786, 879], [785, 879], [784, 879], [783, 880], [782, 881], [781, 882], [780, 883], [779, 884], [778, 885], [778, 886], [778, 887], [777, 888], [776, 888], [775, 888], [775, 889], [776, 889], [777, 889], [778, 889], [779, 890], [778, 891], [778, 892], [779, 893], [778, 894], [777, 894], [776, 893], [775, 893], [774, 892], [773, 891], [773, 890], [773, 889], [772, 888], [771, 888], [770, 888], [769, 888], [768, 887], [768, 886], [767, 886], [767, 887], [768, 888], [768, 889], [769, 888], [770, 889], [771, 890], [771, 891], [771, 892], [771, 893], [771, 894], [771, 895], [770, 896], [770, 897], [769, 898], [768, 898], [767, 898], [767, 899], [767, 900], [766, 901], [765, 902], [765, 903], [764, 904], [763, 905], [764, 905], [765, 905], [766, 904], [767, 903], [767, 902], [767, 901], [768, 900], [769, 900], [769, 899], [770, 898], [771, 897], [772, 897], [773, 897], [774, 896], [775, 896], [776, 896], [777, 896], [778, 895], [779, 895], [780, 895], [781, 895], [782, 894], [782, 893], [782, 892], [782, 891], [782, 890], [782, 889], [782, 888], [783, 887], [783, 886], [784, 885], [785, 884], [785, 883], [785, 882], [786, 881], [787, 880], [788, 879], [789, 879], [790, 878], [791, 877], [791, 876], [792, 875], [793, 874], [794, 874], [795, 875], [796, 875], [797, 876], [798, 875], [799, 876], [799, 877], [800, 877], [801, 877], [802, 876], [802, 875], [801, 875], [800, 875], [799, 876], [798, 875], [797, 874], [796, 873], [796, 872], [796, 871], [796, 870], [796, 869], [796, 868], [795, 869], [795, 870], [795, 871], [794, 872], [793, 873], [792, 873], [791, 872], [791, 871], [790, 870], [789, 869], [789, 868], [788, 867], [787, 866], [787, 865], [787, 864], [786, 863]]]]","[[], 33, 34, 35, 36, 37, 38, 39, 40, 41]"
42,42,"[[[158, 832]], [[157, 833]], [[156, 833]], [[155, 833]], [[154, 834]], [[154, 835]], [[153, 836]], [[153, 837]], [[152, 838]], [[152, 839]], [[151, 840]], [[151, 841]], [[151, 842]], [[151, 843]], [[151, 844]], [[151, 845]], [[152, 846]], [[153, 847]], [[154, 847]], [[155, 848]], [[155, 849]], [[156, 850]], [[157, 850]], [[158, 851]], [[159, 852]], [[159, 853]], [[159, 854]], [[160, 855]], [[160, 856]], [[161, 857]], [[162, 858]], [[163, 859]], [[164, 860]], [[165, 860]], [[166, 859]], [[167, 859]], [[168, 858]], [[169, 857]], [[170, 856]], [[171, 855]], [[172, 854]], [[173, 853]], [[174, 853]], [[175, 853]], [[176, 852]], [[176, 851]], [[176, 850]], [[176, 849]], [[176, 848]], [[176, 847]], [[176, 846]], [[175, 845]], [[175, 844]], [[174, 844]], [[173, 843]], [[173, 842]], [[172, 841]], [[172, 840]], [[172, 839]], [[171, 839]], [[170, 839]], [[169, 838]], [[168, 837]], [[167, 836]], [[167, 835]], [[166, 835]], [[165, 834]], [[164, 833]], [[163, 833]], [[162, 833]], [[161, 832]], [[160, 832]], [[159, 832]]]",[[]],[]
43,43,"[[[754, 822]], [[753, 823]], [[753, 824]], [[752, 825]], [[751, 826]], [[751, 827]], [[750, 828]], [[750, 829]], [[751, 830]], [[751, 831]], [[751, 832]], [[752, 833]], [[752, 834]], [[752, 835]], [[753, 836]], [[754, 837]], [[755, 837]], [[756, 838]], [[757, 838]], [[758, 839]], [[759, 839]], [[760, 839]], [[761, 839]], [[762, 840]], [[762, 841]], [[763, 842]], [[763, 843]], [[764, 844]], [[765, 843]], [[766, 843]], [[767, 843]], [[768, 842]], [[769, 842]], [[770, 843]], [[771, 844]], [[771, 845]], [[772, 845]], [[773, 846]], [[774, 846]], [[775, 847]], [[775, 848]], [[776, 849]], [[776, 850]], [[777, 851]], [[778, 852]], [[779, 853]], [[780, 853]], [[781, 854]], [[781, 855]], [[781, 856]], [[780, 857]], [[779, 857]], [[778, 856]], [[778, 855]], [[777, 855]], [[776, 855]], [[775, 855]], [[774, 855]], [[773, 855]], [[773, 856]], [[773, 857]], [[773, 858]], [[773, 859]], [[773, 860]], [[773, 861]], [[774, 862]], [[775, 862]], [[776, 862]], [[777, 862]], [[778, 863]], [[779, 863]], [[780, 863]], [[781, 864]], [[782, 865]], [[781, 866]], [[782, 866]], [[783, 865]], [[784, 865]], [[785, 865]], [[784, 864]], [[784, 863]], [[785, 862]], [[786, 862]], [[787, 862]], [[788, 863]], [[788, 864]], [[789, 865]], [[789, 866]], [[790, 867]], [[791, 868]], [[791, 869]], [[792, 870]], [[792, 871]], [[793, 871]], [[794, 870]], [[794, 869]], [[795, 868]], [[795, 867]], [[796, 866]], [[796, 865]], [[797, 864]], [[797, 863]], [[797, 862]], [[796, 861]], [[796, 860]], [[796, 859]], [[795, 858]], [[794, 857]], [[793, 856]], [[792, 856]], [[791, 856]], [[790, 856]], [[789, 856]], [[788, 855]], [[787, 855]], [[786, 855]], [[785, 856]], [[784, 856]], [[783, 855]], [[783, 854]], [[784, 853]], [[785, 853]], [[786, 852]], [[787, 852]], [[788, 852]], [[789, 852]], [[790, 851]], [[791, 850]], [[791, 849]], [[791, 848]], [[791, 847]], [[790, 846]], [[790, 845]], [[789, 844]], [[789, 843]], [[788, 842]], [[788, 841]], [[788, 840]], [[787, 839]], [[787, 838]], [[786, 837]], [[785, 836]], [[784, 835]], [[784, 834]], [[783, 833]], [[783, 832]], [[782, 831]], [[782, 830]], [[781, 829]], [[780, 828]], [[779, 827]], [[778, 827]], [[777, 826]], [[776, 825]], [[776, 824]], [[775, 824]], [[774, 824]], [[773, 824]], [[772, 824]], [[771, 824]], [[770, 824]], [[769, 824]], [[768, 824]], [[767, 825]], [[766, 826]], [[765, 827]], [[764, 828]], [[763, 828]], [[762, 828]], [[761, 827]], [[760, 826]], [[759, 825]], [[758, 824]], [[757, 823]], [[756, 822]], [[755, 822]]]","[[[[749, 834], [749, 835], [749, 836], [749, 837], [749, 838], [748, 839], [747, 838], [747, 839], [748, 839], [749, 838], [750, 839], [750, 840], [749, 841], [749, 842], [750, 843], [750, 844], [751, 844], [751, 843], [752, 842], [752, 841], [753, 840], [753, 839], [753, 838], [752, 838], [751, 837], [751, 836], [750, 835]]], [], [[[785, 863], [785, 864], [786, 865], [786, 866], [787, 867], [787, 868], [787, 869], [787, 870], [788, 871], [788, 872], [787, 873], [787, 874], [786, 875], [786, 876], [787, 877], [787, 878], [786, 879], [785, 879], [784, 879], [783, 880], [782, 881], [781, 882], [780, 883], [779, 884], [778, 885], [778, 886], [778, 887], [777, 888], [776, 888], [775, 888], [775, 889], [776, 889], [777, 889], [778, 889], [779, 890], [778, 891], [778, 892], [779, 893], [778, 894], [777, 894], [776, 893], [775, 893], [774, 892], [773, 891], [773, 890], [773, 889], [772, 888], [771, 888], [770, 888], [769, 888], [768, 887], [768, 886], [767, 886], [767, 887], [768, 888], [768, 889], [769, 888], [770, 889], [771, 890], [771, 891], [771, 892], [771, 893], [771, 894], [771, 895], [770, 896], [770, 897], [769, 898], [768, 898], [767, 898], [767, 899], [767, 900], [766, 901], [765, 902], [765, 903], [764, 904], [763, 905], [764, 905], [765, 905], [766, 904], [767, 903], [767, 902], [767, 901], [768, 900], [769, 900], [769, 899], [770, 898], [771, 897], [772, 897], [773, 897], [774, 896], [775, 896], [776, 896], [777, 896], [778, 895], [779, 895], [780, 895], [781, 895], [782, 894], [782, 893], [782, 892], [782, 891], [782, 890], [782, 889], [782, 888], [783, 887], [783, 886], [784, 885], [785, 884], [785, 883], [785, 882], [786, 881], [787, 880], [788, 879], [789, 879], [790, 878], [791, 877], [791, 876], [792, 875], [793, 874], [794, 874], [795, 875], [796, 875], [797, 876], [798, 875], [799, 876], [799, 877], [800, 877], [801, 877], [802, 876], [802, 875], [801, 875], [800, 875], [799, 876], [798, 875], [797, 874], [796, 873], [796, 872], [796, 871], [796, 870], [796, 869], [796, 868], [795, 869], [795, 870], [795, 871], [794, 872], [793, 873], [792, 873], [791, 872], [791, 871], [790, 870], [789, 869], [789, 868], [788, 867], [787, 866], [787, 865], [787, 864], [786, 863]]], [[[785, 863], [785, 864], [786, 865], [786, 866], [787, 867], [787, 868], [787, 869], [787, 870], [788, 871], [788, 872], [787, 873], [787, 874], [786, 875], [786, 876], [787, 877], [787, 878], [786, 879], [785, 879], [784, 879], [783, 880], [782, 881], [781, 882], [780, 883], [779, 884], [778, 885], [778, 886], [778, 887], [777, 888], [776, 888], [775, 888], [775, 889], [776, 889], [777, 889], [778, 889], [779, 890], [778, 891], [778, 892], [779, 893], [778, 894], [777, 894], [776, 893], [775, 893], [774, 892], [773, 891], [773, 890], [773, 889], [772, 888], [771, 888], [770, 888], [769, 888], [768, 887], [768, 886], [767, 886], [767, 887], [768, 888], [768, 889], [769, 888], [770, 889], [771, 890], [771, 891], [771, 892], [771, 893], [771, 894], [771, 895], [770, 896], [770, 897], [769, 898], [768, 898], [767, 898], [767, 899], [767, 900], [766, 901], [765, 902], [765, 903], [764, 904], [763, 905], [764, 905], [765, 905], [766, 904], [767, 903], [767, 902], [767, 901], [768, 900], [769, 900], [769, 899], [770, 898], [771, 897], [772, 897], [773, 897], [774, 896], [775, 896], [776, 896], [777, 896], [778, 895], [779, 895], [780, 895], [781, 895], [782, 894], [782, 893], [782, 892], [782, 891], [782, 890], [782, 889], [782, 888], [783, 887], [783, 886], [784, 885], [785, 884], [785, 883], [785, 882], [786, 881], [787, 880], [788, 879], [789, 879], [790, 878], [791, 877], [791, 876], [792, 875], [793, 874], [794, 874], [795, 875], [796, 875], [797, 876], [798, 875], [799, 876], [799, 877], [800, 877], [801, 877], [802, 876], [802, 875], [801, 875], [800, 875], [799, 876], [798, 875], [797, 874], [796, 873], [796, 872], [796, 871], [796, 870], [796, 869], [796, 868], [795, 869], [795, 870], [795, 871], [794, 872], [793, 873], [792, 873], [791, 872], [791, 871], [790, 870], [789, 869], [789, 868], [788, 867], [787, 866], [787, 865], [787, 864], [786, 863]], [[797, 851], [797, 852], [798, 853], [799, 854], [799, 855], [800, 856], [801, 856], [802, 857], [802, 858], [802, 859], [801, 860], [801, 861], [800, 862], [799, 862], [799, 863], [799, 864], [798, 865], [798, 866], [799, 867], [800, 867], [800, 866], [800, 865], [801, 864], [801, 863], [802, 862], [803, 861], [804, 861], [805, 861], [806, 860], [807, 859], [808, 858], [809, 858], [808, 858], [807, 859], [806, 859], [805, 859], [804, 859], [803, 858], [802, 857], [801, 856], [800, 855], [799, 854], [799, 853], [799, 852], [798, 851]]]]","[42, [], 41, 44]"
44,44,"[[[129, 821]], [[129, 822]], [[130, 823]], [[130, 824]], [[130, 825]], [[129, 826]], [[128, 826]], [[127, 826]], [[126, 826]], [[125, 827]], [[124, 828]], [[123, 829]], [[124, 830]], [[124, 831]], [[124, 832]], [[124, 833]], [[124, 834]], [[124, 835]], [[124, 836]], [[124, 837]], [[124, 838]], [[124, 839]], [[124, 840]], [[125, 841]], [[125, 842]], [[125, 843]], [[126, 844]], [[126, 845]], [[127, 846]], [[127, 847]], [[127, 848]], [[127, 849]], [[128, 850]], [[128, 851]], [[129, 851]], [[130, 852]], [[131, 852]], [[132, 852]], [[133, 851]], [[133, 850]], [[133, 849]], [[134, 848]], [[134, 847]], [[134, 846]], [[134, 845]], [[135, 844]], [[135, 843]], [[136, 842]], [[136, 841]], [[136, 840]], [[136, 839]], [[137, 838]], [[137, 837]], [[136, 836]], [[136, 835]], [[137, 834]], [[137, 833]], [[137, 832]], [[137, 831]], [[137, 830]], [[138, 829]], [[138, 828]], [[138, 827]], [[137, 826]], [[136, 825]], [[136, 824]], [[135, 823]], [[136, 822]], [[137, 822]], [[136, 822]], [[135, 822]], [[134, 822]], [[133, 822]], [[132, 822]], [[131, 822]], [[130, 822]]]",[[]],[]
45,45,"[[[232, 820]], [[231, 821]], [[230, 821]], [[229, 821]], [[228, 821]], [[227, 822]], [[226, 822]], [[225, 822]], [[224, 822]], [[223, 822]], [[222, 822]], [[221, 823]], [[220, 824]], [[219, 824]], [[218, 824]], [[217, 824]], [[216, 824]], [[215, 824]], [[215, 825]], [[214, 826]], [[213, 827]], [[213, 828]], [[213, 829]], [[213, 830]], [[213, 831]], [[213, 832]], [[213, 833]], [[214, 833]], [[215, 833]], [[216, 834]], [[217, 835]], [[218, 836]], [[219, 837]], [[219, 838]], [[220, 838]], [[221, 839]], [[222, 839]], [[223, 839]], [[224, 839]], [[225, 840]], [[226, 841]], [[227, 841]], [[228, 841]], [[229, 841]], [[230, 841]], [[231, 842]], [[232, 843]], [[233, 842]], [[234, 842]], [[235, 842]], [[236, 842]], [[237, 842]], [[238, 841]], [[239, 841]], [[240, 840]], [[241, 840]], [[242, 840]], [[243, 840]], [[244, 839]], [[245, 838]], [[245, 837]], [[245, 836]], [[245, 835]], [[244, 834]], [[244, 833]], [[244, 832]], [[244, 831]], [[243, 830]], [[243, 829]], [[243, 828]], [[242, 827]], [[242, 826]], [[241, 825]], [[240, 824]], [[240, 823]], [[239, 822]], [[238, 822]], [[237, 822]], [[236, 822]], [[235, 822]], [[234, 822]], [[233, 821]]]","[[], [[[220, 818], [220, 819], [219, 820], [218, 820], [217, 821], [216, 822], [215, 822], [214, 822], [213, 822], [212, 822], [211, 822], [211, 823], [211, 824], [211, 825], [212, 826], [211, 827], [211, 828], [210, 829], [209, 830], [208, 830], [207, 830], [207, 831], [207, 832], [207, 833], [207, 834], [207, 835], [207, 836], [207, 837], [206, 838], [206, 839], [207, 838], [208, 837], [209, 837], [210, 837], [211, 836], [212, 836], [213, 835], [214, 835], [213, 835], [212, 835], [211, 835], [210, 834], [210, 833], [210, 832], [211, 831], [211, 830], [211, 829], [211, 828], [212, 827], [213, 826], [214, 825], [214, 824], [215, 823], [216, 823], [217, 823], [218, 823], [219, 823], [220, 823], [221, 822], [221, 821], [221, 820], [222, 819], [222, 818], [221, 818]]]]","[[], 45]"
46,46,"[[[363, 812]], [[362, 813]], [[361, 814]], [[361, 815]], [[361, 816]], [[360, 817]], [[360, 818]], [[360, 819]], [[360, 820]], [[360, 821]], [[360, 822]], [[360, 823]], [[361, 824]], [[362, 825]], [[363, 826]], [[363, 827]], [[364, 828]], [[365, 828]], [[366, 828]], [[367, 829]], [[368, 830]], [[369, 830]], [[370, 830]], [[371, 829]], [[371, 828]], [[372, 827]], [[372, 826]], [[372, 825]], [[372, 824]], [[373, 823]], [[373, 822]], [[373, 821]], [[373, 820]], [[373, 819]], [[373, 818]], [[373, 817]], [[373, 816]], [[372, 815]], [[371, 814]], [[370, 814]], [[369, 814]], [[368, 814]], [[367, 813]], [[366, 813]], [[365, 813]], [[364, 812]]]",[[]],[]
47,47,"[[[604, 798]], [[603, 799]], [[602, 799]], [[601, 800]], [[600, 800]], [[599, 801]], [[598, 802]], [[597, 802]], [[596, 802]], [[595, 803]], [[595, 804]], [[594, 805]], [[593, 805]], [[592, 805]], [[591, 805]], [[591, 806]], [[591, 807]], [[592, 808]], [[592, 809]], [[592, 810]], [[592, 811]], [[592, 812]], [[592, 813]], [[591, 814]], [[591, 815]], [[592, 815]], [[593, 815]], [[594, 816]], [[594, 817]], [[594, 818]], [[594, 819]], [[593, 820]], [[592, 821]], [[592, 822]], [[592, 823]], [[593, 824]], [[594, 825]], [[595, 826]], [[596, 827]], [[597, 828]], [[598, 828]], [[599, 829]], [[600, 830]], [[601, 830]], [[602, 830]], [[603, 830]], [[604, 829]], [[605, 828]], [[605, 827]], [[606, 826]], [[606, 825]], [[607, 824]], [[608, 824]], [[609, 823]], [[610, 823]], [[611, 822]], [[612, 822]], [[612, 821]], [[613, 820]], [[613, 819]], [[613, 818]], [[613, 817]], [[613, 816]], [[613, 815]], [[612, 814]], [[611, 813]], [[611, 812]], [[611, 811]], [[611, 810]], [[610, 811]], [[609, 810]], [[609, 809]], [[609, 808]], [[610, 807]], [[611, 806]], [[611, 805]], [[611, 804]], [[610, 803]], [[610, 802]], [[610, 801]], [[609, 800]], [[608, 799]], [[608, 798]], [[607, 798]], [[606, 798]], [[605, 798]]]","[[], [[[586, 814], [586, 815], [586, 816], [586, 817], [586, 818], [585, 819], [586, 820], [586, 821], [587, 822], [588, 823], [587, 824], [586, 825], [585, 825], [584, 826], [584, 827], [583, 828], [583, 829], [583, 830], [584, 830], [584, 829], [584, 828], [585, 827], [586, 827], [587, 827], [588, 828], [589, 827], [590, 827], [591, 827], [592, 827], [591, 827], [590, 826], [590, 825], [589, 824], [589, 823], [590, 822], [591, 821], [591, 820], [591, 819], [590, 819], [589, 818], [588, 817], [588, 816], [587, 816], [586, 815]]]]","[[], 46]"
48,48,"[[[487, 788]], [[487, 789]], [[486, 790]], [[486, 791]], [[485, 792]], [[486, 793]], [[486, 794]], [[485, 795]], [[484, 795]], [[483, 796]], [[482, 797]], [[482, 798]], [[481, 799]], [[481, 800]], [[481, 801]], [[481, 802]], [[481, 803]], [[482, 804]], [[483, 805]], [[483, 806]], [[484, 807]], [[485, 808]], [[486, 808]], [[487, 808]], [[488, 807]], [[489, 807]], [[490, 807]], [[491, 807]], [[492, 807]], [[493, 807]], [[493, 806]], [[494, 805]], [[494, 804]], [[494, 803]], [[494, 802]], [[495, 801]], [[495, 800]], [[495, 799]], [[494, 798]], [[493, 798]], [[492, 797]], [[491, 796]], [[491, 795]], [[491, 794]], [[491, 793]], [[491, 792]], [[490, 791]], [[490, 790]], [[490, 789]], [[490, 788]], [[489, 788]], [[488, 788]]]","[[], [[[477, 800], [476, 801], [477, 802], [478, 802], [479, 802], [480, 803], [480, 804], [481, 805], [481, 806], [482, 807], [483, 807], [484, 808], [484, 809], [484, 810], [485, 810], [486, 811], [486, 812], [487, 812], [488, 812], [489, 813], [489, 812], [490, 811], [491, 810], [492, 810], [493, 810], [494, 810], [495, 809], [495, 808], [495, 807], [495, 806], [494, 807], [493, 808], [492, 808], [491, 808], [490, 808], [489, 808], [488, 808], [487, 809], [486, 809], [485, 809], [484, 808], [483, 807], [482, 806], [481, 805], [481, 804], [480, 803], [480, 802], [479, 801], [479, 800], [478, 800]]]]","[[], 47]"
49,49,"[[[556, 786]], [[555, 787]], [[554, 787]], [[553, 787]], [[552, 788]], [[551, 788]], [[550, 788]], [[549, 789]], [[548, 790]], [[548, 791]], [[547, 792]], [[546, 792]], [[545, 793]], [[544, 794]], [[543, 794]], [[542, 795]], [[541, 796]], [[540, 796]], [[539, 797]], [[538, 797]], [[537, 797]], [[536, 797]], [[535, 797]], [[534, 798]], [[534, 799]], [[534, 800]], [[533, 801]], [[532, 801]], [[531, 802]], [[530, 802]], [[529, 802]], [[528, 802]], [[527, 801]], [[526, 802]], [[525, 802]], [[524, 802]], [[523, 803]], [[522, 803]], [[521, 804]], [[520, 805]], [[520, 806]], [[519, 807]], [[518, 808]], [[518, 809]], [[518, 810]], [[518, 811]], [[517, 812]], [[517, 813]], [[517, 814]], [[517, 815]], [[517, 816]], [[518, 817]], [[518, 818]], [[518, 819]], [[519, 820]], [[519, 821]], [[520, 822]], [[521, 823]], [[522, 824]], [[522, 825]], [[522, 826]], [[523, 827]], [[524, 827]], [[525, 827]], [[526, 828]], [[527, 829]], [[528, 830]], [[528, 831]], [[529, 831]], [[530, 831]], [[531, 832]], [[532, 832]], [[533, 832]], [[534, 832]], [[535, 832]], [[536, 833]], [[537, 834]], [[538, 835]], [[538, 836]], [[539, 837]], [[540, 838]], [[540, 839]], [[539, 840]], [[538, 840]], [[537, 840]], [[536, 840]], [[535, 840]], [[534, 841]], [[533, 841]], [[532, 841]], [[531, 841]], [[530, 842]], [[529, 843]], [[528, 844]], [[527, 845]], [[526, 845]], [[526, 846]], [[526, 847]], [[526, 848]], [[526, 849]], [[527, 850]], [[527, 851]], [[527, 852]], [[528, 853]], [[529, 854]], [[530, 855]], [[530, 856]], [[530, 857]], [[531, 858]], [[532, 859]], [[533, 859]], [[534, 859]], [[535, 860]], [[536, 860]], [[537, 861]], [[538, 860]], [[539, 860]], [[540, 860]], [[541, 860]], [[542, 860]], [[543, 860]], [[544, 860]], [[545, 861]], [[545, 862]], [[545, 863]], [[546, 863]], [[547, 863]], [[548, 864]], [[549, 865]], [[549, 866]], [[550, 867]], [[551, 868]], [[551, 869]], [[551, 870]], [[551, 871]], [[551, 872]], [[551, 873]], [[552, 874]], [[553, 875]], [[553, 876]], [[554, 877]], [[554, 878]], [[555, 879]], [[555, 880]], [[556, 881]], [[557, 882]], [[558, 882]], [[559, 883]], [[560, 883]], [[561, 884]], [[562, 884]], [[563, 884]], [[564, 883]], [[565, 883]], [[566, 884]], [[567, 884]], [[568, 885]], [[568, 886]], [[568, 887]], [[568, 888]], [[569, 889]], [[569, 890]], [[569, 891]], [[569, 892]], [[570, 893]], [[570, 894]], [[570, 895]], [[570, 896]], [[571, 896]], [[572, 897]], [[573, 898]], [[574, 898]], [[575, 898]], [[576, 898]], [[577, 897]], [[578, 897]], [[579, 897]], [[580, 896]], [[580, 895]], [[581, 894]], [[582, 895]], [[583, 896]], [[582, 897]], [[582, 898]], [[582, 899]], [[582, 900]], [[581, 901]], [[581, 902]], [[581, 903]], [[581, 904]], [[581, 905]], [[581, 906]], [[580, 907]], [[580, 908]], [[580, 909]], [[580, 910]], [[580, 911]], [[580, 912]], [[579, 913]], [[579, 914]], [[579, 915]], [[579, 916]], [[579, 917]], [[578, 918]], [[578, 919]], [[578, 920]], [[578, 921]], [[578, 922]], [[578, 923]], [[578, 924]], [[578, 925]], [[577, 926]], [[576, 927]], [[577, 928]], [[577, 929]], [[577, 930]], [[577, 931]], [[576, 932]], [[575, 931]], [[575, 930]], [[574, 929]], [[573, 928]], [[573, 927]], [[572, 926]], [[571, 926]], [[570, 926]], [[569, 926]], [[568, 926]], [[567, 926]], [[566, 927]], [[565, 927]], [[564, 928]], [[563, 928]], [[562, 928]], [[561, 928]], [[560, 928]], [[559, 929]], [[558, 930]], [[558, 931]], [[559, 932]], [[559, 933]], [[559, 934]], [[559, 935]], [[559, 936]], [[559, 937]], [[559, 938]], [[560, 939]], [[560, 940]], [[560, 941]], [[560, 942]], [[560, 943]], [[560, 944]], [[560, 945]], [[560, 946]], [[560, 947]], [[561, 948]], [[561, 949]], [[562, 950]], [[562, 951]], [[562, 952]], [[563, 953]], [[563, 954]], [[563, 955]], [[563, 956]], [[564, 957]], [[565, 958]], [[565, 959]], [[565, 960]], [[565, 961]], [[566, 962]], [[567, 963]], [[568, 963]], [[569, 964]], [[570, 964]], [[571, 964]], [[572, 965]], [[573, 966]], [[574, 966]], [[575, 966]], [[576, 965]], [[577, 965]], [[578, 965]], [[579, 965]], [[580, 965]], [[581, 965]], [[582, 964]], [[583, 964]], [[584, 964]], [[585, 963]], [[586, 963]], [[587, 963]], [[588, 963]], [[589, 963]], [[590, 963]], [[591, 963]], [[592, 962]], [[593, 961]], [[594, 960]], [[595, 960]], [[596, 960]], [[597, 959]], [[598, 958]], [[599, 957]], [[600, 956]], [[600, 955]], [[601, 954]], [[601, 953]], [[601, 952]], [[601, 951]], [[602, 950]], [[602, 949]], [[603, 948]], [[604, 947]], [[605, 947]], [[606, 948]], [[607, 948]], [[608, 948]], [[609, 948]], [[610, 947]], [[611, 947]], [[611, 946]], [[611, 945]], [[612, 944]], [[612, 943]], [[612, 942]], [[613, 941]], [[613, 940]], [[613, 939]], [[613, 938]], [[612, 937]], [[612, 936]], [[612, 935]], [[613, 934]], [[613, 933]], [[613, 932]], [[612, 931]], [[612, 930]], [[612, 929]], [[611, 928]], [[611, 927]], [[610, 926]], [[609, 926]], [[608, 925]], [[607, 925]], [[606, 925]], [[605, 924]], [[604, 923]], [[603, 922]], [[603, 923]], [[602, 924]], [[601, 924]], [[600, 923]], [[599, 922]], [[600, 921]], [[601, 921]], [[601, 920]], [[602, 919]], [[602, 918]], [[602, 917]], [[601, 916]], [[602, 915]], [[602, 914]], [[602, 913]], [[603, 912]], [[604, 911]], [[605, 910]], [[606, 910]], [[607, 910]], [[608, 911]], [[609, 911]], [[610, 911]], [[611, 912]], [[612, 912]], [[613, 912]], [[614, 912]], [[615, 913]], [[616, 914]], [[617, 915]], [[617, 916]], [[618, 917]], [[619, 918]], [[620, 918]], [[621, 919]], [[621, 920]], [[622, 921]], [[622, 922]], [[623, 923]], [[624, 924]], [[625, 925]], [[626, 926]], [[627, 926]], [[628, 926]], [[629, 926]], [[630, 926]], [[631, 926]], [[632, 926]], [[633, 927]], [[634, 928]], [[635, 928]], [[636, 929]], [[636, 930]], [[637, 931]], [[638, 932]], [[639, 933]], [[640, 934]], [[641, 934]], [[642, 935]], [[642, 936]], [[643, 936]], [[644, 936]], [[645, 936]], [[646, 936]], [[647, 936]], [[647, 935]], [[648, 934]], [[649, 934]], [[650, 933]], [[651, 932]], [[652, 931]], [[653, 931]], [[654, 932]], [[654, 933]], [[654, 934]], [[653, 935]], [[652, 936]], [[651, 937]], [[651, 938]], [[651, 939]], [[652, 939]], [[653, 939]], [[654, 939]], [[655, 939]], [[656, 939]], [[657, 939]], [[657, 938]], [[658, 937]], [[658, 936]], [[659, 935]], [[660, 934]], [[660, 933]], [[660, 932]], [[660, 931]], [[660, 930]], [[660, 929]], [[659, 929]], [[658, 929]], [[657, 929]], [[656, 930]], [[655, 930]], [[654, 930]], [[653, 929]], [[653, 928]], [[654, 927]], [[654, 926]], [[654, 925]], [[654, 924]], [[654, 923]], [[654, 922]], [[655, 921]], [[656, 920]], [[656, 919]], [[657, 918]], [[657, 917]], [[657, 916]], [[657, 915]], [[658, 914]], [[659, 913]], [[660, 912]], [[660, 911]], [[661, 910]], [[661, 909]], [[662, 908]], [[662, 907]], [[663, 906]], [[663, 905]], [[664, 904]], [[664, 903]], [[664, 902]], [[665, 901]], [[665, 900]], [[666, 899]], [[667, 899]], [[668, 899]], [[669, 898]], [[670, 898]], [[671, 898]], [[672, 897]], [[672, 896]], [[673, 895]], [[673, 894]], [[673, 893]], [[673, 892]], [[674, 891]], [[674, 890]], [[674, 889]], [[674, 888]], [[674, 887]], [[674, 886]], [[674, 885]], [[674, 884]], [[674, 883]], [[674, 882]], [[673, 881]], [[673, 880]], [[672, 879]], [[672, 878]], [[671, 877]], [[670, 876]], [[669, 875]], [[668, 875]], [[667, 875]], [[666, 874]], [[666, 873]], [[666, 872]], [[666, 871]], [[665, 871]], [[664, 871]], [[663, 870]], [[662, 869]], [[662, 868]], [[661, 868]], [[660, 868]], [[659, 868]], [[658, 869]], [[657, 870]], [[657, 871]], [[656, 872]], [[655, 873]], [[655, 874]], [[655, 875]], [[655, 876]], [[655, 877]], [[655, 878]], [[655, 879]], [[654, 880]], [[653, 880]], [[652, 880]], [[651, 881]], [[650, 882]], [[650, 883]], [[649, 884]], [[649, 885]], [[648, 886]], [[647, 887]], [[646, 887]], [[645, 888]], [[644, 888]], [[644, 889]], [[644, 890]], [[644, 891]], [[644, 892]], [[645, 893]], [[645, 894]], [[645, 895]], [[645, 896]], [[645, 897]], [[644, 898]], [[643, 898]], [[642, 897]], [[641, 896]], [[640, 896]], [[639, 895]], [[638, 894]], [[637, 893]], [[636, 892]], [[635, 891]], [[634, 890]], [[633, 889]], [[632, 889]], [[631, 888]], [[630, 888]], [[629, 888]], [[628, 888]], [[627, 887]], [[626, 887]], [[625, 886]], [[624, 885]], [[624, 884]], [[623, 884]], [[622, 883]], [[621, 882]], [[620, 881]], [[619, 881]], [[618, 880]], [[617, 880]], [[616, 879]], [[616, 878]], [[615, 877]], [[615, 876]], [[614, 875]], [[613, 874]], [[612, 874]], [[611, 874]], [[610, 873]], [[609, 873]], [[608, 873]], [[607, 873]], [[606, 873]], [[605, 874]], [[604, 875]], [[604, 876]], [[604, 877]], [[603, 878]], [[603, 879]], [[603, 880]], [[603, 881]], [[603, 882]], [[603, 883]], [[603, 884]], [[602, 885]], [[602, 886]], [[602, 887]], [[602, 888]], [[602, 889]], [[601, 890]], [[601, 891]], [[601, 892]], [[601, 893]], [[601, 894]], [[601, 895]], [[600, 896]], [[600, 897]], [[600, 898]], [[600, 899]], [[600, 900]], [[599, 901]], [[599, 902]], [[598, 903]], [[598, 904]], [[598, 905]], [[597, 906]], [[598, 907]], [[597, 908]], [[596, 909]], [[595, 910]], [[594, 909]], [[594, 908]], [[595, 907]], [[595, 906]], [[595, 905]], [[595, 904]], [[595, 903]], [[595, 902]], [[595, 901]], [[595, 900]], [[595, 899]], [[595, 898]], [[595, 897]], [[595, 896]], [[595, 895]], [[595, 894]], [[594, 893]], [[594, 892]], [[593, 891]], [[592, 890]], [[592, 889]], [[591, 888]], [[590, 889]], [[589, 888]], [[588, 889]], [[588, 890]], [[587, 891]], [[586, 892]], [[585, 891]], [[585, 890]], [[584, 889]], [[584, 888]], [[585, 887]], [[585, 886]], [[586, 885]], [[587, 884]], [[587, 883]], [[588, 882]], [[588, 881]], [[587, 881]], [[586, 880]], [[585, 880]], [[584, 879]], [[584, 878]], [[584, 877]], [[584, 876]], [[585, 875]], [[585, 874]], [[585, 873]], [[585, 872]], [[585, 871]], [[584, 870]], [[584, 869]], [[584, 868]], [[583, 868]], [[582, 868]], [[581, 868]], [[580, 868]], [[579, 867]], [[578, 866]], [[578, 865]], [[577, 864]], [[576, 864]], [[575, 864]], [[574, 864]], [[573, 864]], [[572, 864]], [[571, 863]], [[570, 862]], [[569, 862]], [[568, 861]], [[567, 861]], [[566, 861]], [[565, 860]], [[564, 860]], [[563, 859]], [[563, 858]], [[563, 857]], [[564, 856]], [[564, 855]], [[564, 854]], [[563, 853]], [[563, 852]], [[563, 851]], [[562, 850]], [[562, 849]], [[561, 849]], [[560, 849]], [[559, 850]], [[558, 850]], [[557, 850]], [[556, 851]], [[555, 852]], [[554, 852]], [[553, 852]], [[552, 852]], [[551, 851]], [[551, 850]], [[550, 849]], [[549, 848]], [[548, 847]], [[547, 846]], [[546, 845]], [[545, 844]], [[544, 843]], [[544, 842]], [[544, 841]], [[545, 840]], [[546, 839]], [[547, 839]], [[548, 839]], [[549, 839]], [[550, 840]], [[551, 841]], [[552, 841]], [[553, 840]], [[554, 840]], [[555, 840]], [[556, 840]], [[557, 841]], [[558, 841]], [[559, 841]], [[560, 841]], [[561, 842]], [[562, 842]], [[563, 842]], [[564, 842]], [[565, 842]], [[566, 842]], [[567, 842]], [[568, 842]], [[569, 841]], [[570, 841]], [[571, 841]], [[572, 841]], [[573, 840]], [[574, 840]], [[575, 840]], [[576, 839]], [[577, 838]], [[578, 838]], [[579, 837]], [[580, 836]], [[580, 835]], [[581, 834]], [[582, 833]], [[582, 832]], [[582, 831]], [[582, 830]], [[582, 829]], [[582, 828]], [[583, 827]], [[583, 826]], [[583, 825]], [[584, 824]], [[584, 823]], [[584, 822]], [[585, 821]], [[585, 820]], [[584, 819]], [[585, 818]], [[585, 817]], [[585, 816]], [[585, 815]], [[585, 814]], [[585, 813]], [[585, 812]], [[584, 811]], [[584, 810]], [[583, 809]], [[582, 808]], [[581, 808]], [[580, 808]], [[579, 808]], [[578, 808]], [[577, 808]], [[576, 807]], [[575, 807]], [[574, 807]], [[573, 806]], [[572, 805]], [[571, 804]], [[570, 803]], [[570, 802]], [[569, 801]], [[568, 800]], [[567, 799]], [[567, 798]], [[566, 797]], [[566, 796]], [[566, 795]], [[565, 794]], [[564, 793]], [[564, 792]], [[563, 791]], [[563, 790]], [[563, 789]], [[562, 788]], [[562, 787]], [[561, 786]], [[560, 786]], [[559, 786]], [[558, 786]], [[557, 786]]]","[[[[546, 782], [545, 783], [545, 784], [544, 785], [545, 786], [545, 787], [546, 788], [545, 789], [544, 789], [544, 790], [543, 791], [542, 791], [541, 791], [540, 792], [539, 793], [539, 794], [539, 795], [540, 794], [541, 794], [542, 793], [543, 793], [544, 792], [544, 791], [545, 790], [545, 789], [546, 788], [547, 789], [547, 788], [548, 787], [548, 786], [547, 785], [546, 784], [546, 783]]], [[[527, 792], [526, 793], [525, 793], [524, 793], [523, 793], [522, 793], [523, 794], [524, 794], [525, 794], [526, 794], [527, 795], [528, 796], [529, 797], [528, 798], [527, 799], [527, 800], [528, 800], [529, 800], [530, 800], [529, 799], [528, 798], [529, 797], [530, 797], [531, 797], [531, 796], [531, 795], [530, 795], [529, 794], [529, 793], [529, 792], [528, 792]]], [], [[[551, 882], [551, 883], [550, 884], [550, 885], [550, 886], [551, 885], [552, 884], [553, 884], [554, 884], [555, 885], [556, 885], [557, 885], [558, 885], [559, 886], [559, 887], [560, 887], [561, 887], [561, 886], [561, 885], [560, 886], [559, 886], [558, 885], [558, 884], [557, 884], [556, 883], [555, 883], [554, 882], [553, 882], [552, 882]]], [[[578, 904], [577, 905], [577, 906], [577, 907], [577, 908], [576, 909], [575, 909], [574, 908], [573, 907], [572, 908], [571, 908], [570, 909], [569, 910], [569, 911], [568, 912], [567, 913], [567, 914], [567, 915], [566, 916], [565, 917], [564, 918], [563, 919], [562, 919], [561, 919], [560, 919], [560, 920], [561, 920], [562, 921], [563, 921], [564, 920], [565, 919], [566, 918], [567, 917], [568, 917], [568, 916], [569, 915], [570, 914], [571, 913], [572, 913], [573, 913], [574, 913], [575, 913], [576, 913], [577, 912], [578, 912], [578, 911], [578, 910], [578, 909], [579, 908], [579, 907], [579, 906], [579, 905]]], [[[577, 966], [576, 967], [575, 968], [574, 968], [573, 969], [573, 970], [573, 971], [573, 972], [572, 973], [572, 974], [573, 974], [574, 974], [575, 974], [576, 974], [577, 974], [578, 975], [579, 975], [580, 975], [581, 975], [582, 974], [583, 974], [584, 973], [584, 972], [583, 973], [582, 973], [581, 973], [580, 973], [579, 973], [578, 974], [577, 974], [576, 973], [575, 972], [574, 971], [574, 970], [575, 969], [576, 968], [576, 967], [577, 966], [578, 967], [579, 967], [580, 967], [580, 966], [579, 966], [578, 966]]], [[[614, 945], [613, 946], [612, 946], [612, 947], [611, 948], [611, 949], [611, 950], [612, 951], [612, 952], [611, 953], [611, 954], [611, 955], [610, 956], [609, 957], [608, 958], [607, 959], [607, 960], [607, 961], [607, 962], [606, 963], [605, 964], [604, 963], [604, 962], [604, 961], [603, 961], [602, 961], [601, 962], [600, 962], [599, 962], [598, 962], [597, 962], [597, 963], [598, 964], [599, 964], [600, 965], [599, 966], [598, 967], [597, 968], [597, 969], [598, 969], [599, 970], [600, 971], [600, 972], [600, 973], [600, 972], [601, 971], [602, 971], [602, 970], [602, 969], [601, 968], [601, 967], [602, 966], [603, 965], [604, 965], [605, 966], [606, 967], [607, 967], [608, 967], [609, 967], [609, 966], [609, 965], [610, 964], [611, 965], [612, 964], [612, 963], [611, 962], [611, 961], [612, 960], [613, 960], [614, 961], [615, 962], [614, 963], [615, 964], [616, 964], [617, 963], [618, 962], [619, 962], [620, 962], [621, 962], [622, 963], [623, 963], [624, 964], [624, 965], [624, 966], [625, 966], [626, 967], [627, 967], [627, 966], [626, 965], [626, 964], [626, 963], [625, 963], [624, 963], [623, 962], [622, 961], [622, 960], [621, 960], [620, 960], [619, 960], [618, 959], [617, 958], [617, 957], [617, 956], [617, 955], [617, 954], [616, 953], [615, 952], [614, 953], [613, 953], [612, 952], [612, 951], [612, 950], [613, 949], [614, 949], [615, 949], [615, 948], [615, 947], [616, 946], [615, 945]]], [[[671, 900], [670, 901], [669, 901], [668, 901], [667, 901], [666, 901], [666, 902], [665, 903], [665, 904], [665, 905], [666, 904], [667, 903], [668, 902], [669, 902], [670, 902], [671, 902], [672, 902], [673, 903], [672, 904], [672, 905], [673, 906], [674, 905], [674, 904], [673, 903], [673, 902], [673, 901], [672, 900]]], [[[586, 814], [586, 815], [586, 816], [586, 817], [586, 818], [585, 819], [586, 820], [586, 821], [587, 822], [588, 823], [587, 824], [586, 825], [585, 825], [584, 826], [584, 827], [583, 828], [583, 829], [583, 830], [584, 830], [584, 829], [584, 828], [585, 827], [586, 827], [587, 827], [588, 828], [589, 827], [590, 827], [591, 827], [592, 827], [591, 827], [590, 826], [590, 825], [589, 824], [589, 823], [590, 822], [591, 821], [591, 820], [591, 819], [590, 819], [589, 818], [588, 817], [588, 816], [587, 816], [586, 815]]]]","[48, 49, [], 50, 30, 23, 53, 54, 46]"
50,50,"[[[57, 785]], [[56, 786]], [[55, 786]], [[54, 787]], [[53, 787]], [[52, 787]], [[52, 788]], [[52, 789]], [[52, 790]], [[52, 791]], [[53, 792]], [[54, 793]], [[54, 794]], [[54, 795]], [[54, 796]], [[55, 796]], [[56, 797]], [[57, 797]], [[58, 798]], [[59, 799]], [[60, 798]], [[61, 797]], [[62, 796]], [[63, 795]], [[63, 794]], [[64, 793]], [[64, 792]], [[64, 791]], [[64, 790]], [[64, 789]], [[64, 788]], [[64, 787]], [[64, 786]], [[64, 785]], [[63, 786]], [[62, 786]], [[61, 786]], [[60, 785]], [[59, 785]], [[58, 785]]]","[[[[68, 774], [67, 775], [67, 776], [66, 777], [65, 778], [64, 778], [63, 777], [63, 776], [62, 776], [62, 777], [62, 778], [61, 779], [60, 780], [59, 781], [58, 781], [57, 781], [56, 781], [55, 781], [54, 781], [53, 781], [52, 782], [51, 782], [50, 783], [49, 783], [48, 783], [47, 783], [46, 783], [46, 784], [47, 784], [48, 784], [49, 784], [50, 785], [50, 786], [51, 787], [52, 786], [53, 786], [54, 785], [55, 785], [56, 784], [57, 784], [58, 783], [59, 783], [60, 782], [61, 781], [62, 780], [63, 779], [64, 780], [65, 780], [66, 780], [67, 780], [68, 779], [69, 779], [70, 779], [71, 779], [71, 778], [71, 777], [70, 776], [69, 775]]], [], [[[52, 797], [52, 798], [52, 799], [53, 800], [54, 800], [55, 801], [56, 801], [57, 802], [58, 802], [59, 802], [60, 801], [61, 801], [62, 802], [63, 803], [63, 804], [64, 805], [65, 805], [66, 805], [67, 806], [68, 805], [69, 806], [70, 806], [70, 805], [70, 804], [71, 803], [71, 802], [70, 801], [69, 801], [68, 802], [67, 803], [66, 803], [65, 802], [64, 801], [63, 800], [63, 799], [62, 798], [61, 799], [60, 799], [59, 800], [58, 800], [57, 800], [56, 799], [55, 799], [54, 798], [54, 797], [53, 797]]]]","[56, [], 57]"
51,51,"[[[440, 784]], [[439, 785]], [[438, 786]], [[437, 787]], [[437, 788]], [[436, 789]], [[435, 790]], [[434, 790]], [[434, 791]], [[433, 792]], [[432, 793]], [[431, 794]], [[430, 795]], [[430, 796]], [[429, 797]], [[429, 798]], [[428, 799]], [[428, 800]], [[428, 801]], [[427, 802]], [[427, 803]], [[427, 804]], [[427, 805]], [[426, 806]], [[426, 807]], [[425, 808]], [[424, 809]], [[423, 810]], [[422, 810]], [[421, 811]], [[420, 811]], [[419, 811]], [[418, 811]], [[417, 811]], [[416, 810]], [[415, 810]], [[414, 810]], [[413, 809]], [[412, 810]], [[411, 811]], [[411, 812]], [[411, 813]], [[411, 814]], [[411, 815]], [[410, 816]], [[410, 817]], [[409, 818]], [[408, 819]], [[408, 820]], [[409, 821]], [[409, 822]], [[409, 823]], [[409, 824]], [[410, 825]], [[410, 826]], [[410, 827]], [[410, 828]], [[411, 828]], [[412, 827]], [[413, 827]], [[414, 827]], [[415, 828]], [[416, 828]], [[417, 829]], [[418, 829]], [[419, 830]], [[419, 831]], [[419, 832]], [[418, 833]], [[417, 833]], [[417, 834]], [[416, 835]], [[415, 836]], [[414, 836]], [[414, 837]], [[413, 838]], [[412, 838]], [[411, 838]], [[410, 838]], [[409, 838]], [[408, 839]], [[407, 840]], [[406, 840]], [[406, 841]], [[405, 842]], [[404, 843]], [[403, 844]], [[402, 845]], [[401, 845]], [[401, 846]], [[401, 847]], [[401, 848]], [[401, 849]], [[402, 850]], [[402, 851]], [[402, 852]], [[402, 853]], [[403, 854]], [[403, 855]], [[403, 856]], [[403, 857]], [[403, 858]], [[403, 859]], [[404, 858]], [[405, 859]], [[406, 860]], [[407, 861]], [[408, 862]], [[409, 861]], [[410, 861]], [[411, 861]], [[412, 861]], [[413, 862]], [[414, 863]], [[415, 864]], [[416, 865]], [[416, 866]], [[416, 867]], [[417, 868]], [[416, 869]], [[416, 870]], [[416, 871]], [[416, 872]], [[416, 873]], [[416, 874]], [[416, 875]], [[416, 876]], [[416, 877]], [[416, 878]], [[416, 879]], [[416, 880]], [[417, 881]], [[417, 882]], [[418, 882]], [[419, 883]], [[420, 884]], [[420, 885]], [[421, 885]], [[422, 885]], [[423, 885]], [[424, 885]], [[425, 886]], [[426, 886]], [[427, 886]], [[428, 886]], [[429, 886]], [[430, 886]], [[431, 887]], [[432, 887]], [[433, 887]], [[434, 887]], [[435, 888]], [[435, 889]], [[435, 890]], [[435, 891]], [[435, 892]], [[435, 893]], [[436, 894]], [[436, 895]], [[436, 896]], [[437, 897]], [[437, 898]], [[438, 899]], [[438, 900]], [[438, 901]], [[439, 901]], [[440, 901]], [[441, 901]], [[442, 901]], [[443, 901]], [[444, 901]], [[445, 901]], [[446, 901]], [[447, 900]], [[448, 899]], [[449, 899]], [[450, 898]], [[451, 897]], [[452, 896]], [[453, 896]], [[453, 895]], [[453, 894]], [[453, 893]], [[454, 892]], [[455, 891]], [[456, 890]], [[456, 889]], [[456, 888]], [[456, 887]], [[456, 886]], [[457, 885]], [[457, 884]], [[458, 883]], [[459, 882]], [[460, 882]], [[461, 881]], [[462, 881]], [[463, 880]], [[464, 880]], [[465, 879]], [[466, 879]], [[467, 878]], [[467, 877]], [[467, 876]], [[468, 875]], [[468, 874]], [[467, 873]], [[467, 872]], [[467, 871]], [[467, 870]], [[467, 869]], [[467, 868]], [[468, 867]], [[468, 866]], [[469, 865]], [[470, 864]], [[471, 863]], [[472, 862]], [[473, 862]], [[474, 862]], [[475, 862]], [[476, 861]], [[477, 861]], [[478, 860]], [[479, 859]], [[480, 859]], [[481, 859]], [[482, 858]], [[483, 857]], [[484, 857]], [[485, 856]], [[486, 856]], [[487, 855]], [[488, 855]], [[489, 855]], [[490, 854]], [[491, 854]], [[492, 854]], [[493, 853]], [[494, 852]], [[495, 852]], [[496, 851]], [[497, 851]], [[498, 850]], [[499, 850]], [[500, 850]], [[501, 849]], [[502, 849]], [[503, 848]], [[504, 847]], [[504, 846]], [[504, 845]], [[505, 844]], [[505, 843]], [[505, 842]], [[505, 841]], [[505, 840]], [[505, 839]], [[506, 838]], [[506, 837]], [[506, 836]], [[506, 835]], [[505, 834]], [[504, 833]], [[503, 832]], [[503, 831]], [[502, 830]], [[501, 829]], [[500, 829]], [[499, 829]], [[498, 829]], [[497, 829]], [[496, 829]], [[495, 828]], [[496, 827]], [[495, 826]], [[495, 825]], [[495, 824]], [[495, 823]], [[494, 822]], [[494, 821]], [[494, 820]], [[493, 819]], [[492, 818]], [[491, 817]], [[491, 816]], [[490, 815]], [[490, 814]], [[489, 814]], [[488, 813]], [[487, 813]], [[486, 813]], [[485, 813]], [[484, 813]], [[483, 812]], [[482, 812]], [[481, 812]], [[480, 812]], [[479, 812]], [[478, 813]], [[477, 814]], [[476, 815]], [[475, 815]], [[474, 816]], [[473, 816]], [[472, 816]], [[471, 817]], [[470, 817]], [[469, 816]], [[468, 815]], [[468, 814]], [[467, 813]], [[466, 812]], [[465, 811]], [[464, 810]], [[464, 809]], [[463, 808]], [[462, 808]], [[461, 807]], [[460, 807]], [[459, 807]], [[458, 806]], [[458, 805]], [[458, 804]], [[458, 803]], [[458, 802]], [[457, 801]], [[457, 800]], [[456, 799]], [[456, 798]], [[455, 797]], [[454, 796]], [[453, 795]], [[453, 794]], [[452, 793]], [[451, 792]], [[451, 791]], [[450, 790]], [[449, 789]], [[448, 788]], [[447, 788]], [[446, 787]], [[446, 786]], [[445, 786]], [[444, 785]], [[444, 784]], [[443, 784]], [[442, 784]], [[441, 784]]]","[[], [[[420, 886], [419, 887], [419, 888], [420, 888], [421, 888], [422, 888], [423, 887], [424, 888], [424, 889], [424, 890], [425, 891], [425, 892], [425, 893], [426, 892], [425, 891], [425, 890], [426, 889], [427, 889], [428, 889], [429, 890], [430, 890], [431, 891], [432, 892], [433, 892], [434, 892], [434, 891], [434, 890], [433, 889], [433, 888], [432, 888], [431, 888], [430, 887], [429, 887], [428, 887], [427, 887], [426, 887], [425, 887], [424, 887], [423, 886], [422, 886], [421, 886]]], [[[477, 800], [476, 801], [477, 802], [478, 802], [479, 802], [480, 803], [480, 804], [481, 805], [481, 806], [482, 807], [483, 807], [484, 808], [484, 809], [484, 810], [485, 810], [486, 811], [486, 812], [487, 812], [488, 812], [489, 813], [489, 812], [490, 811], [491, 810], [492, 810], [493, 810], [494, 810], [495, 809], [495, 808], [495, 807], [495, 806], [494, 807], [493, 808], [492, 808], [491, 808], [490, 808], [489, 808], [488, 808], [487, 809], [486, 809], [485, 809], [484, 808], [483, 807], [482, 806], [481, 805], [481, 804], [480, 803], [480, 802], [479, 801], [479, 800], [478, 800]]]]","[[], 58, 47]"
52,52,"[[[169, 777]], [[168, 778]], [[167, 778]], [[166, 779]], [[165, 779]], [[164, 780]], [[163, 781]], [[162, 782]], [[161, 782]], [[160, 783]], [[159, 784]], [[158, 785]], [[157, 786]], [[156, 787]], [[155, 788]], [[154, 789]], [[154, 790]], [[153, 791]], [[153, 792]], [[152, 793]], [[151, 794]], [[150, 795]], [[150, 796]], [[149, 797]], [[148, 797]], [[147, 798]], [[147, 799]], [[146, 800]], [[146, 801]], [[146, 802]], [[146, 803]], [[146, 804]], [[146, 805]], [[146, 806]], [[146, 807]], [[146, 808]], [[147, 809]], [[147, 810]], [[148, 811]], [[149, 812]], [[149, 813]], [[148, 814]], [[148, 815]], [[148, 816]], [[148, 817]], [[149, 818]], [[150, 818]], [[151, 818]], [[152, 818]], [[153, 819]], [[154, 819]], [[155, 819]], [[156, 818]], [[157, 818]], [[158, 819]], [[159, 819]], [[160, 820]], [[161, 820]], [[162, 821]], [[162, 822]], [[162, 823]], [[162, 824]], [[163, 825]], [[164, 824]], [[165, 823]], [[166, 823]], [[167, 823]], [[168, 824]], [[168, 825]], [[168, 826]], [[168, 827]], [[168, 828]], [[168, 829]], [[169, 829]], [[170, 830]], [[171, 831]], [[170, 832]], [[171, 833]], [[172, 833]], [[173, 833]], [[173, 832]], [[174, 831]], [[175, 831]], [[176, 831]], [[177, 830]], [[178, 830]], [[179, 829]], [[180, 828]], [[181, 827]], [[182, 826]], [[183, 826]], [[184, 825]], [[185, 825]], [[186, 825]], [[187, 825]], [[188, 825]], [[189, 825]], [[190, 825]], [[191, 825]], [[192, 824]], [[193, 823]], [[194, 822]], [[195, 822]], [[196, 822]], [[197, 822]], [[198, 822]], [[199, 822]], [[200, 822]], [[201, 821]], [[202, 822]], [[203, 823]], [[204, 824]], [[204, 825]], [[205, 826]], [[206, 825]], [[207, 824]], [[208, 823]], [[209, 822]], [[210, 822]], [[211, 821]], [[212, 821]], [[213, 821]], [[214, 821]], [[215, 821]], [[216, 821]], [[217, 820]], [[218, 819]], [[219, 819]], [[219, 818]], [[220, 817]], [[220, 816]], [[220, 815]], [[220, 814]], [[220, 813]], [[220, 812]], [[220, 811]], [[220, 810]], [[219, 809]], [[218, 808]], [[217, 807]], [[216, 808]], [[215, 808]], [[214, 808]], [[213, 809]], [[212, 809]], [[211, 809]], [[211, 810]], [[210, 811]], [[209, 812]], [[208, 812]], [[207, 812]], [[206, 812]], [[205, 811]], [[205, 810]], [[205, 809]], [[205, 808]], [[205, 807]], [[205, 806]], [[205, 805]], [[204, 804]], [[203, 803]], [[203, 802]], [[202, 801]], [[202, 800]], [[202, 799]], [[201, 798]], [[200, 797]], [[200, 796]], [[200, 795]], [[199, 794]], [[198, 793]], [[198, 792]], [[197, 791]], [[197, 790]], [[196, 789]], [[195, 788]], [[195, 787]], [[194, 786]], [[193, 785]], [[192, 784]], [[191, 785]], [[190, 784]], [[189, 783]], [[188, 782]], [[187, 781]], [[186, 781]], [[185, 781]], [[184, 782]], [[184, 783]], [[184, 784]], [[184, 785]], [[183, 786]], [[182, 787]], [[181, 788]], [[180, 789]], [[181, 790]], [[181, 791]], [[181, 792]], [[180, 793]], [[179, 794]], [[179, 795]], [[179, 796]], [[178, 797]], [[177, 796]], [[176, 795]], [[176, 794]], [[175, 793]], [[175, 792]], [[174, 791]], [[174, 790]], [[174, 789]], [[174, 788]], [[174, 787]], [[174, 786]], [[173, 785]], [[173, 784]], [[173, 783]], [[173, 782]], [[172, 781]], [[173, 780]], [[172, 779]], [[172, 778]], [[171, 777]], [[170, 777]]]","[[], [[[220, 818], [220, 819], [219, 820], [218, 820], [217, 821], [216, 822], [215, 822], [214, 822], [213, 822], [212, 822], [211, 822], [211, 823], [211, 824], [211, 825], [212, 826], [211, 827], [211, 828], [210, 829], [209, 830], [208, 830], [207, 830], [207, 831], [207, 832], [207, 833], [207, 834], [207, 835], [207, 836], [207, 837], [206, 838], [206, 839], [207, 838], [208, 837], [209, 837], [210, 837], [211, 836], [212, 836], [213, 835], [214, 835], [213, 835], [212, 835], [211, 835], [210, 834], [210, 833], [210, 832], [211, 831], [211, 830], [211, 829], [211, 828], [212, 827], [213, 826], [214, 825], [214, 824], [215, 823], [216, 823], [217, 823], [218, 823], [219, 823], [220, 823], [221, 822], [221, 821], [221, 820], [222, 819], [222, 818], [221, 818]]]]","[[], 45]"
53,53,"[[[747, 773]], [[746, 774]], [[745, 775]], [[744, 776]], [[743, 776]], [[742, 776]], [[741, 776]], [[741, 777]], [[740, 778]], [[739, 778]], [[738, 778]], [[737, 779]], [[737, 780]], [[737, 781]], [[737, 782]], [[737, 783]], [[738, 784]], [[738, 785]], [[738, 786]], [[739, 787]], [[739, 788]], [[740, 789]], [[740, 790]], [[741, 791]], [[741, 792]], [[741, 793]], [[742, 794]], [[743, 795]], [[744, 796]], [[745, 795]], [[746, 794]], [[747, 794]], [[748, 794]], [[749, 794]], [[750, 793]], [[751, 792]], [[751, 791]], [[752, 790]], [[752, 789]], [[752, 788]], [[752, 787]], [[752, 786]], [[751, 785]], [[751, 784]], [[751, 783]], [[751, 782]], [[751, 781]], [[751, 780]], [[751, 779]], [[751, 778]], [[751, 777]], [[750, 776]], [[750, 775]], [[749, 775]], [[748, 774]]]",[],[]
54,54,"[[[684, 770]], [[684, 771]], [[683, 772]], [[682, 773]], [[682, 774]], [[682, 775]], [[681, 776]], [[681, 777]], [[681, 778]], [[681, 779]], [[682, 780]], [[682, 781]], [[683, 782]], [[684, 783]], [[684, 784]], [[683, 785]], [[682, 786]], [[681, 787]], [[681, 788]], [[680, 789]], [[680, 790]], [[680, 791]], [[679, 792]], [[679, 793]], [[680, 794]], [[680, 795]], [[681, 796]], [[682, 796]], [[683, 796]], [[684, 797]], [[685, 798]], [[686, 799]], [[687, 799]], [[688, 798]], [[689, 797]], [[690, 797]], [[691, 797]], [[692, 798]], [[693, 799]], [[693, 800]], [[693, 801]], [[692, 802]], [[691, 803]], [[690, 804]], [[689, 803]], [[689, 802]], [[688, 802]], [[687, 802]], [[686, 803]], [[685, 803]], [[684, 804]], [[683, 804]], [[683, 805]], [[683, 806]], [[682, 807]], [[683, 808]], [[683, 809]], [[683, 810]], [[683, 811]], [[683, 812]], [[684, 813]], [[685, 813]], [[686, 812]], [[687, 812]], [[688, 811]], [[689, 811]], [[690, 811]], [[691, 811]], [[692, 810]], [[693, 809]], [[693, 808]], [[694, 807]], [[695, 806]], [[696, 805]], [[697, 805]], [[698, 804]], [[699, 804]], [[700, 804]], [[701, 805]], [[702, 805]], [[703, 805]], [[704, 804]], [[705, 803]], [[706, 803]], [[706, 802]], [[707, 801]], [[708, 800]], [[708, 799]], [[708, 798]], [[709, 797]], [[709, 796]], [[709, 795]], [[709, 794]], [[709, 793]], [[709, 792]], [[710, 791]], [[710, 790]], [[710, 789]], [[710, 788]], [[710, 787]], [[710, 786]], [[709, 785]], [[709, 784]], [[708, 784]], [[707, 783]], [[706, 782]], [[705, 782]], [[704, 782]], [[703, 781]], [[702, 780]], [[701, 779]], [[700, 778]], [[699, 777]], [[698, 776]], [[697, 776]], [[696, 775]], [[695, 775]], [[694, 775]], [[693, 774]], [[693, 773]], [[692, 772]], [[692, 771]], [[691, 771]], [[690, 770]], [[689, 770]], [[688, 770]], [[687, 770]], [[686, 770]], [[685, 770]]]",[[]],[]
55,55,"[[[297, 768]], [[296, 769]], [[295, 770]], [[294, 771]], [[293, 771]], [[292, 771]], [[291, 771]], [[290, 771]], [[289, 771]], [[288, 771]], [[287, 771]], [[286, 771]], [[285, 770]], [[284, 770]], [[283, 771]], [[282, 771]], [[281, 771]], [[280, 771]], [[279, 771]], [[278, 772]], [[277, 772]], [[276, 772]], [[275, 772]], [[274, 773]], [[273, 773]], [[272, 773]], [[271, 773]], [[270, 774]], [[269, 775]], [[268, 776]], [[268, 777]], [[267, 778]], [[267, 779]], [[267, 780]], [[267, 781]], [[267, 782]], [[267, 783]], [[267, 784]], [[267, 785]], [[268, 786]], [[268, 787]], [[268, 788]], [[267, 789]], [[267, 790]], [[266, 791]], [[265, 791]], [[265, 792]], [[265, 793]], [[265, 794]], [[265, 795]], [[264, 796]], [[264, 797]], [[264, 798]], [[264, 799]], [[264, 800]], [[264, 801]], [[263, 802]], [[262, 803]], [[261, 804]], [[260, 804]], [[259, 804]], [[258, 804]], [[257, 804]], [[256, 804]], [[255, 805]], [[254, 806]], [[253, 806]], [[252, 806]], [[251, 806]], [[250, 807]], [[249, 808]], [[249, 809]], [[248, 810]], [[248, 811]], [[247, 812]], [[246, 813]], [[246, 814]], [[245, 815]], [[245, 816]], [[245, 817]], [[245, 818]], [[245, 819]], [[245, 820]], [[245, 821]], [[245, 822]], [[245, 823]], [[245, 824]], [[245, 825]], [[245, 826]], [[245, 827]], [[246, 828]], [[246, 829]], [[246, 830]], [[246, 831]], [[247, 832]], [[247, 833]], [[248, 834]], [[249, 835]], [[250, 835]], [[251, 835]], [[252, 836]], [[253, 837]], [[254, 838]], [[255, 838]], [[256, 838]], [[257, 839]], [[258, 839]], [[259, 838]], [[260, 838]], [[261, 839]], [[262, 839]], [[262, 838]], [[263, 837]], [[263, 836]], [[264, 835]], [[265, 835]], [[266, 836]], [[267, 837]], [[267, 838]], [[268, 839]], [[268, 840]], [[269, 841]], [[270, 842]], [[271, 843]], [[271, 844]], [[271, 845]], [[271, 846]], [[271, 847]], [[271, 848]], [[271, 849]], [[271, 850]], [[271, 851]], [[272, 852]], [[272, 853]], [[273, 854]], [[274, 855]], [[275, 856]], [[276, 856]], [[277, 856]], [[278, 857]], [[279, 857]], [[280, 857]], [[281, 857]], [[282, 858]], [[283, 858]], [[284, 857]], [[285, 857]], [[286, 858]], [[287, 857]], [[288, 857]], [[289, 856]], [[289, 855]], [[290, 854]], [[291, 853]], [[292, 853]], [[293, 854]], [[294, 854]], [[295, 853]], [[295, 852]], [[296, 851]], [[296, 850]], [[297, 849]], [[298, 849]], [[299, 849]], [[300, 849]], [[301, 850]], [[301, 849]], [[301, 848]], [[302, 847]], [[302, 846]], [[302, 845]], [[302, 844]], [[302, 843]], [[302, 842]], [[302, 841]], [[302, 840]], [[302, 839]], [[302, 838]], [[302, 837]], [[303, 836]], [[304, 835]], [[305, 834]], [[305, 833]], [[306, 832]], [[307, 831]], [[307, 830]], [[307, 829]], [[307, 828]], [[308, 827]], [[309, 826]], [[309, 825]], [[310, 824]], [[310, 823]], [[311, 822]], [[311, 821]], [[311, 820]], [[311, 819]], [[311, 818]], [[311, 817]], [[310, 816]], [[309, 815]], [[308, 814]], [[307, 813]], [[306, 812]], [[306, 811]], [[305, 810]], [[305, 809]], [[306, 808]], [[307, 808]], [[308, 807]], [[309, 807]], [[309, 806]], [[310, 805]], [[309, 804]], [[309, 803]], [[309, 802]], [[309, 801]], [[308, 800]], [[308, 799]], [[307, 798]], [[307, 797]], [[307, 796]], [[308, 795]], [[309, 794]], [[310, 794]], [[311, 793]], [[312, 792]], [[313, 791]], [[314, 790]], [[314, 789]], [[315, 788]], [[315, 787]], [[315, 786]], [[315, 785]], [[315, 784]], [[316, 783]], [[316, 782]], [[316, 781]], [[316, 780]], [[316, 779]], [[316, 778]], [[315, 777]], [[315, 776]], [[315, 775]], [[314, 774]], [[313, 773]], [[313, 772]], [[312, 771]], [[311, 771]], [[310, 770]], [[309, 769]], [[309, 768]], [[308, 768]], [[307, 768]], [[306, 768]], [[305, 768]], [[304, 768]], [[303, 768]], [[302, 768]], [[301, 768]], [[300, 768]], [[299, 768]], [[298, 768]]]",[[]],[]
56,56,"[[[648, 764]], [[648, 765]], [[647, 766]], [[646, 766]], [[645, 766]], [[644, 766]], [[643, 766]], [[642, 766]], [[641, 765]], [[640, 765]], [[639, 765]], [[638, 765]], [[637, 766]], [[636, 767]], [[635, 767]], [[635, 768]], [[635, 769]], [[635, 770]], [[636, 771]], [[636, 772]], [[637, 773]], [[637, 774]], [[638, 775]], [[639, 775]], [[640, 775]], [[641, 775]], [[642, 776]], [[643, 776]], [[644, 777]], [[645, 777]], [[646, 778]], [[647, 778]], [[648, 779]], [[649, 779]], [[650, 779]], [[651, 779]], [[652, 779]], [[653, 778]], [[654, 778]], [[655, 777]], [[656, 777]], [[656, 776]], [[657, 775]], [[657, 774]], [[657, 773]], [[657, 772]], [[657, 771]], [[657, 770]], [[656, 770]], [[655, 770]], [[654, 769]], [[653, 768]], [[653, 767]], [[653, 766]], [[652, 765]], [[651, 765]], [[650, 765]], [[649, 765]]]","[[], [[[640, 776], [640, 777], [641, 778], [642, 779], [643, 780], [644, 781], [644, 782], [644, 783], [645, 784], [645, 785], [644, 786], [643, 787], [642, 788], [641, 789], [640, 789], [639, 790], [638, 790], [637, 790], [636, 790], [635, 791], [635, 792], [634, 793], [633, 794], [633, 795], [633, 796], [634, 796], [635, 796], [636, 796], [637, 796], [637, 795], [638, 794], [638, 793], [639, 792], [640, 793], [641, 794], [642, 794], [643, 794], [643, 793], [643, 792], [643, 791], [642, 790], [642, 789], [643, 788], [644, 787], [644, 786], [645, 785], [646, 784], [647, 785], [648, 785], [647, 784], [647, 783], [647, 782], [647, 781], [647, 780], [647, 779], [646, 779], [645, 778], [644, 778], [643, 777], [642, 777], [641, 776]]], [[[675, 776], [674, 777], [673, 777], [672, 778], [671, 779], [670, 778], [669, 777], [668, 777], [668, 778], [668, 779], [669, 780], [670, 781], [670, 782], [670, 783], [669, 784], [668, 784], [667, 784], [666, 784], [665, 784], [664, 784], [663, 784], [662, 784], [661, 785], [660, 786], [659, 787], [658, 788], [659, 788], [660, 788], [661, 788], [662, 788], [663, 789], [663, 790], [663, 791], [664, 791], [665, 792], [666, 792], [667, 792], [668, 792], [667, 791], [666, 790], [665, 789], [666, 788], [666, 787], [667, 786], [668, 785], [669, 786], [670, 785], [671, 785], [671, 784], [671, 783], [671, 782], [671, 781], [672, 780], [673, 779], [674, 778], [675, 778], [676, 778], [677, 778], [678, 779], [678, 780], [679, 780], [679, 779], [678, 779], [677, 778], [677, 777], [676, 776]]], [[[650, 763], [650, 764], [651, 764], [652, 764], [653, 765], [654, 766], [654, 767], [654, 768], [655, 769], [656, 769], [657, 769], [658, 770], [659, 770], [660, 770], [661, 770], [662, 771], [663, 771], [663, 770], [663, 769], [663, 768], [662, 767], [661, 768], [660, 768], [659, 768], [658, 768], [657, 768], [656, 767], [655, 766], [655, 765], [655, 764], [654, 763], [653, 763], [652, 763], [651, 763]]]]","[[], 61, 62, 63]"
57,57,"[[[43, 757]], [[42, 758]], [[41, 759]], [[40, 759]], [[39, 760]], [[38, 760]], [[38, 761]], [[37, 762]], [[36, 763]], [[36, 764]], [[36, 765]], [[35, 766]], [[35, 767]], [[36, 768]], [[37, 768]], [[38, 769]], [[39, 770]], [[40, 770]], [[41, 771]], [[42, 772]], [[42, 773]], [[42, 774]], [[43, 774]], [[44, 775]], [[45, 776]], [[46, 777]], [[46, 778]], [[46, 779]], [[46, 780]], [[46, 781]], [[47, 782]], [[48, 782]], [[49, 782]], [[50, 782]], [[51, 781]], [[52, 781]], [[53, 780]], [[54, 780]], [[55, 780]], [[56, 780]], [[57, 780]], [[58, 780]], [[59, 780]], [[60, 779]], [[61, 778]], [[61, 777]], [[61, 776]], [[61, 775]], [[61, 774]], [[62, 773]], [[61, 772]], [[61, 771]], [[60, 770]], [[60, 769]], [[60, 768]], [[59, 767]], [[59, 766]], [[58, 765]], [[57, 764]], [[56, 764]], [[55, 763]], [[54, 762]], [[53, 762]], [[52, 761]], [[52, 760]], [[51, 759]], [[50, 758]], [[49, 758]], [[48, 757]], [[47, 757]], [[46, 757]], [[45, 757]], [[44, 757]]]","[[], [[[68, 774], [67, 775], [67, 776], [66, 777], [65, 778], [64, 778], [63, 777], [63, 776], [62, 776], [62, 777], [62, 778], [61, 779], [60, 780], [59, 781], [58, 781], [57, 781], [56, 781], [55, 781], [54, 781], [53, 781], [52, 782], [51, 782], [50, 783], [49, 783], [48, 783], [47, 783], [46, 783], [46, 784], [47, 784], [48, 784], [49, 784], [50, 785], [50, 786], [51, 787], [52, 786], [53, 786], [54, 785], [55, 785], [56, 784], [57, 784], [58, 783], [59, 783], [60, 782], [61, 781], [62, 780], [63, 779], [64, 780], [65, 780], [66, 780], [67, 780], [68, 779], [69, 779], [70, 779], [71, 779], [71, 778], [71, 777], [70, 776], [69, 775]]]]","[[], 56]"
58,58,"[[[127, 747]], [[126, 748]], [[125, 748]], [[124, 748]], [[123, 749]], [[122, 750]], [[122, 751]], [[122, 752]], [[121, 753]], [[120, 754]], [[120, 755]], [[119, 756]], [[119, 757]], [[119, 758]], [[119, 759]], [[120, 760]], [[120, 761]], [[120, 762]], [[120, 763]], [[120, 764]], [[120, 765]], [[120, 766]], [[120, 767]], [[120, 768]], [[120, 769]], [[120, 770]], [[120, 771]], [[119, 772]], [[119, 773]], [[119, 774]], [[120, 775]], [[120, 776]], [[120, 777]], [[121, 778]], [[121, 779]], [[122, 780]], [[123, 780]], [[124, 780]], [[125, 781]], [[125, 782]], [[126, 783]], [[127, 784]], [[128, 785]], [[129, 785]], [[130, 785]], [[131, 785]], [[132, 785]], [[133, 785]], [[134, 785]], [[134, 784]], [[135, 783]], [[135, 782]], [[136, 781]], [[137, 780]], [[137, 779]], [[138, 778]], [[138, 777]], [[138, 776]], [[139, 775]], [[139, 774]], [[140, 773]], [[141, 772]], [[142, 772]], [[143, 772]], [[144, 771]], [[144, 770]], [[144, 769]], [[144, 768]], [[144, 767]], [[144, 766]], [[144, 765]], [[144, 764]], [[145, 763]], [[145, 762]], [[145, 761]], [[146, 760]], [[146, 759]], [[146, 758]], [[146, 757]], [[146, 756]], [[146, 755]], [[146, 754]], [[145, 753]], [[144, 752]], [[143, 751]], [[142, 750]], [[141, 749]], [[140, 748]], [[140, 747]], [[139, 747]], [[138, 747]], [[137, 747]], [[136, 747]], [[135, 748]], [[134, 748]], [[133, 748]], [[132, 748]], [[131, 747]], [[130, 747]], [[129, 747]], [[128, 747]]]",[[]],[]
59,59,"[[[82, 746]], [[81, 747]], [[80, 748]], [[79, 749]], [[79, 750]], [[79, 751]], [[79, 752]], [[79, 753]], [[79, 754]], [[78, 755]], [[78, 756]], [[79, 757]], [[80, 757]], [[81, 757]], [[82, 758]], [[83, 757]], [[84, 757]], [[85, 756]], [[86, 756]], [[87, 756]], [[88, 756]], [[89, 755]], [[90, 755]], [[91, 754]], [[92, 754]], [[93, 754]], [[94, 753]], [[95, 752]], [[96, 751]], [[95, 750]], [[94, 750]], [[93, 749]], [[92, 748]], [[91, 747]], [[90, 746]], [[89, 746]], [[88, 746]], [[87, 746]], [[86, 746]], [[85, 746]], [[84, 746]], [[83, 746]]]",[[]],[]
60,60,"[[[594, 745]], [[593, 746]], [[592, 746]], [[591, 746]], [[590, 747]], [[589, 748]], [[588, 748]], [[587, 749]], [[586, 750]], [[585, 750]], [[584, 750]], [[584, 751]], [[583, 752]], [[582, 753]], [[581, 753]], [[580, 754]], [[579, 754]], [[578, 754]], [[577, 754]], [[576, 753]], [[575, 753]], [[574, 753]], [[573, 753]], [[572, 753]], [[571, 753]], [[570, 753]], [[569, 752]], [[568, 752]], [[567, 752]], [[566, 753]], [[565, 753]], [[564, 754]], [[564, 755]], [[563, 756]], [[563, 757]], [[562, 758]], [[562, 759]], [[562, 760]], [[561, 761]], [[561, 762]], [[560, 763]], [[559, 763]], [[559, 764]], [[558, 765]], [[558, 766]], [[558, 767]], [[557, 768]], [[557, 769]], [[557, 770]], [[558, 771]], [[559, 772]], [[560, 772]], [[561, 772]], [[562, 772]], [[563, 773]], [[564, 774]], [[565, 775]], [[566, 776]], [[567, 777]], [[568, 778]], [[568, 779]], [[569, 780]], [[570, 781]], [[571, 781]], [[572, 782]], [[572, 783]], [[572, 784]], [[573, 785]], [[574, 786]], [[575, 787]], [[576, 788]], [[576, 789]], [[577, 790]], [[577, 791]], [[577, 792]], [[577, 793]], [[578, 793]], [[579, 794]], [[580, 794]], [[581, 794]], [[582, 793]], [[583, 792]], [[584, 791]], [[585, 791]], [[586, 792]], [[587, 792]], [[588, 792]], [[589, 791]], [[590, 791]], [[591, 790]], [[592, 790]], [[593, 789]], [[594, 788]], [[595, 788]], [[596, 787]], [[597, 786]], [[598, 786]], [[599, 785]], [[600, 784]], [[601, 783]], [[602, 782]], [[603, 781]], [[604, 780]], [[605, 779]], [[605, 778]], [[606, 777]], [[607, 776]], [[608, 777]], [[608, 776]], [[609, 775]], [[610, 775]], [[611, 775]], [[612, 774]], [[612, 773]], [[612, 772]], [[612, 771]], [[612, 770]], [[612, 769]], [[612, 768]], [[613, 767]], [[613, 766]], [[614, 765]], [[614, 764]], [[614, 763]], [[615, 762]], [[614, 761]], [[614, 760]], [[614, 759]], [[613, 758]], [[613, 757]], [[612, 756]], [[612, 755]], [[611, 754]], [[611, 753]], [[610, 752]], [[610, 751]], [[610, 750]], [[610, 749]], [[609, 748]], [[608, 748]], [[607, 748]], [[606, 747]], [[605, 747]], [[604, 747]], [[603, 747]], [[602, 747]], [[601, 747]], [[600, 747]], [[599, 747]], [[598, 746]], [[597, 746]], [[596, 745]], [[595, 745]]]",[[]],[]
61,61,"[[[429, 705]], [[428, 706]], [[427, 706]], [[426, 706]], [[425, 706]], [[424, 706]], [[424, 707]], [[423, 708]], [[422, 709]], [[422, 710]], [[422, 711]], [[421, 712]], [[421, 713]], [[421, 714]], [[420, 715]], [[420, 716]], [[420, 717]], [[419, 718]], [[419, 719]], [[419, 720]], [[419, 721]], [[418, 722]], [[418, 723]], [[418, 724]], [[417, 725]], [[417, 726]], [[416, 727]], [[416, 728]], [[416, 729]], [[415, 730]], [[414, 731]], [[414, 732]], [[413, 733]], [[412, 734]], [[411, 734]], [[410, 734]], [[409, 735]], [[408, 735]], [[407, 736]], [[406, 736]], [[405, 736]], [[404, 737]], [[403, 737]], [[402, 737]], [[401, 737]], [[400, 738]], [[399, 738]], [[398, 738]], [[397, 739]], [[396, 740]], [[396, 741]], [[395, 742]], [[394, 743]], [[393, 743]], [[392, 744]], [[391, 744]], [[390, 743]], [[390, 742]], [[389, 742]], [[388, 742]], [[387, 742]], [[386, 742]], [[385, 742]], [[384, 742]], [[384, 743]], [[383, 744]], [[383, 745]], [[383, 746]], [[383, 747]], [[384, 747]], [[385, 747]], [[386, 748]], [[386, 749]], [[387, 748]], [[388, 748]], [[389, 747]], [[390, 747]], [[391, 747]], [[392, 748]], [[392, 749]], [[391, 750]], [[392, 751]], [[392, 752]], [[392, 753]], [[393, 754]], [[394, 755]], [[393, 756]], [[393, 757]], [[393, 758]], [[393, 759]], [[394, 760]], [[395, 761]], [[395, 762]], [[395, 763]], [[395, 764]], [[395, 765]], [[395, 766]], [[395, 767]], [[394, 768]], [[394, 769]], [[394, 770]], [[394, 771]], [[394, 772]], [[394, 773]], [[393, 774]], [[393, 775]], [[393, 776]], [[393, 777]], [[393, 778]], [[393, 779]], [[393, 780]], [[392, 781]], [[392, 782]], [[391, 783]], [[392, 784]], [[392, 785]], [[393, 786]], [[393, 787]], [[393, 788]], [[393, 789]], [[393, 790]], [[393, 791]], [[394, 792]], [[395, 793]], [[396, 794]], [[397, 794]], [[398, 795]], [[399, 795]], [[400, 795]], [[401, 796]], [[402, 795]], [[403, 794]], [[404, 794]], [[404, 793]], [[405, 792]], [[405, 791]], [[406, 790]], [[406, 789]], [[406, 788]], [[406, 787]], [[406, 786]], [[407, 785]], [[407, 784]], [[407, 783]], [[407, 782]], [[407, 781]], [[408, 780]], [[409, 779]], [[410, 778]], [[411, 778]], [[412, 777]], [[413, 776]], [[414, 776]], [[415, 776]], [[416, 775]], [[416, 774]], [[416, 773]], [[417, 772]], [[418, 772]], [[419, 772]], [[420, 773]], [[421, 772]], [[422, 772]], [[423, 771]], [[424, 771]], [[425, 771]], [[426, 771]], [[427, 771]], [[428, 771]], [[429, 770]], [[430, 770]], [[431, 770]], [[432, 771]], [[433, 771]], [[434, 771]], [[435, 771]], [[436, 770]], [[437, 771]], [[438, 770]], [[439, 769]], [[440, 768]], [[441, 768]], [[442, 768]], [[443, 768]], [[444, 768]], [[445, 767]], [[446, 767]], [[447, 766]], [[448, 765]], [[449, 764]], [[449, 763]], [[449, 762]], [[450, 761]], [[451, 760]], [[452, 760]], [[453, 761]], [[454, 761]], [[455, 760]], [[456, 759]], [[457, 759]], [[458, 759]], [[459, 758]], [[460, 757]], [[461, 757]], [[462, 756]], [[463, 755]], [[464, 755]], [[465, 756]], [[466, 757]], [[467, 757]], [[468, 757]], [[469, 756]], [[470, 756]], [[471, 757]], [[472, 757]], [[473, 756]], [[474, 756]], [[475, 756]], [[476, 756]], [[477, 756]], [[478, 756]], [[479, 757]], [[480, 756]], [[481, 756]], [[482, 755]], [[483, 755]], [[484, 754]], [[485, 753]], [[486, 752]], [[486, 751]], [[486, 750]], [[486, 749]], [[486, 748]], [[486, 747]], [[486, 746]], [[486, 745]], [[485, 744]], [[485, 743]], [[484, 742]], [[484, 741]], [[483, 740]], [[482, 739]], [[482, 738]], [[482, 737]], [[482, 736]], [[481, 735]], [[481, 734]], [[481, 733]], [[480, 732]], [[480, 731]], [[480, 730]], [[479, 729]], [[479, 728]], [[478, 727]], [[478, 726]], [[478, 725]], [[477, 724]], [[477, 723]], [[476, 722]], [[475, 721]], [[474, 721]], [[473, 721]], [[472, 721]], [[471, 721]], [[470, 722]], [[469, 722]], [[468, 723]], [[467, 724]], [[467, 725]], [[466, 726]], [[465, 726]], [[464, 725]], [[463, 724]], [[462, 724]], [[461, 723]], [[460, 723]], [[459, 722]], [[458, 721]], [[457, 721]], [[456, 720]], [[455, 719]], [[454, 719]], [[453, 718]], [[452, 718]], [[451, 717]], [[450, 716]], [[450, 715]], [[449, 715]], [[448, 714]], [[447, 713]], [[446, 712]], [[445, 711]], [[444, 710]], [[443, 710]], [[442, 709]], [[441, 708]], [[440, 708]], [[439, 707]], [[438, 707]], [[437, 706]], [[436, 705]], [[435, 705]], [[434, 705]], [[433, 705]], [[432, 705]], [[431, 705]], [[430, 705]]]","[[[[428, 702], [427, 703], [426, 703], [425, 704], [424, 704], [423, 703], [422, 703], [421, 704], [420, 705], [419, 706], [418, 706], [418, 707], [419, 706], [420, 706], [421, 706], [422, 705], [423, 705], [424, 705], [425, 705], [426, 705], [427, 704], [428, 703], [429, 703], [430, 702], [431, 702], [430, 702], [429, 702]]], []]","[65, []]"
62,62,"[[[799, 704]], [[798, 705]], [[797, 706]], [[796, 707]], [[795, 708]], [[794, 709]], [[793, 709]], [[792, 709]], [[791, 709]], [[790, 709]], [[789, 709]], [[788, 710]], [[787, 710]], [[786, 710]], [[785, 711]], [[784, 711]], [[783, 711]], [[782, 712]], [[781, 712]], [[780, 713]], [[779, 714]], [[778, 715]], [[777, 716]], [[777, 717]], [[777, 718]], [[776, 719]], [[776, 720]], [[776, 721]], [[775, 722]], [[775, 723]], [[774, 724]], [[773, 724]], [[772, 725]], [[771, 726]], [[771, 727]], [[770, 728]], [[770, 729]], [[769, 730]], [[768, 731]], [[767, 732]], [[766, 733]], [[766, 734]], [[766, 735]], [[766, 736]], [[765, 737]], [[764, 738]], [[764, 739]], [[763, 740]], [[762, 741]], [[762, 742]], [[762, 743]], [[762, 744]], [[761, 745]], [[761, 746]], [[761, 747]], [[761, 748]], [[761, 749]], [[761, 750]], [[762, 751]], [[762, 752]], [[762, 753]], [[762, 754]], [[763, 755]], [[764, 756]], [[764, 757]], [[765, 758]], [[765, 759]], [[766, 760]], [[766, 761]], [[767, 762]], [[768, 763]], [[769, 763]], [[770, 763]], [[771, 763]], [[772, 763]], [[773, 763]], [[774, 763]], [[775, 763]], [[776, 762]], [[777, 762]], [[777, 761]], [[778, 760]], [[778, 759]], [[779, 758]], [[780, 757]], [[781, 757]], [[782, 756]], [[783, 755]], [[783, 754]], [[784, 753]], [[784, 752]], [[784, 751]], [[785, 750]], [[786, 749]], [[786, 748]], [[786, 747]], [[787, 746]], [[788, 745]], [[789, 744]], [[790, 743]], [[791, 742]], [[792, 741]], [[793, 740]], [[793, 739]], [[794, 738]], [[794, 737]], [[795, 736]], [[795, 735]], [[796, 734]], [[796, 733]], [[797, 732]], [[797, 731]], [[798, 730]], [[798, 729]], [[799, 728]], [[800, 727]], [[800, 726]], [[800, 725]], [[800, 724]], [[800, 723]], [[801, 722]], [[801, 721]], [[802, 720]], [[802, 719]], [[802, 718]], [[802, 717]], [[803, 716]], [[803, 715]], [[804, 714]], [[804, 713]], [[805, 712]], [[806, 711]], [[806, 710]], [[806, 709]], [[806, 708]], [[806, 707]], [[805, 706]], [[804, 705]], [[803, 705]], [[802, 704]], [[801, 704]], [[800, 704]]]","[[], [[[796, 736], [795, 737], [795, 738], [794, 739], [794, 740], [794, 741], [795, 740], [796, 739], [797, 739], [798, 739], [799, 740], [800, 740], [801, 740], [802, 740], [803, 741], [804, 742], [804, 743], [805, 743], [806, 742], [805, 742], [804, 742], [803, 741], [802, 740], [801, 740], [800, 740], [799, 739], [799, 738], [799, 737], [798, 737], [797, 736]]]]","[[], 66]"
63,63,"[[[486, 697]], [[485, 698]], [[484, 698]], [[483, 699]], [[483, 700]], [[483, 701]], [[483, 702]], [[483, 703]], [[484, 704]], [[484, 705]], [[484, 706]], [[484, 707]], [[484, 708]], [[485, 709]], [[486, 709]], [[487, 710]], [[488, 709]], [[489, 710]], [[490, 709]], [[491, 709]], [[491, 708]], [[491, 707]], [[492, 706]], [[492, 705]], [[492, 704]], [[491, 703]], [[491, 702]], [[490, 701]], [[490, 700]], [[490, 699]], [[490, 698]], [[489, 698]], [[488, 697]], [[487, 697]]]",[[]],[]
64,64,"[[[423, 690]], [[422, 691]], [[422, 692]], [[421, 693]], [[420, 694]], [[420, 695]], [[419, 696]], [[419, 697]], [[418, 698]], [[417, 699]], [[416, 699]], [[415, 699]], [[415, 700]], [[415, 701]], [[415, 702]], [[414, 703]], [[415, 704]], [[415, 705]], [[415, 706]], [[416, 705]], [[416, 704]], [[417, 703]], [[418, 703]], [[419, 703]], [[420, 703]], [[421, 703]], [[422, 702]], [[423, 701]], [[423, 700]], [[424, 699]], [[425, 699]], [[426, 698]], [[426, 697]], [[426, 696]], [[426, 695]], [[426, 694]], [[426, 693]], [[426, 692]], [[426, 691]], [[425, 690]], [[424, 690]]]","[[], [[[428, 702], [427, 703], [426, 703], [425, 704], [424, 704], [423, 703], [422, 703], [421, 704], [420, 705], [419, 706], [418, 706], [418, 707], [419, 706], [420, 706], [421, 706], [422, 705], [423, 705], [424, 705], [425, 705], [426, 705], [427, 704], [428, 703], [429, 703], [430, 702], [431, 702], [430, 702], [429, 702]]]]","[[], 65]"
65,65,"[[[101, 690]], [[101, 691]], [[100, 692]], [[99, 692]], [[98, 691]], [[97, 691]], [[96, 692]], [[95, 692]], [[94, 692]], [[93, 692]], [[92, 693]], [[92, 694]], [[92, 695]], [[92, 696]], [[92, 697]], [[92, 698]], [[93, 699]], [[93, 700]], [[94, 701]], [[95, 702]], [[95, 703]], [[96, 704]], [[96, 705]], [[97, 706]], [[98, 706]], [[99, 707]], [[100, 706]], [[101, 705]], [[102, 705]], [[102, 704]], [[102, 703]], [[103, 702]], [[103, 701]], [[104, 700]], [[104, 699]], [[105, 698]], [[104, 697]], [[104, 696]], [[103, 695]], [[103, 694]], [[102, 693]], [[102, 692]], [[102, 691]]]",[[]],[]
66,66,"[[[548, 685]], [[547, 686]], [[546, 687]], [[545, 688]], [[545, 689]], [[545, 690]], [[544, 691]], [[544, 692]], [[543, 693]], [[542, 694]], [[542, 695]], [[541, 696]], [[541, 697]], [[540, 698]], [[540, 699]], [[539, 700]], [[539, 701]], [[538, 702]], [[538, 703]], [[537, 704]], [[537, 705]], [[536, 706]], [[535, 707]], [[535, 708]], [[535, 709]], [[534, 710]], [[534, 711]], [[533, 712]], [[534, 712]], [[535, 713]], [[536, 714]], [[536, 715]], [[536, 716]], [[537, 717]], [[537, 718]], [[537, 719]], [[538, 720]], [[538, 721]], [[538, 722]], [[539, 723]], [[540, 724]], [[541, 725]], [[541, 726]], [[541, 727]], [[542, 728]], [[542, 729]], [[543, 730]], [[543, 731]], [[543, 732]], [[544, 733]], [[544, 734]], [[544, 735]], [[545, 735]], [[546, 735]], [[547, 736]], [[548, 736]], [[549, 737]], [[550, 737]], [[551, 736]], [[552, 736]], [[553, 736]], [[554, 736]], [[555, 735]], [[556, 735]], [[557, 735]], [[558, 734]], [[559, 733]], [[560, 732]], [[561, 731]], [[562, 730]], [[563, 730]], [[563, 729]], [[564, 728]], [[565, 727]], [[566, 726]], [[567, 725]], [[568, 724]], [[568, 723]], [[569, 722]], [[570, 722]], [[571, 721]], [[572, 721]], [[573, 721]], [[574, 721]], [[575, 721]], [[576, 720]], [[576, 719]], [[577, 718]], [[578, 717]], [[579, 716]], [[580, 715]], [[580, 714]], [[581, 713]], [[581, 712]], [[581, 711]], [[581, 710]], [[582, 709]], [[582, 708]], [[581, 707]], [[580, 706]], [[580, 705]], [[579, 704]], [[579, 703]], [[579, 702]], [[580, 701]], [[579, 700]], [[579, 699]], [[578, 698]], [[577, 698]], [[576, 697]], [[575, 697]], [[574, 696]], [[573, 696]], [[572, 696]], [[571, 695]], [[571, 694]], [[570, 694]], [[569, 693]], [[568, 692]], [[567, 691]], [[566, 691]], [[565, 690]], [[564, 690]], [[563, 690]], [[562, 690]], [[561, 689]], [[560, 689]], [[559, 689]], [[558, 689]], [[557, 689]], [[556, 689]], [[555, 688]], [[554, 688]], [[553, 687]], [[552, 687]], [[551, 687]], [[550, 686]], [[549, 685]]]",[[]],[]
67,67,"[[[673, 684]], [[672, 685]], [[671, 685]], [[670, 686]], [[669, 686]], [[668, 686]], [[667, 686]], [[666, 686]], [[665, 687]], [[665, 688]], [[664, 689]], [[665, 690]], [[665, 691]], [[666, 692]], [[666, 693]], [[666, 694]], [[666, 695]], [[667, 696]], [[667, 697]], [[668, 698]], [[669, 699]], [[669, 700]], [[669, 701]], [[669, 702]], [[668, 703]], [[668, 704]], [[668, 705]], [[668, 706]], [[668, 707]], [[669, 708]], [[669, 709]], [[669, 710]], [[670, 710]], [[671, 710]], [[672, 709]], [[673, 708]], [[674, 707]], [[674, 706]], [[675, 705]], [[676, 705]], [[677, 704]], [[678, 704]], [[679, 703]], [[679, 702]], [[680, 701]], [[681, 700]], [[681, 699]], [[682, 698]], [[682, 697]], [[682, 696]], [[682, 695]], [[682, 694]], [[682, 693]], [[682, 692]], [[681, 691]], [[680, 690]], [[680, 689]], [[679, 688]], [[679, 687]], [[678, 686]], [[678, 685]], [[677, 685]], [[676, 684]], [[675, 684]], [[674, 684]]]",[[]],[]
68,68,"[[[446, 684]], [[445, 685]], [[445, 686]], [[444, 687]], [[444, 688]], [[443, 689]], [[443, 690]], [[442, 691]], [[442, 692]], [[442, 693]], [[442, 694]], [[442, 695]], [[442, 696]], [[442, 697]], [[443, 698]], [[443, 699]], [[444, 700]], [[445, 701]], [[445, 702]], [[445, 703]], [[446, 704]], [[446, 705]], [[447, 706]], [[448, 706]], [[449, 707]], [[450, 708]], [[451, 709]], [[452, 709]], [[453, 710]], [[454, 710]], [[455, 710]], [[456, 711]], [[457, 712]], [[458, 713]], [[459, 713]], [[460, 713]], [[461, 713]], [[462, 713]], [[463, 713]], [[464, 714]], [[465, 714]], [[466, 715]], [[467, 715]], [[468, 715]], [[469, 714]], [[470, 714]], [[471, 714]], [[472, 713]], [[472, 712]], [[473, 711]], [[474, 710]], [[474, 709]], [[475, 708]], [[475, 707]], [[476, 706]], [[476, 705]], [[476, 704]], [[476, 703]], [[476, 702]], [[475, 701]], [[474, 700]], [[474, 699]], [[473, 698]], [[473, 697]], [[474, 696]], [[474, 695]], [[475, 694]], [[476, 694]], [[477, 694]], [[478, 695]], [[479, 695]], [[480, 695]], [[481, 694]], [[482, 693]], [[482, 692]], [[482, 691]], [[481, 690]], [[481, 689]], [[480, 688]], [[479, 687]], [[479, 686]], [[478, 686]], [[477, 685]], [[476, 686]], [[475, 685]], [[474, 686]], [[473, 686]], [[473, 687]], [[472, 688]], [[472, 689]], [[472, 690]], [[471, 691]], [[470, 692]], [[469, 692]], [[468, 691]], [[467, 691]], [[466, 690]], [[465, 689]], [[464, 689]], [[463, 688]], [[462, 688]], [[461, 688]], [[460, 688]], [[459, 688]], [[458, 688]], [[457, 687]], [[456, 687]], [[455, 687]], [[454, 686]], [[453, 686]], [[452, 686]], [[451, 686]], [[450, 685]], [[449, 685]], [[448, 684]], [[447, 684]]]",[[]],[]
69,69,"[[[63, 677]], [[62, 678]], [[62, 679]], [[62, 680]], [[61, 681]], [[61, 682]], [[60, 683]], [[60, 684]], [[60, 685]], [[60, 686]], [[61, 687]], [[61, 688]], [[60, 689]], [[59, 690]], [[59, 691]], [[58, 692]], [[57, 693]], [[56, 693]], [[55, 694]], [[54, 694]], [[53, 694]], [[52, 694]], [[51, 695]], [[50, 696]], [[50, 697]], [[50, 698]], [[50, 699]], [[50, 700]], [[50, 701]], [[49, 702]], [[49, 703]], [[50, 704]], [[50, 705]], [[50, 706]], [[51, 707]], [[51, 708]], [[51, 709]], [[51, 710]], [[52, 711]], [[52, 712]], [[52, 713]], [[52, 714]], [[52, 715]], [[53, 716]], [[53, 717]], [[54, 718]], [[54, 719]], [[55, 720]], [[55, 721]], [[55, 722]], [[54, 723]], [[53, 723]], [[52, 724]], [[51, 725]], [[51, 726]], [[51, 727]], [[51, 728]], [[51, 729]], [[52, 730]], [[52, 731]], [[52, 732]], [[52, 733]], [[53, 734]], [[54, 735]], [[55, 736]], [[56, 736]], [[57, 737]], [[58, 737]], [[59, 738]], [[60, 738]], [[61, 738]], [[62, 738]], [[63, 738]], [[64, 738]], [[65, 738]], [[66, 738]], [[67, 738]], [[68, 739]], [[69, 739]], [[70, 739]], [[71, 739]], [[72, 739]], [[73, 739]], [[74, 739]], [[75, 739]], [[76, 738]], [[77, 739]], [[78, 738]], [[79, 738]], [[80, 738]], [[81, 738]], [[82, 738]], [[83, 738]], [[84, 738]], [[85, 737]], [[86, 737]], [[87, 736]], [[88, 736]], [[89, 735]], [[90, 734]], [[90, 733]], [[91, 732]], [[92, 731]], [[92, 730]], [[92, 729]], [[92, 728]], [[92, 727]], [[92, 726]], [[92, 725]], [[91, 724]], [[91, 723]], [[90, 723]], [[89, 723]], [[88, 723]], [[87, 723]], [[86, 723]], [[85, 723]], [[84, 723]], [[83, 723]], [[82, 723]], [[81, 723]], [[80, 723]], [[79, 724]], [[78, 724]], [[77, 724]], [[76, 723]], [[75, 723]], [[74, 723]], [[73, 723]], [[72, 723]], [[71, 723]], [[70, 723]], [[69, 723]], [[68, 723]], [[67, 723]], [[66, 723]], [[65, 723]], [[64, 722]], [[64, 721]], [[65, 720]], [[66, 719]], [[67, 719]], [[68, 720]], [[68, 719]], [[67, 718]], [[68, 717]], [[68, 716]], [[69, 715]], [[70, 715]], [[71, 714]], [[72, 713]], [[73, 712]], [[74, 712]], [[75, 711]], [[76, 711]], [[77, 710]], [[78, 710]], [[79, 709]], [[79, 708]], [[80, 707]], [[81, 707]], [[82, 706]], [[82, 705]], [[82, 704]], [[82, 703]], [[82, 702]], [[82, 701]], [[81, 700]], [[81, 699]], [[81, 698]], [[81, 697]], [[81, 696]], [[81, 695]], [[81, 694]], [[81, 693]], [[81, 692]], [[82, 691]], [[81, 690]], [[81, 689]], [[80, 688]], [[79, 687]], [[78, 686]], [[78, 685]], [[77, 684]], [[76, 683]], [[75, 682]], [[74, 681]], [[74, 680]], [[73, 680]], [[72, 679]], [[71, 679]], [[70, 678]], [[69, 678]], [[68, 677]], [[67, 677]], [[66, 677]], [[65, 677]], [[64, 677]]]","[[[[44, 698], [44, 699], [43, 700], [42, 701], [41, 702], [40, 703], [39, 704], [38, 704], [37, 704], [36, 704], [35, 704], [34, 704], [33, 704], [32, 704], [32, 705], [33, 706], [33, 707], [33, 708], [34, 708], [35, 708], [36, 709], [37, 710], [37, 711], [38, 711], [39, 711], [39, 710], [38, 709], [37, 708], [37, 707], [37, 706], [38, 705], [39, 705], [40, 705], [41, 705], [42, 705], [43, 704], [44, 705], [45, 705], [46, 706], [47, 707], [48, 707], [48, 706], [48, 705], [48, 704], [48, 703], [48, 702], [48, 701], [47, 700], [47, 699], [46, 699], [45, 699]]], [], [[[82, 695], [82, 696], [82, 697], [82, 698], [82, 699], [82, 700], [83, 701], [83, 702], [83, 703], [83, 704], [84, 705], [84, 706], [85, 707], [86, 708], [87, 708], [88, 707], [88, 706], [87, 705], [86, 705], [85, 705], [84, 704], [84, 703], [84, 702], [84, 701], [85, 700], [85, 699], [85, 698], [84, 697], [84, 696], [83, 695]]]]","[68, [], 69]"
70,70,"[[[157, 651]], [[156, 652]], [[155, 652]], [[154, 653]], [[154, 654]], [[153, 655]], [[153, 656]], [[153, 657]], [[152, 658]], [[152, 659]], [[153, 660]], [[154, 661]], [[155, 661]], [[156, 662]], [[157, 662]], [[158, 662]], [[159, 663]], [[160, 663]], [[161, 662]], [[162, 661]], [[162, 660]], [[162, 659]], [[162, 658]], [[162, 657]], [[162, 656]], [[161, 655]], [[161, 654]], [[160, 653]], [[160, 652]], [[159, 651]], [[158, 651]]]",[[]],[]
71,71,"[[[366, 648]], [[365, 649]], [[364, 649]], [[363, 650]], [[363, 651]], [[362, 652]], [[362, 653]], [[362, 654]], [[361, 655]], [[360, 656]], [[359, 657]], [[358, 656]], [[357, 656]], [[356, 656]], [[355, 655]], [[354, 655]], [[353, 654]], [[352, 654]], [[351, 654]], [[350, 655]], [[349, 656]], [[348, 656]], [[347, 656]], [[346, 655]], [[346, 654]], [[345, 654]], [[344, 653]], [[343, 652]], [[342, 652]], [[341, 652]], [[340, 652]], [[339, 652]], [[338, 652]], [[337, 652]], [[336, 652]], [[335, 651]], [[334, 651]], [[333, 651]], [[332, 652]], [[331, 652]], [[331, 653]], [[331, 654]], [[330, 655]], [[330, 656]], [[330, 657]], [[330, 658]], [[330, 659]], [[329, 660]], [[329, 661]], [[328, 662]], [[328, 663]], [[327, 664]], [[327, 665]], [[327, 666]], [[327, 667]], [[327, 668]], [[327, 669]], [[327, 670]], [[327, 671]], [[327, 672]], [[328, 673]], [[328, 674]], [[329, 675]], [[329, 676]], [[329, 677]], [[329, 678]], [[328, 679]], [[328, 680]], [[328, 681]], [[328, 682]], [[328, 683]], [[328, 684]], [[328, 685]], [[328, 686]], [[328, 687]], [[327, 688]], [[327, 689]], [[327, 690]], [[327, 691]], [[327, 692]], [[327, 693]], [[328, 694]], [[328, 695]], [[329, 696]], [[329, 697]], [[330, 698]], [[330, 699]], [[330, 700]], [[331, 701]], [[331, 702]], [[332, 703]], [[332, 704]], [[333, 705]], [[334, 705]], [[335, 706]], [[335, 707]], [[336, 708]], [[337, 708]], [[338, 709]], [[337, 710]], [[336, 710]], [[335, 711]], [[334, 711]], [[333, 711]], [[332, 712]], [[331, 712]], [[330, 713]], [[329, 713]], [[328, 713]], [[327, 712]], [[327, 711]], [[327, 710]], [[326, 709]], [[326, 708]], [[325, 708]], [[324, 708]], [[323, 708]], [[322, 708]], [[321, 708]], [[320, 708]], [[319, 708]], [[318, 709]], [[317, 709]], [[316, 709]], [[315, 709]], [[314, 709]], [[313, 709]], [[312, 709]], [[311, 709]], [[310, 709]], [[309, 709]], [[308, 709]], [[308, 710]], [[307, 711]], [[306, 712]], [[306, 713]], [[306, 714]], [[306, 715]], [[306, 716]], [[306, 717]], [[306, 718]], [[306, 719]], [[306, 720]], [[306, 721]], [[306, 722]], [[307, 722]], [[308, 723]], [[307, 724]], [[307, 725]], [[307, 726]], [[307, 727]], [[307, 726]], [[308, 725]], [[309, 726]], [[309, 727]], [[309, 728]], [[309, 729]], [[309, 730]], [[309, 731]], [[310, 731]], [[311, 731]], [[312, 732]], [[311, 733]], [[310, 733]], [[309, 734]], [[309, 735]], [[309, 736]], [[308, 737]], [[308, 738]], [[308, 739]], [[308, 740]], [[308, 741]], [[307, 742]], [[307, 743]], [[307, 744]], [[307, 745]], [[307, 746]], [[307, 747]], [[308, 748]], [[308, 749]], [[308, 750]], [[308, 751]], [[308, 752]], [[308, 753]], [[309, 754]], [[309, 755]], [[309, 756]], [[310, 756]], [[311, 756]], [[312, 756]], [[313, 757]], [[314, 758]], [[315, 759]], [[316, 760]], [[317, 761]], [[317, 762]], [[318, 763]], [[319, 763]], [[320, 764]], [[321, 765]], [[322, 766]], [[322, 767]], [[323, 768]], [[323, 769]], [[323, 770]], [[323, 771]], [[323, 772]], [[324, 773]], [[324, 774]], [[325, 775]], [[326, 775]], [[327, 776]], [[327, 777]], [[328, 778]], [[328, 779]], [[328, 780]], [[328, 781]], [[328, 782]], [[329, 783]], [[329, 784]], [[329, 785]], [[330, 786]], [[331, 787]], [[331, 788]], [[332, 789]], [[333, 790]], [[334, 790]], [[335, 790]], [[336, 791]], [[337, 792]], [[338, 792]], [[339, 792]], [[340, 792]], [[341, 792]], [[342, 792]], [[343, 792]], [[344, 792]], [[345, 792]], [[346, 791]], [[347, 791]], [[348, 791]], [[349, 790]], [[350, 789]], [[351, 788]], [[351, 787]], [[351, 786]], [[351, 785]], [[352, 784]], [[353, 783]], [[353, 782]], [[354, 781]], [[354, 780]], [[354, 779]], [[354, 778]], [[355, 777]], [[356, 776]], [[356, 775]], [[356, 774]], [[356, 773]], [[357, 772]], [[357, 771]], [[358, 770]], [[358, 769]], [[359, 768]], [[360, 767]], [[361, 767]], [[361, 766]], [[362, 765]], [[362, 764]], [[362, 763]], [[363, 762]], [[363, 761]], [[363, 760]], [[364, 759]], [[364, 758]], [[365, 757]], [[364, 756]], [[364, 755]], [[364, 754]], [[363, 753]], [[363, 752]], [[362, 751]], [[362, 750]], [[361, 749]], [[361, 748]], [[360, 748]], [[359, 748]], [[358, 747]], [[358, 746]], [[357, 745]], [[357, 744]], [[357, 743]], [[356, 742]], [[356, 741]], [[356, 740]], [[355, 740]], [[354, 740]], [[353, 740]], [[352, 739]], [[352, 738]], [[351, 737]], [[351, 736]], [[350, 735]], [[349, 735]], [[348, 735]], [[347, 735]], [[346, 735]], [[345, 734]], [[344, 733]], [[344, 732]], [[344, 731]], [[344, 730]], [[344, 729]], [[345, 728]], [[345, 727]], [[346, 726]], [[347, 725]], [[348, 724]], [[348, 723]], [[349, 722]], [[349, 721]], [[349, 720]], [[349, 719]], [[349, 718]], [[349, 717]], [[349, 716]], [[349, 715]], [[349, 714]], [[348, 713]], [[348, 712]], [[348, 711]], [[348, 710]], [[348, 709]], [[347, 708]], [[346, 707]], [[345, 707]], [[344, 707]], [[343, 706]], [[343, 705]], [[344, 704]], [[345, 703]], [[345, 702]], [[346, 701]], [[346, 700]], [[347, 699]], [[348, 698]], [[348, 697]], [[348, 696]], [[348, 695]], [[348, 694]], [[348, 693]], [[348, 692]], [[348, 691]], [[348, 690]], [[349, 689]], [[349, 688]], [[350, 687]], [[351, 687]], [[352, 687]], [[353, 688]], [[354, 688]], [[355, 688]], [[356, 689]], [[356, 690]], [[357, 689]], [[358, 690]], [[358, 691]], [[358, 692]], [[357, 693]], [[358, 694]], [[358, 695]], [[357, 696]], [[356, 696]], [[356, 697]], [[356, 698]], [[356, 699]], [[356, 700]], [[356, 701]], [[356, 702]], [[355, 703]], [[354, 703]], [[353, 704]], [[353, 705]], [[354, 706]], [[354, 707]], [[354, 708]], [[354, 709]], [[354, 710]], [[354, 711]], [[355, 712]], [[355, 713]], [[355, 714]], [[355, 715]], [[355, 716]], [[356, 717]], [[356, 718]], [[357, 719]], [[358, 719]], [[359, 720]], [[360, 720]], [[361, 720]], [[362, 720]], [[363, 720]], [[364, 720]], [[365, 720]], [[366, 720]], [[366, 719]], [[367, 718]], [[368, 717]], [[369, 717]], [[370, 716]], [[371, 716]], [[372, 715]], [[373, 715]], [[374, 715]], [[375, 715]], [[376, 715]], [[377, 715]], [[378, 715]], [[379, 715]], [[380, 715]], [[381, 714]], [[381, 713]], [[381, 712]], [[381, 711]], [[382, 710]], [[382, 709]], [[382, 708]], [[382, 707]], [[382, 706]], [[383, 705]], [[383, 704]], [[383, 703]], [[382, 702]], [[382, 701]], [[382, 700]], [[382, 699]], [[382, 698]], [[382, 697]], [[381, 696]], [[381, 695]], [[381, 694]], [[380, 693]], [[380, 692]], [[380, 691]], [[380, 690]], [[380, 689]], [[380, 688]], [[380, 687]], [[380, 686]], [[380, 685]], [[379, 684]], [[379, 683]], [[378, 682]], [[377, 682]], [[376, 681]], [[375, 680]], [[375, 679]], [[375, 678]], [[375, 677]], [[374, 676]], [[374, 675]], [[373, 675]], [[372, 674]], [[371, 673]], [[372, 672]], [[373, 671]], [[374, 671]], [[374, 670]], [[375, 669]], [[375, 668]], [[376, 667]], [[376, 666]], [[376, 665]], [[376, 664]], [[376, 663]], [[376, 662]], [[376, 661]], [[376, 660]], [[377, 659]], [[377, 658]], [[377, 657]], [[377, 656]], [[377, 655]], [[377, 654]], [[377, 653]], [[376, 652]], [[376, 651]], [[375, 650]], [[374, 649]], [[373, 649]], [[372, 648]], [[371, 648]], [[370, 648]], [[369, 648]], [[368, 648]], [[367, 648]]]","[[], [[[296, 709], [295, 710], [295, 711], [295, 712], [295, 713], [295, 714], [295, 715], [296, 715], [297, 715], [298, 716], [298, 717], [299, 717], [300, 718], [300, 719], [300, 720], [300, 721], [300, 722], [301, 723], [301, 724], [301, 725], [302, 725], [303, 724], [304, 723], [305, 722], [305, 721], [304, 720], [304, 719], [304, 718], [303, 718], [302, 718], [301, 717], [301, 716], [301, 715], [301, 714], [300, 713], [299, 714], [298, 714], [297, 713], [297, 712], [297, 711], [297, 710], [297, 709]]]]","[[], 70]"
72,72,"[[[443, 636]], [[442, 637]], [[441, 638]], [[440, 639]], [[440, 640]], [[440, 641]], [[440, 642]], [[440, 643]], [[440, 644]], [[440, 645]], [[441, 646]], [[441, 647]], [[441, 648]], [[441, 649]], [[441, 650]], [[441, 651]], [[441, 652]], [[441, 653]], [[442, 654]], [[442, 655]], [[442, 656]], [[442, 657]], [[442, 658]], [[442, 659]], [[443, 660]], [[444, 661]], [[444, 662]], [[444, 663]], [[444, 664]], [[445, 664]], [[446, 665]], [[447, 666]], [[448, 667]], [[449, 668]], [[449, 669]], [[450, 670]], [[451, 671]], [[451, 672]], [[452, 673]], [[453, 674]], [[454, 674]], [[455, 674]], [[456, 674]], [[457, 674]], [[458, 674]], [[459, 674]], [[460, 673]], [[460, 672]], [[461, 671]], [[461, 670]], [[462, 669]], [[462, 668]], [[462, 667]], [[462, 666]], [[462, 665]], [[462, 664]], [[463, 663]], [[463, 662]], [[462, 661]], [[462, 660]], [[462, 659]], [[462, 658]], [[462, 657]], [[461, 656]], [[461, 655]], [[460, 654]], [[460, 653]], [[459, 652]], [[458, 651]], [[458, 650]], [[458, 649]], [[457, 648]], [[456, 647]], [[455, 646]], [[454, 645]], [[453, 644]], [[453, 643]], [[452, 642]], [[452, 641]], [[451, 640]], [[451, 639]], [[450, 639]], [[449, 638]], [[449, 637]], [[448, 636]], [[447, 636]], [[446, 636]], [[445, 636]], [[444, 636]]]",[[]],[]
73,73,"[[[245, 631]], [[244, 632]], [[243, 632]], [[242, 632]], [[241, 633]], [[240, 634]], [[239, 635]], [[238, 636]], [[238, 637]], [[237, 638]], [[236, 638]], [[235, 639]], [[234, 640]], [[234, 641]], [[234, 642]], [[234, 643]], [[234, 644]], [[235, 645]], [[235, 646]], [[235, 647]], [[236, 648]], [[236, 649]], [[237, 650]], [[238, 650]], [[239, 651]], [[240, 652]], [[241, 652]], [[242, 653]], [[243, 654]], [[244, 655]], [[244, 656]], [[244, 657]], [[245, 658]], [[245, 659]], [[246, 660]], [[247, 661]], [[247, 662]], [[247, 663]], [[247, 664]], [[247, 665]], [[247, 666]], [[246, 667]], [[245, 667]], [[244, 667]], [[243, 668]], [[242, 669]], [[243, 670]], [[243, 671]], [[244, 671]], [[245, 672]], [[245, 673]], [[245, 674]], [[245, 675]], [[246, 674]], [[247, 675]], [[248, 674]], [[248, 673]], [[249, 672]], [[249, 671]], [[249, 670]], [[250, 669]], [[251, 669]], [[252, 669]], [[253, 670]], [[253, 671]], [[254, 672]], [[254, 673]], [[254, 674]], [[255, 673]], [[256, 672]], [[257, 672]], [[258, 673]], [[258, 674]], [[259, 675]], [[258, 676]], [[258, 677]], [[257, 678]], [[256, 678]], [[255, 678]], [[255, 679]], [[254, 680]], [[254, 681]], [[254, 682]], [[254, 683]], [[255, 684]], [[255, 685]], [[255, 686]], [[254, 687]], [[253, 686]], [[252, 685]], [[251, 684]], [[250, 683]], [[249, 683]], [[248, 682]], [[247, 682]], [[246, 682]], [[245, 682]], [[244, 681]], [[243, 680]], [[242, 680]], [[241, 680]], [[240, 680]], [[239, 679]], [[238, 678]], [[237, 678]], [[236, 677]], [[235, 676]], [[235, 675]], [[234, 675]], [[233, 675]], [[232, 675]], [[231, 675]], [[230, 675]], [[229, 675]], [[228, 675]], [[227, 675]], [[227, 676]], [[226, 677]], [[226, 678]], [[226, 679]], [[225, 680]], [[225, 681]], [[224, 682]], [[223, 681]], [[222, 680]], [[222, 679]], [[221, 678]], [[221, 677]], [[220, 676]], [[219, 677]], [[219, 678]], [[218, 679]], [[217, 680]], [[216, 680]], [[215, 680]], [[214, 679]], [[214, 678]], [[214, 677]], [[213, 677]], [[212, 678]], [[211, 678]], [[210, 678]], [[209, 679]], [[208, 680]], [[208, 681]], [[207, 682]], [[206, 683]], [[205, 683]], [[204, 684]], [[203, 685]], [[202, 685]], [[201, 686]], [[201, 687]], [[200, 688]], [[199, 689]], [[198, 690]], [[198, 691]], [[198, 692]], [[197, 693]], [[196, 694]], [[195, 695]], [[195, 696]], [[194, 697]], [[193, 698]], [[192, 699]], [[192, 700]], [[191, 701]], [[191, 702]], [[190, 703]], [[190, 704]], [[189, 705]], [[188, 706]], [[187, 707]], [[186, 707]], [[186, 708]], [[186, 709]], [[186, 710]], [[186, 711]], [[185, 712]], [[185, 713]], [[185, 714]], [[185, 715]], [[184, 716]], [[184, 717]], [[184, 718]], [[184, 719]], [[184, 720]], [[184, 721]], [[184, 722]], [[184, 723]], [[185, 724]], [[186, 725]], [[187, 725]], [[188, 726]], [[188, 727]], [[188, 728]], [[189, 729]], [[190, 730]], [[191, 730]], [[192, 730]], [[193, 731]], [[194, 732]], [[195, 733]], [[195, 734]], [[196, 735]], [[197, 736]], [[198, 736]], [[199, 737]], [[199, 738]], [[200, 739]], [[201, 740]], [[202, 740]], [[203, 741]], [[204, 741]], [[205, 742]], [[206, 743]], [[207, 744]], [[208, 745]], [[209, 746]], [[209, 747]], [[210, 747]], [[211, 748]], [[212, 747]], [[213, 748]], [[214, 747]], [[215, 747]], [[216, 746]], [[217, 746]], [[218, 746]], [[219, 745]], [[220, 744]], [[221, 743]], [[222, 743]], [[222, 742]], [[223, 741]], [[224, 740]], [[225, 740]], [[226, 739]], [[227, 738]], [[228, 738]], [[229, 737]], [[230, 737]], [[231, 736]], [[232, 736]], [[233, 735]], [[234, 735]], [[234, 734]], [[235, 733]], [[236, 733]], [[237, 733]], [[238, 733]], [[239, 734]], [[240, 735]], [[241, 736]], [[242, 737]], [[243, 737]], [[244, 737]], [[245, 737]], [[246, 738]], [[247, 738]], [[248, 737]], [[249, 737]], [[250, 737]], [[251, 737]], [[252, 738]], [[253, 738]], [[254, 738]], [[254, 737]], [[255, 736]], [[256, 736]], [[257, 735]], [[258, 734]], [[259, 733]], [[259, 732]], [[260, 731]], [[260, 730]], [[260, 729]], [[260, 728]], [[260, 727]], [[260, 726]], [[260, 725]], [[260, 724]], [[260, 723]], [[260, 722]], [[260, 721]], [[260, 720]], [[260, 719]], [[259, 718]], [[258, 717]], [[258, 716]], [[258, 715]], [[258, 714]], [[259, 713]], [[260, 713]], [[261, 712]], [[261, 711]], [[261, 710]], [[262, 709]], [[263, 709]], [[264, 710]], [[265, 710]], [[266, 709]], [[267, 709]], [[268, 710]], [[267, 711]], [[268, 711]], [[269, 710]], [[269, 709]], [[270, 708]], [[270, 707]], [[270, 706]], [[270, 705]], [[270, 704]], [[270, 703]], [[271, 702]], [[272, 703]], [[272, 702]], [[272, 701]], [[271, 701]], [[270, 700]], [[270, 699]], [[269, 698]], [[269, 697]], [[269, 696]], [[268, 696]], [[267, 695]], [[267, 694]], [[266, 694]], [[265, 693]], [[264, 693]], [[263, 693]], [[262, 693]], [[261, 693]], [[260, 693]], [[259, 693]], [[258, 692]], [[257, 691]], [[258, 690]], [[259, 690]], [[260, 689]], [[261, 689]], [[262, 688]], [[263, 688]], [[264, 687]], [[264, 686]], [[265, 685]], [[265, 684]], [[266, 683]], [[266, 682]], [[266, 681]], [[266, 680]], [[266, 679]], [[265, 679]], [[264, 679]], [[263, 678]], [[262, 678]], [[261, 678]], [[260, 678]], [[259, 677]], [[260, 676]], [[260, 675]], [[260, 674]], [[261, 673]], [[261, 672]], [[262, 671]], [[262, 670]], [[262, 669]], [[263, 668]], [[264, 667]], [[264, 666]], [[264, 665]], [[265, 664]], [[265, 663]], [[266, 662]], [[266, 661]], [[266, 660]], [[266, 659]], [[266, 658]], [[266, 657]], [[266, 656]], [[266, 655]], [[266, 654]], [[265, 653]], [[264, 652]], [[264, 651]], [[263, 650]], [[263, 649]], [[264, 648]], [[265, 647]], [[266, 646]], [[267, 646]], [[268, 647]], [[268, 646]], [[269, 645]], [[270, 644]], [[270, 643]], [[271, 642]], [[271, 641]], [[271, 640]], [[271, 639]], [[270, 638]], [[269, 637]], [[269, 636]], [[268, 635]], [[267, 634]], [[266, 633]], [[265, 633]], [[264, 632]], [[263, 633]], [[262, 633]], [[261, 633]], [[260, 633]], [[259, 632]], [[258, 632]], [[257, 631]], [[256, 631]], [[255, 631]], [[254, 631]], [[253, 631]], [[252, 631]], [[251, 631]], [[250, 631]], [[249, 631]], [[248, 631]], [[247, 631]], [[246, 631]]]","[[], [[[221, 668], [220, 669], [219, 669], [219, 670], [218, 671], [217, 671], [217, 672], [218, 673], [218, 672], [219, 671], [220, 671], [221, 671], [222, 671], [223, 670], [224, 670], [225, 671], [226, 672], [227, 673], [228, 673], [229, 674], [230, 674], [230, 673], [229, 673], [228, 673], [227, 672], [226, 671], [226, 670], [225, 669], [224, 669], [223, 670], [222, 669]]], [[[204, 681], [203, 682], [202, 682], [201, 683], [200, 684], [199, 684], [198, 684], [197, 684], [196, 684], [195, 684], [194, 684], [194, 685], [193, 686], [193, 687], [193, 688], [193, 689], [193, 690], [194, 691], [194, 692], [194, 693], [194, 694], [193, 695], [192, 696], [191, 696], [190, 697], [190, 698], [190, 699], [189, 700], [188, 699], [187, 700], [186, 700], [185, 701], [184, 702], [183, 703], [182, 704], [181, 705], [180, 706], [179, 707], [178, 707], [178, 708], [179, 708], [180, 707], [181, 707], [181, 706], [182, 705], [183, 705], [184, 704], [185, 705], [186, 704], [187, 704], [188, 704], [189, 703], [189, 702], [190, 701], [190, 700], [191, 699], [191, 698], [192, 697], [193, 697], [194, 696], [194, 695], [195, 694], [196, 693], [196, 692], [197, 691], [197, 690], [198, 689], [199, 688], [199, 687], [199, 686], [200, 685], [201, 684], [202, 683], [203, 683], [204, 682]]]]","[[], 71, 72]"
74,74,"[[[559, 627]], [[558, 628]], [[557, 628]], [[556, 629]], [[555, 630]], [[554, 630]], [[553, 631]], [[552, 632]], [[551, 632]], [[550, 632]], [[549, 633]], [[548, 634]], [[547, 634]], [[546, 635]], [[545, 635]], [[545, 636]], [[544, 637]], [[543, 637]], [[542, 638]], [[541, 639]], [[540, 640]], [[539, 640]], [[538, 641]], [[537, 642]], [[536, 643]], [[536, 644]], [[535, 645]], [[534, 646]], [[533, 647]], [[533, 648]], [[532, 649]], [[532, 650]], [[531, 651]], [[530, 652]], [[529, 653]], [[528, 654]], [[528, 655]], [[527, 656]], [[526, 657]], [[525, 657]], [[524, 658]], [[523, 659]], [[523, 660]], [[522, 661]], [[521, 662]], [[520, 662]], [[520, 663]], [[519, 664]], [[518, 665]], [[517, 666]], [[516, 667]], [[515, 668]], [[514, 668]], [[513, 669]], [[512, 670]], [[511, 671]], [[511, 672]], [[510, 673]], [[509, 674]], [[509, 675]], [[508, 676]], [[508, 677]], [[507, 678]], [[506, 679]], [[506, 680]], [[505, 681]], [[505, 682]], [[504, 683]], [[504, 684]], [[504, 685]], [[503, 686]], [[503, 687]], [[502, 688]], [[502, 689]], [[501, 690]], [[501, 691]], [[500, 692]], [[500, 693]], [[500, 694]], [[500, 695]], [[500, 696]], [[500, 697]], [[500, 698]], [[501, 699]], [[501, 700]], [[502, 700]], [[503, 700]], [[504, 700]], [[505, 700]], [[506, 701]], [[507, 701]], [[508, 702]], [[509, 702]], [[510, 702]], [[511, 702]], [[512, 702]], [[513, 702]], [[514, 702]], [[515, 702]], [[516, 702]], [[517, 702]], [[518, 702]], [[519, 701]], [[520, 701]], [[520, 700]], [[520, 699]], [[521, 698]], [[521, 697]], [[522, 696]], [[523, 695]], [[523, 694]], [[523, 693]], [[524, 692]], [[525, 692]], [[525, 691]], [[526, 690]], [[526, 689]], [[527, 688]], [[528, 688]], [[529, 688]], [[530, 688]], [[531, 689]], [[532, 689]], [[533, 689]], [[534, 688]], [[535, 689]], [[536, 689]], [[537, 689]], [[538, 688]], [[539, 688]], [[540, 687]], [[540, 686]], [[541, 685]], [[541, 684]], [[540, 683]], [[540, 682]], [[540, 681]], [[541, 680]], [[542, 681]], [[543, 681]], [[544, 681]], [[545, 681]], [[546, 682]], [[547, 682]], [[548, 682]], [[549, 682]], [[550, 682]], [[551, 682]], [[552, 681]], [[553, 681]], [[554, 680]], [[555, 680]], [[556, 679]], [[557, 678]], [[558, 678]], [[559, 677]], [[560, 677]], [[561, 676]], [[562, 675]], [[563, 674]], [[564, 673]], [[565, 673]], [[566, 672]], [[567, 671]], [[568, 671]], [[568, 670]], [[569, 669]], [[570, 669]], [[571, 668]], [[571, 667]], [[572, 666]], [[573, 665]], [[574, 664]], [[575, 664]], [[576, 663]], [[576, 662]], [[577, 661]], [[578, 661]], [[579, 661]], [[580, 660]], [[581, 659]], [[581, 658]], [[582, 657]], [[583, 657]], [[584, 656]], [[585, 655]], [[585, 654]], [[585, 653]], [[585, 652]], [[586, 651]], [[586, 650]], [[586, 649]], [[586, 648]], [[586, 647]], [[586, 646]], [[586, 645]], [[586, 644]], [[585, 643]], [[585, 642]], [[584, 642]], [[583, 641]], [[582, 640]], [[581, 639]], [[580, 638]], [[579, 637]], [[578, 636]], [[577, 635]], [[576, 635]], [[575, 634]], [[574, 634]], [[573, 633]], [[572, 632]], [[571, 631]], [[570, 631]], [[569, 631]], [[568, 631]], [[567, 630]], [[566, 629]], [[565, 628]], [[564, 628]], [[563, 628]], [[562, 628]], [[561, 627]], [[560, 627]]]",[[]],[]
75,75,"[[[86, 626]], [[85, 627]], [[84, 627]], [[83, 628]], [[82, 629]], [[81, 629]], [[80, 630]], [[79, 630]], [[78, 630]], [[77, 631]], [[76, 631]], [[76, 632]], [[75, 633]], [[74, 633]], [[73, 633]], [[72, 634]], [[71, 635]], [[70, 635]], [[69, 635]], [[69, 636]], [[68, 637]], [[67, 638]], [[66, 639]], [[65, 639]], [[64, 640]], [[64, 641]], [[64, 642]], [[64, 643]], [[64, 644]], [[65, 644]], [[66, 645]], [[67, 646]], [[68, 646]], [[69, 647]], [[70, 646]], [[71, 646]], [[72, 645]], [[73, 644]], [[74, 643]], [[75, 643]], [[76, 642]], [[77, 641]], [[78, 640]], [[78, 639]], [[79, 638]], [[80, 638]], [[81, 637]], [[82, 637]], [[83, 637]], [[84, 636]], [[84, 635]], [[85, 634]], [[86, 633]], [[87, 632]], [[87, 631]], [[87, 630]], [[88, 629]], [[88, 628]], [[88, 627]], [[88, 626]], [[87, 626]]]",[[]],[]
76,76,"[[[624, 625]], [[623, 626]], [[622, 626]], [[621, 626]], [[621, 627]], [[620, 628]], [[619, 629]], [[618, 630]], [[617, 631]], [[616, 631]], [[615, 631]], [[614, 632]], [[613, 632]], [[612, 633]], [[611, 634]], [[611, 635]], [[611, 636]], [[610, 637]], [[610, 638]], [[610, 639]], [[609, 640]], [[609, 641]], [[609, 642]], [[609, 643]], [[609, 644]], [[609, 645]], [[609, 646]], [[609, 647]], [[609, 648]], [[610, 649]], [[610, 650]], [[611, 651]], [[611, 652]], [[611, 653]], [[611, 654]], [[611, 655]], [[611, 656]], [[611, 657]], [[611, 658]], [[611, 659]], [[611, 660]], [[611, 661]], [[610, 662]], [[610, 663]], [[609, 664]], [[609, 665]], [[609, 666]], [[608, 667]], [[608, 668]], [[607, 669]], [[607, 670]], [[606, 671]], [[606, 672]], [[606, 673]], [[606, 674]], [[606, 675]], [[606, 676]], [[606, 677]], [[606, 678]], [[606, 679]], [[606, 680]], [[605, 681]], [[604, 680]], [[604, 679]], [[604, 678]], [[603, 677]], [[603, 676]], [[602, 675]], [[602, 674]], [[602, 673]], [[602, 672]], [[601, 671]], [[601, 670]], [[600, 669]], [[599, 669]], [[598, 668]], [[597, 668]], [[596, 667]], [[595, 667]], [[595, 668]], [[594, 669]], [[593, 670]], [[592, 670]], [[591, 670]], [[590, 670]], [[589, 671]], [[588, 671]], [[587, 672]], [[587, 673]], [[586, 674]], [[586, 675]], [[586, 676]], [[586, 677]], [[586, 678]], [[586, 679]], [[586, 680]], [[586, 681]], [[586, 682]], [[586, 683]], [[586, 684]], [[586, 685]], [[586, 686]], [[586, 687]], [[587, 688]], [[587, 689]], [[587, 690]], [[587, 691]], [[587, 692]], [[588, 693]], [[588, 694]], [[588, 695]], [[589, 696]], [[589, 697]], [[590, 698]], [[590, 699]], [[590, 700]], [[590, 701]], [[590, 702]], [[591, 703]], [[591, 704]], [[592, 705]], [[592, 706]], [[592, 707]], [[593, 708]], [[594, 709]], [[594, 710]], [[595, 711]], [[595, 712]], [[596, 713]], [[596, 714]], [[596, 715]], [[596, 716]], [[597, 717]], [[597, 718]], [[597, 719]], [[597, 720]], [[597, 721]], [[598, 722]], [[598, 723]], [[599, 724]], [[599, 725]], [[599, 726]], [[600, 727]], [[601, 727]], [[602, 727]], [[603, 727]], [[604, 728]], [[605, 729]], [[606, 729]], [[607, 730]], [[608, 730]], [[609, 730]], [[610, 729]], [[611, 729]], [[612, 728]], [[613, 728]], [[614, 727]], [[615, 726]], [[616, 725]], [[617, 724]], [[618, 723]], [[619, 722]], [[620, 722]], [[621, 722]], [[622, 722]], [[623, 722]], [[624, 722]], [[625, 723]], [[624, 724]], [[623, 724]], [[623, 725]], [[622, 726]], [[622, 727]], [[621, 728]], [[621, 729]], [[620, 730]], [[619, 731]], [[619, 732]], [[619, 733]], [[619, 734]], [[619, 735]], [[619, 736]], [[619, 737]], [[620, 738]], [[621, 739]], [[621, 740]], [[621, 741]], [[621, 742]], [[621, 743]], [[620, 744]], [[619, 745]], [[618, 745]], [[617, 746]], [[616, 747]], [[615, 748]], [[615, 749]], [[615, 750]], [[616, 751]], [[617, 752]], [[618, 752]], [[619, 753]], [[619, 754]], [[620, 753]], [[621, 753]], [[622, 753]], [[623, 753]], [[624, 753]], [[625, 753]], [[626, 753]], [[627, 752]], [[628, 751]], [[629, 751]], [[630, 751]], [[631, 750]], [[632, 750]], [[633, 749]], [[634, 748]], [[635, 749]], [[636, 750]], [[636, 751]], [[637, 752]], [[638, 752]], [[639, 752]], [[640, 752]], [[641, 753]], [[642, 753]], [[643, 754]], [[644, 755]], [[645, 756]], [[646, 757]], [[646, 758]], [[647, 758]], [[648, 758]], [[649, 758]], [[650, 758]], [[651, 759]], [[652, 759]], [[653, 760]], [[653, 761]], [[653, 762]], [[654, 762]], [[655, 761]], [[656, 761]], [[657, 762]], [[657, 763]], [[657, 764]], [[657, 765]], [[656, 766]], [[657, 767]], [[658, 767]], [[659, 767]], [[660, 767]], [[661, 767]], [[662, 766]], [[663, 767]], [[664, 767]], [[665, 766]], [[666, 766]], [[667, 766]], [[668, 765]], [[669, 764]], [[670, 764]], [[671, 764]], [[672, 764]], [[673, 764]], [[673, 763]], [[673, 762]], [[674, 761]], [[675, 760]], [[676, 759]], [[677, 758]], [[678, 757]], [[679, 756]], [[680, 756]], [[681, 755]], [[681, 754]], [[682, 753]], [[682, 752]], [[683, 751]], [[684, 750]], [[683, 749]], [[683, 748]], [[683, 747]], [[683, 746]], [[683, 745]], [[683, 744]], [[683, 743]], [[683, 742]], [[683, 741]], [[683, 740]], [[683, 739]], [[683, 738]], [[684, 737]], [[685, 737]], [[686, 738]], [[686, 739]], [[686, 740]], [[687, 741]], [[687, 742]], [[687, 743]], [[687, 744]], [[687, 745]], [[687, 746]], [[688, 747]], [[688, 748]], [[688, 749]], [[689, 750]], [[689, 751]], [[690, 752]], [[690, 753]], [[691, 754]], [[691, 755]], [[691, 756]], [[691, 757]], [[692, 758]], [[693, 758]], [[694, 758]], [[695, 759]], [[695, 760]], [[696, 761]], [[696, 762]], [[696, 763]], [[696, 764]], [[696, 765]], [[697, 766]], [[698, 767]], [[699, 768]], [[700, 768]], [[701, 768]], [[702, 769]], [[703, 770]], [[703, 771]], [[704, 771]], [[705, 771]], [[706, 772]], [[707, 773]], [[708, 774]], [[709, 775]], [[710, 776]], [[711, 777]], [[712, 777]], [[713, 777]], [[714, 778]], [[715, 778]], [[716, 777]], [[717, 777]], [[718, 777]], [[719, 777]], [[720, 776]], [[721, 776]], [[722, 776]], [[723, 775]], [[724, 774]], [[725, 773]], [[726, 773]], [[727, 772]], [[727, 771]], [[727, 770]], [[728, 769]], [[729, 768]], [[730, 768]], [[730, 767]], [[730, 766]], [[730, 765]], [[730, 764]], [[730, 763]], [[730, 762]], [[730, 761]], [[730, 760]], [[730, 759]], [[730, 758]], [[730, 757]], [[729, 756]], [[730, 755]], [[730, 754]], [[730, 753]], [[730, 752]], [[730, 751]], [[729, 750]], [[728, 749]], [[728, 748]], [[728, 747]], [[727, 746]], [[726, 746]], [[725, 745]], [[724, 744]], [[724, 743]], [[723, 742]], [[722, 742]], [[721, 741]], [[720, 741]], [[719, 740]], [[718, 740]], [[717, 740]], [[716, 740]], [[715, 739]], [[715, 738]], [[714, 737]], [[713, 736]], [[712, 736]], [[711, 736]], [[710, 736]], [[709, 735]], [[708, 734]], [[707, 734]], [[706, 734]], [[705, 734]], [[704, 734]], [[703, 733]], [[702, 732]], [[702, 731]], [[701, 730]], [[700, 729]], [[700, 728]], [[699, 728]], [[698, 727]], [[697, 727]], [[696, 727]], [[695, 727]], [[694, 727]], [[693, 727]], [[692, 727]], [[691, 727]], [[690, 727]], [[689, 727]], [[688, 727]], [[687, 727]], [[686, 727]], [[685, 727]], [[684, 726]], [[684, 725]], [[683, 724]], [[683, 723]], [[682, 722]], [[681, 722]], [[680, 722]], [[679, 722]], [[678, 722]], [[677, 722]], [[676, 722]], [[675, 722]], [[674, 722]], [[673, 722]], [[672, 722]], [[671, 721]], [[670, 720]], [[669, 721]], [[668, 721]], [[667, 720]], [[666, 720]], [[665, 719]], [[664, 719]], [[663, 719]], [[662, 720]], [[661, 719]], [[660, 719]], [[659, 719]], [[658, 719]], [[657, 719]], [[656, 719]], [[655, 719]], [[654, 719]], [[653, 720]], [[652, 720]], [[651, 720]], [[650, 720]], [[649, 720]], [[648, 719]], [[647, 719]], [[646, 718]], [[645, 719]], [[644, 719]], [[643, 719]], [[642, 720]], [[641, 720]], [[640, 720]], [[639, 720]], [[638, 721]], [[637, 721]], [[636, 721]], [[635, 722]], [[634, 722]], [[633, 722]], [[632, 723]], [[631, 722]], [[630, 721]], [[630, 720]], [[630, 719]], [[631, 718]], [[631, 717]], [[631, 716]], [[631, 715]], [[632, 714]], [[632, 713]], [[633, 712]], [[633, 711]], [[634, 710]], [[634, 709]], [[635, 708]], [[636, 707]], [[636, 706]], [[636, 705]], [[637, 704]], [[638, 703]], [[639, 702]], [[639, 701]], [[640, 700]], [[640, 699]], [[641, 698]], [[642, 697]], [[643, 696]], [[643, 695]], [[644, 694]], [[644, 693]], [[645, 692]], [[645, 691]], [[646, 690]], [[646, 689]], [[646, 688]], [[646, 687]], [[647, 686]], [[647, 685]], [[647, 684]], [[648, 683]], [[648, 682]], [[648, 681]], [[649, 680]], [[649, 679]], [[649, 678]], [[650, 677]], [[650, 676]], [[651, 675]], [[652, 674]], [[652, 673]], [[652, 672]], [[653, 671]], [[653, 670]], [[653, 669]], [[652, 668]], [[652, 667]], [[652, 666]], [[652, 665]], [[652, 664]], [[652, 663]], [[653, 662]], [[653, 661]], [[653, 660]], [[652, 660]], [[651, 659]], [[651, 658]], [[650, 658]], [[649, 658]], [[648, 657]], [[648, 656]], [[649, 655]], [[650, 654]], [[651, 653]], [[652, 652]], [[653, 651]], [[654, 650]], [[655, 649]], [[656, 648]], [[656, 647]], [[656, 646]], [[656, 645]], [[656, 644]], [[656, 643]], [[656, 642]], [[656, 641]], [[656, 640]], [[655, 639]], [[655, 638]], [[654, 638]], [[653, 637]], [[652, 636]], [[652, 635]], [[651, 634]], [[650, 634]], [[649, 634]], [[648, 633]], [[648, 632]], [[647, 632]], [[646, 632]], [[645, 631]], [[644, 631]], [[643, 630]], [[642, 629]], [[641, 629]], [[640, 628]], [[639, 627]], [[638, 626]], [[637, 627]], [[636, 627]], [[635, 627]], [[634, 627]], [[633, 627]], [[632, 627]], [[631, 627]], [[630, 627]], [[629, 626]], [[628, 626]], [[627, 626]], [[626, 626]], [[625, 625]]]","[[], [[[650, 763], [650, 764], [651, 764], [652, 764], [653, 765], [654, 766], [654, 767], [654, 768], [655, 769], [656, 769], [657, 769], [658, 770], [659, 770], [660, 770], [661, 770], [662, 771], [663, 771], [663, 770], [663, 769], [663, 768], [662, 767], [661, 768], [660, 768], [659, 768], [658, 768], [657, 768], [656, 767], [655, 766], [655, 765], [655, 764], [654, 763], [653, 763], [652, 763], [651, 763]]], [[[736, 761], [735, 762], [734, 763], [733, 764], [732, 765], [731, 765], [731, 766], [731, 767], [731, 768], [730, 769], [729, 769], [729, 770], [729, 771], [730, 771], [730, 770], [731, 769], [731, 768], [732, 767], [733, 766], [733, 765], [734, 764], [735, 764], [736, 765], [736, 766], [737, 766], [738, 767], [738, 768], [738, 769], [738, 770], [738, 771], [739, 771], [740, 771], [740, 770], [740, 769], [740, 768], [739, 767], [739, 766], [738, 765], [737, 765], [736, 764], [736, 763], [736, 762]]]]","[[], 63, 74]"
77,77,"[[[133, 625]], [[132, 626]], [[132, 627]], [[132, 628]], [[133, 628]], [[134, 629]], [[134, 630]], [[134, 631]], [[134, 632]], [[134, 633]], [[134, 634]], [[134, 635]], [[134, 636]], [[135, 637]], [[136, 637]], [[137, 638]], [[138, 638]], [[139, 638]], [[140, 638]], [[140, 637]], [[141, 636]], [[142, 636]], [[142, 635]], [[142, 634]], [[142, 633]], [[141, 632]], [[140, 631]], [[140, 630]], [[139, 629]], [[139, 628]], [[138, 627]], [[137, 627]], [[136, 626]], [[135, 626]], [[134, 625]]]",[[]],[]
78,78,"[[[348, 599]], [[347, 600]], [[346, 601]], [[345, 602]], [[344, 603]], [[344, 604]], [[344, 605]], [[344, 606]], [[344, 607]], [[344, 608]], [[344, 609]], [[344, 610]], [[344, 611]], [[344, 612]], [[344, 613]], [[345, 614]], [[346, 615]], [[347, 615]], [[348, 615]], [[349, 616]], [[350, 617]], [[350, 618]], [[351, 618]], [[352, 617]], [[353, 617]], [[354, 617]], [[355, 617]], [[356, 616]], [[357, 616]], [[358, 617]], [[358, 618]], [[358, 619]], [[358, 620]], [[358, 621]], [[358, 622]], [[358, 623]], [[359, 624]], [[359, 625]], [[359, 626]], [[359, 627]], [[359, 628]], [[360, 629]], [[360, 630]], [[360, 631]], [[361, 632]], [[361, 633]], [[361, 634]], [[362, 635]], [[363, 636]], [[364, 637]], [[365, 638]], [[366, 639]], [[367, 640]], [[368, 640]], [[369, 640]], [[370, 641]], [[371, 641]], [[372, 642]], [[373, 642]], [[374, 642]], [[375, 642]], [[376, 643]], [[377, 644]], [[378, 645]], [[379, 645]], [[380, 646]], [[381, 647]], [[382, 646]], [[383, 646]], [[384, 646]], [[385, 647]], [[386, 647]], [[386, 646]], [[387, 645]], [[388, 645]], [[389, 645]], [[390, 645]], [[390, 644]], [[391, 643]], [[391, 642]], [[391, 641]], [[391, 640]], [[392, 639]], [[392, 638]], [[392, 637]], [[392, 636]], [[392, 635]], [[392, 634]], [[393, 633]], [[393, 632]], [[394, 631]], [[394, 630]], [[393, 629]], [[393, 628]], [[393, 627]], [[393, 626]], [[392, 625]], [[392, 624]], [[391, 624]], [[390, 623]], [[389, 623]], [[388, 622]], [[388, 621]], [[387, 620]], [[386, 619]], [[385, 618]], [[384, 617]], [[383, 617]], [[382, 616]], [[381, 616]], [[380, 615]], [[380, 614]], [[379, 613]], [[378, 612]], [[377, 611]], [[376, 611]], [[375, 610]], [[374, 610]], [[373, 609]], [[373, 608]], [[372, 608]], [[371, 608]], [[370, 608]], [[369, 607]], [[368, 608]], [[367, 608]], [[366, 608]], [[365, 609]], [[364, 609]], [[363, 609]], [[362, 609]], [[361, 610]], [[360, 611]], [[359, 612]], [[358, 612]], [[357, 611]], [[358, 610]], [[358, 609]], [[358, 608]], [[358, 607]], [[358, 606]], [[358, 605]], [[358, 604]], [[358, 603]], [[357, 602]], [[356, 601]], [[355, 600]], [[354, 599]], [[353, 599]], [[352, 599]], [[351, 599]], [[350, 600]], [[349, 599]]]",[[]],[]
79,79,"[[[21, 595]], [[20, 596]], [[19, 597]], [[18, 597]], [[17, 598]], [[16, 598]], [[16, 599]], [[17, 600]], [[17, 601]], [[18, 602]], [[18, 603]], [[19, 604]], [[20, 604]], [[21, 604]], [[22, 604]], [[23, 604]], [[24, 604]], [[25, 604]], [[26, 603]], [[27, 603]], [[27, 602]], [[27, 601]], [[27, 600]], [[27, 599]], [[27, 598]], [[27, 597]], [[26, 596]], [[25, 595]], [[24, 595]], [[23, 595]], [[22, 595]]]",[[]],[]
80,80,"[[[113, 593]], [[112, 594]], [[111, 595]], [[110, 596]], [[109, 596]], [[108, 597]], [[107, 598]], [[106, 599]], [[106, 600]], [[106, 601]], [[105, 602]], [[104, 603]], [[103, 604]], [[102, 605]], [[102, 606]], [[102, 607]], [[102, 608]], [[101, 609]], [[101, 610]], [[101, 611]], [[102, 612]], [[103, 613]], [[103, 614]], [[104, 614]], [[105, 613]], [[106, 612]], [[107, 611]], [[108, 610]], [[109, 610]], [[110, 610]], [[111, 609]], [[112, 608]], [[113, 607]], [[114, 608]], [[115, 607]], [[116, 606]], [[117, 607]], [[118, 606]], [[119, 605]], [[120, 604]], [[121, 603]], [[122, 602]], [[122, 601]], [[122, 600]], [[122, 599]], [[122, 598]], [[121, 597]], [[120, 597]], [[119, 596]], [[118, 596]], [[117, 595]], [[116, 594]], [[115, 593]], [[114, 593]]]",[[]],[]
81,81,"[[[316, 588]], [[315, 589]], [[314, 589]], [[313, 589]], [[312, 589]], [[311, 590]], [[310, 590]], [[309, 590]], [[308, 590]], [[307, 590]], [[306, 590]], [[305, 590]], [[304, 590]], [[303, 590]], [[302, 591]], [[301, 591]], [[300, 592]], [[299, 592]], [[298, 592]], [[298, 593]], [[298, 594]], [[297, 595]], [[296, 596]], [[295, 597]], [[294, 598]], [[293, 599]], [[292, 600]], [[291, 600]], [[290, 601]], [[289, 602]], [[289, 603]], [[288, 604]], [[288, 605]], [[287, 606]], [[286, 607]], [[286, 608]], [[285, 609]], [[284, 610]], [[284, 611]], [[284, 612]], [[284, 613]], [[283, 614]], [[283, 615]], [[283, 616]], [[283, 617]], [[283, 618]], [[282, 619]], [[282, 620]], [[282, 621]], [[282, 622]], [[282, 623]], [[282, 624]], [[283, 625]], [[283, 626]], [[283, 627]], [[283, 628]], [[283, 629]], [[284, 630]], [[284, 631]], [[285, 632]], [[286, 633]], [[287, 634]], [[288, 635]], [[289, 636]], [[289, 637]], [[289, 638]], [[289, 639]], [[290, 640]], [[290, 641]], [[290, 642]], [[290, 643]], [[291, 644]], [[291, 645]], [[292, 646]], [[292, 647]], [[292, 648]], [[293, 649]], [[293, 650]], [[294, 650]], [[295, 650]], [[296, 651]], [[297, 652]], [[298, 652]], [[299, 651]], [[300, 651]], [[301, 652]], [[302, 652]], [[303, 652]], [[304, 652]], [[305, 651]], [[305, 650]], [[306, 649]], [[307, 648]], [[308, 648]], [[309, 647]], [[310, 646]], [[311, 646]], [[312, 646]], [[313, 645]], [[314, 644]], [[315, 645]], [[316, 645]], [[317, 645]], [[318, 644]], [[319, 643]], [[320, 643]], [[321, 643]], [[322, 643]], [[323, 643]], [[324, 643]], [[325, 643]], [[326, 643]], [[327, 644]], [[328, 643]], [[328, 642]], [[329, 641]], [[330, 640]], [[330, 639]], [[331, 638]], [[331, 637]], [[331, 636]], [[331, 635]], [[331, 634]], [[331, 633]], [[331, 632]], [[331, 631]], [[330, 630]], [[329, 629]], [[329, 628]], [[328, 627]], [[328, 626]], [[328, 625]], [[328, 624]], [[327, 623]], [[326, 622]], [[325, 621]], [[325, 620]], [[326, 619]], [[327, 618]], [[328, 617]], [[328, 616]], [[328, 615]], [[329, 614]], [[329, 613]], [[329, 612]], [[328, 611]], [[329, 610]], [[328, 609]], [[328, 608]], [[327, 607]], [[327, 606]], [[326, 605]], [[326, 604]], [[326, 603]], [[326, 602]], [[326, 601]], [[326, 600]], [[326, 599]], [[326, 598]], [[327, 597]], [[327, 596]], [[327, 595]], [[326, 594]], [[326, 593]], [[325, 592]], [[324, 591]], [[323, 590]], [[322, 590]], [[321, 590]], [[320, 590]], [[319, 589]], [[318, 588]], [[317, 588]]]","[[], [[[327, 601], [327, 602], [327, 603], [327, 604], [327, 605], [328, 606], [328, 607], [329, 608], [329, 609], [330, 610], [330, 611], [330, 612], [330, 613], [330, 614], [330, 615], [330, 616], [331, 615], [332, 614], [332, 613], [331, 612], [330, 611], [330, 610], [330, 609], [330, 608], [331, 607], [331, 606], [330, 605], [329, 605], [328, 605], [327, 604], [327, 603], [327, 602]]]]","[[], 75]"
82,82,"[[[480, 583]], [[479, 584]], [[478, 584]], [[477, 584]], [[476, 584]], [[475, 585]], [[474, 586]], [[473, 586]], [[472, 586]], [[471, 587]], [[470, 588]], [[469, 588]], [[468, 588]], [[467, 588]], [[466, 588]], [[465, 589]], [[464, 590]], [[464, 591]], [[463, 592]], [[464, 593]], [[464, 594]], [[464, 595]], [[464, 596]], [[464, 597]], [[465, 598]], [[465, 599]], [[466, 600]], [[466, 601]], [[467, 602]], [[468, 603]], [[468, 604]], [[468, 605]], [[468, 606]], [[468, 607]], [[469, 608]], [[470, 609]], [[470, 610]], [[471, 611]], [[471, 612]], [[471, 613]], [[471, 614]], [[472, 615]], [[472, 616]], [[473, 617]], [[473, 618]], [[474, 619]], [[474, 620]], [[475, 621]], [[474, 622]], [[473, 623]], [[472, 623]], [[471, 622]], [[471, 621]], [[470, 620]], [[469, 619]], [[468, 619]], [[467, 618]], [[466, 618]], [[465, 617]], [[464, 616]], [[463, 615]], [[462, 615]], [[461, 614]], [[460, 613]], [[460, 612]], [[459, 613]], [[458, 613]], [[457, 613]], [[456, 612]], [[456, 611]], [[457, 610]], [[458, 610]], [[459, 609]], [[459, 608]], [[459, 607]], [[459, 606]], [[458, 605]], [[458, 604]], [[457, 603]], [[456, 602]], [[455, 601]], [[454, 601]], [[453, 600]], [[452, 600]], [[451, 599]], [[450, 598]], [[450, 597]], [[450, 596]], [[449, 595]], [[448, 595]], [[447, 596]], [[446, 597]], [[445, 597]], [[444, 596]], [[443, 596]], [[442, 597]], [[441, 597]], [[440, 597]], [[439, 597]], [[438, 597]], [[437, 597]], [[436, 598]], [[436, 599]], [[435, 600]], [[434, 601]], [[433, 602]], [[433, 603]], [[433, 604]], [[432, 605]], [[433, 606]], [[433, 607]], [[434, 608]], [[434, 609]], [[435, 610]], [[435, 611]], [[436, 612]], [[436, 613]], [[437, 614]], [[437, 615]], [[438, 614]], [[439, 615]], [[440, 615]], [[441, 616]], [[442, 617]], [[442, 618]], [[442, 619]], [[443, 620]], [[444, 621]], [[445, 622]], [[446, 622]], [[447, 623]], [[447, 624]], [[447, 625]], [[448, 626]], [[448, 627]], [[449, 628]], [[450, 629]], [[451, 630]], [[452, 631]], [[453, 632]], [[454, 633]], [[455, 634]], [[456, 634]], [[457, 635]], [[458, 636]], [[459, 637]], [[460, 637]], [[461, 638]], [[461, 639]], [[462, 639]], [[463, 639]], [[464, 638]], [[465, 637]], [[466, 636]], [[466, 635]], [[467, 634]], [[468, 633]], [[469, 632]], [[470, 632]], [[471, 631]], [[472, 630]], [[472, 629]], [[473, 628]], [[473, 627]], [[473, 626]], [[473, 625]], [[473, 624]], [[473, 623]], [[474, 622]], [[475, 621]], [[476, 622]], [[477, 621]], [[478, 621]], [[479, 621]], [[480, 622]], [[481, 622]], [[482, 622]], [[483, 621]], [[484, 621]], [[485, 620]], [[486, 620]], [[487, 620]], [[488, 619]], [[489, 619]], [[490, 619]], [[490, 618]], [[491, 617]], [[492, 616]], [[493, 615]], [[494, 615]], [[495, 614]], [[496, 614]], [[497, 613]], [[497, 612]], [[498, 611]], [[498, 610]], [[499, 609]], [[499, 608]], [[499, 607]], [[499, 606]], [[500, 605]], [[500, 604]], [[499, 603]], [[498, 602]], [[497, 602]], [[496, 602]], [[495, 602]], [[494, 603]], [[493, 602]], [[493, 601]], [[493, 600]], [[493, 599]], [[494, 598]], [[495, 598]], [[496, 599]], [[496, 598]], [[495, 598]], [[494, 597]], [[493, 596]], [[492, 596]], [[491, 595]], [[490, 594]], [[490, 593]], [[489, 592]], [[489, 591]], [[488, 590]], [[487, 589]], [[487, 588]], [[486, 587]], [[485, 586]], [[484, 586]], [[483, 586]], [[482, 585]], [[481, 584]], [[481, 583]]]","[[], [[[468, 609], [468, 610], [468, 611], [468, 612], [468, 613], [467, 614], [466, 615], [465, 615], [465, 616], [466, 616], [467, 616], [468, 615], [469, 615], [470, 616], [470, 617], [470, 618], [471, 619], [472, 620], [472, 619], [472, 618], [472, 617], [471, 616], [470, 615], [470, 614], [469, 613], [469, 612], [469, 611], [469, 610]]], [[[467, 636], [467, 637], [468, 638], [469, 639], [469, 640], [469, 641], [468, 642], [467, 642], [466, 642], [466, 643], [466, 644], [466, 645], [467, 645], [468, 644], [469, 645], [470, 644], [471, 644], [472, 643], [471, 642], [471, 641], [471, 640], [470, 639], [470, 638], [470, 637], [469, 637], [468, 636]]]]","[[], 76, 77]"
83,83,"[[[713, 573]], [[712, 574]], [[711, 574]], [[710, 574]], [[709, 574]], [[709, 575]], [[708, 576]], [[707, 576]], [[706, 575]], [[705, 576]], [[705, 577]], [[705, 578]], [[704, 579]], [[703, 579]], [[702, 579]], [[701, 579]], [[700, 578]], [[699, 577]], [[698, 577]], [[697, 577]], [[696, 578]], [[695, 578]], [[694, 579]], [[693, 580]], [[692, 580]], [[692, 581]], [[692, 582]], [[691, 583]], [[691, 584]], [[690, 585]], [[689, 585]], [[688, 585]], [[687, 586]], [[686, 586]], [[685, 587]], [[684, 586]], [[683, 587]], [[682, 588]], [[681, 589]], [[681, 590]], [[680, 591]], [[680, 592]], [[679, 593]], [[679, 594]], [[678, 595]], [[678, 596]], [[678, 597]], [[678, 598]], [[678, 599]], [[678, 600]], [[679, 601]], [[679, 602]], [[679, 603]], [[678, 604]], [[677, 605]], [[676, 605]], [[675, 606]], [[675, 607]], [[674, 608]], [[673, 608]], [[672, 609]], [[671, 610]], [[671, 611]], [[670, 612]], [[670, 613]], [[669, 614]], [[669, 615]], [[669, 616]], [[669, 617]], [[669, 618]], [[669, 619]], [[669, 620]], [[670, 621]], [[671, 622]], [[671, 623]], [[671, 624]], [[671, 625]], [[672, 626]], [[673, 627]], [[673, 628]], [[673, 629]], [[673, 630]], [[673, 631]], [[672, 632]], [[671, 632]], [[670, 633]], [[669, 634]], [[668, 634]], [[667, 633]], [[666, 633]], [[665, 633]], [[664, 633]], [[663, 633]], [[662, 633]], [[661, 634]], [[661, 635]], [[660, 636]], [[660, 637]], [[661, 638]], [[662, 639]], [[662, 640]], [[662, 641]], [[662, 642]], [[663, 643]], [[663, 644]], [[663, 645]], [[664, 645]], [[665, 646]], [[666, 647]], [[667, 647]], [[668, 647]], [[669, 648]], [[670, 647]], [[671, 647]], [[672, 647]], [[673, 647]], [[674, 647]], [[675, 647]], [[676, 646]], [[677, 645]], [[678, 645]], [[678, 644]], [[678, 643]], [[678, 642]], [[679, 641]], [[680, 641]], [[680, 640]], [[680, 639]], [[679, 638]], [[678, 637]], [[678, 636]], [[677, 636]], [[676, 635]], [[675, 634]], [[674, 633]], [[674, 632]], [[675, 631]], [[676, 631]], [[677, 630]], [[678, 631]], [[679, 630]], [[680, 629]], [[681, 629]], [[682, 628]], [[683, 628]], [[684, 628]], [[685, 628]], [[686, 628]], [[687, 628]], [[688, 629]], [[689, 629]], [[690, 630]], [[691, 630]], [[692, 631]], [[692, 632]], [[693, 632]], [[694, 631]], [[695, 632]], [[696, 632]], [[697, 631]], [[698, 632]], [[699, 631]], [[700, 630]], [[701, 630]], [[702, 630]], [[703, 631]], [[703, 632]], [[702, 633]], [[702, 634]], [[702, 635]], [[701, 636]], [[701, 637]], [[700, 638]], [[700, 639]], [[700, 640]], [[700, 641]], [[700, 642]], [[701, 643]], [[701, 644]], [[701, 645]], [[702, 646]], [[702, 647]], [[702, 648]], [[703, 649]], [[704, 650]], [[705, 651]], [[705, 652]], [[706, 653]], [[707, 654]], [[708, 655]], [[708, 656]], [[709, 657]], [[710, 658]], [[710, 659]], [[710, 660]], [[711, 661]], [[711, 662]], [[711, 663]], [[712, 664]], [[712, 665]], [[713, 666]], [[714, 666]], [[715, 667]], [[715, 668]], [[716, 669]], [[717, 670]], [[718, 669]], [[719, 669]], [[720, 668]], [[721, 668]], [[722, 669]], [[723, 669]], [[724, 669]], [[725, 669]], [[726, 669]], [[727, 670]], [[728, 670]], [[729, 671]], [[729, 672]], [[729, 673]], [[729, 674]], [[728, 675]], [[727, 675]], [[726, 675]], [[725, 675]], [[724, 675]], [[723, 675]], [[722, 676]], [[721, 676]], [[720, 676]], [[719, 676]], [[718, 677]], [[718, 678]], [[718, 679]], [[717, 680]], [[716, 681]], [[715, 682]], [[714, 682]], [[714, 683]], [[713, 684]], [[713, 685]], [[713, 686]], [[713, 687]], [[713, 688]], [[714, 689]], [[714, 690]], [[714, 691]], [[715, 692]], [[715, 693]], [[716, 694]], [[716, 695]], [[717, 696]], [[717, 697]], [[717, 698]], [[718, 699]], [[719, 700]], [[719, 701]], [[720, 702]], [[721, 703]], [[722, 703]], [[723, 704]], [[724, 704]], [[725, 705]], [[726, 706]], [[727, 707]], [[728, 708]], [[728, 709]], [[729, 710]], [[729, 711]], [[730, 712]], [[730, 713]], [[731, 713]], [[732, 713]], [[733, 714]], [[734, 714]], [[735, 715]], [[736, 714]], [[737, 714]], [[738, 715]], [[739, 715]], [[740, 715]], [[741, 716]], [[742, 717]], [[743, 717]], [[744, 717]], [[745, 718]], [[746, 718]], [[747, 717]], [[748, 717]], [[749, 717]], [[750, 717]], [[751, 717]], [[752, 717]], [[753, 717]], [[754, 717]], [[755, 718]], [[756, 718]], [[757, 717]], [[758, 717]], [[759, 716]], [[760, 716]], [[761, 715]], [[762, 714]], [[763, 714]], [[764, 713]], [[765, 712]], [[766, 712]], [[767, 711]], [[768, 711]], [[769, 711]], [[770, 710]], [[771, 709]], [[772, 708]], [[773, 707]], [[774, 706]], [[775, 705]], [[776, 704]], [[776, 703]], [[777, 702]], [[777, 701]], [[777, 700]], [[778, 699]], [[778, 698]], [[778, 697]], [[778, 696]], [[777, 695]], [[777, 694]], [[776, 693]], [[775, 692]], [[776, 691]], [[775, 690]], [[775, 689]], [[775, 688]], [[774, 687]], [[774, 686]], [[774, 685]], [[773, 684]], [[773, 683]], [[772, 682]], [[771, 681]], [[770, 680]], [[769, 680]], [[768, 679]], [[767, 678]], [[766, 677]], [[765, 678]], [[764, 678]], [[763, 677]], [[762, 676]], [[762, 675]], [[761, 674]], [[760, 673]], [[759, 673]], [[758, 672]], [[757, 671]], [[756, 671]], [[755, 670]], [[754, 670]], [[753, 669]], [[752, 670]], [[751, 669]], [[750, 669]], [[749, 669]], [[748, 669]], [[747, 669]], [[746, 670]], [[745, 670]], [[744, 670]], [[743, 671]], [[742, 671]], [[741, 671]], [[740, 672]], [[739, 672]], [[738, 672]], [[737, 672]], [[736, 673]], [[735, 672]], [[734, 672]], [[734, 673]], [[733, 674]], [[732, 674]], [[731, 674]], [[730, 673]], [[731, 672]], [[731, 671]], [[732, 670]], [[733, 669]], [[734, 670]], [[735, 670]], [[735, 669]], [[736, 668]], [[737, 667]], [[738, 667]], [[739, 666]], [[740, 666]], [[741, 666]], [[742, 665]], [[743, 665]], [[744, 665]], [[745, 665]], [[746, 664]], [[747, 663]], [[748, 662]], [[749, 661]], [[750, 661]], [[751, 660]], [[752, 659]], [[753, 658]], [[753, 657]], [[753, 656]], [[754, 655]], [[754, 654]], [[754, 653]], [[754, 652]], [[753, 651]], [[753, 650]], [[752, 649]], [[751, 648]], [[750, 647]], [[750, 646]], [[750, 645]], [[750, 644]], [[749, 643]], [[749, 642]], [[748, 641]], [[747, 641]], [[746, 640]], [[745, 639]], [[744, 638]], [[744, 637]], [[744, 636]], [[743, 635]], [[743, 634]], [[742, 633]], [[741, 632]], [[740, 631]], [[740, 630]], [[739, 629]], [[739, 628]], [[738, 627]], [[738, 626]], [[737, 625]], [[737, 624]], [[736, 624]], [[735, 624]], [[734, 623]], [[733, 623]], [[732, 622]], [[731, 622]], [[730, 622]], [[729, 622]], [[728, 622]], [[727, 622]], [[726, 623]], [[725, 623]], [[724, 623]], [[723, 624]], [[722, 624]], [[721, 624]], [[720, 625]], [[719, 625]], [[718, 625]], [[717, 624]], [[717, 623]], [[717, 622]], [[717, 621]], [[717, 620]], [[718, 619]], [[718, 618]], [[719, 617]], [[719, 616]], [[719, 615]], [[718, 614]], [[717, 614]], [[716, 613]], [[716, 612]], [[715, 612]], [[714, 611]], [[713, 610]], [[712, 609]], [[712, 608]], [[711, 607]], [[710, 607]], [[709, 606]], [[708, 605]], [[707, 604]], [[706, 604]], [[705, 603]], [[704, 602]], [[703, 601]], [[702, 601]], [[701, 600]], [[700, 600]], [[699, 599]], [[700, 598]], [[701, 598]], [[702, 597]], [[703, 597]], [[704, 596]], [[705, 596]], [[706, 595]], [[707, 594]], [[708, 594]], [[709, 593]], [[710, 593]], [[711, 593]], [[712, 593]], [[713, 592]], [[714, 591]], [[715, 591]], [[716, 591]], [[717, 590]], [[718, 590]], [[719, 589]], [[720, 588]], [[721, 587]], [[721, 586]], [[721, 585]], [[721, 584]], [[722, 583]], [[722, 582]], [[722, 581]], [[722, 580]], [[722, 579]], [[721, 578]], [[721, 577]], [[721, 576]], [[721, 575]], [[720, 574]], [[719, 574]], [[718, 574]], [[717, 574]], [[716, 574]], [[715, 573]], [[714, 573]]]","[[], [[[754, 656], [754, 657], [754, 658], [753, 659], [754, 660], [755, 661], [755, 662], [755, 663], [755, 664], [755, 665], [754, 666], [754, 667], [754, 668], [754, 669], [755, 669], [756, 669], [755, 668], [755, 667], [756, 666], [756, 665], [756, 664], [756, 663], [756, 662], [755, 661], [755, 660], [755, 659], [754, 658], [754, 657]]]]","[[], 78]"
84,84,"[[[291, 566]], [[290, 567]], [[289, 568]], [[288, 569]], [[287, 570]], [[286, 570]], [[286, 571]], [[285, 572]], [[284, 572]], [[284, 573]], [[283, 574]], [[283, 575]], [[282, 576]], [[282, 577]], [[283, 578]], [[283, 579]], [[283, 580]], [[284, 581]], [[285, 582]], [[286, 583]], [[287, 583]], [[288, 583]], [[289, 584]], [[290, 584]], [[291, 583]], [[292, 583]], [[293, 582]], [[294, 582]], [[295, 582]], [[296, 581]], [[297, 581]], [[298, 580]], [[298, 579]], [[299, 578]], [[299, 577]], [[300, 576]], [[300, 575]], [[300, 574]], [[300, 573]], [[300, 572]], [[300, 571]], [[300, 570]], [[300, 569]], [[299, 568]], [[298, 568]], [[297, 567]], [[296, 567]], [[295, 566]], [[294, 566]], [[293, 566]], [[292, 566]]]",[[]],[]
85,85,"[[[701, 558]], [[700, 559]], [[699, 560]], [[698, 561]], [[697, 561]], [[696, 561]], [[695, 561]], [[694, 562]], [[693, 561]], [[692, 561]], [[691, 561]], [[690, 561]], [[689, 561]], [[688, 562]], [[687, 562]], [[686, 562]], [[685, 563]], [[684, 564]], [[684, 565]], [[684, 566]], [[685, 567]], [[685, 568]], [[686, 569]], [[686, 570]], [[687, 571]], [[688, 572]], [[689, 572]], [[690, 573]], [[691, 574]], [[692, 574]], [[693, 574]], [[694, 574]], [[695, 574]], [[696, 573]], [[697, 573]], [[698, 572]], [[699, 572]], [[700, 572]], [[701, 572]], [[702, 573]], [[703, 573]], [[704, 572]], [[705, 572]], [[706, 571]], [[707, 571]], [[708, 570]], [[709, 570]], [[710, 570]], [[711, 569]], [[711, 568]], [[711, 567]], [[711, 566]], [[711, 565]], [[711, 564]], [[710, 563]], [[710, 562]], [[709, 561]], [[708, 560]], [[708, 559]], [[707, 558]], [[706, 558]], [[705, 558]], [[704, 558]], [[703, 558]], [[702, 558]]]",[[]],[]
86,86,"[[[160, 556]], [[159, 557]], [[159, 558]], [[158, 559]], [[157, 559]], [[156, 560]], [[155, 560]], [[154, 560]], [[153, 561]], [[153, 562]], [[153, 563]], [[153, 564]], [[152, 565]], [[151, 566]], [[150, 566]], [[149, 567]], [[148, 567]], [[148, 568]], [[147, 569]], [[146, 569]], [[147, 569]], [[148, 569]], [[149, 569]], [[150, 570]], [[151, 569]], [[152, 569]], [[153, 569]], [[154, 568]], [[155, 568]], [[156, 567]], [[157, 566]], [[158, 566]], [[159, 565]], [[160, 565]], [[161, 564]], [[162, 564]], [[163, 563]], [[163, 562]], [[163, 561]], [[163, 560]], [[163, 559]], [[163, 558]], [[162, 557]], [[161, 557]]]",[[]],[]
87,87,"[[[216, 554]], [[215, 555]], [[214, 556]], [[213, 557]], [[212, 558]], [[211, 559]], [[210, 559]], [[209, 559]], [[208, 558]], [[207, 559]], [[207, 560]], [[206, 561]], [[206, 562]], [[206, 563]], [[206, 564]], [[206, 565]], [[207, 566]], [[207, 567]], [[208, 568]], [[209, 569]], [[209, 570]], [[210, 571]], [[210, 572]], [[210, 573]], [[210, 574]], [[210, 575]], [[209, 576]], [[208, 576]], [[207, 576]], [[206, 576]], [[206, 577]], [[206, 578]], [[206, 579]], [[206, 580]], [[205, 581]], [[204, 582]], [[203, 583]], [[203, 584]], [[202, 585]], [[201, 586]], [[200, 586]], [[199, 587]], [[198, 587]], [[197, 586]], [[196, 585]], [[195, 584]], [[195, 583]], [[194, 582]], [[193, 582]], [[192, 581]], [[191, 580]], [[190, 580]], [[189, 579]], [[188, 579]], [[187, 578]], [[186, 578]], [[185, 577]], [[184, 576]], [[183, 576]], [[182, 576]], [[181, 576]], [[180, 576]], [[179, 576]], [[178, 576]], [[177, 576]], [[176, 576]], [[175, 576]], [[174, 576]], [[173, 577]], [[172, 577]], [[171, 577]], [[170, 578]], [[169, 578]], [[168, 578]], [[167, 579]], [[166, 579]], [[165, 579]], [[164, 580]], [[163, 580]], [[163, 581]], [[162, 582]], [[161, 583]], [[161, 584]], [[162, 585]], [[162, 586]], [[162, 587]], [[163, 588]], [[163, 589]], [[164, 590]], [[165, 591]], [[165, 592]], [[165, 593]], [[166, 594]], [[166, 595]], [[167, 595]], [[168, 596]], [[169, 597]], [[169, 598]], [[170, 599]], [[170, 600]], [[170, 601]], [[171, 602]], [[171, 603]], [[172, 604]], [[173, 605]], [[174, 606]], [[175, 607]], [[176, 607]], [[177, 608]], [[178, 608]], [[179, 608]], [[180, 608]], [[181, 608]], [[182, 607]], [[183, 606]], [[184, 606]], [[185, 605]], [[186, 604]], [[187, 603]], [[188, 603]], [[189, 603]], [[190, 603]], [[191, 603]], [[192, 604]], [[192, 605]], [[192, 606]], [[193, 607]], [[194, 608]], [[195, 608]], [[196, 609]], [[197, 609]], [[198, 609]], [[199, 609]], [[200, 608]], [[201, 608]], [[202, 608]], [[203, 608]], [[204, 607]], [[204, 606]], [[205, 605]], [[206, 604]], [[207, 604]], [[208, 605]], [[209, 606]], [[210, 606]], [[211, 606]], [[212, 606]], [[212, 605]], [[213, 604]], [[214, 603]], [[214, 602]], [[215, 601]], [[216, 600]], [[217, 599]], [[218, 599]], [[219, 600]], [[218, 601]], [[218, 602]], [[217, 603]], [[217, 604]], [[217, 605]], [[216, 606]], [[216, 607]], [[215, 608]], [[215, 609]], [[214, 610]], [[214, 611]], [[214, 612]], [[214, 613]], [[213, 614]], [[213, 615]], [[212, 616]], [[212, 617]], [[212, 618]], [[213, 619]], [[214, 619]], [[215, 619]], [[216, 620]], [[217, 620]], [[218, 621]], [[219, 622]], [[220, 622]], [[221, 622]], [[222, 623]], [[223, 623]], [[224, 623]], [[225, 624]], [[225, 625]], [[226, 626]], [[227, 626]], [[228, 627]], [[229, 628]], [[230, 629]], [[230, 630]], [[230, 631]], [[230, 632]], [[230, 633]], [[230, 634]], [[231, 635]], [[232, 635]], [[233, 635]], [[234, 634]], [[235, 634]], [[236, 633]], [[236, 632]], [[237, 631]], [[238, 630]], [[239, 629]], [[240, 628]], [[240, 627]], [[240, 626]], [[240, 625]], [[241, 624]], [[242, 624]], [[242, 623]], [[243, 622]], [[243, 621]], [[244, 620]], [[244, 619]], [[245, 618]], [[245, 617]], [[246, 616]], [[247, 616]], [[248, 615]], [[249, 614]], [[250, 614]], [[250, 613]], [[250, 612]], [[251, 611]], [[251, 610]], [[252, 609]], [[252, 608]], [[253, 607]], [[254, 606]], [[254, 605]], [[255, 604]], [[255, 603]], [[255, 602]], [[255, 601]], [[255, 600]], [[255, 599]], [[254, 598]], [[253, 597]], [[252, 596]], [[252, 595]], [[251, 595]], [[250, 595]], [[249, 594]], [[248, 593]], [[247, 593]], [[246, 592]], [[245, 592]], [[244, 592]], [[243, 592]], [[242, 592]], [[241, 591]], [[240, 590]], [[239, 589]], [[238, 589]], [[237, 589]], [[236, 588]], [[235, 588]], [[234, 588]], [[233, 588]], [[232, 588]], [[231, 588]], [[230, 588]], [[229, 589]], [[228, 589]], [[227, 590]], [[226, 590]], [[225, 591]], [[224, 592]], [[224, 593]], [[224, 594]], [[223, 595]], [[223, 596]], [[222, 597]], [[221, 598]], [[220, 598]], [[219, 597]], [[219, 596]], [[220, 595]], [[220, 594]], [[220, 593]], [[221, 592]], [[221, 591]], [[221, 590]], [[221, 589]], [[222, 588]], [[222, 587]], [[222, 586]], [[223, 585]], [[223, 584]], [[223, 583]], [[223, 582]], [[223, 581]], [[223, 580]], [[223, 579]], [[223, 578]], [[223, 577]], [[222, 576]], [[222, 575]], [[222, 574]], [[221, 573]], [[221, 572]], [[220, 571]], [[220, 570]], [[219, 570]], [[218, 569]], [[218, 568]], [[218, 567]], [[218, 566]], [[218, 565]], [[218, 564]], [[219, 563]], [[219, 562]], [[219, 561]], [[219, 560]], [[220, 559]], [[220, 558]], [[220, 557]], [[220, 556]], [[219, 555]], [[219, 554]], [[218, 554]], [[217, 554]]]","[[], [[[224, 584], [224, 585], [224, 586], [225, 587], [225, 588], [224, 589], [223, 590], [222, 590], [222, 591], [222, 592], [221, 593], [221, 594], [222, 594], [223, 593], [223, 592], [223, 591], [224, 590], [225, 590], [226, 589], [227, 589], [228, 588], [229, 587], [230, 587], [231, 586], [232, 586], [233, 586], [234, 586], [235, 586], [236, 586], [237, 587], [238, 588], [239, 588], [239, 587], [239, 586], [238, 585], [237, 586], [236, 586], [235, 585], [234, 586], [233, 586], [232, 586], [231, 586], [230, 586], [229, 585], [228, 585], [227, 585], [226, 586], [225, 586], [224, 585]]]]","[[], 79]"
88,88,"[[[649, 553]], [[648, 554]], [[647, 554]], [[646, 554]], [[645, 554]], [[644, 555]], [[643, 555]], [[642, 555]], [[641, 556]], [[640, 556]], [[639, 557]], [[639, 558]], [[638, 559]], [[638, 560]], [[637, 561]], [[637, 562]], [[637, 563]], [[637, 564]], [[637, 565]], [[638, 566]], [[638, 567]], [[638, 568]], [[638, 569]], [[639, 570]], [[639, 571]], [[639, 572]], [[638, 573]], [[637, 574]], [[636, 574]], [[635, 574]], [[634, 575]], [[634, 576]], [[633, 577]], [[633, 578]], [[633, 579]], [[633, 580]], [[633, 581]], [[633, 582]], [[633, 583]], [[633, 584]], [[633, 585]], [[633, 586]], [[633, 587]], [[634, 588]], [[635, 589]], [[635, 590]], [[636, 591]], [[637, 592]], [[637, 593]], [[637, 594]], [[638, 595]], [[638, 596]], [[639, 597]], [[639, 598]], [[640, 599]], [[640, 600]], [[641, 601]], [[641, 602]], [[642, 603]], [[643, 604]], [[643, 605]], [[644, 606]], [[644, 607]], [[644, 608]], [[645, 609]], [[645, 610]], [[645, 611]], [[646, 612]], [[646, 613]], [[647, 614]], [[648, 615]], [[649, 615]], [[650, 615]], [[651, 616]], [[652, 615]], [[653, 616]], [[654, 616]], [[655, 617]], [[656, 618]], [[657, 618]], [[658, 618]], [[659, 618]], [[660, 618]], [[661, 618]], [[662, 617]], [[663, 618]], [[664, 617]], [[665, 616]], [[666, 615]], [[666, 614]], [[667, 613]], [[667, 612]], [[667, 611]], [[668, 610]], [[668, 609]], [[667, 608]], [[668, 607]], [[668, 606]], [[669, 605]], [[669, 604]], [[669, 603]], [[670, 602]], [[670, 601]], [[670, 600]], [[670, 599]], [[670, 598]], [[670, 597]], [[670, 596]], [[669, 595]], [[669, 594]], [[669, 593]], [[670, 592]], [[670, 591]], [[671, 590]], [[672, 589]], [[673, 588]], [[674, 588]], [[675, 587]], [[676, 586]], [[677, 585]], [[678, 584]], [[679, 583]], [[679, 582]], [[680, 581]], [[681, 580]], [[682, 579]], [[682, 578]], [[682, 577]], [[682, 576]], [[682, 575]], [[682, 574]], [[682, 573]], [[681, 572]], [[681, 571]], [[681, 570]], [[680, 569]], [[679, 569]], [[678, 568]], [[677, 568]], [[676, 567]], [[675, 566]], [[674, 566]], [[673, 566]], [[672, 566]], [[671, 565]], [[670, 565]], [[669, 565]], [[668, 565]], [[667, 564]], [[667, 563]], [[666, 563]], [[665, 563]], [[664, 562]], [[663, 562]], [[662, 561]], [[661, 561]], [[660, 561]], [[659, 560]], [[659, 559]], [[659, 558]], [[658, 558]], [[657, 557]], [[656, 557]], [[655, 556]], [[654, 555]], [[653, 555]], [[652, 555]], [[651, 555]], [[650, 554]]]","[[], [[[661, 550], [660, 551], [660, 552], [659, 553], [658, 553], [657, 554], [656, 554], [655, 554], [656, 555], [657, 556], [658, 557], [659, 557], [658, 556], [659, 555], [659, 554], [659, 553], [660, 552], [661, 551], [662, 551], [663, 551], [664, 551], [665, 552], [666, 552], [667, 552], [666, 552], [665, 551], [665, 550], [664, 550], [663, 550], [662, 550]]]]","[[], 80]"
89,89,"[[[398, 539]], [[397, 540]], [[396, 540]], [[395, 540]], [[394, 541]], [[393, 541]], [[392, 542]], [[391, 542]], [[391, 543]], [[390, 544]], [[390, 545]], [[389, 546]], [[388, 547]], [[388, 548]], [[387, 549]], [[387, 550]], [[387, 551]], [[386, 552]], [[386, 553]], [[386, 554]], [[385, 555]], [[384, 555]], [[383, 555]], [[382, 555]], [[381, 555]], [[380, 555]], [[379, 555]], [[378, 556]], [[377, 556]], [[376, 556]], [[375, 556]], [[374, 556]], [[373, 556]], [[372, 557]], [[371, 557]], [[370, 558]], [[369, 559]], [[368, 559]], [[367, 560]], [[366, 560]], [[366, 561]], [[365, 562]], [[364, 563]], [[364, 564]], [[364, 565]], [[364, 566]], [[364, 567]], [[364, 568]], [[364, 569]], [[363, 570]], [[363, 571]], [[363, 572]], [[364, 573]], [[365, 574]], [[365, 575]], [[365, 576]], [[365, 577]], [[365, 578]], [[366, 579]], [[366, 580]], [[366, 581]], [[366, 582]], [[367, 583]], [[367, 584]], [[367, 585]], [[368, 586]], [[369, 587]], [[370, 587]], [[371, 588]], [[372, 588]], [[373, 589]], [[374, 590]], [[375, 590]], [[376, 590]], [[377, 590]], [[378, 590]], [[379, 589]], [[379, 588]], [[379, 587]], [[380, 586]], [[380, 585]], [[381, 584]], [[382, 584]], [[383, 584]], [[384, 584]], [[384, 583]], [[385, 582]], [[385, 581]], [[385, 580]], [[386, 579]], [[387, 579]], [[388, 579]], [[389, 580]], [[390, 581]], [[391, 582]], [[391, 583]], [[390, 584]], [[389, 584]], [[388, 585]], [[387, 586]], [[386, 587]], [[385, 587]], [[384, 588]], [[383, 589]], [[382, 590]], [[382, 591]], [[382, 592]], [[382, 593]], [[383, 594]], [[383, 595]], [[383, 596]], [[384, 597]], [[385, 597]], [[386, 597]], [[387, 597]], [[388, 598]], [[389, 598]], [[390, 599]], [[391, 600]], [[392, 600]], [[393, 601]], [[394, 601]], [[395, 601]], [[396, 602]], [[397, 603]], [[397, 604]], [[397, 605]], [[397, 606]], [[397, 607]], [[397, 608]], [[397, 609]], [[397, 610]], [[397, 611]], [[398, 612]], [[398, 613]], [[399, 614]], [[399, 615]], [[400, 616]], [[400, 617]], [[401, 618]], [[401, 619]], [[401, 620]], [[401, 621]], [[402, 622]], [[402, 623]], [[403, 624]], [[404, 625]], [[405, 626]], [[405, 627]], [[406, 628]], [[406, 629]], [[406, 630]], [[407, 631]], [[408, 632]], [[409, 633]], [[410, 633]], [[411, 634]], [[412, 635]], [[412, 636]], [[413, 637]], [[414, 637]], [[415, 638]], [[415, 639]], [[415, 640]], [[415, 641]], [[416, 642]], [[416, 643]], [[416, 644]], [[416, 645]], [[417, 645]], [[418, 645]], [[419, 645]], [[420, 644]], [[420, 643]], [[420, 642]], [[421, 641]], [[420, 640]], [[420, 639]], [[420, 638]], [[420, 637]], [[421, 636]], [[422, 635]], [[423, 634]], [[423, 633]], [[423, 632]], [[423, 631]], [[424, 630]], [[424, 629]], [[425, 628]], [[425, 627]], [[425, 626]], [[426, 625]], [[426, 624]], [[426, 623]], [[426, 622]], [[426, 621]], [[426, 620]], [[426, 619]], [[425, 618]], [[425, 617]], [[424, 616]], [[424, 615]], [[423, 614]], [[423, 613]], [[422, 612]], [[422, 611]], [[422, 610]], [[422, 609]], [[421, 608]], [[421, 607]], [[420, 606]], [[420, 605]], [[420, 604]], [[420, 603]], [[419, 602]], [[419, 601]], [[419, 600]], [[419, 599]], [[419, 598]], [[419, 597]], [[419, 596]], [[419, 595]], [[420, 594]], [[421, 593]], [[421, 592]], [[422, 591]], [[422, 590]], [[422, 589]], [[423, 588]], [[423, 587]], [[424, 586]], [[424, 585]], [[424, 584]], [[424, 583]], [[425, 582]], [[425, 581]], [[425, 580]], [[425, 579]], [[425, 578]], [[425, 577]], [[425, 576]], [[426, 575]], [[426, 574]], [[426, 573]], [[426, 572]], [[426, 571]], [[426, 570]], [[427, 569]], [[428, 568]], [[429, 567]], [[430, 567]], [[431, 566]], [[432, 566]], [[433, 565]], [[434, 565]], [[434, 564]], [[435, 563]], [[435, 562]], [[436, 561]], [[436, 560]], [[436, 559]], [[436, 558]], [[435, 557]], [[435, 556]], [[435, 555]], [[435, 554]], [[435, 553]], [[434, 552]], [[434, 551]], [[434, 550]], [[433, 549]], [[432, 548]], [[432, 547]], [[431, 546]], [[431, 545]], [[430, 544]], [[429, 544]], [[428, 544]], [[427, 544]], [[426, 545]], [[425, 545]], [[424, 545]], [[423, 545]], [[422, 546]], [[421, 546]], [[420, 547]], [[419, 548]], [[418, 549]], [[417, 549]], [[416, 549]], [[415, 548]], [[414, 548]], [[413, 548]], [[412, 548]], [[411, 548]], [[410, 547]], [[410, 546]], [[409, 545]], [[408, 544]], [[407, 543]], [[406, 542]], [[405, 541]], [[404, 540]], [[403, 540]], [[402, 540]], [[401, 540]], [[400, 539]], [[399, 539]]]","[[], [[[365, 550], [365, 551], [365, 552], [365, 553], [364, 554], [363, 555], [362, 556], [362, 557], [362, 558], [361, 559], [360, 558], [361, 559], [361, 560], [361, 561], [361, 562], [362, 562], [363, 562], [364, 562], [365, 561], [365, 560], [365, 559], [366, 558], [366, 557], [367, 556], [368, 556], [369, 556], [370, 555], [370, 554], [369, 553], [368, 553], [367, 552], [367, 551], [366, 551]]]]","[[], 81]"
90,90,"[[[190, 539]], [[189, 540]], [[188, 540]], [[187, 540]], [[186, 541]], [[186, 542]], [[186, 543]], [[186, 544]], [[186, 545]], [[186, 546]], [[187, 547]], [[187, 548]], [[187, 549]], [[188, 550]], [[188, 551]], [[188, 552]], [[188, 553]], [[189, 554]], [[190, 555]], [[190, 556]], [[190, 557]], [[191, 558]], [[192, 558]], [[193, 559]], [[194, 560]], [[195, 560]], [[196, 561]], [[197, 561]], [[198, 561]], [[199, 560]], [[200, 559]], [[201, 558]], [[202, 558]], [[202, 557]], [[203, 556]], [[204, 556]], [[205, 556]], [[206, 556]], [[207, 555]], [[207, 554]], [[207, 553]], [[207, 552]], [[207, 551]], [[207, 550]], [[207, 549]], [[206, 548]], [[205, 547]], [[204, 547]], [[203, 547]], [[202, 546]], [[201, 545]], [[201, 544]], [[200, 543]], [[200, 542]], [[200, 541]], [[199, 540]], [[198, 540]], [[197, 540]], [[196, 540]], [[195, 539]], [[194, 539]], [[193, 539]], [[192, 539]], [[191, 539]]]",[[]],[]
91,91,"[[[144, 536]], [[143, 537]], [[142, 537]], [[141, 537]], [[140, 538]], [[139, 538]], [[138, 538]], [[137, 538]], [[136, 539]], [[135, 540]], [[135, 541]], [[134, 542]], [[133, 542]], [[132, 542]], [[131, 542]], [[130, 543]], [[129, 543]], [[128, 544]], [[127, 545]], [[126, 545]], [[125, 545]], [[124, 546]], [[123, 546]], [[122, 546]], [[121, 547]], [[120, 548]], [[119, 549]], [[118, 550]], [[117, 551]], [[116, 551]], [[115, 551]], [[114, 551]], [[113, 552]], [[113, 553]], [[112, 554]], [[111, 554]], [[110, 555]], [[109, 555]], [[108, 556]], [[107, 556]], [[106, 557]], [[106, 558]], [[105, 559]], [[105, 560]], [[104, 561]], [[104, 562]], [[104, 563]], [[104, 564]], [[104, 565]], [[105, 566]], [[105, 567]], [[105, 568]], [[106, 569]], [[106, 570]], [[107, 571]], [[107, 572]], [[108, 573]], [[108, 574]], [[108, 575]], [[108, 576]], [[109, 577]], [[110, 577]], [[111, 578]], [[112, 578]], [[113, 578]], [[114, 577]], [[115, 577]], [[116, 577]], [[117, 577]], [[118, 576]], [[119, 575]], [[120, 574]], [[121, 573]], [[122, 573]], [[123, 573]], [[124, 572]], [[125, 572]], [[126, 572]], [[127, 571]], [[128, 571]], [[129, 570]], [[130, 570]], [[131, 569]], [[132, 569]], [[133, 568]], [[134, 568]], [[135, 567]], [[136, 566]], [[137, 565]], [[138, 565]], [[139, 565]], [[140, 565]], [[141, 565]], [[142, 564]], [[143, 563]], [[144, 563]], [[145, 562]], [[146, 562]], [[147, 561]], [[148, 561]], [[149, 560]], [[149, 559]], [[150, 558]], [[151, 557]], [[152, 556]], [[153, 555]], [[153, 554]], [[153, 553]], [[153, 552]], [[153, 551]], [[153, 550]], [[153, 549]], [[152, 548]], [[152, 547]], [[152, 546]], [[152, 545]], [[151, 544]], [[150, 543]], [[150, 542]], [[149, 541]], [[148, 540]], [[147, 539]], [[146, 538]], [[145, 538]], [[144, 537]]]",[[]],[]
92,92,"[[[552, 526]], [[551, 527]], [[550, 528]], [[550, 529]], [[550, 530]], [[551, 531]], [[551, 532]], [[551, 533]], [[552, 533]], [[553, 534]], [[554, 535]], [[553, 536]], [[552, 537]], [[552, 538]], [[553, 539]], [[553, 540]], [[553, 541]], [[553, 542]], [[553, 543]], [[553, 544]], [[554, 545]], [[555, 545]], [[556, 546]], [[557, 547]], [[558, 548]], [[559, 549]], [[559, 550]], [[559, 551]], [[558, 552]], [[557, 553]], [[556, 553]], [[555, 554]], [[554, 554]], [[553, 553]], [[552, 553]], [[551, 552]], [[550, 553]], [[549, 553]], [[549, 554]], [[549, 555]], [[549, 556]], [[549, 557]], [[548, 558]], [[548, 559]], [[549, 560]], [[549, 561]], [[550, 562]], [[551, 563]], [[551, 564]], [[551, 565]], [[552, 565]], [[553, 565]], [[554, 565]], [[555, 564]], [[556, 564]], [[557, 564]], [[558, 564]], [[559, 563]], [[560, 563]], [[561, 562]], [[562, 562]], [[562, 561]], [[563, 560]], [[564, 559]], [[565, 558]], [[566, 558]], [[567, 558]], [[568, 557]], [[569, 557]], [[570, 556]], [[571, 556]], [[572, 555]], [[573, 555]], [[573, 554]], [[574, 553]], [[574, 552]], [[574, 551]], [[575, 550]], [[575, 549]], [[575, 548]], [[575, 547]], [[575, 546]], [[575, 545]], [[575, 544]], [[575, 543]], [[574, 542]], [[574, 541]], [[574, 540]], [[573, 539]], [[573, 538]], [[573, 537]], [[573, 536]], [[572, 535]], [[572, 534]], [[571, 533]], [[570, 532]], [[570, 531]], [[569, 531]], [[568, 530]], [[567, 530]], [[566, 529]], [[565, 529]], [[564, 528]], [[563, 528]], [[562, 528]], [[561, 528]], [[560, 528]], [[559, 528]], [[558, 528]], [[557, 528]], [[556, 527]], [[555, 526]], [[554, 526]], [[553, 526]]]","[[], [[[578, 536], [577, 537], [576, 538], [575, 538], [574, 538], [574, 539], [575, 539], [576, 539], [577, 539], [578, 540], [579, 541], [580, 541], [581, 541], [582, 540], [583, 539], [584, 539], [585, 539], [586, 540], [586, 541], [587, 541], [587, 540], [587, 539], [588, 538], [589, 538], [590, 537], [589, 537], [588, 537], [587, 537], [586, 538], [585, 538], [584, 537], [583, 537], [582, 537], [581, 536], [580, 536], [579, 537]]]]","[[], 82]"
93,93,"[[[590, 519]], [[589, 520]], [[588, 520]], [[587, 520]], [[586, 520]], [[585, 521]], [[584, 521]], [[584, 522]], [[584, 523]], [[583, 524]], [[583, 525]], [[583, 526]], [[583, 527]], [[584, 528]], [[585, 529]], [[586, 529]], [[587, 529]], [[588, 529]], [[589, 530]], [[590, 529]], [[591, 529]], [[592, 529]], [[593, 529]], [[594, 528]], [[595, 527]], [[596, 528]], [[597, 528]], [[598, 528]], [[598, 527]], [[599, 526]], [[598, 525]], [[598, 524]], [[598, 523]], [[597, 522]], [[596, 522]], [[595, 521]], [[594, 521]], [[593, 520]], [[592, 519]], [[591, 519]]]",[[]],[]
94,94,"[[[662, 511]], [[661, 512]], [[660, 512]], [[659, 513]], [[658, 513]], [[657, 514]], [[656, 515]], [[656, 516]], [[656, 517]], [[655, 518]], [[655, 519]], [[656, 520]], [[656, 521]], [[657, 522]], [[658, 523]], [[658, 524]], [[659, 525]], [[660, 525]], [[661, 525]], [[662, 525]], [[663, 526]], [[664, 527]], [[665, 526]], [[666, 526]], [[667, 526]], [[668, 525]], [[669, 524]], [[670, 525]], [[671, 526]], [[671, 527]], [[671, 528]], [[672, 528]], [[673, 528]], [[674, 527]], [[675, 526]], [[676, 526]], [[676, 525]], [[677, 524]], [[677, 523]], [[676, 522]], [[675, 521]], [[674, 521]], [[673, 521]], [[672, 520]], [[671, 519]], [[671, 518]], [[670, 517]], [[670, 516]], [[669, 515]], [[668, 514]], [[667, 513]], [[666, 512]], [[665, 511]], [[664, 511]], [[663, 511]]]","[[[[663, 507], [662, 508], [661, 509], [660, 509], [659, 510], [659, 511], [660, 510], [661, 509], [662, 508], [663, 508], [664, 509], [665, 510], [666, 511], [667, 512], [668, 513], [669, 514], [670, 515], [671, 516], [671, 515], [670, 514], [670, 513], [670, 512], [670, 511], [669, 510], [669, 509], [668, 509], [667, 509], [666, 509], [665, 508], [664, 507]]], []]","[83, []]"
95,95,"[[[413, 508]], [[412, 509]], [[411, 510]], [[410, 511]], [[409, 512]], [[408, 512]], [[408, 513]], [[408, 514]], [[408, 515]], [[408, 516]], [[408, 517]], [[408, 518]], [[408, 519]], [[409, 520]], [[410, 521]], [[411, 522]], [[412, 522]], [[413, 522]], [[414, 523]], [[415, 523]], [[416, 523]], [[417, 524]], [[418, 524]], [[419, 523]], [[420, 522]], [[421, 522]], [[422, 521]], [[423, 520]], [[424, 520]], [[425, 520]], [[426, 520]], [[427, 519]], [[428, 518]], [[429, 518]], [[430, 517]], [[430, 516]], [[430, 515]], [[431, 514]], [[431, 513]], [[431, 512]], [[430, 511]], [[430, 510]], [[430, 509]], [[429, 509]], [[428, 509]], [[427, 509]], [[426, 509]], [[425, 509]], [[424, 508]], [[423, 508]], [[422, 508]], [[421, 508]], [[420, 508]], [[419, 508]], [[418, 508]], [[417, 508]], [[416, 508]], [[415, 508]], [[414, 508]]]",[[]],[]
96,96,"[[[49, 505]], [[48, 506]], [[47, 506]], [[46, 506]], [[45, 506]], [[44, 506]], [[43, 506]], [[42, 506]], [[41, 507]], [[40, 507]], [[39, 508]], [[38, 509]], [[37, 509]], [[37, 510]], [[37, 511]], [[36, 512]], [[35, 513]], [[34, 513]], [[33, 514]], [[32, 514]], [[31, 515]], [[30, 515]], [[29, 515]], [[28, 516]], [[27, 517]], [[26, 518]], [[26, 519]], [[25, 520]], [[25, 521]], [[24, 522]], [[23, 522]], [[22, 523]], [[21, 524]], [[20, 524]], [[19, 524]], [[18, 525]], [[17, 526]], [[16, 526]], [[15, 526]], [[14, 527]], [[13, 527]], [[12, 528]], [[12, 529]], [[12, 530]], [[11, 531]], [[11, 532]], [[11, 533]], [[11, 534]], [[11, 535]], [[11, 536]], [[11, 537]], [[11, 538]], [[11, 539]], [[10, 540]], [[10, 541]], [[10, 542]], [[10, 543]], [[10, 544]], [[10, 545]], [[10, 546]], [[10, 547]], [[10, 548]], [[11, 549]], [[11, 550]], [[12, 551]], [[12, 552]], [[11, 553]], [[11, 554]], [[10, 555]], [[10, 556]], [[9, 557]], [[9, 558]], [[9, 559]], [[10, 560]], [[10, 561]], [[11, 562]], [[12, 563]], [[12, 564]], [[12, 565]], [[13, 566]], [[13, 567]], [[13, 568]], [[14, 569]], [[14, 570]], [[14, 571]], [[15, 572]], [[15, 573]], [[16, 574]], [[17, 574]], [[18, 574]], [[19, 574]], [[20, 574]], [[21, 574]], [[22, 574]], [[23, 575]], [[24, 575]], [[25, 575]], [[26, 575]], [[27, 576]], [[28, 577]], [[29, 577]], [[30, 578]], [[31, 579]], [[32, 579]], [[33, 579]], [[34, 580]], [[35, 581]], [[36, 581]], [[37, 581]], [[38, 581]], [[39, 581]], [[40, 581]], [[41, 580]], [[42, 579]], [[42, 578]], [[42, 577]], [[43, 576]], [[43, 575]], [[43, 574]], [[44, 573]], [[44, 572]], [[43, 571]], [[43, 570]], [[43, 569]], [[43, 568]], [[43, 567]], [[42, 566]], [[42, 565]], [[42, 564]], [[42, 563]], [[42, 562]], [[43, 561]], [[44, 561]], [[45, 562]], [[46, 562]], [[47, 563]], [[48, 564]], [[49, 565]], [[49, 566]], [[49, 567]], [[50, 568]], [[50, 569]], [[50, 570]], [[51, 571]], [[51, 572]], [[52, 573]], [[52, 574]], [[53, 574]], [[54, 574]], [[55, 574]], [[56, 574]], [[57, 574]], [[58, 573]], [[58, 572]], [[59, 571]], [[60, 570]], [[61, 570]], [[62, 569]], [[63, 569]], [[64, 568]], [[65, 567]], [[66, 566]], [[66, 565]], [[67, 564]], [[68, 563]], [[68, 562]], [[68, 561]], [[68, 560]], [[68, 559]], [[68, 558]], [[68, 557]], [[68, 556]], [[67, 555]], [[67, 554]], [[66, 553]], [[66, 552]], [[66, 551]], [[66, 550]], [[66, 549]], [[66, 548]], [[66, 547]], [[66, 546]], [[66, 545]], [[66, 544]], [[67, 543]], [[67, 542]], [[68, 541]], [[69, 540]], [[69, 539]], [[70, 538]], [[70, 537]], [[70, 536]], [[70, 535]], [[70, 534]], [[70, 533]], [[70, 532]], [[70, 531]], [[70, 530]], [[70, 529]], [[70, 528]], [[70, 527]], [[70, 526]], [[69, 525]], [[69, 524]], [[69, 523]], [[69, 522]], [[68, 521]], [[68, 520]], [[68, 519]], [[67, 518]], [[66, 517]], [[65, 516]], [[65, 515]], [[64, 514]], [[63, 513]], [[63, 512]], [[62, 511]], [[62, 510]], [[61, 509]], [[60, 508]], [[59, 508]], [[58, 507]], [[57, 506]], [[56, 506]], [[55, 506]], [[54, 505]], [[53, 505]], [[52, 505]], [[51, 505]], [[50, 505]]]",[[]],[]
97,97,"[[[219, 504]], [[218, 505]], [[218, 506]], [[217, 507]], [[217, 508]], [[216, 509]], [[215, 510]], [[215, 511]], [[214, 512]], [[214, 513]], [[213, 514]], [[213, 515]], [[213, 516]], [[213, 517]], [[212, 518]], [[213, 519]], [[213, 520]], [[213, 521]], [[213, 522]], [[213, 523]], [[213, 524]], [[213, 525]], [[213, 526]], [[214, 527]], [[214, 528]], [[215, 529]], [[215, 530]], [[215, 531]], [[216, 531]], [[217, 531]], [[218, 531]], [[219, 532]], [[220, 532]], [[221, 532]], [[222, 532]], [[223, 532]], [[224, 531]], [[225, 530]], [[226, 530]], [[227, 529]], [[228, 528]], [[228, 527]], [[229, 526]], [[230, 526]], [[231, 526]], [[232, 525]], [[233, 524]], [[234, 523]], [[235, 522]], [[236, 521]], [[236, 520]], [[236, 519]], [[235, 518]], [[235, 517]], [[235, 516]], [[234, 515]], [[233, 514]], [[232, 513]], [[231, 513]], [[230, 512]], [[229, 511]], [[229, 510]], [[228, 509]], [[228, 508]], [[228, 507]], [[227, 506]], [[226, 506]], [[225, 505]], [[224, 504]], [[223, 504]], [[222, 504]], [[221, 504]], [[220, 504]]]",[[]],[]
98,98,"[[[368, 492]], [[367, 493]], [[366, 493]], [[365, 493]], [[364, 494]], [[363, 494]], [[362, 494]], [[361, 495]], [[360, 496]], [[359, 497]], [[359, 498]], [[358, 499]], [[357, 499]], [[357, 500]], [[357, 501]], [[357, 502]], [[357, 503]], [[357, 504]], [[358, 504]], [[359, 504]], [[360, 504]], [[361, 505]], [[362, 506]], [[363, 507]], [[364, 507]], [[365, 508]], [[365, 509]], [[365, 510]], [[366, 511]], [[366, 512]], [[367, 512]], [[368, 513]], [[369, 514]], [[370, 514]], [[371, 515]], [[371, 516]], [[370, 517]], [[369, 518]], [[368, 518]], [[367, 519]], [[366, 520]], [[365, 520]], [[364, 520]], [[363, 521]], [[362, 522]], [[361, 523]], [[360, 524]], [[359, 525]], [[358, 526]], [[357, 526]], [[356, 527]], [[355, 527]], [[354, 528]], [[353, 529]], [[353, 530]], [[352, 531]], [[351, 532]], [[350, 532]], [[349, 532]], [[348, 532]], [[347, 531]], [[347, 532]], [[347, 533]], [[347, 534]], [[346, 535]], [[345, 536]], [[344, 537]], [[343, 537]], [[342, 537]], [[341, 536]], [[341, 537]], [[340, 538]], [[339, 539]], [[338, 539]], [[337, 539]], [[336, 539]], [[335, 540]], [[335, 541]], [[334, 542]], [[334, 543]], [[333, 544]], [[332, 545]], [[331, 546]], [[330, 546]], [[329, 545]], [[328, 545]], [[327, 545]], [[326, 546]], [[325, 546]], [[324, 546]], [[323, 546]], [[322, 546]], [[321, 545]], [[320, 545]], [[319, 544]], [[318, 544]], [[317, 543]], [[316, 542]], [[316, 541]], [[317, 540]], [[318, 539]], [[319, 539]], [[320, 539]], [[320, 538]], [[321, 537]], [[322, 536]], [[323, 536]], [[324, 535]], [[325, 534]], [[326, 533]], [[327, 532]], [[328, 532]], [[329, 532]], [[330, 532]], [[331, 532]], [[332, 531]], [[333, 532]], [[334, 532]], [[335, 532]], [[336, 532]], [[337, 531]], [[338, 531]], [[338, 530]], [[339, 529]], [[340, 529]], [[340, 528]], [[341, 527]], [[341, 526]], [[342, 525]], [[343, 524]], [[344, 523]], [[345, 522]], [[345, 521]], [[345, 520]], [[345, 519]], [[344, 518]], [[344, 517]], [[344, 516]], [[343, 515]], [[343, 514]], [[343, 513]], [[342, 512]], [[341, 512]], [[340, 511]], [[339, 511]], [[338, 510]], [[337, 509]], [[336, 509]], [[335, 509]], [[334, 508]], [[333, 508]], [[332, 508]], [[331, 508]], [[330, 508]], [[329, 509]], [[328, 510]], [[327, 510]], [[326, 510]], [[325, 510]], [[324, 511]], [[323, 512]], [[322, 513]], [[321, 514]], [[320, 514]], [[320, 515]], [[319, 516]], [[318, 517]], [[317, 518]], [[316, 518]], [[316, 519]], [[315, 520]], [[315, 521]], [[314, 522]], [[314, 523]], [[313, 524]], [[313, 525]], [[312, 526]], [[311, 527]], [[311, 528]], [[310, 529]], [[310, 530]], [[310, 531]], [[310, 532]], [[311, 533]], [[311, 534]], [[311, 535]], [[312, 536]], [[312, 537]], [[311, 538]], [[311, 539]], [[311, 540]], [[311, 541]], [[312, 542]], [[312, 543]], [[312, 544]], [[313, 545]], [[313, 546]], [[313, 547]], [[313, 548]], [[314, 549]], [[314, 550]], [[314, 551]], [[314, 552]], [[314, 553]], [[315, 554]], [[315, 555]], [[316, 556]], [[316, 557]], [[317, 558]], [[317, 559]], [[317, 560]], [[318, 560]], [[319, 561]], [[319, 562]], [[319, 563]], [[319, 564]], [[319, 565]], [[320, 566]], [[321, 566]], [[322, 566]], [[323, 566]], [[324, 566]], [[325, 567]], [[326, 567]], [[327, 567]], [[328, 567]], [[329, 568]], [[330, 569]], [[331, 569]], [[332, 569]], [[333, 570]], [[334, 570]], [[335, 570]], [[336, 570]], [[337, 570]], [[338, 570]], [[339, 570]], [[340, 570]], [[341, 570]], [[342, 570]], [[343, 569]], [[344, 569]], [[345, 568]], [[346, 568]], [[347, 567]], [[348, 567]], [[349, 566]], [[350, 566]], [[351, 566]], [[352, 566]], [[353, 566]], [[354, 567]], [[355, 567]], [[356, 566]], [[357, 566]], [[358, 565]], [[358, 564]], [[359, 563]], [[360, 562]], [[360, 561]], [[360, 560]], [[360, 559]], [[359, 558]], [[360, 557]], [[361, 557]], [[361, 556]], [[362, 555]], [[363, 554]], [[364, 553]], [[364, 552]], [[364, 551]], [[364, 550]], [[365, 549]], [[366, 550]], [[366, 549]], [[366, 548]], [[367, 547]], [[368, 546]], [[369, 546]], [[370, 545]], [[371, 544]], [[372, 543]], [[373, 544]], [[374, 543]], [[375, 542]], [[376, 542]], [[377, 542]], [[378, 541]], [[378, 540]], [[379, 539]], [[380, 539]], [[381, 539]], [[382, 538]], [[383, 538]], [[384, 537]], [[384, 536]], [[384, 535]], [[384, 534]], [[384, 533]], [[385, 532]], [[385, 531]], [[385, 530]], [[385, 529]], [[385, 528]], [[386, 527]], [[386, 526]], [[386, 525]], [[386, 524]], [[386, 523]], [[386, 522]], [[386, 521]], [[386, 520]], [[386, 519]], [[385, 518]], [[384, 517]], [[383, 516]], [[382, 516]], [[381, 516]], [[380, 515]], [[379, 515]], [[378, 515]], [[377, 514]], [[377, 513]], [[378, 512]], [[379, 511]], [[380, 511]], [[381, 510]], [[382, 509]], [[383, 509]], [[384, 509]], [[385, 508]], [[386, 508]], [[386, 507]], [[386, 506]], [[386, 505]], [[385, 504]], [[385, 503]], [[384, 502]], [[383, 501]], [[382, 500]], [[382, 499]], [[382, 498]], [[382, 497]], [[381, 497]], [[380, 496]], [[379, 495]], [[378, 494]], [[377, 494]], [[376, 493]], [[375, 493]], [[374, 493]], [[373, 492]], [[372, 492]], [[371, 492]], [[370, 492]], [[369, 492]]]","[[], [[[347, 510], [346, 511], [345, 511], [344, 512], [344, 513], [345, 514], [345, 515], [345, 516], [345, 517], [346, 518], [347, 519], [347, 520], [347, 521], [347, 522], [346, 523], [346, 524], [347, 524], [348, 523], [347, 522], [347, 521], [347, 520], [347, 519], [347, 518], [347, 517], [347, 516], [346, 515], [346, 514], [346, 513], [346, 512], [347, 511], [348, 511], [349, 512], [349, 513], [350, 513], [351, 513], [352, 513], [353, 514], [353, 513], [353, 512], [353, 511], [353, 510], [352, 510], [351, 510], [350, 511], [349, 511], [348, 511]]], [[[365, 550], [365, 551], [365, 552], [365, 553], [364, 554], [363, 555], [362, 556], [362, 557], [362, 558], [361, 559], [360, 558], [361, 559], [361, 560], [361, 561], [361, 562], [362, 562], [363, 562], [364, 562], [365, 561], [365, 560], [365, 559], [366, 558], [366, 557], [367, 556], [368, 556], [369, 556], [370, 555], [370, 554], [369, 553], [368, 553], [367, 552], [367, 551], [366, 551]]]]","[[], 84, 81]"
99,99,"[[[274, 490]], [[273, 491]], [[272, 492]], [[271, 493]], [[270, 493]], [[269, 493]], [[268, 494]], [[267, 495]], [[266, 496]], [[266, 497]], [[265, 498]], [[264, 499]], [[263, 500]], [[263, 501]], [[262, 502]], [[261, 502]], [[260, 503]], [[259, 504]], [[258, 505]], [[257, 505]], [[256, 506]], [[255, 507]], [[254, 508]], [[253, 508]], [[252, 508]], [[252, 509]], [[251, 510]], [[252, 511]], [[252, 512]], [[252, 513]], [[252, 514]], [[252, 515]], [[253, 516]], [[254, 517]], [[255, 518]], [[256, 519]], [[256, 520]], [[257, 521]], [[258, 522]], [[259, 523]], [[260, 523]], [[261, 524]], [[262, 525]], [[263, 526]], [[264, 526]], [[265, 527]], [[266, 526]], [[267, 526]], [[268, 526]], [[269, 526]], [[270, 525]], [[271, 525]], [[272, 524]], [[273, 523]], [[274, 522]], [[275, 521]], [[276, 520]], [[277, 519]], [[278, 518]], [[278, 517]], [[279, 516]], [[280, 515]], [[281, 514]], [[282, 514]], [[283, 513]], [[283, 512]], [[284, 511]], [[284, 510]], [[284, 509]], [[285, 508]], [[285, 507]], [[285, 506]], [[285, 505]], [[285, 504]], [[284, 503]], [[284, 502]], [[284, 501]], [[284, 500]], [[284, 499]], [[283, 498]], [[282, 497]], [[282, 496]], [[281, 495]], [[280, 494]], [[279, 493]], [[278, 492]], [[278, 491]], [[278, 490]], [[277, 490]], [[276, 490]], [[275, 490]]]",[[]],[]
100,100,"[[[720, 487]], [[719, 488]], [[718, 488]], [[718, 489]], [[717, 490]], [[717, 491]], [[716, 492]], [[715, 493]], [[714, 492]], [[713, 493]], [[713, 494]], [[713, 495]], [[712, 496]], [[711, 497]], [[710, 498]], [[709, 498]], [[708, 499]], [[707, 500]], [[707, 501]], [[706, 502]], [[705, 503]], [[704, 503]], [[703, 504]], [[702, 504]], [[701, 504]], [[700, 504]], [[699, 505]], [[698, 506]], [[697, 506]], [[696, 507]], [[695, 507]], [[694, 507]], [[693, 507]], [[692, 508]], [[691, 508]], [[691, 509]], [[690, 510]], [[689, 510]], [[688, 511]], [[688, 512]], [[688, 513]], [[688, 514]], [[689, 515]], [[690, 516]], [[691, 516]], [[692, 517]], [[693, 517]], [[694, 517]], [[695, 517]], [[696, 517]], [[697, 518]], [[698, 518]], [[699, 519]], [[700, 519]], [[701, 520]], [[702, 520]], [[703, 520]], [[704, 521]], [[705, 522]], [[705, 523]], [[705, 524]], [[705, 525]], [[706, 526]], [[707, 527]], [[708, 528]], [[709, 529]], [[710, 530]], [[710, 531]], [[711, 532]], [[712, 533]], [[713, 533]], [[714, 533]], [[715, 533]], [[716, 533]], [[717, 534]], [[718, 534]], [[719, 534]], [[720, 534]], [[721, 534]], [[722, 534]], [[723, 534]], [[724, 534]], [[724, 533]], [[724, 532]], [[724, 531]], [[725, 530]], [[726, 531]], [[726, 532]], [[727, 531]], [[728, 530]], [[729, 529]], [[730, 529]], [[731, 529]], [[732, 529]], [[733, 529]], [[734, 530]], [[735, 530]], [[736, 530]], [[737, 531]], [[737, 530]], [[738, 529]], [[739, 529]], [[740, 528]], [[740, 527]], [[740, 526]], [[741, 525]], [[742, 524]], [[742, 523]], [[742, 522]], [[741, 521]], [[741, 520]], [[741, 519]], [[741, 518]], [[741, 517]], [[741, 516]], [[741, 515]], [[741, 514]], [[741, 513]], [[741, 512]], [[741, 511]], [[741, 510]], [[741, 509]], [[741, 508]], [[742, 507]], [[742, 506]], [[743, 505]], [[742, 504]], [[742, 503]], [[742, 502]], [[742, 501]], [[742, 500]], [[741, 499]], [[741, 498]], [[741, 497]], [[741, 496]], [[740, 495]], [[739, 494]], [[738, 494]], [[737, 494]], [[736, 494]], [[735, 494]], [[734, 494]], [[733, 494]], [[732, 493]], [[731, 493]], [[730, 492]], [[729, 492]], [[728, 491]], [[727, 490]], [[726, 489]], [[725, 488]], [[724, 487]], [[723, 487]], [[722, 487]], [[721, 487]]]","[[], [[[743, 494], [742, 495], [742, 496], [742, 497], [742, 498], [742, 499], [743, 500], [743, 501], [743, 502], [744, 503], [744, 504], [744, 505], [744, 506], [744, 507], [745, 508], [745, 509], [745, 510], [745, 511], [745, 512], [745, 513], [745, 514], [746, 515], [746, 516], [746, 517], [746, 518], [746, 519], [746, 520], [747, 521], [747, 522], [748, 522], [749, 523], [749, 524], [750, 525], [750, 526], [751, 527], [752, 527], [752, 526], [753, 525], [753, 524], [752, 523], [751, 522], [751, 521], [750, 520], [750, 519], [749, 518], [749, 517], [748, 516], [748, 515], [747, 514], [747, 513], [746, 512], [746, 511], [746, 510], [746, 509], [746, 508], [745, 507], [745, 506], [746, 505], [747, 505], [746, 504], [746, 503], [746, 502], [745, 501], [745, 500], [745, 499], [745, 498], [745, 497], [744, 496], [744, 495], [744, 494]]]]","[[], 86]"
101,101,"[[[497, 478]], [[496, 479]], [[495, 479]], [[494, 479]], [[493, 479]], [[492, 479]], [[491, 480]], [[490, 480]], [[489, 480]], [[488, 480]], [[487, 480]], [[486, 480]], [[485, 480]], [[484, 480]], [[483, 480]], [[482, 480]], [[481, 480]], [[480, 480]], [[479, 480]], [[478, 480]], [[477, 481]], [[476, 482]], [[476, 483]], [[475, 484]], [[474, 485]], [[474, 486]], [[473, 487]], [[473, 488]], [[473, 489]], [[472, 490]], [[472, 491]], [[471, 492]], [[471, 493]], [[470, 494]], [[470, 495]], [[470, 496]], [[470, 497]], [[469, 498]], [[468, 499]], [[467, 499]], [[466, 499]], [[465, 498]], [[464, 497]], [[463, 497]], [[462, 497]], [[461, 497]], [[461, 498]], [[460, 499]], [[459, 500]], [[458, 501]], [[457, 502]], [[456, 503]], [[455, 504]], [[454, 504]], [[453, 505]], [[452, 505]], [[451, 506]], [[450, 506]], [[449, 507]], [[448, 507]], [[447, 508]], [[446, 508]], [[445, 509]], [[444, 510]], [[444, 511]], [[443, 512]], [[443, 513]], [[443, 514]], [[442, 515]], [[442, 516]], [[442, 517]], [[442, 518]], [[442, 519]], [[442, 520]], [[442, 521]], [[442, 522]], [[442, 523]], [[443, 524]], [[443, 525]], [[443, 526]], [[443, 527]], [[443, 528]], [[444, 529]], [[444, 530]], [[445, 531]], [[446, 532]], [[446, 533]], [[447, 534]], [[447, 535]], [[448, 536]], [[449, 537]], [[450, 538]], [[450, 539]], [[450, 540]], [[450, 541]], [[450, 542]], [[449, 543]], [[449, 544]], [[449, 545]], [[448, 546]], [[448, 547]], [[448, 548]], [[447, 549]], [[447, 550]], [[447, 551]], [[448, 552]], [[448, 553]], [[449, 553]], [[450, 554]], [[451, 555]], [[451, 556]], [[452, 557]], [[453, 558]], [[454, 558]], [[455, 558]], [[456, 558]], [[457, 559]], [[458, 558]], [[459, 559]], [[460, 559]], [[461, 559]], [[462, 560]], [[463, 561]], [[464, 562]], [[465, 563]], [[466, 563]], [[467, 564]], [[468, 565]], [[469, 565]], [[470, 566]], [[471, 566]], [[472, 566]], [[473, 566]], [[474, 566]], [[475, 567]], [[476, 567]], [[477, 567]], [[478, 568]], [[479, 568]], [[480, 568]], [[481, 568]], [[482, 569]], [[483, 569]], [[484, 569]], [[485, 569]], [[486, 569]], [[487, 569]], [[488, 568]], [[489, 568]], [[490, 568]], [[491, 569]], [[492, 569]], [[493, 570]], [[494, 570]], [[495, 570]], [[496, 570]], [[497, 570]], [[498, 570]], [[499, 569]], [[500, 569]], [[501, 568]], [[502, 567]], [[502, 566]], [[502, 565]], [[503, 564]], [[503, 563]], [[503, 562]], [[503, 561]], [[504, 560]], [[504, 559]], [[504, 558]], [[504, 557]], [[505, 556]], [[505, 555]], [[505, 554]], [[505, 553]], [[505, 552]], [[506, 551]], [[506, 550]], [[507, 549]], [[507, 548]], [[508, 547]], [[508, 546]], [[508, 545]], [[508, 544]], [[507, 543]], [[507, 542]], [[507, 541]], [[507, 540]], [[507, 539]], [[507, 538]], [[507, 537]], [[507, 536]], [[508, 535]], [[508, 534]], [[508, 533]], [[509, 532]], [[509, 531]], [[509, 530]], [[510, 529]], [[510, 528]], [[511, 527]], [[512, 527]], [[513, 527]], [[514, 527]], [[515, 526]], [[516, 526]], [[517, 525]], [[517, 524]], [[517, 523]], [[517, 522]], [[517, 521]], [[517, 520]], [[516, 519]], [[517, 518]], [[517, 517]], [[518, 516]], [[518, 515]], [[519, 514]], [[520, 513]], [[521, 513]], [[522, 512]], [[522, 511]], [[523, 510]], [[522, 509]], [[522, 508]], [[522, 507]], [[523, 506]], [[523, 505]], [[523, 504]], [[523, 503]], [[523, 502]], [[523, 501]], [[523, 500]], [[523, 499]], [[522, 498]], [[522, 497]], [[521, 496]], [[520, 495]], [[520, 494]], [[519, 493]], [[518, 492]], [[517, 491]], [[516, 491]], [[515, 491]], [[514, 491]], [[513, 491]], [[512, 491]], [[511, 491]], [[510, 490]], [[509, 490]], [[508, 489]], [[507, 489]], [[506, 488]], [[506, 487]], [[506, 486]], [[506, 485]], [[505, 484]], [[505, 483]], [[505, 482]], [[505, 481]], [[505, 480]], [[504, 479]], [[503, 478]], [[502, 478]], [[501, 478]], [[500, 478]], [[499, 478]], [[498, 478]]]","[[], [[[451, 493], [450, 494], [450, 495], [451, 496], [452, 497], [452, 498], [453, 499], [453, 500], [453, 501], [453, 502], [453, 503], [454, 503], [454, 502], [453, 501], [453, 500], [454, 499], [455, 499], [456, 500], [457, 500], [458, 499], [458, 498], [457, 498], [456, 498], [455, 498], [454, 497], [453, 496], [452, 495], [451, 494]]]]","[[], 87]"
102,102,"[[[119, 473]], [[118, 474]], [[117, 475]], [[116, 475]], [[115, 476]], [[114, 476]], [[114, 477]], [[114, 478]], [[114, 479]], [[114, 480]], [[114, 481]], [[114, 482]], [[114, 483]], [[114, 484]], [[115, 484]], [[116, 484]], [[117, 484]], [[118, 484]], [[119, 485]], [[120, 486]], [[121, 487]], [[120, 488]], [[119, 489]], [[118, 490]], [[117, 490]], [[116, 491]], [[116, 492]], [[115, 493]], [[115, 494]], [[114, 495]], [[114, 496]], [[114, 497]], [[114, 498]], [[115, 499]], [[115, 500]], [[114, 501]], [[114, 502]], [[115, 503]], [[115, 504]], [[115, 505]], [[115, 506]], [[115, 507]], [[115, 508]], [[115, 509]], [[116, 509]], [[117, 509]], [[118, 509]], [[119, 509]], [[120, 509]], [[121, 509]], [[122, 510]], [[123, 510]], [[124, 509]], [[125, 509]], [[126, 508]], [[127, 507]], [[128, 506]], [[128, 505]], [[129, 504]], [[130, 503]], [[130, 502]], [[130, 501]], [[130, 500]], [[131, 499]], [[131, 498]], [[130, 497]], [[130, 496]], [[130, 495]], [[129, 494]], [[128, 493]], [[127, 492]], [[126, 492]], [[125, 492]], [[124, 491]], [[123, 490]], [[123, 489]], [[123, 488]], [[122, 488]], [[121, 487]], [[122, 486]], [[123, 486]], [[124, 486]], [[125, 485]], [[125, 484]], [[126, 483]], [[127, 482]], [[128, 481]], [[129, 481]], [[130, 480]], [[131, 481]], [[132, 480]], [[132, 479]], [[132, 478]], [[132, 477]], [[132, 476]], [[131, 475]], [[130, 474]], [[129, 474]], [[128, 473]], [[127, 473]], [[126, 473]], [[125, 473]], [[124, 474]], [[123, 474]], [[122, 474]], [[121, 473]], [[120, 473]]]",[[]],[]
103,103,"[[[63, 471]], [[62, 472]], [[61, 472]], [[60, 472]], [[59, 472]], [[58, 472]], [[57, 472]], [[56, 472]], [[55, 472]], [[54, 472]], [[53, 473]], [[53, 474]], [[52, 475]], [[52, 476]], [[51, 477]], [[50, 478]], [[49, 479]], [[48, 480]], [[48, 481]], [[47, 482]], [[46, 483]], [[46, 484]], [[45, 485]], [[44, 486]], [[44, 487]], [[44, 488]], [[43, 489]], [[44, 490]], [[44, 491]], [[44, 492]], [[44, 493]], [[45, 494]], [[45, 495]], [[46, 496]], [[47, 497]], [[48, 497]], [[49, 497]], [[50, 497]], [[51, 497]], [[52, 497]], [[53, 497]], [[54, 497]], [[55, 498]], [[56, 498]], [[57, 499]], [[58, 499]], [[59, 499]], [[60, 499]], [[61, 499]], [[62, 499]], [[63, 499]], [[64, 498]], [[65, 499]], [[66, 499]], [[67, 499]], [[68, 499]], [[69, 499]], [[70, 499]], [[71, 499]], [[72, 498]], [[73, 498]], [[73, 497]], [[74, 496]], [[74, 495]], [[74, 494]], [[75, 493]], [[75, 492]], [[75, 491]], [[75, 490]], [[75, 489]], [[75, 488]], [[74, 487]], [[74, 486]], [[74, 485]], [[74, 484]], [[74, 483]], [[73, 482]], [[73, 481]], [[72, 480]], [[72, 479]], [[71, 478]], [[70, 477]], [[69, 476]], [[68, 475]], [[67, 475]], [[66, 474]], [[65, 473]], [[64, 472]]]",[[]],[]
104,104,"[[[77, 464]], [[76, 465]], [[75, 465]], [[75, 466]], [[75, 467]], [[75, 468]], [[75, 469]], [[74, 470]], [[74, 471]], [[75, 472]], [[76, 473]], [[77, 474]], [[77, 475]], [[78, 476]], [[79, 477]], [[80, 478]], [[81, 479]], [[82, 479]], [[83, 479]], [[84, 479]], [[85, 479]], [[86, 478]], [[87, 478]], [[88, 478]], [[88, 477]], [[89, 476]], [[89, 475]], [[89, 474]], [[88, 473]], [[88, 472]], [[88, 471]], [[88, 470]], [[87, 469]], [[87, 468]], [[86, 467]], [[85, 466]], [[84, 466]], [[83, 465]], [[82, 465]], [[81, 465]], [[80, 465]], [[79, 465]], [[78, 464]]]",[[]],[]
105,105,"[[[23, 457]], [[22, 458]], [[21, 458]], [[20, 458]], [[19, 458]], [[18, 459]], [[17, 459]], [[16, 460]], [[15, 460]], [[15, 461]], [[14, 462]], [[13, 463]], [[13, 464]], [[13, 465]], [[13, 466]], [[14, 467]], [[15, 468]], [[16, 468]], [[17, 468]], [[18, 468]], [[19, 468]], [[20, 468]], [[21, 468]], [[22, 468]], [[23, 468]], [[24, 467]], [[25, 467]], [[26, 467]], [[27, 466]], [[28, 466]], [[29, 466]], [[30, 466]], [[31, 466]], [[32, 466]], [[33, 466]], [[34, 466]], [[35, 466]], [[36, 465]], [[37, 464]], [[37, 463]], [[37, 462]], [[37, 461]], [[37, 460]], [[37, 459]], [[37, 458]], [[36, 458]], [[35, 457]], [[34, 457]], [[33, 457]], [[32, 457]], [[31, 457]], [[30, 457]], [[29, 457]], [[28, 457]], [[27, 457]], [[26, 457]], [[25, 457]], [[24, 457]]]","[[[[38, 462], [38, 463], [38, 464], [37, 465], [37, 466], [37, 467], [36, 468], [35, 467], [34, 467], [33, 467], [32, 467], [31, 467], [30, 467], [29, 467], [28, 467], [27, 467], [26, 468], [26, 469], [25, 470], [24, 469], [23, 469], [22, 469], [21, 469], [20, 470], [19, 471], [20, 471], [21, 472], [21, 473], [20, 474], [19, 473], [19, 474], [18, 475], [18, 476], [18, 477], [18, 478], [18, 479], [18, 480], [19, 480], [19, 479], [19, 478], [19, 477], [19, 476], [20, 475], [21, 474], [22, 473], [22, 472], [23, 471], [24, 471], [25, 471], [26, 471], [27, 470], [28, 470], [29, 470], [30, 470], [31, 470], [32, 470], [33, 470], [34, 470], [35, 470], [36, 469], [36, 468], [37, 467], [38, 467], [39, 467], [40, 467], [40, 466], [40, 465], [40, 464], [40, 463], [39, 463]]], []]","[88, []]"
106,106,"[[[343, 454]], [[342, 455]], [[341, 456]], [[340, 456]], [[339, 457]], [[338, 458]], [[338, 459]], [[337, 460]], [[336, 460]], [[335, 461]], [[335, 462]], [[336, 463]], [[337, 464]], [[337, 465]], [[338, 464]], [[339, 464]], [[340, 464]], [[341, 464]], [[342, 465]], [[343, 465]], [[344, 464]], [[345, 464]], [[346, 464]], [[346, 463]], [[347, 462]], [[348, 461]], [[349, 460]], [[350, 459]], [[349, 458]], [[349, 457]], [[349, 456]], [[349, 455]], [[348, 455]], [[347, 455]], [[346, 455]], [[345, 455]], [[344, 454]]]",[[]],[]
107,107,"[[[252, 452]], [[251, 453]], [[250, 454]], [[249, 454]], [[248, 454]], [[247, 455]], [[246, 455]], [[245, 455]], [[244, 455]], [[243, 455]], [[242, 455]], [[241, 456]], [[240, 457]], [[239, 458]], [[239, 459]], [[239, 460]], [[238, 461]], [[238, 462]], [[237, 463]], [[237, 464]], [[237, 465]], [[236, 466]], [[236, 467]], [[235, 468]], [[235, 469]], [[234, 470]], [[234, 471]], [[234, 472]], [[233, 473]], [[233, 474]], [[232, 475]], [[232, 476]], [[232, 477]], [[233, 478]], [[233, 479]], [[233, 480]], [[233, 481]], [[233, 482]], [[234, 482]], [[235, 482]], [[236, 482]], [[237, 482]], [[238, 483]], [[239, 484]], [[240, 484]], [[241, 484]], [[242, 484]], [[243, 484]], [[244, 483]], [[245, 483]], [[246, 482]], [[247, 481]], [[248, 480]], [[249, 480]], [[250, 480]], [[251, 479]], [[252, 478]], [[253, 478]], [[254, 477]], [[255, 476]], [[255, 475]], [[256, 474]], [[257, 473]], [[257, 472]], [[258, 471]], [[259, 470]], [[260, 469]], [[260, 468]], [[261, 467]], [[262, 466]], [[263, 465]], [[264, 464]], [[264, 463]], [[264, 462]], [[265, 461]], [[265, 460]], [[265, 459]], [[265, 458]], [[266, 457]], [[266, 456]], [[266, 455]], [[266, 454]], [[266, 453]], [[266, 452]], [[265, 452]], [[264, 453]], [[263, 453]], [[262, 453]], [[261, 453]], [[260, 454]], [[259, 454]], [[258, 453]], [[257, 452]], [[256, 452]], [[255, 452]], [[254, 452]], [[253, 452]]]",[[]],[]
108,108,"[[[287, 435]], [[286, 436]], [[285, 437]], [[285, 438]], [[285, 439]], [[284, 440]], [[283, 441]], [[283, 442]], [[283, 443]], [[282, 444]], [[281, 445]], [[280, 445]], [[280, 446]], [[280, 447]], [[280, 448]], [[279, 449]], [[279, 450]], [[279, 451]], [[278, 452]], [[278, 453]], [[278, 454]], [[279, 455]], [[279, 456]], [[279, 457]], [[280, 457]], [[281, 457]], [[282, 457]], [[283, 457]], [[284, 457]], [[285, 457]], [[286, 458]], [[286, 459]], [[287, 458]], [[288, 459]], [[289, 460]], [[290, 461]], [[291, 460]], [[292, 460]], [[293, 460]], [[294, 459]], [[295, 459]], [[296, 458]], [[296, 457]], [[297, 456]], [[298, 455]], [[299, 456]], [[300, 456]], [[301, 456]], [[302, 457]], [[303, 456]], [[304, 456]], [[305, 455]], [[305, 454]], [[305, 453]], [[305, 452]], [[304, 451]], [[304, 450]], [[303, 449]], [[302, 448]], [[301, 447]], [[300, 446]], [[299, 445]], [[299, 444]], [[298, 443]], [[298, 442]], [[297, 443]], [[296, 442]], [[295, 441]], [[294, 440]], [[294, 439]], [[294, 438]], [[293, 437]], [[292, 436]], [[291, 435]], [[290, 435]], [[289, 435]], [[288, 435]]]",[[]],[]
109,109,"[[[320, 434]], [[319, 435]], [[318, 435]], [[317, 435]], [[316, 435]], [[315, 435]], [[314, 436]], [[313, 436]], [[313, 437]], [[312, 438]], [[312, 439]], [[312, 440]], [[312, 441]], [[311, 442]], [[311, 443]], [[311, 444]], [[311, 445]], [[310, 446]], [[310, 447]], [[310, 448]], [[310, 449]], [[310, 450]], [[310, 451]], [[310, 452]], [[311, 453]], [[311, 454]], [[311, 455]], [[312, 456]], [[312, 457]], [[312, 458]], [[313, 459]], [[314, 459]], [[315, 460]], [[316, 459]], [[317, 459]], [[318, 460]], [[319, 459]], [[320, 459]], [[321, 459]], [[322, 458]], [[323, 458]], [[324, 457]], [[325, 456]], [[326, 455]], [[327, 455]], [[328, 454]], [[329, 454]], [[329, 453]], [[330, 452]], [[331, 451]], [[332, 450]], [[332, 449]], [[333, 448]], [[334, 449]], [[334, 448]], [[334, 447]], [[334, 446]], [[333, 446]], [[332, 445]], [[331, 444]], [[331, 443]], [[331, 442]], [[330, 441]], [[330, 440]], [[330, 439]], [[330, 438]], [[329, 437]], [[328, 436]], [[327, 436]], [[326, 436]], [[325, 435]], [[324, 435]], [[323, 434]], [[322, 434]], [[321, 434]]]",[[]],[]
110,110,"[[[406, 432]], [[405, 433]], [[404, 433]], [[403, 434]], [[402, 435]], [[402, 436]], [[401, 437]], [[400, 437]], [[400, 438]], [[400, 439]], [[399, 440]], [[398, 440]], [[397, 439]], [[396, 439]], [[395, 439]], [[394, 439]], [[393, 438]], [[392, 437]], [[391, 438]], [[390, 438]], [[389, 437]], [[389, 438]], [[389, 439]], [[389, 440]], [[390, 441]], [[391, 442]], [[392, 443]], [[392, 444]], [[392, 445]], [[392, 446]], [[391, 447]], [[390, 446]], [[390, 445]], [[389, 445]], [[388, 446]], [[387, 446]], [[386, 447]], [[386, 448]], [[386, 449]], [[385, 450]], [[385, 451]], [[385, 452]], [[385, 453]], [[385, 454]], [[384, 455]], [[384, 456]], [[384, 457]], [[384, 458]], [[385, 459]], [[385, 460]], [[386, 461]], [[387, 462]], [[387, 463]], [[387, 464]], [[388, 465]], [[388, 466]], [[389, 465]], [[390, 466]], [[390, 467]], [[390, 468]], [[390, 469]], [[390, 470]], [[390, 471]], [[391, 472]], [[391, 473]], [[391, 474]], [[391, 475]], [[391, 476]], [[392, 477]], [[392, 478]], [[392, 479]], [[392, 480]], [[392, 481]], [[393, 482]], [[393, 483]], [[394, 484]], [[394, 485]], [[395, 486]], [[396, 487]], [[397, 487]], [[398, 487]], [[399, 487]], [[400, 488]], [[401, 488]], [[402, 488]], [[403, 489]], [[404, 489]], [[405, 489]], [[406, 489]], [[407, 489]], [[408, 490]], [[409, 490]], [[410, 490]], [[411, 491]], [[412, 492]], [[413, 493]], [[414, 493]], [[415, 493]], [[416, 493]], [[417, 493]], [[418, 493]], [[419, 493]], [[420, 493]], [[421, 492]], [[422, 491]], [[423, 491]], [[424, 491]], [[425, 491]], [[426, 490]], [[427, 490]], [[428, 490]], [[429, 489]], [[430, 488]], [[430, 487]], [[430, 486]], [[431, 485]], [[431, 484]], [[431, 483]], [[432, 482]], [[432, 481]], [[432, 480]], [[432, 479]], [[432, 478]], [[433, 477]], [[433, 476]], [[433, 475]], [[434, 474]], [[434, 473]], [[434, 472]], [[434, 471]], [[435, 470]], [[435, 469]], [[436, 468]], [[436, 467]], [[436, 466]], [[437, 465]], [[438, 464]], [[438, 463]], [[439, 462]], [[439, 461]], [[440, 460]], [[441, 459]], [[441, 458]], [[442, 457]], [[442, 456]], [[443, 455]], [[444, 454]], [[444, 453]], [[444, 452]], [[444, 451]], [[444, 450]], [[444, 449]], [[444, 448]], [[444, 447]], [[443, 446]], [[442, 445]], [[441, 444]], [[440, 443]], [[440, 442]], [[439, 442]], [[438, 441]], [[437, 440]], [[436, 440]], [[435, 439]], [[434, 439]], [[433, 438]], [[432, 438]], [[431, 438]], [[430, 438]], [[429, 438]], [[428, 438]], [[427, 438]], [[426, 438]], [[425, 438]], [[424, 438]], [[423, 438]], [[422, 437]], [[421, 436]], [[420, 435]], [[419, 435]], [[418, 434]], [[417, 434]], [[416, 434]], [[415, 434]], [[414, 434]], [[413, 433]], [[412, 433]], [[411, 433]], [[410, 433]], [[409, 433]], [[408, 433]], [[407, 432]]]",[[]],[]
111,111,"[[[566, 415]], [[565, 416]], [[565, 417]], [[565, 418]], [[565, 419]], [[565, 420]], [[564, 421]], [[563, 420]], [[563, 419]], [[563, 418]], [[562, 417]], [[561, 417]], [[560, 417]], [[559, 417]], [[559, 418]], [[560, 419]], [[560, 420]], [[560, 421]], [[560, 422]], [[560, 423]], [[559, 424]], [[560, 425]], [[560, 426]], [[560, 427]], [[559, 428]], [[558, 429]], [[557, 430]], [[556, 431]], [[555, 431]], [[554, 431]], [[553, 430]], [[552, 430]], [[551, 429]], [[550, 429]], [[549, 428]], [[548, 428]], [[547, 428]], [[546, 428]], [[545, 428]], [[544, 428]], [[543, 428]], [[542, 428]], [[541, 429]], [[540, 429]], [[539, 429]], [[538, 430]], [[537, 431]], [[536, 432]], [[535, 432]], [[535, 433]], [[534, 434]], [[534, 435]], [[533, 436]], [[533, 437]], [[533, 438]], [[533, 439]], [[533, 440]], [[533, 441]], [[533, 442]], [[533, 443]], [[534, 444]], [[534, 445]], [[534, 446]], [[533, 447]], [[533, 448]], [[533, 449]], [[533, 450]], [[533, 451]], [[532, 452]], [[532, 453]], [[531, 454]], [[531, 455]], [[531, 456]], [[530, 457]], [[530, 458]], [[529, 459]], [[529, 460]], [[529, 461]], [[529, 462]], [[529, 463]], [[529, 464]], [[529, 465]], [[530, 466]], [[531, 467]], [[531, 468]], [[531, 469]], [[532, 470]], [[533, 470]], [[534, 470]], [[535, 471]], [[536, 472]], [[537, 473]], [[537, 474]], [[538, 475]], [[539, 476]], [[539, 477]], [[540, 478]], [[541, 478]], [[542, 478]], [[543, 479]], [[544, 480]], [[545, 481]], [[546, 482]], [[547, 482]], [[548, 482]], [[549, 483]], [[550, 483]], [[551, 483]], [[552, 484]], [[553, 484]], [[554, 484]], [[555, 484]], [[556, 484]], [[557, 484]], [[558, 484]], [[559, 484]], [[560, 485]], [[561, 485]], [[562, 485]], [[563, 485]], [[564, 485]], [[565, 485]], [[566, 486]], [[567, 486]], [[568, 485]], [[569, 485]], [[570, 485]], [[571, 485]], [[572, 485]], [[573, 486]], [[574, 486]], [[575, 486]], [[576, 487]], [[577, 487]], [[578, 487]], [[579, 487]], [[580, 487]], [[581, 486]], [[582, 486]], [[583, 486]], [[584, 485]], [[585, 485]], [[586, 485]], [[587, 486]], [[588, 487]], [[589, 487]], [[590, 488]], [[591, 488]], [[592, 489]], [[593, 489]], [[594, 489]], [[595, 489]], [[596, 489]], [[597, 489]], [[598, 489]], [[599, 490]], [[600, 490]], [[601, 490]], [[602, 489]], [[603, 489]], [[604, 489]], [[605, 489]], [[606, 489]], [[607, 489]], [[608, 489]], [[609, 488]], [[610, 488]], [[611, 487]], [[612, 486]], [[613, 485]], [[614, 485]], [[615, 484]], [[616, 483]], [[617, 483]], [[618, 482]], [[619, 481]], [[619, 480]], [[620, 479]], [[620, 478]], [[621, 477]], [[622, 476]], [[623, 475]], [[623, 474]], [[623, 473]], [[623, 472]], [[624, 471]], [[624, 470]], [[624, 469]], [[625, 468]], [[626, 467]], [[626, 466]], [[625, 465]], [[626, 464]], [[626, 463]], [[627, 462]], [[627, 461]], [[627, 460]], [[628, 459]], [[628, 458]], [[629, 457]], [[629, 456]], [[630, 455]], [[630, 454]], [[630, 453]], [[630, 452]], [[630, 451]], [[630, 450]], [[630, 449]], [[630, 448]], [[631, 447]], [[632, 446]], [[632, 445]], [[633, 444]], [[633, 443]], [[633, 442]], [[633, 441]], [[632, 440]], [[632, 439]], [[632, 438]], [[632, 437]], [[632, 436]], [[631, 435]], [[631, 434]], [[631, 433]], [[630, 432]], [[629, 432]], [[628, 431]], [[627, 430]], [[626, 429]], [[625, 428]], [[624, 427]], [[623, 427]], [[622, 427]], [[621, 426]], [[620, 426]], [[619, 426]], [[618, 426]], [[617, 425]], [[616, 424]], [[615, 424]], [[614, 424]], [[613, 424]], [[612, 424]], [[611, 424]], [[610, 424]], [[610, 425]], [[609, 426]], [[609, 427]], [[609, 428]], [[608, 429]], [[608, 430]], [[607, 431]], [[606, 432]], [[605, 432]], [[604, 432]], [[603, 432]], [[602, 431]], [[601, 431]], [[600, 430]], [[599, 430]], [[598, 429]], [[597, 428]], [[596, 427]], [[595, 427]], [[594, 427]], [[593, 426]], [[592, 425]], [[591, 424]], [[590, 424]], [[589, 424]], [[588, 423]], [[587, 423]], [[586, 422]], [[585, 422]], [[584, 421]], [[583, 421]], [[582, 421]], [[581, 421]], [[580, 421]], [[579, 420]], [[578, 419]], [[577, 418]], [[576, 417]], [[575, 416]], [[574, 416]], [[573, 415]], [[572, 415]], [[571, 415]], [[570, 415]], [[569, 415]], [[568, 415]], [[567, 415]]]","[[], [[[641, 437], [640, 438], [639, 439], [638, 439], [637, 439], [636, 439], [636, 440], [635, 441], [635, 442], [634, 443], [634, 444], [634, 445], [634, 446], [634, 447], [633, 448], [633, 449], [632, 450], [632, 451], [632, 452], [632, 453], [632, 454], [632, 455], [631, 456], [630, 457], [629, 458], [629, 459], [628, 460], [628, 461], [628, 462], [627, 463], [627, 464], [626, 465], [627, 466], [627, 467], [626, 468], [625, 469], [625, 470], [625, 471], [625, 472], [624, 473], [625, 474], [625, 475], [625, 476], [624, 477], [625, 477], [626, 477], [627, 477], [628, 476], [629, 475], [629, 474], [630, 473], [630, 472], [630, 471], [629, 470], [629, 469], [629, 468], [628, 467], [628, 466], [629, 465], [630, 465], [631, 464], [631, 463], [632, 462], [632, 461], [632, 460], [632, 459], [632, 458], [632, 457], [633, 456], [633, 455], [634, 454], [634, 453], [634, 452], [635, 451], [635, 450], [635, 449], [635, 448], [636, 447], [636, 446], [637, 445], [638, 444], [639, 443], [639, 442], [640, 441], [641, 440], [642, 439], [642, 438], [642, 437]]]]","[[], 89]"
112,112,"[[[810, 414]], [[809, 415]], [[808, 416]], [[807, 416]], [[806, 417]], [[805, 418]], [[804, 419]], [[803, 420]], [[802, 420]], [[801, 421]], [[800, 422]], [[799, 423]], [[798, 424]], [[798, 425]], [[798, 426]], [[798, 427]], [[798, 428]], [[798, 429]], [[798, 430]], [[799, 431]], [[800, 431]], [[801, 432]], [[802, 433]], [[803, 433]], [[804, 433]], [[805, 433]], [[806, 434]], [[807, 435]], [[808, 436]], [[809, 436]], [[810, 437]], [[811, 437]], [[812, 437]], [[813, 438]], [[814, 438]], [[815, 438]], [[816, 439]], [[817, 440]], [[818, 440]], [[819, 440]], [[820, 441]], [[821, 441]], [[822, 441]], [[823, 441]], [[824, 441]], [[825, 441]], [[826, 441]], [[827, 441]], [[828, 441]], [[829, 442]], [[830, 442]], [[830, 441]], [[831, 440]], [[831, 439]], [[832, 438]], [[832, 437]], [[833, 436]], [[833, 435]], [[833, 434]], [[833, 433]], [[833, 432]], [[833, 431]], [[833, 430]], [[833, 429]], [[833, 428]], [[832, 427]], [[832, 426]], [[832, 425]], [[832, 424]], [[832, 423]], [[832, 422]], [[832, 421]], [[831, 420]], [[831, 419]], [[831, 418]], [[831, 417]], [[830, 416]], [[829, 415]], [[828, 415]], [[827, 415]], [[826, 414]], [[825, 414]], [[824, 414]], [[823, 414]], [[822, 414]], [[821, 414]], [[820, 414]], [[819, 414]], [[818, 414]], [[817, 414]], [[816, 414]], [[815, 415]], [[814, 415]], [[813, 414]], [[812, 414]], [[811, 414]]]","[[[[808, 409], [807, 410], [808, 411], [808, 412], [807, 413], [806, 414], [805, 415], [804, 416], [805, 416], [806, 415], [807, 414], [808, 414], [809, 414], [810, 413], [811, 412], [812, 412], [813, 412], [814, 413], [814, 414], [815, 414], [816, 413], [817, 413], [818, 412], [819, 412], [820, 412], [821, 412], [822, 412], [823, 412], [824, 412], [825, 412], [826, 412], [827, 413], [828, 413], [829, 414], [830, 414], [831, 415], [832, 416], [832, 417], [832, 418], [832, 419], [832, 420], [833, 421], [833, 422], [833, 423], [833, 424], [834, 424], [835, 424], [836, 423], [835, 423], [834, 422], [834, 421], [834, 420], [834, 419], [833, 418], [833, 417], [834, 416], [835, 416], [836, 415], [837, 415], [838, 415], [838, 414], [839, 413], [839, 412], [838, 412], [837, 412], [836, 413], [835, 413], [834, 413], [833, 412], [832, 411], [831, 411], [830, 411], [829, 411], [828, 411], [827, 411], [826, 411], [825, 411], [824, 411], [823, 411], [822, 411], [821, 411], [820, 410], [819, 410], [818, 410], [817, 410], [816, 411], [815, 411], [814, 411], [813, 411], [812, 410], [811, 409], [810, 410], [809, 409]]], [], [[[811, 438], [810, 439], [809, 439], [808, 440], [807, 440], [806, 441], [805, 441], [804, 442], [803, 442], [802, 442], [801, 442], [800, 442], [800, 443], [800, 444], [801, 444], [802, 444], [803, 444], [804, 444], [805, 444], [806, 444], [807, 443], [808, 443], [809, 443], [810, 444], [811, 444], [811, 443], [811, 442], [812, 441], [813, 441], [814, 441], [815, 441], [816, 441], [815, 440], [815, 439], [814, 439], [813, 439], [812, 438]]]]","[90, [], 91]"
113,113,"[[[459, 411]], [[459, 412]], [[458, 413]], [[458, 414]], [[457, 415]], [[457, 416]], [[456, 417]], [[456, 418]], [[456, 419]], [[455, 420]], [[455, 421]], [[454, 422]], [[454, 423]], [[453, 424]], [[452, 425]], [[452, 426]], [[452, 427]], [[452, 428]], [[452, 429]], [[451, 430]], [[451, 431]], [[451, 432]], [[450, 433]], [[450, 434]], [[450, 435]], [[450, 436]], [[451, 437]], [[451, 438]], [[451, 439]], [[452, 439]], [[453, 440]], [[453, 441]], [[454, 442]], [[455, 441]], [[456, 441]], [[457, 441]], [[458, 441]], [[459, 441]], [[460, 441]], [[461, 441]], [[462, 442]], [[463, 442]], [[464, 442]], [[465, 443]], [[466, 443]], [[467, 444]], [[468, 444]], [[469, 445]], [[468, 446]], [[468, 447]], [[467, 448]], [[466, 448]], [[465, 448]], [[464, 449]], [[463, 449]], [[462, 450]], [[461, 451]], [[460, 451]], [[459, 451]], [[459, 452]], [[459, 453]], [[459, 454]], [[458, 455]], [[457, 456]], [[456, 457]], [[455, 457]], [[455, 458]], [[454, 459]], [[454, 460]], [[454, 461]], [[454, 462]], [[454, 463]], [[454, 464]], [[454, 465]], [[454, 466]], [[455, 467]], [[455, 468]], [[455, 469]], [[455, 470]], [[455, 471]], [[455, 472]], [[456, 473]], [[456, 474]], [[456, 475]], [[457, 476]], [[458, 477]], [[459, 477]], [[460, 477]], [[461, 477]], [[462, 477]], [[463, 477]], [[464, 477]], [[465, 477]], [[466, 478]], [[467, 478]], [[468, 478]], [[469, 478]], [[470, 477]], [[471, 477]], [[471, 476]], [[472, 475]], [[473, 474]], [[474, 473]], [[475, 473]], [[476, 473]], [[477, 472]], [[478, 471]], [[479, 471]], [[480, 470]], [[481, 470]], [[481, 469]], [[482, 468]], [[483, 467]], [[484, 466]], [[485, 465]], [[486, 464]], [[486, 463]], [[486, 462]], [[486, 461]], [[487, 460]], [[487, 459]], [[487, 458]], [[486, 457]], [[485, 457]], [[484, 457]], [[483, 456]], [[484, 455]], [[485, 455]], [[486, 455]], [[487, 454]], [[488, 454]], [[489, 453]], [[490, 453]], [[491, 453]], [[492, 453]], [[493, 452]], [[494, 452]], [[495, 452]], [[496, 451]], [[497, 450]], [[498, 449]], [[499, 449]], [[500, 448]], [[500, 447]], [[501, 446]], [[502, 445]], [[502, 444]], [[503, 443]], [[503, 442]], [[503, 441]], [[504, 440]], [[504, 439]], [[504, 438]], [[504, 437]], [[504, 436]], [[504, 435]], [[504, 434]], [[504, 433]], [[503, 432]], [[502, 431]], [[502, 430]], [[502, 429]], [[502, 428]], [[501, 427]], [[501, 426]], [[501, 425]], [[501, 424]], [[500, 423]], [[500, 422]], [[500, 421]], [[500, 420]], [[500, 419]], [[499, 418]], [[499, 417]], [[498, 416]], [[498, 415]], [[497, 414]], [[496, 413]], [[495, 413]], [[494, 413]], [[493, 413]], [[492, 412]], [[491, 412]], [[490, 412]], [[489, 412]], [[488, 412]], [[487, 412]], [[486, 412]], [[485, 413]], [[484, 413]], [[483, 413]], [[482, 414]], [[481, 414]], [[480, 414]], [[479, 415]], [[478, 415]], [[477, 415]], [[476, 415]], [[475, 415]], [[474, 414]], [[473, 414]], [[472, 414]], [[471, 414]], [[470, 414]], [[469, 414]], [[468, 413]], [[467, 413]], [[466, 413]], [[465, 413]], [[464, 412]], [[463, 411]], [[462, 411]], [[461, 411]], [[460, 411]]]",[[]],[]
114,114,"[[[671, 410]], [[670, 411]], [[669, 411]], [[668, 411]], [[667, 412]], [[667, 413]], [[666, 414]], [[666, 415]], [[666, 416]], [[666, 417]], [[666, 418]], [[665, 419]], [[665, 420]], [[665, 421]], [[664, 422]], [[664, 423]], [[664, 424]], [[664, 425]], [[664, 426]], [[664, 427]], [[664, 428]], [[663, 429]], [[663, 430]], [[663, 431]], [[662, 432]], [[661, 433]], [[661, 434]], [[661, 435]], [[660, 436]], [[659, 436]], [[658, 437]], [[657, 438]], [[656, 438]], [[655, 438]], [[654, 439]], [[653, 440]], [[652, 440]], [[651, 441]], [[650, 441]], [[649, 442]], [[648, 442]], [[647, 442]], [[646, 442]], [[645, 443]], [[644, 444]], [[643, 444]], [[642, 444]], [[641, 443]], [[640, 444]], [[639, 444]], [[638, 445]], [[638, 446]], [[637, 447]], [[636, 448]], [[636, 449]], [[636, 450]], [[636, 451]], [[636, 452]], [[636, 453]], [[635, 454]], [[635, 455]], [[635, 456]], [[635, 457]], [[635, 458]], [[635, 459]], [[636, 460]], [[636, 461]], [[636, 462]], [[636, 463]], [[637, 464]], [[637, 465]], [[638, 466]], [[638, 467]], [[638, 468]], [[638, 469]], [[638, 470]], [[638, 471]], [[638, 472]], [[638, 473]], [[638, 474]], [[637, 475]], [[637, 476]], [[637, 477]], [[636, 478]], [[636, 479]], [[636, 480]], [[636, 481]], [[636, 482]], [[636, 483]], [[636, 484]], [[637, 485]], [[637, 486]], [[637, 487]], [[638, 488]], [[638, 489]], [[639, 490]], [[640, 491]], [[640, 492]], [[641, 493]], [[642, 494]], [[643, 494]], [[644, 494]], [[645, 493]], [[646, 493]], [[647, 493]], [[648, 493]], [[649, 493]], [[650, 493]], [[651, 494]], [[652, 493]], [[653, 493]], [[654, 492]], [[655, 492]], [[656, 491]], [[656, 490]], [[657, 489]], [[658, 488]], [[659, 488]], [[660, 487]], [[660, 486]], [[661, 485]], [[662, 484]], [[663, 484]], [[664, 485]], [[665, 486]], [[665, 487]], [[666, 488]], [[667, 489]], [[668, 490]], [[669, 491]], [[670, 492]], [[671, 493]], [[672, 494]], [[673, 495]], [[674, 496]], [[675, 497]], [[676, 497]], [[677, 498]], [[677, 499]], [[678, 499]], [[679, 500]], [[680, 501]], [[681, 502]], [[682, 503]], [[683, 504]], [[684, 505]], [[685, 505]], [[686, 505]], [[687, 505]], [[688, 504]], [[689, 503]], [[690, 502]], [[691, 501]], [[692, 500]], [[693, 499]], [[694, 499]], [[695, 499]], [[696, 500]], [[697, 499]], [[698, 498]], [[698, 497]], [[698, 496]], [[698, 495]], [[698, 494]], [[699, 493]], [[700, 492]], [[701, 492]], [[702, 493]], [[703, 494]], [[703, 495]], [[704, 495]], [[705, 495]], [[706, 494]], [[707, 493]], [[708, 492]], [[709, 492]], [[710, 491]], [[711, 491]], [[712, 491]], [[712, 490]], [[713, 489]], [[713, 488]], [[714, 487]], [[714, 486]], [[715, 485]], [[716, 485]], [[716, 484]], [[716, 483]], [[716, 482]], [[716, 481]], [[716, 480]], [[716, 479]], [[716, 478]], [[716, 477]], [[717, 476]], [[717, 475]], [[717, 474]], [[717, 473]], [[717, 472]], [[717, 471]], [[717, 470]], [[717, 469]], [[717, 468]], [[717, 467]], [[717, 466]], [[717, 465]], [[717, 464]], [[716, 463]], [[716, 462]], [[715, 461]], [[714, 460]], [[713, 459]], [[712, 458]], [[712, 457]], [[712, 456]], [[713, 455]], [[712, 454]], [[711, 453]], [[712, 452]], [[712, 451]], [[712, 450]], [[712, 449]], [[712, 448]], [[712, 447]], [[713, 446]], [[714, 446]], [[715, 446]], [[716, 445]], [[716, 444]], [[716, 443]], [[716, 442]], [[717, 441]], [[717, 440]], [[717, 439]], [[717, 438]], [[717, 437]], [[716, 436]], [[716, 435]], [[715, 434]], [[715, 433]], [[714, 432]], [[714, 431]], [[713, 430]], [[712, 429]], [[711, 429]], [[710, 428]], [[709, 427]], [[708, 426]], [[707, 425]], [[706, 424]], [[705, 423]], [[704, 422]], [[704, 421]], [[703, 420]], [[702, 419]], [[702, 418]], [[702, 417]], [[701, 416]], [[700, 415]], [[699, 415]], [[698, 414]], [[697, 414]], [[696, 415]], [[695, 415]], [[694, 415]], [[693, 416]], [[693, 417]], [[692, 418]], [[692, 419]], [[692, 420]], [[691, 421]], [[690, 422]], [[689, 423]], [[688, 422]], [[688, 421]], [[688, 420]], [[688, 419]], [[688, 418]], [[688, 417]], [[688, 416]], [[687, 415]], [[686, 414]], [[686, 413]], [[685, 412]], [[684, 412]], [[683, 412]], [[682, 412]], [[681, 412]], [[680, 412]], [[679, 412]], [[678, 412]], [[677, 412]], [[676, 412]], [[675, 411]], [[674, 411]], [[673, 411]], [[672, 410]]]","[[[[641, 437], [640, 438], [639, 439], [638, 439], [637, 439], [636, 439], [636, 440], [635, 441], [635, 442], [634, 443], [634, 444], [634, 445], [634, 446], [634, 447], [633, 448], [633, 449], [632, 450], [632, 451], [632, 452], [632, 453], [632, 454], [632, 455], [631, 456], [630, 457], [629, 458], [629, 459], [628, 460], [628, 461], [628, 462], [627, 463], [627, 464], [626, 465], [627, 466], [627, 467], [626, 468], [625, 469], [625, 470], [625, 471], [625, 472], [624, 473], [625, 474], [625, 475], [625, 476], [624, 477], [625, 477], [626, 477], [627, 477], [628, 476], [629, 475], [629, 474], [630, 473], [630, 472], [630, 471], [629, 470], [629, 469], [629, 468], [628, 467], [628, 466], [629, 465], [630, 465], [631, 464], [631, 463], [632, 462], [632, 461], [632, 460], [632, 459], [632, 458], [632, 457], [633, 456], [633, 455], [634, 454], [634, 453], [634, 452], [635, 451], [635, 450], [635, 449], [635, 448], [636, 447], [636, 446], [637, 445], [638, 444], [639, 443], [639, 442], [640, 441], [641, 440], [642, 439], [642, 438], [642, 437]]], []]","[89, []]"
115,115,"[[[181, 410]], [[180, 411]], [[179, 412]], [[178, 413]], [[178, 414]], [[178, 415]], [[177, 416]], [[176, 417]], [[175, 418]], [[174, 419]], [[173, 420]], [[172, 421]], [[172, 422]], [[171, 423]], [[171, 424]], [[171, 425]], [[171, 426]], [[171, 427]], [[172, 427]], [[173, 427]], [[174, 428]], [[175, 428]], [[176, 428]], [[177, 428]], [[178, 429]], [[179, 430]], [[180, 430]], [[181, 430]], [[182, 431]], [[183, 432]], [[183, 433]], [[183, 434]], [[182, 435]], [[182, 436]], [[182, 437]], [[182, 438]], [[181, 439]], [[181, 440]], [[181, 441]], [[180, 442]], [[179, 443]], [[178, 444]], [[178, 445]], [[178, 446]], [[178, 447]], [[178, 448]], [[178, 449]], [[178, 450]], [[178, 451]], [[178, 452]], [[178, 453]], [[178, 454]], [[179, 455]], [[179, 456]], [[180, 457]], [[181, 457]], [[182, 458]], [[183, 458]], [[184, 458]], [[185, 459]], [[186, 459]], [[187, 459]], [[188, 459]], [[189, 459]], [[190, 459]], [[191, 459]], [[192, 459]], [[193, 459]], [[194, 459]], [[195, 459]], [[196, 459]], [[197, 459]], [[198, 460]], [[199, 461]], [[200, 462]], [[200, 463]], [[200, 464]], [[200, 465]], [[201, 466]], [[202, 467]], [[203, 468]], [[204, 468]], [[205, 468]], [[206, 468]], [[207, 468]], [[208, 468]], [[209, 468]], [[210, 468]], [[211, 467]], [[211, 466]], [[212, 465]], [[212, 464]], [[213, 463]], [[214, 462]], [[214, 461]], [[214, 460]], [[215, 459]], [[215, 458]], [[216, 457]], [[216, 456]], [[216, 455]], [[217, 454]], [[217, 453]], [[217, 452]], [[217, 451]], [[217, 450]], [[216, 449]], [[216, 448]], [[215, 447]], [[215, 446]], [[214, 446]], [[213, 446]], [[212, 446]], [[211, 446]], [[210, 445]], [[209, 445]], [[208, 445]], [[207, 444]], [[206, 444]], [[205, 443]], [[204, 442]], [[203, 441]], [[202, 442]], [[201, 442]], [[200, 441]], [[199, 440]], [[199, 439]], [[198, 438]], [[198, 437]], [[198, 436]], [[197, 435]], [[196, 434]], [[196, 433]], [[197, 432]], [[198, 432]], [[199, 433]], [[200, 434]], [[201, 434]], [[202, 433]], [[202, 432]], [[203, 431]], [[204, 430]], [[205, 429]], [[205, 428]], [[205, 427]], [[204, 426]], [[203, 425]], [[202, 424]], [[202, 423]], [[202, 422]], [[202, 421]], [[201, 421]], [[200, 420]], [[200, 419]], [[200, 418]], [[199, 417]], [[199, 416]], [[198, 417]], [[198, 418]], [[198, 419]], [[198, 420]], [[198, 421]], [[197, 422]], [[196, 423]], [[195, 422]], [[194, 421]], [[193, 420]], [[193, 419]], [[193, 418]], [[193, 417]], [[192, 417]], [[191, 417]], [[190, 416]], [[189, 415]], [[188, 414]], [[187, 414]], [[186, 413]], [[185, 412]], [[184, 411]], [[183, 410]], [[182, 410]]]","[[[[167, 428], [167, 429], [167, 430], [166, 431], [165, 430], [164, 430], [164, 431], [163, 432], [163, 433], [164, 433], [165, 433], [166, 433], [166, 432], [166, 431], [167, 430], [168, 430], [169, 431], [170, 432], [171, 433], [171, 432], [172, 431], [172, 430], [173, 429], [172, 430], [171, 430], [170, 430], [169, 429], [168, 428]]], []]","[93, []]"
116,116,"[[[304, 394]], [[303, 395]], [[302, 395]], [[301, 395]], [[300, 396]], [[299, 396]], [[298, 397]], [[297, 397]], [[296, 398]], [[295, 398]], [[294, 399]], [[293, 400]], [[293, 401]], [[293, 402]], [[293, 403]], [[292, 404]], [[292, 405]], [[291, 406]], [[290, 407]], [[289, 408]], [[289, 409]], [[288, 410]], [[288, 411]], [[288, 412]], [[288, 413]], [[287, 414]], [[287, 415]], [[287, 416]], [[287, 417]], [[287, 418]], [[287, 419]], [[287, 420]], [[288, 421]], [[288, 422]], [[288, 423]], [[288, 424]], [[289, 425]], [[289, 426]], [[289, 427]], [[290, 427]], [[291, 428]], [[292, 428]], [[293, 429]], [[294, 429]], [[295, 429]], [[296, 429]], [[297, 430]], [[298, 429]], [[299, 429]], [[300, 429]], [[301, 429]], [[302, 428]], [[303, 428]], [[304, 428]], [[305, 428]], [[306, 428]], [[307, 428]], [[308, 427]], [[309, 427]], [[310, 426]], [[311, 426]], [[312, 426]], [[312, 425]], [[313, 424]], [[314, 423]], [[314, 422]], [[314, 421]], [[315, 420]], [[316, 419]], [[316, 418]], [[317, 417]], [[317, 416]], [[318, 415]], [[318, 414]], [[318, 413]], [[319, 412]], [[319, 411]], [[319, 410]], [[320, 409]], [[320, 408]], [[320, 407]], [[320, 406]], [[320, 405]], [[320, 404]], [[320, 403]], [[320, 402]], [[320, 401]], [[319, 400]], [[319, 399]], [[318, 398]], [[317, 398]], [[316, 397]], [[315, 396]], [[314, 396]], [[313, 395]], [[312, 394]], [[311, 394]], [[310, 394]], [[309, 394]], [[308, 394]], [[307, 394]], [[306, 394]], [[305, 394]]]",[[]],[]
117,117,"[[[567, 387]], [[566, 388]], [[565, 388]], [[564, 389]], [[564, 390]], [[564, 391]], [[564, 392]], [[564, 393]], [[564, 394]], [[564, 395]], [[564, 396]], [[564, 397]], [[564, 398]], [[564, 399]], [[564, 400]], [[565, 401]], [[566, 402]], [[567, 403]], [[567, 404]], [[568, 405]], [[569, 405]], [[570, 406]], [[570, 407]], [[571, 408]], [[571, 409]], [[572, 409]], [[573, 410]], [[574, 411]], [[575, 412]], [[576, 412]], [[577, 412]], [[578, 412]], [[579, 413]], [[580, 412]], [[581, 412]], [[582, 412]], [[583, 411]], [[584, 411]], [[585, 411]], [[586, 410]], [[587, 409]], [[588, 409]], [[589, 408]], [[590, 407]], [[590, 406]], [[591, 405]], [[591, 404]], [[592, 403]], [[592, 402]], [[592, 401]], [[593, 400]], [[593, 399]], [[593, 398]], [[593, 397]], [[593, 396]], [[593, 395]], [[592, 394]], [[592, 393]], [[591, 392]], [[591, 391]], [[590, 390]], [[589, 390]], [[588, 389]], [[587, 389]], [[586, 388]], [[585, 388]], [[584, 389]], [[583, 389]], [[582, 389]], [[581, 388]], [[580, 388]], [[579, 389]], [[578, 389]], [[577, 389]], [[576, 389]], [[575, 389]], [[574, 389]], [[573, 388]], [[572, 387]], [[571, 387]], [[570, 387]], [[569, 387]], [[568, 387]]]",[[]],[]
118,118,"[[[665, 383]], [[664, 384]], [[663, 385]], [[663, 386]], [[663, 387]], [[663, 388]], [[662, 389]], [[661, 388]], [[660, 387]], [[660, 386]], [[659, 386]], [[658, 386]], [[658, 387]], [[657, 388]], [[657, 389]], [[657, 390]], [[657, 391]], [[657, 392]], [[656, 393]], [[655, 394]], [[654, 394]], [[653, 393]], [[653, 392]], [[653, 391]], [[652, 391]], [[651, 392]], [[650, 392]], [[649, 392]], [[648, 392]], [[647, 392]], [[646, 392]], [[645, 391]], [[644, 391]], [[643, 390]], [[642, 390]], [[641, 390]], [[640, 390]], [[639, 390]], [[638, 390]], [[637, 391]], [[636, 391]], [[635, 391]], [[634, 391]], [[633, 391]], [[632, 391]], [[631, 392]], [[630, 393]], [[629, 393]], [[628, 394]], [[627, 394]], [[626, 395]], [[625, 396]], [[624, 396]], [[623, 397]], [[622, 397]], [[621, 398]], [[620, 399]], [[619, 400]], [[619, 401]], [[618, 402]], [[618, 403]], [[618, 404]], [[618, 405]], [[619, 406]], [[619, 407]], [[620, 407]], [[621, 407]], [[622, 407]], [[623, 407]], [[624, 407]], [[625, 407]], [[626, 408]], [[627, 408]], [[628, 407]], [[629, 406]], [[630, 406]], [[631, 405]], [[632, 405]], [[633, 404]], [[634, 404]], [[635, 403]], [[636, 403]], [[637, 402]], [[638, 402]], [[639, 401]], [[640, 401]], [[641, 401]], [[642, 400]], [[643, 399]], [[644, 400]], [[645, 400]], [[646, 399]], [[647, 399]], [[648, 400]], [[649, 400]], [[650, 401]], [[651, 402]], [[652, 403]], [[653, 403]], [[654, 403]], [[655, 404]], [[655, 405]], [[656, 406]], [[657, 406]], [[658, 405]], [[659, 406]], [[660, 406]], [[661, 406]], [[662, 407]], [[663, 407]], [[664, 407]], [[665, 407]], [[666, 407]], [[666, 406]], [[667, 405]], [[667, 404]], [[667, 403]], [[668, 402]], [[669, 401]], [[670, 400]], [[670, 399]], [[671, 398]], [[672, 397]], [[673, 396]], [[673, 395]], [[674, 394]], [[674, 393]], [[674, 392]], [[674, 391]], [[674, 390]], [[674, 389]], [[674, 388]], [[673, 389]], [[672, 388]], [[671, 387]], [[670, 386]], [[669, 386]], [[668, 386]], [[667, 385]], [[666, 385]], [[665, 384]]]",[[]],[]
119,119,"[[[150, 379]], [[149, 380]], [[148, 381]], [[148, 382]], [[148, 383]], [[147, 384]], [[147, 385]], [[146, 386]], [[146, 387]], [[146, 388]], [[145, 389]], [[144, 390]], [[143, 391]], [[143, 392]], [[143, 393]], [[142, 394]], [[143, 395]], [[143, 396]], [[143, 397]], [[143, 398]], [[144, 399]], [[144, 400]], [[145, 401]], [[146, 402]], [[147, 402]], [[148, 403]], [[149, 403]], [[150, 403]], [[151, 403]], [[152, 403]], [[153, 402]], [[154, 402]], [[155, 402]], [[156, 402]], [[157, 401]], [[158, 400]], [[159, 399]], [[160, 398]], [[161, 398]], [[162, 397]], [[163, 396]], [[163, 395]], [[163, 394]], [[164, 393]], [[164, 392]], [[165, 391]], [[165, 390]], [[164, 389]], [[164, 388]], [[163, 387]], [[162, 387]], [[161, 387]], [[160, 387]], [[159, 386]], [[158, 385]], [[157, 384]], [[156, 383]], [[155, 382]], [[154, 381]], [[153, 381]], [[152, 380]], [[151, 379]]]",[[]],[]
120,120,"[[[536, 370]], [[535, 371]], [[535, 372]], [[534, 373]], [[534, 374]], [[534, 375]], [[534, 376]], [[534, 377]], [[534, 378]], [[535, 379]], [[535, 380]], [[535, 381]], [[535, 382]], [[535, 383]], [[536, 384]], [[537, 385]], [[537, 386]], [[538, 387]], [[538, 388]], [[539, 389]], [[539, 390]], [[540, 391]], [[540, 392]], [[540, 393]], [[541, 394]], [[541, 395]], [[542, 396]], [[543, 397]], [[543, 398]], [[544, 399]], [[545, 399]], [[546, 399]], [[547, 399]], [[548, 399]], [[549, 400]], [[550, 400]], [[551, 400]], [[552, 401]], [[553, 401]], [[554, 401]], [[555, 401]], [[556, 400]], [[557, 399]], [[557, 398]], [[557, 397]], [[558, 396]], [[558, 395]], [[558, 394]], [[558, 393]], [[558, 392]], [[558, 391]], [[558, 390]], [[558, 389]], [[558, 388]], [[558, 387]], [[558, 386]], [[558, 385]], [[558, 384]], [[558, 383]], [[557, 382]], [[557, 381]], [[556, 380]], [[555, 379]], [[554, 378]], [[553, 377]], [[552, 376]], [[551, 375]], [[550, 374]], [[550, 373]], [[549, 373]], [[548, 373]], [[547, 373]], [[546, 372]], [[545, 371]], [[544, 371]], [[543, 370]], [[542, 371]], [[541, 371]], [[540, 371]], [[539, 370]], [[538, 370]], [[537, 370]]]","[[], [[[548, 400], [547, 401], [546, 401], [546, 402], [547, 401], [548, 401], [549, 401], [550, 402], [551, 403], [551, 404], [551, 405], [551, 406], [551, 407], [551, 408], [550, 409], [550, 410], [551, 410], [552, 410], [553, 409], [553, 408], [554, 407], [554, 406], [555, 405], [556, 405], [556, 404], [555, 404], [554, 403], [553, 403], [552, 403], [551, 402], [550, 401], [549, 401]]]]","[[], 94]"
121,121,"[[[420, 368]], [[419, 369]], [[418, 369]], [[417, 369]], [[416, 369]], [[415, 369]], [[414, 369]], [[413, 369]], [[412, 369]], [[411, 369]], [[410, 369]], [[409, 370]], [[408, 370]], [[407, 370]], [[406, 370]], [[405, 371]], [[404, 371]], [[403, 371]], [[402, 371]], [[401, 371]], [[400, 371]], [[399, 371]], [[398, 371]], [[397, 372]], [[396, 372]], [[395, 373]], [[394, 374]], [[394, 375]], [[394, 376]], [[394, 377]], [[394, 378]], [[394, 379]], [[394, 380]], [[393, 381]], [[393, 382]], [[393, 383]], [[393, 384]], [[393, 385]], [[393, 386]], [[393, 387]], [[393, 388]], [[393, 389]], [[393, 390]], [[393, 391]], [[393, 392]], [[393, 393]], [[393, 394]], [[392, 395]], [[392, 396]], [[392, 397]], [[392, 398]], [[392, 399]], [[392, 400]], [[392, 401]], [[392, 402]], [[392, 403]], [[393, 404]], [[394, 405]], [[395, 406]], [[396, 407]], [[396, 408]], [[396, 409]], [[397, 410]], [[396, 411]], [[396, 412]], [[396, 413]], [[396, 414]], [[396, 415]], [[397, 416]], [[397, 417]], [[398, 418]], [[399, 419]], [[399, 420]], [[400, 421]], [[401, 422]], [[402, 423]], [[403, 423]], [[404, 423]], [[405, 423]], [[406, 423]], [[406, 422]], [[407, 421]], [[408, 420]], [[408, 419]], [[409, 418]], [[410, 417]], [[411, 416]], [[411, 415]], [[412, 414]], [[413, 413]], [[413, 412]], [[414, 411]], [[415, 410]], [[416, 409]], [[416, 408]], [[417, 407]], [[417, 406]], [[418, 405]], [[418, 404]], [[419, 403]], [[419, 402]], [[419, 401]], [[419, 400]], [[419, 399]], [[420, 398]], [[420, 397]], [[421, 396]], [[421, 395]], [[421, 394]], [[422, 393]], [[422, 392]], [[422, 391]], [[423, 390]], [[424, 390]], [[425, 389]], [[426, 388]], [[426, 387]], [[426, 386]], [[426, 385]], [[426, 384]], [[426, 383]], [[426, 382]], [[427, 381]], [[428, 380]], [[428, 379]], [[428, 378]], [[428, 377]], [[428, 376]], [[429, 375]], [[429, 374]], [[428, 373]], [[428, 372]], [[427, 371]], [[427, 370]], [[426, 369]], [[425, 368]], [[424, 368]], [[423, 368]], [[422, 368]], [[421, 368]]]","[[], [[[404, 362], [403, 363], [402, 363], [402, 364], [401, 365], [400, 366], [400, 367], [399, 368], [398, 368], [397, 368], [396, 367], [396, 366], [395, 367], [394, 367], [394, 368], [395, 368], [396, 369], [397, 370], [398, 370], [399, 370], [400, 370], [401, 369], [402, 369], [403, 370], [404, 370], [405, 370], [406, 369], [407, 369], [407, 368], [407, 367], [407, 366], [407, 365], [406, 365], [405, 364], [405, 363]]]]","[[], 95]"
122,122,"[[[747, 357]], [[746, 358]], [[745, 358]], [[744, 358]], [[743, 358]], [[742, 358]], [[741, 359]], [[740, 359]], [[739, 359]], [[738, 360]], [[737, 360]], [[736, 361]], [[735, 362]], [[735, 363]], [[734, 364]], [[733, 365]], [[732, 366]], [[731, 366]], [[730, 367]], [[729, 367]], [[728, 368]], [[727, 368]], [[726, 369]], [[725, 369]], [[724, 370]], [[724, 371]], [[724, 372]], [[723, 373]], [[723, 374]], [[723, 375]], [[724, 376]], [[724, 377]], [[724, 378]], [[725, 378]], [[726, 379]], [[727, 380]], [[728, 381]], [[728, 382]], [[729, 383]], [[729, 384]], [[730, 385]], [[731, 385]], [[732, 385]], [[733, 386]], [[733, 387]], [[734, 388]], [[734, 389]], [[734, 390]], [[733, 391]], [[733, 392]], [[733, 393]], [[732, 394]], [[731, 395]], [[730, 396]], [[730, 397]], [[730, 398]], [[730, 399]], [[730, 400]], [[730, 401]], [[730, 402]], [[731, 403]], [[732, 404]], [[732, 405]], [[733, 406]], [[733, 407]], [[734, 408]], [[735, 409]], [[736, 408]], [[737, 408]], [[738, 409]], [[739, 409]], [[740, 410]], [[741, 411]], [[742, 411]], [[743, 411]], [[744, 411]], [[745, 411]], [[746, 412]], [[747, 413]], [[748, 413]], [[749, 414]], [[750, 415]], [[751, 416]], [[751, 417]], [[752, 418]], [[753, 418]], [[754, 419]], [[753, 420]], [[753, 421]], [[752, 422]], [[751, 422]], [[750, 423]], [[750, 424]], [[750, 425]], [[750, 426]], [[750, 427]], [[750, 428]], [[750, 429]], [[750, 430]], [[750, 431]], [[750, 432]], [[750, 433]], [[749, 434]], [[748, 435]], [[747, 436]], [[747, 437]], [[746, 438]], [[745, 439]], [[745, 440]], [[745, 441]], [[745, 442]], [[745, 443]], [[745, 444]], [[745, 445]], [[745, 446]], [[745, 447]], [[745, 448]], [[745, 449]], [[744, 450]], [[744, 451]], [[744, 452]], [[744, 453]], [[744, 454]], [[744, 455]], [[745, 456]], [[746, 456]], [[747, 457]], [[748, 457]], [[749, 457]], [[750, 457]], [[751, 458]], [[751, 459]], [[752, 460]], [[752, 461]], [[753, 462]], [[753, 463]], [[753, 464]], [[754, 464]], [[755, 464]], [[756, 465]], [[757, 465]], [[758, 466]], [[759, 467]], [[760, 466]], [[761, 466]], [[762, 466]], [[763, 466]], [[764, 466]], [[765, 466]], [[766, 465]], [[767, 464]], [[768, 463]], [[769, 463]], [[770, 463]], [[771, 462]], [[771, 461]], [[772, 460]], [[773, 460]], [[774, 460]], [[775, 460]], [[776, 460]], [[777, 460]], [[778, 460]], [[779, 459]], [[780, 458]], [[781, 458]], [[782, 457]], [[782, 456]], [[782, 455]], [[782, 454]], [[782, 453]], [[782, 452]], [[783, 451]], [[784, 451]], [[784, 450]], [[785, 449]], [[786, 450]], [[786, 451]], [[786, 452]], [[787, 452]], [[788, 451]], [[789, 451]], [[790, 451]], [[790, 450]], [[790, 449]], [[790, 448]], [[790, 447]], [[789, 447]], [[788, 446]], [[788, 445]], [[789, 444]], [[789, 443]], [[789, 442]], [[789, 441]], [[788, 440]], [[787, 439]], [[786, 438]], [[786, 437]], [[787, 436]], [[787, 435]], [[787, 434]], [[787, 433]], [[787, 432]], [[788, 431]], [[788, 430]], [[788, 429]], [[788, 428]], [[788, 427]], [[787, 427]], [[786, 426]], [[785, 426]], [[784, 425]], [[783, 425]], [[782, 425]], [[781, 425]], [[780, 424]], [[779, 424]], [[778, 424]], [[777, 423]], [[776, 423]], [[775, 423]], [[774, 423]], [[773, 424]], [[772, 423]], [[771, 423]], [[770, 423]], [[769, 422]], [[768, 421]], [[768, 420]], [[768, 419]], [[768, 418]], [[768, 417]], [[767, 416]], [[767, 415]], [[768, 414]], [[769, 414]], [[770, 415]], [[770, 416]], [[770, 417]], [[771, 416]], [[772, 416]], [[773, 416]], [[774, 416]], [[775, 415]], [[774, 414]], [[774, 413]], [[773, 412]], [[773, 411]], [[774, 410]], [[775, 409]], [[776, 408]], [[776, 407]], [[776, 406]], [[776, 405]], [[777, 404]], [[777, 403]], [[777, 402]], [[777, 401]], [[778, 400]], [[778, 399]], [[779, 398]], [[780, 397]], [[780, 396]], [[779, 395]], [[779, 394]], [[780, 393]], [[780, 392]], [[779, 391]], [[780, 390]], [[781, 389]], [[782, 389]], [[783, 388]], [[783, 387]], [[784, 386]], [[784, 385]], [[785, 384]], [[785, 383]], [[785, 382]], [[785, 381]], [[785, 380]], [[784, 379]], [[784, 378]], [[784, 377]], [[784, 376]], [[785, 375]], [[785, 374]], [[786, 373]], [[786, 372]], [[786, 371]], [[786, 370]], [[785, 370]], [[784, 369]], [[783, 369]], [[782, 368]], [[781, 368]], [[780, 367]], [[779, 366]], [[778, 365]], [[778, 364]], [[777, 364]], [[776, 364]], [[775, 364]], [[774, 364]], [[773, 364]], [[772, 364]], [[771, 364]], [[770, 365]], [[769, 365]], [[768, 364]], [[767, 363]], [[767, 362]], [[766, 361]], [[766, 360]], [[765, 359]], [[764, 359]], [[763, 359]], [[762, 359]], [[761, 359]], [[760, 358]], [[759, 359]], [[758, 359]], [[757, 359]], [[756, 360]], [[755, 360]], [[754, 359]], [[753, 358]], [[752, 358]], [[751, 358]], [[750, 357]], [[749, 357]], [[748, 357]]]","[[], [[[788, 452], [787, 453], [786, 453], [785, 453], [784, 453], [784, 454], [784, 455], [785, 456], [786, 456], [787, 456], [788, 456], [789, 456], [790, 456], [791, 457], [792, 458], [793, 459], [794, 459], [795, 459], [796, 459], [797, 460], [797, 461], [797, 462], [796, 463], [796, 464], [795, 465], [795, 466], [796, 466], [797, 466], [797, 465], [798, 464], [798, 463], [798, 462], [798, 461], [798, 460], [799, 459], [799, 458], [799, 457], [799, 456], [798, 456], [797, 456], [796, 456], [795, 456], [794, 455], [793, 454], [792, 454], [791, 453], [791, 452], [790, 452], [789, 452]]], [[[768, 415], [768, 416], [769, 417], [769, 418], [769, 419], [769, 420], [769, 421], [770, 422], [771, 422], [772, 422], [773, 423], [774, 422], [775, 422], [776, 422], [777, 422], [778, 423], [779, 423], [780, 423], [781, 423], [782, 424], [783, 424], [784, 424], [785, 424], [786, 425], [787, 425], [788, 426], [789, 427], [790, 428], [790, 429], [790, 430], [790, 431], [789, 432], [789, 433], [790, 433], [791, 433], [792, 432], [793, 432], [794, 432], [795, 432], [796, 432], [796, 431], [795, 430], [795, 429], [795, 428], [794, 427], [794, 426], [793, 427], [792, 427], [791, 427], [790, 426], [789, 426], [788, 425], [788, 424], [789, 423], [788, 424], [787, 424], [786, 424], [785, 423], [784, 423], [783, 423], [782, 422], [781, 422], [780, 422], [779, 422], [778, 421], [777, 422], [776, 422], [775, 421], [774, 420], [773, 419], [773, 418], [772, 417], [771, 417], [770, 418], [769, 417], [769, 416], [769, 415]]], [[[779, 399], [779, 400], [778, 401], [778, 402], [779, 403], [778, 404], [777, 405], [777, 406], [777, 407], [777, 408], [776, 409], [775, 410], [774, 411], [774, 412], [775, 413], [775, 414], [776, 414], [776, 413], [777, 412], [778, 411], [779, 410], [779, 409], [779, 408], [779, 407], [779, 406], [779, 405], [779, 404], [780, 403], [781, 403], [782, 404], [783, 404], [784, 403], [783, 403], [782, 403], [781, 402], [781, 401], [781, 400], [781, 399], [780, 399]]], [[[790, 369], [790, 370], [791, 371], [790, 372], [789, 373], [788, 373], [787, 374], [786, 375], [785, 376], [785, 377], [785, 378], [785, 379], [786, 380], [786, 381], [786, 380], [786, 379], [786, 378], [786, 377], [787, 376], [788, 375], [789, 374], [789, 373], [790, 372], [791, 372], [791, 371], [791, 370]]], [[[762, 351], [761, 352], [761, 353], [760, 354], [759, 354], [758, 355], [757, 355], [756, 355], [755, 356], [754, 357], [754, 358], [755, 359], [756, 359], [757, 358], [758, 358], [759, 358], [760, 357], [761, 358], [762, 358], [763, 358], [764, 358], [765, 358], [766, 359], [767, 360], [767, 361], [768, 362], [768, 363], [769, 364], [770, 364], [771, 363], [772, 363], [773, 363], [774, 362], [775, 363], [776, 363], [777, 363], [778, 363], [779, 362], [780, 361], [781, 361], [781, 360], [781, 359], [782, 358], [783, 357], [783, 356], [784, 355], [785, 354], [786, 353], [787, 353], [788, 354], [788, 355], [789, 356], [790, 356], [791, 356], [791, 355], [790, 354], [790, 353], [790, 352], [789, 351], [788, 352], [787, 352], [786, 352], [785, 352], [784, 352], [783, 352], [782, 353], [781, 353], [780, 354], [780, 355], [779, 356], [779, 357], [778, 358], [777, 359], [776, 360], [775, 361], [774, 361], [773, 361], [772, 360], [771, 361], [770, 361], [769, 361], [768, 361], [767, 360], [767, 359], [766, 358], [765, 357], [764, 356], [763, 356], [762, 355], [762, 354], [762, 353], [762, 352]]]]","[[], 96, 97, 98, 99, 100]"
123,123,"[[[371, 350]], [[370, 351]], [[369, 351]], [[368, 351]], [[367, 351]], [[366, 352]], [[365, 352]], [[364, 353]], [[363, 354]], [[363, 355]], [[363, 356]], [[362, 357]], [[362, 358]], [[361, 359]], [[361, 360]], [[361, 361]], [[361, 362]], [[361, 363]], [[361, 364]], [[361, 365]], [[361, 366]], [[362, 367]], [[362, 368]], [[362, 369]], [[363, 370]], [[363, 371]], [[363, 372]], [[363, 373]], [[364, 374]], [[364, 375]], [[365, 376]], [[366, 376]], [[367, 376]], [[368, 377]], [[369, 377]], [[370, 378]], [[371, 378]], [[372, 378]], [[373, 378]], [[374, 378]], [[375, 378]], [[376, 378]], [[377, 379]], [[378, 378]], [[379, 378]], [[380, 378]], [[381, 377]], [[382, 376]], [[382, 375]], [[383, 374]], [[383, 373]], [[384, 372]], [[384, 371]], [[384, 370]], [[385, 369]], [[386, 368]], [[386, 367]], [[386, 366]], [[386, 365]], [[386, 364]], [[386, 363]], [[385, 362]], [[384, 361]], [[384, 360]], [[383, 359]], [[382, 358]], [[382, 357]], [[382, 356]], [[382, 355]], [[381, 354]], [[380, 353]], [[379, 352]], [[378, 352]], [[377, 351]], [[376, 350]], [[375, 350]], [[374, 350]], [[373, 350]], [[372, 350]]]",[[]],[]
124,124,"[[[94, 340]], [[93, 341]], [[92, 342]], [[91, 342]], [[90, 342]], [[90, 343]], [[90, 344]], [[89, 345]], [[88, 346]], [[87, 347]], [[86, 348]], [[85, 349]], [[84, 350]], [[83, 350]], [[82, 351]], [[81, 352]], [[80, 352]], [[79, 352]], [[78, 352]], [[77, 353]], [[76, 354]], [[76, 355]], [[75, 356]], [[75, 357]], [[75, 358]], [[74, 359]], [[73, 360]], [[73, 361]], [[73, 362]], [[72, 363]], [[72, 364]], [[72, 365]], [[72, 366]], [[72, 367]], [[71, 368]], [[71, 369]], [[71, 370]], [[71, 371]], [[71, 372]], [[71, 373]], [[70, 374]], [[70, 375]], [[70, 376]], [[69, 377]], [[69, 378]], [[68, 379]], [[68, 380]], [[68, 381]], [[67, 382]], [[68, 383]], [[68, 384]], [[69, 385]], [[68, 386]], [[68, 387]], [[68, 388]], [[68, 389]], [[68, 390]], [[68, 391]], [[67, 392]], [[66, 393]], [[66, 394]], [[65, 395]], [[64, 396]], [[63, 396]], [[62, 397]], [[61, 397]], [[60, 397]], [[59, 398]], [[58, 398]], [[58, 399]], [[57, 400]], [[57, 401]], [[56, 402]], [[56, 403]], [[56, 404]], [[56, 405]], [[56, 406]], [[56, 407]], [[57, 408]], [[57, 409]], [[58, 410]], [[58, 411]], [[59, 412]], [[60, 413]], [[61, 414]], [[61, 415]], [[62, 416]], [[63, 417]], [[63, 418]], [[64, 419]], [[65, 420]], [[65, 421]], [[65, 422]], [[64, 423]], [[63, 423]], [[62, 423]], [[61, 423]], [[60, 422]], [[59, 422]], [[58, 423]], [[57, 423]], [[56, 423]], [[55, 423]], [[54, 423]], [[53, 423]], [[52, 424]], [[51, 424]], [[50, 425]], [[49, 426]], [[48, 426]], [[47, 427]], [[46, 428]], [[46, 429]], [[45, 430]], [[45, 431]], [[45, 432]], [[45, 433]], [[44, 434]], [[44, 435]], [[43, 436]], [[43, 437]], [[43, 438]], [[43, 439]], [[43, 440]], [[42, 441]], [[42, 442]], [[42, 443]], [[42, 444]], [[42, 445]], [[42, 446]], [[42, 447]], [[42, 448]], [[42, 449]], [[42, 450]], [[42, 451]], [[42, 452]], [[43, 453]], [[44, 453]], [[45, 453]], [[46, 453]], [[47, 453]], [[48, 453]], [[49, 453]], [[50, 453]], [[51, 453]], [[52, 453]], [[53, 453]], [[54, 454]], [[55, 454]], [[56, 454]], [[57, 453]], [[57, 452]], [[58, 451]], [[58, 450]], [[59, 449]], [[59, 448]], [[60, 447]], [[61, 448]], [[61, 447]], [[61, 446]], [[61, 445]], [[62, 444]], [[62, 443]], [[63, 442]], [[64, 443]], [[65, 443]], [[65, 442]], [[66, 441]], [[67, 441]], [[68, 441]], [[69, 440]], [[70, 439]], [[71, 438]], [[72, 437]], [[73, 436]], [[74, 435]], [[75, 435]], [[76, 436]], [[77, 436]], [[78, 436]], [[79, 437]], [[80, 437]], [[81, 437]], [[82, 438]], [[83, 438]], [[84, 438]], [[85, 437]], [[86, 437]], [[87, 437]], [[88, 438]], [[88, 439]], [[89, 440]], [[89, 441]], [[89, 442]], [[89, 443]], [[89, 444]], [[90, 445]], [[90, 446]], [[90, 447]], [[91, 448]], [[92, 449]], [[93, 449]], [[94, 450]], [[95, 449]], [[96, 449]], [[97, 448]], [[98, 447]], [[98, 446]], [[99, 445]], [[99, 444]], [[99, 443]], [[100, 442]], [[100, 441]], [[101, 440]], [[101, 439]], [[101, 438]], [[101, 437]], [[102, 436]], [[102, 435]], [[102, 434]], [[102, 433]], [[102, 432]], [[102, 431]], [[102, 430]], [[102, 429]], [[102, 428]], [[103, 427]], [[103, 426]], [[104, 425]], [[104, 424]], [[104, 423]], [[105, 422]], [[106, 422]], [[107, 421]], [[108, 421]], [[109, 421]], [[109, 420]], [[109, 419]], [[109, 418]], [[109, 417]], [[108, 416]], [[108, 415]], [[108, 414]], [[107, 413]], [[106, 412]], [[105, 411]], [[104, 410]], [[103, 409]], [[102, 409]], [[101, 408]], [[100, 408]], [[99, 408]], [[98, 408]], [[97, 408]], [[96, 407]], [[95, 407]], [[94, 406]], [[93, 406]], [[92, 405]], [[92, 404]], [[92, 403]], [[91, 402]], [[90, 402]], [[89, 401]], [[88, 400]], [[88, 399]], [[87, 398]], [[87, 397]], [[88, 396]], [[89, 395]], [[90, 395]], [[91, 395]], [[92, 395]], [[93, 396]], [[94, 396]], [[95, 397]], [[96, 397]], [[97, 397]], [[98, 397]], [[99, 396]], [[100, 396]], [[101, 396]], [[102, 396]], [[103, 396]], [[104, 396]], [[105, 395]], [[106, 395]], [[107, 396]], [[108, 397]], [[109, 397]], [[110, 397]], [[111, 397]], [[112, 397]], [[113, 396]], [[113, 395]], [[113, 394]], [[114, 393]], [[114, 392]], [[115, 391]], [[115, 390]], [[116, 389]], [[117, 388]], [[118, 387]], [[119, 386]], [[119, 385]], [[119, 384]], [[119, 383]], [[120, 382]], [[120, 381]], [[120, 380]], [[120, 379]], [[119, 378]], [[119, 377]], [[119, 376]], [[119, 375]], [[119, 374]], [[119, 373]], [[119, 372]], [[119, 371]], [[118, 370]], [[118, 369]], [[117, 368]], [[117, 367]], [[117, 366]], [[116, 365]], [[116, 364]], [[116, 363]], [[116, 362]], [[115, 361]], [[115, 360]], [[115, 359]], [[115, 358]], [[115, 357]], [[114, 356]], [[114, 355]], [[114, 354]], [[113, 353]], [[113, 352]], [[113, 351]], [[113, 350]], [[112, 349]], [[112, 348]], [[111, 347]], [[110, 346]], [[110, 345]], [[109, 344]], [[108, 343]], [[108, 342]], [[107, 342]], [[106, 342]], [[105, 341]], [[104, 341]], [[103, 341]], [[102, 340]], [[101, 340]], [[100, 340]], [[99, 340]], [[98, 340]], [[97, 340]], [[96, 340]], [[95, 340]]]","[[], [[[66, 384], [66, 385], [66, 386], [65, 387], [65, 388], [65, 389], [65, 390], [64, 391], [64, 392], [63, 393], [63, 394], [62, 395], [62, 396], [63, 395], [64, 395], [65, 394], [65, 393], [65, 392], [66, 391], [66, 390], [66, 389], [66, 388], [67, 387], [67, 386], [67, 385], [67, 384]]], [[[55, 397], [54, 398], [54, 399], [54, 400], [54, 401], [54, 402], [53, 403], [52, 403], [51, 404], [50, 404], [49, 404], [48, 404], [47, 405], [46, 405], [45, 405], [44, 405], [43, 405], [44, 405], [45, 405], [46, 406], [47, 407], [47, 408], [46, 409], [45, 410], [44, 410], [43, 410], [42, 409], [42, 408], [41, 407], [40, 408], [40, 409], [41, 410], [41, 411], [42, 412], [43, 412], [44, 412], [45, 412], [46, 412], [46, 411], [46, 410], [47, 409], [47, 408], [48, 407], [48, 406], [49, 405], [50, 404], [51, 404], [52, 405], [53, 406], [54, 406], [54, 405], [54, 404], [54, 403], [55, 402], [55, 401], [55, 400], [55, 399], [56, 398], [56, 397]]]]","[[], 101, 102]"
125,125,"[[[634, 337]], [[633, 338]], [[632, 338]], [[631, 339]], [[630, 340]], [[629, 340]], [[629, 341]], [[628, 342]], [[628, 343]], [[628, 344]], [[628, 345]], [[628, 346]], [[628, 347]], [[628, 348]], [[628, 349]], [[628, 350]], [[628, 351]], [[628, 352]], [[628, 353]], [[627, 354]], [[626, 354]], [[626, 355]], [[626, 356]], [[626, 357]], [[627, 357]], [[628, 358]], [[628, 359]], [[629, 359]], [[630, 360]], [[631, 361]], [[632, 361]], [[633, 361]], [[634, 361]], [[635, 361]], [[636, 361]], [[637, 361]], [[638, 360]], [[639, 360]], [[639, 359]], [[640, 358]], [[640, 357]], [[641, 356]], [[642, 355]], [[642, 354]], [[642, 353]], [[643, 352]], [[643, 351]], [[643, 350]], [[643, 349]], [[643, 348]], [[643, 347]], [[642, 346]], [[642, 345]], [[641, 344]], [[640, 343]], [[640, 342]], [[639, 341]], [[639, 340]], [[638, 339]], [[637, 339]], [[636, 338]], [[635, 338]]]",[[]],[]
126,126,"[[[197, 330]], [[196, 331]], [[195, 332]], [[194, 332]], [[193, 333]], [[192, 334]], [[191, 334]], [[190, 335]], [[190, 336]], [[190, 337]], [[189, 338]], [[189, 339]], [[188, 340]], [[188, 341]], [[188, 342]], [[187, 343]], [[187, 344]], [[187, 345]], [[187, 346]], [[187, 347]], [[187, 348]], [[187, 349]], [[187, 350]], [[187, 351]], [[188, 352]], [[187, 353]], [[187, 354]], [[186, 355]], [[186, 356]], [[186, 357]], [[186, 358]], [[185, 359]], [[185, 360]], [[185, 361]], [[185, 362]], [[185, 363]], [[186, 364]], [[186, 365]], [[186, 366]], [[185, 367]], [[185, 368]], [[185, 369]], [[185, 370]], [[186, 371]], [[187, 372]], [[187, 373]], [[188, 374]], [[188, 375]], [[189, 376]], [[190, 375]], [[191, 376]], [[192, 376]], [[193, 376]], [[194, 376]], [[195, 377]], [[196, 376]], [[197, 376]], [[198, 376]], [[199, 377]], [[199, 376]], [[199, 375]], [[199, 374]], [[199, 373]], [[198, 372]], [[198, 371]], [[197, 370]], [[197, 369]], [[197, 368]], [[197, 367]], [[197, 366]], [[197, 365]], [[198, 364]], [[197, 364]], [[196, 363]], [[195, 362]], [[196, 361]], [[196, 360]], [[196, 359]], [[196, 358]], [[195, 358]], [[194, 357]], [[195, 356]], [[194, 355]], [[194, 354]], [[193, 353]], [[194, 352]], [[195, 351]], [[196, 352]], [[196, 353]], [[197, 354]], [[197, 355]], [[197, 356]], [[198, 357]], [[198, 358]], [[199, 359]], [[200, 360]], [[200, 361]], [[201, 361]], [[202, 362]], [[203, 363]], [[204, 364]], [[204, 365]], [[205, 366]], [[206, 367]], [[206, 368]], [[206, 369]], [[206, 370]], [[206, 371]], [[205, 372]], [[204, 373]], [[203, 374]], [[203, 375]], [[204, 376]], [[204, 377]], [[204, 378]], [[204, 379]], [[204, 380]], [[205, 381]], [[205, 382]], [[205, 383]], [[205, 384]], [[206, 385]], [[207, 386]], [[208, 386]], [[209, 387]], [[210, 388]], [[211, 388]], [[212, 388]], [[213, 388]], [[214, 388]], [[215, 388]], [[216, 388]], [[217, 388]], [[218, 387]], [[219, 387]], [[220, 386]], [[221, 385]], [[222, 385]], [[223, 385]], [[224, 384]], [[225, 383]], [[226, 383]], [[227, 382]], [[228, 382]], [[229, 382]], [[230, 381]], [[231, 380]], [[232, 380]], [[233, 380]], [[234, 381]], [[235, 381]], [[235, 380]], [[236, 379]], [[237, 380]], [[238, 380]], [[239, 381]], [[239, 382]], [[238, 383]], [[237, 383]], [[236, 383]], [[235, 384]], [[235, 385]], [[235, 386]], [[234, 387]], [[233, 388]], [[232, 389]], [[231, 390]], [[230, 391]], [[229, 392]], [[229, 393]], [[229, 394]], [[229, 395]], [[229, 396]], [[229, 397]], [[229, 398]], [[228, 399]], [[228, 400]], [[229, 401]], [[230, 402]], [[231, 403]], [[232, 404]], [[233, 404]], [[234, 404]], [[235, 404]], [[236, 404]], [[237, 404]], [[238, 404]], [[239, 404]], [[240, 403]], [[241, 403]], [[242, 404]], [[243, 404]], [[244, 404]], [[245, 404]], [[246, 404]], [[247, 403]], [[248, 403]], [[249, 404]], [[250, 405]], [[250, 406]], [[250, 407]], [[250, 408]], [[251, 409]], [[251, 410]], [[252, 411]], [[252, 412]], [[252, 413]], [[252, 414]], [[253, 415]], [[254, 416]], [[255, 416]], [[256, 417]], [[257, 417]], [[258, 417]], [[259, 417]], [[260, 417]], [[261, 416]], [[262, 416]], [[263, 416]], [[264, 415]], [[265, 414]], [[266, 414]], [[267, 414]], [[268, 414]], [[269, 415]], [[270, 415]], [[271, 414]], [[272, 414]], [[273, 413]], [[273, 412]], [[274, 411]], [[274, 410]], [[274, 409]], [[275, 408]], [[274, 407]], [[274, 406]], [[274, 405]], [[274, 404]], [[274, 403]], [[274, 402]], [[274, 401]], [[275, 400]], [[275, 399]], [[275, 398]], [[275, 397]], [[275, 396]], [[275, 395]], [[275, 394]], [[276, 393]], [[277, 392]], [[277, 391]], [[277, 390]], [[277, 389]], [[278, 388]], [[279, 387]], [[280, 387]], [[281, 386]], [[282, 386]], [[283, 385]], [[284, 385]], [[285, 385]], [[286, 385]], [[287, 384]], [[288, 384]], [[289, 383]], [[290, 383]], [[290, 382]], [[291, 381]], [[292, 380]], [[293, 379]], [[294, 378]], [[295, 377]], [[296, 376]], [[296, 375]], [[296, 374]], [[296, 373]], [[296, 372]], [[296, 371]], [[296, 370]], [[297, 369]], [[297, 368]], [[297, 367]], [[297, 366]], [[296, 365]], [[295, 364]], [[294, 364]], [[293, 363]], [[292, 362]], [[291, 362]], [[290, 362]], [[289, 361]], [[288, 361]], [[287, 361]], [[286, 361]], [[285, 361]], [[284, 361]], [[283, 361]], [[282, 362]], [[281, 362]], [[280, 362]], [[279, 362]], [[278, 362]], [[277, 362]], [[276, 363]], [[275, 364]], [[274, 364]], [[273, 364]], [[272, 364]], [[271, 365]], [[270, 365]], [[269, 364]], [[268, 365]], [[267, 366]], [[266, 367]], [[265, 367]], [[264, 366]], [[263, 366]], [[262, 367]], [[261, 368]], [[260, 369]], [[259, 369]], [[258, 369]], [[257, 370]], [[256, 370]], [[255, 371]], [[254, 372]], [[253, 373]], [[252, 374]], [[251, 375]], [[250, 375]], [[249, 376]], [[248, 376]], [[247, 376]], [[246, 377]], [[245, 376]], [[245, 375]], [[246, 374]], [[246, 373]], [[247, 372]], [[247, 371]], [[247, 370]], [[248, 369]], [[248, 368]], [[248, 367]], [[248, 366]], [[248, 365]], [[248, 364]], [[247, 364]], [[246, 363]], [[245, 362]], [[244, 361]], [[244, 360]], [[244, 359]], [[245, 358]], [[245, 357]], [[246, 356]], [[247, 356]], [[248, 356]], [[249, 355]], [[250, 355]], [[250, 354]], [[251, 353]], [[251, 352]], [[251, 351]], [[252, 350]], [[252, 349]], [[252, 348]], [[252, 347]], [[252, 346]], [[252, 345]], [[252, 344]], [[252, 343]], [[252, 342]], [[252, 341]], [[252, 340]], [[251, 339]], [[251, 338]], [[251, 337]], [[251, 336]], [[250, 335]], [[249, 334]], [[248, 334]], [[247, 334]], [[246, 333]], [[245, 334]], [[244, 334]], [[243, 334]], [[242, 334]], [[241, 334]], [[240, 334]], [[239, 333]], [[238, 333]], [[237, 333]], [[236, 333]], [[235, 333]], [[234, 333]], [[233, 333]], [[232, 333]], [[231, 332]], [[230, 332]], [[229, 332]], [[228, 332]], [[227, 331]], [[226, 331]], [[225, 330]], [[224, 330]], [[223, 331]], [[222, 331]], [[221, 331]], [[220, 331]], [[219, 331]], [[218, 331]], [[217, 331]], [[216, 331]], [[215, 331]], [[214, 331]], [[213, 331]], [[212, 331]], [[211, 332]], [[210, 332]], [[209, 332]], [[208, 332]], [[207, 332]], [[206, 331]], [[205, 331]], [[204, 332]], [[203, 332]], [[202, 331]], [[201, 331]], [[200, 331]], [[199, 331]], [[198, 330]]]","[[], [[[191, 377], [191, 378], [192, 379], [193, 380], [193, 381], [193, 382], [193, 383], [193, 384], [194, 385], [195, 384], [196, 384], [197, 384], [198, 384], [199, 384], [200, 384], [200, 383], [200, 382], [200, 381], [199, 380], [199, 379], [198, 378], [197, 377], [196, 377], [195, 378], [194, 379], [193, 378], [193, 377], [192, 377]]]]","[[], 103]"
127,127,"[[[127, 325]], [[126, 326]], [[125, 326]], [[125, 327]], [[125, 328]], [[125, 329]], [[124, 330]], [[123, 331]], [[123, 332]], [[123, 333]], [[123, 334]], [[123, 335]], [[123, 336]], [[123, 337]], [[124, 338]], [[125, 339]], [[126, 340]], [[126, 341]], [[127, 342]], [[128, 343]], [[129, 344]], [[129, 345]], [[130, 345]], [[131, 346]], [[131, 347]], [[132, 348]], [[132, 349]], [[133, 350]], [[134, 350]], [[135, 351]], [[136, 352]], [[137, 353]], [[138, 354]], [[139, 355]], [[140, 356]], [[141, 357]], [[142, 357]], [[143, 358]], [[144, 359]], [[145, 360]], [[146, 361]], [[147, 361]], [[148, 361]], [[149, 361]], [[150, 361]], [[150, 360]], [[151, 359]], [[152, 358]], [[152, 357]], [[152, 356]], [[152, 355]], [[152, 354]], [[152, 353]], [[152, 352]], [[152, 351]], [[151, 350]], [[151, 349]], [[151, 348]], [[151, 347]], [[151, 346]], [[151, 345]], [[151, 344]], [[150, 343]], [[150, 342]], [[149, 341]], [[149, 340]], [[148, 339]], [[148, 338]], [[148, 337]], [[147, 337]], [[146, 336]], [[145, 336]], [[144, 335]], [[144, 334]], [[143, 333]], [[142, 332]], [[141, 331]], [[140, 331]], [[139, 331]], [[138, 330]], [[138, 329]], [[137, 329]], [[136, 328]], [[135, 328]], [[134, 327]], [[134, 326]], [[133, 326]], [[132, 326]], [[131, 325]], [[130, 325]], [[129, 325]], [[128, 325]]]","[[], [[[159, 332], [158, 333], [157, 333], [156, 334], [155, 334], [154, 334], [153, 334], [152, 335], [151, 336], [150, 337], [150, 338], [149, 339], [150, 340], [150, 341], [151, 342], [151, 343], [152, 344], [153, 345], [154, 345], [155, 346], [156, 346], [156, 345], [155, 345], [154, 344], [154, 343], [154, 342], [154, 341], [155, 340], [156, 340], [156, 339], [156, 338], [156, 337], [156, 336], [157, 335], [158, 334], [159, 334], [159, 333]]]]","[[], 104]"
128,128,"[[[817, 324]], [[816, 325]], [[815, 325]], [[814, 326]], [[813, 326]], [[812, 327]], [[811, 328]], [[810, 328]], [[809, 329]], [[808, 329]], [[807, 329]], [[806, 330]], [[805, 329]], [[804, 329]], [[803, 329]], [[802, 329]], [[801, 329]], [[800, 329]], [[799, 328]], [[799, 327]], [[798, 328]], [[798, 329]], [[799, 330]], [[800, 331]], [[801, 332]], [[800, 333]], [[799, 333]], [[799, 334]], [[800, 335]], [[801, 336]], [[802, 336]], [[803, 337]], [[803, 338]], [[804, 338]], [[805, 339]], [[805, 340]], [[806, 341]], [[806, 342]], [[807, 343]], [[808, 344]], [[808, 345]], [[808, 346]], [[808, 347]], [[809, 347]], [[810, 348]], [[810, 349]], [[810, 350]], [[810, 351]], [[809, 352]], [[809, 353]], [[809, 352]], [[810, 351]], [[810, 350]], [[811, 349]], [[812, 349]], [[813, 349]], [[814, 350]], [[815, 349]], [[816, 349]], [[817, 348]], [[818, 347]], [[819, 346]], [[819, 345]], [[820, 344]], [[821, 344]], [[822, 344]], [[823, 344]], [[824, 344]], [[825, 344]], [[826, 343]], [[826, 342]], [[826, 341]], [[826, 340]], [[826, 339]], [[826, 338]], [[827, 337]], [[827, 336]], [[827, 335]], [[827, 334]], [[827, 333]], [[827, 332]], [[826, 331]], [[826, 330]], [[825, 329]], [[825, 328]], [[824, 327]], [[824, 326]], [[823, 326]], [[822, 326]], [[821, 326]], [[820, 325]], [[819, 325]], [[818, 325]]]","[[], [[[820, 345], [820, 346], [819, 347], [818, 348], [817, 349], [816, 350], [815, 350], [814, 351], [813, 350], [813, 351], [812, 352], [812, 353], [811, 354], [810, 355], [810, 356], [809, 357], [809, 358], [809, 359], [810, 359], [811, 358], [811, 357], [811, 356], [812, 355], [813, 354], [814, 354], [815, 353], [816, 352], [816, 351], [817, 350], [818, 350], [819, 349], [820, 348], [821, 348], [822, 348], [823, 348], [823, 347], [823, 346], [823, 345], [822, 345], [821, 345]]], [[[827, 327], [826, 328], [826, 329], [827, 330], [828, 331], [828, 332], [829, 333], [829, 334], [829, 335], [830, 334], [831, 334], [832, 335], [833, 335], [834, 336], [835, 336], [836, 336], [837, 336], [838, 336], [839, 335], [838, 334], [837, 333], [836, 332], [835, 332], [834, 332], [833, 332], [832, 332], [831, 332], [830, 332], [829, 332], [828, 331], [828, 330], [827, 329], [828, 328]]]]","[[], 105, 106]"
129,129,"[[[555, 319]], [[554, 320]], [[554, 321]], [[553, 322]], [[553, 323]], [[552, 324]], [[552, 325]], [[552, 326]], [[552, 327]], [[553, 328]], [[552, 329]], [[551, 330]], [[551, 331]], [[552, 332]], [[552, 333]], [[553, 334]], [[553, 335]], [[554, 336]], [[555, 336]], [[556, 336]], [[557, 337]], [[558, 338]], [[559, 339]], [[560, 339]], [[561, 340]], [[561, 341]], [[560, 342]], [[559, 343]], [[558, 343]], [[557, 343]], [[556, 343]], [[556, 344]], [[556, 345]], [[556, 346]], [[556, 347]], [[555, 348]], [[554, 348]], [[553, 348]], [[552, 348]], [[551, 348]], [[551, 349]], [[551, 350]], [[552, 351]], [[552, 352]], [[553, 352]], [[554, 352]], [[555, 351]], [[555, 350]], [[556, 349]], [[557, 348]], [[558, 348]], [[559, 349]], [[559, 350]], [[559, 351]], [[560, 351]], [[561, 351]], [[562, 351]], [[563, 350]], [[564, 350]], [[564, 349]], [[563, 348]], [[564, 347]], [[565, 347]], [[566, 347]], [[567, 348]], [[567, 349]], [[567, 350]], [[567, 351]], [[568, 352]], [[569, 352]], [[569, 351]], [[569, 350]], [[570, 349]], [[570, 348]], [[571, 347]], [[571, 346]], [[570, 345]], [[569, 344]], [[568, 343]], [[567, 342]], [[566, 341]], [[565, 340]], [[566, 339]], [[567, 338]], [[568, 338]], [[569, 337]], [[570, 338]], [[571, 337]], [[572, 337]], [[573, 336]], [[574, 336]], [[575, 337]], [[575, 338]], [[575, 339]], [[576, 340]], [[577, 340]], [[578, 339]], [[579, 340]], [[580, 340]], [[581, 339]], [[582, 339]], [[583, 338]], [[584, 338]], [[585, 337]], [[586, 336]], [[586, 335]], [[587, 334]], [[588, 333]], [[589, 334]], [[590, 333]], [[590, 332]], [[590, 331]], [[589, 330]], [[589, 329]], [[588, 328]], [[588, 327]], [[587, 327]], [[586, 327]], [[585, 328]], [[584, 327]], [[583, 326]], [[582, 325]], [[581, 324]], [[580, 323]], [[580, 322]], [[580, 323]], [[580, 324]], [[580, 325]], [[579, 326]], [[579, 327]], [[579, 328]], [[579, 329]], [[578, 330]], [[578, 331]], [[577, 332]], [[576, 333]], [[575, 332]], [[574, 331]], [[574, 330]], [[574, 329]], [[573, 328]], [[572, 327]], [[571, 326]], [[570, 325]], [[570, 324]], [[569, 324]], [[568, 323]], [[567, 323]], [[566, 322]], [[565, 322]], [[564, 322]], [[563, 322]], [[562, 322]], [[561, 321]], [[560, 321]], [[559, 320]], [[558, 320]], [[557, 319]], [[556, 319]]]",[[]],[]
130,130,"[[[329, 298]], [[328, 299]], [[327, 299]], [[326, 300]], [[326, 301]], [[325, 302]], [[324, 303]], [[324, 304]], [[323, 305]], [[323, 306]], [[322, 307]], [[322, 308]], [[321, 309]], [[321, 310]], [[321, 311]], [[320, 312]], [[320, 313]], [[319, 314]], [[318, 315]], [[317, 316]], [[316, 317]], [[315, 317]], [[314, 317]], [[313, 317]], [[312, 317]], [[311, 317]], [[310, 316]], [[309, 316]], [[308, 316]], [[307, 317]], [[306, 318]], [[305, 318]], [[304, 318]], [[303, 318]], [[302, 317]], [[301, 316]], [[301, 315]], [[301, 314]], [[301, 313]], [[301, 312]], [[301, 311]], [[301, 310]], [[301, 309]], [[300, 308]], [[300, 307]], [[300, 306]], [[299, 305]], [[299, 304]], [[298, 303]], [[297, 302]], [[296, 303]], [[295, 303]], [[294, 303]], [[293, 303]], [[292, 303]], [[291, 303]], [[290, 304]], [[289, 304]], [[288, 304]], [[287, 304]], [[286, 304]], [[285, 305]], [[284, 305]], [[283, 306]], [[282, 307]], [[281, 307]], [[280, 308]], [[279, 308]], [[278, 308]], [[277, 309]], [[276, 309]], [[275, 309]], [[274, 309]], [[273, 310]], [[272, 310]], [[271, 310]], [[270, 310]], [[269, 310]], [[268, 311]], [[268, 312]], [[267, 313]], [[266, 314]], [[265, 315]], [[265, 316]], [[265, 317]], [[264, 318]], [[264, 319]], [[264, 320]], [[264, 321]], [[264, 322]], [[263, 323]], [[263, 324]], [[262, 325]], [[263, 326]], [[263, 327]], [[264, 328]], [[264, 329]], [[265, 330]], [[265, 331]], [[266, 332]], [[267, 333]], [[268, 334]], [[269, 335]], [[269, 336]], [[269, 337]], [[270, 338]], [[271, 338]], [[272, 339]], [[273, 340]], [[274, 341]], [[275, 342]], [[275, 343]], [[276, 344]], [[277, 344]], [[278, 344]], [[279, 344]], [[280, 345]], [[280, 346]], [[281, 347]], [[281, 348]], [[282, 348]], [[283, 349]], [[284, 350]], [[284, 351]], [[285, 352]], [[286, 352]], [[287, 352]], [[288, 351]], [[289, 351]], [[290, 351]], [[291, 350]], [[292, 350]], [[293, 350]], [[294, 349]], [[295, 349]], [[296, 348]], [[297, 348]], [[298, 347]], [[299, 347]], [[300, 346]], [[301, 346]], [[302, 345]], [[303, 344]], [[303, 343]], [[304, 342]], [[305, 342]], [[306, 342]], [[307, 342]], [[308, 342]], [[309, 342]], [[310, 343]], [[310, 344]], [[311, 345]], [[311, 346]], [[311, 347]], [[312, 348]], [[312, 349]], [[313, 350]], [[313, 351]], [[314, 352]], [[314, 353]], [[315, 354]], [[316, 355]], [[317, 356]], [[318, 357]], [[319, 358]], [[320, 358]], [[321, 358]], [[322, 359]], [[323, 358]], [[324, 357]], [[325, 357]], [[326, 357]], [[326, 356]], [[326, 355]], [[327, 354]], [[328, 353]], [[329, 354]], [[329, 353]], [[330, 352]], [[330, 351]], [[331, 350]], [[332, 349]], [[333, 348]], [[334, 347]], [[335, 347]], [[336, 346]], [[337, 345]], [[338, 344]], [[338, 343]], [[339, 342]], [[340, 341]], [[340, 340]], [[341, 339]], [[341, 338]], [[342, 337]], [[343, 336]], [[344, 335]], [[345, 334]], [[346, 333]], [[347, 332]], [[347, 331]], [[347, 330]], [[348, 329]], [[349, 328]], [[349, 327]], [[350, 326]], [[351, 325]], [[352, 325]], [[352, 324]], [[353, 323]], [[353, 322]], [[354, 321]], [[354, 320]], [[354, 319]], [[354, 318]], [[353, 317]], [[353, 316]], [[352, 315]], [[352, 314]], [[351, 314]], [[350, 313]], [[349, 313]], [[348, 312]], [[347, 312]], [[346, 312]], [[345, 311]], [[344, 310]], [[344, 309]], [[344, 308]], [[343, 307]], [[342, 306]], [[342, 305]], [[341, 304]], [[340, 303]], [[340, 302]], [[339, 302]], [[338, 301]], [[337, 300]], [[336, 299]], [[335, 299]], [[334, 299]], [[333, 298]], [[332, 298]], [[331, 298]], [[330, 298]]]","[[], [[[300, 293], [299, 294], [298, 294], [298, 295], [297, 296], [297, 297], [297, 298], [296, 299], [295, 300], [294, 301], [293, 301], [292, 301], [293, 302], [294, 302], [295, 301], [296, 301], [297, 300], [298, 300], [299, 300], [300, 299], [301, 299], [302, 299], [303, 299], [302, 298], [301, 297], [301, 296], [302, 295], [303, 295], [304, 295], [305, 296], [305, 297], [306, 297], [307, 297], [307, 296], [308, 295], [307, 294], [306, 294], [305, 294], [304, 293], [303, 293], [302, 293], [301, 293]]]]","[[], 107]"
131,131,"[[[198, 287]], [[197, 288]], [[197, 289]], [[197, 290]], [[196, 291]], [[195, 292]], [[194, 292]], [[194, 293]], [[194, 294]], [[195, 295]], [[195, 296]], [[195, 297]], [[195, 298]], [[195, 299]], [[195, 300]], [[196, 301]], [[197, 302]], [[197, 303]], [[198, 304]], [[198, 305]], [[199, 305]], [[200, 305]], [[201, 305]], [[202, 304]], [[203, 303]], [[203, 302]], [[203, 301]], [[204, 300]], [[204, 299]], [[204, 298]], [[204, 297]], [[203, 296]], [[203, 295]], [[203, 294]], [[203, 293]], [[203, 292]], [[202, 291]], [[202, 290]], [[201, 289]], [[201, 288]], [[200, 288]], [[199, 287]]]",[[]],[]
132,132,"[[[161, 278]], [[161, 279]], [[160, 280]], [[160, 281]], [[160, 282]], [[159, 283]], [[159, 284]], [[158, 285]], [[157, 286]], [[157, 287]], [[157, 288]], [[156, 289]], [[155, 290]], [[154, 290]], [[153, 290]], [[152, 289]], [[151, 288]], [[150, 288]], [[149, 288]], [[148, 287]], [[147, 287]], [[146, 287]], [[145, 287]], [[144, 287]], [[143, 287]], [[142, 288]], [[141, 289]], [[140, 290]], [[139, 290]], [[139, 291]], [[139, 292]], [[139, 293]], [[139, 294]], [[139, 295]], [[139, 296]], [[139, 297]], [[139, 298]], [[139, 299]], [[138, 300]], [[137, 300]], [[136, 300]], [[136, 301]], [[137, 302]], [[137, 303]], [[137, 304]], [[137, 305]], [[138, 306]], [[139, 307]], [[139, 308]], [[140, 309]], [[140, 310]], [[141, 311]], [[142, 311]], [[143, 312]], [[144, 313]], [[145, 314]], [[146, 315]], [[147, 315]], [[148, 316]], [[149, 316]], [[150, 317]], [[151, 317]], [[152, 318]], [[153, 318]], [[154, 319]], [[155, 320]], [[156, 321]], [[157, 322]], [[158, 322]], [[159, 323]], [[160, 323]], [[161, 323]], [[162, 324]], [[163, 325]], [[164, 325]], [[165, 325]], [[166, 325]], [[167, 324]], [[168, 323]], [[169, 322]], [[170, 321]], [[171, 321]], [[171, 320]], [[171, 319]], [[171, 318]], [[172, 317]], [[172, 316]], [[172, 315]], [[173, 314]], [[173, 313]], [[173, 312]], [[173, 311]], [[173, 310]], [[174, 309]], [[174, 308]], [[175, 307]], [[175, 306]], [[175, 305]], [[175, 304]], [[175, 303]], [[176, 302]], [[176, 301]], [[176, 300]], [[175, 299]], [[175, 298]], [[175, 297]], [[175, 296]], [[175, 295]], [[175, 294]], [[175, 293]], [[175, 292]], [[175, 291]], [[175, 290]], [[175, 289]], [[174, 288]], [[173, 287]], [[172, 287]], [[171, 287]], [[170, 287]], [[169, 286]], [[168, 285]], [[167, 284]], [[166, 283]], [[166, 282]], [[165, 281]], [[164, 280]], [[163, 279]], [[162, 278]]]",[[]],[]
133,133,"[[[293, 277]], [[292, 278]], [[291, 278]], [[290, 278]], [[289, 278]], [[288, 279]], [[287, 279]], [[286, 279]], [[285, 279]], [[284, 278]], [[283, 278]], [[282, 279]], [[282, 280]], [[281, 281]], [[280, 282]], [[279, 282]], [[279, 283]], [[278, 284]], [[277, 285]], [[277, 286]], [[276, 287]], [[276, 288]], [[275, 289]], [[274, 290]], [[273, 290]], [[272, 289]], [[272, 288]], [[272, 287]], [[272, 288]], [[272, 289]], [[272, 290]], [[272, 291]], [[272, 292]], [[272, 293]], [[272, 294]], [[271, 295]], [[272, 296]], [[273, 297]], [[274, 298]], [[275, 298]], [[276, 299]], [[276, 300]], [[275, 301]], [[276, 302]], [[277, 301]], [[278, 300]], [[279, 299]], [[280, 298]], [[281, 297]], [[281, 296]], [[282, 295]], [[283, 294]], [[283, 293]], [[284, 292]], [[284, 291]], [[284, 290]], [[284, 289]], [[284, 288]], [[285, 287]], [[286, 286]], [[287, 285]], [[288, 286]], [[289, 286]], [[290, 286]], [[291, 285]], [[291, 284]], [[292, 283]], [[292, 282]], [[293, 281]], [[293, 280]], [[294, 279]], [[294, 278]], [[294, 277]]]",[[]],[]
134,134,"[[[226, 277]], [[225, 278]], [[225, 279]], [[224, 280]], [[224, 281]], [[223, 282]], [[222, 283]], [[221, 284]], [[220, 285]], [[219, 286]], [[218, 287]], [[218, 288]], [[217, 289]], [[217, 290]], [[216, 291]], [[216, 292]], [[216, 293]], [[217, 294]], [[217, 295]], [[217, 296]], [[217, 297]], [[218, 298]], [[218, 299]], [[219, 300]], [[220, 301]], [[221, 301]], [[222, 302]], [[223, 303]], [[224, 303]], [[225, 304]], [[226, 304]], [[227, 304]], [[228, 304]], [[229, 304]], [[230, 304]], [[231, 304]], [[232, 304]], [[233, 304]], [[234, 303]], [[235, 303]], [[236, 302]], [[236, 301]], [[237, 300]], [[238, 299]], [[239, 298]], [[239, 297]], [[239, 296]], [[239, 295]], [[238, 294]], [[238, 293]], [[238, 292]], [[239, 291]], [[239, 290]], [[239, 289]], [[239, 288]], [[239, 287]], [[239, 286]], [[239, 285]], [[238, 284]], [[238, 283]], [[238, 282]], [[238, 281]], [[237, 281]], [[236, 280]], [[235, 280]], [[234, 279]], [[233, 279]], [[232, 279]], [[231, 278]], [[230, 278]], [[229, 277]], [[228, 277]], [[227, 277]]]",[[]],[]
135,135,"[[[54, 276]], [[53, 277]], [[52, 277]], [[51, 278]], [[50, 278]], [[49, 279]], [[48, 280]], [[48, 281]], [[48, 282]], [[48, 283]], [[47, 284]], [[46, 283]], [[46, 284]], [[46, 285]], [[47, 286]], [[47, 287]], [[48, 288]], [[48, 289]], [[48, 290]], [[48, 291]], [[48, 292]], [[48, 293]], [[48, 294]], [[48, 295]], [[48, 296]], [[48, 297]], [[49, 298]], [[49, 299]], [[49, 300]], [[49, 301]], [[49, 302]], [[50, 303]], [[51, 303]], [[52, 304]], [[53, 305]], [[54, 306]], [[55, 306]], [[56, 306]], [[57, 307]], [[58, 307]], [[59, 307]], [[60, 307]], [[61, 307]], [[62, 307]], [[63, 307]], [[64, 307]], [[65, 307]], [[66, 307]], [[67, 306]], [[68, 305]], [[69, 304]], [[69, 303]], [[70, 302]], [[70, 301]], [[71, 300]], [[72, 300]], [[73, 301]], [[74, 302]], [[75, 302]], [[76, 303]], [[77, 303]], [[78, 303]], [[79, 303]], [[80, 303]], [[81, 303]], [[82, 304]], [[83, 304]], [[84, 303]], [[85, 303]], [[86, 303]], [[87, 303]], [[88, 303]], [[89, 302]], [[90, 301]], [[91, 300]], [[91, 299]], [[91, 298]], [[91, 297]], [[92, 296]], [[92, 295]], [[92, 294]], [[93, 293]], [[93, 292]], [[93, 291]], [[94, 290]], [[94, 289]], [[94, 288]], [[94, 287]], [[94, 286]], [[94, 285]], [[94, 284]], [[94, 283]], [[94, 282]], [[93, 281]], [[92, 281]], [[91, 280]], [[90, 279]], [[89, 278]], [[88, 277]], [[87, 277]], [[86, 277]], [[85, 278]], [[84, 278]], [[83, 278]], [[83, 279]], [[82, 280]], [[81, 281]], [[80, 282]], [[79, 282]], [[78, 283]], [[77, 284]], [[76, 285]], [[75, 286]], [[74, 287]], [[73, 286]], [[72, 285]], [[71, 284]], [[70, 283]], [[69, 282]], [[68, 281]], [[67, 281]], [[66, 281]], [[65, 280]], [[64, 280]], [[63, 279]], [[62, 278]], [[61, 278]], [[60, 277]], [[59, 277]], [[58, 277]], [[57, 276]], [[56, 276]], [[55, 276]]]",[[]],[]
136,136,"[[[369, 252]], [[368, 253]], [[367, 254]], [[366, 254]], [[365, 254]], [[364, 254]], [[364, 255]], [[363, 256]], [[362, 257]], [[361, 257]], [[360, 257]], [[359, 258]], [[358, 259]], [[357, 260]], [[357, 261]], [[356, 262]], [[356, 263]], [[355, 264]], [[355, 265]], [[355, 266]], [[355, 267]], [[355, 268]], [[355, 269]], [[355, 270]], [[355, 271]], [[355, 272]], [[355, 273]], [[354, 274]], [[353, 275]], [[352, 275]], [[351, 275]], [[350, 275]], [[349, 275]], [[348, 275]], [[347, 274]], [[346, 273]], [[346, 272]], [[345, 272]], [[344, 272]], [[343, 272]], [[342, 272]], [[341, 273]], [[340, 273]], [[339, 274]], [[338, 275]], [[337, 276]], [[336, 277]], [[336, 278]], [[336, 279]], [[336, 280]], [[337, 281]], [[336, 282]], [[336, 283]], [[336, 284]], [[336, 285]], [[336, 286]], [[337, 287]], [[338, 287]], [[339, 288]], [[340, 289]], [[340, 290]], [[341, 291]], [[342, 291]], [[343, 292]], [[344, 292]], [[345, 292]], [[346, 292]], [[347, 292]], [[348, 292]], [[349, 291]], [[350, 291]], [[351, 292]], [[352, 292]], [[353, 293]], [[353, 294]], [[354, 295]], [[355, 295]], [[356, 294]], [[357, 295]], [[358, 296]], [[358, 297]], [[358, 298]], [[359, 299]], [[359, 300]], [[359, 301]], [[359, 302]], [[359, 303]], [[360, 304]], [[360, 305]], [[361, 306]], [[362, 307]], [[363, 308]], [[364, 309]], [[365, 310]], [[366, 311]], [[367, 311]], [[368, 312]], [[369, 312]], [[370, 312]], [[371, 312]], [[372, 313]], [[373, 313]], [[374, 313]], [[375, 313]], [[376, 313]], [[377, 314]], [[378, 313]], [[379, 313]], [[380, 313]], [[381, 313]], [[382, 313]], [[383, 313]], [[384, 313]], [[385, 313]], [[386, 314]], [[387, 314]], [[388, 314]], [[389, 314]], [[390, 314]], [[391, 314]], [[392, 314]], [[393, 314]], [[394, 314]], [[395, 315]], [[396, 314]], [[397, 314]], [[398, 314]], [[399, 313]], [[400, 312]], [[401, 311]], [[402, 311]], [[403, 310]], [[404, 309]], [[405, 309]], [[406, 308]], [[406, 307]], [[407, 306]], [[407, 305]], [[408, 304]], [[408, 303]], [[408, 302]], [[408, 301]], [[408, 300]], [[409, 299]], [[409, 298]], [[408, 297]], [[409, 296]], [[409, 295]], [[408, 294]], [[408, 293]], [[408, 292]], [[408, 291]], [[408, 290]], [[407, 289]], [[407, 288]], [[407, 287]], [[407, 286]], [[406, 285]], [[406, 284]], [[405, 283]], [[405, 282]], [[404, 281]], [[403, 280]], [[402, 279]], [[401, 279]], [[400, 278]], [[399, 278]], [[398, 277]], [[397, 276]], [[396, 275]], [[395, 274]], [[394, 273]], [[393, 273]], [[392, 272]], [[391, 271]], [[390, 271]], [[389, 270]], [[389, 269]], [[388, 268]], [[388, 267]], [[388, 266]], [[387, 265]], [[387, 264]], [[387, 263]], [[386, 262]], [[386, 261]], [[386, 260]], [[385, 259]], [[385, 258]], [[385, 257]], [[385, 256]], [[384, 255]], [[383, 255]], [[382, 255]], [[381, 255]], [[380, 255]], [[379, 256]], [[378, 257]], [[377, 257]], [[376, 257]], [[375, 256]], [[374, 255]], [[374, 254]], [[373, 254]], [[372, 253]], [[371, 253]], [[370, 253]]]","[[], [[[410, 303], [410, 304], [410, 305], [409, 306], [408, 307], [407, 308], [407, 309], [406, 310], [405, 311], [404, 312], [403, 313], [402, 314], [401, 315], [400, 315], [401, 315], [402, 315], [403, 314], [404, 314], [405, 313], [406, 314], [407, 314], [407, 313], [408, 312], [408, 311], [409, 310], [409, 309], [410, 308], [410, 307], [410, 306], [410, 305], [410, 304]]]]","[[], 108]"
137,137,"[[[592, 246]], [[591, 247]], [[590, 248]], [[589, 248]], [[588, 249]], [[588, 250]], [[587, 251]], [[586, 252]], [[585, 253]], [[584, 254]], [[583, 254]], [[582, 255]], [[581, 256]], [[580, 257]], [[579, 258]], [[578, 259]], [[577, 259]], [[576, 260]], [[575, 260]], [[574, 260]], [[573, 260]], [[572, 261]], [[571, 262]], [[570, 263]], [[569, 263]], [[568, 263]], [[567, 263]], [[566, 263]], [[565, 262]], [[564, 262]], [[563, 262]], [[562, 261]], [[561, 261]], [[560, 261]], [[559, 262]], [[559, 263]], [[558, 264]], [[558, 265]], [[557, 266]], [[557, 267]], [[557, 268]], [[557, 269]], [[556, 270]], [[556, 271]], [[556, 272]], [[556, 273]], [[555, 274]], [[555, 275]], [[554, 276]], [[553, 277]], [[553, 278]], [[553, 279]], [[553, 280]], [[553, 281]], [[554, 282]], [[554, 283]], [[555, 284]], [[556, 284]], [[557, 285]], [[557, 286]], [[558, 287]], [[559, 287]], [[560, 288]], [[560, 289]], [[561, 289]], [[562, 290]], [[562, 291]], [[563, 292]], [[563, 293]], [[563, 294]], [[564, 294]], [[565, 294]], [[566, 295]], [[566, 296]], [[566, 297]], [[566, 298]], [[566, 299]], [[567, 300]], [[567, 301]], [[566, 302]], [[566, 303]], [[566, 304]], [[566, 305]], [[567, 306]], [[567, 307]], [[567, 308]], [[568, 308]], [[569, 309]], [[570, 309]], [[571, 309]], [[572, 309]], [[573, 309]], [[574, 309]], [[575, 308]], [[576, 308]], [[577, 308]], [[578, 307]], [[579, 306]], [[580, 305]], [[581, 305]], [[582, 304]], [[583, 304]], [[584, 305]], [[585, 306]], [[586, 306]], [[587, 307]], [[588, 307]], [[589, 306]], [[590, 305]], [[591, 305]], [[592, 305]], [[592, 304]], [[592, 303]], [[593, 302]], [[594, 301]], [[594, 300]], [[595, 299]], [[595, 298]], [[596, 297]], [[597, 296]], [[598, 296]], [[599, 295]], [[599, 294]], [[600, 293]], [[601, 292]], [[601, 291]], [[601, 290]], [[602, 289]], [[602, 288]], [[603, 287]], [[604, 286]], [[605, 285]], [[605, 284]], [[605, 283]], [[605, 282]], [[605, 281]], [[605, 280]], [[604, 280]], [[603, 279]], [[602, 278]], [[602, 277]], [[601, 276]], [[601, 275]], [[600, 274]], [[600, 273]], [[599, 272]], [[599, 271]], [[598, 270]], [[597, 269]], [[598, 268]], [[598, 267]], [[598, 266]], [[598, 265]], [[598, 264]], [[598, 263]], [[598, 262]], [[599, 261]], [[600, 260]], [[600, 259]], [[600, 258]], [[600, 257]], [[599, 256]], [[599, 255]], [[599, 254]], [[599, 253]], [[599, 252]], [[599, 251]], [[598, 250]], [[598, 249]], [[598, 248]], [[598, 247]], [[597, 246]], [[596, 246]], [[595, 246]], [[594, 246]], [[593, 246]]]",[[]],[]
138,138,"[[[55, 241]], [[54, 242]], [[53, 242]], [[52, 242]], [[51, 243]], [[50, 244]], [[49, 244]], [[48, 245]], [[47, 246]], [[46, 246]], [[45, 247]], [[44, 247]], [[44, 248]], [[44, 249]], [[44, 250]], [[44, 251]], [[45, 252]], [[46, 253]], [[46, 254]], [[47, 255]], [[47, 256]], [[48, 257]], [[49, 257]], [[50, 258]], [[50, 259]], [[51, 260]], [[51, 261]], [[52, 262]], [[52, 263]], [[53, 264]], [[53, 265]], [[54, 266]], [[54, 267]], [[55, 268]], [[56, 268]], [[57, 269]], [[58, 269]], [[59, 269]], [[60, 270]], [[61, 270]], [[62, 270]], [[63, 270]], [[64, 270]], [[65, 270]], [[66, 270]], [[67, 271]], [[68, 271]], [[69, 271]], [[70, 271]], [[71, 271]], [[72, 272]], [[73, 272]], [[74, 272]], [[75, 272]], [[76, 272]], [[77, 272]], [[78, 271]], [[78, 270]], [[79, 269]], [[79, 268]], [[79, 267]], [[80, 266]], [[80, 265]], [[80, 264]], [[79, 263]], [[79, 262]], [[79, 261]], [[80, 260]], [[81, 260]], [[82, 260]], [[83, 260]], [[84, 259]], [[85, 259]], [[86, 258]], [[87, 258]], [[88, 258]], [[88, 257]], [[89, 256]], [[90, 256]], [[90, 255]], [[89, 254]], [[88, 253]], [[88, 252]], [[87, 251]], [[86, 251]], [[85, 251]], [[84, 251]], [[83, 251]], [[82, 250]], [[81, 251]], [[80, 252]], [[79, 253]], [[78, 253]], [[77, 252]], [[76, 251]], [[76, 250]], [[75, 249]], [[74, 248]], [[73, 247]], [[72, 246]], [[71, 246]], [[70, 245]], [[69, 244]], [[68, 244]], [[67, 243]], [[66, 243]], [[65, 242]], [[64, 242]], [[63, 242]], [[62, 242]], [[61, 241]], [[60, 241]], [[59, 241]], [[58, 241]], [[57, 241]], [[56, 241]]]",[[]],[]
139,139,"[[[559, 232]], [[558, 233]], [[557, 234]], [[556, 235]], [[555, 236]], [[554, 237]], [[553, 238]], [[552, 238]], [[551, 239]], [[550, 240]], [[550, 241]], [[549, 242]], [[549, 243]], [[548, 244]], [[548, 245]], [[547, 246]], [[546, 246]], [[545, 246]], [[544, 247]], [[544, 248]], [[543, 249]], [[542, 250]], [[542, 251]], [[541, 252]], [[541, 253]], [[540, 254]], [[539, 255]], [[538, 256]], [[538, 257]], [[538, 258]], [[538, 259]], [[537, 260]], [[537, 261]], [[537, 262]], [[538, 263]], [[539, 264]], [[539, 265]], [[540, 266]], [[541, 267]], [[541, 268]], [[542, 269]], [[543, 269]], [[544, 270]], [[545, 270]], [[546, 270]], [[547, 270]], [[548, 270]], [[549, 270]], [[549, 269]], [[550, 268]], [[551, 267]], [[552, 266]], [[552, 265]], [[553, 264]], [[554, 263]], [[555, 262]], [[555, 261]], [[556, 260]], [[557, 259]], [[557, 258]], [[557, 257]], [[558, 256]], [[558, 255]], [[559, 254]], [[560, 253]], [[560, 252]], [[561, 251]], [[562, 250]], [[563, 249]], [[564, 248]], [[565, 247]], [[566, 246]], [[567, 245]], [[568, 244]], [[569, 243]], [[570, 242]], [[569, 241]], [[569, 240]], [[568, 239]], [[568, 238]], [[567, 237]], [[566, 236]], [[565, 235]], [[565, 234]], [[564, 234]], [[563, 233]], [[562, 232]], [[561, 232]], [[560, 232]]]",[[]],[]
140,140,"[[[208, 227]], [[207, 228]], [[206, 228]], [[205, 229]], [[204, 229]], [[203, 229]], [[202, 229]], [[201, 229]], [[200, 229]], [[199, 228]], [[198, 229]], [[197, 230]], [[196, 230]], [[195, 230]], [[194, 231]], [[193, 231]], [[192, 231]], [[191, 232]], [[190, 232]], [[189, 232]], [[188, 232]], [[187, 233]], [[186, 234]], [[185, 235]], [[184, 236]], [[184, 237]], [[184, 238]], [[184, 239]], [[185, 240]], [[184, 241]], [[185, 242]], [[186, 243]], [[186, 244]], [[187, 245]], [[188, 246]], [[189, 246]], [[190, 247]], [[191, 247]], [[192, 247]], [[193, 247]], [[194, 247]], [[195, 248]], [[196, 248]], [[197, 248]], [[198, 249]], [[199, 249]], [[200, 249]], [[201, 249]], [[202, 249]], [[203, 250]], [[204, 250]], [[205, 251]], [[206, 251]], [[207, 251]], [[208, 252]], [[209, 252]], [[210, 253]], [[211, 253]], [[212, 252]], [[213, 252]], [[214, 251]], [[215, 250]], [[215, 249]], [[216, 248]], [[216, 247]], [[216, 246]], [[216, 245]], [[217, 244]], [[217, 243]], [[217, 242]], [[217, 241]], [[217, 240]], [[218, 239]], [[218, 238]], [[218, 237]], [[217, 236]], [[216, 235]], [[216, 234]], [[216, 233]], [[216, 232]], [[215, 231]], [[214, 230]], [[214, 229]], [[213, 228]], [[212, 228]], [[211, 228]], [[210, 228]], [[209, 228]]]",[[]],[]
141,141,"[[[128, 223]], [[127, 224]], [[126, 224]], [[125, 224]], [[124, 224]], [[123, 225]], [[122, 226]], [[122, 227]], [[121, 228]], [[120, 228]], [[119, 228]], [[118, 228]], [[117, 229]], [[116, 230]], [[115, 231]], [[115, 232]], [[114, 233]], [[114, 234]], [[113, 235]], [[113, 236]], [[113, 237]], [[113, 238]], [[113, 239]], [[113, 240]], [[113, 241]], [[113, 242]], [[114, 242]], [[115, 243]], [[116, 244]], [[116, 245]], [[116, 246]], [[115, 247]], [[115, 248]], [[116, 249]], [[116, 250]], [[116, 251]], [[117, 252]], [[118, 252]], [[119, 252]], [[120, 252]], [[121, 251]], [[122, 251]], [[123, 250]], [[124, 250]], [[125, 249]], [[126, 248]], [[126, 247]], [[127, 246]], [[127, 245]], [[128, 244]], [[129, 243]], [[129, 242]], [[130, 241]], [[131, 240]], [[132, 240]], [[133, 239]], [[133, 238]], [[133, 237]], [[133, 236]], [[134, 235]], [[134, 234]], [[134, 233]], [[134, 232]], [[134, 231]], [[134, 230]], [[134, 229]], [[134, 228]], [[134, 227]], [[134, 226]], [[134, 225]], [[133, 225]], [[132, 224]], [[131, 223]], [[130, 223]], [[129, 223]]]",[[]],[]
142,142,"[[[659, 222]], [[658, 223]], [[657, 223]], [[656, 223]], [[655, 223]], [[654, 223]], [[653, 224]], [[652, 225]], [[651, 225]], [[650, 226]], [[649, 226]], [[648, 227]], [[647, 228]], [[646, 228]], [[645, 229]], [[644, 230]], [[643, 230]], [[643, 231]], [[642, 232]], [[641, 233]], [[640, 234]], [[639, 235]], [[639, 236]], [[638, 237]], [[638, 238]], [[637, 239]], [[637, 240]], [[636, 241]], [[636, 242]], [[635, 243]], [[635, 244]], [[635, 245]], [[635, 246]], [[635, 247]], [[635, 248]], [[635, 249]], [[635, 250]], [[636, 251]], [[636, 252]], [[636, 253]], [[636, 254]], [[636, 255]], [[636, 256]], [[636, 257]], [[636, 258]], [[636, 259]], [[635, 260]], [[634, 259]], [[633, 259]], [[632, 259]], [[631, 259]], [[630, 260]], [[630, 261]], [[629, 262]], [[628, 263]], [[627, 263]], [[626, 264]], [[625, 264]], [[624, 265]], [[623, 266]], [[622, 267]], [[621, 267]], [[620, 268]], [[620, 269]], [[619, 270]], [[618, 271]], [[618, 272]], [[618, 273]], [[618, 274]], [[618, 275]], [[619, 276]], [[619, 277]], [[619, 278]], [[619, 279]], [[620, 280]], [[620, 281]], [[621, 282]], [[621, 283]], [[622, 284]], [[623, 284]], [[624, 285]], [[625, 285]], [[626, 286]], [[627, 286]], [[628, 286]], [[629, 286]], [[630, 286]], [[631, 286]], [[632, 286]], [[633, 287]], [[634, 288]], [[634, 289]], [[635, 290]], [[636, 291]], [[637, 292]], [[638, 293]], [[639, 294]], [[640, 295]], [[641, 296]], [[642, 297]], [[642, 298]], [[643, 299]], [[644, 300]], [[645, 301]], [[646, 302]], [[647, 303]], [[648, 304]], [[649, 305]], [[649, 306]], [[649, 307]], [[649, 308]], [[649, 309]], [[650, 308]], [[651, 308]], [[652, 308]], [[653, 308]], [[654, 308]], [[655, 308]], [[656, 309]], [[657, 309]], [[658, 309]], [[659, 309]], [[660, 308]], [[660, 307]], [[661, 306]], [[662, 306]], [[663, 305]], [[663, 304]], [[664, 303]], [[664, 302]], [[664, 301]], [[665, 300]], [[665, 299]], [[665, 298]], [[665, 297]], [[665, 296]], [[665, 295]], [[664, 294]], [[664, 293]], [[665, 292]], [[666, 292]], [[667, 293]], [[668, 293]], [[669, 293]], [[670, 293]], [[671, 294]], [[672, 294]], [[673, 295]], [[674, 296]], [[675, 296]], [[676, 295]], [[676, 294]], [[677, 293]], [[678, 293]], [[679, 294]], [[679, 295]], [[679, 296]], [[679, 297]], [[680, 298]], [[680, 299]], [[681, 299]], [[682, 300]], [[682, 301]], [[682, 302]], [[682, 303]], [[683, 304]], [[683, 305]], [[683, 306]], [[684, 307]], [[684, 308]], [[685, 309]], [[685, 310]], [[686, 311]], [[686, 312]], [[686, 313]], [[687, 314]], [[687, 315]], [[687, 316]], [[686, 317]], [[685, 318]], [[684, 317]], [[683, 317]], [[682, 317]], [[681, 317]], [[680, 317]], [[679, 317]], [[678, 317]], [[677, 317]], [[676, 317]], [[675, 317]], [[674, 317]], [[673, 316]], [[672, 316]], [[671, 316]], [[670, 316]], [[669, 316]], [[668, 316]], [[667, 316]], [[666, 316]], [[665, 317]], [[665, 318]], [[665, 319]], [[664, 320]], [[664, 321]], [[663, 322]], [[662, 322]], [[662, 323]], [[662, 324]], [[661, 325]], [[662, 326]], [[662, 327]], [[663, 328]], [[663, 329]], [[663, 330]], [[663, 331]], [[664, 332]], [[665, 332]], [[666, 333]], [[667, 334]], [[668, 335]], [[668, 336]], [[669, 337]], [[670, 338]], [[671, 339]], [[672, 340]], [[673, 340]], [[674, 341]], [[674, 342]], [[675, 342]], [[676, 343]], [[677, 344]], [[678, 345]], [[678, 346]], [[679, 345]], [[680, 345]], [[681, 346]], [[682, 346]], [[683, 346]], [[683, 345]], [[684, 344]], [[684, 343]], [[685, 342]], [[685, 341]], [[685, 340]], [[685, 339]], [[686, 338]], [[686, 337]], [[686, 336]], [[687, 335]], [[686, 334]], [[686, 333]], [[686, 332]], [[686, 331]], [[687, 330]], [[687, 329]], [[687, 328]], [[687, 327]], [[687, 326]], [[687, 325]], [[687, 324]], [[687, 323]], [[688, 322]], [[688, 321]], [[689, 320]], [[690, 320]], [[691, 321]], [[692, 321]], [[693, 322]], [[694, 323]], [[695, 323]], [[696, 324]], [[697, 324]], [[698, 324]], [[699, 324]], [[700, 324]], [[701, 323]], [[702, 323]], [[703, 324]], [[704, 324]], [[705, 324]], [[706, 324]], [[707, 325]], [[708, 326]], [[709, 326]], [[710, 326]], [[711, 327]], [[712, 327]], [[713, 327]], [[714, 327]], [[715, 327]], [[716, 327]], [[717, 327]], [[718, 328]], [[719, 327]], [[720, 327]], [[721, 326]], [[722, 326]], [[723, 325]], [[724, 324]], [[725, 323]], [[726, 322]], [[727, 321]], [[728, 321]], [[728, 320]], [[728, 319]], [[729, 318]], [[729, 317]], [[730, 316]], [[730, 315]], [[730, 314]], [[730, 313]], [[730, 312]], [[730, 311]], [[730, 310]], [[730, 309]], [[730, 308]], [[730, 307]], [[730, 306]], [[730, 305]], [[730, 304]], [[729, 303]], [[728, 302]], [[728, 301]], [[728, 300]], [[727, 299]], [[726, 298]], [[725, 297]], [[725, 296]], [[724, 295]], [[723, 294]], [[722, 293]], [[721, 292]], [[720, 292]], [[719, 292]], [[718, 291]], [[717, 290]], [[716, 290]], [[715, 290]], [[714, 290]], [[713, 289]], [[712, 288]], [[711, 288]], [[710, 287]], [[709, 286]], [[709, 285]], [[708, 284]], [[707, 283]], [[706, 283]], [[705, 283]], [[704, 282]], [[703, 282]], [[702, 281]], [[701, 281]], [[700, 281]], [[699, 281]], [[698, 280]], [[697, 280]], [[696, 280]], [[695, 280]], [[694, 280]], [[693, 280]], [[692, 280]], [[691, 280]], [[690, 280]], [[689, 279]], [[688, 280]], [[687, 280]], [[686, 281]], [[686, 282]], [[686, 283]], [[686, 284]], [[685, 285]], [[684, 286]], [[683, 286]], [[682, 286]], [[681, 285]], [[681, 284]], [[681, 283]], [[681, 282]], [[681, 281]], [[681, 280]], [[681, 279]], [[681, 278]], [[681, 277]], [[681, 276]], [[681, 275]], [[681, 274]], [[681, 273]], [[681, 272]], [[681, 271]], [[681, 270]], [[681, 269]], [[680, 268]], [[680, 267]], [[679, 266]], [[679, 265]], [[679, 264]], [[679, 263]], [[679, 262]], [[679, 261]], [[679, 260]], [[680, 259]], [[681, 258]], [[681, 257]], [[682, 256]], [[683, 255]], [[683, 254]], [[684, 253]], [[684, 252]], [[684, 251]], [[684, 250]], [[684, 249]], [[684, 248]], [[684, 247]], [[684, 246]], [[684, 245]], [[684, 244]], [[684, 243]], [[684, 242]], [[683, 241]], [[683, 240]], [[683, 239]], [[683, 238]], [[684, 237]], [[684, 236]], [[684, 235]], [[683, 234]], [[683, 233]], [[683, 232]], [[683, 231]], [[682, 230]], [[682, 229]], [[681, 228]], [[680, 227]], [[679, 226]], [[678, 225]], [[677, 224]], [[676, 223]], [[675, 222]], [[674, 222]], [[673, 222]], [[672, 222]], [[671, 222]], [[670, 222]], [[669, 222]], [[668, 222]], [[667, 222]], [[666, 222]], [[665, 222]], [[664, 222]], [[663, 223]], [[662, 222]], [[661, 222]], [[660, 222]]]","[[], [[[645, 304], [645, 305], [646, 306], [646, 307], [646, 308], [645, 309], [644, 309], [643, 310], [644, 311], [644, 312], [644, 313], [643, 314], [644, 315], [645, 316], [645, 317], [645, 318], [646, 318], [646, 317], [645, 316], [645, 315], [645, 314], [645, 313], [646, 312], [646, 311], [646, 310], [647, 309], [648, 308], [648, 307], [648, 306], [647, 305], [646, 304]]], [[[657, 319], [656, 320], [655, 320], [655, 321], [656, 322], [657, 323], [658, 324], [658, 325], [658, 326], [659, 327], [659, 328], [659, 329], [658, 330], [658, 331], [659, 331], [660, 331], [661, 330], [661, 329], [661, 328], [660, 327], [660, 326], [660, 325], [660, 324], [659, 323], [659, 322], [658, 321], [658, 320]]]]","[[], 109, 110]"
143,143,"[[[291, 212]], [[290, 213]], [[289, 214]], [[288, 214]], [[287, 215]], [[286, 216]], [[285, 216]], [[284, 217]], [[283, 218]], [[282, 218]], [[282, 219]], [[281, 220]], [[280, 221]], [[279, 221]], [[278, 222]], [[277, 222]], [[276, 222]], [[275, 223]], [[274, 223]], [[273, 224]], [[272, 225]], [[271, 226]], [[270, 226]], [[269, 227]], [[268, 228]], [[268, 229]], [[267, 230]], [[267, 231]], [[267, 232]], [[267, 233]], [[267, 234]], [[267, 235]], [[268, 236]], [[268, 237]], [[268, 238]], [[269, 239]], [[269, 240]], [[269, 241]], [[270, 242]], [[271, 243]], [[271, 244]], [[272, 245]], [[273, 246]], [[273, 247]], [[274, 248]], [[275, 249]], [[276, 249]], [[277, 250]], [[278, 250]], [[279, 250]], [[280, 251]], [[281, 251]], [[282, 251]], [[283, 251]], [[284, 250]], [[285, 250]], [[286, 250]], [[287, 250]], [[288, 249]], [[289, 248]], [[290, 248]], [[291, 248]], [[292, 247]], [[293, 247]], [[294, 246]], [[295, 246]], [[296, 245]], [[297, 245]], [[298, 244]], [[299, 243]], [[300, 242]], [[301, 242]], [[302, 241]], [[303, 241]], [[304, 240]], [[305, 239]], [[306, 238]], [[307, 237]], [[307, 236]], [[308, 235]], [[308, 234]], [[308, 233]], [[309, 232]], [[309, 231]], [[309, 230]], [[310, 229]], [[310, 228]], [[310, 227]], [[310, 226]], [[310, 225]], [[310, 224]], [[310, 223]], [[309, 222]], [[309, 221]], [[309, 220]], [[308, 219]], [[308, 218]], [[308, 217]], [[308, 216]], [[307, 215]], [[306, 214]], [[305, 213]], [[304, 213]], [[303, 213]], [[302, 212]], [[301, 212]], [[300, 212]], [[299, 212]], [[298, 212]], [[297, 212]], [[296, 212]], [[295, 212]], [[294, 212]], [[293, 212]], [[292, 212]]]","[[[[290, 208], [289, 209], [288, 210], [287, 211], [286, 211], [286, 212], [285, 213], [284, 213], [284, 214], [283, 215], [282, 215], [281, 215], [280, 216], [279, 216], [278, 215], [278, 214], [278, 213], [278, 214], [278, 215], [278, 216], [277, 217], [276, 217], [276, 218], [275, 219], [275, 220], [274, 221], [273, 220], [273, 219], [273, 218], [272, 219], [272, 220], [272, 221], [272, 222], [271, 223], [270, 224], [269, 224], [268, 225], [268, 226], [268, 227], [268, 226], [269, 225], [270, 225], [271, 225], [271, 224], [271, 223], [272, 222], [273, 222], [274, 221], [275, 222], [276, 221], [277, 221], [278, 221], [279, 220], [280, 219], [280, 218], [280, 217], [281, 216], [282, 216], [283, 216], [284, 216], [285, 215], [285, 214], [285, 213], [286, 212], [287, 211], [288, 210], [289, 210], [290, 209]]], []]","[111, []]"
144,144,"[[[547, 199]], [[546, 200]], [[546, 201]], [[546, 202]], [[546, 203]], [[546, 204]], [[546, 205]], [[547, 206]], [[547, 207]], [[547, 208]], [[548, 209]], [[549, 210]], [[549, 211]], [[550, 211]], [[551, 212]], [[552, 213]], [[553, 213]], [[554, 213]], [[555, 213]], [[556, 213]], [[557, 214]], [[558, 213]], [[559, 213]], [[560, 212]], [[561, 212]], [[562, 211]], [[562, 210]], [[562, 209]], [[562, 208]], [[561, 207]], [[561, 206]], [[561, 205]], [[561, 204]], [[561, 203]], [[560, 203]], [[559, 202]], [[558, 201]], [[557, 201]], [[556, 201]], [[555, 201]], [[554, 202]], [[553, 201]], [[552, 200]], [[551, 200]], [[550, 200]], [[549, 199]], [[548, 199]]]",[],[]
145,145,"[[[346, 195]], [[346, 196]], [[346, 197]], [[346, 198]], [[346, 199]], [[345, 200]], [[345, 201]], [[345, 202]], [[345, 203]], [[345, 204]], [[345, 205]], [[346, 206]], [[346, 207]], [[346, 208]], [[347, 209]], [[348, 210]], [[349, 211]], [[350, 211]], [[351, 211]], [[352, 211]], [[353, 212]], [[354, 213]], [[354, 214]], [[355, 214]], [[356, 214]], [[357, 214]], [[358, 213]], [[359, 212]], [[360, 212]], [[360, 211]], [[361, 210]], [[362, 210]], [[362, 209]], [[362, 208]], [[363, 207]], [[363, 206]], [[364, 205]], [[365, 204]], [[365, 203]], [[365, 202]], [[365, 201]], [[364, 200]], [[364, 199]], [[363, 199]], [[362, 199]], [[361, 198]], [[360, 198]], [[359, 197]], [[358, 197]], [[357, 197]], [[356, 196]], [[355, 195]], [[354, 195]], [[353, 195]], [[352, 195]], [[351, 195]], [[350, 195]], [[350, 196]], [[349, 197]], [[348, 198]], [[347, 197]], [[347, 196]], [[347, 195]]]",[[]],[]
146,146,"[[[238, 186]], [[237, 187]], [[236, 188]], [[235, 188]], [[235, 189]], [[234, 190]], [[233, 191]], [[233, 192]], [[232, 193]], [[231, 194]], [[230, 195]], [[230, 196]], [[230, 197]], [[230, 198]], [[229, 199]], [[229, 200]], [[229, 201]], [[228, 202]], [[228, 203]], [[228, 204]], [[228, 205]], [[228, 206]], [[228, 207]], [[228, 208]], [[228, 209]], [[228, 210]], [[228, 211]], [[228, 212]], [[228, 213]], [[229, 214]], [[229, 215]], [[229, 216]], [[230, 217]], [[230, 218]], [[231, 219]], [[232, 220]], [[233, 221]], [[234, 222]], [[235, 223]], [[236, 224]], [[237, 224]], [[238, 224]], [[239, 224]], [[240, 225]], [[241, 225]], [[242, 225]], [[243, 225]], [[244, 225]], [[245, 225]], [[246, 225]], [[247, 225]], [[248, 225]], [[249, 225]], [[250, 225]], [[251, 225]], [[252, 225]], [[253, 225]], [[254, 224]], [[255, 223]], [[256, 223]], [[256, 222]], [[257, 221]], [[258, 220]], [[258, 219]], [[259, 218]], [[259, 217]], [[260, 216]], [[260, 215]], [[261, 214]], [[261, 213]], [[261, 212]], [[261, 211]], [[261, 210]], [[261, 209]], [[262, 208]], [[262, 207]], [[262, 206]], [[261, 205]], [[261, 204]], [[260, 203]], [[260, 202]], [[260, 201]], [[260, 200]], [[260, 199]], [[259, 198]], [[258, 197]], [[258, 196]], [[258, 195]], [[257, 194]], [[256, 193]], [[256, 192]], [[255, 191]], [[254, 190]], [[253, 189]], [[252, 188]], [[251, 188]], [[250, 188]], [[249, 187]], [[248, 187]], [[247, 186]], [[246, 186]], [[245, 186]], [[244, 186]], [[243, 186]], [[242, 186]], [[241, 186]], [[240, 186]], [[239, 186]]]","[[[[230, 183], [229, 184], [229, 185], [229, 186], [228, 187], [228, 188], [228, 189], [228, 190], [227, 191], [226, 191], [226, 192], [225, 193], [225, 194], [224, 195], [224, 196], [223, 197], [223, 198], [224, 199], [225, 200], [225, 201], [226, 201], [227, 201], [227, 200], [227, 199], [226, 199], [225, 198], [225, 197], [225, 196], [225, 195], [226, 194], [227, 195], [228, 195], [229, 195], [230, 194], [231, 193], [231, 192], [232, 191], [232, 190], [231, 189], [230, 188], [230, 187], [231, 186], [231, 185], [231, 184]]], []]","[112, []]"
147,147,"[[[162, 171]], [[161, 172]], [[160, 172]], [[160, 173]], [[159, 174]], [[158, 174]], [[157, 174]], [[156, 174]], [[155, 174]], [[154, 174]], [[153, 175]], [[152, 175]], [[151, 175]], [[150, 175]], [[149, 176]], [[148, 176]], [[147, 176]], [[146, 177]], [[145, 178]], [[145, 179]], [[144, 180]], [[143, 180]], [[143, 181]], [[142, 182]], [[141, 183]], [[140, 184]], [[139, 185]], [[138, 186]], [[138, 187]], [[137, 188]], [[136, 189]], [[135, 190]], [[134, 191]], [[133, 191]], [[133, 192]], [[132, 193]], [[132, 194]], [[132, 195]], [[131, 196]], [[131, 197]], [[131, 198]], [[131, 199]], [[131, 200]], [[131, 201]], [[131, 202]], [[131, 203]], [[131, 204]], [[131, 205]], [[131, 206]], [[132, 207]], [[132, 208]], [[133, 209]], [[133, 210]], [[134, 211]], [[134, 212]], [[134, 213]], [[134, 214]], [[134, 215]], [[134, 216]], [[134, 217]], [[134, 218]], [[134, 219]], [[135, 220]], [[135, 221]], [[136, 222]], [[137, 223]], [[138, 224]], [[139, 224]], [[140, 225]], [[141, 225]], [[142, 225]], [[143, 225]], [[144, 225]], [[145, 224]], [[146, 223]], [[147, 223]], [[148, 222]], [[149, 221]], [[150, 220]], [[151, 219]], [[152, 219]], [[153, 219]], [[154, 219]], [[155, 219]], [[156, 219]], [[157, 219]], [[158, 218]], [[159, 218]], [[160, 217]], [[160, 216]], [[161, 215]], [[161, 214]], [[162, 213]], [[163, 213]], [[164, 212]], [[165, 211]], [[166, 211]], [[166, 210]], [[166, 209]], [[167, 208]], [[168, 207]], [[169, 207]], [[170, 207]], [[171, 206]], [[172, 206]], [[173, 205]], [[174, 205]], [[175, 204]], [[176, 204]], [[177, 203]], [[178, 202]], [[178, 201]], [[178, 200]], [[178, 199]], [[178, 198]], [[178, 197]], [[178, 196]], [[177, 195]], [[177, 194]], [[177, 193]], [[177, 192]], [[177, 191]], [[177, 190]], [[178, 189]], [[178, 188]], [[178, 187]], [[177, 186]], [[177, 185]], [[177, 184]], [[176, 183]], [[176, 182]], [[176, 181]], [[176, 180]], [[175, 179]], [[174, 178]], [[174, 177]], [[173, 176]], [[172, 175]], [[171, 175]], [[170, 174]], [[169, 173]], [[168, 173]], [[167, 172]], [[166, 172]], [[165, 171]], [[164, 171]], [[163, 171]]]",[[]],[]
148,148,"[[[605, 168]], [[604, 169]], [[603, 169]], [[602, 169]], [[601, 169]], [[601, 170]], [[601, 171]], [[600, 172]], [[600, 173]], [[600, 174]], [[600, 175]], [[600, 176]], [[599, 177]], [[599, 178]], [[599, 179]], [[599, 180]], [[599, 181]], [[600, 182]], [[600, 183]], [[600, 184]], [[600, 185]], [[600, 186]], [[600, 187]], [[600, 188]], [[600, 189]], [[599, 190]], [[599, 191]], [[598, 192]], [[597, 193]], [[597, 194]], [[597, 195]], [[597, 196]], [[597, 197]], [[596, 198]], [[595, 199]], [[594, 200]], [[593, 200]], [[592, 200]], [[591, 200]], [[590, 201]], [[589, 201]], [[588, 202]], [[587, 202]], [[586, 202]], [[585, 202]], [[584, 203]], [[583, 204]], [[583, 205]], [[582, 206]], [[582, 207]], [[581, 208]], [[581, 209]], [[581, 210]], [[581, 211]], [[581, 212]], [[581, 213]], [[581, 214]], [[581, 215]], [[581, 216]], [[581, 217]], [[582, 218]], [[582, 219]], [[582, 220]], [[582, 221]], [[583, 222]], [[583, 223]], [[583, 224]], [[584, 225]], [[584, 226]], [[585, 227]], [[586, 228]], [[586, 229]], [[587, 230]], [[588, 231]], [[589, 232]], [[590, 233]], [[591, 234]], [[592, 234]], [[593, 235]], [[594, 236]], [[595, 237]], [[596, 238]], [[597, 239]], [[598, 239]], [[599, 240]], [[600, 241]], [[601, 241]], [[602, 242]], [[603, 242]], [[604, 242]], [[605, 243]], [[606, 242]], [[607, 242]], [[608, 242]], [[609, 243]], [[610, 243]], [[611, 243]], [[612, 244]], [[613, 244]], [[614, 244]], [[615, 244]], [[616, 244]], [[617, 243]], [[618, 243]], [[619, 243]], [[620, 242]], [[621, 242]], [[622, 241]], [[623, 241]], [[624, 240]], [[625, 239]], [[626, 238]], [[627, 237]], [[628, 236]], [[629, 235]], [[630, 234]], [[631, 233]], [[632, 232]], [[632, 231]], [[631, 230]], [[631, 229]], [[630, 229]], [[629, 228]], [[628, 228]], [[627, 227]], [[626, 226]], [[625, 227]], [[624, 227]], [[623, 226]], [[623, 225]], [[622, 224]], [[621, 224]], [[620, 223]], [[620, 222]], [[619, 221]], [[618, 222]], [[617, 222]], [[616, 221]], [[615, 221]], [[614, 221]], [[613, 221]], [[612, 220]], [[612, 219]], [[612, 218]], [[612, 217]], [[611, 216]], [[610, 215]], [[609, 214]], [[609, 213]], [[608, 212]], [[607, 211]], [[606, 210]], [[605, 209]], [[604, 208]], [[604, 207]], [[604, 206]], [[604, 205]], [[604, 204]], [[604, 203]], [[604, 202]], [[604, 201]], [[604, 200]], [[603, 199]], [[602, 198]], [[602, 197]], [[602, 196]], [[603, 195]], [[604, 195]], [[605, 196]], [[605, 197]], [[606, 198]], [[607, 199]], [[608, 200]], [[609, 201]], [[610, 202]], [[611, 202]], [[612, 203]], [[613, 204]], [[614, 205]], [[615, 206]], [[616, 206]], [[617, 207]], [[618, 207]], [[619, 207]], [[620, 207]], [[621, 207]], [[622, 207]], [[623, 206]], [[624, 205]], [[625, 204]], [[626, 204]], [[627, 203]], [[628, 202]], [[629, 202]], [[630, 202]], [[631, 202]], [[632, 202]], [[633, 202]], [[634, 201]], [[635, 201]], [[636, 201]], [[637, 200]], [[638, 199]], [[638, 198]], [[639, 197]], [[640, 196]], [[641, 195]], [[641, 194]], [[642, 193]], [[642, 192]], [[641, 191]], [[641, 190]], [[640, 189]], [[639, 188]], [[638, 188]], [[637, 187]], [[636, 186]], [[635, 186]], [[634, 186]], [[633, 185]], [[632, 184]], [[632, 183]], [[631, 182]], [[630, 182]], [[629, 181]], [[628, 180]], [[627, 180]], [[626, 179]], [[625, 178]], [[624, 177]], [[623, 176]], [[622, 176]], [[621, 176]], [[620, 176]], [[619, 175]], [[618, 175]], [[617, 175]], [[616, 175]], [[615, 174]], [[614, 173]], [[613, 173]], [[612, 172]], [[611, 172]], [[610, 172]], [[609, 171]], [[608, 171]], [[607, 170]], [[606, 169]]]",[[]],[]
149,149,"[[[553, 157]], [[552, 158]], [[551, 158]], [[550, 158]], [[549, 158]], [[548, 158]], [[547, 159]], [[546, 159]], [[545, 159]], [[544, 159]], [[543, 160]], [[543, 161]], [[543, 162]], [[543, 163]], [[544, 164]], [[544, 165]], [[544, 166]], [[544, 167]], [[544, 168]], [[545, 169]], [[545, 170]], [[545, 171]], [[546, 172]], [[546, 173]], [[547, 173]], [[548, 174]], [[549, 175]], [[550, 175]], [[551, 176]], [[551, 177]], [[552, 177]], [[553, 178]], [[554, 178]], [[555, 179]], [[556, 180]], [[557, 180]], [[558, 181]], [[559, 182]], [[560, 182]], [[561, 182]], [[562, 181]], [[562, 180]], [[563, 179]], [[564, 178]], [[564, 177]], [[564, 176]], [[565, 175]], [[565, 174]], [[566, 173]], [[566, 172]], [[567, 171]], [[567, 170]], [[567, 169]], [[567, 168]], [[567, 167]], [[566, 166]], [[566, 165]], [[566, 164]], [[565, 164]], [[564, 163]], [[564, 162]], [[563, 162]], [[562, 161]], [[561, 160]], [[560, 159]], [[559, 158]], [[558, 158]], [[557, 158]], [[556, 158]], [[555, 158]], [[554, 157]]]","[[[[560, 152], [559, 153], [558, 154], [557, 154], [556, 154], [555, 155], [554, 155], [553, 155], [552, 156], [551, 156], [550, 156], [549, 156], [548, 156], [548, 157], [549, 157], [550, 157], [551, 157], [552, 157], [553, 156], [554, 156], [555, 157], [556, 157], [557, 157], [558, 157], [558, 156], [559, 155], [559, 154], [560, 153]]], []]","[113, []]"
150,150,"[[[213, 156]], [[213, 157]], [[212, 158]], [[212, 159]], [[211, 160]], [[210, 161]], [[210, 162]], [[209, 163]], [[209, 164]], [[208, 165]], [[207, 166]], [[207, 167]], [[206, 168]], [[206, 169]], [[205, 170]], [[205, 171]], [[204, 172]], [[204, 173]], [[203, 174]], [[203, 175]], [[202, 176]], [[201, 175]], [[200, 176]], [[200, 177]], [[199, 178]], [[198, 178]], [[197, 178]], [[196, 178]], [[195, 178]], [[194, 178]], [[193, 178]], [[192, 178]], [[191, 178]], [[190, 178]], [[190, 179]], [[190, 180]], [[190, 181]], [[191, 181]], [[192, 182]], [[193, 183]], [[194, 183]], [[195, 183]], [[196, 182]], [[197, 182]], [[198, 182]], [[199, 181]], [[200, 181]], [[201, 181]], [[202, 180]], [[203, 180]], [[204, 180]], [[205, 181]], [[205, 182]], [[205, 183]], [[204, 184]], [[203, 185]], [[202, 186]], [[202, 187]], [[202, 188]], [[202, 189]], [[202, 190]], [[201, 191]], [[202, 192]], [[201, 193]], [[201, 194]], [[201, 195]], [[201, 196]], [[201, 197]], [[201, 198]], [[200, 199]], [[200, 200]], [[199, 201]], [[199, 202]], [[198, 203]], [[198, 204]], [[198, 205]], [[197, 206]], [[198, 207]], [[198, 208]], [[199, 209]], [[199, 210]], [[200, 210]], [[201, 210]], [[201, 209]], [[202, 208]], [[203, 207]], [[204, 206]], [[205, 205]], [[206, 205]], [[207, 205]], [[208, 204]], [[209, 205]], [[209, 206]], [[210, 207]], [[211, 208]], [[212, 208]], [[212, 207]], [[213, 206]], [[213, 205]], [[213, 204]], [[213, 203]], [[212, 202]], [[213, 201]], [[214, 200]], [[215, 199]], [[216, 200]], [[217, 200]], [[218, 200]], [[219, 199]], [[219, 198]], [[220, 197]], [[221, 197]], [[221, 196]], [[221, 195]], [[220, 194]], [[220, 193]], [[219, 192]], [[219, 191]], [[219, 190]], [[219, 189]], [[219, 188]], [[220, 187]], [[220, 186]], [[220, 185]], [[220, 184]], [[219, 183]], [[219, 182]], [[219, 181]], [[219, 180]], [[220, 179]], [[219, 178]], [[219, 177]], [[218, 177]], [[217, 176]], [[218, 175]], [[218, 174]], [[219, 173]], [[220, 173]], [[221, 173]], [[222, 172]], [[223, 172]], [[224, 171]], [[225, 170]], [[225, 169]], [[225, 168]], [[225, 167]], [[226, 166]], [[226, 165]], [[226, 164]], [[226, 163]], [[226, 162]], [[225, 161]], [[224, 160]], [[223, 159]], [[222, 159]], [[221, 158]], [[220, 158]], [[219, 157]], [[218, 156]], [[217, 156]], [[216, 156]], [[215, 156]], [[214, 156]]]","[[], [[[235, 155], [235, 156], [234, 157], [234, 158], [233, 159], [233, 160], [232, 161], [231, 162], [230, 163], [229, 163], [228, 162], [227, 161], [227, 162], [228, 163], [227, 164], [227, 165], [227, 166], [226, 167], [226, 168], [227, 168], [228, 167], [229, 167], [230, 166], [231, 165], [231, 164], [232, 163], [233, 164], [233, 165], [234, 166], [235, 166], [236, 166], [236, 165], [235, 164], [235, 163], [235, 162], [235, 161], [234, 160], [233, 159], [234, 158], [235, 157], [236, 157], [236, 156], [236, 155]]]]","[[], 114]"
151,151,"[[[635, 151]], [[634, 152]], [[634, 153]], [[633, 154]], [[632, 154]], [[631, 154]], [[630, 155]], [[629, 156]], [[628, 156]], [[627, 156]], [[627, 157]], [[627, 158]], [[627, 159]], [[627, 160]], [[627, 161]], [[627, 162]], [[626, 163]], [[627, 164]], [[626, 165]], [[626, 166]], [[627, 167]], [[627, 168]], [[626, 169]], [[627, 170]], [[627, 171]], [[627, 172]], [[627, 173]], [[627, 174]], [[628, 175]], [[629, 176]], [[630, 177]], [[631, 177]], [[632, 178]], [[633, 178]], [[634, 178]], [[635, 178]], [[636, 177]], [[637, 177]], [[638, 176]], [[639, 175]], [[640, 174]], [[640, 173]], [[640, 172]], [[640, 171]], [[640, 170]], [[640, 169]], [[640, 168]], [[640, 167]], [[640, 166]], [[639, 165]], [[638, 164]], [[638, 163]], [[638, 162]], [[638, 161]], [[638, 160]], [[637, 159]], [[636, 159]], [[635, 160]], [[634, 160]], [[633, 159]], [[634, 158]], [[634, 157]], [[635, 156]], [[635, 155]], [[636, 154]], [[636, 153]], [[635, 152]]]",[[]],[]
152,152,"[[[396, 142]], [[395, 143]], [[394, 144]], [[394, 145]], [[394, 146]], [[393, 147]], [[393, 148]], [[392, 149]], [[391, 149]], [[390, 149]], [[389, 148]], [[388, 147]], [[387, 147]], [[386, 146]], [[385, 146]], [[384, 147]], [[383, 148]], [[383, 149]], [[382, 150]], [[381, 150]], [[381, 151]], [[380, 152]], [[380, 153]], [[379, 154]], [[378, 155]], [[378, 156]], [[377, 157]], [[377, 158]], [[377, 159]], [[376, 160]], [[376, 161]], [[377, 162]], [[377, 163]], [[378, 164]], [[379, 165]], [[380, 166]], [[381, 166]], [[382, 167]], [[383, 167]], [[384, 167]], [[385, 167]], [[386, 167]], [[387, 167]], [[388, 166]], [[389, 166]], [[390, 165]], [[391, 164]], [[392, 163]], [[393, 162]], [[394, 161]], [[394, 160]], [[395, 159]], [[396, 158]], [[397, 158]], [[398, 158]], [[399, 159]], [[400, 159]], [[401, 159]], [[402, 159]], [[403, 159]], [[404, 159]], [[405, 160]], [[405, 161]], [[406, 161]], [[407, 160]], [[407, 159]], [[408, 158]], [[408, 157]], [[409, 156]], [[409, 155]], [[409, 154]], [[408, 154]], [[407, 153]], [[407, 152]], [[406, 151]], [[406, 150]], [[406, 149]], [[406, 148]], [[405, 147]], [[405, 146]], [[404, 145]], [[403, 144]], [[402, 145]], [[401, 145]], [[400, 144]], [[399, 144]], [[398, 143]], [[397, 142]]]",[[]],[]
153,153,"[[[552, 132]], [[551, 133]], [[551, 134]], [[550, 135]], [[549, 136]], [[549, 137]], [[548, 138]], [[548, 139]], [[548, 140]], [[548, 141]], [[547, 142]], [[547, 143]], [[547, 144]], [[547, 145]], [[548, 146]], [[547, 147]], [[547, 148]], [[547, 149]], [[547, 150]], [[547, 151]], [[547, 152]], [[548, 153]], [[548, 154]], [[549, 155]], [[550, 155]], [[551, 155]], [[552, 155]], [[553, 154]], [[554, 154]], [[555, 154]], [[556, 153]], [[557, 153]], [[558, 153]], [[559, 152]], [[559, 151]], [[559, 150]], [[559, 149]], [[559, 148]], [[559, 147]], [[559, 146]], [[559, 145]], [[559, 144]], [[559, 143]], [[558, 142]], [[559, 141]], [[560, 141]], [[560, 140]], [[559, 140]], [[558, 139]], [[557, 138]], [[556, 137]], [[556, 136]], [[556, 135]], [[556, 134]], [[555, 133]], [[555, 132]], [[554, 132]], [[553, 132]]]","[[], [[[560, 152], [559, 153], [558, 154], [557, 154], [556, 154], [555, 155], [554, 155], [553, 155], [552, 156], [551, 156], [550, 156], [549, 156], [548, 156], [548, 157], [549, 157], [550, 157], [551, 157], [552, 157], [553, 156], [554, 156], [555, 157], [556, 157], [557, 157], [558, 157], [558, 156], [559, 155], [559, 154], [560, 153]]], [[[560, 152], [559, 153], [558, 154], [557, 154], [556, 154], [555, 155], [554, 155], [553, 155], [552, 156], [551, 156], [550, 156], [549, 156], [548, 156], [548, 157], [549, 157], [550, 157], [551, 157], [552, 157], [553, 156], [554, 156], [555, 157], [556, 157], [557, 157], [558, 157], [558, 156], [559, 155], [559, 154], [560, 153]], [[559, 129], [558, 130], [557, 131], [557, 132], [558, 133], [559, 134], [559, 135], [559, 136], [558, 137], [557, 136], [557, 137], [558, 138], [559, 138], [560, 138], [561, 139], [562, 140], [561, 141], [561, 142], [560, 143], [560, 144], [561, 145], [562, 145], [563, 146], [563, 147], [563, 148], [564, 149], [564, 150], [564, 151], [563, 152], [563, 153], [564, 154], [565, 155], [566, 154], [566, 153], [566, 152], [566, 151], [566, 150], [565, 149], [565, 148], [565, 147], [565, 146], [565, 145], [564, 144], [563, 143], [563, 142], [563, 141], [563, 140], [562, 140], [561, 139], [560, 138], [560, 137], [560, 136], [560, 135], [559, 134], [559, 133], [559, 132], [559, 131], [559, 130]]], [[[559, 129], [558, 130], [557, 131], [557, 132], [558, 133], [559, 134], [559, 135], [559, 136], [558, 137], [557, 136], [557, 137], [558, 138], [559, 138], [560, 138], [561, 139], [562, 140], [561, 141], [561, 142], [560, 143], [560, 144], [561, 145], [562, 145], [563, 146], [563, 147], [563, 148], [564, 149], [564, 150], [564, 151], [563, 152], [563, 153], [564, 154], [565, 155], [566, 154], [566, 153], [566, 152], [566, 151], [566, 150], [565, 149], [565, 148], [565, 147], [565, 146], [565, 145], [564, 144], [563, 143], [563, 142], [563, 141], [563, 140], [562, 140], [561, 139], [560, 138], [560, 137], [560, 136], [560, 135], [559, 134], [559, 133], [559, 132], [559, 131], [559, 130]]]]","[[], 113, 116, 117]"
154,154,"[[[259, 129]], [[259, 130]], [[258, 131]], [[258, 132]], [[258, 133]], [[258, 134]], [[258, 135]], [[258, 136]], [[257, 137]], [[256, 138]], [[255, 139]], [[254, 139]], [[254, 140]], [[254, 141]], [[255, 142]], [[256, 143]], [[257, 143]], [[258, 144]], [[258, 145]], [[259, 146]], [[259, 147]], [[259, 148]], [[259, 149]], [[259, 150]], [[258, 151]], [[258, 152]], [[258, 153]], [[258, 154]], [[257, 155]], [[257, 156]], [[257, 157]], [[257, 158]], [[258, 159]], [[259, 159]], [[260, 159]], [[261, 158]], [[262, 158]], [[263, 159]], [[264, 158]], [[264, 157]], [[265, 156]], [[266, 155]], [[267, 154]], [[267, 153]], [[267, 152]], [[267, 151]], [[266, 150]], [[266, 149]], [[265, 148]], [[265, 147]], [[264, 146]], [[264, 145]], [[263, 144]], [[263, 143]], [[263, 142]], [[263, 141]], [[263, 140]], [[264, 139]], [[264, 138]], [[263, 137]], [[263, 136]], [[263, 135]], [[263, 134]], [[263, 133]], [[263, 132]], [[262, 131]], [[261, 131]], [[260, 130]], [[260, 129]]]","[[], [[[264, 141], [264, 142], [264, 143], [264, 144], [265, 145], [265, 146], [266, 147], [267, 148], [267, 149], [267, 150], [268, 150], [269, 150], [269, 149], [270, 148], [271, 147], [272, 147], [273, 148], [274, 147], [275, 146], [276, 145], [276, 144], [276, 143], [276, 142], [275, 142], [274, 143], [273, 143], [272, 143], [271, 142], [270, 143], [269, 144], [268, 145], [267, 145], [266, 144], [265, 143], [265, 142]]]]","[[], 118]"
155,155,"[[[457, 120]], [[456, 121]], [[455, 122]], [[454, 123]], [[453, 124]], [[453, 125]], [[452, 126]], [[452, 127]], [[452, 128]], [[451, 129]], [[451, 130]], [[450, 131]], [[450, 132]], [[450, 133]], [[450, 134]], [[450, 135]], [[450, 136]], [[450, 137]], [[450, 138]], [[450, 139]], [[450, 140]], [[450, 141]], [[450, 142]], [[450, 143]], [[450, 144]], [[450, 145]], [[450, 146]], [[449, 147]], [[448, 148]], [[448, 149]], [[448, 150]], [[448, 151]], [[448, 152]], [[448, 153]], [[447, 154]], [[446, 155]], [[445, 155]], [[444, 154]], [[444, 153]], [[444, 152]], [[444, 151]], [[443, 151]], [[442, 152]], [[441, 152]], [[440, 152]], [[439, 153]], [[438, 154]], [[437, 155]], [[436, 155]], [[435, 156]], [[435, 157]], [[434, 158]], [[434, 159]], [[434, 160]], [[434, 161]], [[434, 162]], [[434, 163]], [[434, 164]], [[434, 165]], [[434, 166]], [[433, 167]], [[433, 168]], [[434, 167]], [[435, 168]], [[436, 169]], [[435, 170]], [[435, 171]], [[434, 172]], [[433, 171]], [[432, 170]], [[431, 170]], [[431, 171]], [[430, 172]], [[430, 173]], [[430, 174]], [[430, 175]], [[429, 176]], [[429, 177]], [[428, 178]], [[427, 179]], [[426, 180]], [[425, 181]], [[424, 181]], [[423, 182]], [[422, 183]], [[421, 184]], [[420, 185]], [[419, 186]], [[418, 186]], [[417, 186]], [[417, 187]], [[416, 188]], [[415, 188]], [[414, 189]], [[413, 190]], [[412, 191]], [[411, 192]], [[410, 193]], [[409, 194]], [[408, 195]], [[408, 196]], [[408, 197]], [[408, 198]], [[408, 199]], [[408, 200]], [[408, 201]], [[408, 202]], [[407, 203]], [[406, 204]], [[405, 204]], [[404, 204]], [[403, 204]], [[402, 204]], [[401, 204]], [[400, 205]], [[399, 205]], [[398, 204]], [[397, 204]], [[396, 204]], [[395, 204]], [[394, 204]], [[393, 205]], [[392, 205]], [[391, 206]], [[390, 206]], [[389, 207]], [[388, 208]], [[387, 209]], [[387, 210]], [[386, 211]], [[385, 212]], [[385, 213]], [[384, 214]], [[383, 215]], [[383, 216]], [[383, 217]], [[382, 218]], [[382, 219]], [[382, 220]], [[382, 221]], [[382, 222]], [[381, 223]], [[381, 224]], [[381, 225]], [[381, 226]], [[382, 227]], [[382, 228]], [[382, 229]], [[382, 230]], [[382, 231]], [[383, 232]], [[383, 233]], [[383, 234]], [[383, 235]], [[384, 235]], [[385, 236]], [[386, 237]], [[387, 237]], [[388, 237]], [[389, 237]], [[390, 238]], [[391, 238]], [[392, 238]], [[393, 237]], [[394, 237]], [[395, 237]], [[396, 237]], [[397, 236]], [[398, 236]], [[399, 235]], [[400, 235]], [[401, 234]], [[402, 233]], [[403, 233]], [[404, 233]], [[405, 233]], [[406, 233]], [[407, 233]], [[408, 233]], [[409, 233]], [[410, 233]], [[411, 233]], [[412, 233]], [[413, 233]], [[414, 233]], [[415, 232]], [[416, 231]], [[417, 230]], [[418, 229]], [[419, 228]], [[420, 228]], [[421, 228]], [[422, 227]], [[423, 227]], [[424, 227]], [[425, 228]], [[425, 229]], [[425, 230]], [[426, 231]], [[427, 232]], [[427, 233]], [[428, 234]], [[429, 234]], [[430, 234]], [[431, 234]], [[432, 234]], [[433, 234]], [[434, 234]], [[435, 234]], [[436, 233]], [[437, 233]], [[438, 233]], [[439, 232]], [[440, 232]], [[441, 232]], [[442, 232]], [[443, 232]], [[444, 233]], [[445, 233]], [[446, 233]], [[447, 233]], [[448, 234]], [[449, 234]], [[450, 234]], [[451, 235]], [[452, 234]], [[453, 234]], [[454, 233]], [[455, 233]], [[456, 233]], [[457, 232]], [[458, 232]], [[459, 232]], [[460, 232]], [[461, 233]], [[462, 233]], [[463, 233]], [[464, 233]], [[465, 233]], [[466, 233]], [[467, 232]], [[468, 232]], [[469, 232]], [[470, 231]], [[471, 230]], [[472, 231]], [[473, 231]], [[474, 232]], [[475, 233]], [[476, 233]], [[477, 234]], [[478, 235]], [[478, 236]], [[478, 237]], [[478, 238]], [[477, 239]], [[476, 239]], [[475, 239]], [[474, 239]], [[473, 239]], [[472, 239]], [[471, 240]], [[470, 240]], [[469, 241]], [[468, 241]], [[468, 242]], [[467, 243]], [[467, 244]], [[467, 245]], [[466, 246]], [[466, 247]], [[466, 248]], [[466, 249]], [[466, 250]], [[467, 251]], [[466, 252]], [[465, 252]], [[464, 253]], [[463, 253]], [[462, 254]], [[461, 254]], [[461, 255]], [[460, 256]], [[460, 257]], [[460, 258]], [[460, 259]], [[461, 260]], [[462, 259]], [[463, 259]], [[464, 260]], [[464, 261]], [[464, 262]], [[464, 263]], [[465, 264]], [[466, 265]], [[467, 266]], [[467, 267]], [[468, 268]], [[468, 269]], [[469, 270]], [[469, 271]], [[470, 272]], [[471, 273]], [[471, 274]], [[472, 275]], [[471, 276]], [[470, 276]], [[469, 277]], [[468, 277]], [[467, 277]], [[466, 278]], [[465, 278]], [[464, 278]], [[463, 279]], [[462, 279]], [[461, 279]], [[460, 280]], [[459, 280]], [[458, 280]], [[457, 281]], [[456, 281]], [[455, 282]], [[454, 282]], [[453, 282]], [[452, 282]], [[451, 282]], [[450, 283]], [[449, 283]], [[448, 284]], [[447, 284]], [[446, 284]], [[445, 285]], [[444, 284]], [[444, 283]], [[445, 282]], [[445, 281]], [[446, 280]], [[447, 280]], [[448, 279]], [[448, 278]], [[449, 277]], [[450, 276]], [[451, 275]], [[452, 274]], [[453, 273]], [[454, 272]], [[454, 271]], [[455, 270]], [[456, 269]], [[456, 268]], [[457, 267]], [[456, 266]], [[456, 265]], [[455, 265]], [[454, 265]], [[453, 265]], [[452, 264]], [[451, 264]], [[450, 263]], [[449, 262]], [[448, 261]], [[448, 260]], [[447, 260]], [[446, 260]], [[445, 260]], [[444, 260]], [[443, 260]], [[442, 260]], [[441, 260]], [[440, 260]], [[439, 260]], [[438, 259]], [[438, 258]], [[437, 257]], [[437, 256]], [[436, 255]], [[435, 254]], [[435, 253]], [[434, 252]], [[434, 251]], [[433, 250]], [[432, 249]], [[431, 249]], [[430, 248]], [[429, 248]], [[428, 248]], [[427, 248]], [[426, 248]], [[425, 248]], [[424, 249]], [[423, 250]], [[423, 251]], [[422, 252]], [[422, 253]], [[421, 254]], [[421, 255]], [[421, 256]], [[420, 257]], [[420, 258]], [[420, 259]], [[420, 260]], [[421, 261]], [[421, 262]], [[422, 262]], [[423, 263]], [[423, 264]], [[424, 265]], [[425, 266]], [[426, 267]], [[426, 268]], [[426, 269]], [[427, 270]], [[427, 271]], [[427, 272]], [[427, 273]], [[426, 274]], [[425, 275]], [[425, 276]], [[425, 277]], [[424, 278]], [[424, 279]], [[423, 280]], [[422, 281]], [[422, 282]], [[422, 283]], [[422, 284]], [[422, 285]], [[423, 285]], [[424, 286]], [[425, 287]], [[426, 287]], [[427, 287]], [[428, 288]], [[429, 288]], [[430, 288]], [[431, 288]], [[432, 289]], [[433, 290]], [[434, 290]], [[435, 290]], [[436, 290]], [[437, 290]], [[438, 289]], [[439, 289]], [[440, 288]], [[441, 289]], [[441, 290]], [[441, 291]], [[440, 292]], [[439, 293]], [[438, 294]], [[437, 294]], [[436, 294]], [[435, 294]], [[434, 295]], [[434, 296]], [[434, 297]], [[433, 298]], [[433, 299]], [[432, 300]], [[432, 301]], [[431, 302]], [[430, 303]], [[430, 304]], [[430, 305]], [[429, 306]], [[429, 307]], [[428, 308]], [[428, 309]], [[428, 310]], [[428, 311]], [[427, 312]], [[426, 313]], [[425, 313]], [[424, 313]], [[423, 313]], [[422, 312]], [[421, 312]], [[420, 312]], [[419, 312]], [[418, 312]], [[417, 313]], [[416, 313]], [[415, 314]], [[414, 315]], [[413, 315]], [[413, 316]], [[412, 317]], [[411, 318]], [[411, 319]], [[411, 320]], [[410, 321]], [[410, 322]], [[410, 323]], [[410, 324]], [[410, 325]], [[410, 326]], [[409, 327]], [[409, 328]], [[408, 329]], [[408, 330]], [[408, 331]], [[409, 332]], [[409, 333]], [[409, 334]], [[409, 335]], [[409, 336]], [[409, 337]], [[409, 338]], [[409, 339]], [[409, 340]], [[409, 341]], [[410, 342]], [[410, 343]], [[411, 344]], [[412, 345]], [[413, 345]], [[414, 346]], [[415, 347]], [[415, 348]], [[416, 349]], [[416, 350]], [[417, 351]], [[417, 352]], [[418, 353]], [[419, 354]], [[420, 355]], [[421, 355]], [[422, 355]], [[423, 356]], [[424, 357]], [[425, 358]], [[426, 359]], [[427, 359]], [[428, 360]], [[429, 360]], [[430, 360]], [[431, 361]], [[432, 362]], [[433, 363]], [[433, 364]], [[433, 365]], [[433, 366]], [[433, 367]], [[433, 368]], [[433, 369]], [[433, 370]], [[433, 371]], [[434, 372]], [[434, 373]], [[434, 374]], [[434, 375]], [[434, 376]], [[434, 377]], [[434, 378]], [[435, 379]], [[436, 380]], [[437, 380]], [[438, 380]], [[439, 381]], [[440, 382]], [[441, 383]], [[440, 384]], [[439, 385]], [[438, 385]], [[437, 385]], [[436, 385]], [[435, 385]], [[434, 385]], [[433, 385]], [[432, 384]], [[431, 385]], [[431, 386]], [[431, 387]], [[431, 388]], [[430, 389]], [[430, 390]], [[430, 391]], [[429, 392]], [[429, 393]], [[430, 393]], [[431, 393]], [[432, 394]], [[432, 395]], [[433, 396]], [[434, 396]], [[435, 396]], [[436, 397]], [[436, 398]], [[436, 399]], [[437, 400]], [[438, 400]], [[439, 401]], [[440, 402]], [[441, 402]], [[442, 403]], [[443, 403]], [[444, 403]], [[445, 404]], [[446, 405]], [[447, 406]], [[448, 407]], [[449, 407]], [[450, 407]], [[451, 407]], [[452, 407]], [[453, 407]], [[454, 407]], [[455, 407]], [[456, 407]], [[457, 407]], [[458, 407]], [[459, 408]], [[460, 407]], [[461, 407]], [[462, 406]], [[463, 406]], [[464, 405]], [[465, 405]], [[466, 405]], [[466, 404]], [[466, 403]], [[466, 402]], [[466, 401]], [[466, 400]], [[465, 399]], [[464, 398]], [[463, 397]], [[462, 397]], [[461, 396]], [[460, 395]], [[459, 395]], [[458, 394]], [[457, 393]], [[456, 392]], [[455, 392]], [[454, 392]], [[453, 391]], [[452, 390]], [[452, 389]], [[452, 388]], [[453, 387]], [[454, 387]], [[455, 387]], [[456, 386]], [[457, 386]], [[458, 386]], [[459, 386]], [[460, 386]], [[461, 386]], [[462, 386]], [[463, 385]], [[464, 385]], [[465, 384]], [[466, 383]], [[467, 383]], [[468, 382]], [[469, 381]], [[470, 381]], [[471, 380]], [[472, 380]], [[473, 379]], [[474, 379]], [[475, 378]], [[476, 378]], [[477, 378]], [[478, 378]], [[479, 378]], [[480, 378]], [[481, 378]], [[482, 377]], [[483, 377]], [[484, 376]], [[485, 376]], [[486, 375]], [[487, 375]], [[488, 375]], [[489, 374]], [[490, 374]], [[491, 374]], [[492, 374]], [[493, 374]], [[494, 373]], [[495, 372]], [[496, 371]], [[496, 370]], [[497, 369]], [[498, 369]], [[499, 369]], [[500, 369]], [[501, 369]], [[502, 369]], [[503, 369]], [[504, 370]], [[505, 370]], [[506, 369]], [[507, 369]], [[508, 369]], [[509, 370]], [[510, 370]], [[511, 370]], [[512, 369]], [[513, 368]], [[514, 368]], [[515, 367]], [[516, 367]], [[517, 366]], [[518, 365]], [[519, 364]], [[520, 364]], [[521, 363]], [[522, 362]], [[523, 362]], [[524, 362]], [[525, 361]], [[526, 361]], [[527, 360]], [[527, 359]], [[528, 358]], [[529, 357]], [[529, 356]], [[529, 355]], [[529, 354]], [[529, 353]], [[529, 352]], [[530, 351]], [[530, 350]], [[530, 349]], [[531, 348]], [[531, 347]], [[532, 346]], [[533, 345]], [[533, 344]], [[533, 343]], [[533, 342]], [[533, 341]], [[533, 340]], [[533, 339]], [[533, 338]], [[533, 337]], [[534, 336]], [[534, 335]], [[534, 334]], [[534, 333]], [[534, 332]], [[534, 331]], [[534, 330]], [[535, 329]], [[535, 328]], [[535, 327]], [[535, 326]], [[535, 325]], [[534, 324]], [[533, 323]], [[532, 322]], [[531, 321]], [[530, 321]], [[529, 321]], [[528, 320]], [[528, 319]], [[529, 318]], [[530, 318]], [[530, 317]], [[530, 316]], [[530, 315]], [[530, 314]], [[530, 313]], [[529, 312]], [[528, 311]], [[528, 310]], [[528, 309]], [[528, 308]], [[527, 307]], [[526, 306]], [[526, 305]], [[525, 304]], [[524, 303]], [[524, 302]], [[524, 301]], [[524, 300]], [[523, 299]], [[522, 298]], [[521, 297]], [[520, 297]], [[519, 297]], [[518, 296]], [[517, 296]], [[516, 295]], [[516, 294]], [[515, 293]], [[515, 292]], [[515, 291]], [[514, 290]], [[514, 289]], [[513, 289]], [[512, 288]], [[511, 288]], [[510, 288]], [[509, 288]], [[508, 288]], [[507, 288]], [[506, 288]], [[505, 289]], [[504, 289]], [[503, 289]], [[502, 288]], [[501, 287]], [[500, 286]], [[499, 286]], [[498, 285]], [[498, 284]], [[497, 283]], [[496, 282]], [[495, 281]], [[494, 280]], [[494, 279]], [[493, 278]], [[492, 277]], [[491, 277]], [[490, 276]], [[489, 276]], [[488, 275]], [[487, 275]], [[486, 274]], [[485, 274]], [[484, 274]], [[483, 274]], [[482, 273]], [[482, 272]], [[482, 271]], [[483, 270]], [[484, 269]], [[485, 268]], [[486, 268]], [[487, 268]], [[488, 267]], [[489, 267]], [[490, 267]], [[491, 267]], [[492, 267]], [[493, 266]], [[494, 266]], [[495, 266]], [[496, 266]], [[497, 266]], [[498, 265]], [[499, 265]], [[500, 265]], [[501, 264]], [[501, 263]], [[502, 262]], [[502, 261]], [[503, 260]], [[503, 259]], [[504, 258]], [[504, 257]], [[504, 256]], [[504, 255]], [[504, 254]], [[504, 253]], [[503, 252]], [[503, 251]], [[502, 250]], [[502, 249]], [[501, 248]], [[500, 247]], [[501, 246]], [[502, 245]], [[502, 244]], [[503, 243]], [[504, 243]], [[505, 242]], [[506, 242]], [[506, 241]], [[506, 240]], [[507, 239]], [[507, 238]], [[507, 237]], [[507, 236]], [[507, 235]], [[507, 234]], [[506, 233]], [[506, 232]], [[505, 231]], [[504, 230]], [[503, 230]], [[502, 229]], [[501, 229]], [[500, 229]], [[499, 229]], [[498, 228]], [[498, 227]], [[498, 226]], [[498, 225]], [[498, 224]], [[498, 223]], [[498, 222]], [[499, 221]], [[499, 220]], [[499, 219]], [[499, 218]], [[500, 217]], [[500, 216]], [[501, 215]], [[502, 215]], [[503, 215]], [[504, 214]], [[504, 213]], [[504, 212]], [[505, 211]], [[506, 211]], [[507, 211]], [[508, 211]], [[509, 212]], [[510, 212]], [[511, 212]], [[512, 212]], [[513, 211]], [[514, 211]], [[515, 211]], [[516, 210]], [[517, 209]], [[518, 208]], [[518, 207]], [[518, 206]], [[519, 205]], [[519, 204]], [[520, 203]], [[521, 202]], [[521, 201]], [[521, 200]], [[522, 199]], [[522, 198]], [[522, 197]], [[522, 196]], [[521, 195]], [[520, 194]], [[519, 193]], [[519, 192]], [[518, 191]], [[518, 190]], [[518, 189]], [[518, 188]], [[518, 187]], [[518, 186]], [[518, 185]], [[518, 184]], [[518, 183]], [[517, 183]], [[516, 182]], [[515, 181]], [[514, 181]], [[513, 181]], [[512, 180]], [[511, 180]], [[510, 180]], [[509, 180]], [[508, 180]], [[507, 179]], [[506, 179]], [[505, 178]], [[504, 178]], [[503, 178]], [[502, 177]], [[501, 176]], [[500, 175]], [[499, 174]], [[498, 174]], [[497, 173]], [[496, 172]], [[495, 172]], [[494, 172]], [[493, 172]], [[492, 172]], [[491, 173]], [[490, 174]], [[490, 175]], [[490, 176]], [[490, 177]], [[490, 178]], [[490, 179]], [[491, 180]], [[491, 181]], [[492, 182]], [[492, 183]], [[492, 184]], [[493, 185]], [[493, 186]], [[494, 187]], [[494, 188]], [[494, 189]], [[494, 190]], [[493, 191]], [[492, 192]], [[491, 192]], [[490, 192]], [[489, 193]], [[488, 192]], [[487, 192]], [[486, 191]], [[485, 190]], [[485, 189]], [[485, 188]], [[484, 187]], [[484, 186]], [[483, 185]], [[482, 184]], [[482, 183]], [[482, 182]], [[482, 181]], [[482, 180]], [[482, 179]], [[483, 178]], [[483, 177]], [[484, 176]], [[485, 175]], [[486, 174]], [[487, 173]], [[488, 173]], [[488, 172]], [[488, 171]], [[489, 170]], [[489, 169]], [[490, 168]], [[490, 167]], [[490, 166]], [[490, 165]], [[490, 164]], [[490, 163]], [[490, 162]], [[490, 161]], [[490, 160]], [[489, 159]], [[489, 158]], [[488, 157]], [[487, 157]], [[486, 156]], [[486, 155]], [[487, 154]], [[487, 153]], [[487, 152]], [[488, 151]], [[488, 150]], [[488, 149]], [[488, 148]], [[487, 147]], [[488, 146]], [[488, 145]], [[487, 145]], [[486, 144]], [[485, 144]], [[484, 144]], [[483, 144]], [[482, 144]], [[481, 144]], [[480, 143]], [[481, 142]], [[482, 142]], [[483, 142]], [[484, 142]], [[485, 142]], [[486, 142]], [[487, 142]], [[488, 142]], [[489, 142]], [[490, 141]], [[491, 141]], [[492, 141]], [[493, 140]], [[494, 139]], [[495, 138]], [[495, 137]], [[495, 136]], [[495, 135]], [[495, 134]], [[495, 133]], [[495, 132]], [[494, 131]], [[494, 130]], [[494, 129]], [[493, 128]], [[493, 127]], [[492, 126]], [[491, 125]], [[490, 124]], [[489, 124]], [[488, 124]], [[487, 124]], [[486, 124]], [[485, 124]], [[484, 124]], [[483, 124]], [[482, 124]], [[481, 124]], [[480, 124]], [[479, 124]], [[478, 124]], [[477, 124]], [[476, 124]], [[475, 123]], [[474, 122]], [[473, 122]], [[472, 121]], [[471, 121]], [[470, 121]], [[469, 120]], [[468, 120]], [[467, 120]], [[466, 120]], [[465, 120]], [[464, 120]], [[463, 120]], [[462, 120]], [[461, 120]], [[460, 120]], [[459, 120]], [[458, 120]]]","[[], [[[451, 277], [450, 278], [449, 279], [449, 280], [448, 281], [447, 281], [446, 281], [446, 282], [445, 283], [445, 284], [446, 283], [446, 282], [447, 281], [448, 281], [449, 282], [450, 281], [450, 280], [451, 279], [452, 280], [453, 281], [454, 281], [454, 280], [453, 279], [453, 278], [453, 277], [452, 277]]], [[[489, 171], [489, 172], [489, 173], [488, 174], [487, 174], [486, 175], [485, 176], [484, 177], [484, 178], [483, 179], [483, 180], [483, 181], [483, 182], [484, 183], [484, 184], [485, 185], [485, 186], [486, 187], [487, 187], [488, 188], [489, 189], [490, 190], [491, 191], [492, 191], [493, 190], [493, 189], [493, 188], [493, 187], [492, 186], [492, 185], [491, 184], [491, 183], [490, 182], [490, 181], [489, 180], [489, 179], [489, 178], [488, 177], [488, 176], [488, 175], [489, 174], [489, 173], [489, 172], [490, 171]]]]","[[], 119, 120]"
156,156,"[[[631, 116]], [[630, 117]], [[629, 118]], [[628, 118]], [[627, 118]], [[626, 118]], [[625, 118]], [[624, 119]], [[624, 120]], [[623, 121]], [[622, 122]], [[621, 123]], [[621, 124]], [[620, 125]], [[619, 125]], [[619, 126]], [[618, 127]], [[618, 128]], [[617, 129]], [[617, 130]], [[617, 131]], [[617, 132]], [[618, 132]], [[619, 133]], [[620, 134]], [[620, 135]], [[621, 135]], [[622, 135]], [[623, 136]], [[624, 136]], [[625, 136]], [[626, 135]], [[627, 134]], [[628, 134]], [[629, 133]], [[630, 133]], [[631, 132]], [[632, 131]], [[632, 130]], [[633, 129]], [[633, 128]], [[634, 127]], [[634, 126]], [[634, 125]], [[634, 124]], [[634, 123]], [[634, 122]], [[634, 121]], [[633, 120]], [[632, 119]], [[632, 118]], [[632, 117]]]",[[]],[]
157,157,"[[[242, 89]], [[241, 90]], [[240, 90]], [[239, 90]], [[238, 90]], [[237, 91]], [[237, 92]], [[237, 93]], [[237, 94]], [[237, 95]], [[237, 96]], [[236, 97]], [[235, 97]], [[234, 97]], [[233, 96]], [[232, 95]], [[231, 94]], [[230, 93]], [[229, 93]], [[228, 93]], [[227, 93]], [[226, 94]], [[225, 94]], [[224, 95]], [[223, 95]], [[222, 95]], [[221, 96]], [[220, 97]], [[220, 98]], [[220, 99]], [[220, 100]], [[220, 101]], [[220, 102]], [[220, 103]], [[220, 104]], [[220, 105]], [[220, 106]], [[220, 107]], [[220, 108]], [[220, 109]], [[221, 110]], [[221, 111]], [[221, 112]], [[222, 113]], [[223, 113]], [[224, 113]], [[225, 113]], [[226, 112]], [[227, 111]], [[228, 111]], [[229, 110]], [[230, 110]], [[231, 109]], [[232, 109]], [[233, 109]], [[234, 109]], [[235, 109]], [[236, 109]], [[236, 108]], [[236, 107]], [[236, 106]], [[236, 105]], [[237, 104]], [[238, 103]], [[239, 102]], [[240, 102]], [[241, 102]], [[242, 101]], [[243, 100]], [[244, 100]], [[244, 99]], [[245, 98]], [[246, 97]], [[246, 96]], [[246, 95]], [[246, 94]], [[246, 93]], [[246, 92]], [[246, 91]], [[246, 90]], [[245, 89]], [[244, 89]], [[243, 89]]]",[[]],[]
158,158,"[[[518, 83]], [[517, 84]], [[516, 84]], [[515, 84]], [[514, 85]], [[513, 85]], [[512, 86]], [[511, 86]], [[510, 86]], [[509, 87]], [[508, 88]], [[507, 89]], [[507, 90]], [[506, 91]], [[506, 92]], [[505, 93]], [[505, 94]], [[506, 95]], [[506, 96]], [[506, 97]], [[506, 98]], [[507, 99]], [[507, 100]], [[507, 101]], [[508, 102]], [[509, 103]], [[510, 103]], [[511, 104]], [[512, 104]], [[513, 104]], [[514, 104]], [[515, 104]], [[516, 104]], [[517, 103]], [[518, 103]], [[519, 102]], [[519, 101]], [[520, 100]], [[519, 99]], [[519, 98]], [[519, 97]], [[520, 96]], [[520, 95]], [[520, 94]], [[521, 93]], [[522, 92]], [[522, 91]], [[523, 90]], [[523, 89]], [[523, 88]], [[523, 87]], [[523, 86]], [[522, 85]], [[521, 84]], [[520, 84]], [[519, 84]]]",[[]],[]
159,159,"[[[362, 68]], [[361, 69]], [[360, 69]], [[359, 69]], [[358, 69]], [[357, 69]], [[356, 70]], [[355, 71]], [[354, 72]], [[353, 72]], [[352, 73]], [[352, 74]], [[352, 75]], [[352, 76]], [[352, 77]], [[352, 78]], [[352, 79]], [[352, 80]], [[353, 81]], [[353, 82]], [[354, 83]], [[355, 84]], [[356, 85]], [[357, 85]], [[358, 86]], [[359, 86]], [[360, 86]], [[361, 86]], [[362, 86]], [[363, 85]], [[364, 84]], [[365, 83]], [[366, 82]], [[367, 81]], [[367, 80]], [[368, 79]], [[368, 78]], [[368, 77]], [[368, 76]], [[367, 75]], [[368, 74]], [[368, 73]], [[367, 72]], [[367, 71]], [[367, 70]], [[367, 69]], [[366, 68]], [[365, 68]], [[364, 68]], [[363, 68]]]",[[]],[]
160,160,"[[[87, 60]], [[87, 61]], [[86, 62]], [[85, 62]], [[84, 63]], [[83, 63]], [[82, 63]], [[81, 64]], [[80, 65]], [[79, 66]], [[78, 67]], [[77, 68]], [[76, 69]], [[76, 70]], [[76, 71]], [[75, 72]], [[75, 73]], [[74, 74]], [[73, 75]], [[73, 76]], [[73, 77]], [[72, 78]], [[72, 79]], [[72, 80]], [[72, 81]], [[72, 82]], [[71, 83]], [[71, 84]], [[71, 85]], [[70, 86]], [[70, 87]], [[70, 88]], [[70, 89]], [[70, 90]], [[70, 91]], [[70, 92]], [[71, 93]], [[71, 94]], [[71, 95]], [[72, 96]], [[72, 97]], [[72, 98]], [[72, 99]], [[71, 100]], [[70, 101]], [[69, 102]], [[68, 103]], [[67, 104]], [[66, 103]], [[65, 103]], [[64, 102]], [[63, 102]], [[62, 102]], [[61, 101]], [[60, 101]], [[59, 101]], [[58, 101]], [[57, 101]], [[56, 102]], [[56, 103]], [[56, 104]], [[56, 105]], [[56, 106]], [[56, 107]], [[56, 108]], [[56, 109]], [[56, 110]], [[56, 111]], [[56, 112]], [[56, 113]], [[57, 114]], [[57, 115]], [[57, 116]], [[58, 117]], [[58, 118]], [[59, 118]], [[60, 119]], [[61, 119]], [[62, 119]], [[63, 119]], [[64, 120]], [[65, 120]], [[66, 120]], [[67, 120]], [[68, 121]], [[68, 122]], [[69, 123]], [[70, 123]], [[71, 124]], [[71, 125]], [[72, 126]], [[73, 127]], [[74, 128]], [[74, 129]], [[75, 129]], [[76, 129]], [[77, 130]], [[78, 130]], [[79, 130]], [[80, 131]], [[81, 132]], [[81, 133]], [[81, 134]], [[80, 135]], [[79, 136]], [[78, 136]], [[77, 137]], [[76, 137]], [[75, 137]], [[74, 138]], [[73, 138]], [[73, 139]], [[73, 140]], [[74, 140]], [[75, 141]], [[76, 142]], [[76, 143]], [[76, 144]], [[77, 144]], [[78, 145]], [[79, 145]], [[80, 145]], [[81, 146]], [[82, 147]], [[83, 147]], [[84, 147]], [[85, 147]], [[86, 147]], [[87, 148]], [[88, 148]], [[89, 148]], [[90, 148]], [[91, 148]], [[92, 148]], [[93, 147]], [[94, 147]], [[95, 146]], [[96, 146]], [[97, 145]], [[98, 144]], [[99, 143]], [[100, 142]], [[101, 142]], [[102, 143]], [[103, 143]], [[104, 143]], [[105, 144]], [[106, 144]], [[107, 144]], [[108, 145]], [[109, 145]], [[110, 145]], [[111, 145]], [[112, 144]], [[113, 144]], [[114, 143]], [[115, 143]], [[115, 142]], [[116, 141]], [[116, 140]], [[117, 139]], [[118, 139]], [[119, 138]], [[119, 137]], [[120, 136]], [[120, 135]], [[120, 134]], [[120, 133]], [[121, 132]], [[121, 131]], [[120, 130]], [[119, 129]], [[119, 128]], [[120, 127]], [[121, 127]], [[122, 127]], [[123, 126]], [[124, 125]], [[125, 125]], [[126, 125]], [[127, 126]], [[127, 127]], [[127, 128]], [[126, 129]], [[127, 130]], [[127, 131]], [[127, 132]], [[127, 133]], [[128, 134]], [[128, 135]], [[129, 136]], [[129, 137]], [[130, 138]], [[131, 139]], [[131, 140]], [[131, 141]], [[131, 142]], [[132, 143]], [[133, 142]], [[133, 141]], [[133, 140]], [[133, 139]], [[133, 138]], [[133, 137]], [[133, 136]], [[133, 135]], [[134, 134]], [[134, 133]], [[134, 132]], [[134, 131]], [[134, 130]], [[134, 129]], [[134, 128]], [[135, 127]], [[136, 127]], [[137, 127]], [[138, 127]], [[139, 128]], [[140, 128]], [[141, 129]], [[142, 129]], [[143, 129]], [[144, 130]], [[145, 130]], [[146, 131]], [[147, 132]], [[148, 132]], [[149, 133]], [[150, 133]], [[151, 133]], [[152, 133]], [[153, 133]], [[154, 132]], [[154, 131]], [[155, 130]], [[156, 129]], [[157, 128]], [[157, 127]], [[158, 126]], [[158, 125]], [[158, 124]], [[159, 123]], [[159, 122]], [[159, 121]], [[159, 120]], [[159, 119]], [[159, 118]], [[160, 117]], [[160, 116]], [[160, 115]], [[160, 114]], [[160, 113]], [[161, 112]], [[161, 111]], [[161, 110]], [[161, 109]], [[161, 108]], [[161, 107]], [[161, 106]], [[162, 105]], [[162, 104]], [[161, 103]], [[161, 102]], [[161, 101]], [[162, 100]], [[163, 99]], [[164, 98]], [[165, 98]], [[166, 98]], [[167, 97]], [[168, 96]], [[168, 95]], [[168, 94]], [[168, 93]], [[168, 92]], [[168, 91]], [[168, 90]], [[167, 89]], [[167, 88]], [[166, 87]], [[166, 86]], [[165, 85]], [[164, 84]], [[164, 83]], [[164, 82]], [[163, 82]], [[162, 82]], [[161, 82]], [[160, 82]], [[159, 81]], [[159, 80]], [[160, 79]], [[159, 80]], [[158, 79]], [[158, 78]], [[158, 77]], [[158, 76]], [[158, 75]], [[158, 74]], [[158, 73]], [[157, 72]], [[156, 71]], [[155, 70]], [[154, 70]], [[153, 69]], [[152, 69]], [[151, 68]], [[150, 68]], [[149, 68]], [[148, 68]], [[147, 68]], [[146, 67]], [[145, 67]], [[144, 68]], [[143, 68]], [[142, 68]], [[141, 68]], [[140, 69]], [[139, 69]], [[138, 69]], [[137, 69]], [[136, 68]], [[135, 67]], [[134, 66]], [[133, 66]], [[132, 66]], [[131, 66]], [[130, 66]], [[129, 65]], [[128, 64]], [[127, 63]], [[126, 63]], [[125, 63]], [[124, 62]], [[123, 62]], [[122, 61]], [[121, 60]], [[120, 60]], [[119, 60]], [[118, 60]], [[117, 60]], [[116, 60]], [[115, 60]], [[114, 60]], [[113, 60]], [[112, 61]], [[111, 61]], [[110, 61]], [[109, 62]], [[108, 62]], [[107, 61]], [[106, 60]], [[105, 61]], [[104, 62]], [[103, 62]], [[102, 62]], [[101, 63]], [[100, 62]], [[99, 62]], [[98, 62]], [[97, 62]], [[96, 62]], [[95, 61]], [[94, 61]], [[93, 60]], [[92, 60]], [[91, 61]], [[90, 61]], [[89, 61]], [[88, 60]]]","[[], [[[51, 93], [52, 94], [52, 95], [51, 96], [51, 97], [51, 98], [52, 99], [52, 100], [52, 101], [51, 102], [51, 103], [52, 104], [52, 105], [53, 105], [54, 106], [54, 107], [54, 108], [54, 109], [54, 110], [54, 111], [54, 112], [54, 113], [54, 114], [53, 115], [53, 116], [53, 117], [54, 118], [55, 119], [55, 120], [56, 121], [56, 122], [57, 123], [57, 124], [58, 125], [58, 126], [59, 127], [59, 126], [58, 125], [58, 124], [58, 123], [59, 122], [59, 121], [59, 120], [59, 119], [58, 119], [57, 118], [57, 117], [56, 116], [56, 115], [55, 114], [55, 113], [55, 112], [55, 111], [55, 110], [55, 109], [54, 108], [54, 107], [54, 106], [54, 105], [54, 104], [54, 103], [55, 102], [55, 101], [55, 100], [55, 99], [55, 98], [54, 97], [54, 96], [53, 95], [53, 94], [52, 93]]]]","[[], 121]"
161,161,"[[[214, 56]], [[213, 57]], [[213, 58]], [[213, 59]], [[213, 60]], [[213, 61]], [[213, 62]], [[213, 63]], [[213, 64]], [[213, 65]], [[213, 66]], [[213, 67]], [[213, 68]], [[213, 69]], [[213, 70]], [[213, 71]], [[213, 72]], [[212, 73]], [[212, 74]], [[212, 75]], [[212, 76]], [[213, 77]], [[213, 78]], [[214, 77]], [[215, 78]], [[216, 79]], [[217, 79]], [[218, 80]], [[219, 80]], [[220, 81]], [[221, 82]], [[222, 83]], [[223, 84]], [[224, 83]], [[225, 83]], [[226, 82]], [[227, 82]], [[228, 82]], [[229, 81]], [[230, 80]], [[230, 79]], [[231, 78]], [[231, 77]], [[232, 76]], [[231, 75]], [[231, 74]], [[230, 73]], [[230, 72]], [[229, 71]], [[228, 70]], [[228, 69]], [[227, 68]], [[227, 67]], [[227, 66]], [[228, 65]], [[228, 64]], [[228, 63]], [[227, 62]], [[227, 61]], [[226, 60]], [[225, 60]], [[224, 59]], [[223, 60]], [[222, 60]], [[221, 59]], [[220, 59]], [[219, 58]], [[218, 57]], [[217, 57]], [[216, 56]], [[215, 56]]]",[[]],[]
162,162,"[[[805, 54]], [[805, 55]], [[804, 56]], [[803, 57]], [[802, 58]], [[801, 58]], [[800, 59]], [[800, 60]], [[800, 61]], [[800, 62]], [[800, 63]], [[800, 64]], [[800, 65]], [[800, 66]], [[800, 67]], [[801, 68]], [[801, 69]], [[801, 70]], [[801, 71]], [[802, 72]], [[802, 73]], [[802, 74]], [[803, 75]], [[802, 76]], [[801, 77]], [[800, 77]], [[799, 77]], [[798, 77]], [[797, 77]], [[796, 77]], [[795, 77]], [[794, 77]], [[793, 78]], [[793, 79]], [[792, 80]], [[792, 81]], [[792, 82]], [[791, 83]], [[791, 84]], [[791, 85]], [[791, 86]], [[791, 87]], [[791, 88]], [[791, 89]], [[792, 90]], [[792, 91]], [[792, 92]], [[792, 93]], [[792, 94]], [[792, 95]], [[792, 96]], [[792, 97]], [[792, 98]], [[792, 99]], [[793, 100]], [[793, 101]], [[793, 102]], [[793, 103]], [[793, 104]], [[794, 105]], [[795, 105]], [[796, 104]], [[797, 103]], [[798, 103]], [[799, 102]], [[800, 101]], [[801, 101]], [[802, 101]], [[803, 100]], [[804, 100]], [[805, 100]], [[806, 99]], [[807, 99]], [[808, 99]], [[809, 99]], [[810, 98]], [[811, 98]], [[812, 97]], [[813, 97]], [[814, 96]], [[815, 96]], [[816, 96]], [[817, 96]], [[818, 95]], [[819, 95]], [[820, 95]], [[821, 94]], [[822, 94]], [[823, 94]], [[824, 94]], [[824, 93]], [[825, 92]], [[826, 91]], [[826, 90]], [[826, 89]], [[826, 88]], [[827, 87]], [[827, 86]], [[827, 85]], [[827, 84]], [[827, 83]], [[828, 82]], [[828, 81]], [[829, 80]], [[829, 79]], [[829, 78]], [[829, 77]], [[829, 76]], [[828, 75]], [[828, 74]], [[827, 73]], [[826, 73]], [[825, 73]], [[824, 73]], [[823, 73]], [[822, 74]], [[821, 73]], [[820, 73]], [[819, 73]], [[818, 72]], [[817, 71]], [[817, 70]], [[817, 69]], [[816, 68]], [[815, 67]], [[815, 66]], [[814, 65]], [[814, 64]], [[814, 63]], [[814, 62]], [[813, 61]], [[813, 60]], [[813, 59]], [[812, 58]], [[812, 57]], [[812, 56]], [[811, 56]], [[810, 55]], [[809, 55]], [[808, 54]], [[807, 54]], [[806, 54]]]","[[], [[[825, 93], [825, 94], [824, 95], [823, 95], [822, 95], [821, 95], [820, 96], [819, 96], [818, 96], [817, 97], [816, 97], [815, 97], [814, 97], [813, 98], [812, 98], [811, 99], [810, 99], [809, 100], [808, 100], [807, 100], [806, 101], [805, 101], [804, 101], [803, 102], [802, 103], [801, 104], [800, 104], [800, 105], [801, 105], [802, 104], [803, 104], [804, 104], [805, 104], [806, 103], [807, 103], [808, 103], [809, 104], [810, 103], [811, 103], [811, 102], [811, 101], [812, 100], [813, 99], [814, 100], [815, 100], [816, 100], [816, 99], [817, 98], [818, 98], [819, 98], [820, 97], [821, 97], [822, 96], [823, 96], [824, 95], [825, 96], [826, 96], [827, 95], [827, 94], [827, 93], [826, 93]]]]","[[], 122]"
163,163,"[[[627, 40]], [[626, 41]], [[625, 41]], [[624, 41]], [[623, 41]], [[622, 42]], [[621, 42]], [[620, 43]], [[619, 43]], [[618, 43]], [[617, 43]], [[616, 43]], [[615, 44]], [[615, 45]], [[614, 46]], [[613, 47]], [[613, 48]], [[613, 49]], [[612, 50]], [[612, 51]], [[612, 52]], [[611, 53]], [[611, 54]], [[611, 55]], [[611, 56]], [[610, 57]], [[609, 58]], [[608, 58]], [[607, 58]], [[607, 59]], [[606, 60]], [[606, 61]], [[606, 62]], [[606, 63]], [[606, 64]], [[605, 65]], [[605, 66]], [[606, 67]], [[606, 68]], [[606, 69]], [[606, 70]], [[606, 71]], [[606, 72]], [[606, 73]], [[607, 74]], [[606, 75]], [[607, 76]], [[606, 77]], [[605, 78]], [[604, 78]], [[604, 79]], [[603, 80]], [[602, 80]], [[601, 80]], [[601, 81]], [[600, 82]], [[599, 82]], [[599, 83]], [[598, 84]], [[598, 85]], [[598, 86]], [[598, 87]], [[597, 88]], [[597, 89]], [[597, 90]], [[596, 91]], [[596, 92]], [[596, 93]], [[596, 94]], [[596, 95]], [[596, 96]], [[597, 97]], [[598, 98]], [[599, 99]], [[600, 100]], [[600, 101]], [[601, 102]], [[601, 103]], [[601, 104]], [[602, 105]], [[602, 106]], [[602, 107]], [[602, 108]], [[602, 109]], [[602, 110]], [[602, 111]], [[603, 112]], [[603, 113]], [[603, 114]], [[603, 115]], [[604, 116]], [[604, 117]], [[605, 118]], [[605, 119]], [[606, 120]], [[607, 121]], [[608, 122]], [[609, 123]], [[610, 123]], [[611, 123]], [[612, 123]], [[613, 123]], [[614, 123]], [[615, 122]], [[616, 122]], [[617, 122]], [[618, 121]], [[619, 121]], [[620, 121]], [[620, 120]], [[621, 119]], [[622, 118]], [[623, 117]], [[624, 116]], [[625, 116]], [[626, 116]], [[627, 116]], [[627, 115]], [[628, 114]], [[628, 113]], [[629, 112]], [[630, 111]], [[631, 111]], [[632, 110]], [[632, 109]], [[633, 108]], [[634, 107]], [[635, 107]], [[636, 106]], [[636, 105]], [[637, 104]], [[638, 104]], [[639, 105]], [[640, 106]], [[641, 107]], [[642, 107]], [[643, 108]], [[644, 109]], [[644, 110]], [[644, 111]], [[643, 112]], [[643, 113]], [[643, 114]], [[643, 115]], [[643, 116]], [[643, 117]], [[643, 118]], [[643, 119]], [[643, 120]], [[644, 121]], [[645, 122]], [[646, 122]], [[647, 123]], [[648, 124]], [[649, 124]], [[650, 125]], [[651, 126]], [[652, 126]], [[653, 127]], [[654, 128]], [[655, 128]], [[656, 128]], [[657, 129]], [[658, 129]], [[659, 130]], [[660, 130]], [[661, 131]], [[662, 131]], [[663, 132]], [[664, 132]], [[665, 133]], [[666, 133]], [[667, 133]], [[668, 133]], [[669, 134]], [[670, 133]], [[671, 132]], [[672, 132]], [[673, 132]], [[674, 131]], [[675, 131]], [[675, 130]], [[675, 129]], [[675, 128]], [[676, 127]], [[676, 126]], [[676, 125]], [[676, 124]], [[676, 123]], [[676, 122]], [[676, 121]], [[676, 120]], [[676, 119]], [[675, 118]], [[675, 117]], [[675, 116]], [[675, 115]], [[675, 114]], [[674, 113]], [[673, 112]], [[672, 111]], [[672, 110]], [[671, 110]], [[670, 109]], [[669, 108]], [[668, 108]], [[667, 107]], [[666, 107]], [[665, 107]], [[664, 107]], [[663, 106]], [[662, 106]], [[661, 107]], [[660, 107]], [[659, 108]], [[658, 108]], [[657, 108]], [[656, 109]], [[655, 109]], [[654, 109]], [[653, 109]], [[652, 109]], [[651, 109]], [[650, 109]], [[649, 109]], [[648, 110]], [[647, 110]], [[646, 109]], [[646, 108]], [[647, 107]], [[648, 106]], [[649, 105]], [[650, 104]], [[651, 104]], [[652, 103]], [[652, 102]], [[652, 101]], [[652, 100]], [[652, 99]], [[651, 98]], [[651, 97]], [[650, 96]], [[650, 95]], [[649, 94]], [[649, 93]], [[649, 92]], [[649, 91]], [[649, 90]], [[650, 89]], [[650, 88]], [[650, 87]], [[651, 86]], [[651, 85]], [[652, 84]], [[652, 83]], [[652, 82]], [[652, 81]], [[653, 80]], [[653, 79]], [[653, 78]], [[653, 77]], [[653, 76]], [[653, 75]], [[653, 74]], [[653, 73]], [[653, 72]], [[653, 71]], [[652, 70]], [[652, 69]], [[652, 68]], [[651, 67]], [[650, 66]], [[649, 67]], [[648, 67]], [[647, 68]], [[646, 68]], [[645, 68]], [[644, 68]], [[643, 69]], [[642, 69]], [[641, 70]], [[640, 70]], [[639, 70]], [[638, 71]], [[637, 71]], [[636, 72]], [[635, 72]], [[634, 72]], [[633, 71]], [[634, 70]], [[635, 70]], [[636, 69]], [[637, 69]], [[638, 68]], [[639, 67]], [[639, 66]], [[640, 65]], [[640, 64]], [[641, 63]], [[641, 62]], [[641, 61]], [[641, 60]], [[642, 59]], [[641, 58]], [[641, 57]], [[641, 56]], [[641, 55]], [[640, 54]], [[640, 53]], [[640, 52]], [[640, 51]], [[640, 50]], [[640, 49]], [[640, 48]], [[639, 47]], [[639, 46]], [[638, 45]], [[638, 44]], [[637, 44]], [[636, 43]], [[636, 42]], [[635, 42]], [[634, 42]], [[633, 41]], [[632, 41]], [[631, 41]], [[630, 41]], [[629, 40]], [[628, 40]]]","[[[[602, 62], [601, 63], [601, 64], [601, 65], [601, 66], [600, 67], [600, 68], [600, 69], [600, 70], [600, 71], [601, 72], [602, 73], [602, 74], [602, 75], [602, 76], [603, 77], [604, 77], [604, 76], [604, 75], [604, 74], [605, 73], [605, 72], [604, 71], [604, 70], [604, 69], [603, 68], [602, 67], [602, 66], [602, 65], [603, 64], [604, 63], [603, 62]]], [], [[[678, 119], [678, 120], [677, 121], [677, 122], [677, 123], [678, 124], [678, 125], [677, 126], [677, 127], [677, 128], [677, 129], [676, 130], [676, 131], [675, 132], [674, 133], [673, 133], [672, 133], [671, 134], [670, 135], [669, 135], [668, 136], [667, 135], [666, 135], [665, 135], [664, 134], [663, 134], [663, 135], [663, 136], [663, 137], [662, 138], [661, 137], [661, 136], [661, 135], [661, 134], [660, 133], [660, 132], [660, 131], [659, 131], [658, 130], [657, 130], [656, 129], [655, 129], [654, 129], [653, 128], [652, 127], [651, 127], [650, 127], [649, 126], [648, 126], [647, 125], [646, 124], [646, 125], [647, 126], [648, 126], [649, 127], [650, 128], [651, 129], [652, 130], [651, 131], [650, 131], [650, 132], [649, 133], [648, 133], [647, 134], [646, 134], [645, 134], [644, 135], [643, 135], [644, 136], [644, 137], [645, 137], [646, 137], [647, 137], [648, 136], [649, 136], [650, 135], [651, 134], [652, 134], [653, 133], [654, 133], [655, 134], [656, 135], [657, 136], [658, 137], [659, 137], [660, 138], [661, 138], [662, 138], [663, 139], [664, 139], [665, 138], [666, 138], [667, 137], [668, 137], [669, 137], [670, 136], [671, 137], [672, 137], [673, 137], [674, 136], [675, 135], [675, 134], [676, 133], [677, 132], [678, 131], [679, 131], [679, 130], [679, 129], [680, 128], [679, 127], [679, 126], [679, 125], [678, 124], [678, 123], [678, 122], [678, 121], [678, 120], [679, 119]]], [[[684, 69], [684, 70], [684, 71], [684, 72], [684, 73], [684, 74], [683, 75], [682, 75], [681, 75], [680, 76], [679, 76], [678, 77], [677, 78], [677, 79], [676, 80], [676, 81], [675, 82], [674, 83], [673, 84], [673, 85], [672, 86], [671, 87], [670, 87], [669, 86], [669, 85], [669, 84], [668, 84], [667, 84], [666, 83], [665, 83], [664, 83], [663, 84], [662, 85], [661, 85], [660, 86], [660, 87], [661, 88], [661, 89], [661, 90], [661, 91], [662, 90], [663, 90], [664, 90], [665, 90], [666, 90], [667, 91], [668, 92], [668, 93], [668, 94], [669, 94], [670, 95], [671, 96], [672, 97], [672, 98], [673, 99], [673, 100], [674, 101], [673, 102], [672, 103], [671, 104], [670, 104], [669, 103], [668, 103], [668, 104], [669, 105], [669, 106], [669, 107], [670, 108], [671, 108], [671, 107], [671, 106], [672, 105], [673, 105], [674, 106], [675, 107], [675, 108], [674, 109], [673, 109], [673, 110], [673, 111], [674, 112], [675, 113], [676, 114], [676, 115], [677, 116], [678, 116], [679, 115], [679, 114], [679, 113], [679, 112], [678, 112], [677, 111], [677, 110], [677, 109], [677, 108], [677, 107], [677, 106], [677, 105], [677, 104], [677, 103], [677, 102], [677, 101], [677, 100], [677, 99], [678, 98], [677, 97], [676, 97], [675, 96], [675, 95], [675, 94], [675, 93], [675, 92], [675, 91], [676, 90], [676, 89], [677, 88], [677, 87], [678, 86], [679, 86], [680, 85], [680, 84], [681, 83], [682, 82], [683, 82], [684, 82], [685, 81], [686, 81], [687, 81], [688, 82], [689, 82], [690, 83], [690, 84], [691, 85], [691, 86], [691, 87], [692, 88], [692, 89], [692, 90], [693, 91], [693, 92], [694, 92], [695, 92], [696, 91], [696, 90], [696, 89], [695, 88], [694, 87], [694, 86], [693, 85], [693, 84], [693, 83], [693, 82], [693, 81], [692, 80], [691, 81], [690, 82], [689, 81], [689, 80], [688, 80], [687, 79], [687, 78], [687, 77], [687, 76], [687, 75], [686, 74], [686, 73], [686, 72], [686, 71], [685, 70]]], [[[643, 66], [642, 67], [641, 67], [640, 67], [639, 68], [638, 69], [637, 70], [636, 70], [635, 71], [634, 71], [635, 71], [636, 71], [637, 70], [638, 70], [639, 69], [640, 69], [641, 68], [642, 68], [643, 67], [644, 67], [645, 66], [646, 66], [647, 66], [646, 66], [645, 66], [644, 66]]]]","[123, [], 124, 125, 126]"
164,164,"[[[687, 27]], [[688, 28]], [[687, 29]], [[687, 30]], [[686, 31]], [[685, 31]], [[684, 31]], [[683, 32]], [[682, 32]], [[681, 33]], [[680, 33]], [[680, 34]], [[679, 35]], [[678, 36]], [[677, 37]], [[676, 38]], [[676, 39]], [[675, 40]], [[675, 41]], [[676, 42]], [[676, 43]], [[676, 44]], [[677, 45]], [[678, 46]], [[679, 47]], [[680, 47]], [[681, 47]], [[682, 47]], [[683, 48]], [[684, 49]], [[685, 49]], [[686, 49]], [[687, 48]], [[688, 47]], [[688, 46]], [[688, 45]], [[689, 44]], [[688, 43]], [[688, 42]], [[688, 41]], [[688, 40]], [[689, 39]], [[689, 38]], [[690, 37]], [[690, 36]], [[690, 35]], [[691, 34]], [[692, 33]], [[692, 32]], [[692, 31]], [[691, 30]], [[690, 29]], [[689, 28]], [[689, 27]], [[688, 27]]]","[[], [[[686, 8], [685, 9], [684, 9], [683, 10], [682, 10], [681, 11], [680, 11], [679, 12], [678, 12], [677, 12], [676, 12], [675, 12], [674, 13], [673, 13], [672, 13], [671, 13], [672, 14], [673, 14], [674, 14], [675, 15], [676, 16], [677, 16], [678, 16], [679, 16], [680, 15], [681, 16], [682, 16], [683, 17], [683, 18], [684, 17], [685, 17], [686, 18], [687, 19], [687, 20], [687, 21], [688, 21], [689, 22], [690, 22], [691, 22], [692, 22], [693, 22], [694, 23], [694, 24], [694, 25], [694, 26], [693, 27], [692, 27], [691, 28], [692, 28], [693, 27], [694, 27], [695, 27], [696, 27], [695, 26], [695, 25], [695, 24], [695, 23], [695, 22], [694, 21], [693, 22], [692, 22], [691, 21], [690, 20], [690, 19], [690, 18], [691, 17], [690, 16], [690, 15], [690, 14], [690, 13], [690, 12], [689, 11], [688, 10], [687, 9]]]]","[[], 127]"
165,165,"[[[309, 17]], [[308, 18]], [[307, 19]], [[306, 20]], [[305, 20]], [[304, 20]], [[303, 21]], [[302, 21]], [[301, 22]], [[300, 23]], [[299, 24]], [[298, 24]], [[297, 25]], [[296, 26]], [[295, 26]], [[294, 27]], [[293, 28]], [[292, 29]], [[291, 30]], [[290, 31]], [[289, 32]], [[288, 33]], [[287, 33]], [[287, 34]], [[287, 35]], [[287, 36]], [[287, 37]], [[287, 38]], [[286, 39]], [[286, 40]], [[286, 41]], [[286, 42]], [[286, 43]], [[286, 44]], [[286, 45]], [[287, 46]], [[287, 47]], [[287, 48]], [[288, 48]], [[289, 48]], [[290, 48]], [[291, 48]], [[292, 48]], [[293, 48]], [[294, 48]], [[295, 48]], [[296, 47]], [[297, 47]], [[298, 46]], [[299, 45]], [[300, 44]], [[301, 43]], [[302, 43]], [[303, 42]], [[304, 42]], [[305, 41]], [[306, 40]], [[307, 39]], [[308, 39]], [[309, 39]], [[310, 38]], [[311, 38]], [[312, 38]], [[313, 37]], [[314, 36]], [[315, 35]], [[316, 34]], [[316, 33]], [[316, 32]], [[316, 31]], [[316, 30]], [[316, 29]], [[315, 28]], [[315, 27]], [[315, 26]], [[314, 25]], [[314, 24]], [[314, 23]], [[314, 22]], [[313, 21]], [[313, 20]], [[312, 19]], [[311, 18]], [[310, 17]]]",[[]],[]
166,166,"[[[210, 17]], [[210, 18]], [[209, 19]], [[209, 20]], [[208, 21]], [[207, 22]], [[206, 22]], [[205, 22]], [[205, 23]], [[204, 24]], [[203, 25]], [[203, 26]], [[203, 27]], [[203, 28]], [[203, 29]], [[203, 30]], [[203, 31]], [[204, 31]], [[205, 31]], [[205, 30]], [[206, 29]], [[207, 28]], [[208, 27]], [[209, 26]], [[210, 25]], [[210, 24]], [[210, 23]], [[211, 22]], [[211, 21]], [[212, 20]], [[212, 19]], [[211, 18]]]",[],[]
167,167,"[[[232, 11]], [[231, 12]], [[230, 12]], [[229, 13]], [[228, 14]], [[227, 14]], [[227, 15]], [[226, 16]], [[226, 17]], [[226, 18]], [[225, 19]], [[224, 20]], [[224, 21]], [[224, 22]], [[224, 23]], [[224, 24]], [[225, 25]], [[225, 26]], [[225, 27]], [[225, 28]], [[226, 29]], [[227, 29]], [[228, 30]], [[229, 31]], [[230, 32]], [[230, 33]], [[231, 33]], [[232, 34]], [[233, 35]], [[234, 35]], [[235, 36]], [[236, 36]], [[237, 36]], [[238, 36]], [[239, 36]], [[240, 36]], [[241, 36]], [[242, 35]], [[243, 36]], [[244, 36]], [[245, 36]], [[246, 36]], [[247, 36]], [[248, 36]], [[249, 37]], [[250, 37]], [[251, 37]], [[252, 37]], [[253, 37]], [[254, 36]], [[255, 35]], [[255, 34]], [[255, 33]], [[256, 32]], [[256, 31]], [[257, 30]], [[257, 29]], [[256, 28]], [[256, 27]], [[255, 26]], [[255, 25]], [[256, 24]], [[256, 23]], [[255, 22]], [[254, 21]], [[254, 20]], [[253, 20]], [[252, 19]], [[251, 19]], [[250, 19]], [[249, 20]], [[248, 20]], [[247, 20]], [[246, 20]], [[245, 19]], [[244, 19]], [[243, 18]], [[242, 18]], [[241, 17]], [[240, 16]], [[239, 15]], [[239, 14]], [[238, 13]], [[237, 12]], [[236, 12]], [[235, 12]], [[234, 12]], [[233, 12]]]","[[[[242, 2], [243, 3], [242, 4], [241, 5], [240, 6], [239, 6], [238, 7], [237, 7], [236, 7], [235, 7], [234, 8], [233, 7], [232, 7], [231, 8], [230, 9], [229, 9], [229, 10], [230, 10], [231, 10], [232, 10], [233, 10], [234, 11], [235, 10], [236, 10], [237, 10], [238, 11], [239, 11], [240, 10], [240, 9], [241, 8], [242, 8], [243, 8], [244, 8], [244, 7], [244, 6], [244, 5], [244, 4], [243, 3], [243, 2]]], []]","[128, []]"
168,168,"[[[421, 6]], [[420, 7]], [[419, 8]], [[418, 9]], [[418, 10]], [[417, 11]], [[416, 12]], [[415, 13]], [[414, 13]], [[413, 13]], [[412, 13]], [[411, 13]], [[410, 14]], [[409, 14]], [[409, 15]], [[408, 16]], [[407, 17]], [[406, 18]], [[405, 18]], [[404, 19]], [[403, 19]], [[402, 19]], [[401, 19]], [[400, 19]], [[399, 20]], [[398, 20]], [[398, 21]], [[397, 22]], [[396, 23]], [[396, 24]], [[395, 25]], [[395, 26]], [[395, 27]], [[395, 28]], [[395, 29]], [[395, 30]], [[395, 31]], [[395, 32]], [[394, 33]], [[393, 34]], [[393, 35]], [[392, 36]], [[391, 37]], [[390, 38]], [[390, 39]], [[390, 40]], [[389, 41]], [[389, 42]], [[389, 43]], [[389, 44]], [[389, 45]], [[389, 46]], [[390, 47]], [[390, 48]], [[390, 49]], [[390, 50]], [[390, 51]], [[391, 52]], [[391, 53]], [[391, 54]], [[392, 54]], [[393, 54]], [[394, 55]], [[394, 56]], [[394, 57]], [[395, 58]], [[396, 59]], [[396, 60]], [[397, 61]], [[398, 62]], [[399, 63]], [[400, 63]], [[401, 63]], [[402, 64]], [[403, 65]], [[403, 66]], [[404, 67]], [[405, 68]], [[406, 69]], [[407, 69]], [[408, 70]], [[409, 71]], [[410, 71]], [[411, 72]], [[412, 72]], [[413, 72]], [[414, 72]], [[415, 73]], [[415, 74]], [[415, 75]], [[414, 76]], [[413, 76]], [[412, 76]], [[411, 76]], [[410, 76]], [[409, 77]], [[408, 78]], [[407, 78]], [[407, 79]], [[407, 80]], [[407, 81]], [[407, 82]], [[406, 83]], [[406, 84]], [[407, 85]], [[407, 86]], [[407, 87]], [[408, 88]], [[409, 89]], [[410, 90]], [[411, 91]], [[411, 92]], [[412, 92]], [[413, 92]], [[414, 92]], [[415, 92]], [[416, 92]], [[417, 91]], [[418, 90]], [[419, 89]], [[419, 88]], [[420, 87]], [[420, 86]], [[420, 85]], [[421, 84]], [[421, 83]], [[422, 82]], [[422, 81]], [[421, 80]], [[421, 79]], [[420, 78]], [[420, 77]], [[420, 76]], [[421, 75]], [[422, 75]], [[423, 75]], [[424, 74]], [[425, 74]], [[426, 74]], [[427, 73]], [[428, 73]], [[429, 72]], [[430, 71]], [[431, 70]], [[432, 70]], [[433, 69]], [[434, 69]], [[435, 69]], [[436, 69]], [[437, 69]], [[438, 69]], [[439, 69]], [[440, 69]], [[441, 69]], [[442, 69]], [[443, 69]], [[444, 68]], [[445, 67]], [[446, 66]], [[446, 65]], [[447, 64]], [[448, 63]], [[449, 63]], [[450, 62]], [[451, 61]], [[452, 60]], [[452, 59]], [[452, 58]], [[453, 57]], [[453, 56]], [[453, 55]], [[453, 54]], [[453, 53]], [[453, 52]], [[453, 51]], [[454, 50]], [[455, 49]], [[456, 48]], [[456, 47]], [[457, 46]], [[458, 45]], [[458, 44]], [[458, 43]], [[458, 42]], [[459, 41]], [[459, 40]], [[458, 39]], [[458, 38]], [[458, 37]], [[458, 36]], [[458, 35]], [[458, 34]], [[458, 33]], [[457, 32]], [[456, 31]], [[456, 30]], [[455, 29]], [[455, 28]], [[455, 27]], [[454, 26]], [[453, 25]], [[452, 24]], [[451, 23]], [[450, 22]], [[450, 21]], [[450, 20]], [[449, 19]], [[449, 18]], [[449, 17]], [[448, 16]], [[448, 15]], [[447, 15]], [[446, 15]], [[445, 15]], [[444, 15]], [[443, 15]], [[442, 16]], [[441, 17]], [[440, 18]], [[439, 18]], [[438, 17]], [[437, 16]], [[437, 15]], [[437, 14]], [[436, 13]], [[436, 12]], [[436, 11]], [[436, 10]], [[435, 10]], [[434, 9]], [[433, 8]], [[432, 8]], [[431, 7]], [[430, 7]], [[429, 7]], [[428, 7]], [[427, 8]], [[426, 8]], [[425, 7]], [[424, 7]], [[423, 7]], [[422, 6]]]",[[]],[]
169,169,"[[[780, 4]], [[779, 5]], [[778, 5]], [[777, 5]], [[776, 6]], [[775, 6]], [[774, 6]], [[773, 7]], [[772, 8]], [[771, 9]], [[771, 10]], [[771, 11]], [[771, 12]], [[770, 13]], [[769, 13]], [[768, 12]], [[767, 11]], [[766, 12]], [[765, 11]], [[764, 11]], [[763, 11]], [[762, 11]], [[761, 12]], [[760, 12]], [[759, 13]], [[758, 13]], [[757, 14]], [[756, 14]], [[755, 15]], [[754, 16]], [[753, 16]], [[753, 17]], [[752, 18]], [[752, 19]], [[751, 20]], [[750, 21]], [[749, 22]], [[748, 22]], [[747, 23]], [[746, 23]], [[745, 23]], [[744, 24]], [[744, 25]], [[743, 26]], [[742, 26]], [[741, 27]], [[740, 28]], [[739, 29]], [[738, 30]], [[737, 30]], [[736, 31]], [[735, 31]], [[734, 31]], [[733, 31]], [[732, 32]], [[731, 32]], [[730, 33]], [[729, 33]], [[729, 34]], [[728, 35]], [[727, 36]], [[726, 37]], [[725, 38]], [[724, 39]], [[723, 38]], [[723, 37]], [[722, 37]], [[721, 37]], [[720, 36]], [[720, 35]], [[719, 34]], [[718, 33]], [[717, 33]], [[716, 33]], [[715, 33]], [[714, 32]], [[713, 31]], [[712, 31]], [[711, 31]], [[710, 31]], [[709, 31]], [[708, 31]], [[707, 31]], [[706, 32]], [[705, 32]], [[704, 32]], [[703, 33]], [[702, 34]], [[701, 35]], [[701, 36]], [[700, 37]], [[700, 38]], [[699, 39]], [[698, 40]], [[697, 40]], [[696, 40]], [[695, 40]], [[694, 40]], [[694, 41]], [[693, 42]], [[692, 43]], [[692, 44]], [[692, 45]], [[692, 46]], [[692, 47]], [[692, 48]], [[692, 49]], [[693, 50]], [[693, 51]], [[694, 52]], [[695, 53]], [[696, 53]], [[697, 54]], [[698, 54]], [[699, 54]], [[700, 55]], [[700, 56]], [[701, 56]], [[702, 56]], [[703, 57]], [[704, 58]], [[705, 59]], [[706, 60]], [[707, 61]], [[708, 61]], [[709, 62]], [[710, 62]], [[711, 63]], [[711, 64]], [[712, 65]], [[713, 65]], [[714, 66]], [[715, 66]], [[716, 66]], [[717, 67]], [[717, 68]], [[718, 68]], [[719, 69]], [[719, 70]], [[718, 71]], [[719, 72]], [[720, 72]], [[721, 72]], [[722, 72]], [[722, 71]], [[723, 70]], [[724, 70]], [[725, 69]], [[726, 69]], [[727, 69]], [[728, 69]], [[729, 69]], [[730, 68]], [[731, 68]], [[732, 68]], [[733, 67]], [[734, 67]], [[735, 67]], [[736, 67]], [[737, 68]], [[738, 68]], [[739, 67]], [[740, 68]], [[741, 69]], [[741, 70]], [[741, 71]], [[742, 72]], [[743, 73]], [[743, 74]], [[744, 75]], [[744, 76]], [[745, 77]], [[746, 77]], [[747, 78]], [[748, 78]], [[749, 78]], [[750, 78]], [[751, 78]], [[752, 78]], [[752, 77]], [[753, 76]], [[754, 75]], [[755, 75]], [[756, 75]], [[757, 74]], [[757, 73]], [[758, 72]], [[759, 71]], [[759, 70]], [[759, 69]], [[760, 68]], [[760, 67]], [[760, 66]], [[760, 65]], [[760, 64]], [[759, 63]], [[759, 62]], [[758, 61]], [[759, 60]], [[759, 59]], [[759, 58]], [[759, 57]], [[760, 56]], [[760, 55]], [[760, 54]], [[760, 53]], [[760, 52]], [[760, 51]], [[759, 50]], [[759, 49]], [[758, 49]], [[757, 49]], [[756, 48]], [[755, 48]], [[754, 48]], [[753, 48]], [[752, 48]], [[751, 48]], [[750, 48]], [[749, 48]], [[748, 48]], [[747, 47]], [[748, 46]], [[749, 46]], [[750, 46]], [[751, 46]], [[752, 46]], [[753, 46]], [[754, 45]], [[755, 45]], [[756, 45]], [[757, 44]], [[758, 43]], [[759, 42]], [[760, 41]], [[761, 41]], [[762, 40]], [[763, 39]], [[763, 38]], [[764, 37]], [[765, 36]], [[766, 35]], [[767, 35]], [[768, 34]], [[769, 33]], [[770, 34]], [[770, 35]], [[770, 36]], [[769, 37]], [[768, 37]], [[767, 38]], [[766, 39]], [[765, 40]], [[764, 41]], [[763, 42]], [[764, 43]], [[764, 44]], [[765, 45]], [[766, 46]], [[767, 47]], [[768, 47]], [[769, 48]], [[770, 47]], [[771, 47]], [[772, 46]], [[773, 46]], [[774, 46]], [[774, 45]], [[775, 44]], [[775, 43]], [[776, 42]], [[777, 41]], [[777, 40]], [[777, 39]], [[777, 38]], [[777, 37]], [[777, 36]], [[777, 35]], [[777, 34]], [[776, 34]], [[775, 33]], [[774, 32]], [[773, 32]], [[772, 32]], [[771, 32]], [[770, 32]], [[769, 31]], [[769, 30]], [[769, 29]], [[769, 28]], [[769, 27]], [[769, 26]], [[769, 25]], [[769, 24]], [[769, 23]], [[770, 22]], [[771, 22]], [[771, 21]], [[771, 20]], [[771, 19]], [[772, 18]], [[773, 19]], [[774, 19]], [[775, 20]], [[776, 21]], [[776, 22]], [[777, 22]], [[778, 23]], [[777, 24]], [[777, 25]], [[776, 26]], [[777, 27]], [[777, 26]], [[777, 25]], [[778, 24]], [[779, 24]], [[780, 24]], [[781, 23]], [[782, 23]], [[783, 22]], [[784, 22]], [[785, 22]], [[786, 22]], [[787, 23]], [[788, 23]], [[787, 22]], [[788, 21]], [[787, 20]], [[787, 19]], [[788, 18]], [[789, 17]], [[790, 16]], [[790, 15]], [[790, 14]], [[790, 13]], [[789, 12]], [[788, 11]], [[787, 10]], [[786, 10]], [[785, 9]], [[785, 8]], [[784, 7]], [[783, 6]], [[782, 5]], [[781, 4]]]","[[[[771, 2], [770, 3], [769, 4], [768, 5], [767, 5], [766, 4], [765, 4], [764, 5], [763, 6], [762, 6], [761, 7], [760, 8], [759, 8], [758, 9], [757, 9], [756, 10], [755, 10], [754, 10], [753, 11], [752, 11], [751, 12], [750, 12], [749, 11], [748, 12], [748, 13], [749, 13], [750, 13], [751, 14], [752, 14], [753, 15], [754, 15], [755, 14], [756, 13], [757, 13], [758, 12], [759, 12], [760, 11], [761, 11], [762, 10], [763, 10], [764, 10], [765, 10], [766, 11], [767, 10], [768, 10], [769, 10], [769, 9], [770, 8], [771, 7], [772, 6], [773, 6], [774, 5], [775, 5], [776, 4], [777, 4], [778, 3], [779, 3], [779, 2], [778, 2], [777, 2], [776, 2], [775, 2], [774, 2], [773, 2], [772, 2]]], [], [[[736, 27], [736, 28], [735, 29], [734, 28], [733, 28], [732, 28], [731, 29], [730, 29], [729, 30], [728, 31], [727, 32], [726, 32], [726, 33], [725, 34], [725, 35], [725, 36], [724, 37], [724, 38], [725, 37], [726, 36], [726, 35], [727, 34], [728, 33], [729, 32], [730, 31], [731, 30], [732, 30], [733, 29], [734, 29], [735, 29], [736, 30], [737, 29], [738, 28], [739, 27], [738, 27], [737, 27]]], [[[733, 69], [732, 70], [731, 71], [730, 70], [729, 70], [728, 70], [727, 70], [726, 70], [725, 70], [725, 71], [725, 72], [726, 73], [727, 73], [728, 74], [729, 75], [729, 76], [728, 77], [727, 77], [726, 76], [725, 76], [724, 77], [723, 78], [722, 77], [721, 76], [720, 77], [719, 76], [718, 77], [718, 78], [717, 79], [717, 80], [716, 81], [716, 82], [716, 83], [716, 84], [717, 83], [718, 84], [719, 85], [718, 84], [718, 83], [718, 82], [719, 81], [720, 81], [721, 81], [722, 82], [723, 82], [724, 83], [724, 82], [724, 81], [725, 80], [726, 79], [727, 78], [728, 77], [729, 77], [729, 76], [730, 75], [731, 74], [732, 73], [733, 73], [734, 73], [735, 73], [736, 73], [736, 72], [736, 71], [736, 70], [736, 69], [735, 69], [734, 69]]], [[[770, 33], [769, 34], [768, 35], [767, 36], [766, 36], [765, 37], [764, 38], [764, 39], [763, 40], [762, 41], [761, 42], [760, 42], [759, 43], [758, 44], [757, 45], [756, 46], [755, 46], [754, 46], [753, 47], [752, 47], [751, 47], [750, 47], [749, 47], [748, 47], [749, 47], [750, 47], [751, 47], [752, 47], [753, 47], [754, 47], [755, 47], [756, 47], [757, 48], [758, 47], [759, 47], [760, 47], [761, 48], [761, 49], [761, 50], [762, 51], [763, 50], [764, 49], [764, 48], [763, 47], [762, 46], [762, 45], [761, 44], [761, 43], [762, 42], [763, 41], [764, 40], [765, 39], [766, 38], [767, 37], [768, 36], [769, 35], [769, 34]]], [[[772, 19], [772, 20], [772, 21], [772, 22], [771, 23], [770, 23], [770, 24], [770, 25], [770, 26], [770, 27], [770, 28], [770, 29], [770, 30], [770, 31], [771, 31], [772, 31], [773, 31], [774, 31], [775, 31], [776, 32], [777, 32], [778, 32], [778, 31], [777, 31], [776, 30], [775, 30], [774, 29], [774, 28], [774, 27], [774, 26], [774, 25], [775, 24], [775, 23], [775, 22], [774, 21], [774, 20], [773, 20]]], [[[792, 15], [792, 16], [792, 17], [792, 18], [791, 19], [790, 20], [790, 21], [791, 22], [791, 23], [791, 24], [791, 25], [790, 26], [789, 26], [788, 27], [787, 27], [787, 28], [787, 29], [787, 30], [788, 31], [789, 31], [790, 31], [791, 31], [791, 30], [792, 29], [793, 28], [794, 27], [794, 26], [795, 25], [796, 24], [796, 23], [797, 22], [796, 21], [796, 20], [796, 19], [795, 18], [795, 17], [794, 17], [793, 16], [793, 15]]]]","[129, [], 130, 131, 132, 133, 134]"
