,ncm_ind,ncm_cordi,pore,pore_ind
0,0,"[[[279, 1160]], [[278, 1161]], [[277, 1162]], [[276, 1163]], [[276, 1164]], [[276, 1165]], [[276, 1166]], [[276, 1167]], [[276, 1168]], [[276, 1169]], [[275, 1170]], [[274, 1171]], [[273, 1172]], [[272, 1172]], [[273, 1173]], [[273, 1174]], [[273, 1175]], [[274, 1176]], [[275, 1176]], [[276, 1176]], [[277, 1176]], [[278, 1176]], [[279, 1175]], [[280, 1175]], [[281, 1174]], [[282, 1173]], [[282, 1172]], [[282, 1171]], [[282, 1170]], [[282, 1169]], [[283, 1168]], [[283, 1167]], [[283, 1166]], [[283, 1165]], [[283, 1164]], [[283, 1163]], [[283, 1162]], [[283, 1161]], [[282, 1160]], [[281, 1160]], [[280, 1160]]]","[[[[266, 1171], [267, 1172], [267, 1173], [268, 1174], [267, 1175], [266, 1175], [265, 1175], [265, 1176], [265, 1177], [266, 1177], [267, 1176], [267, 1175], [268, 1174], [269, 1175], [270, 1176], [271, 1177], [271, 1178], [272, 1179], [272, 1178], [271, 1177], [271, 1176], [271, 1175], [271, 1174], [271, 1173], [270, 1173], [269, 1173], [268, 1172], [268, 1171], [267, 1171]]], []]","[0, []]"
1,1,"[[[163, 1146]], [[162, 1147]], [[161, 1147]], [[160, 1147]], [[159, 1148]], [[159, 1149]], [[158, 1150]], [[158, 1151]], [[158, 1152]], [[158, 1153]], [[158, 1154]], [[158, 1155]], [[158, 1156]], [[158, 1157]], [[158, 1158]], [[158, 1159]], [[158, 1160]], [[158, 1161]], [[159, 1162]], [[159, 1163]], [[160, 1164]], [[160, 1165]], [[161, 1166]], [[161, 1167]], [[162, 1168]], [[162, 1169]], [[162, 1170]], [[162, 1171]], [[163, 1172]], [[163, 1173]], [[163, 1174]], [[164, 1175]], [[165, 1176]], [[166, 1176]], [[167, 1177]], [[168, 1177]], [[169, 1177]], [[170, 1177]], [[171, 1177]], [[172, 1177]], [[173, 1177]], [[174, 1177]], [[175, 1177]], [[176, 1177]], [[177, 1176]], [[178, 1176]], [[179, 1175]], [[180, 1175]], [[181, 1174]], [[181, 1173]], [[181, 1172]], [[181, 1171]], [[180, 1170]], [[180, 1169]], [[179, 1168]], [[179, 1167]], [[179, 1166]], [[179, 1165]], [[180, 1164]], [[181, 1165]], [[181, 1164]], [[181, 1163]], [[182, 1162]], [[182, 1161]], [[181, 1161]], [[180, 1160]], [[179, 1159]], [[178, 1158]], [[178, 1157]], [[179, 1156]], [[179, 1155]], [[179, 1154]], [[178, 1153]], [[178, 1152]], [[177, 1152]], [[176, 1151]], [[175, 1150]], [[175, 1149]], [[175, 1148]], [[174, 1147]], [[173, 1147]], [[172, 1146]], [[171, 1146]], [[170, 1146]], [[169, 1146]], [[168, 1146]], [[167, 1146]], [[166, 1146]], [[165, 1146]], [[164, 1146]]]",[[]],[]
2,2,"[[[389, 1114]], [[388, 1115]], [[387, 1115]], [[386, 1115]], [[385, 1116]], [[384, 1117]], [[383, 1118]], [[382, 1119]], [[382, 1120]], [[382, 1121]], [[381, 1122]], [[381, 1123]], [[381, 1124]], [[381, 1125]], [[381, 1126]], [[382, 1127]], [[382, 1128]], [[382, 1129]], [[382, 1130]], [[382, 1131]], [[383, 1132]], [[384, 1132]], [[385, 1132]], [[386, 1131]], [[387, 1130]], [[388, 1129]], [[388, 1128]], [[389, 1127]], [[390, 1127]], [[391, 1127]], [[391, 1126]], [[391, 1125]], [[391, 1124]], [[392, 1123]], [[392, 1122]], [[392, 1121]], [[393, 1120]], [[393, 1119]], [[393, 1118]], [[394, 1117]], [[394, 1116]], [[394, 1115]], [[394, 1114]], [[393, 1114]], [[392, 1114]], [[391, 1114]], [[390, 1114]]]",[[]],[]
3,3,"[[[584, 1113]], [[583, 1114]], [[582, 1114]], [[582, 1115]], [[581, 1116]], [[580, 1116]], [[579, 1117]], [[578, 1117]], [[577, 1118]], [[576, 1119]], [[575, 1120]], [[574, 1120]], [[573, 1120]], [[572, 1121]], [[571, 1121]], [[570, 1122]], [[569, 1122]], [[568, 1123]], [[567, 1123]], [[566, 1124]], [[565, 1124]], [[565, 1125]], [[564, 1126]], [[563, 1127]], [[562, 1128]], [[561, 1129]], [[561, 1130]], [[560, 1131]], [[560, 1132]], [[560, 1133]], [[559, 1134]], [[559, 1135]], [[558, 1136]], [[558, 1137]], [[558, 1138]], [[558, 1139]], [[557, 1140]], [[557, 1141]], [[557, 1142]], [[556, 1143]], [[556, 1144]], [[557, 1145]], [[557, 1146]], [[556, 1147]], [[556, 1148]], [[556, 1149]], [[556, 1150]], [[556, 1151]], [[557, 1152]], [[557, 1153]], [[558, 1154]], [[559, 1155]], [[560, 1155]], [[561, 1155]], [[562, 1156]], [[563, 1155]], [[564, 1155]], [[565, 1155]], [[566, 1155]], [[567, 1155]], [[568, 1155]], [[569, 1156]], [[570, 1156]], [[571, 1155]], [[572, 1155]], [[573, 1154]], [[574, 1153]], [[575, 1153]], [[576, 1153]], [[577, 1153]], [[578, 1153]], [[579, 1153]], [[580, 1153]], [[581, 1153]], [[582, 1153]], [[583, 1153]], [[584, 1152]], [[585, 1153]], [[586, 1153]], [[587, 1152]], [[588, 1152]], [[589, 1152]], [[590, 1151]], [[591, 1150]], [[592, 1149]], [[592, 1148]], [[592, 1147]], [[592, 1146]], [[592, 1145]], [[592, 1144]], [[592, 1143]], [[592, 1142]], [[593, 1141]], [[592, 1140]], [[592, 1139]], [[592, 1138]], [[592, 1137]], [[591, 1136]], [[590, 1135]], [[590, 1134]], [[590, 1133]], [[590, 1132]], [[590, 1131]], [[590, 1130]], [[590, 1129]], [[590, 1128]], [[590, 1127]], [[590, 1126]], [[591, 1125]], [[591, 1124]], [[591, 1123]], [[591, 1122]], [[590, 1121]], [[590, 1120]], [[590, 1119]], [[590, 1118]], [[590, 1117]], [[590, 1116]], [[589, 1115]], [[588, 1114]], [[587, 1114]], [[586, 1113]], [[585, 1113]]]",[[]],[]
4,4,"[[[581, 1070]], [[581, 1071]], [[580, 1072]], [[579, 1072]], [[578, 1073]], [[577, 1074]], [[576, 1074]], [[576, 1075]], [[575, 1076]], [[575, 1077]], [[575, 1078]], [[575, 1079]], [[575, 1080]], [[575, 1081]], [[575, 1082]], [[576, 1083]], [[576, 1084]], [[576, 1085]], [[576, 1086]], [[576, 1087]], [[577, 1088]], [[577, 1089]], [[578, 1090]], [[579, 1090]], [[580, 1091]], [[581, 1092]], [[582, 1093]], [[583, 1093]], [[584, 1093]], [[585, 1093]], [[586, 1093]], [[587, 1093]], [[588, 1093]], [[589, 1092]], [[590, 1091]], [[591, 1090]], [[592, 1090]], [[593, 1089]], [[594, 1088]], [[594, 1087]], [[594, 1086]], [[594, 1085]], [[594, 1084]], [[595, 1083]], [[595, 1082]], [[595, 1081]], [[595, 1080]], [[595, 1079]], [[594, 1078]], [[594, 1077]], [[593, 1076]], [[592, 1075]], [[591, 1074]], [[590, 1073]], [[589, 1073]], [[588, 1072]], [[587, 1072]], [[586, 1072]], [[585, 1071]], [[584, 1071]], [[583, 1070]], [[582, 1070]]]","[[], [[[572, 1084], [571, 1085], [570, 1086], [571, 1087], [571, 1088], [571, 1089], [571, 1090], [571, 1091], [571, 1092], [570, 1093], [569, 1094], [570, 1095], [571, 1094], [572, 1093], [573, 1093], [574, 1094], [575, 1095], [576, 1095], [577, 1095], [578, 1095], [579, 1095], [580, 1095], [581, 1096], [581, 1097], [582, 1097], [583, 1098], [584, 1098], [585, 1098], [586, 1098], [587, 1097], [588, 1096], [589, 1095], [589, 1094], [590, 1093], [591, 1092], [591, 1091], [590, 1092], [589, 1093], [588, 1094], [587, 1094], [586, 1094], [585, 1095], [584, 1096], [583, 1095], [582, 1094], [581, 1094], [580, 1094], [579, 1093], [578, 1092], [577, 1091], [576, 1091], [575, 1091], [574, 1092], [573, 1092], [572, 1091], [572, 1090], [573, 1089], [574, 1088], [573, 1087], [574, 1086], [574, 1085], [573, 1084]]]]","[[], 1]"
5,5,"[[[407, 1063]], [[406, 1064]], [[405, 1064]], [[404, 1064]], [[403, 1065]], [[402, 1065]], [[401, 1066]], [[400, 1066]], [[399, 1066]], [[398, 1067]], [[397, 1068]], [[396, 1068]], [[395, 1069]], [[394, 1070]], [[394, 1071]], [[395, 1072]], [[395, 1073]], [[395, 1074]], [[395, 1075]], [[395, 1076]], [[395, 1077]], [[395, 1078]], [[396, 1079]], [[396, 1080]], [[397, 1081]], [[398, 1082]], [[399, 1083]], [[400, 1083]], [[401, 1083]], [[402, 1083]], [[403, 1082]], [[404, 1082]], [[405, 1082]], [[406, 1082]], [[407, 1081]], [[408, 1080]], [[409, 1079]], [[410, 1079]], [[411, 1078]], [[412, 1077]], [[412, 1076]], [[412, 1075]], [[412, 1074]], [[412, 1073]], [[413, 1072]], [[413, 1071]], [[413, 1070]], [[413, 1069]], [[412, 1068]], [[412, 1067]], [[411, 1066]], [[410, 1065]], [[410, 1064]], [[409, 1063]], [[408, 1063]]]","[[[[412, 1040], [411, 1041], [410, 1042], [409, 1043], [408, 1043], [407, 1044], [406, 1044], [405, 1044], [404, 1045], [403, 1045], [402, 1045], [401, 1046], [400, 1046], [399, 1046], [398, 1046], [397, 1047], [396, 1047], [395, 1047], [394, 1046], [393, 1045], [393, 1044], [392, 1043], [393, 1044], [393, 1045], [393, 1046], [393, 1047], [393, 1048], [394, 1049], [393, 1050], [394, 1051], [394, 1052], [393, 1053], [392, 1054], [391, 1055], [390, 1056], [389, 1057], [389, 1058], [389, 1059], [389, 1060], [390, 1061], [391, 1062], [390, 1063], [389, 1064], [388, 1063], [388, 1062], [387, 1061], [386, 1060], [386, 1059], [385, 1059], [385, 1060], [386, 1061], [386, 1062], [387, 1063], [387, 1064], [387, 1065], [387, 1066], [387, 1067], [387, 1068], [388, 1068], [388, 1067], [389, 1066], [390, 1066], [391, 1066], [392, 1065], [392, 1064], [393, 1063], [394, 1062], [395, 1062], [396, 1062], [397, 1061], [397, 1060], [396, 1060], [395, 1060], [394, 1061], [393, 1061], [392, 1060], [392, 1059], [392, 1058], [392, 1057], [393, 1056], [394, 1055], [395, 1056], [396, 1056], [396, 1055], [396, 1054], [395, 1053], [395, 1052], [396, 1051], [397, 1050], [398, 1049], [399, 1048], [400, 1048], [401, 1047], [402, 1047], [403, 1047], [404, 1047], [405, 1048], [406, 1048], [407, 1048], [408, 1048], [409, 1047], [410, 1046], [411, 1047], [411, 1048], [410, 1049], [410, 1050], [411, 1050], [412, 1049], [413, 1048], [413, 1047], [414, 1046], [415, 1046], [416, 1046], [417, 1047], [417, 1048], [416, 1049], [415, 1050], [414, 1051], [414, 1052], [414, 1053], [415, 1054], [415, 1055], [415, 1056], [416, 1055], [417, 1054], [418, 1054], [419, 1054], [418, 1053], [418, 1052], [417, 1051], [416, 1050], [416, 1049], [417, 1048], [418, 1048], [419, 1047], [418, 1046], [418, 1045], [417, 1044], [417, 1043], [417, 1042], [416, 1041], [415, 1041], [414, 1041], [413, 1040]]], []]","[2, []]"
6,6,"[[[503, 1060]], [[502, 1061]], [[501, 1061]], [[500, 1061]], [[499, 1061]], [[498, 1061]], [[497, 1062]], [[496, 1062]], [[495, 1062]], [[494, 1063]], [[493, 1063]], [[492, 1064]], [[491, 1065]], [[491, 1066]], [[491, 1067]], [[490, 1068]], [[489, 1069]], [[488, 1070]], [[487, 1070]], [[486, 1071]], [[486, 1072]], [[485, 1073]], [[485, 1074]], [[484, 1075]], [[484, 1076]], [[485, 1077]], [[484, 1078]], [[484, 1079]], [[483, 1080]], [[482, 1080]], [[481, 1080]], [[481, 1081]], [[480, 1082]], [[480, 1083]], [[479, 1084]], [[479, 1085]], [[479, 1086]], [[479, 1087]], [[478, 1088]], [[478, 1089]], [[478, 1090]], [[478, 1091]], [[478, 1092]], [[477, 1093]], [[477, 1094]], [[476, 1095]], [[475, 1095]], [[475, 1096]], [[474, 1097]], [[473, 1098]], [[473, 1099]], [[473, 1100]], [[473, 1101]], [[473, 1102]], [[473, 1103]], [[473, 1104]], [[474, 1105]], [[474, 1106]], [[474, 1107]], [[475, 1108]], [[475, 1109]], [[476, 1110]], [[476, 1111]], [[477, 1112]], [[477, 1113]], [[478, 1113]], [[479, 1114]], [[480, 1115]], [[481, 1116]], [[482, 1117]], [[483, 1117]], [[484, 1116]], [[485, 1117]], [[486, 1118]], [[486, 1119]], [[487, 1120]], [[488, 1121]], [[488, 1122]], [[489, 1123]], [[489, 1124]], [[490, 1124]], [[491, 1125]], [[492, 1125]], [[493, 1126]], [[494, 1127]], [[495, 1128]], [[495, 1129]], [[496, 1130]], [[497, 1131]], [[498, 1131]], [[499, 1132]], [[499, 1133]], [[499, 1134]], [[499, 1135]], [[498, 1136]], [[497, 1137]], [[496, 1138]], [[495, 1138]], [[495, 1139]], [[495, 1140]], [[494, 1141]], [[494, 1142]], [[494, 1143]], [[495, 1144]], [[495, 1145]], [[495, 1146]], [[495, 1147]], [[496, 1148]], [[496, 1149]], [[497, 1150]], [[497, 1151]], [[498, 1152]], [[499, 1152]], [[500, 1152]], [[501, 1152]], [[502, 1152]], [[503, 1152]], [[504, 1152]], [[505, 1153]], [[506, 1154]], [[507, 1155]], [[508, 1155]], [[509, 1155]], [[510, 1155]], [[511, 1156]], [[512, 1157]], [[513, 1157]], [[514, 1157]], [[515, 1157]], [[516, 1156]], [[517, 1156]], [[518, 1156]], [[519, 1156]], [[520, 1156]], [[521, 1156]], [[522, 1156]], [[522, 1155]], [[523, 1154]], [[524, 1154]], [[525, 1153]], [[526, 1152]], [[527, 1151]], [[528, 1150]], [[529, 1149]], [[530, 1148]], [[530, 1147]], [[531, 1146]], [[531, 1145]], [[532, 1144]], [[532, 1143]], [[532, 1142]], [[532, 1141]], [[532, 1140]], [[531, 1139]], [[530, 1138]], [[529, 1138]], [[528, 1137]], [[527, 1137]], [[526, 1137]], [[525, 1136]], [[524, 1136]], [[523, 1136]], [[522, 1136]], [[521, 1136]], [[520, 1136]], [[519, 1136]], [[518, 1136]], [[517, 1136]], [[516, 1137]], [[515, 1138]], [[515, 1139]], [[514, 1140]], [[513, 1140]], [[512, 1141]], [[511, 1141]], [[510, 1140]], [[510, 1139]], [[510, 1138]], [[509, 1137]], [[508, 1136]], [[508, 1135]], [[509, 1134]], [[510, 1133]], [[511, 1133]], [[512, 1134]], [[513, 1134]], [[514, 1134]], [[515, 1134]], [[516, 1134]], [[517, 1133]], [[518, 1133]], [[519, 1134]], [[520, 1134]], [[520, 1133]], [[521, 1132]], [[522, 1131]], [[522, 1130]], [[522, 1129]], [[522, 1128]], [[523, 1127]], [[523, 1126]], [[524, 1125]], [[525, 1125]], [[526, 1125]], [[527, 1125]], [[528, 1125]], [[529, 1124]], [[529, 1123]], [[530, 1122]], [[529, 1121]], [[529, 1120]], [[529, 1119]], [[529, 1118]], [[529, 1117]], [[529, 1116]], [[529, 1115]], [[529, 1114]], [[530, 1113]], [[531, 1112]], [[532, 1113]], [[533, 1114]], [[532, 1115]], [[532, 1116]], [[532, 1117]], [[532, 1118]], [[532, 1119]], [[532, 1120]], [[532, 1121]], [[532, 1122]], [[533, 1122]], [[534, 1122]], [[535, 1121]], [[535, 1120]], [[536, 1119]], [[535, 1118]], [[535, 1117]], [[535, 1116]], [[535, 1115]], [[535, 1114]], [[535, 1113]], [[534, 1112]], [[533, 1111]], [[533, 1112]], [[532, 1113]], [[531, 1112]], [[531, 1111]], [[531, 1110]], [[532, 1109]], [[533, 1109]], [[534, 1109]], [[535, 1109]], [[536, 1109]], [[537, 1110]], [[538, 1109]], [[539, 1109]], [[540, 1110]], [[541, 1110]], [[542, 1111]], [[543, 1112]], [[543, 1113]], [[544, 1112]], [[545, 1112]], [[546, 1111]], [[547, 1112]], [[548, 1111]], [[549, 1112]], [[549, 1111]], [[549, 1110]], [[550, 1109]], [[551, 1108]], [[551, 1107]], [[551, 1106]], [[551, 1105]], [[551, 1104]], [[551, 1103]], [[551, 1102]], [[551, 1101]], [[550, 1100]], [[550, 1099]], [[550, 1098]], [[550, 1097]], [[550, 1096]], [[549, 1095]], [[548, 1095]], [[547, 1095]], [[546, 1094]], [[546, 1093]], [[546, 1092]], [[546, 1091]], [[545, 1092]], [[544, 1092]], [[543, 1092]], [[542, 1092]], [[541, 1091]], [[542, 1090]], [[541, 1090]], [[540, 1089]], [[540, 1088]], [[540, 1089]], [[539, 1090]], [[538, 1090]], [[537, 1089]], [[537, 1088]], [[536, 1087]], [[535, 1086]], [[534, 1085]], [[533, 1085]], [[532, 1084]], [[532, 1083]], [[532, 1082]], [[532, 1081]], [[532, 1080]], [[532, 1079]], [[532, 1078]], [[532, 1077]], [[531, 1076]], [[531, 1075]], [[531, 1074]], [[530, 1073]], [[530, 1072]], [[529, 1071]], [[528, 1071]], [[527, 1071]], [[526, 1071]], [[525, 1070]], [[524, 1070]], [[523, 1070]], [[522, 1069]], [[521, 1069]], [[520, 1069]], [[519, 1068]], [[518, 1067]], [[517, 1067]], [[516, 1066]], [[515, 1066]], [[514, 1065]], [[513, 1064]], [[512, 1064]], [[511, 1064]], [[510, 1065]], [[509, 1064]], [[508, 1064]], [[507, 1063]], [[506, 1062]], [[505, 1061]], [[504, 1060]]]","[[], [[[472, 1091], [472, 1092], [473, 1093], [472, 1094], [471, 1095], [470, 1096], [469, 1096], [468, 1097], [468, 1098], [468, 1099], [469, 1100], [469, 1101], [469, 1102], [470, 1102], [471, 1102], [471, 1101], [470, 1101], [469, 1100], [470, 1099], [471, 1098], [472, 1097], [473, 1096], [474, 1095], [474, 1094], [475, 1093], [476, 1093], [475, 1093], [474, 1093], [473, 1092], [473, 1091]]]]","[[], 3]"
7,7,"[[[377, 1044]], [[377, 1045]], [[377, 1046]], [[377, 1047]], [[377, 1048]], [[376, 1049]], [[376, 1050]], [[376, 1051]], [[376, 1052]], [[377, 1053]], [[377, 1054]], [[378, 1054]], [[379, 1054]], [[380, 1053]], [[381, 1053]], [[382, 1053]], [[383, 1054]], [[384, 1055]], [[384, 1056]], [[384, 1057]], [[385, 1057]], [[386, 1058]], [[387, 1059]], [[387, 1058]], [[388, 1057]], [[389, 1056]], [[390, 1055]], [[391, 1054]], [[392, 1053]], [[392, 1052]], [[392, 1051]], [[392, 1050]], [[392, 1049]], [[392, 1048]], [[391, 1047]], [[391, 1046]], [[390, 1045]], [[389, 1045]], [[388, 1045]], [[387, 1044]], [[386, 1045]], [[385, 1045]], [[385, 1046]], [[384, 1047]], [[383, 1048]], [[383, 1049]], [[383, 1050]], [[382, 1051]], [[381, 1051]], [[380, 1050]], [[379, 1049]], [[378, 1048]], [[378, 1047]], [[378, 1046]], [[378, 1045]]]","[[], [[[382, 1054], [381, 1055], [380, 1055], [379, 1055], [378, 1055], [377, 1056], [376, 1056], [375, 1056], [375, 1057], [376, 1058], [376, 1059], [376, 1060], [376, 1061], [375, 1062], [375, 1063], [374, 1064], [373, 1064], [373, 1065], [374, 1065], [375, 1065], [376, 1065], [377, 1066], [378, 1066], [379, 1067], [379, 1066], [379, 1065], [379, 1064], [378, 1063], [378, 1062], [378, 1061], [378, 1060], [378, 1059], [378, 1058], [378, 1057], [379, 1056], [380, 1056], [381, 1056], [382, 1056], [383, 1057], [383, 1056], [383, 1055]]], [[[412, 1040], [411, 1041], [410, 1042], [409, 1043], [408, 1043], [407, 1044], [406, 1044], [405, 1044], [404, 1045], [403, 1045], [402, 1045], [401, 1046], [400, 1046], [399, 1046], [398, 1046], [397, 1047], [396, 1047], [395, 1047], [394, 1046], [393, 1045], [393, 1044], [392, 1043], [393, 1044], [393, 1045], [393, 1046], [393, 1047], [393, 1048], [394, 1049], [393, 1050], [394, 1051], [394, 1052], [393, 1053], [392, 1054], [391, 1055], [390, 1056], [389, 1057], [389, 1058], [389, 1059], [389, 1060], [390, 1061], [391, 1062], [390, 1063], [389, 1064], [388, 1063], [388, 1062], [387, 1061], [386, 1060], [386, 1059], [385, 1059], [385, 1060], [386, 1061], [386, 1062], [387, 1063], [387, 1064], [387, 1065], [387, 1066], [387, 1067], [387, 1068], [388, 1068], [388, 1067], [389, 1066], [390, 1066], [391, 1066], [392, 1065], [392, 1064], [393, 1063], [394, 1062], [395, 1062], [396, 1062], [397, 1061], [397, 1060], [396, 1060], [395, 1060], [394, 1061], [393, 1061], [392, 1060], [392, 1059], [392, 1058], [392, 1057], [393, 1056], [394, 1055], [395, 1056], [396, 1056], [396, 1055], [396, 1054], [395, 1053], [395, 1052], [396, 1051], [397, 1050], [398, 1049], [399, 1048], [400, 1048], [401, 1047], [402, 1047], [403, 1047], [404, 1047], [405, 1048], [406, 1048], [407, 1048], [408, 1048], [409, 1047], [410, 1046], [411, 1047], [411, 1048], [410, 1049], [410, 1050], [411, 1050], [412, 1049], [413, 1048], [413, 1047], [414, 1046], [415, 1046], [416, 1046], [417, 1047], [417, 1048], [416, 1049], [415, 1050], [414, 1051], [414, 1052], [414, 1053], [415, 1054], [415, 1055], [415, 1056], [416, 1055], [417, 1054], [418, 1054], [419, 1054], [418, 1053], [418, 1052], [417, 1051], [416, 1050], [416, 1049], [417, 1048], [418, 1048], [419, 1047], [418, 1046], [418, 1045], [417, 1044], [417, 1043], [417, 1042], [416, 1041], [415, 1041], [414, 1041], [413, 1040]]]]","[[], 4, 2]"
8,8,"[[[538, 1039]], [[537, 1040]], [[536, 1040]], [[536, 1041]], [[535, 1042]], [[534, 1043]], [[534, 1044]], [[534, 1045]], [[534, 1046]], [[533, 1047]], [[533, 1048]], [[533, 1049]], [[533, 1050]], [[532, 1051]], [[532, 1052]], [[532, 1053]], [[532, 1054]], [[532, 1055]], [[533, 1056]], [[533, 1057]], [[534, 1058]], [[535, 1059]], [[535, 1060]], [[536, 1061]], [[536, 1062]], [[537, 1063]], [[538, 1063]], [[539, 1064]], [[540, 1065]], [[541, 1065]], [[542, 1065]], [[543, 1065]], [[544, 1065]], [[545, 1065]], [[546, 1065]], [[547, 1066]], [[548, 1066]], [[549, 1066]], [[550, 1065]], [[551, 1064]], [[552, 1063]], [[553, 1062]], [[553, 1061]], [[554, 1060]], [[554, 1059]], [[555, 1058]], [[556, 1057]], [[557, 1057]], [[558, 1057]], [[559, 1058]], [[560, 1058]], [[561, 1058]], [[562, 1058]], [[563, 1057]], [[564, 1057]], [[564, 1056]], [[564, 1055]], [[564, 1054]], [[564, 1053]], [[564, 1052]], [[563, 1051]], [[563, 1050]], [[562, 1049]], [[561, 1048]], [[561, 1047]], [[560, 1046]], [[559, 1045]], [[559, 1044]], [[559, 1043]], [[558, 1042]], [[557, 1041]], [[556, 1041]], [[555, 1040]], [[555, 1039]], [[554, 1039]], [[553, 1040]], [[552, 1041]], [[552, 1042]], [[552, 1043]], [[551, 1044]], [[550, 1045]], [[549, 1045]], [[548, 1044]], [[547, 1043]], [[546, 1042]], [[545, 1041]], [[545, 1040]], [[544, 1039]], [[543, 1039]], [[542, 1039]], [[541, 1040]], [[540, 1040]], [[539, 1039]]]","[[[[543, 1066], [542, 1067], [541, 1068], [540, 1069], [539, 1069], [538, 1070], [537, 1069], [536, 1068], [535, 1069], [534, 1069], [535, 1070], [536, 1071], [536, 1072], [537, 1072], [538, 1073], [538, 1072], [539, 1071], [540, 1070], [541, 1069], [542, 1069], [543, 1069], [544, 1068], [545, 1068], [546, 1068], [547, 1068], [548, 1067], [549, 1068], [550, 1068], [550, 1067], [550, 1066], [549, 1067], [548, 1067], [547, 1067], [546, 1066], [545, 1066], [544, 1066]]], [], [[[567, 1056], [566, 1057], [565, 1058], [564, 1059], [563, 1059], [562, 1059], [561, 1060], [560, 1060], [559, 1059], [558, 1059], [557, 1059], [557, 1060], [558, 1061], [559, 1061], [560, 1061], [561, 1061], [562, 1061], [563, 1061], [564, 1061], [565, 1062], [565, 1063], [565, 1064], [565, 1063], [566, 1062], [567, 1061], [567, 1060], [567, 1059], [567, 1058], [567, 1057]]]]","[6, [], 7]"
9,9,"[[[202, 1038]], [[201, 1039]], [[200, 1039]], [[199, 1039]], [[198, 1040]], [[197, 1040]], [[196, 1040]], [[195, 1041]], [[194, 1041]], [[193, 1041]], [[192, 1040]], [[191, 1040]], [[190, 1040]], [[189, 1039]], [[188, 1039]], [[187, 1039]], [[186, 1039]], [[185, 1039]], [[184, 1039]], [[183, 1039]], [[182, 1039]], [[181, 1040]], [[181, 1041]], [[180, 1042]], [[180, 1043]], [[180, 1044]], [[180, 1045]], [[180, 1046]], [[179, 1047]], [[179, 1048]], [[179, 1049]], [[179, 1050]], [[178, 1051]], [[177, 1052]], [[176, 1052]], [[175, 1053]], [[174, 1053]], [[173, 1054]], [[172, 1054]], [[171, 1054]], [[170, 1054]], [[169, 1054]], [[168, 1054]], [[167, 1054]], [[166, 1054]], [[165, 1054]], [[164, 1055]], [[163, 1056]], [[162, 1057]], [[162, 1058]], [[161, 1059]], [[160, 1060]], [[160, 1061]], [[160, 1062]], [[161, 1063]], [[161, 1064]], [[161, 1065]], [[162, 1065]], [[163, 1066]], [[164, 1067]], [[164, 1068]], [[165, 1069]], [[166, 1070]], [[166, 1071]], [[167, 1072]], [[166, 1073]], [[165, 1073]], [[164, 1073]], [[163, 1074]], [[162, 1074]], [[161, 1074]], [[160, 1074]], [[159, 1075]], [[158, 1075]], [[157, 1075]], [[156, 1075]], [[155, 1076]], [[155, 1077]], [[155, 1078]], [[154, 1079]], [[154, 1080]], [[153, 1081]], [[153, 1082]], [[153, 1083]], [[152, 1084]], [[152, 1085]], [[152, 1086]], [[152, 1087]], [[151, 1088]], [[151, 1089]], [[150, 1090]], [[149, 1091]], [[148, 1092]], [[148, 1093]], [[147, 1094]], [[146, 1095]], [[146, 1096]], [[146, 1097]], [[146, 1098]], [[145, 1099]], [[145, 1100]], [[145, 1101]], [[145, 1102]], [[146, 1103]], [[146, 1104]], [[146, 1105]], [[147, 1106]], [[147, 1107]], [[148, 1108]], [[148, 1109]], [[149, 1110]], [[150, 1111]], [[151, 1112]], [[152, 1112]], [[153, 1113]], [[154, 1114]], [[155, 1115]], [[156, 1116]], [[156, 1117]], [[157, 1117]], [[158, 1117]], [[159, 1117]], [[160, 1117]], [[161, 1116]], [[162, 1116]], [[163, 1117]], [[163, 1118]], [[164, 1119]], [[165, 1120]], [[166, 1120]], [[167, 1121]], [[168, 1121]], [[169, 1122]], [[170, 1122]], [[171, 1123]], [[172, 1122]], [[173, 1122]], [[174, 1122]], [[175, 1122]], [[176, 1121]], [[177, 1122]], [[178, 1123]], [[178, 1124]], [[179, 1125]], [[179, 1126]], [[179, 1127]], [[180, 1128]], [[181, 1128]], [[182, 1129]], [[183, 1129]], [[184, 1130]], [[185, 1130]], [[186, 1131]], [[187, 1131]], [[187, 1130]], [[188, 1129]], [[189, 1128]], [[190, 1128]], [[191, 1129]], [[192, 1129]], [[193, 1129]], [[194, 1130]], [[195, 1129]], [[196, 1129]], [[197, 1129]], [[198, 1129]], [[199, 1129]], [[200, 1129]], [[201, 1128]], [[202, 1128]], [[203, 1127]], [[204, 1127]], [[205, 1126]], [[205, 1125]], [[206, 1124]], [[207, 1123]], [[208, 1122]], [[208, 1121]], [[209, 1120]], [[209, 1119]], [[210, 1118]], [[210, 1117]], [[211, 1116]], [[212, 1115]], [[212, 1114]], [[213, 1113]], [[214, 1113]], [[215, 1112]], [[216, 1113]], [[216, 1114]], [[215, 1115]], [[214, 1116]], [[214, 1117]], [[214, 1118]], [[214, 1119]], [[213, 1120]], [[212, 1120]], [[212, 1121]], [[213, 1122]], [[213, 1123]], [[212, 1124]], [[212, 1125]], [[212, 1126]], [[212, 1127]], [[212, 1128]], [[212, 1129]], [[211, 1130]], [[211, 1131]], [[211, 1132]], [[210, 1133]], [[210, 1134]], [[210, 1135]], [[210, 1136]], [[210, 1137]], [[210, 1138]], [[210, 1139]], [[211, 1140]], [[211, 1141]], [[211, 1142]], [[211, 1143]], [[212, 1144]], [[212, 1145]], [[213, 1145]], [[214, 1145]], [[215, 1146]], [[216, 1146]], [[217, 1145]], [[218, 1145]], [[219, 1145]], [[220, 1145]], [[221, 1145]], [[222, 1144]], [[222, 1143]], [[223, 1142]], [[223, 1141]], [[223, 1140]], [[222, 1139]], [[222, 1138]], [[222, 1137]], [[222, 1136]], [[222, 1135]], [[223, 1134]], [[222, 1133]], [[222, 1132]], [[222, 1131]], [[221, 1130]], [[221, 1129]], [[220, 1128]], [[220, 1127]], [[220, 1126]], [[220, 1125]], [[220, 1124]], [[220, 1123]], [[220, 1122]], [[220, 1121]], [[220, 1120]], [[221, 1119]], [[221, 1118]], [[221, 1117]], [[221, 1116]], [[221, 1115]], [[222, 1114]], [[222, 1113]], [[223, 1112]], [[223, 1111]], [[223, 1110]], [[222, 1109]], [[221, 1108]], [[220, 1109]], [[219, 1108]], [[219, 1107]], [[219, 1106]], [[219, 1105]], [[219, 1104]], [[220, 1103]], [[220, 1102]], [[220, 1101]], [[220, 1100]], [[220, 1099]], [[220, 1098]], [[221, 1097]], [[221, 1096]], [[221, 1095]], [[222, 1094]], [[222, 1093]], [[222, 1092]], [[222, 1091]], [[222, 1090]], [[222, 1089]], [[221, 1088]], [[221, 1087]], [[221, 1086]], [[220, 1085]], [[221, 1084]], [[221, 1083]], [[221, 1082]], [[221, 1081]], [[221, 1080]], [[221, 1079]], [[220, 1078]], [[220, 1077]], [[220, 1076]], [[219, 1075]], [[219, 1074]], [[219, 1073]], [[218, 1072]], [[218, 1071]], [[217, 1070]], [[216, 1069]], [[216, 1068]], [[215, 1067]], [[214, 1066]], [[214, 1065]], [[213, 1064]], [[213, 1063]], [[212, 1062]], [[213, 1061]], [[213, 1060]], [[213, 1059]], [[213, 1058]], [[213, 1057]], [[213, 1056]], [[212, 1055]], [[212, 1054]], [[212, 1053]], [[212, 1052]], [[212, 1051]], [[212, 1050]], [[212, 1049]], [[212, 1048]], [[212, 1047]], [[212, 1046]], [[211, 1045]], [[211, 1044]], [[211, 1043]], [[211, 1042]], [[210, 1041]], [[209, 1040]], [[209, 1039]], [[208, 1038]], [[207, 1038]], [[206, 1038]], [[205, 1038]], [[204, 1038]], [[203, 1038]]]","[[[[175, 1034], [174, 1035], [173, 1036], [172, 1036], [171, 1036], [170, 1036], [169, 1036], [168, 1036], [167, 1036], [166, 1036], [166, 1037], [166, 1038], [167, 1038], [168, 1039], [169, 1039], [170, 1039], [171, 1039], [172, 1039], [172, 1038], [172, 1037], [173, 1036], [174, 1037], [175, 1037], [176, 1037], [177, 1037], [178, 1038], [178, 1039], [178, 1040], [179, 1040], [180, 1040], [181, 1039], [182, 1038], [183, 1038], [184, 1038], [185, 1038], [186, 1038], [187, 1038], [188, 1038], [189, 1038], [190, 1039], [191, 1039], [192, 1039], [193, 1040], [194, 1040], [194, 1039], [193, 1038], [192, 1038], [191, 1037], [190, 1036], [189, 1036], [188, 1036], [187, 1036], [186, 1036], [185, 1036], [184, 1036], [183, 1036], [182, 1037], [181, 1037], [180, 1037], [179, 1037], [178, 1037], [177, 1036], [176, 1035]]], [], [[[146, 1108], [146, 1109], [146, 1110], [145, 1111], [144, 1112], [144, 1113], [143, 1114], [142, 1115], [141, 1115], [141, 1116], [142, 1116], [142, 1115], [143, 1114], [144, 1114], [145, 1113], [146, 1113], [147, 1114], [148, 1115], [149, 1115], [150, 1115], [151, 1114], [152, 1114], [153, 1115], [153, 1114], [152, 1114], [151, 1113], [150, 1112], [149, 1112], [148, 1111], [148, 1110], [147, 1109]]], [[[176, 1122], [175, 1123], [174, 1123], [173, 1123], [172, 1123], [172, 1124], [173, 1125], [174, 1124], [175, 1124], [176, 1124], [177, 1125], [177, 1126], [177, 1127], [176, 1128], [176, 1129], [177, 1130], [178, 1131], [178, 1132], [178, 1133], [179, 1134], [179, 1133], [179, 1132], [180, 1131], [181, 1132], [182, 1132], [183, 1132], [184, 1133], [185, 1134], [186, 1134], [187, 1133], [188, 1133], [189, 1133], [190, 1133], [191, 1133], [191, 1132], [191, 1131], [190, 1130], [190, 1129], [189, 1129], [188, 1130], [188, 1131], [187, 1132], [186, 1132], [185, 1132], [184, 1132], [183, 1131], [182, 1131], [181, 1131], [180, 1130], [179, 1129], [179, 1128], [178, 1127], [178, 1126], [177, 1125], [177, 1124], [177, 1123]]], [[[214, 1052], [213, 1053], [213, 1054], [214, 1055], [214, 1056], [214, 1057], [214, 1058], [215, 1059], [214, 1060], [214, 1061], [214, 1062], [214, 1063], [215, 1064], [215, 1065], [216, 1066], [216, 1067], [217, 1068], [217, 1069], [218, 1070], [219, 1071], [219, 1072], [220, 1073], [220, 1072], [219, 1071], [219, 1070], [219, 1069], [219, 1068], [219, 1067], [219, 1066], [220, 1065], [220, 1064], [219, 1064], [218, 1063], [217, 1062], [216, 1061], [216, 1060], [216, 1059], [216, 1058], [215, 1057], [216, 1056], [217, 1055], [218, 1055], [219, 1056], [219, 1057], [219, 1058], [219, 1059], [220, 1059], [221, 1059], [220, 1058], [219, 1057], [219, 1056], [220, 1055], [220, 1054], [219, 1053], [218, 1052], [217, 1052], [216, 1052], [215, 1052]]]]","[8, [], 9, 10, 11]"
10,10,"[[[761, 1033]], [[760, 1034]], [[759, 1034]], [[758, 1034]], [[757, 1034]], [[756, 1034]], [[755, 1034]], [[754, 1035]], [[753, 1035]], [[752, 1036]], [[752, 1037]], [[752, 1038]], [[751, 1039]], [[750, 1039]], [[749, 1040]], [[748, 1041]], [[747, 1042]], [[746, 1042]], [[745, 1043]], [[744, 1043]], [[743, 1043]], [[742, 1044]], [[741, 1044]], [[740, 1044]], [[739, 1045]], [[738, 1046]], [[737, 1046]], [[737, 1047]], [[736, 1048]], [[735, 1049]], [[734, 1049]], [[733, 1049]], [[732, 1050]], [[731, 1051]], [[730, 1052]], [[729, 1053]], [[728, 1053]], [[727, 1054]], [[727, 1055]], [[727, 1056]], [[726, 1057]], [[726, 1058]], [[726, 1059]], [[726, 1060]], [[725, 1061]], [[725, 1062]], [[725, 1063]], [[726, 1064]], [[726, 1065]], [[726, 1066]], [[727, 1067]], [[727, 1068]], [[728, 1069]], [[729, 1070]], [[730, 1071]], [[731, 1072]], [[732, 1073]], [[733, 1074]], [[733, 1075]], [[734, 1075]], [[735, 1075]], [[736, 1076]], [[737, 1076]], [[738, 1075]], [[739, 1076]], [[740, 1076]], [[741, 1076]], [[742, 1076]], [[743, 1076]], [[744, 1076]], [[745, 1076]], [[746, 1075]], [[747, 1074]], [[747, 1073]], [[748, 1072]], [[748, 1071]], [[749, 1070]], [[750, 1069]], [[751, 1068]], [[752, 1068]], [[753, 1067]], [[753, 1066]], [[754, 1065]], [[755, 1065]], [[756, 1064]], [[757, 1064]], [[758, 1064]], [[759, 1063]], [[760, 1063]], [[761, 1062]], [[762, 1062]], [[763, 1061]], [[764, 1061]], [[765, 1060]], [[766, 1060]], [[767, 1059]], [[768, 1059]], [[769, 1059]], [[770, 1058]], [[771, 1058]], [[772, 1058]], [[773, 1058]], [[774, 1058]], [[775, 1057]], [[775, 1056]], [[776, 1055]], [[777, 1054]], [[778, 1054]], [[779, 1053]], [[779, 1052]], [[779, 1051]], [[779, 1050]], [[779, 1049]], [[780, 1048]], [[779, 1047]], [[778, 1046]], [[778, 1045]], [[777, 1044]], [[776, 1043]], [[776, 1042]], [[775, 1041]], [[774, 1040]], [[773, 1039]], [[772, 1038]], [[771, 1038]], [[770, 1037]], [[769, 1036]], [[768, 1036]], [[767, 1036]], [[766, 1035]], [[765, 1034]], [[764, 1034]], [[763, 1033]], [[762, 1033]]]",[[]],[]
11,11,"[[[592, 1013]], [[591, 1014]], [[590, 1014]], [[589, 1014]], [[588, 1015]], [[587, 1015]], [[587, 1016]], [[586, 1017]], [[585, 1018]], [[584, 1019]], [[584, 1020]], [[584, 1021]], [[585, 1021]], [[586, 1021]], [[587, 1021]], [[588, 1021]], [[589, 1021]], [[590, 1021]], [[591, 1021]], [[592, 1021]], [[593, 1021]], [[594, 1021]], [[595, 1021]], [[595, 1020]], [[596, 1019]], [[596, 1018]], [[596, 1017]], [[595, 1016]], [[595, 1015]], [[595, 1014]], [[594, 1014]], [[593, 1014]]]","[[[[581, 997], [581, 998], [581, 999], [580, 1000], [579, 1000], [580, 1001], [580, 1002], [581, 1001], [582, 1001], [583, 1001], [584, 1001], [585, 1002], [585, 1003], [585, 1004], [585, 1005], [584, 1006], [584, 1007], [584, 1008], [584, 1009], [583, 1010], [583, 1011], [583, 1012], [584, 1013], [584, 1014], [584, 1015], [584, 1016], [583, 1017], [582, 1017], [581, 1017], [580, 1017], [579, 1017], [578, 1018], [577, 1018], [576, 1018], [575, 1019], [574, 1020], [575, 1019], [576, 1019], [577, 1018], [578, 1018], [579, 1018], [580, 1018], [581, 1019], [581, 1020], [581, 1021], [581, 1022], [581, 1023], [580, 1024], [580, 1025], [580, 1026], [579, 1027], [579, 1028], [578, 1029], [577, 1030], [578, 1030], [579, 1031], [579, 1032], [579, 1033], [580, 1034], [581, 1035], [580, 1036], [581, 1037], [582, 1036], [582, 1035], [583, 1034], [583, 1033], [583, 1032], [583, 1031], [583, 1030], [583, 1029], [583, 1028], [583, 1027], [582, 1026], [582, 1025], [583, 1024], [583, 1023], [584, 1022], [583, 1021], [583, 1020], [583, 1019], [584, 1018], [585, 1017], [586, 1016], [586, 1015], [587, 1014], [588, 1014], [589, 1013], [590, 1013], [591, 1013], [592, 1012], [593, 1013], [594, 1013], [595, 1013], [596, 1014], [596, 1015], [596, 1016], [597, 1017], [597, 1018], [597, 1019], [596, 1020], [597, 1021], [598, 1020], [598, 1019], [599, 1018], [600, 1017], [600, 1016], [600, 1015], [599, 1014], [598, 1013], [597, 1012], [596, 1012], [595, 1012], [594, 1012], [593, 1011], [592, 1011], [591, 1012], [590, 1012], [589, 1012], [588, 1012], [587, 1011], [586, 1011], [585, 1011], [584, 1010], [584, 1009], [585, 1008], [585, 1007], [586, 1006], [586, 1005], [586, 1004], [586, 1003], [586, 1002], [585, 1001], [584, 1000], [585, 999], [586, 998], [587, 999], [587, 1000], [588, 1000], [589, 1000], [590, 1000], [591, 1000], [592, 999], [591, 998], [590, 998], [589, 998], [588, 998], [587, 997], [586, 997], [585, 998], [584, 997], [583, 997], [582, 997]]]]",[12]
12,12,"[[[683, 1011]], [[682, 1012]], [[681, 1012]], [[680, 1013]], [[680, 1014]], [[679, 1015]], [[679, 1016]], [[678, 1017]], [[677, 1018]], [[676, 1019]], [[675, 1019]], [[674, 1020]], [[673, 1020]], [[672, 1020]], [[671, 1021]], [[670, 1021]], [[669, 1022]], [[668, 1022]], [[667, 1023]], [[666, 1023]], [[665, 1023]], [[664, 1024]], [[663, 1024]], [[662, 1025]], [[661, 1026]], [[661, 1027]], [[660, 1028]], [[659, 1029]], [[659, 1030]], [[659, 1031]], [[659, 1032]], [[659, 1033]], [[660, 1034]], [[660, 1035]], [[660, 1036]], [[661, 1037]], [[662, 1037]], [[663, 1038]], [[664, 1039]], [[665, 1040]], [[666, 1040]], [[667, 1040]], [[668, 1040]], [[669, 1040]], [[670, 1039]], [[671, 1038]], [[672, 1039]], [[672, 1040]], [[672, 1041]], [[673, 1042]], [[674, 1043]], [[675, 1044]], [[675, 1045]], [[676, 1045]], [[677, 1045]], [[678, 1046]], [[679, 1047]], [[679, 1048]], [[678, 1049]], [[679, 1048]], [[680, 1049]], [[680, 1050]], [[681, 1050]], [[682, 1050]], [[683, 1051]], [[684, 1050]], [[685, 1049]], [[686, 1048]], [[687, 1048]], [[688, 1047]], [[689, 1048]], [[689, 1047]], [[689, 1046]], [[689, 1045]], [[689, 1044]], [[690, 1043]], [[691, 1043]], [[692, 1043]], [[691, 1043]], [[690, 1042]], [[691, 1041]], [[690, 1040]], [[690, 1039]], [[690, 1038]], [[690, 1037]], [[689, 1037]], [[688, 1037]], [[687, 1036]], [[687, 1035]], [[688, 1034]], [[689, 1034]], [[690, 1034]], [[691, 1034]], [[692, 1034]], [[693, 1034]], [[694, 1034]], [[695, 1034]], [[696, 1033]], [[697, 1032]], [[697, 1031]], [[697, 1030]], [[696, 1029]], [[696, 1028]], [[695, 1027]], [[695, 1026]], [[694, 1027]], [[693, 1027]], [[692, 1026]], [[692, 1025]], [[692, 1024]], [[692, 1023]], [[691, 1022]], [[691, 1021]], [[691, 1020]], [[692, 1019]], [[691, 1018]], [[691, 1017]], [[690, 1017]], [[689, 1016]], [[689, 1015]], [[689, 1014]], [[688, 1013]], [[687, 1012]], [[686, 1012]], [[685, 1011]], [[684, 1011]]]","[[], [[[663, 1016], [663, 1017], [664, 1018], [665, 1019], [665, 1020], [664, 1021], [663, 1021], [662, 1022], [661, 1022], [660, 1022], [659, 1022], [658, 1022], [657, 1023], [656, 1022], [655, 1022], [655, 1023], [655, 1024], [654, 1025], [653, 1025], [652, 1025], [651, 1026], [651, 1027], [651, 1028], [651, 1029], [650, 1030], [649, 1031], [648, 1032], [647, 1033], [646, 1034], [645, 1035], [644, 1035], [643, 1035], [642, 1036], [641, 1035], [641, 1034], [642, 1033], [643, 1033], [644, 1032], [644, 1031], [643, 1030], [643, 1029], [644, 1028], [645, 1027], [646, 1027], [647, 1026], [648, 1027], [647, 1026], [646, 1025], [645, 1024], [644, 1024], [643, 1024], [642, 1025], [641, 1024], [641, 1023], [641, 1022], [641, 1023], [640, 1024], [639, 1025], [638, 1026], [637, 1027], [636, 1027], [635, 1027], [634, 1026], [633, 1026], [632, 1026], [631, 1026], [630, 1026], [629, 1027], [629, 1028], [630, 1029], [631, 1029], [632, 1028], [633, 1028], [634, 1028], [635, 1029], [635, 1030], [636, 1030], [637, 1030], [637, 1029], [638, 1028], [639, 1028], [640, 1029], [640, 1030], [640, 1031], [640, 1032], [639, 1033], [638, 1034], [637, 1035], [638, 1036], [639, 1036], [640, 1037], [641, 1037], [642, 1038], [642, 1039], [642, 1040], [643, 1041], [644, 1040], [645, 1040], [646, 1040], [647, 1040], [647, 1039], [647, 1038], [647, 1037], [647, 1036], [648, 1035], [649, 1034], [650, 1033], [651, 1033], [652, 1032], [653, 1032], [654, 1032], [655, 1032], [656, 1032], [657, 1032], [658, 1033], [658, 1034], [658, 1035], [658, 1036], [659, 1037], [659, 1038], [659, 1039], [660, 1039], [661, 1040], [661, 1041], [661, 1042], [662, 1042], [663, 1042], [662, 1042], [661, 1041], [662, 1040], [663, 1040], [662, 1039], [661, 1038], [660, 1037], [659, 1036], [659, 1035], [658, 1034], [658, 1033], [657, 1032], [657, 1031], [657, 1030], [657, 1029], [656, 1028], [655, 1028], [654, 1027], [654, 1026], [654, 1025], [655, 1024], [656, 1024], [657, 1023], [658, 1024], [658, 1025], [658, 1026], [659, 1026], [660, 1025], [660, 1024], [661, 1023], [662, 1022], [663, 1021], [664, 1021], [665, 1022], [665, 1021], [665, 1020], [665, 1019], [665, 1018], [665, 1017], [665, 1016], [664, 1016]]], [[[733, 967], [732, 968], [732, 969], [732, 970], [732, 971], [732, 972], [732, 973], [733, 974], [733, 975], [732, 976], [732, 977], [731, 978], [730, 979], [729, 980], [728, 981], [727, 982], [726, 983], [725, 983], [724, 984], [724, 985], [724, 986], [723, 987], [722, 988], [722, 989], [721, 990], [720, 991], [719, 991], [718, 991], [717, 992], [716, 993], [715, 994], [714, 994], [713, 995], [712, 995], [711, 996], [710, 997], [710, 998], [709, 999], [708, 1000], [708, 1001], [707, 1002], [706, 1003], [706, 1004], [705, 1005], [704, 1005], [703, 1006], [702, 1006], [701, 1006], [700, 1005], [699, 1005], [698, 1005], [697, 1005], [696, 1005], [695, 1005], [694, 1005], [693, 1006], [693, 1007], [692, 1008], [692, 1009], [691, 1010], [690, 1011], [689, 1011], [688, 1011], [687, 1011], [686, 1011], [687, 1011], [688, 1012], [689, 1012], [690, 1012], [691, 1012], [692, 1013], [693, 1014], [694, 1015], [695, 1016], [695, 1015], [695, 1014], [695, 1013], [695, 1012], [694, 1012], [693, 1011], [693, 1010], [694, 1009], [695, 1009], [696, 1008], [697, 1009], [698, 1009], [699, 1010], [700, 1010], [701, 1010], [702, 1011], [703, 1011], [703, 1010], [704, 1009], [704, 1008], [705, 1007], [706, 1007], [706, 1006], [707, 1005], [707, 1004], [707, 1003], [708, 1002], [709, 1001], [710, 1000], [710, 999], [711, 998], [712, 997], [713, 997], [714, 997], [715, 996], [716, 997], [716, 996], [716, 995], [716, 994], [717, 993], [718, 993], [719, 993], [720, 993], [721, 993], [721, 992], [721, 991], [722, 990], [723, 989], [723, 988], [724, 987], [725, 986], [725, 985], [726, 984], [727, 983], [728, 983], [729, 982], [730, 981], [731, 980], [732, 979], [733, 979], [734, 979], [735, 979], [735, 978], [734, 977], [735, 976], [735, 975], [735, 974], [735, 973], [736, 972], [736, 971], [736, 970], [736, 969], [735, 969], [734, 969], [733, 968]]]]","[[], 13, 14]"
13,13,"[[[117, 1010]], [[116, 1011]], [[115, 1011]], [[114, 1011]], [[113, 1011]], [[112, 1012]], [[112, 1013]], [[112, 1014]], [[112, 1015]], [[112, 1016]], [[113, 1017]], [[113, 1018]], [[113, 1019]], [[114, 1020]], [[114, 1021]], [[114, 1022]], [[113, 1023]], [[112, 1022]], [[112, 1021]], [[111, 1020]], [[111, 1019]], [[110, 1018]], [[110, 1017]], [[110, 1016]], [[110, 1015]], [[110, 1014]], [[109, 1014]], [[108, 1014]], [[107, 1014]], [[106, 1014]], [[105, 1014]], [[104, 1014]], [[103, 1014]], [[102, 1014]], [[101, 1014]], [[100, 1015]], [[99, 1015]], [[98, 1014]], [[97, 1014]], [[96, 1014]], [[95, 1015]], [[94, 1015]], [[93, 1015]], [[92, 1016]], [[91, 1016]], [[90, 1017]], [[89, 1018]], [[88, 1018]], [[87, 1017]], [[86, 1018]], [[85, 1019]], [[85, 1020]], [[85, 1021]], [[85, 1022]], [[85, 1023]], [[85, 1024]], [[85, 1025]], [[85, 1026]], [[85, 1027]], [[85, 1028]], [[85, 1029]], [[84, 1030]], [[83, 1031]], [[82, 1031]], [[81, 1031]], [[81, 1032]], [[81, 1033]], [[81, 1034]], [[80, 1035]], [[79, 1036]], [[79, 1037]], [[78, 1038]], [[77, 1039]], [[76, 1040]], [[76, 1041]], [[75, 1042]], [[75, 1043]], [[75, 1044]], [[74, 1045]], [[74, 1046]], [[74, 1047]], [[74, 1048]], [[73, 1049]], [[73, 1050]], [[73, 1051]], [[72, 1052]], [[72, 1053]], [[72, 1054]], [[71, 1055]], [[71, 1056]], [[71, 1057]], [[70, 1058]], [[70, 1059]], [[70, 1060]], [[69, 1061]], [[69, 1062]], [[69, 1063]], [[69, 1064]], [[69, 1065]], [[69, 1066]], [[69, 1067]], [[69, 1068]], [[69, 1069]], [[70, 1070]], [[70, 1071]], [[70, 1072]], [[71, 1073]], [[72, 1073]], [[73, 1074]], [[74, 1075]], [[75, 1076]], [[75, 1077]], [[76, 1077]], [[77, 1078]], [[78, 1079]], [[79, 1079]], [[80, 1079]], [[81, 1080]], [[82, 1081]], [[82, 1082]], [[83, 1082]], [[84, 1082]], [[85, 1083]], [[85, 1084]], [[86, 1084]], [[87, 1084]], [[88, 1084]], [[89, 1084]], [[90, 1084]], [[91, 1084]], [[92, 1084]], [[93, 1084]], [[93, 1083]], [[94, 1082]], [[94, 1081]], [[95, 1080]], [[95, 1079]], [[96, 1078]], [[97, 1079]], [[97, 1080]], [[97, 1081]], [[97, 1082]], [[97, 1083]], [[98, 1084]], [[98, 1085]], [[99, 1086]], [[100, 1086]], [[101, 1087]], [[102, 1087]], [[103, 1086]], [[104, 1086]], [[105, 1086]], [[106, 1085]], [[107, 1084]], [[108, 1083]], [[109, 1083]], [[110, 1082]], [[111, 1081]], [[112, 1080]], [[113, 1080]], [[114, 1080]], [[115, 1080]], [[116, 1079]], [[117, 1078]], [[117, 1077]], [[118, 1076]], [[119, 1075]], [[120, 1075]], [[121, 1075]], [[122, 1075]], [[123, 1074]], [[124, 1074]], [[125, 1074]], [[126, 1074]], [[127, 1075]], [[128, 1075]], [[129, 1075]], [[130, 1075]], [[131, 1075]], [[132, 1075]], [[133, 1074]], [[134, 1073]], [[135, 1073]], [[135, 1072]], [[136, 1071]], [[135, 1070]], [[135, 1069]], [[134, 1068]], [[134, 1067]], [[134, 1066]], [[133, 1065]], [[133, 1064]], [[132, 1063]], [[133, 1062]], [[132, 1061]], [[133, 1060]], [[132, 1059]], [[132, 1058]], [[133, 1057]], [[133, 1056]], [[133, 1055]], [[133, 1054]], [[132, 1054]], [[131, 1053]], [[130, 1052]], [[130, 1051]], [[130, 1050]], [[130, 1049]], [[129, 1048]], [[129, 1047]], [[128, 1046]], [[127, 1045]], [[127, 1044]], [[126, 1043]], [[125, 1043]], [[124, 1042]], [[125, 1041]], [[125, 1040]], [[126, 1039]], [[126, 1038]], [[126, 1037]], [[126, 1036]], [[126, 1035]], [[126, 1034]], [[126, 1033]], [[126, 1032]], [[126, 1031]], [[125, 1031]], [[124, 1030]], [[123, 1029]], [[122, 1029]], [[121, 1029]], [[120, 1028]], [[119, 1028]], [[118, 1028]], [[117, 1028]], [[116, 1028]], [[115, 1028]], [[114, 1028]], [[113, 1027]], [[114, 1026]], [[115, 1025]], [[116, 1025]], [[117, 1025]], [[118, 1025]], [[119, 1025]], [[120, 1025]], [[121, 1026]], [[122, 1027]], [[123, 1027]], [[124, 1027]], [[124, 1026]], [[125, 1025]], [[126, 1025]], [[126, 1024]], [[125, 1023]], [[125, 1022]], [[125, 1021]], [[125, 1020]], [[124, 1019]], [[124, 1018]], [[124, 1017]], [[125, 1016]], [[124, 1015]], [[124, 1014]], [[124, 1013]], [[123, 1012]], [[122, 1011]], [[121, 1011]], [[120, 1011]], [[119, 1011]], [[118, 1010]]]","[[[[116, 987], [115, 988], [114, 988], [114, 989], [115, 990], [116, 991], [116, 992], [116, 993], [116, 994], [116, 995], [115, 996], [114, 996], [113, 997], [114, 998], [114, 999], [114, 1000], [113, 1001], [113, 1002], [112, 1003], [112, 1004], [111, 1005], [112, 1006], [112, 1007], [113, 1007], [114, 1008], [114, 1009], [114, 1010], [115, 1010], [116, 1010], [117, 1009], [116, 1008], [115, 1007], [115, 1006], [114, 1005], [114, 1004], [114, 1003], [114, 1002], [114, 1001], [114, 1000], [115, 999], [116, 998], [116, 997], [116, 996], [116, 995], [117, 994], [117, 993], [117, 992], [116, 991], [116, 990], [116, 989], [116, 988]]], [], [[[66, 1044], [65, 1045], [65, 1046], [64, 1047], [63, 1048], [62, 1048], [61, 1049], [62, 1050], [63, 1051], [63, 1052], [63, 1053], [63, 1054], [63, 1055], [62, 1056], [62, 1057], [62, 1058], [63, 1058], [64, 1058], [65, 1059], [64, 1060], [65, 1060], [66, 1061], [67, 1062], [68, 1062], [68, 1061], [68, 1060], [68, 1059], [68, 1058], [67, 1057], [66, 1056], [66, 1055], [66, 1054], [67, 1053], [67, 1052], [67, 1051], [67, 1050], [66, 1049], [66, 1048], [65, 1047], [66, 1046], [66, 1045]]], [[[127, 1003], [127, 1004], [126, 1005], [126, 1006], [126, 1007], [125, 1008], [125, 1009], [124, 1010], [123, 1009], [122, 1009], [121, 1009], [121, 1010], [122, 1010], [123, 1011], [124, 1012], [125, 1012], [126, 1011], [127, 1010], [128, 1010], [129, 1010], [130, 1010], [131, 1011], [132, 1011], [133, 1011], [134, 1011], [135, 1010], [136, 1009], [137, 1008], [137, 1007], [136, 1007], [135, 1007], [134, 1006], [133, 1006], [132, 1006], [132, 1007], [131, 1008], [130, 1009], [129, 1008], [129, 1007], [128, 1006], [128, 1005], [128, 1004], [129, 1003], [128, 1003]]]]","[15, [], 16, 17]"
14,14,"[[[233, 980]], [[232, 981]], [[232, 982]], [[231, 983]], [[231, 984]], [[231, 985]], [[231, 986]], [[231, 987]], [[231, 988]], [[231, 989]], [[231, 990]], [[231, 991]], [[232, 992]], [[232, 993]], [[233, 994]], [[234, 994]], [[235, 995]], [[236, 995]], [[237, 996]], [[237, 997]], [[238, 998]], [[239, 998]], [[240, 998]], [[241, 998]], [[242, 998]], [[243, 999]], [[244, 999]], [[245, 1000]], [[246, 999]], [[247, 999]], [[247, 998]], [[248, 997]], [[249, 997]], [[250, 997]], [[251, 996]], [[251, 995]], [[251, 994]], [[251, 993]], [[251, 992]], [[251, 991]], [[251, 990]], [[251, 989]], [[250, 988]], [[250, 987]], [[250, 986]], [[249, 985]], [[248, 985]], [[247, 984]], [[246, 983]], [[245, 983]], [[244, 983]], [[243, 982]], [[242, 982]], [[241, 981]], [[240, 980]], [[239, 980]], [[238, 980]], [[237, 980]], [[236, 980]], [[235, 980]], [[234, 980]]]",[[]],[]
15,15,"[[[737, 979]], [[736, 980]], [[735, 980]], [[734, 980]], [[733, 980]], [[732, 981]], [[731, 981]], [[730, 982]], [[730, 983]], [[729, 984]], [[728, 984]], [[727, 985]], [[726, 985]], [[726, 986]], [[725, 987]], [[724, 988]], [[724, 989]], [[723, 990]], [[723, 991]], [[722, 992]], [[722, 993]], [[722, 994]], [[722, 995]], [[722, 996]], [[722, 997]], [[721, 998]], [[721, 999]], [[721, 1000]], [[721, 1001]], [[721, 1002]], [[722, 1003]], [[722, 1004]], [[722, 1005]], [[722, 1006]], [[723, 1007]], [[723, 1008]], [[724, 1009]], [[725, 1010]], [[726, 1011]], [[726, 1012]], [[727, 1012]], [[728, 1013]], [[729, 1013]], [[730, 1014]], [[731, 1014]], [[732, 1015]], [[733, 1015]], [[734, 1015]], [[735, 1016]], [[736, 1015]], [[737, 1015]], [[738, 1014]], [[739, 1014]], [[740, 1014]], [[741, 1013]], [[742, 1013]], [[743, 1013]], [[744, 1012]], [[744, 1011]], [[744, 1010]], [[745, 1009]], [[746, 1008]], [[747, 1008]], [[748, 1007]], [[749, 1006]], [[750, 1005]], [[751, 1004]], [[752, 1003]], [[753, 1002]], [[753, 1001]], [[754, 1000]], [[754, 999]], [[754, 998]], [[755, 997]], [[756, 996]], [[756, 995]], [[757, 994]], [[758, 993]], [[758, 992]], [[758, 991]], [[757, 990]], [[757, 989]], [[757, 988]], [[756, 987]], [[755, 986]], [[755, 985]], [[754, 984]], [[753, 983]], [[753, 982]], [[752, 982]], [[751, 982]], [[750, 982]], [[749, 981]], [[748, 980]], [[747, 980]], [[746, 980]], [[745, 979]], [[744, 979]], [[743, 979]], [[742, 979]], [[741, 979]], [[740, 979]], [[739, 979]], [[738, 979]]]","[[[[733, 967], [732, 968], [732, 969], [732, 970], [732, 971], [732, 972], [732, 973], [733, 974], [733, 975], [732, 976], [732, 977], [731, 978], [730, 979], [729, 980], [728, 981], [727, 982], [726, 983], [725, 983], [724, 984], [724, 985], [724, 986], [723, 987], [722, 988], [722, 989], [721, 990], [720, 991], [719, 991], [718, 991], [717, 992], [716, 993], [715, 994], [714, 994], [713, 995], [712, 995], [711, 996], [710, 997], [710, 998], [709, 999], [708, 1000], [708, 1001], [707, 1002], [706, 1003], [706, 1004], [705, 1005], [704, 1005], [703, 1006], [702, 1006], [701, 1006], [700, 1005], [699, 1005], [698, 1005], [697, 1005], [696, 1005], [695, 1005], [694, 1005], [693, 1006], [693, 1007], [692, 1008], [692, 1009], [691, 1010], [690, 1011], [689, 1011], [688, 1011], [687, 1011], [686, 1011], [687, 1011], [688, 1012], [689, 1012], [690, 1012], [691, 1012], [692, 1013], [693, 1014], [694, 1015], [695, 1016], [695, 1015], [695, 1014], [695, 1013], [695, 1012], [694, 1012], [693, 1011], [693, 1010], [694, 1009], [695, 1009], [696, 1008], [697, 1009], [698, 1009], [699, 1010], [700, 1010], [701, 1010], [702, 1011], [703, 1011], [703, 1010], [704, 1009], [704, 1008], [705, 1007], [706, 1007], [706, 1006], [707, 1005], [707, 1004], [707, 1003], [708, 1002], [709, 1001], [710, 1000], [710, 999], [711, 998], [712, 997], [713, 997], [714, 997], [715, 996], [716, 997], [716, 996], [716, 995], [716, 994], [717, 993], [718, 993], [719, 993], [720, 993], [721, 993], [721, 992], [721, 991], [722, 990], [723, 989], [723, 988], [724, 987], [725, 986], [725, 985], [726, 984], [727, 983], [728, 983], [729, 982], [730, 981], [731, 980], [732, 979], [733, 979], [734, 979], [735, 979], [735, 978], [734, 977], [735, 976], [735, 975], [735, 974], [735, 973], [736, 972], [736, 971], [736, 970], [736, 969], [735, 969], [734, 969], [733, 968]]], [], [[[742, 971], [742, 972], [741, 973], [741, 974], [741, 975], [741, 976], [741, 977], [742, 978], [743, 978], [744, 978], [745, 978], [746, 978], [747, 979], [748, 979], [749, 980], [750, 981], [751, 981], [752, 980], [753, 981], [754, 981], [755, 982], [755, 983], [755, 984], [756, 985], [756, 986], [757, 987], [758, 988], [758, 989], [758, 990], [759, 991], [759, 990], [759, 989], [759, 988], [758, 987], [758, 986], [758, 985], [757, 984], [757, 983], [756, 983], [755, 982], [755, 981], [754, 980], [753, 980], [752, 980], [751, 980], [750, 979], [749, 979], [748, 978], [747, 977], [746, 976], [746, 975], [745, 974], [744, 973], [743, 972]]]]","[14, [], 19]"
16,16,"[[[92, 976]], [[91, 977]], [[90, 978]], [[90, 979]], [[89, 980]], [[89, 981]], [[89, 982]], [[88, 983]], [[89, 984]], [[89, 985]], [[90, 986]], [[90, 987]], [[91, 988]], [[92, 988]], [[93, 988]], [[94, 987]], [[95, 988]], [[96, 989]], [[97, 989]], [[98, 988]], [[99, 988]], [[100, 988]], [[101, 988]], [[102, 988]], [[103, 988]], [[104, 987]], [[105, 986]], [[105, 985]], [[106, 984]], [[106, 983]], [[105, 982]], [[105, 981]], [[105, 980]], [[104, 979]], [[103, 978]], [[102, 977]], [[101, 977]], [[100, 976]], [[99, 976]], [[98, 976]], [[97, 976]], [[96, 976]], [[95, 976]], [[94, 976]], [[93, 976]]]","[[], [[[107, 967], [107, 968], [108, 969], [109, 970], [109, 971], [108, 972], [107, 973], [106, 974], [106, 975], [105, 976], [105, 977], [105, 978], [106, 979], [107, 979], [108, 978], [109, 977], [109, 976], [110, 975], [111, 974], [111, 973], [111, 972], [112, 971], [113, 971], [114, 971], [115, 972], [116, 971], [116, 970], [116, 969], [116, 968], [115, 968], [114, 968], [113, 969], [112, 970], [111, 970], [110, 970], [109, 969], [108, 968], [108, 967]]]]","[[], 20]"
17,17,"[[[299, 960]], [[298, 961]], [[297, 961]], [[296, 961]], [[295, 961]], [[294, 962]], [[293, 962]], [[292, 963]], [[291, 964]], [[290, 965]], [[290, 966]], [[290, 967]], [[290, 968]], [[291, 969]], [[291, 970]], [[292, 971]], [[293, 972]], [[293, 973]], [[293, 974]], [[292, 975]], [[291, 975]], [[290, 975]], [[289, 975]], [[288, 975]], [[287, 975]], [[286, 975]], [[285, 974]], [[284, 973]], [[283, 973]], [[282, 972]], [[281, 973]], [[280, 973]], [[279, 974]], [[279, 975]], [[278, 976]], [[277, 977]], [[276, 978]], [[275, 979]], [[276, 980]], [[275, 981]], [[274, 982]], [[274, 983]], [[274, 984]], [[273, 985]], [[272, 985]], [[271, 985]], [[270, 985]], [[269, 985]], [[268, 985]], [[267, 985]], [[266, 986]], [[265, 986]], [[265, 987]], [[264, 988]], [[264, 989]], [[263, 990]], [[262, 991]], [[261, 992]], [[260, 993]], [[259, 993]], [[259, 994]], [[259, 995]], [[258, 996]], [[257, 996]], [[256, 997]], [[255, 997]], [[254, 997]], [[253, 998]], [[252, 999]], [[251, 1000]], [[250, 1000]], [[250, 1001]], [[249, 1002]], [[249, 1003]], [[249, 1004]], [[248, 1005]], [[248, 1006]], [[248, 1007]], [[248, 1008]], [[247, 1009]], [[248, 1010]], [[248, 1011]], [[248, 1012]], [[248, 1013]], [[248, 1014]], [[249, 1015]], [[249, 1016]], [[249, 1017]], [[250, 1018]], [[250, 1019]], [[251, 1020]], [[252, 1021]], [[252, 1022]], [[253, 1022]], [[254, 1022]], [[255, 1023]], [[255, 1024]], [[256, 1025]], [[256, 1026]], [[255, 1027]], [[254, 1028]], [[255, 1029]], [[254, 1030]], [[253, 1031]], [[252, 1031]], [[251, 1031]], [[250, 1032]], [[249, 1032]], [[248, 1033]], [[248, 1034]], [[247, 1035]], [[247, 1036]], [[247, 1037]], [[247, 1038]], [[247, 1039]], [[247, 1040]], [[247, 1041]], [[246, 1042]], [[246, 1043]], [[246, 1044]], [[246, 1045]], [[246, 1046]], [[246, 1047]], [[247, 1048]], [[248, 1049]], [[249, 1050]], [[250, 1051]], [[251, 1051]], [[252, 1051]], [[253, 1051]], [[254, 1051]], [[255, 1051]], [[256, 1051]], [[257, 1051]], [[258, 1051]], [[259, 1052]], [[260, 1053]], [[260, 1054]], [[260, 1055]], [[260, 1056]], [[261, 1057]], [[262, 1057]], [[263, 1057]], [[264, 1057]], [[265, 1057]], [[266, 1057]], [[267, 1057]], [[268, 1057]], [[269, 1058]], [[270, 1058]], [[271, 1058]], [[272, 1059]], [[272, 1060]], [[273, 1060]], [[274, 1061]], [[275, 1061]], [[276, 1062]], [[276, 1063]], [[276, 1064]], [[276, 1065]], [[276, 1064]], [[276, 1063]], [[277, 1062]], [[277, 1061]], [[278, 1060]], [[279, 1060]], [[280, 1060]], [[281, 1061]], [[281, 1062]], [[281, 1063]], [[281, 1064]], [[281, 1065]], [[281, 1066]], [[281, 1067]], [[281, 1068]], [[280, 1069]], [[281, 1070]], [[281, 1071]], [[281, 1072]], [[281, 1073]], [[282, 1074]], [[282, 1075]], [[283, 1076]], [[284, 1076]], [[285, 1077]], [[286, 1077]], [[287, 1077]], [[288, 1077]], [[289, 1077]], [[290, 1076]], [[291, 1076]], [[292, 1075]], [[292, 1074]], [[293, 1073]], [[293, 1072]], [[294, 1071]], [[295, 1071]], [[296, 1072]], [[297, 1073]], [[298, 1074]], [[299, 1075]], [[300, 1074]], [[301, 1074]], [[302, 1075]], [[303, 1074]], [[304, 1074]], [[305, 1074]], [[306, 1074]], [[307, 1075]], [[308, 1075]], [[309, 1075]], [[310, 1075]], [[311, 1075]], [[312, 1075]], [[313, 1075]], [[314, 1075]], [[315, 1076]], [[315, 1077]], [[314, 1078]], [[314, 1079]], [[314, 1080]], [[315, 1080]], [[316, 1080]], [[317, 1081]], [[318, 1081]], [[319, 1081]], [[320, 1082]], [[321, 1082]], [[322, 1082]], [[323, 1082]], [[324, 1081]], [[325, 1080]], [[326, 1080]], [[327, 1080]], [[328, 1081]], [[327, 1082]], [[327, 1083]], [[326, 1084]], [[325, 1084]], [[324, 1084]], [[323, 1085]], [[322, 1086]], [[321, 1086]], [[320, 1086]], [[319, 1086]], [[318, 1086]], [[317, 1087]], [[316, 1087]], [[315, 1087]], [[314, 1088]], [[313, 1088]], [[312, 1089]], [[311, 1089]], [[310, 1089]], [[309, 1090]], [[308, 1090]], [[307, 1089]], [[306, 1088]], [[306, 1087]], [[305, 1086]], [[304, 1085]], [[304, 1084]], [[303, 1083]], [[302, 1082]], [[301, 1082]], [[300, 1081]], [[299, 1080]], [[298, 1080]], [[297, 1080]], [[296, 1081]], [[295, 1081]], [[294, 1080]], [[293, 1080]], [[292, 1081]], [[291, 1081]], [[290, 1082]], [[289, 1083]], [[289, 1084]], [[288, 1085]], [[287, 1086]], [[286, 1087]], [[286, 1088]], [[285, 1089]], [[285, 1090]], [[285, 1091]], [[285, 1092]], [[285, 1093]], [[285, 1094]], [[285, 1095]], [[285, 1096]], [[284, 1097]], [[284, 1098]], [[284, 1099]], [[284, 1100]], [[284, 1101]], [[285, 1102]], [[285, 1103]], [[286, 1103]], [[287, 1104]], [[287, 1105]], [[288, 1106]], [[288, 1107]], [[289, 1107]], [[290, 1107]], [[291, 1107]], [[292, 1106]], [[293, 1106]], [[294, 1105]], [[295, 1105]], [[296, 1104]], [[297, 1103]], [[298, 1102]], [[299, 1103]], [[299, 1104]], [[299, 1105]], [[299, 1106]], [[298, 1107]], [[297, 1107]], [[296, 1108]], [[295, 1108]], [[294, 1109]], [[294, 1110]], [[294, 1111]], [[294, 1112]], [[294, 1113]], [[294, 1114]], [[294, 1115]], [[294, 1116]], [[294, 1117]], [[294, 1118]], [[295, 1119]], [[295, 1120]], [[295, 1121]], [[296, 1122]], [[296, 1123]], [[297, 1124]], [[297, 1125]], [[298, 1126]], [[299, 1127]], [[299, 1128]], [[300, 1129]], [[300, 1130]], [[301, 1131]], [[302, 1132]], [[303, 1133]], [[304, 1134]], [[305, 1135]], [[306, 1135]], [[307, 1136]], [[308, 1136]], [[309, 1137]], [[310, 1137]], [[311, 1138]], [[312, 1138]], [[313, 1138]], [[314, 1138]], [[315, 1139]], [[316, 1139]], [[317, 1139]], [[318, 1139]], [[319, 1139]], [[320, 1138]], [[321, 1138]], [[322, 1137]], [[323, 1137]], [[324, 1136]], [[325, 1135]], [[326, 1134]], [[326, 1133]], [[327, 1132]], [[327, 1131]], [[328, 1130]], [[328, 1129]], [[328, 1128]], [[328, 1127]], [[329, 1126]], [[330, 1125]], [[331, 1126]], [[332, 1126]], [[333, 1126]], [[334, 1127]], [[335, 1127]], [[336, 1127]], [[337, 1128]], [[338, 1128]], [[339, 1129]], [[340, 1129]], [[341, 1129]], [[342, 1129]], [[343, 1129]], [[343, 1128]], [[344, 1127]], [[344, 1126]], [[345, 1125]], [[345, 1124]], [[346, 1123]], [[345, 1122]], [[345, 1121]], [[345, 1120]], [[344, 1119]], [[344, 1118]], [[343, 1117]], [[342, 1117]], [[341, 1116]], [[340, 1115]], [[340, 1114]], [[340, 1113]], [[340, 1112]], [[339, 1112]], [[338, 1111]], [[337, 1111]], [[336, 1110]], [[335, 1110]], [[334, 1109]], [[333, 1109]], [[332, 1110]], [[331, 1110]], [[330, 1111]], [[330, 1112]], [[329, 1113]], [[328, 1113]], [[328, 1114]], [[327, 1115]], [[327, 1116]], [[326, 1117]], [[325, 1118]], [[324, 1118]], [[323, 1119]], [[322, 1120]], [[321, 1119]], [[321, 1118]], [[321, 1117]], [[322, 1116]], [[322, 1115]], [[322, 1114]], [[322, 1113]], [[322, 1112]], [[323, 1111]], [[323, 1110]], [[324, 1109]], [[323, 1108]], [[322, 1108]], [[321, 1108]], [[320, 1107]], [[319, 1107]], [[318, 1107]], [[317, 1106]], [[316, 1106]], [[315, 1105]], [[314, 1104]], [[315, 1103]], [[316, 1103]], [[317, 1104]], [[318, 1104]], [[319, 1104]], [[320, 1104]], [[321, 1104]], [[322, 1104]], [[323, 1104]], [[324, 1104]], [[325, 1105]], [[326, 1105]], [[327, 1105]], [[328, 1106]], [[329, 1106]], [[330, 1106]], [[331, 1106]], [[332, 1106]], [[333, 1106]], [[334, 1106]], [[335, 1106]], [[336, 1106]], [[337, 1106]], [[338, 1106]], [[339, 1106]], [[340, 1105]], [[341, 1104]], [[342, 1104]], [[343, 1104]], [[344, 1103]], [[345, 1103]], [[346, 1103]], [[347, 1102]], [[348, 1102]], [[349, 1102]], [[350, 1102]], [[351, 1101]], [[352, 1101]], [[352, 1100]], [[353, 1099]], [[354, 1098]], [[354, 1097]], [[355, 1096]], [[355, 1095]], [[355, 1094]], [[355, 1093]], [[355, 1092]], [[356, 1091]], [[356, 1090]], [[356, 1089]], [[356, 1088]], [[356, 1087]], [[356, 1086]], [[355, 1086]], [[354, 1085]], [[353, 1084]], [[352, 1084]], [[351, 1083]], [[350, 1083]], [[349, 1082]], [[348, 1082]], [[347, 1081]], [[346, 1081]], [[345, 1080]], [[344, 1079]], [[343, 1079]], [[342, 1079]], [[341, 1078]], [[340, 1078]], [[339, 1077]], [[338, 1076]], [[337, 1076]], [[336, 1076]], [[335, 1076]], [[334, 1076]], [[333, 1076]], [[332, 1076]], [[331, 1077]], [[330, 1077]], [[329, 1076]], [[330, 1075]], [[331, 1074]], [[332, 1073]], [[332, 1072]], [[332, 1071]], [[332, 1070]], [[333, 1069]], [[333, 1068]], [[333, 1067]], [[333, 1066]], [[333, 1065]], [[333, 1064]], [[334, 1063]], [[335, 1064]], [[336, 1063]], [[337, 1063]], [[338, 1063]], [[339, 1063]], [[340, 1062]], [[341, 1062]], [[341, 1061]], [[342, 1060]], [[343, 1060]], [[344, 1059]], [[345, 1059]], [[344, 1058]], [[344, 1057]], [[343, 1056]], [[343, 1055]], [[344, 1054]], [[344, 1053]], [[344, 1052]], [[343, 1051]], [[342, 1050]], [[343, 1049]], [[344, 1049]], [[345, 1048]], [[345, 1047]], [[345, 1046]], [[345, 1045]], [[346, 1044]], [[347, 1043]], [[347, 1042]], [[348, 1041]], [[348, 1040]], [[348, 1039]], [[349, 1038]], [[349, 1037]], [[350, 1036]], [[350, 1035]], [[350, 1034]], [[349, 1033]], [[349, 1032]], [[349, 1031]], [[349, 1030]], [[350, 1029]], [[350, 1028]], [[350, 1027]], [[350, 1026]], [[351, 1025]], [[351, 1024]], [[352, 1023]], [[352, 1022]], [[353, 1021]], [[352, 1020]], [[352, 1019]], [[352, 1018]], [[353, 1017]], [[353, 1016]], [[353, 1015]], [[354, 1014]], [[355, 1013]], [[356, 1013]], [[357, 1013]], [[357, 1012]], [[357, 1011]], [[357, 1010]], [[357, 1009]], [[357, 1008]], [[357, 1007]], [[357, 1006]], [[357, 1005]], [[356, 1004]], [[356, 1003]], [[355, 1002]], [[354, 1002]], [[353, 1002]], [[352, 1002]], [[351, 1002]], [[350, 1001]], [[350, 1000]], [[350, 999]], [[350, 998]], [[350, 997]], [[349, 996]], [[349, 995]], [[349, 994]], [[349, 993]], [[349, 992]], [[348, 991]], [[348, 990]], [[348, 989]], [[347, 988]], [[347, 987]], [[346, 986]], [[346, 985]], [[346, 984]], [[345, 983]], [[345, 982]], [[345, 981]], [[344, 980]], [[344, 979]], [[343, 979]], [[342, 979]], [[341, 979]], [[340, 978]], [[340, 977]], [[340, 976]], [[340, 975]], [[340, 974]], [[341, 973]], [[341, 972]], [[341, 971]], [[341, 970]], [[341, 969]], [[341, 968]], [[340, 967]], [[339, 966]], [[338, 965]], [[337, 964]], [[336, 964]], [[335, 963]], [[335, 962]], [[334, 962]], [[333, 962]], [[332, 962]], [[331, 962]], [[330, 962]], [[329, 963]], [[329, 964]], [[329, 965]], [[328, 966]], [[328, 967]], [[327, 968]], [[326, 968]], [[325, 969]], [[324, 969]], [[323, 970]], [[322, 971]], [[321, 971]], [[320, 971]], [[319, 972]], [[318, 972]], [[317, 972]], [[316, 972]], [[315, 972]], [[314, 973]], [[313, 973]], [[312, 973]], [[311, 974]], [[310, 973]], [[309, 972]], [[308, 971]], [[308, 970]], [[307, 969]], [[307, 968]], [[307, 967]], [[306, 966]], [[306, 965]], [[305, 964]], [[304, 963]], [[304, 962]], [[303, 962]], [[302, 962]], [[301, 961]], [[300, 961]]]","[[], [[[244, 1002], [244, 1003], [244, 1004], [244, 1005], [243, 1006], [243, 1007], [243, 1008], [242, 1009], [241, 1009], [240, 1008], [239, 1007], [239, 1006], [239, 1007], [239, 1008], [239, 1009], [238, 1010], [237, 1011], [237, 1012], [237, 1013], [238, 1014], [239, 1015], [239, 1016], [240, 1016], [240, 1015], [240, 1014], [239, 1013], [238, 1012], [238, 1011], [238, 1010], [239, 1009], [240, 1009], [241, 1009], [242, 1009], [243, 1009], [244, 1009], [245, 1009], [246, 1008], [246, 1007], [247, 1006], [247, 1005], [246, 1005], [245, 1005], [244, 1004], [244, 1003]]], [[[241, 1025], [240, 1026], [241, 1027], [241, 1028], [241, 1029], [240, 1030], [241, 1030], [242, 1030], [243, 1030], [244, 1031], [245, 1032], [245, 1031], [245, 1030], [246, 1029], [247, 1029], [248, 1030], [248, 1031], [248, 1030], [248, 1029], [247, 1028], [246, 1028], [245, 1029], [244, 1029], [243, 1028], [242, 1027], [243, 1026], [244, 1025], [243, 1025], [242, 1025]]], [[[229, 1039], [229, 1040], [229, 1041], [229, 1042], [229, 1043], [228, 1044], [227, 1043], [226, 1042], [227, 1043], [228, 1044], [229, 1043], [230, 1043], [231, 1043], [232, 1044], [231, 1045], [230, 1045], [229, 1046], [228, 1047], [227, 1047], [226, 1047], [225, 1048], [224, 1048], [223, 1049], [222, 1048], [221, 1048], [220, 1047], [220, 1046], [220, 1045], [219, 1045], [219, 1046], [220, 1047], [221, 1048], [221, 1049], [222, 1049], [223, 1049], [224, 1049], [225, 1048], [226, 1048], [227, 1048], [228, 1048], [229, 1049], [230, 1050], [231, 1050], [231, 1049], [231, 1048], [231, 1047], [232, 1046], [233, 1045], [234, 1046], [234, 1047], [235, 1048], [236, 1047], [237, 1047], [238, 1046], [239, 1046], [240, 1046], [241, 1047], [242, 1048], [242, 1049], [243, 1049], [244, 1050], [245, 1051], [245, 1052], [244, 1053], [244, 1054], [244, 1055], [243, 1056], [242, 1057], [242, 1058], [243, 1058], [244, 1059], [245, 1059], [246, 1059], [247, 1059], [248, 1059], [249, 1060], [250, 1061], [251, 1062], [252, 1063], [253, 1063], [254, 1063], [254, 1062], [254, 1061], [253, 1060], [252, 1059], [252, 1058], [252, 1057], [253, 1056], [254, 1055], [254, 1054], [254, 1053], [254, 1052], [253, 1052], [252, 1052], [251, 1052], [250, 1052], [249, 1051], [248, 1052], [247, 1052], [246, 1051], [245, 1050], [244, 1049], [244, 1048], [243, 1047], [242, 1046], [242, 1045], [242, 1044], [241, 1043], [241, 1042], [240, 1041], [239, 1041], [239, 1042], [238, 1043], [237, 1043], [236, 1044], [235, 1045], [234, 1046], [233, 1045], [233, 1044], [232, 1043], [231, 1042], [231, 1041], [230, 1040], [230, 1039]]], [[[262, 1058], [261, 1059], [261, 1060], [261, 1061], [261, 1062], [261, 1063], [261, 1064], [261, 1065], [261, 1066], [260, 1067], [259, 1067], [258, 1067], [257, 1067], [256, 1067], [255, 1067], [255, 1068], [256, 1068], [257, 1068], [258, 1069], [259, 1070], [259, 1071], [258, 1072], [257, 1072], [256, 1072], [256, 1073], [256, 1074], [257, 1073], [258, 1073], [259, 1073], [260, 1073], [261, 1072], [262, 1072], [263, 1072], [264, 1071], [265, 1071], [266, 1071], [267, 1070], [268, 1070], [269, 1070], [270, 1070], [270, 1069], [269, 1069], [268, 1068], [267, 1067], [266, 1068], [265, 1068], [264, 1069], [263, 1069], [262, 1068], [262, 1067], [262, 1066], [262, 1065], [263, 1064], [263, 1063], [264, 1062], [265, 1061], [265, 1060], [265, 1059], [265, 1058], [264, 1058], [263, 1058]]], [[[298, 1103], [297, 1104], [296, 1105], [295, 1106], [294, 1106], [293, 1107], [292, 1108], [291, 1108], [290, 1109], [289, 1110], [290, 1110], [291, 1111], [291, 1112], [291, 1113], [292, 1113], [292, 1112], [292, 1111], [292, 1110], [293, 1109], [294, 1108], [295, 1107], [296, 1107], [297, 1106], [298, 1106], [298, 1105], [298, 1104]]], [[[281, 1128], [281, 1129], [281, 1130], [282, 1131], [282, 1132], [282, 1133], [282, 1134], [282, 1135], [281, 1136], [280, 1136], [280, 1137], [281, 1137], [282, 1136], [283, 1137], [284, 1137], [285, 1138], [286, 1139], [287, 1140], [287, 1141], [287, 1142], [287, 1143], [287, 1144], [287, 1145], [287, 1146], [286, 1147], [285, 1147], [285, 1148], [285, 1149], [284, 1150], [283, 1150], [282, 1150], [281, 1150], [281, 1151], [282, 1152], [283, 1153], [283, 1154], [284, 1155], [285, 1154], [285, 1153], [286, 1152], [286, 1151], [287, 1150], [288, 1149], [289, 1148], [290, 1148], [291, 1148], [291, 1147], [290, 1147], [289, 1147], [288, 1146], [288, 1145], [288, 1144], [288, 1143], [289, 1142], [289, 1141], [289, 1140], [288, 1139], [289, 1138], [290, 1138], [291, 1137], [292, 1137], [293, 1136], [294, 1135], [295, 1135], [296, 1136], [297, 1136], [298, 1136], [299, 1135], [299, 1134], [298, 1133], [299, 1132], [299, 1131], [298, 1131], [297, 1130], [297, 1131], [297, 1132], [296, 1133], [295, 1133], [294, 1133], [293, 1133], [292, 1134], [291, 1134], [290, 1135], [289, 1136], [288, 1136], [287, 1136], [286, 1137], [285, 1137], [284, 1136], [284, 1135], [283, 1134], [283, 1133], [283, 1132], [282, 1131], [282, 1130], [282, 1129], [282, 1128]]], [[[315, 1104], [316, 1105], [317, 1105], [318, 1106], [319, 1106], [320, 1106], [321, 1107], [322, 1107], [323, 1107], [324, 1108], [325, 1109], [326, 1110], [326, 1111], [326, 1112], [327, 1112], [328, 1112], [329, 1111], [329, 1110], [330, 1109], [331, 1108], [332, 1107], [333, 1107], [334, 1107], [335, 1108], [336, 1107], [335, 1107], [334, 1107], [333, 1107], [332, 1107], [331, 1107], [330, 1107], [329, 1107], [328, 1107], [327, 1107], [326, 1107], [325, 1107], [324, 1106], [323, 1105], [322, 1105], [321, 1105], [320, 1105], [319, 1105], [318, 1105], [317, 1105], [316, 1104]]], [[[351, 1033], [351, 1034], [351, 1035], [351, 1036], [352, 1037], [353, 1037], [354, 1037], [355, 1037], [356, 1038], [355, 1039], [354, 1039], [353, 1040], [352, 1041], [351, 1041], [350, 1040], [350, 1039], [350, 1038], [349, 1039], [349, 1040], [349, 1041], [348, 1042], [348, 1043], [349, 1044], [350, 1045], [350, 1046], [351, 1047], [352, 1048], [352, 1049], [352, 1048], [352, 1047], [352, 1046], [352, 1045], [353, 1044], [354, 1043], [355, 1043], [356, 1042], [357, 1041], [357, 1040], [356, 1039], [356, 1038], [356, 1037], [355, 1036], [355, 1035], [355, 1034], [354, 1034], [353, 1034], [352, 1034]]], [[[348, 985], [348, 986], [348, 987], [349, 988], [349, 989], [350, 990], [350, 991], [351, 992], [351, 993], [351, 994], [350, 995], [351, 996], [351, 997], [352, 997], [353, 997], [353, 996], [353, 995], [352, 994], [351, 993], [351, 992], [351, 991], [351, 990], [350, 989], [349, 988], [349, 987], [349, 986]]]]","[[], 21, 22, 23, 24, 25, 26, 27, 28, 29]"
18,18,"[[[173, 954]], [[172, 955]], [[171, 955]], [[170, 956]], [[169, 957]], [[169, 958]], [[169, 959]], [[169, 960]], [[169, 961]], [[169, 962]], [[169, 963]], [[169, 964]], [[169, 965]], [[168, 966]], [[167, 967]], [[166, 966]], [[165, 966]], [[164, 967]], [[163, 967]], [[162, 968]], [[161, 967]], [[160, 967]], [[159, 967]], [[158, 967]], [[157, 967]], [[156, 967]], [[155, 967]], [[154, 967]], [[153, 967]], [[152, 968]], [[151, 969]], [[150, 969]], [[149, 970]], [[148, 971]], [[147, 972]], [[146, 973]], [[146, 974]], [[145, 975]], [[145, 976]], [[144, 977]], [[144, 978]], [[143, 979]], [[142, 980]], [[141, 980]], [[140, 980]], [[139, 980]], [[138, 980]], [[137, 980]], [[136, 979]], [[135, 979]], [[134, 979]], [[133, 979]], [[132, 978]], [[131, 978]], [[130, 978]], [[129, 978]], [[128, 978]], [[127, 978]], [[126, 978]], [[125, 979]], [[124, 979]], [[123, 979]], [[122, 979]], [[122, 980]], [[121, 981]], [[120, 982]], [[120, 983]], [[120, 984]], [[119, 985]], [[118, 986]], [[118, 987]], [[118, 988]], [[118, 989]], [[118, 990]], [[118, 991]], [[119, 992]], [[119, 993]], [[119, 994]], [[120, 995]], [[120, 996]], [[121, 996]], [[122, 996]], [[123, 996]], [[124, 997]], [[125, 997]], [[126, 997]], [[127, 997]], [[128, 997]], [[129, 998]], [[130, 999]], [[131, 1000]], [[131, 1001]], [[131, 1002]], [[132, 1003]], [[133, 1004]], [[134, 1005]], [[135, 1005]], [[136, 1005]], [[137, 1006]], [[138, 1007]], [[139, 1007]], [[140, 1008]], [[140, 1009]], [[141, 1009]], [[142, 1010]], [[142, 1011]], [[142, 1012]], [[142, 1013]], [[141, 1014]], [[140, 1015]], [[139, 1015]], [[138, 1016]], [[138, 1017]], [[138, 1018]], [[138, 1019]], [[139, 1020]], [[140, 1021]], [[140, 1022]], [[140, 1023]], [[140, 1024]], [[140, 1025]], [[140, 1026]], [[140, 1027]], [[141, 1028]], [[141, 1029]], [[142, 1030]], [[143, 1030]], [[144, 1031]], [[145, 1032]], [[146, 1032]], [[147, 1033]], [[148, 1033]], [[149, 1033]], [[150, 1032]], [[151, 1031]], [[152, 1031]], [[153, 1031]], [[154, 1031]], [[155, 1032]], [[156, 1032]], [[157, 1033]], [[158, 1033]], [[159, 1034]], [[160, 1035]], [[161, 1035]], [[162, 1036]], [[163, 1036]], [[164, 1036]], [[165, 1036]], [[166, 1035]], [[167, 1035]], [[168, 1035]], [[169, 1035]], [[170, 1035]], [[171, 1035]], [[172, 1035]], [[173, 1035]], [[174, 1034]], [[175, 1033]], [[176, 1034]], [[177, 1035]], [[178, 1035]], [[179, 1035]], [[180, 1035]], [[181, 1035]], [[182, 1035]], [[183, 1034]], [[184, 1034]], [[184, 1033]], [[185, 1032]], [[186, 1031]], [[187, 1031]], [[188, 1030]], [[188, 1029]], [[189, 1028]], [[190, 1028]], [[191, 1027]], [[192, 1026]], [[193, 1026]], [[194, 1026]], [[195, 1025]], [[196, 1024]], [[197, 1023]], [[198, 1023]], [[199, 1023]], [[200, 1022]], [[201, 1022]], [[202, 1022]], [[202, 1021]], [[203, 1020]], [[204, 1019]], [[204, 1018]], [[204, 1017]], [[203, 1016]], [[204, 1015]], [[205, 1014]], [[205, 1013]], [[205, 1012]], [[206, 1011]], [[207, 1010]], [[208, 1009]], [[209, 1008]], [[210, 1007]], [[210, 1006]], [[211, 1005]], [[211, 1004]], [[211, 1003]], [[212, 1002]], [[212, 1001]], [[212, 1000]], [[212, 999]], [[211, 998]], [[210, 997]], [[210, 996]], [[210, 995]], [[210, 994]], [[209, 993]], [[208, 992]], [[207, 991]], [[206, 991]], [[205, 990]], [[204, 989]], [[203, 988]], [[202, 989]], [[201, 989]], [[200, 988]], [[200, 987]], [[201, 986]], [[202, 986]], [[202, 985]], [[202, 984]], [[202, 983]], [[202, 982]], [[202, 981]], [[202, 980]], [[202, 979]], [[202, 978]], [[202, 977]], [[203, 976]], [[202, 975]], [[202, 974]], [[201, 973]], [[201, 972]], [[202, 971]], [[201, 970]], [[202, 969]], [[202, 968]], [[201, 967]], [[201, 966]], [[200, 965]], [[200, 964]], [[200, 963]], [[199, 962]], [[198, 961]], [[198, 960]], [[197, 960]], [[196, 959]], [[195, 959]], [[194, 958]], [[193, 958]], [[192, 958]], [[191, 958]], [[190, 958]], [[189, 958]], [[188, 957]], [[187, 957]], [[186, 957]], [[185, 957]], [[184, 958]], [[183, 958]], [[182, 958]], [[181, 957]], [[180, 956]], [[179, 955]], [[178, 954]], [[177, 954]], [[176, 954]], [[175, 954]], [[174, 954]]]","[[], [[[116, 987], [115, 988], [114, 988], [114, 989], [115, 990], [116, 991], [116, 992], [116, 993], [116, 994], [116, 995], [115, 996], [114, 996], [113, 997], [114, 998], [114, 999], [114, 1000], [113, 1001], [113, 1002], [112, 1003], [112, 1004], [111, 1005], [112, 1006], [112, 1007], [113, 1007], [114, 1008], [114, 1009], [114, 1010], [115, 1010], [116, 1010], [117, 1009], [116, 1008], [115, 1007], [115, 1006], [114, 1005], [114, 1004], [114, 1003], [114, 1002], [114, 1001], [114, 1000], [115, 999], [116, 998], [116, 997], [116, 996], [116, 995], [117, 994], [117, 993], [117, 992], [116, 991], [116, 990], [116, 989], [116, 988]]], [[[127, 1003], [127, 1004], [126, 1005], [126, 1006], [126, 1007], [125, 1008], [125, 1009], [124, 1010], [123, 1009], [122, 1009], [121, 1009], [121, 1010], [122, 1010], [123, 1011], [124, 1012], [125, 1012], [126, 1011], [127, 1010], [128, 1010], [129, 1010], [130, 1010], [131, 1011], [132, 1011], [133, 1011], [134, 1011], [135, 1010], [136, 1009], [137, 1008], [137, 1007], [136, 1007], [135, 1007], [134, 1006], [133, 1006], [132, 1006], [132, 1007], [131, 1008], [130, 1009], [129, 1008], [129, 1007], [128, 1006], [128, 1005], [128, 1004], [129, 1003], [128, 1003]]], [[[175, 1034], [174, 1035], [173, 1036], [172, 1036], [171, 1036], [170, 1036], [169, 1036], [168, 1036], [167, 1036], [166, 1036], [166, 1037], [166, 1038], [167, 1038], [168, 1039], [169, 1039], [170, 1039], [171, 1039], [172, 1039], [172, 1038], [172, 1037], [173, 1036], [174, 1037], [175, 1037], [176, 1037], [177, 1037], [178, 1038], [178, 1039], [178, 1040], [179, 1040], [180, 1040], [181, 1039], [182, 1038], [183, 1038], [184, 1038], [185, 1038], [186, 1038], [187, 1038], [188, 1038], [189, 1038], [190, 1039], [191, 1039], [192, 1039], [193, 1040], [194, 1040], [194, 1039], [193, 1038], [192, 1038], [191, 1037], [190, 1036], [189, 1036], [188, 1036], [187, 1036], [186, 1036], [185, 1036], [184, 1036], [183, 1036], [182, 1037], [181, 1037], [180, 1037], [179, 1037], [178, 1037], [177, 1036], [176, 1035]]], [[[200, 1023], [199, 1024], [198, 1024], [197, 1024], [196, 1025], [197, 1026], [198, 1027], [197, 1028], [196, 1029], [195, 1029], [195, 1030], [195, 1031], [195, 1032], [196, 1032], [197, 1031], [198, 1030], [198, 1029], [199, 1028], [200, 1027], [201, 1026], [202, 1026], [203, 1026], [204, 1026], [205, 1027], [206, 1027], [207, 1026], [206, 1025], [206, 1024], [205, 1023], [204, 1024], [203, 1025], [202, 1025], [201, 1025], [200, 1024]]], [[[218, 1001], [218, 1002], [218, 1003], [217, 1004], [216, 1004], [215, 1004], [214, 1004], [213, 1003], [213, 1004], [212, 1005], [211, 1006], [211, 1007], [210, 1008], [209, 1009], [208, 1010], [207, 1011], [206, 1012], [206, 1013], [206, 1014], [205, 1015], [204, 1016], [205, 1017], [206, 1018], [207, 1018], [207, 1017], [207, 1016], [207, 1015], [207, 1014], [208, 1013], [209, 1014], [210, 1015], [211, 1015], [211, 1014], [211, 1013], [211, 1012], [212, 1011], [213, 1011], [214, 1010], [215, 1010], [216, 1009], [217, 1009], [217, 1008], [218, 1007], [218, 1006], [218, 1005], [218, 1004], [218, 1003], [219, 1002], [219, 1001]]]]","[[], 15, 17, 8, 33, 34]"
19,19,"[[[410, 947]], [[409, 948]], [[408, 948]], [[407, 948]], [[406, 948]], [[405, 948]], [[404, 948]], [[403, 949]], [[402, 949]], [[401, 950]], [[400, 950]], [[399, 950]], [[398, 951]], [[397, 951]], [[396, 951]], [[395, 952]], [[394, 952]], [[393, 952]], [[392, 953]], [[391, 954]], [[390, 955]], [[390, 956]], [[390, 957]], [[391, 958]], [[391, 959]], [[392, 960]], [[392, 961]], [[393, 962]], [[394, 962]], [[395, 962]], [[396, 963]], [[397, 963]], [[398, 963]], [[399, 964]], [[400, 965]], [[401, 965]], [[402, 965]], [[403, 965]], [[404, 966]], [[404, 967]], [[404, 968]], [[404, 969]], [[403, 970]], [[403, 971]], [[402, 972]], [[401, 973]], [[400, 974]], [[399, 974]], [[399, 975]], [[398, 976]], [[398, 977]], [[397, 978]], [[396, 979]], [[395, 980]], [[394, 980]], [[393, 981]], [[392, 982]], [[391, 983]], [[390, 983]], [[389, 984]], [[388, 984]], [[388, 985]], [[387, 986]], [[386, 986]], [[385, 987]], [[384, 987]], [[383, 988]], [[382, 988]], [[381, 989]], [[381, 990]], [[380, 991]], [[379, 990]], [[378, 989]], [[379, 988]], [[379, 987]], [[378, 986]], [[378, 985]], [[378, 984]], [[379, 983]], [[379, 982]], [[380, 981]], [[379, 980]], [[380, 979]], [[380, 978]], [[380, 977]], [[381, 976]], [[380, 975]], [[380, 974]], [[380, 973]], [[380, 972]], [[379, 972]], [[378, 972]], [[377, 971]], [[376, 970]], [[375, 969]], [[374, 968]], [[373, 967]], [[372, 967]], [[371, 967]], [[370, 967]], [[369, 967]], [[368, 967]], [[367, 968]], [[366, 969]], [[365, 970]], [[364, 970]], [[364, 971]], [[363, 972]], [[362, 973]], [[362, 974]], [[361, 975]], [[360, 976]], [[360, 977]], [[360, 978]], [[359, 979]], [[359, 980]], [[358, 981]], [[358, 982]], [[358, 983]], [[358, 984]], [[358, 985]], [[358, 986]], [[358, 987]], [[359, 988]], [[359, 989]], [[360, 990]], [[361, 990]], [[362, 991]], [[363, 991]], [[364, 992]], [[365, 992]], [[366, 993]], [[367, 994]], [[368, 994]], [[369, 994]], [[370, 994]], [[371, 995]], [[372, 994]], [[373, 993]], [[374, 993]], [[375, 992]], [[376, 991]], [[377, 991]], [[378, 992]], [[378, 993]], [[379, 994]], [[379, 995]], [[379, 996]], [[380, 996]], [[381, 997]], [[381, 998]], [[382, 999]], [[383, 1000]], [[384, 1000]], [[385, 1000]], [[386, 1001]], [[387, 1002]], [[387, 1003]], [[388, 1003]], [[389, 1004]], [[390, 1005]], [[391, 1005]], [[392, 1006]], [[393, 1006]], [[394, 1006]], [[395, 1005]], [[396, 1004]], [[397, 1003]], [[398, 1003]], [[399, 1002]], [[400, 1001]], [[401, 1000]], [[402, 999]], [[403, 998]], [[404, 997]], [[405, 996]], [[406, 996]], [[407, 995]], [[406, 994]], [[406, 993]], [[407, 992]], [[407, 991]], [[408, 990]], [[409, 989]], [[410, 989]], [[411, 988]], [[412, 987]], [[413, 986]], [[413, 985]], [[414, 984]], [[414, 983]], [[414, 982]], [[415, 981]], [[415, 980]], [[415, 979]], [[416, 978]], [[416, 977]], [[416, 976]], [[417, 975]], [[417, 974]], [[417, 973]], [[418, 972]], [[418, 971]], [[418, 970]], [[418, 969]], [[419, 968]], [[419, 967]], [[419, 966]], [[419, 965]], [[419, 964]], [[419, 963]], [[419, 962]], [[418, 961]], [[417, 961]], [[416, 961]], [[415, 961]], [[414, 961]], [[413, 961]], [[412, 961]], [[411, 961]], [[410, 962]], [[409, 963]], [[408, 963]], [[407, 962]], [[408, 961]], [[409, 960]], [[410, 959]], [[411, 959]], [[412, 959]], [[413, 959]], [[414, 959]], [[415, 958]], [[415, 957]], [[416, 956]], [[417, 955]], [[418, 955]], [[419, 954]], [[420, 953]], [[420, 952]], [[421, 951]], [[421, 950]], [[421, 949]], [[420, 948]], [[420, 947]], [[419, 947]], [[418, 947]], [[417, 947]], [[416, 947]], [[415, 947]], [[414, 947]], [[413, 947]], [[412, 947]], [[411, 947]]]","[[[[419, 936], [419, 937], [420, 938], [420, 939], [419, 940], [418, 940], [418, 941], [418, 942], [418, 943], [418, 944], [417, 945], [416, 945], [415, 945], [414, 945], [413, 945], [412, 945], [411, 944], [410, 944], [409, 944], [408, 945], [407, 946], [406, 946], [405, 946], [404, 946], [404, 947], [405, 947], [406, 947], [407, 947], [408, 947], [409, 947], [410, 946], [411, 946], [412, 946], [413, 946], [414, 946], [415, 946], [416, 946], [417, 946], [418, 946], [419, 946], [420, 946], [421, 946], [422, 947], [422, 948], [422, 949], [422, 950], [422, 951], [422, 952], [423, 952], [423, 951], [423, 950], [423, 949], [423, 948], [424, 947], [425, 946], [424, 945], [423, 945], [422, 944], [421, 943], [421, 942], [420, 941], [420, 940], [420, 939], [420, 938], [420, 937], [420, 936]]], [], [[[387, 1004], [386, 1005], [386, 1006], [387, 1007], [387, 1008], [387, 1009], [386, 1010], [385, 1010], [384, 1011], [383, 1010], [382, 1010], [381, 1010], [380, 1011], [381, 1011], [382, 1012], [381, 1013], [380, 1014], [379, 1014], [378, 1014], [377, 1013], [377, 1012], [376, 1011], [376, 1010], [375, 1010], [374, 1010], [373, 1009], [372, 1009], [371, 1008], [370, 1008], [370, 1009], [371, 1009], [372, 1010], [373, 1011], [373, 1012], [373, 1013], [374, 1014], [375, 1014], [376, 1014], [377, 1014], [378, 1014], [379, 1015], [380, 1015], [381, 1014], [382, 1015], [383, 1015], [384, 1016], [384, 1017], [384, 1018], [385, 1019], [386, 1019], [387, 1019], [388, 1019], [389, 1019], [390, 1019], [391, 1020], [392, 1020], [393, 1019], [394, 1019], [395, 1018], [396, 1018], [396, 1017], [396, 1016], [395, 1015], [395, 1014], [395, 1013], [395, 1012], [394, 1011], [393, 1012], [393, 1013], [393, 1014], [393, 1015], [392, 1016], [391, 1016], [390, 1017], [389, 1017], [388, 1017], [387, 1016], [387, 1015], [386, 1014], [385, 1013], [386, 1012], [387, 1011], [388, 1012], [389, 1011], [389, 1010], [390, 1009], [390, 1008], [389, 1007], [389, 1006], [389, 1005], [388, 1004]]]]","[35, [], 36]"
20,20,"[[[695, 940]], [[694, 941]], [[693, 941]], [[693, 942]], [[692, 943]], [[692, 944]], [[692, 945]], [[692, 946]], [[692, 947]], [[693, 948]], [[692, 949]], [[692, 950]], [[691, 951]], [[690, 951]], [[690, 952]], [[690, 953]], [[689, 954]], [[688, 954]], [[687, 954]], [[686, 953]], [[685, 952]], [[684, 952]], [[683, 952]], [[682, 952]], [[681, 953]], [[680, 954]], [[679, 954]], [[678, 954]], [[677, 954]], [[676, 953]], [[675, 953]], [[674, 953]], [[673, 953]], [[672, 953]], [[671, 952]], [[670, 951]], [[669, 951]], [[668, 951]], [[667, 951]], [[666, 951]], [[665, 952]], [[664, 953]], [[664, 954]], [[663, 955]], [[663, 956]], [[663, 957]], [[662, 958]], [[662, 959]], [[661, 960]], [[661, 961]], [[661, 962]], [[661, 963]], [[662, 963]], [[663, 964]], [[663, 965]], [[663, 966]], [[663, 967]], [[663, 968]], [[663, 969]], [[663, 970]], [[662, 971]], [[661, 972]], [[660, 973]], [[660, 974]], [[659, 975]], [[658, 976]], [[657, 977]], [[656, 978]], [[656, 979]], [[656, 980]], [[656, 981]], [[656, 982]], [[656, 983]], [[657, 984]], [[657, 985]], [[657, 986]], [[658, 987]], [[659, 987]], [[660, 987]], [[661, 988]], [[662, 989]], [[663, 990]], [[664, 990]], [[665, 990]], [[666, 991]], [[667, 992]], [[668, 992]], [[669, 992]], [[670, 992]], [[671, 993]], [[672, 994]], [[673, 994]], [[674, 995]], [[675, 996]], [[675, 997]], [[675, 998]], [[676, 999]], [[676, 1000]], [[677, 1001]], [[676, 1002]], [[677, 1003]], [[678, 1003]], [[679, 1002]], [[680, 1003]], [[681, 1004]], [[681, 1005]], [[682, 1004]], [[683, 1003]], [[684, 1003]], [[685, 1003]], [[686, 1003]], [[687, 1003]], [[688, 1004]], [[689, 1004]], [[690, 1003]], [[691, 1003]], [[692, 1004]], [[693, 1005]], [[694, 1004]], [[695, 1004]], [[696, 1004]], [[697, 1004]], [[698, 1004]], [[699, 1004]], [[700, 1004]], [[701, 1005]], [[702, 1005]], [[703, 1005]], [[704, 1004]], [[705, 1004]], [[705, 1003]], [[706, 1002]], [[707, 1001]], [[707, 1000]], [[708, 999]], [[709, 998]], [[709, 997]], [[710, 996]], [[711, 995]], [[712, 994]], [[713, 994]], [[714, 993]], [[715, 993]], [[716, 992]], [[717, 991]], [[718, 990]], [[719, 990]], [[720, 990]], [[721, 989]], [[721, 988]], [[722, 987]], [[723, 986]], [[723, 985]], [[723, 984]], [[724, 983]], [[724, 982]], [[724, 981]], [[724, 980]], [[724, 979]], [[724, 978]], [[724, 977]], [[725, 976]], [[726, 975]], [[726, 974]], [[727, 973]], [[728, 972]], [[729, 971]], [[729, 970]], [[728, 969]], [[728, 968]], [[727, 967]], [[727, 966]], [[726, 965]], [[726, 964]], [[726, 963]], [[727, 962]], [[727, 961]], [[728, 960]], [[728, 959]], [[728, 958]], [[728, 957]], [[729, 956]], [[729, 955]], [[728, 954]], [[728, 953]], [[728, 952]], [[727, 951]], [[726, 950]], [[725, 949]], [[724, 949]], [[723, 948]], [[722, 948]], [[721, 947]], [[720, 947]], [[719, 946]], [[718, 946]], [[717, 946]], [[716, 946]], [[715, 946]], [[714, 947]], [[713, 947]], [[712, 946]], [[712, 945]], [[711, 944]], [[710, 943]], [[709, 942]], [[708, 942]], [[707, 942]], [[706, 941]], [[705, 941]], [[704, 941]], [[703, 941]], [[702, 941]], [[701, 941]], [[700, 940]], [[699, 940]], [[698, 940]], [[697, 940]], [[696, 940]]]","[[], [[[651, 969], [650, 970], [651, 971], [651, 972], [651, 973], [651, 974], [651, 975], [652, 976], [652, 977], [653, 978], [653, 979], [654, 980], [654, 981], [655, 982], [655, 981], [655, 980], [655, 979], [655, 978], [655, 977], [654, 976], [653, 975], [652, 974], [653, 973], [654, 972], [655, 972], [656, 971], [655, 970], [654, 970], [653, 970], [652, 970]]], [[[656, 986], [656, 987], [656, 988], [656, 989], [657, 989], [658, 990], [658, 991], [658, 992], [657, 993], [656, 992], [656, 993], [657, 994], [658, 994], [659, 994], [660, 995], [661, 996], [661, 997], [660, 998], [659, 998], [658, 998], [657, 997], [657, 998], [657, 999], [658, 999], [659, 999], [660, 999], [661, 1000], [660, 1001], [660, 1002], [660, 1003], [659, 1004], [658, 1003], [658, 1002], [657, 1001], [656, 1001], [655, 1002], [654, 1002], [653, 1002], [653, 1003], [652, 1004], [652, 1005], [651, 1006], [651, 1007], [651, 1008], [651, 1009], [650, 1010], [650, 1011], [651, 1011], [651, 1010], [652, 1009], [653, 1008], [654, 1008], [655, 1007], [655, 1006], [655, 1005], [655, 1004], [655, 1003], [656, 1002], [657, 1003], [658, 1003], [659, 1004], [660, 1004], [661, 1004], [662, 1003], [663, 1002], [663, 1001], [664, 1000], [664, 999], [664, 998], [664, 997], [664, 996], [664, 995], [665, 994], [666, 995], [666, 994], [666, 993], [665, 992], [664, 992], [663, 992], [662, 991], [661, 990], [660, 989], [659, 988], [658, 988], [657, 987]]], [[[683, 1004], [682, 1005], [682, 1006], [681, 1007], [680, 1007], [679, 1008], [678, 1008], [677, 1008], [676, 1007], [675, 1007], [676, 1008], [677, 1009], [678, 1009], [679, 1009], [680, 1009], [681, 1009], [682, 1009], [683, 1009], [682, 1008], [681, 1007], [682, 1006], [683, 1006], [684, 1006], [685, 1006], [686, 1005], [685, 1005], [684, 1004]]], [[[733, 967], [732, 968], [732, 969], [732, 970], [732, 971], [732, 972], [732, 973], [733, 974], [733, 975], [732, 976], [732, 977], [731, 978], [730, 979], [729, 980], [728, 981], [727, 982], [726, 983], [725, 983], [724, 984], [724, 985], [724, 986], [723, 987], [722, 988], [722, 989], [721, 990], [720, 991], [719, 991], [718, 991], [717, 992], [716, 993], [715, 994], [714, 994], [713, 995], [712, 995], [711, 996], [710, 997], [710, 998], [709, 999], [708, 1000], [708, 1001], [707, 1002], [706, 1003], [706, 1004], [705, 1005], [704, 1005], [703, 1006], [702, 1006], [701, 1006], [700, 1005], [699, 1005], [698, 1005], [697, 1005], [696, 1005], [695, 1005], [694, 1005], [693, 1006], [693, 1007], [692, 1008], [692, 1009], [691, 1010], [690, 1011], [689, 1011], [688, 1011], [687, 1011], [686, 1011], [687, 1011], [688, 1012], [689, 1012], [690, 1012], [691, 1012], [692, 1013], [693, 1014], [694, 1015], [695, 1016], [695, 1015], [695, 1014], [695, 1013], [695, 1012], [694, 1012], [693, 1011], [693, 1010], [694, 1009], [695, 1009], [696, 1008], [697, 1009], [698, 1009], [699, 1010], [700, 1010], [701, 1010], [702, 1011], [703, 1011], [703, 1010], [704, 1009], [704, 1008], [705, 1007], [706, 1007], [706, 1006], [707, 1005], [707, 1004], [707, 1003], [708, 1002], [709, 1001], [710, 1000], [710, 999], [711, 998], [712, 997], [713, 997], [714, 997], [715, 996], [716, 997], [716, 996], [716, 995], [716, 994], [717, 993], [718, 993], [719, 993], [720, 993], [721, 993], [721, 992], [721, 991], [722, 990], [723, 989], [723, 988], [724, 987], [725, 986], [725, 985], [726, 984], [727, 983], [728, 983], [729, 982], [730, 981], [731, 980], [732, 979], [733, 979], [734, 979], [735, 979], [735, 978], [734, 977], [735, 976], [735, 975], [735, 974], [735, 973], [736, 972], [736, 971], [736, 970], [736, 969], [735, 969], [734, 969], [733, 968]]]]","[[], 37, 38, 39, 14]"
21,21,"[[[452, 940]], [[451, 941]], [[450, 942]], [[449, 943]], [[448, 944]], [[447, 945]], [[447, 946]], [[447, 947]], [[446, 948]], [[446, 949]], [[446, 950]], [[446, 951]], [[445, 952]], [[445, 953]], [[445, 954]], [[444, 955]], [[444, 956]], [[444, 957]], [[443, 958]], [[443, 959]], [[443, 960]], [[443, 961]], [[442, 962]], [[442, 963]], [[441, 964]], [[441, 965]], [[440, 966]], [[440, 967]], [[439, 968]], [[438, 969]], [[438, 970]], [[437, 971]], [[437, 972]], [[437, 973]], [[436, 974]], [[435, 974]], [[434, 975]], [[434, 976]], [[434, 977]], [[433, 978]], [[433, 979]], [[433, 980]], [[433, 981]], [[433, 982]], [[434, 983]], [[435, 984]], [[436, 984]], [[437, 985]], [[438, 985]], [[439, 985]], [[440, 985]], [[441, 985]], [[442, 985]], [[443, 985]], [[444, 986]], [[444, 987]], [[444, 988]], [[444, 989]], [[444, 990]], [[444, 991]], [[445, 992]], [[445, 993]], [[445, 994]], [[446, 995]], [[446, 996]], [[447, 996]], [[448, 997]], [[448, 998]], [[448, 999]], [[449, 999]], [[450, 1000]], [[451, 1000]], [[452, 1001]], [[453, 1002]], [[454, 1003]], [[455, 1003]], [[456, 1003]], [[457, 1003]], [[458, 1004]], [[459, 1004]], [[460, 1004]], [[461, 1005]], [[462, 1005]], [[463, 1005]], [[464, 1004]], [[465, 1003]], [[466, 1003]], [[467, 1004]], [[467, 1005]], [[468, 1004]], [[469, 1004]], [[470, 1004]], [[471, 1004]], [[472, 1004]], [[473, 1004]], [[474, 1005]], [[475, 1005]], [[476, 1004]], [[477, 1004]], [[478, 1004]], [[479, 1004]], [[480, 1005]], [[480, 1006]], [[480, 1007]], [[480, 1008]], [[480, 1009]], [[480, 1010]], [[481, 1011]], [[482, 1012]], [[483, 1012]], [[484, 1012]], [[485, 1013]], [[486, 1014]], [[487, 1015]], [[486, 1016]], [[485, 1017]], [[485, 1018]], [[484, 1019]], [[483, 1019]], [[484, 1019]], [[485, 1019]], [[486, 1019]], [[487, 1018]], [[488, 1018]], [[489, 1018]], [[490, 1019]], [[489, 1020]], [[488, 1021]], [[487, 1022]], [[486, 1023]], [[486, 1024]], [[487, 1025]], [[487, 1026]], [[487, 1027]], [[487, 1028]], [[487, 1029]], [[488, 1030]], [[489, 1030]], [[490, 1031]], [[490, 1032]], [[491, 1033]], [[492, 1034]], [[491, 1035]], [[491, 1036]], [[491, 1037]], [[490, 1038]], [[491, 1038]], [[492, 1038]], [[493, 1038]], [[494, 1039]], [[495, 1040]], [[496, 1040]], [[497, 1041]], [[497, 1042]], [[498, 1043]], [[498, 1044]], [[499, 1045]], [[500, 1045]], [[501, 1045]], [[502, 1044]], [[503, 1043]], [[503, 1042]], [[503, 1041]], [[504, 1040]], [[504, 1039]], [[504, 1038]], [[505, 1037]], [[505, 1036]], [[505, 1035]], [[506, 1034]], [[506, 1033]], [[507, 1032]], [[506, 1031]], [[506, 1030]], [[506, 1029]], [[506, 1028]], [[506, 1027]], [[506, 1026]], [[507, 1025]], [[508, 1026]], [[508, 1027]], [[509, 1027]], [[510, 1027]], [[511, 1027]], [[512, 1026]], [[513, 1027]], [[514, 1028]], [[514, 1029]], [[514, 1030]], [[515, 1030]], [[516, 1030]], [[517, 1030]], [[518, 1030]], [[519, 1031]], [[520, 1032]], [[521, 1032]], [[522, 1032]], [[523, 1032]], [[524, 1032]], [[525, 1032]], [[526, 1033]], [[527, 1033]], [[528, 1033]], [[529, 1033]], [[530, 1033]], [[531, 1034]], [[532, 1033]], [[533, 1033]], [[534, 1033]], [[535, 1032]], [[536, 1032]], [[537, 1031]], [[538, 1030]], [[538, 1029]], [[539, 1028]], [[540, 1028]], [[541, 1028]], [[542, 1027]], [[543, 1027]], [[544, 1026]], [[545, 1025]], [[546, 1024]], [[547, 1024]], [[548, 1024]], [[549, 1023]], [[550, 1023]], [[551, 1022]], [[552, 1021]], [[553, 1021]], [[554, 1021]], [[555, 1021]], [[556, 1021]], [[557, 1021]], [[558, 1020]], [[559, 1020]], [[560, 1019]], [[561, 1018]], [[562, 1018]], [[562, 1017]], [[563, 1016]], [[564, 1015]], [[565, 1015]], [[566, 1014]], [[565, 1013]], [[566, 1012]], [[566, 1011]], [[567, 1010]], [[568, 1010]], [[569, 1009]], [[570, 1009]], [[571, 1008]], [[572, 1008]], [[573, 1007]], [[574, 1006]], [[575, 1005]], [[576, 1004]], [[577, 1003]], [[577, 1002]], [[578, 1001]], [[578, 1000]], [[578, 999]], [[579, 998]], [[579, 997]], [[579, 996]], [[580, 995]], [[580, 994]], [[581, 993]], [[581, 992]], [[582, 991]], [[582, 990]], [[582, 989]], [[582, 988]], [[582, 987]], [[582, 986]], [[582, 985]], [[582, 984]], [[581, 983]], [[580, 983]], [[579, 982]], [[579, 981]], [[579, 980]], [[579, 979]], [[580, 978]], [[580, 977]], [[580, 976]], [[581, 975]], [[581, 974]], [[580, 973]], [[580, 972]], [[579, 972]], [[578, 971]], [[577, 971]], [[576, 970]], [[575, 969]], [[575, 968]], [[574, 967]], [[574, 966]], [[574, 965]], [[574, 964]], [[574, 963]], [[574, 962]], [[574, 961]], [[574, 960]], [[574, 959]], [[574, 958]], [[574, 957]], [[573, 956]], [[573, 955]], [[573, 954]], [[572, 954]], [[571, 954]], [[570, 954]], [[569, 953]], [[568, 952]], [[567, 952]], [[566, 952]], [[565, 952]], [[564, 952]], [[563, 951]], [[562, 951]], [[561, 950]], [[560, 949]], [[559, 949]], [[558, 948]], [[557, 948]], [[556, 948]], [[555, 947]], [[555, 946]], [[554, 946]], [[553, 946]], [[552, 946]], [[551, 945]], [[550, 945]], [[549, 945]], [[548, 946]], [[547, 946]], [[546, 947]], [[545, 947]], [[544, 948]], [[543, 948]], [[542, 948]], [[541, 948]], [[540, 949]], [[539, 949]], [[538, 950]], [[537, 950]], [[536, 950]], [[535, 951]], [[534, 951]], [[533, 952]], [[533, 953]], [[532, 954]], [[531, 955]], [[530, 956]], [[529, 956]], [[528, 957]], [[527, 957]], [[526, 958]], [[525, 958]], [[524, 959]], [[523, 959]], [[522, 959]], [[521, 960]], [[520, 960]], [[519, 961]], [[519, 962]], [[518, 963]], [[518, 964]], [[517, 965]], [[516, 965]], [[515, 966]], [[514, 966]], [[514, 967]], [[513, 968]], [[512, 969]], [[511, 969]], [[510, 969]], [[509, 968]], [[508, 968]], [[507, 968]], [[506, 968]], [[505, 968]], [[504, 968]], [[503, 969]], [[502, 969]], [[501, 969]], [[500, 968]], [[500, 967]], [[499, 966]], [[499, 965]], [[499, 964]], [[498, 963]], [[498, 962]], [[498, 961]], [[498, 960]], [[497, 959]], [[497, 958]], [[496, 957]], [[496, 956]], [[496, 955]], [[495, 954]], [[494, 953]], [[493, 952]], [[492, 952]], [[491, 951]], [[491, 950]], [[490, 950]], [[489, 949]], [[488, 948]], [[487, 947]], [[486, 946]], [[485, 945]], [[484, 946]], [[483, 946]], [[482, 946]], [[481, 946]], [[480, 947]], [[479, 946]], [[478, 946]], [[477, 946]], [[476, 946]], [[475, 946]], [[474, 946]], [[473, 946]], [[472, 946]], [[471, 946]], [[470, 947]], [[469, 947]], [[468, 947]], [[467, 947]], [[466, 946]], [[465, 946]], [[464, 945]], [[463, 945]], [[462, 944]], [[461, 943]], [[460, 942]], [[459, 942]], [[458, 942]], [[457, 942]], [[456, 941]], [[455, 941]], [[454, 941]], [[453, 940]]]","[[[[438, 986], [439, 987], [439, 988], [440, 989], [441, 990], [442, 990], [443, 991], [443, 992], [442, 993], [441, 993], [442, 993], [443, 994], [444, 995], [444, 996], [444, 997], [444, 998], [444, 999], [445, 1000], [446, 1001], [447, 1002], [448, 1002], [449, 1003], [449, 1004], [450, 1005], [450, 1006], [451, 1006], [452, 1006], [453, 1006], [454, 1006], [455, 1006], [456, 1007], [457, 1008], [457, 1009], [458, 1010], [458, 1011], [458, 1012], [459, 1013], [459, 1014], [459, 1015], [460, 1015], [461, 1014], [461, 1013], [461, 1012], [460, 1011], [459, 1010], [460, 1009], [460, 1008], [460, 1007], [461, 1006], [460, 1005], [459, 1005], [458, 1005], [457, 1004], [456, 1004], [455, 1004], [454, 1004], [453, 1004], [452, 1005], [451, 1005], [450, 1004], [450, 1003], [450, 1002], [449, 1001], [448, 1001], [447, 1000], [446, 999], [445, 998], [445, 997], [445, 996], [444, 995], [444, 994], [443, 993], [443, 992], [443, 991], [443, 990], [443, 989], [443, 988], [443, 987], [443, 986], [442, 986], [441, 986], [440, 986], [439, 986]]], [], [[[581, 997], [581, 998], [581, 999], [580, 1000], [579, 1000], [580, 1001], [580, 1002], [581, 1001], [582, 1001], [583, 1001], [584, 1001], [585, 1002], [585, 1003], [585, 1004], [585, 1005], [584, 1006], [584, 1007], [584, 1008], [584, 1009], [583, 1010], [583, 1011], [583, 1012], [584, 1013], [584, 1014], [584, 1015], [584, 1016], [583, 1017], [582, 1017], [581, 1017], [580, 1017], [579, 1017], [578, 1018], [577, 1018], [576, 1018], [575, 1019], [574, 1020], [575, 1019], [576, 1019], [577, 1018], [578, 1018], [579, 1018], [580, 1018], [581, 1019], [581, 1020], [581, 1021], [581, 1022], [581, 1023], [580, 1024], [580, 1025], [580, 1026], [579, 1027], [579, 1028], [578, 1029], [577, 1030], [578, 1030], [579, 1031], [579, 1032], [579, 1033], [580, 1034], [581, 1035], [580, 1036], [581, 1037], [582, 1036], [582, 1035], [583, 1034], [583, 1033], [583, 1032], [583, 1031], [583, 1030], [583, 1029], [583, 1028], [583, 1027], [582, 1026], [582, 1025], [583, 1024], [583, 1023], [584, 1022], [583, 1021], [583, 1020], [583, 1019], [584, 1018], [585, 1017], [586, 1016], [586, 1015], [587, 1014], [588, 1014], [589, 1013], [590, 1013], [591, 1013], [592, 1012], [593, 1013], [594, 1013], [595, 1013], [596, 1014], [596, 1015], [596, 1016], [597, 1017], [597, 1018], [597, 1019], [596, 1020], [597, 1021], [598, 1020], [598, 1019], [599, 1018], [600, 1017], [600, 1016], [600, 1015], [599, 1014], [598, 1013], [597, 1012], [596, 1012], [595, 1012], [594, 1012], [593, 1011], [592, 1011], [591, 1012], [590, 1012], [589, 1012], [588, 1012], [587, 1011], [586, 1011], [585, 1011], [584, 1010], [584, 1009], [585, 1008], [585, 1007], [586, 1006], [586, 1005], [586, 1004], [586, 1003], [586, 1002], [585, 1001], [584, 1000], [585, 999], [586, 998], [587, 999], [587, 1000], [588, 1000], [589, 1000], [590, 1000], [591, 1000], [592, 999], [591, 998], [590, 998], [589, 998], [588, 998], [587, 997], [586, 997], [585, 998], [584, 997], [583, 997], [582, 997]]], [[[548, 943], [548, 944], [549, 944], [550, 943], [551, 943], [552, 944], [553, 944], [554, 945], [555, 945], [556, 946], [557, 946], [558, 947], [559, 948], [560, 948], [561, 949], [562, 949], [563, 950], [564, 950], [565, 950], [566, 950], [567, 951], [568, 950], [569, 950], [570, 950], [571, 950], [572, 950], [573, 950], [574, 949], [575, 949], [576, 950], [577, 951], [578, 951], [579, 950], [580, 950], [580, 949], [580, 948], [581, 947], [582, 946], [581, 946], [581, 947], [580, 948], [579, 948], [578, 949], [577, 949], [576, 949], [575, 948], [574, 948], [573, 948], [572, 949], [571, 949], [570, 949], [569, 948], [568, 949], [567, 949], [566, 950], [565, 950], [564, 949], [563, 949], [562, 949], [561, 948], [560, 947], [559, 947], [558, 947], [557, 946], [556, 945], [555, 945], [554, 944], [553, 944], [552, 943], [551, 943], [550, 943], [549, 943]]], [[[530, 953], [529, 954], [528, 954], [527, 954], [527, 955], [526, 956], [525, 956], [524, 956], [523, 957], [522, 957], [521, 957], [520, 957], [519, 957], [518, 956], [518, 955], [517, 955], [516, 955], [515, 955], [514, 955], [513, 954], [512, 954], [511, 955], [510, 955], [509, 955], [508, 954], [507, 954], [506, 955], [506, 956], [506, 957], [505, 958], [505, 959], [506, 958], [507, 958], [508, 958], [509, 959], [510, 959], [511, 960], [512, 960], [513, 960], [514, 960], [514, 959], [513, 959], [512, 958], [513, 957], [514, 957], [515, 956], [516, 956], [517, 956], [518, 956], [519, 957], [520, 958], [521, 958], [522, 958], [523, 958], [524, 957], [525, 956], [526, 956], [527, 955], [528, 955], [529, 955], [530, 954]]]]","[41, [], 12, 43, 44]"
22,22,"[[[794, 915]], [[793, 916]], [[793, 917]], [[792, 918]], [[792, 919]], [[792, 920]], [[792, 921]], [[792, 922]], [[793, 923]], [[794, 923]], [[795, 924]], [[796, 924]], [[797, 924]], [[798, 925]], [[799, 926]], [[800, 927]], [[800, 928]], [[801, 928]], [[802, 928]], [[803, 929]], [[803, 930]], [[804, 930]], [[805, 930]], [[806, 931]], [[807, 931]], [[808, 932]], [[809, 932]], [[810, 933]], [[811, 934]], [[812, 934]], [[813, 933]], [[814, 932]], [[815, 932]], [[816, 932]], [[817, 933]], [[817, 934]], [[818, 934]], [[819, 933]], [[819, 932]], [[819, 931]], [[818, 930]], [[819, 929]], [[818, 928]], [[818, 927]], [[819, 926]], [[818, 925]], [[818, 924]], [[818, 923]], [[817, 922]], [[816, 922]], [[815, 922]], [[814, 922]], [[813, 921]], [[812, 920]], [[812, 919]], [[812, 918]], [[811, 918]], [[810, 917]], [[810, 916]], [[809, 916]], [[808, 916]], [[807, 916]], [[806, 916]], [[805, 916]], [[804, 916]], [[803, 916]], [[802, 916]], [[801, 916]], [[800, 916]], [[799, 916]], [[798, 916]], [[797, 916]], [[796, 915]], [[795, 915]]]",[],[]
23,23,"[[[62, 912]], [[61, 913]], [[60, 913]], [[59, 914]], [[58, 914]], [[57, 915]], [[56, 916]], [[55, 916]], [[54, 916]], [[53, 917]], [[53, 918]], [[53, 919]], [[54, 920]], [[54, 921]], [[54, 922]], [[54, 923]], [[54, 924]], [[54, 925]], [[54, 926]], [[54, 927]], [[54, 928]], [[54, 929]], [[54, 930]], [[55, 931]], [[55, 932]], [[56, 933]], [[57, 934]], [[58, 934]], [[59, 935]], [[60, 936]], [[61, 936]], [[62, 937]], [[63, 937]], [[64, 937]], [[65, 937]], [[66, 936]], [[67, 936]], [[68, 936]], [[69, 935]], [[70, 935]], [[71, 935]], [[72, 935]], [[73, 935]], [[74, 935]], [[75, 935]], [[76, 934]], [[77, 934]], [[78, 933]], [[79, 932]], [[80, 931]], [[81, 931]], [[81, 930]], [[82, 929]], [[83, 928]], [[83, 927]], [[83, 926]], [[83, 925]], [[83, 924]], [[83, 923]], [[83, 922]], [[82, 921]], [[81, 920]], [[80, 919]], [[79, 918]], [[78, 918]], [[77, 917]], [[76, 916]], [[75, 915]], [[75, 914]], [[74, 914]], [[73, 914]], [[72, 914]], [[71, 913]], [[70, 912]], [[69, 912]], [[68, 913]], [[67, 913]], [[66, 914]], [[65, 914]], [[64, 913]], [[64, 912]], [[63, 912]]]",[[]],[]
24,24,"[[[233, 910]], [[232, 911]], [[231, 911]], [[231, 912]], [[230, 913]], [[229, 914]], [[228, 915]], [[228, 916]], [[228, 917]], [[227, 918]], [[227, 919]], [[227, 920]], [[227, 921]], [[227, 922]], [[226, 923]], [[226, 924]], [[226, 925]], [[226, 926]], [[226, 927]], [[227, 928]], [[227, 929]], [[228, 930]], [[228, 931]], [[228, 932]], [[229, 932]], [[230, 933]], [[230, 934]], [[231, 935]], [[231, 936]], [[232, 935]], [[233, 935]], [[234, 936]], [[235, 937]], [[236, 937]], [[237, 937]], [[238, 938]], [[239, 938]], [[240, 938]], [[241, 938]], [[242, 938]], [[243, 938]], [[244, 938]], [[245, 938]], [[246, 938]], [[247, 938]], [[248, 937]], [[249, 937]], [[250, 936]], [[251, 936]], [[252, 935]], [[253, 934]], [[253, 933]], [[254, 932]], [[254, 931]], [[255, 930]], [[255, 929]], [[256, 928]], [[256, 927]], [[256, 926]], [[256, 925]], [[256, 924]], [[257, 923]], [[256, 922]], [[256, 921]], [[255, 920]], [[254, 919]], [[254, 918]], [[254, 917]], [[254, 916]], [[253, 915]], [[252, 915]], [[251, 915]], [[250, 915]], [[249, 915]], [[248, 915]], [[247, 914]], [[246, 914]], [[245, 914]], [[244, 914]], [[243, 914]], [[242, 913]], [[241, 912]], [[241, 911]], [[240, 911]], [[239, 912]], [[238, 912]], [[237, 912]], [[236, 911]], [[235, 911]], [[234, 910]]]","[[[[225, 905], [225, 906], [224, 907], [223, 907], [222, 907], [221, 908], [220, 908], [220, 909], [219, 910], [218, 910], [217, 911], [216, 910], [215, 910], [214, 910], [213, 911], [214, 911], [215, 911], [216, 912], [217, 912], [218, 912], [219, 913], [220, 913], [221, 914], [221, 915], [221, 916], [222, 917], [221, 918], [220, 918], [219, 918], [219, 919], [220, 920], [221, 921], [221, 922], [221, 921], [222, 920], [221, 919], [221, 918], [222, 917], [223, 917], [223, 916], [224, 915], [225, 914], [226, 914], [227, 913], [227, 912], [227, 911], [228, 910], [229, 910], [230, 910], [230, 909], [229, 908], [229, 907], [229, 906], [228, 906], [227, 906], [226, 906]]], []]","[45, []]"
25,25,"[[[394, 908]], [[393, 909]], [[392, 909]], [[391, 910]], [[390, 910]], [[389, 911]], [[388, 911]], [[388, 912]], [[387, 913]], [[387, 914]], [[386, 915]], [[386, 916]], [[387, 917]], [[387, 918]], [[387, 919]], [[388, 920]], [[388, 921]], [[388, 922]], [[389, 922]], [[390, 923]], [[390, 924]], [[391, 924]], [[392, 925]], [[393, 926]], [[394, 927]], [[395, 927]], [[396, 927]], [[397, 927]], [[398, 927]], [[399, 928]], [[400, 928]], [[401, 928]], [[402, 928]], [[403, 929]], [[403, 930]], [[403, 929]], [[404, 928]], [[405, 928]], [[406, 928]], [[407, 927]], [[407, 926]], [[408, 925]], [[408, 924]], [[408, 923]], [[408, 922]], [[409, 921]], [[410, 920]], [[410, 919]], [[410, 918]], [[410, 917]], [[410, 916]], [[410, 915]], [[409, 914]], [[408, 913]], [[407, 913]], [[406, 913]], [[405, 913]], [[404, 913]], [[403, 913]], [[402, 912]], [[402, 911]], [[401, 910]], [[400, 909]], [[399, 909]], [[398, 909]], [[397, 909]], [[396, 908]], [[395, 908]]]",[[]],[]
26,26,"[[[315, 900]], [[314, 901]], [[313, 901]], [[312, 901]], [[311, 901]], [[310, 902]], [[309, 902]], [[308, 902]], [[307, 902]], [[306, 903]], [[305, 903]], [[304, 903]], [[303, 903]], [[302, 904]], [[301, 904]], [[300, 904]], [[299, 904]], [[298, 905]], [[297, 906]], [[296, 906]], [[295, 907]], [[294, 908]], [[294, 909]], [[293, 910]], [[292, 911]], [[291, 912]], [[290, 912]], [[289, 913]], [[288, 914]], [[287, 914]], [[287, 915]], [[286, 916]], [[286, 917]], [[286, 918]], [[286, 919]], [[285, 920]], [[285, 921]], [[285, 922]], [[285, 923]], [[285, 924]], [[285, 925]], [[285, 926]], [[285, 927]], [[285, 928]], [[285, 929]], [[285, 930]], [[285, 931]], [[285, 932]], [[285, 933]], [[286, 934]], [[286, 935]], [[285, 936]], [[284, 937]], [[283, 937]], [[283, 938]], [[282, 939]], [[282, 940]], [[282, 941]], [[282, 942]], [[281, 943]], [[281, 944]], [[282, 945]], [[283, 946]], [[283, 947]], [[283, 948]], [[284, 948]], [[285, 949]], [[286, 949]], [[287, 949]], [[288, 950]], [[289, 950]], [[290, 950]], [[291, 950]], [[292, 950]], [[293, 951]], [[294, 951]], [[295, 951]], [[296, 951]], [[297, 950]], [[298, 950]], [[299, 950]], [[300, 951]], [[301, 951]], [[302, 951]], [[303, 951]], [[304, 951]], [[305, 950]], [[306, 950]], [[307, 949]], [[308, 949]], [[309, 948]], [[310, 947]], [[311, 947]], [[312, 946]], [[313, 946]], [[314, 945]], [[315, 945]], [[316, 945]], [[317, 945]], [[318, 946]], [[319, 946]], [[320, 947]], [[321, 947]], [[322, 947]], [[323, 947]], [[324, 946]], [[325, 946]], [[326, 946]], [[327, 945]], [[328, 945]], [[329, 945]], [[330, 944]], [[330, 943]], [[331, 942]], [[332, 941]], [[333, 940]], [[334, 940]], [[334, 939]], [[335, 938]], [[334, 937]], [[334, 936]], [[334, 935]], [[334, 934]], [[334, 933]], [[335, 932]], [[335, 931]], [[335, 930]], [[336, 929]], [[335, 929]], [[334, 928]], [[334, 927]], [[335, 926]], [[336, 926]], [[337, 925]], [[337, 924]], [[338, 923]], [[338, 922]], [[338, 921]], [[338, 920]], [[339, 919]], [[339, 918]], [[338, 917]], [[338, 916]], [[337, 915]], [[337, 914]], [[336, 914]], [[335, 914]], [[334, 914]], [[333, 914]], [[332, 913]], [[331, 912]], [[330, 911]], [[330, 910]], [[329, 909]], [[329, 908]], [[329, 907]], [[328, 906]], [[328, 905]], [[328, 904]], [[327, 903]], [[326, 902]], [[325, 901]], [[324, 901]], [[323, 900]], [[322, 900]], [[321, 900]], [[320, 900]], [[319, 900]], [[318, 900]], [[317, 900]], [[316, 900]]]",[[]],[]
27,27,"[[[634, 892]], [[633, 893]], [[632, 893]], [[631, 893]], [[630, 893]], [[629, 893]], [[628, 893]], [[627, 894]], [[626, 894]], [[625, 894]], [[624, 895]], [[623, 895]], [[622, 895]], [[621, 895]], [[620, 894]], [[619, 894]], [[618, 894]], [[617, 893]], [[616, 894]], [[615, 894]], [[614, 894]], [[613, 893]], [[612, 893]], [[611, 893]], [[610, 893]], [[609, 893]], [[608, 894]], [[608, 895]], [[608, 896]], [[608, 897]], [[608, 898]], [[607, 899]], [[607, 900]], [[607, 901]], [[606, 902]], [[606, 903]], [[606, 904]], [[606, 905]], [[606, 906]], [[606, 907]], [[605, 908]], [[605, 909]], [[604, 910]], [[603, 911]], [[602, 912]], [[602, 913]], [[602, 914]], [[601, 915]], [[601, 916]], [[601, 917]], [[601, 918]], [[601, 919]], [[600, 920]], [[599, 920]], [[599, 921]], [[600, 922]], [[600, 923]], [[600, 924]], [[600, 925]], [[600, 926]], [[600, 927]], [[600, 928]], [[600, 929]], [[600, 930]], [[600, 931]], [[600, 932]], [[600, 933]], [[600, 934]], [[600, 935]], [[601, 936]], [[601, 937]], [[602, 938]], [[603, 939]], [[604, 940]], [[605, 941]], [[605, 942]], [[605, 943]], [[606, 944]], [[606, 945]], [[606, 946]], [[607, 947]], [[608, 948]], [[608, 949]], [[608, 950]], [[609, 951]], [[610, 951]], [[611, 951]], [[612, 952]], [[613, 952]], [[614, 953]], [[615, 953]], [[616, 952]], [[617, 952]], [[618, 951]], [[619, 951]], [[620, 951]], [[621, 950]], [[622, 949]], [[623, 949]], [[624, 949]], [[625, 950]], [[626, 951]], [[627, 951]], [[628, 951]], [[629, 950]], [[630, 949]], [[631, 949]], [[631, 948]], [[631, 947]], [[631, 946]], [[632, 945]], [[633, 944]], [[633, 943]], [[634, 942]], [[634, 941]], [[635, 940]], [[636, 939]], [[637, 940]], [[638, 940]], [[639, 940]], [[640, 941]], [[640, 942]], [[641, 943]], [[642, 944]], [[643, 945]], [[643, 946]], [[644, 947]], [[644, 948]], [[644, 949]], [[645, 950]], [[646, 949]], [[647, 950]], [[648, 951]], [[649, 952]], [[650, 953]], [[651, 954]], [[652, 954]], [[653, 954]], [[654, 954]], [[655, 953]], [[656, 953]], [[657, 952]], [[658, 952]], [[659, 952]], [[659, 951]], [[660, 950]], [[661, 949]], [[662, 948]], [[663, 947]], [[664, 946]], [[665, 945]], [[666, 945]], [[667, 944]], [[668, 943]], [[669, 942]], [[670, 942]], [[671, 942]], [[672, 941]], [[673, 940]], [[674, 939]], [[675, 938]], [[675, 937]], [[676, 936]], [[677, 936]], [[678, 935]], [[679, 934]], [[680, 933]], [[680, 932]], [[680, 931]], [[680, 930]], [[680, 929]], [[680, 928]], [[680, 927]], [[679, 926]], [[678, 925]], [[677, 924]], [[676, 924]], [[675, 924]], [[674, 924]], [[673, 924]], [[672, 923]], [[671, 923]], [[670, 923]], [[669, 923]], [[668, 923]], [[667, 922]], [[667, 921]], [[668, 920]], [[668, 919]], [[669, 918]], [[669, 917]], [[669, 916]], [[668, 915]], [[668, 914]], [[667, 913]], [[666, 913]], [[665, 912]], [[664, 911]], [[664, 910]], [[663, 909]], [[663, 908]], [[662, 908]], [[661, 908]], [[660, 908]], [[659, 908]], [[658, 907]], [[658, 906]], [[658, 905]], [[659, 904]], [[659, 903]], [[659, 902]], [[658, 902]], [[657, 901]], [[656, 900]], [[656, 899]], [[655, 898]], [[655, 897]], [[655, 896]], [[654, 896]], [[654, 897]], [[653, 898]], [[652, 898]], [[651, 898]], [[650, 898]], [[649, 898]], [[648, 898]], [[647, 899]], [[646, 899]], [[645, 900]], [[644, 901]], [[643, 901]], [[643, 902]], [[642, 903]], [[641, 904]], [[640, 903]], [[640, 902]], [[640, 901]], [[640, 900]], [[640, 899]], [[640, 898]], [[640, 897]], [[640, 896]], [[639, 895]], [[639, 894]], [[638, 893]], [[638, 892]], [[637, 892]], [[636, 892]], [[635, 892]]]",[[]],[]
28,28,"[[[695, 889]], [[694, 890]], [[693, 890]], [[692, 890]], [[691, 891]], [[690, 892]], [[689, 893]], [[689, 894]], [[690, 895]], [[691, 896]], [[692, 897]], [[693, 897]], [[694, 897]], [[695, 898]], [[696, 898]], [[697, 899]], [[698, 900]], [[699, 901]], [[699, 902]], [[700, 902]], [[701, 902]], [[702, 902]], [[703, 902]], [[704, 902]], [[705, 902]], [[706, 902]], [[707, 903]], [[708, 903]], [[709, 903]], [[710, 903]], [[711, 902]], [[711, 901]], [[711, 900]], [[711, 899]], [[711, 898]], [[711, 897]], [[711, 896]], [[711, 895]], [[711, 894]], [[711, 893]], [[710, 892]], [[709, 891]], [[708, 890]], [[707, 889]], [[706, 890]], [[705, 890]], [[704, 890]], [[703, 890]], [[702, 890]], [[701, 890]], [[700, 890]], [[699, 890]], [[698, 890]], [[697, 889]], [[696, 889]]]",[[]],[]
29,29,"[[[94, 884]], [[93, 885]], [[93, 886]], [[92, 887]], [[92, 888]], [[92, 889]], [[91, 890]], [[91, 891]], [[90, 892]], [[90, 893]], [[89, 894]], [[89, 895]], [[88, 896]], [[88, 897]], [[88, 898]], [[87, 899]], [[87, 900]], [[87, 901]], [[86, 902]], [[86, 903]], [[85, 904]], [[85, 905]], [[85, 906]], [[84, 907]], [[85, 908]], [[85, 909]], [[85, 910]], [[85, 911]], [[85, 912]], [[85, 913]], [[86, 913]], [[87, 913]], [[88, 913]], [[89, 913]], [[90, 914]], [[91, 914]], [[92, 915]], [[93, 915]], [[94, 916]], [[95, 916]], [[96, 916]], [[97, 917]], [[98, 918]], [[99, 918]], [[100, 918]], [[101, 919]], [[102, 920]], [[103, 921]], [[103, 922]], [[104, 922]], [[105, 922]], [[106, 923]], [[107, 924]], [[108, 924]], [[109, 924]], [[110, 924]], [[111, 924]], [[112, 925]], [[113, 925]], [[114, 925]], [[115, 925]], [[116, 925]], [[117, 925]], [[118, 925]], [[118, 924]], [[119, 923]], [[119, 922]], [[120, 921]], [[120, 920]], [[121, 919]], [[122, 919]], [[122, 918]], [[122, 917]], [[122, 916]], [[122, 915]], [[122, 914]], [[122, 913]], [[122, 912]], [[121, 911]], [[121, 910]], [[121, 909]], [[120, 908]], [[120, 907]], [[120, 906]], [[119, 905]], [[118, 905]], [[117, 904]], [[116, 903]], [[116, 902]], [[116, 901]], [[116, 900]], [[115, 900]], [[114, 899]], [[114, 898]], [[113, 897]], [[112, 896]], [[111, 895]], [[110, 894]], [[110, 893]], [[109, 892]], [[108, 891]], [[108, 890]], [[107, 891]], [[106, 890]], [[105, 889]], [[104, 889]], [[103, 888]], [[103, 887]], [[102, 887]], [[101, 886]], [[100, 885]], [[99, 884]], [[98, 884]], [[97, 885]], [[96, 884]], [[95, 884]]]",[[]],[]
30,30,"[[[120, 873]], [[119, 874]], [[118, 874]], [[117, 874]], [[116, 875]], [[115, 875]], [[114, 876]], [[113, 876]], [[112, 876]], [[112, 877]], [[111, 878]], [[110, 879]], [[109, 880]], [[109, 881]], [[109, 882]], [[109, 883]], [[109, 884]], [[110, 885]], [[110, 886]], [[111, 887]], [[112, 887]], [[113, 887]], [[114, 887]], [[115, 888]], [[116, 888]], [[117, 889]], [[118, 889]], [[119, 889]], [[120, 888]], [[121, 888]], [[122, 887]], [[123, 886]], [[124, 885]], [[125, 884]], [[126, 883]], [[126, 882]], [[127, 881]], [[127, 880]], [[127, 879]], [[127, 878]], [[127, 877]], [[127, 876]], [[126, 876]], [[125, 875]], [[124, 874]], [[123, 874]], [[122, 874]], [[121, 873]]]",[[]],[]
31,31,"[[[453, 872]], [[452, 873]], [[451, 873]], [[450, 874]], [[449, 874]], [[448, 874]], [[447, 874]], [[446, 874]], [[445, 875]], [[444, 875]], [[443, 875]], [[442, 875]], [[441, 875]], [[440, 875]], [[439, 876]], [[438, 877]], [[437, 878]], [[436, 878]], [[435, 878]], [[434, 879]], [[433, 879]], [[432, 880]], [[431, 880]], [[430, 880]], [[429, 881]], [[429, 882]], [[429, 883]], [[428, 884]], [[429, 885]], [[429, 886]], [[429, 887]], [[429, 888]], [[430, 889]], [[430, 890]], [[431, 890]], [[432, 891]], [[432, 892]], [[432, 893]], [[432, 894]], [[433, 895]], [[433, 896]], [[434, 897]], [[434, 898]], [[434, 899]], [[434, 900]], [[435, 901]], [[435, 902]], [[435, 903]], [[435, 904]], [[435, 905]], [[434, 906]], [[434, 907]], [[434, 908]], [[435, 909]], [[436, 910]], [[437, 911]], [[437, 912]], [[437, 913]], [[437, 914]], [[437, 915]], [[437, 916]], [[438, 917]], [[439, 918]], [[439, 919]], [[440, 920]], [[441, 921]], [[442, 921]], [[443, 922]], [[444, 921]], [[445, 921]], [[446, 921]], [[447, 920]], [[448, 921]], [[449, 921]], [[450, 920]], [[451, 919]], [[452, 918]], [[453, 917]], [[454, 917]], [[455, 916]], [[456, 916]], [[456, 915]], [[457, 914]], [[457, 913]], [[458, 912]], [[458, 911]], [[459, 910]], [[460, 910]], [[461, 909]], [[461, 908]], [[461, 907]], [[461, 906]], [[462, 905]], [[462, 904]], [[463, 903]], [[463, 902]], [[464, 901]], [[465, 901]], [[466, 901]], [[467, 900]], [[468, 899]], [[469, 898]], [[469, 897]], [[469, 896]], [[470, 895]], [[470, 894]], [[470, 893]], [[470, 892]], [[470, 891]], [[471, 890]], [[472, 889]], [[472, 888]], [[472, 887]], [[472, 886]], [[472, 885]], [[471, 884]], [[470, 883]], [[469, 883]], [[468, 882]], [[468, 881]], [[467, 880]], [[466, 879]], [[466, 878]], [[466, 877]], [[465, 877]], [[464, 877]], [[463, 877]], [[462, 876]], [[461, 876]], [[460, 875]], [[459, 875]], [[458, 874]], [[457, 873]], [[456, 873]], [[455, 872]], [[454, 872]]]","[[], [[[426, 893], [426, 894], [427, 895], [428, 896], [429, 896], [430, 896], [431, 897], [431, 898], [432, 899], [432, 900], [432, 901], [432, 902], [432, 903], [432, 904], [432, 905], [433, 905], [433, 904], [433, 903], [433, 902], [433, 901], [433, 900], [433, 899], [433, 898], [432, 897], [431, 896], [431, 895], [430, 894], [429, 893], [428, 893], [427, 893]]]]","[[], 46]"
32,32,"[[[229, 868]], [[228, 869]], [[227, 870]], [[226, 871]], [[225, 871]], [[224, 872]], [[223, 873]], [[222, 873]], [[221, 874]], [[220, 874]], [[220, 875]], [[220, 876]], [[220, 877]], [[220, 878]], [[219, 879]], [[218, 879]], [[217, 878]], [[216, 878]], [[215, 878]], [[214, 878]], [[214, 879]], [[213, 880]], [[213, 881]], [[213, 882]], [[213, 883]], [[213, 884]], [[213, 885]], [[213, 886]], [[213, 887]], [[213, 888]], [[214, 889]], [[214, 890]], [[215, 891]], [[215, 892]], [[215, 893]], [[214, 894]], [[213, 895]], [[213, 896]], [[213, 897]], [[214, 898]], [[215, 899]], [[215, 900]], [[216, 901]], [[216, 902]], [[217, 902]], [[218, 903]], [[219, 903]], [[220, 903]], [[221, 903]], [[222, 903]], [[223, 903]], [[224, 902]], [[225, 902]], [[226, 903]], [[226, 904]], [[227, 904]], [[228, 903]], [[229, 903]], [[230, 902]], [[231, 902]], [[232, 901]], [[233, 900]], [[233, 899]], [[234, 898]], [[235, 897]], [[236, 896]], [[236, 895]], [[237, 894]], [[237, 893]], [[237, 892]], [[237, 891]], [[237, 890]], [[237, 889]], [[238, 888]], [[238, 887]], [[238, 886]], [[238, 885]], [[238, 884]], [[238, 883]], [[238, 882]], [[238, 881]], [[238, 880]], [[238, 879]], [[239, 878]], [[238, 877]], [[238, 876]], [[238, 875]], [[237, 874]], [[237, 873]], [[236, 872]], [[235, 871]], [[234, 870]], [[233, 869]], [[232, 869]], [[231, 869]], [[230, 868]]]","[[], [[[225, 905], [225, 906], [224, 907], [223, 907], [222, 907], [221, 908], [220, 908], [220, 909], [219, 910], [218, 910], [217, 911], [216, 910], [215, 910], [214, 910], [213, 911], [214, 911], [215, 911], [216, 912], [217, 912], [218, 912], [219, 913], [220, 913], [221, 914], [221, 915], [221, 916], [222, 917], [221, 918], [220, 918], [219, 918], [219, 919], [220, 920], [221, 921], [221, 922], [221, 921], [222, 920], [221, 919], [221, 918], [222, 917], [223, 917], [223, 916], [224, 915], [225, 914], [226, 914], [227, 913], [227, 912], [227, 911], [228, 910], [229, 910], [230, 910], [230, 909], [229, 908], [229, 907], [229, 906], [228, 906], [227, 906], [226, 906]]], [[[239, 872], [238, 873], [238, 874], [239, 875], [239, 876], [239, 877], [240, 877], [241, 878], [242, 879], [242, 880], [242, 881], [241, 882], [240, 882], [240, 883], [240, 884], [240, 885], [240, 886], [240, 887], [240, 888], [241, 888], [242, 888], [243, 887], [244, 887], [245, 886], [246, 887], [246, 888], [247, 889], [247, 890], [248, 890], [249, 890], [249, 889], [249, 888], [248, 887], [248, 886], [247, 886], [246, 885], [246, 884], [245, 883], [244, 882], [244, 881], [243, 880], [242, 879], [241, 878], [241, 877], [241, 876], [241, 875], [240, 874], [240, 873]]]]","[[], 45, 48]"
33,33,"[[[415, 847]], [[414, 848]], [[413, 848]], [[413, 849]], [[413, 850]], [[412, 851]], [[412, 852]], [[411, 853]], [[411, 854]], [[411, 855]], [[411, 856]], [[411, 857]], [[411, 858]], [[410, 859]], [[411, 860]], [[411, 861]], [[411, 862]], [[412, 862]], [[413, 862]], [[414, 863]], [[415, 863]], [[416, 863]], [[417, 863]], [[418, 863]], [[419, 862]], [[419, 861]], [[420, 860]], [[420, 859]], [[419, 858]], [[419, 857]], [[419, 856]], [[419, 855]], [[419, 854]], [[419, 853]], [[420, 852]], [[420, 851]], [[420, 850]], [[420, 849]], [[419, 848]], [[418, 847]], [[417, 847]], [[416, 847]]]",[[]],[]
34,34,"[[[249, 845]], [[248, 846]], [[247, 846]], [[246, 846]], [[245, 847]], [[244, 848]], [[244, 849]], [[243, 850]], [[243, 851]], [[242, 852]], [[242, 853]], [[242, 854]], [[241, 855]], [[241, 856]], [[241, 857]], [[241, 858]], [[241, 859]], [[241, 860]], [[241, 861]], [[240, 862]], [[240, 863]], [[240, 864]], [[240, 865]], [[241, 866]], [[241, 867]], [[241, 868]], [[241, 869]], [[241, 870]], [[241, 871]], [[241, 872]], [[242, 873]], [[242, 874]], [[242, 875]], [[242, 876]], [[243, 876]], [[244, 877]], [[245, 877]], [[246, 877]], [[247, 877]], [[248, 877]], [[249, 876]], [[250, 877]], [[250, 878]], [[250, 879]], [[251, 880]], [[251, 881]], [[251, 882]], [[250, 883]], [[250, 884]], [[251, 885]], [[251, 886]], [[251, 887]], [[251, 888]], [[251, 889]], [[251, 890]], [[251, 891]], [[252, 892]], [[253, 893]], [[254, 894]], [[255, 895]], [[255, 896]], [[256, 897]], [[257, 897]], [[258, 897]], [[259, 897]], [[260, 897]], [[261, 897]], [[262, 898]], [[263, 898]], [[264, 898]], [[265, 898]], [[266, 898]], [[267, 898]], [[268, 898]], [[269, 899]], [[270, 899]], [[271, 899]], [[272, 899]], [[273, 899]], [[274, 899]], [[275, 900]], [[276, 899]], [[277, 899]], [[278, 899]], [[279, 898]], [[280, 898]], [[281, 898]], [[282, 898]], [[283, 898]], [[284, 898]], [[285, 898]], [[286, 898]], [[287, 897]], [[288, 897]], [[289, 896]], [[290, 896]], [[291, 895]], [[292, 896]], [[293, 895]], [[294, 894]], [[295, 893]], [[296, 892]], [[297, 892]], [[297, 891]], [[298, 890]], [[298, 889]], [[298, 888]], [[298, 887]], [[298, 886]], [[298, 885]], [[298, 884]], [[298, 883]], [[297, 882]], [[296, 881]], [[296, 880]], [[296, 879]], [[295, 878]], [[294, 877]], [[293, 876]], [[293, 875]], [[293, 874]], [[292, 873]], [[291, 872]], [[290, 871]], [[289, 870]], [[288, 869]], [[287, 868]], [[286, 867]], [[285, 866]], [[284, 866]], [[283, 865]], [[282, 864]], [[282, 863]], [[282, 864]], [[281, 865]], [[280, 865]], [[279, 864]], [[279, 863]], [[280, 862]], [[281, 861]], [[282, 861]], [[282, 860]], [[281, 859]], [[280, 858]], [[280, 857]], [[280, 856]], [[279, 855]], [[279, 854]], [[278, 853]], [[277, 852]], [[276, 851]], [[276, 850]], [[275, 850]], [[274, 849]], [[273, 848]], [[272, 847]], [[271, 847]], [[270, 847]], [[269, 847]], [[268, 847]], [[267, 847]], [[266, 847]], [[265, 848]], [[264, 848]], [[263, 848]], [[262, 848]], [[261, 847]], [[260, 847]], [[259, 846]], [[258, 846]], [[257, 846]], [[256, 847]], [[255, 847]], [[254, 847]], [[253, 846]], [[252, 846]], [[251, 846]], [[250, 846]]]","[[[[252, 835], [252, 836], [252, 837], [251, 838], [250, 838], [250, 839], [249, 840], [248, 841], [247, 840], [246, 840], [245, 839], [244, 840], [244, 841], [244, 842], [244, 843], [245, 844], [246, 845], [247, 845], [248, 844], [249, 843], [249, 842], [249, 841], [250, 840], [251, 840], [252, 840], [253, 840], [253, 839], [253, 838], [253, 837], [253, 836], [253, 835]]], [[[239, 872], [238, 873], [238, 874], [239, 875], [239, 876], [239, 877], [240, 877], [241, 878], [242, 879], [242, 880], [242, 881], [241, 882], [240, 882], [240, 883], [240, 884], [240, 885], [240, 886], [240, 887], [240, 888], [241, 888], [242, 888], [243, 887], [244, 887], [245, 886], [246, 887], [246, 888], [247, 889], [247, 890], [248, 890], [249, 890], [249, 889], [249, 888], [248, 887], [248, 886], [247, 886], [246, 885], [246, 884], [245, 883], [244, 882], [244, 881], [243, 880], [242, 879], [241, 878], [241, 877], [241, 876], [241, 875], [240, 874], [240, 873]]], [[[255, 898], [254, 899], [253, 899], [253, 900], [253, 901], [253, 902], [253, 903], [253, 904], [253, 905], [253, 906], [252, 907], [252, 908], [252, 909], [252, 910], [253, 911], [253, 912], [254, 911], [255, 911], [254, 910], [254, 909], [254, 908], [254, 907], [254, 906], [255, 905], [255, 904], [255, 903], [255, 902], [256, 901], [257, 900], [258, 899], [257, 899], [256, 898]]], []]","[49, 48, 51, []]"
35,35,"[[[571, 841]], [[570, 842]], [[569, 842]], [[568, 842]], [[567, 842]], [[566, 842]], [[565, 842]], [[565, 843]], [[564, 844]], [[563, 844]], [[562, 845]], [[561, 845]], [[560, 846]], [[559, 846]], [[558, 847]], [[558, 848]], [[558, 849]], [[557, 850]], [[557, 851]], [[557, 852]], [[557, 853]], [[558, 854]], [[558, 855]], [[558, 856]], [[558, 857]], [[558, 858]], [[559, 859]], [[559, 860]], [[559, 861]], [[560, 862]], [[561, 863]], [[562, 864]], [[563, 865]], [[564, 865]], [[565, 865]], [[566, 865]], [[567, 864]], [[568, 864]], [[569, 864]], [[569, 863]], [[570, 862]], [[571, 861]], [[572, 860]], [[573, 860]], [[574, 859]], [[575, 858]], [[575, 857]], [[576, 856]], [[575, 855]], [[575, 854]], [[575, 853]], [[575, 852]], [[575, 851]], [[575, 850]], [[575, 849]], [[575, 848]], [[575, 847]], [[575, 846]], [[575, 845]], [[574, 844]], [[573, 843]], [[573, 842]], [[572, 841]]]",[],[]
36,36,"[[[742, 840]], [[741, 841]], [[740, 842]], [[739, 843]], [[739, 844]], [[738, 845]], [[737, 846]], [[737, 847]], [[737, 848]], [[736, 849]], [[735, 850]], [[734, 851]], [[733, 851]], [[733, 852]], [[732, 853]], [[731, 854]], [[731, 855]], [[731, 856]], [[730, 857]], [[731, 858]], [[731, 859]], [[731, 860]], [[731, 861]], [[731, 862]], [[731, 863]], [[731, 864]], [[731, 865]], [[731, 866]], [[732, 867]], [[732, 868]], [[732, 869]], [[732, 870]], [[733, 871]], [[733, 872]], [[733, 873]], [[733, 874]], [[734, 875]], [[735, 876]], [[735, 877]], [[736, 878]], [[736, 879]], [[736, 880]], [[737, 881]], [[737, 882]], [[738, 883]], [[739, 884]], [[740, 884]], [[741, 885]], [[741, 886]], [[742, 887]], [[742, 888]], [[743, 889]], [[743, 890]], [[743, 891]], [[744, 892]], [[744, 893]], [[744, 894]], [[745, 894]], [[744, 893]], [[744, 892]], [[744, 891]], [[744, 890]], [[745, 889]], [[746, 888]], [[747, 887]], [[748, 888]], [[749, 889]], [[750, 889]], [[751, 888]], [[752, 888]], [[753, 888]], [[754, 888]], [[755, 888]], [[756, 888]], [[757, 888]], [[758, 888]], [[759, 888]], [[760, 888]], [[761, 888]], [[762, 888]], [[763, 888]], [[764, 888]], [[765, 888]], [[766, 889]], [[767, 889]], [[768, 888]], [[769, 887]], [[769, 886]], [[770, 885]], [[770, 884]], [[771, 883]], [[772, 882]], [[773, 881]], [[774, 880]], [[775, 879]], [[775, 878]], [[776, 877]], [[776, 876]], [[776, 875]], [[777, 874]], [[776, 873]], [[777, 872]], [[777, 871]], [[777, 870]], [[778, 869]], [[778, 868]], [[779, 867]], [[779, 866]], [[779, 865]], [[780, 864]], [[780, 863]], [[780, 862]], [[781, 861]], [[781, 860]], [[781, 859]], [[781, 858]], [[782, 857]], [[782, 856]], [[782, 855]], [[781, 854]], [[781, 853]], [[780, 852]], [[779, 851]], [[778, 850]], [[777, 849]], [[776, 849]], [[775, 849]], [[774, 848]], [[773, 848]], [[772, 847]], [[771, 847]], [[770, 847]], [[769, 847]], [[768, 847]], [[767, 847]], [[766, 846]], [[765, 845]], [[764, 844]], [[763, 844]], [[762, 843]], [[761, 843]], [[760, 843]], [[759, 842]], [[758, 841]], [[757, 841]], [[756, 841]], [[755, 840]], [[754, 840]], [[753, 840]], [[752, 840]], [[751, 840]], [[750, 840]], [[749, 840]], [[748, 840]], [[747, 840]], [[746, 840]], [[745, 840]], [[744, 840]], [[743, 840]]]","[[], [[[784, 851], [784, 852], [784, 853], [784, 854], [783, 855], [783, 856], [783, 857], [782, 858], [782, 859], [782, 860], [782, 861], [781, 862], [781, 863], [781, 864], [780, 865], [780, 866], [780, 867], [779, 868], [779, 869], [778, 870], [778, 871], [778, 872], [777, 873], [778, 873], [779, 872], [780, 871], [781, 870], [781, 869], [782, 868], [782, 867], [783, 866], [784, 865], [784, 864], [783, 863], [783, 862], [783, 861], [783, 860], [783, 859], [784, 858], [785, 858], [786, 858], [785, 857], [785, 856], [784, 855], [785, 854], [785, 853], [786, 852], [787, 851], [786, 851], [785, 851]]]]","[[], 52]"
37,37,"[[[598, 839]], [[597, 840]], [[596, 840]], [[595, 841]], [[594, 841]], [[593, 841]], [[592, 842]], [[591, 842]], [[590, 843]], [[590, 844]], [[590, 845]], [[590, 846]], [[590, 847]], [[590, 848]], [[590, 849]], [[590, 850]], [[589, 851]], [[590, 852]], [[590, 853]], [[590, 854]], [[590, 855]], [[590, 856]], [[590, 857]], [[591, 858]], [[592, 859]], [[593, 859]], [[594, 859]], [[595, 859]], [[596, 858]], [[597, 858]], [[597, 857]], [[598, 856]], [[599, 855]], [[600, 854]], [[601, 853]], [[601, 852]], [[601, 851]], [[602, 850]], [[602, 849]], [[602, 848]], [[602, 847]], [[602, 846]], [[602, 845]], [[602, 844]], [[602, 843]], [[601, 842]], [[601, 841]], [[601, 840]], [[600, 839]], [[599, 839]]]",[[]],[]
38,38,"[[[683, 838]], [[682, 839]], [[681, 840]], [[680, 840]], [[679, 840]], [[678, 840]], [[677, 840]], [[676, 840]], [[675, 840]], [[674, 841]], [[673, 841]], [[672, 841]], [[671, 841]], [[670, 841]], [[669, 842]], [[668, 842]], [[667, 842]], [[666, 841]], [[665, 842]], [[664, 842]], [[663, 842]], [[662, 842]], [[661, 842]], [[661, 843]], [[660, 844]], [[659, 844]], [[659, 845]], [[658, 846]], [[657, 846]], [[656, 847]], [[656, 848]], [[656, 849]], [[655, 850]], [[655, 851]], [[655, 852]], [[655, 853]], [[655, 854]], [[655, 855]], [[655, 856]], [[656, 857]], [[657, 858]], [[658, 858]], [[659, 858]], [[660, 858]], [[661, 857]], [[662, 856]], [[663, 856]], [[664, 855]], [[665, 855]], [[666, 855]], [[667, 854]], [[668, 854]], [[669, 853]], [[670, 853]], [[671, 853]], [[672, 854]], [[671, 855]], [[670, 855]], [[669, 856]], [[668, 856]], [[667, 857]], [[666, 858]], [[665, 858]], [[664, 859]], [[663, 859]], [[662, 859]], [[662, 860]], [[661, 861]], [[660, 862]], [[659, 862]], [[659, 863]], [[659, 864]], [[659, 865]], [[659, 866]], [[659, 867]], [[659, 868]], [[660, 869]], [[660, 870]], [[661, 871]], [[662, 872]], [[663, 872]], [[664, 873]], [[665, 874]], [[666, 874]], [[667, 875]], [[668, 875]], [[669, 875]], [[670, 875]], [[671, 875]], [[672, 875]], [[673, 875]], [[674, 874]], [[675, 874]], [[676, 874]], [[677, 873]], [[678, 873]], [[679, 873]], [[680, 873]], [[681, 873]], [[682, 873]], [[683, 873]], [[684, 872]], [[685, 871]], [[686, 871]], [[687, 871]], [[688, 872]], [[689, 872]], [[690, 873]], [[691, 872]], [[692, 872]], [[693, 871]], [[694, 870]], [[695, 870]], [[696, 869]], [[697, 869]], [[698, 868]], [[699, 868]], [[700, 868]], [[701, 868]], [[702, 867]], [[703, 867]], [[703, 866]], [[704, 865]], [[705, 864]], [[705, 863]], [[705, 862]], [[706, 861]], [[707, 861]], [[708, 860]], [[709, 859]], [[710, 859]], [[709, 859]], [[708, 858]], [[708, 857]], [[707, 856]], [[707, 855]], [[706, 854]], [[706, 853]], [[705, 852]], [[705, 851]], [[704, 850]], [[704, 849]], [[704, 848]], [[705, 847]], [[706, 847]], [[707, 847]], [[708, 846]], [[709, 845]], [[710, 844]], [[711, 844]], [[711, 843]], [[710, 842]], [[709, 841]], [[708, 841]], [[707, 841]], [[706, 840]], [[705, 840]], [[704, 840]], [[703, 840]], [[702, 840]], [[701, 840]], [[700, 839]], [[699, 838]], [[698, 838]], [[697, 838]], [[696, 838]], [[695, 838]], [[694, 839]], [[693, 839]], [[692, 839]], [[691, 839]], [[690, 839]], [[689, 839]], [[688, 840]], [[687, 839]], [[686, 839]], [[685, 839]], [[684, 839]]]","[[], [[[674, 852], [673, 853], [672, 853], [671, 854], [670, 854], [669, 854], [668, 855], [667, 855], [666, 856], [665, 856], [664, 856], [663, 857], [662, 857], [661, 858], [660, 859], [659, 859], [658, 859], [657, 859], [656, 859], [655, 859], [654, 860], [654, 861], [655, 861], [656, 861], [657, 861], [658, 861], [659, 861], [660, 860], [661, 859], [662, 858], [663, 858], [664, 858], [665, 857], [666, 857], [667, 856], [668, 855], [669, 855], [670, 854], [671, 854], [672, 853], [673, 853]]]]","[[], 53]"
39,39,"[[[539, 835]], [[538, 836]], [[537, 836]], [[536, 836]], [[535, 836]], [[534, 837]], [[533, 838]], [[532, 839]], [[532, 840]], [[532, 841]], [[531, 842]], [[530, 843]], [[530, 844]], [[530, 845]], [[530, 846]], [[530, 847]], [[531, 848]], [[531, 849]], [[531, 850]], [[530, 851]], [[529, 851]], [[528, 850]], [[528, 849]], [[527, 849]], [[526, 849]], [[525, 849]], [[524, 849]], [[523, 848]], [[522, 848]], [[521, 849]], [[520, 849]], [[519, 849]], [[518, 850]], [[517, 850]], [[516, 850]], [[515, 851]], [[514, 852]], [[513, 852]], [[512, 853]], [[511, 854]], [[511, 855]], [[510, 856]], [[509, 857]], [[508, 858]], [[507, 859]], [[506, 860]], [[505, 860]], [[505, 861]], [[505, 862]], [[504, 863]], [[504, 864]], [[503, 865]], [[503, 866]], [[503, 867]], [[503, 868]], [[503, 869]], [[503, 870]], [[503, 871]], [[503, 872]], [[503, 873]], [[504, 874]], [[504, 875]], [[504, 876]], [[504, 877]], [[504, 878]], [[504, 879]], [[504, 880]], [[504, 881]], [[504, 882]], [[504, 883]], [[504, 884]], [[504, 885]], [[505, 886]], [[505, 887]], [[505, 888]], [[506, 889]], [[506, 890]], [[507, 891]], [[508, 891]], [[509, 892]], [[510, 891]], [[511, 890]], [[512, 890]], [[513, 889]], [[514, 889]], [[515, 888]], [[516, 888]], [[517, 889]], [[518, 890]], [[518, 891]], [[519, 892]], [[519, 893]], [[520, 894]], [[520, 895]], [[521, 895]], [[522, 895]], [[523, 896]], [[523, 897]], [[524, 898]], [[524, 899]], [[524, 900]], [[523, 901]], [[523, 902]], [[522, 903]], [[522, 904]], [[522, 905]], [[521, 906]], [[520, 906]], [[519, 906]], [[518, 905]], [[517, 905]], [[516, 904]], [[516, 903]], [[516, 902]], [[515, 901]], [[514, 900]], [[513, 899]], [[512, 899]], [[511, 899]], [[510, 899]], [[509, 899]], [[508, 899]], [[507, 899]], [[506, 898]], [[505, 897]], [[504, 897]], [[503, 896]], [[502, 896]], [[501, 897]], [[500, 898]], [[499, 899]], [[498, 900]], [[497, 900]], [[496, 899]], [[496, 898]], [[496, 899]], [[496, 900]], [[497, 901]], [[497, 902]], [[498, 903]], [[498, 904]], [[498, 905]], [[498, 906]], [[497, 907]], [[497, 908]], [[497, 909]], [[497, 910]], [[497, 911]], [[497, 912]], [[497, 913]], [[498, 914]], [[499, 915]], [[499, 916]], [[500, 916]], [[501, 917]], [[502, 917]], [[503, 918]], [[504, 918]], [[505, 919]], [[506, 920]], [[507, 920]], [[508, 920]], [[509, 921]], [[510, 921]], [[511, 922]], [[512, 922]], [[513, 923]], [[514, 924]], [[514, 925]], [[514, 926]], [[514, 927]], [[514, 928]], [[515, 929]], [[516, 929]], [[517, 929]], [[518, 930]], [[519, 929]], [[520, 929]], [[521, 929]], [[522, 930]], [[522, 931]], [[522, 932]], [[523, 933]], [[523, 934]], [[523, 935]], [[523, 936]], [[523, 937]], [[523, 938]], [[523, 939]], [[524, 940]], [[525, 941]], [[526, 941]], [[527, 941]], [[528, 941]], [[529, 941]], [[530, 940]], [[531, 940]], [[532, 939]], [[533, 939]], [[534, 938]], [[535, 938]], [[536, 938]], [[537, 938]], [[538, 938]], [[539, 937]], [[540, 936]], [[541, 936]], [[542, 935]], [[543, 935]], [[544, 934]], [[545, 933]], [[546, 933]], [[547, 932]], [[548, 931]], [[549, 930]], [[550, 929]], [[551, 929]], [[552, 929]], [[553, 929]], [[554, 929]], [[555, 929]], [[556, 928]], [[557, 928]], [[558, 927]], [[559, 927]], [[560, 926]], [[561, 926]], [[562, 926]], [[563, 925]], [[564, 925]], [[565, 924]], [[566, 923]], [[567, 923]], [[568, 923]], [[569, 922]], [[570, 921]], [[571, 920]], [[572, 919]], [[573, 919]], [[574, 918]], [[575, 918]], [[576, 917]], [[577, 916]], [[578, 915]], [[579, 914]], [[580, 913]], [[580, 912]], [[580, 911]], [[580, 910]], [[581, 909]], [[581, 908]], [[581, 907]], [[581, 906]], [[581, 905]], [[582, 904]], [[581, 903]], [[582, 902]], [[582, 901]], [[582, 900]], [[582, 899]], [[582, 898]], [[582, 897]], [[582, 896]], [[582, 895]], [[581, 894]], [[581, 893]], [[581, 892]], [[581, 891]], [[580, 890]], [[580, 889]], [[580, 888]], [[580, 887]], [[579, 886]], [[579, 885]], [[578, 884]], [[578, 883]], [[578, 882]], [[577, 881]], [[577, 880]], [[576, 879]], [[576, 878]], [[575, 877]], [[574, 876]], [[573, 876]], [[572, 876]], [[571, 876]], [[570, 876]], [[569, 875]], [[569, 874]], [[569, 873]], [[569, 872]], [[568, 872]], [[567, 871]], [[567, 870]], [[566, 870]], [[565, 869]], [[564, 869]], [[563, 869]], [[562, 869]], [[561, 868]], [[560, 868]], [[559, 868]], [[558, 868]], [[557, 868]], [[556, 868]], [[555, 868]], [[554, 868]], [[553, 868]], [[552, 868]], [[551, 868]], [[550, 868]], [[549, 869]], [[548, 870]], [[547, 870]], [[546, 871]], [[545, 872]], [[544, 872]], [[543, 871]], [[543, 870]], [[542, 869]], [[543, 868]], [[543, 867]], [[543, 866]], [[543, 865]], [[544, 864]], [[544, 863]], [[543, 862]], [[542, 861]], [[543, 860]], [[543, 859]], [[544, 858]], [[544, 857]], [[544, 856]], [[544, 855]], [[544, 854]], [[543, 854]], [[542, 854]], [[541, 853]], [[541, 852]], [[542, 851]], [[543, 850]], [[544, 850]], [[544, 849]], [[545, 848]], [[545, 847]], [[546, 846]], [[546, 845]], [[546, 844]], [[546, 843]], [[546, 842]], [[546, 841]], [[546, 840]], [[545, 839]], [[544, 838]], [[543, 837]], [[542, 836]], [[541, 835]], [[540, 835]]]",[[]],[]
40,40,"[[[390, 827]], [[390, 828]], [[390, 829]], [[390, 830]], [[390, 831]], [[390, 832]], [[390, 833]], [[390, 834]], [[391, 835]], [[392, 836]], [[392, 837]], [[393, 838]], [[393, 839]], [[394, 840]], [[394, 841]], [[394, 842]], [[393, 843]], [[393, 844]], [[393, 845]], [[393, 846]], [[393, 847]], [[393, 848]], [[393, 849]], [[392, 850]], [[391, 851]], [[391, 852]], [[391, 853]], [[391, 854]], [[391, 855]], [[392, 855]], [[392, 854]], [[391, 853]], [[391, 852]], [[391, 851]], [[392, 850]], [[393, 850]], [[394, 850]], [[395, 851]], [[396, 851]], [[397, 851]], [[397, 850]], [[398, 849]], [[399, 848]], [[400, 847]], [[401, 846]], [[402, 845]], [[403, 845]], [[404, 844]], [[405, 843]], [[406, 842]], [[406, 841]], [[407, 840]], [[407, 839]], [[407, 838]], [[408, 837]], [[408, 836]], [[408, 835]], [[408, 834]], [[408, 833]], [[407, 832]], [[407, 831]], [[406, 831]], [[405, 830]], [[404, 830]], [[403, 830]], [[402, 829]], [[401, 829]], [[400, 830]], [[399, 831]], [[398, 831]], [[397, 830]], [[397, 829]], [[397, 828]], [[396, 828]], [[395, 829]], [[394, 829]], [[393, 829]], [[392, 828]], [[391, 827]]]","[[[[381, 827], [381, 828], [381, 829], [382, 829], [383, 830], [384, 831], [385, 832], [386, 833], [386, 834], [386, 835], [386, 836], [386, 837], [387, 837], [388, 838], [388, 839], [388, 840], [389, 841], [390, 842], [390, 843], [390, 844], [391, 844], [392, 844], [392, 843], [393, 842], [393, 841], [392, 840], [392, 839], [391, 838], [390, 837], [390, 836], [389, 835], [389, 834], [389, 833], [389, 832], [389, 831], [388, 830], [388, 829], [387, 829], [386, 829], [385, 828], [384, 828], [383, 827], [382, 827]]], [], [[[393, 851], [393, 852], [393, 853], [393, 854], [393, 855], [394, 856], [394, 857], [393, 858], [394, 859], [393, 860], [392, 861], [392, 862], [393, 862], [394, 863], [394, 864], [394, 865], [394, 866], [394, 867], [394, 868], [395, 868], [396, 867], [396, 866], [396, 865], [396, 864], [396, 863], [397, 862], [397, 861], [396, 860], [397, 859], [397, 858], [398, 857], [398, 856], [399, 855], [400, 854], [400, 853], [399, 853], [398, 853], [397, 852], [396, 852], [395, 852], [394, 851]]], [[[396, 809], [395, 810], [395, 811], [395, 812], [395, 813], [395, 814], [394, 815], [393, 815], [392, 816], [392, 817], [393, 817], [394, 818], [394, 819], [395, 819], [396, 819], [397, 820], [397, 821], [397, 822], [397, 823], [397, 824], [397, 825], [398, 826], [399, 827], [399, 828], [398, 829], [398, 830], [399, 830], [400, 829], [401, 828], [402, 828], [403, 829], [404, 829], [404, 828], [404, 827], [403, 826], [402, 827], [401, 827], [400, 827], [399, 826], [399, 825], [399, 824], [400, 823], [401, 823], [401, 822], [401, 821], [401, 820], [400, 820], [399, 819], [398, 819], [397, 819], [396, 818], [396, 817], [397, 816], [398, 816], [398, 815], [397, 814], [397, 813], [397, 812], [397, 811], [397, 810]]], [[[381, 827], [381, 828], [381, 829], [382, 829], [383, 830], [384, 831], [385, 832], [386, 833], [386, 834], [386, 835], [386, 836], [386, 837], [387, 837], [388, 838], [388, 839], [388, 840], [389, 841], [390, 842], [390, 843], [390, 844], [391, 844], [392, 844], [392, 843], [393, 842], [393, 841], [392, 840], [392, 839], [391, 838], [390, 837], [390, 836], [389, 835], [389, 834], [389, 833], [389, 832], [389, 831], [388, 830], [388, 829], [387, 829], [386, 829], [385, 828], [384, 828], [383, 827], [382, 827]], [[396, 809], [395, 810], [395, 811], [395, 812], [395, 813], [395, 814], [394, 815], [393, 815], [392, 816], [392, 817], [393, 817], [394, 818], [394, 819], [395, 819], [396, 819], [397, 820], [397, 821], [397, 822], [397, 823], [397, 824], [397, 825], [398, 826], [399, 827], [399, 828], [398, 829], [398, 830], [399, 830], [400, 829], [401, 828], [402, 828], [403, 829], [404, 829], [404, 828], [404, 827], [403, 826], [402, 827], [401, 827], [400, 827], [399, 826], [399, 825], [399, 824], [400, 823], [401, 823], [401, 822], [401, 821], [401, 820], [400, 820], [399, 819], [398, 819], [397, 819], [396, 818], [396, 817], [397, 816], [398, 816], [398, 815], [397, 814], [397, 813], [397, 812], [397, 811], [397, 810]]]]","[54, [], 55, 56, 57]"
41,41,"[[[291, 821]], [[290, 822]], [[289, 822]], [[288, 822]], [[287, 822]], [[286, 823]], [[285, 823]], [[284, 824]], [[283, 825]], [[282, 825]], [[281, 826]], [[280, 827]], [[279, 828]], [[279, 829]], [[278, 830]], [[278, 831]], [[278, 832]], [[278, 833]], [[278, 834]], [[278, 835]], [[278, 836]], [[279, 837]], [[279, 838]], [[280, 838]], [[281, 838]], [[282, 838]], [[283, 839]], [[284, 840]], [[285, 841]], [[285, 842]], [[285, 843]], [[286, 843]], [[287, 843]], [[288, 844]], [[289, 844]], [[290, 843]], [[291, 843]], [[292, 842]], [[293, 842]], [[294, 841]], [[295, 840]], [[296, 839]], [[297, 838]], [[297, 837]], [[298, 836]], [[298, 835]], [[298, 834]], [[298, 833]], [[299, 832]], [[299, 831]], [[299, 830]], [[299, 829]], [[299, 828]], [[299, 827]], [[298, 826]], [[298, 825]], [[297, 824]], [[296, 823]], [[295, 823]], [[294, 823]], [[293, 822]], [[292, 822]]]","[[], [[[301, 822], [301, 823], [301, 824], [300, 825], [300, 826], [301, 827], [302, 827], [303, 828], [304, 827], [305, 827], [306, 827], [307, 828], [308, 829], [309, 829], [310, 829], [311, 829], [312, 830], [313, 830], [313, 829], [312, 829], [311, 829], [310, 829], [309, 828], [308, 827], [308, 826], [307, 826], [306, 825], [305, 825], [304, 824], [303, 824], [302, 823]]]]","[[], 58]"
42,42,"[[[505, 799]], [[504, 800]], [[503, 801]], [[503, 802]], [[504, 803]], [[504, 804]], [[504, 805]], [[505, 806]], [[505, 807]], [[505, 808]], [[505, 809]], [[505, 810]], [[505, 811]], [[505, 812]], [[505, 813]], [[506, 814]], [[507, 815]], [[507, 816]], [[507, 817]], [[507, 818]], [[507, 819]], [[507, 820]], [[507, 821]], [[507, 822]], [[507, 823]], [[508, 823]], [[509, 824]], [[509, 825]], [[509, 826]], [[510, 827]], [[510, 828]], [[510, 829]], [[511, 830]], [[511, 831]], [[512, 832]], [[513, 833]], [[514, 832]], [[515, 831]], [[516, 830]], [[517, 830]], [[518, 829]], [[519, 828]], [[519, 827]], [[519, 826]], [[519, 825]], [[519, 824]], [[519, 823]], [[519, 822]], [[519, 821]], [[519, 820]], [[519, 819]], [[519, 818]], [[519, 817]], [[519, 816]], [[518, 815]], [[518, 814]], [[518, 813]], [[517, 812]], [[517, 811]], [[516, 810]], [[516, 809]], [[516, 808]], [[516, 807]], [[515, 806]], [[515, 805]], [[515, 804]], [[515, 803]], [[514, 802]], [[514, 801]], [[513, 801]], [[512, 801]], [[511, 801]], [[510, 801]], [[509, 801]], [[508, 800]], [[507, 800]], [[506, 799]]]",[[]],[]
43,43,"[[[355, 790]], [[354, 791]], [[353, 792]], [[353, 793]], [[352, 794]], [[351, 794]], [[351, 795]], [[350, 796]], [[349, 796]], [[349, 797]], [[348, 798]], [[348, 799]], [[348, 800]], [[347, 801]], [[347, 802]], [[346, 803]], [[346, 804]], [[345, 805]], [[344, 806]], [[344, 807]], [[343, 808]], [[343, 809]], [[343, 810]], [[343, 811]], [[342, 812]], [[342, 813]], [[342, 814]], [[342, 815]], [[342, 816]], [[341, 817]], [[341, 818]], [[340, 819]], [[340, 820]], [[339, 821]], [[338, 822]], [[337, 822]], [[337, 823]], [[337, 824]], [[336, 825]], [[336, 826]], [[335, 827]], [[335, 828]], [[336, 829]], [[336, 830]], [[337, 831]], [[336, 832]], [[335, 833]], [[334, 832]], [[333, 832]], [[332, 832]], [[331, 831]], [[330, 831]], [[329, 831]], [[328, 830]], [[327, 830]], [[326, 830]], [[325, 829]], [[324, 829]], [[323, 829]], [[322, 829]], [[321, 830]], [[320, 830]], [[319, 830]], [[318, 829]], [[317, 828]], [[318, 827]], [[319, 826]], [[319, 825]], [[320, 824]], [[321, 823]], [[321, 822]], [[321, 821]], [[321, 820]], [[321, 819]], [[321, 818]], [[321, 817]], [[320, 816]], [[320, 815]], [[319, 814]], [[319, 813]], [[319, 812]], [[318, 811]], [[317, 810]], [[316, 809]], [[316, 808]], [[315, 807]], [[314, 806]], [[313, 806]], [[312, 806]], [[311, 806]], [[310, 806]], [[309, 805]], [[308, 805]], [[307, 805]], [[306, 805]], [[305, 805]], [[304, 805]], [[303, 806]], [[302, 806]], [[301, 807]], [[300, 807]], [[299, 808]], [[299, 809]], [[299, 810]], [[299, 811]], [[300, 812]], [[300, 813]], [[300, 814]], [[301, 815]], [[302, 816]], [[302, 817]], [[302, 818]], [[302, 819]], [[303, 820]], [[303, 821]], [[304, 822]], [[305, 823]], [[306, 823]], [[307, 824]], [[308, 824]], [[309, 825]], [[309, 826]], [[309, 827]], [[310, 827]], [[311, 828]], [[312, 828]], [[313, 828]], [[314, 829]], [[314, 830]], [[313, 831]], [[312, 831]], [[311, 830]], [[310, 830]], [[310, 831]], [[310, 832]], [[309, 833]], [[308, 834]], [[307, 835]], [[306, 835]], [[306, 836]], [[306, 837]], [[305, 838]], [[304, 839]], [[303, 839]], [[302, 839]], [[301, 839]], [[300, 840]], [[300, 841]], [[300, 842]], [[300, 843]], [[300, 844]], [[300, 845]], [[300, 846]], [[300, 847]], [[301, 848]], [[302, 848]], [[303, 849]], [[304, 850]], [[305, 850]], [[306, 850]], [[307, 850]], [[308, 850]], [[309, 849]], [[310, 849]], [[311, 849]], [[311, 848]], [[312, 847]], [[313, 846]], [[314, 846]], [[315, 846]], [[316, 846]], [[317, 847]], [[317, 848]], [[318, 849]], [[318, 850]], [[318, 851]], [[318, 852]], [[318, 853]], [[318, 854]], [[318, 855]], [[318, 856]], [[318, 857]], [[318, 858]], [[318, 859]], [[318, 860]], [[318, 861]], [[318, 862]], [[318, 863]], [[317, 864]], [[317, 865]], [[317, 866]], [[317, 867]], [[317, 868]], [[317, 869]], [[318, 870]], [[319, 870]], [[320, 870]], [[321, 870]], [[322, 869]], [[323, 869]], [[324, 868]], [[324, 867]], [[325, 866]], [[326, 866]], [[327, 865]], [[328, 864]], [[329, 864]], [[330, 864]], [[331, 863]], [[332, 863]], [[333, 864]], [[334, 864]], [[335, 865]], [[336, 866]], [[337, 867]], [[338, 867]], [[339, 868]], [[340, 869]], [[341, 870]], [[342, 870]], [[343, 870]], [[344, 870]], [[345, 869]], [[346, 868]], [[347, 868]], [[348, 867]], [[348, 866]], [[348, 865]], [[349, 864]], [[350, 863]], [[350, 862]], [[350, 861]], [[350, 860]], [[351, 859]], [[352, 858]], [[352, 857]], [[353, 856]], [[354, 856]], [[355, 855]], [[356, 854]], [[356, 853]], [[357, 852]], [[358, 851]], [[359, 851]], [[360, 850]], [[360, 849]], [[360, 848]], [[361, 847]], [[361, 846]], [[362, 845]], [[363, 844]], [[364, 844]], [[365, 843]], [[366, 843]], [[367, 842]], [[368, 842]], [[369, 841]], [[370, 841]], [[371, 840]], [[372, 840]], [[373, 839]], [[374, 838]], [[375, 837]], [[376, 837]], [[376, 836]], [[377, 835]], [[378, 835]], [[378, 834]], [[377, 833]], [[376, 832]], [[376, 831]], [[376, 830]], [[376, 829]], [[375, 828]], [[375, 827]], [[374, 826]], [[373, 826]], [[372, 826]], [[371, 826]], [[370, 825]], [[369, 825]], [[368, 825]], [[367, 826]], [[366, 825]], [[366, 824]], [[366, 823]], [[366, 822]], [[366, 821]], [[366, 820]], [[366, 819]], [[366, 818]], [[367, 817]], [[367, 816]], [[367, 815]], [[367, 814]], [[368, 813]], [[367, 812]], [[367, 811]], [[366, 810]], [[366, 809]], [[366, 808]], [[367, 807]], [[368, 806]], [[369, 806]], [[370, 807]], [[370, 806]], [[370, 805]], [[369, 804]], [[368, 803]], [[367, 803]], [[366, 803]], [[365, 803]], [[364, 802]], [[363, 801]], [[363, 800]], [[363, 799]], [[363, 798]], [[363, 797]], [[363, 796]], [[363, 795]], [[363, 794]], [[363, 793]], [[362, 792]], [[361, 791]], [[361, 790]], [[360, 790]], [[359, 790]], [[358, 790]], [[357, 790]], [[356, 790]]]","[[], [[[337, 812], [336, 813], [335, 814], [334, 815], [334, 816], [334, 817], [334, 818], [333, 819], [333, 820], [332, 821], [331, 822], [332, 823], [332, 824], [333, 825], [334, 826], [335, 826], [335, 825], [335, 824], [336, 823], [336, 822], [337, 821], [338, 820], [338, 819], [337, 818], [336, 817], [336, 816], [337, 815], [337, 814], [337, 813]]], [[[301, 822], [301, 823], [301, 824], [300, 825], [300, 826], [301, 827], [302, 827], [303, 828], [304, 827], [305, 827], [306, 827], [307, 828], [308, 829], [309, 829], [310, 829], [311, 829], [312, 830], [313, 830], [313, 829], [312, 829], [311, 829], [310, 829], [309, 828], [308, 827], [308, 826], [307, 826], [306, 825], [305, 825], [304, 824], [303, 824], [302, 823]]], [[[332, 865], [333, 866], [333, 867], [334, 868], [333, 869], [332, 870], [331, 870], [332, 870], [333, 870], [334, 871], [335, 871], [336, 871], [337, 872], [338, 872], [339, 873], [340, 873], [339, 872], [338, 871], [337, 871], [336, 870], [336, 869], [335, 868], [335, 867], [334, 866], [334, 865], [333, 865]]]]","[[], 59, 58, 61]"
44,44,"[[[165, 779]], [[165, 780]], [[165, 781]], [[165, 782]], [[165, 783]], [[166, 784]], [[166, 785]], [[166, 786]], [[167, 787]], [[167, 788]], [[167, 789]], [[168, 790]], [[169, 790]], [[170, 791]], [[171, 792]], [[171, 793]], [[172, 794]], [[173, 795]], [[173, 796]], [[173, 797]], [[173, 798]], [[173, 799]], [[173, 800]], [[173, 801]], [[173, 802]], [[173, 803]], [[174, 804]], [[174, 805]], [[175, 806]], [[176, 806]], [[177, 807]], [[178, 808]], [[179, 809]], [[180, 809]], [[181, 810]], [[182, 809]], [[183, 809]], [[184, 808]], [[185, 809]], [[186, 809]], [[187, 810]], [[187, 811]], [[186, 812]], [[185, 813]], [[184, 814]], [[183, 815]], [[182, 816]], [[181, 817]], [[180, 818]], [[179, 819]], [[178, 820]], [[177, 820]], [[176, 820]], [[175, 820]], [[174, 820]], [[173, 820]], [[172, 820]], [[171, 820]], [[170, 820]], [[169, 820]], [[168, 820]], [[167, 820]], [[166, 820]], [[165, 820]], [[164, 820]], [[163, 820]], [[162, 820]], [[161, 820]], [[160, 820]], [[159, 820]], [[158, 820]], [[157, 821]], [[156, 821]], [[155, 822]], [[154, 822]], [[153, 823]], [[152, 823]], [[151, 824]], [[150, 824]], [[149, 825]], [[148, 826]], [[147, 827]], [[146, 827]], [[145, 827]], [[144, 828]], [[143, 828]], [[142, 829]], [[141, 829]], [[140, 830]], [[139, 830]], [[138, 830]], [[137, 831]], [[136, 832]], [[135, 833]], [[134, 833]], [[133, 833]], [[132, 834]], [[131, 834]], [[131, 835]], [[130, 836]], [[130, 837]], [[130, 838]], [[130, 839]], [[129, 840]], [[129, 841]], [[129, 842]], [[129, 843]], [[129, 844]], [[129, 845]], [[129, 846]], [[129, 847]], [[129, 848]], [[129, 849]], [[129, 850]], [[129, 851]], [[130, 852]], [[130, 853]], [[130, 854]], [[130, 855]], [[130, 856]], [[131, 857]], [[131, 858]], [[131, 859]], [[131, 860]], [[131, 861]], [[132, 862]], [[132, 863]], [[133, 864]], [[133, 865]], [[134, 866]], [[134, 867]], [[134, 868]], [[135, 869]], [[136, 868]], [[137, 869]], [[138, 870]], [[139, 870]], [[140, 870]], [[141, 871]], [[142, 872]], [[143, 872]], [[144, 873]], [[145, 873]], [[146, 874]], [[147, 875]], [[148, 876]], [[149, 876]], [[150, 876]], [[151, 877]], [[152, 877]], [[153, 877]], [[154, 878]], [[155, 877]], [[156, 877]], [[157, 878]], [[158, 878]], [[159, 878]], [[160, 878]], [[161, 878]], [[162, 878]], [[163, 878]], [[164, 878]], [[165, 877]], [[166, 877]], [[167, 877]], [[168, 876]], [[169, 876]], [[170, 876]], [[171, 875]], [[172, 874]], [[173, 873]], [[174, 873]], [[175, 873]], [[176, 873]], [[177, 872]], [[178, 871]], [[179, 871]], [[180, 871]], [[181, 871]], [[182, 871]], [[183, 870]], [[184, 870]], [[185, 869]], [[186, 868]], [[187, 867]], [[188, 867]], [[189, 867]], [[190, 867]], [[191, 867]], [[192, 867]], [[193, 866]], [[194, 866]], [[195, 865]], [[196, 865]], [[197, 865]], [[198, 864]], [[199, 865]], [[200, 865]], [[201, 864]], [[202, 864]], [[203, 863]], [[204, 862]], [[205, 862]], [[205, 861]], [[206, 860]], [[206, 859]], [[207, 858]], [[207, 857]], [[208, 856]], [[208, 855]], [[208, 854]], [[208, 853]], [[209, 852]], [[209, 851]], [[209, 850]], [[209, 849]], [[208, 848]], [[208, 847]], [[208, 846]], [[208, 845]], [[208, 844]], [[208, 843]], [[207, 842]], [[207, 841]], [[206, 840]], [[206, 839]], [[206, 838]], [[205, 837]], [[205, 836]], [[204, 835]], [[204, 834]], [[204, 833]], [[203, 832]], [[203, 831]], [[202, 830]], [[202, 829]], [[202, 828]], [[201, 827]], [[201, 826]], [[201, 825]], [[200, 824]], [[200, 823]], [[200, 822]], [[200, 821]], [[199, 820]], [[199, 819]], [[199, 818]], [[198, 817]], [[198, 816]], [[198, 815]], [[197, 815]], [[196, 814]], [[195, 814]], [[194, 813]], [[193, 812]], [[192, 813]], [[191, 812]], [[190, 812]], [[189, 811]], [[190, 810]], [[191, 810]], [[191, 809]], [[192, 808]], [[192, 807]], [[193, 806]], [[193, 805]], [[193, 804]], [[192, 803]], [[192, 802]], [[192, 801]], [[192, 800]], [[192, 799]], [[192, 800]], [[191, 801]], [[190, 800]], [[189, 799]], [[189, 798]], [[188, 797]], [[188, 796]], [[188, 795]], [[187, 794]], [[187, 793]], [[187, 792]], [[186, 791]], [[186, 790]], [[185, 790]], [[184, 789]], [[183, 789]], [[182, 789]], [[181, 788]], [[180, 787]], [[179, 787]], [[178, 786]], [[177, 785]], [[176, 785]], [[175, 784]], [[174, 784]], [[173, 783]], [[172, 783]], [[171, 782]], [[170, 781]], [[170, 780]], [[169, 780]], [[168, 779]], [[167, 779]], [[166, 779]]]","[[], [[[204, 864], [204, 865], [203, 866], [202, 867], [201, 867], [200, 867], [200, 868], [201, 868], [202, 869], [203, 870], [203, 871], [204, 872], [204, 871], [205, 870], [206, 871], [207, 870], [208, 869], [208, 868], [207, 868], [206, 869], [205, 870], [204, 871], [203, 870], [203, 869], [203, 868], [204, 867], [205, 867], [206, 866], [207, 866], [207, 865], [207, 864], [206, 864], [205, 864]]]]","[[], 62]"
45,45,"[[[87, 778]], [[86, 779]], [[85, 780]], [[84, 780]], [[83, 780]], [[83, 781]], [[82, 782]], [[82, 783]], [[82, 784]], [[82, 785]], [[81, 786]], [[80, 786]], [[79, 785]], [[79, 784]], [[78, 784]], [[77, 784]], [[76, 784]], [[75, 785]], [[74, 785]], [[73, 785]], [[72, 785]], [[71, 785]], [[70, 785]], [[69, 785]], [[68, 786]], [[67, 786]], [[66, 787]], [[65, 788]], [[64, 789]], [[63, 790]], [[63, 791]], [[62, 792]], [[61, 793]], [[61, 794]], [[61, 795]], [[60, 796]], [[60, 797]], [[60, 798]], [[60, 799]], [[61, 800]], [[61, 801]], [[61, 802]], [[61, 803]], [[62, 804]], [[62, 805]], [[63, 806]], [[63, 807]], [[63, 808]], [[64, 809]], [[64, 810]], [[65, 811]], [[65, 812]], [[65, 813]], [[66, 812]], [[67, 813]], [[68, 813]], [[69, 813]], [[70, 813]], [[71, 813]], [[72, 814]], [[73, 814]], [[74, 814]], [[75, 814]], [[76, 815]], [[75, 816]], [[74, 817]], [[73, 817]], [[72, 818]], [[72, 819]], [[72, 820]], [[73, 821]], [[72, 822]], [[73, 823]], [[73, 824]], [[74, 825]], [[73, 826]], [[72, 826]], [[71, 826]], [[70, 826]], [[69, 826]], [[68, 827]], [[67, 828]], [[66, 828]], [[66, 829]], [[65, 830]], [[65, 831]], [[65, 832]], [[65, 833]], [[66, 834]], [[65, 835]], [[64, 836]], [[63, 836]], [[62, 836]], [[61, 835]], [[60, 835]], [[59, 835]], [[58, 835]], [[57, 835]], [[56, 835]], [[55, 835]], [[54, 835]], [[53, 835]], [[52, 835]], [[51, 835]], [[50, 835]], [[49, 836]], [[48, 836]], [[47, 837]], [[46, 838]], [[45, 838]], [[45, 839]], [[44, 840]], [[44, 841]], [[43, 842]], [[42, 843]], [[42, 844]], [[41, 845]], [[40, 846]], [[40, 847]], [[39, 848]], [[39, 849]], [[39, 850]], [[39, 851]], [[39, 852]], [[39, 853]], [[39, 854]], [[39, 855]], [[38, 856]], [[37, 857]], [[36, 857]], [[35, 858]], [[34, 858]], [[33, 857]], [[32, 858]], [[32, 859]], [[31, 860]], [[30, 861]], [[29, 862]], [[28, 862]], [[27, 863]], [[26, 864]], [[25, 864]], [[24, 863]], [[23, 862]], [[22, 863]], [[21, 863]], [[20, 864]], [[19, 864]], [[18, 865]], [[17, 866]], [[17, 867]], [[17, 868]], [[17, 869]], [[17, 870]], [[17, 871]], [[17, 872]], [[16, 873]], [[16, 874]], [[16, 875]], [[16, 876]], [[16, 877]], [[16, 878]], [[15, 879]], [[15, 880]], [[15, 881]], [[15, 882]], [[15, 883]], [[15, 884]], [[15, 885]], [[16, 886]], [[16, 887]], [[16, 888]], [[16, 889]], [[17, 890]], [[18, 890]], [[19, 891]], [[20, 892]], [[21, 892]], [[22, 893]], [[23, 893]], [[24, 893]], [[25, 893]], [[26, 894]], [[27, 894]], [[28, 895]], [[29, 895]], [[30, 896]], [[31, 896]], [[32, 897]], [[33, 898]], [[33, 899]], [[34, 900]], [[35, 901]], [[36, 901]], [[37, 901]], [[38, 901]], [[39, 902]], [[40, 902]], [[41, 902]], [[42, 901]], [[43, 901]], [[44, 900]], [[45, 900]], [[46, 899]], [[47, 899]], [[48, 899]], [[49, 900]], [[50, 900]], [[51, 900]], [[52, 901]], [[53, 901]], [[54, 901]], [[55, 901]], [[56, 900]], [[57, 900]], [[58, 900]], [[59, 900]], [[60, 900]], [[61, 900]], [[62, 900]], [[63, 899]], [[64, 898]], [[65, 897]], [[66, 896]], [[66, 895]], [[66, 894]], [[67, 893]], [[67, 892]], [[66, 891]], [[67, 890]], [[67, 889]], [[67, 888]], [[68, 887]], [[69, 886]], [[70, 885]], [[71, 884]], [[71, 883]], [[71, 882]], [[72, 881]], [[72, 880]], [[72, 879]], [[72, 878]], [[72, 877]], [[72, 876]], [[72, 875]], [[71, 874]], [[71, 873]], [[72, 872]], [[72, 871]], [[72, 870]], [[72, 869]], [[72, 868]], [[71, 867]], [[71, 866]], [[72, 865]], [[72, 864]], [[72, 863]], [[72, 862]], [[72, 861]], [[73, 860]], [[73, 859]], [[73, 858]], [[73, 857]], [[73, 856]], [[73, 855]], [[73, 854]], [[73, 853]], [[73, 852]], [[73, 851]], [[74, 850]], [[74, 849]], [[74, 848]], [[75, 847]], [[76, 846]], [[77, 845]], [[78, 846]], [[79, 847]], [[80, 847]], [[81, 847]], [[82, 847]], [[83, 846]], [[84, 846]], [[85, 845]], [[85, 844]], [[85, 843]], [[86, 842]], [[85, 841]], [[85, 840]], [[85, 839]], [[84, 838]], [[84, 837]], [[84, 836]], [[83, 835]], [[83, 834]], [[83, 833]], [[82, 832]], [[82, 831]], [[82, 830]], [[81, 829]], [[80, 829]], [[79, 828]], [[78, 827]], [[78, 826]], [[79, 825]], [[80, 825]], [[81, 826]], [[82, 826]], [[83, 825]], [[83, 824]], [[84, 823]], [[84, 822]], [[84, 821]], [[84, 820]], [[85, 819]], [[85, 818]], [[85, 817]], [[86, 816]], [[87, 815]], [[88, 815]], [[88, 814]], [[89, 813]], [[89, 812]], [[89, 811]], [[89, 810]], [[88, 809]], [[87, 808]], [[86, 807]], [[86, 806]], [[86, 805]], [[86, 804]], [[87, 803]], [[88, 802]], [[89, 801]], [[89, 800]], [[90, 799]], [[90, 798]], [[90, 797]], [[91, 796]], [[91, 795]], [[91, 794]], [[92, 793]], [[92, 792]], [[92, 791]], [[92, 790]], [[92, 789]], [[92, 788]], [[91, 787]], [[90, 786]], [[89, 786]], [[88, 785]], [[87, 785]], [[86, 784]], [[85, 783]], [[86, 782]], [[86, 781]], [[87, 780]], [[88, 780]], [[88, 779]]]","[[], [[[79, 826], [79, 827], [80, 828], [81, 828], [82, 829], [83, 830], [83, 831], [83, 832], [84, 833], [84, 834], [84, 835], [85, 836], [85, 837], [85, 838], [86, 839], [86, 840], [86, 841], [87, 842], [87, 841], [87, 840], [87, 839], [86, 838], [86, 837], [86, 836], [85, 835], [85, 834], [85, 833], [84, 832], [84, 831], [84, 830], [84, 829], [84, 828], [84, 827], [84, 826], [83, 826], [82, 827], [81, 827], [80, 826]]]]","[[], 63]"
46,46,"[[[122, 770]], [[121, 771]], [[120, 771]], [[119, 772]], [[118, 772]], [[117, 772]], [[116, 773]], [[115, 773]], [[114, 774]], [[113, 775]], [[112, 776]], [[111, 776]], [[110, 777]], [[109, 778]], [[108, 778]], [[108, 779]], [[107, 780]], [[106, 781]], [[105, 782]], [[104, 783]], [[104, 784]], [[103, 785]], [[102, 786]], [[102, 787]], [[101, 788]], [[101, 789]], [[100, 790]], [[100, 791]], [[100, 792]], [[100, 793]], [[100, 794]], [[101, 795]], [[102, 796]], [[103, 797]], [[104, 798]], [[105, 799]], [[106, 799]], [[107, 799]], [[108, 799]], [[109, 799]], [[110, 799]], [[111, 800]], [[112, 800]], [[113, 801]], [[114, 801]], [[115, 802]], [[116, 803]], [[116, 804]], [[117, 805]], [[118, 806]], [[119, 807]], [[119, 808]], [[118, 809]], [[117, 809]], [[116, 809]], [[115, 810]], [[114, 810]], [[113, 810]], [[112, 811]], [[111, 812]], [[110, 813]], [[109, 813]], [[108, 814]], [[107, 814]], [[107, 815]], [[106, 816]], [[105, 817]], [[104, 817]], [[103, 817]], [[102, 817]], [[101, 817]], [[100, 816]], [[99, 816]], [[98, 816]], [[97, 816]], [[96, 815]], [[95, 816]], [[95, 817]], [[94, 818]], [[94, 819]], [[94, 820]], [[93, 821]], [[92, 821]], [[91, 821]], [[90, 821]], [[89, 821]], [[88, 821]], [[87, 821]], [[86, 822]], [[86, 823]], [[86, 824]], [[86, 825]], [[85, 826]], [[85, 827]], [[85, 828]], [[85, 829]], [[85, 830]], [[85, 831]], [[85, 832]], [[86, 833]], [[86, 834]], [[86, 835]], [[87, 836]], [[87, 837]], [[87, 838]], [[88, 839]], [[88, 840]], [[89, 841]], [[90, 842]], [[91, 841]], [[92, 841]], [[93, 841]], [[94, 842]], [[95, 843]], [[95, 844]], [[96, 845]], [[97, 845]], [[98, 846]], [[99, 846]], [[100, 846]], [[101, 846]], [[102, 846]], [[103, 846]], [[104, 846]], [[105, 847]], [[106, 847]], [[107, 848]], [[108, 847]], [[109, 847]], [[110, 846]], [[111, 845]], [[111, 844]], [[112, 843]], [[113, 842]], [[113, 841]], [[114, 840]], [[115, 840]], [[116, 839]], [[117, 839]], [[118, 838]], [[119, 837]], [[120, 836]], [[121, 835]], [[122, 834]], [[122, 833]], [[122, 832]], [[123, 831]], [[123, 830]], [[124, 829]], [[125, 828]], [[125, 827]], [[126, 826]], [[127, 825]], [[127, 824]], [[127, 823]], [[128, 822]], [[128, 821]], [[129, 820]], [[129, 819]], [[128, 818]], [[129, 817]], [[129, 816]], [[128, 815]], [[128, 814]], [[128, 813]], [[127, 812]], [[126, 811]], [[125, 811]], [[124, 810]], [[123, 809]], [[124, 808]], [[124, 807]], [[125, 806]], [[125, 805]], [[126, 804]], [[127, 803]], [[128, 803]], [[129, 803]], [[130, 802]], [[131, 802]], [[132, 802]], [[133, 803]], [[134, 803]], [[135, 803]], [[136, 803]], [[137, 802]], [[138, 802]], [[139, 802]], [[140, 801]], [[141, 800]], [[141, 799]], [[140, 798]], [[140, 797]], [[140, 796]], [[140, 795]], [[141, 794]], [[141, 793]], [[141, 792]], [[142, 791]], [[142, 790]], [[142, 789]], [[143, 788]], [[144, 788]], [[145, 787]], [[145, 786]], [[145, 785]], [[144, 784]], [[144, 783]], [[143, 782]], [[142, 781]], [[141, 780]], [[140, 779]], [[139, 778]], [[138, 777]], [[137, 776]], [[137, 775]], [[136, 775]], [[135, 775]], [[135, 776]], [[134, 777]], [[133, 777]], [[132, 776]], [[131, 776]], [[130, 775]], [[130, 774]], [[129, 774]], [[128, 774]], [[127, 773]], [[126, 772]], [[125, 771]], [[124, 770]], [[123, 770]]]","[[], [[[79, 826], [79, 827], [80, 828], [81, 828], [82, 829], [83, 830], [83, 831], [83, 832], [84, 833], [84, 834], [84, 835], [85, 836], [85, 837], [85, 838], [86, 839], [86, 840], [86, 841], [87, 842], [87, 841], [87, 840], [87, 839], [86, 838], [86, 837], [86, 836], [85, 835], [85, 834], [85, 833], [84, 832], [84, 831], [84, 830], [84, 829], [84, 828], [84, 827], [84, 826], [83, 826], [82, 827], [81, 827], [80, 826]]], [[[143, 789], [143, 790], [143, 791], [142, 792], [142, 793], [142, 794], [141, 795], [141, 796], [141, 797], [141, 798], [142, 799], [142, 800], [143, 801], [144, 800], [145, 800], [145, 799], [145, 798], [144, 797], [144, 796], [144, 795], [144, 794], [143, 793], [143, 792], [144, 791], [145, 790], [145, 789], [144, 789]]]]","[[], 63, 65]"
47,47,"[[[817, 763]], [[817, 764]], [[816, 765]], [[816, 766]], [[815, 767]], [[815, 768]], [[814, 769]], [[814, 770]], [[813, 771]], [[813, 772]], [[813, 773]], [[812, 774]], [[812, 775]], [[812, 776]], [[812, 777]], [[812, 778]], [[812, 779]], [[812, 780]], [[812, 781]], [[812, 782]], [[812, 783]], [[811, 784]], [[810, 785]], [[809, 785]], [[808, 786]], [[807, 786]], [[806, 787]], [[805, 788]], [[805, 789]], [[805, 790]], [[805, 791]], [[805, 792]], [[804, 793]], [[804, 794]], [[804, 795]], [[804, 796]], [[805, 797]], [[805, 798]], [[805, 799]], [[805, 800]], [[804, 801]], [[804, 802]], [[803, 803]], [[803, 804]], [[803, 805]], [[803, 806]], [[803, 807]], [[803, 808]], [[803, 809]], [[804, 810]], [[804, 811]], [[804, 812]], [[805, 813]], [[806, 814]], [[807, 815]], [[808, 816]], [[809, 817]], [[810, 818]], [[810, 819]], [[811, 819]], [[812, 820]], [[813, 821]], [[813, 822]], [[814, 823]], [[815, 823]], [[816, 822]], [[817, 822]], [[818, 821]], [[819, 821]], [[819, 820]], [[820, 819]], [[821, 819]], [[822, 819]], [[823, 818]], [[824, 817]], [[825, 817]], [[826, 817]], [[827, 816]], [[828, 815]], [[828, 814]], [[829, 813]], [[830, 812]], [[830, 811]], [[830, 810]], [[830, 809]], [[830, 808]], [[830, 807]], [[830, 806]], [[830, 805]], [[829, 804]], [[829, 803]], [[828, 802]], [[828, 801]], [[827, 800]], [[826, 800]], [[825, 799]], [[825, 798]], [[826, 797]], [[827, 797]], [[828, 797]], [[829, 796]], [[830, 795]], [[831, 795]], [[831, 794]], [[832, 793]], [[832, 792]], [[832, 791]], [[833, 790]], [[833, 789]], [[834, 788]], [[834, 787]], [[835, 786]], [[835, 785]], [[836, 784]], [[837, 783]], [[837, 782]], [[837, 781]], [[837, 780]], [[837, 779]], [[838, 778]], [[839, 777]], [[839, 776]], [[839, 775]], [[839, 774]], [[838, 774]], [[837, 773]], [[836, 772]], [[835, 771]], [[835, 770]], [[834, 770]], [[833, 769]], [[832, 769]], [[831, 769]], [[830, 768]], [[829, 768]], [[828, 768]], [[827, 768]], [[826, 767]], [[825, 766]], [[824, 766]], [[823, 766]], [[822, 765]], [[821, 765]], [[820, 764]], [[819, 764]], [[818, 764]]]",[[]],[]
48,48,"[[[781, 763]], [[780, 764]], [[779, 765]], [[779, 766]], [[779, 767]], [[779, 768]], [[779, 769]], [[778, 770]], [[778, 771]], [[779, 772]], [[779, 773]], [[780, 774]], [[780, 775]], [[781, 776]], [[782, 776]], [[783, 777]], [[784, 778]], [[785, 779]], [[786, 779]], [[787, 779]], [[788, 779]], [[789, 780]], [[790, 780]], [[791, 780]], [[792, 781]], [[793, 780]], [[794, 779]], [[794, 778]], [[794, 777]], [[794, 776]], [[794, 775]], [[794, 774]], [[794, 773]], [[794, 772]], [[794, 771]], [[794, 770]], [[793, 769]], [[793, 768]], [[793, 767]], [[792, 767]], [[791, 766]], [[791, 765]], [[790, 765]], [[789, 764]], [[788, 764]], [[787, 763]], [[786, 763]], [[785, 763]], [[784, 763]], [[783, 763]], [[782, 763]]]",[[]],[]
49,49,"[[[641, 760]], [[640, 761]], [[639, 762]], [[639, 763]], [[638, 764]], [[638, 765]], [[638, 766]], [[637, 767]], [[637, 768]], [[637, 769]], [[636, 770]], [[636, 771]], [[636, 772]], [[635, 773]], [[635, 774]], [[634, 775]], [[633, 776]], [[632, 776]], [[631, 776]], [[630, 776]], [[629, 776]], [[628, 776]], [[627, 777]], [[626, 777]], [[625, 778]], [[624, 779]], [[623, 780]], [[623, 781]], [[622, 782]], [[621, 782]], [[621, 783]], [[621, 784]], [[620, 785]], [[620, 786]], [[620, 787]], [[619, 788]], [[618, 789]], [[618, 790]], [[617, 791]], [[616, 791]], [[616, 792]], [[615, 793]], [[615, 794]], [[614, 795]], [[614, 796]], [[614, 797]], [[613, 798]], [[613, 799]], [[612, 800]], [[612, 801]], [[612, 802]], [[612, 803]], [[612, 804]], [[612, 805]], [[612, 806]], [[612, 807]], [[612, 808]], [[612, 809]], [[612, 810]], [[613, 811]], [[613, 812]], [[614, 813]], [[615, 814]], [[615, 815]], [[616, 816]], [[616, 817]], [[617, 817]], [[618, 818]], [[618, 819]], [[618, 820]], [[619, 821]], [[619, 822]], [[620, 823]], [[619, 824]], [[619, 825]], [[619, 826]], [[619, 827]], [[619, 828]], [[620, 829]], [[620, 830]], [[620, 831]], [[621, 832]], [[621, 833]], [[621, 834]], [[622, 835]], [[622, 836]], [[623, 837]], [[624, 838]], [[624, 839]], [[624, 840]], [[625, 841]], [[626, 841]], [[627, 842]], [[628, 842]], [[629, 842]], [[630, 842]], [[631, 842]], [[632, 842]], [[633, 841]], [[634, 841]], [[635, 840]], [[636, 839]], [[636, 838]], [[636, 837]], [[636, 836]], [[637, 835]], [[637, 834]], [[636, 833]], [[636, 832]], [[636, 831]], [[636, 830]], [[636, 829]], [[637, 828]], [[638, 829]], [[639, 828]], [[640, 827]], [[641, 828]], [[642, 829]], [[642, 830]], [[642, 831]], [[643, 832]], [[642, 833]], [[641, 834]], [[640, 834]], [[640, 835]], [[640, 836]], [[640, 837]], [[640, 838]], [[641, 839]], [[641, 840]], [[642, 841]], [[642, 842]], [[642, 843]], [[643, 844]], [[643, 845]], [[643, 846]], [[644, 847]], [[645, 848]], [[646, 848]], [[646, 847]], [[646, 846]], [[647, 845]], [[648, 845]], [[649, 846]], [[650, 846]], [[651, 846]], [[652, 846]], [[653, 845]], [[653, 844]], [[654, 843]], [[654, 842]], [[655, 841]], [[656, 840]], [[657, 839]], [[657, 838]], [[657, 837]], [[658, 836]], [[658, 835]], [[658, 834]], [[658, 833]], [[658, 832]], [[658, 831]], [[658, 830]], [[657, 830]], [[656, 830]], [[655, 830]], [[654, 829]], [[653, 829]], [[652, 829]], [[651, 828]], [[652, 827]], [[653, 826]], [[654, 827]], [[654, 826]], [[654, 825]], [[654, 824]], [[654, 823]], [[653, 822]], [[653, 821]], [[654, 820]], [[655, 819]], [[656, 820]], [[657, 820]], [[658, 821]], [[659, 822]], [[660, 822]], [[661, 821]], [[662, 822]], [[662, 823]], [[663, 824]], [[663, 825]], [[664, 826]], [[664, 827]], [[664, 828]], [[664, 829]], [[664, 830]], [[665, 830]], [[666, 831]], [[667, 832]], [[667, 833]], [[667, 834]], [[667, 835]], [[668, 835]], [[669, 836]], [[670, 836]], [[671, 836]], [[672, 836]], [[673, 836]], [[674, 836]], [[675, 836]], [[676, 836]], [[677, 836]], [[678, 835]], [[679, 834]], [[680, 834]], [[680, 833]], [[681, 832]], [[682, 832]], [[683, 831]], [[684, 830]], [[684, 829]], [[685, 828]], [[686, 827]], [[687, 827]], [[688, 826]], [[688, 825]], [[689, 824]], [[690, 823]], [[690, 822]], [[690, 821]], [[690, 820]], [[690, 819]], [[690, 818]], [[690, 817]], [[690, 816]], [[689, 815]], [[689, 814]], [[689, 813]], [[689, 812]], [[688, 811]], [[687, 810]], [[686, 809]], [[686, 808]], [[685, 807]], [[685, 806]], [[685, 805]], [[684, 804]], [[683, 803]], [[683, 802]], [[682, 801]], [[682, 800]], [[682, 799]], [[681, 799]], [[680, 798]], [[680, 797]], [[679, 796]], [[679, 795]], [[678, 794]], [[678, 793]], [[678, 792]], [[677, 791]], [[677, 790]], [[676, 789]], [[676, 788]], [[675, 787]], [[674, 786]], [[674, 785]], [[673, 784]], [[673, 783]], [[672, 782]], [[671, 781]], [[670, 780]], [[670, 779]], [[669, 778]], [[668, 777]], [[668, 776]], [[667, 775]], [[667, 774]], [[666, 773]], [[666, 772]], [[666, 771]], [[665, 770]], [[665, 769]], [[664, 769]], [[663, 768]], [[662, 767]], [[662, 766]], [[661, 765]], [[660, 765]], [[659, 764]], [[658, 764]], [[657, 764]], [[656, 764]], [[655, 764]], [[654, 765]], [[653, 766]], [[652, 766]], [[651, 766]], [[650, 766]], [[649, 765]], [[649, 764]], [[648, 763]], [[648, 762]], [[647, 761]], [[646, 761]], [[645, 760]], [[644, 760]], [[643, 760]], [[642, 760]]]","[[[[628, 774], [627, 775], [626, 775], [625, 775], [624, 775], [623, 775], [622, 775], [621, 775], [620, 775], [619, 776], [618, 777], [617, 778], [617, 779], [618, 779], [619, 779], [620, 780], [621, 781], [622, 781], [622, 780], [621, 780], [620, 780], [619, 779], [619, 778], [620, 777], [621, 777], [622, 777], [623, 778], [624, 778], [625, 777], [626, 776], [627, 775], [628, 775], [629, 775], [629, 774]]], [], [[[667, 770], [667, 771], [667, 772], [667, 773], [668, 774], [668, 775], [669, 776], [669, 777], [670, 778], [671, 779], [671, 780], [672, 781], [673, 782], [674, 783], [674, 784], [675, 785], [675, 786], [676, 787], [677, 788], [677, 789], [678, 790], [678, 791], [679, 792], [679, 793], [679, 794], [680, 795], [680, 796], [681, 797], [681, 798], [682, 798], [683, 798], [684, 799], [685, 799], [686, 798], [687, 797], [688, 798], [689, 798], [690, 798], [691, 799], [691, 800], [690, 801], [689, 802], [688, 802], [687, 802], [686, 802], [685, 803], [685, 804], [686, 805], [686, 806], [686, 807], [687, 808], [687, 809], [688, 810], [689, 811], [689, 810], [689, 809], [689, 808], [689, 807], [690, 806], [691, 805], [691, 804], [691, 803], [691, 802], [692, 801], [692, 800], [692, 799], [692, 798], [692, 797], [693, 796], [694, 795], [694, 794], [695, 793], [696, 792], [696, 791], [695, 792], [694, 793], [693, 794], [692, 795], [691, 795], [690, 796], [689, 796], [688, 797], [687, 797], [686, 798], [685, 797], [684, 797], [683, 796], [682, 795], [681, 794], [681, 793], [680, 792], [680, 791], [680, 790], [679, 789], [679, 788], [678, 787], [677, 786], [678, 785], [678, 784], [677, 784], [676, 783], [675, 782], [675, 781], [675, 780], [674, 779], [674, 778], [674, 777], [673, 776], [673, 775], [672, 774], [671, 774], [670, 773], [670, 772], [670, 771], [669, 771], [668, 770]]]]","[66, [], 67]"
50,50,"[[[617, 747]], [[617, 748]], [[617, 749]], [[616, 750]], [[615, 751]], [[614, 752]], [[613, 751]], [[613, 750]], [[612, 751]], [[611, 752]], [[611, 753]], [[610, 754]], [[610, 755]], [[610, 756]], [[610, 757]], [[610, 758]], [[610, 759]], [[610, 760]], [[610, 761]], [[610, 762]], [[611, 763]], [[611, 764]], [[612, 765]], [[613, 765]], [[614, 766]], [[615, 766]], [[616, 766]], [[617, 766]], [[618, 766]], [[619, 765]], [[620, 765]], [[621, 765]], [[622, 764]], [[623, 764]], [[624, 765]], [[625, 764]], [[626, 764]], [[627, 764]], [[628, 764]], [[629, 763]], [[630, 763]], [[631, 762]], [[632, 761]], [[632, 760]], [[632, 759]], [[632, 758]], [[632, 757]], [[632, 756]], [[631, 755]], [[630, 754]], [[629, 754]], [[628, 753]], [[627, 753]], [[626, 752]], [[625, 751]], [[624, 751]], [[623, 750]], [[622, 750]], [[621, 750]], [[620, 749]], [[619, 748]], [[618, 747]]]",[[]],[]
51,51,"[[[589, 747]], [[589, 748]], [[589, 749]], [[588, 750]], [[587, 750]], [[587, 751]], [[587, 752]], [[586, 753]], [[585, 754]], [[584, 754]], [[583, 755]], [[583, 756]], [[582, 757]], [[582, 758]], [[582, 759]], [[582, 760]], [[582, 761]], [[582, 762]], [[583, 763]], [[583, 764]], [[584, 765]], [[584, 766]], [[585, 767]], [[585, 768]], [[585, 769]], [[585, 770]], [[585, 771]], [[586, 772]], [[586, 773]], [[586, 774]], [[587, 775]], [[587, 776]], [[587, 777]], [[587, 778]], [[588, 779]], [[588, 780]], [[587, 781]], [[588, 782]], [[588, 783]], [[588, 784]], [[588, 785]], [[587, 786]], [[586, 786]], [[585, 786]], [[584, 786]], [[583, 786]], [[582, 787]], [[581, 787]], [[580, 788]], [[579, 788]], [[578, 789]], [[577, 789]], [[576, 790]], [[575, 790]], [[574, 791]], [[574, 792]], [[574, 793]], [[574, 794]], [[574, 795]], [[574, 796]], [[574, 797]], [[574, 798]], [[575, 799]], [[575, 800]], [[575, 801]], [[575, 802]], [[576, 803]], [[576, 804]], [[576, 805]], [[576, 806]], [[577, 807]], [[577, 808]], [[578, 809]], [[579, 810]], [[579, 811]], [[580, 812]], [[580, 813]], [[580, 814]], [[581, 815]], [[581, 816]], [[582, 817]], [[582, 818]], [[582, 819]], [[582, 820]], [[583, 821]], [[583, 822]], [[584, 823]], [[585, 823]], [[586, 823]], [[587, 823]], [[588, 824]], [[589, 824]], [[590, 823]], [[591, 823]], [[592, 823]], [[593, 823]], [[594, 822]], [[595, 822]], [[596, 821]], [[597, 820]], [[598, 819]], [[599, 818]], [[600, 817]], [[601, 816]], [[602, 815]], [[603, 815]], [[604, 814]], [[605, 813]], [[606, 813]], [[607, 813]], [[607, 812]], [[608, 811]], [[608, 810]], [[608, 809]], [[608, 808]], [[608, 807]], [[608, 806]], [[608, 805]], [[608, 804]], [[607, 803]], [[607, 802]], [[607, 801]], [[606, 800]], [[606, 799]], [[606, 798]], [[605, 797]], [[605, 796]], [[605, 795]], [[605, 794]], [[605, 793]], [[605, 792]], [[606, 791]], [[607, 790]], [[608, 790]], [[609, 789]], [[609, 788]], [[610, 787]], [[610, 786]], [[610, 785]], [[610, 784]], [[610, 783]], [[610, 782]], [[611, 781]], [[610, 780]], [[610, 779]], [[610, 778]], [[610, 777]], [[610, 776]], [[610, 775]], [[610, 774]], [[610, 773]], [[610, 772]], [[610, 771]], [[610, 770]], [[610, 769]], [[610, 768]], [[609, 767]], [[609, 766]], [[608, 765]], [[608, 764]], [[608, 763]], [[608, 762]], [[607, 761]], [[607, 760]], [[607, 759]], [[606, 758]], [[606, 757]], [[606, 756]], [[605, 755]], [[604, 754]], [[603, 753]], [[602, 752]], [[601, 751]], [[600, 751]], [[599, 751]], [[598, 750]], [[597, 750]], [[596, 750]], [[595, 750]], [[594, 749]], [[593, 749]], [[592, 749]], [[591, 749]], [[590, 748]]]","[[[[584, 743], [583, 744], [583, 745], [584, 746], [584, 747], [584, 748], [583, 749], [582, 750], [582, 751], [582, 752], [582, 753], [583, 753], [584, 753], [585, 753], [586, 752], [586, 751], [585, 750], [585, 749], [585, 748], [585, 747], [586, 746], [587, 746], [588, 745], [589, 744], [589, 743], [588, 743], [587, 743], [586, 743], [585, 743]]], [], [[[572, 791], [572, 792], [572, 793], [571, 794], [571, 795], [571, 796], [571, 797], [571, 798], [571, 799], [572, 800], [571, 801], [570, 802], [569, 802], [570, 803], [571, 803], [572, 804], [573, 804], [574, 804], [574, 803], [574, 802], [574, 801], [574, 800], [574, 799], [573, 798], [573, 797], [572, 796], [572, 795], [572, 794], [572, 793], [573, 792], [573, 791]]]]","[68, [], 69]"
52,52,"[[[163, 746]], [[162, 747]], [[161, 748]], [[160, 748]], [[159, 749]], [[158, 749]], [[157, 750]], [[157, 751]], [[157, 752]], [[157, 753]], [[157, 754]], [[157, 755]], [[157, 756]], [[158, 757]], [[158, 758]], [[159, 759]], [[160, 760]], [[161, 760]], [[162, 759]], [[163, 758]], [[164, 758]], [[165, 757]], [[166, 756]], [[166, 755]], [[166, 754]], [[166, 753]], [[166, 752]], [[166, 751]], [[166, 750]], [[166, 749]], [[166, 748]], [[166, 747]], [[165, 746]], [[164, 746]]]",[[]],[]
53,53,"[[[687, 722]], [[686, 723]], [[685, 723]], [[684, 724]], [[683, 724]], [[682, 725]], [[681, 726]], [[680, 727]], [[680, 728]], [[679, 729]], [[679, 730]], [[679, 731]], [[679, 732]], [[679, 733]], [[680, 733]], [[681, 734]], [[681, 735]], [[681, 736]], [[681, 737]], [[682, 738]], [[682, 739]], [[682, 740]], [[683, 741]], [[682, 742]], [[682, 743]], [[681, 744]], [[680, 744]], [[679, 744]], [[678, 744]], [[677, 745]], [[676, 745]], [[675, 745]], [[674, 746]], [[673, 746]], [[672, 747]], [[671, 748]], [[670, 749]], [[669, 750]], [[668, 751]], [[667, 752]], [[666, 753]], [[665, 754]], [[665, 755]], [[665, 756]], [[665, 757]], [[665, 758]], [[665, 759]], [[665, 760]], [[665, 761]], [[666, 762]], [[666, 763]], [[666, 764]], [[667, 765]], [[668, 766]], [[669, 766]], [[670, 767]], [[671, 767]], [[672, 767]], [[673, 768]], [[674, 768]], [[675, 767]], [[676, 766]], [[677, 767]], [[678, 766]], [[679, 765]], [[680, 766]], [[680, 767]], [[681, 768]], [[680, 769]], [[680, 770]], [[680, 771]], [[680, 772]], [[679, 773]], [[678, 772]], [[677, 772]], [[676, 773]], [[675, 772]], [[675, 773]], [[675, 774]], [[676, 775]], [[676, 776]], [[676, 777]], [[676, 778]], [[676, 779]], [[676, 778]], [[676, 777]], [[676, 776]], [[676, 775]], [[677, 774]], [[678, 773]], [[679, 773]], [[680, 774]], [[680, 775]], [[680, 776]], [[680, 777]], [[680, 778]], [[680, 779]], [[679, 780]], [[678, 780]], [[679, 781]], [[679, 782]], [[679, 783]], [[679, 784]], [[679, 785]], [[678, 786]], [[679, 787]], [[680, 788]], [[680, 789]], [[681, 790]], [[681, 791]], [[681, 792]], [[682, 793]], [[682, 794]], [[683, 795]], [[684, 796]], [[685, 796]], [[686, 797]], [[687, 796]], [[688, 796]], [[689, 795]], [[690, 795]], [[691, 794]], [[692, 794]], [[693, 793]], [[694, 792]], [[695, 791]], [[696, 790]], [[697, 791]], [[697, 792]], [[696, 793]], [[695, 794]], [[695, 795]], [[694, 796]], [[693, 797]], [[693, 798]], [[693, 799]], [[693, 800]], [[693, 801]], [[692, 802]], [[692, 803]], [[692, 804]], [[692, 805]], [[691, 806]], [[691, 807]], [[690, 808]], [[690, 809]], [[691, 810]], [[691, 811]], [[691, 812]], [[692, 813]], [[693, 814]], [[693, 815]], [[694, 816]], [[694, 817]], [[695, 818]], [[696, 818]], [[697, 818]], [[698, 817]], [[699, 817]], [[700, 817]], [[701, 817]], [[702, 816]], [[703, 816]], [[704, 815]], [[705, 815]], [[705, 814]], [[706, 813]], [[707, 812]], [[708, 811]], [[709, 811]], [[710, 811]], [[711, 811]], [[712, 812]], [[713, 813]], [[714, 814]], [[714, 815]], [[715, 816]], [[716, 816]], [[717, 817]], [[718, 817]], [[719, 817]], [[720, 816]], [[721, 816]], [[722, 815]], [[722, 814]], [[723, 813]], [[724, 813]], [[725, 812]], [[726, 811]], [[727, 811]], [[728, 811]], [[729, 811]], [[730, 810]], [[731, 809]], [[732, 809]], [[732, 808]], [[733, 807]], [[733, 806]], [[734, 805]], [[734, 804]], [[735, 803]], [[735, 802]], [[735, 801]], [[735, 800]], [[735, 799]], [[735, 798]], [[736, 797]], [[736, 796]], [[736, 795]], [[735, 794]], [[735, 793]], [[734, 792]], [[735, 791]], [[734, 790]], [[734, 789]], [[733, 788]], [[732, 787]], [[731, 786]], [[730, 786]], [[729, 786]], [[728, 786]], [[727, 786]], [[726, 786]], [[725, 786]], [[724, 787]], [[723, 788]], [[722, 788]], [[721, 789]], [[720, 789]], [[719, 789]], [[718, 790]], [[717, 790]], [[716, 790]], [[715, 790]], [[714, 791]], [[713, 791]], [[712, 792]], [[711, 792]], [[710, 792]], [[709, 792]], [[708, 791]], [[707, 791]], [[706, 790]], [[705, 790]], [[704, 790]], [[703, 790]], [[702, 790]], [[701, 791]], [[700, 791]], [[699, 791]], [[698, 790]], [[698, 789]], [[699, 788]], [[699, 787]], [[700, 786]], [[701, 785]], [[702, 784]], [[703, 784]], [[704, 784]], [[705, 783]], [[706, 783]], [[707, 782]], [[708, 782]], [[709, 782]], [[710, 783]], [[711, 782]], [[712, 781]], [[713, 780]], [[714, 779]], [[715, 779]], [[716, 779]], [[716, 778]], [[716, 777]], [[716, 776]], [[715, 775]], [[714, 774]], [[714, 773]], [[713, 772]], [[713, 771]], [[713, 770]], [[713, 769]], [[712, 768]], [[712, 767]], [[712, 766]], [[712, 765]], [[712, 764]], [[713, 763]], [[712, 763]], [[711, 763]], [[710, 763]], [[709, 762]], [[708, 762]], [[707, 761]], [[706, 761]], [[705, 761]], [[704, 760]], [[703, 760]], [[702, 760]], [[701, 759]], [[700, 759]], [[699, 759]], [[698, 759]], [[697, 759]], [[696, 759]], [[695, 758]], [[694, 758]], [[693, 758]], [[692, 757]], [[691, 757]], [[690, 756]], [[690, 755]], [[690, 754]], [[690, 753]], [[690, 752]], [[690, 751]], [[691, 750]], [[691, 749]], [[691, 748]], [[691, 747]], [[691, 746]], [[691, 745]], [[691, 744]], [[690, 743]], [[689, 743]], [[688, 742]], [[687, 742]], [[686, 741]], [[685, 740]], [[684, 739]], [[684, 738]], [[684, 737]], [[684, 736]], [[684, 735]], [[683, 734]], [[682, 733]], [[683, 732]], [[683, 731]], [[684, 730]], [[685, 731]], [[686, 732]], [[686, 733]], [[687, 733]], [[688, 734]], [[688, 735]], [[689, 736]], [[689, 737]], [[689, 738]], [[690, 738]], [[691, 738]], [[692, 737]], [[693, 737]], [[694, 736]], [[695, 736]], [[695, 735]], [[696, 734]], [[696, 733]], [[696, 732]], [[696, 731]], [[696, 730]], [[696, 729]], [[695, 728]], [[695, 727]], [[695, 726]], [[694, 725]], [[693, 724]], [[692, 724]], [[691, 723]], [[690, 723]], [[689, 723]], [[688, 722]]]","[[], [[[667, 770], [667, 771], [667, 772], [667, 773], [668, 774], [668, 775], [669, 776], [669, 777], [670, 778], [671, 779], [671, 780], [672, 781], [673, 782], [674, 783], [674, 784], [675, 785], [675, 786], [676, 787], [677, 788], [677, 789], [678, 790], [678, 791], [679, 792], [679, 793], [679, 794], [680, 795], [680, 796], [681, 797], [681, 798], [682, 798], [683, 798], [684, 799], [685, 799], [686, 798], [687, 797], [688, 798], [689, 798], [690, 798], [691, 799], [691, 800], [690, 801], [689, 802], [688, 802], [687, 802], [686, 802], [685, 803], [685, 804], [686, 805], [686, 806], [686, 807], [687, 808], [687, 809], [688, 810], [689, 811], [689, 810], [689, 809], [689, 808], [689, 807], [690, 806], [691, 805], [691, 804], [691, 803], [691, 802], [692, 801], [692, 800], [692, 799], [692, 798], [692, 797], [693, 796], [694, 795], [694, 794], [695, 793], [696, 792], [696, 791], [695, 792], [694, 793], [693, 794], [692, 795], [691, 795], [690, 796], [689, 796], [688, 797], [687, 797], [686, 798], [685, 797], [684, 797], [683, 796], [682, 795], [681, 794], [681, 793], [680, 792], [680, 791], [680, 790], [679, 789], [679, 788], [678, 787], [677, 786], [678, 785], [678, 784], [677, 784], [676, 783], [675, 782], [675, 781], [675, 780], [674, 779], [674, 778], [674, 777], [673, 776], [673, 775], [672, 774], [671, 774], [670, 773], [670, 772], [670, 771], [669, 771], [668, 770]]], [[[720, 779], [719, 780], [718, 780], [717, 781], [716, 781], [715, 781], [716, 782], [717, 782], [718, 782], [719, 783], [719, 784], [719, 785], [720, 786], [720, 787], [720, 788], [721, 788], [722, 787], [723, 787], [723, 786], [722, 786], [721, 787], [720, 786], [720, 785], [720, 784], [720, 783], [721, 782], [721, 781], [721, 780], [721, 779]]]]","[[], 67, 71]"
54,54,"[[[248, 720]], [[247, 721]], [[246, 721]], [[245, 722]], [[244, 722]], [[243, 723]], [[242, 724]], [[241, 724]], [[240, 725]], [[239, 725]], [[238, 726]], [[238, 727]], [[239, 728]], [[240, 729]], [[241, 730]], [[242, 731]], [[243, 732]], [[244, 732]], [[245, 732]], [[246, 732]], [[247, 732]], [[248, 732]], [[249, 732]], [[250, 732]], [[251, 731]], [[252, 730]], [[253, 730]], [[254, 729]], [[255, 729]], [[256, 728]], [[257, 727]], [[257, 726]], [[258, 725]], [[258, 724]], [[258, 723]], [[258, 722]], [[257, 722]], [[256, 721]], [[255, 720]], [[254, 720]], [[253, 720]], [[252, 720]], [[251, 720]], [[250, 721]], [[249, 720]]]",[[]],[]
55,55,"[[[61, 720]], [[60, 721]], [[59, 722]], [[58, 722]], [[57, 722]], [[56, 722]], [[55, 722]], [[54, 723]], [[54, 724]], [[55, 725]], [[55, 726]], [[55, 727]], [[56, 728]], [[56, 729]], [[57, 730]], [[58, 731]], [[58, 732]], [[58, 733]], [[59, 734]], [[60, 735]], [[60, 736]], [[61, 737]], [[61, 738]], [[62, 739]], [[63, 739]], [[64, 740]], [[65, 739]], [[66, 739]], [[67, 739]], [[68, 739]], [[69, 739]], [[70, 738]], [[71, 739]], [[72, 740]], [[72, 741]], [[72, 742]], [[73, 743]], [[74, 742]], [[75, 742]], [[76, 742]], [[77, 743]], [[78, 744]], [[79, 743]], [[79, 742]], [[80, 741]], [[81, 740]], [[82, 740]], [[82, 739]], [[82, 738]], [[83, 737]], [[83, 736]], [[82, 735]], [[82, 734]], [[81, 734]], [[80, 733]], [[79, 732]], [[79, 731]], [[79, 730]], [[79, 729]], [[79, 728]], [[78, 727]], [[78, 726]], [[77, 725]], [[76, 724]], [[75, 724]], [[74, 724]], [[73, 724]], [[72, 724]], [[71, 723]], [[71, 722]], [[70, 721]], [[69, 720]], [[68, 720]], [[67, 720]], [[66, 720]], [[65, 720]], [[64, 720]], [[63, 720]], [[62, 720]]]",[[]],[]
56,56,"[[[353, 719]], [[352, 720]], [[351, 720]], [[350, 720]], [[349, 720]], [[348, 721]], [[347, 721]], [[346, 721]], [[345, 721]], [[344, 721]], [[343, 721]], [[342, 721]], [[341, 722]], [[340, 723]], [[339, 723]], [[338, 723]], [[337, 724]], [[336, 725]], [[335, 726]], [[335, 727]], [[334, 728]], [[333, 728]], [[332, 729]], [[331, 729]], [[330, 729]], [[329, 730]], [[329, 731]], [[328, 732]], [[327, 732]], [[326, 733]], [[325, 733]], [[324, 734]], [[323, 734]], [[322, 735]], [[321, 735]], [[320, 735]], [[319, 735]], [[318, 735]], [[317, 736]], [[316, 736]], [[315, 736]], [[314, 736]], [[313, 737]], [[312, 737]], [[311, 737]], [[310, 738]], [[309, 738]], [[308, 738]], [[307, 738]], [[306, 739]], [[305, 739]], [[304, 740]], [[304, 741]], [[304, 742]], [[303, 743]], [[303, 744]], [[303, 745]], [[302, 746]], [[302, 747]], [[301, 748]], [[301, 749]], [[301, 750]], [[301, 751]], [[301, 752]], [[301, 753]], [[300, 754]], [[300, 755]], [[300, 756]], [[299, 757]], [[299, 758]], [[299, 759]], [[299, 760]], [[299, 761]], [[298, 762]], [[298, 763]], [[297, 764]], [[297, 765]], [[297, 766]], [[297, 767]], [[297, 768]], [[297, 769]], [[296, 770]], [[296, 771]], [[296, 772]], [[297, 773]], [[297, 774]], [[298, 775]], [[299, 776]], [[300, 777]], [[301, 778]], [[302, 778]], [[303, 778]], [[304, 779]], [[305, 780]], [[306, 780]], [[307, 780]], [[308, 781]], [[309, 781]], [[310, 780]], [[311, 780]], [[312, 780]], [[313, 779]], [[314, 779]], [[315, 779]], [[316, 778]], [[317, 778]], [[318, 777]], [[319, 776]], [[320, 776]], [[321, 775]], [[322, 774]], [[323, 773]], [[323, 772]], [[324, 771]], [[324, 770]], [[325, 769]], [[326, 768]], [[327, 767]], [[328, 767]], [[329, 766]], [[330, 765]], [[331, 765]], [[332, 765]], [[333, 765]], [[334, 764]], [[335, 764]], [[336, 763]], [[336, 762]], [[336, 761]], [[337, 760]], [[338, 759]], [[339, 759]], [[340, 758]], [[341, 757]], [[342, 757]], [[343, 757]], [[343, 756]], [[343, 755]], [[344, 754]], [[345, 753]], [[346, 752]], [[347, 752]], [[348, 751]], [[349, 750]], [[349, 749]], [[349, 748]], [[350, 747]], [[351, 746]], [[351, 745]], [[352, 744]], [[352, 743]], [[353, 742]], [[353, 741]], [[353, 740]], [[353, 739]], [[354, 738]], [[354, 737]], [[355, 736]], [[355, 735]], [[355, 734]], [[355, 733]], [[355, 732]], [[355, 731]], [[355, 730]], [[356, 729]], [[356, 728]], [[357, 727]], [[357, 726]], [[357, 725]], [[357, 724]], [[357, 723]], [[356, 722]], [[356, 721]], [[355, 720]], [[354, 719]]]",[[]],[]
57,57,"[[[282, 717]], [[281, 718]], [[280, 718]], [[279, 719]], [[279, 720]], [[278, 721]], [[277, 722]], [[276, 723]], [[275, 723]], [[274, 724]], [[273, 725]], [[272, 726]], [[272, 727]], [[272, 728]], [[272, 729]], [[272, 730]], [[272, 731]], [[272, 732]], [[272, 733]], [[272, 734]], [[272, 735]], [[273, 736]], [[273, 737]], [[274, 737]], [[275, 738]], [[276, 739]], [[276, 740]], [[277, 740]], [[278, 740]], [[279, 740]], [[280, 740]], [[281, 740]], [[282, 741]], [[283, 742]], [[283, 743]], [[284, 743]], [[285, 742]], [[286, 742]], [[287, 742]], [[288, 742]], [[289, 741]], [[290, 741]], [[290, 740]], [[291, 739]], [[292, 738]], [[293, 737]], [[294, 737]], [[295, 736]], [[296, 735]], [[297, 734]], [[298, 734]], [[299, 733]], [[300, 732]], [[301, 731]], [[301, 730]], [[302, 729]], [[302, 728]], [[302, 727]], [[302, 726]], [[302, 725]], [[302, 724]], [[302, 723]], [[301, 722]], [[300, 721]], [[299, 721]], [[298, 720]], [[297, 720]], [[296, 720]], [[295, 720]], [[294, 720]], [[293, 720]], [[292, 719]], [[291, 719]], [[290, 718]], [[289, 718]], [[288, 717]], [[287, 718]], [[286, 718]], [[285, 717]], [[284, 717]], [[283, 717]]]",[[]],[]
58,58,"[[[321, 713]], [[320, 714]], [[319, 714]], [[318, 714]], [[317, 715]], [[316, 716]], [[315, 716]], [[315, 717]], [[314, 718]], [[313, 718]], [[312, 719]], [[311, 720]], [[310, 720]], [[309, 721]], [[308, 722]], [[308, 723]], [[308, 724]], [[308, 725]], [[308, 726]], [[308, 727]], [[308, 728]], [[308, 729]], [[309, 730]], [[310, 731]], [[311, 731]], [[312, 731]], [[313, 731]], [[314, 730]], [[315, 729]], [[316, 728]], [[317, 728]], [[318, 727]], [[319, 727]], [[320, 726]], [[321, 725]], [[322, 725]], [[323, 724]], [[324, 723]], [[325, 723]], [[326, 722]], [[327, 721]], [[328, 720]], [[329, 720]], [[330, 719]], [[331, 718]], [[331, 717]], [[331, 716]], [[330, 715]], [[329, 714]], [[329, 713]], [[328, 713]], [[327, 714]], [[326, 714]], [[325, 714]], [[324, 713]], [[323, 713]], [[322, 713]]]",[[]],[]
59,59,"[[[194, 708]], [[193, 709]], [[192, 709]], [[191, 710]], [[190, 710]], [[189, 711]], [[188, 711]], [[187, 712]], [[186, 712]], [[185, 713]], [[185, 714]], [[184, 715]], [[184, 716]], [[184, 717]], [[183, 718]], [[183, 719]], [[183, 720]], [[182, 721]], [[182, 722]], [[181, 723]], [[181, 724]], [[180, 725]], [[180, 726]], [[180, 727]], [[180, 728]], [[180, 729]], [[180, 730]], [[180, 731]], [[179, 732]], [[179, 733]], [[179, 734]], [[178, 735]], [[177, 736]], [[177, 737]], [[176, 738]], [[176, 739]], [[175, 740]], [[175, 741]], [[174, 742]], [[174, 743]], [[174, 744]], [[174, 745]], [[174, 746]], [[175, 747]], [[175, 748]], [[176, 749]], [[176, 750]], [[177, 751]], [[177, 752]], [[177, 753]], [[178, 753]], [[179, 754]], [[179, 755]], [[179, 756]], [[179, 757]], [[180, 758]], [[180, 759]], [[181, 760]], [[181, 761]], [[182, 762]], [[182, 763]], [[182, 764]], [[183, 764]], [[184, 764]], [[185, 764]], [[186, 764]], [[187, 765]], [[188, 765]], [[189, 766]], [[190, 766]], [[191, 766]], [[192, 767]], [[192, 768]], [[192, 769]], [[192, 770]], [[192, 771]], [[192, 772]], [[192, 773]], [[192, 774]], [[192, 775]], [[192, 776]], [[192, 777]], [[192, 778]], [[192, 779]], [[193, 780]], [[193, 781]], [[193, 782]], [[193, 783]], [[193, 784]], [[193, 785]], [[193, 786]], [[193, 787]], [[193, 788]], [[193, 789]], [[194, 790]], [[194, 791]], [[194, 792]], [[194, 793]], [[195, 794]], [[195, 795]], [[195, 796]], [[195, 797]], [[196, 798]], [[196, 799]], [[196, 800]], [[196, 801]], [[196, 802]], [[197, 803]], [[198, 804]], [[198, 805]], [[199, 806]], [[199, 807]], [[200, 808]], [[200, 809]], [[201, 810]], [[201, 811]], [[202, 812]], [[203, 813]], [[204, 813]], [[205, 814]], [[206, 815]], [[207, 815]], [[208, 816]], [[209, 817]], [[210, 817]], [[211, 818]], [[212, 819]], [[213, 820]], [[214, 821]], [[215, 821]], [[216, 821]], [[217, 821]], [[218, 822]], [[219, 822]], [[220, 821]], [[221, 821]], [[222, 820]], [[223, 819]], [[224, 818]], [[224, 817]], [[225, 816]], [[225, 815]], [[226, 814]], [[226, 813]], [[227, 812]], [[227, 811]], [[227, 810]], [[227, 809]], [[227, 808]], [[227, 807]], [[226, 806]], [[226, 805]], [[226, 804]], [[225, 804]], [[224, 803]], [[224, 802]], [[225, 801]], [[225, 800]], [[225, 799]], [[225, 798]], [[224, 797]], [[224, 796]], [[224, 795]], [[224, 794]], [[224, 793]], [[223, 792]], [[223, 791]], [[223, 790]], [[223, 789]], [[223, 788]], [[222, 787]], [[222, 786]], [[222, 785]], [[222, 784]], [[222, 783]], [[222, 782]], [[222, 781]], [[222, 780]], [[222, 779]], [[222, 778]], [[222, 777]], [[222, 776]], [[222, 775]], [[222, 774]], [[221, 773]], [[222, 772]], [[223, 771]], [[224, 772]], [[225, 772]], [[226, 772]], [[227, 773]], [[228, 772]], [[229, 771]], [[230, 771]], [[231, 770]], [[232, 769]], [[233, 768]], [[234, 767]], [[235, 767]], [[236, 766]], [[236, 765]], [[237, 764]], [[238, 763]], [[238, 762]], [[238, 761]], [[238, 760]], [[238, 759]], [[238, 758]], [[238, 757]], [[238, 756]], [[238, 755]], [[237, 754]], [[236, 753]], [[235, 753]], [[234, 753]], [[233, 753]], [[232, 753]], [[231, 753]], [[230, 752]], [[229, 751]], [[229, 750]], [[230, 749]], [[231, 748]], [[232, 747]], [[233, 747]], [[234, 746]], [[235, 745]], [[236, 745]], [[237, 744]], [[237, 743]], [[237, 742]], [[237, 741]], [[237, 740]], [[237, 739]], [[237, 738]], [[237, 737]], [[236, 736]], [[236, 735]], [[235, 734]], [[235, 733]], [[234, 732]], [[234, 731]], [[233, 730]], [[232, 729]], [[231, 728]], [[230, 728]], [[229, 727]], [[228, 726]], [[227, 725]], [[226, 724]], [[225, 724]], [[224, 724]], [[223, 723]], [[222, 723]], [[221, 723]], [[220, 723]], [[219, 722]], [[218, 722]], [[217, 722]], [[216, 721]], [[215, 721]], [[214, 720]], [[213, 720]], [[212, 719]], [[211, 719]], [[210, 718]], [[209, 717]], [[209, 716]], [[208, 715]], [[208, 714]], [[207, 713]], [[206, 712]], [[205, 712]], [[204, 711]], [[203, 710]], [[202, 710]], [[201, 709]], [[200, 709]], [[199, 708]], [[198, 708]], [[197, 708]], [[196, 708]], [[195, 708]]]","[[], [[[230, 800], [230, 801], [231, 802], [231, 803], [230, 804], [229, 804], [228, 805], [228, 806], [229, 807], [230, 808], [230, 809], [229, 810], [229, 811], [229, 812], [230, 812], [230, 811], [231, 810], [231, 809], [232, 808], [233, 808], [234, 808], [235, 809], [235, 808], [235, 807], [235, 806], [234, 806], [233, 806], [232, 805], [231, 804], [232, 803], [233, 803], [234, 802], [233, 801], [232, 800], [231, 800]]]]","[[], 72]"
60,60,"[[[98, 705]], [[97, 706]], [[96, 706]], [[95, 706]], [[94, 707]], [[94, 708]], [[93, 709]], [[93, 710]], [[93, 711]], [[93, 712]], [[93, 713]], [[93, 714]], [[93, 715]], [[92, 716]], [[91, 716]], [[90, 716]], [[89, 717]], [[88, 717]], [[87, 718]], [[87, 719]], [[86, 720]], [[86, 721]], [[85, 722]], [[85, 723]], [[84, 724]], [[85, 725]], [[85, 726]], [[85, 727]], [[86, 728]], [[86, 729]], [[86, 730]], [[86, 731]], [[87, 732]], [[88, 733]], [[89, 734]], [[90, 734]], [[91, 735]], [[92, 736]], [[93, 737]], [[94, 737]], [[95, 738]], [[96, 739]], [[97, 740]], [[98, 740]], [[99, 741]], [[100, 741]], [[101, 741]], [[102, 741]], [[103, 742]], [[104, 742]], [[105, 743]], [[106, 743]], [[107, 743]], [[108, 743]], [[109, 742]], [[110, 742]], [[110, 741]], [[110, 740]], [[111, 739]], [[111, 738]], [[111, 737]], [[112, 736]], [[112, 735]], [[112, 734]], [[112, 733]], [[112, 732]], [[112, 731]], [[112, 730]], [[113, 729]], [[114, 729]], [[115, 728]], [[116, 728]], [[117, 727]], [[118, 726]], [[119, 725]], [[120, 724]], [[121, 724]], [[122, 723]], [[123, 722]], [[124, 721]], [[124, 720]], [[124, 719]], [[124, 718]], [[123, 717]], [[123, 716]], [[122, 715]], [[121, 714]], [[120, 714]], [[119, 713]], [[118, 712]], [[117, 712]], [[116, 712]], [[115, 711]], [[114, 710]], [[113, 710]], [[112, 709]], [[111, 709]], [[110, 708]], [[109, 707]], [[108, 707]], [[107, 706]], [[106, 706]], [[105, 706]], [[104, 706]], [[103, 706]], [[102, 705]], [[101, 705]], [[100, 705]], [[99, 705]]]","[[[[84, 703], [84, 704], [84, 705], [84, 706], [85, 707], [85, 708], [84, 709], [85, 710], [85, 711], [85, 712], [86, 713], [86, 714], [86, 715], [85, 716], [85, 717], [86, 717], [87, 716], [87, 715], [87, 714], [87, 713], [87, 712], [86, 711], [85, 710], [85, 709], [85, 708], [85, 707], [85, 706], [85, 705], [85, 704], [85, 703]]], []]","[73, []]"
61,61,"[[[383, 692]], [[382, 693]], [[381, 694]], [[380, 695]], [[380, 696]], [[380, 697]], [[379, 698]], [[379, 699]], [[379, 700]], [[378, 701]], [[378, 702]], [[378, 703]], [[378, 704]], [[377, 705]], [[377, 706]], [[376, 707]], [[376, 708]], [[376, 709]], [[376, 710]], [[376, 711]], [[376, 712]], [[376, 713]], [[376, 714]], [[377, 715]], [[378, 716]], [[378, 717]], [[379, 717]], [[380, 717]], [[381, 717]], [[382, 717]], [[383, 718]], [[384, 719]], [[385, 720]], [[386, 721]], [[387, 722]], [[387, 723]], [[388, 724]], [[389, 725]], [[390, 726]], [[391, 727]], [[391, 728]], [[392, 727]], [[393, 727]], [[394, 728]], [[395, 728]], [[396, 729]], [[395, 730]], [[394, 731]], [[393, 731]], [[392, 731]], [[391, 732]], [[390, 732]], [[389, 733]], [[388, 734]], [[387, 734]], [[386, 735]], [[385, 735]], [[384, 735]], [[383, 735]], [[382, 735]], [[381, 735]], [[380, 735]], [[379, 735]], [[378, 736]], [[377, 737]], [[377, 738]], [[377, 739]], [[377, 740]], [[377, 741]], [[377, 742]], [[377, 743]], [[376, 744]], [[376, 745]], [[375, 746]], [[375, 747]], [[375, 748]], [[375, 749]], [[374, 750]], [[374, 751]], [[374, 752]], [[374, 753]], [[374, 754]], [[375, 755]], [[376, 756]], [[376, 757]], [[377, 758]], [[377, 759]], [[378, 760]], [[377, 761]], [[377, 762]], [[377, 763]], [[376, 764]], [[376, 765]], [[376, 766]], [[375, 767]], [[375, 768]], [[376, 769]], [[376, 770]], [[377, 770]], [[378, 769]], [[378, 768]], [[379, 767]], [[380, 767]], [[381, 767]], [[382, 768]], [[383, 769]], [[383, 770]], [[383, 771]], [[384, 772]], [[385, 773]], [[386, 773]], [[387, 774]], [[388, 774]], [[389, 774]], [[390, 774]], [[391, 774]], [[392, 773]], [[393, 773]], [[394, 773]], [[395, 773]], [[396, 773]], [[397, 772]], [[398, 772]], [[399, 772]], [[400, 771]], [[401, 770]], [[402, 770]], [[403, 770]], [[403, 769]], [[404, 768]], [[405, 767]], [[405, 766]], [[406, 765]], [[406, 764]], [[407, 763]], [[408, 762]], [[408, 761]], [[408, 760]], [[408, 759]], [[408, 758]], [[408, 757]], [[408, 756]], [[408, 755]], [[408, 754]], [[407, 753]], [[407, 752]], [[407, 751]], [[408, 750]], [[408, 749]], [[409, 748]], [[409, 747]], [[409, 746]], [[410, 745]], [[410, 744]], [[410, 743]], [[410, 742]], [[410, 741]], [[410, 740]], [[409, 739]], [[409, 738]], [[409, 737]], [[408, 736]], [[407, 735]], [[406, 734]], [[406, 733]], [[405, 732]], [[404, 731]], [[403, 731]], [[402, 730]], [[401, 730]], [[400, 730]], [[399, 730]], [[398, 731]], [[397, 731]], [[396, 731]], [[395, 730]], [[396, 729]], [[397, 728]], [[398, 727]], [[399, 727]], [[400, 726]], [[401, 726]], [[402, 725]], [[403, 724]], [[404, 723]], [[404, 722]], [[405, 721]], [[406, 720]], [[406, 719]], [[407, 718]], [[407, 717]], [[407, 716]], [[407, 715]], [[407, 714]], [[408, 713]], [[408, 712]], [[409, 711]], [[409, 710]], [[409, 709]], [[409, 708]], [[409, 707]], [[409, 706]], [[409, 705]], [[409, 704]], [[409, 703]], [[409, 702]], [[409, 701]], [[409, 700]], [[409, 699]], [[409, 698]], [[408, 698]], [[407, 697]], [[406, 696]], [[405, 695]], [[404, 695]], [[403, 694]], [[402, 694]], [[401, 694]], [[400, 693]], [[399, 693]], [[398, 693]], [[397, 692]], [[396, 692]], [[395, 692]], [[394, 692]], [[393, 692]], [[392, 692]], [[391, 692]], [[390, 692]], [[389, 692]], [[388, 692]], [[387, 692]], [[386, 692]], [[385, 692]], [[384, 692]]]","[[], [[[389, 729], [388, 730], [387, 731], [386, 732], [385, 732], [384, 732], [383, 733], [382, 733], [381, 733], [380, 733], [379, 733], [378, 733], [377, 733], [376, 733], [377, 734], [378, 735], [379, 734], [380, 734], [381, 734], [382, 734], [383, 734], [384, 734], [385, 734], [386, 734], [387, 733], [388, 733], [389, 732], [390, 731], [391, 731], [392, 730], [391, 729], [390, 729]]]]","[[], 74]"
62,62,"[[[200, 688]], [[199, 689]], [[198, 689]], [[197, 690]], [[196, 690]], [[195, 690]], [[194, 691]], [[194, 692]], [[194, 693]], [[194, 694]], [[194, 695]], [[194, 696]], [[195, 697]], [[196, 698]], [[197, 699]], [[198, 699]], [[199, 699]], [[200, 700]], [[201, 700]], [[202, 700]], [[203, 700]], [[204, 699]], [[205, 698]], [[206, 698]], [[206, 697]], [[207, 696]], [[207, 695]], [[208, 694]], [[208, 693]], [[208, 692]], [[207, 691]], [[206, 690]], [[205, 689]], [[204, 689]], [[203, 689]], [[202, 688]], [[201, 688]]]","[[[[193, 697], [193, 698], [193, 699], [193, 700], [192, 701], [192, 702], [193, 702], [194, 702], [195, 702], [196, 703], [197, 703], [198, 703], [199, 704], [200, 704], [201, 703], [202, 703], [203, 702], [202, 701], [201, 701], [200, 702], [199, 702], [198, 701], [197, 700], [196, 700], [195, 699], [194, 698]]], []]","[75, []]"
63,63,"[[[223, 682]], [[222, 683]], [[222, 684]], [[222, 685]], [[222, 686]], [[223, 687]], [[224, 686]], [[225, 687]], [[226, 688]], [[227, 689]], [[226, 690]], [[226, 691]], [[226, 692]], [[227, 693]], [[227, 694]], [[227, 695]], [[228, 696]], [[229, 697]], [[230, 698]], [[231, 699]], [[231, 700]], [[232, 701]], [[233, 700]], [[234, 699]], [[234, 698]], [[235, 697]], [[236, 696]], [[237, 695]], [[237, 694]], [[236, 693]], [[236, 692]], [[236, 691]], [[235, 692]], [[234, 691]], [[233, 691]], [[232, 690]], [[231, 690]], [[230, 689]], [[230, 688]], [[230, 687]], [[230, 686]], [[231, 685]], [[231, 684]], [[231, 683]], [[230, 682]], [[229, 682]], [[228, 682]], [[227, 682]], [[226, 682]], [[225, 682]], [[224, 682]]]",[[]],[]
64,64,"[[[614, 678]], [[613, 679]], [[612, 679]], [[611, 679]], [[610, 679]], [[610, 680]], [[610, 681]], [[610, 682]], [[610, 683]], [[610, 684]], [[610, 685]], [[610, 686]], [[609, 687]], [[609, 688]], [[608, 689]], [[608, 690]], [[608, 691]], [[609, 692]], [[610, 693]], [[611, 694]], [[611, 695]], [[612, 695]], [[613, 696]], [[614, 696]], [[615, 696]], [[616, 696]], [[616, 695]], [[617, 694]], [[618, 693]], [[618, 692]], [[618, 691]], [[618, 690]], [[617, 690]], [[616, 689]], [[616, 688]], [[616, 687]], [[616, 686]], [[615, 685]], [[615, 684]], [[615, 683]], [[615, 682]], [[615, 681]], [[615, 680]], [[615, 679]], [[615, 678]]]","[[[[603, 671], [602, 672], [601, 672], [601, 673], [602, 673], [602, 672], [603, 671], [604, 672], [604, 673], [605, 674], [605, 675], [605, 676], [606, 676], [607, 676], [608, 676], [609, 677], [609, 678], [610, 678], [611, 678], [612, 678], [613, 677], [614, 677], [615, 677], [615, 676], [614, 676], [613, 677], [612, 677], [611, 676], [610, 676], [609, 675], [608, 674], [607, 674], [606, 673], [605, 673], [604, 672], [604, 671]]], []]","[76, []]"
65,65,"[[[670, 677]], [[669, 678]], [[668, 678]], [[667, 678]], [[666, 678]], [[665, 679]], [[664, 680]], [[663, 681]], [[662, 682]], [[661, 682]], [[660, 682]], [[659, 683]], [[658, 684]], [[658, 685]], [[658, 686]], [[657, 687]], [[657, 688]], [[656, 689]], [[655, 689]], [[654, 690]], [[653, 691]], [[653, 692]], [[653, 693]], [[652, 694]], [[651, 694]], [[650, 695]], [[650, 696]], [[649, 697]], [[648, 698]], [[648, 699]], [[647, 700]], [[647, 701]], [[646, 702]], [[646, 703]], [[645, 704]], [[644, 705]], [[643, 706]], [[643, 707]], [[643, 708]], [[642, 709]], [[642, 710]], [[642, 711]], [[642, 712]], [[643, 713]], [[644, 714]], [[644, 715]], [[645, 716]], [[646, 716]], [[647, 715]], [[648, 714]], [[649, 714]], [[650, 715]], [[651, 716]], [[652, 715]], [[653, 714]], [[654, 713]], [[654, 712]], [[655, 711]], [[656, 711]], [[657, 711]], [[658, 711]], [[659, 712]], [[659, 713]], [[660, 713]], [[661, 714]], [[662, 714]], [[663, 715]], [[664, 715]], [[665, 716]], [[666, 717]], [[667, 718]], [[668, 719]], [[669, 720]], [[670, 720]], [[671, 721]], [[672, 721]], [[673, 721]], [[674, 721]], [[675, 721]], [[676, 721]], [[677, 720]], [[678, 719]], [[678, 718]], [[679, 717]], [[680, 716]], [[680, 715]], [[680, 714]], [[681, 713]], [[681, 712]], [[680, 711]], [[679, 710]], [[678, 709]], [[677, 708]], [[677, 707]], [[677, 706]], [[676, 705]], [[676, 704]], [[676, 703]], [[676, 702]], [[677, 701]], [[676, 702]], [[675, 702]], [[674, 701]], [[673, 700]], [[672, 700]], [[671, 699]], [[671, 698]], [[670, 697]], [[669, 696]], [[668, 695]], [[667, 694]], [[667, 693]], [[668, 692]], [[669, 691]], [[670, 690]], [[671, 690]], [[672, 690]], [[673, 689]], [[674, 688]], [[675, 687]], [[675, 686]], [[676, 685]], [[676, 684]], [[676, 683]], [[677, 682]], [[677, 681]], [[678, 680]], [[678, 679]], [[678, 678]], [[678, 677]], [[677, 677]], [[676, 677]], [[675, 677]], [[674, 677]], [[673, 678]], [[672, 678]], [[671, 677]]]",[[]],[]
66,66,"[[[365, 671]], [[364, 672]], [[363, 672]], [[362, 673]], [[361, 673]], [[360, 674]], [[359, 675]], [[358, 676]], [[357, 677]], [[356, 678]], [[355, 678]], [[354, 679]], [[353, 680]], [[352, 681]], [[352, 682]], [[352, 683]], [[351, 684]], [[351, 685]], [[350, 686]], [[350, 687]], [[350, 688]], [[350, 689]], [[350, 690]], [[350, 691]], [[350, 692]], [[351, 693]], [[351, 694]], [[350, 695]], [[349, 696]], [[348, 696]], [[349, 697]], [[350, 698]], [[351, 699]], [[352, 698]], [[353, 697]], [[353, 696]], [[353, 695]], [[354, 694]], [[355, 695]], [[356, 695]], [[357, 694]], [[358, 694]], [[359, 694]], [[360, 693]], [[361, 692]], [[362, 692]], [[363, 691]], [[364, 690]], [[365, 689]], [[366, 688]], [[367, 687]], [[368, 687]], [[369, 686]], [[370, 686]], [[371, 685]], [[372, 684]], [[373, 683]], [[374, 682]], [[374, 681]], [[374, 680]], [[375, 679]], [[375, 678]], [[376, 677]], [[376, 676]], [[376, 675]], [[376, 674]], [[376, 673]], [[376, 672]], [[375, 672]], [[374, 671]], [[373, 671]], [[372, 671]], [[371, 671]], [[370, 671]], [[369, 671]], [[368, 671]], [[367, 671]], [[366, 671]]]","[[[[367, 660], [368, 661], [368, 662], [369, 663], [369, 664], [368, 665], [368, 666], [368, 667], [367, 668], [366, 669], [365, 670], [366, 670], [367, 670], [368, 670], [369, 670], [370, 670], [371, 670], [372, 670], [373, 670], [374, 670], [375, 671], [375, 670], [374, 669], [373, 669], [372, 669], [371, 669], [370, 668], [370, 667], [370, 666], [371, 665], [372, 665], [373, 664], [374, 664], [374, 663], [373, 663], [372, 663], [371, 662], [370, 662], [369, 662], [368, 661], [368, 660]]], []]","[77, []]"
67,67,"[[[269, 666]], [[268, 667]], [[268, 668]], [[268, 669]], [[267, 670]], [[267, 671]], [[266, 672]], [[266, 673]], [[266, 674]], [[266, 675]], [[266, 676]], [[266, 677]], [[266, 678]], [[266, 679]], [[266, 680]], [[266, 681]], [[267, 682]], [[267, 683]], [[268, 684]], [[269, 685]], [[269, 686]], [[268, 687]], [[267, 688]], [[266, 688]], [[265, 688]], [[265, 689]], [[264, 690]], [[263, 690]], [[262, 691]], [[261, 691]], [[260, 691]], [[260, 692]], [[259, 693]], [[259, 694]], [[258, 695]], [[257, 696]], [[257, 697]], [[257, 698]], [[256, 699]], [[256, 700]], [[256, 701]], [[255, 702]], [[254, 703]], [[253, 704]], [[253, 705]], [[252, 706]], [[252, 707]], [[251, 708]], [[251, 709]], [[251, 710]], [[251, 711]], [[251, 712]], [[252, 713]], [[253, 714]], [[254, 715]], [[255, 716]], [[256, 717]], [[257, 717]], [[258, 718]], [[259, 719]], [[260, 719]], [[261, 720]], [[262, 720]], [[263, 720]], [[264, 720]], [[265, 720]], [[266, 720]], [[267, 720]], [[268, 720]], [[269, 720]], [[270, 719]], [[271, 719]], [[272, 718]], [[272, 717]], [[272, 716]], [[273, 715]], [[272, 714]], [[273, 713]], [[273, 712]], [[273, 711]], [[273, 710]], [[273, 709]], [[274, 708]], [[274, 707]], [[275, 706]], [[276, 706]], [[277, 707]], [[278, 706]], [[279, 705]], [[280, 704]], [[281, 704]], [[282, 705]], [[283, 705]], [[284, 705]], [[285, 706]], [[286, 705]], [[287, 705]], [[288, 705]], [[289, 704]], [[289, 703]], [[289, 702]], [[289, 701]], [[289, 700]], [[289, 699]], [[288, 698]], [[288, 697]], [[289, 696]], [[289, 695]], [[289, 694]], [[289, 693]], [[289, 692]], [[290, 691]], [[290, 690]], [[291, 689]], [[292, 688]], [[292, 687]], [[293, 686]], [[293, 685]], [[294, 684]], [[295, 683]], [[296, 682]], [[297, 681]], [[297, 680]], [[298, 679]], [[299, 678]], [[299, 677]], [[299, 676]], [[299, 675]], [[299, 674]], [[299, 673]], [[298, 672]], [[298, 671]], [[298, 670]], [[297, 669]], [[296, 669]], [[295, 668]], [[294, 668]], [[293, 668]], [[292, 667]], [[291, 667]], [[290, 667]], [[289, 667]], [[288, 668]], [[287, 668]], [[286, 668]], [[285, 668]], [[284, 668]], [[283, 667]], [[282, 667]], [[281, 667]], [[280, 666]], [[279, 666]], [[278, 666]], [[277, 666]], [[276, 666]], [[275, 666]], [[274, 667]], [[273, 667]], [[272, 666]], [[271, 666]], [[270, 666]]]","[[], [[[260, 721], [260, 722], [260, 723], [260, 724], [260, 725], [260, 726], [260, 727], [261, 728], [262, 729], [263, 730], [264, 730], [264, 729], [265, 728], [266, 728], [267, 728], [267, 727], [266, 726], [265, 726], [264, 727], [263, 727], [262, 726], [263, 725], [264, 724], [264, 723], [264, 722], [263, 721], [262, 721], [261, 721]]], [[[282, 707], [282, 708], [282, 709], [282, 710], [282, 711], [281, 712], [281, 713], [280, 714], [279, 714], [278, 715], [277, 716], [276, 716], [275, 715], [275, 716], [274, 717], [275, 717], [276, 716], [277, 717], [278, 717], [279, 716], [280, 716], [281, 715], [282, 714], [283, 713], [284, 712], [285, 712], [286, 713], [286, 714], [287, 714], [286, 713], [285, 712], [285, 711], [284, 710], [284, 709], [284, 708], [284, 707], [283, 707]]], [[[297, 695], [296, 696], [296, 697], [296, 698], [296, 699], [296, 700], [295, 701], [294, 701], [293, 701], [292, 700], [292, 699], [291, 699], [290, 699], [290, 700], [290, 701], [291, 701], [292, 701], [293, 701], [294, 701], [295, 701], [296, 700], [297, 699], [298, 699], [298, 698], [298, 697], [298, 696]]], [[[297, 682], [296, 683], [295, 684], [294, 685], [294, 686], [293, 687], [294, 688], [295, 689], [295, 690], [296, 690], [297, 690], [298, 690], [299, 691], [300, 692], [301, 693], [302, 693], [303, 692], [304, 692], [304, 691], [303, 690], [303, 689], [302, 688], [302, 687], [302, 686], [301, 686], [300, 686], [299, 687], [298, 688], [297, 688], [296, 688], [295, 687], [295, 686], [296, 685], [297, 684], [298, 684], [298, 683]]]]","[[], 78, 79, 80, 81]"
68,68,"[[[215, 637]], [[214, 638]], [[213, 639]], [[212, 640]], [[211, 641]], [[210, 641]], [[209, 641]], [[208, 641]], [[207, 642]], [[206, 642]], [[205, 643]], [[204, 644]], [[203, 644]], [[202, 645]], [[201, 646]], [[200, 646]], [[199, 647]], [[198, 647]], [[197, 647]], [[196, 647]], [[195, 647]], [[195, 648]], [[194, 649]], [[193, 650]], [[192, 650]], [[192, 651]], [[191, 652]], [[191, 653]], [[191, 654]], [[191, 655]], [[192, 656]], [[193, 657]], [[194, 658]], [[194, 659]], [[194, 660]], [[195, 660]], [[196, 660]], [[197, 660]], [[198, 660]], [[199, 661]], [[199, 662]], [[200, 663]], [[201, 663]], [[202, 663]], [[203, 662]], [[203, 661]], [[203, 660]], [[203, 659]], [[204, 658]], [[204, 657]], [[204, 656]], [[204, 655]], [[204, 654]], [[204, 653]], [[205, 652]], [[205, 651]], [[206, 650]], [[207, 650]], [[208, 650]], [[209, 650]], [[210, 650]], [[210, 649]], [[211, 648]], [[212, 649]], [[212, 650]], [[213, 651]], [[214, 651]], [[215, 652]], [[215, 653]], [[216, 653]], [[217, 653]], [[217, 652]], [[218, 651]], [[218, 650]], [[218, 649]], [[218, 648]], [[218, 647]], [[218, 646]], [[218, 645]], [[219, 644]], [[219, 643]], [[219, 642]], [[219, 641]], [[219, 640]], [[218, 639]], [[218, 638]], [[217, 637]], [[216, 637]]]",[],[]
69,69,"[[[239, 635]], [[238, 636]], [[237, 636]], [[236, 636]], [[235, 636]], [[234, 636]], [[233, 636]], [[232, 637]], [[231, 638]], [[231, 639]], [[230, 640]], [[230, 641]], [[230, 642]], [[230, 643]], [[230, 644]], [[229, 645]], [[228, 646]], [[227, 647]], [[227, 648]], [[226, 649]], [[226, 650]], [[226, 651]], [[226, 652]], [[225, 653]], [[225, 654]], [[225, 655]], [[225, 656]], [[225, 657]], [[226, 658]], [[226, 659]], [[227, 660]], [[227, 661]], [[228, 661]], [[229, 661]], [[230, 661]], [[231, 661]], [[232, 661]], [[233, 661]], [[234, 661]], [[235, 661]], [[236, 661]], [[237, 662]], [[238, 662]], [[239, 663]], [[240, 663]], [[241, 664]], [[242, 664]], [[243, 664]], [[244, 665]], [[245, 665]], [[246, 664]], [[247, 664]], [[248, 664]], [[249, 664]], [[250, 664]], [[251, 664]], [[252, 664]], [[253, 664]], [[254, 663]], [[255, 663]], [[256, 663]], [[256, 662]], [[256, 661]], [[256, 660]], [[257, 659]], [[256, 658]], [[256, 657]], [[256, 656]], [[256, 655]], [[256, 654]], [[256, 653]], [[256, 652]], [[255, 652]], [[254, 652]], [[253, 651]], [[252, 650]], [[251, 650]], [[250, 650]], [[249, 650]], [[248, 649]], [[248, 648]], [[249, 647]], [[249, 646]], [[249, 645]], [[250, 644]], [[250, 643]], [[250, 642]], [[250, 641]], [[249, 640]], [[249, 639]], [[248, 638]], [[247, 638]], [[246, 638]], [[245, 637]], [[244, 636]], [[243, 636]], [[242, 635]], [[241, 635]], [[240, 635]]]","[[], [[[225, 644], [224, 645], [223, 645], [223, 646], [223, 647], [223, 648], [223, 649], [223, 650], [223, 651], [222, 652], [222, 653], [222, 654], [221, 655], [221, 656], [221, 657], [221, 658], [221, 659], [222, 660], [222, 661], [223, 661], [224, 660], [224, 659], [224, 658], [224, 657], [224, 656], [223, 655], [223, 654], [223, 653], [224, 652], [224, 651], [225, 650], [225, 649], [225, 648], [226, 647], [226, 646], [226, 645]]]]","[[], 82]"
70,70,"[[[531, 634]], [[531, 635]], [[530, 636]], [[529, 637]], [[529, 638]], [[529, 639]], [[528, 640]], [[527, 641]], [[526, 640]], [[526, 639]], [[526, 638]], [[526, 637]], [[526, 636]], [[525, 636]], [[525, 637]], [[524, 638]], [[523, 639]], [[522, 639]], [[521, 640]], [[520, 641]], [[519, 642]], [[519, 643]], [[520, 644]], [[520, 645]], [[520, 646]], [[520, 647]], [[521, 648]], [[521, 649]], [[522, 649]], [[522, 648]], [[523, 647]], [[524, 646]], [[525, 647]], [[525, 648]], [[525, 649]], [[526, 650]], [[527, 649]], [[527, 648]], [[528, 647]], [[529, 646]], [[530, 646]], [[531, 645]], [[532, 644]], [[533, 644]], [[534, 643]], [[534, 642]], [[534, 641]], [[534, 640]], [[534, 639]], [[534, 638]], [[534, 637]], [[534, 636]], [[533, 635]], [[533, 634]], [[532, 634]]]",[],[]
71,71,"[[[422, 617]], [[421, 618]], [[420, 618]], [[419, 618]], [[418, 618]], [[417, 619]], [[417, 620]], [[416, 621]], [[416, 622]], [[415, 623]], [[415, 624]], [[416, 625]], [[416, 626]], [[416, 627]], [[417, 628]], [[418, 629]], [[418, 630]], [[419, 630]], [[420, 631]], [[421, 632]], [[422, 632]], [[423, 633]], [[424, 633]], [[425, 632]], [[426, 632]], [[427, 632]], [[427, 631]], [[428, 630]], [[429, 629]], [[429, 628]], [[430, 627]], [[430, 626]], [[430, 625]], [[430, 624]], [[430, 623]], [[430, 622]], [[430, 621]], [[429, 620]], [[428, 620]], [[427, 619]], [[426, 618]], [[425, 617]], [[424, 617]], [[423, 617]]]",[[]],[]
72,72,"[[[702, 614]], [[701, 615]], [[700, 615]], [[699, 616]], [[698, 617]], [[697, 617]], [[696, 618]], [[695, 618]], [[694, 619]], [[694, 620]], [[694, 621]], [[694, 622]], [[694, 623]], [[694, 624]], [[695, 625]], [[696, 625]], [[697, 625]], [[698, 624]], [[699, 624]], [[700, 624]], [[701, 624]], [[701, 623]], [[702, 622]], [[702, 621]], [[703, 620]], [[704, 619]], [[704, 618]], [[705, 617]], [[705, 616]], [[705, 615]], [[704, 614]], [[703, 614]]]",[[]],[]
73,73,"[[[101, 610]], [[100, 611]], [[99, 611]], [[98, 612]], [[97, 613]], [[96, 614]], [[96, 615]], [[95, 616]], [[95, 617]], [[95, 618]], [[95, 619]], [[95, 620]], [[95, 621]], [[96, 622]], [[96, 623]], [[97, 624]], [[98, 625]], [[99, 626]], [[100, 626]], [[101, 627]], [[101, 628]], [[102, 629]], [[102, 630]], [[103, 630]], [[104, 630]], [[105, 631]], [[105, 632]], [[106, 633]], [[107, 634]], [[108, 634]], [[109, 635]], [[110, 636]], [[110, 637]], [[110, 638]], [[110, 639]], [[109, 640]], [[109, 641]], [[109, 642]], [[109, 643]], [[109, 644]], [[109, 645]], [[109, 646]], [[109, 647]], [[109, 648]], [[108, 649]], [[108, 650]], [[108, 651]], [[108, 652]], [[107, 653]], [[107, 654]], [[106, 655]], [[106, 656]], [[105, 657]], [[104, 657]], [[103, 658]], [[102, 658]], [[101, 659]], [[100, 660]], [[99, 661]], [[99, 662]], [[98, 663]], [[97, 664]], [[97, 665]], [[96, 666]], [[96, 667]], [[96, 668]], [[95, 669]], [[95, 670]], [[95, 671]], [[95, 672]], [[95, 673]], [[96, 674]], [[96, 675]], [[96, 676]], [[97, 677]], [[97, 678]], [[98, 679]], [[99, 680]], [[100, 681]], [[101, 682]], [[101, 683]], [[102, 683]], [[103, 684]], [[103, 685]], [[104, 685]], [[105, 686]], [[105, 687]], [[106, 688]], [[107, 688]], [[108, 689]], [[109, 689]], [[110, 688]], [[111, 687]], [[111, 686]], [[112, 685]], [[113, 684]], [[114, 684]], [[115, 683]], [[116, 683]], [[117, 683]], [[118, 682]], [[118, 681]], [[119, 680]], [[120, 680]], [[121, 679]], [[122, 679]], [[123, 679]], [[124, 679]], [[125, 680]], [[125, 679]], [[125, 678]], [[126, 677]], [[127, 678]], [[127, 679]], [[127, 680]], [[127, 681]], [[127, 682]], [[126, 683]], [[126, 684]], [[127, 685]], [[127, 686]], [[127, 687]], [[128, 687]], [[129, 688]], [[130, 689]], [[131, 690]], [[132, 689]], [[133, 690]], [[134, 690]], [[135, 691]], [[136, 690]], [[137, 690]], [[137, 689]], [[136, 688]], [[137, 687]], [[137, 686]], [[136, 685]], [[137, 684]], [[138, 683]], [[139, 682]], [[140, 682]], [[141, 683]], [[141, 682]], [[141, 681]], [[140, 680]], [[141, 679]], [[140, 678]], [[140, 677]], [[139, 676]], [[139, 675]], [[139, 674]], [[139, 673]], [[138, 672]], [[138, 671]], [[137, 670]], [[137, 669]], [[136, 668]], [[136, 667]], [[136, 666]], [[135, 665]], [[135, 664]], [[134, 663]], [[133, 664]], [[132, 664]], [[131, 664]], [[130, 663]], [[129, 663]], [[128, 662]], [[128, 661]], [[128, 660]], [[127, 661]], [[126, 660]], [[126, 659]], [[126, 658]], [[127, 657]], [[128, 657]], [[129, 657]], [[130, 656]], [[131, 657]], [[131, 658]], [[132, 659]], [[132, 660]], [[133, 661]], [[134, 661]], [[135, 661]], [[136, 661]], [[137, 661]], [[138, 660]], [[139, 660]], [[139, 659]], [[139, 658]], [[140, 657]], [[141, 656]], [[142, 656]], [[143, 656]], [[144, 656]], [[145, 655]], [[146, 655]], [[147, 654]], [[148, 654]], [[149, 654]], [[149, 653]], [[150, 652]], [[151, 651]], [[152, 650]], [[152, 649]], [[152, 648]], [[152, 647]], [[152, 646]], [[153, 645]], [[153, 644]], [[153, 643]], [[152, 642]], [[152, 641]], [[152, 640]], [[152, 639]], [[152, 638]], [[151, 637]], [[151, 636]], [[151, 635]], [[150, 634]], [[150, 633]], [[149, 632]], [[148, 631]], [[148, 630]], [[147, 630]], [[146, 630]], [[145, 629]], [[144, 629]], [[143, 629]], [[142, 629]], [[141, 629]], [[140, 629]], [[139, 629]], [[138, 629]], [[137, 629]], [[136, 629]], [[135, 629]], [[134, 629]], [[133, 629]], [[132, 630]], [[131, 630]], [[130, 630]], [[129, 630]], [[128, 630]], [[127, 629]], [[127, 628]], [[126, 627]], [[126, 626]], [[125, 625]], [[124, 624]], [[124, 623]], [[124, 622]], [[123, 621]], [[122, 621]], [[121, 620]], [[120, 620]], [[119, 619]], [[118, 619]], [[117, 618]], [[116, 617]], [[115, 616]], [[114, 616]], [[113, 615]], [[112, 615]], [[111, 614]], [[110, 613]], [[109, 612]], [[108, 612]], [[107, 611]], [[106, 611]], [[105, 611]], [[104, 611]], [[103, 611]], [[102, 611]]]","[[], [[[89, 661], [89, 662], [89, 663], [90, 664], [90, 665], [90, 666], [90, 667], [90, 668], [90, 669], [90, 670], [90, 671], [89, 672], [89, 673], [89, 674], [89, 675], [89, 676], [89, 677], [88, 678], [88, 679], [89, 678], [89, 677], [90, 676], [90, 675], [90, 674], [91, 673], [92, 672], [92, 671], [92, 670], [93, 669], [94, 668], [93, 669], [92, 670], [91, 669], [90, 668], [90, 667], [91, 666], [92, 665], [92, 664], [91, 663], [91, 662], [90, 662]]]]","[[], 83]"
74,74,"[[[567, 598]], [[567, 599]], [[566, 600]], [[565, 600]], [[564, 601]], [[563, 602]], [[562, 602]], [[561, 602]], [[560, 603]], [[559, 604]], [[558, 605]], [[557, 605]], [[557, 606]], [[556, 607]], [[555, 608]], [[555, 609]], [[555, 610]], [[554, 611]], [[553, 612]], [[553, 613]], [[552, 614]], [[552, 615]], [[552, 616]], [[552, 617]], [[552, 618]], [[552, 619]], [[552, 620]], [[552, 621]], [[552, 622]], [[553, 623]], [[554, 623]], [[555, 624]], [[555, 625]], [[555, 626]], [[556, 626]], [[557, 627]], [[558, 627]], [[559, 627]], [[560, 628]], [[561, 628]], [[562, 627]], [[563, 627]], [[564, 627]], [[565, 627]], [[566, 627]], [[567, 626]], [[568, 625]], [[569, 625]], [[570, 625]], [[571, 624]], [[572, 624]], [[573, 623]], [[574, 623]], [[575, 622]], [[576, 621]], [[577, 621]], [[578, 621]], [[579, 620]], [[580, 619]], [[580, 618]], [[580, 617]], [[581, 616]], [[582, 615]], [[582, 614]], [[582, 613]], [[582, 612]], [[581, 611]], [[581, 610]], [[580, 609]], [[579, 608]], [[578, 607]], [[578, 606]], [[577, 605]], [[577, 604]], [[576, 603]], [[576, 602]], [[575, 601]], [[575, 600]], [[574, 599]], [[573, 598]], [[572, 598]], [[571, 598]], [[570, 598]], [[569, 598]], [[568, 598]]]",[[]],[]
75,75,"[[[141, 594]], [[140, 595]], [[139, 596]], [[138, 596]], [[138, 597]], [[138, 598]], [[137, 599]], [[137, 600]], [[137, 601]], [[137, 602]], [[137, 603]], [[137, 604]], [[137, 605]], [[137, 606]], [[138, 607]], [[139, 607]], [[140, 608]], [[141, 609]], [[142, 609]], [[143, 610]], [[143, 611]], [[144, 612]], [[144, 613]], [[145, 614]], [[146, 614]], [[147, 614]], [[148, 615]], [[149, 616]], [[150, 617]], [[151, 618]], [[152, 618]], [[153, 618]], [[154, 617]], [[155, 616]], [[156, 616]], [[157, 615]], [[158, 615]], [[159, 614]], [[160, 613]], [[160, 612]], [[161, 611]], [[161, 610]], [[162, 609]], [[163, 608]], [[164, 607]], [[165, 606]], [[166, 605]], [[166, 604]], [[165, 603]], [[165, 602]], [[164, 602]], [[163, 602]], [[162, 602]], [[161, 602]], [[160, 601]], [[159, 600]], [[158, 599]], [[157, 598]], [[156, 597]], [[155, 596]], [[154, 595]], [[153, 595]], [[152, 595]], [[151, 596]], [[150, 596]], [[149, 596]], [[148, 596]], [[147, 596]], [[146, 596]], [[145, 595]], [[144, 595]], [[143, 594]], [[142, 594]]]",[[]],[]
76,76,"[[[472, 590]], [[471, 591]], [[470, 592]], [[469, 593]], [[468, 594]], [[467, 595]], [[466, 596]], [[465, 597]], [[465, 598]], [[465, 599]], [[464, 600]], [[464, 601]], [[464, 602]], [[464, 603]], [[465, 604]], [[466, 605]], [[467, 605]], [[468, 606]], [[469, 607]], [[470, 608]], [[471, 609]], [[472, 610]], [[472, 611]], [[473, 612]], [[474, 613]], [[474, 614]], [[474, 615]], [[473, 616]], [[472, 617]], [[471, 618]], [[470, 618]], [[469, 618]], [[469, 619]], [[468, 620]], [[467, 620]], [[466, 620]], [[465, 621]], [[464, 622]], [[463, 621]], [[462, 620]], [[462, 619]], [[461, 619]], [[460, 618]], [[460, 617]], [[459, 616]], [[458, 616]], [[457, 615]], [[456, 615]], [[455, 615]], [[454, 615]], [[453, 615]], [[452, 616]], [[451, 616]], [[450, 617]], [[449, 617]], [[448, 618]], [[447, 618]], [[446, 619]], [[445, 620]], [[444, 621]], [[443, 622]], [[442, 622]], [[442, 623]], [[441, 624]], [[440, 624]], [[440, 625]], [[440, 626]], [[440, 627]], [[440, 628]], [[441, 629]], [[441, 630]], [[442, 631]], [[443, 632]], [[443, 633]], [[443, 634]], [[443, 635]], [[442, 636]], [[441, 637]], [[440, 637]], [[439, 638]], [[438, 638]], [[437, 639]], [[436, 640]], [[436, 641]], [[435, 642]], [[435, 643]], [[435, 644]], [[434, 645]], [[434, 646]], [[434, 647]], [[434, 648]], [[433, 649]], [[433, 650]], [[433, 651]], [[432, 652]], [[432, 653]], [[432, 654]], [[432, 655]], [[432, 656]], [[433, 657]], [[433, 658]], [[433, 659]], [[434, 660]], [[434, 661]], [[434, 662]], [[435, 663]], [[436, 663]], [[437, 664]], [[438, 665]], [[438, 666]], [[438, 667]], [[438, 668]], [[438, 669]], [[438, 670]], [[439, 671]], [[439, 672]], [[439, 673]], [[440, 674]], [[441, 675]], [[442, 676]], [[443, 676]], [[444, 675]], [[445, 675]], [[446, 675]], [[447, 675]], [[448, 675]], [[449, 676]], [[450, 677]], [[451, 677]], [[452, 678]], [[453, 678]], [[454, 679]], [[455, 679]], [[456, 679]], [[457, 679]], [[458, 680]], [[459, 680]], [[460, 681]], [[461, 681]], [[462, 682]], [[461, 683]], [[460, 683]], [[459, 684]], [[458, 685]], [[457, 685]], [[456, 686]], [[455, 686]], [[454, 686]], [[453, 685]], [[452, 684]], [[452, 683]], [[451, 682]], [[450, 681]], [[450, 680]], [[449, 680]], [[448, 680]], [[447, 680]], [[446, 680]], [[445, 680]], [[444, 680]], [[443, 680]], [[442, 680]], [[441, 681]], [[440, 681]], [[439, 682]], [[438, 682]], [[437, 682]], [[436, 682]], [[435, 683]], [[434, 683]], [[434, 684]], [[434, 685]], [[433, 686]], [[433, 687]], [[433, 688]], [[432, 689]], [[432, 690]], [[432, 691]], [[433, 692]], [[433, 693]], [[433, 692]], [[433, 691]], [[434, 690]], [[435, 691]], [[435, 692]], [[436, 693]], [[437, 694]], [[438, 694]], [[439, 695]], [[440, 695]], [[441, 695]], [[442, 695]], [[443, 696]], [[444, 697]], [[444, 698]], [[443, 699]], [[443, 700]], [[443, 701]], [[442, 702]], [[441, 703]], [[440, 704]], [[440, 705]], [[440, 706]], [[440, 707]], [[440, 708]], [[441, 708]], [[442, 709]], [[442, 710]], [[442, 711]], [[443, 712]], [[443, 713]], [[444, 713]], [[445, 714]], [[445, 715]], [[446, 715]], [[447, 715]], [[448, 716]], [[449, 716]], [[450, 717]], [[451, 718]], [[450, 719]], [[451, 720]], [[452, 721]], [[452, 722]], [[452, 723]], [[453, 723]], [[454, 724]], [[455, 724]], [[456, 724]], [[457, 725]], [[458, 725]], [[459, 725]], [[460, 725]], [[461, 725]], [[462, 726]], [[463, 727]], [[462, 728]], [[461, 729]], [[460, 730]], [[459, 731]], [[458, 732]], [[458, 733]], [[458, 734]], [[457, 735]], [[457, 736]], [[457, 737]], [[456, 738]], [[456, 739]], [[456, 740]], [[455, 741]], [[456, 742]], [[456, 743]], [[456, 744]], [[456, 745]], [[456, 746]], [[456, 747]], [[456, 748]], [[456, 749]], [[456, 750]], [[457, 751]], [[457, 752]], [[458, 753]], [[458, 754]], [[459, 755]], [[460, 755]], [[461, 756]], [[461, 757]], [[461, 758]], [[461, 759]], [[461, 760]], [[460, 761]], [[460, 762]], [[460, 763]], [[459, 764]], [[458, 765]], [[457, 766]], [[457, 767]], [[456, 768]], [[456, 769]], [[456, 770]], [[455, 771]], [[455, 772]], [[454, 773]], [[454, 774]], [[454, 775]], [[453, 776]], [[453, 777]], [[452, 778]], [[452, 779]], [[452, 780]], [[451, 781]], [[451, 782]], [[451, 783]], [[451, 784]], [[451, 785]], [[450, 786]], [[450, 787]], [[450, 788]], [[450, 789]], [[450, 790]], [[450, 791]], [[451, 792]], [[451, 793]], [[451, 794]], [[451, 795]], [[450, 796]], [[450, 797]], [[450, 798]], [[450, 799]], [[449, 800]], [[449, 801]], [[448, 802]], [[447, 802]], [[447, 803]], [[446, 804]], [[446, 805]], [[447, 806]], [[447, 807]], [[447, 808]], [[448, 809]], [[448, 810]], [[449, 811]], [[450, 812]], [[451, 813]], [[451, 814]], [[452, 813]], [[453, 814]], [[454, 814]], [[455, 814]], [[456, 814]], [[457, 814]], [[458, 814]], [[459, 815]], [[460, 814]], [[461, 814]], [[462, 814]], [[463, 814]], [[464, 813]], [[465, 813]], [[466, 813]], [[467, 812]], [[468, 812]], [[469, 812]], [[470, 812]], [[471, 812]], [[472, 811]], [[473, 810]], [[474, 809]], [[475, 808]], [[476, 807]], [[477, 806]], [[478, 805]], [[479, 804]], [[479, 803]], [[480, 802]], [[481, 801]], [[481, 800]], [[481, 799]], [[482, 798]], [[482, 797]], [[482, 796]], [[482, 795]], [[482, 794]], [[483, 793]], [[483, 792]], [[483, 791]], [[483, 790]], [[482, 789]], [[482, 788]], [[482, 787]], [[481, 786]], [[481, 785]], [[481, 784]], [[480, 783]], [[479, 783]], [[478, 782]], [[478, 781]], [[479, 780]], [[480, 779]], [[481, 779]], [[482, 780]], [[482, 781]], [[483, 782]], [[484, 782]], [[485, 782]], [[486, 782]], [[487, 782]], [[488, 781]], [[489, 781]], [[490, 780]], [[490, 779]], [[490, 778]], [[491, 777]], [[491, 776]], [[491, 775]], [[492, 774]], [[491, 773]], [[491, 772]], [[491, 771]], [[491, 770]], [[490, 769]], [[490, 768]], [[490, 767]], [[489, 766]], [[489, 765]], [[488, 764]], [[488, 763]], [[487, 762]], [[486, 761]], [[485, 761]], [[484, 760]], [[485, 759]], [[484, 760]], [[483, 760]], [[482, 759]], [[482, 758]], [[482, 757]], [[483, 756]], [[484, 757]], [[485, 757]], [[485, 756]], [[486, 755]], [[486, 754]], [[487, 753]], [[487, 752]], [[487, 751]], [[488, 750]], [[488, 749]], [[489, 748]], [[489, 747]], [[489, 746]], [[489, 745]], [[489, 744]], [[489, 743]], [[489, 742]], [[489, 741]], [[490, 740]], [[491, 741]], [[492, 740]], [[493, 740]], [[494, 741]], [[494, 742]], [[494, 741]], [[495, 740]], [[496, 739]], [[497, 739]], [[498, 740]], [[498, 741]], [[499, 742]], [[500, 743]], [[501, 744]], [[502, 745]], [[503, 746]], [[504, 746]], [[505, 746]], [[506, 746]], [[507, 746]], [[508, 746]], [[509, 746]], [[510, 746]], [[511, 746]], [[512, 746]], [[513, 746]], [[514, 747]], [[515, 746]], [[516, 747]], [[517, 748]], [[518, 748]], [[519, 748]], [[520, 747]], [[521, 746]], [[522, 746]], [[523, 745]], [[524, 745]], [[525, 746]], [[525, 747]], [[524, 748]], [[523, 748]], [[523, 749]], [[523, 750]], [[523, 751]], [[523, 752]], [[522, 753]], [[522, 754]], [[523, 755]], [[523, 756]], [[523, 757]], [[523, 758]], [[524, 758]], [[525, 759]], [[525, 760]], [[526, 761]], [[527, 762]], [[528, 763]], [[528, 764]], [[528, 765]], [[528, 766]], [[527, 767]], [[527, 768]], [[527, 769]], [[527, 770]], [[527, 771]], [[527, 772]], [[528, 773]], [[528, 774]], [[528, 775]], [[529, 776]], [[530, 777]], [[531, 777]], [[532, 778]], [[533, 778]], [[534, 778]], [[535, 779]], [[536, 779]], [[537, 779]], [[538, 779]], [[539, 779]], [[540, 779]], [[541, 779]], [[542, 780]], [[543, 781]], [[544, 781]], [[545, 782]], [[546, 783]], [[547, 783]], [[548, 782]], [[549, 782]], [[550, 782]], [[551, 782]], [[552, 782]], [[553, 783]], [[554, 783]], [[555, 783]], [[556, 783]], [[557, 784]], [[558, 783]], [[559, 783]], [[560, 783]], [[561, 783]], [[562, 783]], [[563, 782]], [[564, 781]], [[565, 781]], [[566, 780]], [[566, 779]], [[567, 778]], [[568, 777]], [[569, 776]], [[570, 775]], [[570, 774]], [[571, 773]], [[571, 772]], [[572, 771]], [[572, 770]], [[573, 769]], [[573, 768]], [[573, 767]], [[573, 766]], [[573, 765]], [[573, 764]], [[574, 763]], [[574, 762]], [[574, 761]], [[574, 760]], [[574, 759]], [[574, 758]], [[574, 757]], [[574, 756]], [[574, 755]], [[574, 754]], [[573, 753]], [[573, 752]], [[572, 751]], [[572, 750]], [[572, 749]], [[572, 748]], [[573, 747]], [[574, 747]], [[575, 746]], [[575, 745]], [[575, 744]], [[576, 743]], [[576, 742]], [[577, 741]], [[578, 740]], [[578, 739]], [[578, 738]], [[578, 737]], [[578, 736]], [[578, 735]], [[577, 734]], [[578, 733]], [[579, 732]], [[579, 731]], [[580, 730]], [[580, 729]], [[580, 728]], [[580, 727]], [[581, 726]], [[582, 726]], [[582, 725]], [[583, 724]], [[584, 723]], [[583, 723]], [[582, 722]], [[582, 721]], [[583, 720]], [[583, 719]], [[582, 718]], [[582, 717]], [[582, 716]], [[582, 715]], [[581, 714]], [[581, 713]], [[581, 712]], [[580, 711]], [[580, 710]], [[580, 709]], [[579, 708]], [[578, 708]], [[577, 707]], [[577, 706]], [[577, 705]], [[576, 704]], [[575, 703]], [[574, 702]], [[573, 701]], [[572, 700]], [[571, 700]], [[570, 701]], [[569, 701]], [[568, 701]], [[567, 701]], [[566, 701]], [[565, 701]], [[564, 702]], [[563, 702]], [[562, 701]], [[561, 701]], [[560, 700]], [[559, 699]], [[558, 698]], [[557, 697]], [[557, 696]], [[556, 696]], [[555, 695]], [[554, 694]], [[553, 694]], [[552, 694]], [[551, 694]], [[550, 693]], [[549, 693]], [[548, 694]], [[547, 694]], [[546, 694]], [[545, 694]], [[545, 695]], [[544, 696]], [[544, 697]], [[543, 698]], [[543, 699]], [[543, 700]], [[542, 701]], [[541, 701]], [[541, 702]], [[541, 703]], [[541, 704]], [[542, 705]], [[542, 706]], [[543, 707]], [[543, 708]], [[544, 709]], [[544, 710]], [[545, 711]], [[545, 712]], [[545, 713]], [[544, 714]], [[543, 715]], [[542, 716]], [[542, 717]], [[541, 718]], [[540, 719]], [[539, 720]], [[538, 721]], [[537, 721]], [[536, 722]], [[535, 722]], [[534, 721]], [[534, 720]], [[534, 719]], [[533, 718]], [[532, 718]], [[531, 717]], [[530, 717]], [[529, 716]], [[528, 716]], [[527, 716]], [[526, 717]], [[525, 717]], [[524, 717]], [[523, 717]], [[522, 717]], [[521, 718]], [[520, 719]], [[520, 720]], [[519, 721]], [[518, 722]], [[517, 722]], [[516, 722]], [[515, 722]], [[514, 722]], [[513, 722]], [[512, 723]], [[511, 724]], [[510, 725]], [[509, 726]], [[508, 726]], [[507, 726]], [[506, 726]], [[505, 726]], [[504, 726]], [[503, 726]], [[502, 725]], [[502, 724]], [[502, 723]], [[502, 722]], [[501, 721]], [[500, 720]], [[499, 720]], [[498, 719]], [[497, 719]], [[496, 718]], [[495, 719]], [[494, 720]], [[493, 721]], [[493, 722]], [[492, 723]], [[491, 723]], [[490, 724]], [[489, 723]], [[488, 723]], [[487, 722]], [[486, 722]], [[485, 722]], [[484, 722]], [[483, 723]], [[482, 724]], [[481, 724]], [[481, 725]], [[480, 726]], [[479, 727]], [[478, 726]], [[477, 726]], [[476, 725]], [[475, 725]], [[474, 725]], [[473, 724]], [[473, 723]], [[473, 722]], [[473, 721]], [[473, 720]], [[472, 719]], [[472, 718]], [[473, 717]], [[473, 716]], [[473, 715]], [[472, 714]], [[473, 713]], [[473, 712]], [[474, 711]], [[475, 710]], [[475, 709]], [[475, 708]], [[476, 707]], [[476, 706]], [[477, 705]], [[478, 705]], [[478, 704]], [[478, 703]], [[478, 702]], [[479, 701]], [[479, 700]], [[480, 699]], [[480, 698]], [[480, 697]], [[480, 696]], [[480, 695]], [[480, 694]], [[480, 693]], [[481, 692]], [[481, 691]], [[481, 690]], [[482, 689]], [[482, 688]], [[482, 687]], [[481, 687]], [[480, 688]], [[480, 689]], [[480, 690]], [[479, 691]], [[478, 691]], [[477, 690]], [[476, 691]], [[475, 691]], [[474, 691]], [[474, 692]], [[473, 693]], [[472, 694]], [[471, 694]], [[470, 694]], [[469, 693]], [[470, 692]], [[471, 691]], [[472, 691]], [[472, 690]], [[473, 689]], [[473, 688]], [[474, 687]], [[474, 686]], [[475, 685]], [[476, 685]], [[477, 685]], [[478, 684]], [[478, 683]], [[478, 682]], [[479, 681]], [[480, 680]], [[481, 680]], [[482, 680]], [[483, 681]], [[483, 682]], [[483, 683]], [[484, 683]], [[484, 682]], [[485, 681]], [[486, 680]], [[487, 680]], [[488, 680]], [[489, 680]], [[490, 680]], [[491, 679]], [[492, 678]], [[493, 677]], [[494, 676]], [[494, 675]], [[495, 674]], [[495, 673]], [[495, 672]], [[495, 671]], [[496, 670]], [[496, 669]], [[496, 668]], [[496, 667]], [[496, 666]], [[497, 665]], [[498, 665]], [[498, 664]], [[498, 663]], [[498, 662]], [[498, 661]], [[498, 660]], [[498, 659]], [[498, 658]], [[498, 657]], [[498, 656]], [[498, 655]], [[499, 654]], [[500, 654]], [[501, 654]], [[502, 653]], [[502, 652]], [[502, 651]], [[503, 650]], [[504, 649]], [[504, 648]], [[503, 647]], [[503, 646]], [[503, 645]], [[503, 644]], [[502, 643]], [[502, 642]], [[501, 641]], [[500, 640]], [[499, 639]], [[498, 639]], [[497, 639]], [[496, 639]], [[495, 639]], [[494, 640]], [[493, 640]], [[492, 639]], [[491, 638]], [[491, 637]], [[490, 636]], [[490, 635]], [[489, 634]], [[489, 633]], [[488, 632]], [[487, 631]], [[487, 630]], [[486, 629]], [[486, 628]], [[486, 627]], [[485, 626]], [[485, 625]], [[484, 624]], [[484, 623]], [[483, 622]], [[483, 621]], [[482, 620]], [[482, 619]], [[481, 618]], [[480, 618]], [[479, 617]], [[478, 617]], [[477, 617]], [[476, 616]], [[475, 615]], [[476, 614]], [[477, 613]], [[478, 613]], [[479, 613]], [[480, 612]], [[481, 612]], [[482, 611]], [[483, 611]], [[483, 610]], [[484, 609]], [[485, 608]], [[486, 607]], [[487, 606]], [[487, 605]], [[487, 604]], [[487, 603]], [[486, 602]], [[486, 601]], [[485, 600]], [[484, 599]], [[484, 598]], [[484, 597]], [[483, 597]], [[482, 596]], [[481, 595]], [[480, 594]], [[479, 593]], [[478, 592]], [[477, 591]], [[476, 591]], [[475, 591]], [[474, 590]], [[473, 590]]]","[[], [[[431, 665], [430, 666], [429, 666], [428, 667], [428, 668], [428, 669], [429, 670], [428, 671], [428, 672], [427, 673], [426, 674], [425, 675], [425, 676], [425, 677], [424, 678], [425, 678], [426, 678], [426, 677], [426, 676], [427, 675], [428, 674], [429, 674], [430, 675], [431, 676], [431, 677], [432, 678], [431, 679], [430, 679], [430, 680], [430, 681], [431, 681], [431, 680], [432, 679], [433, 679], [434, 680], [435, 680], [435, 679], [434, 678], [434, 677], [433, 676], [432, 675], [431, 674], [430, 673], [430, 672], [429, 671], [429, 670], [429, 669], [430, 668], [431, 668], [432, 668], [433, 669], [433, 670], [433, 671], [434, 672], [435, 673], [436, 673], [437, 673], [437, 672], [437, 671], [436, 670], [435, 670], [434, 669], [433, 669], [432, 668], [432, 667], [431, 666]]], [[[452, 753], [451, 754], [450, 755], [449, 756], [449, 757], [448, 758], [448, 759], [448, 760], [448, 761], [447, 762], [446, 762], [445, 762], [444, 762], [443, 763], [442, 764], [441, 765], [440, 765], [439, 765], [438, 764], [437, 763], [436, 763], [435, 762], [434, 762], [434, 763], [433, 764], [433, 765], [433, 766], [433, 767], [434, 767], [435, 766], [436, 765], [437, 766], [437, 767], [437, 768], [437, 769], [437, 770], [437, 771], [438, 771], [439, 771], [440, 772], [439, 773], [439, 774], [438, 775], [439, 775], [440, 774], [441, 774], [441, 773], [441, 772], [441, 771], [442, 770], [442, 769], [442, 768], [442, 767], [441, 766], [442, 765], [443, 764], [444, 764], [445, 763], [446, 763], [447, 764], [448, 764], [449, 763], [449, 762], [449, 761], [449, 760], [450, 759], [451, 758], [451, 757], [451, 756], [451, 755], [452, 754]]], [[[505, 747], [504, 748], [504, 749], [505, 750], [505, 751], [505, 752], [505, 753], [505, 754], [505, 755], [504, 756], [504, 757], [504, 758], [504, 759], [505, 760], [506, 760], [507, 759], [508, 758], [509, 757], [510, 757], [511, 756], [512, 756], [512, 755], [512, 754], [512, 753], [512, 752], [512, 751], [511, 750], [511, 749], [511, 748], [511, 747], [510, 747], [509, 747], [508, 747], [507, 747], [506, 747]]]]","[[], 84, 85, 86]"
77,77,"[[[381, 576]], [[380, 577]], [[380, 578]], [[379, 579]], [[378, 580]], [[378, 581]], [[377, 582]], [[377, 583]], [[377, 584]], [[376, 585]], [[375, 586]], [[374, 587]], [[373, 588]], [[372, 589]], [[371, 590]], [[370, 591]], [[369, 591]], [[368, 591]], [[368, 592]], [[367, 593]], [[367, 594]], [[366, 595]], [[365, 596]], [[365, 597]], [[364, 598]], [[364, 599]], [[364, 600]], [[363, 601]], [[363, 602]], [[363, 603]], [[363, 604]], [[364, 605]], [[365, 605]], [[366, 605]], [[367, 605]], [[368, 605]], [[369, 606]], [[370, 607]], [[370, 608]], [[370, 607]], [[371, 606]], [[372, 606]], [[373, 606]], [[374, 606]], [[374, 605]], [[375, 604]], [[375, 603]], [[376, 602]], [[376, 601]], [[376, 600]], [[377, 599]], [[378, 598]], [[378, 597]], [[379, 596]], [[379, 595]], [[380, 594]], [[380, 593]], [[381, 592]], [[381, 591]], [[382, 590]], [[383, 591]], [[383, 592]], [[383, 593]], [[383, 594]], [[382, 595]], [[382, 596]], [[382, 597]], [[382, 598]], [[381, 599]], [[381, 600]], [[381, 601]], [[381, 602]], [[380, 603]], [[380, 604]], [[380, 605]], [[380, 606]], [[379, 607]], [[379, 608]], [[379, 609]], [[379, 610]], [[379, 611]], [[378, 612]], [[377, 613]], [[377, 614]], [[377, 615]], [[377, 616]], [[376, 617]], [[376, 618]], [[376, 619]], [[376, 620]], [[376, 621]], [[376, 622]], [[375, 623]], [[375, 624]], [[375, 625]], [[375, 626]], [[376, 627]], [[376, 628]], [[376, 629]], [[377, 629]], [[378, 630]], [[379, 631]], [[380, 631]], [[381, 632]], [[382, 631]], [[383, 631]], [[384, 632]], [[385, 632]], [[386, 633]], [[387, 633]], [[388, 633]], [[389, 632]], [[390, 632]], [[390, 631]], [[391, 630]], [[392, 629]], [[392, 628]], [[392, 627]], [[393, 626]], [[393, 625]], [[393, 624]], [[394, 623]], [[394, 622]], [[395, 621]], [[396, 620]], [[397, 620]], [[398, 620]], [[399, 620]], [[400, 620]], [[401, 620]], [[402, 620]], [[402, 619]], [[403, 618]], [[404, 617]], [[405, 616]], [[406, 615]], [[407, 614]], [[408, 613]], [[409, 612]], [[410, 611]], [[410, 610]], [[411, 609]], [[411, 608]], [[411, 607]], [[411, 606]], [[412, 605]], [[412, 604]], [[412, 603]], [[412, 602]], [[412, 601]], [[412, 600]], [[411, 599]], [[411, 598]], [[410, 597]], [[409, 596]], [[408, 596]], [[407, 595]], [[406, 595]], [[405, 596]], [[404, 596]], [[403, 596]], [[402, 595]], [[401, 594]], [[400, 593]], [[400, 592]], [[399, 592]], [[398, 592]], [[397, 591]], [[396, 590]], [[395, 589]], [[394, 588]], [[393, 588]], [[392, 588]], [[391, 588]], [[390, 588]], [[389, 588]], [[388, 587]], [[387, 587]], [[386, 587]], [[385, 588]], [[384, 589]], [[383, 589]], [[382, 588]], [[383, 587]], [[384, 586]], [[385, 585]], [[384, 585]], [[383, 585]], [[382, 584]], [[383, 583]], [[384, 582]], [[385, 582]], [[385, 581]], [[385, 580]], [[385, 579]], [[384, 579]], [[383, 578]], [[383, 577]], [[382, 576]]]","[[], [[[382, 591], [382, 592], [381, 593], [381, 594], [380, 595], [380, 596], [379, 597], [379, 598], [378, 599], [377, 600], [377, 601], [377, 602], [376, 603], [376, 604], [375, 605], [376, 606], [377, 606], [378, 607], [379, 606], [379, 605], [379, 604], [379, 603], [380, 602], [380, 601], [380, 600], [380, 599], [381, 598], [381, 597], [381, 596], [381, 595], [382, 594], [382, 593], [382, 592]]]]","[[], 87]"
78,78,"[[[271, 576]], [[270, 577]], [[269, 577]], [[268, 578]], [[267, 579]], [[267, 580]], [[266, 581]], [[265, 581]], [[264, 582]], [[263, 581]], [[262, 580]], [[262, 579]], [[262, 578]], [[261, 577]], [[260, 578]], [[259, 578]], [[258, 578]], [[257, 579]], [[256, 580]], [[255, 580]], [[254, 580]], [[253, 580]], [[252, 581]], [[251, 581]], [[250, 582]], [[250, 583]], [[249, 584]], [[249, 585]], [[249, 586]], [[248, 587]], [[248, 588]], [[248, 589]], [[248, 590]], [[248, 591]], [[249, 592]], [[250, 593]], [[251, 594]], [[252, 594]], [[253, 594]], [[254, 593]], [[255, 594]], [[255, 595]], [[255, 596]], [[256, 597]], [[257, 596]], [[258, 596]], [[259, 595]], [[260, 595]], [[261, 595]], [[262, 596]], [[263, 597]], [[263, 598]], [[263, 599]], [[264, 600]], [[265, 601]], [[265, 602]], [[266, 602]], [[267, 603]], [[268, 604]], [[269, 605]], [[270, 605]], [[271, 606]], [[272, 606]], [[273, 606]], [[274, 607]], [[275, 607]], [[276, 607]], [[277, 607]], [[278, 608]], [[279, 608]], [[280, 608]], [[281, 608]], [[282, 608]], [[283, 609]], [[284, 609]], [[285, 610]], [[286, 610]], [[287, 610]], [[288, 610]], [[289, 610]], [[290, 610]], [[291, 610]], [[292, 610]], [[293, 611]], [[294, 610]], [[295, 611]], [[296, 611]], [[297, 611]], [[298, 611]], [[299, 611]], [[300, 610]], [[301, 611]], [[302, 610]], [[303, 609]], [[304, 609]], [[305, 608]], [[305, 607]], [[306, 606]], [[306, 605]], [[307, 604]], [[307, 603]], [[307, 602]], [[307, 601]], [[308, 600]], [[309, 599]], [[310, 598]], [[311, 597]], [[311, 596]], [[311, 595]], [[312, 594]], [[312, 593]], [[312, 592]], [[313, 591]], [[313, 590]], [[312, 589]], [[312, 588]], [[312, 587]], [[311, 586]], [[311, 585]], [[310, 585]], [[309, 584]], [[308, 584]], [[307, 583]], [[306, 583]], [[305, 583]], [[304, 583]], [[303, 583]], [[302, 582]], [[301, 582]], [[300, 581]], [[299, 580]], [[298, 580]], [[297, 581]], [[296, 581]], [[295, 581]], [[294, 580]], [[294, 579]], [[295, 578]], [[294, 578]], [[293, 579]], [[292, 580]], [[291, 580]], [[290, 580]], [[289, 580]], [[288, 579]], [[287, 579]], [[286, 579]], [[285, 579]], [[284, 579]], [[283, 578]], [[282, 579]], [[281, 578]], [[281, 577]], [[280, 577]], [[279, 578]], [[278, 577]], [[277, 577]], [[276, 577]], [[275, 577]], [[274, 577]], [[273, 576]], [[272, 576]]]",[[]],[]
79,79,"[[[346, 570]], [[345, 571]], [[344, 571]], [[343, 571]], [[342, 571]], [[341, 572]], [[340, 572]], [[340, 573]], [[339, 574]], [[339, 575]], [[339, 576]], [[339, 577]], [[338, 578]], [[338, 579]], [[338, 580]], [[338, 581]], [[337, 582]], [[337, 583]], [[337, 584]], [[337, 585]], [[336, 586]], [[336, 587]], [[336, 588]], [[336, 589]], [[336, 590]], [[337, 591]], [[337, 592]], [[338, 593]], [[339, 594]], [[340, 595]], [[341, 596]], [[342, 597]], [[342, 598]], [[343, 598]], [[344, 598]], [[345, 599]], [[346, 598]], [[347, 598]], [[348, 599]], [[349, 598]], [[350, 597]], [[351, 596]], [[351, 595]], [[352, 594]], [[352, 593]], [[353, 592]], [[354, 591]], [[353, 590]], [[354, 589]], [[354, 588]], [[355, 587]], [[356, 587]], [[356, 586]], [[356, 585]], [[356, 584]], [[356, 583]], [[357, 582]], [[356, 581]], [[356, 580]], [[356, 579]], [[356, 578]], [[356, 577]], [[356, 576]], [[355, 575]], [[355, 574]], [[354, 573]], [[353, 573]], [[352, 573]], [[351, 572]], [[350, 571]], [[349, 571]], [[348, 571]], [[347, 570]]]",[[]],[]
80,80,"[[[621, 559]], [[620, 560]], [[619, 561]], [[618, 561]], [[617, 562]], [[616, 561]], [[615, 561]], [[614, 560]], [[613, 561]], [[612, 560]], [[611, 560]], [[610, 561]], [[609, 562]], [[608, 563]], [[607, 564]], [[606, 565]], [[606, 566]], [[606, 567]], [[606, 568]], [[606, 569]], [[606, 570]], [[606, 571]], [[607, 572]], [[607, 573]], [[607, 574]], [[607, 575]], [[607, 576]], [[606, 577]], [[605, 578]], [[605, 579]], [[604, 580]], [[603, 580]], [[602, 581]], [[601, 581]], [[600, 580]], [[599, 580]], [[598, 580]], [[597, 580]], [[596, 580]], [[595, 580]], [[594, 580]], [[593, 580]], [[592, 580]], [[591, 580]], [[590, 581]], [[589, 581]], [[588, 582]], [[588, 583]], [[587, 584]], [[587, 585]], [[587, 586]], [[586, 587]], [[586, 588]], [[586, 589]], [[586, 590]], [[586, 591]], [[586, 592]], [[586, 593]], [[585, 594]], [[585, 595]], [[586, 596]], [[586, 597]], [[586, 598]], [[586, 599]], [[586, 600]], [[586, 601]], [[586, 602]], [[586, 603]], [[586, 604]], [[586, 605]], [[587, 606]], [[587, 607]], [[588, 608]], [[589, 608]], [[590, 608]], [[591, 609]], [[592, 609]], [[593, 610]], [[594, 610]], [[595, 609]], [[596, 608]], [[597, 608]], [[598, 608]], [[599, 607]], [[600, 607]], [[601, 606]], [[601, 605]], [[601, 604]], [[602, 603]], [[603, 602]], [[604, 601]], [[605, 602]], [[605, 603]], [[605, 604]], [[605, 605]], [[605, 606]], [[606, 607]], [[606, 608]], [[606, 609]], [[607, 610]], [[607, 611]], [[607, 612]], [[607, 613]], [[608, 614]], [[608, 615]], [[608, 616]], [[608, 617]], [[608, 618]], [[608, 619]], [[609, 620]], [[610, 620]], [[611, 621]], [[612, 622]], [[613, 623]], [[613, 624]], [[614, 624]], [[615, 624]], [[616, 625]], [[617, 626]], [[618, 627]], [[618, 628]], [[619, 629]], [[618, 630]], [[617, 631]], [[616, 632]], [[616, 633]], [[615, 634]], [[615, 635]], [[614, 636]], [[614, 637]], [[613, 638]], [[613, 639]], [[612, 640]], [[612, 641]], [[611, 642]], [[610, 643]], [[610, 644]], [[610, 645]], [[610, 646]], [[609, 647]], [[609, 648]], [[609, 649]], [[609, 650]], [[609, 651]], [[610, 652]], [[611, 653]], [[611, 654]], [[611, 655]], [[612, 656]], [[613, 657]], [[614, 658]], [[615, 659]], [[616, 660]], [[617, 661]], [[617, 662]], [[618, 663]], [[619, 663]], [[620, 664]], [[621, 664]], [[622, 665]], [[623, 665]], [[624, 665]], [[625, 664]], [[626, 664]], [[627, 665]], [[628, 666]], [[629, 665]], [[630, 664]], [[631, 664]], [[632, 663]], [[632, 662]], [[632, 661]], [[633, 660]], [[633, 659]], [[633, 658]], [[633, 657]], [[634, 656]], [[634, 655]], [[635, 654]], [[635, 653]], [[635, 652]], [[636, 651]], [[636, 650]], [[636, 649]], [[636, 648]], [[637, 647]], [[637, 646]], [[638, 645]], [[638, 644]], [[638, 643]], [[639, 642]], [[639, 641]], [[640, 640]], [[640, 639]], [[640, 638]], [[640, 637]], [[641, 636]], [[641, 635]], [[641, 634]], [[642, 633]], [[643, 632]], [[644, 632]], [[645, 632]], [[646, 631]], [[646, 630]], [[646, 629]], [[646, 628]], [[646, 627]], [[647, 626]], [[648, 626]], [[648, 625]], [[649, 624]], [[650, 623]], [[650, 622]], [[649, 621]], [[649, 620]], [[650, 619]], [[649, 619]], [[648, 618]], [[648, 617]], [[648, 616]], [[649, 615]], [[650, 614]], [[651, 614]], [[652, 614]], [[653, 613]], [[654, 613]], [[655, 614]], [[656, 613]], [[657, 612]], [[658, 613]], [[659, 613]], [[660, 613]], [[661, 613]], [[662, 613]], [[663, 614]], [[664, 614]], [[665, 614]], [[666, 614]], [[667, 613]], [[668, 612]], [[669, 613]], [[670, 613]], [[671, 614]], [[672, 614]], [[673, 615]], [[673, 616]], [[673, 617]], [[673, 618]], [[672, 619]], [[672, 620]], [[671, 621]], [[670, 622]], [[670, 623]], [[670, 624]], [[670, 625]], [[670, 626]], [[669, 627]], [[668, 627]], [[667, 627]], [[667, 628]], [[666, 629]], [[666, 630]], [[665, 631]], [[665, 632]], [[665, 633]], [[665, 634]], [[665, 635]], [[665, 636]], [[664, 637]], [[664, 638]], [[663, 639]], [[662, 640]], [[661, 641]], [[660, 640]], [[659, 640]], [[658, 641]], [[657, 641]], [[657, 642]], [[656, 643]], [[655, 643]], [[655, 644]], [[655, 645]], [[656, 646]], [[657, 647]], [[657, 648]], [[657, 649]], [[657, 650]], [[658, 651]], [[658, 652]], [[658, 653]], [[658, 654]], [[658, 655]], [[658, 656]], [[658, 657]], [[659, 658]], [[660, 659]], [[661, 659]], [[662, 659]], [[663, 659]], [[664, 660]], [[665, 660]], [[666, 661]], [[667, 661]], [[668, 662]], [[669, 662]], [[670, 663]], [[671, 663]], [[672, 664]], [[673, 664]], [[674, 665]], [[675, 665]], [[676, 665]], [[677, 665]], [[678, 665]], [[679, 665]], [[680, 664]], [[681, 663]], [[681, 662]], [[682, 661]], [[683, 660]], [[684, 659]], [[684, 658]], [[685, 657]], [[685, 656]], [[686, 655]], [[686, 654]], [[686, 653]], [[686, 652]], [[687, 651]], [[687, 650]], [[687, 649]], [[688, 648]], [[688, 647]], [[688, 646]], [[688, 645]], [[689, 644]], [[689, 643]], [[689, 642]], [[689, 641]], [[689, 640]], [[689, 639]], [[688, 638]], [[688, 637]], [[688, 636]], [[688, 635]], [[688, 634]], [[688, 633]], [[687, 632]], [[686, 631]], [[686, 630]], [[686, 629]], [[685, 628]], [[685, 627]], [[685, 626]], [[684, 625]], [[684, 624]], [[684, 623]], [[683, 622]], [[682, 621]], [[682, 620]], [[681, 620]], [[680, 619]], [[679, 618]], [[678, 618]], [[677, 618]], [[676, 618]], [[675, 618]], [[674, 618]], [[673, 617]], [[673, 616]], [[674, 615]], [[675, 615]], [[676, 615]], [[677, 614]], [[678, 615]], [[679, 615]], [[680, 615]], [[681, 615]], [[682, 615]], [[683, 616]], [[684, 616]], [[685, 616]], [[686, 616]], [[687, 616]], [[688, 616]], [[689, 616]], [[690, 616]], [[691, 616]], [[692, 615]], [[693, 615]], [[693, 614]], [[693, 613]], [[693, 612]], [[693, 611]], [[693, 610]], [[693, 609]], [[693, 608]], [[693, 607]], [[692, 606]], [[692, 605]], [[691, 604]], [[691, 603]], [[690, 602]], [[690, 601]], [[690, 600]], [[690, 599]], [[690, 598]], [[690, 597]], [[690, 596]], [[689, 595]], [[690, 594]], [[690, 593]], [[690, 592]], [[690, 591]], [[689, 590]], [[688, 589]], [[688, 588]], [[687, 587]], [[686, 586]], [[685, 585]], [[684, 584]], [[684, 583]], [[683, 582]], [[683, 581]], [[682, 580]], [[682, 579]], [[681, 578]], [[680, 577]], [[680, 576]], [[679, 576]], [[678, 577]], [[677, 577]], [[676, 577]], [[675, 577]], [[674, 576]], [[673, 576]], [[672, 576]], [[671, 576]], [[670, 576]], [[669, 577]], [[668, 577]], [[667, 577]], [[666, 576]], [[665, 576]], [[664, 576]], [[663, 576]], [[662, 576]], [[661, 577]], [[660, 577]], [[659, 578]], [[658, 578]], [[657, 579]], [[656, 579]], [[656, 580]], [[655, 581]], [[654, 581]], [[653, 581]], [[652, 581]], [[651, 581]], [[650, 582]], [[650, 583]], [[649, 584]], [[649, 585]], [[648, 586]], [[648, 587]], [[647, 588]], [[646, 587]], [[645, 586]], [[645, 585]], [[644, 584]], [[644, 583]], [[644, 582]], [[643, 581]], [[642, 580]], [[641, 580]], [[640, 580]], [[639, 580]], [[638, 580]], [[637, 580]], [[636, 581]], [[635, 581]], [[634, 581]], [[633, 581]], [[632, 580]], [[632, 581]], [[631, 582]], [[630, 583]], [[629, 583]], [[628, 582]], [[628, 581]], [[627, 580]], [[627, 579]], [[627, 578]], [[627, 577]], [[627, 576]], [[627, 575]], [[626, 574]], [[627, 573]], [[628, 573]], [[629, 573]], [[630, 573]], [[631, 572]], [[631, 571]], [[631, 570]], [[631, 569]], [[631, 568]], [[631, 567]], [[630, 566]], [[630, 565]], [[630, 564]], [[629, 563]], [[629, 562]], [[628, 561]], [[627, 560]], [[626, 559]], [[625, 559]], [[624, 559]], [[623, 559]], [[622, 559]]]","[[], [[[677, 615], [676, 616], [675, 616], [674, 616], [674, 617], [675, 617], [676, 617], [677, 617], [678, 617], [679, 617], [680, 618], [681, 619], [682, 619], [683, 620], [683, 621], [684, 622], [685, 623], [686, 622], [686, 621], [685, 621], [684, 620], [684, 619], [684, 618], [684, 617], [683, 617], [682, 616], [681, 616], [680, 616], [679, 616], [678, 616]]], [[[678, 666], [677, 667], [678, 668], [678, 669], [679, 669], [680, 669], [681, 669], [682, 668], [683, 668], [684, 668], [685, 668], [686, 668], [687, 668], [688, 668], [689, 668], [690, 669], [691, 669], [692, 669], [693, 670], [692, 669], [692, 668], [691, 667], [691, 666], [690, 667], [689, 668], [688, 668], [687, 667], [686, 667], [685, 667], [684, 667], [683, 668], [682, 668], [681, 668], [680, 668], [679, 667]]]]","[[], 88, 89]"
81,81,"[[[427, 556]], [[426, 557]], [[425, 557]], [[424, 557]], [[423, 557]], [[422, 558]], [[421, 558]], [[420, 559]], [[419, 560]], [[419, 561]], [[419, 562]], [[418, 563]], [[417, 563]], [[416, 564]], [[416, 565]], [[416, 566]], [[415, 567]], [[415, 568]], [[415, 569]], [[416, 570]], [[416, 571]], [[416, 572]], [[416, 573]], [[417, 574]], [[417, 575]], [[417, 576]], [[418, 577]], [[418, 578]], [[419, 579]], [[420, 580]], [[420, 581]], [[421, 582]], [[422, 583]], [[423, 583]], [[424, 584]], [[425, 585]], [[426, 585]], [[427, 585]], [[428, 585]], [[429, 585]], [[430, 586]], [[431, 586]], [[432, 585]], [[433, 585]], [[434, 584]], [[435, 583]], [[436, 582]], [[437, 581]], [[438, 581]], [[438, 580]], [[439, 579]], [[439, 578]], [[440, 577]], [[440, 576]], [[441, 575]], [[441, 574]], [[442, 573]], [[442, 572]], [[442, 571]], [[442, 570]], [[443, 569]], [[443, 568]], [[443, 567]], [[442, 566]], [[442, 565]], [[441, 564]], [[441, 563]], [[440, 562]], [[439, 562]], [[438, 561]], [[437, 560]], [[436, 559]], [[436, 558]], [[435, 558]], [[434, 557]], [[433, 557]], [[432, 557]], [[431, 556]], [[430, 556]], [[429, 556]], [[428, 556]]]",[[]],[]
82,82,"[[[134, 556]], [[133, 557]], [[132, 557]], [[131, 558]], [[130, 558]], [[129, 559]], [[128, 560]], [[128, 561]], [[127, 562]], [[127, 563]], [[127, 564]], [[126, 565]], [[125, 566]], [[124, 566]], [[123, 567]], [[122, 568]], [[121, 569]], [[120, 570]], [[120, 571]], [[119, 572]], [[118, 572]], [[118, 573]], [[117, 574]], [[116, 575]], [[116, 576]], [[115, 577]], [[115, 578]], [[115, 579]], [[114, 580]], [[114, 581]], [[113, 582]], [[113, 583]], [[113, 584]], [[113, 585]], [[112, 586]], [[112, 587]], [[112, 588]], [[112, 589]], [[112, 590]], [[113, 591]], [[113, 592]], [[114, 593]], [[115, 594]], [[116, 595]], [[117, 595]], [[118, 596]], [[119, 597]], [[120, 597]], [[121, 598]], [[122, 598]], [[123, 598]], [[124, 598]], [[125, 598]], [[126, 597]], [[127, 597]], [[128, 596]], [[129, 596]], [[130, 595]], [[131, 594]], [[131, 593]], [[132, 592]], [[133, 592]], [[134, 591]], [[134, 590]], [[135, 589]], [[136, 588]], [[137, 587]], [[138, 586]], [[139, 585]], [[139, 584]], [[140, 583]], [[140, 582]], [[141, 581]], [[142, 580]], [[143, 579]], [[144, 578]], [[145, 578]], [[146, 579]], [[146, 578]], [[147, 577]], [[147, 576]], [[148, 575]], [[148, 574]], [[148, 573]], [[148, 572]], [[148, 571]], [[148, 570]], [[148, 569]], [[147, 568]], [[147, 567]], [[147, 566]], [[146, 566]], [[145, 565]], [[145, 564]], [[144, 563]], [[143, 562]], [[142, 561]], [[141, 561]], [[140, 560]], [[139, 560]], [[138, 559]], [[137, 558]], [[136, 557]], [[135, 557]]]","[[], [[[151, 575], [150, 576], [149, 576], [149, 577], [148, 578], [148, 579], [147, 580], [147, 581], [147, 582], [147, 583], [147, 584], [147, 585], [147, 584], [147, 583], [148, 582], [149, 583], [150, 583], [151, 582], [151, 581], [151, 580], [152, 579], [153, 580], [154, 581], [154, 582], [154, 583], [154, 584], [154, 585], [155, 585], [155, 584], [155, 583], [155, 582], [155, 581], [154, 580], [154, 579], [153, 578], [153, 577], [153, 576], [153, 575], [152, 575]]]]","[[], 90]"
83,83,"[[[702, 534]], [[701, 535]], [[701, 536]], [[701, 537]], [[700, 538]], [[700, 539]], [[700, 540]], [[699, 541]], [[698, 541]], [[697, 542]], [[696, 542]], [[695, 542]], [[694, 543]], [[693, 544]], [[692, 544]], [[691, 544]], [[690, 544]], [[689, 544]], [[688, 543]], [[688, 542]], [[687, 542]], [[686, 542]], [[685, 542]], [[684, 542]], [[684, 543]], [[683, 544]], [[683, 545]], [[683, 546]], [[683, 547]], [[683, 548]], [[683, 549]], [[683, 550]], [[682, 551]], [[681, 551]], [[680, 552]], [[680, 553]], [[680, 554]], [[681, 555]], [[682, 556]], [[682, 557]], [[683, 558]], [[683, 559]], [[684, 560]], [[685, 561]], [[686, 561]], [[687, 561]], [[688, 561]], [[689, 561]], [[690, 561]], [[691, 560]], [[692, 559]], [[693, 559]], [[694, 558]], [[695, 558]], [[695, 557]], [[696, 556]], [[697, 555]], [[697, 554]], [[697, 553]], [[698, 552]], [[699, 551]], [[700, 551]], [[701, 550]], [[702, 550]], [[702, 549]], [[702, 548]], [[702, 547]], [[702, 546]], [[703, 545]], [[704, 544]], [[703, 543]], [[702, 542]], [[703, 541]], [[703, 540]], [[703, 539]], [[704, 538]], [[705, 537]], [[705, 536]], [[705, 535]], [[704, 534]], [[703, 534]]]",[[]],[]
84,84,"[[[808, 523]], [[807, 524]], [[806, 524]], [[805, 525]], [[804, 526]], [[803, 526]], [[803, 527]], [[802, 528]], [[801, 529]], [[800, 530]], [[799, 531]], [[800, 532]], [[801, 533]], [[802, 533]], [[803, 533]], [[804, 534]], [[805, 534]], [[806, 534]], [[807, 533]], [[807, 532]], [[808, 531]], [[808, 530]], [[809, 529]], [[810, 530]], [[810, 531]], [[811, 532]], [[812, 532]], [[812, 531]], [[812, 530]], [[812, 529]], [[813, 528]], [[813, 527]], [[812, 526]], [[812, 525]], [[811, 524]], [[810, 523]], [[809, 523]]]",[],[]
85,85,"[[[473, 517]], [[472, 518]], [[472, 519]], [[471, 520]], [[471, 521]], [[470, 522]], [[469, 523]], [[468, 524]], [[468, 525]], [[468, 526]], [[468, 527]], [[467, 528]], [[467, 529]], [[467, 530]], [[466, 531]], [[467, 532]], [[467, 533]], [[466, 534]], [[466, 535]], [[466, 536]], [[466, 537]], [[466, 538]], [[466, 539]], [[465, 540]], [[465, 541]], [[465, 542]], [[465, 543]], [[465, 544]], [[465, 545]], [[465, 546]], [[465, 547]], [[465, 548]], [[465, 549]], [[465, 550]], [[466, 551]], [[465, 552]], [[465, 553]], [[464, 554]], [[463, 555]], [[462, 556]], [[462, 557]], [[462, 558]], [[462, 559]], [[462, 560]], [[462, 561]], [[462, 562]], [[462, 563]], [[462, 564]], [[463, 565]], [[464, 565]], [[465, 566]], [[466, 566]], [[467, 566]], [[468, 567]], [[469, 567]], [[470, 567]], [[471, 567]], [[472, 567]], [[473, 567]], [[474, 566]], [[475, 566]], [[476, 566]], [[477, 566]], [[478, 565]], [[479, 565]], [[480, 564]], [[481, 564]], [[482, 563]], [[482, 562]], [[483, 561]], [[483, 560]], [[484, 559]], [[485, 559]], [[486, 558]], [[487, 557]], [[488, 556]], [[489, 556]], [[490, 555]], [[491, 554]], [[491, 553]], [[491, 552]], [[492, 551]], [[492, 550]], [[493, 549]], [[494, 549]], [[494, 548]], [[494, 547]], [[494, 546]], [[494, 545]], [[494, 544]], [[495, 543]], [[495, 542]], [[495, 541]], [[495, 540]], [[495, 539]], [[495, 538]], [[495, 537]], [[495, 536]], [[494, 535]], [[494, 534]], [[494, 533]], [[493, 532]], [[492, 532]], [[491, 531]], [[490, 530]], [[489, 529]], [[488, 529]], [[487, 528]], [[486, 527]], [[485, 526]], [[484, 526]], [[483, 526]], [[482, 525]], [[482, 524]], [[481, 523]], [[480, 523]], [[479, 522]], [[479, 521]], [[478, 520]], [[477, 520]], [[476, 519]], [[475, 518]], [[474, 518]]]","[[[[470, 512], [469, 513], [470, 514], [470, 515], [469, 516], [468, 517], [467, 517], [467, 518], [467, 519], [467, 520], [468, 521], [468, 522], [469, 522], [470, 521], [470, 520], [471, 519], [471, 518], [471, 517], [471, 516], [472, 515], [473, 514], [474, 514], [475, 514], [474, 514], [473, 514], [472, 514], [471, 513]]], [[[462, 523], [462, 524], [462, 525], [461, 526], [460, 526], [459, 526], [458, 526], [459, 527], [459, 528], [459, 529], [459, 530], [460, 531], [460, 532], [461, 531], [462, 530], [463, 531], [464, 531], [465, 531], [465, 530], [466, 529], [466, 528], [467, 527], [467, 526], [466, 525], [465, 524], [464, 524], [463, 523]]], []]","[91, 92, []]"
86,86,"[[[105, 509]], [[104, 510]], [[103, 510]], [[102, 511]], [[101, 511]], [[100, 511]], [[99, 512]], [[98, 513]], [[97, 514]], [[97, 515]], [[96, 516]], [[96, 517]], [[95, 518]], [[95, 519]], [[95, 520]], [[95, 521]], [[96, 522]], [[96, 523]], [[96, 524]], [[97, 525]], [[98, 525]], [[99, 526]], [[100, 526]], [[101, 526]], [[102, 525]], [[103, 525]], [[104, 525]], [[105, 524]], [[106, 524]], [[107, 523]], [[108, 522]], [[108, 521]], [[109, 520]], [[109, 519]], [[109, 518]], [[110, 517]], [[109, 516]], [[109, 515]], [[110, 514]], [[109, 513]], [[108, 512]], [[107, 511]], [[107, 510]], [[106, 509]]]",[[]],[]
87,87,"[[[284, 508]], [[284, 509]], [[283, 510]], [[283, 511]], [[283, 512]], [[283, 513]], [[282, 514]], [[281, 515]], [[281, 516]], [[282, 516]], [[283, 517]], [[284, 518]], [[283, 519]], [[283, 520]], [[282, 521]], [[281, 522]], [[280, 522]], [[279, 521]], [[278, 520]], [[277, 520]], [[276, 521]], [[276, 522]], [[275, 523]], [[275, 524]], [[275, 525]], [[274, 526]], [[274, 527]], [[273, 528]], [[273, 529]], [[273, 530]], [[273, 531]], [[273, 532]], [[273, 533]], [[273, 534]], [[274, 535]], [[274, 536]], [[273, 537]], [[273, 538]], [[273, 539]], [[274, 540]], [[274, 541]], [[274, 542]], [[274, 543]], [[274, 544]], [[274, 545]], [[274, 546]], [[274, 547]], [[274, 548]], [[274, 549]], [[274, 550]], [[275, 551]], [[275, 552]], [[276, 553]], [[277, 553]], [[278, 553]], [[279, 552]], [[280, 551]], [[281, 552]], [[282, 552]], [[283, 552]], [[284, 552]], [[285, 553]], [[286, 553]], [[287, 554]], [[288, 554]], [[289, 554]], [[290, 554]], [[291, 555]], [[292, 555]], [[293, 556]], [[294, 557]], [[295, 557]], [[296, 557]], [[297, 558]], [[298, 558]], [[299, 559]], [[300, 560]], [[301, 560]], [[302, 561]], [[303, 560]], [[304, 560]], [[305, 559]], [[306, 560]], [[307, 561]], [[308, 561]], [[309, 560]], [[310, 559]], [[311, 560]], [[312, 559]], [[313, 559]], [[313, 558]], [[314, 557]], [[314, 556]], [[315, 555]], [[316, 554]], [[316, 553]], [[316, 552]], [[317, 551]], [[317, 550]], [[317, 549]], [[317, 548]], [[317, 547]], [[317, 546]], [[317, 545]], [[317, 544]], [[317, 543]], [[317, 542]], [[317, 541]], [[317, 540]], [[317, 539]], [[316, 538]], [[316, 537]], [[316, 536]], [[316, 535]], [[316, 534]], [[316, 533]], [[315, 532]], [[315, 531]], [[315, 530]], [[314, 529]], [[314, 528]], [[314, 527]], [[314, 526]], [[314, 525]], [[314, 524]], [[314, 523]], [[313, 522]], [[313, 521]], [[312, 520]], [[311, 519]], [[310, 518]], [[310, 517]], [[309, 516]], [[308, 515]], [[307, 515]], [[306, 514]], [[306, 513]], [[305, 512]], [[304, 511]], [[303, 510]], [[302, 510]], [[301, 510]], [[300, 510]], [[299, 510]], [[298, 511]], [[297, 512]], [[296, 512]], [[295, 512]], [[295, 513]], [[294, 514]], [[294, 515]], [[293, 516]], [[293, 517]], [[293, 518]], [[293, 519]], [[293, 520]], [[293, 521]], [[292, 522]], [[291, 523]], [[290, 524]], [[289, 523]], [[288, 522]], [[287, 521]], [[286, 520]], [[286, 519]], [[286, 518]], [[286, 517]], [[286, 516]], [[286, 515]], [[286, 514]], [[287, 513]], [[287, 512]], [[287, 511]], [[287, 510]], [[286, 509]], [[286, 508]], [[285, 508]]]",[[]],[]
88,88,"[[[662, 506]], [[661, 507]], [[661, 508]], [[662, 509]], [[661, 510]], [[661, 511]], [[661, 512]], [[660, 513]], [[659, 514]], [[658, 515]], [[657, 516]], [[656, 517]], [[655, 518]], [[654, 519]], [[653, 520]], [[653, 521]], [[652, 522]], [[652, 523]], [[652, 524]], [[652, 525]], [[651, 526]], [[651, 527]], [[651, 528]], [[650, 529]], [[650, 530]], [[650, 531]], [[650, 532]], [[650, 533]], [[650, 534]], [[650, 535]], [[650, 536]], [[651, 537]], [[651, 538]], [[652, 538]], [[653, 539]], [[654, 539]], [[655, 539]], [[656, 540]], [[657, 540]], [[658, 540]], [[659, 540]], [[660, 539]], [[661, 539]], [[662, 538]], [[663, 538]], [[664, 538]], [[665, 538]], [[666, 537]], [[667, 537]], [[668, 537]], [[669, 536]], [[670, 536]], [[671, 535]], [[672, 535]], [[673, 534]], [[673, 533]], [[673, 532]], [[673, 531]], [[673, 530]], [[673, 529]], [[673, 528]], [[673, 527]], [[672, 526]], [[672, 525]], [[672, 524]], [[672, 523]], [[672, 522]], [[671, 521]], [[671, 520]], [[671, 519]], [[670, 518]], [[670, 517]], [[670, 516]], [[670, 515]], [[669, 514]], [[669, 513]], [[669, 512]], [[669, 511]], [[668, 510]], [[667, 510]], [[666, 510]], [[665, 510]], [[664, 509]], [[664, 508]], [[663, 507]], [[664, 506]], [[663, 506]]]",[[]],[]
89,89,"[[[425, 506]], [[424, 507]], [[423, 507]], [[423, 508]], [[422, 509]], [[421, 510]], [[421, 511]], [[420, 512]], [[419, 513]], [[419, 514]], [[418, 515]], [[418, 516]], [[418, 517]], [[419, 518]], [[419, 519]], [[420, 520]], [[420, 521]], [[421, 522]], [[422, 523]], [[423, 524]], [[424, 524]], [[425, 525]], [[425, 526]], [[425, 527]], [[425, 528]], [[424, 529]], [[423, 530]], [[422, 530]], [[421, 530]], [[420, 529]], [[419, 529]], [[418, 530]], [[418, 531]], [[417, 532]], [[417, 533]], [[416, 534]], [[416, 535]], [[416, 536]], [[416, 537]], [[416, 538]], [[416, 539]], [[416, 540]], [[417, 541]], [[418, 541]], [[419, 541]], [[420, 541]], [[421, 542]], [[422, 542]], [[423, 542]], [[424, 542]], [[425, 543]], [[426, 543]], [[427, 544]], [[427, 545]], [[427, 546]], [[428, 547]], [[429, 547]], [[430, 548]], [[431, 548]], [[432, 548]], [[433, 549]], [[434, 549]], [[435, 550]], [[436, 551]], [[437, 552]], [[438, 552]], [[439, 552]], [[440, 552]], [[441, 553]], [[442, 553]], [[443, 553]], [[444, 553]], [[445, 552]], [[446, 552]], [[447, 551]], [[448, 550]], [[449, 550]], [[450, 549]], [[450, 548]], [[451, 547]], [[452, 546]], [[452, 545]], [[452, 544]], [[453, 543]], [[454, 543]], [[455, 542]], [[456, 541]], [[456, 540]], [[456, 539]], [[456, 538]], [[456, 537]], [[457, 536]], [[458, 535]], [[458, 534]], [[458, 533]], [[458, 532]], [[458, 531]], [[458, 530]], [[458, 529]], [[457, 528]], [[456, 528]], [[455, 529]], [[454, 529]], [[453, 529]], [[452, 530]], [[451, 530]], [[450, 529]], [[449, 529]], [[448, 528]], [[447, 528]], [[446, 527]], [[446, 526]], [[446, 525]], [[445, 524]], [[445, 523]], [[445, 522]], [[445, 521]], [[445, 520]], [[445, 519]], [[444, 518]], [[443, 517]], [[442, 517]], [[441, 517]], [[440, 516]], [[439, 516]], [[438, 515]], [[437, 514]], [[436, 513]], [[435, 512]], [[434, 511]], [[434, 510]], [[433, 509]], [[433, 508]], [[432, 507]], [[431, 506]], [[430, 506]], [[429, 506]], [[428, 506]], [[427, 506]], [[426, 506]]]","[[], [[[462, 523], [462, 524], [462, 525], [461, 526], [460, 526], [459, 526], [458, 526], [459, 527], [459, 528], [459, 529], [459, 530], [460, 531], [460, 532], [461, 531], [462, 530], [463, 531], [464, 531], [465, 531], [465, 530], [466, 529], [466, 528], [467, 527], [467, 526], [466, 525], [465, 524], [464, 524], [463, 523]]]]","[[], 92]"
90,90,"[[[633, 504]], [[632, 505]], [[631, 505]], [[630, 505]], [[629, 506]], [[628, 506]], [[627, 506]], [[627, 507]], [[626, 508]], [[625, 508]], [[624, 509]], [[623, 509]], [[623, 510]], [[622, 511]], [[621, 512]], [[620, 513]], [[619, 514]], [[619, 515]], [[618, 516]], [[618, 517]], [[618, 518]], [[618, 519]], [[618, 520]], [[618, 521]], [[618, 522]], [[618, 523]], [[618, 524]], [[618, 525]], [[617, 526]], [[616, 527]], [[615, 528]], [[615, 529]], [[614, 530]], [[614, 531]], [[614, 532]], [[614, 533]], [[614, 534]], [[615, 535]], [[616, 535]], [[617, 536]], [[618, 537]], [[618, 538]], [[619, 538]], [[620, 539]], [[621, 540]], [[621, 541]], [[622, 542]], [[622, 543]], [[623, 544]], [[624, 545]], [[625, 546]], [[626, 547]], [[627, 548]], [[628, 548]], [[629, 549]], [[630, 549]], [[631, 548]], [[632, 548]], [[633, 547]], [[634, 546]], [[635, 545]], [[635, 544]], [[636, 543]], [[637, 542]], [[638, 541]], [[638, 540]], [[639, 539]], [[639, 538]], [[640, 537]], [[641, 536]], [[642, 535]], [[642, 534]], [[642, 533]], [[642, 532]], [[643, 531]], [[643, 530]], [[643, 529]], [[643, 528]], [[642, 527]], [[642, 526]], [[641, 525]], [[640, 524]], [[639, 523]], [[638, 522]], [[638, 521]], [[638, 520]], [[638, 519]], [[638, 518]], [[639, 517]], [[640, 517]], [[641, 516]], [[642, 515]], [[643, 515]], [[644, 516]], [[645, 515]], [[646, 514]], [[646, 513]], [[646, 512]], [[647, 511]], [[647, 510]], [[646, 509]], [[646, 508]], [[645, 507]], [[644, 506]], [[643, 506]], [[642, 505]], [[641, 505]], [[640, 504]], [[639, 504]], [[638, 504]], [[637, 504]], [[636, 504]], [[635, 504]], [[634, 504]]]","[[[[621, 496], [620, 497], [620, 498], [620, 499], [619, 500], [620, 500], [621, 500], [622, 500], [623, 500], [624, 501], [625, 502], [625, 503], [626, 504], [626, 505], [627, 505], [628, 505], [628, 504], [628, 503], [627, 503], [626, 502], [625, 502], [624, 501], [624, 500], [623, 499], [623, 498], [623, 497], [623, 496], [622, 496]]], []]","[94, []]"
91,91,"[[[321, 480]], [[321, 481]], [[321, 482]], [[320, 483]], [[319, 484]], [[319, 485]], [[318, 486]], [[317, 486]], [[317, 487]], [[316, 488]], [[315, 489]], [[315, 490]], [[314, 491]], [[314, 492]], [[314, 493]], [[314, 494]], [[314, 495]], [[313, 496]], [[313, 497]], [[313, 498]], [[313, 499]], [[314, 500]], [[314, 501]], [[314, 502]], [[314, 503]], [[314, 504]], [[314, 505]], [[314, 506]], [[314, 507]], [[313, 508]], [[314, 509]], [[314, 510]], [[314, 511]], [[315, 511]], [[316, 511]], [[317, 512]], [[318, 513]], [[318, 514]], [[319, 515]], [[320, 515]], [[321, 516]], [[322, 516]], [[323, 517]], [[324, 517]], [[325, 516]], [[326, 516]], [[327, 515]], [[327, 514]], [[328, 513]], [[328, 512]], [[328, 511]], [[328, 510]], [[328, 509]], [[328, 508]], [[328, 507]], [[328, 506]], [[328, 505]], [[328, 504]], [[328, 503]], [[328, 502]], [[328, 501]], [[329, 500]], [[330, 499]], [[330, 498]], [[329, 497]], [[329, 496]], [[329, 495]], [[328, 494]], [[328, 493]], [[329, 492]], [[329, 491]], [[330, 490]], [[330, 489]], [[330, 488]], [[331, 487]], [[331, 486]], [[330, 486]], [[329, 486]], [[328, 485]], [[327, 484]], [[327, 483]], [[326, 482]], [[326, 481]], [[325, 480]], [[324, 480]], [[323, 480]], [[322, 480]]]","[[], [[[307, 499], [306, 500], [306, 501], [307, 502], [307, 503], [307, 504], [307, 505], [308, 506], [309, 506], [309, 505], [309, 504], [310, 503], [311, 504], [311, 505], [312, 506], [312, 507], [313, 507], [313, 506], [313, 505], [313, 504], [313, 503], [312, 502], [311, 502], [310, 501], [309, 500], [308, 499]]]]","[[], 95]"
92,92,"[[[694, 476]], [[693, 477]], [[692, 477]], [[691, 477]], [[690, 477]], [[689, 477]], [[688, 477]], [[687, 477]], [[687, 478]], [[687, 479]], [[687, 480]], [[687, 481]], [[687, 482]], [[688, 482]], [[689, 483]], [[689, 484]], [[690, 485]], [[691, 486]], [[691, 487]], [[692, 487]], [[693, 487]], [[694, 487]], [[695, 487]], [[696, 487]], [[697, 487]], [[698, 487]], [[699, 486]], [[700, 486]], [[701, 485]], [[702, 485]], [[702, 484]], [[702, 483]], [[702, 482]], [[702, 481]], [[702, 480]], [[702, 479]], [[701, 478]], [[700, 478]], [[699, 478]], [[698, 477]], [[697, 476]], [[696, 476]], [[695, 476]]]",[[]],[]
93,93,"[[[743, 475]], [[742, 476]], [[741, 476]], [[740, 476]], [[739, 477]], [[738, 477]], [[737, 478]], [[736, 479]], [[735, 480]], [[734, 481]], [[733, 481]], [[732, 482]], [[731, 482]], [[730, 482]], [[729, 482]], [[728, 483]], [[727, 483]], [[727, 484]], [[726, 485]], [[725, 486]], [[724, 487]], [[724, 488]], [[723, 489]], [[723, 490]], [[723, 491]], [[722, 492]], [[723, 493]], [[723, 494]], [[723, 495]], [[724, 496]], [[724, 497]], [[725, 498]], [[726, 498]], [[727, 499]], [[728, 499]], [[729, 499]], [[730, 500]], [[731, 500]], [[732, 500]], [[733, 499]], [[734, 499]], [[735, 499]], [[736, 499]], [[737, 499]], [[738, 499]], [[739, 500]], [[740, 500]], [[741, 500]], [[742, 500]], [[743, 500]], [[744, 499]], [[744, 498]], [[744, 497]], [[744, 496]], [[743, 495]], [[743, 494]], [[743, 493]], [[744, 492]], [[745, 492]], [[746, 493]], [[746, 494]], [[746, 495]], [[747, 495]], [[748, 496]], [[749, 496]], [[750, 495]], [[751, 494]], [[752, 493]], [[752, 492]], [[752, 491]], [[752, 490]], [[752, 489]], [[751, 488]], [[752, 487]], [[751, 486]], [[751, 485]], [[750, 485]], [[749, 485]], [[748, 484]], [[748, 483]], [[748, 482]], [[749, 481]], [[748, 480]], [[748, 479]], [[747, 478]], [[746, 477]], [[745, 476]], [[744, 475]]]",[[]],[]
94,94,"[[[190, 475]], [[189, 476]], [[188, 476]], [[188, 477]], [[188, 478]], [[188, 479]], [[188, 480]], [[188, 481]], [[189, 482]], [[188, 483]], [[188, 484]], [[189, 485]], [[188, 486]], [[187, 487]], [[186, 487]], [[186, 488]], [[185, 489]], [[184, 490]], [[184, 491]], [[183, 492]], [[182, 493]], [[182, 494]], [[181, 495]], [[180, 496]], [[179, 496]], [[178, 497]], [[177, 498]], [[176, 498]], [[175, 499]], [[174, 499]], [[173, 500]], [[172, 500]], [[171, 501]], [[171, 502]], [[170, 503]], [[170, 504]], [[169, 505]], [[170, 506]], [[170, 507]], [[170, 508]], [[171, 509]], [[171, 510]], [[172, 511]], [[173, 512]], [[173, 513]], [[174, 514]], [[175, 515]], [[176, 516]], [[177, 517]], [[178, 517]], [[179, 517]], [[180, 517]], [[181, 518]], [[182, 518]], [[183, 518]], [[184, 517]], [[185, 516]], [[186, 515]], [[186, 514]], [[186, 513]], [[187, 512]], [[188, 511]], [[189, 512]], [[189, 513]], [[189, 514]], [[189, 515]], [[189, 516]], [[190, 517]], [[190, 518]], [[190, 519]], [[191, 520]], [[191, 521]], [[192, 521]], [[193, 522]], [[194, 523]], [[195, 524]], [[196, 524]], [[197, 525]], [[198, 526]], [[199, 527]], [[199, 528]], [[198, 529]], [[198, 530]], [[197, 531]], [[196, 532]], [[196, 533]], [[195, 534]], [[194, 535]], [[194, 536]], [[193, 537]], [[193, 538]], [[193, 539]], [[192, 540]], [[192, 541]], [[192, 542]], [[192, 543]], [[192, 544]], [[192, 545]], [[192, 546]], [[192, 547]], [[192, 548]], [[192, 549]], [[192, 550]], [[193, 551]], [[193, 552]], [[193, 553]], [[194, 554]], [[194, 555]], [[195, 556]], [[196, 557]], [[197, 558]], [[198, 559]], [[199, 559]], [[200, 560]], [[201, 560]], [[202, 560]], [[203, 560]], [[204, 560]], [[205, 560]], [[206, 560]], [[207, 559]], [[208, 559]], [[209, 559]], [[210, 558]], [[211, 558]], [[212, 558]], [[213, 557]], [[214, 557]], [[215, 556]], [[216, 556]], [[217, 555]], [[218, 555]], [[219, 554]], [[220, 554]], [[221, 554]], [[222, 554]], [[223, 554]], [[224, 555]], [[225, 555]], [[226, 554]], [[227, 554]], [[228, 554]], [[229, 554]], [[230, 553]], [[231, 553]], [[232, 553]], [[233, 552]], [[234, 551]], [[235, 550]], [[236, 549]], [[236, 548]], [[236, 547]], [[237, 546]], [[238, 545]], [[238, 544]], [[239, 543]], [[239, 542]], [[240, 541]], [[240, 540]], [[240, 539]], [[241, 538]], [[241, 537]], [[242, 536]], [[242, 535]], [[242, 534]], [[242, 533]], [[243, 532]], [[243, 531]], [[243, 530]], [[243, 529]], [[243, 528]], [[242, 527]], [[242, 526]], [[241, 525]], [[240, 524]], [[239, 523]], [[239, 522]], [[238, 522]], [[237, 522]], [[236, 522]], [[235, 522]], [[234, 522]], [[233, 523]], [[232, 523]], [[231, 524]], [[230, 524]], [[229, 524]], [[228, 525]], [[227, 526]], [[227, 527]], [[226, 528]], [[225, 529]], [[224, 529]], [[223, 528]], [[222, 528]], [[221, 528]], [[220, 528]], [[219, 527]], [[218, 526]], [[217, 525]], [[216, 525]], [[215, 525]], [[214, 526]], [[213, 526]], [[212, 527]], [[211, 527]], [[210, 527]], [[209, 527]], [[208, 528]], [[207, 527]], [[207, 526]], [[208, 525]], [[207, 524]], [[208, 523]], [[208, 522]], [[209, 521]], [[209, 520]], [[209, 519]], [[210, 518]], [[211, 517]], [[212, 516]], [[212, 515]], [[213, 514]], [[213, 513]], [[214, 512]], [[214, 511]], [[215, 510]], [[216, 509]], [[217, 508]], [[218, 507]], [[218, 506]], [[217, 505]], [[216, 504]], [[216, 503]], [[215, 502]], [[214, 501]], [[214, 500]], [[213, 499]], [[212, 498]], [[212, 497]], [[212, 496]], [[212, 495]], [[212, 494]], [[212, 493]], [[212, 492]], [[212, 491]], [[212, 490]], [[211, 489]], [[210, 489]], [[209, 490]], [[208, 489]], [[207, 488]], [[207, 487]], [[207, 486]], [[207, 485]], [[207, 484]], [[207, 483]], [[206, 482]], [[205, 481]], [[205, 480]], [[204, 480]], [[203, 479]], [[202, 479]], [[201, 478]], [[200, 477]], [[199, 476]], [[198, 476]], [[197, 476]], [[196, 476]], [[195, 476]], [[194, 476]], [[193, 476]], [[192, 476]], [[191, 475]]]",[[]],[]
95,95,"[[[487, 468]], [[486, 469]], [[485, 469]], [[484, 470]], [[483, 470]], [[482, 470]], [[481, 471]], [[480, 471]], [[479, 472]], [[479, 473]], [[478, 474]], [[478, 475]], [[478, 476]], [[478, 477]], [[477, 478]], [[477, 479]], [[476, 480]], [[476, 481]], [[476, 482]], [[475, 483]], [[474, 484]], [[473, 484]], [[473, 485]], [[473, 486]], [[474, 487]], [[475, 488]], [[474, 489]], [[474, 490]], [[475, 489]], [[476, 489]], [[477, 490]], [[477, 491]], [[476, 492]], [[475, 492]], [[474, 492]], [[473, 492]], [[472, 492]], [[471, 491]], [[470, 490]], [[470, 489]], [[469, 490]], [[469, 491]], [[468, 492]], [[468, 493]], [[468, 494]], [[468, 495]], [[468, 496]], [[469, 496]], [[470, 496]], [[471, 495]], [[472, 495]], [[473, 495]], [[474, 495]], [[475, 495]], [[476, 494]], [[477, 494]], [[478, 494]], [[479, 494]], [[480, 493]], [[481, 494]], [[482, 495]], [[483, 495]], [[484, 494]], [[484, 493]], [[485, 492]], [[486, 492]], [[486, 491]], [[487, 490]], [[488, 489]], [[488, 488]], [[489, 487]], [[490, 486]], [[490, 485]], [[491, 484]], [[492, 483]], [[492, 482]], [[493, 481]], [[493, 480]], [[493, 479]], [[493, 478]], [[493, 477]], [[493, 476]], [[493, 475]], [[493, 474]], [[493, 473]], [[493, 472]], [[492, 471]], [[491, 470]], [[490, 470]], [[489, 469]], [[488, 469]]]","[[], [[[474, 470], [474, 471], [474, 472], [474, 473], [474, 474], [473, 475], [473, 476], [473, 477], [473, 478], [473, 479], [473, 480], [472, 481], [472, 482], [473, 483], [474, 483], [475, 482], [475, 481], [475, 480], [476, 479], [476, 478], [477, 477], [477, 476], [477, 475], [477, 474], [478, 473], [478, 472], [477, 472], [476, 471], [475, 471]]], [[[472, 496], [471, 497], [470, 497], [469, 498], [468, 498], [467, 498], [466, 498], [465, 498], [464, 498], [465, 499], [466, 499], [467, 499], [468, 499], [469, 498], [470, 498], [471, 497], [472, 498], [473, 497], [474, 498], [475, 498], [476, 498], [477, 498], [478, 498], [479, 498], [480, 498], [481, 498], [482, 498], [483, 498], [483, 497], [482, 497], [481, 497], [480, 497], [479, 497], [478, 498], [477, 497], [476, 497], [475, 496], [474, 496], [473, 496]]]]","[[], 96, 97]"
96,96,"[[[596, 466]], [[595, 467]], [[594, 467]], [[593, 467]], [[592, 468]], [[591, 468]], [[590, 468]], [[589, 469]], [[588, 469]], [[587, 470]], [[586, 471]], [[585, 472]], [[584, 473]], [[583, 473]], [[582, 474]], [[581, 474]], [[580, 475]], [[579, 476]], [[578, 477]], [[577, 478]], [[576, 479]], [[576, 480]], [[575, 481]], [[575, 482]], [[574, 483]], [[574, 484]], [[574, 485]], [[574, 486]], [[574, 487]], [[574, 488]], [[574, 489]], [[574, 490]], [[574, 491]], [[574, 492]], [[574, 493]], [[575, 494]], [[576, 495]], [[576, 496]], [[577, 497]], [[578, 497]], [[579, 498]], [[580, 499]], [[581, 500]], [[582, 501]], [[583, 501]], [[584, 502]], [[585, 502]], [[586, 503]], [[587, 503]], [[588, 503]], [[589, 504]], [[590, 505]], [[591, 506]], [[591, 507]], [[592, 507]], [[593, 508]], [[594, 508]], [[595, 508]], [[596, 509]], [[597, 510]], [[598, 511]], [[599, 511]], [[600, 512]], [[601, 512]], [[602, 513]], [[603, 513]], [[604, 513]], [[605, 513]], [[606, 512]], [[607, 512]], [[608, 511]], [[609, 510]], [[610, 510]], [[611, 509]], [[611, 508]], [[612, 507]], [[612, 506]], [[613, 505]], [[613, 504]], [[614, 503]], [[615, 502]], [[616, 501]], [[617, 500]], [[618, 499]], [[618, 498]], [[619, 497]], [[619, 496]], [[619, 495]], [[618, 494]], [[618, 493]], [[618, 492]], [[618, 491]], [[618, 490]], [[617, 489]], [[617, 488]], [[617, 487]], [[616, 486]], [[615, 485]], [[614, 484]], [[614, 483]], [[613, 482]], [[612, 481]], [[612, 480]], [[612, 479]], [[612, 478]], [[611, 477]], [[611, 476]], [[610, 475]], [[610, 474]], [[609, 473]], [[608, 472]], [[607, 471]], [[606, 470]], [[605, 469]], [[604, 469]], [[603, 468]], [[602, 467]], [[601, 466]], [[600, 466]], [[599, 466]], [[598, 466]], [[597, 466]]]","[[], [[[621, 496], [620, 497], [620, 498], [620, 499], [619, 500], [620, 500], [621, 500], [622, 500], [623, 500], [624, 501], [625, 502], [625, 503], [626, 504], [626, 505], [627, 505], [628, 505], [628, 504], [628, 503], [627, 503], [626, 502], [625, 502], [624, 501], [624, 500], [623, 499], [623, 498], [623, 497], [623, 496], [622, 496]]]]","[[], 94]"
97,97,"[[[238, 463]], [[237, 464]], [[236, 464]], [[235, 464]], [[234, 464]], [[233, 464]], [[232, 465]], [[231, 465]], [[230, 466]], [[230, 467]], [[230, 468]], [[229, 469]], [[229, 470]], [[229, 471]], [[229, 472]], [[229, 473]], [[228, 474]], [[228, 475]], [[228, 476]], [[228, 477]], [[227, 478]], [[227, 479]], [[227, 480]], [[227, 481]], [[226, 482]], [[226, 483]], [[226, 484]], [[226, 485]], [[225, 486]], [[225, 487]], [[225, 488]], [[225, 489]], [[225, 490]], [[224, 491]], [[224, 492]], [[224, 493]], [[223, 494]], [[223, 495]], [[223, 496]], [[223, 497]], [[223, 498]], [[223, 499]], [[223, 500]], [[223, 501]], [[223, 502]], [[224, 503]], [[224, 504]], [[224, 505]], [[224, 506]], [[225, 507]], [[226, 507]], [[227, 507]], [[228, 507]], [[229, 507]], [[230, 507]], [[231, 507]], [[232, 507]], [[233, 507]], [[234, 507]], [[235, 506]], [[236, 506]], [[237, 506]], [[238, 506]], [[239, 506]], [[240, 505]], [[241, 505]], [[242, 505]], [[243, 506]], [[244, 506]], [[245, 506]], [[246, 505]], [[247, 504]], [[247, 503]], [[248, 502]], [[248, 501]], [[248, 500]], [[249, 499]], [[249, 498]], [[249, 497]], [[249, 496]], [[249, 495]], [[249, 494]], [[249, 493]], [[248, 492]], [[248, 491]], [[249, 490]], [[250, 489]], [[250, 488]], [[250, 487]], [[249, 486]], [[249, 485]], [[250, 484]], [[250, 483]], [[250, 482]], [[250, 481]], [[250, 480]], [[250, 479]], [[250, 478]], [[250, 477]], [[249, 476]], [[249, 475]], [[249, 474]], [[249, 473]], [[249, 472]], [[248, 472]], [[247, 471]], [[246, 470]], [[246, 469]], [[246, 468]], [[246, 467]], [[245, 466]], [[245, 465]], [[244, 464]], [[243, 464]], [[242, 464]], [[241, 464]], [[240, 463]], [[239, 463]]]","[[], [[[240, 506], [239, 507], [238, 507], [237, 507], [236, 507], [235, 507], [234, 508], [233, 509], [234, 509], [235, 509], [236, 510], [237, 510], [238, 510], [239, 509], [240, 509], [241, 508], [242, 509], [243, 509], [244, 509], [245, 509], [245, 508], [245, 507], [244, 507], [243, 507], [242, 507], [241, 507]]]]","[[], 99]"
98,98,"[[[109, 459]], [[108, 460]], [[107, 460]], [[106, 461]], [[105, 461]], [[104, 462]], [[103, 463]], [[102, 464]], [[101, 465]], [[100, 466]], [[100, 467]], [[99, 468]], [[99, 469]], [[99, 470]], [[98, 471]], [[98, 472]], [[98, 473]], [[98, 474]], [[97, 475]], [[97, 476]], [[97, 477]], [[97, 478]], [[97, 479]], [[97, 480]], [[97, 481]], [[97, 482]], [[97, 483]], [[98, 484]], [[98, 485]], [[99, 486]], [[99, 487]], [[100, 487]], [[101, 487]], [[102, 487]], [[103, 488]], [[103, 489]], [[104, 490]], [[105, 490]], [[106, 490]], [[107, 489]], [[108, 489]], [[108, 488]], [[109, 487]], [[110, 486]], [[110, 485]], [[111, 484]], [[112, 483]], [[113, 483]], [[114, 483]], [[115, 483]], [[116, 483]], [[117, 483]], [[118, 482]], [[119, 481]], [[120, 481]], [[120, 480]], [[121, 479]], [[121, 478]], [[122, 477]], [[122, 476]], [[122, 475]], [[122, 474]], [[123, 473]], [[123, 472]], [[123, 471]], [[123, 470]], [[122, 469]], [[122, 468]], [[121, 467]], [[121, 466]], [[120, 465]], [[119, 464]], [[119, 463]], [[119, 462]], [[119, 461]], [[118, 460]], [[117, 460]], [[117, 461]], [[116, 462]], [[115, 463]], [[114, 463]], [[113, 463]], [[112, 462]], [[111, 461]], [[111, 460]], [[110, 459]]]",[[]],[]
99,99,"[[[782, 452]], [[782, 453]], [[781, 454]], [[781, 455]], [[780, 456]], [[780, 457]], [[779, 458]], [[778, 459]], [[777, 460]], [[777, 461]], [[776, 462]], [[775, 462]], [[775, 463]], [[776, 464]], [[777, 465]], [[778, 466]], [[778, 467]], [[779, 468]], [[780, 469]], [[781, 470]], [[782, 471]], [[783, 471]], [[784, 471]], [[785, 471]], [[786, 470]], [[787, 469]], [[788, 469]], [[789, 468]], [[790, 467]], [[790, 466]], [[790, 465]], [[790, 464]], [[790, 463]], [[791, 462]], [[790, 461]], [[789, 461]], [[788, 460]], [[787, 459]], [[787, 458]], [[787, 457]], [[786, 456]], [[786, 455]], [[785, 454]], [[784, 453]], [[783, 452]]]","[[], [[[792, 451], [791, 452], [790, 453], [789, 454], [788, 454], [788, 455], [788, 456], [788, 457], [788, 458], [788, 459], [789, 460], [790, 460], [791, 460], [792, 461], [793, 461], [794, 461], [795, 460], [795, 459], [795, 458], [794, 457], [794, 456], [795, 455], [795, 454], [796, 453], [796, 452], [796, 451], [795, 451], [794, 451], [793, 451]]]]","[[], 100]"
100,100,"[[[515, 448]], [[514, 449]], [[513, 449]], [[512, 450]], [[512, 451]], [[511, 452]], [[511, 453]], [[510, 454]], [[509, 455]], [[509, 456]], [[509, 457]], [[509, 458]], [[510, 459]], [[511, 460]], [[511, 461]], [[512, 462]], [[513, 462]], [[514, 463]], [[515, 464]], [[515, 465]], [[515, 466]], [[515, 467]], [[516, 468]], [[516, 469]], [[516, 470]], [[516, 471]], [[516, 472]], [[516, 473]], [[516, 474]], [[516, 475]], [[516, 476]], [[515, 477]], [[514, 476]], [[513, 476]], [[512, 475]], [[511, 475]], [[510, 474]], [[509, 474]], [[508, 474]], [[507, 473]], [[506, 472]], [[505, 472]], [[504, 472]], [[503, 473]], [[502, 474]], [[502, 475]], [[501, 476]], [[501, 477]], [[500, 478]], [[500, 479]], [[500, 480]], [[500, 481]], [[499, 482]], [[499, 483]], [[499, 484]], [[499, 485]], [[499, 486]], [[499, 487]], [[498, 488]], [[497, 489]], [[497, 490]], [[496, 491]], [[496, 492]], [[496, 493]], [[496, 494]], [[496, 495]], [[495, 496]], [[496, 497]], [[496, 498]], [[496, 499]], [[496, 500]], [[497, 501]], [[498, 501]], [[499, 502]], [[499, 503]], [[500, 504]], [[501, 503]], [[502, 502]], [[503, 503]], [[503, 504]], [[504, 505]], [[504, 506]], [[505, 506]], [[506, 506]], [[507, 506]], [[508, 506]], [[509, 507]], [[510, 508]], [[511, 508]], [[512, 507]], [[513, 506]], [[514, 506]], [[515, 507]], [[516, 508]], [[517, 509]], [[517, 510]], [[518, 511]], [[519, 511]], [[520, 511]], [[521, 511]], [[522, 512]], [[523, 513]], [[523, 514]], [[524, 515]], [[525, 516]], [[526, 516]], [[527, 516]], [[528, 516]], [[529, 517]], [[530, 518]], [[531, 518]], [[532, 517]], [[533, 517]], [[534, 517]], [[535, 517]], [[536, 516]], [[537, 516]], [[538, 515]], [[539, 515]], [[540, 515]], [[541, 514]], [[541, 513]], [[541, 512]], [[542, 511]], [[543, 510]], [[543, 509]], [[543, 508]], [[543, 507]], [[543, 506]], [[544, 505]], [[543, 504]], [[543, 503]], [[542, 502]], [[542, 501]], [[542, 500]], [[543, 499]], [[543, 498]], [[544, 497]], [[544, 496]], [[545, 495]], [[546, 494]], [[547, 493]], [[548, 492]], [[549, 492]], [[550, 491]], [[551, 491]], [[552, 490]], [[553, 489]], [[554, 489]], [[554, 488]], [[555, 487]], [[556, 486]], [[557, 485]], [[557, 484]], [[557, 483]], [[557, 482]], [[557, 481]], [[557, 480]], [[556, 479]], [[556, 478]], [[556, 477]], [[555, 476]], [[555, 475]], [[554, 474]], [[554, 473]], [[553, 472]], [[552, 472]], [[551, 471]], [[550, 471]], [[549, 471]], [[548, 471]], [[547, 470]], [[546, 470]], [[545, 470]], [[544, 470]], [[543, 470]], [[542, 469]], [[541, 468]], [[540, 468]], [[539, 468]], [[538, 467]], [[537, 467]], [[536, 466]], [[535, 465]], [[534, 464]], [[533, 463]], [[533, 462]], [[532, 461]], [[531, 460]], [[530, 459]], [[530, 458]], [[529, 457]], [[528, 456]], [[527, 455]], [[527, 454]], [[526, 453]], [[525, 452]], [[524, 451]], [[523, 451]], [[522, 450]], [[521, 450]], [[520, 449]], [[519, 449]], [[518, 449]], [[517, 449]], [[516, 449]]]",[[]],[]
101,101,"[[[186, 432]], [[186, 433]], [[185, 434]], [[184, 434]], [[184, 435]], [[183, 436]], [[182, 436]], [[181, 437]], [[180, 437]], [[179, 437]], [[178, 436]], [[177, 436]], [[176, 435]], [[175, 435]], [[174, 435]], [[173, 435]], [[172, 436]], [[171, 436]], [[170, 436]], [[169, 436]], [[168, 436]], [[167, 436]], [[166, 437]], [[165, 438]], [[164, 438]], [[163, 439]], [[162, 439]], [[161, 440]], [[160, 440]], [[159, 440]], [[158, 440]], [[157, 441]], [[157, 442]], [[156, 443]], [[156, 444]], [[155, 445]], [[154, 446]], [[153, 447]], [[152, 448]], [[152, 449]], [[151, 450]], [[150, 451]], [[149, 452]], [[149, 453]], [[148, 454]], [[148, 455]], [[147, 456]], [[147, 457]], [[146, 458]], [[146, 459]], [[146, 460]], [[146, 461]], [[145, 462]], [[145, 463]], [[145, 464]], [[145, 465]], [[144, 466]], [[143, 466]], [[142, 466]], [[141, 465]], [[140, 466]], [[139, 467]], [[138, 468]], [[137, 468]], [[137, 469]], [[137, 470]], [[137, 471]], [[137, 472]], [[137, 473]], [[137, 474]], [[138, 475]], [[138, 476]], [[138, 477]], [[139, 478]], [[139, 479]], [[140, 480]], [[141, 480]], [[142, 480]], [[143, 480]], [[144, 480]], [[145, 481]], [[145, 482]], [[145, 483]], [[146, 483]], [[147, 484]], [[148, 483]], [[149, 483]], [[150, 483]], [[150, 482]], [[151, 481]], [[152, 481]], [[153, 481]], [[154, 482]], [[155, 483]], [[156, 483]], [[157, 484]], [[158, 485]], [[159, 485]], [[160, 485]], [[161, 485]], [[162, 485]], [[163, 485]], [[164, 485]], [[165, 484]], [[166, 484]], [[167, 484]], [[168, 483]], [[169, 483]], [[170, 482]], [[171, 482]], [[172, 481]], [[173, 480]], [[174, 480]], [[175, 479]], [[176, 479]], [[176, 478]], [[177, 477]], [[178, 476]], [[178, 475]], [[179, 474]], [[179, 473]], [[180, 472]], [[180, 471]], [[181, 470]], [[181, 469]], [[182, 468]], [[183, 467]], [[184, 466]], [[185, 465]], [[186, 464]], [[186, 463]], [[187, 462]], [[188, 461]], [[189, 460]], [[190, 460]], [[190, 459]], [[190, 458]], [[190, 457]], [[190, 456]], [[190, 455]], [[191, 454]], [[191, 453]], [[192, 452]], [[192, 451]], [[193, 450]], [[193, 449]], [[193, 448]], [[193, 447]], [[194, 446]], [[194, 445]], [[194, 444]], [[194, 443]], [[194, 442]], [[193, 441]], [[193, 440]], [[193, 439]], [[192, 438]], [[191, 437]], [[191, 436]], [[191, 435]], [[190, 434]], [[189, 433]], [[188, 432]], [[187, 432]]]","[[], [[[185, 419], [184, 420], [184, 421], [184, 422], [185, 423], [186, 423], [187, 424], [186, 425], [186, 426], [186, 427], [187, 428], [188, 428], [189, 428], [190, 429], [191, 430], [191, 431], [190, 432], [191, 432], [192, 433], [192, 434], [193, 434], [194, 435], [195, 435], [195, 434], [195, 433], [194, 432], [193, 431], [193, 430], [193, 429], [192, 429], [191, 428], [190, 427], [190, 426], [190, 425], [189, 424], [189, 423], [188, 423], [187, 422], [186, 421], [186, 420]]]]","[[], 101]"
102,102,"[[[817, 424]], [[817, 425]], [[816, 426]], [[816, 427]], [[815, 428]], [[814, 428]], [[813, 427]], [[812, 427]], [[812, 428]], [[811, 429]], [[811, 430]], [[811, 431]], [[812, 432]], [[813, 432]], [[814, 432]], [[815, 432]], [[816, 433]], [[817, 434]], [[818, 434]], [[819, 434]], [[820, 434]], [[821, 433]], [[822, 433]], [[822, 432]], [[822, 431]], [[822, 430]], [[822, 429]], [[823, 428]], [[824, 429]], [[824, 428]], [[823, 427]], [[822, 426]], [[821, 425]], [[820, 425]], [[819, 425]], [[818, 424]]]",[[]],[]
103,103,"[[[40, 421]], [[39, 422]], [[38, 422]], [[37, 423]], [[36, 423]], [[35, 423]], [[34, 423]], [[33, 424]], [[32, 424]], [[31, 424]], [[31, 425]], [[31, 426]], [[30, 427]], [[30, 428]], [[30, 429]], [[30, 430]], [[30, 431]], [[31, 432]], [[31, 433]], [[32, 434]], [[33, 435]], [[33, 436]], [[34, 437]], [[35, 438]], [[36, 438]], [[37, 438]], [[38, 437]], [[39, 438]], [[40, 438]], [[41, 438]], [[42, 438]], [[43, 438]], [[44, 438]], [[45, 439]], [[45, 440]], [[46, 441]], [[47, 442]], [[48, 442]], [[49, 442]], [[50, 441]], [[51, 440]], [[51, 439]], [[51, 438]], [[51, 437]], [[51, 436]], [[50, 435]], [[49, 434]], [[49, 433]], [[48, 432]], [[48, 431]], [[48, 430]], [[48, 429]], [[48, 428]], [[48, 427]], [[48, 426]], [[47, 425]], [[47, 424]], [[46, 423]], [[45, 423]], [[44, 422]], [[43, 422]], [[42, 422]], [[41, 421]]]",[],[]
104,104,"[[[100, 408]], [[99, 409]], [[98, 409]], [[97, 409]], [[96, 410]], [[95, 410]], [[94, 411]], [[93, 411]], [[92, 412]], [[92, 413]], [[91, 414]], [[90, 415]], [[89, 415]], [[89, 416]], [[88, 417]], [[87, 418]], [[86, 419]], [[85, 420]], [[84, 421]], [[83, 421]], [[83, 422]], [[83, 423]], [[83, 424]], [[83, 425]], [[82, 426]], [[82, 427]], [[82, 428]], [[82, 429]], [[81, 430]], [[81, 431]], [[80, 432]], [[79, 433]], [[79, 434]], [[79, 435]], [[79, 436]], [[79, 437]], [[79, 438]], [[79, 439]], [[79, 440]], [[79, 441]], [[80, 442]], [[80, 443]], [[81, 444]], [[81, 445]], [[82, 446]], [[82, 447]], [[83, 448]], [[83, 449]], [[84, 450]], [[85, 451]], [[86, 451]], [[87, 452]], [[88, 453]], [[88, 454]], [[89, 455]], [[90, 456]], [[91, 456]], [[92, 456]], [[93, 456]], [[94, 456]], [[95, 456]], [[96, 456]], [[97, 456]], [[98, 456]], [[98, 455]], [[99, 454]], [[100, 453]], [[101, 452]], [[102, 451]], [[103, 450]], [[104, 450]], [[105, 449]], [[105, 448]], [[106, 447]], [[106, 446]], [[106, 445]], [[106, 444]], [[106, 443]], [[106, 442]], [[107, 441]], [[108, 440]], [[109, 439]], [[109, 438]], [[110, 437]], [[110, 436]], [[111, 435]], [[112, 434]], [[113, 433]], [[113, 432]], [[113, 431]], [[114, 430]], [[115, 429]], [[116, 430]], [[117, 431]], [[117, 432]], [[118, 433]], [[119, 434]], [[119, 435]], [[120, 436]], [[120, 437]], [[121, 438]], [[121, 439]], [[122, 440]], [[123, 441]], [[124, 440]], [[125, 440]], [[126, 440]], [[127, 439]], [[128, 438]], [[128, 437]], [[128, 436]], [[129, 435]], [[129, 434]], [[129, 433]], [[129, 432]], [[129, 431]], [[130, 430]], [[130, 429]], [[130, 428]], [[130, 427]], [[131, 426]], [[131, 425]], [[131, 424]], [[131, 423]], [[131, 422]], [[131, 421]], [[131, 420]], [[131, 419]], [[131, 418]], [[130, 417]], [[129, 417]], [[128, 417]], [[127, 417]], [[126, 417]], [[125, 416]], [[124, 416]], [[123, 416]], [[122, 417]], [[121, 416]], [[120, 416]], [[119, 417]], [[118, 417]], [[117, 418]], [[116, 418]], [[115, 417]], [[115, 416]], [[114, 415]], [[114, 414]], [[113, 413]], [[112, 413]], [[111, 412]], [[110, 411]], [[109, 411]], [[108, 410]], [[107, 410]], [[106, 410]], [[105, 410]], [[104, 410]], [[103, 409]], [[102, 408]], [[101, 408]]]",[[]],[]
105,105,"[[[755, 380]], [[755, 381]], [[754, 382]], [[754, 383]], [[754, 384]], [[754, 385]], [[754, 386]], [[753, 387]], [[753, 388]], [[753, 389]], [[753, 390]], [[752, 391]], [[752, 392]], [[751, 393]], [[750, 393]], [[749, 393]], [[748, 394]], [[747, 394]], [[746, 394]], [[745, 393]], [[744, 392]], [[744, 391]], [[743, 390]], [[742, 389]], [[742, 388]], [[741, 388]], [[740, 387]], [[739, 387]], [[738, 387]], [[737, 386]], [[736, 386]], [[735, 386]], [[734, 387]], [[733, 387]], [[732, 388]], [[731, 388]], [[730, 389]], [[729, 390]], [[728, 390]], [[728, 391]], [[727, 392]], [[727, 393]], [[726, 394]], [[726, 395]], [[726, 396]], [[725, 397]], [[725, 398]], [[725, 399]], [[724, 400]], [[724, 401]], [[724, 402]], [[724, 403]], [[724, 404]], [[724, 405]], [[723, 406]], [[723, 407]], [[722, 408]], [[722, 409]], [[722, 410]], [[722, 411]], [[722, 412]], [[722, 413]], [[722, 414]], [[722, 415]], [[722, 416]], [[722, 417]], [[722, 418]], [[722, 419]], [[723, 420]], [[724, 420]], [[725, 420]], [[726, 420]], [[727, 419]], [[728, 420]], [[729, 420]], [[730, 420]], [[731, 421]], [[732, 422]], [[732, 423]], [[732, 424]], [[732, 425]], [[731, 426]], [[731, 427]], [[731, 428]], [[731, 429]], [[731, 430]], [[731, 431]], [[730, 432]], [[730, 433]], [[730, 434]], [[729, 435]], [[729, 436]], [[729, 437]], [[728, 438]], [[728, 439]], [[728, 440]], [[727, 441]], [[727, 442]], [[726, 443]], [[727, 444]], [[727, 445]], [[727, 446]], [[728, 447]], [[729, 448]], [[730, 449]], [[731, 449]], [[732, 449]], [[733, 449]], [[734, 449]], [[735, 449]], [[736, 449]], [[737, 449]], [[738, 449]], [[739, 449]], [[740, 449]], [[741, 448]], [[742, 448]], [[743, 447]], [[743, 446]], [[743, 445]], [[744, 444]], [[744, 443]], [[745, 442]], [[745, 441]], [[745, 440]], [[746, 439]], [[747, 439]], [[748, 439]], [[749, 439]], [[750, 440]], [[751, 440]], [[752, 440]], [[753, 440]], [[754, 440]], [[755, 439]], [[756, 438]], [[757, 438]], [[758, 438]], [[759, 437]], [[760, 437]], [[760, 436]], [[761, 435]], [[762, 434]], [[763, 433]], [[764, 432]], [[765, 432]], [[766, 431]], [[767, 431]], [[768, 430]], [[769, 430]], [[770, 430]], [[771, 429]], [[772, 428]], [[773, 427]], [[773, 426]], [[774, 425]], [[774, 424]], [[774, 423]], [[774, 422]], [[774, 421]], [[773, 420]], [[773, 419]], [[773, 418]], [[773, 417]], [[773, 416]], [[773, 415]], [[773, 414]], [[773, 413]], [[773, 412]], [[773, 411]], [[774, 410]], [[774, 409]], [[775, 408]], [[775, 407]], [[775, 406]], [[775, 405]], [[775, 404]], [[775, 403]], [[775, 402]], [[775, 401]], [[775, 400]], [[774, 399]], [[774, 398]], [[773, 397]], [[772, 397]], [[771, 397]], [[770, 396]], [[769, 395]], [[768, 394]], [[768, 393]], [[767, 392]], [[767, 391]], [[767, 390]], [[766, 389]], [[766, 388]], [[765, 387]], [[765, 386]], [[764, 385]], [[764, 384]], [[763, 384]], [[762, 383]], [[761, 382]], [[760, 382]], [[759, 382]], [[758, 381]], [[757, 381]], [[756, 381]]]",[[]],[]
106,106,"[[[444, 375]], [[443, 376]], [[442, 376]], [[441, 376]], [[440, 376]], [[439, 376]], [[438, 377]], [[437, 378]], [[436, 378]], [[435, 378]], [[434, 378]], [[433, 379]], [[432, 379]], [[432, 380]], [[431, 381]], [[431, 382]], [[430, 383]], [[430, 384]], [[429, 385]], [[429, 386]], [[429, 387]], [[428, 388]], [[428, 389]], [[428, 390]], [[428, 391]], [[428, 392]], [[428, 393]], [[428, 394]], [[428, 395]], [[428, 396]], [[428, 397]], [[428, 398]], [[429, 399]], [[429, 400]], [[429, 401]], [[429, 402]], [[430, 402]], [[431, 403]], [[431, 404]], [[431, 405]], [[431, 406]], [[432, 407]], [[433, 408]], [[434, 408]], [[435, 409]], [[436, 410]], [[437, 411]], [[438, 412]], [[439, 413]], [[440, 414]], [[441, 415]], [[442, 416]], [[443, 417]], [[444, 418]], [[444, 419]], [[445, 419]], [[446, 419]], [[447, 419]], [[448, 419]], [[449, 419]], [[450, 419]], [[451, 420]], [[452, 420]], [[453, 420]], [[454, 420]], [[455, 420]], [[456, 420]], [[457, 419]], [[458, 419]], [[459, 418]], [[460, 417]], [[461, 416]], [[462, 416]], [[463, 416]], [[464, 415]], [[464, 414]], [[464, 413]], [[465, 412]], [[465, 411]], [[465, 410]], [[465, 409]], [[464, 408]], [[464, 407]], [[464, 406]], [[463, 405]], [[463, 404]], [[462, 403]], [[462, 402]], [[462, 401]], [[462, 400]], [[461, 399]], [[461, 398]], [[461, 397]], [[461, 396]], [[460, 395]], [[460, 394]], [[459, 393]], [[459, 392]], [[458, 391]], [[458, 390]], [[458, 389]], [[457, 388]], [[456, 387]], [[455, 386]], [[454, 385]], [[454, 384]], [[453, 383]], [[452, 382]], [[452, 381]], [[451, 380]], [[450, 379]], [[450, 378]], [[449, 379]], [[448, 378]], [[447, 377]], [[447, 376]], [[446, 375]], [[445, 375]]]",[[]],[]
107,107,"[[[588, 372]], [[587, 373]], [[586, 373]], [[585, 374]], [[584, 375]], [[583, 376]], [[582, 377]], [[581, 378]], [[580, 378]], [[579, 379]], [[578, 379]], [[577, 380]], [[576, 381]], [[575, 382]], [[575, 383]], [[574, 384]], [[573, 385]], [[573, 386]], [[572, 387]], [[571, 388]], [[570, 388]], [[569, 389]], [[568, 390]], [[567, 390]], [[566, 389]], [[565, 388]], [[564, 388]], [[563, 387]], [[562, 386]], [[561, 386]], [[560, 386]], [[559, 385]], [[558, 384]], [[557, 383]], [[556, 382]], [[555, 382]], [[554, 382]], [[553, 382]], [[552, 382]], [[551, 382]], [[550, 382]], [[549, 383]], [[548, 383]], [[547, 384]], [[547, 385]], [[546, 386]], [[545, 387]], [[544, 388]], [[543, 389]], [[542, 390]], [[541, 391]], [[540, 392]], [[539, 393]], [[538, 394]], [[537, 394]], [[536, 395]], [[535, 395]], [[534, 396]], [[533, 397]], [[532, 398]], [[531, 399]], [[530, 399]], [[529, 400]], [[528, 401]], [[527, 402]], [[526, 402]], [[525, 403]], [[524, 403]], [[523, 404]], [[522, 403]], [[522, 404]], [[521, 405]], [[520, 406]], [[520, 407]], [[519, 408]], [[518, 408]], [[517, 409]], [[516, 410]], [[515, 410]], [[514, 411]], [[513, 412]], [[512, 413]], [[512, 414]], [[511, 415]], [[511, 416]], [[511, 417]], [[511, 418]], [[511, 419]], [[511, 420]], [[511, 421]], [[511, 422]], [[512, 423]], [[512, 424]], [[513, 423]], [[514, 423]], [[515, 424]], [[516, 425]], [[516, 426]], [[517, 427]], [[517, 428]], [[518, 429]], [[519, 429]], [[520, 429]], [[521, 430]], [[522, 431]], [[523, 432]], [[524, 432]], [[525, 433]], [[526, 433]], [[527, 434]], [[528, 434]], [[529, 435]], [[530, 435]], [[531, 435]], [[532, 435]], [[533, 434]], [[534, 434]], [[535, 434]], [[536, 434]], [[537, 434]], [[538, 433]], [[539, 433]], [[540, 432]], [[541, 431]], [[542, 430]], [[543, 429]], [[544, 429]], [[545, 428]], [[546, 427]], [[547, 427]], [[548, 427]], [[549, 427]], [[550, 428]], [[551, 429]], [[552, 430]], [[553, 430]], [[554, 429]], [[555, 429]], [[556, 429]], [[557, 429]], [[558, 428]], [[559, 428]], [[560, 427]], [[561, 426]], [[562, 425]], [[563, 424]], [[564, 423]], [[565, 423]], [[566, 424]], [[567, 424]], [[568, 425]], [[568, 426]], [[569, 426]], [[570, 427]], [[570, 428]], [[571, 429]], [[572, 429]], [[573, 430]], [[574, 431]], [[574, 432]], [[575, 432]], [[576, 433]], [[576, 434]], [[577, 434]], [[578, 434]], [[579, 435]], [[580, 434]], [[581, 434]], [[582, 433]], [[583, 432]], [[584, 432]], [[585, 431]], [[585, 430]], [[585, 429]], [[586, 428]], [[587, 427]], [[588, 426]], [[588, 425]], [[588, 424]], [[589, 423]], [[589, 422]], [[589, 421]], [[589, 420]], [[589, 419]], [[589, 418]], [[589, 417]], [[589, 416]], [[589, 415]], [[589, 414]], [[589, 413]], [[589, 412]], [[589, 411]], [[588, 411]], [[587, 410]], [[587, 409]], [[588, 408]], [[589, 408]], [[590, 408]], [[591, 408]], [[592, 408]], [[593, 407]], [[594, 406]], [[595, 406]], [[596, 406]], [[597, 405]], [[598, 404]], [[599, 403]], [[599, 402]], [[599, 401]], [[600, 400]], [[600, 399]], [[600, 398]], [[601, 397]], [[602, 396]], [[602, 395]], [[603, 394]], [[603, 393]], [[604, 392]], [[604, 391]], [[605, 390]], [[605, 389]], [[606, 388]], [[607, 387]], [[608, 386]], [[609, 385]], [[609, 384]], [[609, 383]], [[609, 382]], [[608, 381]], [[607, 381]], [[606, 380]], [[606, 379]], [[605, 378]], [[605, 377]], [[604, 376]], [[603, 375]], [[602, 374]], [[601, 374]], [[600, 374]], [[599, 373]], [[598, 373]], [[597, 373]], [[596, 373]], [[595, 373]], [[594, 372]], [[593, 372]], [[592, 372]], [[591, 372]], [[590, 372]], [[589, 372]]]","[[], [[[553, 374], [554, 375], [555, 376], [555, 377], [555, 378], [554, 379], [553, 380], [553, 381], [554, 381], [555, 381], [556, 381], [557, 382], [558, 382], [559, 383], [560, 384], [561, 384], [561, 383], [560, 383], [559, 383], [558, 382], [557, 381], [557, 380], [556, 379], [556, 378], [556, 377], [556, 376], [556, 375], [556, 374], [555, 374], [554, 374]]], [[[546, 378], [545, 379], [544, 380], [543, 380], [542, 381], [542, 382], [542, 383], [542, 384], [542, 385], [541, 386], [540, 387], [541, 388], [542, 389], [543, 388], [544, 387], [545, 386], [545, 385], [545, 384], [545, 383], [546, 382], [547, 381], [548, 381], [549, 381], [550, 381], [550, 380], [550, 379], [550, 378], [549, 378], [548, 378], [547, 378]]]]","[[], 102, 103]"
108,108,"[[[480, 372]], [[480, 373]], [[480, 374]], [[479, 375]], [[478, 376]], [[477, 377]], [[477, 378]], [[476, 379]], [[476, 380]], [[476, 381]], [[475, 382]], [[475, 383]], [[475, 384]], [[475, 385]], [[475, 386]], [[475, 387]], [[475, 388]], [[474, 389]], [[474, 390]], [[474, 391]], [[474, 392]], [[474, 393]], [[474, 394]], [[475, 394]], [[476, 395]], [[476, 396]], [[477, 397]], [[478, 398]], [[479, 398]], [[480, 399]], [[481, 399]], [[482, 399]], [[483, 399]], [[484, 399]], [[485, 400]], [[486, 400]], [[487, 400]], [[488, 399]], [[489, 400]], [[490, 400]], [[491, 400]], [[492, 400]], [[493, 399]], [[494, 398]], [[495, 397]], [[496, 396]], [[496, 395]], [[497, 394]], [[497, 393]], [[498, 392]], [[498, 391]], [[499, 390]], [[500, 389]], [[501, 388]], [[502, 387]], [[503, 386]], [[503, 385]], [[504, 384]], [[504, 383]], [[504, 382]], [[504, 381]], [[504, 380]], [[504, 379]], [[504, 378]], [[503, 378]], [[502, 377]], [[501, 377]], [[500, 376]], [[500, 375]], [[499, 375]], [[498, 374]], [[497, 374]], [[496, 374]], [[495, 374]], [[494, 374]], [[493, 374]], [[492, 373]], [[491, 373]], [[490, 373]], [[489, 374]], [[488, 373]], [[487, 373]], [[486, 372]], [[485, 372]], [[484, 372]], [[483, 372]], [[482, 372]], [[481, 372]]]","[[], [[[498, 356], [498, 357], [497, 358], [496, 358], [495, 359], [495, 360], [494, 361], [493, 362], [494, 363], [495, 363], [496, 364], [495, 365], [494, 366], [493, 367], [492, 368], [493, 369], [494, 370], [494, 371], [494, 372], [494, 373], [495, 373], [496, 373], [497, 373], [498, 373], [498, 372], [499, 371], [499, 370], [498, 369], [498, 368], [498, 367], [497, 366], [497, 365], [498, 364], [499, 365], [500, 364], [500, 363], [499, 362], [498, 361], [498, 360], [498, 359], [498, 358], [498, 357], [499, 356]]]]","[[], 104]"
109,109,"[[[415, 367]], [[414, 368]], [[413, 368]], [[412, 368]], [[411, 368]], [[410, 368]], [[409, 368]], [[408, 369]], [[407, 370]], [[407, 371]], [[406, 372]], [[405, 373]], [[404, 374]], [[404, 375]], [[403, 376]], [[403, 377]], [[403, 378]], [[403, 379]], [[403, 380]], [[404, 381]], [[404, 382]], [[405, 383]], [[406, 384]], [[406, 385]], [[407, 386]], [[408, 387]], [[409, 387]], [[410, 388]], [[411, 389]], [[412, 389]], [[413, 389]], [[414, 389]], [[415, 389]], [[416, 389]], [[417, 389]], [[418, 389]], [[419, 388]], [[420, 388]], [[421, 388]], [[422, 387]], [[423, 387]], [[424, 386]], [[425, 385]], [[426, 385]], [[427, 384]], [[427, 383]], [[428, 382]], [[429, 381]], [[429, 380]], [[430, 379]], [[430, 378]], [[430, 377]], [[431, 376]], [[430, 375]], [[430, 374]], [[430, 373]], [[430, 372]], [[429, 371]], [[428, 370]], [[427, 369]], [[426, 369]], [[425, 368]], [[424, 368]], [[423, 368]], [[422, 368]], [[421, 368]], [[420, 367]], [[419, 367]], [[418, 367]], [[417, 367]], [[416, 367]]]",[[]],[]
110,110,"[[[797, 365]], [[796, 366]], [[796, 367]], [[795, 368]], [[795, 369]], [[796, 370]], [[796, 371]], [[796, 372]], [[797, 373]], [[797, 374]], [[797, 375]], [[797, 376]], [[798, 377]], [[798, 378]], [[798, 379]], [[798, 380]], [[798, 381]], [[799, 382]], [[800, 383]], [[801, 384]], [[801, 385]], [[802, 385]], [[803, 386]], [[804, 386]], [[805, 386]], [[806, 386]], [[807, 385]], [[808, 384]], [[809, 383]], [[809, 382]], [[810, 381]], [[810, 380]], [[810, 379]], [[810, 378]], [[811, 377]], [[812, 376]], [[812, 375]], [[812, 374]], [[813, 373]], [[813, 372]], [[812, 371]], [[812, 370]], [[811, 370]], [[810, 370]], [[809, 370]], [[808, 370]], [[807, 370]], [[806, 369]], [[805, 368]], [[804, 368]], [[803, 369]], [[802, 369]], [[801, 370]], [[800, 369]], [[799, 368]], [[799, 367]], [[798, 366]], [[798, 365]]]",[[]],[]
111,111,"[[[171, 361]], [[170, 362]], [[169, 362]], [[169, 363]], [[168, 364]], [[168, 365]], [[167, 366]], [[167, 367]], [[166, 368]], [[165, 369]], [[164, 370]], [[163, 371]], [[162, 371]], [[161, 371]], [[160, 370]], [[159, 369]], [[158, 370]], [[158, 371]], [[158, 372]], [[158, 373]], [[159, 374]], [[159, 375]], [[160, 376]], [[161, 377]], [[161, 378]], [[162, 379]], [[163, 380]], [[164, 381]], [[165, 381]], [[166, 381]], [[167, 381]], [[168, 381]], [[169, 381]], [[170, 381]], [[171, 381]], [[172, 381]], [[173, 380]], [[174, 380]], [[175, 379]], [[176, 379]], [[175, 379]], [[174, 378]], [[174, 377]], [[175, 376]], [[176, 376]], [[177, 376]], [[178, 375]], [[179, 374]], [[180, 373]], [[180, 372]], [[181, 371]], [[181, 370]], [[181, 369]], [[180, 368]], [[180, 367]], [[180, 366]], [[179, 365]], [[178, 364]], [[177, 363]], [[176, 362]], [[175, 361]], [[174, 361]], [[173, 361]], [[172, 361]]]","[[], [[[165, 351], [164, 352], [163, 353], [163, 354], [163, 355], [164, 355], [164, 354], [165, 353], [166, 352], [167, 353], [168, 354], [169, 355], [169, 356], [170, 356], [171, 357], [172, 358], [173, 359], [174, 360], [175, 360], [175, 359], [175, 358], [175, 357], [174, 356], [173, 355], [172, 354], [171, 353], [170, 353], [169, 353], [168, 353], [167, 352], [166, 351]]]]","[[], 105]"
112,112,"[[[31, 360]], [[30, 361]], [[29, 362]], [[28, 362]], [[27, 362]], [[27, 363]], [[26, 364]], [[25, 365]], [[24, 366]], [[24, 367]], [[24, 368]], [[24, 369]], [[23, 370]], [[22, 371]], [[22, 372]], [[22, 373]], [[22, 374]], [[21, 375]], [[21, 376]], [[21, 377]], [[21, 378]], [[21, 379]], [[21, 380]], [[21, 381]], [[21, 382]], [[21, 383]], [[21, 384]], [[21, 385]], [[21, 386]], [[21, 387]], [[21, 388]], [[21, 389]], [[21, 390]], [[21, 391]], [[22, 392]], [[22, 393]], [[22, 394]], [[22, 395]], [[23, 396]], [[23, 397]], [[24, 398]], [[25, 399]], [[25, 400]], [[25, 401]], [[25, 402]], [[26, 403]], [[26, 404]], [[26, 405]], [[26, 406]], [[27, 407]], [[27, 408]], [[27, 409]], [[28, 410]], [[29, 410]], [[30, 410]], [[31, 411]], [[32, 412]], [[33, 411]], [[34, 411]], [[35, 411]], [[36, 410]], [[37, 409]], [[38, 409]], [[39, 409]], [[40, 409]], [[41, 408]], [[42, 408]], [[43, 408]], [[44, 408]], [[45, 408]], [[46, 408]], [[47, 408]], [[48, 409]], [[49, 409]], [[50, 409]], [[51, 409]], [[52, 409]], [[53, 410]], [[54, 410]], [[55, 410]], [[56, 410]], [[57, 411]], [[58, 411]], [[59, 411]], [[60, 411]], [[61, 411]], [[62, 411]], [[63, 411]], [[64, 411]], [[65, 410]], [[66, 409]], [[66, 408]], [[67, 407]], [[68, 406]], [[68, 405]], [[68, 404]], [[69, 403]], [[69, 402]], [[69, 401]], [[70, 400]], [[70, 399]], [[70, 398]], [[70, 397]], [[70, 396]], [[70, 395]], [[70, 394]], [[70, 393]], [[70, 392]], [[69, 391]], [[69, 390]], [[69, 389]], [[68, 388]], [[68, 387]], [[68, 386]], [[68, 385]], [[68, 384]], [[68, 383]], [[68, 382]], [[68, 381]], [[68, 380]], [[67, 380]], [[66, 379]], [[67, 378]], [[67, 377]], [[66, 376]], [[65, 375]], [[65, 374]], [[65, 373]], [[64, 372]], [[64, 371]], [[64, 370]], [[64, 369]], [[63, 368]], [[62, 367]], [[62, 366]], [[61, 365]], [[60, 364]], [[59, 364]], [[58, 364]], [[57, 364]], [[56, 364]], [[55, 364]], [[54, 364]], [[53, 365]], [[52, 365]], [[51, 364]], [[50, 363]], [[49, 362]], [[48, 362]], [[47, 362]], [[46, 362]], [[45, 362]], [[44, 362]], [[43, 362]], [[42, 362]], [[41, 362]], [[40, 361]], [[40, 360]], [[39, 360]], [[38, 360]], [[37, 360]], [[36, 360]], [[35, 360]], [[34, 360]], [[33, 360]], [[32, 360]]]",[[]],[]
113,113,"[[[661, 357]], [[660, 358]], [[659, 358]], [[658, 359]], [[657, 360]], [[656, 360]], [[655, 361]], [[654, 362]], [[653, 362]], [[652, 363]], [[651, 364]], [[650, 364]], [[649, 364]], [[648, 365]], [[647, 364]], [[646, 363]], [[646, 362]], [[645, 361]], [[645, 360]], [[644, 359]], [[643, 359]], [[642, 359]], [[641, 358]], [[640, 358]], [[639, 358]], [[638, 358]], [[637, 358]], [[636, 358]], [[635, 358]], [[634, 359]], [[633, 359]], [[632, 359]], [[631, 360]], [[630, 361]], [[630, 362]], [[629, 363]], [[629, 364]], [[629, 365]], [[628, 366]], [[627, 367]], [[627, 368]], [[627, 369]], [[626, 370]], [[626, 371]], [[627, 372]], [[627, 373]], [[627, 374]], [[627, 375]], [[628, 376]], [[628, 377]], [[628, 378]], [[628, 379]], [[628, 380]], [[629, 381]], [[628, 382]], [[628, 383]], [[628, 384]], [[628, 385]], [[629, 386]], [[629, 387]], [[629, 388]], [[630, 389]], [[630, 390]], [[631, 391]], [[631, 392]], [[630, 393]], [[630, 394]], [[630, 395]], [[630, 396]], [[630, 397]], [[630, 398]], [[629, 399]], [[629, 400]], [[629, 401]], [[629, 402]], [[629, 403]], [[629, 404]], [[629, 405]], [[629, 406]], [[628, 407]], [[628, 408]], [[628, 409]], [[628, 410]], [[628, 411]], [[628, 412]], [[627, 413]], [[627, 414]], [[627, 415]], [[627, 416]], [[627, 417]], [[626, 418]], [[626, 419]], [[626, 420]], [[626, 421]], [[625, 422]], [[625, 423]], [[625, 424]], [[625, 425]], [[625, 426]], [[624, 427]], [[624, 428]], [[624, 429]], [[624, 430]], [[624, 431]], [[624, 432]], [[623, 433]], [[623, 434]], [[623, 435]], [[623, 436]], [[623, 437]], [[623, 438]], [[623, 439]], [[623, 440]], [[623, 441]], [[622, 442]], [[622, 443]], [[622, 444]], [[622, 445]], [[621, 446]], [[621, 447]], [[621, 448]], [[621, 449]], [[621, 450]], [[621, 451]], [[621, 452]], [[620, 453]], [[620, 454]], [[620, 455]], [[620, 456]], [[620, 457]], [[620, 458]], [[620, 459]], [[620, 460]], [[620, 461]], [[620, 462]], [[620, 463]], [[621, 464]], [[621, 465]], [[622, 465]], [[623, 465]], [[624, 465]], [[625, 466]], [[626, 466]], [[627, 466]], [[628, 467]], [[629, 467]], [[630, 468]], [[631, 467]], [[632, 468]], [[633, 468]], [[634, 468]], [[635, 468]], [[636, 468]], [[637, 468]], [[638, 468]], [[639, 468]], [[640, 468]], [[641, 468]], [[642, 468]], [[643, 468]], [[644, 467]], [[644, 466]], [[644, 465]], [[644, 464]], [[645, 463]], [[646, 463]], [[647, 463]], [[648, 463]], [[649, 463]], [[650, 463]], [[651, 463]], [[652, 462]], [[653, 462]], [[654, 461]], [[655, 460]], [[656, 459]], [[656, 458]], [[657, 457]], [[657, 456]], [[658, 455]], [[659, 454]], [[659, 453]], [[660, 452]], [[661, 451]], [[661, 450]], [[662, 449]], [[662, 448]], [[662, 447]], [[663, 446]], [[664, 445]], [[664, 444]], [[665, 443]], [[666, 442]], [[667, 441]], [[668, 441]], [[669, 441]], [[670, 441]], [[671, 440]], [[672, 440]], [[672, 439]], [[673, 438]], [[674, 437]], [[675, 437]], [[676, 436]], [[677, 435]], [[678, 434]], [[678, 433]], [[678, 432]], [[678, 431]], [[679, 430]], [[679, 429]], [[679, 428]], [[679, 427]], [[680, 426]], [[680, 425]], [[680, 424]], [[680, 423]], [[680, 422]], [[679, 421]], [[679, 420]], [[679, 419]], [[679, 418]], [[679, 417]], [[678, 416]], [[678, 415]], [[677, 414]], [[677, 413]], [[677, 412]], [[677, 411]], [[676, 410]], [[676, 409]], [[675, 408]], [[674, 408]], [[673, 408]], [[672, 407]], [[671, 406]], [[670, 405]], [[669, 405]], [[668, 405]], [[667, 404]], [[667, 403]], [[667, 402]], [[667, 401]], [[667, 400]], [[667, 399]], [[667, 398]], [[668, 397]], [[668, 396]], [[668, 395]], [[668, 394]], [[668, 393]], [[668, 392]], [[668, 391]], [[668, 390]], [[667, 389]], [[667, 388]], [[666, 387]], [[666, 386]], [[666, 385]], [[666, 384]], [[666, 383]], [[665, 382]], [[665, 381]], [[665, 380]], [[665, 379]], [[665, 378]], [[665, 377]], [[666, 376]], [[667, 376]], [[668, 375]], [[669, 374]], [[670, 373]], [[670, 372]], [[670, 371]], [[670, 370]], [[671, 369]], [[670, 368]], [[670, 367]], [[670, 366]], [[670, 365]], [[669, 364]], [[669, 363]], [[669, 362]], [[668, 361]], [[667, 360]], [[666, 360]], [[665, 359]], [[664, 358]], [[663, 357]], [[662, 357]]]",[[]],[]
114,114,"[[[561, 356]], [[560, 357]], [[559, 357]], [[558, 357]], [[557, 357]], [[556, 358]], [[555, 359]], [[555, 360]], [[555, 361]], [[555, 362]], [[555, 363]], [[555, 364]], [[554, 365]], [[553, 365]], [[553, 366]], [[553, 367]], [[552, 368]], [[551, 369]], [[550, 369]], [[549, 368]], [[548, 368]], [[547, 367]], [[546, 367]], [[545, 366]], [[544, 366]], [[543, 365]], [[543, 364]], [[542, 364]], [[541, 364]], [[540, 365]], [[540, 366]], [[540, 367]], [[539, 368]], [[538, 368]], [[537, 369]], [[536, 369]], [[535, 369]], [[534, 369]], [[533, 369]], [[532, 370]], [[531, 371]], [[530, 372]], [[530, 373]], [[529, 374]], [[528, 374]], [[528, 375]], [[528, 376]], [[529, 377]], [[529, 378]], [[530, 378]], [[531, 379]], [[532, 380]], [[533, 380]], [[534, 380]], [[535, 380]], [[536, 380]], [[537, 380]], [[538, 380]], [[539, 380]], [[540, 380]], [[541, 380]], [[542, 379]], [[543, 379]], [[544, 378]], [[545, 377]], [[546, 376]], [[547, 375]], [[548, 375]], [[549, 375]], [[550, 374]], [[551, 373]], [[552, 372]], [[553, 372]], [[554, 372]], [[555, 372]], [[556, 373]], [[557, 374]], [[557, 375]], [[557, 376]], [[558, 377]], [[558, 378]], [[559, 379]], [[560, 380]], [[561, 380]], [[562, 380]], [[563, 380]], [[564, 380]], [[565, 379]], [[566, 379]], [[567, 378]], [[568, 378]], [[568, 377]], [[568, 376]], [[569, 375]], [[569, 374]], [[569, 373]], [[569, 372]], [[570, 371]], [[570, 370]], [[570, 369]], [[570, 368]], [[570, 367]], [[570, 366]], [[569, 365]], [[569, 364]], [[568, 363]], [[568, 362]], [[568, 361]], [[567, 360]], [[567, 359]], [[567, 358]], [[566, 357]], [[565, 357]], [[564, 356]], [[563, 356]], [[562, 356]]]","[[], [[[555, 356], [554, 357], [554, 358], [554, 359], [553, 360], [552, 360], [551, 361], [550, 361], [549, 361], [548, 361], [547, 360], [546, 360], [545, 360], [545, 361], [545, 362], [544, 363], [544, 364], [544, 365], [545, 365], [546, 366], [547, 366], [548, 367], [549, 367], [550, 368], [551, 368], [552, 367], [552, 366], [551, 365], [552, 364], [553, 364], [554, 364], [554, 363], [554, 362], [554, 361], [554, 360], [554, 359], [555, 358], [556, 357], [556, 356]]], [[[530, 351], [530, 352], [529, 353], [528, 353], [527, 354], [526, 355], [525, 355], [524, 355], [523, 355], [522, 355], [521, 355], [520, 355], [519, 356], [519, 357], [518, 358], [519, 359], [520, 359], [521, 359], [522, 359], [523, 360], [524, 361], [523, 362], [522, 363], [521, 363], [520, 364], [519, 365], [518, 365], [517, 365], [516, 365], [515, 365], [514, 365], [514, 366], [515, 367], [515, 368], [516, 369], [517, 370], [517, 371], [517, 372], [518, 373], [518, 374], [519, 375], [519, 376], [520, 377], [521, 378], [521, 379], [522, 379], [523, 380], [524, 381], [525, 381], [526, 382], [527, 383], [528, 384], [529, 385], [530, 386], [530, 387], [531, 388], [532, 388], [533, 387], [534, 387], [535, 386], [536, 386], [537, 385], [538, 384], [538, 383], [538, 382], [537, 382], [536, 382], [535, 382], [534, 382], [533, 382], [534, 383], [534, 384], [533, 385], [532, 385], [531, 384], [531, 383], [531, 382], [530, 381], [530, 380], [529, 379], [528, 378], [527, 377], [527, 376], [527, 375], [527, 374], [528, 373], [529, 373], [529, 372], [529, 371], [530, 370], [530, 369], [529, 368], [528, 367], [528, 366], [529, 365], [530, 364], [531, 363], [532, 362], [533, 362], [533, 361], [533, 360], [532, 359], [532, 358], [531, 358], [530, 358], [529, 358], [528, 357], [529, 356], [530, 355], [531, 354], [531, 353], [531, 352]]], [[[546, 378], [545, 379], [544, 380], [543, 380], [542, 381], [542, 382], [542, 383], [542, 384], [542, 385], [541, 386], [540, 387], [541, 388], [542, 389], [543, 388], [544, 387], [545, 386], [545, 385], [545, 384], [545, 383], [546, 382], [547, 381], [548, 381], [549, 381], [550, 381], [550, 380], [550, 379], [550, 378], [549, 378], [548, 378], [547, 378]]], [[[553, 374], [554, 375], [555, 376], [555, 377], [555, 378], [554, 379], [553, 380], [553, 381], [554, 381], [555, 381], [556, 381], [557, 382], [558, 382], [559, 383], [560, 384], [561, 384], [561, 383], [560, 383], [559, 383], [558, 382], [557, 381], [557, 380], [556, 379], [556, 378], [556, 377], [556, 376], [556, 375], [556, 374], [555, 374], [554, 374]]]]","[[], 106, 107, 103, 102]"
115,115,"[[[324, 354]], [[323, 355]], [[322, 356]], [[321, 356]], [[320, 356]], [[319, 357]], [[318, 357]], [[317, 358]], [[316, 358]], [[315, 358]], [[314, 358]], [[313, 358]], [[312, 359]], [[311, 360]], [[310, 360]], [[309, 360]], [[308, 360]], [[307, 360]], [[306, 361]], [[305, 361]], [[304, 362]], [[303, 362]], [[302, 362]], [[301, 362]], [[300, 362]], [[299, 362]], [[298, 363]], [[297, 363]], [[296, 363]], [[295, 364]], [[294, 364]], [[293, 363]], [[293, 362]], [[292, 361]], [[291, 360]], [[290, 359]], [[290, 358]], [[289, 358]], [[288, 357]], [[287, 357]], [[286, 357]], [[285, 356]], [[284, 356]], [[283, 356]], [[282, 356]], [[281, 356]], [[280, 356]], [[279, 356]], [[278, 356]], [[277, 357]], [[277, 358]], [[277, 359]], [[277, 360]], [[278, 361]], [[279, 362]], [[279, 363]], [[280, 364]], [[281, 365]], [[281, 366]], [[281, 367]], [[282, 368]], [[283, 369]], [[284, 370]], [[285, 371]], [[285, 372]], [[285, 373]], [[285, 374]], [[284, 375]], [[284, 376]], [[283, 377]], [[282, 378]], [[281, 378]], [[280, 379]], [[279, 379]], [[278, 380]], [[277, 380]], [[276, 380]], [[275, 380]], [[274, 380]], [[273, 380]], [[272, 380]], [[271, 379]], [[270, 379]], [[269, 379]], [[268, 379]], [[267, 379]], [[266, 379]], [[265, 379]], [[264, 379]], [[263, 379]], [[262, 380]], [[261, 381]], [[260, 382]], [[260, 383]], [[259, 384]], [[259, 385]], [[258, 386]], [[258, 387]], [[258, 388]], [[258, 389]], [[258, 390]], [[257, 391]], [[257, 392]], [[257, 393]], [[257, 394]], [[256, 395]], [[256, 396]], [[256, 397]], [[256, 398]], [[256, 399]], [[255, 400]], [[255, 401]], [[255, 402]], [[255, 403]], [[255, 404]], [[255, 405]], [[255, 406]], [[256, 407]], [[257, 408]], [[258, 409]], [[258, 410]], [[259, 411]], [[260, 411]], [[261, 412]], [[262, 412]], [[263, 413]], [[263, 414]], [[263, 415]], [[264, 416]], [[265, 417]], [[265, 418]], [[266, 418]], [[267, 418]], [[268, 418]], [[269, 417]], [[269, 416]], [[270, 415]], [[271, 415]], [[272, 416]], [[273, 416]], [[274, 416]], [[275, 416]], [[276, 416]], [[277, 416]], [[278, 417]], [[278, 418]], [[278, 419]], [[278, 420]], [[278, 421]], [[278, 422]], [[277, 423]], [[277, 424]], [[277, 425]], [[276, 426]], [[276, 427]], [[275, 428]], [[274, 429]], [[273, 430]], [[272, 430]], [[271, 430]], [[270, 430]], [[269, 431]], [[268, 431]], [[267, 432]], [[267, 433]], [[267, 434]], [[266, 435]], [[266, 436]], [[266, 437]], [[266, 438]], [[266, 439]], [[266, 440]], [[266, 441]], [[267, 442]], [[268, 443]], [[269, 444]], [[269, 445]], [[270, 445]], [[271, 446]], [[272, 446]], [[273, 446]], [[274, 446]], [[275, 447]], [[276, 448]], [[277, 449]], [[278, 449]], [[279, 450]], [[280, 451]], [[281, 451]], [[282, 452]], [[283, 453]], [[283, 454]], [[284, 453]], [[285, 452]], [[286, 453]], [[287, 454]], [[287, 455]], [[287, 456]], [[288, 457]], [[289, 458]], [[290, 459]], [[291, 460]], [[292, 460]], [[293, 461]], [[294, 461]], [[295, 461]], [[296, 461]], [[297, 462]], [[298, 463]], [[299, 464]], [[299, 465]], [[300, 466]], [[301, 467]], [[301, 468]], [[302, 468]], [[303, 468]], [[304, 468]], [[305, 468]], [[306, 468]], [[307, 469]], [[308, 469]], [[309, 469]], [[310, 469]], [[311, 469]], [[312, 468]], [[313, 468]], [[314, 467]], [[315, 467]], [[316, 466]], [[317, 466]], [[318, 465]], [[318, 464]], [[319, 463]], [[320, 463]], [[321, 462]], [[321, 461]], [[321, 460]], [[320, 459]], [[320, 458]], [[320, 457]], [[320, 456]], [[320, 455]], [[320, 454]], [[321, 453]], [[322, 453]], [[323, 453]], [[324, 454]], [[325, 455]], [[326, 455]], [[327, 456]], [[327, 457]], [[328, 457]], [[329, 457]], [[329, 456]], [[330, 455]], [[331, 454]], [[331, 453]], [[331, 452]], [[332, 451]], [[332, 450]], [[332, 449]], [[332, 448]], [[332, 447]], [[331, 446]], [[331, 445]], [[330, 444]], [[330, 443]], [[330, 442]], [[331, 441]], [[332, 440]], [[332, 439]], [[332, 438]], [[333, 437]], [[334, 437]], [[335, 436]], [[336, 437]], [[337, 437]], [[338, 437]], [[339, 437]], [[340, 438]], [[341, 439]], [[342, 439]], [[343, 440]], [[344, 441]], [[345, 442]], [[346, 442]], [[347, 443]], [[348, 443]], [[349, 444]], [[350, 444]], [[351, 444]], [[352, 444]], [[353, 444]], [[354, 444]], [[355, 444]], [[356, 445]], [[357, 445]], [[358, 445]], [[359, 445]], [[360, 445]], [[361, 444]], [[362, 444]], [[363, 444]], [[364, 444]], [[365, 445]], [[366, 446]], [[366, 447]], [[366, 448]], [[367, 449]], [[367, 450]], [[367, 451]], [[367, 452]], [[367, 453]], [[367, 454]], [[367, 455]], [[367, 456]], [[367, 457]], [[367, 458]], [[367, 459]], [[368, 460]], [[369, 461]], [[370, 462]], [[371, 462]], [[372, 462]], [[372, 461]], [[372, 460]], [[373, 459]], [[373, 458]], [[374, 457]], [[375, 456]], [[376, 455]], [[377, 454]], [[378, 455]], [[378, 456]], [[377, 457]], [[377, 458]], [[376, 459]], [[375, 460]], [[375, 461]], [[375, 462]], [[374, 463]], [[374, 464]], [[373, 465]], [[372, 466]], [[372, 467]], [[372, 468]], [[372, 469]], [[372, 470]], [[372, 471]], [[372, 472]], [[372, 473]], [[372, 474]], [[371, 475]], [[371, 476]], [[371, 477]], [[371, 478]], [[371, 479]], [[371, 480]], [[371, 481]], [[371, 482]], [[372, 483]], [[372, 484]], [[372, 485]], [[371, 486]], [[371, 487]], [[370, 488]], [[369, 488]], [[368, 489]], [[367, 490]], [[366, 491]], [[365, 492]], [[364, 493]], [[363, 494]], [[363, 495]], [[362, 496]], [[362, 497]], [[363, 498]], [[363, 499]], [[363, 500]], [[364, 501]], [[364, 502]], [[364, 503]], [[365, 504]], [[365, 505]], [[366, 506]], [[366, 507]], [[365, 508]], [[364, 509]], [[363, 510]], [[363, 511]], [[363, 512]], [[363, 513]], [[363, 514]], [[363, 515]], [[363, 516]], [[364, 516]], [[365, 517]], [[366, 517]], [[367, 518]], [[368, 518]], [[369, 518]], [[370, 518]], [[371, 518]], [[372, 518]], [[373, 518]], [[374, 518]], [[375, 518]], [[376, 518]], [[377, 518]], [[378, 518]], [[379, 519]], [[380, 519]], [[381, 519]], [[382, 519]], [[383, 519]], [[384, 520]], [[385, 520]], [[386, 520]], [[387, 520]], [[388, 520]], [[389, 521]], [[390, 522]], [[391, 523]], [[392, 523]], [[393, 523]], [[394, 523]], [[395, 523]], [[396, 523]], [[397, 522]], [[398, 522]], [[399, 521]], [[399, 520]], [[400, 519]], [[400, 518]], [[401, 517]], [[402, 516]], [[403, 515]], [[403, 514]], [[404, 513]], [[404, 512]], [[405, 511]], [[405, 510]], [[406, 509]], [[406, 508]], [[407, 507]], [[408, 507]], [[408, 506]], [[408, 505]], [[409, 504]], [[410, 503]], [[411, 502]], [[411, 501]], [[412, 500]], [[412, 499]], [[412, 498]], [[413, 497]], [[414, 498]], [[415, 497]], [[416, 497]], [[417, 496]], [[418, 496]], [[419, 496]], [[420, 495]], [[421, 494]], [[422, 493]], [[422, 492]], [[423, 491]], [[423, 490]], [[423, 489]], [[424, 488]], [[424, 487]], [[424, 486]], [[424, 485]], [[424, 484]], [[424, 483]], [[424, 482]], [[424, 481]], [[423, 480]], [[422, 479]], [[421, 478]], [[420, 478]], [[419, 477]], [[418, 477]], [[417, 476]], [[416, 476]], [[415, 475]], [[415, 474]], [[414, 473]], [[414, 472]], [[414, 471]], [[414, 470]], [[413, 469]], [[413, 468]], [[414, 467]], [[414, 466]], [[414, 465]], [[414, 464]], [[414, 463]], [[413, 462]], [[412, 461]], [[412, 460]], [[412, 459]], [[412, 458]], [[411, 457]], [[411, 456]], [[411, 455]], [[410, 454]], [[410, 453]], [[410, 452]], [[409, 451]], [[409, 450]], [[409, 449]], [[408, 448]], [[408, 447]], [[407, 446]], [[406, 445]], [[405, 445]], [[404, 445]], [[403, 445]], [[402, 444]], [[401, 445]], [[400, 445]], [[399, 445]], [[398, 445]], [[397, 446]], [[396, 446]], [[395, 446]], [[394, 447]], [[393, 447]], [[392, 448]], [[391, 448]], [[390, 449]], [[389, 449]], [[388, 450]], [[388, 451]], [[387, 452]], [[386, 452]], [[385, 451]], [[385, 450]], [[385, 449]], [[386, 448]], [[386, 447]], [[386, 446]], [[386, 445]], [[386, 444]], [[385, 443]], [[385, 442]], [[385, 441]], [[384, 440]], [[384, 439]], [[383, 439]], [[382, 438]], [[381, 438]], [[380, 439]], [[380, 440]], [[379, 441]], [[379, 442]], [[378, 443]], [[377, 442]], [[377, 441]], [[377, 440]], [[378, 439]], [[378, 438]], [[378, 437]], [[378, 436]], [[379, 435]], [[379, 434]], [[380, 433]], [[380, 432]], [[380, 431]], [[380, 430]], [[380, 429]], [[380, 428]], [[380, 427]], [[380, 426]], [[381, 425]], [[381, 424]], [[381, 423]], [[380, 422]], [[380, 421]], [[380, 420]], [[380, 419]], [[380, 418]], [[379, 417]], [[379, 416]], [[378, 415]], [[377, 414]], [[376, 414]], [[375, 414]], [[374, 413]], [[373, 412]], [[372, 411]], [[372, 410]], [[371, 409]], [[371, 408]], [[371, 407]], [[371, 406]], [[370, 405]], [[369, 404]], [[369, 403]], [[368, 402]], [[368, 401]], [[367, 400]], [[367, 399]], [[366, 398]], [[366, 397]], [[365, 396]], [[365, 395]], [[364, 394]], [[364, 393]], [[363, 392]], [[363, 391]], [[362, 390]], [[362, 389]], [[361, 388]], [[361, 387]], [[360, 386]], [[360, 385]], [[359, 384]], [[358, 383]], [[358, 382]], [[357, 382]], [[356, 381]], [[356, 380]], [[355, 379]], [[354, 378]], [[353, 378]], [[352, 377]], [[351, 377]], [[350, 376]], [[349, 375]], [[348, 374]], [[347, 374]], [[346, 374]], [[345, 373]], [[344, 373]], [[343, 373]], [[342, 373]], [[341, 372]], [[340, 372]], [[339, 371]], [[338, 370]], [[337, 369]], [[337, 368]], [[336, 367]], [[335, 367]], [[334, 366]], [[334, 365]], [[334, 364]], [[334, 363]], [[334, 362]], [[334, 361]], [[334, 360]], [[335, 359]], [[335, 358]], [[334, 357]], [[334, 356]], [[333, 355]], [[332, 355]], [[331, 355]], [[330, 354]], [[329, 354]], [[328, 354]], [[327, 354]], [[326, 354]], [[325, 354]]]","[[], [[[299, 467], [299, 468], [299, 469], [299, 470], [300, 471], [300, 472], [300, 473], [299, 474], [298, 474], [297, 475], [296, 475], [295, 476], [294, 476], [293, 475], [292, 475], [291, 475], [290, 476], [291, 476], [292, 476], [293, 477], [294, 477], [295, 477], [296, 477], [297, 476], [298, 476], [299, 476], [300, 476], [300, 475], [300, 474], [300, 473], [301, 472], [302, 471], [303, 471], [304, 471], [305, 470], [306, 471], [307, 471], [308, 472], [309, 472], [310, 472], [310, 471], [310, 470], [309, 470], [308, 470], [307, 470], [306, 470], [305, 470], [304, 470], [303, 470], [302, 471], [301, 470], [301, 469], [300, 468]]], [[[430, 481], [431, 482], [431, 483], [430, 484], [430, 485], [429, 486], [428, 487], [427, 486], [426, 485], [425, 485], [425, 486], [425, 487], [425, 488], [426, 487], [427, 488], [428, 488], [429, 488], [430, 487], [431, 488], [432, 488], [433, 487], [433, 486], [434, 485], [434, 484], [435, 483], [436, 483], [435, 483], [434, 484], [433, 484], [432, 483], [432, 482], [431, 482]]], [[[401, 441], [400, 442], [399, 443], [398, 443], [397, 444], [396, 444], [395, 444], [394, 444], [393, 445], [392, 445], [391, 445], [391, 446], [390, 447], [389, 447], [388, 447], [388, 448], [389, 448], [390, 448], [391, 447], [392, 447], [393, 446], [394, 446], [395, 445], [396, 445], [397, 444], [398, 444], [399, 444], [400, 444], [401, 443], [402, 443], [403, 443], [404, 443], [403, 442], [402, 441]]]]","[[], 110, 111, 112]"
116,116,"[[[226, 351]], [[225, 352]], [[224, 352]], [[223, 352]], [[222, 353]], [[221, 353]], [[220, 354]], [[219, 354]], [[218, 354]], [[217, 355]], [[216, 356]], [[215, 356]], [[214, 356]], [[213, 357]], [[212, 358]], [[211, 358]], [[210, 359]], [[209, 360]], [[208, 360]], [[207, 360]], [[206, 361]], [[205, 361]], [[204, 362]], [[203, 363]], [[202, 364]], [[202, 365]], [[201, 366]], [[201, 367]], [[200, 368]], [[199, 368]], [[198, 369]], [[197, 370]], [[197, 371]], [[196, 372]], [[196, 373]], [[195, 374]], [[195, 375]], [[194, 376]], [[194, 377]], [[194, 378]], [[194, 379]], [[194, 380]], [[194, 381]], [[194, 382]], [[194, 383]], [[194, 384]], [[195, 385]], [[195, 386]], [[196, 387]], [[196, 388]], [[197, 389]], [[197, 390]], [[198, 391]], [[199, 391]], [[200, 391]], [[201, 392]], [[202, 393]], [[203, 394]], [[204, 395]], [[205, 395]], [[206, 396]], [[206, 397]], [[206, 398]], [[207, 399]], [[207, 400]], [[207, 401]], [[207, 402]], [[207, 403]], [[207, 404]], [[207, 405]], [[206, 406]], [[206, 407]], [[206, 408]], [[206, 409]], [[206, 410]], [[206, 411]], [[206, 412]], [[206, 413]], [[207, 414]], [[207, 415]], [[207, 416]], [[207, 417]], [[208, 418]], [[209, 419]], [[209, 420]], [[210, 420]], [[211, 420]], [[212, 421]], [[213, 422]], [[214, 423]], [[214, 424]], [[215, 425]], [[215, 426]], [[216, 425]], [[217, 426]], [[218, 427]], [[218, 428]], [[219, 429]], [[220, 430]], [[220, 431]], [[221, 432]], [[222, 432]], [[223, 432]], [[224, 432]], [[225, 433]], [[226, 433]], [[227, 434]], [[228, 434]], [[229, 434]], [[230, 435]], [[231, 436]], [[232, 435]], [[233, 436]], [[234, 436]], [[235, 436]], [[236, 436]], [[237, 436]], [[238, 436]], [[239, 436]], [[240, 436]], [[241, 435]], [[242, 434]], [[243, 433]], [[243, 432]], [[244, 431]], [[244, 430]], [[245, 429]], [[245, 428]], [[246, 427]], [[246, 426]], [[246, 425]], [[247, 424]], [[248, 423]], [[248, 422]], [[248, 421]], [[248, 420]], [[248, 419]], [[248, 418]], [[248, 417]], [[248, 416]], [[248, 415]], [[248, 414]], [[248, 413]], [[247, 413]], [[246, 412]], [[245, 411]], [[246, 410]], [[246, 409]], [[246, 408]], [[246, 407]], [[247, 406]], [[248, 405]], [[249, 405]], [[250, 404]], [[250, 403]], [[251, 402]], [[251, 401]], [[252, 400]], [[252, 399]], [[253, 398]], [[254, 397]], [[254, 396]], [[253, 395]], [[253, 394]], [[253, 393]], [[254, 392]], [[254, 391]], [[253, 391]], [[252, 390]], [[251, 389]], [[251, 388]], [[250, 387]], [[250, 386]], [[249, 386]], [[248, 385]], [[247, 384]], [[246, 383]], [[246, 382]], [[246, 381]], [[246, 380]], [[247, 379]], [[248, 379]], [[248, 378]], [[249, 377]], [[250, 376]], [[250, 375]], [[250, 374]], [[250, 373]], [[250, 372]], [[250, 371]], [[250, 370]], [[249, 369]], [[248, 368]], [[248, 367]], [[247, 366]], [[246, 365]], [[245, 365]], [[244, 364]], [[243, 363]], [[243, 362]], [[242, 361]], [[242, 360]], [[242, 359]], [[241, 358]], [[240, 357]], [[240, 356]], [[239, 355]], [[238, 354]], [[237, 353]], [[236, 352]], [[235, 351]], [[234, 351]], [[233, 351]], [[232, 351]], [[231, 351]], [[230, 351]], [[229, 351]], [[228, 351]], [[227, 351]]]","[[], [[[217, 431], [218, 432], [217, 433], [217, 434], [216, 435], [215, 436], [214, 436], [213, 436], [212, 436], [211, 437], [210, 437], [209, 438], [208, 438], [207, 438], [206, 438], [205, 438], [204, 438], [203, 438], [202, 438], [203, 439], [204, 439], [205, 440], [206, 440], [207, 440], [208, 441], [209, 441], [210, 441], [211, 441], [212, 441], [213, 441], [214, 440], [214, 439], [214, 438], [215, 437], [215, 436], [216, 435], [217, 435], [218, 434], [217, 433], [218, 432], [219, 431], [218, 431]]], [[[250, 405], [249, 406], [248, 406], [247, 407], [247, 408], [247, 409], [247, 410], [246, 411], [247, 412], [248, 412], [249, 413], [249, 414], [250, 414], [251, 414], [252, 413], [253, 412], [254, 412], [255, 412], [255, 411], [255, 410], [254, 409], [253, 408], [253, 407], [253, 406], [252, 406], [251, 406]]]]","[[], 113, 114]"
117,117,"[[[719, 338]], [[718, 339]], [[718, 340]], [[718, 341]], [[717, 342]], [[716, 342]], [[716, 343]], [[715, 344]], [[715, 345]], [[715, 346]], [[714, 347]], [[714, 348]], [[713, 349]], [[712, 350]], [[711, 351]], [[711, 352]], [[710, 353]], [[709, 354]], [[709, 355]], [[708, 356]], [[707, 357]], [[707, 358]], [[707, 359]], [[707, 360]], [[707, 361]], [[707, 362]], [[707, 363]], [[707, 364]], [[708, 365]], [[709, 366]], [[710, 367]], [[710, 368]], [[711, 369]], [[712, 370]], [[713, 371]], [[714, 372]], [[715, 373]], [[715, 374]], [[715, 375]], [[716, 376]], [[717, 377]], [[718, 377]], [[719, 377]], [[720, 377]], [[721, 377]], [[722, 377]], [[723, 377]], [[724, 377]], [[725, 377]], [[726, 377]], [[727, 377]], [[728, 377]], [[729, 377]], [[730, 376]], [[731, 375]], [[732, 374]], [[733, 373]], [[734, 373]], [[735, 372]], [[735, 371]], [[736, 370]], [[737, 369]], [[738, 368]], [[739, 367]], [[740, 366]], [[740, 365]], [[740, 364]], [[740, 363]], [[741, 362]], [[742, 362]], [[743, 362]], [[744, 363]], [[744, 362]], [[743, 361]], [[743, 360]], [[744, 359]], [[745, 358]], [[746, 357]], [[747, 356]], [[748, 355]], [[748, 354]], [[748, 353]], [[748, 352]], [[749, 351]], [[749, 350]], [[750, 349]], [[749, 348]], [[748, 347]], [[747, 347]], [[746, 346]], [[745, 346]], [[744, 346]], [[743, 346]], [[742, 346]], [[741, 345]], [[740, 344]], [[739, 344]], [[738, 343]], [[737, 342]], [[736, 341]], [[735, 341]], [[734, 341]], [[733, 341]], [[732, 340]], [[731, 340]], [[730, 339]], [[729, 339]], [[728, 339]], [[727, 339]], [[726, 339]], [[725, 339]], [[724, 338]], [[723, 338]], [[722, 338]], [[721, 338]], [[720, 338]]]",[[]],[]
118,118,"[[[243, 324]], [[242, 325]], [[241, 325]], [[240, 326]], [[239, 327]], [[238, 328]], [[237, 328]], [[236, 329]], [[235, 330]], [[234, 331]], [[234, 332]], [[233, 333]], [[233, 334]], [[233, 335]], [[233, 336]], [[232, 337]], [[232, 338]], [[232, 339]], [[232, 340]], [[232, 341]], [[233, 342]], [[234, 342]], [[235, 343]], [[236, 343]], [[237, 343]], [[238, 343]], [[239, 343]], [[240, 342]], [[241, 342]], [[242, 341]], [[243, 341]], [[244, 342]], [[245, 343]], [[246, 344]], [[246, 345]], [[246, 346]], [[247, 347]], [[246, 348]], [[246, 349]], [[246, 350]], [[246, 351]], [[246, 352]], [[247, 353]], [[248, 354]], [[248, 355]], [[249, 355]], [[250, 355]], [[251, 355]], [[252, 355]], [[253, 355]], [[253, 354]], [[254, 353]], [[254, 352]], [[255, 351]], [[255, 350]], [[256, 349]], [[256, 348]], [[256, 347]], [[256, 346]], [[256, 345]], [[257, 344]], [[257, 343]], [[257, 342]], [[258, 341]], [[258, 340]], [[258, 339]], [[258, 338]], [[258, 337]], [[258, 336]], [[258, 335]], [[257, 334]], [[257, 333]], [[256, 332]], [[256, 331]], [[256, 330]], [[255, 329]], [[255, 328]], [[254, 327]], [[253, 326]], [[252, 325]], [[251, 325]], [[250, 324]], [[249, 324]], [[248, 324]], [[247, 324]], [[246, 324]], [[245, 324]], [[244, 324]]]","[[], [[[252, 320], [251, 321], [250, 322], [249, 322], [249, 323], [250, 323], [251, 324], [252, 324], [253, 325], [254, 326], [255, 327], [256, 328], [257, 329], [258, 329], [258, 328], [259, 327], [259, 326], [258, 326], [257, 327], [256, 327], [255, 326], [254, 326], [253, 325], [253, 324], [253, 323], [253, 322], [254, 321], [254, 320], [253, 320]]]]","[[], 115]"
119,119,"[[[388, 319]], [[387, 320]], [[386, 320]], [[385, 321]], [[384, 321]], [[383, 322]], [[382, 322]], [[381, 322]], [[380, 323]], [[379, 324]], [[378, 324]], [[377, 324]], [[376, 325]], [[375, 326]], [[374, 326]], [[373, 327]], [[372, 327]], [[371, 327]], [[370, 326]], [[369, 325]], [[368, 324]], [[367, 324]], [[366, 324]], [[365, 325]], [[364, 326]], [[363, 327]], [[362, 328]], [[361, 329]], [[360, 330]], [[359, 331]], [[358, 332]], [[357, 333]], [[356, 334]], [[355, 334]], [[354, 335]], [[353, 336]], [[352, 336]], [[351, 337]], [[350, 337]], [[349, 338]], [[348, 338]], [[347, 339]], [[346, 340]], [[345, 340]], [[344, 341]], [[343, 342]], [[342, 342]], [[341, 343]], [[340, 344]], [[340, 345]], [[340, 346]], [[340, 347]], [[340, 348]], [[340, 349]], [[340, 350]], [[341, 351]], [[342, 352]], [[343, 353]], [[344, 354]], [[344, 355]], [[345, 356]], [[345, 357]], [[346, 357]], [[347, 358]], [[348, 358]], [[349, 358]], [[350, 358]], [[351, 357]], [[352, 356]], [[353, 355]], [[353, 354]], [[354, 353]], [[354, 352]], [[355, 351]], [[355, 350]], [[355, 349]], [[355, 348]], [[355, 347]], [[355, 346]], [[355, 345]], [[355, 344]], [[356, 343]], [[356, 342]], [[356, 341]], [[356, 340]], [[356, 339]], [[356, 338]], [[356, 337]], [[357, 336]], [[358, 335]], [[359, 335]], [[360, 334]], [[361, 334]], [[362, 335]], [[363, 336]], [[364, 336]], [[365, 337]], [[366, 337]], [[367, 337]], [[368, 337]], [[369, 338]], [[370, 338]], [[371, 338]], [[372, 339]], [[373, 340]], [[374, 340]], [[375, 340]], [[376, 340]], [[377, 341]], [[378, 341]], [[379, 342]], [[380, 343]], [[381, 343]], [[382, 344]], [[383, 344]], [[384, 343]], [[385, 344]], [[386, 343]], [[387, 343]], [[388, 343]], [[389, 342]], [[390, 342]], [[391, 341]], [[392, 341]], [[393, 340]], [[394, 339]], [[395, 338]], [[396, 337]], [[396, 336]], [[397, 335]], [[397, 334]], [[397, 333]], [[397, 332]], [[397, 331]], [[397, 330]], [[397, 329]], [[397, 328]], [[397, 327]], [[397, 326]], [[397, 325]], [[396, 324]], [[396, 323]], [[396, 322]], [[395, 321]], [[395, 320]], [[394, 320]], [[393, 319]], [[392, 319]], [[391, 319]], [[390, 319]], [[389, 319]]]","[[], [[[354, 355], [353, 356], [352, 357], [351, 358], [350, 359], [349, 359], [348, 359], [347, 360], [347, 361], [347, 362], [348, 363], [348, 364], [349, 364], [350, 363], [351, 362], [352, 362], [353, 362], [354, 362], [355, 363], [356, 363], [357, 363], [358, 364], [359, 365], [360, 365], [361, 364], [361, 363], [362, 362], [363, 361], [364, 361], [364, 360], [363, 360], [362, 360], [361, 360], [360, 359], [359, 358], [358, 357], [357, 358], [356, 358], [355, 357], [354, 356]]], [[[378, 343], [377, 344], [377, 345], [377, 346], [378, 347], [379, 348], [380, 349], [380, 350], [380, 351], [380, 352], [380, 353], [380, 354], [380, 355], [380, 356], [379, 357], [379, 358], [378, 359], [378, 360], [379, 359], [379, 358], [380, 357], [381, 357], [382, 357], [382, 356], [382, 355], [382, 354], [382, 353], [382, 352], [382, 351], [382, 350], [383, 349], [383, 348], [383, 347], [383, 346], [382, 346], [381, 345], [380, 345], [379, 344]]]]","[[], 116, 117]"
120,120,"[[[730, 276]], [[729, 277]], [[728, 277]], [[727, 278]], [[726, 278]], [[725, 278]], [[724, 278]], [[723, 279]], [[722, 279]], [[721, 280]], [[720, 281]], [[720, 282]], [[719, 283]], [[718, 284]], [[718, 285]], [[718, 286]], [[718, 287]], [[718, 288]], [[718, 289]], [[717, 290]], [[716, 290]], [[715, 289]], [[714, 289]], [[713, 288]], [[712, 288]], [[711, 289]], [[710, 289]], [[709, 289]], [[708, 289]], [[707, 289]], [[706, 288]], [[707, 287]], [[708, 287]], [[709, 286]], [[710, 286]], [[710, 285]], [[710, 284]], [[709, 283]], [[709, 282]], [[708, 281]], [[708, 280]], [[707, 279]], [[706, 279]], [[705, 279]], [[704, 279]], [[703, 279]], [[702, 279]], [[701, 280]], [[700, 280]], [[700, 281]], [[700, 282]], [[700, 283]], [[700, 284]], [[700, 285]], [[700, 286]], [[701, 287]], [[701, 288]], [[701, 289]], [[700, 290]], [[699, 291]], [[698, 291]], [[697, 291]], [[696, 291]], [[695, 292]], [[694, 293]], [[693, 294]], [[692, 295]], [[691, 296]], [[691, 297]], [[690, 298]], [[689, 299]], [[689, 300]], [[688, 301]], [[688, 302]], [[688, 303]], [[688, 304]], [[688, 305]], [[688, 306]], [[688, 307]], [[688, 308]], [[688, 309]], [[688, 310]], [[688, 311]], [[688, 312]], [[688, 313]], [[688, 314]], [[688, 315]], [[688, 316]], [[688, 317]], [[688, 318]], [[689, 319]], [[689, 320]], [[689, 321]], [[689, 322]], [[690, 323]], [[691, 324]], [[691, 325]], [[692, 326]], [[693, 327]], [[693, 328]], [[694, 328]], [[695, 329]], [[695, 330]], [[696, 331]], [[697, 332]], [[698, 333]], [[699, 333]], [[700, 333]], [[701, 334]], [[702, 334]], [[703, 334]], [[704, 334]], [[705, 334]], [[706, 334]], [[707, 334]], [[708, 333]], [[709, 333]], [[710, 333]], [[711, 332]], [[712, 331]], [[713, 330]], [[714, 329]], [[715, 329]], [[716, 328]], [[717, 328]], [[718, 328]], [[719, 328]], [[720, 329]], [[721, 329]], [[722, 328]], [[723, 328]], [[724, 328]], [[725, 328]], [[726, 328]], [[727, 328]], [[728, 327]], [[729, 327]], [[729, 326]], [[730, 325]], [[731, 326]], [[732, 325]], [[733, 325]], [[734, 325]], [[735, 325]], [[736, 324]], [[737, 324]], [[738, 324]], [[739, 324]], [[740, 324]], [[741, 324]], [[742, 324]], [[743, 323]], [[744, 323]], [[745, 322]], [[746, 322]], [[747, 322]], [[748, 321]], [[749, 320]], [[750, 320]], [[751, 319]], [[752, 319]], [[753, 319]], [[754, 318]], [[755, 317]], [[755, 316]], [[756, 315]], [[756, 314]], [[756, 313]], [[757, 312]], [[757, 311]], [[757, 310]], [[757, 309]], [[757, 308]], [[756, 307]], [[755, 306]], [[754, 305]], [[753, 304]], [[752, 304]], [[751, 303]], [[750, 302]], [[749, 303]], [[748, 302]], [[747, 302]], [[746, 302]], [[745, 301]], [[745, 300]], [[744, 299]], [[744, 298]], [[744, 297]], [[744, 296]], [[744, 295]], [[744, 294]], [[744, 293]], [[743, 292]], [[742, 291]], [[742, 290]], [[742, 289]], [[742, 288]], [[741, 287]], [[740, 286]], [[740, 285]], [[739, 284]], [[739, 283]], [[739, 282]], [[738, 281]], [[737, 280]], [[737, 279]], [[736, 278]], [[735, 277]], [[734, 277]], [[733, 276]], [[732, 276]], [[731, 276]]]",[[]],[]
121,121,"[[[197, 276]], [[196, 277]], [[195, 278]], [[194, 277]], [[193, 277]], [[192, 277]], [[191, 278]], [[190, 278]], [[189, 278]], [[188, 278]], [[187, 279]], [[186, 279]], [[185, 279]], [[184, 280]], [[183, 280]], [[182, 281]], [[182, 282]], [[181, 283]], [[180, 284]], [[179, 285]], [[178, 286]], [[177, 287]], [[176, 287]], [[175, 288]], [[174, 288]], [[173, 289]], [[172, 289]], [[171, 290]], [[170, 290]], [[169, 290]], [[168, 290]], [[167, 290]], [[166, 290]], [[165, 291]], [[164, 291]], [[163, 292]], [[162, 293]], [[161, 294]], [[160, 295]], [[160, 296]], [[159, 297]], [[159, 298]], [[158, 299]], [[157, 300]], [[156, 301]], [[156, 302]], [[155, 303]], [[154, 304]], [[154, 305]], [[154, 306]], [[153, 307]], [[153, 308]], [[153, 309]], [[153, 310]], [[154, 311]], [[154, 312]], [[154, 313]], [[154, 314]], [[154, 315]], [[154, 316]], [[154, 317]], [[155, 318]], [[156, 319]], [[157, 319]], [[158, 319]], [[159, 320]], [[160, 320]], [[161, 320]], [[162, 321]], [[163, 321]], [[164, 321]], [[165, 321]], [[166, 321]], [[167, 321]], [[168, 321]], [[169, 321]], [[170, 322]], [[171, 322]], [[172, 322]], [[173, 322]], [[174, 322]], [[175, 322]], [[176, 322]], [[177, 323]], [[178, 323]], [[179, 323]], [[180, 323]], [[181, 323]], [[182, 323]], [[183, 323]], [[184, 323]], [[185, 323]], [[186, 323]], [[187, 323]], [[188, 323]], [[189, 323]], [[190, 323]], [[191, 324]], [[192, 324]], [[193, 324]], [[194, 324]], [[195, 324]], [[196, 324]], [[197, 324]], [[198, 325]], [[199, 325]], [[200, 325]], [[201, 326]], [[202, 326]], [[203, 326]], [[204, 326]], [[205, 326]], [[206, 326]], [[207, 326]], [[208, 326]], [[209, 326]], [[210, 326]], [[211, 326]], [[212, 326]], [[213, 325]], [[214, 325]], [[215, 324]], [[216, 323]], [[217, 323]], [[218, 322]], [[219, 321]], [[220, 321]], [[221, 320]], [[221, 319]], [[222, 318]], [[223, 317]], [[224, 316]], [[224, 315]], [[225, 314]], [[226, 313]], [[226, 312]], [[227, 311]], [[227, 310]], [[228, 309]], [[228, 308]], [[228, 307]], [[228, 306]], [[229, 305]], [[229, 304]], [[229, 303]], [[229, 302]], [[229, 301]], [[229, 300]], [[229, 299]], [[229, 298]], [[229, 297]], [[229, 296]], [[229, 295]], [[228, 294]], [[228, 293]], [[227, 292]], [[227, 291]], [[227, 290]], [[226, 289]], [[226, 288]], [[225, 287]], [[224, 286]], [[224, 285]], [[223, 284]], [[222, 283]], [[221, 282]], [[220, 281]], [[219, 280]], [[218, 279]], [[217, 279]], [[216, 278]], [[215, 278]], [[214, 278]], [[213, 278]], [[212, 277]], [[211, 277]], [[210, 277]], [[209, 276]], [[208, 276]], [[207, 276]], [[206, 276]], [[205, 276]], [[204, 276]], [[203, 276]], [[202, 276]], [[201, 276]], [[200, 276]], [[199, 276]], [[198, 276]]]",[[]],[]
122,122,"[[[465, 271]], [[464, 272]], [[463, 272]], [[462, 272]], [[462, 273]], [[461, 274]], [[461, 275]], [[460, 276]], [[460, 277]], [[459, 278]], [[459, 279]], [[459, 280]], [[459, 281]], [[460, 282]], [[460, 283]], [[460, 284]], [[459, 285]], [[459, 286]], [[458, 287]], [[457, 288]], [[457, 289]], [[456, 290]], [[456, 291]], [[455, 292]], [[454, 293]], [[454, 294]], [[453, 295]], [[453, 296]], [[452, 297]], [[452, 298]], [[452, 299]], [[451, 300]], [[451, 301]], [[451, 302]], [[451, 303]], [[451, 304]], [[451, 305]], [[451, 306]], [[451, 307]], [[452, 308]], [[452, 309]], [[453, 310]], [[454, 311]], [[455, 312]], [[456, 313]], [[457, 314]], [[457, 315]], [[458, 315]], [[459, 316]], [[460, 317]], [[461, 318]], [[462, 319]], [[463, 319]], [[464, 319]], [[465, 320]], [[466, 320]], [[467, 320]], [[468, 321]], [[469, 322]], [[470, 321]], [[471, 321]], [[472, 321]], [[473, 321]], [[474, 321]], [[475, 321]], [[476, 321]], [[477, 320]], [[478, 320]], [[479, 319]], [[480, 318]], [[481, 317]], [[481, 316]], [[482, 315]], [[482, 314]], [[483, 313]], [[484, 313]], [[485, 312]], [[485, 311]], [[486, 310]], [[487, 310]], [[488, 311]], [[488, 312]], [[487, 313]], [[486, 314]], [[486, 315]], [[486, 316]], [[485, 317]], [[485, 318]], [[485, 319]], [[485, 320]], [[486, 321]], [[486, 322]], [[486, 323]], [[486, 324]], [[486, 325]], [[486, 326]], [[486, 327]], [[486, 328]], [[487, 328]], [[488, 329]], [[488, 330]], [[488, 331]], [[488, 332]], [[488, 333]], [[488, 334]], [[488, 335]], [[489, 336]], [[489, 337]], [[488, 338]], [[488, 339]], [[488, 340]], [[489, 339]], [[490, 340]], [[491, 340]], [[492, 341]], [[493, 341]], [[494, 342]], [[494, 343]], [[495, 344]], [[495, 345]], [[496, 345]], [[497, 346]], [[498, 347]], [[499, 348]], [[500, 349]], [[501, 349]], [[502, 349]], [[503, 349]], [[504, 349]], [[505, 350]], [[506, 351]], [[507, 351]], [[508, 351]], [[509, 350]], [[510, 349]], [[510, 348]], [[510, 347]], [[510, 346]], [[511, 345]], [[512, 344]], [[512, 343]], [[512, 342]], [[512, 341]], [[512, 340]], [[512, 339]], [[512, 338]], [[512, 337]], [[512, 336]], [[512, 335]], [[512, 334]], [[512, 333]], [[512, 332]], [[513, 331]], [[513, 330]], [[513, 329]], [[513, 328]], [[512, 327]], [[513, 326]], [[514, 326]], [[515, 326]], [[516, 327]], [[517, 327]], [[518, 328]], [[519, 329]], [[520, 329]], [[521, 330]], [[522, 331]], [[523, 331]], [[524, 332]], [[525, 332]], [[526, 332]], [[527, 333]], [[527, 334]], [[527, 335]], [[527, 336]], [[527, 337]], [[526, 338]], [[526, 339]], [[526, 340]], [[525, 341]], [[525, 342]], [[525, 343]], [[526, 344]], [[526, 345]], [[527, 346]], [[528, 346]], [[529, 346]], [[530, 346]], [[531, 347]], [[532, 348]], [[532, 349]], [[533, 350]], [[534, 350]], [[535, 351]], [[536, 352]], [[537, 352]], [[538, 353]], [[538, 354]], [[539, 354]], [[540, 355]], [[541, 355]], [[542, 356]], [[543, 356]], [[544, 357]], [[544, 356]], [[545, 355]], [[546, 354]], [[547, 354]], [[548, 354]], [[549, 355]], [[550, 355]], [[551, 355]], [[552, 354]], [[552, 353]], [[552, 352]], [[551, 351]], [[550, 351]], [[549, 350]], [[549, 349]], [[550, 348]], [[551, 348]], [[551, 347]], [[551, 346]], [[551, 345]], [[551, 344]], [[551, 343]], [[551, 342]], [[551, 341]], [[551, 340]], [[551, 339]], [[551, 338]], [[551, 337]], [[550, 336]], [[550, 335]], [[550, 334]], [[550, 333]], [[550, 332]], [[549, 332]], [[548, 332]], [[547, 332]], [[546, 332]], [[545, 332]], [[544, 332]], [[543, 332]], [[542, 332]], [[541, 332]], [[540, 332]], [[539, 332]], [[538, 331]], [[537, 331]], [[536, 331]], [[535, 330]], [[536, 329]], [[537, 328]], [[538, 328]], [[538, 327]], [[538, 326]], [[538, 325]], [[538, 324]], [[538, 323]], [[538, 322]], [[538, 321]], [[537, 320]], [[537, 319]], [[536, 318]], [[535, 318]], [[534, 317]], [[533, 316]], [[532, 316]], [[531, 316]], [[530, 315]], [[529, 315]], [[528, 315]], [[527, 314]], [[526, 313]], [[525, 312]], [[524, 312]], [[523, 311]], [[522, 310]], [[521, 310]], [[520, 310]], [[519, 309]], [[519, 308]], [[518, 307]], [[517, 306]], [[516, 305]], [[515, 304]], [[515, 303]], [[514, 303]], [[513, 303]], [[512, 304]], [[511, 304]], [[510, 303]], [[509, 302]], [[508, 302]], [[507, 302]], [[506, 302]], [[505, 301]], [[504, 301]], [[503, 301]], [[502, 301]], [[501, 302]], [[500, 303]], [[499, 303]], [[498, 302]], [[497, 303]], [[496, 303]], [[495, 304]], [[494, 304]], [[493, 304]], [[492, 304]], [[491, 304]], [[490, 303]], [[491, 302]], [[491, 301]], [[492, 300]], [[493, 299]], [[493, 298]], [[494, 297]], [[495, 296]], [[495, 295]], [[495, 294]], [[496, 293]], [[496, 292]], [[496, 291]], [[496, 290]], [[496, 289]], [[496, 288]], [[495, 287]], [[494, 286]], [[493, 286]], [[492, 286]], [[491, 286]], [[490, 285]], [[489, 285]], [[488, 284]], [[487, 284]], [[486, 283]], [[485, 282]], [[484, 282]], [[483, 281]], [[482, 281]], [[481, 281]], [[480, 280]], [[479, 280]], [[478, 280]], [[477, 279]], [[476, 278]], [[475, 278]], [[474, 277]], [[473, 276]], [[472, 275]], [[471, 274]], [[470, 273]], [[470, 272]], [[469, 272]], [[468, 271]], [[467, 271]], [[466, 271]]]",[[]],[]
123,123,"[[[166, 269]], [[165, 270]], [[164, 271]], [[163, 271]], [[162, 271]], [[161, 272]], [[160, 272]], [[159, 272]], [[158, 271]], [[157, 271]], [[156, 271]], [[155, 271]], [[154, 270]], [[153, 270]], [[152, 270]], [[151, 270]], [[150, 271]], [[149, 271]], [[148, 272]], [[147, 273]], [[147, 274]], [[147, 275]], [[146, 276]], [[145, 276]], [[145, 277]], [[145, 278]], [[145, 279]], [[145, 280]], [[145, 281]], [[146, 282]], [[146, 283]], [[147, 284]], [[147, 285]], [[147, 286]], [[147, 287]], [[147, 288]], [[147, 289]], [[147, 290]], [[147, 291]], [[147, 292]], [[148, 293]], [[147, 294]], [[147, 295]], [[146, 296]], [[147, 296]], [[148, 295]], [[149, 295]], [[150, 294]], [[150, 293]], [[150, 292]], [[151, 291]], [[152, 291]], [[153, 291]], [[154, 291]], [[155, 291]], [[156, 290]], [[157, 290]], [[158, 289]], [[159, 288]], [[160, 288]], [[161, 287]], [[162, 286]], [[163, 285]], [[164, 285]], [[165, 284]], [[166, 283]], [[167, 282]], [[168, 281]], [[169, 281]], [[170, 280]], [[171, 279]], [[171, 278]], [[172, 277]], [[172, 276]], [[172, 275]], [[172, 274]], [[172, 273]], [[173, 272]], [[172, 271]], [[172, 270]], [[171, 269]], [[170, 269]], [[169, 269]], [[168, 269]], [[167, 269]]]",[[]],[]
124,124,"[[[639, 268]], [[638, 269]], [[637, 269]], [[636, 270]], [[635, 270]], [[634, 270]], [[633, 270]], [[632, 271]], [[631, 272]], [[630, 273]], [[629, 274]], [[629, 275]], [[629, 276]], [[628, 277]], [[627, 277]], [[627, 278]], [[627, 279]], [[627, 280]], [[628, 281]], [[629, 282]], [[630, 282]], [[631, 283]], [[631, 284]], [[631, 285]], [[631, 286]], [[631, 287]], [[631, 288]], [[632, 287]], [[633, 287]], [[634, 288]], [[634, 289]], [[633, 290]], [[632, 290]], [[631, 290]], [[630, 290]], [[629, 290]], [[628, 291]], [[627, 291]], [[626, 291]], [[625, 291]], [[624, 290]], [[623, 290]], [[622, 290]], [[621, 290]], [[620, 290]], [[619, 290]], [[618, 290]], [[617, 290]], [[616, 290]], [[615, 291]], [[614, 291]], [[614, 292]], [[614, 293]], [[614, 294]], [[614, 295]], [[614, 296]], [[614, 297]], [[614, 298]], [[614, 299]], [[614, 300]], [[614, 301]], [[614, 302]], [[614, 303]], [[614, 304]], [[615, 304]], [[616, 305]], [[616, 306]], [[615, 307]], [[614, 307]], [[613, 308]], [[613, 309]], [[613, 310]], [[612, 311]], [[612, 312]], [[612, 313]], [[612, 314]], [[611, 315]], [[611, 316]], [[611, 317]], [[611, 318]], [[612, 319]], [[612, 320]], [[613, 321]], [[613, 322]], [[614, 323]], [[615, 323]], [[616, 323]], [[617, 324]], [[618, 324]], [[619, 324]], [[620, 324]], [[621, 324]], [[622, 324]], [[623, 323]], [[624, 323]], [[625, 322]], [[626, 322]], [[627, 321]], [[628, 320]], [[629, 319]], [[629, 318]], [[630, 317]], [[631, 317]], [[632, 317]], [[633, 318]], [[634, 318]], [[635, 317]], [[636, 317]], [[637, 317]], [[638, 317]], [[639, 316]], [[640, 316]], [[641, 316]], [[642, 316]], [[643, 316]], [[644, 315]], [[645, 315]], [[646, 315]], [[647, 314]], [[647, 313]], [[648, 312]], [[648, 311]], [[649, 310]], [[650, 309]], [[650, 308]], [[651, 307]], [[651, 306]], [[651, 305]], [[651, 304]], [[652, 303]], [[652, 302]], [[652, 301]], [[652, 300]], [[653, 299]], [[653, 298]], [[653, 297]], [[653, 296]], [[653, 295]], [[653, 294]], [[653, 293]], [[653, 292]], [[652, 291]], [[651, 292]], [[650, 292]], [[649, 291]], [[649, 290]], [[649, 289]], [[649, 288]], [[650, 287]], [[650, 286]], [[650, 285]], [[651, 284]], [[651, 283]], [[651, 282]], [[651, 281]], [[652, 280]], [[652, 279]], [[652, 278]], [[652, 277]], [[651, 276]], [[650, 275]], [[650, 274]], [[650, 273]], [[649, 272]], [[649, 271]], [[648, 270]], [[647, 270]], [[646, 270]], [[645, 270]], [[644, 269]], [[643, 268]], [[642, 268]], [[641, 268]], [[640, 268]]]",[[]],[]
125,125,"[[[543, 265]], [[542, 266]], [[541, 266]], [[540, 266]], [[539, 266]], [[538, 267]], [[537, 267]], [[536, 267]], [[535, 267]], [[534, 268]], [[533, 268]], [[532, 268]], [[531, 269]], [[530, 269]], [[529, 269]], [[528, 269]], [[527, 268]], [[526, 268]], [[525, 268]], [[524, 268]], [[523, 268]], [[522, 268]], [[521, 267]], [[520, 267]], [[519, 268]], [[518, 268]], [[517, 269]], [[516, 270]], [[515, 271]], [[514, 272]], [[513, 273]], [[513, 274]], [[512, 275]], [[511, 276]], [[511, 277]], [[510, 278]], [[509, 278]], [[508, 279]], [[508, 280]], [[507, 281]], [[507, 282]], [[507, 283]], [[507, 284]], [[507, 285]], [[508, 286]], [[508, 287]], [[509, 288]], [[510, 289]], [[511, 290]], [[511, 291]], [[512, 292]], [[512, 293]], [[513, 293]], [[514, 294]], [[515, 295]], [[515, 296]], [[515, 297]], [[516, 298]], [[517, 299]], [[517, 300]], [[518, 300]], [[519, 301]], [[520, 301]], [[521, 300]], [[522, 300]], [[523, 300]], [[524, 300]], [[525, 300]], [[526, 300]], [[527, 299]], [[528, 299]], [[529, 298]], [[530, 297]], [[531, 298]], [[531, 297]], [[532, 296]], [[532, 295]], [[531, 294]], [[532, 293]], [[533, 292]], [[534, 293]], [[534, 294]], [[534, 295]], [[535, 296]], [[535, 297]], [[535, 298]], [[536, 299]], [[537, 299]], [[538, 299]], [[539, 299]], [[540, 299]], [[541, 298]], [[542, 297]], [[543, 297]], [[544, 296]], [[544, 295]], [[544, 294]], [[543, 294]], [[542, 294]], [[541, 294]], [[540, 294]], [[539, 295]], [[538, 294]], [[537, 294]], [[536, 295]], [[535, 294]], [[535, 293]], [[536, 292]], [[537, 291]], [[538, 292]], [[539, 292]], [[540, 292]], [[541, 291]], [[542, 291]], [[543, 290]], [[544, 289]], [[545, 288]], [[545, 287]], [[546, 286]], [[547, 286]], [[547, 285]], [[547, 284]], [[547, 283]], [[548, 282]], [[548, 281]], [[548, 280]], [[549, 279]], [[550, 278]], [[550, 277]], [[551, 276]], [[550, 275]], [[551, 274]], [[551, 273]], [[551, 272]], [[551, 271]], [[551, 270]], [[550, 269]], [[550, 268]], [[549, 268]], [[548, 267]], [[547, 266]], [[546, 266]], [[545, 266]], [[544, 266]]]",[[]],[]
126,126,"[[[89, 260]], [[88, 261]], [[87, 261]], [[86, 261]], [[85, 261]], [[84, 261]], [[83, 262]], [[82, 263]], [[81, 264]], [[81, 265]], [[81, 266]], [[80, 267]], [[80, 268]], [[80, 269]], [[79, 270]], [[79, 271]], [[79, 272]], [[79, 273]], [[79, 274]], [[79, 275]], [[78, 276]], [[78, 277]], [[78, 278]], [[78, 279]], [[78, 280]], [[77, 281]], [[77, 282]], [[77, 283]], [[77, 284]], [[76, 285]], [[76, 286]], [[75, 287]], [[74, 287]], [[73, 288]], [[72, 289]], [[72, 290]], [[72, 291]], [[72, 292]], [[71, 293]], [[71, 294]], [[71, 295]], [[70, 296]], [[69, 296]], [[69, 297]], [[68, 298]], [[68, 299]], [[67, 300]], [[67, 301]], [[66, 302]], [[66, 303]], [[66, 304]], [[66, 305]], [[66, 306]], [[65, 307]], [[65, 308]], [[65, 309]], [[65, 310]], [[65, 311]], [[65, 312]], [[65, 313]], [[65, 314]], [[65, 315]], [[66, 314]], [[67, 315]], [[68, 315]], [[69, 314]], [[70, 313]], [[71, 312]], [[72, 312]], [[73, 311]], [[74, 310]], [[75, 310]], [[76, 310]], [[77, 311]], [[78, 312]], [[78, 313]], [[78, 314]], [[79, 315]], [[79, 316]], [[79, 317]], [[80, 318]], [[81, 319]], [[81, 320]], [[82, 319]], [[83, 318]], [[84, 318]], [[85, 317]], [[86, 317]], [[87, 317]], [[88, 317]], [[89, 316]], [[90, 316]], [[91, 316]], [[92, 317]], [[93, 317]], [[94, 318]], [[95, 319]], [[95, 320]], [[96, 321]], [[97, 321]], [[98, 322]], [[99, 323]], [[99, 324]], [[100, 325]], [[101, 325]], [[102, 326]], [[103, 327]], [[103, 328]], [[103, 329]], [[104, 329]], [[105, 329]], [[106, 329]], [[107, 329]], [[108, 328]], [[109, 327]], [[110, 326]], [[111, 325]], [[112, 324]], [[113, 323]], [[114, 323]], [[115, 322]], [[116, 321]], [[117, 320]], [[118, 319]], [[119, 319]], [[120, 318]], [[120, 317]], [[121, 316]], [[122, 315]], [[123, 315]], [[124, 314]], [[125, 313]], [[126, 312]], [[127, 311]], [[127, 310]], [[128, 309]], [[128, 308]], [[128, 307]], [[128, 306]], [[128, 305]], [[128, 304]], [[128, 303]], [[128, 302]], [[128, 301]], [[128, 300]], [[127, 299]], [[127, 298]], [[126, 297]], [[126, 296]], [[126, 295]], [[126, 294]], [[127, 293]], [[127, 292]], [[127, 291]], [[127, 290]], [[127, 289]], [[126, 288]], [[126, 287]], [[126, 286]], [[126, 285]], [[126, 284]], [[125, 283]], [[125, 282]], [[125, 281]], [[124, 280]], [[124, 279]], [[124, 278]], [[123, 277]], [[122, 276]], [[122, 275]], [[122, 274]], [[121, 273]], [[121, 272]], [[120, 271]], [[120, 270]], [[119, 269]], [[119, 268]], [[118, 267]], [[118, 266]], [[117, 265]], [[116, 264]], [[115, 264]], [[114, 264]], [[113, 264]], [[112, 264]], [[111, 264]], [[110, 264]], [[109, 264]], [[108, 264]], [[107, 264]], [[106, 264]], [[105, 263]], [[104, 262]], [[103, 262]], [[102, 262]], [[101, 261]], [[100, 261]], [[99, 261]], [[98, 260]], [[97, 260]], [[96, 261]], [[95, 261]], [[94, 261]], [[93, 260]], [[92, 260]], [[91, 260]], [[90, 260]]]",[[]],[]
127,127,"[[[584, 255]], [[583, 256]], [[582, 256]], [[581, 257]], [[580, 258]], [[579, 259]], [[579, 260]], [[578, 261]], [[578, 262]], [[578, 263]], [[578, 264]], [[578, 265]], [[578, 266]], [[578, 267]], [[578, 268]], [[578, 269]], [[579, 270]], [[579, 271]], [[579, 272]], [[580, 273]], [[581, 274]], [[581, 275]], [[581, 276]], [[582, 277]], [[582, 278]], [[583, 279]], [[584, 279]], [[585, 279]], [[586, 280]], [[587, 281]], [[588, 280]], [[589, 280]], [[590, 281]], [[590, 282]], [[591, 282]], [[592, 282]], [[593, 283]], [[594, 283]], [[595, 282]], [[596, 281]], [[597, 280]], [[598, 280]], [[598, 279]], [[599, 278]], [[600, 277]], [[600, 276]], [[600, 275]], [[600, 274]], [[600, 273]], [[600, 272]], [[601, 271]], [[601, 270]], [[601, 269]], [[601, 268]], [[601, 267]], [[601, 266]], [[601, 265]], [[601, 264]], [[600, 263]], [[600, 262]], [[600, 261]], [[599, 260]], [[598, 259]], [[597, 259]], [[596, 258]], [[595, 258]], [[594, 258]], [[593, 258]], [[592, 257]], [[591, 256]], [[590, 256]], [[589, 256]], [[588, 256]], [[587, 256]], [[586, 255]], [[585, 255]]]",[[]],[]
128,128,"[[[759, 251]], [[758, 252]], [[757, 253]], [[757, 254]], [[757, 255]], [[756, 256]], [[756, 257]], [[755, 258]], [[754, 259]], [[754, 260]], [[753, 261]], [[752, 262]], [[752, 263]], [[751, 264]], [[751, 265]], [[751, 266]], [[750, 267]], [[750, 268]], [[750, 269]], [[750, 270]], [[751, 271]], [[751, 272]], [[752, 272]], [[753, 272]], [[754, 272]], [[755, 272]], [[756, 272]], [[757, 272]], [[758, 271]], [[758, 270]], [[759, 269]], [[759, 268]], [[760, 267]], [[760, 266]], [[761, 265]], [[761, 264]], [[762, 263]], [[762, 262]], [[763, 261]], [[763, 260]], [[764, 259]], [[764, 258]], [[764, 257]], [[764, 256]], [[763, 255]], [[762, 254]], [[761, 253]], [[760, 252]]]","[[], [[[766, 255], [766, 256], [765, 257], [765, 258], [765, 259], [764, 260], [764, 261], [765, 260], [766, 260], [767, 260], [768, 260], [769, 261], [769, 262], [769, 263], [769, 264], [770, 264], [771, 264], [772, 264], [773, 263], [774, 262], [773, 261], [772, 260], [771, 261], [770, 261], [769, 261], [768, 260], [769, 259], [768, 259], [767, 258], [767, 257], [766, 256]]]]","[[], 118]"
129,129,"[[[521, 240]], [[520, 241]], [[519, 242]], [[519, 243]], [[520, 244]], [[520, 245]], [[520, 246]], [[520, 247]], [[521, 248]], [[522, 249]], [[522, 250]], [[523, 250]], [[524, 251]], [[525, 252]], [[526, 251]], [[527, 251]], [[528, 251]], [[529, 251]], [[530, 251]], [[531, 250]], [[532, 250]], [[533, 249]], [[534, 249]], [[535, 248]], [[536, 248]], [[537, 247]], [[537, 246]], [[538, 245]], [[538, 244]], [[538, 243]], [[538, 242]], [[537, 241]], [[536, 240]], [[535, 240]], [[534, 240]], [[533, 240]], [[532, 240]], [[531, 240]], [[530, 240]], [[529, 241]], [[528, 241]], [[527, 241]], [[526, 240]], [[525, 240]], [[524, 241]], [[523, 241]], [[522, 240]]]","[[[[534, 251], [533, 252], [532, 252], [531, 252], [530, 253], [529, 253], [528, 254], [528, 255], [527, 256], [527, 257], [527, 258], [528, 258], [529, 259], [530, 259], [531, 259], [532, 258], [532, 257], [532, 256], [533, 255], [534, 254], [535, 253], [536, 253], [537, 253], [538, 254], [538, 255], [539, 255], [540, 255], [540, 254], [540, 253], [540, 252], [539, 252], [538, 253], [537, 252], [536, 251], [535, 251]]]]",[119]
130,130,"[[[504, 240]], [[503, 241]], [[502, 242]], [[501, 243]], [[501, 244]], [[500, 245]], [[500, 246]], [[500, 247]], [[499, 248]], [[499, 249]], [[498, 250]], [[497, 251]], [[497, 252]], [[496, 253]], [[495, 254]], [[495, 255]], [[494, 256]], [[494, 257]], [[494, 258]], [[494, 259]], [[494, 260]], [[494, 261]], [[494, 262]], [[494, 263]], [[494, 264]], [[494, 265]], [[494, 266]], [[494, 267]], [[494, 268]], [[494, 269]], [[494, 270]], [[495, 270]], [[496, 270]], [[497, 269]], [[498, 268]], [[499, 268]], [[500, 267]], [[501, 266]], [[502, 266]], [[503, 266]], [[504, 265]], [[505, 265]], [[506, 264]], [[507, 263]], [[508, 262]], [[508, 261]], [[509, 260]], [[510, 259]], [[510, 258]], [[511, 257]], [[512, 256]], [[512, 255]], [[513, 254]], [[513, 253]], [[514, 252]], [[514, 251]], [[514, 250]], [[514, 249]], [[514, 248]], [[514, 247]], [[514, 246]], [[513, 245]], [[513, 244]], [[512, 243]], [[511, 242]], [[510, 242]], [[509, 241]], [[508, 241]], [[507, 241]], [[506, 241]], [[505, 240]]]",[[]],[]
131,131,"[[[207, 218]], [[206, 219]], [[205, 219]], [[204, 219]], [[203, 220]], [[202, 220]], [[201, 221]], [[200, 222]], [[199, 222]], [[199, 223]], [[198, 224]], [[197, 224]], [[197, 225]], [[196, 226]], [[196, 227]], [[195, 228]], [[195, 229]], [[194, 230]], [[193, 231]], [[192, 231]], [[191, 232]], [[191, 233]], [[190, 234]], [[190, 235]], [[190, 236]], [[190, 237]], [[191, 238]], [[191, 239]], [[191, 240]], [[191, 241]], [[191, 242]], [[192, 243]], [[192, 244]], [[192, 245]], [[192, 246]], [[192, 247]], [[193, 248]], [[193, 249]], [[193, 250]], [[193, 251]], [[193, 252]], [[193, 253]], [[193, 254]], [[194, 255]], [[194, 256]], [[195, 257]], [[195, 258]], [[196, 259]], [[197, 259]], [[198, 260]], [[199, 261]], [[200, 262]], [[201, 263]], [[202, 263]], [[203, 263]], [[204, 263]], [[205, 263]], [[206, 263]], [[207, 263]], [[208, 263]], [[209, 262]], [[210, 262]], [[211, 262]], [[211, 261]], [[212, 260]], [[213, 260]], [[213, 259]], [[214, 258]], [[214, 257]], [[214, 256]], [[214, 255]], [[215, 254]], [[215, 253]], [[215, 252]], [[215, 251]], [[215, 250]], [[215, 249]], [[215, 248]], [[215, 247]], [[215, 246]], [[215, 245]], [[215, 244]], [[216, 243]], [[216, 242]], [[216, 241]], [[217, 240]], [[217, 239]], [[217, 238]], [[217, 237]], [[217, 236]], [[217, 235]], [[217, 234]], [[217, 233]], [[217, 232]], [[217, 231]], [[217, 230]], [[217, 229]], [[217, 228]], [[217, 227]], [[216, 226]], [[216, 225]], [[215, 224]], [[214, 223]], [[214, 222]], [[213, 222]], [[212, 221]], [[211, 220]], [[210, 220]], [[209, 220]], [[208, 219]]]",[[]],[]
132,132,"[[[630, 209]], [[629, 210]], [[628, 210]], [[627, 211]], [[626, 212]], [[625, 212]], [[624, 213]], [[623, 214]], [[623, 215]], [[623, 216]], [[623, 217]], [[622, 218]], [[622, 219]], [[622, 220]], [[621, 221]], [[620, 221]], [[619, 222]], [[618, 222]], [[618, 223]], [[617, 224]], [[617, 225]], [[617, 226]], [[616, 227]], [[616, 228]], [[615, 229]], [[615, 230]], [[615, 231]], [[614, 232]], [[614, 233]], [[614, 234]], [[614, 235]], [[614, 236]], [[614, 237]], [[615, 238]], [[615, 239]], [[615, 240]], [[616, 241]], [[617, 242]], [[617, 243]], [[618, 244]], [[619, 245]], [[619, 246]], [[619, 247]], [[619, 248]], [[619, 249]], [[620, 250]], [[621, 251]], [[622, 252]], [[623, 252]], [[624, 253]], [[625, 254]], [[626, 255]], [[627, 256]], [[627, 257]], [[628, 258]], [[629, 259]], [[629, 260]], [[630, 261]], [[631, 261]], [[632, 261]], [[633, 261]], [[634, 262]], [[635, 263]], [[636, 263]], [[637, 262]], [[638, 263]], [[639, 262]], [[640, 261]], [[641, 260]], [[642, 259]], [[643, 258]], [[644, 257]], [[645, 256]], [[646, 256]], [[647, 255]], [[647, 254]], [[648, 253]], [[649, 253]], [[650, 253]], [[651, 252]], [[652, 252]], [[653, 251]], [[654, 251]], [[655, 250]], [[656, 249]], [[657, 249]], [[658, 248]], [[659, 247]], [[660, 247]], [[661, 247]], [[662, 247]], [[663, 247]], [[664, 247]], [[665, 247]], [[666, 246]], [[667, 246]], [[668, 246]], [[669, 245]], [[670, 245]], [[671, 244]], [[672, 243]], [[672, 242]], [[673, 241]], [[674, 240]], [[674, 239]], [[674, 238]], [[673, 237]], [[673, 236]], [[672, 236]], [[671, 235]], [[670, 236]], [[669, 235]], [[669, 234]], [[669, 233]], [[669, 232]], [[669, 231]], [[668, 230]], [[668, 229]], [[667, 228]], [[666, 228]], [[665, 227]], [[664, 226]], [[663, 225]], [[662, 225]], [[661, 224]], [[660, 223]], [[659, 222]], [[658, 221]], [[657, 220]], [[656, 220]], [[655, 220]], [[654, 219]], [[653, 219]], [[652, 220]], [[651, 220]], [[650, 221]], [[649, 221]], [[648, 220]], [[647, 219]], [[646, 218]], [[645, 217]], [[644, 216]], [[644, 215]], [[643, 214]], [[643, 213]], [[642, 212]], [[641, 212]], [[640, 211]], [[639, 211]], [[638, 210]], [[637, 210]], [[636, 209]], [[635, 209]], [[634, 209]], [[633, 209]], [[632, 209]], [[631, 209]]]",[[]],[]
133,133,"[[[127, 208]], [[126, 209]], [[125, 209]], [[124, 210]], [[123, 211]], [[122, 211]], [[121, 211]], [[120, 212]], [[119, 212]], [[118, 212]], [[117, 212]], [[116, 212]], [[115, 212]], [[114, 212]], [[113, 212]], [[112, 212]], [[111, 213]], [[110, 213]], [[109, 214]], [[109, 215]], [[108, 216]], [[107, 216]], [[106, 217]], [[105, 218]], [[105, 219]], [[105, 220]], [[105, 221]], [[105, 222]], [[105, 223]], [[104, 224]], [[103, 225]], [[103, 226]], [[103, 227]], [[104, 228]], [[104, 229]], [[105, 230]], [[105, 231]], [[105, 232]], [[105, 233]], [[105, 234]], [[105, 235]], [[105, 236]], [[105, 237]], [[104, 238]], [[104, 239]], [[103, 240]], [[104, 240]], [[105, 241]], [[106, 242]], [[107, 242]], [[108, 242]], [[109, 242]], [[110, 242]], [[111, 242]], [[112, 241]], [[113, 241]], [[114, 241]], [[115, 241]], [[116, 240]], [[117, 240]], [[118, 239]], [[119, 239]], [[120, 239]], [[121, 239]], [[122, 238]], [[123, 238]], [[124, 237]], [[125, 237]], [[126, 237]], [[127, 237]], [[128, 236]], [[129, 236]], [[130, 236]], [[131, 236]], [[132, 235]], [[133, 235]], [[134, 234]], [[135, 233]], [[136, 232]], [[137, 232]], [[138, 231]], [[138, 230]], [[139, 229]], [[139, 228]], [[139, 227]], [[140, 226]], [[140, 225]], [[140, 224]], [[140, 223]], [[140, 222]], [[140, 221]], [[140, 220]], [[140, 219]], [[140, 218]], [[140, 217]], [[139, 216]], [[139, 215]], [[138, 214]], [[138, 213]], [[137, 212]], [[137, 211]], [[136, 210]], [[135, 209]], [[134, 209]], [[133, 208]], [[132, 208]], [[131, 208]], [[130, 208]], [[129, 208]], [[128, 208]]]",[[]],[]
134,134,"[[[600, 194]], [[599, 195]], [[598, 195]], [[597, 196]], [[596, 196]], [[595, 196]], [[595, 197]], [[594, 198]], [[593, 199]], [[592, 199]], [[591, 199]], [[590, 200]], [[589, 200]], [[588, 201]], [[587, 202]], [[586, 202]], [[585, 203]], [[584, 204]], [[583, 204]], [[582, 204]], [[581, 204]], [[580, 205]], [[579, 205]], [[578, 206]], [[577, 206]], [[576, 206]], [[575, 206]], [[575, 207]], [[574, 208]], [[573, 208]], [[572, 208]], [[571, 208]], [[570, 208]], [[569, 208]], [[568, 208]], [[567, 208]], [[567, 209]], [[567, 210]], [[566, 211]], [[565, 212]], [[564, 213]], [[563, 214]], [[562, 214]], [[562, 215]], [[561, 216]], [[560, 215]], [[559, 214]], [[558, 215]], [[558, 216]], [[558, 217]], [[558, 218]], [[557, 219]], [[558, 220]], [[558, 219]], [[559, 218]], [[560, 217]], [[561, 217]], [[562, 218]], [[562, 219]], [[562, 220]], [[561, 221]], [[560, 221]], [[559, 222]], [[559, 223]], [[559, 224]], [[560, 225]], [[560, 226]], [[560, 227]], [[561, 228]], [[561, 229]], [[562, 230]], [[563, 231]], [[564, 231]], [[565, 231]], [[566, 231]], [[567, 231]], [[568, 231]], [[569, 231]], [[570, 230]], [[571, 230]], [[572, 230]], [[573, 230]], [[574, 229]], [[575, 229]], [[576, 228]], [[577, 228]], [[578, 227]], [[579, 226]], [[580, 225]], [[581, 224]], [[582, 223]], [[583, 223]], [[584, 222]], [[584, 221]], [[584, 220]], [[584, 219]], [[585, 218]], [[586, 218]], [[587, 218]], [[588, 218]], [[589, 218]], [[590, 218]], [[591, 217]], [[592, 216]], [[593, 215]], [[594, 214]], [[594, 213]], [[595, 212]], [[596, 212]], [[597, 211]], [[598, 210]], [[599, 210]], [[600, 209]], [[601, 208]], [[602, 208]], [[603, 208]], [[604, 207]], [[605, 206]], [[606, 205]], [[607, 204]], [[607, 203]], [[607, 202]], [[608, 201]], [[608, 200]], [[608, 199]], [[608, 198]], [[608, 197]], [[607, 196]], [[606, 195]], [[606, 194]], [[605, 194]], [[604, 194]], [[603, 194]], [[602, 194]], [[601, 194]]]","[[], [[[595, 190], [595, 191], [594, 192], [593, 193], [592, 194], [591, 195], [590, 195], [589, 196], [588, 197], [587, 197], [586, 198], [585, 199], [585, 200], [586, 200], [587, 200], [588, 199], [589, 199], [590, 199], [591, 198], [592, 198], [593, 198], [593, 197], [593, 196], [594, 195], [595, 195], [596, 194], [597, 193], [597, 192], [597, 191], [596, 191]]], [[[564, 201], [565, 202], [565, 203], [565, 204], [565, 205], [564, 206], [563, 207], [563, 208], [563, 209], [562, 210], [561, 209], [560, 209], [559, 210], [560, 211], [560, 212], [559, 213], [558, 213], [559, 213], [560, 212], [561, 213], [562, 213], [562, 212], [562, 211], [563, 210], [564, 211], [565, 210], [565, 209], [565, 208], [566, 207], [567, 207], [568, 207], [569, 207], [570, 207], [571, 207], [572, 207], [573, 207], [573, 206], [573, 205], [573, 204], [573, 203], [572, 204], [571, 204], [570, 205], [569, 205], [568, 205], [567, 205], [566, 205], [565, 204], [565, 203], [566, 202], [566, 201], [565, 201]]]]","[[], 120, 121]"
135,135,"[[[401, 186]], [[400, 187]], [[400, 188]], [[400, 189]], [[399, 190]], [[398, 191]], [[397, 192]], [[396, 192]], [[395, 192]], [[395, 193]], [[395, 194]], [[395, 195]], [[396, 195]], [[397, 196]], [[397, 197]], [[396, 198]], [[397, 198]], [[398, 197]], [[399, 197]], [[400, 198]], [[401, 199]], [[402, 200]], [[403, 201]], [[404, 202]], [[405, 202]], [[406, 203]], [[407, 204]], [[408, 205]], [[409, 205]], [[410, 205]], [[411, 206]], [[412, 205]], [[413, 204]], [[414, 203]], [[414, 202]], [[414, 201]], [[414, 200]], [[415, 199]], [[415, 198]], [[416, 197]], [[416, 196]], [[415, 195]], [[414, 194]], [[414, 193]], [[413, 192]], [[412, 191]], [[413, 190]], [[412, 189]], [[412, 188]], [[411, 187]], [[410, 186]], [[409, 186]], [[408, 186]], [[407, 186]], [[406, 186]], [[405, 186]], [[404, 186]], [[403, 186]], [[402, 186]]]",[[]],[]
136,136,"[[[656, 176]], [[655, 177]], [[654, 178]], [[653, 179]], [[652, 180]], [[651, 180]], [[650, 180]], [[649, 181]], [[648, 182]], [[648, 183]], [[647, 184]], [[647, 185]], [[646, 186]], [[645, 187]], [[645, 188]], [[644, 189]], [[644, 190]], [[644, 191]], [[644, 192]], [[645, 193]], [[646, 194]], [[646, 195]], [[646, 196]], [[647, 197]], [[647, 198]], [[647, 199]], [[648, 200]], [[648, 201]], [[649, 202]], [[650, 203]], [[651, 203]], [[652, 202]], [[653, 201]], [[654, 201]], [[655, 202]], [[655, 203]], [[656, 203]], [[657, 203]], [[658, 203]], [[659, 203]], [[660, 203]], [[660, 202]], [[661, 201]], [[662, 201]], [[663, 200]], [[664, 199]], [[665, 199]], [[666, 198]], [[667, 197]], [[668, 196]], [[669, 196]], [[670, 196]], [[670, 195]], [[670, 194]], [[671, 193]], [[671, 192]], [[672, 191]], [[672, 190]], [[672, 189]], [[672, 188]], [[672, 187]], [[672, 186]], [[672, 185]], [[672, 184]], [[672, 183]], [[672, 182]], [[671, 182]], [[670, 181]], [[669, 180]], [[669, 179]], [[669, 178]], [[668, 178]], [[667, 177]], [[666, 176]], [[665, 176]], [[664, 176]], [[663, 176]], [[662, 176]], [[661, 176]], [[660, 176]], [[659, 176]], [[658, 176]], [[657, 176]]]",[[]],[]
137,137,"[[[173, 176]], [[172, 177]], [[172, 178]], [[171, 179]], [[171, 180]], [[170, 181]], [[169, 181]], [[168, 181]], [[167, 181]], [[166, 182]], [[165, 182]], [[164, 183]], [[164, 184]], [[164, 185]], [[163, 186]], [[162, 187]], [[161, 187]], [[160, 188]], [[159, 188]], [[158, 189]], [[157, 190]], [[156, 191]], [[155, 192]], [[154, 193]], [[154, 194]], [[154, 195]], [[153, 196]], [[153, 197]], [[153, 198]], [[152, 199]], [[152, 200]], [[153, 200]], [[154, 201]], [[154, 202]], [[154, 203]], [[154, 204]], [[153, 205]], [[152, 206]], [[151, 206]], [[150, 207]], [[150, 208]], [[150, 209]], [[150, 210]], [[150, 211]], [[150, 212]], [[150, 213]], [[150, 214]], [[150, 215]], [[150, 216]], [[150, 217]], [[150, 218]], [[150, 219]], [[151, 220]], [[151, 221]], [[151, 222]], [[152, 223]], [[152, 224]], [[153, 225]], [[154, 225]], [[155, 226]], [[156, 226]], [[157, 227]], [[158, 227]], [[159, 228]], [[160, 229]], [[161, 230]], [[162, 230]], [[163, 230]], [[164, 230]], [[165, 230]], [[166, 230]], [[167, 231]], [[168, 231]], [[169, 232]], [[170, 233]], [[171, 234]], [[171, 235]], [[172, 235]], [[173, 234]], [[174, 234]], [[175, 233]], [[176, 232]], [[177, 232]], [[178, 233]], [[178, 234]], [[179, 233]], [[180, 234]], [[181, 234]], [[182, 234]], [[183, 234]], [[184, 233]], [[185, 232]], [[186, 231]], [[187, 231]], [[188, 230]], [[189, 229]], [[190, 228]], [[191, 227]], [[191, 226]], [[191, 225]], [[192, 224]], [[193, 223]], [[194, 222]], [[195, 221]], [[196, 220]], [[196, 219]], [[197, 218]], [[198, 217]], [[198, 216]], [[198, 215]], [[199, 214]], [[199, 213]], [[199, 212]], [[199, 211]], [[199, 210]], [[199, 209]], [[198, 208]], [[198, 207]], [[198, 206]], [[198, 205]], [[198, 204]], [[198, 203]], [[199, 202]], [[199, 201]], [[200, 200]], [[199, 199]], [[199, 198]], [[198, 197]], [[198, 196]], [[198, 195]], [[197, 194]], [[196, 194]], [[195, 193]], [[194, 192]], [[193, 192]], [[192, 191]], [[192, 190]], [[191, 189]], [[191, 188]], [[191, 187]], [[191, 186]], [[191, 185]], [[192, 184]], [[192, 183]], [[192, 182]], [[192, 181]], [[192, 180]], [[192, 179]], [[191, 178]], [[190, 178]], [[189, 178]], [[188, 178]], [[187, 178]], [[186, 179]], [[185, 179]], [[184, 179]], [[183, 178]], [[182, 178]], [[181, 178]], [[180, 177]], [[179, 177]], [[178, 177]], [[177, 176]], [[176, 176]], [[175, 176]], [[174, 176]]]","[[[[152, 189], [151, 190], [151, 191], [151, 192], [151, 193], [150, 194], [149, 194], [148, 195], [147, 195], [146, 196], [145, 196], [145, 197], [144, 198], [143, 197], [143, 198], [143, 199], [143, 200], [144, 201], [145, 201], [146, 202], [146, 203], [147, 204], [147, 205], [147, 206], [147, 207], [147, 208], [148, 207], [148, 206], [148, 205], [148, 204], [147, 203], [147, 202], [147, 201], [147, 200], [147, 199], [148, 198], [149, 198], [150, 198], [150, 197], [150, 196], [151, 195], [152, 194], [153, 193], [153, 192], [153, 191], [152, 190]]], []]","[122, []]"
138,138,"[[[81, 172]], [[80, 173]], [[79, 173]], [[78, 173]], [[77, 174]], [[76, 174]], [[75, 175]], [[74, 176]], [[73, 177]], [[72, 177]], [[71, 178]], [[70, 179]], [[69, 180]], [[68, 180]], [[68, 181]], [[68, 182]], [[67, 183]], [[67, 184]], [[66, 185]], [[66, 186]], [[65, 187]], [[65, 188]], [[64, 189]], [[64, 190]], [[64, 191]], [[64, 192]], [[64, 193]], [[63, 194]], [[63, 195]], [[62, 196]], [[62, 197]], [[62, 198]], [[62, 199]], [[61, 200]], [[61, 201]], [[61, 202]], [[61, 203]], [[61, 204]], [[61, 205]], [[61, 206]], [[61, 207]], [[61, 208]], [[62, 209]], [[62, 210]], [[62, 211]], [[63, 212]], [[63, 213]], [[63, 214]], [[64, 215]], [[64, 216]], [[64, 217]], [[65, 217]], [[66, 218]], [[67, 218]], [[68, 219]], [[68, 220]], [[69, 221]], [[70, 222]], [[71, 222]], [[72, 223]], [[73, 224]], [[74, 224]], [[75, 225]], [[76, 225]], [[77, 225]], [[78, 225]], [[79, 225]], [[80, 225]], [[81, 225]], [[82, 225]], [[83, 225]], [[84, 224]], [[85, 224]], [[86, 223]], [[87, 223]], [[88, 223]], [[89, 223]], [[90, 222]], [[91, 221]], [[92, 221]], [[93, 221]], [[94, 220]], [[95, 219]], [[96, 218]], [[97, 217]], [[97, 216]], [[98, 215]], [[99, 214]], [[100, 213]], [[100, 212]], [[100, 211]], [[100, 210]], [[101, 209]], [[101, 208]], [[101, 207]], [[101, 206]], [[101, 205]], [[101, 204]], [[101, 203]], [[101, 202]], [[101, 201]], [[101, 200]], [[100, 199]], [[100, 198]], [[100, 197]], [[100, 196]], [[100, 195]], [[99, 194]], [[99, 193]], [[99, 192]], [[99, 191]], [[99, 190]], [[99, 189]], [[98, 188]], [[98, 187]], [[98, 186]], [[98, 185]], [[98, 184]], [[97, 183]], [[97, 182]], [[96, 181]], [[96, 180]], [[95, 179]], [[94, 178]], [[93, 177]], [[92, 176]], [[91, 175]], [[90, 174]], [[89, 174]], [[88, 173]], [[87, 173]], [[86, 172]], [[85, 172]], [[84, 172]], [[83, 172]], [[82, 172]]]",[[]],[]
139,139,"[[[478, 166]], [[477, 167]], [[476, 167]], [[475, 167]], [[474, 168]], [[473, 168]], [[472, 169]], [[471, 169]], [[470, 170]], [[469, 170]], [[468, 170]], [[467, 171]], [[466, 171]], [[465, 171]], [[464, 171]], [[463, 171]], [[462, 170]], [[461, 170]], [[460, 170]], [[459, 170]], [[458, 170]], [[457, 170]], [[456, 170]], [[455, 170]], [[454, 170]], [[453, 170]], [[452, 171]], [[451, 171]], [[450, 171]], [[449, 172]], [[448, 172]], [[447, 172]], [[446, 172]], [[445, 172]], [[444, 172]], [[443, 172]], [[442, 171]], [[441, 171]], [[440, 171]], [[439, 171]], [[438, 171]], [[437, 170]], [[436, 170]], [[435, 170]], [[434, 171]], [[433, 171]], [[432, 172]], [[432, 173]], [[431, 174]], [[431, 175]], [[431, 176]], [[430, 177]], [[430, 178]], [[430, 179]], [[430, 180]], [[430, 181]], [[429, 182]], [[428, 182]], [[427, 183]], [[426, 183]], [[425, 184]], [[424, 184]], [[423, 185]], [[423, 186]], [[423, 187]], [[423, 188]], [[424, 189]], [[424, 190]], [[425, 191]], [[426, 191]], [[427, 191]], [[428, 191]], [[429, 192]], [[429, 193]], [[429, 194]], [[429, 195]], [[429, 196]], [[428, 197]], [[427, 198]], [[426, 198]], [[426, 199]], [[425, 200]], [[424, 201]], [[423, 201]], [[422, 201]], [[421, 202]], [[421, 203]], [[421, 204]], [[420, 205]], [[420, 206]], [[420, 207]], [[420, 208]], [[420, 209]], [[419, 210]], [[419, 211]], [[420, 212]], [[420, 213]], [[420, 214]], [[420, 215]], [[419, 216]], [[419, 217]], [[419, 218]], [[419, 219]], [[419, 220]], [[420, 221]], [[420, 222]], [[421, 223]], [[422, 224]], [[423, 225]], [[423, 226]], [[424, 227]], [[425, 228]], [[426, 229]], [[427, 230]], [[427, 231]], [[427, 232]], [[427, 233]], [[427, 234]], [[427, 235]], [[428, 236]], [[428, 237]], [[427, 238]], [[427, 239]], [[427, 240]], [[427, 241]], [[428, 242]], [[429, 243]], [[429, 244]], [[429, 245]], [[429, 246]], [[429, 247]], [[429, 248]], [[430, 249]], [[430, 250]], [[430, 251]], [[431, 252]], [[432, 252]], [[433, 252]], [[434, 252]], [[435, 253]], [[436, 254]], [[437, 254]], [[438, 255]], [[439, 256]], [[440, 256]], [[441, 256]], [[442, 256]], [[443, 256]], [[444, 257]], [[445, 257]], [[446, 257]], [[447, 256]], [[448, 256]], [[449, 256]], [[450, 256]], [[451, 256]], [[452, 257]], [[453, 257]], [[454, 258]], [[455, 259]], [[456, 259]], [[457, 259]], [[458, 259]], [[459, 260]], [[460, 260]], [[461, 259]], [[462, 259]], [[463, 259]], [[464, 259]], [[465, 259]], [[466, 259]], [[467, 259]], [[468, 259]], [[469, 259]], [[470, 258]], [[471, 258]], [[472, 257]], [[473, 257]], [[474, 256]], [[474, 255]], [[475, 254]], [[476, 254]], [[477, 255]], [[477, 256]], [[478, 257]], [[478, 258]], [[479, 258]], [[480, 258]], [[481, 258]], [[482, 258]], [[483, 258]], [[484, 258]], [[485, 257]], [[486, 257]], [[486, 256]], [[487, 255]], [[487, 254]], [[487, 253]], [[487, 252]], [[488, 251]], [[489, 250]], [[490, 249]], [[491, 248]], [[491, 247]], [[492, 246]], [[492, 245]], [[493, 244]], [[493, 243]], [[494, 242]], [[494, 241]], [[495, 240]], [[496, 239]], [[497, 238]], [[497, 237]], [[497, 236]], [[498, 235]], [[498, 234]], [[499, 233]], [[500, 232]], [[501, 231]], [[501, 230]], [[501, 229]], [[501, 228]], [[502, 227]], [[502, 226]], [[502, 225]], [[502, 224]], [[502, 223]], [[502, 222]], [[501, 221]], [[501, 220]], [[500, 219]], [[499, 218]], [[498, 217]], [[498, 216]], [[497, 215]], [[496, 215]], [[495, 214]], [[494, 213]], [[494, 212]], [[495, 211]], [[496, 211]], [[496, 210]], [[497, 209]], [[498, 208]], [[498, 207]], [[498, 206]], [[498, 205]], [[498, 204]], [[498, 203]], [[498, 202]], [[497, 201]], [[497, 200]], [[497, 199]], [[496, 198]], [[495, 197]], [[494, 196]], [[493, 195]], [[492, 194]], [[492, 193]], [[491, 192]], [[491, 191]], [[490, 190]], [[489, 189]], [[488, 188]], [[488, 187]], [[487, 186]], [[487, 185]], [[486, 184]], [[486, 183]], [[486, 182]], [[486, 181]], [[486, 180]], [[486, 179]], [[486, 178]], [[486, 177]], [[486, 176]], [[486, 175]], [[486, 174]], [[486, 173]], [[486, 172]], [[486, 171]], [[485, 170]], [[485, 169]], [[485, 168]], [[484, 167]], [[483, 166]], [[482, 166]], [[481, 166]], [[480, 166]], [[479, 166]]]","[[], [[[487, 182], [487, 183], [487, 184], [488, 185], [488, 186], [489, 187], [489, 188], [490, 189], [491, 190], [492, 191], [492, 192], [493, 193], [493, 194], [494, 195], [495, 195], [496, 196], [496, 197], [497, 198], [498, 199], [498, 200], [498, 201], [499, 202], [499, 203], [500, 204], [500, 203], [501, 202], [502, 201], [503, 200], [504, 200], [504, 199], [504, 198], [504, 197], [503, 196], [502, 195], [501, 195], [500, 196], [499, 196], [498, 196], [497, 195], [496, 195], [495, 194], [494, 193], [494, 192], [493, 191], [492, 190], [492, 189], [491, 188], [490, 187], [489, 186], [489, 185], [488, 184], [487, 183]]]]","[[], 123]"
140,140,"[[[405, 154]], [[404, 155]], [[403, 155]], [[402, 155]], [[401, 156]], [[400, 156]], [[399, 156]], [[398, 156]], [[397, 156]], [[396, 156]], [[395, 156]], [[394, 155]], [[393, 155]], [[392, 155]], [[391, 155]], [[390, 156]], [[389, 156]], [[388, 156]], [[387, 157]], [[386, 157]], [[385, 158]], [[385, 159]], [[384, 160]], [[384, 161]], [[383, 162]], [[383, 163]], [[383, 164]], [[384, 165]], [[384, 166]], [[384, 167]], [[384, 168]], [[384, 169]], [[385, 170]], [[386, 171]], [[387, 172]], [[388, 172]], [[389, 172]], [[390, 173]], [[391, 174]], [[392, 174]], [[393, 174]], [[394, 175]], [[395, 176]], [[396, 177]], [[397, 177]], [[398, 178]], [[399, 178]], [[400, 178]], [[401, 178]], [[402, 177]], [[403, 177]], [[404, 178]], [[405, 178]], [[406, 178]], [[407, 177]], [[408, 177]], [[409, 176]], [[410, 175]], [[411, 175]], [[412, 174]], [[413, 173]], [[413, 172]], [[414, 171]], [[414, 170]], [[415, 169]], [[416, 168]], [[415, 167]], [[415, 166]], [[415, 165]], [[415, 164]], [[415, 163]], [[415, 162]], [[415, 161]], [[414, 160]], [[414, 159]], [[413, 158]], [[413, 157]], [[412, 156]], [[411, 155]], [[411, 154]], [[410, 154]], [[409, 154]], [[408, 154]], [[407, 154]], [[406, 154]]]",[[]],[]
141,141,"[[[684, 148]], [[683, 149]], [[682, 150]], [[682, 151]], [[682, 152]], [[681, 153]], [[681, 154]], [[681, 155]], [[681, 156]], [[681, 157]], [[681, 158]], [[680, 159]], [[680, 160]], [[680, 161]], [[681, 162]], [[682, 163]], [[682, 164]], [[683, 165]], [[683, 166]], [[683, 167]], [[684, 168]], [[685, 169]], [[686, 170]], [[686, 171]], [[687, 172]], [[688, 172]], [[689, 171]], [[690, 171]], [[691, 170]], [[692, 170]], [[693, 169]], [[694, 168]], [[695, 168]], [[696, 168]], [[697, 167]], [[698, 167]], [[698, 166]], [[699, 165]], [[699, 164]], [[699, 163]], [[699, 162]], [[699, 161]], [[699, 160]], [[698, 159]], [[697, 158]], [[697, 157]], [[696, 156]], [[695, 155]], [[694, 155]], [[693, 154]], [[692, 154]], [[691, 153]], [[691, 152]], [[690, 151]], [[690, 150]], [[689, 149]], [[688, 148]], [[687, 148]], [[686, 148]], [[685, 148]]]",[[]],[]
142,142,"[[[577, 145]], [[576, 146]], [[575, 146]], [[575, 147]], [[574, 148]], [[574, 149]], [[573, 150]], [[573, 151]], [[573, 152]], [[572, 153]], [[571, 154]], [[570, 154]], [[569, 155]], [[568, 155]], [[567, 156]], [[566, 156]], [[565, 156]], [[564, 156]], [[563, 156]], [[562, 156]], [[562, 157]], [[562, 158]], [[561, 159]], [[561, 160]], [[561, 161]], [[560, 162]], [[560, 163]], [[560, 164]], [[559, 165]], [[559, 166]], [[559, 167]], [[558, 168]], [[558, 169]], [[558, 170]], [[558, 171]], [[558, 172]], [[558, 173]], [[558, 174]], [[558, 175]], [[558, 176]], [[558, 177]], [[558, 178]], [[558, 179]], [[559, 180]], [[559, 181]], [[559, 182]], [[560, 183]], [[560, 184]], [[560, 185]], [[561, 186]], [[561, 187]], [[562, 187]], [[563, 188]], [[564, 189]], [[565, 190]], [[566, 191]], [[566, 192]], [[567, 193]], [[568, 194]], [[569, 195]], [[570, 195]], [[571, 196]], [[571, 197]], [[572, 197]], [[573, 197]], [[574, 197]], [[575, 197]], [[576, 198]], [[577, 198]], [[578, 197]], [[579, 197]], [[580, 197]], [[581, 197]], [[582, 196]], [[583, 195]], [[584, 196]], [[585, 195]], [[586, 195]], [[587, 195]], [[588, 196]], [[589, 195]], [[590, 194]], [[591, 194]], [[592, 193]], [[593, 192]], [[594, 191]], [[594, 190]], [[595, 189]], [[595, 188]], [[596, 187]], [[597, 186]], [[597, 185]], [[598, 184]], [[598, 183]], [[598, 182]], [[598, 181]], [[598, 180]], [[598, 179]], [[598, 178]], [[598, 177]], [[598, 176]], [[597, 175]], [[597, 174]], [[597, 173]], [[596, 172]], [[596, 171]], [[596, 170]], [[596, 169]], [[595, 168]], [[595, 167]], [[594, 166]], [[594, 165]], [[593, 164]], [[593, 163]], [[592, 162]], [[591, 161]], [[590, 160]], [[589, 159]], [[588, 158]], [[587, 157]], [[587, 156]], [[586, 155]], [[586, 154]], [[585, 153]], [[584, 152]], [[584, 151]], [[583, 150]], [[583, 149]], [[582, 148]], [[582, 147]], [[581, 146]], [[580, 145]], [[579, 145]], [[578, 145]]]","[[[[547, 152], [547, 153], [547, 154], [547, 155], [547, 156], [548, 157], [548, 158], [548, 159], [548, 160], [548, 161], [548, 162], [548, 163], [548, 164], [548, 165], [548, 166], [548, 167], [549, 168], [550, 168], [551, 169], [552, 170], [552, 171], [551, 172], [552, 173], [553, 174], [554, 175], [554, 176], [555, 177], [555, 178], [556, 179], [556, 180], [556, 181], [557, 182], [557, 183], [557, 184], [558, 185], [558, 186], [558, 185], [558, 184], [558, 183], [558, 182], [558, 181], [557, 180], [557, 179], [556, 178], [556, 177], [555, 176], [555, 175], [556, 174], [557, 174], [557, 173], [557, 172], [556, 171], [556, 170], [556, 169], [557, 168], [556, 167], [555, 166], [554, 165], [553, 164], [552, 163], [551, 163], [550, 163], [549, 162], [549, 161], [549, 160], [549, 159], [549, 158], [548, 157], [548, 156], [548, 155], [548, 154], [548, 153]]], [], [[[595, 190], [595, 191], [594, 192], [593, 193], [592, 194], [591, 195], [590, 195], [589, 196], [588, 197], [587, 197], [586, 198], [585, 199], [585, 200], [586, 200], [587, 200], [588, 199], [589, 199], [590, 199], [591, 198], [592, 198], [593, 198], [593, 197], [593, 196], [594, 195], [595, 195], [596, 194], [597, 193], [597, 192], [597, 191], [596, 191]]]]","[124, [], 120]"
143,143,"[[[286, 144]], [[285, 145]], [[284, 146]], [[283, 146]], [[282, 146]], [[281, 147]], [[281, 148]], [[280, 149]], [[279, 150]], [[279, 151]], [[278, 152]], [[278, 153]], [[277, 154]], [[277, 155]], [[276, 156]], [[275, 157]], [[274, 158]], [[273, 158]], [[272, 158]], [[271, 158]], [[270, 158]], [[269, 159]], [[268, 159]], [[267, 159]], [[266, 159]], [[265, 160]], [[264, 160]], [[263, 161]], [[262, 162]], [[261, 162]], [[260, 162]], [[259, 162]], [[259, 163]], [[258, 164]], [[257, 164]], [[256, 165]], [[255, 166]], [[254, 166]], [[253, 167]], [[252, 167]], [[251, 167]], [[250, 168]], [[249, 168]], [[249, 169]], [[248, 170]], [[247, 171]], [[246, 172]], [[246, 173]], [[245, 174]], [[245, 175]], [[245, 176]], [[244, 177]], [[243, 178]], [[242, 178]], [[241, 179]], [[241, 180]], [[241, 181]], [[240, 182]], [[239, 183]], [[239, 184]], [[239, 185]], [[239, 186]], [[240, 187]], [[240, 188]], [[241, 188]], [[242, 189]], [[241, 190]], [[241, 191]], [[241, 192]], [[241, 193]], [[241, 194]], [[241, 195]], [[241, 196]], [[241, 197]], [[241, 198]], [[241, 199]], [[240, 200]], [[240, 201]], [[239, 202]], [[239, 203]], [[239, 204]], [[239, 205]], [[239, 206]], [[239, 207]], [[239, 208]], [[239, 209]], [[239, 210]], [[239, 211]], [[239, 212]], [[239, 213]], [[239, 214]], [[238, 215]], [[237, 216]], [[237, 217]], [[237, 218]], [[237, 219]], [[237, 220]], [[237, 221]], [[238, 222]], [[238, 223]], [[238, 224]], [[238, 225]], [[239, 226]], [[239, 227]], [[240, 228]], [[240, 229]], [[241, 230]], [[241, 231]], [[242, 231]], [[243, 231]], [[244, 232]], [[244, 233]], [[244, 234]], [[244, 235]], [[244, 236]], [[244, 237]], [[244, 238]], [[245, 239]], [[246, 240]], [[247, 241]], [[248, 242]], [[249, 243]], [[250, 244]], [[251, 245]], [[252, 246]], [[253, 247]], [[254, 247]], [[255, 247]], [[256, 246]], [[257, 246]], [[258, 245]], [[259, 245]], [[260, 245]], [[261, 245]], [[262, 246]], [[263, 247]], [[264, 248]], [[265, 248]], [[266, 248]], [[267, 248]], [[268, 248]], [[269, 248]], [[270, 248]], [[271, 248]], [[272, 247]], [[273, 247]], [[274, 247]], [[275, 246]], [[275, 245]], [[276, 244]], [[276, 243]], [[276, 242]], [[276, 241]], [[276, 240]], [[276, 239]], [[277, 238]], [[278, 238]], [[279, 238]], [[280, 238]], [[281, 238]], [[282, 237]], [[283, 237]], [[284, 236]], [[285, 235]], [[286, 235]], [[287, 236]], [[288, 236]], [[289, 236]], [[290, 236]], [[291, 236]], [[292, 236]], [[293, 236]], [[294, 236]], [[295, 236]], [[296, 236]], [[297, 235]], [[297, 234]], [[298, 233]], [[299, 234]], [[299, 235]], [[300, 236]], [[300, 237]], [[300, 238]], [[301, 239]], [[302, 240]], [[303, 239]], [[303, 238]], [[303, 237]], [[303, 236]], [[303, 235]], [[303, 234]], [[302, 233]], [[301, 233]], [[300, 234]], [[299, 234]], [[298, 233]], [[298, 232]], [[299, 231]], [[300, 230]], [[300, 229]], [[301, 228]], [[302, 228]], [[303, 227]], [[304, 227]], [[305, 226]], [[305, 225]], [[305, 224]], [[306, 223]], [[306, 222]], [[307, 221]], [[308, 221]], [[309, 222]], [[310, 223]], [[310, 224]], [[310, 225]], [[310, 226]], [[309, 227]], [[309, 228]], [[308, 229]], [[307, 230]], [[307, 231]], [[306, 232]], [[306, 233]], [[306, 234]], [[307, 235]], [[307, 236]], [[306, 237]], [[306, 238]], [[306, 239]], [[307, 240]], [[307, 241]], [[308, 242]], [[308, 243]], [[309, 244]], [[309, 245]], [[310, 246]], [[310, 247]], [[311, 248]], [[311, 249]], [[312, 250]], [[313, 251]], [[314, 251]], [[315, 251]], [[316, 252]], [[317, 253]], [[318, 253]], [[319, 254]], [[320, 255]], [[321, 256]], [[322, 257]], [[323, 257]], [[324, 257]], [[325, 258]], [[325, 259]], [[326, 260]], [[327, 260]], [[328, 260]], [[329, 260]], [[330, 261]], [[331, 261]], [[332, 262]], [[332, 263]], [[333, 264]], [[334, 264]], [[335, 264]], [[336, 264]], [[337, 265]], [[338, 266]], [[339, 265]], [[340, 264]], [[341, 264]], [[342, 263]], [[343, 264]], [[343, 265]], [[342, 266]], [[341, 266]], [[341, 267]], [[341, 268]], [[340, 269]], [[339, 269]], [[339, 270]], [[340, 271]], [[341, 272]], [[342, 273]], [[341, 274]], [[340, 275]], [[339, 276]], [[339, 277]], [[339, 278]], [[339, 279]], [[340, 280]], [[340, 281]], [[340, 282]], [[340, 283]], [[341, 284]], [[341, 285]], [[341, 286]], [[342, 287]], [[342, 288]], [[342, 289]], [[341, 290]], [[340, 291]], [[339, 292]], [[338, 293]], [[337, 294]], [[337, 295]], [[338, 296]], [[338, 297]], [[339, 298]], [[340, 299]], [[341, 300]], [[342, 300]], [[343, 301]], [[344, 301]], [[345, 301]], [[346, 301]], [[347, 301]], [[348, 302]], [[349, 302]], [[350, 303]], [[350, 304]], [[350, 305]], [[350, 306]], [[350, 307]], [[350, 308]], [[351, 309]], [[351, 310]], [[350, 311]], [[351, 312]], [[352, 312]], [[353, 312]], [[354, 313]], [[355, 313]], [[356, 313]], [[357, 314]], [[358, 313]], [[359, 313]], [[360, 312]], [[361, 311]], [[362, 311]], [[363, 310]], [[364, 310]], [[365, 309]], [[366, 309]], [[367, 308]], [[368, 308]], [[369, 307]], [[370, 307]], [[371, 306]], [[372, 306]], [[373, 305]], [[374, 305]], [[375, 304]], [[376, 303]], [[376, 302]], [[376, 301]], [[376, 300]], [[376, 299]], [[375, 298]], [[374, 297]], [[374, 296]], [[373, 296]], [[372, 295]], [[371, 294]], [[370, 294]], [[369, 293]], [[368, 293]], [[367, 293]], [[366, 293]], [[365, 292]], [[364, 292]], [[363, 292]], [[362, 291]], [[362, 290]], [[361, 289]], [[361, 288]], [[361, 287]], [[361, 286]], [[362, 285]], [[363, 284]], [[364, 283]], [[365, 283]], [[366, 283]], [[366, 282]], [[367, 281]], [[367, 280]], [[368, 279]], [[368, 278]], [[368, 277]], [[368, 276]], [[367, 276]], [[366, 276]], [[365, 276]], [[364, 276]], [[363, 275]], [[362, 275]], [[361, 275]], [[360, 274]], [[360, 273]], [[361, 272]], [[362, 272]], [[363, 273]], [[364, 272]], [[365, 272]], [[366, 272]], [[367, 272]], [[368, 273]], [[369, 273]], [[370, 273]], [[371, 274]], [[372, 273]], [[373, 272]], [[374, 271]], [[375, 271]], [[376, 270]], [[377, 270]], [[378, 270]], [[379, 269]], [[380, 268]], [[381, 268]], [[381, 267]], [[381, 266]], [[382, 265]], [[383, 264]], [[384, 263]], [[385, 262]], [[386, 262]], [[387, 261]], [[388, 262]], [[389, 263]], [[389, 264]], [[389, 265]], [[389, 266]], [[389, 267]], [[389, 268]], [[389, 269]], [[390, 270]], [[390, 271]], [[391, 272]], [[392, 273]], [[392, 274]], [[393, 275]], [[394, 276]], [[394, 277]], [[395, 278]], [[396, 278]], [[397, 279]], [[398, 279]], [[399, 280]], [[400, 280]], [[401, 281]], [[402, 282]], [[403, 282]], [[404, 282]], [[405, 282]], [[406, 282]], [[407, 282]], [[408, 281]], [[409, 281]], [[410, 280]], [[411, 280]], [[412, 280]], [[413, 279]], [[414, 279]], [[415, 278]], [[416, 277]], [[417, 277]], [[418, 276]], [[419, 275]], [[420, 274]], [[421, 273]], [[421, 272]], [[421, 271]], [[422, 270]], [[421, 269]], [[421, 268]], [[421, 267]], [[421, 266]], [[421, 265]], [[421, 264]], [[421, 263]], [[421, 262]], [[421, 261]], [[421, 260]], [[420, 259]], [[420, 258]], [[420, 257]], [[420, 256]], [[420, 255]], [[419, 254]], [[419, 253]], [[419, 252]], [[419, 251]], [[419, 250]], [[419, 249]], [[419, 248]], [[419, 247]], [[418, 246]], [[418, 245]], [[418, 244]], [[418, 243]], [[417, 242]], [[417, 241]], [[416, 240]], [[415, 239]], [[414, 238]], [[413, 238]], [[412, 238]], [[411, 237]], [[410, 237]], [[409, 237]], [[408, 237]], [[407, 237]], [[406, 237]], [[405, 238]], [[404, 238]], [[403, 238]], [[402, 238]], [[401, 239]], [[400, 239]], [[399, 239]], [[398, 239]], [[397, 240]], [[396, 240]], [[395, 241]], [[394, 242]], [[393, 243]], [[393, 244]], [[393, 245]], [[392, 246]], [[392, 247]], [[391, 248]], [[390, 249]], [[389, 248]], [[388, 249]], [[387, 249]], [[386, 248]], [[385, 247]], [[384, 246]], [[383, 246]], [[382, 245]], [[381, 244]], [[380, 244]], [[379, 244]], [[378, 244]], [[377, 244]], [[376, 244]], [[375, 244]], [[374, 244]], [[373, 244]], [[373, 245]], [[372, 246]], [[372, 247]], [[371, 248]], [[371, 249]], [[371, 250]], [[371, 251]], [[371, 252]], [[372, 253]], [[373, 253]], [[374, 254]], [[375, 255]], [[375, 256]], [[375, 257]], [[374, 258]], [[373, 259]], [[373, 260]], [[372, 261]], [[371, 261]], [[370, 260]], [[370, 259]], [[370, 258]], [[370, 257]], [[370, 256]], [[369, 256]], [[368, 256]], [[367, 256]], [[366, 256]], [[365, 255]], [[364, 255]], [[363, 256]], [[362, 257]], [[362, 258]], [[361, 259]], [[360, 260]], [[359, 259]], [[359, 258]], [[359, 257]], [[360, 256]], [[360, 255]], [[360, 256]], [[359, 257]], [[358, 256]], [[358, 255]], [[357, 255]], [[356, 254]], [[355, 253]], [[355, 252]], [[355, 251]], [[355, 250]], [[356, 249]], [[357, 248]], [[357, 247]], [[358, 246]], [[359, 246]], [[359, 245]], [[360, 244]], [[361, 243]], [[362, 242]], [[363, 242]], [[364, 242]], [[365, 241]], [[366, 240]], [[367, 240]], [[368, 239]], [[368, 238]], [[368, 237]], [[369, 236]], [[370, 235]], [[371, 234]], [[372, 234]], [[373, 234]], [[374, 234]], [[375, 233]], [[376, 233]], [[377, 233]], [[378, 232]], [[379, 232]], [[380, 232]], [[381, 232]], [[382, 232]], [[383, 232]], [[384, 232]], [[385, 231]], [[386, 230]], [[386, 229]], [[387, 228]], [[388, 227]], [[388, 226]], [[388, 225]], [[388, 224]], [[388, 223]], [[388, 222]], [[388, 221]], [[388, 220]], [[388, 219]], [[388, 218]], [[388, 217]], [[388, 216]], [[387, 215]], [[386, 214]], [[385, 214]], [[384, 213]], [[383, 212]], [[382, 211]], [[381, 210]], [[380, 210]], [[379, 209]], [[378, 208]], [[377, 207]], [[376, 206]], [[376, 205]], [[376, 204]], [[375, 203]], [[375, 202]], [[375, 201]], [[375, 200]], [[376, 199]], [[376, 198]], [[375, 197]], [[374, 196]], [[374, 195]], [[373, 194]], [[373, 193]], [[372, 192]], [[372, 191]], [[373, 190]], [[373, 189]], [[372, 188]], [[372, 187]], [[372, 186]], [[372, 185]], [[371, 184]], [[371, 183]], [[371, 182]], [[370, 181]], [[370, 180]], [[370, 179]], [[369, 178]], [[368, 177]], [[367, 177]], [[366, 176]], [[365, 177]], [[364, 177]], [[363, 177]], [[362, 176]], [[361, 175]], [[361, 174]], [[361, 173]], [[361, 172]], [[360, 171]], [[360, 170]], [[359, 169]], [[359, 168]], [[358, 167]], [[358, 166]], [[357, 165]], [[357, 164]], [[356, 163]], [[356, 162]], [[355, 161]], [[355, 160]], [[354, 159]], [[353, 158]], [[352, 157]], [[351, 156]], [[350, 156]], [[349, 155]], [[348, 155]], [[347, 155]], [[346, 154]], [[345, 154]], [[344, 154]], [[343, 154]], [[342, 153]], [[341, 153]], [[340, 152]], [[339, 152]], [[338, 152]], [[337, 152]], [[336, 152]], [[335, 151]], [[334, 151]], [[333, 151]], [[332, 151]], [[331, 151]], [[330, 152]], [[329, 152]], [[328, 153]], [[327, 154]], [[326, 155]], [[325, 156]], [[324, 157]], [[323, 158]], [[323, 159]], [[322, 160]], [[322, 161]], [[321, 162]], [[321, 163]], [[320, 164]], [[320, 165]], [[320, 166]], [[319, 167]], [[318, 168]], [[317, 168]], [[316, 168]], [[315, 168]], [[314, 167]], [[314, 166]], [[314, 165]], [[314, 164]], [[314, 163]], [[313, 162]], [[313, 161]], [[312, 160]], [[312, 159]], [[312, 158]], [[311, 157]], [[310, 156]], [[309, 156]], [[308, 156]], [[307, 156]], [[306, 155]], [[306, 154]], [[306, 153]], [[305, 152]], [[305, 151]], [[305, 150]], [[304, 149]], [[303, 148]], [[302, 148]], [[301, 148]], [[300, 148]], [[299, 147]], [[298, 147]], [[297, 147]], [[296, 147]], [[295, 146]], [[294, 145]], [[293, 145]], [[292, 145]], [[291, 145]], [[290, 145]], [[289, 145]], [[288, 145]], [[287, 144]]]",[[]],[]
144,144,"[[[113, 144]], [[112, 145]], [[111, 145]], [[110, 145]], [[109, 145]], [[108, 145]], [[107, 145]], [[106, 145]], [[105, 145]], [[104, 145]], [[103, 146]], [[103, 147]], [[102, 148]], [[101, 149]], [[100, 150]], [[99, 151]], [[98, 152]], [[97, 152]], [[97, 153]], [[96, 154]], [[96, 155]], [[95, 156]], [[96, 157]], [[96, 158]], [[97, 159]], [[97, 160]], [[98, 161]], [[99, 162]], [[99, 163]], [[100, 164]], [[100, 165]], [[100, 166]], [[101, 167]], [[101, 168]], [[102, 169]], [[102, 170]], [[102, 171]], [[102, 172]], [[102, 173]], [[102, 174]], [[102, 175]], [[103, 176]], [[103, 177]], [[104, 177]], [[105, 178]], [[106, 178]], [[107, 178]], [[108, 178]], [[109, 178]], [[110, 179]], [[111, 179]], [[112, 179]], [[113, 178]], [[114, 178]], [[115, 178]], [[116, 178]], [[117, 178]], [[118, 178]], [[119, 177]], [[120, 176]], [[121, 176]], [[122, 175]], [[123, 175]], [[124, 175]], [[125, 174]], [[126, 174]], [[127, 173]], [[128, 172]], [[128, 171]], [[128, 170]], [[128, 169]], [[128, 168]], [[128, 167]], [[128, 166]], [[128, 165]], [[127, 164]], [[127, 163]], [[126, 162]], [[126, 161]], [[126, 160]], [[125, 159]], [[125, 158]], [[124, 157]], [[123, 156]], [[123, 155]], [[122, 154]], [[121, 153]], [[121, 152]], [[120, 151]], [[120, 150]], [[120, 149]], [[119, 148]], [[118, 147]], [[117, 146]], [[116, 145]], [[115, 145]], [[114, 145]]]",[[]],[]
145,145,"[[[225, 143]], [[224, 144]], [[223, 144]], [[222, 144]], [[221, 144]], [[220, 144]], [[219, 145]], [[218, 146]], [[217, 146]], [[216, 146]], [[215, 147]], [[214, 147]], [[213, 148]], [[212, 148]], [[211, 149]], [[210, 149]], [[209, 149]], [[208, 149]], [[207, 150]], [[206, 151]], [[205, 152]], [[204, 153]], [[203, 154]], [[202, 155]], [[201, 156]], [[200, 157]], [[199, 158]], [[198, 159]], [[197, 160]], [[196, 160]], [[195, 161]], [[195, 162]], [[194, 163]], [[193, 164]], [[193, 165]], [[193, 166]], [[193, 167]], [[193, 168]], [[193, 169]], [[193, 170]], [[193, 171]], [[193, 172]], [[193, 173]], [[194, 174]], [[194, 175]], [[195, 176]], [[196, 177]], [[197, 178]], [[198, 179]], [[199, 180]], [[200, 181]], [[201, 182]], [[202, 182]], [[203, 183]], [[203, 184]], [[204, 184]], [[205, 185]], [[206, 185]], [[207, 186]], [[208, 186]], [[209, 186]], [[210, 187]], [[211, 187]], [[212, 187]], [[213, 186]], [[214, 186]], [[215, 185]], [[216, 185]], [[217, 185]], [[217, 184]], [[218, 183]], [[219, 182]], [[220, 183]], [[221, 184]], [[222, 184]], [[223, 183]], [[224, 183]], [[225, 183]], [[225, 182]], [[226, 181]], [[227, 180]], [[228, 180]], [[229, 179]], [[230, 179]], [[231, 178]], [[232, 177]], [[233, 176]], [[233, 175]], [[234, 174]], [[234, 173]], [[235, 172]], [[235, 171]], [[236, 170]], [[236, 169]], [[237, 168]], [[237, 167]], [[238, 166]], [[238, 165]], [[238, 164]], [[239, 163]], [[239, 162]], [[240, 161]], [[240, 160]], [[239, 159]], [[239, 158]], [[239, 157]], [[239, 156]], [[239, 155]], [[239, 154]], [[238, 153]], [[238, 152]], [[238, 151]], [[237, 150]], [[236, 149]], [[236, 148]], [[235, 148]], [[234, 147]], [[234, 146]], [[233, 145]], [[232, 145]], [[231, 144]], [[230, 144]], [[229, 143]], [[228, 143]], [[227, 143]], [[226, 143]]]",[[]],[]
146,146,"[[[800, 136]], [[799, 137]], [[798, 137]], [[797, 137]], [[796, 137]], [[795, 137]], [[794, 137]], [[793, 137]], [[792, 137]], [[791, 137]], [[790, 138]], [[789, 138]], [[788, 138]], [[788, 139]], [[787, 140]], [[787, 141]], [[786, 142]], [[786, 143]], [[786, 144]], [[785, 145]], [[785, 146]], [[785, 147]], [[785, 148]], [[785, 149]], [[784, 150]], [[784, 151]], [[783, 152]], [[783, 153]], [[783, 154]], [[782, 155]], [[781, 156]], [[780, 156]], [[779, 156]], [[778, 155]], [[779, 154]], [[778, 153]], [[777, 152]], [[776, 152]], [[775, 152]], [[774, 153]], [[774, 154]], [[773, 155]], [[772, 155]], [[771, 155]], [[770, 155]], [[769, 155]], [[768, 155]], [[767, 155]], [[766, 155]], [[765, 156]], [[764, 156]], [[763, 157]], [[763, 158]], [[763, 159]], [[763, 160]], [[763, 161]], [[763, 162]], [[763, 163]], [[763, 164]], [[763, 165]], [[763, 166]], [[763, 167]], [[763, 168]], [[762, 169]], [[762, 170]], [[762, 171]], [[762, 172]], [[762, 173]], [[762, 174]], [[762, 175]], [[762, 176]], [[762, 177]], [[762, 178]], [[762, 179]], [[761, 180]], [[761, 181]], [[760, 182]], [[760, 183]], [[760, 184]], [[761, 185]], [[761, 186]], [[761, 187]], [[761, 188]], [[761, 189]], [[761, 190]], [[762, 190]], [[763, 191]], [[764, 192]], [[765, 192]], [[766, 191]], [[767, 192]], [[767, 193]], [[768, 194]], [[769, 194]], [[770, 194]], [[771, 194]], [[772, 195]], [[773, 196]], [[774, 196]], [[775, 196]], [[776, 197]], [[777, 198]], [[778, 199]], [[778, 200]], [[778, 201]], [[779, 202]], [[779, 203]], [[780, 204]], [[781, 205]], [[782, 205]], [[783, 205]], [[784, 206]], [[785, 207]], [[786, 207]], [[787, 207]], [[788, 206]], [[789, 206]], [[790, 205]], [[791, 206]], [[792, 206]], [[793, 206]], [[794, 205]], [[795, 205]], [[796, 205]], [[797, 204]], [[798, 204]], [[799, 203]], [[800, 202]], [[801, 201]], [[801, 200]], [[802, 199]], [[802, 198]], [[803, 197]], [[804, 196]], [[805, 196]], [[805, 195]], [[806, 194]], [[807, 193]], [[807, 192]], [[808, 191]], [[809, 190]], [[810, 190]], [[811, 189]], [[812, 188]], [[813, 187]], [[814, 187]], [[815, 186]], [[816, 186]], [[817, 185]], [[818, 184]], [[819, 183]], [[820, 182]], [[821, 181]], [[821, 180]], [[821, 179]], [[822, 178]], [[822, 177]], [[823, 176]], [[823, 175]], [[824, 174]], [[823, 173]], [[823, 172]], [[823, 171]], [[823, 170]], [[822, 169]], [[822, 168]], [[821, 167]], [[820, 166]], [[819, 167]], [[818, 167]], [[817, 167]], [[816, 166]], [[815, 165]], [[814, 165]], [[813, 164]], [[812, 163]], [[813, 162]], [[813, 161]], [[813, 160]], [[813, 159]], [[814, 158]], [[814, 157]], [[814, 156]], [[814, 155]], [[814, 154]], [[814, 153]], [[814, 152]], [[814, 151]], [[814, 150]], [[814, 149]], [[814, 148]], [[814, 147]], [[813, 146]], [[813, 145]], [[812, 144]], [[812, 143]], [[812, 142]], [[811, 141]], [[810, 140]], [[809, 140]], [[808, 139]], [[807, 139]], [[806, 138]], [[805, 138]], [[804, 138]], [[803, 137]], [[802, 137]], [[801, 137]]]",[[]],[]
147,147,"[[[563, 124]], [[563, 125]], [[562, 126]], [[561, 127]], [[560, 128]], [[559, 129]], [[558, 130]], [[557, 131]], [[557, 132]], [[557, 133]], [[556, 134]], [[556, 135]], [[556, 136]], [[555, 137]], [[555, 138]], [[555, 139]], [[554, 140]], [[554, 141]], [[554, 142]], [[555, 142]], [[556, 142]], [[557, 141]], [[558, 141]], [[559, 140]], [[560, 140]], [[561, 139]], [[562, 139]], [[563, 138]], [[564, 137]], [[565, 137]], [[566, 136]], [[566, 135]], [[567, 134]], [[567, 133]], [[567, 132]], [[567, 131]], [[567, 130]], [[567, 129]], [[568, 128]], [[568, 127]], [[568, 126]], [[567, 125]], [[567, 124]], [[566, 124]], [[565, 124]], [[564, 124]]]",[[]],[]
148,148,"[[[341, 123]], [[340, 124]], [[339, 124]], [[338, 124]], [[337, 124]], [[336, 124]], [[336, 125]], [[335, 126]], [[335, 127]], [[335, 128]], [[334, 129]], [[334, 130]], [[333, 131]], [[332, 132]], [[332, 133]], [[332, 134]], [[332, 135]], [[332, 136]], [[332, 137]], [[332, 138]], [[333, 139]], [[333, 140]], [[334, 141]], [[334, 142]], [[335, 143]], [[336, 143]], [[337, 143]], [[338, 144]], [[339, 144]], [[340, 144]], [[341, 145]], [[342, 145]], [[343, 145]], [[344, 145]], [[345, 146]], [[346, 146]], [[347, 146]], [[348, 146]], [[349, 146]], [[350, 146]], [[351, 146]], [[352, 146]], [[353, 146]], [[354, 146]], [[355, 146]], [[356, 145]], [[357, 145]], [[358, 144]], [[359, 144]], [[360, 144]], [[361, 143]], [[362, 143]], [[362, 142]], [[363, 141]], [[363, 140]], [[364, 139]], [[364, 138]], [[364, 137]], [[364, 136]], [[365, 135]], [[364, 134]], [[364, 133]], [[363, 132]], [[363, 131]], [[363, 130]], [[362, 130]], [[361, 130]], [[360, 130]], [[359, 129]], [[358, 129]], [[357, 128]], [[356, 127]], [[355, 126]], [[354, 126]], [[353, 125]], [[352, 125]], [[351, 124]], [[350, 124]], [[349, 124]], [[348, 124]], [[347, 124]], [[346, 124]], [[345, 123]], [[344, 123]], [[343, 123]], [[342, 123]]]",[[]],[]
149,149,"[[[500, 120]], [[499, 121]], [[498, 121]], [[497, 122]], [[496, 122]], [[495, 122]], [[494, 123]], [[493, 124]], [[492, 125]], [[491, 126]], [[490, 126]], [[489, 127]], [[488, 128]], [[487, 128]], [[486, 129]], [[486, 130]], [[485, 131]], [[484, 132]], [[484, 133]], [[484, 134]], [[483, 135]], [[483, 136]], [[482, 137]], [[482, 138]], [[482, 139]], [[481, 140]], [[481, 141]], [[481, 142]], [[481, 143]], [[480, 144]], [[480, 145]], [[480, 146]], [[480, 147]], [[481, 148]], [[481, 149]], [[481, 150]], [[481, 151]], [[481, 152]], [[482, 153]], [[482, 154]], [[482, 155]], [[483, 156]], [[483, 157]], [[484, 158]], [[484, 159]], [[485, 160]], [[485, 161]], [[486, 162]], [[486, 163]], [[487, 164]], [[487, 165]], [[487, 166]], [[488, 167]], [[489, 168]], [[489, 169]], [[489, 170]], [[489, 171]], [[489, 172]], [[489, 173]], [[489, 174]], [[488, 175]], [[488, 176]], [[488, 177]], [[488, 178]], [[488, 179]], [[489, 180]], [[489, 181]], [[489, 182]], [[489, 183]], [[490, 184]], [[490, 185]], [[490, 186]], [[491, 187]], [[492, 187]], [[493, 188]], [[494, 188]], [[495, 189]], [[496, 189]], [[497, 189]], [[498, 189]], [[499, 189]], [[500, 189]], [[501, 189]], [[502, 190]], [[503, 189]], [[504, 189]], [[505, 189]], [[506, 189]], [[507, 189]], [[508, 190]], [[509, 190]], [[510, 190]], [[511, 190]], [[512, 190]], [[513, 190]], [[514, 190]], [[515, 190]], [[516, 190]], [[517, 189]], [[518, 189]], [[519, 189]], [[520, 189]], [[521, 189]], [[522, 190]], [[523, 191]], [[524, 192]], [[525, 193]], [[526, 192]], [[527, 192]], [[528, 193]], [[529, 193]], [[530, 193]], [[531, 194]], [[532, 194]], [[533, 193]], [[534, 193]], [[535, 193]], [[536, 193]], [[537, 192]], [[537, 191]], [[538, 190]], [[539, 190]], [[540, 191]], [[541, 191]], [[542, 192]], [[543, 192]], [[544, 192]], [[545, 193]], [[546, 192]], [[547, 193]], [[548, 192]], [[549, 192]], [[550, 191]], [[551, 190]], [[552, 189]], [[553, 189]], [[554, 188]], [[555, 187]], [[556, 186]], [[556, 185]], [[556, 184]], [[556, 183]], [[556, 182]], [[555, 181]], [[555, 180]], [[554, 179]], [[554, 178]], [[553, 177]], [[553, 176]], [[552, 175]], [[551, 174]], [[550, 173]], [[549, 172]], [[548, 171]], [[548, 170]], [[548, 169]], [[547, 168]], [[547, 167]], [[546, 166]], [[545, 166]], [[544, 165]], [[544, 164]], [[544, 163]], [[543, 162]], [[542, 162]], [[541, 161]], [[541, 160]], [[541, 159]], [[540, 158]], [[540, 157]], [[540, 156]], [[540, 155]], [[540, 154]], [[540, 153]], [[540, 152]], [[541, 151]], [[542, 150]], [[542, 149]], [[543, 148]], [[543, 147]], [[544, 146]], [[544, 145]], [[544, 144]], [[545, 143]], [[545, 142]], [[545, 141]], [[545, 140]], [[545, 139]], [[544, 138]], [[544, 137]], [[544, 136]], [[545, 135]], [[545, 134]], [[545, 133]], [[545, 132]], [[544, 131]], [[544, 130]], [[543, 129]], [[543, 128]], [[542, 128]], [[541, 127]], [[540, 127]], [[539, 127]], [[538, 127]], [[537, 127]], [[536, 128]], [[535, 128]], [[534, 128]], [[533, 127]], [[532, 126]], [[531, 125]], [[530, 124]], [[529, 123]], [[528, 122]], [[527, 122]], [[526, 121]], [[525, 121]], [[524, 121]], [[523, 120]], [[522, 120]], [[521, 120]], [[520, 120]], [[519, 120]], [[518, 120]], [[517, 120]], [[516, 120]], [[515, 120]], [[514, 120]], [[513, 120]], [[512, 120]], [[511, 120]], [[510, 120]], [[509, 121]], [[508, 121]], [[507, 121]], [[506, 120]], [[505, 120]], [[504, 120]], [[503, 120]], [[502, 120]], [[501, 120]]]","[[], [[[487, 182], [487, 183], [487, 184], [488, 185], [488, 186], [489, 187], [489, 188], [490, 189], [491, 190], [492, 191], [492, 192], [493, 193], [493, 194], [494, 195], [495, 195], [496, 196], [496, 197], [497, 198], [498, 199], [498, 200], [498, 201], [499, 202], [499, 203], [500, 204], [500, 203], [501, 202], [502, 201], [503, 200], [504, 200], [504, 199], [504, 198], [504, 197], [503, 196], [502, 195], [501, 195], [500, 196], [499, 196], [498, 196], [497, 195], [496, 195], [495, 194], [494, 193], [494, 192], [493, 191], [492, 190], [492, 189], [491, 188], [490, 187], [489, 186], [489, 185], [488, 184], [487, 183]]], [[[544, 194], [543, 195], [543, 196], [542, 197], [541, 197], [540, 196], [539, 195], [538, 195], [537, 195], [536, 195], [536, 196], [536, 197], [536, 198], [536, 199], [537, 199], [538, 199], [539, 198], [540, 198], [541, 199], [542, 199], [543, 199], [544, 200], [545, 201], [546, 202], [547, 201], [548, 201], [548, 200], [547, 200], [546, 199], [545, 198], [544, 198], [543, 198], [542, 197], [543, 196], [544, 196], [545, 195], [545, 194]]], [[[547, 152], [547, 153], [547, 154], [547, 155], [547, 156], [548, 157], [548, 158], [548, 159], [548, 160], [548, 161], [548, 162], [548, 163], [548, 164], [548, 165], [548, 166], [548, 167], [549, 168], [550, 168], [551, 169], [552, 170], [552, 171], [551, 172], [552, 173], [553, 174], [554, 175], [554, 176], [555, 177], [555, 178], [556, 179], [556, 180], [556, 181], [557, 182], [557, 183], [557, 184], [558, 185], [558, 186], [558, 185], [558, 184], [558, 183], [558, 182], [558, 181], [557, 180], [557, 179], [556, 178], [556, 177], [555, 176], [555, 175], [556, 174], [557, 174], [557, 173], [557, 172], [556, 171], [556, 170], [556, 169], [557, 168], [556, 167], [555, 166], [554, 165], [553, 164], [552, 163], [551, 163], [550, 163], [549, 162], [549, 161], [549, 160], [549, 159], [549, 158], [548, 157], [548, 156], [548, 155], [548, 154], [548, 153]]]]","[[], 123, 127, 124]"
150,150,"[[[759, 110]], [[758, 111]], [[757, 111]], [[756, 112]], [[755, 112]], [[754, 112]], [[753, 113]], [[752, 114]], [[751, 114]], [[751, 115]], [[750, 116]], [[749, 117]], [[748, 118]], [[747, 118]], [[746, 119]], [[745, 120]], [[744, 121]], [[743, 121]], [[742, 122]], [[741, 122]], [[740, 123]], [[739, 123]], [[738, 124]], [[737, 124]], [[736, 125]], [[735, 125]], [[734, 126]], [[733, 126]], [[732, 127]], [[731, 128]], [[730, 129]], [[729, 129]], [[728, 130]], [[728, 131]], [[727, 132]], [[726, 133]], [[725, 134]], [[724, 135]], [[724, 136]], [[724, 137]], [[723, 138]], [[723, 139]], [[722, 140]], [[722, 141]], [[721, 142]], [[721, 143]], [[721, 144]], [[721, 145]], [[720, 146]], [[720, 147]], [[719, 148]], [[719, 149]], [[719, 150]], [[718, 151]], [[718, 152]], [[718, 153]], [[717, 154]], [[717, 155]], [[717, 156]], [[717, 157]], [[717, 158]], [[717, 159]], [[718, 160]], [[719, 161]], [[720, 161]], [[721, 161]], [[722, 161]], [[723, 161]], [[724, 161]], [[725, 161]], [[726, 161]], [[727, 161]], [[728, 161]], [[729, 161]], [[730, 161]], [[731, 162]], [[731, 163]], [[732, 164]], [[733, 165]], [[734, 165]], [[735, 166]], [[736, 166]], [[737, 166]], [[738, 166]], [[739, 166]], [[740, 166]], [[741, 166]], [[742, 165]], [[743, 165]], [[744, 164]], [[744, 163]], [[745, 162]], [[746, 161]], [[747, 160]], [[748, 159]], [[748, 158]], [[749, 157]], [[749, 156]], [[749, 155]], [[750, 154]], [[750, 153]], [[750, 152]], [[751, 151]], [[751, 150]], [[752, 149]], [[752, 148]], [[753, 147]], [[754, 146]], [[754, 145]], [[755, 144]], [[756, 143]], [[756, 142]], [[757, 141]], [[758, 140]], [[759, 139]], [[760, 138]], [[761, 137]], [[762, 136]], [[763, 135]], [[763, 134]], [[764, 133]], [[765, 133]], [[766, 132]], [[767, 131]], [[768, 130]], [[768, 129]], [[768, 128]], [[769, 127]], [[770, 127]], [[770, 126]], [[770, 125]], [[770, 124]], [[769, 123]], [[769, 122]], [[769, 121]], [[769, 120]], [[769, 119]], [[769, 118]], [[769, 117]], [[768, 116]], [[767, 115]], [[766, 114]], [[765, 113]], [[764, 112]], [[763, 111]], [[762, 111]], [[761, 111]], [[760, 110]]]","[[], [[[715, 160], [715, 161], [715, 162], [715, 163], [716, 164], [717, 164], [718, 165], [719, 166], [719, 167], [720, 168], [721, 169], [721, 170], [722, 171], [722, 172], [723, 172], [723, 171], [723, 170], [722, 169], [722, 168], [721, 167], [721, 166], [720, 165], [719, 164], [719, 163], [718, 162], [718, 161], [717, 161], [716, 161]]]]","[[], 129]"
151,151,"[[[475, 91]], [[474, 92]], [[473, 92]], [[472, 92]], [[471, 92]], [[470, 92]], [[469, 92]], [[468, 92]], [[467, 92]], [[466, 92]], [[465, 92]], [[464, 92]], [[463, 92]], [[462, 92]], [[461, 92]], [[460, 93]], [[459, 93]], [[458, 93]], [[457, 93]], [[456, 93]], [[455, 93]], [[454, 94]], [[453, 94]], [[452, 94]], [[451, 94]], [[450, 94]], [[449, 95]], [[448, 95]], [[447, 95]], [[446, 95]], [[445, 95]], [[444, 95]], [[443, 95]], [[442, 95]], [[441, 95]], [[440, 96]], [[439, 96]], [[438, 96]], [[437, 96]], [[436, 96]], [[435, 96]], [[434, 96]], [[433, 96]], [[432, 97]], [[431, 97]], [[430, 97]], [[429, 97]], [[428, 97]], [[427, 97]], [[426, 97]], [[425, 98]], [[424, 98]], [[423, 98]], [[422, 98]], [[421, 98]], [[420, 98]], [[419, 98]], [[418, 99]], [[417, 99]], [[416, 99]], [[415, 99]], [[414, 99]], [[413, 99]], [[412, 99]], [[411, 100]], [[410, 100]], [[409, 100]], [[408, 100]], [[407, 100]], [[406, 100]], [[405, 100]], [[404, 100]], [[403, 100]], [[402, 100]], [[401, 101]], [[400, 102]], [[399, 102]], [[398, 103]], [[397, 104]], [[396, 105]], [[396, 106]], [[396, 107]], [[396, 108]], [[396, 109]], [[396, 110]], [[396, 111]], [[396, 112]], [[396, 113]], [[396, 114]], [[396, 115]], [[396, 116]], [[396, 117]], [[396, 118]], [[396, 119]], [[395, 120]], [[394, 120]], [[394, 121]], [[393, 122]], [[392, 123]], [[391, 124]], [[391, 125]], [[390, 126]], [[390, 127]], [[390, 128]], [[389, 129]], [[389, 130]], [[389, 131]], [[389, 132]], [[389, 133]], [[389, 134]], [[388, 135]], [[388, 136]], [[388, 137]], [[388, 138]], [[389, 139]], [[390, 140]], [[391, 141]], [[392, 142]], [[393, 143]], [[393, 144]], [[394, 145]], [[395, 146]], [[396, 146]], [[397, 146]], [[398, 147]], [[399, 147]], [[400, 147]], [[401, 147]], [[402, 147]], [[403, 146]], [[404, 146]], [[405, 145]], [[405, 144]], [[406, 143]], [[406, 142]], [[407, 141]], [[408, 140]], [[409, 139]], [[409, 138]], [[409, 137]], [[409, 136]], [[410, 135]], [[411, 135]], [[412, 136]], [[413, 135]], [[414, 134]], [[415, 134]], [[416, 134]], [[417, 135]], [[418, 135]], [[419, 134]], [[420, 134]], [[421, 134]], [[422, 133]], [[423, 133]], [[424, 134]], [[425, 134]], [[426, 133]], [[427, 133]], [[428, 133]], [[429, 132]], [[430, 132]], [[431, 132]], [[432, 132]], [[433, 132]], [[434, 132]], [[435, 132]], [[436, 131]], [[437, 131]], [[438, 131]], [[439, 131]], [[440, 131]], [[441, 130]], [[442, 130]], [[443, 131]], [[443, 132]], [[442, 133]], [[441, 134]], [[441, 135]], [[442, 136]], [[443, 137]], [[443, 138]], [[444, 138]], [[445, 138]], [[446, 138]], [[447, 137]], [[448, 137]], [[449, 136]], [[450, 136]], [[451, 135]], [[452, 134]], [[453, 133]], [[453, 132]], [[453, 131]], [[454, 130]], [[455, 129]], [[456, 128]], [[457, 128]], [[458, 128]], [[459, 128]], [[460, 128]], [[461, 128]], [[462, 127]], [[463, 127]], [[464, 127]], [[465, 126]], [[466, 126]], [[467, 125]], [[468, 124]], [[469, 124]], [[470, 123]], [[471, 122]], [[472, 122]], [[473, 121]], [[474, 120]], [[475, 119]], [[476, 119]], [[477, 119]], [[478, 119]], [[479, 119]], [[480, 118]], [[481, 117]], [[482, 117]], [[483, 117]], [[484, 117]], [[485, 118]], [[486, 118]], [[487, 118]], [[488, 117]], [[489, 116]], [[489, 115]], [[489, 114]], [[489, 113]], [[490, 112]], [[491, 111]], [[491, 110]], [[491, 109]], [[491, 108]], [[490, 107]], [[490, 106]], [[490, 105]], [[490, 104]], [[490, 103]], [[489, 102]], [[489, 101]], [[489, 100]], [[489, 99]], [[488, 98]], [[487, 98]], [[486, 98]], [[485, 98]], [[484, 97]], [[483, 96]], [[482, 95]], [[482, 94]], [[481, 94]], [[480, 93]], [[480, 92]], [[479, 92]], [[478, 92]], [[477, 92]], [[476, 91]]]","[[], [[[394, 109], [394, 110], [393, 111], [392, 112], [392, 113], [392, 114], [392, 115], [392, 116], [393, 117], [393, 118], [392, 119], [392, 120], [391, 121], [390, 121], [389, 122], [389, 123], [389, 124], [390, 123], [391, 122], [391, 121], [392, 120], [393, 120], [394, 119], [395, 119], [395, 118], [395, 117], [395, 116], [395, 115], [395, 114], [395, 113], [395, 112], [394, 111], [395, 110], [395, 109]]]]","[[], 130]"
152,152,"[[[183, 88]], [[182, 89]], [[181, 89]], [[180, 90]], [[179, 91]], [[178, 92]], [[177, 92]], [[177, 93]], [[176, 94]], [[176, 95]], [[175, 96]], [[175, 97]], [[174, 98]], [[175, 99]], [[175, 100]], [[176, 101]], [[177, 102]], [[178, 102]], [[179, 103]], [[180, 104]], [[181, 104]], [[182, 104]], [[183, 104]], [[184, 103]], [[185, 103]], [[186, 102]], [[187, 101]], [[188, 100]], [[189, 99]], [[190, 99]], [[190, 98]], [[191, 97]], [[191, 96]], [[192, 95]], [[193, 94]], [[193, 93]], [[193, 92]], [[193, 91]], [[192, 91]], [[191, 90]], [[190, 90]], [[189, 89]], [[188, 89]], [[187, 88]], [[186, 88]], [[185, 88]], [[184, 88]]]",[],[]
153,153,"[[[618, 79]], [[617, 80]], [[616, 80]], [[615, 81]], [[614, 82]], [[613, 83]], [[612, 84]], [[611, 84]], [[610, 83]], [[609, 83]], [[608, 82]], [[607, 82]], [[606, 83]], [[605, 84]], [[604, 85]], [[604, 86]], [[603, 87]], [[602, 88]], [[602, 89]], [[602, 90]], [[602, 91]], [[601, 92]], [[601, 93]], [[600, 94]], [[600, 95]], [[599, 96]], [[598, 96]], [[598, 97]], [[597, 98]], [[596, 99]], [[596, 100]], [[595, 101]], [[594, 102]], [[593, 103]], [[593, 104]], [[593, 105]], [[592, 106]], [[592, 107]], [[592, 108]], [[591, 109]], [[591, 110]], [[591, 111]], [[591, 112]], [[591, 113]], [[591, 114]], [[591, 115]], [[591, 116]], [[591, 117]], [[592, 118]], [[592, 119]], [[592, 120]], [[592, 121]], [[593, 122]], [[593, 123]], [[593, 124]], [[594, 125]], [[595, 126]], [[595, 127]], [[596, 128]], [[597, 129]], [[598, 130]], [[599, 131]], [[599, 132]], [[600, 133]], [[601, 134]], [[602, 134]], [[603, 135]], [[604, 136]], [[605, 136]], [[606, 137]], [[607, 138]], [[608, 138]], [[609, 138]], [[610, 138]], [[611, 139]], [[612, 140]], [[613, 141]], [[614, 141]], [[615, 141]], [[616, 140]], [[617, 140]], [[618, 140]], [[619, 140]], [[620, 139]], [[621, 139]], [[622, 139]], [[623, 138]], [[624, 137]], [[625, 137]], [[626, 136]], [[627, 135]], [[628, 134]], [[629, 133]], [[630, 132]], [[631, 132]], [[632, 131]], [[633, 130]], [[634, 129]], [[635, 128]], [[636, 127]], [[636, 126]], [[637, 125]], [[637, 124]], [[638, 123]], [[639, 122]], [[639, 121]], [[640, 120]], [[640, 119]], [[640, 118]], [[641, 117]], [[642, 116]], [[642, 115]], [[643, 114]], [[644, 114]], [[644, 113]], [[645, 112]], [[645, 111]], [[646, 110]], [[646, 109]], [[646, 108]], [[646, 107]], [[646, 106]], [[646, 105]], [[647, 104]], [[648, 103]], [[648, 102]], [[648, 101]], [[648, 100]], [[648, 99]], [[648, 98]], [[647, 97]], [[647, 96]], [[647, 95]], [[646, 94]], [[646, 93]], [[646, 92]], [[645, 91]], [[644, 90]], [[643, 89]], [[642, 88]], [[641, 87]], [[640, 87]], [[639, 86]], [[638, 86]], [[637, 86]], [[636, 86]], [[635, 86]], [[634, 86]], [[633, 86]], [[632, 86]], [[631, 86]], [[630, 86]], [[629, 86]], [[628, 86]], [[627, 85]], [[627, 84]], [[627, 83]], [[626, 82]], [[625, 81]], [[625, 80]], [[624, 80]], [[623, 79]], [[622, 79]], [[621, 79]], [[620, 79]], [[619, 79]]]",[[]],[]
154,154,"[[[340, 63]], [[339, 64]], [[338, 64]], [[337, 64]], [[336, 64]], [[336, 65]], [[335, 66]], [[335, 67]], [[335, 68]], [[334, 69]], [[334, 70]], [[334, 71]], [[334, 72]], [[334, 73]], [[335, 73]], [[336, 74]], [[337, 74]], [[338, 74]], [[339, 74]], [[340, 74]], [[341, 74]], [[342, 74]], [[343, 75]], [[344, 75]], [[345, 76]], [[346, 77]], [[347, 78]], [[348, 79]], [[347, 80]], [[347, 81]], [[346, 82]], [[345, 83]], [[344, 84]], [[343, 83]], [[342, 84]], [[341, 85]], [[341, 86]], [[341, 87]], [[341, 88]], [[341, 89]], [[341, 90]], [[342, 90]], [[343, 91]], [[343, 92]], [[344, 92]], [[345, 92]], [[346, 92]], [[347, 91]], [[348, 91]], [[348, 90]], [[348, 89]], [[348, 88]], [[348, 87]], [[349, 86]], [[350, 86]], [[351, 86]], [[352, 86]], [[353, 85]], [[354, 86]], [[355, 86]], [[356, 85]], [[357, 86]], [[358, 85]], [[359, 84]], [[360, 83]], [[360, 82]], [[361, 81]], [[362, 80]], [[363, 79]], [[363, 78]], [[363, 77]], [[363, 76]], [[364, 75]], [[364, 74]], [[363, 74]], [[362, 73]], [[361, 72]], [[360, 72]], [[359, 71]], [[358, 70]], [[357, 69]], [[356, 68]], [[356, 67]], [[355, 66]], [[354, 65]], [[353, 65]], [[352, 65]], [[351, 64]], [[350, 63]], [[349, 63]], [[348, 63]], [[347, 63]], [[346, 64]], [[345, 65]], [[344, 65]], [[343, 64]], [[342, 63]], [[341, 63]]]",[[]],[]
155,155,"[[[242, 63]], [[241, 64]], [[240, 64]], [[239, 64]], [[238, 65]], [[237, 65]], [[236, 65]], [[235, 65]], [[234, 65]], [[233, 66]], [[233, 67]], [[232, 68]], [[231, 69]], [[230, 70]], [[230, 71]], [[230, 72]], [[229, 73]], [[229, 74]], [[228, 75]], [[228, 76]], [[227, 77]], [[226, 78]], [[225, 79]], [[224, 80]], [[224, 81]], [[223, 82]], [[222, 83]], [[222, 84]], [[222, 85]], [[222, 86]], [[222, 87]], [[222, 88]], [[222, 89]], [[222, 90]], [[222, 91]], [[222, 92]], [[223, 93]], [[224, 94]], [[225, 95]], [[225, 96]], [[226, 96]], [[227, 96]], [[228, 96]], [[229, 96]], [[230, 96]], [[231, 97]], [[232, 97]], [[233, 97]], [[234, 97]], [[235, 98]], [[236, 98]], [[237, 98]], [[238, 98]], [[239, 98]], [[240, 98]], [[241, 98]], [[242, 99]], [[243, 100]], [[244, 100]], [[245, 101]], [[246, 101]], [[247, 101]], [[248, 101]], [[249, 102]], [[250, 103]], [[251, 103]], [[252, 104]], [[253, 105]], [[254, 105]], [[255, 105]], [[256, 105]], [[257, 105]], [[258, 104]], [[259, 104]], [[260, 104]], [[261, 103]], [[262, 102]], [[263, 101]], [[264, 101]], [[265, 102]], [[265, 103]], [[265, 104]], [[265, 105]], [[264, 106]], [[264, 107]], [[265, 108]], [[266, 109]], [[267, 110]], [[268, 110]], [[269, 111]], [[270, 112]], [[271, 112]], [[272, 113]], [[273, 114]], [[274, 114]], [[275, 114]], [[276, 114]], [[277, 113]], [[278, 112]], [[279, 111]], [[280, 110]], [[280, 109]], [[280, 108]], [[280, 107]], [[280, 106]], [[281, 105]], [[281, 104]], [[281, 103]], [[280, 102]], [[280, 101]], [[280, 100]], [[280, 99]], [[280, 98]], [[279, 97]], [[279, 96]], [[279, 95]], [[278, 94]], [[277, 94]], [[276, 94]], [[275, 94]], [[274, 94]], [[273, 94]], [[272, 94]], [[271, 94]], [[271, 95]], [[270, 96]], [[269, 97]], [[268, 97]], [[267, 98]], [[266, 97]], [[266, 96]], [[266, 95]], [[266, 94]], [[266, 93]], [[266, 92]], [[266, 91]], [[266, 90]], [[266, 89]], [[266, 88]], [[265, 87]], [[265, 86]], [[265, 85]], [[265, 84]], [[266, 83]], [[266, 82]], [[266, 81]], [[266, 80]], [[266, 79]], [[265, 78]], [[265, 77]], [[265, 76]], [[264, 75]], [[264, 74]], [[263, 73]], [[263, 72]], [[262, 71]], [[261, 70]], [[260, 69]], [[259, 69]], [[258, 68]], [[257, 68]], [[256, 67]], [[255, 67]], [[254, 66]], [[253, 66]], [[252, 66]], [[251, 66]], [[250, 66]], [[249, 65]], [[248, 64]], [[247, 64]], [[246, 64]], [[245, 64]], [[244, 64]], [[243, 63]]]","[[[[238, 61], [237, 62], [236, 62], [235, 62], [234, 62], [233, 62], [232, 62], [231, 62], [231, 63], [232, 63], [233, 64], [234, 64], [235, 64], [236, 64], [237, 64], [238, 64], [239, 63], [240, 63], [241, 63], [242, 62], [243, 62], [244, 63], [245, 63], [245, 62], [244, 61], [243, 61], [242, 61], [241, 61], [240, 61], [239, 61]]], []]","[131, []]"
156,156,"[[[412, 59]], [[411, 60]], [[410, 60]], [[409, 60]], [[408, 60]], [[407, 61]], [[406, 62]], [[405, 63]], [[405, 64]], [[405, 65]], [[405, 66]], [[405, 67]], [[406, 67]], [[407, 68]], [[407, 69]], [[408, 70]], [[409, 71]], [[410, 71]], [[411, 71]], [[412, 71]], [[413, 71]], [[414, 71]], [[415, 71]], [[416, 71]], [[417, 71]], [[418, 71]], [[419, 70]], [[420, 70]], [[421, 69]], [[422, 69]], [[423, 68]], [[424, 67]], [[425, 66]], [[425, 65]], [[426, 64]], [[426, 63]], [[426, 62]], [[425, 62]], [[424, 62]], [[423, 61]], [[422, 61]], [[421, 61]], [[420, 61]], [[419, 61]], [[418, 61]], [[417, 60]], [[416, 60]], [[415, 60]], [[414, 60]], [[413, 59]]]",[],[]
157,157,"[[[435, 51]], [[434, 52]], [[433, 52]], [[432, 52]], [[431, 53]], [[431, 54]], [[430, 55]], [[430, 56]], [[430, 57]], [[429, 58]], [[429, 59]], [[429, 60]], [[428, 61]], [[428, 62]], [[428, 63]], [[429, 64]], [[430, 64]], [[431, 65]], [[432, 65]], [[433, 65]], [[434, 65]], [[435, 64]], [[436, 64]], [[437, 64]], [[438, 64]], [[439, 64]], [[440, 65]], [[441, 65]], [[442, 65]], [[443, 65]], [[444, 64]], [[445, 64]], [[446, 63]], [[447, 63]], [[448, 62]], [[449, 61]], [[449, 60]], [[449, 59]], [[450, 58]], [[450, 57]], [[450, 56]], [[450, 55]], [[450, 54]], [[449, 53]], [[448, 52]], [[447, 52]], [[446, 52]], [[445, 53]], [[444, 52]], [[443, 52]], [[442, 51]], [[441, 51]], [[440, 51]], [[439, 51]], [[438, 51]], [[437, 51]], [[436, 51]]]",[[]],[]
158,158,"[[[792, 45]], [[792, 46]], [[791, 47]], [[791, 48]], [[790, 49]], [[790, 50]], [[790, 51]], [[789, 52]], [[789, 53]], [[788, 54]], [[787, 55]], [[786, 55]], [[785, 56]], [[784, 57]], [[783, 58]], [[782, 59]], [[781, 60]], [[780, 60]], [[779, 60]], [[778, 61]], [[777, 61]], [[777, 62]], [[777, 63]], [[778, 64]], [[778, 65]], [[778, 66]], [[777, 67]], [[776, 68]], [[775, 69]], [[774, 69]], [[773, 68]], [[773, 67]], [[773, 66]], [[773, 65]], [[773, 64]], [[772, 65]], [[771, 64]], [[770, 64]], [[769, 63]], [[768, 63]], [[767, 64]], [[766, 64]], [[765, 65]], [[764, 66]], [[763, 67]], [[762, 68]], [[761, 69]], [[760, 70]], [[759, 70]], [[758, 70]], [[757, 70]], [[756, 69]], [[755, 68]], [[754, 68]], [[753, 67]], [[752, 66]], [[751, 67]], [[750, 67]], [[749, 67]], [[748, 68]], [[747, 69]], [[747, 70]], [[747, 71]], [[747, 72]], [[747, 73]], [[747, 74]], [[747, 75]], [[747, 76]], [[747, 77]], [[748, 78]], [[749, 79]], [[750, 80]], [[751, 80]], [[752, 81]], [[753, 81]], [[754, 80]], [[755, 80]], [[756, 79]], [[756, 78]], [[756, 77]], [[757, 76]], [[758, 75]], [[759, 74]], [[760, 75]], [[761, 76]], [[762, 76]], [[763, 77]], [[764, 77]], [[765, 77]], [[766, 77]], [[767, 76]], [[768, 77]], [[769, 77]], [[770, 76]], [[771, 76]], [[772, 75]], [[772, 74]], [[772, 73]], [[773, 72]], [[774, 72]], [[775, 73]], [[775, 74]], [[776, 75]], [[777, 76]], [[778, 77]], [[778, 78]], [[779, 79]], [[779, 80]], [[780, 80]], [[781, 81]], [[782, 82]], [[783, 83]], [[784, 84]], [[785, 84]], [[786, 85]], [[787, 86]], [[788, 86]], [[789, 86]], [[790, 87]], [[791, 87]], [[792, 88]], [[793, 88]], [[794, 88]], [[795, 89]], [[796, 89]], [[797, 89]], [[798, 88]], [[799, 88]], [[800, 88]], [[801, 88]], [[802, 88]], [[803, 88]], [[804, 88]], [[805, 88]], [[806, 88]], [[807, 88]], [[808, 87]], [[809, 86]], [[809, 85]], [[810, 84]], [[810, 83]], [[811, 82]], [[811, 81]], [[811, 80]], [[810, 79]], [[810, 78]], [[810, 77]], [[809, 76]], [[809, 75]], [[808, 74]], [[808, 73]], [[807, 72]], [[806, 71]], [[806, 70]], [[805, 69]], [[805, 68]], [[804, 67]], [[804, 66]], [[804, 65]], [[803, 64]], [[803, 63]], [[802, 62]], [[802, 61]], [[801, 60]], [[801, 59]], [[800, 58]], [[800, 57]], [[800, 56]], [[800, 55]], [[800, 56]], [[799, 57]], [[798, 56]], [[798, 55]], [[798, 54]], [[799, 53]], [[799, 52]], [[799, 51]], [[798, 50]], [[798, 49]], [[798, 48]], [[797, 47]], [[796, 46]], [[795, 46]], [[794, 45]], [[793, 45]]]",[[]],[]
159,159,"[[[244, 24]], [[243, 25]], [[242, 26]], [[241, 26]], [[240, 26]], [[239, 26]], [[238, 27]], [[237, 27]], [[237, 28]], [[236, 29]], [[235, 30]], [[235, 31]], [[234, 32]], [[234, 33]], [[235, 34]], [[235, 35]], [[234, 36]], [[234, 37]], [[233, 38]], [[232, 39]], [[232, 40]], [[231, 41]], [[230, 42]], [[230, 43]], [[230, 44]], [[230, 45]], [[230, 46]], [[231, 47]], [[231, 48]], [[231, 49]], [[231, 50]], [[231, 51]], [[231, 52]], [[231, 53]], [[231, 54]], [[231, 55]], [[231, 56]], [[232, 57]], [[232, 58]], [[232, 59]], [[232, 60]], [[233, 61]], [[234, 61]], [[235, 61]], [[236, 61]], [[237, 61]], [[238, 60]], [[239, 60]], [[240, 60]], [[241, 60]], [[242, 60]], [[243, 60]], [[244, 60]], [[245, 59]], [[246, 58]], [[247, 57]], [[247, 56]], [[248, 55]], [[249, 54]], [[250, 54]], [[251, 53]], [[252, 53]], [[253, 52]], [[254, 52]], [[255, 53]], [[256, 53]], [[257, 53]], [[258, 52]], [[259, 51]], [[260, 50]], [[261, 49]], [[262, 48]], [[263, 47]], [[264, 47]], [[265, 47]], [[266, 46]], [[266, 45]], [[266, 44]], [[266, 43]], [[266, 42]], [[266, 41]], [[267, 40]], [[267, 39]], [[267, 38]], [[267, 37]], [[267, 36]], [[266, 35]], [[266, 34]], [[265, 33]], [[265, 32]], [[264, 32]], [[263, 32]], [[262, 32]], [[261, 32]], [[260, 31]], [[259, 30]], [[258, 29]], [[257, 28]], [[257, 27]], [[256, 26]], [[255, 25]], [[254, 25]], [[253, 26]], [[252, 26]], [[251, 26]], [[250, 27]], [[249, 26]], [[249, 25]], [[248, 24]], [[247, 24]], [[246, 24]], [[245, 24]]]","[[], [[[238, 61], [237, 62], [236, 62], [235, 62], [234, 62], [233, 62], [232, 62], [231, 62], [231, 63], [232, 63], [233, 64], [234, 64], [235, 64], [236, 64], [237, 64], [238, 64], [239, 63], [240, 63], [241, 63], [242, 62], [243, 62], [244, 63], [245, 63], [245, 62], [244, 61], [243, 61], [242, 61], [241, 61], [240, 61], [239, 61]]]]","[[], 131]"
160,160,"[[[585, 22]], [[584, 23]], [[583, 23]], [[582, 24]], [[581, 24]], [[580, 24]], [[579, 25]], [[578, 26]], [[577, 26]], [[576, 27]], [[575, 28]], [[574, 28]], [[573, 28]], [[572, 29]], [[571, 30]], [[570, 30]], [[569, 30]], [[568, 31]], [[567, 32]], [[567, 33]], [[567, 34]], [[567, 35]], [[567, 36]], [[567, 37]], [[566, 38]], [[566, 39]], [[567, 40]], [[567, 41]], [[567, 42]], [[567, 43]], [[567, 44]], [[567, 45]], [[566, 46]], [[566, 47]], [[567, 48]], [[568, 49]], [[569, 49]], [[570, 49]], [[571, 49]], [[572, 48]], [[573, 47]], [[574, 47]], [[575, 47]], [[575, 46]], [[576, 45]], [[577, 44]], [[578, 44]], [[579, 44]], [[580, 44]], [[581, 43]], [[580, 42]], [[581, 41]], [[582, 41]], [[583, 40]], [[584, 39]], [[585, 38]], [[586, 37]], [[587, 36]], [[588, 35]], [[589, 36]], [[589, 37]], [[589, 38]], [[589, 39]], [[588, 40]], [[588, 41]], [[588, 42]], [[588, 43]], [[588, 44]], [[588, 45]], [[588, 46]], [[588, 47]], [[589, 48]], [[590, 48]], [[591, 49]], [[592, 48]], [[593, 48]], [[594, 49]], [[595, 50]], [[596, 51]], [[597, 52]], [[598, 52]], [[599, 52]], [[600, 51]], [[601, 50]], [[602, 49]], [[603, 48]], [[604, 47]], [[605, 47]], [[606, 46]], [[607, 45]], [[608, 44]], [[608, 43]], [[609, 42]], [[609, 41]], [[609, 40]], [[609, 39]], [[609, 38]], [[609, 37]], [[609, 36]], [[610, 35]], [[610, 34]], [[610, 33]], [[610, 32]], [[610, 31]], [[610, 30]], [[610, 29]], [[609, 28]], [[608, 27]], [[607, 26]], [[606, 25]], [[605, 25]], [[604, 24]], [[603, 24]], [[602, 24]], [[601, 24]], [[600, 24]], [[599, 24]], [[598, 24]], [[597, 25]], [[596, 25]], [[595, 26]], [[594, 26]], [[594, 27]], [[593, 28]], [[592, 28]], [[591, 27]], [[590, 26]], [[590, 25]], [[589, 24]], [[589, 23]], [[588, 22]], [[587, 22]], [[586, 22]]]",[[]],[]
161,161,"[[[641, 10]], [[640, 11]], [[639, 12]], [[638, 12]], [[637, 12]], [[636, 13]], [[635, 14]], [[635, 15]], [[634, 16]], [[633, 17]], [[633, 18]], [[632, 19]], [[632, 20]], [[632, 21]], [[632, 22]], [[632, 23]], [[632, 24]], [[633, 25]], [[633, 26]], [[633, 27]], [[633, 28]], [[633, 29]], [[634, 30]], [[635, 31]], [[635, 32]], [[635, 33]], [[636, 34]], [[636, 35]], [[636, 36]], [[637, 37]], [[637, 38]], [[637, 39]], [[637, 40]], [[637, 41]], [[637, 42]], [[637, 43]], [[637, 44]], [[637, 45]], [[637, 46]], [[637, 47]], [[637, 48]], [[637, 49]], [[636, 50]], [[635, 50]], [[634, 49]], [[634, 48]], [[634, 47]], [[634, 46]], [[634, 45]], [[634, 44]], [[634, 43]], [[634, 42]], [[634, 41]], [[634, 40]], [[633, 39]], [[633, 38]], [[633, 37]], [[632, 36]], [[632, 35]], [[632, 34]], [[631, 33]], [[631, 32]], [[631, 31]], [[630, 31]], [[629, 31]], [[628, 30]], [[627, 30]], [[626, 30]], [[625, 30]], [[624, 30]], [[623, 31]], [[622, 32]], [[621, 32]], [[621, 33]], [[620, 34]], [[620, 35]], [[619, 36]], [[619, 37]], [[618, 38]], [[617, 39]], [[616, 40]], [[615, 41]], [[614, 40]], [[613, 41]], [[613, 42]], [[613, 43]], [[613, 44]], [[612, 45]], [[612, 46]], [[611, 47]], [[611, 48]], [[611, 49]], [[611, 50]], [[612, 51]], [[612, 52]], [[612, 53]], [[612, 54]], [[612, 55]], [[613, 56]], [[613, 57]], [[613, 58]], [[613, 59]], [[612, 60]], [[612, 61]], [[613, 62]], [[614, 62]], [[615, 62]], [[616, 62]], [[617, 63]], [[618, 62]], [[619, 62]], [[620, 62]], [[621, 63]], [[622, 64]], [[623, 64]], [[624, 64]], [[625, 65]], [[626, 65]], [[627, 66]], [[628, 67]], [[629, 68]], [[629, 69]], [[630, 70]], [[631, 71]], [[632, 71]], [[633, 72]], [[634, 72]], [[635, 73]], [[635, 74]], [[636, 74]], [[637, 75]], [[638, 75]], [[639, 76]], [[640, 76]], [[641, 75]], [[642, 75]], [[643, 74]], [[644, 74]], [[645, 74]], [[646, 73]], [[647, 73]], [[648, 73]], [[649, 73]], [[650, 73]], [[651, 73]], [[652, 73]], [[653, 73]], [[654, 72]], [[655, 72]], [[655, 71]], [[655, 70]], [[656, 69]], [[656, 68]], [[656, 67]], [[656, 66]], [[656, 65]], [[656, 64]], [[656, 63]], [[656, 62]], [[656, 61]], [[656, 60]], [[657, 59]], [[658, 60]], [[659, 60]], [[660, 59]], [[661, 59]], [[662, 58]], [[663, 58]], [[663, 57]], [[663, 56]], [[664, 55]], [[665, 55]], [[664, 54]], [[665, 53]], [[666, 52]], [[667, 51]], [[668, 51]], [[668, 50]], [[669, 49]], [[669, 48]], [[669, 47]], [[670, 46]], [[670, 45]], [[670, 44]], [[670, 43]], [[670, 42]], [[671, 41]], [[671, 40]], [[671, 39]], [[671, 38]], [[671, 37]], [[671, 36]], [[670, 35]], [[670, 34]], [[670, 33]], [[670, 32]], [[670, 31]], [[669, 30]], [[669, 29]], [[669, 28]], [[669, 27]], [[668, 26]], [[668, 25]], [[668, 24]], [[667, 23]], [[667, 22]], [[667, 21]], [[667, 20]], [[667, 19]], [[667, 18]], [[666, 17]], [[666, 16]], [[665, 16]], [[664, 16]], [[663, 15]], [[662, 15]], [[661, 14]], [[660, 14]], [[659, 14]], [[658, 13]], [[657, 13]], [[656, 13]], [[655, 13]], [[654, 12]], [[653, 12]], [[652, 12]], [[651, 11]], [[650, 11]], [[649, 10]], [[648, 10]], [[647, 10]], [[646, 10]], [[645, 10]], [[644, 11]], [[643, 10]], [[642, 10]]]","[[[[633, 7], [633, 8], [634, 9], [635, 10], [635, 11], [635, 12], [634, 13], [633, 13], [633, 14], [632, 15], [632, 16], [631, 17], [631, 18], [630, 19], [630, 20], [629, 21], [629, 22], [630, 23], [630, 24], [631, 24], [631, 23], [631, 22], [631, 21], [631, 20], [631, 19], [632, 18], [632, 17], [633, 16], [633, 15], [634, 14], [635, 13], [636, 12], [637, 11], [638, 11], [638, 10], [638, 9], [637, 9], [636, 8], [635, 8], [634, 8]]], []]","[133, []]"
162,162,"[[[756, 9]], [[755, 10]], [[755, 11]], [[754, 12]], [[753, 12]], [[753, 13]], [[753, 14]], [[753, 15]], [[753, 16]], [[753, 17]], [[753, 18]], [[753, 19]], [[753, 20]], [[753, 21]], [[753, 22]], [[753, 23]], [[753, 24]], [[753, 25]], [[753, 26]], [[753, 27]], [[754, 27]], [[755, 27]], [[756, 27]], [[757, 28]], [[758, 27]], [[759, 28]], [[760, 28]], [[761, 27]], [[762, 26]], [[763, 25]], [[764, 24]], [[765, 23]], [[766, 22]], [[766, 21]], [[767, 20]], [[767, 19]], [[767, 18]], [[767, 17]], [[767, 16]], [[767, 15]], [[767, 14]], [[767, 13]], [[767, 12]], [[766, 11]], [[765, 10]], [[764, 10]], [[763, 10]], [[762, 10]], [[761, 9]], [[760, 9]], [[759, 9]], [[758, 9]], [[757, 9]]]","[[[[769, 3], [769, 4], [769, 5], [768, 6], [767, 6], [766, 6], [766, 7], [766, 8], [766, 9], [767, 10], [768, 11], [769, 12], [769, 13], [769, 14], [769, 15], [769, 16], [770, 16], [770, 15], [771, 14], [772, 13], [773, 13], [773, 12], [773, 11], [773, 10], [774, 9], [775, 8], [775, 7], [775, 6], [775, 5], [774, 6], [773, 6], [772, 6], [771, 5], [771, 4], [770, 3]]]]",[134]
163,163,"[[[704, 9]], [[703, 10]], [[702, 11]], [[701, 12]], [[700, 13]], [[699, 14]], [[698, 14]], [[697, 15]], [[696, 15]], [[695, 16]], [[694, 16]], [[693, 17]], [[692, 17]], [[692, 18]], [[691, 19]], [[691, 20]], [[691, 21]], [[691, 22]], [[691, 23]], [[691, 24]], [[691, 25]], [[691, 26]], [[691, 27]], [[691, 28]], [[691, 29]], [[691, 30]], [[691, 31]], [[691, 32]], [[691, 33]], [[691, 34]], [[691, 35]], [[691, 36]], [[691, 37]], [[690, 38]], [[690, 39]], [[691, 40]], [[692, 41]], [[692, 42]], [[692, 43]], [[692, 44]], [[692, 45]], [[692, 46]], [[692, 47]], [[693, 48]], [[693, 49]], [[693, 50]], [[693, 51]], [[693, 52]], [[693, 53]], [[693, 54]], [[693, 55]], [[693, 56]], [[693, 57]], [[693, 58]], [[693, 59]], [[693, 60]], [[693, 61]], [[694, 62]], [[694, 63]], [[694, 64]], [[694, 65]], [[694, 66]], [[694, 67]], [[694, 68]], [[694, 69]], [[694, 70]], [[694, 71]], [[694, 72]], [[695, 73]], [[696, 74]], [[696, 75]], [[696, 76]], [[697, 77]], [[697, 78]], [[698, 79]], [[698, 80]], [[698, 81]], [[698, 82]], [[699, 83]], [[699, 84]], [[699, 85]], [[700, 85]], [[701, 85]], [[702, 84]], [[703, 84]], [[703, 83]], [[704, 82]], [[705, 82]], [[706, 81]], [[707, 81]], [[708, 82]], [[709, 81]], [[710, 81]], [[711, 81]], [[712, 81]], [[713, 81]], [[714, 81]], [[715, 81]], [[716, 80]], [[717, 80]], [[718, 79]], [[719, 78]], [[719, 77]], [[720, 76]], [[721, 75]], [[722, 74]], [[722, 73]], [[723, 72]], [[723, 71]], [[724, 70]], [[724, 69]], [[724, 68]], [[725, 67]], [[725, 66]], [[725, 65]], [[726, 64]], [[726, 63]], [[727, 62]], [[727, 61]], [[728, 60]], [[728, 59]], [[729, 58]], [[729, 57]], [[729, 56]], [[730, 55]], [[730, 54]], [[730, 53]], [[731, 52]], [[731, 51]], [[731, 50]], [[731, 49]], [[730, 48]], [[730, 47]], [[730, 46]], [[730, 45]], [[729, 45]], [[728, 44]], [[728, 43]], [[728, 42]], [[727, 41]], [[727, 40]], [[727, 39]], [[727, 38]], [[726, 37]], [[726, 36]], [[726, 35]], [[725, 34]], [[725, 33]], [[725, 32]], [[724, 31]], [[724, 30]], [[723, 29]], [[723, 28]], [[723, 27]], [[722, 26]], [[722, 25]], [[722, 24]], [[722, 23]], [[722, 22]], [[721, 21]], [[721, 20]], [[720, 19]], [[720, 18]], [[720, 17]], [[719, 16]], [[719, 15]], [[719, 14]], [[719, 13]], [[718, 12]], [[717, 11]], [[716, 11]], [[715, 10]], [[714, 10]], [[713, 10]], [[712, 10]], [[711, 10]], [[710, 9]], [[709, 9]], [[708, 9]], [[707, 9]], [[706, 9]], [[705, 9]]]","[[[[690, 11], [690, 12], [690, 13], [690, 14], [689, 15], [689, 16], [689, 17], [688, 18], [688, 19], [689, 20], [688, 21], [688, 22], [688, 23], [689, 24], [689, 25], [689, 26], [689, 27], [689, 28], [689, 29], [689, 30], [689, 29], [689, 28], [689, 27], [689, 26], [690, 25], [690, 24], [689, 23], [689, 22], [690, 21], [690, 20], [690, 19], [690, 18], [690, 17], [691, 16], [692, 15], [693, 14], [693, 13], [692, 13], [691, 12], [691, 11]]], []]","[135, []]"
